ISO-10303-21;
HEADER;
FILE_DESCRIPTION (( 'STEP AP214' ),
    '1' );
FILE_NAME ('gear hood.STEP',
    '2025-11-13T20:49:39',
    ( '' ),
    ( '' ),
    'SwSTEP 2.0',
    'SolidWorks 2025',
    '' );
FILE_SCHEMA (( 'AUTOMOTIVE_DESIGN' ));
ENDSEC;

DATA;
#1 = CARTESIAN_POINT ( 'NONE',  ( 63.43935890317201398, -115.9999999999996874, -6.456104795036194055 ) ) ;
#2 = CARTESIAN_POINT ( 'NONE',  ( 70.73140919045791009, -123.9999999999996589, -97.43045468254396724 ) ) ;
#3 = ORIENTED_EDGE ( 'NONE', *, *, #639, .F. ) ;
#4 = VECTOR ( 'NONE', #7129, 1000.000000000000000 ) ;
#5 = ORIENTED_EDGE ( 'NONE', *, *, #1422, .T. ) ;
#6 = AXIS2_PLACEMENT_3D ( 'NONE', #1479, #7363, #3249 ) ;
#7 = ORIENTED_EDGE ( 'NONE', *, *, #2521, .F. ) ;
#8 = EDGE_CURVE ( 'NONE', #2896, #5244, #3201, .T. ) ;
#9 = DIRECTION ( 'NONE',  ( -0.9172893902828921364, -0.000000000000000000, 0.3982212632123504070 ) ) ;
#10 = AXIS2_PLACEMENT_3D ( 'NONE', #6089, #6865, #1657 ) ;
#11 = CARTESIAN_POINT ( 'NONE',  ( 77.86696584561767054, 1.734723475976807094E-13, -44.24362543701655426 ) ) ;
#12 = DIRECTION ( 'NONE',  ( -0.8660254037844405950, 0.000000000000000000, 0.4999999999999965583 ) ) ;
#13 = ORIENTED_EDGE ( 'NONE', *, *, #4255, .F. ) ;
#14 = ORIENTED_EDGE ( 'NONE', *, *, #914, .T. ) ;
#15 = VERTEX_POINT ( 'NONE', #319 ) ;
#16 = ORIENTED_EDGE ( 'NONE', *, *, #6497, .T. ) ;
#17 = CARTESIAN_POINT ( 'NONE',  ( 78.58763409180296833, -115.9999999999996732, -18.24922596040279288 ) ) ;
#18 = CARTESIAN_POINT ( 'NONE',  ( 76.75940293603790110, -123.9999999999996589, -42.74312453674527035 ) ) ;
#19 = DIRECTION ( 'NONE',  ( 0.000000000000000000, -1.000000000000000000, 0.000000000000000000 ) ) ;
#20 = CARTESIAN_POINT ( 'NONE',  ( -98.67880131525888032, -129.9999999999998295, -49.49999999999999289 ) ) ;
#21 = DIRECTION ( 'NONE',  ( 0.000000000000000000, 0.000000000000000000, -1.000000000000000000 ) ) ;
#22 = VERTEX_POINT ( 'NONE', #1405 ) ;
#23 = ORIENTED_EDGE ( 'NONE', *, *, #5951, .T. ) ;
#24 = DIRECTION ( 'NONE',  ( 0.000000000000000000, 0.000000000000000000, -1.000000000000000000 ) ) ;
#25 = DIRECTION ( 'NONE',  ( -0.000000000000000000, 1.000000000000000000, -0.000000000000000000 ) ) ;
#26 = DIRECTION ( 'NONE',  ( -0.000000000000000000, 1.000000000000000000, -0.000000000000000000 ) ) ;
#27 = FACE_OUTER_BOUND ( 'NONE', #7307, .T. ) ;
#28 = CIRCLE ( 'NONE', #5935, 2.100000000000004530 ) ;
#29 = ADVANCED_FACE ( 'NONE', ( #826 ), #2634, .F. ) ;
#30 = EDGE_LOOP ( 'NONE', ( #1987, #1899, #3003, #7102 ) ) ;
#31 = VERTEX_POINT ( 'NONE', #7367 ) ;
#32 = DIRECTION ( 'NONE',  ( 0.000000000000000000, 1.000000000000000000, -0.000000000000000000 ) ) ;
#33 = DIRECTION ( 'NONE',  ( -0.000000000000000000, 1.000000000000000000, -0.000000000000000000 ) ) ;
#34 = DIRECTION ( 'NONE',  ( 0.000000000000000000, -1.000000000000000000, 0.000000000000000000 ) ) ;
#35 = FACE_OUTER_BOUND ( 'NONE', #1592, .T. ) ;
#36 = CARTESIAN_POINT ( 'NONE',  ( 75.04605660715174054, -16.00000000000000000, -17.62977697274386557 ) ) ;
#37 = EDGE_CURVE ( 'NONE', #6609, #6853, #3942, .T. ) ;
#38 = DIRECTION ( 'NONE',  ( -0.000000000000000000, -1.000000000000000000, -0.000000000000000000 ) ) ;
#39 = VERTEX_POINT ( 'NONE', #438 ) ;
#40 = ORIENTED_EDGE ( 'NONE', *, *, #5748, .F. ) ;
#41 = ORIENTED_EDGE ( 'NONE', *, *, #3568, .F. ) ;
#42 = CIRCLE ( 'NONE', #1149, 2.100000000000004530 ) ;
#43 = LINE ( 'NONE', #5449, #1706 ) ;
#44 = FACE_OUTER_BOUND ( 'NONE', #3392, .T. ) ;
#45 = DIRECTION ( 'NONE',  ( 0.000000000000000000, -1.000000000000000000, 0.000000000000000000 ) ) ;
#46 = EDGE_LOOP ( 'NONE', ( #5372, #7570, #5170, #3946 ) ) ;
#47 = EDGE_CURVE ( 'NONE', #7504, #2511, #5651, .T. ) ;
#48 = ADVANCED_FACE ( 'NONE', ( #6883, #2255 ), #6373, .T. ) ;
#49 = ORIENTED_EDGE ( 'NONE', *, *, #1836, .T. ) ;
#50 = VERTEX_POINT ( 'NONE', #5143 ) ;
#51 = EDGE_LOOP ( 'NONE', ( #7602, #6257, #370, #3073 ) ) ;
#52 = CARTESIAN_POINT ( 'NONE',  ( 75.97457085959857181, -123.9999999999996589, -93.04537389801937763 ) ) ;
#53 = DIRECTION ( 'NONE',  ( -0.000000000000000000, -1.000000000000000000, -0.000000000000000000 ) ) ;
#54 = DIRECTION ( 'NONE',  ( 0.9653003447619186161, 0.000000000000000000, -0.2611421919233292144 ) ) ;
#55 = DIRECTION ( 'NONE',  ( -6.039947564818625560E-14, 0.000000000000000000, 1.000000000000000000 ) ) ;
#56 = EDGE_CURVE ( 'NONE', #50, #7341, #1109, .T. ) ;
#57 = DIRECTION ( 'NONE',  ( 0.000000000000000000, 0.000000000000000000, 1.000000000000000000 ) ) ;
#58 = VECTOR ( 'NONE', #1530, 1000.000000000000000 ) ;
#59 = VERTEX_POINT ( 'NONE', #3366 ) ;
#60 = CIRCLE ( 'NONE', #3628, 71.39999999996429381 ) ;
#61 = VERTEX_POINT ( 'NONE', #7520 ) ;
#62 = DIRECTION ( 'NONE',  ( 0.000000000000000000, 0.000000000000000000, -1.000000000000000000 ) ) ;
#63 = CARTESIAN_POINT ( 'NONE',  ( 73.12199335486876350, -115.9999999999996874, -90.49419869544279038 ) ) ;
#64 = CARTESIAN_POINT ( 'NONE',  ( -98.67880131525888032, -14.00000000000000000, -49.49999999999999289 ) ) ;
#65 = VERTEX_POINT ( 'NONE', #1596 ) ;
#66 = EDGE_LOOP ( 'NONE', ( #407, #2826 ) ) ;
#67 = CARTESIAN_POINT ( 'NONE',  ( -98.67880131525888032, -14.00000000000000000, -49.49999999999999289 ) ) ;
#68 = CARTESIAN_POINT ( 'NONE',  ( 34.28997463505808696, -14.00000000000000000, 52.74665964861219436 ) ) ;
#69 = DIRECTION ( 'NONE',  ( 1.243947366527408134E-14, 0.000000000000000000, -1.000000000000000000 ) ) ;
#70 = FACE_OUTER_BOUND ( 'NONE', #945, .T. ) ;
#71 = FACE_OUTER_BOUND ( 'NONE', #3908, .T. ) ;
#72 = CARTESIAN_POINT ( 'NONE',  ( -98.67880131525888032, -14.00000000000000000, -49.49999999999998579 ) ) ;
#73 = VERTEX_POINT ( 'NONE', #401 ) ;
#74 = ORIENTED_EDGE ( 'NONE', *, *, #6597, .T. ) ;
#75 = ORIENTED_EDGE ( 'NONE', *, *, #5430, .T. ) ;
#76 = EDGE_CURVE ( 'NONE', #3086, #7519, #6960, .T. ) ;
#77 = CARTESIAN_POINT ( 'NONE',  ( 75.97457085968592594, -12.00000000000000000, -93.04537389804116287 ) ) ;
#78 = CARTESIAN_POINT ( 'NONE',  ( 57.99930231246383272, -115.9999999999996874, -109.3919579797263424 ) ) ;
#79 = CARTESIAN_POINT ( 'NONE',  ( 74.23430928101858228, -6.000000000000000000, -19.47823816096860838 ) ) ;
#80 = EDGE_LOOP ( 'NONE', ( #4031, #4784, #5639, #3451, #2639 ) ) ;
#81 = VERTEX_POINT ( 'NONE', #4612 ) ;
#82 = VERTEX_POINT ( 'NONE', #5727 ) ;
#83 = FACE_OUTER_BOUND ( 'NONE', #6369, .T. ) ;
#84 = CIRCLE ( 'NONE', #1567, 176.6239999999116890 ) ;
#85 = EDGE_CURVE ( 'NONE', #2539, #4586, #2102, .T. ) ;
#86 = ADVANCED_FACE ( 'NONE', ( #6225 ), #4578, .F. ) ;
#87 = DIRECTION ( 'NONE',  ( 0.000000000000000000, 0.000000000000000000, -1.000000000000000000 ) ) ;
#88 = CARTESIAN_POINT ( 'NONE',  ( 76.32948134498366244, 1.734723475976807094E-13, -73.33565346873172075 ) ) ;
#89 = DIRECTION ( 'NONE',  ( 0.000000000000000000, 0.000000000000000000, 1.000000000000000000 ) ) ;
#90 = CARTESIAN_POINT ( 'NONE',  ( -98.67880131525888032, -115.9999999999996732, -49.49999999999999289 ) ) ;
#91 = ORIENTED_EDGE ( 'NONE', *, *, #1172, .T. ) ;
#92 = ORIENTED_EDGE ( 'NONE', *, *, #1030, .F. ) ;
#93 = DIRECTION ( 'NONE',  ( -0.000000000000000000, 1.000000000000000000, -0.000000000000000000 ) ) ;
#94 = CARTESIAN_POINT ( 'NONE',  ( -98.67880131525888032, -14.00000000000000000, -49.49999999999999289 ) ) ;
#95 = DIRECTION ( 'NONE',  ( 0.000000000000000000, -1.000000000000000000, 0.000000000000000000 ) ) ;
#96 = AXIS2_PLACEMENT_3D ( 'NONE', #337, #2689, #5054 ) ;
#97 = CIRCLE ( 'NONE', #4785, 180.0000000000000000 ) ;
#98 = EDGE_LOOP ( 'NONE', ( #359, #2839, #6989, #6531 ) ) ;
#99 = VERTEX_POINT ( 'NONE', #4532 ) ;
#100 = DIRECTION ( 'NONE',  ( 0.000000000000000000, 0.000000000000000000, 1.000000000000000000 ) ) ;
#101 = AXIS2_PLACEMENT_3D ( 'NONE', #5908, #4247, #1902 ) ;
#102 = FACE_BOUND ( 'NONE', #1134, .T. ) ;
#104 = CARTESIAN_POINT ( 'NONE',  ( 59.52566688811747042, -115.9999999999996874, 6.235276329373401261 ) ) ;
#103 = CIRCLE ( 'NONE', #110, 176.6239999999116890 ) ;
#105 = DIRECTION ( 'NONE',  ( 0.000000000000000000, -1.000000000000000000, 0.000000000000000000 ) ) ;
#106 = CARTESIAN_POINT ( 'NONE',  ( 70.73140919045791009, -8.060303038032998302, -95.33045468254395871 ) ) ;
#107 = CARTESIAN_POINT ( 'NONE',  ( 62.61965343732308042, -65.99999999999982947, -121.4641985323122384 ) ) ;
#108 = ORIENTED_EDGE ( 'NONE', *, *, #2775, .T. ) ;
#109 = VERTEX_POINT ( 'NONE', #5691 ) ;
#110 = AXIS2_PLACEMENT_3D ( 'NONE', #735, #38, #658 ) ;
#111 = EDGE_LOOP ( 'NONE', ( #6174, #3134, #3374, #3117 ) ) ;
#112 = CIRCLE ( 'NONE', #1352, 71.39999999996429381 ) ;
#113 = VECTOR ( 'NONE', #7435, 1000.000000000000000 ) ;
#114 = VECTOR ( 'NONE', #1768, 1000.000000000000000 ) ;
#115 = VECTOR ( 'NONE', #1552, 1000.000000000000227 ) ;
#116 = LINE ( 'NONE', #2475, #6882 ) ;
#117 = DIRECTION ( 'NONE',  ( 0.000000000000000000, -1.000000000000000000, 0.000000000000000000 ) ) ;
#118 = DIRECTION ( 'NONE',  ( -0.000000000000000000, 1.000000000000000000, -0.000000000000000000 ) ) ;
#119 = ORIENTED_EDGE ( 'NONE', *, *, #7455, .F. ) ;
#120 = AXIS2_PLACEMENT_3D ( 'NONE', #1375, #6698, #3755 ) ;
#121 = VECTOR ( 'NONE', #6377, 1000.000000000000000 ) ;
#122 = CIRCLE ( 'NONE', #240, 71.39999999996429381 ) ;
#123 = ADVANCED_FACE ( 'NONE', ( #2218, #2752 ), #5109, .T. ) ;
#124 = ORIENTED_EDGE ( 'NONE', *, *, #1163, .F. ) ;
#125 = ORIENTED_EDGE ( 'NONE', *, *, #6204, .F. ) ;
#126 = ORIENTED_EDGE ( 'NONE', *, *, #2875, .T. ) ;
#127 = CARTESIAN_POINT ( 'NONE',  ( 75.58350073661644331, -19.93969696196701236, -68.20625106983376895 ) ) ;
#128 = VECTOR ( 'NONE', #6008, 1000.000000000000000 ) ;
#129 = DIRECTION ( 'NONE',  ( -0.000000000000000000, 1.000000000000000000, -0.000000000000000000 ) ) ;
#130 = AXIS2_PLACEMENT_3D ( 'NONE', #5156, #2681, #4546 ) ;
#131 = CARTESIAN_POINT ( 'NONE',  ( 76.75940293603790110, -16.00000000000000000, -44.84312453674527887 ) ) ;
#132 = FACE_OUTER_BOUND ( 'NONE', #454, .T. ) ;
#133 = CYLINDRICAL_SURFACE ( 'NONE', #1094, 176.6239999999116890 ) ;
#134 = PRODUCT ( 'gear hood', 'gear hood', '', ( #878 ) ) ;
#135 = AXIS2_PLACEMENT_3D ( 'NONE', #7001, #1750, #3515 ) ;
#136 = EDGE_CURVE ( 'NONE', #3852, #953, #1018, .T. ) ;
#137 = EDGE_CURVE ( 'NONE', #6669, #5812, #4066, .T. ) ;
#138 = EDGE_LOOP ( 'NONE', ( #4716, #781, #6473, #7246 ) ) ;
#139 = ORIENTED_EDGE ( 'NONE', *, *, #5195, .T. ) ;
#140 = DIRECTION ( 'NONE',  ( 0.9852598894374786642, 0.000000000000000000, 0.1710641700229686146 ) ) ;
#141 = DIRECTION ( 'NONE',  ( 0.000000000000000000, -1.000000000000000000, 0.000000000000000000 ) ) ;
#142 = DIRECTION ( 'NONE',  ( 0.000000000000000000, 1.000000000000000000, 0.000000000000000000 ) ) ;
#143 = EDGE_CURVE ( 'NONE', #172, #5779, #5051, .T. ) ;
#144 = EDGE_CURVE ( 'NONE', #1582, #1041, #256, .T. ) ;
#145 = VERTEX_POINT ( 'NONE', #2180 ) ;
#146 = EDGE_LOOP ( 'NONE', ( #1331, #7620, #686, #4742 ) ) ;
#147 = PLANE ( 'NONE',  #3156 ) ;
#148 = CARTESIAN_POINT ( 'NONE',  ( 75.58350073661644331, -16.00000000000000000, -68.20625106983376895 ) ) ;
#149 = AXIS2_PLACEMENT_3D ( 'NONE', #5496, #4903, #6540 ) ;
#150 = CARTESIAN_POINT ( 'NONE',  ( 70.37537075531301412, -117.9999999999996589, -23.77672444004325669 ) ) ;
#151 = DIRECTION ( 'NONE',  ( 0.000000000000000000, 0.000000000000000000, -1.000000000000000000 ) ) ;
#152 = CARTESIAN_POINT ( 'NONE',  ( 75.63931159770790202, 1.734723475976807094E-13, -21.05298106249145462 ) ) ;
#153 = CARTESIAN_POINT ( 'NONE',  ( -98.67880131525888032, -117.9999999999996589, -49.49999999999999289 ) ) ;
#154 = EDGE_CURVE ( 'NONE', #2428, #3546, #4496, .T. ) ;
#155 = EDGE_LOOP ( 'NONE', ( #3298, #41, #6815, #4291 ) ) ;
#156 = ORIENTED_EDGE ( 'NONE', *, *, #4985, .T. ) ;
#157 = CARTESIAN_POINT ( 'NONE',  ( 62.30548667938873564, -117.9999999999996589, -121.4878316937673191 ) ) ;
#158 = FACE_OUTER_BOUND ( 'NONE', #3514, .T. ) ;
#159 = DIRECTION ( 'NONE',  ( 0.000000000000000000, 1.000000000000000000, 0.000000000000000000 ) ) ;
#160 = VERTEX_POINT ( 'NONE', #6260 ) ;
#161 = ORIENTED_EDGE ( 'NONE', *, *, #4255, .T. ) ;
#162 = ORIENTED_EDGE ( 'NONE', *, *, #1574, .T. ) ;
#163 = ORIENTED_EDGE ( 'NONE', *, *, #2309, .F. ) ;
#164 = DIRECTION ( 'NONE',  ( 0.000000000000000000, 0.000000000000000000, 1.000000000000000000 ) ) ;
#165 = DIRECTION ( 'NONE',  ( 0.000000000000000000, 1.000000000000000000, 0.000000000000000000 ) ) ;
#166 = DIRECTION ( 'NONE',  ( 0.000000000000000000, 1.000000000000000000, 0.000000000000000000 ) ) ;
#167 = AXIS2_PLACEMENT_3D ( 'NONE', #2349, #6981, #1192 ) ;
#168 = CYLINDRICAL_SURFACE ( 'NONE', #3233, 2.100000000000004530 ) ;
#169 = CARTESIAN_POINT ( 'NONE',  ( -98.67880131525888032, -14.00000000000000000, -49.49999999999998579 ) ) ;
#170 = DIRECTION ( 'NONE',  ( -0.9172893902828921364, 0.000000000000000000, 0.3982212632123504070 ) ) ;
#171 = VERTEX_POINT ( 'NONE', #3953 ) ;
#172 = VERTEX_POINT ( 'NONE', #5218 ) ;
#173 = CARTESIAN_POINT ( 'NONE',  ( 72.31848854747322264, -123.9999999999996589, -48.53726452191186524 ) ) ;
#174 = EDGE_CURVE ( 'NONE', #6058, #5227, #6299, .T. ) ;
#175 = DIRECTION ( 'NONE',  ( 0.000000000000000000, 1.000000000000000000, 0.000000000000000000 ) ) ;
#176 = DIRECTION ( 'NONE',  ( 0.000000000000000000, 0.000000000000000000, -1.000000000000000000 ) ) ;
#177 = ORIENTED_EDGE ( 'NONE', *, *, #5602, .F. ) ;
#178 = ORIENTED_EDGE ( 'NONE', *, *, #2261, .T. ) ;
#179 = LINE ( 'NONE', #1416, #7118 ) ;
#180 = ADVANCED_FACE ( 'NONE', ( #1092, #7594 ), #2290, .F. ) ;
#181 = FACE_BOUND ( 'NONE', #1765, .T. ) ;
#182 = EDGE_CURVE ( 'NONE', #807, #3383, #6535, .T. ) ;
#183 = DIRECTION ( 'NONE',  ( 0.000000000000000000, 0.000000000000000000, -1.000000000000000000 ) ) ;
#184 = DIRECTION ( 'NONE',  ( -0.000000000000000000, -1.000000000000000000, -0.000000000000000000 ) ) ;
#185 = LINE ( 'NONE', #4393, #6646 ) ;
#186 = ORIENTED_EDGE ( 'NONE', *, *, #3142, .T. ) ;
#187 = ORIENTED_EDGE ( 'NONE', *, *, #760, .T. ) ;
#188 = AXIS2_PLACEMENT_3D ( 'NONE', #1523, #6848, #3218 ) ;
#189 = AXIS2_PLACEMENT_3D ( 'NONE', #1061, #7095, #1721 ) ;
#190 = CARTESIAN_POINT ( 'NONE',  ( 76.92364288522773563, -64.99999999999982947, -9.955321587063552968 ) ) ;
#191 = CARTESIAN_POINT ( 'NONE',  ( 76.75940293603790110, -8.060303038032998302, -42.74312453674527035 ) ) ;
#192 = DIRECTION ( 'NONE',  ( 0.000000000000000000, 1.000000000000000000, 0.000000000000000000 ) ) ;
#193 = ORIENTED_EDGE ( 'NONE', *, *, #1746, .T. ) ;
#194 = EDGE_LOOP ( 'NONE', ( #1588, #4022, #3124, #4602 ) ) ;
#195 = VERTEX_POINT ( 'NONE', #7085 ) ;
#196 = DIRECTION ( 'NONE',  ( -0.000000000000000000, -1.000000000000000000, -0.000000000000000000 ) ) ;
#197 = FACE_OUTER_BOUND ( 'NONE', #3381, .T. ) ;
#198 = CYLINDRICAL_SURFACE ( 'NONE', #6385, 71.39999999996429381 ) ;
#199 = LINE ( 'NONE', #4835, #1384 ) ;
#200 = DIRECTION ( 'NONE',  ( -0.000000000000000000, 1.000000000000000000, -0.000000000000000000 ) ) ;
#201 = CARTESIAN_POINT ( 'NONE',  ( 62.30548667938873564, -123.9999999999996589, -119.3878316937673247 ) ) ;
#202 = DIRECTION ( 'NONE',  ( 0.000000000000000000, 0.000000000000000000, -1.000000000000000000 ) ) ;
#203 = ORIENTED_EDGE ( 'NONE', *, *, #1636, .T. ) ;
#204 = ORIENTED_EDGE ( 'NONE', *, *, #1932, .F. ) ;
#205 = FACE_OUTER_BOUND ( 'NONE', #3396, .T. ) ;
#206 = DIRECTION ( 'NONE',  ( -0.000000000000000000, -1.000000000000000000, -0.000000000000000000 ) ) ;
#207 = DIRECTION ( 'NONE',  ( 0.000000000000000000, 0.000000000000000000, -1.000000000000000000 ) ) ;
#208 = ADVANCED_FACE ( 'NONE', ( #4067 ), #7048, .F. ) ;
#209 = EDGE_LOOP ( 'NONE', ( #815, #5507 ) ) ;
#210 = AXIS2_PLACEMENT_3D ( 'NONE', #7409, #1137, #5873 ) ;
#211 = VERTEX_POINT ( 'NONE', #52 ) ;
#212 = CARTESIAN_POINT ( 'NONE',  ( 62.68259304365194851, -13.99999999999999822, -129.2652832409917210 ) ) ;
#213 = DIRECTION ( 'NONE',  ( 0.000000000000000000, -1.000000000000000000, 0.000000000000000000 ) ) ;
#214 = CARTESIAN_POINT ( 'NONE',  ( 71.77730248085472908, -115.9999999999996732, -107.3335255595622328 ) ) ;
#215 = CIRCLE ( 'NONE', #5650, 71.39999999996429381 ) ;
#216 = DIRECTION ( 'NONE',  ( 0.000000000000000000, 0.000000000000000000, -1.000000000000000000 ) ) ;
#217 = AXIS2_PLACEMENT_3D ( 'NONE', #1054, #7630, #5806 ) ;
#218 = ADVANCED_FACE ( 'NONE', ( #4756 ), #1209, .T. ) ;
#219 = ORIENTED_EDGE ( 'NONE', *, *, #6228, .F. ) ;
#220 = ADVANCED_FACE ( 'NONE', ( #83 ), #5837, .F. ) ;
#221 = AXIS2_PLACEMENT_3D ( 'NONE', #3153, #5487, #7273 ) ;
#222 = ORIENTED_EDGE ( 'NONE', *, *, #6209, .T. ) ;
#223 = CIRCLE ( 'NONE', #1218, 176.6239999999116890 ) ;
#224 = DIRECTION ( 'NONE',  ( -0.000000000000000000, -1.000000000000000000, -0.000000000000000000 ) ) ;
#225 = CYLINDRICAL_SURFACE ( 'NONE', #231, 71.39999999996429381 ) ;
#226 = CARTESIAN_POINT ( 'NONE',  ( -98.67880131525888032, -14.00000000000000000, -49.49999999999999289 ) ) ;
#227 = ORIENTED_EDGE ( 'NONE', *, *, #4632, .F. ) ;
#228 = CIRCLE ( 'NONE', #3681, 2.100000000000004530 ) ;
#229 = ORIENTED_EDGE ( 'NONE', *, *, #2299, .T. ) ;
#230 = EDGE_CURVE ( 'NONE', #695, #3800, #4103, .T. ) ;
#231 = AXIS2_PLACEMENT_3D ( 'NONE', #2092, #6712, #5565 ) ;
#232 = AXIS2_PLACEMENT_3D ( 'NONE', #420, #2771, #956 ) ;
#233 = ORIENTED_EDGE ( 'NONE', *, *, #2964, .T. ) ;
#234 = FACE_OUTER_BOUND ( 'NONE', #6145, .T. ) ;
#235 = DIRECTION ( 'NONE',  ( -0.000000000000000000, -1.000000000000000000, -0.000000000000000000 ) ) ;
#236 = AXIS2_PLACEMENT_3D ( 'NONE', #4733, #3571, #3067 ) ;
#237 = CARTESIAN_POINT ( 'NONE',  ( 74.23430928101858228, -16.00000000000000000, -19.47823816096860838 ) ) ;
#238 = DIRECTION ( 'NONE',  ( 0.000000000000000000, 0.000000000000000000, 1.000000000000000000 ) ) ;
#239 = VERTEX_POINT ( 'NONE', #4139 ) ;
#240 = AXIS2_PLACEMENT_3D ( 'NONE', #2183, #2720, #5620 ) ;
#241 = DIRECTION ( 'NONE',  ( 0.000000000000000000, 1.000000000000000000, -0.000000000000000000 ) ) ;
#242 = VECTOR ( 'NONE', #387, 1000.000000000000000 ) ;
#243 = CARTESIAN_POINT ( 'NONE',  ( -98.67880131525888032, 1.734723475976807094E-13, -49.49999999999998579 ) ) ;
#244 = ORIENTED_EDGE ( 'NONE', *, *, #5992, .F. ) ;
#245 = EDGE_CURVE ( 'NONE', #2036, #5779, #5304, .T. ) ;
#246 = CIRCLE ( 'NONE', #6038, 176.6239999999116890 ) ;
#247 = CIRCLE ( 'NONE', #4572, 71.39999999996429381 ) ;
#248 = DIRECTION ( 'NONE',  ( 0.000000000000000000, -1.000000000000000000, 0.000000000000000000 ) ) ;
#249 = CARTESIAN_POINT ( 'NONE',  ( -98.67880131525888032, 1.734723475976807094E-13, -49.49999999999998579 ) ) ;
#250 = LINE ( 'NONE', #3254, #6860 ) ;
#251 = CARTESIAN_POINT ( 'NONE',  ( 75.58350073661644331, -16.00000000000000000, -70.30625106983377748 ) ) ;
#252 = AXIS2_PLACEMENT_3D ( 'NONE', #6275, #1610, #2729 ) ;
#253 = ORIENTED_EDGE ( 'NONE', *, *, #805, .F. ) ;
#254 = EDGE_LOOP ( 'NONE', ( #2548, #6852, #2678, #5303 ) ) ;
#255 = AXIS2_PLACEMENT_3D ( 'NONE', #3126, #6134, #5571 ) ;
#256 = CIRCLE ( 'NONE', #1991, 180.0000000000000000 ) ;
#257 = EDGE_LOOP ( 'NONE', ( #1931, #1232 ) ) ;
#258 = CARTESIAN_POINT ( 'NONE',  ( -98.67880131525888032, -115.9999999999996732, -49.49999999999999289 ) ) ;
#259 = FACE_BOUND ( 'NONE', #6424, .T. ) ;
#260 = FACE_OUTER_BOUND ( 'NONE', #2537, .T. ) ;
#261 = CARTESIAN_POINT ( 'NONE',  ( -98.67880131525888032, -14.00000000000000000, -49.49999999999999289 ) ) ;
#262 = VERTEX_POINT ( 'NONE', #2402 ) ;
#263 = VERTEX_POINT ( 'NONE', #17 ) ;
#264 = AXIS2_PLACEMENT_3D ( 'NONE', #6613, #2554, #4866 ) ;
#265 = DIRECTION ( 'NONE',  ( 0.000000000000000000, 0.000000000000000000, -1.000000000000000000 ) ) ;
#266 = ADVANCED_FACE ( 'NONE', ( #6418 ), #672, .T. ) ;
#267 = FACE_OUTER_BOUND ( 'NONE', #3812, .T. ) ;
#268 = LINE ( 'NONE', #3236, #3759 ) ;
#269 = VERTEX_POINT ( 'NONE', #4175 ) ;
#270 = VERTEX_POINT ( 'NONE', #4795 ) ;
#271 = EDGE_LOOP ( 'NONE', ( #3458, #2971, #6845, #1033 ) ) ;
#272 = ORIENTED_EDGE ( 'NONE', *, *, #789, .F. ) ;
#273 = ADVANCED_FACE ( 'NONE', ( #3017 ), #1136, .F. ) ;
#274 = DIRECTION ( 'NONE',  ( 0.000000000000000000, 0.000000000000000000, 1.000000000000000000 ) ) ;
#275 = EDGE_CURVE ( 'NONE', #4334, #3966, #4934, .T. ) ;
#276 = CARTESIAN_POINT ( 'NONE',  ( 62.30548667938873564, -123.9999999999996589, -117.2878316937673162 ) ) ;
#277 = EDGE_CURVE ( 'NONE', #6206, #1773, #3835, .T. ) ;
#278 = CARTESIAN_POINT ( 'NONE',  ( 72.31848854747322264, -6.000000000000000000, -48.53726452191186524 ) ) ;
#279 = ADVANCED_FACE ( 'NONE', ( #4686 ), #3634, .F. ) ;
#280 = FACE_OUTER_BOUND ( 'NONE', #7417, .T. ) ;
#281 = ORIENTED_EDGE ( 'NONE', *, *, #3961, .T. ) ;
#282 = LINE ( 'NONE', #354, #3190 ) ;
#283 = FACE_OUTER_BOUND ( 'NONE', #1759, .T. ) ;
#284 = ORIENTED_EDGE ( 'NONE', *, *, #7423, .T. ) ;
#285 = EDGE_LOOP ( 'NONE', ( #6806, #5751, #4402, #6881 ) ) ;
#286 = CIRCLE ( 'NONE', #4610, 180.0000000000000000 ) ;
#287 = CARTESIAN_POINT ( 'NONE',  ( 67.28506351875270752, -123.9999999999996589, -90.69460607115840389 ) ) ;
#288 = CARTESIAN_POINT ( 'NONE',  ( -98.67880131525888032, -14.00000000000000000, -49.49999999999999289 ) ) ;
#289 = EDGE_CURVE ( 'NONE', #934, #1320, #2862, .T. ) ;
#290 = DIRECTION ( 'NONE',  ( -0.000000000000000000, 1.000000000000000000, -0.000000000000000000 ) ) ;
#291 = VERTEX_POINT ( 'NONE', #636 ) ;
#292 = ORIENTED_EDGE ( 'NONE', *, *, #3826, .F. ) ;
#293 = EDGE_LOOP ( 'NONE', ( #4386, #5125, #1351, #668 ) ) ;
#294 = CARTESIAN_POINT ( 'NONE',  ( 62.66409410622977560, -14.00000000000000000, -121.3645077418567837 ) ) ;
#295 = DIRECTION ( 'NONE',  ( 0.000000000000000000, 0.000000000000000000, 1.000000000000000000 ) ) ;
#296 = DIRECTION ( 'NONE',  ( 0.000000000000000000, 0.000000000000000000, 1.000000000000000000 ) ) ;
#297 = LINE ( 'NONE', #909, #5290 ) ;
#298 = EDGE_LOOP ( 'NONE', ( #2510, #6643, #6197, #1095, #3621 ) ) ;
#299 = EDGE_LOOP ( 'NONE', ( #2480, #1850, #6415, #4603 ) ) ;
#300 = DIRECTION ( 'NONE',  ( 0.000000000000000000, -1.000000000000000000, 0.000000000000000000 ) ) ;
#301 = LINE ( 'NONE', #190, #1821 ) ;
#302 = LINE ( 'NONE', #1467, #113 ) ;
#303 = LINE ( 'NONE', #7436, #924 ) ;
#304 = ORIENTED_EDGE ( 'NONE', *, *, #6315, .F. ) ;
#305 = ORIENTED_EDGE ( 'NONE', *, *, #1921, .T. ) ;
#306 = ORIENTED_EDGE ( 'NONE', *, *, #4852, .T. ) ;
#307 = EDGE_CURVE ( 'NONE', #6205, #6755, #6454, .T. ) ;
#308 = DIRECTION ( 'NONE',  ( 0.000000000000000000, 0.000000000000000000, 1.000000000000000000 ) ) ;
#309 = DIRECTION ( 'NONE',  ( 0.000000000000000000, 0.000000000000000000, 1.000000000000000000 ) ) ;
#310 = LINE ( 'NONE', #3788, #3350 ) ;
#311 = CARTESIAN_POINT ( 'NONE',  ( 59.52566688811669593, -14.00000000000000000, -105.2352763293755942 ) ) ;
#312 = ORIENTED_EDGE ( 'NONE', *, *, #6762, .T. ) ;
#313 = VECTOR ( 'NONE', #19, 1000.000000000000000 ) ;
#314 = CARTESIAN_POINT ( 'NONE',  ( 74.59194100115793447, -115.9999999999996732, -0.7429506930753462246 ) ) ;
#315 = DIRECTION ( 'NONE',  ( -0.000000000000000000, 1.000000000000000000, -0.000000000000000000 ) ) ;
#316 = VERTEX_POINT ( 'NONE', #5343 ) ;
#317 = ADVANCED_FACE ( 'NONE', ( #5952 ), #5416, .F. ) ;
#318 = EDGE_CURVE ( 'NONE', #5377, #934, #3668, .T. ) ;
#319 = CARTESIAN_POINT ( 'NONE',  ( 71.50195686800125827, -123.9999999999996589, -66.21853893648385281 ) ) ;
#320 = CARTESIAN_POINT ( 'NONE',  ( 74.23430928101858228, -8.060303038032998302, -21.57823816096861336 ) ) ;
#321 = DIRECTION ( 'NONE',  ( -0.000000000000000000, -1.000000000000000000, -0.000000000000000000 ) ) ;
#322 = DIRECTION ( 'NONE',  ( 0.000000000000000000, 0.000000000000000000, 1.000000000000000000 ) ) ;
#323 = CARTESIAN_POINT ( 'NONE',  ( 69.05464996513771325, -115.9999999999996874, -50.25107162877701228 ) ) ;
#324 = VECTOR ( 'NONE', #2561, 1000.000000000000227 ) ;
#325 = EDGE_LOOP ( 'NONE', ( #2560, #3408, #6858, #6146 ) ) ;
#326 = VERTEX_POINT ( 'NONE', #1942 ) ;
#327 = EDGE_CURVE ( 'NONE', #99, #3089, #6938, .T. ) ;
#328 = EDGE_LOOP ( 'NONE', ( #177, #6378, #1938, #4136 ) ) ;
#329 = EDGE_CURVE ( 'NONE', #4438, #7649, #6568, .T. ) ;
#330 = CARTESIAN_POINT ( 'NONE',  ( 81.12746341570606035, -117.9999999999996589, -41.15091840391276179 ) ) ;
#331 = CARTESIAN_POINT ( 'NONE',  ( 65.41789684650092340, -123.9999999999996589, -97.59650353620614283 ) ) ;
#332 = FACE_BOUND ( 'NONE', #1881, .T. ) ;
#333 = DIRECTION ( 'NONE',  ( -0.000000000000000000, -1.000000000000000000, -0.000000000000000000 ) ) ;
#334 = VECTOR ( 'NONE', #5617, 1000.000000000000114 ) ;
#335 = ORIENTED_EDGE ( 'NONE', *, *, #2728, .T. ) ;
#336 = ORIENTED_EDGE ( 'NONE', *, *, #174, .T. ) ;
#337 = CARTESIAN_POINT ( 'NONE',  ( 74.23430928101858228, -129.9999999999998295, -19.47823816096860838 ) ) ;
#338 = DIRECTION ( 'NONE',  ( -0.000000000000000000, 1.000000000000000000, -0.000000000000000000 ) ) ;
#339 = AXIS2_PLACEMENT_3D ( 'NONE', #1598, #2790, #3954 ) ;
#340 = DIRECTION ( 'NONE',  ( 0.000000000000000000, 0.000000000000000000, -1.000000000000000000 ) ) ;
#341 = DIRECTION ( 'NONE',  ( -0.9929475900391758758, 0.000000000000000000, 0.1185541371500488522 ) ) ;
#342 = DIRECTION ( 'NONE',  ( 0.000000000000000000, -1.000000000000000000, 0.000000000000000000 ) ) ;
#343 = VERTEX_POINT ( 'NONE', #1323 ) ;
#344 = ORIENTED_EDGE ( 'NONE', *, *, #6304, .F. ) ;
#345 = AXIS2_PLACEMENT_3D ( 'NONE', #4796, #1290, #6063 ) ;
#346 = ORIENTED_EDGE ( 'NONE', *, *, #2735, .T. ) ;
#347 = VECTOR ( 'NONE', #1903, 1000.000000000000000 ) ;
#348 = DIRECTION ( 'NONE',  ( -1.418877464945324875E-14, 0.000000000000000000, 1.000000000000000000 ) ) ;
#349 = CARTESIAN_POINT ( 'NONE',  ( 57.73404841084314398, -13.99999999999999822, -138.5787316957723760 ) ) ;
#350 = CIRCLE ( 'NONE', #5285, 2.100000000000004530 ) ;
#351 = DIRECTION ( 'NONE',  ( 0.000000000000000000, 0.000000000000000000, 1.000000000000000000 ) ) ;
#352 = CARTESIAN_POINT ( 'NONE',  ( 75.58350073661644331, 1.734723475976807094E-13, -68.20625106983376895 ) ) ;
#353 = CIRCLE ( 'NONE', #2328, 179.9999999999999716 ) ;
#354 = CARTESIAN_POINT ( 'NONE',  ( 69.15226193964876700, -12.00000000000000000, -16.73211623056527486 ) ) ;
#355 = EDGE_CURVE ( 'NONE', #4608, #22, #1521, .T. ) ;
#356 = VECTOR ( 'NONE', #5328, 1000.000000000000000 ) ;
#357 = CARTESIAN_POINT ( 'NONE',  ( 79.35078683603657623, -115.9999999999996732, -22.93939491125786034 ) ) ;
#358 = AXIS2_PLACEMENT_3D ( 'NONE', #6913, #1653, #2807 ) ;
#359 = ORIENTED_EDGE ( 'NONE', *, *, #2587, .T. ) ;
#360 = DIRECTION ( 'NONE',  ( -0.000000000000000000, -1.000000000000000000, -0.000000000000000000 ) ) ;
#361 = AXIS2_PLACEMENT_3D ( 'NONE', #6429, #2303, #7098 ) ;
#362 = CARTESIAN_POINT ( 'NONE',  ( 59.56704236009141340, -117.9999999999996589, -114.3016431850041243 ) ) ;
#363 = AXIS2_PLACEMENT_3D ( 'NONE', #940, #6194, #322 ) ;
#364 = DIRECTION ( 'NONE',  ( 0.000000000000000000, 0.000000000000000000, 1.000000000000000000 ) ) ;
#365 = LINE ( 'NONE', #982, #6397 ) ;
#366 = EDGE_CURVE ( 'NONE', #5002, #4438, #4294, .T. ) ;
#367 = ADVANCED_FACE ( 'NONE', ( #7248 ), #3270, .T. ) ;
#368 = DIRECTION ( 'NONE',  ( 0.000000000000000000, 0.000000000000000000, -1.000000000000000000 ) ) ;
#369 = CIRCLE ( 'NONE', #4440, 176.6239999999116890 ) ;
#370 = ORIENTED_EDGE ( 'NONE', *, *, #506, .T. ) ;
#371 = AXIS2_PLACEMENT_3D ( 'NONE', #1437, #5688, #2107 ) ;
#372 = ORIENTED_EDGE ( 'NONE', *, *, #1288, .F. ) ;
#373 = EDGE_LOOP ( 'NONE', ( #3222, #2846, #4824, #2978 ) ) ;
#374 = CARTESIAN_POINT ( 'NONE',  ( 76.75940293603790110, -123.9999999999996589, -46.94312453674528030 ) ) ;
#375 = CIRCLE ( 'NONE', #4692, 71.39999999996429381 ) ;
#376 = LINE ( 'NONE', #331, #2032 ) ;
#377 = PLANE ( 'NONE',  #4930 ) ;
#378 = ADVANCED_FACE ( 'NONE', ( #4899 ), #3711, .T. ) ;
#379 = EDGE_CURVE ( 'NONE', #2460, #5819, #1909, .T. ) ;
#380 = EDGE_CURVE ( 'NONE', #6935, #5850, #2874, .T. ) ;
#381 = DIRECTION ( 'NONE',  ( -4.422845568565236859E-13, 0.000000000000000000, 1.000000000000000000 ) ) ;
#382 = AXIS2_PLACEMENT_3D ( 'NONE', #5682, #3579, #7105 ) ;
#383 = AXIS2_PLACEMENT_3D ( 'NONE', #7629, #2901, #6490 ) ;
#384 = VERTEX_POINT ( 'NONE', #7432 ) ;
#385 = ORIENTED_EDGE ( 'NONE', *, *, #6028, .T. ) ;
#386 = CARTESIAN_POINT ( 'NONE',  ( 39.50077367722118282, 1.734723475976807094E-13, 45.58669645077753785 ) ) ;
#387 = DIRECTION ( 'NONE',  ( 0.9172893902828926915, 0.000000000000000000, -0.3982212632123491303 ) ) ;
#388 = LINE ( 'NONE', #1619, #5783 ) ;
#389 = EDGE_CURVE ( 'NONE', #2009, #1448, #4845, .T. ) ;
#390 = DIRECTION ( 'NONE',  ( 0.000000000000000000, 0.000000000000000000, 1.000000000000000000 ) ) ;
#391 = ORIENTED_EDGE ( 'NONE', *, *, #6124, .F. ) ;
#392 = ORIENTED_EDGE ( 'NONE', *, *, #3185, .F. ) ;
#393 = FACE_OUTER_BOUND ( 'NONE', #2828, .T. ) ;
#394 = CARTESIAN_POINT ( 'NONE',  ( 76.75940293603790110, -8.060303038032998302, -44.84312453674527887 ) ) ;
#395 = LINE ( 'NONE', #3830, #1013 ) ;
#396 = CARTESIAN_POINT ( 'NONE',  ( 22.77210945040392076, -14.00000000000000000, -165.1924848951553031 ) ) ;
#397 = AXIS2_PLACEMENT_3D ( 'NONE', #7399, #1476, #3280 ) ;
#398 = CARTESIAN_POINT ( 'NONE',  ( 56.47263066081875849, 1.734723475976807094E-13, -133.9042092063029656 ) ) ;
#399 = VERTEX_POINT ( 'NONE', #4478 ) ;
#400 = ORIENTED_EDGE ( 'NONE', *, *, #3877, .F. ) ;
#401 = CARTESIAN_POINT ( 'NONE',  ( 58.10278320704925648, -14.00000000000000000, -130.8361674204234646 ) ) ;
#402 = CARTESIAN_POINT ( 'NONE',  ( 81.12746341570606035, -12.00000000000000000, -41.15091840391276179 ) ) ;
#403 = CARTESIAN_POINT ( 'NONE',  ( 70.73140919045791009, -16.00000000000000000, -97.43045468254396724 ) ) ;
#404 = DIRECTION ( 'NONE',  ( -0.000000000000000000, -1.000000000000000000, -0.000000000000000000 ) ) ;
#405 = LINE ( 'NONE', #3371, #121 ) ;
#406 = ORIENTED_EDGE ( 'NONE', *, *, #4475, .F. ) ;
#407 = ORIENTED_EDGE ( 'NONE', *, *, #4811, .F. ) ;
#408 = AXIS2_PLACEMENT_3D ( 'NONE', #610, #5821, #2272 ) ;
#409 = ORIENTED_EDGE ( 'NONE', *, *, #2775, .F. ) ;
#410 = ADVANCED_FACE ( 'NONE', ( #4257 ), #6829, .T. ) ;
#411 = CARTESIAN_POINT ( 'NONE',  ( 76.48591752164674062, 1.734723475976807094E-13, -26.84258066865055525 ) ) ;
#412 = CYLINDRICAL_SURFACE ( 'NONE', #4004, 71.39999999996429381 ) ;
#413 = FACE_OUTER_BOUND ( 'NONE', #2427, .T. ) ;
#414 = CARTESIAN_POINT ( 'NONE',  ( 80.50443179299097096, -13.99999999999999822, -66.62801718945266316 ) ) ;
#415 = ORIENTED_EDGE ( 'NONE', *, *, #6834, .F. ) ;
#416 = EDGE_LOOP ( 'NONE', ( #2125, #7297, #1024, #6122 ) ) ;
#417 = EDGE_CURVE ( 'NONE', #3122, #831, #4864, .T. ) ;
#418 = EDGE_CURVE ( 'NONE', #609, #5600, #2240, .T. ) ;
#419 = DIRECTION ( 'NONE',  ( -1.705023074042736448E-13, 0.000000000000000000, -1.000000000000000000 ) ) ;
#420 = CARTESIAN_POINT ( 'NONE',  ( 41.96261521398328398, -115.9999999999996874, -140.9060541959499062 ) ) ;
#421 = LINE ( 'NONE', #499, #1104 ) ;
#422 = CARTESIAN_POINT ( 'NONE',  ( 44.32644146041548083, 1.734723475976807094E-13, 38.16170957547635112 ) ) ;
#423 = ORIENTED_EDGE ( 'NONE', *, *, #3105, .T. ) ;
#424 = ORIENTED_EDGE ( 'NONE', *, *, #3147, .T. ) ;
#425 = EDGE_CURVE ( 'NONE', #61, #7331, #7333, .T. ) ;
#426 = EDGE_CURVE ( 'NONE', #316, #3493, #780, .T. ) ;
#427 = VECTOR ( 'NONE', #2339, 1000.000000000000000 ) ;
#428 = DIRECTION ( 'NONE',  ( 0.000000000000000000, 0.000000000000000000, 1.000000000000000000 ) ) ;
#429 = DIRECTION ( 'NONE',  ( -0.000000000000000000, -1.000000000000000000, -0.000000000000000000 ) ) ;
#430 = CIRCLE ( 'NONE', #4126, 71.39999999996429381 ) ;
#431 = DIRECTION ( 'NONE',  ( 0.000000000000000000, -1.000000000000000000, 0.000000000000000000 ) ) ;
#432 = DIRECTION ( 'NONE',  ( 0.000000000000000000, 0.000000000000000000, -1.000000000000000000 ) ) ;
#433 = ORIENTED_EDGE ( 'NONE', *, *, #3276, .T. ) ;
#434 = DIRECTION ( 'NONE',  ( -0.000000000000000000, -1.000000000000000000, 0.000000000000000000 ) ) ;
#435 = AXIS2_PLACEMENT_3D ( 'NONE', #5387, #1954, #5998 ) ;
#436 = ORIENTED_EDGE ( 'NONE', *, *, #7598, .T. ) ;
#437 = ORIENTED_EDGE ( 'NONE', *, *, #1281, .T. ) ;
#438 = CARTESIAN_POINT ( 'NONE',  ( 70.73140919045791009, -117.9999999999996589, -97.43045468254396724 ) ) ;
#439 = DIRECTION ( 'NONE',  ( -0.000000000000000000, 1.000000000000000000, -0.000000000000000000 ) ) ;
#440 = DIRECTION ( 'NONE',  ( -0.000000000000000000, 1.000000000000000000, -0.000000000000000000 ) ) ;
#441 = DIRECTION ( 'NONE',  ( 0.000000000000000000, 0.000000000000000000, 1.000000000000000000 ) ) ;
#442 = LINE ( 'NONE', #4029, #6662 ) ;
#443 = ORIENTED_EDGE ( 'NONE', *, *, #6608, .F. ) ;
#444 = ORIENTED_EDGE ( 'NONE', *, *, #1454, .T. ) ;
#445 = VERTEX_POINT ( 'NONE', #4598 ) ;
#446 = DIRECTION ( 'NONE',  ( 0.000000000000000000, 0.000000000000000000, 1.000000000000000000 ) ) ;
#447 = DIRECTION ( 'NONE',  ( -0.000000000000000000, -1.000000000000000000, -0.000000000000000000 ) ) ;
#448 = FACE_OUTER_BOUND ( 'NONE', #3159, .T. ) ;
#449 = CIRCLE ( 'NONE', #1432, 2.100000000000004530 ) ;
#450 = DIRECTION ( 'NONE',  ( -0.000000000000000000, -1.000000000000000000, -0.000000000000000000 ) ) ;
#451 = ADVANCED_FACE ( 'NONE', ( #1652 ), #7578, .T. ) ;
#452 = EDGE_LOOP ( 'NONE', ( #4266, #4224, #633, #1900 ) ) ;
#453 = VECTOR ( 'NONE', #5587, 1000.000000000000000 ) ;
#454 = EDGE_LOOP ( 'NONE', ( #6231, #5115, #2876, #4173 ) ) ;
#455 = CARTESIAN_POINT ( 'NONE',  ( 71.98000936475759204, -14.00000000000000000, -3.985082519561644609 ) ) ;
#456 = CARTESIAN_POINT ( 'NONE',  ( -98.67880131525888032, -14.00000000000000000, -49.49999999999999289 ) ) ;
#457 = CARTESIAN_POINT ( 'NONE',  ( 70.73140919045791009, -16.00000000000000000, -93.23045468254395018 ) ) ;
#458 = DIRECTION ( 'NONE',  ( -0.000000000000000000, 1.000000000000000000, -0.000000000000000000 ) ) ;
#459 = EDGE_CURVE ( 'NONE', #2655, #5447, #7074, .T. ) ;
#460 = EDGE_CURVE ( 'NONE', #7169, #2460, #4484, .T. ) ;
#461 = ORIENTED_EDGE ( 'NONE', *, *, #6871, .T. ) ;
#462 = EDGE_LOOP ( 'NONE', ( #7181, #4862, #7035, #782 ) ) ;
#463 = CIRCLE ( 'NONE', #1449, 176.6239999999116890 ) ;
#464 = DIRECTION ( 'NONE',  ( 0.000000000000000000, -1.000000000000000000, 0.000000000000000000 ) ) ;
#465 = CARTESIAN_POINT ( 'NONE',  ( 75.63931159770750412, -14.00000000000000000, -77.94701893751093280 ) ) ;
#466 = FACE_OUTER_BOUND ( 'NONE', #7113, .T. ) ;
#467 = ORIENTED_EDGE ( 'NONE', *, *, #1583, .T. ) ;
#468 = CYLINDRICAL_SURFACE ( 'NONE', #7270, 176.6239999999116890 ) ;
#469 = AXIS2_PLACEMENT_3D ( 'NONE', #386, #3386, #882 ) ;
#470 = EDGE_CURVE ( 'NONE', #2709, #2115, #42, .T. ) ;
#471 = VECTOR ( 'NONE', #927, 1000.000000000000000 ) ;
#472 = ORIENTED_EDGE ( 'NONE', *, *, #3468, .T. ) ;
#473 = AXIS2_PLACEMENT_3D ( 'NONE', #507, #3903, #2856 ) ;
#474 = DIRECTION ( 'NONE',  ( 0.000000000000000000, -1.000000000000000000, 0.000000000000000000 ) ) ;
#475 = DIRECTION ( 'NONE',  ( 0.000000000000000000, 1.000000000000000000, 0.000000000000000000 ) ) ;
#476 = AXIS2_PLACEMENT_3D ( 'NONE', #3538, #5361, #1309 ) ;
#477 = AXIS2_PLACEMENT_3D ( 'NONE', #5207, #7582, #390 ) ;
#478 = CARTESIAN_POINT ( 'NONE',  ( 72.31848854747322264, -6.000000000000000000, -48.53726452191186524 ) ) ;
#479 = AXIS2_PLACEMENT_3D ( 'NONE', #1697, #3982, #2818 ) ;
#480 = CARTESIAN_POINT ( 'NONE',  ( 68.58828413856262785, 1.734723475976807094E-13, -36.97814267735391525 ) ) ;
#481 = AXIS2_PLACEMENT_3D ( 'NONE', #2132, #3934, #1688 ) ;
#482 = EDGE_CURVE ( 'NONE', #1088, #1113, #5466, .T. ) ;
#483 = DIRECTION ( 'NONE',  ( 0.000000000000000000, 1.000000000000000000, 0.000000000000000000 ) ) ;
#484 = VERTEX_POINT ( 'NONE', #5892 ) ;
#485 = CIRCLE ( 'NONE', #361, 176.6239999999116890 ) ;
#486 = ORIENTED_EDGE ( 'NONE', *, *, #2626, .F. ) ;
#487 = DIRECTION ( 'NONE',  ( 0.000000000000000000, -1.000000000000000000, 0.000000000000000000 ) ) ;
#488 = DIRECTION ( 'NONE',  ( 0.000000000000000000, 1.000000000000000000, 0.000000000000000000 ) ) ;
#489 = CARTESIAN_POINT ( 'NONE',  ( -98.67880131525888032, -14.00000000000000000, -49.49999999999999289 ) ) ;
#490 = CIRCLE ( 'NONE', #3321, 176.6239999999116890 ) ;
#491 = CARTESIAN_POINT ( 'NONE',  ( 76.92364288531506133, -115.9999999999996732, -89.04467841295866037 ) ) ;
#492 = CIRCLE ( 'NONE', #6034, 71.39999999996429381 ) ;
#493 = ORIENTED_EDGE ( 'NONE', *, *, #380, .F. ) ;
#494 = EDGE_LOOP ( 'NONE', ( #7224, #5142, #3540, #574 ) ) ;
#495 = AXIS2_PLACEMENT_3D ( 'NONE', #1329, #6068, #5538 ) ;
#496 = DIRECTION ( 'NONE',  ( 0.000000000000000000, 1.000000000000000000, 0.000000000000000000 ) ) ;
#497 = VECTOR ( 'NONE', #5773, 1000.000000000000000 ) ;
#498 = DIRECTION ( 'NONE',  ( 0.000000000000000000, 0.000000000000000000, 1.000000000000000000 ) ) ;
#499 = CARTESIAN_POINT ( 'NONE',  ( 81.31718797161646251, -117.9999999999996589, -48.29840079933597252 ) ) ;
#500 = CARTESIAN_POINT ( 'NONE',  ( 75.81859698044974039, -64.99999999999982947, -93.66625395023220335 ) ) ;
#501 = EDGE_CURVE ( 'NONE', #7419, #6018, #2144, .T. ) ;
#502 = AXIS2_PLACEMENT_3D ( 'NONE', #1193, #1808, #569 ) ;
#503 = CARTESIAN_POINT ( 'NONE',  ( 79.59267901113561550, -12.00000000000000000, -74.38532302856285128 ) ) ;
#504 = EDGE_LOOP ( 'NONE', ( #5715, #2859, #1873, #5252 ) ) ;
#505 = VERTEX_POINT ( 'NONE', #4041 ) ;
#506 = EDGE_CURVE ( 'NONE', #3879, #3170, #5590, .T. ) ;
#507 = CARTESIAN_POINT ( 'NONE',  ( -98.67880131525888032, -12.00000000000000000, -49.49999999999999289 ) ) ;
#508 = DIRECTION ( 'NONE',  ( 0.9653003447619186161, 0.000000000000000000, -0.2611421919233292144 ) ) ;
#509 = CARTESIAN_POINT ( 'NONE',  ( 57.99930231246467116, -14.00000000000000000, 10.39195797972416990 ) ) ;
#510 = VERTEX_POINT ( 'NONE', #4703 ) ;
#511 = FACE_OUTER_BOUND ( 'NONE', #5400, .T. ) ;
#512 = EDGE_CURVE ( 'NONE', #1564, #4542, #7024, .T. ) ;
#513 = ORIENTED_EDGE ( 'NONE', *, *, #2345, .T. ) ;
#514 = EDGE_CURVE ( 'NONE', #5813, #644, #4961, .T. ) ;
#515 = ORIENTED_EDGE ( 'NONE', *, *, #5886, .T. ) ;
#516 = CARTESIAN_POINT ( 'NONE',  ( 75.58350073661644331, 1.734723475976807094E-13, -70.30625106983377748 ) ) ;
#517 = EDGE_CURVE ( 'NONE', #1144, #211, #534, .T. ) ;
#518 = EDGE_CURVE ( 'NONE', #2052, #7543, #6946, .T. ) ;
#519 = DIRECTION ( 'NONE',  ( 0.000000000000000000, -0.000000000000000000, 1.000000000000000000 ) ) ;
#520 = AXIS2_PLACEMENT_3D ( 'NONE', #4647, #6337, #7290 ) ;
#521 = ORIENTED_EDGE ( 'NONE', *, *, #2118, .T. ) ;
#522 = DIRECTION ( 'NONE',  ( 0.000000000000000000, -1.000000000000000000, 0.000000000000000000 ) ) ;
#523 = DIRECTION ( 'NONE',  ( 0.000000000000000000, 1.000000000000000000, -0.000000000000000000 ) ) ;
#524 = DIRECTION ( 'NONE',  ( -0.000000000000000000, -1.000000000000000000, -0.000000000000000000 ) ) ;
#525 = ORIENTED_EDGE ( 'NONE', *, *, #2138, .T. ) ;
#526 = ORIENTED_EDGE ( 'NONE', *, *, #7133, .F. ) ;
#527 = EDGE_CURVE ( 'NONE', #145, #1286, #286, .T. ) ;
#528 = CARTESIAN_POINT ( 'NONE',  ( 81.31718797161646251, -12.00000000000000000, -48.29840079933597252 ) ) ;
#529 = CYLINDRICAL_SURFACE ( 'NONE', #4262, 2.100000000000004530 ) ;
#530 = LINE ( 'NONE', #7214, #5318 ) ;
#531 = FACE_OUTER_BOUND ( 'NONE', #5440, .T. ) ;
#532 = VERTEX_POINT ( 'NONE', #3496 ) ;
#533 = ORIENTED_EDGE ( 'NONE', *, *, #914, .F. ) ;
#534 = LINE ( 'NONE', #4736, #5955 ) ;
#535 = CARTESIAN_POINT ( 'NONE',  ( 76.47970268730871624, -65.99999999999982947, -72.20541458664200718 ) ) ;
#536 = LINE ( 'NONE', #2809, #2331 ) ;
#537 = CARTESIAN_POINT ( 'NONE',  ( 75.58350073661644331, -117.9999999999996589, -68.20625106983376895 ) ) ;
#538 = CARTESIAN_POINT ( 'NONE',  ( 67.84404528638182796, -14.00000000000000000, -108.3742637801547914 ) ) ;
#539 = VERTEX_POINT ( 'NONE', #4155 ) ;
#540 = ORIENTED_EDGE ( 'NONE', *, *, #3650, .T. ) ;
#541 = CARTESIAN_POINT ( 'NONE',  ( -98.67880131525888032, 1.734723475976807094E-13, -49.49999999999998579 ) ) ;
#542 = DIRECTION ( 'NONE',  ( -0.000000000000000000, 1.000000000000000000, -0.000000000000000000 ) ) ;
#543 = DIRECTION ( 'NONE',  ( -0.000000000000000000, 1.000000000000000000, -0.000000000000000000 ) ) ;
#544 = ORIENTED_EDGE ( 'NONE', *, *, #5414, .T. ) ;
#545 = CARTESIAN_POINT ( 'NONE',  ( 75.81859698053705188, -115.9999999999996732, -93.66625395025430123 ) ) ;
#546 = AXIS2_PLACEMENT_3D ( 'NONE', #4455, #1551, #4978 ) ;
#547 = EDGE_CURVE ( 'NONE', #3398, #5924, #1280, .T. ) ;
#548 = ORIENTED_EDGE ( 'NONE', *, *, #1393, .F. ) ;
#549 = AXIS2_PLACEMENT_3D ( 'NONE', #3545, #118, #5295 ) ;
#550 = DIRECTION ( 'NONE',  ( 0.000000000000000000, -1.000000000000000000, 0.000000000000000000 ) ) ;
#551 = CARTESIAN_POINT ( 'NONE',  ( 75.58350073661644331, -129.9999999999998295, -70.30625106983377748 ) ) ;
#552 = FACE_OUTER_BOUND ( 'NONE', #5022, .T. ) ;
#553 = DIRECTION ( 'NONE',  ( -0.000000000000000000, 1.000000000000000000, -0.000000000000000000 ) ) ;
#554 = DIRECTION ( 'NONE',  ( 0.000000000000000000, 0.000000000000000000, 1.000000000000000000 ) ) ;
#555 = ADVANCED_FACE ( 'NONE', ( #1152 ), #1233, .F. ) ;
#556 = EDGE_CURVE ( 'NONE', #1890, #4822, #6618, .T. ) ;
#557 = VERTEX_POINT ( 'NONE', #800 ) ;
#558 = VERTEX_POINT ( 'NONE', #2532 ) ;
#559 = CIRCLE ( 'NONE', #4747, 179.9999999999999716 ) ;
#560 = DIRECTION ( 'NONE',  ( 0.000000000000000000, -1.000000000000000000, 0.000000000000000000 ) ) ;
#561 = DIRECTION ( 'NONE',  ( -0.000000000000000000, -1.000000000000000000, -0.000000000000000000 ) ) ;
#562 = CARTESIAN_POINT ( 'NONE',  ( 73.89508237552827552, 1.734723475976807094E-13, -87.10707438564543281 ) ) ;
#563 = DIRECTION ( 'NONE',  ( 0.000000000000000000, -1.000000000000000000, 0.000000000000000000 ) ) ;
#564 = ADVANCED_FACE ( 'NONE', ( #4201 ), #1891, .F. ) ;
#565 = EDGE_LOOP ( 'NONE', ( #5852, #5904, #406, #49, #677, #6307, #7506, #4468 ) ) ;
#566 = ORIENTED_EDGE ( 'NONE', *, *, #3418, .F. ) ;
#567 = CARTESIAN_POINT ( 'NONE',  ( -98.67880131525888032, -12.00000000000000000, -49.49999999999999289 ) ) ;
#568 = ORIENTED_EDGE ( 'NONE', *, *, #289, .T. ) ;
#569 = DIRECTION ( 'NONE',  ( 0.000000000000000000, 0.000000000000000000, -1.000000000000000000 ) ) ;
#570 = FACE_BOUND ( 'NONE', #4563, .T. ) ;
#571 = DIRECTION ( 'NONE',  ( -0.02653490292452686042, 0.000000000000000000, 0.9996478874717766860 ) ) ;
#572 = DIRECTION ( 'NONE',  ( 0.000000000000000000, 0.000000000000000000, -1.000000000000000000 ) ) ;
#573 = CARTESIAN_POINT ( 'NONE',  ( 77.86696584561761370, -16.00000000000000000, -44.24362543701655426 ) ) ;
#574 = ORIENTED_EDGE ( 'NONE', *, *, #3556, .T. ) ;
#575 = EDGE_CURVE ( 'NONE', #2641, #6279, #942, .T. ) ;
#576 = CIRCLE ( 'NONE', #7618, 71.39999999996429381 ) ;
#577 = VERTEX_POINT ( 'NONE', #4234 ) ;
#578 = ORIENTED_EDGE ( 'NONE', *, *, #2765, .T. ) ;
#579 = DIRECTION ( 'NONE',  ( 0.000000000000000000, 0.000000000000000000, 1.000000000000000000 ) ) ;
#580 = VECTOR ( 'NONE', #1566, 1000.000000000000227 ) ;
#581 = CARTESIAN_POINT ( 'NONE',  ( -98.67880131525888032, -14.00000000000000000, -49.49999999999998579 ) ) ;
#582 = FACE_OUTER_BOUND ( 'NONE', #1316, .T. ) ;
#583 = ORIENTED_EDGE ( 'NONE', *, *, #7076, .F. ) ;
#584 = CARTESIAN_POINT ( 'NONE',  ( -98.67880131525888032, 1.734723475976807094E-13, -49.49999999999998579 ) ) ;
#585 = EDGE_LOOP ( 'NONE', ( #5491, #2072, #3919, #7491 ) ) ;
#586 = VECTOR ( 'NONE', #5504, 1000.000000000000000 ) ;
#587 = ORIENTED_EDGE ( 'NONE', *, *, #984, .T. ) ;
#588 = ORIENTED_EDGE ( 'NONE', *, *, #329, .T. ) ;
#589 = DIRECTION ( 'NONE',  ( 0.02653490292452686042, 0.000000000000000000, -0.9996478874717766860 ) ) ;
#590 = CARTESIAN_POINT ( 'NONE',  ( -98.67880131525888032, -115.9999999999996874, -49.49999999999998579 ) ) ;
#591 = CIRCLE ( 'NONE', #5401, 71.39999999996427960 ) ;
#592 = EDGE_CURVE ( 'NONE', #2872, #4956, #179, .T. ) ;
#593 = DIRECTION ( 'NONE',  ( 0.000000000000000000, 0.000000000000000000, 1.000000000000000000 ) ) ;
#594 = DIRECTION ( 'NONE',  ( 0.000000000000000000, 0.000000000000000000, 1.000000000000000000 ) ) ;
#595 = CYLINDRICAL_SURFACE ( 'NONE', #2955, 71.39999999996429381 ) ;
#596 = ORIENTED_EDGE ( 'NONE', *, *, #3511, .T. ) ;
#597 = AXIS2_PLACEMENT_3D ( 'NONE', #7476, #6407, #5828 ) ;
#598 = ORIENTED_EDGE ( 'NONE', *, *, #3610, .T. ) ;
#599 = DIRECTION ( 'NONE',  ( 0.000000000000000000, 0.000000000000000000, 1.000000000000000000 ) ) ;
#600 = AXIS2_PLACEMENT_3D ( 'NONE', #78, #3042, #4749 ) ;
#601 = EDGE_CURVE ( 'NONE', #6045, #3824, #2551, .T. ) ;
#602 = DIRECTION ( 'NONE',  ( 0.000000000000000000, -1.000000000000000000, 0.000000000000000000 ) ) ;
#603 = CARTESIAN_POINT ( 'NONE',  ( 75.97457085968592594, -117.9999999999996589, -93.04537389804116287 ) ) ;
#604 = AXIS2_PLACEMENT_3D ( 'NONE', #541, #1662, #4017 ) ;
#605 = DIRECTION ( 'NONE',  ( -0.000000000000000000, -1.000000000000000000, -0.000000000000000000 ) ) ;
#606 = AXIS2_PLACEMENT_3D ( 'NONE', #3113, #5482, #2082 ) ;
#607 = AXIS2_PLACEMENT_3D ( 'NONE', #665, #3007, #5337 ) ;
#608 = ORIENTED_EDGE ( 'NONE', *, *, #5616, .T. ) ;
#609 = VERTEX_POINT ( 'NONE', #1851 ) ;
#610 = CARTESIAN_POINT ( 'NONE',  ( 52.76969416084445186, -16.00000000000000000, 22.60012486153856059 ) ) ;
#611 = ADVANCED_FACE ( 'NONE', ( #6591 ), #4317, .T. ) ;
#612 = CIRCLE ( 'NONE', #738, 2.100000000000004530 ) ;
#613 = ADVANCED_FACE ( 'NONE', ( #2498 ), #5441, .F. ) ;
#614 = CARTESIAN_POINT ( 'NONE',  ( -98.67880131525888032, -12.00000000000000000, -49.49999999999999289 ) ) ;
#615 = EDGE_CURVE ( 'NONE', #4254, #99, #6867, .T. ) ;
#616 = DIRECTION ( 'NONE',  ( 0.000000000000000000, 1.000000000000000000, 0.000000000000000000 ) ) ;
#617 = VECTOR ( 'NONE', #6229, 1000.000000000000000 ) ;
#618 = CIRCLE ( 'NONE', #4917, 71.39999999996429381 ) ;
#619 = CARTESIAN_POINT ( 'NONE',  ( 66.25197361087457182, -13.99999999999999822, -121.5960434575482054 ) ) ;
#620 = CYLINDRICAL_SURFACE ( 'NONE', #5542, 71.39999999996429381 ) ;
#621 = CYLINDRICAL_SURFACE ( 'NONE', #4809, 2.100000000000004530 ) ;
#622 = ORIENTED_EDGE ( 'NONE', *, *, #6792, .T. ) ;
#623 = AXIS2_PLACEMENT_3D ( 'NONE', #516, #5805, #7449 ) ;
#624 = CIRCLE ( 'NONE', #4921, 2.100000000000004530 ) ;
#625 = ORIENTED_EDGE ( 'NONE', *, *, #2540, .T. ) ;
#626 = VERTEX_POINT ( 'NONE', #3144 ) ;
#627 = EDGE_CURVE ( 'NONE', #31, #4526, #3406, .T. ) ;
#628 = DIRECTION ( 'NONE',  ( 0.000000000000000000, 0.000000000000000000, 1.000000000000000000 ) ) ;
#629 = FACE_OUTER_BOUND ( 'NONE', #1160, .T. ) ;
#630 = DIRECTION ( 'NONE',  ( 6.219736832637040668E-15, 0.000000000000000000, -1.000000000000000000 ) ) ;
#631 = ORIENTED_EDGE ( 'NONE', *, *, #1288, .T. ) ;
#632 = EDGE_LOOP ( 'NONE', ( #253, #6159, #2324, #6361 ) ) ;
#633 = ORIENTED_EDGE ( 'NONE', *, *, #1787, .T. ) ;
#634 = ORIENTED_EDGE ( 'NONE', *, *, #601, .F. ) ;
#635 = AXIS2_PLACEMENT_3D ( 'NONE', #3714, #2911, #5268 ) ;
#636 = CARTESIAN_POINT ( 'NONE',  ( 81.31165082781738818, -13.99999999999999822, -51.35395180588488273 ) ) ;
#637 = CARTESIAN_POINT ( 'NONE',  ( 74.38115939195898818, 1.700029006457270953E-13, 2.988113466449686256E-15 ) ) ;
#638 = CARTESIAN_POINT ( 'NONE',  ( -98.67880131525888032, -6.000000000000000000, -49.49999999999999289 ) ) ;
#639 = EDGE_CURVE ( 'NONE', #1198, #6469, #4775, .T. ) ;
#640 = CARTESIAN_POINT ( 'NONE',  ( 78.58763409171388048, -13.99999999999999822, -80.75077403958403011 ) ) ;
#641 = DIRECTION ( 'NONE',  ( -0.000000000000000000, -1.000000000000000000, -0.000000000000000000 ) ) ;
#642 = EDGE_LOOP ( 'NONE', ( #6351, #5584, #2520, #5162 ) ) ;
#643 = AXIS2_PLACEMENT_3D ( 'NONE', #237, #2595, #4943 ) ;
#644 = VERTEX_POINT ( 'NONE', #212 ) ;
#645 = CARTESIAN_POINT ( 'NONE',  ( 75.55949415770719213, -64.99999999999982947, -4.322390605046965817 ) ) ;
#646 = DIRECTION ( 'NONE',  ( 0.000000000000000000, 0.000000000000000000, 1.000000000000000000 ) ) ;
#647 = EDGE_CURVE ( 'NONE', #4503, #7504, #84, .T. ) ;
#648 = LINE ( 'NONE', #5352, #4312 ) ;
#649 = ADVANCED_FACE ( 'NONE', ( #7227 ), #4273, .F. ) ;
#650 = ORIENTED_EDGE ( 'NONE', *, *, #1500, .F. ) ;
#651 = EDGE_LOOP ( 'NONE', ( #5384, #578, #4395, #6233 ) ) ;
#652 = DIRECTION ( 'NONE',  ( -0.000000000000000000, 1.000000000000000000, -0.000000000000000000 ) ) ;
#653 = ORIENTED_EDGE ( 'NONE', *, *, #1317, .T. ) ;
#654 = CARTESIAN_POINT ( 'NONE',  ( -98.67880131525888032, -14.00000000000000000, -49.49999999999998579 ) ) ;
#655 = LINE ( 'NONE', #5280, #114 ) ;
#656 = CARTESIAN_POINT ( 'NONE',  ( 77.02296494380226477, -115.9999999999996874, -31.47427645238470717 ) ) ;
#657 = DIRECTION ( 'NONE',  ( 0.000000000000000000, -0.000000000000000000, -1.000000000000000000 ) ) ;
#658 = DIRECTION ( 'NONE',  ( 4.715920963320048112E-13, 0.000000000000000000, 1.000000000000000000 ) ) ;
#659 = VERTEX_POINT ( 'NONE', #3613 ) ;
#660 = ADVANCED_FACE ( 'NONE', ( #5967 ), #2001, .F. ) ;
#661 = ORIENTED_EDGE ( 'NONE', *, *, #2027, .T. ) ;
#662 = ADVANCED_FACE ( 'NONE', ( #3074 ), #147, .F. ) ;
#663 = ORIENTED_EDGE ( 'NONE', *, *, #4191, .F. ) ;
#664 = PLANE ( 'NONE',  #1091 ) ;
#665 = CARTESIAN_POINT ( 'NONE',  ( 76.75940293603790110, -19.93969696196701236, -44.84312453674527887 ) ) ;
#666 = PLANE ( 'NONE',  #1417 ) ;
#667 = ORIENTED_EDGE ( 'NONE', *, *, #4377, .F. ) ;
#668 = ORIENTED_EDGE ( 'NONE', *, *, #3520, .F. ) ;
#669 = ADVANCED_FACE ( 'NONE', ( #6047 ), #768, .F. ) ;
#670 = CIRCLE ( 'NONE', #1164, 2.100000000000004530 ) ;
#671 = ORIENTED_EDGE ( 'NONE', *, *, #5224, .F. ) ;
#672 = CYLINDRICAL_SURFACE ( 'NONE', #871, 176.6239999999116890 ) ;
#673 = DIRECTION ( 'NONE',  ( -0.000000000000000000, -1.000000000000000000, -0.000000000000000000 ) ) ;
#674 = DIRECTION ( 'NONE',  ( 0.000000000000000000, 0.000000000000000000, -1.000000000000000000 ) ) ;
#675 = DIRECTION ( 'NONE',  ( 0.000000000000000000, 1.000000000000000000, 0.000000000000000000 ) ) ;
#676 = CARTESIAN_POINT ( 'NONE',  ( 74.23430928101858228, -8.060303038032998302, -17.37823816096860341 ) ) ;
#677 = ORIENTED_EDGE ( 'NONE', *, *, #2963, .T. ) ;
#678 = VERTEX_POINT ( 'NONE', #374 ) ;
#679 = DIRECTION ( 'NONE',  ( -1.510163294152137896E-13, 0.000000000000000000, 1.000000000000000000 ) ) ;
#680 = DIRECTION ( 'NONE',  ( -0.000000000000000000, 1.000000000000000000, -0.000000000000000000 ) ) ;
#681 = VECTOR ( 'NONE', #5406, 1000.000000000000000 ) ;
#682 = FACE_OUTER_BOUND ( 'NONE', #5117, .T. ) ;
#683 = AXIS2_PLACEMENT_3D ( 'NONE', #1297, #3642, #4310 ) ;
#684 = ORIENTED_EDGE ( 'NONE', *, *, #3779, .T. ) ;
#685 = CIRCLE ( 'NONE', #4990, 179.9999999999999432 ) ;
#686 = ORIENTED_EDGE ( 'NONE', *, *, #5816, .T. ) ;
#687 = CARTESIAN_POINT ( 'NONE',  ( -98.67880131525888032, -14.00000000000000000, -49.49999999999998579 ) ) ;
#688 = EDGE_LOOP ( 'NONE', ( #1114, #5302, #7628, #5063, #5707, #1641, #2110, #6221 ) ) ;
#689 = DIRECTION ( 'NONE',  ( 0.000000000000000000, 1.000000000000000000, 0.000000000000000000 ) ) ;
#690 = DIRECTION ( 'NONE',  ( 0.000000000000000000, -1.000000000000000000, 0.000000000000000000 ) ) ;
#691 = EDGE_CURVE ( 'NONE', #6103, #4711, #4504, .T. ) ;
#692 = DIRECTION ( 'NONE',  ( -0.000000000000000000, -1.000000000000000000, -0.000000000000000000 ) ) ;
#693 = DIRECTION ( 'NONE',  ( -0.000000000000000000, 1.000000000000000000, -0.000000000000000000 ) ) ;
#694 = ORIENTED_EDGE ( 'NONE', *, *, #5091, .T. ) ;
#695 = VERTEX_POINT ( 'NONE', #294 ) ;
#696 = ORIENTED_EDGE ( 'NONE', *, *, #1892, .F. ) ;
#697 = DIRECTION ( 'NONE',  ( 0.000000000000000000, 1.000000000000000000, 0.000000000000000000 ) ) ;
#698 = EDGE_CURVE ( 'NONE', #7445, #4893, #6854, .T. ) ;
#699 = CARTESIAN_POINT ( 'NONE',  ( 65.41789684650092340, -12.00000000000000000, -97.59650353620614283 ) ) ;
#700 = EDGE_CURVE ( 'NONE', #4552, #160, #6115, .T. ) ;
#701 = DIRECTION ( 'NONE',  ( 0.000000000000000000, 0.000000000000000000, -1.000000000000000000 ) ) ;
#702 = VECTOR ( 'NONE', #1378, 1000.000000000000000 ) ;
#703 = ORIENTED_EDGE ( 'NONE', *, *, #1355, .T. ) ;
#704 = ORIENTED_EDGE ( 'NONE', *, *, #389, .F. ) ;
#705 = ORIENTED_EDGE ( 'NONE', *, *, #5658, .F. ) ;
#706 = DIRECTION ( 'NONE',  ( 0.000000000000000000, 0.000000000000000000, 1.000000000000000000 ) ) ;
#707 = VECTOR ( 'NONE', #3524, 1000.000000000000000 ) ;
#708 = CARTESIAN_POINT ( 'NONE',  ( -98.67880131525888032, -117.9999999999996589, -49.49999999999999289 ) ) ;
#709 = EDGE_CURVE ( 'NONE', #1448, #1017, #873, .T. ) ;
#710 = CARTESIAN_POINT ( 'NONE',  ( 71.98000936475692413, -14.00000000000000000, -95.01491748044067265 ) ) ;
#711 = EDGE_CURVE ( 'NONE', #7577, #2366, #3530, .T. ) ;
#712 = CARTESIAN_POINT ( 'NONE',  ( 67.82436137367703566, -12.00000000000000000, -117.8863788672988306 ) ) ;
#713 = CARTESIAN_POINT ( 'NONE',  ( 67.82436137359374584, -123.9999999999996589, -117.8863788672646251 ) ) ;
#714 = ORIENTED_EDGE ( 'NONE', *, *, #5885, .T. ) ;
#715 = ORIENTED_EDGE ( 'NONE', *, *, #2221, .F. ) ;
#716 = CARTESIAN_POINT ( 'NONE',  ( -98.67880131525888032, 1.734723475976807094E-13, -49.49999999999998579 ) ) ;
#717 = VECTOR ( 'NONE', #439, 1000.000000000000000 ) ;
#718 = CARTESIAN_POINT ( 'NONE',  ( 67.07326532935259422, -14.00000000000000000, -75.21628258642788012 ) ) ;
#719 = EDGE_CURVE ( 'NONE', #6833, #558, #1608, .T. ) ;
#720 = FACE_OUTER_BOUND ( 'NONE', #1404, .T. ) ;
#721 = AXIS2_PLACEMENT_3D ( 'NONE', #2214, #3509, #3473 ) ;
#722 = AXIS2_PLACEMENT_3D ( 'NONE', #1210, #7175, #2483 ) ;
#723 = ORIENTED_EDGE ( 'NONE', *, *, #1656, .F. ) ;
#724 = AXIS2_PLACEMENT_3D ( 'NONE', #4860, #1819, #3706 ) ;
#725 = ORIENTED_EDGE ( 'NONE', *, *, #2864, .T. ) ;
#726 = CARTESIAN_POINT ( 'NONE',  ( -98.67880131525888032, -14.00000000000000000, -49.49999999999999289 ) ) ;
#727 = AXIS2_PLACEMENT_3D ( 'NONE', #7075, #5944, #1165 ) ;
#728 = DIRECTION ( 'NONE',  ( 0.000000000000000000, -0.000000000000000000, 1.000000000000000000 ) ) ;
#730 = FACE_OUTER_BOUND ( 'NONE', #2161, .T. ) ;
#729 = CIRCLE ( 'NONE', #3427, 2.100000000000004530 ) ;
#731 = AXIS2_PLACEMENT_3D ( 'NONE', #422, #7030, #3313 ) ;
#732 = DIRECTION ( 'NONE',  ( 0.000000000000000000, 0.000000000000000000, -1.000000000000000000 ) ) ;
#733 = PLANE ( 'NONE',  #2942 ) ;
#734 = CIRCLE ( 'NONE', #2694, 176.6239999999116890 ) ;
#735 = CARTESIAN_POINT ( 'NONE',  ( -98.67880131525888032, -14.00000000000000000, -49.49999999999998579 ) ) ;
#736 = ORIENTED_EDGE ( 'NONE', *, *, #3297, .T. ) ;
#737 = EDGE_LOOP ( 'NONE', ( #3100, #3667, #6894, #219 ) ) ;
#738 = AXIS2_PLACEMENT_3D ( 'NONE', #251, #6044, #7372 ) ;
#739 = AXIS2_PLACEMENT_3D ( 'NONE', #4010, #6356, #4629 ) ;
#740 = FACE_OUTER_BOUND ( 'NONE', #3974, .T. ) ;
#741 = CARTESIAN_POINT ( 'NONE',  ( 74.59194100107124825, -13.99999999999999822, -0.7429506930997364922 ) ) ;
#742 = CARTESIAN_POINT ( 'NONE',  ( 6.488506433601493484, 1.734723475976807094E-13, -180.1710073730252759 ) ) ;
#743 = VERTEX_POINT ( 'NONE', #3341 ) ;
#744 = AXIS2_PLACEMENT_3D ( 'NONE', #4109, #2373, #7006 ) ;
#745 = CIRCLE ( 'NONE', #1604, 2.100000000000004530 ) ;
#746 = ORIENTED_EDGE ( 'NONE', *, *, #2726, .T. ) ;
#747 = ORIENTED_EDGE ( 'NONE', *, *, #3868, .T. ) ;
#748 = EDGE_CURVE ( 'NONE', #31, #1564, #4530, .T. ) ;
#749 = VERTEX_POINT ( 'NONE', #4958 ) ;
#750 = CIRCLE ( 'NONE', #5061, 71.39999999996429381 ) ;
#751 = DIRECTION ( 'NONE',  ( 0.000000000000000000, 0.000000000000000000, 1.000000000000000000 ) ) ;
#752 = LINE ( 'NONE', #2983, #1087 ) ;
#753 = CARTESIAN_POINT ( 'NONE',  ( 67.28506351875270752, -12.00000000000000000, -90.69460607115840389 ) ) ;
#754 = DIRECTION ( 'NONE',  ( 0.000000000000000000, 0.000000000000000000, 1.000000000000000000 ) ) ;
#755 = CARTESIAN_POINT ( 'NONE',  ( 70.19128150720484882, -64.99999999999982947, -111.8128809115886071 ) ) ;
#756 = CARTESIAN_POINT ( 'NONE',  ( 76.75940293603790110, -129.9999999999998295, -44.84312453674527887 ) ) ;
#757 = EDGE_CURVE ( 'NONE', #7255, #7353, #3299, .T. ) ;
#758 = EDGE_LOOP ( 'NONE', ( #6245, #2590, #5914, #7556 ) ) ;
#759 = EDGE_CURVE ( 'NONE', #3329, #6103, #7258, .T. ) ;
#760 = EDGE_CURVE ( 'NONE', #5960, #1880, #3924, .T. ) ;
#761 = ORIENTED_EDGE ( 'NONE', *, *, #1658, .F. ) ;
#762 = DIRECTION ( 'NONE',  ( 1.069017268109491392E-14, 0.000000000000000000, 1.000000000000000000 ) ) ;
#763 = CARTESIAN_POINT ( 'NONE',  ( -98.67880131525888032, -6.000000000000000000, -49.49999999999999289 ) ) ;
#764 = DIRECTION ( 'NONE',  ( 0.000000000000000000, 0.000000000000000000, 1.000000000000000000 ) ) ;
#765 = VERTEX_POINT ( 'NONE', #2188 ) ;
#766 = ADVANCED_FACE ( 'NONE', ( #2643 ), #6114, .F. ) ;
#767 = ORIENTED_EDGE ( 'NONE', *, *, #575, .F. ) ;
#768 = PLANE ( 'NONE',  #3037 ) ;
#769 = CARTESIAN_POINT ( 'NONE',  ( -98.67880131525888032, -139.9999999999998579, -49.49999999999998579 ) ) ;
#770 = VECTOR ( 'NONE', #1911, 1000.000000000000000 ) ;
#771 = CARTESIAN_POINT ( 'NONE',  ( -98.67880131525888032, -115.9999999999996732, -49.49999999999999289 ) ) ;
#772 = CARTESIAN_POINT ( 'NONE',  ( 76.75940293603790110, -117.9999999999996589, -46.94312453674528030 ) ) ;
#773 = FACE_OUTER_BOUND ( 'NONE', #298, .T. ) ;
#774 =( NAMED_UNIT ( * ) SI_UNIT ( $, .STERADIAN. ) SOLID_ANGLE_UNIT ( ) );
#775 = ORIENTED_EDGE ( 'NONE', *, *, #795, .T. ) ;
#776 = VERTEX_POINT ( 'NONE', #4998 ) ;
#777 = PLANE ( 'NONE',  #1241 ) ;
#778 = LINE ( 'NONE', #6483, #5028 ) ;
#779 = LINE ( 'NONE', #4133, #5363 ) ;
#780 = CIRCLE ( 'NONE', #7579, 71.39999999996429381 ) ;
#781 = ORIENTED_EDGE ( 'NONE', *, *, #5031, .T. ) ;
#782 = ORIENTED_EDGE ( 'NONE', *, *, #5140, .F. ) ;
#783 = DIRECTION ( 'NONE',  ( -0.000000000000000000, 1.000000000000000000, -0.000000000000000000 ) ) ;
#784 = CARTESIAN_POINT ( 'NONE',  ( 41.96261521398328398, -14.00000000000000000, -140.9060541959499062 ) ) ;
#785 = DIRECTION ( 'NONE',  ( 0.000000000000000000, 1.000000000000000000, 0.000000000000000000 ) ) ;
#786 = FACE_OUTER_BOUND ( 'NONE', #3861, .T. ) ;
#787 = LINE ( 'NONE', #1187, #6291 ) ;
#788 = CARTESIAN_POINT ( 'NONE',  ( -98.67880131525888032, -14.00000000000000000, -49.49999999999999289 ) ) ;
#789 = EDGE_CURVE ( 'NONE', #7245, #1183, #3286, .T. ) ;
#790 = CYLINDRICAL_SURFACE ( 'NONE', #3814, 2.100000000000004530 ) ;
#791 = VERTEX_POINT ( 'NONE', #5701 ) ;
#792 = VERTEX_POINT ( 'NONE', #5119 ) ;
#793 = LINE ( 'NONE', #645, #586 ) ;
#794 = DIRECTION ( 'NONE',  ( 0.000000000000000000, -0.000000000000000000, 1.000000000000000000 ) ) ;
#795 = EDGE_CURVE ( 'NONE', #7331, #1199, #4150, .T. ) ;
#796 = ADVANCED_FACE ( 'NONE', ( #5664 ), #835, .T. ) ;
#797 = CYLINDRICAL_SURFACE ( 'NONE', #6395, 2.100000000000004530 ) ;
#798 = EDGE_LOOP ( 'NONE', ( #4695, #2424, #4361, #7585 ) ) ;
#799 = ORIENTED_EDGE ( 'NONE', *, *, #6654, .T. ) ;
#800 = CARTESIAN_POINT ( 'NONE',  ( 79.35078683603622096, -115.9999999999996732, -76.06060508874462300 ) ) ;
#801 = AXIS2_PLACEMENT_3D ( 'NONE', #5213, #3983, #6328 ) ;
#802 = FACE_BOUND ( 'NONE', #2633, .T. ) ;
#803 = PLANE ( 'NONE',  #1982 ) ;
#804 = EDGE_CURVE ( 'NONE', #4564, #81, #5389, .T. ) ;
#805 = EDGE_CURVE ( 'NONE', #4271, #1008, #7381, .T. ) ;
#806 = CARTESIAN_POINT ( 'NONE',  ( 65.00000000000000000, -129.9999999999998295, -3.079134169858832593E-14 ) ) ;
#807 = VERTEX_POINT ( 'NONE', #3262 ) ;
#808 = ORIENTED_EDGE ( 'NONE', *, *, #2576, .F. ) ;
#809 = CIRCLE ( 'NONE', #1796, 71.39999999996427960 ) ;
#810 = DIRECTION ( 'NONE',  ( 0.9653003447619190602, 0.000000000000000000, -0.2611421919233277711 ) ) ;
#811 = CARTESIAN_POINT ( 'NONE',  ( 77.02296494380226477, 1.734723475976807094E-13, -31.47427645238470717 ) ) ;
#812 = SURFACE_STYLE_FILL_AREA ( #6750 ) ;
#813 = ORIENTED_EDGE ( 'NONE', *, *, #4821, .T. ) ;
#814 = ORIENTED_EDGE ( 'NONE', *, *, #182, .T. ) ;
#815 = ORIENTED_EDGE ( 'NONE', *, *, #5083, .T. ) ;
#816 = DIRECTION ( 'NONE',  ( 0.000000000000000000, 0.000000000000000000, -1.000000000000000000 ) ) ;
#817 = CARTESIAN_POINT ( 'NONE',  ( 79.24455130461198848, -117.9999999999996589, -22.23682717464669523 ) ) ;
#818 = CYLINDRICAL_SURFACE ( 'NONE', #604, 176.6239999999116890 ) ;
#819 = FACE_OUTER_BOUND ( 'NONE', #7146, .T. ) ;
#820 = PLANE ( 'NONE',  #2401 ) ;
#821 = PLANE ( 'NONE',  #7546 ) ;
#822 = CARTESIAN_POINT ( 'NONE',  ( 64.50487105808083754, 1.734723475976807094E-13, -117.0805182483777855 ) ) ;
#823 = ORIENTED_EDGE ( 'NONE', *, *, #1595, .F. ) ;
#824 = AXIS2_PLACEMENT_3D ( 'NONE', #67, #2417, #7262 ) ;
#825 = AXIS2_PLACEMENT_3D ( 'NONE', #4461, #4381, #6729 ) ;
#826 = FACE_OUTER_BOUND ( 'NONE', #832, .T. ) ;
#827 = PLANE ( 'NONE',  #3658 ) ;
#828 = DIRECTION ( 'NONE',  ( 0.000000000000000000, -0.000000000000000000, 1.000000000000000000 ) ) ;
#829 = VECTOR ( 'NONE', #5692, 1000.000000000000000 ) ;
#830 = LINE ( 'NONE', #3174, #3808 ) ;
#831 = VERTEX_POINT ( 'NONE', #330 ) ;
#832 = EDGE_LOOP ( 'NONE', ( #5981, #1260, #4789, #2279 ) ) ;
#833 = EDGE_LOOP ( 'NONE', ( #1034, #3512, #1412, #2262 ) ) ;
#834 = EDGE_CURVE ( 'NONE', #3181, #4693, #2679, .T. ) ;
#835 = CYLINDRICAL_SURFACE ( 'NONE', #1066, 176.6239999999116890 ) ;
#836 = FACE_BOUND ( 'NONE', #3407, .T. ) ;
#837 = DIRECTION ( 'NONE',  ( 0.000000000000000000, 1.000000000000000000, 0.000000000000000000 ) ) ;
#838 = AXIS2_PLACEMENT_3D ( 'NONE', #5139, #7590, #5802 ) ;
#839 = DIRECTION ( 'NONE',  ( 0.000000000000000000, 0.000000000000000000, 1.000000000000000000 ) ) ;
#840 = CIRCLE ( 'NONE', #6012, 180.0000000000000000 ) ;
#841 = EDGE_LOOP ( 'NONE', ( #1992, #7429, #4909, #2474 ) ) ;
#842 = ORIENTED_EDGE ( 'NONE', *, *, #2951, .F. ) ;
#843 = EDGE_CURVE ( 'NONE', #2009, #1450, #3376, .T. ) ;
#844 = EDGE_CURVE ( 'NONE', #6480, #5464, #1145, .T. ) ;
#845 = CIRCLE ( 'NONE', #4307, 71.39999999996429381 ) ;
#846 = CARTESIAN_POINT ( 'NONE',  ( 75.58350073661644331, -19.93969696196701236, -72.40625106983378600 ) ) ;
#847 = CARTESIAN_POINT ( 'NONE',  ( 80.60076164434590851, -115.9999999999996732, -65.58845253631017158 ) ) ;
#848 = CARTESIAN_POINT ( 'NONE',  ( 36.94263254752749503, 1.734723475976807094E-13, 49.20107124052194791 ) ) ;
#849 = VECTOR ( 'NONE', #4036, 1000.000000000000000 ) ;
#850 = ORIENTED_EDGE ( 'NONE', *, *, #6178, .F. ) ;
#851 = CIRCLE ( 'NONE', #5784, 180.0000000000000000 ) ;
#852 = ORIENTED_EDGE ( 'NONE', *, *, #426, .F. ) ;
#853 = CYLINDRICAL_SURFACE ( 'NONE', #6416, 71.39999999996429381 ) ;
#854 = LINE ( 'NONE', #7288, #7636 ) ;
#855 = AXIS2_PLACEMENT_3D ( 'NONE', #3405, #5148, #6265 ) ;
#856 = CARTESIAN_POINT ( 'NONE',  ( 78.58763409180252779, -115.9999999999996732, -80.75077403959964784 ) ) ;
#857 = CARTESIAN_POINT ( 'NONE',  ( 13.23815413300921762, -14.00000000000000000, -174.4386644326531552 ) ) ;
#858 = AXIS2_PLACEMENT_3D ( 'NONE', #7051, #1141, #5346 ) ;
#859 = CARTESIAN_POINT ( 'NONE',  ( 44.32644146041548083, -115.9999999999996874, 38.16170957547635112 ) ) ;
#860 = LINE ( 'NONE', #7330, #4051 ) ;
#861 = ORIENTED_EDGE ( 'NONE', *, *, #7322, .F. ) ;
#862 = VECTOR ( 'NONE', #7110, 1000.000000000000000 ) ;
#863 = CIRCLE ( 'NONE', #2957, 71.39999999996429381 ) ;
#864 = AXIS2_PLACEMENT_3D ( 'NONE', #6740, #5513, #4433 ) ;
#865 = ORIENTED_EDGE ( 'NONE', *, *, #2394, .T. ) ;
#866 = CARTESIAN_POINT ( 'NONE',  ( -98.67880131525888032, -115.9999999999996732, -49.49999999999999289 ) ) ;
#867 = CYLINDRICAL_SURFACE ( 'NONE', #188, 176.6239999999116890 ) ;
#868 = DIRECTION ( 'NONE',  ( -0.000000000000000000, -1.000000000000000000, -0.000000000000000000 ) ) ;
#869 = ORIENTED_EDGE ( 'NONE', *, *, #425, .F. ) ;
#870 = EDGE_LOOP ( 'NONE', ( #7601, #3748, #233, #1278, #736, #2046 ) ) ;
#871 = AXIS2_PLACEMENT_3D ( 'NONE', #1827, #5915, #2438 ) ;
#872 = ORIENTED_EDGE ( 'NONE', *, *, #3288, .T. ) ;
#873 = LINE ( 'NONE', #5041, #2425 ) ;
#874 = DIRECTION ( 'NONE',  ( 0.000000000000000000, 1.000000000000000000, 0.000000000000000000 ) ) ;
#875 = DIRECTION ( 'NONE',  ( 0.000000000000000000, -1.000000000000000000, 0.000000000000000000 ) ) ;
#876 = CARTESIAN_POINT ( 'NONE',  ( -98.67880131525888032, 1.734723475976807094E-13, -49.49999999999998579 ) ) ;
#877 = ADVANCED_FACE ( 'NONE', ( #1060, #7093, #5771, #6345, #4112, #4654 ), #6465, .F. ) ;
#878 = PRODUCT_CONTEXT ( 'NONE', #3597, 'mechanical' ) ;
#879 = ORIENTED_EDGE ( 'NONE', *, *, #2617, .T. ) ;
#880 = EDGE_LOOP ( 'NONE', ( #6309, #5332, #3939, #5341 ) ) ;
#881 = CIRCLE ( 'NONE', #5160, 71.39999999996429381 ) ;
#882 = DIRECTION ( 'NONE',  ( 0.000000000000000000, 0.000000000000000000, 1.000000000000000000 ) ) ;
#883 = CYLINDRICAL_SURFACE ( 'NONE', #4304, 176.6239999999116890 ) ;
#884 = CARTESIAN_POINT ( 'NONE',  ( 76.75940293603790110, -129.9999999999998295, -46.94312453674528030 ) ) ;
#885 = CARTESIAN_POINT ( 'NONE',  ( 68.78126029277126463, 1.734723475976807094E-13, -59.10221605982078330 ) ) ;
#886 = ADVANCED_FACE ( 'NONE', ( #2909 ), #2264, .T. ) ;
#887 = EDGE_CURVE ( 'NONE', #6691, #3504, #5638, .T. ) ;
#888 = ORIENTED_EDGE ( 'NONE', *, *, #5648, .T. ) ;
#889 = ORIENTED_EDGE ( 'NONE', *, *, #4621, .F. ) ;
#890 = LINE ( 'NONE', #817, #3796 ) ;
#891 = CARTESIAN_POINT ( 'NONE',  ( -98.67880131525888032, -14.00000000000000000, -49.49999999999999289 ) ) ;
#892 = CARTESIAN_POINT ( 'NONE',  ( 76.75940293603790110, -19.93969696196701236, -44.84312453674527887 ) ) ;
#893 = DIRECTION ( 'NONE',  ( -0.000000000000000000, 1.000000000000000000, -0.000000000000000000 ) ) ;
#894 = DIRECTION ( 'NONE',  ( 2.841642265409620921E-13, 0.000000000000000000, -1.000000000000000000 ) ) ;
#895 = ADVANCED_FACE ( 'NONE', ( #2952 ), #6939, .F. ) ;
#896 = DIRECTION ( 'NONE',  ( 0.000000000000000000, -1.000000000000000000, 0.000000000000000000 ) ) ;
#897 = ORIENTED_EDGE ( 'NONE', *, *, #7559, .T. ) ;
#898 = ORIENTED_EDGE ( 'NONE', *, *, #592, .T. ) ;
#899 = CARTESIAN_POINT ( 'NONE',  ( 70.73140919045791009, -117.9999999999996589, -95.33045468254395871 ) ) ;
#900 = CARTESIAN_POINT ( 'NONE',  ( 77.72942259335832205, 1.734723475976807094E-13, -58.22788137957753207 ) ) ;
#901 = DIRECTION ( 'NONE',  ( -0.000000000000000000, 1.000000000000000000, -0.000000000000000000 ) ) ;
#902 = DIRECTION ( 'NONE',  ( 0.000000000000000000, 0.000000000000000000, 1.000000000000000000 ) ) ;
#903 = EDGE_LOOP ( 'NONE', ( #2176, #2924 ) ) ;
#904 = ORIENTED_EDGE ( 'NONE', *, *, #4821, .F. ) ;
#905 = ORIENTED_EDGE ( 'NONE', *, *, #7412, .F. ) ;
#906 = DIRECTION ( 'NONE',  ( 0.9653003447619186161, 0.000000000000000000, -0.2611421919233292144 ) ) ;
#907 = CARTESIAN_POINT ( 'NONE',  ( 49.41154273188061552, -14.00000000000000000, -134.9999999999990905 ) ) ;
#908 = FACE_BOUND ( 'NONE', #5593, .T. ) ;
#909 = CARTESIAN_POINT ( 'NONE',  ( 75.04605660715171211, 1.734723475976807094E-13, -17.62977697274387268 ) ) ;
#910 = VECTOR ( 'NONE', #7460, 1000.000000000000000 ) ;
#911 = ORIENTED_EDGE ( 'NONE', *, *, #418, .F. ) ;
#912 = ORIENTED_EDGE ( 'NONE', *, *, #2625, .T. ) ;
#913 = CARTESIAN_POINT ( 'NONE',  ( -98.67880131525888032, -14.00000000000000000, -49.49999999999998579 ) ) ;
#914 = EDGE_CURVE ( 'NONE', #5296, #505, #7055, .T. ) ;
#915 = DIRECTION ( 'NONE',  ( -0.000000000000000000, 1.000000000000000000, -0.000000000000000000 ) ) ;
#916 = VECTOR ( 'NONE', #447, 1000.000000000000000 ) ;
#917 = DIRECTION ( 'NONE',  ( -0.000000000000000000, 1.000000000000000000, -0.000000000000000000 ) ) ;
#918 = CARTESIAN_POINT ( 'NONE',  ( -98.67880131525888032, -117.9999999999996589, -49.49999999999999289 ) ) ;
#919 = ORIENTED_EDGE ( 'NONE', *, *, #936, .F. ) ;
#920 = VECTOR ( 'NONE', #5178, 1000.000000000000000 ) ;
#921 = ORIENTED_EDGE ( 'NONE', *, *, #3761, .F. ) ;
#922 = EDGE_LOOP ( 'NONE', ( #1692, #5592, #7192, #4994 ) ) ;
#923 = VECTOR ( 'NONE', #602, 1000.000000000000000 ) ;
#924 = VECTOR ( 'NONE', #342, 1000.000000000000000 ) ;
#925 = ADVANCED_FACE ( 'NONE', ( #5736 ), #6426, .T. ) ;
#926 = ADVANCED_FACE ( 'NONE', ( #3488 ), #2840, .T. ) ;
#927 = DIRECTION ( 'NONE',  ( -0.000000000000000000, 1.000000000000000000, -0.000000000000000000 ) ) ;
#928 = CARTESIAN_POINT ( 'NONE',  ( -98.67880131525888032, -14.00000000000000000, -49.49999999999999289 ) ) ;
#929 = CYLINDRICAL_SURFACE ( 'NONE', #6430, 2.100000000000004530 ) ;
#930 = DIRECTION ( 'NONE',  ( -0.000000000000000000, -1.000000000000000000, 0.000000000000000000 ) ) ;
#931 = EDGE_LOOP ( 'NONE', ( #6022, #4367, #5533, #4531 ) ) ;
#932 = CARTESIAN_POINT ( 'NONE',  ( 77.89834047893459967, -14.00000000000000000, -45.43178518731967586 ) ) ;
#933 = DIRECTION ( 'NONE',  ( -0.000000000000000000, 1.000000000000000000, -0.000000000000000000 ) ) ;
#934 = VERTEX_POINT ( 'NONE', #5196 ) ;
#935 = DIRECTION ( 'NONE',  ( -0.000000000000000000, 1.000000000000000000, -0.000000000000000000 ) ) ;
#936 = EDGE_CURVE ( 'NONE', #5456, #4711, #4170, .T. ) ;
#937 = EDGE_CURVE ( 'NONE', #6635, #2253, #1937, .T. ) ;
#938 = CARTESIAN_POINT ( 'NONE',  ( 67.82436137367703566, -117.9999999999996589, -117.8863788672988306 ) ) ;
#939 = DIRECTION ( 'NONE',  ( 0.9929475900391752097, 0.000000000000000000, -0.1185541371500549446 ) ) ;
#940 = CARTESIAN_POINT ( 'NONE',  ( -98.67880131525888032, 1.734723475976807094E-13, -49.49999999999998579 ) ) ;
#941 = DIRECTION ( 'NONE',  ( -4.476274863051368435E-13, 0.000000000000000000, 1.000000000000000000 ) ) ;
#942 = CIRCLE ( 'NONE', #1806, 180.0000000000000000 ) ;
#943 = VERTEX_POINT ( 'NONE', #2376 ) ;
#944 = ORIENTED_EDGE ( 'NONE', *, *, #2524, .T. ) ;
#945 = EDGE_LOOP ( 'NONE', ( #6129, #3783, #888, #4154 ) ) ;
#946 = EDGE_CURVE ( 'NONE', #1279, #1870, #1561, .T. ) ;
#947 = DIRECTION ( 'NONE',  ( -0.000000000000000000, 1.000000000000000000, -0.000000000000000000 ) ) ;
#948 = AXIS2_PLACEMENT_3D ( 'NONE', #1799, #93, #62 ) ;
#949 = VECTOR ( 'NONE', #4076, 1000.000000000000000 ) ;
#950 = CARTESIAN_POINT ( 'NONE',  ( 75.58350073661644331, -16.00000000000000000, -72.40625106983378600 ) ) ;
#951 = DIRECTION ( 'NONE',  ( 0.000000000000000000, 0.000000000000000000, 1.000000000000000000 ) ) ;
#952 = CARTESIAN_POINT ( 'NONE',  ( 74.14424657729851731, -115.9999999999996874, -85.94491038671398542 ) ) ;
#953 = VERTEX_POINT ( 'NONE', #7533 ) ;
#954 = EDGE_LOOP ( 'NONE', ( #2434, #897, #962, #6899 ) ) ;
#955 = CARTESIAN_POINT ( 'NONE',  ( -98.67880131525888032, -115.9999999999996874, -49.49999999999998579 ) ) ;
#956 = DIRECTION ( 'NONE',  ( 0.000000000000000000, 0.000000000000000000, -1.000000000000000000 ) ) ;
#957 = CARTESIAN_POINT ( 'NONE',  ( -98.67880131525888032, -6.000000000000000000, -49.49999999999999289 ) ) ;
#958 = DIRECTION ( 'NONE',  ( -0.000000000000000000, 1.000000000000000000, -0.000000000000000000 ) ) ;
#959 = CIRCLE ( 'NONE', #4042, 71.39999999996429381 ) ;
#960 = ORIENTED_EDGE ( 'NONE', *, *, #4225, .T. ) ;
#961 = AXIS2_PLACEMENT_3D ( 'NONE', #3998, #487, #446 ) ;
#962 = ORIENTED_EDGE ( 'NONE', *, *, #7122, .T. ) ;
#963 = AXIS2_PLACEMENT_3D ( 'NONE', #1011, #542, #5829 ) ;
#964 = PLANE ( 'NONE',  #7552 ) ;
#965 = CARTESIAN_POINT ( 'NONE',  ( 69.15226193964876700, -117.9999999999996589, -16.73211623056527486 ) ) ;
#966 = AXIS2_PLACEMENT_3D ( 'NONE', #1389, #6678, #265 ) ;
#967 = DIRECTION ( 'NONE',  ( -0.000000000000000000, 1.000000000000000000, -0.000000000000000000 ) ) ;
#968 = CARTESIAN_POINT ( 'NONE',  ( 76.69132696895805168, -64.99999999999982947, -8.937479053381366612 ) ) ;
#969 = EDGE_LOOP ( 'NONE', ( #1669, #7498, #1675, #4594 ) ) ;
#970 = AXIS2_PLACEMENT_3D ( 'NONE', #1159, #1691, #4047 ) ;
#971 = DIRECTION ( 'NONE',  ( 0.000000000000000000, -1.000000000000000000, 0.000000000000000000 ) ) ;
#972 = CIRCLE ( 'NONE', #5410, 2.100000000000004530 ) ;
#973 = VECTOR ( 'NONE', #7029, 1000.000000000000000 ) ;
#974 = EDGE_CURVE ( 'NONE', #7255, #2665, #4730, .T. ) ;
#975 = VERTEX_POINT ( 'NONE', #6310 ) ;
#976 = ORIENTED_EDGE ( 'NONE', *, *, #6247, .F. ) ;
#977 = CARTESIAN_POINT ( 'NONE',  ( -98.67880131525888032, -123.9999999999996589, -49.49999999999999289 ) ) ;
#978 = AXIS2_PLACEMENT_3D ( 'NONE', #2070, #2564, #176 ) ;
#979 = DIRECTION ( 'NONE',  ( -0.000000000000000000, -1.000000000000000000, -0.000000000000000000 ) ) ;
#980 = AXIS2_PLACEMENT_3D ( 'NONE', #3518, #4072, #3482 ) ;
#981 = DIRECTION ( 'NONE',  ( -0.000000000000000000, 1.000000000000000000, -0.000000000000000000 ) ) ;
#982 = CARTESIAN_POINT ( 'NONE',  ( 70.37537075531301412, -117.9999999999996589, -23.77672444004325669 ) ) ;
#983 = FACE_OUTER_BOUND ( 'NONE', #642, .T. ) ;
#984 = EDGE_CURVE ( 'NONE', #3852, #5203, #449, .T. ) ;
#985 = AXIS2_PLACEMENT_3D ( 'NONE', #1834, #1100, #554 ) ;
#986 = EDGE_CURVE ( 'NONE', #3937, #1967, #4396, .T. ) ;
#987 = EDGE_CURVE ( 'NONE', #2239, #4728, #4872, .T. ) ;
#988 = VERTEX_POINT ( 'NONE', #173 ) ;
#989 = CIRCLE ( 'NONE', #2344, 71.39999999996429381 ) ;
#990 = ORIENTED_EDGE ( 'NONE', *, *, #7576, .T. ) ;
#991 = ORIENTED_EDGE ( 'NONE', *, *, #6975, .T. ) ;
#992 = CARTESIAN_POINT ( 'NONE',  ( 9.901165855746185684, -115.9999999999996874, -177.3493860609748367 ) ) ;
#993 = AXIS2_PLACEMENT_3D ( 'NONE', #4601, #2774, #5679 ) ;
#994 = CYLINDRICAL_SURFACE ( 'NONE', #4970, 2.100000000000004530 ) ;
#995 = CARTESIAN_POINT ( 'NONE',  ( 81.15866094160692512, -13.99999999999999822, -57.14769043423839889 ) ) ;
#996 = AXIS2_PLACEMENT_3D ( 'NONE', #1962, #4320, #6673 ) ;
#997 = DIRECTION ( 'NONE',  ( 0.000000000000000000, 0.000000000000000000, 1.000000000000000000 ) ) ;
#998 = EDGE_CURVE ( 'NONE', #2795, #5377, #3025, .T. ) ;
#999 = AXIS2_PLACEMENT_3D ( 'NONE', #2779, #7065, #4120 ) ;
#1000 = VERTEX_POINT ( 'NONE', #2491 ) ;
#1001 = AXIS2_PLACEMENT_3D ( 'NONE', #7057, #26, #754 ) ;
#1002 = ORIENTED_EDGE ( 'NONE', *, *, #4196, .T. ) ;
#1003 = FACE_OUTER_BOUND ( 'NONE', #5869, .T. ) ;
#1004 = DIRECTION ( 'NONE',  ( 0.000000000000000000, -1.000000000000000000, 0.000000000000000000 ) ) ;
#1005 = CYLINDRICAL_SURFACE ( 'NONE', #5420, 2.100000000000004530 ) ;
#1006 = PRESENTATION_STYLE_ASSIGNMENT (( #1468 ) ) ;
#1007 = ORIENTED_EDGE ( 'NONE', *, *, #4767, .F. ) ;
#1008 = VERTEX_POINT ( 'NONE', #1841 ) ;
#1009 = DIRECTION ( 'NONE',  ( -0.000000000000000000, -1.000000000000000000, -0.000000000000000000 ) ) ;
#1010 = DIRECTION ( 'NONE',  ( 0.000000000000000000, -1.000000000000000000, 0.000000000000000000 ) ) ;
#1011 = CARTESIAN_POINT ( 'NONE',  ( -98.67880131525888032, -115.9999999999996874, -49.49999999999998579 ) ) ;
#1012 = CYLINDRICAL_SURFACE ( 'NONE', #4256, 2.100000000000004530 ) ;
#1013 = VECTOR ( 'NONE', #1434, 1000.000000000000227 ) ;
#1014 = VERTEX_POINT ( 'NONE', #1332 ) ;
#1015 = DIRECTION ( 'NONE',  ( -0.000000000000000000, 1.000000000000000000, -0.000000000000000000 ) ) ;
#1016 = VERTEX_POINT ( 'NONE', #6546 ) ;
#1017 = VERTEX_POINT ( 'NONE', #4911 ) ;
#1018 = LINE ( 'NONE', #7485, #3320 ) ;
#1019 = CARTESIAN_POINT ( 'NONE',  ( 59.56704236009141340, -123.9999999999996589, -114.3016431850041243 ) ) ;
#1020 = ADVANCED_FACE ( 'NONE', ( #6665 ), #4841, .T. ) ;
#1021 = CARTESIAN_POINT ( 'NONE',  ( 77.66669519221680673, -115.9999999999996874, -39.58520108622035139 ) ) ;
#1022 = DIRECTION ( 'NONE',  ( -0.000000000000000000, -1.000000000000000000, -0.000000000000000000 ) ) ;
#1023 = CARTESIAN_POINT ( 'NONE',  ( 70.65429478737839020, -6.000000000000000000, -73.31811420526399559 ) ) ;
#1024 = ORIENTED_EDGE ( 'NONE', *, *, #1939, .F. ) ;
#1025 = ORIENTED_EDGE ( 'NONE', *, *, #6166, .F. ) ;
#1026 = VERTEX_POINT ( 'NONE', #5434 ) ;
#1027 = DIRECTION ( 'NONE',  ( 0.000000000000000000, 1.000000000000000000, 0.000000000000000000 ) ) ;
#1028 = EDGE_CURVE ( 'NONE', #7649, #5974, #3605, .T. ) ;
#1029 = CARTESIAN_POINT ( 'NONE',  ( 74.23430928101858228, -8.060303038032998302, -17.37823816096860341 ) ) ;
#1030 = EDGE_CURVE ( 'NONE', #6024, #6600, #3909, .T. ) ;
#1031 = DIRECTION ( 'NONE',  ( -0.000000000000000000, -1.000000000000000000, -0.000000000000000000 ) ) ;
#1032 = DIRECTION ( 'NONE',  ( 0.000000000000000000, 0.000000000000000000, -1.000000000000000000 ) ) ;
#1033 = ORIENTED_EDGE ( 'NONE', *, *, #5099, .F. ) ;
#1034 = ORIENTED_EDGE ( 'NONE', *, *, #6315, .T. ) ;
#1035 = CYLINDRICAL_SURFACE ( 'NONE', #469, 71.39999999996429381 ) ;
#1036 = EDGE_CURVE ( 'NONE', #792, #5714, #2062, .T. ) ;
#1037 = CARTESIAN_POINT ( 'NONE',  ( -98.67880131525888032, -115.9999999999996874, -49.49999999999998579 ) ) ;
#1038 = CARTESIAN_POINT ( 'NONE',  ( 74.23430928101858228, -8.060303038032998302, -19.47823816096860838 ) ) ;
#1039 = CARTESIAN_POINT ( 'NONE',  ( 76.92364288522718141, -64.99999999999982947, -89.04467841293886465 ) ) ;
#1040 = EDGE_LOOP ( 'NONE', ( #5866, #1254, #715, #7619 ) ) ;
#1041 = VERTEX_POINT ( 'NONE', #5386 ) ;
#1042 = EDGE_CURVE ( 'NONE', #5714, #2009, #7380, .T. ) ;
#1043 = EDGE_CURVE ( 'NONE', #2506, #2529, #6991, .T. ) ;
#1044 = PLANE ( 'NONE',  #3058 ) ;
#1045 = AXIS2_PLACEMENT_3D ( 'NONE', #4679, #2175, #7041 ) ;
#1046 = DIRECTION ( 'NONE',  ( 0.000000000000000000, 0.000000000000000000, 1.000000000000000000 ) ) ;
#1047 = CARTESIAN_POINT ( 'NONE',  ( 70.73140919045791009, -8.060303038032998302, -97.43045468254396724 ) ) ;
#1048 = EDGE_LOOP ( 'NONE', ( #6552, #2014, #4651, #1243 ) ) ;
#1049 = CARTESIAN_POINT ( 'NONE',  ( 70.37537075531301412, -12.00000000000000000, -23.77672444004325669 ) ) ;
#1050 = ORIENTED_EDGE ( 'NONE', *, *, #5030, .T. ) ;
#1051 = CIRCLE ( 'NONE', #7358, 180.0000000000000000 ) ;
#1052 = ORIENTED_EDGE ( 'NONE', *, *, #6354, .F. ) ;
#1053 = CARTESIAN_POINT ( 'NONE',  ( 67.84404528638182796, 1.734723475976807094E-13, -108.3742637801547914 ) ) ;
#1054 = CARTESIAN_POINT ( 'NONE',  ( -98.67880131525888032, -115.9999999999996874, -49.49999999999998579 ) ) ;
#1055 = DIRECTION ( 'NONE',  ( 0.000000000000000000, -1.000000000000000000, 0.000000000000000000 ) ) ;
#1056 = FACE_OUTER_BOUND ( 'NONE', #504, .T. ) ;
#1057 = CARTESIAN_POINT ( 'NONE',  ( 68.19946070049617504, -115.9999999999996874, -32.56717821431631421 ) ) ;
#1058 = ORIENTED_EDGE ( 'NONE', *, *, #3580, .F. ) ;
#1059 = ORIENTED_EDGE ( 'NONE', *, *, #1502, .F. ) ;
#1060 = FACE_BOUND ( 'NONE', #5069, .T. ) ;
#1061 = CARTESIAN_POINT ( 'NONE',  ( -98.67880131525888032, -115.9999999999996874, -49.49999999999998579 ) ) ;
#1062 = CARTESIAN_POINT ( 'NONE',  ( 71.50195686800125827, -117.9999999999996589, -66.21853893648385281 ) ) ;
#1063 = DIRECTION ( 'NONE',  ( 0.000000000000000000, 0.000000000000000000, 1.000000000000000000 ) ) ;
#1064 = EDGE_CURVE ( 'NONE', #6298, #2518, #5871, .T. ) ;
#1065 = ORIENTED_EDGE ( 'NONE', *, *, #3672, .T. ) ;
#1066 = AXIS2_PLACEMENT_3D ( 'NONE', #7343, #4390, #1451 ) ;
#1067 = VERTEX_POINT ( 'NONE', #3135 ) ;
#1068 = DIRECTION ( 'NONE',  ( -0.000000000000000000, 1.000000000000000000, -0.000000000000000000 ) ) ;
#1069 = DIRECTION ( 'NONE',  ( -2.400429683845857975E-14, 0.000000000000000000, 1.000000000000000000 ) ) ;
#1070 = DIRECTION ( 'NONE',  ( -0.000000000000000000, 1.000000000000000000, -0.000000000000000000 ) ) ;
#1071 = DIRECTION ( 'NONE',  ( -6.608470384673536824E-15, 0.000000000000000000, -1.000000000000000000 ) ) ;
#1072 = CIRCLE ( 'NONE', #2067, 71.39999999996429381 ) ;
#1073 = EDGE_CURVE ( 'NONE', #3680, #4135, #1072, .T. ) ;
#1074 = CARTESIAN_POINT ( 'NONE',  ( 72.31848854747322264, -117.9999999999996589, -48.53726452191186524 ) ) ;
#1075 = EDGE_CURVE ( 'NONE', #109, #6669, #5012, .T. ) ;
#1076 = EDGE_LOOP ( 'NONE', ( #6922, #6598, #1430, #6925, #6046, #6518 ) ) ;
#1077 = EDGE_CURVE ( 'NONE', #1000, #6670, #793, .T. ) ;
#1078 = ADVANCED_FACE ( 'NONE', ( #205 ), #4148, .F. ) ;
#1079 = ORIENTED_EDGE ( 'NONE', *, *, #6694, .T. ) ;
#1080 = CARTESIAN_POINT ( 'NONE',  ( 79.50184582844968872, -115.9999999999996732, -75.02757300350381797 ) ) ;
#1081 = AXIS2_PLACEMENT_3D ( 'NONE', #5563, #6795, #5519 ) ;
#1082 = LINE ( 'NONE', #6327, #3221 ) ;
#1083 = CARTESIAN_POINT ( 'NONE',  ( 76.75940293603790110, -6.000000000000000000, -46.94312453674528030 ) ) ;
#1084 = ORIENTED_EDGE ( 'NONE', *, *, #514, .T. ) ;
#1085 = CARTESIAN_POINT ( 'NONE',  ( -98.67880131525888032, -115.9999999999996874, -49.49999999999998579 ) ) ;
#1086 = CIRCLE ( 'NONE', #7265, 71.39999999996429381 ) ;
#1087 = VECTOR ( 'NONE', #129, 1000.000000000000000 ) ;
#1088 = VERTEX_POINT ( 'NONE', #7183 ) ;
#1089 = EDGE_CURVE ( 'NONE', #4822, #557, #2411, .T. ) ;
#1090 = CIRCLE ( 'NONE', #4550, 71.39999999996429381 ) ;
#1091 = AXIS2_PLACEMENT_3D ( 'NONE', #4748, #3505, #7114 ) ;
#1092 = FACE_BOUND ( 'NONE', #903, .T. ) ;
#1093 = CARTESIAN_POINT ( 'NONE',  ( 75.04605660715130000, -14.00000000000000000, -81.37022302725851830 ) ) ;
#1094 = AXIS2_PLACEMENT_3D ( 'NONE', #243, #7216, #7253 ) ;
#1095 = ORIENTED_EDGE ( 'NONE', *, *, #6567, .F. ) ;
#1096 = VECTOR ( 'NONE', #2683, 1000.000000000000000 ) ;
#1097 = DIRECTION ( 'NONE',  ( 0.000000000000000000, 0.000000000000000000, -1.000000000000000000 ) ) ;
#1098 = VECTOR ( 'NONE', #508, 1000.000000000000114 ) ;
#1099 = LINE ( 'NONE', #6421, #5171 ) ;
#1100 = DIRECTION ( 'NONE',  ( 0.000000000000000000, 1.000000000000000000, 0.000000000000000000 ) ) ;
#1101 = EDGE_LOOP ( 'NONE', ( #385, #5950, #5569, #6876 ) ) ;
#1102 = AXIS2_PLACEMENT_3D ( 'NONE', #72, #5484, #4241 ) ;
#1103 = AXIS2_PLACEMENT_3D ( 'NONE', #3643, #5269, #4080 ) ;
#1104 = VECTOR ( 'NONE', #2849, 1000.000000000000000 ) ;
#1105 = EDGE_LOOP ( 'NONE', ( #2382, #1860, #2008, #4635 ) ) ;
#1106 = CARTESIAN_POINT ( 'NONE',  ( 19.67586920450073507, -115.9999999999996874, -168.3580950258915436 ) ) ;
#1107 = FACE_OUTER_BOUND ( 'NONE', #1040, .T. ) ;
#1108 = CARTESIAN_POINT ( 'NONE',  ( 76.89768497403650827, 1.734723475976807094E-13, -30.29232345457487341 ) ) ;
#1109 = CIRCLE ( 'NONE', #5427, 71.39999999996429381 ) ;
#1110 = CIRCLE ( 'NONE', #2342, 71.39999999996429381 ) ;
#1111 = DIRECTION ( 'NONE',  ( 0.000000000000000000, 0.000000000000000000, 1.000000000000000000 ) ) ;
#1112 = AXIS2_PLACEMENT_3D ( 'NONE', #6459, #2332, #1791 ) ;
#1113 = VERTEX_POINT ( 'NONE', #7136 ) ;
#1114 = ORIENTED_EDGE ( 'NONE', *, *, #6305, .T. ) ;
#1115 = VECTOR ( 'NONE', #4089, 1000.000000000000114 ) ;
#1116 = CARTESIAN_POINT ( 'NONE',  ( -98.67880131525888032, -14.00000000000000000, -49.49999999999999289 ) ) ;
#1117 = AXIS2_PLACEMENT_3D ( 'NONE', #2235, #6941, #5705 ) ;
#1118 = DIRECTION ( 'NONE',  ( -0.000000000000000000, 1.000000000000000000, -0.000000000000000000 ) ) ;
#1119 = EDGE_CURVE ( 'NONE', #4015, #6001, #4226, .T. ) ;
#1120 = CARTESIAN_POINT ( 'NONE',  ( 70.65429478737841862, -123.9999999999996589, -73.31811420526399559 ) ) ;
#1121 = CARTESIAN_POINT ( 'NONE',  ( 81.19999316315119131, -64.99999999999982947, -56.10449066631905168 ) ) ;
#1122 = AXIS2_PLACEMENT_3D ( 'NONE', #2172, #33, #4737 ) ;
#1123 = PLANE ( 'NONE',  #6161 ) ;
#1124 = VERTEX_POINT ( 'NONE', #1296 ) ;
#1125 = EDGE_LOOP ( 'NONE', ( #2109, #3391, #2908, #2821 ) ) ;
#1126 = FACE_OUTER_BOUND ( 'NONE', #4871, .T. ) ;
#1127 = ADVANCED_FACE ( 'NONE', ( #3641 ), #3332, .F. ) ;
#1128 = CARTESIAN_POINT ( 'NONE',  ( 74.23430928101858228, -129.9999999999998295, -17.37823816096860341 ) ) ;
#1129 = EDGE_CURVE ( 'NONE', #3690, #3988, #1949, .T. ) ;
#1130 = DIRECTION ( 'NONE',  ( 0.000000000000000000, -0.000000000000000000, 1.000000000000000000 ) ) ;
#1131 = VERTEX_POINT ( 'NONE', #938 ) ;
#1132 = ADVANCED_FACE ( 'NONE', ( #4349 ), #827, .F. ) ;
#1133 = DIRECTION ( 'NONE',  ( 0.000000000000000000, 0.000000000000000000, 1.000000000000000000 ) ) ;
#1134 = EDGE_LOOP ( 'NONE', ( #5831, #3091, #2785, #5661 ) ) ;
#1135 = ORIENTED_EDGE ( 'NONE', *, *, #2308, .T. ) ;
#1136 = CYLINDRICAL_SURFACE ( 'NONE', #383, 2.100000000000004530 ) ;
#1137 = DIRECTION ( 'NONE',  ( -0.000000000000000000, 1.000000000000000000, -0.000000000000000000 ) ) ;
#1138 = AXIS2_PLACEMENT_3D ( 'NONE', #2441, #4220, #3636 ) ;
#1139 = CARTESIAN_POINT ( 'NONE',  ( 25.78370858152301182, 1.734723475976807094E-13, -161.9462467902694698 ) ) ;
#1140 = EDGE_CURVE ( 'NONE', #7437, #7341, #4773, .T. ) ;
#1141 = DIRECTION ( 'NONE',  ( 0.000000000000000000, 1.000000000000000000, 0.000000000000000000 ) ) ;
#1142 = DIRECTION ( 'NONE',  ( 0.000000000000000000, -1.000000000000000000, 0.000000000000000000 ) ) ;
#1143 = ORIENTED_EDGE ( 'NONE', *, *, #6352, .F. ) ;
#1144 = VERTEX_POINT ( 'NONE', #287 ) ;
#1145 = LINE ( 'NONE', #2298, #707 ) ;
#1146 = DIRECTION ( 'NONE',  ( 0.000000000000000000, 0.000000000000000000, -1.000000000000000000 ) ) ;
#1147 = DIRECTION ( 'NONE',  ( -0.9996478874717766860, 0.000000000000000000, -0.02653490292452686042 ) ) ;
#1148 = FACE_OUTER_BOUND ( 'NONE', #1868, .T. ) ;
#1149 = AXIS2_PLACEMENT_3D ( 'NONE', #7063, #5853, #4663 ) ;
#1150 = ORIENTED_EDGE ( 'NONE', *, *, #4300, .F. ) ;
#1151 = VERTEX_POINT ( 'NONE', #2065 ) ;
#1152 = FACE_OUTER_BOUND ( 'NONE', #1933, .T. ) ;
#1153 = VERTEX_POINT ( 'NONE', #1522 ) ;
#1154 = DIRECTION ( 'NONE',  ( 0.000000000000000000, 1.000000000000000000, -0.000000000000000000 ) ) ;
#1155 = AXIS2_PLACEMENT_3D ( 'NONE', #567, #1687, #3532 ) ;
#1156 = CARTESIAN_POINT ( 'NONE',  ( 62.24664332983626025, 1.734723475976807094E-13, -96.80830849653315795 ) ) ;
#1157 = DIRECTION ( 'NONE',  ( -0.000000000000000000, 1.000000000000000000, -0.000000000000000000 ) ) ;
#1158 = LINE ( 'NONE', #152, #2692 ) ;
#1159 = CARTESIAN_POINT ( 'NONE',  ( 62.24664332983695658, -115.9999999999996874, -2.191691503469067825 ) ) ;
#1160 = EDGE_LOOP ( 'NONE', ( #4908, #6011, #1387, #3639 ) ) ;
#1161 = ORIENTED_EDGE ( 'NONE', *, *, #7513, .T. ) ;
#1162 = ORIENTED_EDGE ( 'NONE', *, *, #5216, .T. ) ;
#1163 = EDGE_CURVE ( 'NONE', #2131, #3690, #2148, .T. ) ;
#1164 = AXIS2_PLACEMENT_3D ( 'NONE', #5566, #7392, #7352 ) ;
#1165 = DIRECTION ( 'NONE',  ( 0.000000000000000000, 0.000000000000000000, 1.000000000000000000 ) ) ;
#1166 = DIRECTION ( 'NONE',  ( -3.304235192336768412E-15, 0.000000000000000000, -1.000000000000000000 ) ) ;
#1167 = CARTESIAN_POINT ( 'NONE',  ( 75.82679495835218120, -14.00000000000000000, -22.22667520891022264 ) ) ;
#1168 = ORIENTED_EDGE ( 'NONE', *, *, #1119, .F. ) ;
#1169 = CARTESIAN_POINT ( 'NONE',  ( -98.67880131525888032, -14.00000000000000000, -49.49999999999999289 ) ) ;
#1170 = ORIENTED_EDGE ( 'NONE', *, *, #2359, .T. ) ;
#1171 = ORIENTED_EDGE ( 'NONE', *, *, #5430, .F. ) ;
#1172 = EDGE_CURVE ( 'NONE', #5850, #2146, #3290, .T. ) ;
#1173 = EDGE_LOOP ( 'NONE', ( #3612, #5330 ) ) ;
#1174 = EDGE_CURVE ( 'NONE', #1336, #1320, #7450, .T. ) ;
#1175 = CARTESIAN_POINT ( 'NONE',  ( 79.50184582836089930, -64.99999999999982947, -23.97242699651141962 ) ) ;
#1176 = CARTESIAN_POINT ( 'NONE',  ( 75.97457085968592594, -6.000000000000000000, -93.04537389804116287 ) ) ;
#1177 = DIRECTION ( 'NONE',  ( -0.000000000000000000, 1.000000000000000000, -0.000000000000000000 ) ) ;
#1178 = CARTESIAN_POINT ( 'NONE',  ( 81.29787021932600055, -13.99999999999999822, -46.60212089628772247 ) ) ;
#1179 = DIRECTION ( 'NONE',  ( 0.000000000000000000, 0.000000000000000000, -1.000000000000000000 ) ) ;
#1180 = ORIENTED_EDGE ( 'NONE', *, *, #2981, .T. ) ;
#1181 = ADVANCED_FACE ( 'NONE', ( #2636 ), #2716, .F. ) ;
#1182 = EDGE_CURVE ( 'NONE', #1414, #4744, #3756, .T. ) ;
#1183 = VERTEX_POINT ( 'NONE', #2669 ) ;
#1184 = AXIS2_PLACEMENT_3D ( 'NONE', #6466, #3489, #1186 ) ;
#1185 = DIRECTION ( 'NONE',  ( 0.000000000000000000, 0.000000000000000000, 1.000000000000000000 ) ) ;
#1186 = DIRECTION ( 'NONE',  ( 0.000000000000000000, -0.000000000000000000, -1.000000000000000000 ) ) ;
#1187 = CARTESIAN_POINT ( 'NONE',  ( 79.59267901113561550, -12.00000000000000000, -74.38532302856285128 ) ) ;
#1188 = FACE_OUTER_BOUND ( 'NONE', #4839, .T. ) ;
#1189 = EDGE_LOOP ( 'NONE', ( #372, #6620, #7007, #634 ) ) ;
#1190 = EDGE_CURVE ( 'NONE', #39, #3014, #3785, .T. ) ;
#1191 = EDGE_LOOP ( 'NONE', ( #5680, #3921, #6676, #6952 ) ) ;
#1192 = DIRECTION ( 'NONE',  ( 6.569597029472873994E-14, 0.000000000000000000, 1.000000000000000000 ) ) ;
#1193 = CARTESIAN_POINT ( 'NONE',  ( -98.67880131525888032, -117.9999999999996589, -49.49999999999999289 ) ) ;
#1194 = CARTESIAN_POINT ( 'NONE',  ( -98.67880131525888032, -14.00000000000000000, -49.49999999999998579 ) ) ;
#1195 = PLANE ( 'NONE',  #7404 ) ;
#1196 = FACE_OUTER_BOUND ( 'NONE', #7560, .T. ) ;
#1197 = CARTESIAN_POINT ( 'NONE',  ( 74.23430928101858228, -117.9999999999996589, -19.47823816096860838 ) ) ;
#1198 = VERTEX_POINT ( 'NONE', #402 ) ;
#1199 = VERTEX_POINT ( 'NONE', #1556 ) ;
#1200 = VERTEX_POINT ( 'NONE', #4416 ) ;
#1201 = CARTESIAN_POINT ( 'NONE',  ( -98.67880131525888032, -115.9999999999996732, -49.49999999999999289 ) ) ;
#1202 = AXIS2_PLACEMENT_3D ( 'NONE', #6160, #6783, #6901 ) ;
#1203 = CARTESIAN_POINT ( 'NONE',  ( 70.73140919045791009, -8.060303038032998302, -95.33045468254395871 ) ) ;
#1204 = DIRECTION ( 'NONE',  ( 2.662824831472733167E-14, 0.000000000000000000, 1.000000000000000000 ) ) ;
#1205 = ORIENTED_EDGE ( 'NONE', *, *, #1410, .T. ) ;
#1206 = ORIENTED_EDGE ( 'NONE', *, *, #5558, .T. ) ;
#1207 = ORIENTED_EDGE ( 'NONE', *, *, #7225, .F. ) ;
#1208 = VERTEX_POINT ( 'NONE', #6699 ) ;
#1209 = CYLINDRICAL_SURFACE ( 'NONE', #2844, 71.39999999996429381 ) ;
#1210 = CARTESIAN_POINT ( 'NONE',  ( -98.67880131525888032, -117.9999999999996589, -49.49999999999999289 ) ) ;
#1211 = VECTOR ( 'NONE', #6923, 1000.000000000000000 ) ;
#1212 = CARTESIAN_POINT ( 'NONE',  ( 49.41154273188064394, 1.682681771697502882E-13, -134.9999999999990621 ) ) ;
#1213 = CIRCLE ( 'NONE', #5525, 180.0000000000000000 ) ;
#1214 = DIRECTION ( 'NONE',  ( 0.000000000000000000, 0.000000000000000000, -1.000000000000000000 ) ) ;
#1215 = EDGE_CURVE ( 'NONE', #7082, #50, #4292, .T. ) ;
#1216 = DIRECTION ( 'NONE',  ( -0.000000000000000000, 1.000000000000000000, -0.000000000000000000 ) ) ;
#1217 = ORIENTED_EDGE ( 'NONE', *, *, #5932, .T. ) ;
#1218 = AXIS2_PLACEMENT_3D ( 'NONE', #4834, #5379, #87 ) ;
#1219 = EDGE_LOOP ( 'NONE', ( #3285, #336, #1052, #6868, #2751, #3356 ) ) ;
#1220 = DIRECTION ( 'NONE',  ( -0.000000000000000000, -1.000000000000000000, -0.000000000000000000 ) ) ;
#1221 = CIRCLE ( 'NONE', #3551, 180.0000000000000000 ) ;
#1222 = EDGE_CURVE ( 'NONE', #1200, #1509, #6261, .T. ) ;
#1223 = PLANE ( 'NONE',  #1184 ) ;
#1224 = EDGE_CURVE ( 'NONE', #4015, #807, #6254, .T. ) ;
#1225 = ADVANCED_FACE ( 'NONE', ( #1994 ), #6771, .T. ) ;
#1226 = CARTESIAN_POINT ( 'NONE',  ( 60.03094493953253874, -64.99999999999982947, -134.4188815500257306 ) ) ;
#1227 = CIRCLE ( 'NONE', #6274, 2.100000000000004530 ) ;
#1228 = AXIS2_PLACEMENT_3D ( 'NONE', #261, #1386, #3732 ) ;
#1229 = VECTOR ( 'NONE', #6322, 1000.000000000000000 ) ;
#1230 = AXIS2_PLACEMENT_3D ( 'NONE', #6863, #4479, #5205 ) ;
#1231 = ORIENTED_EDGE ( 'NONE', *, *, #5716, .T. ) ;
#1232 = ORIENTED_EDGE ( 'NONE', *, *, #6178, .T. ) ;
#1233 = PLANE ( 'NONE',  #5374 ) ;
#1234 = CIRCLE ( 'NONE', #2699, 180.0000000000000000 ) ;
#1235 = CARTESIAN_POINT ( 'NONE',  ( -98.67880131525888032, -117.9999999999996589, -49.49999999999999289 ) ) ;
#1236 = CARTESIAN_POINT ( 'NONE',  ( 39.50077367721985411, -14.00000000000000000, -144.5866964507794421 ) ) ;
#1237 = AXIS2_PLACEMENT_3D ( 'NONE', #2671, #1022, #2792 ) ;
#1238 = CARTESIAN_POINT ( 'NONE',  ( 71.66985878718037384, -16.00000000000000000, -96.16231217237763929 ) ) ;
#1239 = EDGE_CURVE ( 'NONE', #577, #2297, #6728, .T. ) ;
#1240 = CARTESIAN_POINT ( 'NONE',  ( 52.76969416084340025, 1.734723475976807094E-13, -121.6001248615406212 ) ) ;
#1241 = AXIS2_PLACEMENT_3D ( 'NONE', #6087, #2048, #340 ) ;
#1242 = DIRECTION ( 'NONE',  ( 0.000000000000000000, 0.000000000000000000, -1.000000000000000000 ) ) ;
#1243 = ORIENTED_EDGE ( 'NONE', *, *, #3717, .F. ) ;
#1244 = CIRCLE ( 'NONE', #3202, 71.39999999996429381 ) ;
#1245 = ORIENTED_EDGE ( 'NONE', *, *, #987, .F. ) ;
#1246 = AXIS2_PLACEMENT_3D ( 'NONE', #5956, #675, #89 ) ;
#1247 = VERTEX_POINT ( 'NONE', #1485 ) ;
#1248 = DIRECTION ( 'NONE',  ( -0.000000000000000000, -1.000000000000000000, -0.000000000000000000 ) ) ;
#1249 = DIRECTION ( 'NONE',  ( 0.000000000000000000, 1.000000000000000000, 0.000000000000000000 ) ) ;
#1250 = DIRECTION ( 'NONE',  ( 0.000000000000000000, -0.000000000000000000, 1.000000000000000000 ) ) ;
#1251 = CIRCLE ( 'NONE', #5560, 71.39999999996429381 ) ;
#1252 = VERTEX_POINT ( 'NONE', #6191 ) ;
#1253 = ORIENTED_EDGE ( 'NONE', *, *, #7615, .F. ) ;
#1254 = ORIENTED_EDGE ( 'NONE', *, *, #2735, .F. ) ;
#1255 = DIRECTION ( 'NONE',  ( -0.000000000000000000, -1.000000000000000000, -0.000000000000000000 ) ) ;
#1256 = DIRECTION ( 'NONE',  ( 0.000000000000000000, 1.000000000000000000, 0.000000000000000000 ) ) ;
#1257 = DIRECTION ( 'NONE',  ( 0.000000000000000000, 1.000000000000000000, 0.000000000000000000 ) ) ;
#1258 = DIRECTION ( 'NONE',  ( -0.000000000000000000, 1.000000000000000000, -0.000000000000000000 ) ) ;
#1259 = DIRECTION ( 'NONE',  ( 0.000000000000000000, 0.000000000000000000, -1.000000000000000000 ) ) ;
#1260 = ORIENTED_EDGE ( 'NONE', *, *, #2197, .T. ) ;
#1261 = CIRCLE ( 'NONE', #5453, 170.9999999999999716 ) ;
#1262 = ORIENTED_EDGE ( 'NONE', *, *, #1444, .F. ) ;
#1263 = EDGE_CURVE ( 'NONE', #1113, #263, #4897, .T. ) ;
#1264 = CARTESIAN_POINT ( 'NONE',  ( 69.15226193964876700, -6.000000000000000000, -16.73211623056527486 ) ) ;
#1265 = CYLINDRICAL_SURFACE ( 'NONE', #7374, 176.6239999999116890 ) ;
#1266 = CARTESIAN_POINT ( 'NONE',  ( 74.23430928101858228, 1.734723475976807094E-13, -19.47823816096860838 ) ) ;
#1267 = ORIENTED_EDGE ( 'NONE', *, *, #757, .T. ) ;
#1268 = ORIENTED_EDGE ( 'NONE', *, *, #547, .T. ) ;
#1269 = EDGE_CURVE ( 'NONE', #1773, #5002, #3443, .T. ) ;
#1270 = EDGE_CURVE ( 'NONE', #6060, #5375, #3480, .T. ) ;
#1271 = DIRECTION ( 'NONE',  ( 0.000000000000000000, -1.000000000000000000, 0.000000000000000000 ) ) ;
#1272 = FACE_BOUND ( 'NONE', #2230, .T. ) ;
#1273 = DIRECTION ( 'NONE',  ( 0.000000000000000000, -1.000000000000000000, 0.000000000000000000 ) ) ;
#1274 = DIRECTION ( 'NONE',  ( 0.000000000000000000, 1.000000000000000000, 0.000000000000000000 ) ) ;
#1275 = DIRECTION ( 'NONE',  ( 0.000000000000000000, 1.000000000000000000, -0.000000000000000000 ) ) ;
#1276 = CARTESIAN_POINT ( 'NONE',  ( 69.15226193964876700, -6.000000000000005329, -16.73211623056527486 ) ) ;
#1277 = ORIENTED_EDGE ( 'NONE', *, *, #7615, .T. ) ;
#1278 = ORIENTED_EDGE ( 'NONE', *, *, #3335, .F. ) ;
#1279 = VERTEX_POINT ( 'NONE', #2222 ) ;
#1280 = CIRCLE ( 'NONE', #1305, 2.100000000000004530 ) ;
#1281 = EDGE_CURVE ( 'NONE', #6045, #6196, #4579, .T. ) ;
#1282 = CARTESIAN_POINT ( 'NONE',  ( 73.89508237552827552, -115.9999999999996874, -87.10707438564543281 ) ) ;
#1283 = CARTESIAN_POINT ( 'NONE',  ( 72.12876399156284890, -117.9999999999996589, -41.38978212648866162 ) ) ;
#1284 = CARTESIAN_POINT ( 'NONE',  ( 74.59194100107124825, -64.99999999999982947, -0.7429506930997364922 ) ) ;
#1285 = VERTEX_POINT ( 'NONE', #7521 ) ;
#1286 = VERTEX_POINT ( 'NONE', #1633 ) ;
#1287 = ORIENTED_EDGE ( 'NONE', *, *, #7096, .T. ) ;
#1288 = EDGE_CURVE ( 'NONE', #5742, #6045, #1576, .T. ) ;
#1289 = DIRECTION ( 'NONE',  ( 0.000000000000000000, 1.000000000000000000, 0.000000000000000000 ) ) ;
#1290 = DIRECTION ( 'NONE',  ( -0.000000000000000000, -1.000000000000000000, -0.000000000000000000 ) ) ;
#1291 = LINE ( 'NONE', #88, #2244 ) ;
#1292 = DIRECTION ( 'NONE',  ( -0.000000000000000000, -1.000000000000000000, -0.000000000000000000 ) ) ;
#1293 = DIRECTION ( 'NONE',  ( -0.000000000000000000, -1.000000000000000000, -0.000000000000000000 ) ) ;
#1294 = ORIENTED_EDGE ( 'NONE', *, *, #5223, .T. ) ;
#1295 = ORIENTED_EDGE ( 'NONE', *, *, #2357, .T. ) ;
#1296 = CARTESIAN_POINT ( 'NONE',  ( 78.76590926188129060, -13.99999999999999822, -79.72208940762601515 ) ) ;
#1297 = CARTESIAN_POINT ( 'NONE',  ( -98.67880131525888032, 1.734723475976807094E-13, -49.49999999999998579 ) ) ;
#1298 = AXIS2_PLACEMENT_3D ( 'NONE', #311, #7362, #5532 ) ;
#1299 = DIRECTION ( 'NONE',  ( 0.000000000000000000, 0.000000000000000000, -1.000000000000000000 ) ) ;
#1300 = ORIENTED_EDGE ( 'NONE', *, *, #2866, .T. ) ;
#1301 = ORIENTED_EDGE ( 'NONE', *, *, #6256, .F. ) ;
#1302 = CARTESIAN_POINT ( 'NONE',  ( 67.07326532935289265, 1.734723475976807094E-13, -23.78371741357440783 ) ) ;
#1303 = FACE_BOUND ( 'NONE', #5640, .T. ) ;
#1304 = CARTESIAN_POINT ( 'NONE',  ( 62.17683847895965954, -14.00000000000000000, -122.4486156301915969 ) ) ;
#1305 = AXIS2_PLACEMENT_3D ( 'NONE', #3576, #2918, #6508 ) ;
#1306 = LINE ( 'NONE', #6594, #5412 ) ;
#1307 = CARTESIAN_POINT ( 'NONE',  ( 54.62013845170343984, 1.734723475976807094E-13, -117.5772344719582776 ) ) ;
#1308 = EDGE_CURVE ( 'NONE', #1014, #6154, #5889, .T. ) ;
#1309 = DIRECTION ( 'NONE',  ( 0.000000000000000000, 0.000000000000000000, -1.000000000000000000 ) ) ;
#1310 = ORIENTED_EDGE ( 'NONE', *, *, #4385, .F. ) ;
#1311 = ORIENTED_EDGE ( 'NONE', *, *, #5816, .F. ) ;
#1312 = LINE ( 'NONE', #3083, #4422 ) ;
#1313 = EDGE_CURVE ( 'NONE', #2115, #2709, #1695, .T. ) ;
#1314 = DIRECTION ( 'NONE',  ( 0.000000000000000000, 1.000000000000000000, 0.000000000000000000 ) ) ;
#1315 = CARTESIAN_POINT ( 'NONE',  ( 68.97637593869821160, -14.00000000000000000, -54.67844831672159955 ) ) ;
#1316 = EDGE_LOOP ( 'NONE', ( #3151, #5522, #5392, #4685, #5262, #1840, #5090, #4814 ) ) ;
#1317 = EDGE_CURVE ( 'NONE', #4526, #3522, #7507, .T. ) ;
#1318 = AXIS2_PLACEMENT_3D ( 'NONE', #5582, #2031, #6262 ) ;
#1319 = ADVANCED_FACE ( 'NONE', ( #4687 ), #6887, .T. ) ;
#1320 = VERTEX_POINT ( 'NONE', #1019 ) ;
#1321 = ORIENTED_EDGE ( 'NONE', *, *, #709, .F. ) ;
#1322 = ORIENTED_EDGE ( 'NONE', *, *, #2068, .F. ) ;
#1323 = CARTESIAN_POINT ( 'NONE',  ( 62.17683847895960980, -115.9999999999996874, -122.4486156301915827 ) ) ;
#1324 = CARTESIAN_POINT ( 'NONE',  ( -98.67880131525888032, -117.9999999999996589, -49.49999999999999289 ) ) ;
#1325 = LINE ( 'NONE', #3599, #770 ) ;
#1326 = FACE_OUTER_BOUND ( 'NONE', #1219, .T. ) ;
#1327 = DIRECTION ( 'NONE',  ( 0.000000000000000000, 1.000000000000000000, 0.000000000000000000 ) ) ;
#1328 = ADVANCED_FACE ( 'NONE', ( #3402 ), #6457, .T. ) ;
#1329 = CARTESIAN_POINT ( 'NONE',  ( 76.75940293603790110, -6.000000000000000000, -44.84312453674527887 ) ) ;
#1330 = VERTEX_POINT ( 'NONE', #1176 ) ;
#1331 = ORIENTED_EDGE ( 'NONE', *, *, #2068, .T. ) ;
#1332 = CARTESIAN_POINT ( 'NONE',  ( 69.82702150556538356, -115.9999999999996732, -112.7912922563363054 ) ) ;
#1333 = CIRCLE ( 'NONE', #7632, 2.100000000000004530 ) ;
#1334 = CARTESIAN_POINT ( 'NONE',  ( 71.77730248076946395, -64.99999999999982947, -107.3335255595332995 ) ) ;
#1335 = FACE_OUTER_BOUND ( 'NONE', #30, .T. ) ;
#1336 = VERTEX_POINT ( 'NONE', #4646 ) ;
#1337 = ORIENTED_EDGE ( 'NONE', *, *, #3923, .T. ) ;
#1338 = DIRECTION ( 'NONE',  ( 0.000000000000000000, -1.000000000000000000, 0.000000000000000000 ) ) ;
#1339 = AXIS2_PLACEMENT_3D ( 'NONE', #7317, #2618, #4329 ) ;
#1340 = CYLINDRICAL_SURFACE ( 'NONE', #3739, 179.9999999999099600 ) ;
#1342 = DIRECTION ( 'NONE',  ( 0.000000000000000000, 0.000000000000000000, 1.000000000000000000 ) ) ;
#1341 = CIRCLE ( 'NONE', #2204, 71.39999999996429381 ) ;
#1343 = CIRCLE ( 'NONE', #6268, 176.6239999999116890 ) ;
#1344 = FACE_OUTER_BOUND ( 'NONE', #4093, .T. ) ;
#1345 = LINE ( 'NONE', #806, #2089 ) ;
#1346 = AXIS2_PLACEMENT_3D ( 'NONE', #1578, #3935, #6284 ) ;
#1347 = CIRCLE ( 'NONE', #481, 180.0000000000000000 ) ;
#1348 = DIRECTION ( 'NONE',  ( 0.000000000000000000, 0.000000000000000000, 1.000000000000000000 ) ) ;
#1349 = CIRCLE ( 'NONE', #5907, 2.100000000000004530 ) ;
#1350 = ORIENTED_EDGE ( 'NONE', *, *, #7322, .T. ) ;
#1351 = ORIENTED_EDGE ( 'NONE', *, *, #4107, .F. ) ;
#1352 = AXIS2_PLACEMENT_3D ( 'NONE', #7016, #605, #4115 ) ;
#1353 = AXIS2_PLACEMENT_3D ( 'NONE', #6303, #1964, #441 ) ;
#1354 = AXIS2_PLACEMENT_3D ( 'NONE', #5856, #616, #3615 ) ;
#1355 = EDGE_CURVE ( 'NONE', #171, #1151, #3166, .T. ) ;
#1356 = AXIS2_PLACEMENT_3D ( 'NONE', #859, #6253, #5018 ) ;
#1357 = CARTESIAN_POINT ( 'NONE',  ( 80.11360540421789267, -64.99999999999982947, -70.31526601859283687 ) ) ;
#1358 = CARTESIAN_POINT ( 'NONE',  ( 75.58350073661644331, -6.000000000000000000, -72.40625106983378600 ) ) ;
#1359 = CARTESIAN_POINT ( 'NONE',  ( 81.31718797161646251, -123.9999999999996589, -48.29840079933597252 ) ) ;
#1360 = ORIENTED_EDGE ( 'NONE', *, *, #2808, .F. ) ;
#1361 = VECTOR ( 'NONE', #6334, 1000.000000000000000 ) ;
#1362 = CIRCLE ( 'NONE', #5554, 176.6239999999116890 ) ;
#1363 = VERTEX_POINT ( 'NONE', #1093 ) ;
#1364 = ORIENTED_EDGE ( 'NONE', *, *, #307, .T. ) ;
#1365 = CARTESIAN_POINT ( 'NONE',  ( 31.54464862025047012, -14.00000000000000000, 56.22099069682720796 ) ) ;
#1366 = EDGE_CURVE ( 'NONE', #1016, #975, #463, .T. ) ;
#1367 = EDGE_CURVE ( 'NONE', #4735, #5098, #5647, .T. ) ;
#1368 = DIRECTION ( 'NONE',  ( 0.000000000000000000, -1.000000000000000000, 0.000000000000000000 ) ) ;
#1369 = DIRECTION ( 'NONE',  ( -5.559789526233365885E-13, 0.000000000000000000, 1.000000000000000000 ) ) ;
#1370 = DIRECTION ( 'NONE',  ( 0.000000000000000000, 0.000000000000000000, 1.000000000000000000 ) ) ;
#1371 = DIRECTION ( 'NONE',  ( 0.000000000000000000, -0.000000000000000000, 1.000000000000000000 ) ) ;
#1372 = CARTESIAN_POINT ( 'NONE',  ( 70.73140919045791009, -6.000000000000000000, -95.33045468254395871 ) ) ;
#1373 = EDGE_LOOP ( 'NONE', ( #6439, #2993, #6238, #5996 ) ) ;
#1374 = CIRCLE ( 'NONE', #1490, 71.39999999996426538 ) ;
#1375 = CARTESIAN_POINT ( 'NONE',  ( -98.67880131525888032, -115.9999999999996732, -49.49999999999999289 ) ) ;
#1376 = ADVANCED_FACE ( 'NONE', ( #2291 ), #6300, .T. ) ;
#1377 = DIRECTION ( 'NONE',  ( 0.000000000000000000, 0.000000000000000000, -1.000000000000000000 ) ) ;
#1378 = DIRECTION ( 'NONE',  ( -0.000000000000000000, 1.000000000000000000, -0.000000000000000000 ) ) ;
#1379 = CARTESIAN_POINT ( 'NONE',  ( 67.28506351875270752, -117.9999999999996589, -90.69460607115840389 ) ) ;
#1380 = ORIENTED_EDGE ( 'NONE', *, *, #5785, .T. ) ;
#1381 = ORIENTED_EDGE ( 'NONE', *, *, #2882, .T. ) ;
#1382 = DIRECTION ( 'NONE',  ( 0.000000000000000000, 0.000000000000000000, 1.000000000000000000 ) ) ;
#1383 = FACE_OUTER_BOUND ( 'NONE', #6342, .T. ) ;
#1384 = VECTOR ( 'NONE', #7212, 1000.000000000000000 ) ;
#1385 = CARTESIAN_POINT ( 'NONE',  ( 77.89834047893454283, -16.00000000000000000, -45.43178518731967586 ) ) ;
#1386 = DIRECTION ( 'NONE',  ( 0.000000000000000000, 1.000000000000000000, 0.000000000000000000 ) ) ;
#1387 = ORIENTED_EDGE ( 'NONE', *, *, #6884, .T. ) ;
#1388 = EDGE_LOOP ( 'NONE', ( #723, #6362, #4230, #905 ) ) ;
#1389 = CARTESIAN_POINT ( 'NONE',  ( 76.75940293603790110, 1.734723475976807094E-13, -44.84312453674527887 ) ) ;
#1390 = LINE ( 'NONE', #1540, #1591 ) ;
#1391 = CARTESIAN_POINT ( 'NONE',  ( 65.00000000000000000, 1.665334536937734811E-13, -1.934645128659807285E-14 ) ) ;
#1392 = ORIENTED_EDGE ( 'NONE', *, *, #5834, .F. ) ;
#1393 = EDGE_CURVE ( 'NONE', #1967, #6158, #1333, .T. ) ;
#1394 = EDGE_LOOP ( 'NONE', ( #3107, #2900, #2400, #124 ) ) ;
#1395 = ORIENTED_EDGE ( 'NONE', *, *, #37, .F. ) ;
#1396 = DIRECTION ( 'NONE',  ( 0.000000000000000000, 1.000000000000000000, 0.000000000000000000 ) ) ;
#1397 = CARTESIAN_POINT ( 'NONE',  ( -98.67880131525888032, -115.9999999999996874, -49.49999999999998579 ) ) ;
#1398 = DIRECTION ( 'NONE',  ( 0.000000000000000000, 1.000000000000000000, 0.000000000000000000 ) ) ;
#1399 = CARTESIAN_POINT ( 'NONE',  ( 74.23430928101858228, -123.9999999999996589, -21.57823816096861336 ) ) ;
#1400 = CARTESIAN_POINT ( 'NONE',  ( 68.04112939358023482, -115.9999999999996874, -67.92659739248182404 ) ) ;
#1401 = CARTESIAN_POINT ( 'NONE',  ( 67.07326532935289265, -115.9999999999996874, -23.78371741357440783 ) ) ;
#1402 = DIRECTION ( 'NONE',  ( 0.000000000000000000, -1.000000000000000000, 0.000000000000000000 ) ) ;
#1403 = ADVANCED_FACE ( 'NONE', ( #7002 ), #5188, .F. ) ;
#1404 = EDGE_LOOP ( 'NONE', ( #3766, #443, #4081, #4252 ) ) ;
#1405 = CARTESIAN_POINT ( 'NONE',  ( 71.98000936475753520, -115.9999999999996874, -3.985082519561658376 ) ) ;
#1406 = DIRECTION ( 'NONE',  ( 0.000000000000000000, 1.000000000000000000, 0.000000000000000000 ) ) ;
#1407 =( GEOMETRIC_REPRESENTATION_CONTEXT ( 3 ) GLOBAL_UNCERTAINTY_ASSIGNED_CONTEXT ( ( #3459 ) ) GLOBAL_UNIT_ASSIGNED_CONTEXT ( ( #5129, #7616, #4560 ) ) REPRESENTATION_CONTEXT ( 'NONE', 'WORKASPACE' ) );
#1408 = FACE_OUTER_BOUND ( 'NONE', #7589, .T. ) ;
#1409 = DIRECTION ( 'NONE',  ( 0.000000000000000000, 0.000000000000000000, 1.000000000000000000 ) ) ;
#1410 = EDGE_CURVE ( 'NONE', #2314, #39, #1708, .T. ) ;
#1411 = EDGE_CURVE ( 'NONE', #3434, #2428, #5152, .T. ) ;
#1412 = ORIENTED_EDGE ( 'NONE', *, *, #2301, .F. ) ;
#1413 = EDGE_CURVE ( 'NONE', #4333, #626, #752, .T. ) ;
#1414 = VERTEX_POINT ( 'NONE', #3669 ) ;
#1415 = ORIENTED_EDGE ( 'NONE', *, *, #2726, .F. ) ;
#1416 = CARTESIAN_POINT ( 'NONE',  ( 80.96297504136973089, -64.99999999999982947, -38.14957325019892664 ) ) ;
#1417 = AXIS2_PLACEMENT_3D ( 'NONE', #4249, #159, #7079 ) ;
#1418 = FACE_BOUND ( 'NONE', #4939, .T. ) ;
#1419 = DIRECTION ( 'NONE',  ( 0.000000000000000000, -1.000000000000000000, 0.000000000000000000 ) ) ;
#1420 = DIRECTION ( 'NONE',  ( 0.000000000000000000, 0.000000000000000000, 1.000000000000000000 ) ) ;
#1421 = AXIS2_PLACEMENT_3D ( 'NONE', #4913, #4227, #4769 ) ;
#1422 = EDGE_CURVE ( 'NONE', #3493, #2367, #6754, .T. ) ;
#1423 = ORIENTED_EDGE ( 'NONE', *, *, #1313, .F. ) ;
#1424 = VERTEX_POINT ( 'NONE', #4295 ) ;
#1425 = CARTESIAN_POINT ( 'NONE',  ( 16.49714566399290661, -14.00000000000000000, -171.4408710172979795 ) ) ;
#1426 = CARTESIAN_POINT ( 'NONE',  ( 68.58828413856262785, -115.9999999999996874, -36.97814267735391525 ) ) ;
#1427 = CYLINDRICAL_SURFACE ( 'NONE', #4240, 71.39999999996429381 ) ;
#1428 = ORIENTED_EDGE ( 'NONE', *, *, #7237, .F. ) ;
#1429 = ORIENTED_EDGE ( 'NONE', *, *, #5031, .F. ) ;
#1430 = ORIENTED_EDGE ( 'NONE', *, *, #2541, .F. ) ;
#1431 = DIRECTION ( 'NONE',  ( 3.731842099582224243E-14, 0.000000000000000000, -1.000000000000000000 ) ) ;
#1432 = AXIS2_PLACEMENT_3D ( 'NONE', #5154, #1027, #4589 ) ;
#1433 = DIRECTION ( 'NONE',  ( 0.000000000000000000, 1.000000000000000000, 0.000000000000000000 ) ) ;
#1434 = DIRECTION ( 'NONE',  ( -0.9653003447619190602, -0.000000000000000000, 0.2611421919233277156 ) ) ;
#1435 = DIRECTION ( 'NONE',  ( 2.400429683845857975E-14, 0.000000000000000000, 1.000000000000000000 ) ) ;
#1436 = ORIENTED_EDGE ( 'NONE', *, *, #4385, .T. ) ;
#1437 = CARTESIAN_POINT ( 'NONE',  ( 75.58350073661644331, -8.060303038032998302, -70.30625106983377748 ) ) ;
#1438 = EDGE_CURVE ( 'NONE', #1131, #2795, #97, .T. ) ;
#1439 = LINE ( 'NONE', #822, #3448 ) ;
#1440 = EDGE_LOOP ( 'NONE', ( #2185, #1337, #2154, #6880 ) ) ;
#1441 = VECTOR ( 'NONE', #140, 1000.000000000000114 ) ;
#1442 = VERTEX_POINT ( 'NONE', #4176 ) ;
#1443 = CARTESIAN_POINT ( 'NONE',  ( 72.12876399156284890, -123.9999999999996589, -41.38978212648866162 ) ) ;
#1444 = EDGE_CURVE ( 'NONE', #1200, #2296, #2198, .T. ) ;
#1445 = DIRECTION ( 'NONE',  ( 0.000000000000000000, 0.000000000000000000, 1.000000000000000000 ) ) ;
#1446 = DIRECTION ( 'NONE',  ( 0.000000000000000000, 0.000000000000000000, 1.000000000000000000 ) ) ;
#1447 = EDGE_LOOP ( 'NONE', ( #6449, #4938, #2213, #2288 ) ) ;
#1448 = VERTEX_POINT ( 'NONE', #2403 ) ;
#1449 = AXIS2_PLACEMENT_3D ( 'NONE', #590, #5110, #2181 ) ;
#1450 = VERTEX_POINT ( 'NONE', #5458 ) ;
#1451 = DIRECTION ( 'NONE',  ( 0.000000000000000000, 0.000000000000000000, 1.000000000000000000 ) ) ;
#1452 = EDGE_CURVE ( 'NONE', #6294, #1113, #5344, .T. ) ;
#1453 = DIRECTION ( 'NONE',  ( -0.000000000000000000, -1.000000000000000000, -0.000000000000000000 ) ) ;
#1454 = EDGE_CURVE ( 'NONE', #7387, #3951, #2442, .T. ) ;
#1455 = LINE ( 'NONE', #1497, #6164 ) ;
#1456 = CIRCLE ( 'NONE', #2079, 71.39999999996429381 ) ;
#1457 = DIRECTION ( 'NONE',  ( -0.000000000000000000, 1.000000000000000000, -0.000000000000000000 ) ) ;
#1458 = AXIS2_PLACEMENT_3D ( 'NONE', #6651, #165, #4865 ) ;
#1459 = ORIENTED_EDGE ( 'NONE', *, *, #5078, .F. ) ;
#1460 = CIRCLE ( 'NONE', #597, 180.0000000000000000 ) ;
#1461 = ORIENTED_EDGE ( 'NONE', *, *, #1129, .T. ) ;
#1462 = DIRECTION ( 'NONE',  ( 0.000000000000000000, 0.000000000000000000, 1.000000000000000000 ) ) ;
#1463 = VECTOR ( 'NONE', #933, 1000.000000000000000 ) ;
#1464 = VECTOR ( 'NONE', #5445, 1000.000000000000000 ) ;
#1465 = EDGE_CURVE ( 'NONE', #5474, #1534, #3674, .T. ) ;
#1466 = PLANE ( 'NONE',  #2076 ) ;
#1467 = CARTESIAN_POINT ( 'NONE',  ( 58.10278320704925648, 1.734723475976807094E-13, -130.8361674204234646 ) ) ;
#1468 = SURFACE_STYLE_USAGE ( .BOTH. , #5521 ) ;
#1469 = CIRCLE ( 'NONE', #2823, 2.100000000000004530 ) ;
#1470 = ORIENTED_EDGE ( 'NONE', *, *, #2448, .T. ) ;
#1471 = AXIS2_PLACEMENT_3D ( 'NONE', #1426, #917, #6172 ) ;
#1472 = ORIENTED_EDGE ( 'NONE', *, *, #1885, .T. ) ;
#1473 = PLANE ( 'NONE',  #7180 ) ;
#1474 = DIRECTION ( 'NONE',  ( -0.000000000000000000, 1.000000000000000000, -0.000000000000000000 ) ) ;
#1475 = AXIS2_PLACEMENT_3D ( 'NONE', #7528, #6932, #6850 ) ;
#1476 = DIRECTION ( 'NONE',  ( -0.000000000000000000, 1.000000000000000000, -0.000000000000000000 ) ) ;
#1477 = LINE ( 'NONE', #6183, #6714 ) ;
#1478 = CIRCLE ( 'NONE', #3818, 71.39999999996429381 ) ;
#1479 = CARTESIAN_POINT ( 'NONE',  ( 52.76969416084340025, -115.9999999999996874, -121.6001248615406212 ) ) ;
#1480 = CARTESIAN_POINT ( 'NONE',  ( -98.67880131525888032, -115.9999999999996732, -49.49999999999999289 ) ) ;
#1481 = ORIENTED_EDGE ( 'NONE', *, *, #4896, .F. ) ;
#1482 = AXIS2_PLACEMENT_3D ( 'NONE', #3751, #6582, #4838 ) ;
#1483 = AXIS2_PLACEMENT_3D ( 'NONE', #2266, #4623, #1680 ) ;
#1484 = ORIENTED_EDGE ( 'NONE', *, *, #1788, .F. ) ;
#1485 = CARTESIAN_POINT ( 'NONE',  ( 77.66669519221680673, -14.00000000000000000, -39.58520108622035139 ) ) ;
#1486 = LINE ( 'NONE', #3956, #2546 ) ;
#1487 = AXIS2_PLACEMENT_3D ( 'NONE', #614, #1154, #2966 ) ;
#1488 = CARTESIAN_POINT ( 'NONE',  ( 63.43935890317201398, 1.734723475976807094E-13, -6.456104795036194055 ) ) ;
#1489 = DIRECTION ( 'NONE',  ( -0.000000000000000000, -1.000000000000000000, -0.000000000000000000 ) ) ;
#1490 = AXIS2_PLACEMENT_3D ( 'NONE', #7426, #6820, #3885 ) ;
#1491 = ORIENTED_EDGE ( 'NONE', *, *, #143, .T. ) ;
#1492 = EDGE_CURVE ( 'NONE', #3251, #3803, #2566, .T. ) ;
#1493 = EDGE_LOOP ( 'NONE', ( #4494, #2925, #6770, #4918 ) ) ;
#1494 = VERTEX_POINT ( 'NONE', #6537 ) ;
#1495 = CARTESIAN_POINT ( 'NONE',  ( -98.67880131525888032, -117.9999999999996589, -49.49999999999999289 ) ) ;
#1496 = DIRECTION ( 'NONE',  ( 0.000000000000000000, 0.000000000000000000, -1.000000000000000000 ) ) ;
#1497 = CARTESIAN_POINT ( 'NONE',  ( 67.28506351875270752, -117.9999999999996589, -90.69460607115840389 ) ) ;
#1498 = ADVANCED_FACE ( 'NONE', ( #3555 ), #5417, .T. ) ;
#1499 = PLANE ( 'NONE',  #1590 ) ;
#1500 = EDGE_CURVE ( 'NONE', #3426, #659, #3018, .T. ) ;
#1501 = EDGE_LOOP ( 'NONE', ( #244, #1065, #3465, #5271 ) ) ;
#1502 = EDGE_CURVE ( 'NONE', #5108, #7648, #4549, .T. ) ;
#1503 = EDGE_LOOP ( 'NONE', ( #3864, #2187, #13, #3486 ) ) ;
#1504 = DIRECTION ( 'NONE',  ( -0.000000000000000000, 1.000000000000000000, -0.000000000000000000 ) ) ;
#1505 = DIRECTION ( 'NONE',  ( 0.000000000000000000, 0.000000000000000000, 1.000000000000000000 ) ) ;
#1506 = DIRECTION ( 'NONE',  ( -0.000000000000000000, -1.000000000000000000, 0.000000000000000000 ) ) ;
#1507 = FACE_OUTER_BOUND ( 'NONE', #2766, .T. ) ;
#1508 = EDGE_CURVE ( 'NONE', #4585, #6058, #223, .T. ) ;
#1509 = VERTEX_POINT ( 'NONE', #7211 ) ;
#1510 = ADVANCED_FACE ( 'NONE', ( #1910, #2940 ), #5306, .F. ) ;
#1511 = EDGE_LOOP ( 'NONE', ( #4947, #7111, #1295, #344 ) ) ;
#1512 = DIRECTION ( 'NONE',  ( -0.000000000000000000, 1.000000000000000000, -0.000000000000000000 ) ) ;
#1513 = CARTESIAN_POINT ( 'NONE',  ( 70.37537075531301412, -6.000000000000000000, -23.77672444004325669 ) ) ;
#1514 = DIRECTION ( 'NONE',  ( 0.000000000000000000, 0.000000000000000000, -1.000000000000000000 ) ) ;
#1515 = CARTESIAN_POINT ( 'NONE',  ( -98.67880131525888032, -115.9999999999996732, -49.49999999999999289 ) ) ;
#1516 = ORIENTED_EDGE ( 'NONE', *, *, #4662, .F. ) ;
#1517 = DIRECTION ( 'NONE',  ( 0.000000000000000000, 0.000000000000000000, -1.000000000000000000 ) ) ;
#1518 = DIRECTION ( 'NONE',  ( 0.000000000000000000, -1.000000000000000000, 0.000000000000000000 ) ) ;
#1519 = VERTEX_POINT ( 'NONE', #18 ) ;
#1520 = DIRECTION ( 'NONE',  ( 0.000000000000000000, 0.000000000000000000, 1.000000000000000000 ) ) ;
#1521 = CIRCLE ( 'NONE', #6443, 176.6239999999116890 ) ;
#1522 = CARTESIAN_POINT ( 'NONE',  ( 77.02296494380226477, -14.00000000000000000, -31.47427645238470717 ) ) ;
#1523 = CARTESIAN_POINT ( 'NONE',  ( -98.67880131525888032, 1.734723475976807094E-13, -49.49999999999998579 ) ) ;
#1524 = CARTESIAN_POINT ( 'NONE',  ( 80.50443179308055619, -115.9999999999996732, -66.62801718946123231 ) ) ;
#1525 = DIRECTION ( 'NONE',  ( 0.000000000000000000, 0.000000000000000000, -1.000000000000000000 ) ) ;
#1526 = VERTEX_POINT ( 'NONE', #3050 ) ;
#1527 = ORIENTED_EDGE ( 'NONE', *, *, #4146, .F. ) ;
#1528 = ORIENTED_EDGE ( 'NONE', *, *, #1883, .T. ) ;
#1529 = DIRECTION ( 'NONE',  ( -0.000000000000000000, 1.000000000000000000, -0.000000000000000000 ) ) ;
#1530 = DIRECTION ( 'NONE',  ( -0.000000000000000000, 1.000000000000000000, -0.000000000000000000 ) ) ;
#1531 = LINE ( 'NONE', #5628, #2594 ) ;
#1532 = DIRECTION ( 'NONE',  ( -0.000000000000000000, 1.000000000000000000, -0.000000000000000000 ) ) ;
#1533 = EDGE_CURVE ( 'NONE', #5362, #61, #5026, .T. ) ;
#1534 = VERTEX_POINT ( 'NONE', #637 ) ;
#1535 = ORIENTED_EDGE ( 'NONE', *, *, #691, .F. ) ;
#1536 = DIRECTION ( 'NONE',  ( 0.000000000000000000, -1.000000000000000000, 0.000000000000000000 ) ) ;
#1537 = DIRECTION ( 'NONE',  ( 0.000000000000000000, -1.000000000000000000, 0.000000000000000000 ) ) ;
#1538 = CARTESIAN_POINT ( 'NONE',  ( 78.76590926188129060, -64.99999999999982947, -79.72208940762601515 ) ) ;
#1539 = EDGE_CURVE ( 'NONE', #6532, #4075, #2439, .T. ) ;
#1540 = CARTESIAN_POINT ( 'NONE',  ( 79.98986786502717905, -64.99999999999982947, -27.64807437974678450 ) ) ;
#1541 = FACE_OUTER_BOUND ( 'NONE', #293, .T. ) ;
#1542 = VERTEX_POINT ( 'NONE', #2552 ) ;
#1543 = ORIENTED_EDGE ( 'NONE', *, *, #2786, .F. ) ;
#1544 = ADVANCED_FACE ( 'NONE', ( #234 ), #3160, .T. ) ;
#1545 = CYLINDRICAL_SURFACE ( 'NONE', #255, 71.39999999996429381 ) ;
#1546 = EDGE_CURVE ( 'NONE', #3060, #4585, #4338, .T. ) ;
#1547 = DIRECTION ( 'NONE',  ( 0.000000000000000000, 0.000000000000000000, 1.000000000000000000 ) ) ;
#1548 = EDGE_CURVE ( 'NONE', #384, #2518, #1213, .T. ) ;
#1549 = DIRECTION ( 'NONE',  ( -0.000000000000000000, -1.000000000000000000, -0.000000000000000000 ) ) ;
#1550 = EDGE_CURVE ( 'NONE', #6918, #5515, #6505, .T. ) ;
#1551 = DIRECTION ( 'NONE',  ( 0.000000000000000000, 1.000000000000000000, -0.000000000000000000 ) ) ;
#1552 = DIRECTION ( 'NONE',  ( -0.9929475900391758758, -0.000000000000000000, 0.1185541371500488522 ) ) ;
#1553 = ORIENTED_EDGE ( 'NONE', *, *, #3168, .T. ) ;
#1554 = EDGE_LOOP ( 'NONE', ( #6009, #7532, #227, #6252 ) ) ;
#1555 = CARTESIAN_POINT ( 'NONE',  ( 77.34352649451614070, 1.734723475976807094E-13, -34.93368652002462937 ) ) ;
#1556 = CARTESIAN_POINT ( 'NONE',  ( 72.84223848233590104, -14.00000000000000000, -7.350619426607030604 ) ) ;
#1557 = FACE_OUTER_BOUND ( 'NONE', #3631, .T. ) ;
#1558 = EDGE_CURVE ( 'NONE', #2703, #3825, #6380, .T. ) ;
#1559 = DIRECTION ( 'NONE',  ( 0.000000000000000000, 0.000000000000000000, -1.000000000000000000 ) ) ;
#1560 = DIRECTION ( 'NONE',  ( -0.000000000000000000, 1.000000000000000000, -0.000000000000000000 ) ) ;
#1561 = CIRCLE ( 'NONE', #4876, 2.100000000000004530 ) ;
#1562 = VECTOR ( 'NONE', #2754, 1000.000000000000000 ) ;
#1563 = ORIENTED_EDGE ( 'NONE', *, *, #4495, .F. ) ;
#1564 = VERTEX_POINT ( 'NONE', #6801 ) ;
#1565 = ORIENTED_EDGE ( 'NONE', *, *, #1438, .T. ) ;
#1566 = DIRECTION ( 'NONE',  ( 0.8660254037844407060, -0.000000000000000000, -0.4999999999999965583 ) ) ;
#1567 = AXIS2_PLACEMENT_3D ( 'NONE', #687, #2570, #4920 ) ;
#1568 = DIRECTION ( 'NONE',  ( 0.000000000000000000, 0.000000000000000000, 1.000000000000000000 ) ) ;
#1569 = FACE_OUTER_BOUND ( 'NONE', #1048, .T. ) ;
#1570 = DIRECTION ( 'NONE',  ( 0.000000000000000000, -1.000000000000000000, 0.000000000000000000 ) ) ;
#1571 = VERTEX_POINT ( 'NONE', #4406 ) ;
#1572 = ORIENTED_EDGE ( 'NONE', *, *, #7511, .T. ) ;
#1573 = CARTESIAN_POINT ( 'NONE',  ( 60.19517177075453418, 1.734723475976807094E-13, -126.6692817890219800 ) ) ;
#1574 = EDGE_CURVE ( 'NONE', #5687, #2131, #840, .T. ) ;
#1575 = VECTOR ( 'NONE', #5632, 1000.000000000000000 ) ;
#1576 = CIRCLE ( 'NONE', #6125, 71.39999999996429381 ) ;
#1577 = CARTESIAN_POINT ( 'NONE',  ( 63.43935890317140291, 1.734723475976807094E-13, -92.54389520496604860 ) ) ;
#1578 = CARTESIAN_POINT ( 'NONE',  ( -98.67880131525888032, -6.000000000000000000, -49.49999999999999289 ) ) ;
#1579 = LINE ( 'NONE', #1039, #3557 ) ;
#1580 = CIRCLE ( 'NONE', #5033, 2.100000000000004530 ) ;
#1581 = ORIENTED_EDGE ( 'NONE', *, *, #1738, .T. ) ;
#1582 = VERTEX_POINT ( 'NONE', #1980 ) ;
#1583 = EDGE_CURVE ( 'NONE', #99, #4608, #2139, .T. ) ;
#1584 = CARTESIAN_POINT ( 'NONE',  ( 70.73140919045791009, -129.9999999999998295, -93.23045468254395018 ) ) ;
#1585 = DIRECTION ( 'NONE',  ( 0.000000000000000000, 0.000000000000000000, 1.000000000000000000 ) ) ;
#1586 = DIRECTION ( 'NONE',  ( -0.000000000000000000, -1.000000000000000000, -0.000000000000000000 ) ) ;
#1587 = FACE_OUTER_BOUND ( 'NONE', #6908, .T. ) ;
#1588 = ORIENTED_EDGE ( 'NONE', *, *, #1630, .F. ) ;
#1589 = DIRECTION ( 'NONE',  ( -0.000000000000000000, -1.000000000000000000, -0.000000000000000000 ) ) ;
#1590 = AXIS2_PLACEMENT_3D ( 'NONE', #6052, #2613, #3187 ) ;
#1591 = VECTOR ( 'NONE', #3894, 1000.000000000000000 ) ;
#1592 = EDGE_LOOP ( 'NONE', ( #2409, #3141, #6111, #4611 ) ) ;
#1593 = EDGE_CURVE ( 'NONE', #626, #5364, #6132, .T. ) ;
#1594 = ORIENTED_EDGE ( 'NONE', *, *, #1894, .T. ) ;
#1595 = EDGE_CURVE ( 'NONE', #3842, #2410, #890, .T. ) ;
#1596 = CARTESIAN_POINT ( 'NONE',  ( 64.50487105808083754, -115.9999999999996874, -117.0805182483777855 ) ) ;
#1597 = AXIS2_PLACEMENT_3D ( 'NONE', #5390, #7609, #1299 ) ;
#1598 = CARTESIAN_POINT ( 'NONE',  ( 62.30548667938873564, -117.9999999999996589, -119.3878316937673247 ) ) ;
#1599 = VECTOR ( 'NONE', #7266, 1000.000000000000000 ) ;
#1600 = CARTESIAN_POINT ( 'NONE',  ( 81.19999316324114602, -115.9999999999996732, -56.10449066632234860 ) ) ;
#1601 = DIRECTION ( 'NONE',  ( 0.000000000000000000, 0.000000000000000000, -1.000000000000000000 ) ) ;
#1602 = DIRECTION ( 'NONE',  ( -0.000000000000000000, 1.000000000000000000, -0.000000000000000000 ) ) ;
#1603 = ORIENTED_EDGE ( 'NONE', *, *, #748, .F. ) ;
#1604 = AXIS2_PLACEMENT_3D ( 'NONE', #4343, #6692, #1913 ) ;
#1605 = ORIENTED_EDGE ( 'NONE', *, *, #85, .F. ) ;
#1606 = EDGE_CURVE ( 'NONE', #6206, #5974, #4451, .T. ) ;
#1607 = VERTEX_POINT ( 'NONE', #4940 ) ;
#1608 = LINE ( 'NONE', #5553, #453 ) ;
#1609 = CARTESIAN_POINT ( 'NONE',  ( 6.488506433601493484, -14.00000000000000000, -180.1710073730252759 ) ) ;
#1610 = DIRECTION ( 'NONE',  ( -0.000000000000000000, -1.000000000000000000, -0.000000000000000000 ) ) ;
#1611 = VECTOR ( 'NONE', #6201, 1000.000000000000000 ) ;
#1612 = CARTESIAN_POINT ( 'NONE',  ( -98.67880131525888032, -14.00000000000000000, -49.49999999999999289 ) ) ;
#1613 = EDGE_LOOP ( 'NONE', ( #4619, #6002, #2071, #4874 ) ) ;
#1614 = ADVANCED_FACE ( 'NONE', ( #2018 ), #4370, .T. ) ;
#1615 = CIRCLE ( 'NONE', #635, 2.100000000000004530 ) ;
#1616 = ORIENTED_EDGE ( 'NONE', *, *, #1367, .T. ) ;
#1617 = CARTESIAN_POINT ( 'NONE',  ( 74.30623184482467991, -64.99999999999982947, -99.26121283261052497 ) ) ;
#1618 = FACE_OUTER_BOUND ( 'NONE', #5942, .T. ) ;
#1619 = CARTESIAN_POINT ( 'NONE',  ( 70.65429478737839020, -117.9999999999996589, -73.31811420526399559 ) ) ;
#1620 = CARTESIAN_POINT ( 'NONE',  ( 60.52081140033657647, -13.99999999999999822, -133.4969244149569931 ) ) ;
#1621 = ORIENTED_EDGE ( 'NONE', *, *, #5429, .T. ) ;
#1622 = AXIS2_PLACEMENT_3D ( 'NONE', #7326, #2020, #4373 ) ;
#1623 = ORIENTED_EDGE ( 'NONE', *, *, #6363, .F. ) ;
#1624 = CARTESIAN_POINT ( 'NONE',  ( 71.66985878718101333, -115.9999999999996874, -2.837687827624703285 ) ) ;
#1625 = DIRECTION ( 'NONE',  ( 0.000000000000000000, 0.000000000000000000, 1.000000000000000000 ) ) ;
#1626 = CARTESIAN_POINT ( 'NONE',  ( 72.93241344919864844, -64.99999999999982947, -103.8101368718106841 ) ) ;
#1627 = ORIENTED_EDGE ( 'NONE', *, *, #2672, .F. ) ;
#1628 = LINE ( 'NONE', #3397, #3541 ) ;
#1629 = ORIENTED_EDGE ( 'NONE', *, *, #1546, .F. ) ;
#1630 = EDGE_CURVE ( 'NONE', #3932, #4608, #4566, .T. ) ;
#1631 = ORIENTED_EDGE ( 'NONE', *, *, #3914, .T. ) ;
#1632 = DIRECTION ( 'NONE',  ( -0.000000000000000000, -1.000000000000000000, -0.000000000000000000 ) ) ;
#1633 = CARTESIAN_POINT ( 'NONE',  ( 77.70094148597381434, -115.9999999999996732, -13.58083618218546640 ) ) ;
#1634 = DIRECTION ( 'NONE',  ( 0.000000000000000000, 0.000000000000000000, 1.000000000000000000 ) ) ;
#1635 = CARTESIAN_POINT ( 'NONE',  ( 62.66409410622972587, -16.00000000000000000, -121.3645077418567553 ) ) ;
#1636 = EDGE_CURVE ( 'NONE', #4693, #7355, #750, .T. ) ;
#1637 = CARTESIAN_POINT ( 'NONE',  ( 77.94419888284339493, -115.9999999999996874, -50.09428695927596920 ) ) ;
#1638 = ORIENTED_EDGE ( 'NONE', *, *, #5131, .T. ) ;
#1639 = EDGE_LOOP ( 'NONE', ( #3328, #622 ) ) ;
#1640 = AXIS2_PLACEMENT_3D ( 'NONE', #1116, #5780, #1766 ) ;
#1641 = ORIENTED_EDGE ( 'NONE', *, *, #1502, .T. ) ;
#1642 = CARTESIAN_POINT ( 'NONE',  ( 62.30548667938873564, -16.00000000000000000, -119.3878316937673247 ) ) ;
#1643 = EDGE_CURVE ( 'NONE', #1124, #2994, #375, .T. ) ;
#1644 = DIRECTION ( 'NONE',  ( 0.000000000000000000, 1.000000000000000000, 0.000000000000000000 ) ) ;
#1645 = CARTESIAN_POINT ( 'NONE',  ( 70.37876034053863350, -115.9999999999996874, -100.6427240471703755 ) ) ;
#1646 = ADVANCED_FACE ( 'NONE', ( #5065 ), #1545, .T. ) ;
#1647 = CIRCLE ( 'NONE', #2267, 180.0000000000000000 ) ;
#1648 = ADVANCED_FACE ( 'NONE', ( #197 ), #853, .T. ) ;
#1649 = CARTESIAN_POINT ( 'NONE',  ( 65.80256023218933592, -115.9999999999996874, -113.8577429643584367 ) ) ;
#1650 = ORIENTED_EDGE ( 'NONE', *, *, #2819, .T. ) ;
#1651 = ORIENTED_EDGE ( 'NONE', *, *, #1548, .T. ) ;
#1652 = FACE_OUTER_BOUND ( 'NONE', #51, .T. ) ;
#1653 = DIRECTION ( 'NONE',  ( -0.000000000000000000, 1.000000000000000000, -0.000000000000000000 ) ) ;
#1654 = CARTESIAN_POINT ( 'NONE',  ( 70.37537075531299990, -123.9999999999996589, -23.77672444004325669 ) ) ;
#1655 = ADVANCED_FACE ( 'NONE', ( #4974, #7359 ), #1473, .F. ) ;
#1656 = EDGE_CURVE ( 'NONE', #6196, #7117, #2719, .T. ) ;
#1657 = DIRECTION ( 'NONE',  ( 0.000000000000000000, 0.000000000000000000, 1.000000000000000000 ) ) ;
#1658 = EDGE_CURVE ( 'NONE', #4956, #943, #7428, .T. ) ;
#1659 = DIRECTION ( 'NONE',  ( 0.000000000000000000, 0.000000000000000000, -1.000000000000000000 ) ) ;
#1660 = VERTEX_POINT ( 'NONE', #1853 ) ;
#1661 = ORIENTED_EDGE ( 'NONE', *, *, #1883, .F. ) ;
#1662 = DIRECTION ( 'NONE',  ( 0.000000000000000000, -1.000000000000000000, 0.000000000000000000 ) ) ;
#1663 = CARTESIAN_POINT ( 'NONE',  ( 77.72942259335846416, 1.734723475976807094E-13, -40.77211862042489088 ) ) ;
#1664 = DIRECTION ( 'NONE',  ( 0.000000000000000000, -1.000000000000000000, 0.000000000000000000 ) ) ;
#1665 = EDGE_CURVE ( 'NONE', #678, #1519, #3703, .T. ) ;
#1666 = ORIENTED_EDGE ( 'NONE', *, *, #7280, .F. ) ;
#1667 = CARTESIAN_POINT ( 'NONE',  ( 60.94177619711041416, -14.00000000000000000, 2.039751858564808895 ) ) ;
#1668 = ORIENTED_EDGE ( 'NONE', *, *, #289, .F. ) ;
#1669 = ORIENTED_EDGE ( 'NONE', *, *, #6486, .F. ) ;
#1670 = DIRECTION ( 'NONE',  ( -0.000000000000000000, 1.000000000000000000, -0.000000000000000000 ) ) ;
#1671 = CARTESIAN_POINT ( 'NONE',  ( 67.69433708780623249, -115.9999999999996874, -28.16801451014783098 ) ) ;
#1672 = FACE_OUTER_BOUND ( 'NONE', #1676, .T. ) ;
#1673 = DIRECTION ( 'NONE',  ( 0.000000000000000000, -1.000000000000000000, 0.000000000000000000 ) ) ;
#1674 = FACE_OUTER_BOUND ( 'NONE', #4898, .T. ) ;
#1675 = ORIENTED_EDGE ( 'NONE', *, *, #3346, .T. ) ;
#1676 = EDGE_LOOP ( 'NONE', ( #6520, #4950, #5700, #1300, #4217, #2936, #7529, #7218 ) ) ;
#1677 = EDGE_CURVE ( 'NONE', #3248, #2321, #3957, .T. ) ;
#1678 = CARTESIAN_POINT ( 'NONE',  ( 74.14424657729904311, 1.734723475976807094E-13, -13.05508961328838424 ) ) ;
#1679 = FACE_OUTER_BOUND ( 'NONE', #5561, .T. ) ;
#1680 = DIRECTION ( 'NONE',  ( -1.000000000000000000, 0.000000000000000000, -3.282253334787953231E-15 ) ) ;
#1681 = LINE ( 'NONE', #6823, #4053 ) ;
#1682 = ORIENTED_EDGE ( 'NONE', *, *, #4384, .F. ) ;
#1683 = AXIS2_PLACEMENT_3D ( 'NONE', #6234, #947, #7459 ) ;
#1684 = EDGE_LOOP ( 'NONE', ( #7439, #5194 ) ) ;
#1685 = EDGE_CURVE ( 'NONE', #943, #2655, #1767, .T. ) ;
#1686 = EDGE_CURVE ( 'NONE', #2306, #1016, #3358, .T. ) ;
#1687 = DIRECTION ( 'NONE',  ( -0.000000000000000000, -1.000000000000000000, 0.000000000000000000 ) ) ;
#1688 = DIRECTION ( 'NONE',  ( 0.000000000000000000, 0.000000000000000000, 1.000000000000000000 ) ) ;
#1689 = DIRECTION ( 'NONE',  ( 0.000000000000000000, -1.000000000000000000, 0.000000000000000000 ) ) ;
#1690 = CARTESIAN_POINT ( 'NONE',  ( -98.67880131525888032, -16.00000000000000000, -49.49999999999998579 ) ) ;
#1691 = DIRECTION ( 'NONE',  ( -0.000000000000000000, 1.000000000000000000, -0.000000000000000000 ) ) ;
#1692 = ORIENTED_EDGE ( 'NONE', *, *, #47, .T. ) ;
#1693 = EDGE_LOOP ( 'NONE', ( #3665, #6214, #904, #5541 ) ) ;
#1694 = EDGE_CURVE ( 'NONE', #7084, #6018, #5324, .T. ) ;
#1695 = CIRCLE ( 'NONE', #6879, 2.100000000000004530 ) ;
#1696 = DIRECTION ( 'NONE',  ( -0.000000000000000000, -1.000000000000000000, -0.000000000000000000 ) ) ;
#1697 = CARTESIAN_POINT ( 'NONE',  ( -98.67880131525888032, -117.9999999999996589, -49.49999999999999289 ) ) ;
#1698 = LINE ( 'NONE', #1047, #920 ) ;
#1699 = EDGE_LOOP ( 'NONE', ( #761, #3132, #4673, #5949 ) ) ;
#1700 = FACE_OUTER_BOUND ( 'NONE', #7000, .T. ) ;
#1701 = VECTOR ( 'NONE', #7467, 1000.000000000000000 ) ;
#1702 = AXIS2_PLACEMENT_3D ( 'NONE', #1397, #6180, #5528 ) ;
#1703 = VERTEX_POINT ( 'NONE', #1584 ) ;
#1704 = CIRCLE ( 'NONE', #6015, 2.100000000000004530 ) ;
#1705 = ORIENTED_EDGE ( 'NONE', *, *, #3487, .F. ) ;
#1706 = VECTOR ( 'NONE', #3543, 1000.000000000000000 ) ;
#1707 = CARTESIAN_POINT ( 'NONE',  ( -98.67880131525888032, -115.9999999999996732, -49.49999999999999289 ) ) ;
#1708 = LINE ( 'NONE', #4069, #4165 ) ;
#1709 = AXIS2_PLACEMENT_3D ( 'NONE', #4669, #2712, #5020 ) ;
#1710 = CIRCLE ( 'NONE', #7523, 179.9999999999999432 ) ;
#1711 = DIRECTION ( 'NONE',  ( 0.000000000000000000, -0.000000000000000000, 1.000000000000000000 ) ) ;
#1712 = VECTOR ( 'NONE', #105, 1000.000000000000000 ) ;
#1713 = CARTESIAN_POINT ( 'NONE',  ( 74.38115939200578453, -129.9999999999998295, 0.000000000000000000 ) ) ;
#1714 = LINE ( 'NONE', #3519, #6910 ) ;
#1715 = ORIENTED_EDGE ( 'NONE', *, *, #7277, .T. ) ;
#1716 = VECTOR ( 'NONE', #3412, 1000.000000000000000 ) ;
#1717 = CIRCLE ( 'NONE', #7292, 2.100000000000004530 ) ;
#1718 = VECTOR ( 'NONE', #7066, 1000.000000000000000 ) ;
#1719 = ORIENTED_EDGE ( 'NONE', *, *, #7247, .T. ) ;
#1720 = DIRECTION ( 'NONE',  ( 4.449560215808302394E-13, 0.000000000000000000, 1.000000000000000000 ) ) ;
#1721 = DIRECTION ( 'NONE',  ( 0.000000000000000000, 0.000000000000000000, -1.000000000000000000 ) ) ;
#1722 = CARTESIAN_POINT ( 'NONE',  ( 74.23430928101858228, -117.9999999999996589, -17.37823816096860341 ) ) ;
#1723 = AXIS2_PLACEMENT_3D ( 'NONE', #3441, #935, #3289 ) ;
#1724 = AXIS2_PLACEMENT_3D ( 'NONE', #2333, #2906, #5841 ) ;
#1725 = CARTESIAN_POINT ( 'NONE',  ( 72.12876399156284890, -117.9999999999996589, -41.38978212648866162 ) ) ;
#1726 = VECTOR ( 'NONE', #1833, 1000.000000000000000 ) ;
#1727 = ADVANCED_FACE ( 'NONE', ( #393 ), #5100, .F. ) ;
#1728 = ORIENTED_EDGE ( 'NONE', *, *, #6106, .F. ) ;
#1729 = ORIENTED_EDGE ( 'NONE', *, *, #3650, .F. ) ;
#1730 = DIRECTION ( 'NONE',  ( -0.000000000000000000, -1.000000000000000000, -0.000000000000000000 ) ) ;
#1731 = VERTEX_POINT ( 'NONE', #6289 ) ;
#1732 = CARTESIAN_POINT ( 'NONE',  ( 78.65621336992644785, -65.99999999999982947, -43.94195297822184898 ) ) ;
#1733 = LINE ( 'NONE', #3032, #6156 ) ;
#1734 = FACE_OUTER_BOUND ( 'NONE', #737, .T. ) ;
#1735 = LINE ( 'NONE', #1121, #2347 ) ;
#1736 = EDGE_CURVE ( 'NONE', #3640, #1951, #5562, .T. ) ;
#1737 = CARTESIAN_POINT ( 'NONE',  ( 77.66669519221680673, 1.734723475976807094E-13, -39.58520108622035139 ) ) ;
#1738 = EDGE_CURVE ( 'NONE', #5377, #1336, #3213, .T. ) ;
#1739 = ORIENTED_EDGE ( 'NONE', *, *, #2549, .T. ) ;
#1740 = ORIENTED_EDGE ( 'NONE', *, *, #6486, .T. ) ;
#1741 = CARTESIAN_POINT ( 'NONE',  ( 56.71976032812312241, -6.000000000000000000, -120.8602623255267758 ) ) ;
#1742 = CARTESIAN_POINT ( 'NONE',  ( 59.56704236009141340, -12.00000000000000000, -114.3016431850041243 ) ) ;
#1743 = CARTESIAN_POINT ( 'NONE',  ( -98.67880131525888032, -123.9999999999996589, -49.49999999999999289 ) ) ;
#1744 = ORIENTED_EDGE ( 'NONE', *, *, #5741, .T. ) ;
#1745 = DIRECTION ( 'NONE',  ( 0.000000000000000000, 0.000000000000000000, -1.000000000000000000 ) ) ;
#1746 = EDGE_CURVE ( 'NONE', #3398, #3014, #4156, .T. ) ;
#1747 = ADVANCED_FACE ( 'NONE', ( #6434 ), #964, .F. ) ;
#1748 = ORIENTED_EDGE ( 'NONE', *, *, #6013, .T. ) ;
#1749 = ORIENTED_EDGE ( 'NONE', *, *, #3255, .T. ) ;
#1750 = DIRECTION ( 'NONE',  ( 0.000000000000000000, 1.000000000000000000, 0.000000000000000000 ) ) ;
#1751 = CARTESIAN_POINT ( 'NONE',  ( -98.67880131525888032, 1.734723475976807094E-13, -49.49999999999998579 ) ) ;
#1752 = AXIS2_PLACEMENT_3D ( 'NONE', #5015, #1549, #7361 ) ;
#1753 = CARTESIAN_POINT ( 'NONE',  ( 59.56704236009141340, -12.00000000000000000, -114.3016431850041243 ) ) ;
#1754 = CYLINDRICAL_SURFACE ( 'NONE', #1855, 71.39999999996429381 ) ;
#1755 = AXIS2_PLACEMENT_3D ( 'NONE', #4306, #1255, #3596 ) ;
#1756 = EDGE_CURVE ( 'NONE', #1660, #7484, #5190, .T. ) ;
#1757 = CARTESIAN_POINT ( 'NONE',  ( 70.73140919045791009, 1.734723475976807094E-13, -95.33045468254395871 ) ) ;
#1758 = ORIENTED_EDGE ( 'NONE', *, *, #6588, .T. ) ;
#1759 = EDGE_LOOP ( 'NONE', ( #2391, #4992, #6169, #1360 ) ) ;
#1760 = DIRECTION ( 'NONE',  ( -0.000000000000000000, 1.000000000000000000, -0.000000000000000000 ) ) ;
#1761 = DIRECTION ( 'NONE',  ( 0.000000000000000000, -1.000000000000000000, 0.000000000000000000 ) ) ;
#1762 = FACE_OUTER_BOUND ( 'NONE', #5624, .T. ) ;
#1763 = DIRECTION ( 'NONE',  ( 0.000000000000000000, 0.000000000000000000, 1.000000000000000000 ) ) ;
#1764 = EDGE_LOOP ( 'NONE', ( #125, #6647, #4509, #1459 ) ) ;
#1765 = EDGE_LOOP ( 'NONE', ( #2597, #2179, #3275, #3305 ) ) ;
#1766 = DIRECTION ( 'NONE',  ( 0.000000000000000000, 0.000000000000000000, 1.000000000000000000 ) ) ;
#1767 = LINE ( 'NONE', #6474, #7306 ) ;
#1768 = DIRECTION ( 'NONE',  ( -0.000000000000000000, 1.000000000000000000, -0.000000000000000000 ) ) ;
#1769 = CYLINDRICAL_SURFACE ( 'NONE', #4180, 176.6239999999116890 ) ;
#1770 = FACE_OUTER_BOUND ( 'NONE', #5133, .T. ) ;
#1771 = LINE ( 'NONE', #5329, #128 ) ;
#1772 = EDGE_LOOP ( 'NONE', ( #6507, #3, #3116, #1364 ) ) ;
#1773 = VERTEX_POINT ( 'NONE', #3318 ) ;
#1774 = ORIENTED_EDGE ( 'NONE', *, *, #7316, .F. ) ;
#1775 = EDGE_CURVE ( 'NONE', #5825, #2757, #4450, .T. ) ;
#1776 = CARTESIAN_POINT ( 'NONE',  ( 65.41789684650092340, -6.000000000000000000, -97.59650353620614283 ) ) ;
#1777 = DIRECTION ( 'NONE',  ( 0.000000000000000000, 0.000000000000000000, -1.000000000000000000 ) ) ;
#1778 = CYLINDRICAL_SURFACE ( 'NONE', #3883, 176.6239999999116890 ) ;
#1779 = ORIENTED_EDGE ( 'NONE', *, *, #698, .F. ) ;
#1780 = ORIENTED_EDGE ( 'NONE', *, *, #6363, .T. ) ;
#1781 = EDGE_CURVE ( 'NONE', #1199, #5362, #6827, .T. ) ;
#1782 = ORIENTED_EDGE ( 'NONE', *, *, #2261, .F. ) ;
#1783 = CIRCLE ( 'NONE', #5612, 180.0000000000000000 ) ;
#1784 = EDGE_LOOP ( 'NONE', ( #6781, #2505 ) ) ;
#1785 = CIRCLE ( 'NONE', #1298, 71.39999999996429381 ) ;
#1786 = CARTESIAN_POINT ( 'NONE',  ( 72.31848854747322264, -12.00000000000000000, -48.53726452191186524 ) ) ;
#1787 = EDGE_CURVE ( 'NONE', #6185, #558, #1647, .T. ) ;
#1788 = EDGE_CURVE ( 'NONE', #5362, #384, #2919, .T. ) ;
#1789 = CARTESIAN_POINT ( 'NONE',  ( -98.67880131525888032, -16.00000000000000000, -49.49999999999998579 ) ) ;
#1790 = LINE ( 'NONE', #3368, #5984 ) ;
#1791 = DIRECTION ( 'NONE',  ( 0.000000000000000000, 0.000000000000000000, 1.000000000000000000 ) ) ;
#1792 = CIRCLE ( 'NONE', #189, 176.6239999999116890 ) ;
#1793 = DIRECTION ( 'NONE',  ( -0.000000000000000000, -1.000000000000000000, -0.000000000000000000 ) ) ;
#1794 = CIRCLE ( 'NONE', #6470, 71.39999999996429381 ) ;
#1795 = ORIENTED_EDGE ( 'NONE', *, *, #2541, .T. ) ;
#1796 = AXIS2_PLACEMENT_3D ( 'NONE', #4141, #4689, #7050 ) ;
#1797 = ORIENTED_EDGE ( 'NONE', *, *, #3006, .F. ) ;
#1798 = ADVANCED_FACE ( 'NONE', ( #2350, #4704 ), #3076, .T. ) ;
#1799 = CARTESIAN_POINT ( 'NONE',  ( 66.33667826014431057, -115.9999999999996874, -79.58265758746084373 ) ) ;
#1800 = ADVANCED_FACE ( 'NONE', ( #5478 ), #3694, .T. ) ;
#1801 = FACE_OUTER_BOUND ( 'NONE', #2616, .T. ) ;
#1802 = CARTESIAN_POINT ( 'NONE',  ( 72.84223848233531839, 1.734723475976807094E-13, -91.64938057339533373 ) ) ;
#1803 = VERTEX_POINT ( 'NONE', #7309 ) ;
#1804 = VERTEX_POINT ( 'NONE', #2464 ) ;
#1805 = DIRECTION ( 'NONE',  ( 0.000000000000000000, 0.000000000000000000, 1.000000000000000000 ) ) ;
#1806 = AXIS2_PLACEMENT_3D ( 'NONE', #5477, #1960, #6671 ) ;
#1807 = CIRCLE ( 'NONE', #4765, 71.39999999996429381 ) ;
#1808 = DIRECTION ( 'NONE',  ( -0.000000000000000000, -1.000000000000000000, -0.000000000000000000 ) ) ;
#1809 = LINE ( 'NONE', #4777, #7160 ) ;
#1810 = DIRECTION ( 'NONE',  ( -0.000000000000000000, 1.000000000000000000, -0.000000000000000000 ) ) ;
#1811 = CARTESIAN_POINT ( 'NONE',  ( 64.73191930713082343, -13.99999999999999822, -124.9780523439686846 ) ) ;
#1812 = DIRECTION ( 'NONE',  ( -0.000000000000000000, 1.000000000000000000, -0.000000000000000000 ) ) ;
#1813 = VERTEX_POINT ( 'NONE', #3614 ) ;
#1814 = AXIS2_PLACEMENT_3D ( 'NONE', #726, #4355, #6705 ) ;
#1815 = EDGE_LOOP ( 'NONE', ( #7261, #1581, #5433, #1668 ) ) ;
#1816 = VERTEX_POINT ( 'NONE', #148 ) ;
#1817 = AXIS2_PLACEMENT_3D ( 'NONE', #3873, #5581, #4460 ) ;
#1818 = LINE ( 'NONE', #1741, #2938 ) ;
#1819 = DIRECTION ( 'NONE',  ( 0.000000000000000000, 1.000000000000000000, 0.000000000000000000 ) ) ;
#1820 = FACE_OUTER_BOUND ( 'NONE', #688, .T. ) ;
#1821 = VECTOR ( 'NONE', #4890, 1000.000000000000000 ) ;
#1822 = ADVANCED_FACE ( 'NONE', ( #3146 ), #4356, .F. ) ;
#1823 = EDGE_LOOP ( 'NONE', ( #6343, #4423 ) ) ;
#1824 = VECTOR ( 'NONE', #7595, 1000.000000000000000 ) ;
#1825 = ORIENTED_EDGE ( 'NONE', *, *, #1077, .F. ) ;
#1826 = ORIENTED_EDGE ( 'NONE', *, *, #2167, .T. ) ;
#1827 = CARTESIAN_POINT ( 'NONE',  ( -98.67880131525888032, 1.734723475976807094E-13, -49.49999999999998579 ) ) ;
#1828 = DIRECTION ( 'NONE',  ( 0.000000000000000000, 0.000000000000000000, 1.000000000000000000 ) ) ;
#1829 = CIRCLE ( 'NONE', #2926, 71.39999999996429381 ) ;
#1830 = ADVANCED_FACE ( 'NONE', ( #5968, #181, #1925, #4202, #2499, #802, #5512, #3648, #1303, #6557, #1272, #6049, #7263, #1418, #2533, #2002, #3768, #102, #1961, #6117, #4851, #4319, #836, #3031, #5394, #3183, #5555, #259, #4816, #5442, #4274, #2611, #4959, #7193, #4881, #6628, #1893, #7229, #4236, #6592, #6004 ), #1340, .T. ) ;
#1831 = DIRECTION ( 'NONE',  ( 0.000000000000000000, 0.000000000000000000, 1.000000000000000000 ) ) ;
#1832 = VECTOR ( 'NONE', #7396, 1000.000000000000000 ) ;
#1833 = DIRECTION ( 'NONE',  ( -0.000000000000000000, 1.000000000000000000, -0.000000000000000000 ) ) ;
#1834 = CARTESIAN_POINT ( 'NONE',  ( 70.73140919045791009, -16.00000000000000000, -95.33045468254395871 ) ) ;
#1835 = ADVANCED_FACE ( 'NONE', ( #1383 ), #994, .F. ) ;
#1836 = EDGE_CURVE ( 'NONE', #4684, #2987, #2727, .T. ) ;
#1837 = EDGE_LOOP ( 'NONE', ( #4235, #5132, #2547, #6113 ) ) ;
#1838 = AXIS2_PLACEMENT_3D ( 'NONE', #6758, #1474, #7397 ) ;
#1839 = AXIS2_PLACEMENT_3D ( 'NONE', #7070, #2504, #1348 ) ;
#1840 = ORIENTED_EDGE ( 'NONE', *, *, #2861, .T. ) ;
#1841 = CARTESIAN_POINT ( 'NONE',  ( 69.15226193964876700, -117.9999999999996589, -16.73211623056527486 ) ) ;
#1842 = AXIS2_PLACEMENT_3D ( 'NONE', #4787, #7204, #4167 ) ;
#1843 = FACE_OUTER_BOUND ( 'NONE', #5697, .T. ) ;
#1844 = CIRCLE ( 'NONE', #6774, 179.9999999999999432 ) ;
#1845 = CARTESIAN_POINT ( 'NONE',  ( 50.81370295058487585, -14.00000000000000000, -125.5727675015929350 ) ) ;
#1846 = CIRCLE ( 'NONE', #6147, 180.0000000000000000 ) ;
#1847 = EDGE_CURVE ( 'NONE', #6279, #73, #3491, .T. ) ;
#1848 = AXIS2_PLACEMENT_3D ( 'NONE', #1156, #7655, #6435 ) ;
#1849 = ORIENTED_EDGE ( 'NONE', *, *, #2436, .F. ) ;
#1850 = ORIENTED_EDGE ( 'NONE', *, *, #1756, .F. ) ;
#1851 = CARTESIAN_POINT ( 'NONE',  ( 67.28506351875270752, -12.00000000000000000, -90.69460607115840389 ) ) ;
#1852 = CIRCLE ( 'NONE', #855, 180.0000000000000000 ) ;
#1853 = CARTESIAN_POINT ( 'NONE',  ( 80.44034109175848357, -12.00000000000000000, -67.28574775978277955 ) ) ;
#1854 = DIRECTION ( 'NONE',  ( 0.000000000000000000, 0.000000000000000000, 1.000000000000000000 ) ) ;
#1855 = AXIS2_PLACEMENT_3D ( 'NONE', #480, #7597, #594 ) ;
#1856 = CARTESIAN_POINT ( 'NONE',  ( -98.67880131525888032, -14.00000000000000000, -49.49999999999999289 ) ) ;
#1857 = LINE ( 'NONE', #3536, #356 ) ;
#1858 = CARTESIAN_POINT ( 'NONE',  ( 75.58350073661644331, -123.9999999999996589, -70.30625106983377748 ) ) ;
#1859 = ADVANCED_FACE ( 'NONE', ( #3377 ), #5085, .T. ) ;
#1860 = ORIENTED_EDGE ( 'NONE', *, *, #1043, .T. ) ;
#1861 = CIRCLE ( 'NONE', #7174, 2.100000000000004530 ) ;
#1862 = ORIENTED_EDGE ( 'NONE', *, *, #4801, .F. ) ;
#1863 = CIRCLE ( 'NONE', #6912, 2.100000000000004530 ) ;
#1864 = ORIENTED_EDGE ( 'NONE', *, *, #937, .F. ) ;
#1865 = DIRECTION ( 'NONE',  ( 0.000000000000000000, -1.000000000000000000, 0.000000000000000000 ) ) ;
#1866 = DIRECTION ( 'NONE',  ( 0.1710641700229696416, 0.000000000000000000, -0.9852598894374786642 ) ) ;
#1867 = LINE ( 'NONE', #4213, #2525 ) ;
#1868 = EDGE_LOOP ( 'NONE', ( #2776, #4134, #1864, #4352 ) ) ;
#1869 = CIRCLE ( 'NONE', #3701, 180.0000000000000000 ) ;
#1870 = VERTEX_POINT ( 'NONE', #7495 ) ;
#1871 = AXIS2_PLACEMENT_3D ( 'NONE', #1707, #5378, #3477 ) ;
#1872 = EDGE_LOOP ( 'NONE', ( #4315, #6969, #6777, #2380, #75, #187 ) ) ;
#1873 = ORIENTED_EDGE ( 'NONE', *, *, #4995, .T. ) ;
#1874 = VECTOR ( 'NONE', #2954, 1000.000000000000227 ) ;
#1875 = CARTESIAN_POINT ( 'NONE',  ( -98.67880131525888032, -12.00000000000000000, -49.49999999999999289 ) ) ;
#1876 = CARTESIAN_POINT ( 'NONE',  ( 78.68323399519270822, -65.99999999999982947, -45.68507112402460990 ) ) ;
#1877 = CARTESIAN_POINT ( 'NONE',  ( 52.76969416084445186, -115.9999999999996874, 22.60012486153856059 ) ) ;
#1878 = CARTESIAN_POINT ( 'NONE',  ( 66.66736198197340002, -13.99999999999999822, -120.6382195648201474 ) ) ;
#1879 = DIRECTION ( 'NONE',  ( 0.000000000000000000, -1.000000000000000000, 0.000000000000000000 ) ) ;
#1880 = VERTEX_POINT ( 'NONE', #2190 ) ;
#1881 = EDGE_LOOP ( 'NONE', ( #1150, #5391, #5151, #3268 ) ) ;
#1882 = CARTESIAN_POINT ( 'NONE',  ( 56.71976032812312241, -117.9999999999996589, -120.8602623255267758 ) ) ;
#1883 = EDGE_CURVE ( 'NONE', #3002, #3329, #5042, .T. ) ;
#1884 = DIRECTION ( 'NONE',  ( 0.000000000000000000, 1.000000000000000000, 0.000000000000000000 ) ) ;
#1885 = EDGE_CURVE ( 'NONE', #5244, #6279, #6785, .T. ) ;
#1886 = CARTESIAN_POINT ( 'NONE',  ( 64.73191930721259268, -115.9999999999996732, -124.9780523440064712 ) ) ;
#1887 = EDGE_CURVE ( 'NONE', #1804, #3223, #376, .T. ) ;
#1888 = ORIENTED_EDGE ( 'NONE', *, *, #1593, .F. ) ;
#1889 = EDGE_CURVE ( 'NONE', #6609, #7437, #2680, .T. ) ;
#1890 = VERTEX_POINT ( 'NONE', #2077 ) ;
#1891 = CYLINDRICAL_SURFACE ( 'NONE', #2789, 2.100000000000004530 ) ;
#1892 = EDGE_CURVE ( 'NONE', #6287, #3845, #6332, .T. ) ;
#1893 = FACE_BOUND ( 'NONE', #4199, .T. ) ;
#1894 = EDGE_CURVE ( 'NONE', #6213, #4693, #1783, .T. ) ;
#1895 = CARTESIAN_POINT ( 'NONE',  ( 31.54464862024899929, 1.734723475976807094E-13, -155.2209906968289772 ) ) ;
#1896 = CARTESIAN_POINT ( 'NONE',  ( 81.31165082790747078, -115.9999999999996732, -47.64604819411666625 ) ) ;
#1897 = DIRECTION ( 'NONE',  ( 0.000000000000000000, 1.000000000000000000, 0.000000000000000000 ) ) ;
#1898 = CYLINDRICAL_SURFACE ( 'NONE', #1839, 71.39999999996429381 ) ;
#1899 = ORIENTED_EDGE ( 'NONE', *, *, #4284, .T. ) ;
#1900 = ORIENTED_EDGE ( 'NONE', *, *, #719, .F. ) ;
#1901 = ORIENTED_EDGE ( 'NONE', *, *, #230, .F. ) ;
#1902 = DIRECTION ( 'NONE',  ( 0.000000000000000000, 0.000000000000000000, 1.000000000000000000 ) ) ;
#1903 = DIRECTION ( 'NONE',  ( -0.000000000000000000, 1.000000000000000000, -0.000000000000000000 ) ) ;
#1904 = CYLINDRICAL_SURFACE ( 'NONE', #4131, 71.39999999996429381 ) ;
#1905 = ORIENTED_EDGE ( 'NONE', *, *, #3548, .F. ) ;
#1906 = ORIENTED_EDGE ( 'NONE', *, *, #1366, .F. ) ;
#1907 = ORIENTED_EDGE ( 'NONE', *, *, #2059, .F. ) ;
#1908 = ORIENTED_EDGE ( 'NONE', *, *, #1971, .T. ) ;
#1909 = LINE ( 'NONE', #5055, #6202 ) ;
#1910 = FACE_BOUND ( 'NONE', #5184, .T. ) ;
#1911 = DIRECTION ( 'NONE',  ( 0.000000000000000000, -1.000000000000000000, 0.000000000000000000 ) ) ;
#1912 = LINE ( 'NONE', #4260, #2015 ) ;
#1913 = DIRECTION ( 'NONE',  ( 0.000000000000000000, 0.000000000000000000, 1.000000000000000000 ) ) ;
#1914 = CARTESIAN_POINT ( 'NONE',  ( 77.34352649451592754, -14.00000000000000000, -64.06631347997779358 ) ) ;
#1915 = ORIENTED_EDGE ( 'NONE', *, *, #4746, .T. ) ;
#1916 = AXIS2_PLACEMENT_3D ( 'NONE', #4750, #4287, #3663 ) ;
#1917 = VERTEX_POINT ( 'NONE', #7424 ) ;
#1918 = DIRECTION ( 'NONE',  ( -0.000000000000000000, -1.000000000000000000, 0.000000000000000000 ) ) ;
#1919 = DIRECTION ( 'NONE',  ( 0.000000000000000000, 0.000000000000000000, -1.000000000000000000 ) ) ;
#1920 = DIRECTION ( 'NONE',  ( 0.000000000000000000, -1.000000000000000000, 0.000000000000000000 ) ) ;
#1921 = EDGE_CURVE ( 'NONE', #2700, #6609, #7094, .T. ) ;
#1922 = ORIENTED_EDGE ( 'NONE', *, *, #3660, .T. ) ;
#1923 = ORIENTED_EDGE ( 'NONE', *, *, #5843, .F. ) ;
#1924 = CARTESIAN_POINT ( 'NONE',  ( -98.67880131525888032, -115.9999999999996732, -49.49999999999999289 ) ) ;
#1925 = FACE_BOUND ( 'NONE', #111, .T. ) ;
#1926 = PLANE ( 'NONE',  #4925 ) ;
#1927 = DIRECTION ( 'NONE',  ( 0.000000000000000000, 0.000000000000000000, 1.000000000000000000 ) ) ;
#1928 = CARTESIAN_POINT ( 'NONE',  ( -98.67880131525888032, -16.00000000000000000, -49.49999999999998579 ) ) ;
#1929 = CARTESIAN_POINT ( 'NONE',  ( 75.58350073661644331, -16.00000000000000000, -70.30625106983377748 ) ) ;
#1930 = ADVANCED_FACE ( 'NONE', ( #2120 ), #412, .T. ) ;
#1931 = ORIENTED_EDGE ( 'NONE', *, *, #7036, .T. ) ;
#1932 = EDGE_CURVE ( 'NONE', #3951, #7387, #6965, .T. ) ;
#1933 = EDGE_LOOP ( 'NONE', ( #5437, #4242, #548, #4467, #6753 ) ) ;
#1934 = CARTESIAN_POINT ( 'NONE',  ( 76.48591752164674062, -115.9999999999996874, -26.84258066865055525 ) ) ;
#1935 = CARTESIAN_POINT ( 'NONE',  ( 70.73140919045791009, -6.000000000000000000, -95.33045468254395871 ) ) ;
#1936 = LINE ( 'NONE', #1284, #6967 ) ;
#1937 = CIRCLE ( 'NONE', #6109, 71.39999999996429381 ) ;
#1938 = ORIENTED_EDGE ( 'NONE', *, *, #1636, .F. ) ;
#1939 = EDGE_CURVE ( 'NONE', #1890, #5179, #6273, .T. ) ;
#1940 = ORIENTED_EDGE ( 'NONE', *, *, #5368, .T. ) ;
#1941 = AXIS2_PLACEMENT_3D ( 'NONE', #716, #2522, #5350 ) ;
#1942 = CARTESIAN_POINT ( 'NONE',  ( 77.70094148588505334, -13.99999999999999822, -85.41916381779901712 ) ) ;
#1943 = AXIS2_PLACEMENT_3D ( 'NONE', #1495, #3846, #6199 ) ;
#1944 = CARTESIAN_POINT ( 'NONE',  ( 62.24664332983695658, 1.734723475976807094E-13, -2.191691503469067825 ) ) ;
#1945 = DIRECTION ( 'NONE',  ( -4.975789466109632535E-14, 0.000000000000000000, 1.000000000000000000 ) ) ;
#1946 = LINE ( 'NONE', #4867, #2992 ) ;
#1947 = DIRECTION ( 'NONE',  ( 0.000000000000000000, 0.000000000000000000, -1.000000000000000000 ) ) ;
#1948 = DIRECTION ( 'NONE',  ( -0.000000000000000000, 1.000000000000000000, -0.000000000000000000 ) ) ;
#1949 = CIRCLE ( 'NONE', #6999, 71.39999999996429381 ) ;
#1950 = ORIENTED_EDGE ( 'NONE', *, *, #1548, .F. ) ;
#1951 = VERTEX_POINT ( 'NONE', #3225 ) ;
#1952 = CARTESIAN_POINT ( 'NONE',  ( 34.28997463505664456, -115.9999999999996874, -151.7466596486140133 ) ) ;
#1953 = VECTOR ( 'NONE', #979, 1000.000000000000000 ) ;
#1954 = DIRECTION ( 'NONE',  ( 0.000000000000000000, 1.000000000000000000, 0.000000000000000000 ) ) ;
#1955 = CARTESIAN_POINT ( 'NONE',  ( 74.59194100107058034, -13.99999999999999822, -98.25704930690262984 ) ) ;
#1956 = AXIS2_PLACEMENT_3D ( 'NONE', #6861, #2087, #3817 ) ;
#1957 = ORIENTED_EDGE ( 'NONE', *, *, #7134, .T. ) ;
#1958 = AXIS2_PLACEMENT_3D ( 'NONE', #3506, #2283, #1625 ) ;
#1959 = VERTEX_POINT ( 'NONE', #950 ) ;
#1960 = DIRECTION ( 'NONE',  ( 0.000000000000000000, 1.000000000000000000, 0.000000000000000000 ) ) ;
#1961 = FACE_BOUND ( 'NONE', #4366, .T. ) ;
#1962 = CARTESIAN_POINT ( 'NONE',  ( 74.23430928101858228, -8.060303038032998302, -19.47823816096860838 ) ) ;
#1963 = EDGE_CURVE ( 'NONE', #2253, #6123, #3300, .T. ) ;
#1964 = DIRECTION ( 'NONE',  ( -0.000000000000000000, -1.000000000000000000, -0.000000000000000000 ) ) ;
#1965 = FACE_OUTER_BOUND ( 'NONE', #5722, .T. ) ;
#1966 = AXIS2_PLACEMENT_3D ( 'NONE', #1425, #6126, #1069 ) ;
#1967 = VERTEX_POINT ( 'NONE', #4545 ) ;
#1968 = ORIENTED_EDGE ( 'NONE', *, *, #700, .F. ) ;
#1969 = CIRCLE ( 'NONE', #6658, 2.100000000000004530 ) ;
#1970 = DIRECTION ( 'NONE',  ( 0.000000000000000000, -1.000000000000000000, 0.000000000000000000 ) ) ;
#1971 = EDGE_CURVE ( 'NONE', #2296, #5623, #6902, .T. ) ;
#1972 = LINE ( 'NONE', #811, #973 ) ;
#1973 = DIRECTION ( 'NONE',  ( 0.000000000000000000, 0.000000000000000000, -1.000000000000000000 ) ) ;
#1974 = ORIENTED_EDGE ( 'NONE', *, *, #1736, .F. ) ;
#1975 = AXIS2_PLACEMENT_3D ( 'NONE', #3918, #6230, #5696 ) ;
#1976 = AXIS2_PLACEMENT_3D ( 'NONE', #3363, #1589, #5610 ) ;
#1977 = ORIENTED_EDGE ( 'NONE', *, *, #5233, .F. ) ;
#1978 = VERTEX_POINT ( 'NONE', #5738 ) ;
#1979 = DIRECTION ( 'NONE',  ( 0.000000000000000000, 0.000000000000000000, -1.000000000000000000 ) ) ;
#1980 = CARTESIAN_POINT ( 'NONE',  ( 57.73404841092138895, -115.9999999999996732, -138.5787316958169413 ) ) ;
#1981 = CARTESIAN_POINT ( 'NONE',  ( 22.77210945040392076, 1.734723475976807094E-13, -165.1924848951553031 ) ) ;
#1982 = AXIS2_PLACEMENT_3D ( 'NONE', #3148, #3111, #4357 ) ;
#1983 = EDGE_CURVE ( 'NONE', #5580, #2854, #7233, .T. ) ;
#1984 = CARTESIAN_POINT ( 'NONE',  ( -98.67880131525888032, -14.00000000000000000, -49.49999999999998579 ) ) ;
#1985 = EDGE_CURVE ( 'NONE', #3170, #7169, #7013, .T. ) ;
#1986 = DIRECTION ( 'NONE',  ( -0.000000000000000000, -1.000000000000000000, -0.000000000000000000 ) ) ;
#1987 = ORIENTED_EDGE ( 'NONE', *, *, #275, .T. ) ;
#1988 = CARTESIAN_POINT ( 'NONE',  ( 75.58350073661644331, -117.9999999999996589, -72.40625106983378600 ) ) ;
#1989 = FACE_OUTER_BOUND ( 'NONE', #6576, .T. ) ;
#1990 = AXIS2_PLACEMENT_3D ( 'NONE', #2743, #5134, #428 ) ;
#1991 = AXIS2_PLACEMENT_3D ( 'NONE', #3989, #1670, #2867 ) ;
#1992 = ORIENTED_EDGE ( 'NONE', *, *, #3152, .F. ) ;
#1993 = ORIENTED_EDGE ( 'NONE', *, *, #1270, .F. ) ;
#1994 = FACE_OUTER_BOUND ( 'NONE', #3023, .T. ) ;
#1995 = PLANE ( 'NONE',  #4988 ) ;
#1996 = EDGE_CURVE ( 'NONE', #1526, #4117, #4508, .T. ) ;
#1997 = LINE ( 'NONE', #4351, #3186 ) ;
#1998 = VECTOR ( 'NONE', #6136, 1000.000000000000000 ) ;
#1999 = EDGE_LOOP ( 'NONE', ( #4781, #2458, #4857, #222, #6092, #4840, #1050, #1516 ) ) ;
#2000 = ORIENTED_EDGE ( 'NONE', *, *, #1558, .F. ) ;
#2001 = PLANE ( 'NONE',  #1814 ) ;
#2002 = FACE_BOUND ( 'NONE', #452, .T. ) ;
#2003 = CIRCLE ( 'NONE', #4593, 180.0000000000000000 ) ;
#2004 = FACE_OUTER_BOUND ( 'NONE', #7120, .T. ) ;
#2005 = CARTESIAN_POINT ( 'NONE',  ( 69.05464996513771325, -14.00000000000000000, -50.25107162877701228 ) ) ;
#2006 = DIRECTION ( 'NONE',  ( 1.000000000000000000, 0.000000000000000000, 0.000000000000000000 ) ) ;
#2007 = AXIS2_PLACEMENT_3D ( 'NONE', #3125, #1396, #6241 ) ;
#2008 = ORIENTED_EDGE ( 'NONE', *, *, #4145, .T. ) ;
#2009 = VERTEX_POINT ( 'NONE', #2878 ) ;
#2010 = PLANE ( 'NONE',  #1339 ) ;
#2011 = DIRECTION ( 'NONE',  ( 0.000000000000000000, -0.000000000000000000, 1.000000000000000000 ) ) ;
#2012 = DIRECTION ( 'NONE',  ( 0.000000000000000000, -1.000000000000000000, 0.000000000000000000 ) ) ;
#2013 = VERTEX_POINT ( 'NONE', #4697 ) ;
#2014 = ORIENTED_EDGE ( 'NONE', *, *, #7365, .T. ) ;
#2015 = VECTOR ( 'NONE', #1147, 1000.000000000000000 ) ;
#2016 = ORIENTED_EDGE ( 'NONE', *, *, #5234, .T. ) ;
#2017 = ADVANCED_FACE ( 'NONE', ( #3410 ), #2910, .T. ) ;
#2018 = FACE_OUTER_BOUND ( 'NONE', #7119, .T. ) ;
#2019 = CYLINDRICAL_SURFACE ( 'NONE', #4894, 2.100000000000004530 ) ;
#2020 = DIRECTION ( 'NONE',  ( -0.000000000000000000, -1.000000000000000000, -0.000000000000000000 ) ) ;
#2021 = CARTESIAN_POINT ( 'NONE',  ( 71.66985878718037384, -14.00000000000000000, -96.16231217237763929 ) ) ;
#2022 = ORIENTED_EDGE ( 'NONE', *, *, #7502, .T. ) ;
#2023 = LINE ( 'NONE', #2058, #4561 ) ;
#2024 = CARTESIAN_POINT ( 'NONE',  ( 62.30548667938873564, -16.00000000000000000, -119.3878316937673247 ) ) ;
#2025 = ADVANCED_FACE ( 'NONE', ( #5316 ), #6347, .F. ) ;
#2026 = ORIENTED_EDGE ( 'NONE', *, *, #1593, .T. ) ;
#2027 = EDGE_CURVE ( 'NONE', #1813, #160, #3137, .T. ) ;
#2028 = ADVANCED_FACE ( 'NONE', ( #1679 ), #529, .F. ) ;
#2029 = ORIENTED_EDGE ( 'NONE', *, *, #2081, .F. ) ;
#2030 = DIRECTION ( 'NONE',  ( 0.000000000000000000, 0.000000000000000000, 1.000000000000000000 ) ) ;
#2031 = DIRECTION ( 'NONE',  ( 0.000000000000000000, 1.000000000000000000, 0.000000000000000000 ) ) ;
#2032 = VECTOR ( 'NONE', #4391, 1000.000000000000227 ) ;
#2033 = AXIS2_PLACEMENT_3D ( 'NONE', #1169, #7626, #2322 ) ;
#2034 = FACE_OUTER_BOUND ( 'NONE', #5286, .T. ) ;
#2035 = EDGE_LOOP ( 'NONE', ( #5743, #6743, #7073, #3307 ) ) ;
#2036 = VERTEX_POINT ( 'NONE', #7640 ) ;
#2037 = VERTEX_POINT ( 'NONE', #4034 ) ;
#2038 = DIRECTION ( 'NONE',  ( 0.2611421919233292699, 0.000000000000000000, 0.9653003447619187272 ) ) ;
#2039 = AXIS2_PLACEMENT_3D ( 'NONE', #1515, #3747, #7327 ) ;
#2040 = CARTESIAN_POINT ( 'NONE',  ( 68.19946070049617504, 1.734723475976807094E-13, -32.56717821431631421 ) ) ;
#2041 = PLANE ( 'NONE',  #3330 ) ;
#2042 = LINE ( 'NONE', #6787, #1096 ) ;
#2043 = AXIS2_PLACEMENT_3D ( 'NONE', #5927, #6427, #1146 ) ;
#2044 = VECTOR ( 'NONE', #6572, 1000.000000000000000 ) ;
#2045 = ORIENTED_EDGE ( 'NONE', *, *, #8, .F. ) ;
#2046 = ORIENTED_EDGE ( 'NONE', *, *, #230, .T. ) ;
#2047 = DIRECTION ( 'NONE',  ( -0.000000000000000000, -1.000000000000000000, -0.000000000000000000 ) ) ;
#2048 = DIRECTION ( 'NONE',  ( 0.000000000000000000, 1.000000000000000000, 0.000000000000000000 ) ) ;
#2049 = CARTESIAN_POINT ( 'NONE',  ( 70.65429478737839020, -123.9999999999996589, -73.31811420526399559 ) ) ;
#2050 = DIRECTION ( 'NONE',  ( 0.000000000000000000, -1.000000000000000000, 0.000000000000000000 ) ) ;
#2051 = ORIENTED_EDGE ( 'NONE', *, *, #759, .F. ) ;
#2052 = VERTEX_POINT ( 'NONE', #5266 ) ;
#2053 = ORIENTED_EDGE ( 'NONE', *, *, #2861, .F. ) ;
#2054 = DIRECTION ( 'NONE',  ( 0.000000000000000000, 0.000000000000000000, 1.000000000000000000 ) ) ;
#2055 = LINE ( 'NONE', #6720, #4539 ) ;
#2056 = DIRECTION ( 'NONE',  ( -0.000000000000000000, -1.000000000000000000, -0.000000000000000000 ) ) ;
#2057 = CARTESIAN_POINT ( 'NONE',  ( -98.67880131525888032, -12.00000000000000000, -49.49999999999999289 ) ) ;
#2058 = CARTESIAN_POINT ( 'NONE',  ( 74.14424657729851731, 1.734723475976807094E-13, -85.94491038671398542 ) ) ;
#2059 = EDGE_CURVE ( 'NONE', #6649, #5375, #1792, .T. ) ;
#2060 = DIRECTION ( 'NONE',  ( -0.000000000000000000, -1.000000000000000000, -0.000000000000000000 ) ) ;
#2061 = ORIENTED_EDGE ( 'NONE', *, *, #3580, .T. ) ;
#2062 = CIRCLE ( 'NONE', #6364, 180.0000000000000000 ) ;
#2063 = AXIS2_PLACEMENT_3D ( 'NONE', #3805, #2075, #4429 ) ;
#2064 = ORIENTED_EDGE ( 'NONE', *, *, #3949, .T. ) ;
#2065 = CARTESIAN_POINT ( 'NONE',  ( 70.71909047417702254, -115.9999999999996874, -99.50391617926909760 ) ) ;
#2066 = PLANE ( 'NONE',  #1318 ) ;
#2067 = AXIS2_PLACEMENT_3D ( 'NONE', #1952, #2453, #4807 ) ;
#2068 = EDGE_CURVE ( 'NONE', #7331, #6298, #5229, .T. ) ;
#2069 = ADVANCED_FACE ( 'NONE', ( #4113, #2300, #5883, #5772, #4655, #1801 ), #4149, .F. ) ;
#2070 = CARTESIAN_POINT ( 'NONE',  ( 36.94263254752613790, -115.9999999999996874, -148.2010712405238166 ) ) ;
#2071 = ORIENTED_EDGE ( 'NONE', *, *, #2405, .T. ) ;
#2072 = ORIENTED_EDGE ( 'NONE', *, *, #1983, .T. ) ;
#2073 = AXIS2_PLACEMENT_3D ( 'NONE', #5543, #3838, #3915 ) ;
#2074 = EDGE_LOOP ( 'NONE', ( #3082, #661, #1968, #3004 ) ) ;
#2075 = DIRECTION ( 'NONE',  ( 0.000000000000000000, 1.000000000000000000, 0.000000000000000000 ) ) ;
#2076 = AXIS2_PLACEMENT_3D ( 'NONE', #5005, #3819, #1505 ) ;
#2077 = CARTESIAN_POINT ( 'NONE',  ( 75.82679495835178329, -14.00000000000000000, -76.77332479109216479 ) ) ;
#2078 = CYLINDRICAL_SURFACE ( 'NONE', #996, 2.100000000000004530 ) ;
#2079 = AXIS2_PLACEMENT_3D ( 'NONE', #4941, #3243, #3161 ) ;
#2080 = ADVANCED_FACE ( 'NONE', ( #1107, #6501 ), #1223, .T. ) ;
#2081 = EDGE_CURVE ( 'NONE', #3825, #4333, #2647, .T. ) ;
#2082 = DIRECTION ( 'NONE',  ( 0.000000000000000000, 0.000000000000000000, -1.000000000000000000 ) ) ;
#2083 = CIRCLE ( 'NONE', #3055, 2.100000000000004530 ) ;
#2084 = ORIENTED_EDGE ( 'NONE', *, *, #6697, .F. ) ;
#2085 = AXIS2_PLACEMENT_3D ( 'NONE', #3469, #2780, #5683 ) ;
#2086 = ORIENTED_EDGE ( 'NONE', *, *, #1847, .F. ) ;
#2087 = DIRECTION ( 'NONE',  ( -0.000000000000000000, -1.000000000000000000, -0.000000000000000000 ) ) ;
#2088 = AXIS2_PLACEMENT_3D ( 'NONE', #6142, #3676, #2632 ) ;
#2089 = VECTOR ( 'NONE', #4359, 1000.000000000000000 ) ;
#2090 = LINE ( 'NONE', #3854, #3056 ) ;
#2091 = AXIS2_PLACEMENT_3D ( 'NONE', #5857, #1157, #151 ) ;
#2092 = CARTESIAN_POINT ( 'NONE',  ( 44.32644146041428712, 1.734723475976807094E-13, -137.1617095754783406 ) ) ;
#2093 = EDGE_CURVE ( 'NONE', #3604, #4542, #2287, .T. ) ;
#2094 = DIRECTION ( 'NONE',  ( -0.000000000000000000, 1.000000000000000000, -0.000000000000000000 ) ) ;
#2095 = ORIENTED_EDGE ( 'NONE', *, *, #4944, .T. ) ;
#2096 = CIRCLE ( 'NONE', #5418, 71.39999999996429381 ) ;
#2097 = EDGE_LOOP ( 'NONE', ( #2578, #653, #7480, #1621 ) ) ;
#2098 = CIRCLE ( 'NONE', #5172, 2.100000000000004530 ) ;
#2099 = ORIENTED_EDGE ( 'NONE', *, *, #2717, .F. ) ;
#2100 = CARTESIAN_POINT ( 'NONE',  ( 36.94263254752613790, 1.734723475976807094E-13, -148.2010712405238166 ) ) ;
#2101 = CARTESIAN_POINT ( 'NONE',  ( 67.44408845276156228, -14.00000000000000000, -109.4935235762238790 ) ) ;
#2102 = CIRCLE ( 'NONE', #1723, 180.0000000000000000 ) ;
#2103 = CARTESIAN_POINT ( 'NONE',  ( 48.75352798301116053, 1.734723475976807094E-13, -129.4923937928550117 ) ) ;
#2104 = DIRECTION ( 'NONE',  ( 0.000000000000000000, -1.000000000000000000, 0.000000000000000000 ) ) ;
#2105 = EDGE_LOOP ( 'NONE', ( #2811, #4189, #4345, #3415 ) ) ;
#2106 = AXIS2_PLACEMENT_3D ( 'NONE', #1488, #5810, #6376 ) ;
#2107 = DIRECTION ( 'NONE',  ( 0.000000000000000000, 0.000000000000000000, -1.000000000000000000 ) ) ;
#2108 = CARTESIAN_POINT ( 'NONE',  ( 54.74086545936871318, -115.9999999999996732, -138.0768859113127007 ) ) ;
#2109 = ORIENTED_EDGE ( 'NONE', *, *, #7323, .F. ) ;
#2110 = ORIENTED_EDGE ( 'NONE', *, *, #5843, .T. ) ;
#2111 = DIRECTION ( 'NONE',  ( -0.000000000000000000, -1.000000000000000000, -0.000000000000000000 ) ) ;
#2112 = CARTESIAN_POINT ( 'NONE',  ( 80.60076164425642276, -64.99999999999982947, -33.41154746370035866 ) ) ;
#2113 = DIRECTION ( 'NONE',  ( 0.000000000000000000, 0.000000000000000000, -1.000000000000000000 ) ) ;
#2114 = CARTESIAN_POINT ( 'NONE',  ( -98.67880131525888032, -14.00000000000000000, -49.49999999999999289 ) ) ;
#2115 = VERTEX_POINT ( 'NONE', #6940 ) ;
#2116 = ORIENTED_EDGE ( 'NONE', *, *, #6696, .T. ) ;
#2117 = ORIENTED_EDGE ( 'NONE', *, *, #1939, .T. ) ;
#2118 = EDGE_CURVE ( 'NONE', #5813, #1813, #4000, .T. ) ;
#2119 = CARTESIAN_POINT ( 'NONE',  ( -98.67880131525888032, -115.9999999999996732, -49.49999999999999289 ) ) ;
#2120 = FACE_OUTER_BOUND ( 'NONE', #3167, .T. ) ;
#2121 = CARTESIAN_POINT ( 'NONE',  ( 31.54464862025047012, 1.734723475976807094E-13, 56.22099069682720796 ) ) ;
#2122 = CARTESIAN_POINT ( 'NONE',  ( 54.62013845170437776, 1.734723475976807094E-13, 18.57723447195616728 ) ) ;
#2123 = EDGE_CURVE ( 'NONE', #3002, #5062, #6970, .T. ) ;
#2124 = ORIENTED_EDGE ( 'NONE', *, *, #3760, .T. ) ;
#2125 = ORIENTED_EDGE ( 'NONE', *, *, #1089, .T. ) ;
#2126 = EDGE_CURVE ( 'NONE', #1088, #399, #4192, .T. ) ;
#2127 = ADVANCED_FACE ( 'NONE', ( #6549 ), #4873, .F. ) ;
#2128 = VECTOR ( 'NONE', #6760, 1000.000000000000000 ) ;
#2129 = CARTESIAN_POINT ( 'NONE',  ( 56.36374621844616684, -115.9999999999996874, -113.5068999505798786 ) ) ;
#2130 = DIRECTION ( 'NONE',  ( 0.000000000000000000, 0.000000000000000000, 1.000000000000000000 ) ) ;
#2131 = VERTEX_POINT ( 'NONE', #2492 ) ;
#2132 = CARTESIAN_POINT ( 'NONE',  ( -98.67880131525888032, -115.9999999999996732, -49.49999999999999289 ) ) ;
#2133 = DIRECTION ( 'NONE',  ( -0.000000000000000000, -1.000000000000000000, -0.000000000000000000 ) ) ;
#2134 = DIRECTION ( 'NONE',  ( 0.000000000000000000, 0.000000000000000000, 1.000000000000000000 ) ) ;
#2135 = ORIENTED_EDGE ( 'NONE', *, *, #3335, .T. ) ;
#2136 = VERTEX_POINT ( 'NONE', #2454 ) ;
#2137 = AXIS2_PLACEMENT_3D ( 'NONE', #6686, #2550, #816 ) ;
#2138 = EDGE_CURVE ( 'NONE', #1450, #1286, #5499, .T. ) ;
#2139 = LINE ( 'NONE', #2704, #1832 ) ;
#2140 = DIRECTION ( 'NONE',  ( -0.000000000000000000, 1.000000000000000000, -0.000000000000000000 ) ) ;
#2141 = DIRECTION ( 'NONE',  ( -0.000000000000000000, -1.000000000000000000, -0.000000000000000000 ) ) ;
#2142 = CARTESIAN_POINT ( 'NONE',  ( 62.30548667938873564, -8.060303038032998302, -117.2878316937673162 ) ) ;
#2143 = LINE ( 'NONE', #4492, #115 ) ;
#2144 = CIRCLE ( 'NONE', #408, 71.39999999996429381 ) ;
#2145 = CARTESIAN_POINT ( 'NONE',  ( 13.23815413300921762, -115.9999999999996874, -174.4386644326531552 ) ) ;
#2146 = VERTEX_POINT ( 'NONE', #7221 ) ;
#2147 = DIRECTION ( 'NONE',  ( 0.000000000000000000, 0.000000000000000000, -1.000000000000000000 ) ) ;
#2148 = LINE ( 'NONE', #6148, #4529 ) ;
#2149 = LINE ( 'NONE', #900, #6619 ) ;
#2150 = LINE ( 'NONE', #7414, #6405 ) ;
#2151 = CARTESIAN_POINT ( 'NONE',  ( 74.23430928101858228, -129.9999999999998295, -21.57823816096861336 ) ) ;
#2152 = ORIENTED_EDGE ( 'NONE', *, *, #2449, .F. ) ;
#2153 = ORIENTED_EDGE ( 'NONE', *, *, #7334, .T. ) ;
#2154 = ORIENTED_EDGE ( 'NONE', *, *, #1595, .T. ) ;
#2155 = CARTESIAN_POINT ( 'NONE',  ( 80.96297504136958878, -64.99999999999982947, -60.85042674980359578 ) ) ;
#2156 = DIRECTION ( 'NONE',  ( -0.000000000000000000, -1.000000000000000000, -0.000000000000000000 ) ) ;
#2157 = FACE_BOUND ( 'NONE', #1815, .T. ) ;
#2158 = AXIS2_PLACEMENT_3D ( 'NONE', #1400, #893, #3163 ) ;
#2159 = LINE ( 'NONE', #4507, #1716 ) ;
#2160 = ADVANCED_FACE ( 'NONE', ( #4269 ), #3066, .F. ) ;
#2161 = EDGE_LOOP ( 'NONE', ( #4347, #5753, #5202, #6727 ) ) ;
#2162 = AXIS2_PLACEMENT_3D ( 'NONE', #7555, #6875, #6368 ) ;
#2163 = ORIENTED_EDGE ( 'NONE', *, *, #2027, .F. ) ;
#2164 = CARTESIAN_POINT ( 'NONE',  ( 71.43899640720979960, -64.99999999999982947, -108.3212112934170079 ) ) ;
#2165 = CARTESIAN_POINT ( 'NONE',  ( 80.96297504145962876, -115.9999999999996732, -38.14957325019324941 ) ) ;
#2166 = CARTESIAN_POINT ( 'NONE',  ( 46.59060502756037891, 1.734723475976807094E-13, -133.3562720840223790 ) ) ;
#2167 = EDGE_CURVE ( 'NONE', #3733, #2741, #3724, .T. ) ;
#2168 = EDGE_CURVE ( 'NONE', #1731, #4971, #3266, .T. ) ;
#2169 = ORIENTED_EDGE ( 'NONE', *, *, #5809, .T. ) ;
#2170 = VERTEX_POINT ( 'NONE', #63 ) ;
#2171 = CIRCLE ( 'NONE', #3887, 180.0000000000000000 ) ;
#2172 = CARTESIAN_POINT ( 'NONE',  ( -98.67880131525888032, -115.9999999999996732, -49.49999999999999289 ) ) ;
#2173 = DIRECTION ( 'NONE',  ( 0.000000000000000000, -1.000000000000000000, 0.000000000000000000 ) ) ;
#2174 = PLANE ( 'NONE',  #4427 ) ;
#2175 = DIRECTION ( 'NONE',  ( -0.000000000000000000, -1.000000000000000000, 0.000000000000000000 ) ) ;
#2176 = ORIENTED_EDGE ( 'NONE', *, *, #5568, .T. ) ;
#2177 = DIRECTION ( 'NONE',  ( 0.000000000000000000, -1.000000000000000000, 0.000000000000000000 ) ) ;
#2178 = ADVANCED_FACE ( 'NONE', ( #1408 ), #1995, .F. ) ;
#2179 = ORIENTED_EDGE ( 'NONE', *, *, #3548, .T. ) ;
#2180 = CARTESIAN_POINT ( 'NONE',  ( 76.92364288531558714, -115.9999999999996732, -9.955321587043771459 ) ) ;
#2181 = DIRECTION ( 'NONE',  ( 0.000000000000000000, 0.000000000000000000, -1.000000000000000000 ) ) ;
#2182 = CARTESIAN_POINT ( 'NONE',  ( 77.89834047893448599, -14.00000000000000000, -53.56821481268273999 ) ) ;
#2183 = CARTESIAN_POINT ( 'NONE',  ( 56.36374621844705501, -14.00000000000000000, 14.50689995057771675 ) ) ;
#2184 = DIRECTION ( 'NONE',  ( 0.000000000000000000, 1.000000000000000000, 0.000000000000000000 ) ) ;
#2185 = ORIENTED_EDGE ( 'NONE', *, *, #7034, .F. ) ;
#2186 = EDGE_LOOP ( 'NONE', ( #4147, #5501, #544, #4574 ) ) ;
#2187 = ORIENTED_EDGE ( 'NONE', *, *, #887, .F. ) ;
#2188 = CARTESIAN_POINT ( 'NONE',  ( 77.90630859103009698, -115.9999999999996732, -14.60445645381294710 ) ) ;
#2189 = AXIS2_PLACEMENT_3D ( 'NONE', #4815, #6080, #100 ) ;
#2190 = CARTESIAN_POINT ( 'NONE',  ( 76.89768497403623826, -16.00000000000000000, -68.70767654542753178 ) ) ;
#2191 = CYLINDRICAL_SURFACE ( 'NONE', #5803, 71.39999999996429381 ) ;
#2192 = CARTESIAN_POINT ( 'NONE',  ( 44.32644146041428712, -115.9999999999996874, -137.1617095754783406 ) ) ;
#2193 = EDGE_LOOP ( 'NONE', ( #2270, #6393, #1594, #3656 ) ) ;
#2194 = ORIENTED_EDGE ( 'NONE', *, *, #6304, .T. ) ;
#2195 = CARTESIAN_POINT ( 'NONE',  ( 76.62722837261627262, -65.99999999999982947, -72.12851137556680214 ) ) ;
#2196 = CIRCLE ( 'NONE', #6379, 176.6239999999116890 ) ;
#2197 = EDGE_CURVE ( 'NONE', #7448, #7388, #2171, .T. ) ;
#2198 = CIRCLE ( 'NONE', #3929, 2.100000000000004530 ) ;
#2199 = DIRECTION ( 'NONE',  ( 0.000000000000000000, 1.000000000000000000, 0.000000000000000000 ) ) ;
#2200 = LINE ( 'NONE', #4087, #5291 ) ;
#2201 = CARTESIAN_POINT ( 'NONE',  ( 59.56704236009141340, -117.9999999999996589, -114.3016431850041243 ) ) ;
#2202 = VECTOR ( 'NONE', #1865, 1000.000000000000000 ) ;
#2203 = ORIENTED_EDGE ( 'NONE', *, *, #4328, .F. ) ;
#2204 = AXIS2_PLACEMENT_3D ( 'NONE', #2889, #5243, #2313 ) ;
#2205 = ORIENTED_EDGE ( 'NONE', *, *, #4196, .F. ) ;
#2206 = AXIS2_PLACEMENT_3D ( 'NONE', #3652, #5360, #5858 ) ;
#2207 = VECTOR ( 'NONE', #7115, 1000.000000000000000 ) ;
#2208 = ADVANCED_FACE ( 'NONE', ( #1843 ), #6622, .T. ) ;
#2209 = DIRECTION ( 'NONE',  ( 0.000000000000000000, 0.000000000000000000, 1.000000000000000000 ) ) ;
#2210 = DIRECTION ( 'NONE',  ( 0.000000000000000000, 0.000000000000000000, 1.000000000000000000 ) ) ;
#2211 = LINE ( 'NONE', #5720, #2489 ) ;
#2212 = CARTESIAN_POINT ( 'NONE',  ( 74.23430928101858228, -19.93969696196701236, -19.47823816096860838 ) ) ;
#2213 = ORIENTED_EDGE ( 'NONE', *, *, #7021, .F. ) ;
#2214 = CARTESIAN_POINT ( 'NONE',  ( -98.67880131525888032, -115.9999999999996732, -49.49999999999999289 ) ) ;
#2215 = AXIS2_PLACEMENT_3D ( 'NONE', #4740, #3617, #2388 ) ;
#2216 = VECTOR ( 'NONE', #3154, 1000.000000000000000 ) ;
#2217 = ORIENTED_EDGE ( 'NONE', *, *, #3244, .T. ) ;
#2218 = FACE_BOUND ( 'NONE', #1684, .T. ) ;
#2219 = CIRCLE ( 'NONE', #7025, 180.0000000000000000 ) ;
#2220 = EDGE_CURVE ( 'NONE', #2146, #6837, #559, .T. ) ;
#2221 = EDGE_CURVE ( 'NONE', #6469, #505, #2772, .T. ) ;
#2222 = CARTESIAN_POINT ( 'NONE',  ( 70.73140919045791009, 1.734723475976807094E-13, -93.23045468254395018 ) ) ;
#2223 = CIRCLE ( 'NONE', #1353, 71.39999999996429381 ) ;
#2224 = DIRECTION ( 'NONE',  ( -0.000000000000000000, 1.000000000000000000, -0.000000000000000000 ) ) ;
#2225 = CARTESIAN_POINT ( 'NONE',  ( 81.29787021932594371, -13.99999999999999822, -52.39787910371479285 ) ) ;
#2226 = CARTESIAN_POINT ( 'NONE',  ( 46.59060502756154420, 1.734723475976807094E-13, 34.35627208402036814 ) ) ;
#2227 = CIRCLE ( 'NONE', #985, 2.100000000000004530 ) ;
#2228 = ORIENTED_EDGE ( 'NONE', *, *, #1963, .F. ) ;
#2229 = CIRCLE ( 'NONE', #4198, 71.39999999996429381 ) ;
#2230 = EDGE_LOOP ( 'NONE', ( #4231, #7045, #74, #6239 ) ) ;
#2231 = EDGE_LOOP ( 'NONE', ( #7047, #1666 ) ) ;
#2232 = EDGE_CURVE ( 'NONE', #3585, #6018, #3757, .T. ) ;
#2233 = DIRECTION ( 'NONE',  ( 0.000000000000000000, -1.000000000000000000, 0.000000000000000000 ) ) ;
#2234 = DIRECTION ( 'NONE',  ( 0.000000000000000000, 0.000000000000000000, 1.000000000000000000 ) ) ;
#2235 = CARTESIAN_POINT ( 'NONE',  ( 50.81370295058487585, 1.734723475976807094E-13, -125.5727675015929350 ) ) ;
#2236 = CARTESIAN_POINT ( 'NONE',  ( 70.37537075531301412, -123.9999999999996589, -23.77672444004325669 ) ) ;
#2237 = ORIENTED_EDGE ( 'NONE', *, *, #3287, .T. ) ;
#2238 = VECTOR ( 'NONE', #6614, 1000.000000000000000 ) ;
#2239 = VERTEX_POINT ( 'NONE', #6107 ) ;
#2240 = LINE ( 'NONE', #5163, #3485 ) ;
#2241 = CARTESIAN_POINT ( 'NONE',  ( -98.67880131525888032, -14.00000000000000000, -49.49999999999999289 ) ) ;
#2242 = CARTESIAN_POINT ( 'NONE',  ( 62.30548667938873564, -8.060303038032998302, -119.3878316937673247 ) ) ;
#2243 = ORIENTED_EDGE ( 'NONE', *, *, #76, .F. ) ;
#2244 = VECTOR ( 'NONE', #5919, 1000.000000000000000 ) ;
#2245 = ORIENTED_EDGE ( 'NONE', *, *, #2521, .T. ) ;
#2246 = LINE ( 'NONE', #6992, #5408 ) ;
#2247 = CARTESIAN_POINT ( 'NONE',  ( -98.67880131525888032, -115.9999999999996874, -49.49999999999998579 ) ) ;
#2248 = DIRECTION ( 'NONE',  ( -0.000000000000000000, -1.000000000000000000, -0.000000000000000000 ) ) ;
#2249 = ORIENTED_EDGE ( 'NONE', *, *, #4926, .F. ) ;
#2250 = DIRECTION ( 'NONE',  ( 0.000000000000000000, -1.000000000000000000, 0.000000000000000000 ) ) ;
#2251 = EDGE_CURVE ( 'NONE', #6670, #4254, #3388, .T. ) ;
#2252 = AXIS2_PLACEMENT_3D ( 'NONE', #1365, #196, #6650 ) ;
#2253 = VERTEX_POINT ( 'NONE', #5351 ) ;
#2254 = EDGE_LOOP ( 'NONE', ( #5622, #6404, #4128, #4099 ) ) ;
#2255 = FACE_OUTER_BOUND ( 'NONE', #4379, .T. ) ;
#2256 = DIRECTION ( 'NONE',  ( 0.000000000000000000, 0.000000000000000000, 1.000000000000000000 ) ) ;
#2257 = CARTESIAN_POINT ( 'NONE',  ( 77.90630859102959960, -115.9999999999996732, -84.39554354618952914 ) ) ;
#2258 = DIRECTION ( 'NONE',  ( 0.000000000000000000, -1.000000000000000000, 0.000000000000000000 ) ) ;
#2259 = CARTESIAN_POINT ( 'NONE',  ( 78.65621336992673207, -115.9999999999996732, -43.94195297822172108 ) ) ;
#2260 = EDGE_CURVE ( 'NONE', #5354, #2136, #6666, .T. ) ;
#2261 = EDGE_CURVE ( 'NONE', #3733, #5637, #4645, .T. ) ;
#2262 = ORIENTED_EDGE ( 'NONE', *, *, #5834, .T. ) ;
#2263 = ORIENTED_EDGE ( 'NONE', *, *, #3556, .F. ) ;
#2264 = CYLINDRICAL_SURFACE ( 'NONE', #6623, 71.39999999996429381 ) ;
#2265 = DIRECTION ( 'NONE',  ( 0.000000000000000000, 0.000000000000000000, -1.000000000000000000 ) ) ;
#2266 = CARTESIAN_POINT ( 'NONE',  ( 65.00000000000000000, -129.9999999999998295, -3.079134169858832593E-14 ) ) ;
#2267 = AXIS2_PLACEMENT_3D ( 'NONE', #3497, #7026, #4776 ) ;
#2268 = CYLINDRICAL_SURFACE ( 'NONE', #3687, 71.39999999996429381 ) ;
#2269 = ADVANCED_FACE ( 'NONE', ( #7138 ), #1265, .T. ) ;
#2270 = ORIENTED_EDGE ( 'NONE', *, *, #4245, .F. ) ;
#2271 = VERTEX_POINT ( 'NONE', #5694 ) ;
#2272 = DIRECTION ( 'NONE',  ( 0.000000000000000000, 0.000000000000000000, 1.000000000000000000 ) ) ;
#2273 = DIRECTION ( 'NONE',  ( 0.000000000000000000, 0.000000000000000000, 1.000000000000000000 ) ) ;
#2274 = DIRECTION ( 'NONE',  ( 0.000000000000000000, 1.000000000000000000, 0.000000000000000000 ) ) ;
#2275 = DIRECTION ( 'NONE',  ( 0.000000000000000000, 0.000000000000000000, 1.000000000000000000 ) ) ;
#2276 = FACE_OUTER_BOUND ( 'NONE', #2972, .T. ) ;
#2277 = AXIS2_PLACEMENT_3D ( 'NONE', #857, #3210, #4945 ) ;
#2278 = ORIENTED_EDGE ( 'NONE', *, *, #2674, .T. ) ;
#2279 = ORIENTED_EDGE ( 'NONE', *, *, #7130, .F. ) ;
#2280 = VECTOR ( 'NONE', #6235, 1000.000000000000000 ) ;
#2281 = CARTESIAN_POINT ( 'NONE',  ( -98.67880131525888032, -115.9999999999996732, -49.49999999999999289 ) ) ;
#2282 = VECTOR ( 'NONE', #2104, 1000.000000000000000 ) ;
#2283 = DIRECTION ( 'NONE',  ( 0.000000000000000000, -1.000000000000000000, 0.000000000000000000 ) ) ;
#2284 = CYLINDRICAL_SURFACE ( 'NONE', #6091, 2.100000000000004530 ) ;
#2285 = ORIENTED_EDGE ( 'NONE', *, *, #2524, .F. ) ;
#2286 = CARTESIAN_POINT ( 'NONE',  ( 76.75940293603790110, -8.060303038032998302, -46.94312453674528030 ) ) ;
#2287 = CIRCLE ( 'NONE', #6718, 180.0000000000000000 ) ;
#2288 = ORIENTED_EDGE ( 'NONE', *, *, #6934, .T. ) ;
#2289 = ORIENTED_EDGE ( 'NONE', *, *, #2765, .F. ) ;
#2290 = PLANE ( 'NONE',  #135 ) ;
#2291 = FACE_OUTER_BOUND ( 'NONE', #4476, .T. ) ;
#2292 = ADVANCED_FACE ( 'NONE', ( #1557 ), #2066, .F. ) ;
#2293 = DIRECTION ( 'NONE',  ( 0.000000000000000000, -1.000000000000000000, 0.000000000000000000 ) ) ;
#2294 = DIRECTION ( 'NONE',  ( -0.000000000000000000, -1.000000000000000000, -0.000000000000000000 ) ) ;
#2295 = CARTESIAN_POINT ( 'NONE',  ( -98.67880131525888032, -115.9999999999996874, -49.49999999999998579 ) ) ;
#2296 = VERTEX_POINT ( 'NONE', #3916 ) ;
#2297 = VERTEX_POINT ( 'NONE', #6302 ) ;
#2298 = CARTESIAN_POINT ( 'NONE',  ( 70.37876034053863350, 1.734723475976807094E-13, -100.6427240471703755 ) ) ;
#2299 = EDGE_CURVE ( 'NONE', #5586, #2136, #5511, .T. ) ;
#2300 = FACE_BOUND ( 'NONE', #7201, .T. ) ;
#2301 = EDGE_CURVE ( 'NONE', #5062, #5515, #2149, .T. ) ;
#2302 = CARTESIAN_POINT ( 'NONE',  ( 72.93241344919864844, -13.99999999999999822, -103.8101368718106841 ) ) ;
#2303 = DIRECTION ( 'NONE',  ( -0.000000000000000000, 1.000000000000000000, -0.000000000000000000 ) ) ;
#2304 = ORIENTED_EDGE ( 'NONE', *, *, #946, .T. ) ;
#2305 = AXIS2_PLACEMENT_3D ( 'NONE', #5626, #7494, #7379 ) ;
#2306 = VERTEX_POINT ( 'NONE', #2182 ) ;
#2307 = CARTESIAN_POINT ( 'NONE',  ( 63.43935890317201398, -14.00000000000000000, -6.456104795036194055 ) ) ;
#2308 = EDGE_CURVE ( 'NONE', #5375, #5354, #1807, .T. ) ;
#2309 = EDGE_CURVE ( 'NONE', #73, #1414, #2418, .T. ) ;
#2310 = DIRECTION ( 'NONE',  ( 0.000000000000000000, 1.000000000000000000, 0.000000000000000000 ) ) ;
#2311 = CARTESIAN_POINT ( 'NONE',  ( -98.67880131525888032, -14.00000000000000000, -49.49999999999998579 ) ) ;
#2312 = CARTESIAN_POINT ( 'NONE',  ( 77.94419888284339493, 1.734723475976807094E-13, -50.09428695927596920 ) ) ;
#2313 = DIRECTION ( 'NONE',  ( 7.191570712736577824E-14, 0.000000000000000000, -1.000000000000000000 ) ) ;
#2314 = VERTEX_POINT ( 'NONE', #403 ) ;
#2315 = ORIENTED_EDGE ( 'NONE', *, *, #1239, .T. ) ;
#2316 = EDGE_CURVE ( 'NONE', #3800, #1424, #576, .T. ) ;
#2317 = CARTESIAN_POINT ( 'NONE',  ( 65.80256023218933592, 1.734723475976807094E-13, -113.8577429643584367 ) ) ;
#2318 = VECTOR ( 'NONE', #224, 1000.000000000000000 ) ;
#2319 = DIRECTION ( 'NONE',  ( 0.000000000000000000, -1.000000000000000000, 0.000000000000000000 ) ) ;
#2320 = DIRECTION ( 'NONE',  ( 0.000000000000000000, 0.000000000000000000, 1.000000000000000000 ) ) ;
#2321 = VERTEX_POINT ( 'NONE', #6193 ) ;
#2322 = DIRECTION ( 'NONE',  ( 0.000000000000000000, 0.000000000000000000, 1.000000000000000000 ) ) ;
#2323 = CIRCLE ( 'NONE', #96, 2.100000000000004530 ) ;
#2324 = ORIENTED_EDGE ( 'NONE', *, *, #3923, .F. ) ;
#2325 = ORIENTED_EDGE ( 'NONE', *, *, #3761, .T. ) ;
#2326 = DIRECTION ( 'NONE',  ( 0.000000000000000000, -1.000000000000000000, 0.000000000000000000 ) ) ;
#2327 = DIRECTION ( 'NONE',  ( -0.000000000000000000, -1.000000000000000000, -0.000000000000000000 ) ) ;
#2328 = AXIS2_PLACEMENT_3D ( 'NONE', #153, #5398, #7199 ) ;
#2329 = AXIS2_PLACEMENT_3D ( 'NONE', #7198, #1897, #4707 ) ;
#2330 = CYLINDRICAL_SURFACE ( 'NONE', #5756, 71.39999999996429381 ) ;
#2331 = VECTOR ( 'NONE', #3312, 1000.000000000000000 ) ;
#2332 = DIRECTION ( 'NONE',  ( 0.000000000000000000, 1.000000000000000000, 0.000000000000000000 ) ) ;
#2333 = CARTESIAN_POINT ( 'NONE',  ( 50.81370295058593456, -115.9999999999996874, 26.57276750159084955 ) ) ;
#2334 = ORIENTED_EDGE ( 'NONE', *, *, #5710, .T. ) ;
#2335 = AXIS2_PLACEMENT_3D ( 'NONE', #4238, #7452, #1601 ) ;
#2336 = AXIS2_PLACEMENT_3D ( 'NONE', #4237, #2997, #5357 ) ;
#2337 = ORIENTED_EDGE ( 'NONE', *, *, #3685, .T. ) ;
#2338 = CARTESIAN_POINT ( 'NONE',  ( -98.67880131525888032, -14.00000000000000000, -49.49999999999999289 ) ) ;
#2339 = DIRECTION ( 'NONE',  ( -0.9172893902828921364, -0.000000000000000000, 0.3982212632123504070 ) ) ;
#2340 = CARTESIAN_POINT ( 'NONE',  ( 59.52566688811747042, -14.00000000000000000, 6.235276329373401261 ) ) ;
#2341 = AXIS2_PLACEMENT_3D ( 'NONE', #5073, #6927, #3911 ) ;
#2342 = AXIS2_PLACEMENT_3D ( 'NONE', #323, #1560, #7453 ) ;
#2343 = PLANE ( 'NONE',  #6904 ) ;
#2344 = AXIS2_PLACEMENT_3D ( 'NONE', #5461, #1292, #3637 ) ;
#2345 = EDGE_CURVE ( 'NONE', #3585, #7454, #3173, .T. ) ;
#2346 = ORIENTED_EDGE ( 'NONE', *, *, #5602, .T. ) ;
#2347 = VECTOR ( 'NONE', #958, 1000.000000000000000 ) ;
#2348 = ORIENTED_EDGE ( 'NONE', *, *, #2394, .F. ) ;
#2349 = CARTESIAN_POINT ( 'NONE',  ( 57.99930231246383272, -14.00000000000000000, -109.3919579797263424 ) ) ;
#2350 = FACE_OUTER_BOUND ( 'NONE', #271, .T. ) ;
#2351 = CYLINDRICAL_SURFACE ( 'NONE', #3071, 71.39999999996429381 ) ;
#2352 = CYLINDRICAL_SURFACE ( 'NONE', #6522, 71.39999999996429381 ) ;
#2353 = DIRECTION ( 'NONE',  ( 2.390711345044862504E-14, 0.000000000000000000, -1.000000000000000000 ) ) ;
#2354 = CARTESIAN_POINT ( 'NONE',  ( 78.58763409171426417, -13.99999999999999822, -18.24922596041843192 ) ) ;
#2355 = ORIENTED_EDGE ( 'NONE', *, *, #380, .T. ) ;
#2356 = AXIS2_PLACEMENT_3D ( 'NONE', #7291, #200, #3673 ) ;
#2357 = EDGE_CURVE ( 'NONE', #326, #6780, #3776, .T. ) ;
#2358 = EDGE_LOOP ( 'NONE', ( #813, #156 ) ) ;
#2359 = EDGE_CURVE ( 'NONE', #6683, #6205, #5995, .T. ) ;
#2360 = VERTEX_POINT ( 'NONE', #7488 ) ;
#2361 = DIRECTION ( 'NONE',  ( 0.9852598894374786642, 0.000000000000000000, 0.1710641700229685591 ) ) ;
#2362 = DIRECTION ( 'NONE',  ( -0.000000000000000000, 1.000000000000000000, -0.000000000000000000 ) ) ;
#2363 = CARTESIAN_POINT ( 'NONE',  ( 66.33667826014475111, -115.9999999999996874, -19.41734241254145132 ) ) ;
#2364 = VERTEX_POINT ( 'NONE', #4989 ) ;
#2365 = ORIENTED_EDGE ( 'NONE', *, *, #639, .T. ) ;
#2366 = VERTEX_POINT ( 'NONE', #1600 ) ;
#2367 = VERTEX_POINT ( 'NONE', #7370 ) ;
#2368 = CARTESIAN_POINT ( 'NONE',  ( -98.67880131525888032, -115.9999999999996732, -49.49999999999999289 ) ) ;
#2369 = CARTESIAN_POINT ( 'NONE',  ( -98.67880131525888032, -14.00000000000000000, -49.49999999999999289 ) ) ;
#2370 = CIRCLE ( 'NONE', #264, 176.6239999999116890 ) ;
#2371 = CYLINDRICAL_SURFACE ( 'NONE', #4993, 176.6239999999116890 ) ;
#2372 = DIRECTION ( 'NONE',  ( 0.4999999999999966138, 0.000000000000000000, 0.8660254037844407060 ) ) ;
#2373 = DIRECTION ( 'NONE',  ( 0.000000000000000000, -1.000000000000000000, 0.000000000000000000 ) ) ;
#2374 = ORIENTED_EDGE ( 'NONE', *, *, #711, .T. ) ;
#2375 = ORIENTED_EDGE ( 'NONE', *, *, #2251, .T. ) ;
#2376 = CARTESIAN_POINT ( 'NONE',  ( 81.15866094169702194, -115.9999999999996732, -41.85230956576025818 ) ) ;
#2377 = DIRECTION ( 'NONE',  ( 0.000000000000000000, -1.000000000000000000, 0.000000000000000000 ) ) ;
#2378 = LINE ( 'NONE', #4078, #2238 ) ;
#2379 = DIRECTION ( 'NONE',  ( 0.000000000000000000, 0.000000000000000000, 1.000000000000000000 ) ) ;
#2380 = ORIENTED_EDGE ( 'NONE', *, *, #4896, .T. ) ;
#2381 = UNCERTAINTY_MEASURE_WITH_UNIT (LENGTH_MEASURE( 1.000000000000000082E-05 ), #6596, 'distance_accuracy_value', 'NONE');
#2382 = ORIENTED_EDGE ( 'NONE', *, *, #7021, .T. ) ;
#2383 = DIRECTION ( 'NONE',  ( 0.000000000000000000, 1.000000000000000000, 0.000000000000000000 ) ) ;
#2384 = CARTESIAN_POINT ( 'NONE',  ( 75.58350073661644331, -19.93969696196701236, -70.30625106983377748 ) ) ;
#2385 = DIRECTION ( 'NONE',  ( 0.000000000000000000, 0.000000000000000000, 1.000000000000000000 ) ) ;
#2386 = EDGE_CURVE ( 'NONE', #15, #510, #1486, .T. ) ;
#2387 = CARTESIAN_POINT ( 'NONE',  ( -98.67880131525888032, 1.734723475976807094E-13, -49.49999999999998579 ) ) ;
#2388 = DIRECTION ( 'NONE',  ( 0.000000000000000000, 0.000000000000000000, -1.000000000000000000 ) ) ;
#2389 = CARTESIAN_POINT ( 'NONE',  ( -98.67880131525888032, -14.00000000000000000, -49.49999999999999289 ) ) ;
#2390 = ORIENTED_EDGE ( 'NONE', *, *, #4717, .T. ) ;
#2391 = ORIENTED_EDGE ( 'NONE', *, *, #1393, .T. ) ;
#2392 = ORIENTED_EDGE ( 'NONE', *, *, #1190, .T. ) ;
#2393 = CARTESIAN_POINT ( 'NONE',  ( 69.82702150548108477, -64.99999999999982947, -112.7912922563046294 ) ) ;
#2394 = EDGE_CURVE ( 'NONE', #3434, #3364, #250, .T. ) ;
#2395 = CARTESIAN_POINT ( 'NONE',  ( -98.67880131525888032, -14.00000000000000000, -49.49999999999999289 ) ) ;
#2396 = ADVANCED_FACE ( 'NONE', ( #2670 ), #2605, .T. ) ;
#2397 = CARTESIAN_POINT ( 'NONE',  ( 28.70856776544814082, -14.00000000000000000, -158.6216430673606226 ) ) ;
#2398 = ORIENTED_EDGE ( 'NONE', *, *, #6228, .T. ) ;
#2399 = ORIENTED_EDGE ( 'NONE', *, *, #887, .T. ) ;
#2400 = ORIENTED_EDGE ( 'NONE', *, *, #5123, .T. ) ;
#2401 = AXIS2_PLACEMENT_3D ( 'NONE', #5068, #3905, #6220 ) ;
#2402 = CARTESIAN_POINT ( 'NONE',  ( 60.71087466675243149, -115.9999999999996874, -125.5984136912081084 ) ) ;
#2403 = CARTESIAN_POINT ( 'NONE',  ( 73.89508237552880132, -14.00000000000000000, -11.89292561435692441 ) ) ;
#2404 = DIRECTION ( 'NONE',  ( -0.9929475900391752097, 0.000000000000000000, 0.1185541371500549446 ) ) ;
#2405 = EDGE_CURVE ( 'NONE', #510, #6702, #5750, .T. ) ;
#2406 = DIRECTION ( 'NONE',  ( -0.000000000000000000, 1.000000000000000000, -0.000000000000000000 ) ) ;
#2407 = AXIS2_PLACEMENT_3D ( 'NONE', #4622, #6383, #7056 ) ;
#2408 = DIRECTION ( 'NONE',  ( 0.000000000000000000, 0.000000000000000000, -1.000000000000000000 ) ) ;
#2409 = ORIENTED_EDGE ( 'NONE', *, *, #7385, .T. ) ;
#2410 = VERTEX_POINT ( 'NONE', #6151 ) ;
#2411 = LINE ( 'NONE', #2989, #4889 ) ;
#2412 = DIRECTION ( 'NONE',  ( 0.000000000000000000, 0.000000000000000000, 1.000000000000000000 ) ) ;
#2413 = ADVANCED_FACE ( 'NONE', ( #7336 ), #867, .T. ) ;
#2414 = CARTESIAN_POINT ( 'NONE',  ( 72.84223848233587262, -115.9999999999996874, -7.350619426607030604 ) ) ;
#2415 = EDGE_LOOP ( 'NONE', ( #5017, #663, #1171, #1310 ) ) ;
#2416 = VERTEX_POINT ( 'NONE', #5027 ) ;
#2417 = DIRECTION ( 'NONE',  ( 0.000000000000000000, 1.000000000000000000, 0.000000000000000000 ) ) ;
#2418 = CIRCLE ( 'NONE', #3279, 176.6239999999116890 ) ;
#2419 = DIRECTION ( 'NONE',  ( -0.000000000000000000, -1.000000000000000000, -0.000000000000000000 ) ) ;
#2420 = FACE_OUTER_BOUND ( 'NONE', #4782, .T. ) ;
#2421 = CARTESIAN_POINT ( 'NONE',  ( 50.81370295058593456, -14.00000000000000000, 26.57276750159084955 ) ) ;
#2422 = CARTESIAN_POINT ( 'NONE',  ( 75.58350073661644331, -6.000000000000000000, -70.30625106983377748 ) ) ;
#2423 = FACE_OUTER_BOUND ( 'NONE', #954, .T. ) ;
#2424 = ORIENTED_EDGE ( 'NONE', *, *, #3962, .T. ) ;
#2425 = VECTOR ( 'NONE', #6818, 1000.000000000000000 ) ;
#2426 = AXIS2_PLACEMENT_3D ( 'NONE', #5729, #440, #2903 ) ;
#2427 = EDGE_LOOP ( 'NONE', ( #684, #2917, #7332, #2783 ) ) ;
#2428 = VERTEX_POINT ( 'NONE', #7451 ) ;
#2429 = CARTESIAN_POINT ( 'NONE',  ( -98.67880131525888032, -14.00000000000000000, -49.49999999999999289 ) ) ;
#2430 = LINE ( 'NONE', #4714, #2207 ) ;
#2431 = LINE ( 'NONE', #6642, #2044 ) ;
#2432 = EDGE_LOOP ( 'NONE', ( #3722, #6324, #2890, #7064 ) ) ;
#2433 = AXIS2_PLACEMENT_3D ( 'NONE', #3435, #5867, #6370 ) ;
#2434 = ORIENTED_EDGE ( 'NONE', *, *, #4284, .F. ) ;
#2435 = ORIENTED_EDGE ( 'NONE', *, *, #4038, .T. ) ;
#2436 = EDGE_CURVE ( 'NONE', #2838, #1252, #7413, .T. ) ;
#2437 = ORIENTED_EDGE ( 'NONE', *, *, #7187, .F. ) ;
#2438 = DIRECTION ( 'NONE',  ( 0.000000000000000000, 0.000000000000000000, 1.000000000000000000 ) ) ;
#2439 = LINE ( 'NONE', #1876, #4417 ) ;
#2440 = CIRCLE ( 'NONE', #7517, 170.9999999999999716 ) ;
#2441 = CARTESIAN_POINT ( 'NONE',  ( 70.65429478737839020, -117.9999999999996589, -73.31811420526399559 ) ) ;
#2442 = CIRCLE ( 'NONE', #1458, 2.100000000000004530 ) ;
#2443 = DIRECTION ( 'NONE',  ( 0.000000000000000000, 1.000000000000000000, 0.000000000000000000 ) ) ;
#2444 = DIRECTION ( 'NONE',  ( 0.000000000000000000, -1.000000000000000000, 0.000000000000000000 ) ) ;
#2445 = ADVANCED_FACE ( 'NONE', ( #4071 ), #2791, .T. ) ;
#2446 = EDGE_LOOP ( 'NONE', ( #2603, #6487, #2794, #4223 ) ) ;
#2447 = AXIS2_PLACEMENT_3D ( 'NONE', #4786, #6482, #628 ) ;
#2448 = EDGE_CURVE ( 'NONE', #2896, #4744, #809, .T. ) ;
#2449 = EDGE_CURVE ( 'NONE', #7519, #1542, #6978, .T. ) ;
#2450 = CIRCLE ( 'NONE', #476, 176.6239999999116890 ) ;
#2451 = ORIENTED_EDGE ( 'NONE', *, *, #4064, .T. ) ;
#2452 = AXIS2_PLACEMENT_3D ( 'NONE', #1928, #4855, #6514 ) ;
#2453 = DIRECTION ( 'NONE',  ( -0.000000000000000000, 1.000000000000000000, -0.000000000000000000 ) ) ;
#2454 = CARTESIAN_POINT ( 'NONE',  ( 71.77730248076946395, -13.99999999999999822, -107.3335255595332995 ) ) ;
#2455 = DIRECTION ( 'NONE',  ( 0.000000000000000000, 0.000000000000000000, 1.000000000000000000 ) ) ;
#2456 = CIRCLE ( 'NONE', #978, 71.39999999996429381 ) ;
#2457 = AXIS2_PLACEMENT_3D ( 'NONE', #5520, #5597, #2011 ) ;
#2458 = ORIENTED_EDGE ( 'NONE', *, *, #2232, .T. ) ;
#2459 = ADVANCED_FACE ( 'NONE', ( #3517 ), #5308, .T. ) ;
#2460 = VERTEX_POINT ( 'NONE', #1753 ) ;
#2461 = DIRECTION ( 'NONE',  ( -0.000000000000000000, 1.000000000000000000, -0.000000000000000000 ) ) ;
#2462 = VERTEX_POINT ( 'NONE', #7087 ) ;
#2463 = CIRCLE ( 'NONE', #4318, 2.100000000000004530 ) ;
#2464 = CARTESIAN_POINT ( 'NONE',  ( 74.10740418743412761, -123.9999999999996589, -99.94727136308888760 ) ) ;
#2465 = DIRECTION ( 'NONE',  ( -0.000000000000000000, 1.000000000000000000, -0.000000000000000000 ) ) ;
#2466 = CIRCLE ( 'NONE', #1112, 180.0000000000000000 ) ;
#2467 = CIRCLE ( 'NONE', #2958, 71.39999999996429381 ) ;
#2468 = DIRECTION ( 'NONE',  ( 0.000000000000000000, 1.000000000000000000, 0.000000000000000000 ) ) ;
#2469 = DIRECTION ( 'NONE',  ( -0.000000000000000000, -1.000000000000000000, -0.000000000000000000 ) ) ;
#2470 = CARTESIAN_POINT ( 'NONE',  ( 76.48591752164641377, -16.00000000000000000, -72.15741933135183217 ) ) ;
#2471 = ORIENTED_EDGE ( 'NONE', *, *, #7060, .F. ) ;
#2472 = AXIS2_PLACEMENT_3D ( 'NONE', #6359, #6438, #6402 ) ;
#2473 = ORIENTED_EDGE ( 'NONE', *, *, #7031, .T. ) ;
#2474 = ORIENTED_EDGE ( 'NONE', *, *, #2299, .F. ) ;
#2475 = CARTESIAN_POINT ( 'NONE',  ( 62.30548667938873564, -19.93969696196701236, -121.4878316937673191 ) ) ;
#2476 = PLANE ( 'NONE',  #724 ) ;
#2477 = CARTESIAN_POINT ( 'NONE',  ( 68.09761215553594127, -13.99999999999999822, -117.2172644883566903 ) ) ;
#2478 = VERTEX_POINT ( 'NONE', #1021 ) ;
#2479 = AXIS2_PLACEMENT_3D ( 'NONE', #1875, #4218, #6577 ) ;
#2480 = ORIENTED_EDGE ( 'NONE', *, *, #5518, .F. ) ;
#2481 = VERTEX_POINT ( 'NONE', #478 ) ;
#2482 = CARTESIAN_POINT ( 'NONE',  ( 62.66409410622977560, 1.734723475976807094E-13, -121.3645077418567837 ) ) ;
#2483 = DIRECTION ( 'NONE',  ( 0.000000000000000000, 0.000000000000000000, -1.000000000000000000 ) ) ;
#2484 = CARTESIAN_POINT ( 'NONE',  ( 75.63931159770750412, -115.9999999999996874, -77.94701893751093280 ) ) ;
#2485 = CARTESIAN_POINT ( 'NONE',  ( 70.73140919045791009, -19.93969696196701236, -93.23045468254395018 ) ) ;
#2486 = EDGE_CURVE ( 'NONE', #1803, #2170, #5874, .T. ) ;
#2487 = DIRECTION ( 'NONE',  ( 0.000000000000000000, -1.000000000000000000, 0.000000000000000000 ) ) ;
#2488 = ORIENTED_EDGE ( 'NONE', *, *, #4001, .F. ) ;
#2489 = VECTOR ( 'NONE', #3944, 1000.000000000000000 ) ;
#2490 = ORIENTED_EDGE ( 'NONE', *, *, #3479, .T. ) ;
#2491 = CARTESIAN_POINT ( 'NONE',  ( 75.55949415779436151, -115.9999999999996732, -4.322390605024359012 ) ) ;
#2492 = CARTESIAN_POINT ( 'NONE',  ( 81.29787021941601211, -115.9999999999996732, -46.60212089628627297 ) ) ;
#2493 = ADVANCED_FACE ( 'NONE', ( #6930 ), #2330, .T. ) ;
#2494 = ADVANCED_FACE ( 'NONE', ( #6375 ), #5839, .F. ) ;
#2495 = DIRECTION ( 'NONE',  ( -0.000000000000000000, 1.000000000000000000, -0.000000000000000000 ) ) ;
#2496 = ORIENTED_EDGE ( 'NONE', *, *, #4064, .F. ) ;
#2497 = ORIENTED_EDGE ( 'NONE', *, *, #6217, .F. ) ;
#2498 = FACE_OUTER_BOUND ( 'NONE', #7627, .T. ) ;
#2499 = FACE_BOUND ( 'NONE', #1440, .T. ) ;
#2500 = CARTESIAN_POINT ( 'NONE',  ( 55.90113100746083319, -14.00000000000000000, -134.9463685540362974 ) ) ;
#2501 = DIRECTION ( 'NONE',  ( 0.000000000000000000, 0.000000000000000000, -1.000000000000000000 ) ) ;
#2502 = ADVANCED_FACE ( 'NONE', ( #552 ), #2371, .T. ) ;
#2503 = CARTESIAN_POINT ( 'NONE',  ( -98.67880131525888032, -115.9999999999996732, -49.49999999999999289 ) ) ;
#2504 = DIRECTION ( 'NONE',  ( 0.000000000000000000, -1.000000000000000000, 0.000000000000000000 ) ) ;
#2505 = ORIENTED_EDGE ( 'NONE', *, *, #3106, .T. ) ;
#2506 = VERTEX_POINT ( 'NONE', #5189 ) ;
#2507 = FACE_OUTER_BOUND ( 'NONE', #6896, .T. ) ;
#2508 = DIRECTION ( 'NONE',  ( -0.9852598894374785532, 0.000000000000000000, -0.1710641700229696138 ) ) ;
#2509 = FACE_OUTER_BOUND ( 'NONE', #2668, .T. ) ;
#2510 = ORIENTED_EDGE ( 'NONE', *, *, #4016, .F. ) ;
#2511 = VERTEX_POINT ( 'NONE', #7565 ) ;
#2512 = CARTESIAN_POINT ( 'NONE',  ( 56.71976032812312241, -117.9999999999996589, -120.8602623255267758 ) ) ;
#2513 = CARTESIAN_POINT ( 'NONE',  ( 75.29853924827678213, -65.99999999999982947, -17.66787505463064889 ) ) ;
#2514 = DIRECTION ( 'NONE',  ( 0.000000000000000000, 1.000000000000000000, 0.000000000000000000 ) ) ;
#2515 = DIRECTION ( 'NONE',  ( 0.000000000000000000, -1.000000000000000000, 0.000000000000000000 ) ) ;
#2516 = PLANE ( 'NONE',  #5307 ) ;
#2517 = DIRECTION ( 'NONE',  ( 0.000000000000000000, -0.000000000000000000, 1.000000000000000000 ) ) ;
#2518 = VERTEX_POINT ( 'NONE', #3403 ) ;
#2519 = VECTOR ( 'NONE', #3395, 1000.000000000000000 ) ;
#2520 = ORIENTED_EDGE ( 'NONE', *, *, #5625, .F. ) ;
#2521 = EDGE_CURVE ( 'NONE', #6683, #2481, #1790, .T. ) ;
#2522 = DIRECTION ( 'NONE',  ( 0.000000000000000000, -1.000000000000000000, 0.000000000000000000 ) ) ;
#2523 = CARTESIAN_POINT ( 'NONE',  ( -98.67880131525888032, -14.00000000000000000, -49.49999999999999289 ) ) ;
#2524 = EDGE_CURVE ( 'NONE', #659, #6744, #4387, .T. ) ;
#2525 = VECTOR ( 'NONE', #12, 1000.000000000000114 ) ;
#2526 = DIRECTION ( 'NONE',  ( 0.000000000000000000, -0.000000000000000000, 1.000000000000000000 ) ) ;
#2527 = AXIS2_PLACEMENT_3D ( 'NONE', #7535, #25, #2234 ) ;
#2528 = EDGE_LOOP ( 'NONE', ( #4642, #4265, #3179, #1907 ) ) ;
#2529 = VERTEX_POINT ( 'NONE', #2257 ) ;
#2530 = ADVANCED_FACE ( 'NONE', ( #1672 ), #5257, .F. ) ;
#2531 = EDGE_CURVE ( 'NONE', #7448, #1571, #6738, .T. ) ;
#2532 = CARTESIAN_POINT ( 'NONE',  ( 73.24452982358994291, -13.99999999999999822, -102.8138650830092473 ) ) ;
#2533 = FACE_BOUND ( 'NONE', #1191, .T. ) ;
#2534 = DIRECTION ( 'NONE',  ( -0.000000000000000000, 1.000000000000000000, -0.000000000000000000 ) ) ;
#2535 = DIRECTION ( 'NONE',  ( -0.000000000000000000, -1.000000000000000000, -0.000000000000000000 ) ) ;
#2536 = DIRECTION ( 'NONE',  ( -0.000000000000000000, -1.000000000000000000, -0.000000000000000000 ) ) ;
#2537 = EDGE_LOOP ( 'NONE', ( #91, #3573, #1428, #6710 ) ) ;
#2538 = ADVANCED_FACE ( 'NONE', ( #7596 ), #4580, .T. ) ;
#2539 = VERTEX_POINT ( 'NONE', #3992 ) ;
#2540 = EDGE_CURVE ( 'NONE', #82, #5835, #7107, .T. ) ;
#2541 = EDGE_CURVE ( 'NONE', #2037, #3585, #28, .T. ) ;
#2542 = CARTESIAN_POINT ( 'NONE',  ( 68.58828413856262785, -14.00000000000000000, -36.97814267735391525 ) ) ;
#2543 = LINE ( 'NONE', #7318, #3810 ) ;
#2544 = DIRECTION ( 'NONE',  ( 0.000000000000000000, 1.000000000000000000, 0.000000000000000000 ) ) ;
#2545 = AXIS2_PLACEMENT_3D ( 'NONE', #2307, #3030, #7145 ) ;
#2546 = VECTOR ( 'NONE', #939, 1000.000000000000114 ) ;
#2547 = ORIENTED_EDGE ( 'NONE', *, *, #2251, .F. ) ;
#2548 = ORIENTED_EDGE ( 'NONE', *, *, #6041, .T. ) ;
#2549 = EDGE_CURVE ( 'NONE', #6213, #6607, #199, .T. ) ;
#2550 = DIRECTION ( 'NONE',  ( -0.000000000000000000, -1.000000000000000000, 0.000000000000000000 ) ) ;
#2551 = CIRCLE ( 'NONE', #824, 180.0000000000000000 ) ;
#2552 = CARTESIAN_POINT ( 'NONE',  ( 77.43756294773656634, -115.9999999999996874, -36.11853465599897106 ) ) ;
#2553 = CARTESIAN_POINT ( 'NONE',  ( -98.67880131525888032, -14.00000000000000000, -49.49999999999999289 ) ) ;
#2554 = DIRECTION ( 'NONE',  ( -0.000000000000000000, -1.000000000000000000, -0.000000000000000000 ) ) ;
#2555 = DIRECTION ( 'NONE',  ( -0.000000000000000000, -1.000000000000000000, -0.000000000000000000 ) ) ;
#2556 = DIRECTION ( 'NONE',  ( -0.000000000000000000, 1.000000000000000000, -0.000000000000000000 ) ) ;
#2557 = DIRECTION ( 'NONE',  ( 0.000000000000000000, 0.000000000000000000, 1.000000000000000000 ) ) ;
#2558 = ORIENTED_EDGE ( 'NONE', *, *, #6516, .T. ) ;
#2559 = AXIS2_PLACEMENT_3D ( 'NONE', #928, #5572, #6135 ) ;
#2560 = ORIENTED_EDGE ( 'NONE', *, *, #3193, .F. ) ;
#2561 = DIRECTION ( 'NONE',  ( -0.9653003447619190602, -0.000000000000000000, 0.2611421919233277156 ) ) ;
#2562 = AXIS2_PLACEMENT_3D ( 'NONE', #6928, #7486, #5219 ) ;
#2563 = DIRECTION ( 'NONE',  ( 0.000000000000000000, 1.000000000000000000, 0.000000000000000000 ) ) ;
#2564 = DIRECTION ( 'NONE',  ( -0.000000000000000000, 1.000000000000000000, -0.000000000000000000 ) ) ;
#2565 = AXIS2_PLACEMENT_3D ( 'NONE', #2929, #5366, #2361 ) ;
#2566 = CIRCLE ( 'NONE', #722, 170.9999999999999716 ) ;
#2567 = ORIENTED_EDGE ( 'NONE', *, *, #719, .T. ) ;
#2568 = CIRCLE ( 'NONE', #479, 170.9999999999999716 ) ;
#2569 = ORIENTED_EDGE ( 'NONE', *, *, #5518, .T. ) ;
#2570 = DIRECTION ( 'NONE',  ( -0.000000000000000000, -1.000000000000000000, -0.000000000000000000 ) ) ;
#2571 = DIRECTION ( 'NONE',  ( 0.000000000000000000, -0.000000000000000000, -1.000000000000000000 ) ) ;
#2572 = CARTESIAN_POINT ( 'NONE',  ( 75.81859698044974039, -13.99999999999999822, -93.66625395023220335 ) ) ;
#2573 = AXIS2_PLACEMENT_3D ( 'NONE', #7384, #6857, #4625 ) ;
#2574 = PLANE ( 'NONE',  #3178 ) ;
#2575 = CIRCLE ( 'NONE', #7159, 71.39999999996429381 ) ;
#2576 = EDGE_CURVE ( 'NONE', #5364, #2360, #6184, .T. ) ;
#2577 = AXIS2_PLACEMENT_3D ( 'NONE', #2598, #5105, #3211 ) ;
#2578 = ORIENTED_EDGE ( 'NONE', *, *, #5625, .T. ) ;
#2579 = ORIENTED_EDGE ( 'NONE', *, *, #5567, .F. ) ;
#2580 = AXIS2_PLACEMENT_3D ( 'NONE', #1845, #4197, #6551 ) ;
#2581 = DIRECTION ( 'NONE',  ( -0.000000000000000000, -1.000000000000000000, -0.000000000000000000 ) ) ;
#2582 = EDGE_CURVE ( 'NONE', #5687, #7084, #5575, .T. ) ;
#2583 = CARTESIAN_POINT ( 'NONE',  ( -98.67880131525888032, -115.9999999999996732, -49.49999999999999289 ) ) ;
#2584 = FACE_OUTER_BOUND ( 'NONE', #6763, .T. ) ;
#2585 = ORIENTED_EDGE ( 'NONE', *, *, #5844, .F. ) ;
#2586 = VECTOR ( 'NONE', #4617, 1000.000000000000000 ) ;
#2587 = EDGE_CURVE ( 'NONE', #4636, #4772, #1325, .T. ) ;
#2588 = EDGE_CURVE ( 'NONE', #7445, #4015, #2370, .T. ) ;
#2589 = CIRCLE ( 'NONE', #3203, 2.100000000000004530 ) ;
#2590 = ORIENTED_EDGE ( 'NONE', *, *, #3142, .F. ) ;
#2591 = ORIENTED_EDGE ( 'NONE', *, *, #7569, .T. ) ;
#2592 = CARTESIAN_POINT ( 'NONE',  ( 77.02296494380198055, 1.734723475976807094E-13, -67.52572354761770157 ) ) ;
#2593 = DIRECTION ( 'NONE',  ( 0.000000000000000000, 1.000000000000000000, 0.000000000000000000 ) ) ;
#2594 = VECTOR ( 'NONE', #5199, 1000.000000000000000 ) ;
#2595 = DIRECTION ( 'NONE',  ( 0.000000000000000000, 1.000000000000000000, 0.000000000000000000 ) ) ;
#2596 = CARTESIAN_POINT ( 'NONE',  ( 70.65429478737839020, -12.00000000000000000, -73.31811420526399559 ) ) ;
#2597 = ORIENTED_EDGE ( 'NONE', *, *, #6452, .F. ) ;
#2598 = CARTESIAN_POINT ( 'NONE',  ( -98.67880131525888032, -115.9999999999996732, -49.49999999999999289 ) ) ;
#2599 = ADVANCED_FACE ( 'NONE', ( #786 ), #3671, .T. ) ;
#2600 = FACE_OUTER_BOUND ( 'NONE', #922, .T. ) ;
#2601 = VECTOR ( 'NONE', #6248, 1000.000000000000000 ) ;
#2602 = VERTEX_POINT ( 'NONE', #2484 ) ;
#2603 = ORIENTED_EDGE ( 'NONE', *, *, #7096, .F. ) ;
#2604 = CARTESIAN_POINT ( 'NONE',  ( -98.67880131525888032, -14.00000000000000000, -49.49999999999999289 ) ) ;
#2605 = CYLINDRICAL_SURFACE ( 'NONE', #6733, 71.39999999996429381 ) ;
#2606 = PLANE ( 'NONE',  #7289 ) ;
#2607 = VERTEX_POINT ( 'NONE', #5954 ) ;
#2608 = ORIENTED_EDGE ( 'NONE', *, *, #7078, .T. ) ;
#2609 = ORIENTED_EDGE ( 'NONE', *, *, #6654, .F. ) ;
#2610 = DIRECTION ( 'NONE',  ( -0.000000000000000000, 1.000000000000000000, -0.000000000000000000 ) ) ;
#2611 = FACE_BOUND ( 'NONE', #6790, .T. ) ;
#2612 = PLANE ( 'NONE',  #3823 ) ;
#2613 = DIRECTION ( 'NONE',  ( 0.000000000000000000, -1.000000000000000000, 0.000000000000000000 ) ) ;
#2614 = VECTOR ( 'NONE', #3743, 1000.000000000000000 ) ;
#2615 = ORIENTED_EDGE ( 'NONE', *, *, #6504, .F. ) ;
#2616 = EDGE_LOOP ( 'NONE', ( #1277, #2558, #3484, #1267 ) ) ;
#2617 = EDGE_CURVE ( 'NONE', #5314, #2462, #4465, .T. ) ;
#2618 = DIRECTION ( 'NONE',  ( 0.000000000000000000, 1.000000000000000000, 0.000000000000000000 ) ) ;
#2619 = CARTESIAN_POINT ( 'NONE',  ( 71.98000936475759204, 1.734723475976807094E-13, -3.985082519561644609 ) ) ;
#2620 = DIRECTION ( 'NONE',  ( 0.000000000000000000, 0.000000000000000000, 1.000000000000000000 ) ) ;
#2621 = EDGE_LOOP ( 'NONE', ( #5322, #304, #3315, #1535 ) ) ;
#2622 = ORIENTED_EDGE ( 'NONE', *, *, #4746, .F. ) ;
#2623 = CIRCLE ( 'NONE', #4604, 180.0000000000000000 ) ;
#2624 = EDGE_LOOP ( 'NONE', ( #3175, #2970, #5182, #5052 ) ) ;
#2625 = EDGE_CURVE ( 'NONE', #609, #4764, #4760, .T. ) ;
#2626 = EDGE_CURVE ( 'NONE', #4542, #1153, #3843, .T. ) ;
#2627 = DIRECTION ( 'NONE',  ( 0.000000000000000000, 0.000000000000000000, 1.000000000000000000 ) ) ;
#2628 = CARTESIAN_POINT ( 'NONE',  ( -98.67880131525888032, -14.00000000000000000, -49.49999999999999289 ) ) ;
#2629 = CARTESIAN_POINT ( 'NONE',  ( -98.67880131525888032, -123.9999999999996589, -49.49999999999999289 ) ) ;
#2630 = DIRECTION ( 'NONE',  ( 0.000000000000000000, 0.000000000000000000, -1.000000000000000000 ) ) ;
#2631 = FACE_OUTER_BOUND ( 'NONE', #5407, .T. ) ;
#2632 = DIRECTION ( 'NONE',  ( 4.663277393752829708E-13, 0.000000000000000000, 1.000000000000000000 ) ) ;
#2633 = EDGE_LOOP ( 'NONE', ( #3689, #5037, #3039, #2497 ) ) ;
#2634 = PLANE ( 'NONE',  #7542 ) ;
#2635 = ADVANCED_FACE ( 'NONE', ( #3128 ), #5459, .F. ) ;
#2636 = FACE_OUTER_BOUND ( 'NONE', #1189, .T. ) ;
#2637 = CARTESIAN_POINT ( 'NONE',  ( -98.67880131525888032, -14.00000000000000000, -49.49999999999999289 ) ) ;
#2638 = PLANE ( 'NONE',  #3314 ) ;
#2639 = ORIENTED_EDGE ( 'NONE', *, *, #5276, .F. ) ;
#2640 = ORIENTED_EDGE ( 'NONE', *, *, #518, .F. ) ;
#2641 = VERTEX_POINT ( 'NONE', #7250 ) ;
#2642 = EDGE_CURVE ( 'NONE', #2987, #4512, #6682, .T. ) ;
#2643 = FACE_OUTER_BOUND ( 'NONE', #4754, .T. ) ;
#2644 = DIRECTION ( 'NONE',  ( 0.000000000000000000, 0.000000000000000000, 1.000000000000000000 ) ) ;
#2645 = FACE_OUTER_BOUND ( 'NONE', #3192, .T. ) ;
#2646 = FACE_OUTER_BOUND ( 'NONE', #651, .T. ) ;
#2647 = CIRCLE ( 'NONE', #2043, 71.39999999996432223 ) ;
#2648 = ORIENTED_EDGE ( 'NONE', *, *, #4153, .T. ) ;
#2649 = ORIENTED_EDGE ( 'NONE', *, *, #843, .T. ) ;
#2650 = CARTESIAN_POINT ( 'NONE',  ( 62.61965343732309464, -115.9999999999996732, -121.4641985323123379 ) ) ;
#2651 = AXIS2_PLACEMENT_3D ( 'NONE', #5145, #7524, #1097 ) ;
#2652 = FACE_OUTER_BOUND ( 'NONE', #3979, .T. ) ;
#2653 = LINE ( 'NONE', #6831, #6149 ) ;
#2654 = CARTESIAN_POINT ( 'NONE',  ( -98.67880131525888032, -123.9999999999996589, -49.49999999999999289 ) ) ;
#2655 = VERTEX_POINT ( 'NONE', #6579 ) ;
#2656 = ORIENTED_EDGE ( 'NONE', *, *, #1042, .T. ) ;
#2657 = ORIENTED_EDGE ( 'NONE', *, *, #1756, .T. ) ;
#2658 = DIRECTION ( 'NONE',  ( -0.000000000000000000, 1.000000000000000000, -0.000000000000000000 ) ) ;
#2659 = CARTESIAN_POINT ( 'NONE',  ( 34.28997463505664456, 1.734723475976807094E-13, -151.7466596486140133 ) ) ;
#2660 = DIRECTION ( 'NONE',  ( -0.000000000000000000, 1.000000000000000000, -0.000000000000000000 ) ) ;
#2661 = LINE ( 'NONE', #7400, #2282 ) ;
#2662 = CARTESIAN_POINT ( 'NONE',  ( 62.68259304365194851, -64.99999999999982947, -129.2652832409917210 ) ) ;
#2663 = FACE_OUTER_BOUND ( 'NONE', #1105, .T. ) ;
#2664 = ADVANCED_FACE ( 'NONE', ( #5419 ), #6492, .F. ) ;
#2665 = VERTEX_POINT ( 'NONE', #1212 ) ;
#2666 = AXIS2_PLACEMENT_3D ( 'NONE', #1302, #3109, #1382 ) ;
#2667 = ORIENTED_EDGE ( 'NONE', *, *, #277, .T. ) ;
#2668 = EDGE_LOOP ( 'NONE', ( #4879, #1180, #2615, #1262, #2053 ) ) ;
#2669 = CARTESIAN_POINT ( 'NONE',  ( 64.97707934170873045, -123.9999999999996589, -124.4449980078214679 ) ) ;
#2670 = FACE_OUTER_BOUND ( 'NONE', #2724, .T. ) ;
#2671 = CARTESIAN_POINT ( 'NONE',  ( 67.07326532935289265, -16.00000000000000000, -23.78371741357440783 ) ) ;
#2672 = EDGE_CURVE ( 'NONE', #109, #1978, #1291, .T. ) ;
#2673 = CARTESIAN_POINT ( 'NONE',  ( 77.43756294773656634, 1.734723475976807094E-13, -36.11853465599897106 ) ) ;
#2674 = EDGE_CURVE ( 'NONE', #4643, #791, #2003, .T. ) ;
#2675 = ADVANCED_FACE ( 'NONE', ( #3019 ), #5380, .T. ) ;
#2676 = ORIENTED_EDGE ( 'NONE', *, *, #1263, .F. ) ;
#2677 = ORIENTED_EDGE ( 'NONE', *, *, #3528, .F. ) ;
#2678 = ORIENTED_EDGE ( 'NONE', *, *, #6217, .T. ) ;
#2679 = LINE ( 'NONE', #3409, #3655 ) ;
#2680 = LINE ( 'NONE', #5155, #910 ) ;
#2681 = DIRECTION ( 'NONE',  ( -0.000000000000000000, 1.000000000000000000, -0.000000000000000000 ) ) ;
#2682 = AXIS2_PLACEMENT_3D ( 'NONE', #955, #3975, #419 ) ;
#2683 = DIRECTION ( 'NONE',  ( 0.000000000000000000, -1.000000000000000000, 0.000000000000000000 ) ) ;
#2684 = AXIS2_PLACEMENT_3D ( 'NONE', #4900, #6757, #308 ) ;
#2685 = AXIS2_PLACEMENT_3D ( 'NONE', #2395, #1249, #4132 ) ;
#2686 = ORIENTED_EDGE ( 'NONE', *, *, #4232, .T. ) ;
#2687 = CIRCLE ( 'NONE', #5656, 176.6239999999116890 ) ;
#2688 = ORIENTED_EDGE ( 'NONE', *, *, #5808, .F. ) ;
#2689 = DIRECTION ( 'NONE',  ( -0.000000000000000000, -1.000000000000000000, -0.000000000000000000 ) ) ;
#2690 = DIRECTION ( 'NONE',  ( 0.000000000000000000, 0.000000000000000000, -1.000000000000000000 ) ) ;
#2691 = VECTOR ( 'NONE', #6808, 1000.000000000000000 ) ;
#2692 = VECTOR ( 'NONE', #4819, 1000.000000000000000 ) ;
#2693 = CARTESIAN_POINT ( 'NONE',  ( 79.35078683594714732, -13.99999999999999822, -76.06060508873133585 ) ) ;
#2694 = AXIS2_PLACEMENT_3D ( 'NONE', #4158, #6513, #7658 ) ;
#2695 = CIRCLE ( 'NONE', #7153, 180.0000000000000000 ) ;
#2696 = DIRECTION ( 'NONE',  ( -0.000000000000000000, 1.000000000000000000, -0.000000000000000000 ) ) ;
#2697 = DIRECTION ( 'NONE',  ( 0.000000000000000000, 0.000000000000000000, 1.000000000000000000 ) ) ;
#2698 = ORIENTED_EDGE ( 'NONE', *, *, #1539, .T. ) ;
#2699 = AXIS2_PLACEMENT_3D ( 'NONE', #2843, #5200, #2764 ) ;
#2700 = VERTEX_POINT ( 'NONE', #710 ) ;
#2701 = AXIS2_PLACEMENT_3D ( 'NONE', #4142, #1673, #5920 ) ;
#2702 = CIRCLE ( 'NONE', #2825, 176.6239999999116890 ) ;
#2703 = VERTEX_POINT ( 'NONE', #3052 ) ;
#2704 = CARTESIAN_POINT ( 'NONE',  ( 71.66985878718104175, 1.734723475976807094E-13, -2.837687827624696624 ) ) ;
#2705 = FACE_OUTER_BOUND ( 'NONE', #7168, .T. ) ;
#2706 = AXIS2_PLACEMENT_3D ( 'NONE', #2871, #7090, #2408 ) ;
#2707 = DIRECTION ( 'NONE',  ( -0.000000000000000000, -1.000000000000000000, -0.000000000000000000 ) ) ;
#2708 = LINE ( 'NONE', #968, #2519 ) ;
#2709 = VERTEX_POINT ( 'NONE', #6803 ) ;
#2710 = AXIS2_PLACEMENT_3D ( 'NONE', #3020, #5577, #1517 ) ;
#2711 = LINE ( 'NONE', #3283, #2827 ) ;
#2712 = DIRECTION ( 'NONE',  ( 0.000000000000000000, -1.000000000000000000, 0.000000000000000000 ) ) ;
#2713 = ORIENTED_EDGE ( 'NONE', *, *, #5223, .F. ) ;
#2714 = VECTOR ( 'NONE', #4923, 1000.000000000000000 ) ;
#2715 = CARTESIAN_POINT ( 'NONE',  ( 62.24664332983695658, -14.00000000000000000, -2.191691503469067825 ) ) ;
#2716 = PLANE ( 'NONE',  #1817 ) ;
#2717 = EDGE_CURVE ( 'NONE', #1816, #6287, #310, .T. ) ;
#2718 = CARTESIAN_POINT ( 'NONE',  ( -98.67880131525888032, -123.9999999999996589, -49.49999999999999289 ) ) ;
#2719 = CIRCLE ( 'NONE', #1122, 180.0000000000000000 ) ;
#2720 = DIRECTION ( 'NONE',  ( -0.000000000000000000, -1.000000000000000000, -0.000000000000000000 ) ) ;
#2721 = PLANE ( 'NONE',  #7033 ) ;
#2722 = ORIENTED_EDGE ( 'NONE', *, *, #5983, .T. ) ;
#2723 = ORIENTED_EDGE ( 'NONE', *, *, #5130, .T. ) ;
#2724 = EDGE_LOOP ( 'NONE', ( #3552, #4830, #5599, #2095 ) ) ;
#2725 = DIRECTION ( 'NONE',  ( -0.000000000000000000, 1.000000000000000000, -0.000000000000000000 ) ) ;
#2726 = EDGE_CURVE ( 'NONE', #4745, #1088, #4346, .T. ) ;
#2727 = LINE ( 'NONE', #907, #3495 ) ;
#2728 = EDGE_CURVE ( 'NONE', #4152, #5631, #395, .T. ) ;
#2729 = DIRECTION ( 'NONE',  ( 0.000000000000000000, 0.000000000000000000, 1.000000000000000000 ) ) ;
#2730 = CYLINDRICAL_SURFACE ( 'NONE', #6653, 71.39999999996429381 ) ;
#2731 = ORIENTED_EDGE ( 'NONE', *, *, #1182, .F. ) ;
#2732 = ORIENTED_EDGE ( 'NONE', *, *, #5509, .T. ) ;
#2733 = AXIS2_PLACEMENT_3D ( 'NONE', #7127, #166, #4179 ) ;
#2734 = DIRECTION ( 'NONE',  ( -0.000000000000000000, 1.000000000000000000, -0.000000000000000000 ) ) ;
#2735 = EDGE_CURVE ( 'NONE', #505, #2481, #5573, .T. ) ;
#2736 = EDGE_LOOP ( 'NONE', ( #3206, #1565, #6341, #272 ) ) ;
#2737 = DIRECTION ( 'NONE',  ( -0.000000000000000000, 1.000000000000000000, -0.000000000000000000 ) ) ;
#2738 = CARTESIAN_POINT ( 'NONE',  ( -98.67880131525888032, -117.9999999999996589, -49.49999999999999289 ) ) ;
#2739 = VECTOR ( 'NONE', #2982, 1000.000000000000000 ) ;
#2740 = CARTESIAN_POINT ( 'NONE',  ( 9.901165855746185684, 1.734723475976807094E-13, -177.3493860609748367 ) ) ;
#2741 = VERTEX_POINT ( 'NONE', #856 ) ;
#2742 = ORIENTED_EDGE ( 'NONE', *, *, #4708, .F. ) ;
#2743 = CARTESIAN_POINT ( 'NONE',  ( 76.75940293603790110, -129.9999999999998295, -44.84312453674527887 ) ) ;
#2744 = CARTESIAN_POINT ( 'NONE',  ( 77.02296494380198055, -115.9999999999996874, -67.52572354761770157 ) ) ;
#2745 = CARTESIAN_POINT ( 'NONE',  ( 74.23430928101858228, -8.060303038032998302, -21.57823816096861336 ) ) ;
#2746 = PLANE ( 'NONE',  #5606 ) ;
#2747 = ORIENTED_EDGE ( 'NONE', *, *, #7031, .F. ) ;
#2748 = CARTESIAN_POINT ( 'NONE',  ( 62.61965343732314437, -16.00000000000000000, -121.4641985323122384 ) ) ;
#2749 = AXIS2_PLACEMENT_3D ( 'NONE', #4628, #6945, #7652 ) ;
#2750 = EDGE_LOOP ( 'NONE', ( #3449, #6956, #6269, #1715 ) ) ;
#2751 = ORIENTED_EDGE ( 'NONE', *, *, #4191, .T. ) ;
#2752 = FACE_OUTER_BOUND ( 'NONE', #1613, .T. ) ;
#2753 = CARTESIAN_POINT ( 'NONE',  ( 44.32644146041548083, -14.00000000000000000, 38.16170957547635112 ) ) ;
#2754 = DIRECTION ( 'NONE',  ( -0.000000000000000000, -1.000000000000000000, -0.000000000000000000 ) ) ;
#2755 = CYLINDRICAL_SURFACE ( 'NONE', #363, 176.6239999999116890 ) ;
#2756 = LINE ( 'NONE', #6966, #5305 ) ;
#2757 = VERTEX_POINT ( 'NONE', #3322 ) ;
#2758 = EDGE_CURVE ( 'NONE', #988, #577, #1261, .T. ) ;
#2759 = ORIENTED_EDGE ( 'NONE', *, *, #1836, .F. ) ;
#2760 = ORIENTED_EDGE ( 'NONE', *, *, #1558, .T. ) ;
#2761 = DIRECTION ( 'NONE',  ( 0.000000000000000000, -1.000000000000000000, 0.000000000000000000 ) ) ;
#2762 = CARTESIAN_POINT ( 'NONE',  ( 75.82679495835178329, 1.734723475976807094E-13, -76.77332479109216479 ) ) ;
#2763 = FACE_BOUND ( 'NONE', #7591, .T. ) ;
#2764 = DIRECTION ( 'NONE',  ( 0.000000000000000000, 0.000000000000000000, 1.000000000000000000 ) ) ;
#2765 = EDGE_CURVE ( 'NONE', #1017, #1450, #5334, .T. ) ;
#2766 = EDGE_LOOP ( 'NONE', ( #4342, #1470, #2731, #2022 ) ) ;
#2767 = CIRCLE ( 'NONE', #7097, 71.39999999996429381 ) ;
#2768 = PRODUCT_DEFINITION_CONTEXT ( 'detailed design', #6353, 'design' ) ;
#2769 = ORIENTED_EDGE ( 'NONE', *, *, #3520, .T. ) ;
#2770 = CARTESIAN_POINT ( 'NONE',  ( 75.58350073661644331, -123.9999999999996589, -72.40625106983378600 ) ) ;
#2771 = DIRECTION ( 'NONE',  ( -0.000000000000000000, 1.000000000000000000, -0.000000000000000000 ) ) ;
#2772 = CIRCLE ( 'NONE', #7099, 179.9999999999999432 ) ;
#2773 = CYLINDRICAL_SURFACE ( 'NONE', #6772, 71.39999999996429381 ) ;
#2774 = DIRECTION ( 'NONE',  ( 0.000000000000000000, 1.000000000000000000, 0.000000000000000000 ) ) ;
#2775 = EDGE_CURVE ( 'NONE', #5812, #2539, #5685, .T. ) ;
#2776 = ORIENTED_EDGE ( 'NONE', *, *, #1308, .F. ) ;
#2777 = EDGE_CURVE ( 'NONE', #6532, #5301, #6929, .T. ) ;
#2778 = ORIENTED_EDGE ( 'NONE', *, *, #5710, .F. ) ;
#2779 = CARTESIAN_POINT ( 'NONE',  ( -98.67880131525888032, -115.9999999999996732, -49.49999999999999289 ) ) ;
#2780 = DIRECTION ( 'NONE',  ( -0.000000000000000000, -1.000000000000000000, -0.000000000000000000 ) ) ;
#2781 = CARTESIAN_POINT ( 'NONE',  ( -98.67880131525888032, -16.00000000000000000, -49.49999999999998579 ) ) ;
#2782 = DIRECTION ( 'NONE',  ( 0.000000000000000000, -1.000000000000000000, 0.000000000000000000 ) ) ;
#2783 = ORIENTED_EDGE ( 'NONE', *, *, #6516, .F. ) ;
#2784 = PLANE ( 'NONE',  #5888 ) ;
#2785 = ORIENTED_EDGE ( 'NONE', *, *, #6834, .T. ) ;
#2786 = EDGE_CURVE ( 'NONE', #2854, #7022, #4454, .T. ) ;
#2787 = ORIENTED_EDGE ( 'NONE', *, *, #3578, .F. ) ;
#2788 = CARTESIAN_POINT ( 'NONE',  ( -98.67880131525888032, -115.9999999999996732, -49.49999999999999289 ) ) ;
#2789 = AXIS2_PLACEMENT_3D ( 'NONE', #4849, #2461, #4880 ) ;
#2790 = DIRECTION ( 'NONE',  ( 0.000000000000000000, 1.000000000000000000, 0.000000000000000000 ) ) ;
#2791 = PLANE ( 'NONE',  #3140 ) ;
#2792 = DIRECTION ( 'NONE',  ( 0.000000000000000000, 0.000000000000000000, 1.000000000000000000 ) ) ;
#2793 = CARTESIAN_POINT ( 'NONE',  ( 78.02144248894774137, -117.9999999999996589, -15.19221896516870984 ) ) ;
#2794 = ORIENTED_EDGE ( 'NONE', *, *, #3049, .F. ) ;
#2795 = VERTEX_POINT ( 'NONE', #4408 ) ;
#2796 = VERTEX_POINT ( 'NONE', #3904 ) ;
#2797 = DIRECTION ( 'NONE',  ( 0.000000000000000000, 0.000000000000000000, 1.000000000000000000 ) ) ;
#2798 = CARTESIAN_POINT ( 'NONE',  ( 74.23430928101858228, -123.9999999999996589, -19.47823816096860838 ) ) ;
#2799 = CYLINDRICAL_SURFACE ( 'NONE', #1117, 71.39999999996429381 ) ;
#2800 = CARTESIAN_POINT ( 'NONE',  ( -98.67880131525888032, -14.00000000000000000, -49.49999999999998579 ) ) ;
#2801 = VECTOR ( 'NONE', #3795, 1000.000000000000000 ) ;
#2802 = ORIENTED_EDGE ( 'NONE', *, *, #7433, .F. ) ;
#2803 = ORIENTED_EDGE ( 'NONE', *, *, #4757, .F. ) ;
#2804 = DIRECTION ( 'NONE',  ( -0.000000000000000000, 1.000000000000000000, -0.000000000000000000 ) ) ;
#2805 = VECTOR ( 'NONE', #6828, 1000.000000000000000 ) ;
#2806 = AXIS2_PLACEMENT_3D ( 'NONE', #5604, #5494, #3862 ) ;
#2807 = DIRECTION ( 'NONE',  ( 0.000000000000000000, 0.000000000000000000, -1.000000000000000000 ) ) ;
#2808 = EDGE_CURVE ( 'NONE', #1967, #4735, #6218, .T. ) ;
#2809 = CARTESIAN_POINT ( 'NONE',  ( 62.17683847895965954, 1.734723475976807094E-13, -122.4486156301915969 ) ) ;
#2810 = DIRECTION ( 'NONE',  ( -0.000000000000000000, -1.000000000000000000, -0.000000000000000000 ) ) ;
#2811 = ORIENTED_EDGE ( 'NONE', *, *, #527, .F. ) ;
#2812 = CIRCLE ( 'NONE', #5176, 71.39999999996429381 ) ;
#2813 = ORIENTED_EDGE ( 'NONE', *, *, #6983, .T. ) ;
#2814 = CIRCLE ( 'NONE', #2935, 176.6239999999116890 ) ;
#2815 = EDGE_CURVE ( 'NONE', #2170, #3680, #6301, .T. ) ;
#2816 = CARTESIAN_POINT ( 'NONE',  ( 67.82436137367703566, -6.000000000000000000, -117.8863788672988306 ) ) ;
#2817 = ADVANCED_FACE ( 'NONE', ( #6182 ), #929, .F. ) ;
#2818 = DIRECTION ( 'NONE',  ( 0.000000000000000000, 0.000000000000000000, -1.000000000000000000 ) ) ;
#2819 = EDGE_CURVE ( 'NONE', #6196, #65, #4829, .T. ) ;
#2820 = PLANE ( 'NONE',  #5236 ) ;
#2821 = ORIENTED_EDGE ( 'NONE', *, *, #245, .F. ) ;
#2822 = CARTESIAN_POINT ( 'NONE',  ( -98.67880131525888032, -115.9999999999996732, -49.49999999999999289 ) ) ;
#2823 = AXIS2_PLACEMENT_3D ( 'NONE', #1266, #3608, #5964 ) ;
#2824 = VECTOR ( 'NONE', #6796, 1000.000000000000000 ) ;
#2825 = AXIS2_PLACEMENT_3D ( 'NONE', #1194, #3498, #5897 ) ;
#2826 = ORIENTED_EDGE ( 'NONE', *, *, #4354, .F. ) ;
#2827 = VECTOR ( 'NONE', #6186, 1000.000000000000000 ) ;
#2828 = EDGE_LOOP ( 'NONE', ( #1862, #3793, #7072, #6444 ) ) ;
#2829 = DIRECTION ( 'NONE',  ( 0.000000000000000000, 0.000000000000000000, -1.000000000000000000 ) ) ;
#2830 = AXIS2_PLACEMENT_3D ( 'NONE', #5578, #7364, #2517 ) ;
#2831 = DIRECTION ( 'NONE',  ( 0.000000000000000000, 0.000000000000000000, 1.000000000000000000 ) ) ;
#2832 = AXIS2_PLACEMENT_3D ( 'NONE', #6338, #5191, #5258 ) ;
#2833 = DIRECTION ( 'NONE',  ( 0.000000000000000000, -1.000000000000000000, 0.000000000000000000 ) ) ;
#2834 = ADVANCED_FACE ( 'NONE', ( #819 ), #5607, .T. ) ;
#2835 = DIRECTION ( 'NONE',  ( -0.000000000000000000, 1.000000000000000000, -0.000000000000000000 ) ) ;
#2836 = CARTESIAN_POINT ( 'NONE',  ( -98.67880131525888032, -115.9999999999996874, -49.49999999999998579 ) ) ;
#2837 = CIRCLE ( 'NONE', #5660, 180.0000000000000000 ) ;
#2838 = VERTEX_POINT ( 'NONE', #6689 ) ;
#2839 = ORIENTED_EDGE ( 'NONE', *, *, #6075, .T. ) ;
#2840 = CYLINDRICAL_SURFACE ( 'NONE', #4177, 176.6239999999116890 ) ;
#2841 = CARTESIAN_POINT ( 'NONE',  ( 64.29139212701306860, -64.99999999999982947, -125.9245775216064658 ) ) ;
#2842 = DIRECTION ( 'NONE',  ( 0.000000000000000000, 1.000000000000000000, 0.000000000000000000 ) ) ;
#2843 = CARTESIAN_POINT ( 'NONE',  ( -98.67880131525888032, -115.9999999999996732, -49.49999999999999289 ) ) ;
#2844 = AXIS2_PLACEMENT_3D ( 'NONE', #2939, #5872, #706 ) ;
#2845 = ORIENTED_EDGE ( 'NONE', *, *, #1263, .T. ) ;
#2846 = ORIENTED_EDGE ( 'NONE', *, *, #2449, .T. ) ;
#2847 = DIRECTION ( 'NONE',  ( 0.000000000000000000, 0.000000000000000000, 1.000000000000000000 ) ) ;
#2848 = DIRECTION ( 'NONE',  ( 0.000000000000000000, 0.000000000000000000, -1.000000000000000000 ) ) ;
#2849 = DIRECTION ( 'NONE',  ( -0.000000000000000000, -1.000000000000000000, -0.000000000000000000 ) ) ;
#2850 = DIRECTION ( 'NONE',  ( -0.000000000000000000, 1.000000000000000000, -0.000000000000000000 ) ) ;
#2851 = DIRECTION ( 'NONE',  ( -0.000000000000000000, -1.000000000000000000, -0.000000000000000000 ) ) ;
#2852 = ORIENTED_EDGE ( 'NONE', *, *, #154, .F. ) ;
#2853 = AXIS2_PLACEMENT_3D ( 'NONE', #1984, #4259, #1369 ) ;
#2854 = VERTEX_POINT ( 'NONE', #1399 ) ;
#2855 = ADVANCED_FACE ( 'NONE', ( #3746 ), #6098, .T. ) ;
#2856 = DIRECTION ( 'NONE',  ( 0.000000000000000000, 0.000000000000000000, -1.000000000000000000 ) ) ;
#2857 = CARTESIAN_POINT ( 'NONE',  ( 77.66669519221666462, -14.00000000000000000, -59.41479891378207157 ) ) ;
#2858 = DIRECTION ( 'NONE',  ( 0.000000000000000000, 0.000000000000000000, 1.000000000000000000 ) ) ;
#2859 = ORIENTED_EDGE ( 'NONE', *, *, #5019, .T. ) ;
#2860 = DIRECTION ( 'NONE',  ( -7.094387324726624377E-15, 0.000000000000000000, 1.000000000000000000 ) ) ;
#2861 = EDGE_CURVE ( 'NONE', #6294, #1200, #2977, .T. ) ;
#2862 = CIRCLE ( 'NONE', #1755, 170.9999999999999716 ) ;
#2863 = ORIENTED_EDGE ( 'NONE', *, *, #512, .F. ) ;
#2864 = EDGE_CURVE ( 'NONE', #4458, #3996, #7315, .T. ) ;
#2865 = ORIENTED_EDGE ( 'NONE', *, *, #6204, .T. ) ;
#2866 = EDGE_CURVE ( 'NONE', #1026, #4326, #4092, .T. ) ;
#2867 = DIRECTION ( 'NONE',  ( 0.000000000000000000, 0.000000000000000000, 1.000000000000000000 ) ) ;
#2868 = CARTESIAN_POINT ( 'NONE',  ( 68.96984292991380983, 1.734723475976807094E-13, -105.0874937258762287 ) ) ;
#2869 = DIRECTION ( 'NONE',  ( 0.000000000000000000, 0.000000000000000000, 1.000000000000000000 ) ) ;
#2870 = CARTESIAN_POINT ( 'NONE',  ( -98.67880131525888032, -14.00000000000000000, -49.49999999999999289 ) ) ;
#2871 = CARTESIAN_POINT ( 'NONE',  ( 62.30548667938873564, 1.734723475976807094E-13, -119.3878316937673247 ) ) ;
#2872 = VERTEX_POINT ( 'NONE', #4096 ) ;
#2873 = EDGE_CURVE ( 'NONE', #5447, #776, #7623, .T. ) ;
#2874 = CIRCLE ( 'NONE', #6822, 170.9999999999999716 ) ;
#2875 = EDGE_CURVE ( 'NONE', #3879, #4643, #2211, .T. ) ;
#2876 = ORIENTED_EDGE ( 'NONE', *, *, #4009, .F. ) ;
#2877 = DIRECTION ( 'NONE',  ( -0.000000000000000000, -1.000000000000000000, -0.000000000000000000 ) ) ;
#2878 = CARTESIAN_POINT ( 'NONE',  ( 74.14424657729904311, -14.00000000000000000, -13.05508961328838424 ) ) ;
#2879 = DIRECTION ( 'NONE',  ( 0.000000000000000000, -1.000000000000000000, 0.000000000000000000 ) ) ;
#2880 = CARTESIAN_POINT ( 'NONE',  ( 19.67586920450073507, 1.734723475976807094E-13, -168.3580950258915436 ) ) ;
#2881 = VERTEX_POINT ( 'NONE', #1128 ) ;
#2882 = EDGE_CURVE ( 'NONE', #1131, #7245, #1082, .T. ) ;
#2883 = EDGE_LOOP ( 'NONE', ( #1392, #7376, #5261, #919 ) ) ;
#2884 = DIRECTION ( 'NONE',  ( 0.9653003447619186161, 0.000000000000000000, -0.2611421919233292144 ) ) ;
#2885 = CIRCLE ( 'NONE', #2277, 71.39999999996429381 ) ;
#2886 = FACE_OUTER_BOUND ( 'NONE', #6177, .T. ) ;
#2887 = DIRECTION ( 'NONE',  ( -0.2611421919233278266, 0.000000000000000000, -0.9653003447619191713 ) ) ;
#2888 = CYLINDRICAL_SURFACE ( 'NONE', #5777, 71.39999999996429381 ) ;
#2889 = CARTESIAN_POINT ( 'NONE',  ( 65.48508921968884522, -115.9999999999996874, -15.07193250479443947 ) ) ;
#2890 = ORIENTED_EDGE ( 'NONE', *, *, #5278, .T. ) ;
#2891 = ORIENTED_EDGE ( 'NONE', *, *, #3991, .T. ) ;
#2892 = AXIS2_PLACEMENT_3D ( 'NONE', #3884, #874, #1568 ) ;
#2893 = DIRECTION ( 'NONE',  ( 0.000000000000000000, -0.000000000000000000, -1.000000000000000000 ) ) ;
#2894 = LINE ( 'NONE', #11, #4420 ) ;
#2895 = LINE ( 'NONE', #5137, #7228 ) ;
#2896 = VERTEX_POINT ( 'NONE', #7587 ) ;
#2897 = DIRECTION ( 'NONE',  ( 0.000000000000000000, 0.000000000000000000, -1.000000000000000000 ) ) ;
#2898 = AXIS2_PLACEMENT_3D ( 'NONE', #5468, #4808, #7303 ) ;
#2899 = EDGE_LOOP ( 'NONE', ( #1170, #5879, #2891, #4720 ) ) ;
#2900 = ORIENTED_EDGE ( 'NONE', *, *, #7247, .F. ) ;
#2901 = DIRECTION ( 'NONE',  ( -0.000000000000000000, 1.000000000000000000, -0.000000000000000000 ) ) ;
#2902 = CARTESIAN_POINT ( 'NONE',  ( 79.24455130461198848, -12.00000000000000000, -22.23682717464669523 ) ) ;
#2903 = DIRECTION ( 'NONE',  ( 0.000000000000000000, 0.000000000000000000, 1.000000000000000000 ) ) ;
#2904 = CARTESIAN_POINT ( 'NONE',  ( 9.901165855746185684, -14.00000000000000000, -177.3493860609748367 ) ) ;
#2905 = EDGE_CURVE ( 'NONE', #81, #5825, #881, .T. ) ;
#2906 = DIRECTION ( 'NONE',  ( -0.000000000000000000, 1.000000000000000000, -0.000000000000000000 ) ) ;
#2907 = EDGE_LOOP ( 'NONE', ( #3623, #5072, #4588, #2026 ) ) ;
#2908 = ORIENTED_EDGE ( 'NONE', *, *, #2912, .F. ) ;
#2909 = FACE_OUTER_BOUND ( 'NONE', #6926, .T. ) ;
#2910 = PLANE ( 'NONE',  #2407 ) ;
#2911 = DIRECTION ( 'NONE',  ( 0.000000000000000000, 1.000000000000000000, 0.000000000000000000 ) ) ;
#2912 = EDGE_CURVE ( 'NONE', #5779, #172, #6768, .T. ) ;
#2913 = EDGE_CURVE ( 'NONE', #2460, #3879, #4569, .T. ) ;
#2914 = PLANE ( 'NONE',  #6031 ) ;
#2915 = ORIENTED_EDGE ( 'NONE', *, *, #3006, .T. ) ;
#2916 = AXIS2_PLACEMENT_3D ( 'NONE', #7191, #6555, #6003 ) ;
#2917 = ORIENTED_EDGE ( 'NONE', *, *, #4842, .T. ) ;
#2918 = DIRECTION ( 'NONE',  ( 0.000000000000000000, 1.000000000000000000, 0.000000000000000000 ) ) ;
#2919 = LINE ( 'NONE', #7147, #6821 ) ;
#2920 = DIRECTION ( 'NONE',  ( 0.000000000000000000, -1.000000000000000000, 0.000000000000000000 ) ) ;
#2921 = CARTESIAN_POINT ( 'NONE',  ( 68.97637593869821160, -115.9999999999996874, -54.67844831672159955 ) ) ;
#2922 = CARTESIAN_POINT ( 'NONE',  ( 72.36986763519658439, -65.99999999999982947, -96.64402003107616679 ) ) ;
#2923 = DIRECTION ( 'NONE',  ( 2.575359782263774559E-14, 0.000000000000000000, 1.000000000000000000 ) ) ;
#2924 = ORIENTED_EDGE ( 'NONE', *, *, #4662, .T. ) ;
#2925 = ORIENTED_EDGE ( 'NONE', *, *, #5092, .T. ) ;
#2926 = AXIS2_PLACEMENT_3D ( 'NONE', #7349, #3231, #5709 ) ;
#2927 = ORIENTED_EDGE ( 'NONE', *, *, #2625, .F. ) ;
#2928 = AXIS2_PLACEMENT_3D ( 'NONE', #2753, #7302, #6105 ) ;
#2929 = CARTESIAN_POINT ( 'NONE',  ( 69.15226193964876700, -12.00000000000000000, -16.73211623056527486 ) ) ;
#2930 = DIRECTION ( 'NONE',  ( 0.000000000000000000, -1.000000000000000000, 0.000000000000000000 ) ) ;
#2931 = CARTESIAN_POINT ( 'NONE',  ( 74.23430928101858228, -8.060303038032998302, -19.47823816096860838 ) ) ;
#2932 = ORIENTED_EDGE ( 'NONE', *, *, #518, .T. ) ;
#2933 = CIRCLE ( 'NONE', #4296, 176.6239999999116890 ) ;
#2934 = ORIENTED_EDGE ( 'NONE', *, *, #795, .F. ) ;
#2935 = AXIS2_PLACEMENT_3D ( 'NONE', #2247, #6367, #3432 ) ;
#2936 = ORIENTED_EDGE ( 'NONE', *, *, #986, .T. ) ;
#2937 = VERTEX_POINT ( 'NONE', #5294 ) ;
#2938 = VECTOR ( 'NONE', #9, 1000.000000000000000 ) ;
#2939 = CARTESIAN_POINT ( 'NONE',  ( 65.48508921968837626, 1.734723475976807094E-13, -83.92806749520781295 ) ) ;
#2940 = FACE_OUTER_BOUND ( 'NONE', #7406, .T. ) ;
#2941 = ADVANCED_FACE ( 'NONE', ( #4678 ), #3470, .T. ) ;
#2942 = AXIS2_PLACEMENT_3D ( 'NONE', #2503, #4159, #3583 ) ;
#2943 = DIRECTION ( 'NONE',  ( 0.000000000000000000, 1.000000000000000000, 0.000000000000000000 ) ) ;
#2944 = AXIS2_PLACEMENT_3D ( 'NONE', #2242, #6948, #732 ) ;
#2945 = FACE_OUTER_BOUND ( 'NONE', #46, .T. ) ;
#2946 = CARTESIAN_POINT ( 'NONE',  ( -98.67880131525888032, -16.00000000000000000, -49.49999999999998579 ) ) ;
#2947 = ORIENTED_EDGE ( 'NONE', *, *, #4377, .T. ) ;
#2948 = CIRCLE ( 'NONE', #5431, 170.9999999999999716 ) ;
#2949 = AXIS2_PLACEMENT_3D ( 'NONE', #3534, #3649, #3581 ) ;
#2950 = ORIENTED_EDGE ( 'NONE', *, *, #6871, .F. ) ;
#2951 = EDGE_CURVE ( 'NONE', #3348, #3122, #2568, .T. ) ;
#2952 = FACE_OUTER_BOUND ( 'NONE', #880, .T. ) ;
#2953 = CARTESIAN_POINT ( 'NONE',  ( -98.67880131525888032, -115.9999999999996732, -49.49999999999999289 ) ) ;
#2954 = DIRECTION ( 'NONE',  ( -0.9653003447619190602, 0.000000000000000000, 0.2611421919233277156 ) ) ;
#2955 = AXIS2_PLACEMENT_3D ( 'NONE', #6494, #4184, #3562 ) ;
#2956 = CARTESIAN_POINT ( 'NONE',  ( 79.59267901113561550, -123.9999999999996589, -74.38532302856285128 ) ) ;
#2957 = AXIS2_PLACEMENT_3D ( 'NONE', #5498, #2556, #1947 ) ;
#2958 = AXIS2_PLACEMENT_3D ( 'NONE', #1236, #6005, #7027 ) ;
#2959 = EDGE_CURVE ( 'NONE', #5003, #5742, #6890, .T. ) ;
#2960 = VERTEX_POINT ( 'NONE', #6994 ) ;
#2961 = ADVANCED_FACE ( 'NONE', ( #6292 ), #2174, .F. ) ;
#2962 = ORIENTED_EDGE ( 'NONE', *, *, #4753, .T. ) ;
#2963 = EDGE_CURVE ( 'NONE', #2987, #7394, #7040, .T. ) ;
#2964 = EDGE_CURVE ( 'NONE', #4326, #343, #5901, .T. ) ;
#2965 = DIRECTION ( 'NONE',  ( -2.122485194137390157E-13, 0.000000000000000000, 1.000000000000000000 ) ) ;
#2966 = DIRECTION ( 'NONE',  ( 0.000000000000000000, 0.000000000000000000, -1.000000000000000000 ) ) ;
#2967 = DIRECTION ( 'NONE',  ( -0.000000000000000000, 1.000000000000000000, -0.000000000000000000 ) ) ;
#2968 = FACE_OUTER_BOUND ( 'NONE', #2097, .T. ) ;
#2969 = PLANE ( 'NONE',  #6141 ) ;
#2970 = ORIENTED_EDGE ( 'NONE', *, *, #7130, .T. ) ;
#2971 = ORIENTED_EDGE ( 'NONE', *, *, #4726, .F. ) ;
#2972 = EDGE_LOOP ( 'NONE', ( #1350, #6271, #5930, #4272 ) ) ;
#2973 = EDGE_CURVE ( 'NONE', #5600, #1330, #5177, .T. ) ;
#2974 = DIRECTION ( 'NONE',  ( 0.000000000000000000, -1.000000000000000000, 0.000000000000000000 ) ) ;
#2975 = CYLINDRICAL_SURFACE ( 'NONE', #607, 2.100000000000004530 ) ;
#2976 = DIRECTION ( 'NONE',  ( 0.000000000000000000, 1.000000000000000000, 0.000000000000000000 ) ) ;
#2977 = CIRCLE ( 'NONE', #643, 2.100000000000004530 ) ;
#2978 = ORIENTED_EDGE ( 'NONE', *, *, #3901, .T. ) ;
#2979 = EDGE_LOOP ( 'NONE', ( #5524, #2980, #2245, #5965 ) ) ;
#2980 = ORIENTED_EDGE ( 'NONE', *, *, #2359, .F. ) ;
#2981 = EDGE_CURVE ( 'NONE', #6350, #399, #6143, .T. ) ;
#2982 = DIRECTION ( 'NONE',  ( -0.000000000000000000, 1.000000000000000000, -0.000000000000000000 ) ) ;
#2983 = CARTESIAN_POINT ( 'NONE',  ( 58.24808095796743856, -64.99999999999982947, -137.6700267663140949 ) ) ;
#2984 = DIRECTION ( 'NONE',  ( 0.000000000000000000, 1.000000000000000000, -0.000000000000000000 ) ) ;
#2985 = PLANE ( 'NONE',  #6906 ) ;
#2986 = PLANE ( 'NONE',  #744 ) ;
#2987 = VERTEX_POINT ( 'NONE', #7512 ) ;
#2988 = ORIENTED_EDGE ( 'NONE', *, *, #5123, .F. ) ;
#2989 = CARTESIAN_POINT ( 'NONE',  ( 79.35078683594714732, -64.99999999999982947, -76.06060508873133585 ) ) ;
#2990 = DIRECTION ( 'NONE',  ( -0.000000000000000000, 1.000000000000000000, -0.000000000000000000 ) ) ;
#2991 = CARTESIAN_POINT ( 'NONE',  ( 76.48591752164642799, -14.00000000000000000, -72.15741933135184638 ) ) ;
#2992 = VECTOR ( 'NONE', #7251, 1000.000000000000000 ) ;
#2993 = ORIENTED_EDGE ( 'NONE', *, *, #1366, .T. ) ;
#2994 = VERTEX_POINT ( 'NONE', #465 ) ;
#2995 = CARTESIAN_POINT ( 'NONE',  ( 81.12746341570606035, -12.00000000000000000, -41.15091840391276179 ) ) ;
#2996 = CARTESIAN_POINT ( 'NONE',  ( -98.67880131525888032, -115.9999999999996732, -49.49999999999999289 ) ) ;
#2997 = DIRECTION ( 'NONE',  ( -0.000000000000000000, 1.000000000000000000, -0.000000000000000000 ) ) ;
#2998 = DIRECTION ( 'NONE',  ( 0.000000000000000000, -1.000000000000000000, 0.000000000000000000 ) ) ;
#2999 = CARTESIAN_POINT ( 'NONE',  ( 66.33667826014475111, -14.00000000000000000, -19.41734241254145132 ) ) ;
#3000 = EDGE_CURVE ( 'NONE', #2478, #776, #2814, .T. ) ;
#3001 = DIRECTION ( 'NONE',  ( 0.000000000000000000, 1.000000000000000000, 0.000000000000000000 ) ) ;
#3002 = VERTEX_POINT ( 'NONE', #2857 ) ;
#3003 = ORIENTED_EDGE ( 'NONE', *, *, #470, .T. ) ;
#3004 = ORIENTED_EDGE ( 'NONE', *, *, #4290, .F. ) ;
#3005 = DIRECTION ( 'NONE',  ( -0.000000000000000000, -1.000000000000000000, -0.000000000000000000 ) ) ;
#3006 = EDGE_CURVE ( 'NONE', #3996, #6123, #1221, .T. ) ;
#3007 = DIRECTION ( 'NONE',  ( -0.000000000000000000, 1.000000000000000000, -0.000000000000000000 ) ) ;
#3008 = FACE_OUTER_BOUND ( 'NONE', #7080, .T. ) ;
#3009 = ORIENTED_EDGE ( 'NONE', *, *, #459, .T. ) ;
#3010 = AXIS2_PLACEMENT_3D ( 'NONE', #7443, #5016, #6804 ) ;
#3011 = EDGE_CURVE ( 'NONE', #3295, #7419, #2894, .T. ) ;
#3012 = EDGE_CURVE ( 'NONE', #5825, #6810, #6603, .T. ) ;
#3013 = EDGE_CURVE ( 'NONE', #4764, #1330, #5405, .T. ) ;
#3014 = VERTEX_POINT ( 'NONE', #3120 ) ;
#3015 = ORIENTED_EDGE ( 'NONE', *, *, #6176, .T. ) ;
#3016 = AXIS2_PLACEMENT_3D ( 'NONE', #6017, #2976, #1250 ) ;
#3017 = FACE_OUTER_BOUND ( 'NONE', #155, .T. ) ;
#3018 = LINE ( 'NONE', #5989, #3549 ) ;
#3019 = FACE_OUTER_BOUND ( 'NONE', #3997, .T. ) ;
#3020 = CARTESIAN_POINT ( 'NONE',  ( -98.67880131525888032, -117.9999999999996589, -49.49999999999999289 ) ) ;
#3021 = EDGE_CURVE ( 'NONE', #1442, #7117, #1090, .T. ) ;
#3022 = CARTESIAN_POINT ( 'NONE',  ( 75.58350073661644331, -8.060303038032998302, -72.40625106983378600 ) ) ;
#3023 = EDGE_LOOP ( 'NONE', ( #3741, #3045, #1661, #4729 ) ) ;
#3024 = EDGE_LOOP ( 'NONE', ( #4410, #2579, #5153, #312 ) ) ;
#3025 = LINE ( 'NONE', #1882, #4280 ) ;
#3026 = CARTESIAN_POINT ( 'NONE',  ( -98.67880131525888032, 1.734723475976807094E-13, -49.49999999999998579 ) ) ;
#3027 = CYLINDRICAL_SURFACE ( 'NONE', #4682, 71.39999999996429381 ) ;
#3028 = ORIENTED_EDGE ( 'NONE', *, *, #1269, .F. ) ;
#3029 = EDGE_LOOP ( 'NONE', ( #3108, #4208, #7530, #7182 ) ) ;
#3030 = DIRECTION ( 'NONE',  ( -0.000000000000000000, -1.000000000000000000, -0.000000000000000000 ) ) ;
#3031 = FACE_BOUND ( 'NONE', #7515, .T. ) ;
#3032 = CARTESIAN_POINT ( 'NONE',  ( 75.63931159770750412, 1.734723475976807094E-13, -77.94701893751093280 ) ) ;
#3033 = DIRECTION ( 'NONE',  ( -0.000000000000000000, -1.000000000000000000, -0.000000000000000000 ) ) ;
#3034 = FACE_OUTER_BOUND ( 'NONE', #4389, .T. ) ;
#3035 = CARTESIAN_POINT ( 'NONE',  ( 75.58350073661644331, -8.060303038032998302, -70.30625106983377748 ) ) ;
#3036 = ORIENTED_EDGE ( 'NONE', *, *, #277, .F. ) ;
#3037 = AXIS2_PLACEMENT_3D ( 'NONE', #3767, #5355, #7421 ) ;
#3038 = ORIENTED_EDGE ( 'NONE', *, *, #3040, .T. ) ;
#3039 = ORIENTED_EDGE ( 'NONE', *, *, #7060, .T. ) ;
#3040 = EDGE_CURVE ( 'NONE', #5108, #1959, #2083, .T. ) ;
#3041 = DIRECTION ( 'NONE',  ( 0.000000000000000000, 0.000000000000000000, 1.000000000000000000 ) ) ;
#3042 = DIRECTION ( 'NONE',  ( -0.000000000000000000, 1.000000000000000000, -0.000000000000000000 ) ) ;
#3043 = CYLINDRICAL_SURFACE ( 'NONE', #549, 2.100000000000004530 ) ;
#3044 = EDGE_LOOP ( 'NONE', ( #1059, #4210, #23, #1627, #6958, #7492 ) ) ;
#3045 = ORIENTED_EDGE ( 'NONE', *, *, #4195, .T. ) ;
#3046 = ORIENTED_EDGE ( 'NONE', *, *, #4486, .T. ) ;
#3047 = DIRECTION ( 'NONE',  ( 0.000000000000000000, 0.000000000000000000, 1.000000000000000000 ) ) ;
#3048 = ADVANCED_FACE ( 'NONE', ( #6526 ), #5945, .F. ) ;
#3049 = EDGE_CURVE ( 'NONE', #776, #943, #3930, .T. ) ;
#3050 = CARTESIAN_POINT ( 'NONE',  ( 67.44408845276156228, -115.9999999999996874, -109.4935235762238790 ) ) ;
#3051 = AXIS2_PLACEMENT_3D ( 'NONE', #3269, #1504, #1462 ) ;
#3052 = CARTESIAN_POINT ( 'NONE',  ( 56.47263066081875849, -115.9999999999996874, -133.9042092063029656 ) ) ;
#3053 = DIRECTION ( 'NONE',  ( 0.000000000000000000, 0.000000000000000000, 1.000000000000000000 ) ) ;
#3054 = CARTESIAN_POINT ( 'NONE',  ( 74.59194100115726656, -115.9999999999996732, -98.25704930692702987 ) ) ;
#3055 = AXIS2_PLACEMENT_3D ( 'NONE', #6016, #1314, #4286 ) ;
#3056 = VECTOR ( 'NONE', #7240, 1000.000000000000000 ) ;
#3057 = VERTEX_POINT ( 'NONE', #1358 ) ;
#3058 = AXIS2_PLACEMENT_3D ( 'NONE', #3393, #5211, #2893 ) ;
#3059 = CIRCLE ( 'NONE', #4446, 170.9999999999999716 ) ;
#3060 = VERTEX_POINT ( 'NONE', #3084 ) ;
#3061 = CIRCLE ( 'NONE', #7402, 71.39999999996429381 ) ;
#3062 = EDGE_CURVE ( 'NONE', #1320, #7245, #2430, .T. ) ;
#3063 = DIRECTION ( 'NONE',  ( 0.000000000000000000, 0.000000000000000000, 1.000000000000000000 ) ) ;
#3064 = AXIS2_PLACEMENT_3D ( 'NONE', #2166, #4515, #5746 ) ;
#3065 = VECTOR ( 'NONE', #3976, 1000.000000000000000 ) ;
#3066 = PLANE ( 'NONE',  #6094 ) ;
#3067 = DIRECTION ( 'NONE',  ( 0.000000000000000000, 0.000000000000000000, 1.000000000000000000 ) ) ;
#3068 = PRODUCT_DEFINITION_FORMATION_WITH_SPECIFIED_SOURCE ( 'ANY', '', #134, .NOT_KNOWN. ) ;
#3069 = CIRCLE ( 'NONE', #3936, 71.39999999996429381 ) ;
#3070 = AXIS2_PLACEMENT_3D ( 'NONE', #3404, #2372, #6493 ) ;
#3071 = AXIS2_PLACEMENT_3D ( 'NONE', #1895, #1273, #1854 ) ;
#3072 = EDGE_LOOP ( 'NONE', ( #2285, #650, #2337, #4701 ) ) ;
#3073 = ORIENTED_EDGE ( 'NONE', *, *, #1985, .T. ) ;
#3074 = FACE_OUTER_BOUND ( 'NONE', #5770, .T. ) ;
#3075 = CIRCLE ( 'NONE', #7416, 180.0000000000000000 ) ;
#3076 = PLANE ( 'NONE',  #5959 ) ;
#3077 = CARTESIAN_POINT ( 'NONE',  ( 58.10278320704922805, -115.9999999999996874, -130.8361674204234646 ) ) ;
#3078 = VECTOR ( 'NONE', #184, 1000.000000000000000 ) ;
#3079 = DIRECTION ( 'NONE',  ( 0.9996478874717766860, 0.000000000000000000, 0.02653490292452686042 ) ) ;
#3080 = LINE ( 'NONE', #2922, #1464 ) ;
#3081 = ORIENTED_EDGE ( 'NONE', *, *, #7502, .F. ) ;
#3082 = ORIENTED_EDGE ( 'NONE', *, *, #3479, .F. ) ;
#3083 = CARTESIAN_POINT ( 'NONE',  ( 70.65429478737839020, -6.000000000000000000, -73.31811420526399559 ) ) ;
#3084 = CARTESIAN_POINT ( 'NONE',  ( 77.02296494380198055, -14.00000000000000000, -67.52572354761770157 ) ) ;
#3085 = DIRECTION ( 'NONE',  ( 0.000000000000000000, -1.000000000000000000, 0.000000000000000000 ) ) ;
#3086 = VERTEX_POINT ( 'NONE', #7077 ) ;
#3087 = CIRCLE ( 'NONE', #4079, 71.39999999996429381 ) ;
#3088 = ADVANCED_FACE ( 'NONE', ( #44 ), #2476, .F. ) ;
#3089 = VERTEX_POINT ( 'NONE', #741 ) ;
#3090 = EDGE_LOOP ( 'NONE', ( #2392, #1294 ) ) ;
#3091 = ORIENTED_EDGE ( 'NONE', *, *, #4246, .F. ) ;
#3092 = CARTESIAN_POINT ( 'NONE',  ( -98.67880131525888032, -14.00000000000000000, -49.49999999999998579 ) ) ;
#3093 = DIRECTION ( 'NONE',  ( 0.000000000000000000, 0.000000000000000000, -1.000000000000000000 ) ) ;
#3094 = DIRECTION ( 'NONE',  ( 6.569597029472873994E-14, 0.000000000000000000, 1.000000000000000000 ) ) ;
#3095 = DIRECTION ( 'NONE',  ( -0.000000000000000000, -1.000000000000000000, -0.000000000000000000 ) ) ;
#3096 = CARTESIAN_POINT ( 'NONE',  ( 76.99959673964583828, -16.00000000000000000, -68.75555054742326888 ) ) ;
#3097 = LINE ( 'NONE', #6660, #7165 ) ;
#3098 = EDGE_CURVE ( 'NONE', #4152, #2239, #778, .T. ) ;
#3099 = ADVANCED_FACE ( 'NONE', ( #158 ), #4826, .F. ) ;
#3100 = ORIENTED_EDGE ( 'NONE', *, *, #1738, .F. ) ;
#3101 = ORIENTED_EDGE ( 'NONE', *, *, #5197, .F. ) ;
#3102 = DIRECTION ( 'NONE',  ( -0.000000000000000000, 1.000000000000000000, -0.000000000000000000 ) ) ;
#3103 = CARTESIAN_POINT ( 'NONE',  ( -98.67880131525888032, -14.00000000000000000, -49.49999999999999289 ) ) ;
#3104 = CARTESIAN_POINT ( 'NONE',  ( -98.67880131525888032, -115.9999999999996732, -49.49999999999999289 ) ) ;
#3105 = EDGE_CURVE ( 'NONE', #3546, #3364, #7526, .T. ) ;
#3106 = EDGE_CURVE ( 'NONE', #6054, #3365, #1704, .T. ) ;
#3107 = ORIENTED_EDGE ( 'NONE', *, *, #1574, .F. ) ;
#3108 = ORIENTED_EDGE ( 'NONE', *, *, #5615, .F. ) ;
#3109 = DIRECTION ( 'NONE',  ( 0.000000000000000000, -1.000000000000000000, 0.000000000000000000 ) ) ;
#3110 = DIRECTION ( 'NONE',  ( 0.000000000000000000, -1.000000000000000000, 0.000000000000000000 ) ) ;
#3111 = DIRECTION ( 'NONE',  ( -0.3982212632123503515, 0.000000000000000000, -0.9172893902828921364 ) ) ;
#3112 = DIRECTION ( 'NONE',  ( -1.562806863719356047E-13, 0.000000000000000000, 1.000000000000000000 ) ) ;
#3113 = CARTESIAN_POINT ( 'NONE',  ( 70.73140919045791009, -8.060303038032998302, -95.33045468254395871 ) ) ;
#3114 = DIRECTION ( 'NONE',  ( 0.000000000000000000, 0.000000000000000000, 1.000000000000000000 ) ) ;
#3115 = ADVANCED_FACE ( 'NONE', ( #6571 ), #4212, .F. ) ;
#3116 = ORIENTED_EDGE ( 'NONE', *, *, #5425, .F. ) ;
#3117 = ORIENTED_EDGE ( 'NONE', *, *, #2405, .F. ) ;
#3118 = AXIS2_PLACEMENT_3D ( 'NONE', #6706, #4922, #6081 ) ;
#3119 = CARTESIAN_POINT ( 'NONE',  ( 75.04605660715171211, -14.00000000000000000, -17.62977697274387268 ) ) ;
#3120 = CARTESIAN_POINT ( 'NONE',  ( 70.73140919045791009, -117.9999999999996589, -93.23045468254395018 ) ) ;
#3121 = DIRECTION ( 'NONE',  ( -0.000000000000000000, 1.000000000000000000, -0.000000000000000000 ) ) ;
#3122 = VERTEX_POINT ( 'NONE', #1283 ) ;
#3123 = ORIENTED_EDGE ( 'NONE', *, *, #4394, .F. ) ;
#3124 = ORIENTED_EDGE ( 'NONE', *, *, #7598, .F. ) ;
#3125 = CARTESIAN_POINT ( 'NONE',  ( -98.67880131525888032, -14.00000000000000000, -49.49999999999999289 ) ) ;
#3126 = CARTESIAN_POINT ( 'NONE',  ( 69.05464996513771325, 1.734723475976807094E-13, -50.25107162877701228 ) ) ;
#3127 = CARTESIAN_POINT ( 'NONE',  ( 80.89412001187010048, -13.99999999999999822, -37.10782803507313332 ) ) ;
#3128 = FACE_OUTER_BOUND ( 'NONE', #4464, .T. ) ;
#3129 = CARTESIAN_POINT ( 'NONE',  ( 74.23430928101858228, -123.9999999999996589, -17.37823816096860341 ) ) ;
#3130 = FACE_OUTER_BOUND ( 'NONE', #5862, .T. ) ;
#3131 = DIRECTION ( 'NONE',  ( 2.400429683845857975E-14, 0.000000000000000000, 1.000000000000000000 ) ) ;
#3132 = ORIENTED_EDGE ( 'NONE', *, *, #592, .F. ) ;
#3133 = CIRCLE ( 'NONE', #7477, 71.39999999996429381 ) ;
#3134 = ORIENTED_EDGE ( 'NONE', *, *, #7508, .T. ) ;
#3135 = CARTESIAN_POINT ( 'NONE',  ( 79.59267901113561550, -117.9999999999996589, -74.38532302856285128 ) ) ;
#3136 = ADVANCED_FACE ( 'NONE', ( #629 ), #2975, .F. ) ;
#3137 = CIRCLE ( 'NONE', #2527, 180.0000000000000000 ) ;
#3138 = DIRECTION ( 'NONE',  ( 0.000000000000000000, 1.000000000000000000, 0.000000000000000000 ) ) ;
#3139 = CARTESIAN_POINT ( 'NONE',  ( 75.58350073661644331, -8.060303038032998302, -70.30625106983377748 ) ) ;
#3140 = AXIS2_PLACEMENT_3D ( 'NONE', #5765, #2943, #1711 ) ;
#3141 = ORIENTED_EDGE ( 'NONE', *, *, #3000, .T. ) ;
#3142 = EDGE_CURVE ( 'NONE', #5631, #4728, #3625, .T. ) ;
#3143 = ORIENTED_EDGE ( 'NONE', *, *, #6862, .T. ) ;
#3144 = CARTESIAN_POINT ( 'NONE',  ( 58.24808095796743856, -13.99999999999999822, -137.6700267663140949 ) ) ;
#3145 = ADVANCED_FACE ( 'NONE', ( #4248 ), #4364, .F. ) ;
#3146 = FACE_OUTER_BOUND ( 'NONE', #3440, .T. ) ;
#3147 = EDGE_CURVE ( 'NONE', #7320, #5819, #3439, .T. ) ;
#3148 = CARTESIAN_POINT ( 'NONE',  ( 56.71976032812312241, -12.00000000000000000, -120.8602623255267758 ) ) ;
#3149 = DIRECTION ( 'NONE',  ( 0.000000000000000000, -1.000000000000000000, 0.000000000000000000 ) ) ;
#3150 = ORIENTED_EDGE ( 'NONE', *, *, #7238, .F. ) ;
#3151 = ORIENTED_EDGE ( 'NONE', *, *, #1971, .F. ) ;
#3152 = EDGE_CURVE ( 'NONE', #2013, #5586, #2575, .T. ) ;
#3153 = CARTESIAN_POINT ( 'NONE',  ( 74.23430928101858228, -129.9999999999998295, -19.47823816096860838 ) ) ;
#3154 = DIRECTION ( 'NONE',  ( -0.9996478874717766860, 0.000000000000000000, -0.02653490292452686042 ) ) ;
#3155 = PLANE ( 'NONE',  #4264 ) ;
#3156 = AXIS2_PLACEMENT_3D ( 'NONE', #1924, #1338, #3691 ) ;
#3157 = AXIS2_PLACEMENT_3D ( 'NONE', #2637, #5545, #1445 ) ;
#3158 = ORIENTED_EDGE ( 'NONE', *, *, #3607, .T. ) ;
#3159 = EDGE_LOOP ( 'NONE', ( #1528, #6025, #5673, #4721 ) ) ;
#3160 = CYLINDRICAL_SURFACE ( 'NONE', #2684, 71.39999999996429381 ) ;
#3161 = DIRECTION ( 'NONE',  ( 3.284798514736436997E-14, 0.000000000000000000, 1.000000000000000000 ) ) ;
#3162 = CARTESIAN_POINT ( 'NONE',  ( 59.52566688811669593, 1.734723475976807094E-13, -105.2352763293755942 ) ) ;
#3163 = DIRECTION ( 'NONE',  ( 0.000000000000000000, 0.000000000000000000, -1.000000000000000000 ) ) ;
#3164 = CARTESIAN_POINT ( 'NONE',  ( 79.24455130461198848, -117.9999999999996589, -22.23682717464669523 ) ) ;
#3165 = CARTESIAN_POINT ( 'NONE',  ( 62.30548667938873564, -8.060303038032998302, -119.3878316937673247 ) ) ;
#3166 = CIRCLE ( 'NONE', #7137, 71.39999999996429381 ) ;
#3167 = EDGE_LOOP ( 'NONE', ( #5552, #2608, #5253, #6605 ) ) ;
#3168 = EDGE_CURVE ( 'NONE', #73, #5335, #302, .T. ) ;
#3169 = CIRCLE ( 'NONE', #6503, 71.39999999996429381 ) ;
#3170 = VERTEX_POINT ( 'NONE', #7351 ) ;
#3171 = CARTESIAN_POINT ( 'NONE',  ( 71.50195686800125827, -6.000000000000000000, -66.21853893648385281 ) ) ;
#3172 = AXIS2_PLACEMENT_3D ( 'NONE', #2369, #4140, #4258 ) ;
#3173 = LINE ( 'NONE', #4534, #1562 ) ;
#3174 = CARTESIAN_POINT ( 'NONE',  ( 76.75940293603790110, -19.93969696196701236, -42.74312453674527035 ) ) ;
#3175 = ORIENTED_EDGE ( 'NONE', *, *, #6352, .T. ) ;
#3176 = CIRCLE ( 'NONE', #6784, 2.100000000000004530 ) ;
#3177 = EDGE_CURVE ( 'NONE', #6702, #3324, #3736, .T. ) ;
#3178 = AXIS2_PLACEMENT_3D ( 'NONE', #5591, #5001, #7311 ) ;
#3179 = ORIENTED_EDGE ( 'NONE', *, *, #2308, .F. ) ;
#3180 = VECTOR ( 'NONE', #7162, 1000.000000000000000 ) ;
#3181 = VERTEX_POINT ( 'NONE', #847 ) ;
#3182 = DIRECTION ( 'NONE',  ( -0.000000000000000000, 1.000000000000000000, -0.000000000000000000 ) ) ;
#3183 = FACE_BOUND ( 'NONE', #7053, .T. ) ;
#3184 = CARTESIAN_POINT ( 'NONE',  ( -98.67880131525888032, 1.734723475976807094E-13, -49.49999999999998579 ) ) ;
#3185 = EDGE_CURVE ( 'NONE', #1959, #3845, #2653, .T. ) ;
#3186 = VECTOR ( 'NONE', #1920, 1000.000000000000000 ) ;
#3187 = DIRECTION ( 'NONE',  ( 0.000000000000000000, 0.000000000000000000, 1.000000000000000000 ) ) ;
#3188 = AXIS2_PLACEMENT_3D ( 'NONE', #2583, #2696, #4968 ) ;
#3189 = CIRCLE ( 'NONE', #1966, 71.39999999996429381 ) ;
#3190 = VECTOR ( 'NONE', #1015, 1000.000000000000000 ) ;
#3191 = EDGE_CURVE ( 'NONE', #5948, #988, #6210, .T. ) ;
#3192 = EDGE_LOOP ( 'NONE', ( #3373, #1908, #4397, #6086 ) ) ;
#3193 = EDGE_CURVE ( 'NONE', #6488, #2511, #5038, .T. ) ;
#3194 = ORIENTED_EDGE ( 'NONE', *, *, #4535, .F. ) ;
#3195 = VECTOR ( 'NONE', #563, 1000.000000000000000 ) ;
#3196 = CIRCLE ( 'NONE', #2335, 179.9999999999999716 ) ;
#3197 = CARTESIAN_POINT ( 'NONE',  ( 74.38115939200578453, -129.9999999999998295, 0.000000000000000000 ) ) ;
#3198 = DIRECTION ( 'NONE',  ( -0.000000000000000000, -1.000000000000000000, -0.000000000000000000 ) ) ;
#3199 = CYLINDRICAL_SURFACE ( 'NONE', #5367, 71.39999999996429381 ) ;
#3200 = EDGE_LOOP ( 'NONE', ( #814, #5958, #1168, #3339 ) ) ;
#3201 = CIRCLE ( 'NONE', #120, 180.0000000000000000 ) ;
#3202 = AXIS2_PLACEMENT_3D ( 'NONE', #6036, #1293, #3131 ) ;
#3203 = AXIS2_PLACEMENT_3D ( 'NONE', #4299, #4799, #3053 ) ;
#3204 = ORIENTED_EDGE ( 'NONE', *, *, #1030, .T. ) ;
#3205 = EDGE_CURVE ( 'NONE', #7355, #3878, #4912, .T. ) ;
#3206 = ORIENTED_EDGE ( 'NONE', *, *, #2882, .F. ) ;
#3207 = CARTESIAN_POINT ( 'NONE',  ( 56.36374621844616684, 1.734723475976807094E-13, -113.5068999505798786 ) ) ;
#3208 = DIRECTION ( 'NONE',  ( 0.000000000000000000, -0.000000000000000000, 1.000000000000000000 ) ) ;
#3209 = DIRECTION ( 'NONE',  ( -1.625664857232452509E-13, 0.000000000000000000, -1.000000000000000000 ) ) ;
#3210 = DIRECTION ( 'NONE',  ( -0.000000000000000000, -1.000000000000000000, -0.000000000000000000 ) ) ;
#3211 = DIRECTION ( 'NONE',  ( 0.000000000000000000, 0.000000000000000000, 1.000000000000000000 ) ) ;
#3212 = DIRECTION ( 'NONE',  ( -0.000000000000000000, -1.000000000000000000, -0.000000000000000000 ) ) ;
#3213 = CIRCLE ( 'NONE', #502, 170.9999999999999716 ) ;
#3214 = EDGE_LOOP ( 'NONE', ( #5820, #5902, #5486, #2325 ) ) ;
#3215 = EDGE_CURVE ( 'NONE', #6488, #4117, #4436, .T. ) ;
#3216 = ORIENTED_EDGE ( 'NONE', *, *, #647, .F. ) ;
#3217 = DIRECTION ( 'NONE',  ( -0.000000000000000000, 1.000000000000000000, -0.000000000000000000 ) ) ;
#3218 = DIRECTION ( 'NONE',  ( 0.000000000000000000, 0.000000000000000000, 1.000000000000000000 ) ) ;
#3219 = CARTESIAN_POINT ( 'NONE',  ( 65.48508921968884522, -14.00000000000000000, -15.07193250479443947 ) ) ;
#3220 = ORIENTED_EDGE ( 'NONE', *, *, #5429, .F. ) ;
#3221 = VECTOR ( 'NONE', #1586, 1000.000000000000000 ) ;
#3222 = ORIENTED_EDGE ( 'NONE', *, *, #76, .T. ) ;
#3223 = VERTEX_POINT ( 'NONE', #7391 ) ;
#3224 = DIRECTION ( 'NONE',  ( 0.000000000000000000, 0.000000000000000000, 1.000000000000000000 ) ) ;
#3225 = CARTESIAN_POINT ( 'NONE',  ( 80.11360540430730737, -115.9999999999996732, -70.31526601860323922 ) ) ;
#3226 = CARTESIAN_POINT ( 'NONE',  ( 81.19999316315119131, -13.99999999999999822, -56.10449066631905168 ) ) ;
#3227 = DIRECTION ( 'NONE',  ( 0.000000000000000000, 0.000000000000000000, 1.000000000000000000 ) ) ;
#3228 = APPLICATION_PROTOCOL_DEFINITION ( 'draft international standard', 'automotive_design', 1998, #6353 ) ;
#3229 = VERTEX_POINT ( 'NONE', #4444 ) ;
#3230 = ORIENTED_EDGE ( 'NONE', *, *, #5797, .F. ) ;
#3231 = DIRECTION ( 'NONE',  ( -0.000000000000000000, -1.000000000000000000, -0.000000000000000000 ) ) ;
#3232 = LINE ( 'NONE', #1357, #6756 ) ;
#3233 = AXIS2_PLACEMENT_3D ( 'NONE', #6033, #3095, #5460 ) ;
#3234 = ADVANCED_FACE ( 'NONE', ( #267 ), #225, .T. ) ;
#3235 = CARTESIAN_POINT ( 'NONE',  ( 76.75940293603790110, -8.060303038032998302, -44.84312453674527887 ) ) ;
#3236 = CARTESIAN_POINT ( 'NONE',  ( 62.21723406507106802, -64.99999999999982947, -130.1998500547503852 ) ) ;
#3237 = EDGE_CURVE ( 'NONE', #4254, #22, #5058, .T. ) ;
#3238 = AXIS2_PLACEMENT_3D ( 'NONE', #6611, #5457, #164 ) ;
#3239 = ORIENTED_EDGE ( 'NONE', *, *, #2316, .F. ) ;
#3240 = ORIENTED_EDGE ( 'NONE', *, *, #5099, .T. ) ;
#3241 = ADVANCED_FACE ( 'NONE', ( #3778 ), #5488, .F. ) ;
#3242 = CARTESIAN_POINT ( 'NONE',  ( 78.02144248894774137, -12.00000000000000000, -15.19221896516870984 ) ) ;
#3243 = DIRECTION ( 'NONE',  ( -0.000000000000000000, -1.000000000000000000, -0.000000000000000000 ) ) ;
#3244 = EDGE_CURVE ( 'NONE', #1519, #2321, #6127, .T. ) ;
#3245 = DIRECTION ( 'NONE',  ( 0.000000000000000000, 0.000000000000000000, -1.000000000000000000 ) ) ;
#3246 = EDGE_CURVE ( 'NONE', #1917, #2796, #5635, .T. ) ;
#3247 = LINE ( 'NONE', #2596, #7600 ) ;
#3248 = VERTEX_POINT ( 'NONE', #884 ) ;
#3249 = DIRECTION ( 'NONE',  ( 0.000000000000000000, 0.000000000000000000, -1.000000000000000000 ) ) ;
#3250 = CARTESIAN_POINT ( 'NONE',  ( 66.66736198197340002, -64.99999999999982947, -120.6382195648201474 ) ) ;
#3251 = VERTEX_POINT ( 'NONE', #4480 ) ;
#3252 = ORIENTED_EDGE ( 'NONE', *, *, #3528, .T. ) ;
#3253 = DIRECTION ( 'NONE',  ( -3.284798514736436997E-14, 0.000000000000000000, 1.000000000000000000 ) ) ;
#3254 = CARTESIAN_POINT ( 'NONE',  ( 77.94419888284339493, 1.734723475976807094E-13, -48.90571304072645376 ) ) ;
#3255 = EDGE_CURVE ( 'NONE', #59, #239, #1390, .T. ) ;
#3256 = CARTESIAN_POINT ( 'NONE',  ( -98.67880131525888032, -115.9999999999996874, -49.49999999999998579 ) ) ;
#3257 = CYLINDRICAL_SURFACE ( 'NONE', #3442, 2.100000000000004530 ) ;
#3258 = ORIENTED_EDGE ( 'NONE', *, *, #6697, .T. ) ;
#3259 = ORIENTED_EDGE ( 'NONE', *, *, #6749, .T. ) ;
#3260 = EDGE_LOOP ( 'NONE', ( #6133, #3357, #4378, #889 ) ) ;
#3261 = VECTOR ( 'NONE', #5588, 1000.000000000000000 ) ;
#3262 = CARTESIAN_POINT ( 'NONE',  ( 79.50184582836089930, -13.99999999999999822, -23.97242699651141962 ) ) ;
#3263 = DIRECTION ( 'NONE',  ( -0.000000000000000000, -1.000000000000000000, -0.000000000000000000 ) ) ;
#3264 = LINE ( 'NONE', #1062, #497 ) ;
#3265 = CARTESIAN_POINT ( 'NONE',  ( 71.43899640729492262, -115.9999999999996732, -108.3212112934464528 ) ) ;
#3266 = CIRCLE ( 'NONE', #1421, 2.100000000000004530 ) ;
#3267 = ORIENTED_EDGE ( 'NONE', *, *, #1606, .T. ) ;
#3268 = ORIENTED_EDGE ( 'NONE', *, *, #3720, .F. ) ;
#3269 = CARTESIAN_POINT ( 'NONE',  ( -98.67880131525888032, -115.9999999999996732, -49.49999999999999289 ) ) ;
#3270 = CYLINDRICAL_SURFACE ( 'NONE', #6580, 71.39999999996429381 ) ;
#3271 = DIRECTION ( 'NONE',  ( 0.000000000000000000, 0.000000000000000000, 1.000000000000000000 ) ) ;
#3272 = DIRECTION ( 'NONE',  ( 0.000000000000000000, 0.000000000000000000, 1.000000000000000000 ) ) ;
#3273 = DIRECTION ( 'NONE',  ( 0.000000000000000000, -0.000000000000000000, 1.000000000000000000 ) ) ;
#3274 = ORIENTED_EDGE ( 'NONE', *, *, #3912, .T. ) ;
#3275 = ORIENTED_EDGE ( 'NONE', *, *, #3574, .T. ) ;
#3276 = EDGE_CURVE ( 'NONE', #1041, #7394, #2543, .T. ) ;
#3277 = CARTESIAN_POINT ( 'NONE',  ( -98.67880131525888032, -115.9999999999996732, -49.49999999999999289 ) ) ;
#3278 = FACE_OUTER_BOUND ( 'NONE', #6968, .T. ) ;
#3279 = AXIS2_PLACEMENT_3D ( 'NONE', #3333, #321, #6889 ) ;
#3280 = DIRECTION ( 'NONE',  ( 0.000000000000000000, 0.000000000000000000, -1.000000000000000000 ) ) ;
#3281 = CARTESIAN_POINT ( 'NONE',  ( 79.98986786502688062, -13.99999999999999822, -71.35192562025568463 ) ) ;
#3282 = ORIENTED_EDGE ( 'NONE', *, *, #6422, .T. ) ;
#3283 = CARTESIAN_POINT ( 'NONE',  ( 76.75940293603790110, -19.93969696196701236, -46.94312453674528030 ) ) ;
#3284 = DIRECTION ( 'NONE',  ( 0.000000000000000000, 0.000000000000000000, 1.000000000000000000 ) ) ;
#3285 = ORIENTED_EDGE ( 'NONE', *, *, #1508, .T. ) ;
#3286 = CIRCLE ( 'NONE', #1202, 180.0000000000000000 ) ;
#3287 = EDGE_CURVE ( 'NONE', #1153, #3522, #1972, .T. ) ;
#3288 = EDGE_CURVE ( 'NONE', #4586, #3889, #2200, .T. ) ;
#3289 = DIRECTION ( 'NONE',  ( 0.000000000000000000, 0.000000000000000000, 1.000000000000000000 ) ) ;
#3290 = LINE ( 'NONE', #3171, #334 ) ;
#3291 = DIRECTION ( 'NONE',  ( 0.000000000000000000, -1.000000000000000000, 0.000000000000000000 ) ) ;
#3292 = CARTESIAN_POINT ( 'NONE',  ( 62.30548667938873564, -8.060303038032998302, -117.2878316937673162 ) ) ;
#3293 = PLANE ( 'NONE',  #4194 ) ;
#3294 = ORIENTED_EDGE ( 'NONE', *, *, #426, .T. ) ;
#3295 = VERTEX_POINT ( 'NONE', #6399 ) ;
#3296 = ADVANCED_FACE ( 'NONE', ( #3463 ), #2773, .T. ) ;
#3297 = EDGE_CURVE ( 'NONE', #5246, #695, #4557, .T. ) ;
#3298 = ORIENTED_EDGE ( 'NONE', *, *, #3672, .F. ) ;
#3299 = LINE ( 'NONE', #4543, #580 ) ;
#3300 = LINE ( 'NONE', #5665, #3261 ) ;
#3301 = CARTESIAN_POINT ( 'NONE',  ( -98.67880131525888032, -115.9999999999996732, -49.49999999999999289 ) ) ;
#3302 = AXIS2_PLACEMENT_3D ( 'NONE', #891, #785, #6181 ) ;
#3303 = CARTESIAN_POINT ( 'NONE',  ( 67.69433708780623249, 1.734723475976807094E-13, -28.16801451014783098 ) ) ;
#3304 = VECTOR ( 'NONE', #6920, 1000.000000000000000 ) ;
#3305 = ORIENTED_EDGE ( 'NONE', *, *, #6176, .F. ) ;
#3306 = VECTOR ( 'NONE', #5495, 1000.000000000000000 ) ;
#3307 = ORIENTED_EDGE ( 'NONE', *, *, #318, .T. ) ;
#3308 = LINE ( 'NONE', #4553, #2805 ) ;
#3309 = CIRCLE ( 'NONE', #5288, 180.0000000000000000 ) ;
#3310 = CARTESIAN_POINT ( 'NONE',  ( 77.72942259335832205, -14.00000000000000000, -58.22788137957753207 ) ) ;
#3311 = AXIS2_PLACEMENT_3D ( 'NONE', #2311, #6985, #6436 ) ;
#3312 = DIRECTION ( 'NONE',  ( 0.000000000000000000, -1.000000000000000000, 0.000000000000000000 ) ) ;
#3313 = DIRECTION ( 'NONE',  ( 0.000000000000000000, 0.000000000000000000, 1.000000000000000000 ) ) ;
#3314 = AXIS2_PLACEMENT_3D ( 'NONE', #6668, #142, #2526 ) ;
#3315 = ORIENTED_EDGE ( 'NONE', *, *, #936, .T. ) ;
#3316 = AXIS2_PLACEMENT_3D ( 'NONE', #1856, #1274, #4818 ) ;
#3317 = ORIENTED_EDGE ( 'NONE', *, *, #7463, .T. ) ;
#3318 = CARTESIAN_POINT ( 'NONE',  ( 79.24455130461198848, -12.00000000000000000, -22.23682717464669523 ) ) ;
#3319 = FACE_OUTER_BOUND ( 'NONE', #4164, .T. ) ;
#3320 = VECTOR ( 'NONE', #360, 1000.000000000000000 ) ;
#3321 = AXIS2_PLACEMENT_3D ( 'NONE', #6152, #868, #941 ) ;
#3322 = CARTESIAN_POINT ( 'NONE',  ( 75.63931159770790202, -14.00000000000000000, -21.05298106249145462 ) ) ;
#3323 = DIRECTION ( 'NONE',  ( 0.000000000000000000, 0.000000000000000000, 1.000000000000000000 ) ) ;
#3324 = VERTEX_POINT ( 'NONE', #1120 ) ;
#3325 = CIRCLE ( 'NONE', #2710, 179.9999999999999716 ) ;
#3326 = LINE ( 'NONE', #398, #7037 ) ;
#3327 = EDGE_CURVE ( 'NONE', #326, #6431, #4011, .T. ) ;
#3328 = ORIENTED_EDGE ( 'NONE', *, *, #5333, .T. ) ;
#3329 = VERTEX_POINT ( 'NONE', #4044 ) ;
#3330 = AXIS2_PLACEMENT_3D ( 'NONE', #150, #6707, #6163 ) ;
#3331 = DIRECTION ( 'NONE',  ( 0.000000000000000000, -1.000000000000000000, 0.000000000000000000 ) ) ;
#3332 = PLANE ( 'NONE',  #5264 ) ;
#3333 = CARTESIAN_POINT ( 'NONE',  ( -98.67880131525888032, -14.00000000000000000, -49.49999999999998579 ) ) ;
#3334 = DIRECTION ( 'NONE',  ( -0.9852598894374785532, 0.000000000000000000, -0.1710641700229696416 ) ) ;
#3335 = EDGE_CURVE ( 'NONE', #5246, #343, #536, .T. ) ;
#3336 = CYLINDRICAL_SURFACE ( 'NONE', #4804, 71.39999999996429381 ) ;
#3337 = VECTOR ( 'NONE', #4836, 1000.000000000000000 ) ;
#3338 = ORIENTED_EDGE ( 'NONE', *, *, #5078, .T. ) ;
#3339 = ORIENTED_EDGE ( 'NONE', *, *, #1224, .T. ) ;
#3340 = ORIENTED_EDGE ( 'NONE', *, *, #2873, .T. ) ;
#3341 = CARTESIAN_POINT ( 'NONE',  ( 77.86696584561755685, -14.00000000000000000, -54.75637456298587580 ) ) ;
#3342 = DIRECTION ( 'NONE',  ( 0.000000000000000000, 1.000000000000000000, 0.000000000000000000 ) ) ;
#3343 = ADVANCED_FACE ( 'NONE', ( #5096 ), #6357, .F. ) ;
#3344 = DIRECTION ( 'NONE',  ( 0.9929475900391752097, 0.000000000000000000, -0.1185541371500549446 ) ) ;
#3345 = EDGE_CURVE ( 'NONE', #1067, #3251, #388, .T. ) ;
#3346 = EDGE_CURVE ( 'NONE', #749, #5948, #421, .T. ) ;
#3347 = CARTESIAN_POINT ( 'NONE',  ( 69.34011543800930610, -115.9999999999996874, -103.9580663357334060 ) ) ;
#3348 = VERTEX_POINT ( 'NONE', #5206 ) ;
#3349 = ORIENTED_EDGE ( 'NONE', *, *, #1533, .F. ) ;
#3350 = VECTOR ( 'NONE', #2707, 1000.000000000000000 ) ;
#3351 = DIRECTION ( 'NONE',  ( 0.000000000000000000, -1.000000000000000000, 0.000000000000000000 ) ) ;
#3352 = DIRECTION ( 'NONE',  ( 0.000000000000000000, 0.000000000000000000, 1.000000000000000000 ) ) ;
#3353 = CYLINDRICAL_SURFACE ( 'NONE', #3064, 71.39999999996429381 ) ;
#3354 = ADVANCED_FACE ( 'NONE', ( #7503, #1734 ), #7581, .F. ) ;
#3355 = CARTESIAN_POINT ( 'NONE',  ( 76.75940293603790110, -115.9999999999996732, -44.84312453674527887 ) ) ;
#3356 = ORIENTED_EDGE ( 'NONE', *, *, #1546, .T. ) ;
#3357 = ORIENTED_EDGE ( 'NONE', *, *, #1075, .F. ) ;
#3358 = LINE ( 'NONE', #4084, #4932 ) ;
#3359 = CARTESIAN_POINT ( 'NONE',  ( 60.19517177075456260, -115.9999999999996874, -126.6692817890219800 ) ) ;
#3360 = CARTESIAN_POINT ( 'NONE',  ( 67.28506351875270752, -6.000000000000000000, -90.69460607115840389 ) ) ;
#3361 = DIRECTION ( 'NONE',  ( -0.000000000000000000, -1.000000000000000000, -0.000000000000000000 ) ) ;
#3362 = ORIENTED_EDGE ( 'NONE', *, *, #6401, .F. ) ;
#3363 = CARTESIAN_POINT ( 'NONE',  ( -98.67880131525888032, -14.00000000000000000, -49.49999999999998579 ) ) ;
#3364 = VERTEX_POINT ( 'NONE', #7469 ) ;
#3365 = VERTEX_POINT ( 'NONE', #4559 ) ;
#3366 = CARTESIAN_POINT ( 'NONE',  ( 79.98986786511655112, -115.9999999999996732, -27.64807437973585280 ) ) ;
#3367 = DIRECTION ( 'NONE',  ( 0.000000000000000000, 0.000000000000000000, 1.000000000000000000 ) ) ;
#3368 = CARTESIAN_POINT ( 'NONE',  ( 72.31848854747322264, -12.00000000000000000, -48.53726452191186524 ) ) ;
#3369 = AXIS2_PLACEMENT_3D ( 'NONE', #2654, #5007, #1973 ) ;
#3370 = FACE_OUTER_BOUND ( 'NONE', #416, .T. ) ;
#3371 = CARTESIAN_POINT ( 'NONE',  ( 74.82765672272844881, 1.734723475976807094E-13, -82.53855921617858371 ) ) ;
#3372 = EDGE_LOOP ( 'NONE', ( #991, #5891, #3239, #1901, #6726, #5966 ) ) ;
#3373 = ORIENTED_EDGE ( 'NONE', *, *, #1444, .T. ) ;
#3374 = ORIENTED_EDGE ( 'NONE', *, *, #4596, .T. ) ;
#3375 = EDGE_CURVE ( 'NONE', #5003, #1442, #5241, .T. ) ;
#3376 = LINE ( 'NONE', #1678, #4030 ) ;
#3377 = FACE_OUTER_BOUND ( 'NONE', #146, .T. ) ;
#3378 = FACE_BOUND ( 'NONE', #5940, .T. ) ;
#3379 = CYLINDRICAL_SURFACE ( 'NONE', #4434, 71.39999999996429381 ) ;
#3380 = ADVANCED_FACE ( 'NONE', ( #7614 ), #3353, .T. ) ;
#3381 = EDGE_LOOP ( 'NONE', ( #5312, #2698, #2947, #3531, #1461, #5124 ) ) ;
#3382 = AXIS2_PLACEMENT_3D ( 'NONE', #2057, #930, #6722 ) ;
#3383 = VERTEX_POINT ( 'NONE', #6864 ) ;
#3384 = EDGE_CURVE ( 'NONE', #1330, #2239, #5906, .T. ) ;
#3385 = ADVANCED_FACE ( 'NONE', ( #5712 ), #1005, .F. ) ;
#3386 = DIRECTION ( 'NONE',  ( 0.000000000000000000, -1.000000000000000000, 0.000000000000000000 ) ) ;
#3387 = DIRECTION ( 'NONE',  ( -0.000000000000000000, 1.000000000000000000, -0.000000000000000000 ) ) ;
#3388 = CIRCLE ( 'NONE', #7244, 71.39999999996429381 ) ;
#3389 = DIRECTION ( 'NONE',  ( 0.000000000000000000, 0.000000000000000000, -1.000000000000000000 ) ) ;
#3390 = CYLINDRICAL_SURFACE ( 'NONE', #731, 71.39999999996429381 ) ;
#3391 = ORIENTED_EDGE ( 'NONE', *, *, #4801, .T. ) ;
#3392 = EDGE_LOOP ( 'NONE', ( #2061, #7493, #6078, #526, #3294, #5 ) ) ;
#3393 = CARTESIAN_POINT ( 'NONE',  ( -98.67880131525888032, -6.000000000000000000, -49.49999999999999289 ) ) ;
#3394 = DIRECTION ( 'NONE',  ( 0.000000000000000000, 0.000000000000000000, 1.000000000000000000 ) ) ;
#3395 = DIRECTION ( 'NONE',  ( -0.000000000000000000, 1.000000000000000000, -0.000000000000000000 ) ) ;
#3396 = EDGE_LOOP ( 'NONE', ( #596, #3822, #5941, #1543 ) ) ;
#3397 = CARTESIAN_POINT ( 'NONE',  ( 80.50443179299097096, -64.99999999999982947, -66.62801718945266316 ) ) ;
#3398 = VERTEX_POINT ( 'NONE', #457 ) ;
#3399 = VERTEX_POINT ( 'NONE', #1654 ) ;
#3400 = DIRECTION ( 'NONE',  ( 0.000000000000000000, -1.000000000000000000, 0.000000000000000000 ) ) ;
#3401 = AXIS2_PLACEMENT_3D ( 'NONE', #2718, #6812, #5075 ) ;
#3402 = FACE_OUTER_BOUND ( 'NONE', #4626, .T. ) ;
#3403 = CARTESIAN_POINT ( 'NONE',  ( 76.69132696904578950, -115.9999999999996732, -8.937479053361077064 ) ) ;
#3404 = CARTESIAN_POINT ( 'NONE',  ( 57.20577136594062040, -129.9999999999998295, -139.4999999999990621 ) ) ;
#3405 = CARTESIAN_POINT ( 'NONE',  ( -98.67880131525888032, -14.00000000000000000, -49.49999999999999289 ) ) ;
#3406 = CIRCLE ( 'NONE', #7124, 71.39999999996429381 ) ;
#3407 = EDGE_LOOP ( 'NONE', ( #2045, #5833, #3987, #3553 ) ) ;
#3408 = ORIENTED_EDGE ( 'NONE', *, *, #3215, .T. ) ;
#3409 = CARTESIAN_POINT ( 'NONE',  ( 80.60076164425619538, -64.99999999999982947, -65.58845253630211403 ) ) ;
#3410 = FACE_OUTER_BOUND ( 'NONE', #2899, .T. ) ;
#3411 = FACE_BOUND ( 'NONE', #5860, .T. ) ;
#3412 = DIRECTION ( 'NONE',  ( -0.000000000000000000, -1.000000000000000000, -0.000000000000000000 ) ) ;
#3413 = ADVANCED_FACE ( 'NONE', ( #5167 ), #7548, .F. ) ;
#3414 = ORIENTED_EDGE ( 'NONE', *, *, #6422, .F. ) ;
#3415 = ORIENTED_EDGE ( 'NONE', *, *, #7386, .F. ) ;
#3416 = CARTESIAN_POINT ( 'NONE',  ( 74.23430928101858228, -115.9999999999996732, -19.47823816096860838 ) ) ;
#3417 = AXIS2_PLACEMENT_3D ( 'NONE', #4441, #300, #7389 ) ;
#3418 = EDGE_CURVE ( 'NONE', #6406, #1151, #1306, .T. ) ;
#3419 = VECTOR ( 'NONE', #53, 1000.000000000000000 ) ;
#3420 = CARTESIAN_POINT ( 'NONE',  ( 62.30548667938873564, -129.9999999999998295, -117.2878316937673162 ) ) ;
#3421 = DIRECTION ( 'NONE',  ( 0.000000000000000000, -1.000000000000000000, 0.000000000000000000 ) ) ;
#3422 = DIRECTION ( 'NONE',  ( 0.000000000000000000, -1.000000000000000000, 0.000000000000000000 ) ) ;
#3423 = EDGE_CURVE ( 'NONE', #3595, #7577, #7196, .T. ) ;
#3424 = DIRECTION ( 'NONE',  ( -0.000000000000000000, -1.000000000000000000, -0.000000000000000000 ) ) ;
#3425 = EDGE_CURVE ( 'NONE', #6590, #3604, #6390, .T. ) ;
#3426 = VERTEX_POINT ( 'NONE', #619 ) ;
#3427 = AXIS2_PLACEMENT_3D ( 'NONE', #2024, #4376, #4981 ) ;
#3428 = ORIENTED_EDGE ( 'NONE', *, *, #6762, .F. ) ;
#3429 = CIRCLE ( 'NONE', #2215, 176.6239999999116890 ) ;
#3430 = AXIS2_PLACEMENT_3D ( 'NONE', #581, #4606, #1046 ) ;
#3431 = CYLINDRICAL_SURFACE ( 'NONE', #3799, 2.100000000000004530 ) ;
#3432 = DIRECTION ( 'NONE',  ( 0.000000000000000000, 0.000000000000000000, -1.000000000000000000 ) ) ;
#3433 = PLANE ( 'NONE',  #4743 ) ;
#3434 = VERTEX_POINT ( 'NONE', #3535 ) ;
#3435 = CARTESIAN_POINT ( 'NONE',  ( 59.56704236009141340, -117.9999999999996589, -114.3016431850041243 ) ) ;
#3436 = AXIS2_PLACEMENT_3D ( 'NONE', #6942, #1570, #997 ) ;
#3437 = ADVANCED_FACE ( 'NONE', ( #5898 ), #2352, .T. ) ;
#3438 = EDGE_CURVE ( 'NONE', #4458, #6154, #5444, .T. ) ;
#3439 = CIRCLE ( 'NONE', #4309, 170.9999999999999716 ) ;
#3440 = EDGE_LOOP ( 'NONE', ( #2263, #6717, #3832, #2471 ) ) ;
#3441 = CARTESIAN_POINT ( 'NONE',  ( -98.67880131525888032, -115.9999999999996732, -49.49999999999999289 ) ) ;
#3442 = AXIS2_PLACEMENT_3D ( 'NONE', #4762, #1793, #1259 ) ;
#3443 = LINE ( 'NONE', #2902, #717 ) ;
#3444 = DIRECTION ( 'NONE',  ( 0.000000000000000000, 0.000000000000000000, 1.000000000000000000 ) ) ;
#3445 = CARTESIAN_POINT ( 'NONE',  ( 72.84223848233528997, -115.9999999999996874, -91.64938057339533373 ) ) ;
#3446 = ADVANCED_FACE ( 'NONE', ( #2968 ), #1769, .T. ) ;
#3447 = DIRECTION ( 'NONE',  ( 0.000000000000000000, 0.000000000000000000, 1.000000000000000000 ) ) ;
#3448 = VECTOR ( 'NONE', #1402, 1000.000000000000000 ) ;
#3449 = ORIENTED_EDGE ( 'NONE', *, *, #4632, .T. ) ;
#3450 = CIRCLE ( 'NONE', #6048, 180.0000000000000000 ) ;
#3451 = ORIENTED_EDGE ( 'NONE', *, *, #1736, .T. ) ;
#3452 = DIRECTION ( 'NONE',  ( 0.000000000000000000, 0.000000000000000000, -1.000000000000000000 ) ) ;
#3453 = VECTOR ( 'NONE', #5895, 1000.000000000000000 ) ;
#3454 = VECTOR ( 'NONE', #3872, 1000.000000000000000 ) ;
#3455 = CARTESIAN_POINT ( 'NONE',  ( -98.67880131525888032, -14.00000000000000000, -49.49999999999998579 ) ) ;
#3456 = DIRECTION ( 'NONE',  ( 0.9172893902828925805, 0.000000000000000000, -0.3982212632123490748 ) ) ;
#3457 = CARTESIAN_POINT ( 'NONE',  ( 80.89412001195978519, -115.9999999999996732, -61.89217196493554241 ) ) ;
#3458 = ORIENTED_EDGE ( 'NONE', *, *, #3147, .F. ) ;
#3459 = UNCERTAINTY_MEASURE_WITH_UNIT (LENGTH_MEASURE( 1.000000000000000082E-05 ), #5129, 'distance_accuracy_value', 'NONE');
#3460 = ORIENTED_EDGE ( 'NONE', *, *, #2582, .F. ) ;
#3461 = DIRECTION ( 'NONE',  ( 0.9996478874717766860, 0.000000000000000000, 0.02653490292452686042 ) ) ;
#3462 = LINE ( 'NONE', #7434, #242 ) ;
#3463 = FACE_OUTER_BOUND ( 'NONE', #6851, .T. ) ;
#3464 = DIRECTION ( 'NONE',  ( 0.000000000000000000, 0.000000000000000000, 1.000000000000000000 ) ) ;
#3465 = ORIENTED_EDGE ( 'NONE', *, *, #5333, .F. ) ;
#3466 = AXIS2_PLACEMENT_3D ( 'NONE', #6065, #4297, #3094 ) ;
#3467 = ORIENTED_EDGE ( 'NONE', *, *, #1665, .F. ) ;
#3468 = EDGE_CURVE ( 'NONE', #4997, #3181, #6897, .T. ) ;
#3469 = CARTESIAN_POINT ( 'NONE',  ( 70.73140919045791009, -8.060303038032998302, -95.33045468254395871 ) ) ;
#3470 = CYLINDRICAL_SURFACE ( 'NONE', #1958, 71.39999999996429381 ) ;
#3471 = DIRECTION ( 'NONE',  ( 0.000000000000000000, 0.000000000000000000, 1.000000000000000000 ) ) ;
#3472 = ORIENTED_EDGE ( 'NONE', *, *, #329, .F. ) ;
#3473 = DIRECTION ( 'NONE',  ( 0.000000000000000000, 0.000000000000000000, 1.000000000000000000 ) ) ;
#3474 = ORIENTED_EDGE ( 'NONE', *, *, #4321, .F. ) ;
#3475 = ADVANCED_FACE ( 'NONE', ( #70 ), #1195, .T. ) ;
#3476 = ORIENTED_EDGE ( 'NONE', *, *, #1781, .F. ) ;
#3477 = DIRECTION ( 'NONE',  ( 0.000000000000000000, 0.000000000000000000, 1.000000000000000000 ) ) ;
#3478 = ADVANCED_FACE ( 'NONE', ( #35 ), #4204, .T. ) ;
#3479 = EDGE_CURVE ( 'NONE', #1813, #262, #7019, .T. ) ;
#3480 = LINE ( 'NONE', #2868, #5021 ) ;
#3481 = DIRECTION ( 'NONE',  ( 0.000000000000000000, -1.000000000000000000, 0.000000000000000000 ) ) ;
#3482 = DIRECTION ( 'NONE',  ( 0.000000000000000000, 0.000000000000000000, -1.000000000000000000 ) ) ;
#3483 = FACE_OUTER_BOUND ( 'NONE', #98, .T. ) ;
#3484 = ORIENTED_EDGE ( 'NONE', *, *, #3717, .T. ) ;
#3485 = VECTOR ( 'NONE', #2804, 1000.000000000000000 ) ;
#3486 = ORIENTED_EDGE ( 'NONE', *, *, #2357, .F. ) ;
#3487 = EDGE_CURVE ( 'NONE', #65, #1442, #734, .T. ) ;
#3488 = FACE_OUTER_BOUND ( 'NONE', #3657, .T. ) ;
#3489 = DIRECTION ( 'NONE',  ( 0.000000000000000000, -1.000000000000000000, 0.000000000000000000 ) ) ;
#3490 = DIRECTION ( 'NONE',  ( -0.000000000000000000, 1.000000000000000000, -0.000000000000000000 ) ) ;
#3491 = CIRCLE ( 'NONE', #4732, 71.39999999996429381 ) ;
#3492 = DIRECTION ( 'NONE',  ( 0.000000000000000000, -1.000000000000000000, 0.000000000000000000 ) ) ;
#3493 = VERTEX_POINT ( 'NONE', #1238 ) ;
#3494 = ORIENTED_EDGE ( 'NONE', *, *, #4146, .T. ) ;
#3495 = VECTOR ( 'NONE', #5703, 1000.000000000000114 ) ;
#3496 = CARTESIAN_POINT ( 'NONE',  ( 78.02144248894774137, -117.9999999999996589, -15.19221896516870984 ) ) ;
#3497 = CARTESIAN_POINT ( 'NONE',  ( -98.67880131525888032, -14.00000000000000000, -49.49999999999999289 ) ) ;
#3498 = DIRECTION ( 'NONE',  ( -0.000000000000000000, -1.000000000000000000, -0.000000000000000000 ) ) ;
#3499 = DIRECTION ( 'NONE',  ( 0.000000000000000000, -1.000000000000000000, 0.000000000000000000 ) ) ;
#3500 = DIRECTION ( 'NONE',  ( -0.000000000000000000, -1.000000000000000000, -0.000000000000000000 ) ) ;
#3501 = CARTESIAN_POINT ( 'NONE',  ( 76.48591752164674062, -14.00000000000000000, -26.84258066865055525 ) ) ;
#3502 = EDGE_LOOP ( 'NONE', ( #1605, #409, #7466, #3871 ) ) ;
#3503 = VERTEX_POINT ( 'NONE', #4854 ) ;
#3504 = VERTEX_POINT ( 'NONE', #7231 ) ;
#3505 = DIRECTION ( 'NONE',  ( 0.000000000000000000, -1.000000000000000000, 0.000000000000000000 ) ) ;
#3506 = CARTESIAN_POINT ( 'NONE',  ( 3.002554204424023876, 1.734723475976807094E-13, -182.9015619350259954 ) ) ;
#3507 = CARTESIAN_POINT ( 'NONE',  ( -98.67880131525888032, 1.734723475976807094E-13, -49.49999999999998579 ) ) ;
#3508 = ORIENTED_EDGE ( 'NONE', *, *, #4624, .T. ) ;
#3509 = DIRECTION ( 'NONE',  ( -0.000000000000000000, 1.000000000000000000, -0.000000000000000000 ) ) ;
#3510 = AXIS2_PLACEMENT_3D ( 'NONE', #6747, #4443, #810 ) ;
#3511 = EDGE_CURVE ( 'NONE', #2854, #5580, #1717, .T. ) ;
#3512 = ORIENTED_EDGE ( 'NONE', *, *, #1550, .T. ) ;
#3513 = ORIENTED_EDGE ( 'NONE', *, *, #7034, .T. ) ;
#3514 = EDGE_LOOP ( 'NONE', ( #6959, #5385, #714, #1915 ) ) ;
#3515 = DIRECTION ( 'NONE',  ( 0.000000000000000000, 0.000000000000000000, -1.000000000000000000 ) ) ;
#3516 = DIRECTION ( 'NONE',  ( 0.000000000000000000, -1.000000000000000000, 0.000000000000000000 ) ) ;
#3517 = FACE_OUTER_BOUND ( 'NONE', #4951, .T. ) ;
#3518 = CARTESIAN_POINT ( 'NONE',  ( 59.52566688811669593, -115.9999999999996874, -105.2352763293755942 ) ) ;
#3519 = CARTESIAN_POINT ( 'NONE',  ( 71.50195686800125827, -12.00000000000000000, -66.21853893648385281 ) ) ;
#3520 = EDGE_CURVE ( 'NONE', #807, #239, #7656, .T. ) ;
#3521 = ADVANCED_FACE ( 'NONE', ( #3582 ), #5937, .F. ) ;
#3522 = VERTEX_POINT ( 'NONE', #656 ) ;
#3523 = ORIENTED_EDGE ( 'NONE', *, *, #4624, .F. ) ;
#3524 = DIRECTION ( 'NONE',  ( 0.000000000000000000, -1.000000000000000000, 0.000000000000000000 ) ) ;
#3525 = CARTESIAN_POINT ( 'NONE',  ( 22.77210945040392076, -115.9999999999996874, -165.1924848951553031 ) ) ;
#3526 = CARTESIAN_POINT ( 'NONE',  ( 77.72942259335832205, -115.9999999999996874, -58.22788137957753207 ) ) ;
#3527 = CARTESIAN_POINT ( 'NONE',  ( 72.31848854747322264, -12.00000000000000000, -48.53726452191186524 ) ) ;
#3528 = EDGE_CURVE ( 'NONE', #1247, #2872, #492, .T. ) ;
#3529 = ORIENTED_EDGE ( 'NONE', *, *, #5886, .F. ) ;
#3530 = CIRCLE ( 'NONE', #3782, 180.0000000000000000 ) ;
#3531 = ORIENTED_EDGE ( 'NONE', *, *, #1163, .T. ) ;
#3532 = DIRECTION ( 'NONE',  ( 0.000000000000000000, 0.000000000000000000, -1.000000000000000000 ) ) ;
#3533 = DIRECTION ( 'NONE',  ( 0.000000000000000000, -1.000000000000000000, 0.000000000000000000 ) ) ;
#3534 = CARTESIAN_POINT ( 'NONE',  ( -98.67880131525888032, -115.9999999999996874, -49.49999999999998579 ) ) ;
#3535 = CARTESIAN_POINT ( 'NONE',  ( 77.94419888284339493, -14.00000000000000000, -48.90571304072645376 ) ) ;
#3536 = CARTESIAN_POINT ( 'NONE',  ( 81.15866094160692512, -64.99999999999982947, -57.14769043423839889 ) ) ;
#3537 = AXIS2_PLACEMENT_3D ( 'NONE', #6621, #6072, #679 ) ;
#3538 = CARTESIAN_POINT ( 'NONE',  ( -98.67880131525888032, -115.9999999999996874, -49.49999999999998579 ) ) ;
#3539 = ORIENTED_EDGE ( 'NONE', *, *, #6641, .F. ) ;
#3540 = ORIENTED_EDGE ( 'NONE', *, *, #1686, .F. ) ;
#3541 = VECTOR ( 'NONE', #3985, 1000.000000000000000 ) ;
#3542 = ORIENTED_EDGE ( 'NONE', *, *, #6749, .F. ) ;
#3543 = DIRECTION ( 'NONE',  ( 0.9996478874717766860, 0.000000000000000000, 0.02653490292452686042 ) ) ;
#3544 = CARTESIAN_POINT ( 'NONE',  ( 70.37537075531301412, -12.00000000000000000, -23.77672444004325669 ) ) ;
#3545 = CARTESIAN_POINT ( 'NONE',  ( 75.58350073661644331, -19.93969696196701236, -70.30625106983377748 ) ) ;
#3546 = VERTEX_POINT ( 'NONE', #1896 ) ;
#3547 = CIRCLE ( 'NONE', #221, 2.100000000000004530 ) ;
#3548 = EDGE_CURVE ( 'NONE', #5551, #7144, #3196, .T. ) ;
#3549 = VECTOR ( 'NONE', #3712, 1000.000000000000000 ) ;
#3550 = ORIENTED_EDGE ( 'NONE', *, *, #3868, .F. ) ;
#3551 = AXIS2_PLACEMENT_3D ( 'NONE', #5212, #4638, #6408 ) ;
#3552 = ORIENTED_EDGE ( 'NONE', *, *, #3375, .T. ) ;
#3553 = ORIENTED_EDGE ( 'NONE', *, *, #1885, .F. ) ;
#3554 = DIRECTION ( 'NONE',  ( -0.9996478874717766860, 0.000000000000000000, -0.02653490292452686042 ) ) ;
#3555 = FACE_OUTER_BOUND ( 'NONE', #4755, .T. ) ;
#3556 = EDGE_CURVE ( 'NONE', #2306, #3595, #122, .T. ) ;
#3557 = VECTOR ( 'NONE', #5713, 1000.000000000000000 ) ;
#3558 = DIRECTION ( 'NONE',  ( -0.000000000000000000, -1.000000000000000000, -0.000000000000000000 ) ) ;
#3559 = VECTOR ( 'NONE', #341, 1000.000000000000227 ) ;
#3560 = CARTESIAN_POINT ( 'NONE',  ( 74.23430928101858228, -19.93969696196701236, -21.57823816096861336 ) ) ;
#3561 = VECTOR ( 'NONE', #2737, 1000.000000000000000 ) ;
#3562 = DIRECTION ( 'NONE',  ( 0.000000000000000000, 0.000000000000000000, 1.000000000000000000 ) ) ;
#3563 = ORIENTED_EDGE ( 'NONE', *, *, #4984, .F. ) ;
#3564 = VECTOR ( 'NONE', #4592, 1000.000000000000000 ) ;
#3565 = CIRCLE ( 'NONE', #980, 71.39999999996429381 ) ;
#3566 = ORIENTED_EDGE ( 'NONE', *, *, #4790, .T. ) ;
#3567 = CARTESIAN_POINT ( 'NONE',  ( -98.67880131525888032, -14.00000000000000000, -49.49999999999999289 ) ) ;
#3568 = EDGE_CURVE ( 'NONE', #2364, #269, #7539, .T. ) ;
#3569 = ADVANCED_FACE ( 'NONE', ( #1344 ), #2755, .T. ) ;
#3570 = CARTESIAN_POINT ( 'NONE',  ( -98.67880131525888032, -14.00000000000000000, -49.49999999999999289 ) ) ;
#3571 = DIRECTION ( 'NONE',  ( 0.000000000000000000, -1.000000000000000000, 0.000000000000000000 ) ) ;
#3572 = CIRCLE ( 'NONE', #1976, 176.6239999999116890 ) ;
#3573 = ORIENTED_EDGE ( 'NONE', *, *, #5799, .F. ) ;
#3574 = EDGE_CURVE ( 'NONE', #7144, #1804, #3958, .T. ) ;
#3575 = EDGE_LOOP ( 'NONE', ( #3664, #703, #566, #747 ) ) ;
#3576 = CARTESIAN_POINT ( 'NONE',  ( 70.73140919045791009, -16.00000000000000000, -95.33045468254395871 ) ) ;
#3577 = EDGE_CURVE ( 'NONE', #2511, #1526, #5048, .T. ) ;
#3578 = EDGE_CURVE ( 'NONE', #4728, #5600, #5299, .T. ) ;
#3579 = DIRECTION ( 'NONE',  ( 0.000000000000000000, 1.000000000000000000, 0.000000000000000000 ) ) ;
#3580 = EDGE_CURVE ( 'NONE', #2367, #5924, #6529, .T. ) ;
#3581 = DIRECTION ( 'NONE',  ( 0.000000000000000000, 0.000000000000000000, -1.000000000000000000 ) ) ;
#3582 = FACE_OUTER_BOUND ( 'NONE', #7347, .T. ) ;
#3583 = DIRECTION ( 'NONE',  ( 0.000000000000000000, 0.000000000000000000, 1.000000000000000000 ) ) ;
#3584 = DIRECTION ( 'NONE',  ( 0.000000000000000000, 0.000000000000000000, 1.000000000000000000 ) ) ;
#3585 = VERTEX_POINT ( 'NONE', #7527 ) ;
#3586 = ORIENTED_EDGE ( 'NONE', *, *, #6731, .T. ) ;
#3587 = ORIENTED_EDGE ( 'NONE', *, *, #1887, .T. ) ;
#3588 = EDGE_CURVE ( 'NONE', #1363, #3503, #2150, .T. ) ;
#3589 = CARTESIAN_POINT ( 'NONE',  ( -98.67880131525888032, -14.00000000000000000, -49.49999999999998579 ) ) ;
#3590 = DIRECTION ( 'NONE',  ( -0.000000000000000000, -1.000000000000000000, -0.000000000000000000 ) ) ;
#3591 = CARTESIAN_POINT ( 'NONE',  ( 76.32948134498396087, -115.9999999999996874, -25.66434653127068444 ) ) ;
#3592 = EDGE_LOOP ( 'NONE', ( #3611, #7549, #5734, #6167 ) ) ;
#3593 = AXIS2_PLACEMENT_3D ( 'NONE', #6874, #5248, #1166 ) ;
#3594 = ORIENTED_EDGE ( 'NONE', *, *, #482, .F. ) ;
#3595 = VERTEX_POINT ( 'NONE', #2225 ) ;
#3596 = DIRECTION ( 'NONE',  ( 0.000000000000000000, 0.000000000000000000, -1.000000000000000000 ) ) ;
#3597 = APPLICATION_CONTEXT ( 'automotive_design' ) ;
#3598 = DIRECTION ( 'NONE',  ( -0.000000000000000000, -1.000000000000000000, -0.000000000000000000 ) ) ;
#3599 = CARTESIAN_POINT ( 'NONE',  ( 76.69132696895749746, -64.99999999999982947, -90.06252094662106344 ) ) ;
#3600 = EDGE_CURVE ( 'NONE', #3951, #1703, #5029, .T. ) ;
#3601 = DIRECTION ( 'NONE',  ( 0.000000000000000000, 0.000000000000000000, 1.000000000000000000 ) ) ;
#3602 = CARTESIAN_POINT ( 'NONE',  ( 74.10740418743412761, -117.9999999999996589, -99.94727136308888760 ) ) ;
#3603 = VERTEX_POINT ( 'NONE', #772 ) ;
#3604 = VERTEX_POINT ( 'NONE', #4883 ) ;
#3605 = LINE ( 'NONE', #1264, #1441 ) ;
#3606 = DIRECTION ( 'NONE',  ( 0.000000000000000000, -0.000000000000000000, 1.000000000000000000 ) ) ;
#3607 = EDGE_CURVE ( 'NONE', #5929, #6519, #1969, .T. ) ;
#3608 = DIRECTION ( 'NONE',  ( 0.000000000000000000, -1.000000000000000000, 0.000000000000000000 ) ) ;
#3609 = AXIS2_PLACEMENT_3D ( 'NONE', #4119, #2383, #2847 ) ;
#3610 = EDGE_CURVE ( 'NONE', #3988, #3295, #7166, .T. ) ;
#3611 = ORIENTED_EDGE ( 'NONE', *, *, #627, .F. ) ;
#3612 = ORIENTED_EDGE ( 'NONE', *, *, #3568, .T. ) ;
#3613 = CARTESIAN_POINT ( 'NONE',  ( 66.25197361095710846, -115.9999999999996732, -121.5960434575842868 ) ) ;
#3614 = CARTESIAN_POINT ( 'NONE',  ( 64.29139212709461049, -115.9999999999996732, -125.9245775216447356 ) ) ;
#3615 = DIRECTION ( 'NONE',  ( 0.000000000000000000, 0.000000000000000000, 1.000000000000000000 ) ) ;
#3616 = DIRECTION ( 'NONE',  ( 0.000000000000000000, 1.000000000000000000, 0.000000000000000000 ) ) ;
#3617 = DIRECTION ( 'NONE',  ( -0.000000000000000000, 1.000000000000000000, -0.000000000000000000 ) ) ;
#3618 = DIRECTION ( 'NONE',  ( 0.000000000000000000, 0.000000000000000000, 1.000000000000000000 ) ) ;
#3619 = VERTEX_POINT ( 'NONE', #5480 ) ;
#3620 = EDGE_CURVE ( 'NONE', #4503, #1526, #5076, .T. ) ;
#3621 = ORIENTED_EDGE ( 'NONE', *, *, #5951, .F. ) ;
#3622 = EDGE_CURVE ( 'NONE', #6158, #5098, #4462, .T. ) ;
#3623 = ORIENTED_EDGE ( 'NONE', *, *, #6106, .T. ) ;
#3624 = DIRECTION ( 'NONE',  ( -0.000000000000000000, -1.000000000000000000, -0.000000000000000000 ) ) ;
#3625 = LINE ( 'NONE', #699, #347 ) ;
#3626 = CARTESIAN_POINT ( 'NONE',  ( 68.96984292991380983, -14.00000000000000000, -105.0874937258762287 ) ) ;
#3627 = ORIENTED_EDGE ( 'NONE', *, *, #6886, .T. ) ;
#3628 = AXIS2_PLACEMENT_3D ( 'NONE', #396, #4409, #1435 ) ;
#3629 = ORIENTED_EDGE ( 'NONE', *, *, #1119, .T. ) ;
#3630 = EDGE_CURVE ( 'NONE', #1285, #2052, #1478, .T. ) ;
#3631 = EDGE_LOOP ( 'NONE', ( #7568, #3216, #5540, #415 ) ) ;
#3632 = ORIENTED_EDGE ( 'NONE', *, *, #6685, .F. ) ;
#3633 = AXIS2_PLACEMENT_3D ( 'NONE', #3507, #1664, #2320 ) ;
#3634 = PLANE ( 'NONE',  #5548 ) ;
#3635 = DIRECTION ( 'NONE',  ( -0.000000000000000000, 1.000000000000000000, -0.000000000000000000 ) ) ;
#3636 = DIRECTION ( 'NONE',  ( 0.9929475900391758758, 0.000000000000000000, -0.1185541371500488383 ) ) ;
#3637 = DIRECTION ( 'NONE',  ( 0.000000000000000000, 0.000000000000000000, 1.000000000000000000 ) ) ;
#3638 = CARTESIAN_POINT ( 'NONE',  ( 81.19999316315126237, -64.99999999999982947, -42.89550933368345653 ) ) ;
#3639 = ORIENTED_EDGE ( 'NONE', *, *, #4985, .F. ) ;
#3640 = VERTEX_POINT ( 'NONE', #1524 ) ;
#3641 = FACE_OUTER_BOUND ( 'NONE', #3709, .T. ) ;
#3642 = DIRECTION ( 'NONE',  ( 0.000000000000000000, -1.000000000000000000, 0.000000000000000000 ) ) ;
#3643 = CARTESIAN_POINT ( 'NONE',  ( -98.67880131525888032, -14.00000000000000000, -49.49999999999999289 ) ) ;
#3644 = ORIENTED_EDGE ( 'NONE', *, *, #1788, .T. ) ;
#3645 = ORIENTED_EDGE ( 'NONE', *, *, #3237, .F. ) ;
#3646 = DIRECTION ( 'NONE',  ( -0.000000000000000000, 1.000000000000000000, -0.000000000000000000 ) ) ;
#3647 = AXIS2_PLACEMENT_3D ( 'NONE', #1642, #6042, #4308 ) ;
#3648 = FACE_BOUND ( 'NONE', #2193, .T. ) ;
#3649 = DIRECTION ( 'NONE',  ( -0.000000000000000000, 1.000000000000000000, -0.000000000000000000 ) ) ;
#3650 = EDGE_CURVE ( 'NONE', #2271, #270, #2948, .T. ) ;
#3651 = CARTESIAN_POINT ( 'NONE',  ( 13.23815413300921762, 1.734723475976807094E-13, -174.4386644326531552 ) ) ;
#3652 = CARTESIAN_POINT ( 'NONE',  ( -98.67880131525888032, -115.9999999999996732, -49.49999999999999289 ) ) ;
#3653 =( NAMED_UNIT ( * ) PLANE_ANGLE_UNIT ( ) SI_UNIT ( $, .RADIAN. ) );
#3654 = AXIS2_PLACEMENT_3D ( 'NONE', #4267, #3102, #3723 ) ;
#3655 = VECTOR ( 'NONE', #1760, 1000.000000000000000 ) ;
#3656 = ORIENTED_EDGE ( 'NONE', *, *, #834, .F. ) ;
#3657 = EDGE_LOOP ( 'NONE', ( #4792, #3753, #5708, #2399 ) ) ;
#3658 = AXIS2_PLACEMENT_3D ( 'NONE', #866, #7368, #2030 ) ;
#3659 = DIRECTION ( 'NONE',  ( 0.000000000000000000, 0.000000000000000000, 1.000000000000000000 ) ) ;
#3660 = EDGE_CURVE ( 'NONE', #3842, #4271, #365, .T. ) ;
#3661 = DIRECTION ( 'NONE',  ( 0.000000000000000000, 0.000000000000000000, -1.000000000000000000 ) ) ;
#3662 = EDGE_CURVE ( 'NONE', #1363, #3733, #2223, .T. ) ;
#3663 = DIRECTION ( 'NONE',  ( 3.330687931275188957E-13, 0.000000000000000000, -1.000000000000000000 ) ) ;
#3664 = ORIENTED_EDGE ( 'NONE', *, *, #4233, .T. ) ;
#3665 = ORIENTED_EDGE ( 'NONE', *, *, #3607, .F. ) ;
#3666 = EDGE_LOOP ( 'NONE', ( #5426, #6736, #5579, #2640 ) ) ;
#3667 = ORIENTED_EDGE ( 'NONE', *, *, #998, .F. ) ;
#3668 = LINE ( 'NONE', #2512, #2614 ) ;
#3669 = CARTESIAN_POINT ( 'NONE',  ( 58.64657397004016559, -14.00000000000000000, -129.7792854185226190 ) ) ;
#3670 = ADVANCED_FACE ( 'NONE', ( #3370 ), #4323, .T. ) ;
#3671 = PLANE ( 'NONE',  #5080 ) ;
#3672 = EDGE_CURVE ( 'NONE', #269, #6410, #4725, .T. ) ;
#3673 = DIRECTION ( 'NONE',  ( 0.000000000000000000, 0.000000000000000000, 1.000000000000000000 ) ) ;
#3674 = CIRCLE ( 'NONE', #4905, 179.9999999999099884 ) ;
#3675 = CARTESIAN_POINT ( 'NONE',  ( 65.48508921968884522, 1.734723475976807094E-13, -15.07193250479443947 ) ) ;
#3676 = DIRECTION ( 'NONE',  ( -0.000000000000000000, -1.000000000000000000, -0.000000000000000000 ) ) ;
#3677 = VERTEX_POINT ( 'NONE', #6964 ) ;
#3678 = AXIS2_PLACEMENT_3D ( 'NONE', #2429, #697, #3041 ) ;
#3679 = VECTOR ( 'NONE', #3424, 1000.000000000000000 ) ;
#3680 = VERTEX_POINT ( 'NONE', #3445 ) ;
#3681 = AXIS2_PLACEMENT_3D ( 'NONE', #2422, #1275, #5971 ) ;
#3682 = DIRECTION ( 'NONE',  ( -0.000000000000000000, -1.000000000000000000, -0.000000000000000000 ) ) ;
#3683 = AXIS2_PLACEMENT_3D ( 'NONE', #2738, #2274, #4630 ) ;
#3684 = DIRECTION ( 'NONE',  ( 0.000000000000000000, 0.000000000000000000, 1.000000000000000000 ) ) ;
#3685 = EDGE_CURVE ( 'NONE', #3426, #6331, #2466, .T. ) ;
#3686 = DIRECTION ( 'NONE',  ( 0.000000000000000000, 0.000000000000000000, 1.000000000000000000 ) ) ;
#3687 = AXIS2_PLACEMENT_3D ( 'NONE', #2122, #4472, #6237 ) ;
#3688 = AXIS2_PLACEMENT_3D ( 'NONE', #7566, #2258, #5875 ) ;
#3689 = ORIENTED_EDGE ( 'NONE', *, *, #711, .F. ) ;
#3690 = VERTEX_POINT ( 'NONE', #1178 ) ;
#3691 = DIRECTION ( 'NONE',  ( 0.000000000000000000, 0.000000000000000000, 1.000000000000000000 ) ) ;
#3692 = AXIS2_PLACEMENT_3D ( 'NONE', #4415, #6040, #5465 ) ;
#3693 = AXIS2_PLACEMENT_3D ( 'NONE', #7599, #2444, #3447 ) ;
#3694 = CYLINDRICAL_SURFACE ( 'NONE', #3118, 71.39999999996429381 ) ;
#3695 = CARTESIAN_POINT ( 'NONE',  ( 68.96984292991380983, -115.9999999999996874, -105.0874937258762287 ) ) ;
#3696 = CIRCLE ( 'NONE', #4688, 71.39999999996430802 ) ;
#3697 = DIRECTION ( 'NONE',  ( 0.000000000000000000, -1.000000000000000000, 0.000000000000000000 ) ) ;
#3698 = CARTESIAN_POINT ( 'NONE',  ( 81.12746341570606035, -117.9999999999996589, -41.15091840391276179 ) ) ;
#3699 = CIRCLE ( 'NONE', #4193, 2.100000000000004530 ) ;
#3700 = EDGE_LOOP ( 'NONE', ( #6392, #423, #2348, #5732 ) ) ;
#3701 = AXIS2_PLACEMENT_3D ( 'NONE', #6119, #837, #296 ) ;
#3702 = ORIENTED_EDGE ( 'NONE', *, *, #4289, .F. ) ;
#3703 = CIRCLE ( 'NONE', #382, 2.100000000000004530 ) ;
#3704 = CARTESIAN_POINT ( 'NONE',  ( -98.67880131525888032, -14.00000000000000000, -49.49999999999998579 ) ) ;
#3705 = VECTOR ( 'NONE', #550, 1000.000000000000000 ) ;
#3706 = DIRECTION ( 'NONE',  ( 0.000000000000000000, -0.000000000000000000, 1.000000000000000000 ) ) ;
#3707 = DIRECTION ( 'NONE',  ( -0.000000000000000000, -1.000000000000000000, -0.000000000000000000 ) ) ;
#3708 = ORIENTED_EDGE ( 'NONE', *, *, #5195, .F. ) ;
#3709 = EDGE_LOOP ( 'NONE', ( #2677, #7339, #7010, #1007 ) ) ;
#3710 = EDGE_CURVE ( 'NONE', #6744, #6331, #1099, .T. ) ;
#3711 = CYLINDRICAL_SURFACE ( 'NONE', #7213, 71.39999999996429381 ) ;
#3712 = DIRECTION ( 'NONE',  ( 0.000000000000000000, -1.000000000000000000, 0.000000000000000000 ) ) ;
#3713 = DIRECTION ( 'NONE',  ( -7.638614297582365701E-14, 0.000000000000000000, -1.000000000000000000 ) ) ;
#3714 = CARTESIAN_POINT ( 'NONE',  ( 76.75940293603790110, -117.9999999999996589, -44.84312453674527887 ) ) ;
#3715 = PLANE ( 'NONE',  #7028 ) ;
#3716 = CARTESIAN_POINT ( 'NONE',  ( 56.71976032812312241, -6.000000000000000000, -120.8602623255267758 ) ) ;
#3717 = EDGE_CURVE ( 'NONE', #6481, #7255, #4916, .T. ) ;
#3718 = ORIENTED_EDGE ( 'NONE', *, *, #2448, .F. ) ;
#3719 = ADVANCED_FACE ( 'NONE', ( #4615 ), #4690, .T. ) ;
#3720 = EDGE_CURVE ( 'NONE', #3324, #15, #5669, .T. ) ;
#3721 = VECTOR ( 'NONE', #2056, 1000.000000000000000 ) ;
#3722 = ORIENTED_EDGE ( 'NONE', *, *, #517, .F. ) ;
#3723 = DIRECTION ( 'NONE',  ( 0.000000000000000000, 0.000000000000000000, -1.000000000000000000 ) ) ;
#3724 = LINE ( 'NONE', #5963, #6601 ) ;
#3725 = DIRECTION ( 'NONE',  ( 0.000000000000000000, 0.000000000000000000, 1.000000000000000000 ) ) ;
#3726 = EDGE_LOOP ( 'NONE', ( #7236, #7301, #3542, #4627 ) ) ;
#3727 = ADVANCED_FACE ( 'NONE', ( #7089 ), #4028, .F. ) ;
#3728 = ORIENTED_EDGE ( 'NONE', *, *, #2093, .T. ) ;
#3729 = DIRECTION ( 'NONE',  ( 0.000000000000000000, -1.000000000000000000, 0.000000000000000000 ) ) ;
#3730 = CARTESIAN_POINT ( 'NONE',  ( -98.67880131525888032, -14.00000000000000000, -49.49999999999999289 ) ) ;
#3731 = CYLINDRICAL_SURFACE ( 'NONE', #4694, 176.6239999999116890 ) ;
#3732 = DIRECTION ( 'NONE',  ( 0.000000000000000000, -0.000000000000000000, 1.000000000000000000 ) ) ;
#3733 = VERTEX_POINT ( 'NONE', #640 ) ;
#3734 = ORIENTED_EDGE ( 'NONE', *, *, #1239, .F. ) ;
#3735 = CARTESIAN_POINT ( 'NONE',  ( 65.00000000000000000, 1.665334536937734811E-13, -3.079134169858832593E-14 ) ) ;
#3736 = LINE ( 'NONE', #2049, #3559 ) ;
#3737 = PLANE ( 'NONE',  #5483 ) ;
#3738 = EDGE_LOOP ( 'NONE', ( #7458, #3258, #1572, #4288 ) ) ;
#3739 = AXIS2_PLACEMENT_3D ( 'NONE', #769, #3110, #6672 ) ;
#3740 = ADVANCED_FACE ( 'NONE', ( #4582 ), #2985, .F. ) ;
#3741 = ORIENTED_EDGE ( 'NONE', *, *, #2301, .T. ) ;
#3742 = ORIENTED_EDGE ( 'NONE', *, *, #7511, .F. ) ;
#3743 = DIRECTION ( 'NONE',  ( -0.000000000000000000, -1.000000000000000000, -0.000000000000000000 ) ) ;
#3744 = CARTESIAN_POINT ( 'NONE',  ( 57.99930231246467116, -115.9999999999996874, 10.39195797972416990 ) ) ;
#3745 = DIRECTION ( 'NONE',  ( 0.000000000000000000, 0.000000000000000000, 1.000000000000000000 ) ) ;
#3746 = FACE_OUTER_BOUND ( 'NONE', #6574, .T. ) ;
#3747 = DIRECTION ( 'NONE',  ( 0.000000000000000000, -1.000000000000000000, 0.000000000000000000 ) ) ;
#3748 = ORIENTED_EDGE ( 'NONE', *, *, #7525, .T. ) ;
#3749 = DIRECTION ( 'NONE',  ( 0.000000000000000000, 0.000000000000000000, 1.000000000000000000 ) ) ;
#3750 = ADVANCED_FACE ( 'NONE', ( #2945 ), #1754, .T. ) ;
#3751 = CARTESIAN_POINT ( 'NONE',  ( 75.58350073661644331, -6.000000000000000000, -70.30625106983377748 ) ) ;
#3752 = AXIS2_PLACEMENT_3D ( 'NONE', #2798, #4999, #7382 ) ;
#3753 = ORIENTED_EDGE ( 'NONE', *, *, #5045, .T. ) ;
#3754 = CIRCLE ( 'NONE', #2162, 71.39999999996429381 ) ;
#3755 = DIRECTION ( 'NONE',  ( 0.000000000000000000, 0.000000000000000000, 1.000000000000000000 ) ) ;
#3756 = LINE ( 'NONE', #6226, #6121 ) ;
#3757 = CIRCLE ( 'NONE', #435, 2.100000000000004530 ) ;
#3758 = DIRECTION ( 'NONE',  ( 0.000000000000000000, 0.000000000000000000, -1.000000000000000000 ) ) ;
#3759 = VECTOR ( 'NONE', #6244, 1000.000000000000000 ) ;
#3760 = EDGE_CURVE ( 'NONE', #5098, #4735, #6155, .T. ) ;
#3761 = EDGE_CURVE ( 'NONE', #644, #82, #4061, .T. ) ;
#3762 = DIRECTION ( 'NONE',  ( 0.3982212632123503515, -0.000000000000000000, 0.9172893902828921364 ) ) ;
#3763 = EDGE_LOOP ( 'NONE', ( #2163, #7550, #1084, #4540 ) ) ;
#3764 = AXIS2_PLACEMENT_3D ( 'NONE', #5220, #2293, #1634 ) ;
#3765 = ORIENTED_EDGE ( 'NONE', *, *, #3062, .F. ) ;
#3766 = ORIENTED_EDGE ( 'NONE', *, *, #6372, .F. ) ;
#3767 = CARTESIAN_POINT ( 'NONE',  ( 72.12876399156284890, -12.00000000000000000, -41.38978212648866162 ) ) ;
#3768 = FACE_BOUND ( 'NONE', #4144, .T. ) ;
#3769 = LINE ( 'NONE', #4882, #2714 ) ;
#3770 = EDGE_CURVE ( 'NONE', #1008, #532, #4648, .T. ) ;
#3771 = CARTESIAN_POINT ( 'NONE',  ( 76.75940293603790110, 1.734723475976807094E-13, -42.74312453674527035 ) ) ;
#3772 = DIRECTION ( 'NONE',  ( 0.000000000000000000, 0.000000000000000000, 1.000000000000000000 ) ) ;
#3773 = ORIENTED_EDGE ( 'NONE', *, *, #6556, .T. ) ;
#3774 = VECTOR ( 'NONE', #3967, 1000.000000000000000 ) ;
#3775 = EDGE_LOOP ( 'NONE', ( #467, #4863, #3645, #5508 ) ) ;
#3776 = CIRCLE ( 'NONE', #4025, 180.0000000000000000 ) ;
#3777 = LINE ( 'NONE', #6055, #2318 ) ;
#3778 = FACE_OUTER_BOUND ( 'NONE', #1999, .T. ) ;
#3779 = EDGE_CURVE ( 'NONE', #4831, #1534, #7005, .T. ) ;
#3780 = CYLINDRICAL_SURFACE ( 'NONE', #5287, 71.39999999996429381 ) ;
#3781 = ORIENTED_EDGE ( 'NONE', *, *, #56, .T. ) ;
#3782 = AXIS2_PLACEMENT_3D ( 'NONE', #2119, #1529, #3224 ) ;
#3783 = ORIENTED_EDGE ( 'NONE', *, *, #3346, .F. ) ;
#3784 = ORIENTED_EDGE ( 'NONE', *, *, #6445, .T. ) ;
#3785 = CIRCLE ( 'NONE', #6746, 2.100000000000004530 ) ;
#3786 = CARTESIAN_POINT ( 'NONE',  ( 48.75352798301116053, -14.00000000000000000, -129.4923937928550117 ) ) ;
#3787 = FACE_OUTER_BOUND ( 'NONE', #2415, .T. ) ;
#3788 = CARTESIAN_POINT ( 'NONE',  ( 75.58350073661644331, -8.060303038032998302, -68.20625106983376895 ) ) ;
#3789 = DIRECTION ( 'NONE',  ( 0.000000000000000000, -1.000000000000000000, 0.000000000000000000 ) ) ;
#3790 = ORIENTED_EDGE ( 'NONE', *, *, #4229, .T. ) ;
#3791 = DIRECTION ( 'NONE',  ( -0.000000000000000000, -1.000000000000000000, -0.000000000000000000 ) ) ;
#3792 = CARTESIAN_POINT ( 'NONE',  ( 73.12199335486934615, -14.00000000000000000, -8.505801304559579279 ) ) ;
#3793 = ORIENTED_EDGE ( 'NONE', *, *, #6403, .F. ) ;
#3794 = DIRECTION ( 'NONE',  ( 0.000000000000000000, 0.000000000000000000, 1.000000000000000000 ) ) ;
#3795 = DIRECTION ( 'NONE',  ( 0.9996478874717766860, 0.000000000000000000, 0.02653490292452686042 ) ) ;
#3796 = VECTOR ( 'NONE', #7324, 1000.000000000000000 ) ;
#3797 = DIRECTION ( 'NONE',  ( 0.000000000000000000, 0.000000000000000000, 1.000000000000000000 ) ) ;
#3798 = FACE_OUTER_BOUND ( 'NONE', #2432, .T. ) ;
#3799 = AXIS2_PLACEMENT_3D ( 'NONE', #394, #429, #5135 ) ;
#3800 = VERTEX_POINT ( 'NONE', #1635 ) ;
#3801 = CIRCLE ( 'NONE', #5537, 71.39999999996429381 ) ;
#3802 = ORIENTED_EDGE ( 'NONE', *, *, #3105, .F. ) ;
#3803 = VERTEX_POINT ( 'NONE', #3993 ) ;
#3804 = EDGE_CURVE ( 'NONE', #1542, #1607, #3565, .T. ) ;
#3805 = CARTESIAN_POINT ( 'NONE',  ( -98.67880131525888032, -14.00000000000000000, -49.49999999999999289 ) ) ;
#3806 = DIRECTION ( 'NONE',  ( 0.000000000000000000, 0.000000000000000000, 1.000000000000000000 ) ) ;
#3807 = FACE_OUTER_BOUND ( 'NONE', #5289, .T. ) ;
#3808 = VECTOR ( 'NONE', #290, 1000.000000000000000 ) ;
#3809 = FACE_OUTER_BOUND ( 'NONE', #870, .T. ) ;
#3810 = VECTOR ( 'NONE', #6243, 1000.000000000000114 ) ;
#3811 = ADVANCED_FACE ( 'NONE', ( #1056 ), #5840, .T. ) ;
#3812 = EDGE_LOOP ( 'NONE', ( #4846, #4806, #872, #1079 ) ) ;
#3813 = ORIENTED_EDGE ( 'NONE', *, *, #2221, .T. ) ;
#3814 = AXIS2_PLACEMENT_3D ( 'NONE', #3165, #4344, #6102 ) ;
#3815 = ADVANCED_FACE ( 'NONE', ( #5309 ), #3715, .F. ) ;
#3816 = ADVANCED_FACE ( 'NONE', ( #132 ), #7215, .T. ) ;
#3817 = DIRECTION ( 'NONE',  ( 0.000000000000000000, 0.000000000000000000, 1.000000000000000000 ) ) ;
#3818 = AXIS2_PLACEMENT_3D ( 'NONE', #6813, #2535, #5654 ) ;
#3819 = DIRECTION ( 'NONE',  ( 0.000000000000000000, -1.000000000000000000, 0.000000000000000000 ) ) ;
#3820 = DIRECTION ( 'NONE',  ( -0.000000000000000000, -1.000000000000000000, -0.000000000000000000 ) ) ;
#3821 = CYLINDRICAL_SURFACE ( 'NONE', #6346, 71.39999999996429381 ) ;
#3822 = ORIENTED_EDGE ( 'NONE', *, *, #7219, .T. ) ;
#3823 = AXIS2_PLACEMENT_3D ( 'NONE', #4960, #4591, #3344 ) ;
#3824 = VERTEX_POINT ( 'NONE', #1878 ) ;
#3825 = VERTEX_POINT ( 'NONE', #7177 ) ;
#3826 = EDGE_CURVE ( 'NONE', #6853, #5801, #2229, .T. ) ;
#3827 = DIRECTION ( 'NONE',  ( 0.000000000000000000, -1.000000000000000000, 0.000000000000000000 ) ) ;
#3828 = DIRECTION ( 'NONE',  ( 0.000000000000000000, -1.000000000000000000, 0.000000000000000000 ) ) ;
#3829 = ORIENTED_EDGE ( 'NONE', *, *, #137, .T. ) ;
#3830 = CARTESIAN_POINT ( 'NONE',  ( 65.41789684650092340, -12.00000000000000000, -97.59650353620614283 ) ) ;
#3831 = FACE_OUTER_BOUND ( 'NONE', #3973, .T. ) ;
#3832 = ORIENTED_EDGE ( 'NONE', *, *, #7375, .F. ) ;
#3833 = DIRECTION ( 'NONE',  ( 0.000000000000000000, 0.000000000000000000, -1.000000000000000000 ) ) ;
#3834 = CARTESIAN_POINT ( 'NONE',  ( -98.67880131525888032, -115.9999999999996732, -49.49999999999999289 ) ) ;
#3835 = CIRCLE ( 'NONE', #2479, 179.9999999999999716 ) ;
#3836 = EDGE_LOOP ( 'NONE', ( #306, #6826, #1321, #7625 ) ) ;
#3837 = CARTESIAN_POINT ( 'NONE',  ( -98.67880131525888032, -115.9999999999996732, -49.49999999999999289 ) ) ;
#3838 = DIRECTION ( 'NONE',  ( -0.000000000000000000, 1.000000000000000000, -0.000000000000000000 ) ) ;
#3839 = CARTESIAN_POINT ( 'NONE',  ( 25.78370858152301182, -115.9999999999996874, -161.9462467902694698 ) ) ;
#3840 = CARTESIAN_POINT ( 'NONE',  ( -98.67880131525888032, -6.000000000000000000, -49.49999999999999289 ) ) ;
#3841 = DIRECTION ( 'NONE',  ( 0.000000000000000000, 1.000000000000000000, 0.000000000000000000 ) ) ;
#3842 = VERTEX_POINT ( 'NONE', #3164 ) ;
#3843 = CIRCLE ( 'NONE', #3466, 71.39999999996429381 ) ;
#3844 = EDGE_LOOP ( 'NONE', ( #1553, #2732, #1472, #7321 ) ) ;
#3845 = VERTEX_POINT ( 'NONE', #1988 ) ;
#3846 = DIRECTION ( 'NONE',  ( -0.000000000000000000, -1.000000000000000000, -0.000000000000000000 ) ) ;
#3847 = CARTESIAN_POINT ( 'NONE',  ( 75.58350073661644331, -117.9999999999996589, -70.30625106983377748 ) ) ;
#3848 = DIRECTION ( 'NONE',  ( 0.000000000000000000, 0.000000000000000000, -1.000000000000000000 ) ) ;
#3849 = DIRECTION ( 'NONE',  ( -0.000000000000000000, 1.000000000000000000, -0.000000000000000000 ) ) ;
#3850 = EDGE_CURVE ( 'NONE', #3522, #1564, #863, .T. ) ;
#3851 = EDGE_LOOP ( 'NONE', ( #4571, #1758, #4032, #400 ) ) ;
#3852 = VERTEX_POINT ( 'NONE', #3096 ) ;
#3853 = DIRECTION ( 'NONE',  ( 0.000000000000000000, 1.000000000000000000, 0.000000000000000000 ) ) ;
#3854 = CARTESIAN_POINT ( 'NONE',  ( 72.31848854747322264, -12.00000000000000000, -48.53726452191186524 ) ) ;
#3855 = DIRECTION ( 'NONE',  ( 0.000000000000000000, 0.000000000000000000, -1.000000000000000000 ) ) ;
#3856 = DIRECTION ( 'NONE',  ( 0.000000000000000000, -0.000000000000000000, 1.000000000000000000 ) ) ;
#3857 = ORIENTED_EDGE ( 'NONE', *, *, #1308, .T. ) ;
#3858 = EDGE_CURVE ( 'NONE', #1519, #678, #745, .T. ) ;
#3859 = EDGE_CURVE ( 'NONE', #7577, #1016, #5056, .T. ) ;
#3860 = ORIENTED_EDGE ( 'NONE', *, *, #4145, .F. ) ;
#3861 = EDGE_LOOP ( 'NONE', ( #4101, #4293, #5339, #6267 ) ) ;
#3862 = DIRECTION ( 'NONE',  ( 3.552660227938872180E-14, 0.000000000000000000, 1.000000000000000000 ) ) ;
#3863 = CARTESIAN_POINT ( 'NONE',  ( 54.62013845170343984, -14.00000000000000000, -117.5772344719582776 ) ) ;
#3864 = ORIENTED_EDGE ( 'NONE', *, *, #6900, .F. ) ;
#3865 = CARTESIAN_POINT ( 'NONE',  ( 79.98986786502688062, -64.99999999999982947, -71.35192562025568463 ) ) ;
#3866 = FACE_OUTER_BOUND ( 'NONE', #7338, .T. ) ;
#3867 = CYLINDRICAL_SURFACE ( 'NONE', #7534, 176.6239999999116890 ) ;
#3868 = EDGE_CURVE ( 'NONE', #6406, #6185, #989, .T. ) ;
#3869 = CARTESIAN_POINT ( 'NONE',  ( 78.76590926197046372, -115.9999999999996732, -19.27791059236131588 ) ) ;
#3870 = EDGE_CURVE ( 'NONE', #7437, #7082, #5180, .T. ) ;
#3871 = ORIENTED_EDGE ( 'NONE', *, *, #3288, .F. ) ;
#3872 = DIRECTION ( 'NONE',  ( 0.000000000000000000, 1.000000000000000000, 0.000000000000000000 ) ) ;
#3873 = CARTESIAN_POINT ( 'NONE',  ( -98.67880131525888032, -14.00000000000000000, -49.49999999999999289 ) ) ;
#3874 = DIRECTION ( 'NONE',  ( 0.000000000000000000, 0.000000000000000000, 1.000000000000000000 ) ) ;
#3875 = DIRECTION ( 'NONE',  ( -0.000000000000000000, -1.000000000000000000, -0.000000000000000000 ) ) ;
#3876 = LINE ( 'NONE', #2793, #4186 ) ;
#3877 = EDGE_CURVE ( 'NONE', #3365, #1279, #5991, .T. ) ;
#3878 = VERTEX_POINT ( 'NONE', #4761 ) ;
#3879 = VERTEX_POINT ( 'NONE', #712 ) ;
#3880 = ORIENTED_EDGE ( 'NONE', *, *, #5616, .F. ) ;
#3881 = AXIS2_PLACEMENT_3D ( 'NONE', #6200, #1453, #2644 ) ;
#3882 = CARTESIAN_POINT ( 'NONE',  ( 76.89768497403623826, 1.734723475976807094E-13, -68.70767654542753178 ) ) ;
#3883 = AXIS2_PLACEMENT_3D ( 'NONE', #4861, #7205, #6484 ) ;
#3884 = CARTESIAN_POINT ( 'NONE',  ( 70.73140919045791009, -123.9999999999996589, -95.33045468254395871 ) ) ;
#3885 = DIRECTION ( 'NONE',  ( -3.463372990204728381E-14, 0.000000000000000000, -1.000000000000000000 ) ) ;
#3886 = FACE_OUTER_BOUND ( 'NONE', #2750, .T. ) ;
#3887 = AXIS2_PLACEMENT_3D ( 'NONE', #4350, #680, #3684 ) ;
#3888 = ORIENTED_EDGE ( 'NONE', *, *, #517, .T. ) ;
#3889 = VERTEX_POINT ( 'NONE', #4261 ) ;
#3890 = DIRECTION ( 'NONE',  ( 0.000000000000000000, 0.000000000000000000, -1.000000000000000000 ) ) ;
#3891 = DIRECTION ( 'NONE',  ( -0.000000000000000000, -1.000000000000000000, 0.000000000000000000 ) ) ;
#3892 = EDGE_CURVE ( 'NONE', #2314, #3398, #2589, .T. ) ;
#3893 = CARTESIAN_POINT ( 'NONE',  ( 64.04640227590901702, -14.00000000000000000, -118.1771103948160402 ) ) ;
#3894 = DIRECTION ( 'NONE',  ( -0.000000000000000000, 1.000000000000000000, -0.000000000000000000 ) ) ;
#3895 = CARTESIAN_POINT ( 'NONE',  ( 41.96261521398456296, 1.734723475976807094E-13, 41.90605419594795222 ) ) ;
#3896 = ORIENTED_EDGE ( 'NONE', *, *, #2540, .F. ) ;
#3897 = ADVANCED_FACE ( 'NONE', ( #4837 ), #821, .F. ) ;
#3898 = ORIENTED_EDGE ( 'NONE', *, *, #7473, .T. ) ;
#3899 = ORIENTED_EDGE ( 'NONE', *, *, #2059, .T. ) ;
#3900 = EDGE_CURVE ( 'NONE', #4117, #7091, #7128, .T. ) ;
#3901 = EDGE_CURVE ( 'NONE', #2937, #3086, #4070, .T. ) ;
#3902 = DIRECTION ( 'NONE',  ( -0.000000000000000000, -1.000000000000000000, -0.000000000000000000 ) ) ;
#3903 = DIRECTION ( 'NONE',  ( 0.000000000000000000, 1.000000000000000000, -0.000000000000000000 ) ) ;
#3904 = CARTESIAN_POINT ( 'NONE',  ( 78.02144248885936406, -123.9999999999996589, -15.19221896518586945 ) ) ;
#3905 = DIRECTION ( 'NONE',  ( 0.000000000000000000, 1.000000000000000000, 0.000000000000000000 ) ) ;
#3906 = EDGE_LOOP ( 'NONE', ( #2237, #4538, #6442, #5861 ) ) ;
#3907 = CARTESIAN_POINT ( 'NONE',  ( -98.67880131525888032, -12.00000000000000000, -49.49999999999999289 ) ) ;
#3908 = EDGE_LOOP ( 'NONE', ( #7395, #2374, #5399, #1906 ) ) ;
#3909 = CIRCLE ( 'NONE', #5754, 170.9999999999999716 ) ;
#3910 = VECTOR ( 'NONE', #652, 1000.000000000000000 ) ;
#3911 = DIRECTION ( 'NONE',  ( 0.000000000000000000, 0.000000000000000000, -1.000000000000000000 ) ) ;
#3912 = EDGE_CURVE ( 'NONE', #3677, #4413, #1863, .T. ) ;
#3913 = ADVANCED_FACE ( 'NONE', ( #3130 ), #2516, .F. ) ;
#3914 = EDGE_CURVE ( 'NONE', #4413, #3677, #7418, .T. ) ;
#3915 = DIRECTION ( 'NONE',  ( -1.982541115402060968E-14, 0.000000000000000000, -1.000000000000000000 ) ) ;
#3916 = CARTESIAN_POINT ( 'NONE',  ( 74.23430928101858228, -16.00000000000000000, -17.37823816096860341 ) ) ;
#3917 = DIRECTION ( 'NONE',  ( 0.000000000000000000, 1.000000000000000000, -0.000000000000000000 ) ) ;
#3918 = CARTESIAN_POINT ( 'NONE',  ( -98.67880131525888032, 1.734723475976807094E-13, -49.49999999999998579 ) ) ;
#3919 = ORIENTED_EDGE ( 'NONE', *, *, #2786, .T. ) ;
#3920 = CIRCLE ( 'NONE', #3051, 180.0000000000000000 ) ;
#3921 = ORIENTED_EDGE ( 'NONE', *, *, #1889, .F. ) ;
#3922 = EDGE_LOOP ( 'NONE', ( #898, #1287, #4214, #3252 ) ) ;
#3923 = EDGE_CURVE ( 'NONE', #532, #3842, #3325, .T. ) ;
#3924 = LINE ( 'NONE', #3882, #5878 ) ;
#3925 = DIRECTION ( 'NONE',  ( 0.000000000000000000, 1.000000000000000000, 0.000000000000000000 ) ) ;
#3926 = CYLINDRICAL_SURFACE ( 'NONE', #130, 170.9999999999999716 ) ;
#3927 = VECTOR ( 'NONE', #5247, 1000.000000000000000 ) ;
#3928 = DIRECTION ( 'NONE',  ( 0.000000000000000000, 1.000000000000000000, 0.000000000000000000 ) ) ;
#3929 = AXIS2_PLACEMENT_3D ( 'NONE', #4759, #1256, #6578 ) ;
#3930 = CIRCLE ( 'NONE', #600, 71.39999999996429381 ) ;
#3931 = ORIENTED_EDGE ( 'NONE', *, *, #2582, .T. ) ;
#3932 = VERTEX_POINT ( 'NONE', #314 ) ;
#3933 = CARTESIAN_POINT ( 'NONE',  ( 70.65429478737839020, -117.9999999999996589, -73.31811420526399559 ) ) ;
#3934 = DIRECTION ( 'NONE',  ( -0.000000000000000000, 1.000000000000000000, -0.000000000000000000 ) ) ;
#3935 = DIRECTION ( 'NONE',  ( 0.000000000000000000, 1.000000000000000000, -0.000000000000000000 ) ) ;
#3936 = AXIS2_PLACEMENT_3D ( 'NONE', #7337, #1489, #764 ) ;
#3937 = VERTEX_POINT ( 'NONE', #2748 ) ;
#3938 = AXIS2_PLACEMENT_3D ( 'NONE', #4122, #3616, #6476 ) ;
#3939 = ORIENTED_EDGE ( 'NONE', *, *, #3877, .T. ) ;
#3940 = DIRECTION ( 'NONE',  ( 0.000000000000000000, -1.000000000000000000, 0.000000000000000000 ) ) ;
#3941 = DIRECTION ( 'NONE',  ( -0.9852598894374786642, 0.000000000000000000, -0.1710641700229685591 ) ) ;
#3942 = CIRCLE ( 'NONE', #3692, 180.0000000000000000 ) ;
#3943 = AXIS2_PLACEMENT_3D ( 'NONE', #1057, #1602, #6306 ) ;
#3944 = DIRECTION ( 'NONE',  ( -0.000000000000000000, 1.000000000000000000, -0.000000000000000000 ) ) ;
#3945 = CARTESIAN_POINT ( 'NONE',  ( 72.79737264983674550, -16.00000000000000000, -94.95389793448137539 ) ) ;
#3946 = ORIENTED_EDGE ( 'NONE', *, *, #4942, .T. ) ;
#3947 = CARTESIAN_POINT ( 'NONE',  ( 69.82702150548108477, -13.99999999999999822, -112.7912922563046294 ) ) ;
#3948 = AXIS2_PLACEMENT_3D ( 'NONE', #7264, #5556, #183 ) ;
#3949 = EDGE_CURVE ( 'NONE', #6060, #2013, #3572, .T. ) ;
#3950 = ORIENTED_EDGE ( 'NONE', *, *, #4473, .T. ) ;
#3951 = VERTEX_POINT ( 'NONE', #6807 ) ;
#3952 = CIRCLE ( 'NONE', #7044, 2.100000000000004530 ) ;
#3953 = CARTESIAN_POINT ( 'NONE',  ( 74.30623184491122402, -115.9999999999996732, -99.26121283263542239 ) ) ;
#3954 = DIRECTION ( 'NONE',  ( 0.000000000000000000, 0.000000000000000000, 1.000000000000000000 ) ) ;
#3955 = EDGE_CURVE ( 'NONE', #2360, #2703, #3326, .T. ) ;
#3956 = CARTESIAN_POINT ( 'NONE',  ( 71.50195686800125827, -123.9999999999996589, -66.21853893648385281 ) ) ;
#3957 = CIRCLE ( 'NONE', #1990, 2.100000000000004530 ) ;
#3958 = LINE ( 'NONE', #5146, #617 ) ;
#3959 = ADVANCED_FACE ( 'NONE', ( #2631 ), #6723, .F. ) ;
#3960 = FACE_OUTER_BOUND ( 'NONE', #3726, .T. ) ;
#3961 = EDGE_CURVE ( 'NONE', #2360, #2607, #247, .T. ) ;
#3962 = EDGE_CURVE ( 'NONE', #6810, #7388, #3696, .T. ) ;
#3963 = ORIENTED_EDGE ( 'NONE', *, *, #4757, .T. ) ;
#3964 = EDGE_CURVE ( 'NONE', #975, #2366, #6663, .T. ) ;
#3965 = ORIENTED_EDGE ( 'NONE', *, *, #2981, .F. ) ;
#3966 = VERTEX_POINT ( 'NONE', #6222 ) ;
#3967 = DIRECTION ( 'NONE',  ( -0.000000000000000000, 1.000000000000000000, -0.000000000000000000 ) ) ;
#3968 = DIRECTION ( 'NONE',  ( 0.000000000000000000, -1.000000000000000000, 0.000000000000000000 ) ) ;
#3969 = CARTESIAN_POINT ( 'NONE',  ( 70.37537075531301412, -12.00000000000000000, -23.77672444004325669 ) ) ;
#3970 = CARTESIAN_POINT ( 'NONE',  ( 75.55949415770655264, -13.99999999999999822, -94.67760939495542516 ) ) ;
#3971 = VECTOR ( 'NONE', #6840, 1000.000000000000000 ) ;
#3972 = EDGE_CURVE ( 'NONE', #3399, #1917, #6026, .T. ) ;
#3973 = EDGE_LOOP ( 'NONE', ( #5614, #5690, #6318, #1705 ) ) ;
#3974 = EDGE_LOOP ( 'NONE', ( #6246, #4979, #944, #6498, #4482 ) ) ;
#3975 = DIRECTION ( 'NONE',  ( -0.000000000000000000, 1.000000000000000000, -0.000000000000000000 ) ) ;
#3976 = DIRECTION ( 'NONE',  ( -0.000000000000000000, -1.000000000000000000, -0.000000000000000000 ) ) ;
#3977 = DIRECTION ( 'NONE',  ( -0.9929475900391758758, 0.000000000000000000, 0.1185541371500488522 ) ) ;
#3978 = CARTESIAN_POINT ( 'NONE',  ( 75.29853924827664002, -16.00000000000000000, -17.66787505463057073 ) ) ;
#3979 = EDGE_LOOP ( 'NONE', ( #568, #4388, #6079, #4065 ) ) ;
#3980 = ORIENTED_EDGE ( 'NONE', *, *, #1665, .T. ) ;
#3981 = LINE ( 'NONE', #6249, #6266 ) ;
#3982 = DIRECTION ( 'NONE',  ( -0.000000000000000000, -1.000000000000000000, -0.000000000000000000 ) ) ;
#3983 = DIRECTION ( 'NONE',  ( 0.000000000000000000, -1.000000000000000000, 0.000000000000000000 ) ) ;
#3984 = ORIENTED_EDGE ( 'NONE', *, *, #514, .F. ) ;
#3985 = DIRECTION ( 'NONE',  ( 0.000000000000000000, -1.000000000000000000, 0.000000000000000000 ) ) ;
#3986 = VECTOR ( 'NONE', #5933, 1000.000000000000000 ) ;
#3987 = ORIENTED_EDGE ( 'NONE', *, *, #575, .T. ) ;
#3988 = VERTEX_POINT ( 'NONE', #932 ) ;
#3989 = CARTESIAN_POINT ( 'NONE',  ( -98.67880131525888032, -115.9999999999996732, -49.49999999999999289 ) ) ;
#3990 = CARTESIAN_POINT ( 'NONE',  ( 68.46943900662350302, 1.734723475976807094E-13, -63.51929186239375724 ) ) ;
#3991 = EDGE_CURVE ( 'NONE', #1198, #5296, #1844, .T. ) ;
#3992 = CARTESIAN_POINT ( 'NONE',  ( 79.98986786511628111, -115.9999999999996732, -71.35192562026662699 ) ) ;
#3993 = CARTESIAN_POINT ( 'NONE',  ( 71.50195686800125827, -117.9999999999996589, -66.21853893648385281 ) ) ;
#3994 = FACE_OUTER_BOUND ( 'NONE', #7558, .T. ) ;
#3995 = ORIENTED_EDGE ( 'NONE', *, *, #1028, .T. ) ;
#3996 = VERTEX_POINT ( 'NONE', #3947 ) ;
#3997 = EDGE_LOOP ( 'NONE', ( #5986, #6286, #5210, #5947 ) ) ;
#3998 = CARTESIAN_POINT ( 'NONE',  ( 57.99930231246467116, 1.734723475976807094E-13, 10.39195797972416990 ) ) ;
#3999 = EDGE_CURVE ( 'NONE', #5929, #539, #2711, .T. ) ;
#4000 = LINE ( 'NONE', #2841, #923 ) ;
#4001 = EDGE_CURVE ( 'NONE', #3383, #6001, #7285, .T. ) ;
#4002 = DIRECTION ( 'NONE',  ( 0.000000000000000000, -1.000000000000000000, 0.000000000000000000 ) ) ;
#4003 = CARTESIAN_POINT ( 'NONE',  ( 77.43756294773638160, -115.9999999999996874, -62.88146534400344478 ) ) ;
#4004 = AXIS2_PLACEMENT_3D ( 'NONE', #2040, #4470, #6819 ) ;
#4005 = EDGE_LOOP ( 'NONE', ( #3259, #5376, #4919, #879 ) ) ;
#4006 = AXIS2_PLACEMENT_3D ( 'NONE', #79, #5371, #701 ) ;
#4007 = EDGE_LOOP ( 'NONE', ( #3508, #1231, #7314, #6462 ) ) ;
#4008 = CARTESIAN_POINT ( 'NONE',  ( -98.67880131525888032, -12.00000000000000000, -49.49999999999999289 ) ) ;
#4009 = EDGE_CURVE ( 'NONE', #3504, #6664, #2023, .T. ) ;
#4010 = CARTESIAN_POINT ( 'NONE',  ( -98.67880131525888032, -115.9999999999996874, -49.49999999999998579 ) ) ;
#4011 = LINE ( 'NONE', #5786, #6648 ) ;
#4012 = LINE ( 'NONE', #2201, #5311 ) ;
#4013 = FACE_OUTER_BOUND ( 'NONE', #325, .T. ) ;
#4014 = ORIENTED_EDGE ( 'NONE', *, *, #1355, .F. ) ;
#4015 = VERTEX_POINT ( 'NONE', #5645 ) ;
#4016 = EDGE_CURVE ( 'NONE', #7190, #6799, #1349, .T. ) ;
#4017 = DIRECTION ( 'NONE',  ( 0.000000000000000000, 0.000000000000000000, 1.000000000000000000 ) ) ;
#4018 = CARTESIAN_POINT ( 'NONE',  ( 54.74086545936870607, 1.734723475976807094E-13, -138.0768859113127007 ) ) ;
#4019 = DIRECTION ( 'NONE',  ( -0.000000000000000000, 1.000000000000000000, -0.000000000000000000 ) ) ;
#4020 = ORIENTED_EDGE ( 'NONE', *, *, #4877, .T. ) ;
#4021 = DIRECTION ( 'NONE',  ( -0.000000000000000000, -1.000000000000000000, -0.000000000000000000 ) ) ;
#4022 = ORIENTED_EDGE ( 'NONE', *, *, #5689, .T. ) ;
#4023 = EDGE_LOOP ( 'NONE', ( #7378, #1780, #1322, #775 ) ) ;
#4024 = CARTESIAN_POINT ( 'NONE',  ( 81.31165082781744502, -64.99999999999982947, -47.64604819411758996 ) ) ;
#4025 = AXIS2_PLACEMENT_3D ( 'NONE', #288, #5111, #3874 ) ;
#4026 = DIRECTION ( 'NONE',  ( 0.000000000000000000, 1.000000000000000000, 0.000000000000000000 ) ) ;
#4027 = DIRECTION ( 'NONE',  ( -7.638614297582365701E-14, 0.000000000000000000, -1.000000000000000000 ) ) ;
#4028 = PLANE ( 'NONE',  #3070 ) ;
#4029 = CARTESIAN_POINT ( 'NONE',  ( 62.30548667938873564, -19.93969696196701236, -117.2878316937673162 ) ) ;
#4030 = VECTOR ( 'NONE', #560, 1000.000000000000000 ) ;
#4031 = ORIENTED_EDGE ( 'NONE', *, *, #5234, .F. ) ;
#4032 = ORIENTED_EDGE ( 'NONE', *, *, #946, .F. ) ;
#4033 = CARTESIAN_POINT ( 'NONE',  ( 70.73140919045791009, -19.93969696196701236, -95.33045468254395871 ) ) ;
#4034 = CARTESIAN_POINT ( 'NONE',  ( 76.75940293603790110, -16.00000000000000000, -46.94312453674528030 ) ) ;
#4035 = CARTESIAN_POINT ( 'NONE',  ( 81.19999316324124550, -115.9999999999996732, -42.89550933368015251 ) ) ;
#4036 = DIRECTION ( 'NONE',  ( -0.000000000000000000, 1.000000000000000000, -0.000000000000000000 ) ) ;
#4037 = AXIS2_PLACEMENT_3D ( 'NONE', #249, #5025, #4380 ) ;
#4038 = EDGE_CURVE ( 'NONE', #6844, #4333, #5546, .T. ) ;
#4039 = ORIENTED_EDGE ( 'NONE', *, *, #2138, .F. ) ;
#4040 = ORIENTED_EDGE ( 'NONE', *, *, #7576, .F. ) ;
#4041 = CARTESIAN_POINT ( 'NONE',  ( 81.31718797152647937, -6.000000000000005329, -48.29840079933657648 ) ) ;
#4042 = AXIS2_PLACEMENT_3D ( 'NONE', #4100, #7043, #2860 ) ;
#4043 = DIRECTION ( 'NONE',  ( -0.000000000000000000, 1.000000000000000000, -0.000000000000000000 ) ) ;
#4044 = CARTESIAN_POINT ( 'NONE',  ( 77.66669519221666462, -115.9999999999996874, -59.41479891378207157 ) ) ;
#4045 = DIRECTION ( 'NONE',  ( -0.000000000000000000, -1.000000000000000000, -0.000000000000000000 ) ) ;
#4046 = EDGE_CURVE ( 'NONE', #160, #644, #6877, .T. ) ;
#4047 = DIRECTION ( 'NONE',  ( 3.595785356368288754E-15, 0.000000000000000000, -1.000000000000000000 ) ) ;
#4048 = EDGE_CURVE ( 'NONE', #5454, #7649, #282, .T. ) ;
#4049 = ORIENTED_EDGE ( 'NONE', *, *, #4107, .T. ) ;
#4050 = ADVANCED_FACE ( 'NONE', ( #4456 ), #3867, .T. ) ;
#4051 = VECTOR ( 'NONE', #4301, 1000.000000000000000 ) ;
#4052 = EDGE_LOOP ( 'NONE', ( #6131, #3896, #921, #3984 ) ) ;
#4053 = VECTOR ( 'NONE', #6349, 1000.000000000000000 ) ;
#4054 = AXIS2_PLACEMENT_3D ( 'NONE', #2387, #4739, #5970 ) ;
#4055 = DIRECTION ( 'NONE',  ( -0.000000000000000000, -1.000000000000000000, -0.000000000000000000 ) ) ;
#4056 = DIRECTION ( 'NONE',  ( 0.000000000000000000, 0.000000000000000000, 1.000000000000000000 ) ) ;
#4057 = FACE_OUTER_BOUND ( 'NONE', #1501, .T. ) ;
#4058 = ORIENTED_EDGE ( 'NONE', *, *, #6414, .T. ) ;
#4059 = CARTESIAN_POINT ( 'NONE',  ( 77.90630859094130756, -64.99999999999982947, -84.39554354617206400 ) ) ;
#4060 = AXIS2_PLACEMENT_3D ( 'NONE', #3219, #4844, #3686 ) ;
#4061 = CIRCLE ( 'NONE', #7410, 71.39999999996429381 ) ;
#4062 = AXIS2_PLACEMENT_3D ( 'NONE', #5326, #2967, #69 ) ;
#4063 = ORIENTED_EDGE ( 'NONE', *, *, #2309, .T. ) ;
#4064 = EDGE_CURVE ( 'NONE', #7484, #6024, #2143, .T. ) ;
#4065 = ORIENTED_EDGE ( 'NONE', *, *, #7281, .T. ) ;
#4066 = CIRCLE ( 'NONE', #6280, 71.39999999996429381 ) ;
#4067 = FACE_OUTER_BOUND ( 'NONE', #6859, .T. ) ;
#4068 = AXIS2_PLACEMENT_3D ( 'NONE', #5811, #4800, #1179 ) ;
#4069 = CARTESIAN_POINT ( 'NONE',  ( 70.73140919045791009, -8.060303038032998302, -97.43045468254396724 ) ) ;
#4070 = CIRCLE ( 'NONE', #6039, 176.6239999999116890 ) ;
#4071 = FACE_OUTER_BOUND ( 'NONE', #4813, .T. ) ;
#4072 = DIRECTION ( 'NONE',  ( -0.000000000000000000, 1.000000000000000000, -0.000000000000000000 ) ) ;
#4073 = CARTESIAN_POINT ( 'NONE',  ( 71.43899640720979960, -13.99999999999999822, -108.3212112934170079 ) ) ;
#4074 = ORIENTED_EDGE ( 'NONE', *, *, #3588, .F. ) ;
#4075 = VERTEX_POINT ( 'NONE', #5251 ) ;
#4076 = DIRECTION ( 'NONE',  ( -0.000000000000000000, 1.000000000000000000, -0.000000000000000000 ) ) ;
#4077 = DIRECTION ( 'NONE',  ( 0.000000000000000000, 0.000000000000000000, -1.000000000000000000 ) ) ;
#4078 = CARTESIAN_POINT ( 'NONE',  ( 80.89412001187010048, -64.99999999999982947, -37.10782803507313332 ) ) ;
#4079 = AXIS2_PLACEMENT_3D ( 'NONE', #2340, #4698, #7014 ) ;
#4080 = DIRECTION ( 'NONE',  ( 0.000000000000000000, -0.000000000000000000, 1.000000000000000000 ) ) ;
#4081 = ORIENTED_EDGE ( 'NONE', *, *, #2617, .F. ) ;
#4082 = ORIENTED_EDGE ( 'NONE', *, *, #4587, .T. ) ;
#4083 = DIRECTION ( 'NONE',  ( 0.000000000000000000, -0.000000000000000000, 1.000000000000000000 ) ) ;
#4084 = CARTESIAN_POINT ( 'NONE',  ( 77.89834047893448599, 1.734723475976807094E-13, -53.56821481268273999 ) ) ;
#4085 = CARTESIAN_POINT ( 'NONE',  ( 62.30548667938873564, 1.734723475976807094E-13, -119.3878316937673247 ) ) ;
#4086 = EDGE_CURVE ( 'NONE', #2607, #626, #5424, .T. ) ;
#4087 = CARTESIAN_POINT ( 'NONE',  ( 79.50184582836052982, -64.99999999999982947, -75.02757300349105662 ) ) ;
#4088 = CARTESIAN_POINT ( 'NONE',  ( 80.89412001186992995, -13.99999999999999822, -61.89217196492934647 ) ) ;
#4089 = DIRECTION ( 'NONE',  ( 0.9929475900391752097, 0.000000000000000000, -0.1185541371500549446 ) ) ;
#4090 = ORIENTED_EDGE ( 'NONE', *, *, #4708, .T. ) ;
#4091 = ORIENTED_EDGE ( 'NONE', *, *, #460, .F. ) ;
#4092 = CIRCLE ( 'NONE', #3593, 2.100000000000004530 ) ;
#4093 = EDGE_LOOP ( 'NONE', ( #2117, #2723, #7054, #1162 ) ) ;
#4094 = PLANE ( 'NONE',  #2565 ) ;
#4095 = ADVANCED_FACE ( 'NONE', ( #7557 ), #4641, .T. ) ;
#4096 = CARTESIAN_POINT ( 'NONE',  ( 80.96297504136973089, -13.99999999999999822, -38.14957325019892664 ) ) ;
#4097 = ADVANCED_FACE ( 'NONE', ( #511 ), #468, .T. ) ;
#4098 = DIRECTION ( 'NONE',  ( 0.000000000000000000, -1.000000000000000000, 0.000000000000000000 ) ) ;
#4099 = ORIENTED_EDGE ( 'NONE', *, *, #56, .F. ) ;
#4100 = CARTESIAN_POINT ( 'NONE',  ( 62.24664332983626025, -14.00000000000000000, -96.80830849653315795 ) ) ;
#4101 = ORIENTED_EDGE ( 'NONE', *, *, #2386, .F. ) ;
#4102 = ORIENTED_EDGE ( 'NONE', *, *, #1064, .F. ) ;
#4103 = LINE ( 'NONE', #2482, #3705 ) ;
#4104 = DIRECTION ( 'NONE',  ( 0.000000000000000000, -1.000000000000000000, 0.000000000000000000 ) ) ;
#4105 = CARTESIAN_POINT ( 'NONE',  ( 48.75352798301227608, 1.734723475976807094E-13, 30.49239379285298313 ) ) ;
#4106 = VECTOR ( 'NONE', #3461, 1000.000000000000000 ) ;
#4107 = EDGE_CURVE ( 'NONE', #239, #7445, #959, .T. ) ;
#4108 = DIRECTION ( 'NONE',  ( 0.9852598894374786642, 0.000000000000000000, 0.1710641700229686146 ) ) ;
#4109 = CARTESIAN_POINT ( 'NONE',  ( -98.67880131525888032, -6.000000000000000000, -49.49999999999999289 ) ) ;
#4110 = ORIENTED_EDGE ( 'NONE', *, *, #1215, .T. ) ;
#4111 = EDGE_LOOP ( 'NONE', ( #3802, #4766, #2084, #5209 ) ) ;
#4112 = FACE_BOUND ( 'NONE', #1639, .T. ) ;
#4113 = FACE_BOUND ( 'NONE', #4712, .T. ) ;
#4114 = DIRECTION ( 'NONE',  ( 0.3982212632123491303, 0.000000000000000000, 0.9172893902828926915 ) ) ;
#4115 = DIRECTION ( 'NONE',  ( 4.441280832054886681E-14, 0.000000000000000000, 1.000000000000000000 ) ) ;
#4116 = MECHANICAL_DESIGN_GEOMETRIC_PRESENTATION_REPRESENTATION (  '', ( #5106 ), #1407 ) ;
#4117 = VERTEX_POINT ( 'NONE', #4609 ) ;
#4118 = ORIENTED_EDGE ( 'NONE', *, *, #4245, .T. ) ;
#4119 = CARTESIAN_POINT ( 'NONE',  ( -98.67880131525888032, -14.00000000000000000, -49.49999999999999289 ) ) ;
#4120 = DIRECTION ( 'NONE',  ( 0.000000000000000000, 0.000000000000000000, 1.000000000000000000 ) ) ;
#4121 = CARTESIAN_POINT ( 'NONE',  ( 75.82679495835178329, -115.9999999999996874, -76.77332479109216479 ) ) ;
#4122 = CARTESIAN_POINT ( 'NONE',  ( -98.67880131525888032, -14.00000000000000000, -49.49999999999999289 ) ) ;
#4123 = CARTESIAN_POINT ( 'NONE',  ( 78.76590926197005160, -115.9999999999996732, -79.72208940764113549 ) ) ;
#4124 = DIRECTION ( 'NONE',  ( 0.000000000000000000, 1.000000000000000000, 0.000000000000000000 ) ) ;
#4125 = ORIENTED_EDGE ( 'NONE', *, *, #2531, .T. ) ;
#4126 = AXIS2_PLACEMENT_3D ( 'NONE', #5865, #2248, #4607 ) ;
#4127 = ORIENTED_EDGE ( 'NONE', *, *, #6731, .F. ) ;
#4128 = ORIENTED_EDGE ( 'NONE', *, *, #1140, .T. ) ;
#4129 = EDGE_CURVE ( 'NONE', #2481, #6755, #2440, .T. ) ;
#4130 = CARTESIAN_POINT ( 'NONE',  ( 74.82765672272891777, -115.9999999999996874, -16.46144078382378595 ) ) ;
#4131 = AXIS2_PLACEMENT_3D ( 'NONE', #742, #3085, #2134 ) ;
#4132 = DIRECTION ( 'NONE',  ( 0.000000000000000000, -0.000000000000000000, 1.000000000000000000 ) ) ;
#4133 = CARTESIAN_POINT ( 'NONE',  ( 80.44034109175848357, -117.9999999999996589, -67.28574775978277955 ) ) ;
#4134 = ORIENTED_EDGE ( 'NONE', *, *, #4183, .T. ) ;
#4135 = VERTEX_POINT ( 'NONE', #545 ) ;
#4136 = ORIENTED_EDGE ( 'NONE', *, *, #1894, .F. ) ;
#4137 = ADVANCED_FACE ( 'NONE', ( #1700 ), #2784, .F. ) ;
#4138 = ORIENTED_EDGE ( 'NONE', *, *, #3991, .F. ) ;
#4139 = CARTESIAN_POINT ( 'NONE',  ( 79.98986786502717905, -13.99999999999999822, -27.64807437974678450 ) ) ;
#4140 = DIRECTION ( 'NONE',  ( 0.000000000000000000, 1.000000000000000000, 0.000000000000000000 ) ) ;
#4141 = CARTESIAN_POINT ( 'NONE',  ( 68.78126029277126463, -115.9999999999996874, -59.10221605982078330 ) ) ;
#4142 = CARTESIAN_POINT ( 'NONE',  ( 28.70856776544814082, 1.734723475976807094E-13, -158.6216430673606226 ) ) ;
#4143 = DIRECTION ( 'NONE',  ( 0.000000000000000000, 0.000000000000000000, -1.000000000000000000 ) ) ;
#4144 = EDGE_LOOP ( 'NONE', ( #3563, #2585, #229, #6869 ) ) ;
#4145 = EDGE_CURVE ( 'NONE', #2529, #5637, #5181, .T. ) ;
#4146 = EDGE_CURVE ( 'NONE', #1773, #5413, #6450, .T. ) ;
#4147 = ORIENTED_EDGE ( 'NONE', *, *, #7483, .F. ) ;
#4148 = CYLINDRICAL_SURFACE ( 'NONE', #6866, 2.100000000000004530 ) ;
#4149 = PLANE ( 'NONE',  #7239 ) ;
#4150 = CIRCLE ( 'NONE', #2305, 176.6239999999116890 ) ;
#4151 = CARTESIAN_POINT ( 'NONE',  ( 72.12876399156284890, -6.000000000000005329, -41.38978212648866162 ) ) ;
#4152 = VERTEX_POINT ( 'NONE', #6411 ) ;
#4153 = EDGE_CURVE ( 'NONE', #3060, #6575, #3169, .T. ) ;
#4154 = ORIENTED_EDGE ( 'NONE', *, *, #7483, .T. ) ;
#4155 = CARTESIAN_POINT ( 'NONE',  ( 76.75940293603790110, 1.734723475976807094E-13, -46.94312453674528030 ) ) ;
#4156 = LINE ( 'NONE', #7475, #3453 ) ;
#4157 = CARTESIAN_POINT ( 'NONE',  ( 76.90164193272806870, -16.00000000000000000, -68.67147163911124608 ) ) ;
#4158 = CARTESIAN_POINT ( 'NONE',  ( -98.67880131525888032, -115.9999999999996874, -49.49999999999998579 ) ) ;
#4159 = DIRECTION ( 'NONE',  ( 0.000000000000000000, -1.000000000000000000, 0.000000000000000000 ) ) ;
#4160 = DIRECTION ( 'NONE',  ( 0.000000000000000000, 1.000000000000000000, 0.000000000000000000 ) ) ;
#4161 = ORIENTED_EDGE ( 'NONE', *, *, #3685, .F. ) ;
#4162 = ORIENTED_EDGE ( 'NONE', *, *, #5827, .T. ) ;
#4163 = CIRCLE ( 'NONE', #721, 180.0000000000000000 ) ;
#4164 = EDGE_LOOP ( 'NONE', ( #5217, #436, #7156, #2375 ) ) ;
#4165 = VECTOR ( 'NONE', #3598, 1000.000000000000000 ) ;
#4166 = CARTESIAN_POINT ( 'NONE',  ( 58.64657397004016559, -115.9999999999996874, -129.7792854185226190 ) ) ;
#4167 = DIRECTION ( 'NONE',  ( 4.616210930472803265E-14, 0.000000000000000000, -1.000000000000000000 ) ) ;
#4168 = DIRECTION ( 'NONE',  ( -0.000000000000000000, -1.000000000000000000, -0.000000000000000000 ) ) ;
#4169 = AXIS2_PLACEMENT_3D ( 'NONE', #5446, #4820, #4279 ) ;
#4170 = CIRCLE ( 'NONE', #6987, 180.0000000000000000 ) ;
#4171 = EDGE_LOOP ( 'NONE', ( #5570, #3586, #4405, #4063 ) ) ;
#4172 = AXIS2_PLACEMENT_3D ( 'NONE', #1203, #3590, #7241 ) ;
#4173 = ORIENTED_EDGE ( 'NONE', *, *, #6900, .T. ) ;
#4174 = ORIENTED_EDGE ( 'NONE', *, *, #1454, .F. ) ;
#4175 = CARTESIAN_POINT ( 'NONE',  ( 74.23430928101858228, -6.000000000000000000, -21.57823816096861336 ) ) ;
#4176 = CARTESIAN_POINT ( 'NONE',  ( 64.04640227590904544, -115.9999999999996874, -118.1771103948160544 ) ) ;
#4177 = AXIS2_PLACEMENT_3D ( 'NONE', #5228, #7639, #6382 ) ;
#4178 = AXIS2_PLACEMENT_3D ( 'NONE', #5436, #3762, #4991 ) ;
#4179 = DIRECTION ( 'NONE',  ( 0.000000000000000000, -0.000000000000000000, 1.000000000000000000 ) ) ;
#4180 = AXIS2_PLACEMENT_3D ( 'NONE', #6006, #5359, #4276 ) ;
#4181 = DIRECTION ( 'NONE',  ( -0.000000000000000000, -1.000000000000000000, -0.000000000000000000 ) ) ;
#4182 = AXIS2_PLACEMENT_3D ( 'NONE', #1577, #1004, #3352 ) ;
#4183 = EDGE_CURVE ( 'NONE', #1014, #2253, #4163, .T. ) ;
#4184 = DIRECTION ( 'NONE',  ( 0.000000000000000000, -1.000000000000000000, 0.000000000000000000 ) ) ;
#4185 = EDGE_LOOP ( 'NONE', ( #5250, #5193, #6110, #3513 ) ) ;
#4186 = VECTOR ( 'NONE', #4463, 1000.000000000000000 ) ;
#4187 = AXIS2_PLACEMENT_3D ( 'NONE', #3840, #5695, #1559 ) ;
#4188 = AXIS2_PLACEMENT_3D ( 'NONE', #456, #7468, #2385 ) ;
#4189 = ORIENTED_EDGE ( 'NONE', *, *, #4852, .F. ) ;
#4190 = DIRECTION ( 'NONE',  ( -0.9172893902828921364, 0.000000000000000000, 0.3982212632123504070 ) ) ;
#4191 = EDGE_CURVE ( 'NONE', #5960, #3060, #6752, .T. ) ;
#4192 = LINE ( 'NONE', #5505, #5240 ) ;
#4193 = AXIS2_PLACEMENT_3D ( 'NONE', #3355, #458, #1071 ) ;
#4194 = AXIS2_PLACEMENT_3D ( 'NONE', #7415, #5621, #4500 ) ;
#4195 = EDGE_CURVE ( 'NONE', #5515, #3329, #2196, .T. ) ;
#4196 = EDGE_CURVE ( 'NONE', #678, #3248, #4573, .T. ) ;
#4197 = DIRECTION ( 'NONE',  ( -0.000000000000000000, -1.000000000000000000, -0.000000000000000000 ) ) ;
#4198 = AXIS2_PLACEMENT_3D ( 'NONE', #7252, #6035, #7293 ) ;
#4199 = EDGE_LOOP ( 'NONE', ( #3028, #3036, #3267, #1744 ) ) ;
#4200 = ORIENTED_EDGE ( 'NONE', *, *, #4016, .T. ) ;
#4201 = FACE_OUTER_BOUND ( 'NONE', #5870, .T. ) ;
#4202 = FACE_BOUND ( 'NONE', #969, .T. ) ;
#4203 = LINE ( 'NONE', #5395, #1718 ) ;
#4204 = CYLINDRICAL_SURFACE ( 'NONE', #4054, 176.6239999999116890 ) ;
#4205 = FACE_BOUND ( 'NONE', #1173, .T. ) ;
#4206 = VECTOR ( 'NONE', #2326, 1000.000000000000000 ) ;
#4207 = DIRECTION ( 'NONE',  ( 0.000000000000000000, 1.000000000000000000, 0.000000000000000000 ) ) ;
#4208 = ORIENTED_EDGE ( 'NONE', *, *, #805, .T. ) ;
#4209 = VERTEX_POINT ( 'NONE', #5832 ) ;
#4210 = ORIENTED_EDGE ( 'NONE', *, *, #4973, .T. ) ;
#4211 = CARTESIAN_POINT ( 'NONE',  ( 70.73140919045791009, -129.9999999999998295, -95.33045468254395871 ) ) ;
#4212 = PLANE ( 'NONE',  #2685 ) ;
#4213 = CARTESIAN_POINT ( 'NONE',  ( -98.67880131525870979, 1.734723475976807094E-13, -49.49999999999965894 ) ) ;
#4214 = ORIENTED_EDGE ( 'NONE', *, *, #7385, .F. ) ;
#4215 = ORIENTED_EDGE ( 'NONE', *, *, #3955, .F. ) ;
#4216 = EDGE_LOOP ( 'NONE', ( #3594, #1415, #3708, #6198, #2676 ) ) ;
#4217 = ORIENTED_EDGE ( 'NONE', *, *, #7525, .F. ) ;
#4218 = DIRECTION ( 'NONE',  ( 0.000000000000000000, 1.000000000000000000, -0.000000000000000000 ) ) ;
#4219 = DIRECTION ( 'NONE',  ( -0.000000000000000000, -1.000000000000000000, -0.000000000000000000 ) ) ;
#4220 = DIRECTION ( 'NONE',  ( 0.1185541371500488522, -0.000000000000000000, 0.9929475900391759868 ) ) ;
#4221 = DIRECTION ( 'NONE',  ( -0.000000000000000000, 1.000000000000000000, -0.000000000000000000 ) ) ;
#4222 = LINE ( 'NONE', #3022, #4 ) ;
#4223 = ORIENTED_EDGE ( 'NONE', *, *, #3000, .F. ) ;
#4224 = ORIENTED_EDGE ( 'NONE', *, *, #4233, .F. ) ;
#4225 = EDGE_CURVE ( 'NONE', #6575, #3640, #1628, .T. ) ;
#4226 = LINE ( 'NONE', #6585, #6495 ) ;
#4227 = DIRECTION ( 'NONE',  ( -0.000000000000000000, -1.000000000000000000, -0.000000000000000000 ) ) ;
#4228 = DIRECTION ( 'NONE',  ( -0.000000000000000000, 1.000000000000000000, -0.000000000000000000 ) ) ;
#4229 = EDGE_CURVE ( 'NONE', #7190, #5203, #6330, .T. ) ;
#4230 = ORIENTED_EDGE ( 'NONE', *, *, #601, .T. ) ;
#4231 = ORIENTED_EDGE ( 'NONE', *, *, #6118, .F. ) ;
#4232 = EDGE_CURVE ( 'NONE', #4893, #59, #5023, .T. ) ;
#4233 = EDGE_CURVE ( 'NONE', #6185, #171, #7500, .T. ) ;
#4234 = CARTESIAN_POINT ( 'NONE',  ( 72.12876399156284890, -123.9999999999996589, -41.38978212648866162 ) ) ;
#4235 = ORIENTED_EDGE ( 'NONE', *, *, #327, .F. ) ;
#4236 = FACE_BOUND ( 'NONE', #299, .T. ) ;
#4237 = CARTESIAN_POINT ( 'NONE',  ( 39.50077367722118282, -115.9999999999996874, 45.58669645077753785 ) ) ;
#4238 = CARTESIAN_POINT ( 'NONE',  ( -98.67880131525888032, -117.9999999999996589, -49.49999999999999289 ) ) ;
#4239 = CYLINDRICAL_SURFACE ( 'NONE', #4791, 2.100000000000004530 ) ;
#4240 = AXIS2_PLACEMENT_3D ( 'NONE', #848, #7276, #2620 ) ;
#4241 = DIRECTION ( 'NONE',  ( -4.849494199535377305E-13, 0.000000000000000000, 1.000000000000000000 ) ) ;
#4242 = ORIENTED_EDGE ( 'NONE', *, *, #7369, .F. ) ;
#4243 = ORIENTED_EDGE ( 'NONE', *, *, #4048, .F. ) ;
#4244 = ORIENTED_EDGE ( 'NONE', *, *, #6824, .T. ) ;
#4245 = EDGE_CURVE ( 'NONE', #6607, #3181, #3920, .T. ) ;
#4246 = EDGE_CURVE ( 'NONE', #7157, #6488, #5675, .T. ) ;
#4247 = DIRECTION ( 'NONE',  ( 0.000000000000000000, 1.000000000000000000, 0.000000000000000000 ) ) ;
#4248 = FACE_OUTER_BOUND ( 'NONE', #2883, .T. ) ;
#4249 = CARTESIAN_POINT ( 'NONE',  ( -98.67880131525888032, -16.00000000000000000, -49.49999999999999289 ) ) ;
#4250 = ORIENTED_EDGE ( 'NONE', *, *, #5558, .F. ) ;
#4251 = CIRCLE ( 'NONE', #546, 179.9999999999999716 ) ;
#4252 = ORIENTED_EDGE ( 'NONE', *, *, #5503, .F. ) ;
#4253 = EDGE_LOOP ( 'NONE', ( #4368, #6425, #1058, #3529, #305, #6943 ) ) ;
#4254 = VERTEX_POINT ( 'NONE', #455 ) ;
#4255 = EDGE_CURVE ( 'NONE', #6780, #6691, #1829, .T. ) ;
#4256 = AXIS2_PLACEMENT_3D ( 'NONE', #5758, #543, #2858 ) ;
#4257 = FACE_OUTER_BOUND ( 'NONE', #6937, .T. ) ;
#4258 = DIRECTION ( 'NONE',  ( 0.000000000000000000, 0.000000000000000000, 1.000000000000000000 ) ) ;
#4259 = DIRECTION ( 'NONE',  ( -0.000000000000000000, -1.000000000000000000, -0.000000000000000000 ) ) ;
#4260 = CARTESIAN_POINT ( 'NONE',  ( 72.31848854747322264, -117.9999999999996589, -48.53726452191186524 ) ) ;
#4261 = CARTESIAN_POINT ( 'NONE',  ( 79.50184582836052982, -13.99999999999999822, -75.02757300349105662 ) ) ;
#4262 = AXIS2_PLACEMENT_3D ( 'NONE', #4590, #561, #4731 ) ;
#4263 = DIRECTION ( 'NONE',  ( 0.000000000000000000, 1.000000000000000000, -0.000000000000000000 ) ) ;
#4264 = AXIS2_PLACEMENT_3D ( 'NONE', #226, #2544, #3273 ) ;
#4265 = ORIENTED_EDGE ( 'NONE', *, *, #4984, .T. ) ;
#4266 = ORIENTED_EDGE ( 'NONE', *, *, #6862, .F. ) ;
#4267 = CARTESIAN_POINT ( 'NONE',  ( 39.50077367721985411, -115.9999999999996874, -144.5866964507794421 ) ) ;
#4268 = VERTEX_POINT ( 'NONE', #6911 ) ;
#4269 = FACE_OUTER_BOUND ( 'NONE', #1503, .T. ) ;
#4270 = CARTESIAN_POINT ( 'NONE',  ( 75.82679495835215278, -115.9999999999996874, -22.22667520891022619 ) ) ;
#4271 = VERTEX_POINT ( 'NONE', #4511 ) ;
#4272 = ORIENTED_EDGE ( 'NONE', *, *, #2959, .T. ) ;
#4273 = PLANE ( 'NONE',  #5009 ) ;
#4274 = FACE_BOUND ( 'NONE', #4362, .T. ) ;
#4275 = DIRECTION ( 'NONE',  ( 0.000000000000000000, -1.000000000000000000, 0.000000000000000000 ) ) ;
#4276 = DIRECTION ( 'NONE',  ( 0.000000000000000000, 0.000000000000000000, 1.000000000000000000 ) ) ;
#4277 = DIRECTION ( 'NONE',  ( 0.000000000000000000, 1.000000000000000000, 0.000000000000000000 ) ) ;
#4278 = EDGE_CURVE ( 'NONE', #2757, #4564, #6130, .T. ) ;
#4279 = DIRECTION ( 'NONE',  ( 0.000000000000000000, 0.000000000000000000, -1.000000000000000000 ) ) ;
#4280 = VECTOR ( 'NONE', #4190, 1000.000000000000000 ) ;
#4281 = ORIENTED_EDGE ( 'NONE', *, *, #5030, .F. ) ;
#4282 = ORIENTED_EDGE ( 'NONE', *, *, #1411, .F. ) ;
#4283 = FACE_OUTER_BOUND ( 'NONE', #4986, .T. ) ;
#4284 = EDGE_CURVE ( 'NONE', #3966, #2709, #3308, .T. ) ;
#4285 = AXIS2_PLACEMENT_3D ( 'NONE', #4033, #4696, #2797 ) ;
#4286 = DIRECTION ( 'NONE',  ( 0.000000000000000000, 0.000000000000000000, 1.000000000000000000 ) ) ;
#4287 = DIRECTION ( 'NONE',  ( -0.000000000000000000, 1.000000000000000000, -0.000000000000000000 ) ) ;
#4288 = ORIENTED_EDGE ( 'NONE', *, *, #4466, .T. ) ;
#4289 = EDGE_CURVE ( 'NONE', #82, #4552, #6170, .T. ) ;
#4290 = EDGE_CURVE ( 'NONE', #262, #4552, #6010, .T. ) ;
#4291 = ORIENTED_EDGE ( 'NONE', *, *, #6792, .F. ) ;
#4292 = CIRCLE ( 'NONE', #2073, 2.100000000000004530 ) ;
#4293 = ORIENTED_EDGE ( 'NONE', *, *, #5481, .F. ) ;
#4294 = LINE ( 'NONE', #5493, #5094 ) ;
#4295 = CARTESIAN_POINT ( 'NONE',  ( 62.94227146622567659, -16.00000000000000000, -121.3889576606302398 ) ) ;
#4296 = AXIS2_PLACEMENT_3D ( 'NONE', #913, #5594, #5004 ) ;
#4297 = DIRECTION ( 'NONE',  ( -0.000000000000000000, -1.000000000000000000, -0.000000000000000000 ) ) ;
#4298 = LINE ( 'NONE', #5230, #1874 ) ;
#4299 = CARTESIAN_POINT ( 'NONE',  ( 70.73140919045791009, -16.00000000000000000, -95.33045468254395871 ) ) ;
#4300 = EDGE_CURVE ( 'NONE', #3251, #3324, #6319, .T. ) ;
#4301 = DIRECTION ( 'NONE',  ( 0.000000000000000000, -1.000000000000000000, 0.000000000000000000 ) ) ;
#4302 = VECTOR ( 'NONE', #4523, 1000.000000000000000 ) ;
#4303 = ORIENTED_EDGE ( 'NONE', *, *, #5278, .F. ) ;
#4304 = AXIS2_PLACEMENT_3D ( 'NONE', #5596, #1970, #6171 ) ;
#4305 = CIRCLE ( 'NONE', #2088, 176.6239999999116890 ) ;
#4306 = CARTESIAN_POINT ( 'NONE',  ( -98.67880131525888032, -123.9999999999996589, -49.49999999999999289 ) ) ;
#4307 = AXIS2_PLACEMENT_3D ( 'NONE', #7267, #3849, #7427 ) ;
#4308 = DIRECTION ( 'NONE',  ( 0.000000000000000000, 0.000000000000000000, 1.000000000000000000 ) ) ;
#4309 = AXIS2_PLACEMENT_3D ( 'NONE', #957, #1506, #3855 ) ;
#4310 = DIRECTION ( 'NONE',  ( 0.000000000000000000, 0.000000000000000000, 1.000000000000000000 ) ) ;
#4311 = CARTESIAN_POINT ( 'NONE',  ( -98.67880131525888032, -115.9999999999996732, -49.49999999999999289 ) ) ;
#4312 = VECTOR ( 'NONE', #4228, 1000.000000000000000 ) ;
#4313 = VECTOR ( 'NONE', #7633, 1000.000000000000000 ) ;
#4314 = AXIS2_PLACEMENT_3D ( 'NONE', #5676, #2199, #4556 ) ;
#4315 = ORIENTED_EDGE ( 'NONE', *, *, #6305, .F. ) ;
#4316 = ORIENTED_EDGE ( 'NONE', *, *, #2167, .F. ) ;
#4317 = CYLINDRICAL_SURFACE ( 'NONE', #2666, 71.39999999996429381 ) ;
#4318 = AXIS2_PLACEMENT_3D ( 'NONE', #1757, #1879, #4143 ) ;
#4319 = FACE_BOUND ( 'NONE', #3763, .T. ) ;
#4320 = DIRECTION ( 'NONE',  ( -0.000000000000000000, -1.000000000000000000, -0.000000000000000000 ) ) ;
#4321 = EDGE_CURVE ( 'NONE', #445, #4458, #2933, .T. ) ;
#4322 = CIRCLE ( 'NONE', #5793, 2.100000000000004530 ) ;
#4323 = CYLINDRICAL_SURFACE ( 'NONE', #2106, 71.39999999996429381 ) ;
#4324 = CYLINDRICAL_SURFACE ( 'NONE', #7645, 176.6239999999116890 ) ;
#4325 = CIRCLE ( 'NONE', #993, 2.100000000000004530 ) ;
#4326 = VERTEX_POINT ( 'NONE', #2650 ) ;
#4327 = ORIENTED_EDGE ( 'NONE', *, *, #7036, .F. ) ;
#4328 = EDGE_CURVE ( 'NONE', #263, #7543, #4398, .T. ) ;
#4329 = DIRECTION ( 'NONE',  ( 0.000000000000000000, -0.000000000000000000, 1.000000000000000000 ) ) ;
#4330 = VECTOR ( 'NONE', #7123, 1000.000000000000000 ) ;
#4331 = CARTESIAN_POINT ( 'NONE',  ( 68.19946070049617504, -14.00000000000000000, -32.56717821431631421 ) ) ;
#4332 = DIRECTION ( 'NONE',  ( 0.000000000000000000, 0.000000000000000000, 1.000000000000000000 ) ) ;
#4333 = VERTEX_POINT ( 'NONE', #5126 ) ;
#4334 = VERTEX_POINT ( 'NONE', #2770 ) ;
#4335 = DIRECTION ( 'NONE',  ( -0.000000000000000000, -1.000000000000000000, -0.000000000000000000 ) ) ;
#4336 = ADVANCED_FACE ( 'NONE', ( #1003 ), #1035, .T. ) ;
#4337 = ADVANCED_FACE ( 'NONE', ( #5744 ), #7431, .F. ) ;
#4338 = LINE ( 'NONE', #2592, #7009 ) ;
#4339 = PLANE ( 'NONE',  #3302 ) ;
#4340 = DIRECTION ( 'NONE',  ( -0.000000000000000000, 1.000000000000000000, -0.000000000000000000 ) ) ;
#4341 = FACE_OUTER_BOUND ( 'NONE', #3906, .T. ) ;
#4342 = ORIENTED_EDGE ( 'NONE', *, *, #6084, .T. ) ;
#4343 = CARTESIAN_POINT ( 'NONE',  ( 76.75940293603790110, -123.9999999999996589, -44.84312453674527887 ) ) ;
#4344 = DIRECTION ( 'NONE',  ( -0.000000000000000000, -1.000000000000000000, -0.000000000000000000 ) ) ;
#4345 = ORIENTED_EDGE ( 'NONE', *, *, #1036, .T. ) ;
#4346 = CIRCLE ( 'NONE', #6805, 176.6239999999116890 ) ;
#4347 = ORIENTED_EDGE ( 'NONE', *, *, #3972, .T. ) ;
#4348 = EDGE_CURVE ( 'NONE', #3677, #1731, #6794, .T. ) ;
#4349 = FACE_OUTER_BOUND ( 'NONE', #80, .T. ) ;
#4350 = CARTESIAN_POINT ( 'NONE',  ( -98.67880131525888032, -115.9999999999996732, -49.49999999999999289 ) ) ;
#4351 = CARTESIAN_POINT ( 'NONE',  ( 60.71087466675243149, 1.734723475976807094E-13, -125.5984136912081084 ) ) ;
#4352 = ORIENTED_EDGE ( 'NONE', *, *, #5088, .F. ) ;
#4353 = ORIENTED_EDGE ( 'NONE', *, *, #506, .F. ) ;
#4354 = EDGE_CURVE ( 'NONE', #2881, #7022, #2323, .T. ) ;
#4355 = DIRECTION ( 'NONE',  ( 0.000000000000000000, 1.000000000000000000, 0.000000000000000000 ) ) ;
#4356 = PLANE ( 'NONE',  #5472 ) ;
#4357 = DIRECTION ( 'NONE',  ( -0.9172893902828921364, 0.000000000000000000, 0.3982212632123503515 ) ) ;
#4358 = AXIS2_PLACEMENT_3D ( 'NONE', #3416, #1068, #5238 ) ;
#4359 = DIRECTION ( 'NONE',  ( -1.000000000000000000, -0.000000000000000000, -3.282253334787953231E-15 ) ) ;
#4360 = SHAPE_DEFINITION_REPRESENTATION ( #5439, #4544 ) ;
#4361 = ORIENTED_EDGE ( 'NONE', *, *, #5140, .T. ) ;
#4362 = EDGE_LOOP ( 'NONE', ( #1603, #3150, #3728, #2863 ) ) ;
#4363 = DIRECTION ( 'NONE',  ( -0.000000000000000000, 1.000000000000000000, -0.000000000000000000 ) ) ;
#4364 = PLANE ( 'NONE',  #2457 ) ;
#4365 = FACE_OUTER_BOUND ( 'NONE', #3836, .T. ) ;
#4366 = EDGE_LOOP ( 'NONE', ( #5225, #2742, #2915, #2228 ) ) ;
#4367 = ORIENTED_EDGE ( 'NONE', *, *, #1465, .F. ) ;
#4368 = ORIENTED_EDGE ( 'NONE', *, *, #3870, .T. ) ;
#4369 = AXIS2_PLACEMENT_3D ( 'NONE', #6855, #6739, #5120 ) ;
#4370 = CYLINDRICAL_SURFACE ( 'NONE', #5050, 71.39999999996429381 ) ;
#4371 = PLANE ( 'NONE',  #4783 ) ;
#4372 = CIRCLE ( 'NONE', #4976, 179.9999999999999716 ) ;
#4373 = DIRECTION ( 'NONE',  ( 2.837754929890649751E-14, 0.000000000000000000, 1.000000000000000000 ) ) ;
#4374 = CARTESIAN_POINT ( 'NONE',  ( 64.29139212701306860, -13.99999999999999822, -125.9245775216064658 ) ) ;
#4375 = DIRECTION ( 'NONE',  ( -0.000000000000000000, -1.000000000000000000, -0.000000000000000000 ) ) ;
#4376 = DIRECTION ( 'NONE',  ( 0.000000000000000000, 1.000000000000000000, 0.000000000000000000 ) ) ;
#4377 = EDGE_CURVE ( 'NONE', #4075, #2131, #591, .T. ) ;
#4378 = ORIENTED_EDGE ( 'NONE', *, *, #6694, .F. ) ;
#4379 = EDGE_LOOP ( 'NONE', ( #4671, #3888, #3015, #3587 ) ) ;
#4380 = DIRECTION ( 'NONE',  ( 0.000000000000000000, 0.000000000000000000, 1.000000000000000000 ) ) ;
#4381 = DIRECTION ( 'NONE',  ( -0.000000000000000000, -1.000000000000000000, 0.000000000000000000 ) ) ;
#4382 = ADVANCED_FACE ( 'NONE', ( #6240 ), #4371, .F. ) ;
#4383 = PLANE ( 'NONE',  #5044 ) ;
#4384 = EDGE_CURVE ( 'NONE', #1448, #792, #1456, .T. ) ;
#4385 = EDGE_CURVE ( 'NONE', #6575, #3619, #7008, .T. ) ;
#4386 = ORIENTED_EDGE ( 'NONE', *, *, #1224, .F. ) ;
#4387 = CIRCLE ( 'NONE', #2426, 180.0000000000000000 ) ;
#4388 = ORIENTED_EDGE ( 'NONE', *, *, #3062, .T. ) ;
#4389 = EDGE_LOOP ( 'NONE', ( #444, #5008, #2962, #6681 ) ) ;
#4390 = DIRECTION ( 'NONE',  ( 0.000000000000000000, -1.000000000000000000, 0.000000000000000000 ) ) ;
#4391 = DIRECTION ( 'NONE',  ( -0.9653003447619190602, 0.000000000000000000, 0.2611421919233277156 ) ) ;
#4392 = CARTESIAN_POINT ( 'NONE',  ( 68.46943900662350302, -115.9999999999996874, -63.51929186239375724 ) ) ;
#4393 = CARTESIAN_POINT ( 'NONE',  ( 75.97457085968592594, -117.9999999999996589, -93.04537389804116287 ) ) ;
#4394 = EDGE_CURVE ( 'NONE', #6294, #6350, #1086, .T. ) ;
#4395 = ORIENTED_EDGE ( 'NONE', *, *, #843, .F. ) ;
#4396 = CIRCLE ( 'NONE', #3647, 2.100000000000004530 ) ;
#4397 = ORIENTED_EDGE ( 'NONE', *, *, #5083, .F. ) ;
#4398 = LINE ( 'NONE', #6745, #6259 ) ;
#4399 = PLANE ( 'NONE',  #3510 ) ;
#4400 = CARTESIAN_POINT ( 'NONE',  ( -98.67880131525888032, -14.00000000000000000, -49.49999999999998579 ) ) ;
#4401 = FACE_OUTER_BOUND ( 'NONE', #7135, .T. ) ;
#4402 = ORIENTED_EDGE ( 'NONE', *, *, #5019, .F. ) ;
#4403 = AXIS2_PLACEMENT_3D ( 'NONE', #6737, #2038, #906 ) ;
#4404 = ORIENTED_EDGE ( 'NONE', *, *, #7551, .F. ) ;
#4405 = ORIENTED_EDGE ( 'NONE', *, *, #3168, .F. ) ;
#4406 = CARTESIAN_POINT ( 'NONE',  ( 75.63931159770790202, -115.9999999999996874, -21.05298106249145462 ) ) ;
#4407 = DIRECTION ( 'NONE',  ( 0.9852598894374786642, 0.000000000000000000, 0.1710641700229686146 ) ) ;
#4408 = CARTESIAN_POINT ( 'NONE',  ( 64.97707934170873045, -117.9999999999996589, -124.4449980078214679 ) ) ;
#4409 = DIRECTION ( 'NONE',  ( -0.000000000000000000, -1.000000000000000000, -0.000000000000000000 ) ) ;
#4410 = ORIENTED_EDGE ( 'NONE', *, *, #4726, .T. ) ;
#4411 = CARTESIAN_POINT ( 'NONE',  ( 68.46943900662350302, -14.00000000000000000, -63.51929186239375724 ) ) ;
#4412 = LINE ( 'NONE', #3250, #1463 ) ;
#4413 = VERTEX_POINT ( 'NONE', #276 ) ;
#4414 = AXIS2_PLACEMENT_3D ( 'NONE', #2553, #2593, #5529 ) ;
#4415 = CARTESIAN_POINT ( 'NONE',  ( -98.67880131525888032, -14.00000000000000000, -49.49999999999999289 ) ) ;
#4416 = CARTESIAN_POINT ( 'NONE',  ( 74.23430928101858228, -16.00000000000000000, -21.57823816096861336 ) ) ;
#4417 = VECTOR ( 'NONE', #4219, 1000.000000000000000 ) ;
#4418 = ADVANCED_FACE ( 'NONE', ( #6839 ), #7325, .F. ) ;
#4419 = DIRECTION ( 'NONE',  ( 0.000000000000000000, 0.000000000000000000, -1.000000000000000000 ) ) ;
#4420 = VECTOR ( 'NONE', #5909, 1000.000000000000000 ) ;
#4421 = DIRECTION ( 'NONE',  ( -0.000000000000000000, 1.000000000000000000, -0.000000000000000000 ) ) ;
#4422 = VECTOR ( 'NONE', #5863, 1000.000000000000227 ) ;
#4423 = ORIENTED_EDGE ( 'NONE', *, *, #3914, .F. ) ;
#4424 = CIRCLE ( 'NONE', #1482, 2.100000000000004530 ) ;
#4425 = CIRCLE ( 'NONE', #2329, 2.100000000000004530 ) ;
#4426 = ORIENTED_EDGE ( 'NONE', *, *, #1787, .F. ) ;
#4427 = AXIS2_PLACEMENT_3D ( 'NONE', #5757, #431, #3394 ) ;
#4428 = ORIENTED_EDGE ( 'NONE', *, *, #4475, .T. ) ;
#4429 = DIRECTION ( 'NONE',  ( 0.000000000000000000, 0.000000000000000000, 1.000000000000000000 ) ) ;
#4430 = ADVANCED_FACE ( 'NONE', ( #5066 ), #4975, .T. ) ;
#4431 = DIRECTION ( 'NONE',  ( 7.105320455877744360E-14, 0.000000000000000000, 1.000000000000000000 ) ) ;
#4432 = ADVANCED_FACE ( 'NONE', ( #3278 ), #2019, .F. ) ;
#4433 = DIRECTION ( 'NONE',  ( 0.000000000000000000, 0.000000000000000000, -1.000000000000000000 ) ) ;
#4434 = AXIS2_PLACEMENT_3D ( 'NONE', #5157, #7462, #6316 ) ;
#4435 = DIRECTION ( 'NONE',  ( 0.000000000000000000, -1.000000000000000000, 0.000000000000000000 ) ) ;
#4436 = CIRCLE ( 'NONE', #3188, 180.0000000000000000 ) ;
#4437 = CIRCLE ( 'NONE', #2949, 176.6239999999116890 ) ;
#4438 = VERTEX_POINT ( 'NONE', #1513 ) ;
#4439 = ORIENTED_EDGE ( 'NONE', *, *, #1172, .F. ) ;
#4440 = AXIS2_PLACEMENT_3D ( 'NONE', #2836, #5655, #368 ) ;
#4441 = CARTESIAN_POINT ( 'NONE',  ( -98.67880131525888032, -115.9999999999996732, -49.49999999999999289 ) ) ;
#4442 = VECTOR ( 'NONE', #553, 1000.000000000000000 ) ;
#4443 = DIRECTION ( 'NONE',  ( 0.2611421919233278266, -0.000000000000000000, 0.9653003447619191713 ) ) ;
#4444 = CARTESIAN_POINT ( 'NONE',  ( 72.93241344928449621, -115.9999999999996732, -103.8101368718378552 ) ) ;
#4445 = CARTESIAN_POINT ( 'NONE',  ( -98.67880131525888032, -14.00000000000000000, -49.49999999999999289 ) ) ;
#4446 = AXIS2_PLACEMENT_3D ( 'NONE', #6616, #1948, #2557 ) ;
#4447 = CIRCLE ( 'NONE', #5313, 71.39999999996429381 ) ;
#4448 = EDGE_LOOP ( 'NONE', ( #6583, #1940, #2243, #2865 ) ) ;
#4449 = ORIENTED_EDGE ( 'NONE', *, *, #2905, .F. ) ;
#4450 = CIRCLE ( 'NONE', #5678, 176.6239999999116890 ) ;
#4451 = LINE ( 'NONE', #3242, #471 ) ;
#4452 = LINE ( 'NONE', #6802, #3306 ) ;
#4453 = AXIS2_PLACEMENT_3D ( 'NONE', #7641, #5817, #1370 ) ;
#4454 = LINE ( 'NONE', #2745, #3721 ) ;
#4455 = CARTESIAN_POINT ( 'NONE',  ( -98.67880131525888032, -6.000000000000000000, -49.49999999999999289 ) ) ;
#4456 = FACE_OUTER_BOUND ( 'NONE', #6573, .T. ) ;
#4457 = LINE ( 'NONE', #5283, #2691 ) ;
#4458 = VERTEX_POINT ( 'NONE', #5642 ) ;
#4459 = ORIENTED_EDGE ( 'NONE', *, *, #3244, .F. ) ;
#4460 = DIRECTION ( 'NONE',  ( 0.000000000000000000, -0.000000000000000000, 1.000000000000000000 ) ) ;
#4461 = CARTESIAN_POINT ( 'NONE',  ( -98.67880131525888032, -12.00000000000000000, -49.49999999999999289 ) ) ;
#4462 = LINE ( 'NONE', #3292, #3078 ) ;
#4463 = DIRECTION ( 'NONE',  ( -0.000000000000000000, -1.000000000000000000, -0.000000000000000000 ) ) ;
#4464 = EDGE_LOOP ( 'NONE', ( #7284, #5104, #4449, #6071 ) ) ;
#4465 = CIRCLE ( 'NONE', #5201, 71.39999999996429381 ) ;
#4466 = EDGE_CURVE ( 'NONE', #291, #1494, #215, .T. ) ;
#4467 = ORIENTED_EDGE ( 'NONE', *, *, #986, .F. ) ;
#4468 = ORIENTED_EDGE ( 'NONE', *, *, #757, .F. ) ;
#4469 = DIRECTION ( 'NONE',  ( 0.000000000000000000, 0.000000000000000000, -1.000000000000000000 ) ) ;
#4470 = DIRECTION ( 'NONE',  ( 0.000000000000000000, -1.000000000000000000, 0.000000000000000000 ) ) ;
#4471 = LINE ( 'NONE', #5666, #1611 ) ;
#4472 = DIRECTION ( 'NONE',  ( 0.000000000000000000, -1.000000000000000000, 0.000000000000000000 ) ) ;
#4473 = EDGE_CURVE ( 'NONE', #1285, #4745, #2055, .T. ) ;
#4474 = ORIENTED_EDGE ( 'NONE', *, *, #4753, .F. ) ;
#4475 = EDGE_CURVE ( 'NONE', #4684, #5474, #5014, .T. ) ;
#4476 = EDGE_LOOP ( 'NONE', ( #3204, #6998, #2657, #2451 ) ) ;
#4477 = DIRECTION ( 'NONE',  ( -0.000000000000000000, 1.000000000000000000, -0.000000000000000000 ) ) ;
#4478 = CARTESIAN_POINT ( 'NONE',  ( 75.02849644788936700, -16.00000000000000000, -17.53420453369314913 ) ) ;
#4479 = DIRECTION ( 'NONE',  ( 0.000000000000000000, -1.000000000000000000, 0.000000000000000000 ) ) ;
#4480 = CARTESIAN_POINT ( 'NONE',  ( 70.65429478737839020, -117.9999999999996589, -73.31811420526399559 ) ) ;
#4481 = FACE_OUTER_BOUND ( 'NONE', #5502, .T. ) ;
#4482 = ORIENTED_EDGE ( 'NONE', *, *, #2964, .F. ) ;
#4483 = ADVANCED_FACE ( 'NONE', ( #3787 ), #4339, .F. ) ;
#4484 = CIRCLE ( 'NONE', #1155, 170.9999999999999716 ) ;
#4485 = ORIENTED_EDGE ( 'NONE', *, *, #3892, .T. ) ;
#4486 = EDGE_CURVE ( 'NONE', #5454, #6206, #854, .T. ) ;
#4487 = VERTEX_POINT ( 'NONE', #3127 ) ;
#4488 = CARTESIAN_POINT ( 'NONE',  ( 31.54464862025047012, -115.9999999999996874, 56.22099069682720796 ) ) ;
#4489 = DIRECTION ( 'NONE',  ( 0.000000000000000000, -1.000000000000000000, 0.000000000000000000 ) ) ;
#4490 = DIRECTION ( 'NONE',  ( -0.000000000000000000, 1.000000000000000000, -0.000000000000000000 ) ) ;
#4491 = CYLINDRICAL_SURFACE ( 'NONE', #3010, 71.39999999996429381 ) ;
#4492 = CARTESIAN_POINT ( 'NONE',  ( 70.65429478737839020, -12.00000000000000000, -73.31811420526399559 ) ) ;
#4493 = CYLINDRICAL_SURFACE ( 'NONE', #5535, 176.6239999999116890 ) ;
#4494 = ORIENTED_EDGE ( 'NONE', *, *, #3418, .T. ) ;
#4495 = EDGE_CURVE ( 'NONE', #3546, #4965, #7279, .T. ) ;
#4496 = LINE ( 'NONE', #4024, #6288 ) ;
#4497 = DIRECTION ( 'NONE',  ( 0.000000000000000000, -1.000000000000000000, 0.000000000000000000 ) ) ;
#4498 = DIRECTION ( 'NONE',  ( 0.000000000000000000, -1.000000000000000000, 0.000000000000000000 ) ) ;
#4499 = DIRECTION ( 'NONE',  ( 0.000000000000000000, 1.000000000000000000, -0.000000000000000000 ) ) ;
#4500 = DIRECTION ( 'NONE',  ( 0.000000000000000000, 0.000000000000000000, 1.000000000000000000 ) ) ;
#4501 = ORIENTED_EDGE ( 'NONE', *, *, #7505, .F. ) ;
#4502 = ORIENTED_EDGE ( 'NONE', *, *, #7277, .F. ) ;
#4503 = VERTEX_POINT ( 'NONE', #2101 ) ;
#4504 = LINE ( 'NONE', #2155, #5260 ) ;
#4505 = CARTESIAN_POINT ( 'NONE',  ( -98.67880131525888032, -14.00000000000000000, -49.49999999999999289 ) ) ;
#4506 = FACE_BOUND ( 'NONE', #2186, .T. ) ;
#4507 = CARTESIAN_POINT ( 'NONE',  ( 65.41789684650092340, -117.9999999999996589, -97.59650353620614283 ) ) ;
#4508 = CIRCLE ( 'NONE', #7603, 71.39999999996429381 ) ;
#4509 = ORIENTED_EDGE ( 'NONE', *, *, #5785, .F. ) ;
#4510 = ORIENTED_EDGE ( 'NONE', *, *, #7316, .T. ) ;
#4511 = CARTESIAN_POINT ( 'NONE',  ( 70.37537075531301412, -117.9999999999996589, -23.77672444004325669 ) ) ;
#4512 = VERTEX_POINT ( 'NONE', #349 ) ;
#4513 = LINE ( 'NONE', #535, #3065 ) ;
#4514 = EDGE_CURVE ( 'NONE', #6481, #6188, #4452, .T. ) ;
#4515 = DIRECTION ( 'NONE',  ( 0.000000000000000000, -1.000000000000000000, 0.000000000000000000 ) ) ;
#4516 = CARTESIAN_POINT ( 'NONE',  ( 73.12199335486931773, -115.9999999999996874, -8.505801304559586384 ) ) ;
#4517 = EDGE_LOOP ( 'NONE', ( #3240, #6944, #6255, #4878 ) ) ;
#4518 = ORIENTED_EDGE ( 'NONE', *, *, #6059, .T. ) ;
#4519 = ADVANCED_FACE ( 'NONE', ( #2705 ), #198, .T. ) ;
#4520 = DIRECTION ( 'NONE',  ( -0.000000000000000000, 1.000000000000000000, -0.000000000000000000 ) ) ;
#4521 = CYLINDRICAL_SURFACE ( 'NONE', #2447, 71.39999999996429381 ) ;
#4522 = ADVANCED_FACE ( 'NONE', ( #6097 ), #818, .T. ) ;
#4523 = DIRECTION ( 'NONE',  ( 0.000000000000000000, -1.000000000000000000, 0.000000000000000000 ) ) ;
#4524 = ADVANCED_FACE ( 'NONE', ( #7553 ), #7586, .F. ) ;
#4525 = DIRECTION ( 'NONE',  ( 0.000000000000000000, 0.000000000000000000, 1.000000000000000000 ) ) ;
#4526 = VERTEX_POINT ( 'NONE', #5719 ) ;
#4527 = DIRECTION ( 'NONE',  ( 0.000000000000000000, -1.000000000000000000, 0.000000000000000000 ) ) ;
#4528 = ORIENTED_EDGE ( 'NONE', *, *, #6455, .F. ) ;
#4529 = VECTOR ( 'NONE', #3217, 1000.000000000000000 ) ;
#4530 = CIRCLE ( 'NONE', #4770, 180.0000000000000000 ) ;
#4531 = ORIENTED_EDGE ( 'NONE', *, *, #7365, .F. ) ;
#4532 = CARTESIAN_POINT ( 'NONE',  ( 71.66985878718104175, -14.00000000000000000, -2.837687827624696624 ) ) ;
#4533 = DIRECTION ( 'NONE',  ( 0.000000000000000000, 0.000000000000000000, 1.000000000000000000 ) ) ;
#4534 = CARTESIAN_POINT ( 'NONE',  ( 76.75940293603790110, -8.060303038032998302, -42.74312453674527035 ) ) ;
#4535 = EDGE_CURVE ( 'NONE', #4971, #1731, #350, .T. ) ;
#4536 = DIRECTION ( 'NONE',  ( 0.000000000000000000, 0.000000000000000000, -1.000000000000000000 ) ) ;
#4537 = FACE_OUTER_BOUND ( 'NONE', #4597, .T. ) ;
#4538 = ORIENTED_EDGE ( 'NONE', *, *, #3850, .T. ) ;
#4539 = VECTOR ( 'NONE', #4489, 1000.000000000000000 ) ;
#4540 = ORIENTED_EDGE ( 'NONE', *, *, #4046, .F. ) ;
#4541 = AXIS2_PLACEMENT_3D ( 'NONE', #1751, #4104, #4533 ) ;
#4542 = VERTEX_POINT ( 'NONE', #6953 ) ;
#4543 = CARTESIAN_POINT ( 'NONE',  ( 57.20577136594062040, -129.9999999999998295, -139.4999999999990621 ) ) ;
#4544 = ADVANCED_BREP_SHAPE_REPRESENTATION ( 'gear hood', ( #6192, #5297 ), #6652 ) ;
#4545 = CARTESIAN_POINT ( 'NONE',  ( 62.30548667938873564, -16.00000000000000000, -121.4878316937673191 ) ) ;
#4546 = DIRECTION ( 'NONE',  ( 0.000000000000000000, 0.000000000000000000, 1.000000000000000000 ) ) ;
#4547 = VECTOR ( 'NONE', #5795, 1000.000000000000000 ) ;
#4548 = CARTESIAN_POINT ( 'NONE',  ( 71.50195686800125827, -12.00000000000000000, -66.21853893648385281 ) ) ;
#4549 = CIRCLE ( 'NONE', #345, 176.6239999999116890 ) ;
#4550 = AXIS2_PLACEMENT_3D ( 'NONE', #6640, #2362, #3661 ) ;
#4551 = ORIENTED_EDGE ( 'NONE', *, *, #1465, .T. ) ;
#4552 = VERTEX_POINT ( 'NONE', #3359 ) ;
#4553 = CARTESIAN_POINT ( 'NONE',  ( 75.58350073661644331, -8.060303038032998302, -68.20625106983376895 ) ) ;
#4554 = CIRCLE ( 'NONE', #1102, 176.6239999999116890 ) ;
#4555 = AXIS2_PLACEMENT_3D ( 'NONE', #1, #693, #2353 ) ;
#4556 = DIRECTION ( 'NONE',  ( 0.000000000000000000, 0.000000000000000000, 1.000000000000000000 ) ) ;
#4557 = CIRCLE ( 'NONE', #3311, 176.6239999999116890 ) ;
#4558 = VECTOR ( 'NONE', #5127, 1000.000000000000000 ) ;
#4559 = CARTESIAN_POINT ( 'NONE',  ( 70.73140919045791009, -6.000000000000000000, -93.23045468254395018 ) ) ;
#4560 =( NAMED_UNIT ( * ) SI_UNIT ( $, .STERADIAN. ) SOLID_ANGLE_UNIT ( ) );
#4561 = VECTOR ( 'NONE', #2177, 1000.000000000000000 ) ;
#4562 = AXIS2_PLACEMENT_3D ( 'NONE', #3303, #7538, #5668 ) ;
#4563 = EDGE_LOOP ( 'NONE', ( #5149, #5890 ) ) ;
#4564 = VERTEX_POINT ( 'NONE', #7039 ) ;
#4565 = ADVANCED_FACE ( 'NONE', ( #6290 ), #6365, .F. ) ;
#4566 = CIRCLE ( 'NONE', #7422, 71.39999999996429381 ) ;
#4567 = FACE_OUTER_BOUND ( 'NONE', #4185, .T. ) ;
#4568 = CIRCLE ( 'NONE', #3943, 71.39999999996429381 ) ;
#4569 = LINE ( 'NONE', #1742, #3304 ) ;
#4570 = CARTESIAN_POINT ( 'NONE',  ( 59.56704236009141340, -6.000000000000005329, -114.3016431850041101 ) ) ;
#4571 = ORIENTED_EDGE ( 'NONE', *, *, #3106, .F. ) ;
#4572 = AXIS2_PLACEMENT_3D ( 'NONE', #4411, #4375, #6140 ) ;
#4573 = LINE ( 'NONE', #2286, #1211 ) ;
#4574 = ORIENTED_EDGE ( 'NONE', *, *, #2758, .F. ) ;
#4575 = ADVANCED_FACE ( 'NONE', ( #1126 ), #3431, .F. ) ;
#4576 = ORIENTED_EDGE ( 'NONE', *, *, #7463, .F. ) ;
#4577 = EDGE_CURVE ( 'NONE', #2364, #4268, #5175, .T. ) ;
#4578 = PLANE ( 'NONE',  #5672 ) ;
#4579 = LINE ( 'NONE', #5838, #1824 ) ;
#4580 = CYLINDRICAL_SURFACE ( 'NONE', #3764, 71.39999999996429381 ) ;
#4581 = AXIS2_PLACEMENT_3D ( 'NONE', #2384, #5277, #5934 ) ;
#4582 = FACE_OUTER_BOUND ( 'NONE', #4957, .T. ) ;
#4583 = DIRECTION ( 'NONE',  ( 0.000000000000000000, -1.000000000000000000, 0.000000000000000000 ) ) ;
#4584 = CIRCLE ( 'NONE', #1001, 180.0000000000000000 ) ;
#4585 = VERTEX_POINT ( 'NONE', #2744 ) ;
#4586 = VERTEX_POINT ( 'NONE', #1080 ) ;
#4587 = EDGE_CURVE ( 'NONE', #270, #1144, #2246, .T. ) ;
#4588 = ORIENTED_EDGE ( 'NONE', *, *, #1413, .T. ) ;
#4589 = DIRECTION ( 'NONE',  ( 0.000000000000000000, 0.000000000000000000, 1.000000000000000000 ) ) ;
#4590 = CARTESIAN_POINT ( 'NONE',  ( 75.58350073661644331, -8.060303038032998302, -70.30625106983377748 ) ) ;
#4591 = DIRECTION ( 'NONE',  ( 0.1185541371500549446, 0.000000000000000000, 0.9929475900391752097 ) ) ;
#4592 = DIRECTION ( 'NONE',  ( -0.9852598894374785532, 0.000000000000000000, -0.1710641700229696416 ) ) ;
#4593 = AXIS2_PLACEMENT_3D ( 'NONE', #638, #2984, #674 ) ;
#4594 = ORIENTED_EDGE ( 'NONE', *, *, #6456, .F. ) ;
#4595 = ADVANCED_FACE ( 'NONE', ( #4567 ), #6919, .T. ) ;
#4596 = EDGE_CURVE ( 'NONE', #1067, #6702, #5755, .T. ) ;
#4597 = EDGE_LOOP ( 'NONE', ( #1729, #4250, #1905, #4303 ) ) ;
#4598 = CARTESIAN_POINT ( 'NONE',  ( 65.80256023218933592, -14.00000000000000000, -113.8577429643584367 ) ) ;
#4599 = CARTESIAN_POINT ( 'NONE',  ( 79.24455130452301432, -6.000000000000005329, -22.23682717466032344 ) ) ;
#4600 = DIRECTION ( 'NONE',  ( -0.000000000000000000, -1.000000000000000000, -0.000000000000000000 ) ) ;
#4601 = CARTESIAN_POINT ( 'NONE',  ( 76.75940293603790110, -16.00000000000000000, -44.84312453674527887 ) ) ;
#4602 = ORIENTED_EDGE ( 'NONE', *, *, #355, .F. ) ;
#4603 = ORIENTED_EDGE ( 'NONE', *, *, #2220, .T. ) ;
#4604 = AXIS2_PLACEMENT_3D ( 'NONE', #6137, #6099, #238 ) ;
#4605 = CARTESIAN_POINT ( 'NONE',  ( 62.30548667938873564, -129.9999999999998295, -119.3878316937673247 ) ) ;
#4606 = DIRECTION ( 'NONE',  ( -0.000000000000000000, -1.000000000000000000, -0.000000000000000000 ) ) ;
#4607 = DIRECTION ( 'NONE',  ( 0.000000000000000000, 0.000000000000000000, 1.000000000000000000 ) ) ;
#4608 = VERTEX_POINT ( 'NONE', #1624 ) ;
#4609 = CARTESIAN_POINT ( 'NONE',  ( 70.19128150728931814, -115.9999999999996732, -111.8128809116197857 ) ) ;
#4610 = AXIS2_PLACEMENT_3D ( 'NONE', #7612, #7103, #1805 ) ;
#4611 = ORIENTED_EDGE ( 'NONE', *, *, #7638, .T. ) ;
#4612 = CARTESIAN_POINT ( 'NONE',  ( 79.35078683594754523, -13.99999999999999822, -22.93939491127114394 ) ) ;
#4613 = DIRECTION ( 'NONE',  ( -0.000000000000000000, -1.000000000000000000, -0.000000000000000000 ) ) ;
#4614 = CARTESIAN_POINT ( 'NONE',  ( 73.12199335486876350, 1.734723475976807094E-13, -90.49419869544279038 ) ) ;
#4615 = FACE_OUTER_BOUND ( 'NONE', #7575, .T. ) ;
#4616 = EDGE_CURVE ( 'NONE', #4764, #4152, #5530, .T. ) ;
#4617 = DIRECTION ( 'NONE',  ( 0.000000000000000000, -1.000000000000000000, 0.000000000000000000 ) ) ;
#4618 = EDGE_LOOP ( 'NONE', ( #6625, #1253, #5630, #5987, #3523, #1161, #4428, #4551 ) ) ;
#4619 = ORIENTED_EDGE ( 'NONE', *, *, #3720, .T. ) ;
#4620 = DIRECTION ( 'NONE',  ( -0.000000000000000000, 1.000000000000000000, -0.000000000000000000 ) ) ;
#4621 = EDGE_CURVE ( 'NONE', #5812, #3889, #1460, .T. ) ;
#4622 = CARTESIAN_POINT ( 'NONE',  ( -98.67880131525888032, -12.00000000000000000, -49.49999999999999289 ) ) ;
#4623 = DIRECTION ( 'NONE',  ( 3.282253334787953231E-15, 0.000000000000000000, -1.000000000000000000 ) ) ;
#4624 = EDGE_CURVE ( 'NONE', #4512, #1582, #3981, .T. ) ;
#4625 = DIRECTION ( 'NONE',  ( 0.000000000000000000, 0.000000000000000000, -1.000000000000000000 ) ) ;
#4626 = EDGE_LOOP ( 'NONE', ( #2116, #5659, #4215, #281 ) ) ;
#4627 = ORIENTED_EDGE ( 'NONE', *, *, #6608, .T. ) ;
#4628 = CARTESIAN_POINT ( 'NONE',  ( 66.33667826014431057, -14.00000000000000000, -79.58265758746084373 ) ) ;
#4629 = DIRECTION ( 'NONE',  ( 0.000000000000000000, 0.000000000000000000, -1.000000000000000000 ) ) ;
#4630 = DIRECTION ( 'NONE',  ( 0.000000000000000000, 0.000000000000000000, -1.000000000000000000 ) ) ;
#4631 = ADVANCED_FACE ( 'NONE', ( #4637, #6326 ), #1044, .T. ) ;
#4632 = EDGE_CURVE ( 'NONE', #445, #6635, #7621, .T. ) ;
#4633 = DIRECTION ( 'NONE',  ( 1.645800675948566844E-12, 0.000000000000000000, 1.000000000000000000 ) ) ;
#4634 = DIRECTION ( 'NONE',  ( 0.000000000000000000, -1.000000000000000000, 0.000000000000000000 ) ) ;
#4635 = ORIENTED_EDGE ( 'NONE', *, *, #5256, .T. ) ;
#4636 = VERTEX_POINT ( 'NONE', #4677 ) ;
#4637 = FACE_OUTER_BOUND ( 'NONE', #5973, .T. ) ;
#4638 = DIRECTION ( 'NONE',  ( 0.000000000000000000, 1.000000000000000000, 0.000000000000000000 ) ) ;
#4639 = FACE_BOUND ( 'NONE', #7482, .T. ) ;
#4640 = ORIENTED_EDGE ( 'NONE', *, *, #6641, .T. ) ;
#4641 = PLANE ( 'NONE',  #2433 ) ;
#4642 = ORIENTED_EDGE ( 'NONE', *, *, #7078, .F. ) ;
#4643 = VERTEX_POINT ( 'NONE', #2816 ) ;
#4644 = DIRECTION ( 'NONE',  ( -0.000000000000000000, 1.000000000000000000, -0.000000000000000000 ) ) ;
#4645 = CIRCLE ( 'NONE', #6360, 180.0000000000000000 ) ;
#4646 = CARTESIAN_POINT ( 'NONE',  ( 59.56704236009141340, -117.9999999999996589, -114.3016431850041243 ) ) ;
#4647 = CARTESIAN_POINT ( 'NONE',  ( -98.67880131525888032, -14.00000000000000000, -49.49999999999998579 ) ) ;
#4648 = LINE ( 'NONE', #6931, #6778 ) ;
#4649 = DIRECTION ( 'NONE',  ( 0.000000000000000000, 0.000000000000000000, -1.000000000000000000 ) ) ;
#4650 = AXIS2_PLACEMENT_3D ( 'NONE', #5846, #7011, #599 ) ;
#4651 = ORIENTED_EDGE ( 'NONE', *, *, #974, .F. ) ;
#4652 = ORIENTED_EDGE ( 'NONE', *, *, #1043, .F. ) ;
#4653 = ADVANCED_FACE ( 'NONE', ( #3319 ), #4521, .T. ) ;
#4654 = FACE_OUTER_BOUND ( 'NONE', #931, .T. ) ;
#4655 = FACE_BOUND ( 'NONE', #66, .T. ) ;
#4656 = CARTESIAN_POINT ( 'NONE',  ( 77.90630859094130756, -13.99999999999999822, -84.39554354617206400 ) ) ;
#4657 = CARTESIAN_POINT ( 'NONE',  ( 73.89508237552827552, -14.00000000000000000, -87.10707438564543281 ) ) ;
#4658 = AXIS2_PLACEMENT_3D ( 'NONE', #5764, #4026, #5728 ) ;
#4659 = ORIENTED_EDGE ( 'NONE', *, *, #136, .F. ) ;
#4660 = EDGE_LOOP ( 'NONE', ( #5485, #5845 ) ) ;
#4661 = EDGE_CURVE ( 'NONE', #6755, #6469, #43, .T. ) ;
#4662 = EDGE_CURVE ( 'NONE', #7454, #3603, #6759, .T. ) ;
#4663 = DIRECTION ( 'NONE',  ( 0.000000000000000000, 0.000000000000000000, 1.000000000000000000 ) ) ;
#4664 = VECTOR ( 'NONE', #3853, 1000.000000000000000 ) ;
#4665 = CARTESIAN_POINT ( 'NONE',  ( -98.67880131525888032, -115.9999999999996732, -49.49999999999999289 ) ) ;
#4666 = DIRECTION ( 'NONE',  ( 0.000000000000000000, -0.000000000000000000, 1.000000000000000000 ) ) ;
#4667 = CARTESIAN_POINT ( 'NONE',  ( 65.41789684650092340, -12.00000000000000000, -97.59650353620614283 ) ) ;
#4668 = FACE_OUTER_BOUND ( 'NONE', #3200, .T. ) ;
#4669 = CARTESIAN_POINT ( 'NONE',  ( 39.50077367721985411, 1.734723475976807094E-13, -144.5866964507794421 ) ) ;
#4670 = VECTOR ( 'NONE', #4363, 1000.000000000000000 ) ;
#4671 = ORIENTED_EDGE ( 'NONE', *, *, #7187, .T. ) ;
#4672 = CIRCLE ( 'NONE', #6764, 71.39999999996429381 ) ;
#4673 = ORIENTED_EDGE ( 'NONE', *, *, #4767, .T. ) ;
#4674 = AXIS2_PLACEMENT_3D ( 'NONE', #1240, #5938, #5282 ) ;
#4675 = ADVANCED_FACE ( 'NONE', ( #5293 ), #7161, .F. ) ;
#4676 = AXIS2_PLACEMENT_3D ( 'NONE', #3235, #2133, #7275 ) ;
#4677 = CARTESIAN_POINT ( 'NONE',  ( 76.69132696895749746, -13.99999999999999822, -90.06252094662106344 ) ) ;
#4678 = FACE_OUTER_BOUND ( 'NONE', #2907, .T. ) ;
#4679 = CARTESIAN_POINT ( 'NONE',  ( -98.67880131525888032, -12.00000000000000000, -49.49999999999999289 ) ) ;
#4680 = VERTEX_POINT ( 'NONE', #1282 ) ;
#4681 = DIRECTION ( 'NONE',  ( 0.000000000000000000, 0.000000000000000000, 1.000000000000000000 ) ) ;
#4682 = AXIS2_PLACEMENT_3D ( 'NONE', #7304, #6195, #902 ) ;
#4683 = AXIS2_PLACEMENT_3D ( 'NONE', #6631, #4499, #6849 ) ;
#4684 = VERTEX_POINT ( 'NONE', #6446 ) ;
#4685 = ORIENTED_EDGE ( 'NONE', *, *, #482, .T. ) ;
#4686 = FACE_OUTER_BOUND ( 'NONE', #6093, .T. ) ;
#4687 = FACE_OUTER_BOUND ( 'NONE', #7541, .T. ) ;
#4688 = AXIS2_PLACEMENT_3D ( 'NONE', #7481, #6765, #7329 ) ;
#4689 = DIRECTION ( 'NONE',  ( -0.000000000000000000, 1.000000000000000000, -0.000000000000000000 ) ) ;
#4690 = CYLINDRICAL_SURFACE ( 'NONE', #2701, 71.39999999996429381 ) ;
#4691 = CYLINDRICAL_SURFACE ( 'NONE', #3693, 176.6239999999116890 ) ;
#4692 = AXIS2_PLACEMENT_3D ( 'NONE', #784, #6838, #2054 ) ;
#4693 = VERTEX_POINT ( 'NONE', #4859 ) ;
#4694 = AXIS2_PLACEMENT_3D ( 'NONE', #3184, #4275, #1342 ) ;
#4695 = ORIENTED_EDGE ( 'NONE', *, *, #3012, .T. ) ;
#4696 = DIRECTION ( 'NONE',  ( -0.000000000000000000, 1.000000000000000000, -0.000000000000000000 ) ) ;
#4697 = CARTESIAN_POINT ( 'NONE',  ( 69.34011543800930610, -14.00000000000000000, -103.9580663357334060 ) ) ;
#4698 = DIRECTION ( 'NONE',  ( -0.000000000000000000, -1.000000000000000000, -0.000000000000000000 ) ) ;
#4699 = CARTESIAN_POINT ( 'NONE',  ( -98.67880131525888032, -115.9999999999996732, -49.49999999999999289 ) ) ;
#4700 = ADVANCED_FACE ( 'NONE', ( #4713 ), #5336, .T. ) ;
#4701 = ORIENTED_EDGE ( 'NONE', *, *, #3710, .F. ) ;
#4702 = ORIENTED_EDGE ( 'NONE', *, *, #2912, .T. ) ;
#4703 = CARTESIAN_POINT ( 'NONE',  ( 80.44034109166892677, -123.9999999999996589, -67.28574775977388356 ) ) ;
#4704 = FACE_BOUND ( 'NONE', #257, .T. ) ;
#4705 = CARTESIAN_POINT ( 'NONE',  ( 64.51909169423633728, -115.9999999999996874, -10.75051607716449809 ) ) ;
#4706 = DIRECTION ( 'NONE',  ( 0.000000000000000000, -1.000000000000000000, 0.000000000000000000 ) ) ;
#4707 = DIRECTION ( 'NONE',  ( 0.000000000000000000, 0.000000000000000000, 1.000000000000000000 ) ) ;
#4708 = EDGE_CURVE ( 'NONE', #3996, #1014, #6014, .T. ) ;
#4709 = DIRECTION ( 'NONE',  ( 0.000000000000000000, -1.000000000000000000, 0.000000000000000000 ) ) ;
#4710 = ORIENTED_EDGE ( 'NONE', *, *, #1413, .F. ) ;
#4711 = VERTEX_POINT ( 'NONE', #6602 ) ;
#4712 = EDGE_LOOP ( 'NONE', ( #6329, #3194 ) ) ;
#4713 = FACE_OUTER_BOUND ( 'NONE', #4007, .T. ) ;
#4714 = CARTESIAN_POINT ( 'NONE',  ( 59.56704236009141340, -123.9999999999996589, -114.3016431850041243 ) ) ;
#4715 = DIRECTION ( 'NONE',  ( -0.000000000000000000, -1.000000000000000000, -0.000000000000000000 ) ) ;
#4716 = ORIENTED_EDGE ( 'NONE', *, *, #6075, .F. ) ;
#4717 = EDGE_CURVE ( 'NONE', #6837, #6935, #1312, .T. ) ;
#4718 = ADVANCED_FACE ( 'NONE', ( #740 ), #664, .F. ) ;
#4719 = ORIENTED_EDGE ( 'NONE', *, *, #3191, .T. ) ;
#4720 = ORIENTED_EDGE ( 'NONE', *, *, #4926, .T. ) ;
#4721 = ORIENTED_EDGE ( 'NONE', *, *, #6782, .T. ) ;
#4722 = CARTESIAN_POINT ( 'NONE',  ( 72.12876399156284890, -12.00000000000000000, -41.38978212648866162 ) ) ;
#4723 = DIRECTION ( 'NONE',  ( 1.474019947882107727E-13, 0.000000000000000000, 1.000000000000000000 ) ) ;
#4724 = CARTESIAN_POINT ( 'NONE',  ( -98.67880131525888032, 1.734723475976807094E-13, -49.49999999999998579 ) ) ;
#4725 = LINE ( 'NONE', #3560, #4442 ) ;
#4726 = EDGE_CURVE ( 'NONE', #791, #7320, #1818, .T. ) ;
#4727 = DIRECTION ( 'NONE',  ( -3.084677459163308392E-12, 0.000000000000000000, 1.000000000000000000 ) ) ;
#4728 = VERTEX_POINT ( 'NONE', #1776 ) ;
#4729 = ORIENTED_EDGE ( 'NONE', *, *, #2123, .T. ) ;
#4730 = LINE ( 'NONE', #5814, #3774 ) ;
#4731 = DIRECTION ( 'NONE',  ( 0.000000000000000000, 0.000000000000000000, -1.000000000000000000 ) ) ;
#4732 = AXIS2_PLACEMENT_3D ( 'NONE', #1609, #3263, #4431 ) ;
#4733 = CARTESIAN_POINT ( 'NONE',  ( -98.67880131525888032, -115.9999999999996732, -49.49999999999999289 ) ) ;
#4734 = ORIENTED_EDGE ( 'NONE', *, *, #5568, .F. ) ;
#4735 = VERTEX_POINT ( 'NONE', #157 ) ;
#4736 = CARTESIAN_POINT ( 'NONE',  ( 67.28506351875270752, -123.9999999999996589, -90.69460607115840389 ) ) ;
#4737 = DIRECTION ( 'NONE',  ( 0.000000000000000000, 0.000000000000000000, 1.000000000000000000 ) ) ;
#4738 = FACE_OUTER_BOUND ( 'NONE', #4828, .T. ) ;
#4739 = DIRECTION ( 'NONE',  ( 0.000000000000000000, -1.000000000000000000, 0.000000000000000000 ) ) ;
#4740 = CARTESIAN_POINT ( 'NONE',  ( -98.67880131525888032, -115.9999999999996874, -49.49999999999998579 ) ) ;
#4741 = CARTESIAN_POINT ( 'NONE',  ( 77.34352649451611228, -115.9999999999996874, -34.93368652002462937 ) ) ;
#4742 = ORIENTED_EDGE ( 'NONE', *, *, #425, .T. ) ;
#4743 = AXIS2_PLACEMENT_3D ( 'NONE', #5800, #6409, #1130 ) ;
#4744 = VERTEX_POINT ( 'NONE', #4166 ) ;
#4745 = VERTEX_POINT ( 'NONE', #4130 ) ;
#4746 = EDGE_CURVE ( 'NONE', #484, #1703, #1580, .T. ) ;
#4747 = AXIS2_PLACEMENT_3D ( 'NONE', #763, #7257, #3758 ) ;
#4748 = CARTESIAN_POINT ( 'NONE',  ( -98.67880131525888032, -115.9999999999996732, -49.49999999999999289 ) ) ;
#4749 = DIRECTION ( 'NONE',  ( 0.000000000000000000, 0.000000000000000000, -1.000000000000000000 ) ) ;
#4750 = CARTESIAN_POINT ( 'NONE',  ( -98.67880131525888032, -115.9999999999996874, -49.49999999999998579 ) ) ;
#4751 = ORIENTED_EDGE ( 'NONE', *, *, #3610, .F. ) ;
#4752 = EDGE_LOOP ( 'NONE', ( #5671, #5609, #2051, #6333 ) ) ;
#4753 = EDGE_CURVE ( 'NONE', #1703, #484, #5894, .T. ) ;
#4754 = EDGE_LOOP ( 'NONE', ( #6533, #6564, #2927, #6371 ) ) ;
#4755 = EDGE_LOOP ( 'NONE', ( #284, #3790, #1923, #4528, #3829, #108 ) ) ;
#4756 = FACE_OUTER_BOUND ( 'NONE', #7271, .T. ) ;
#4757 = EDGE_CURVE ( 'NONE', #5801, #2700, #2687, .T. ) ;
#4758 = ADVANCED_FACE ( 'NONE', ( #2507 ), #4094, .F. ) ;
#4759 = CARTESIAN_POINT ( 'NONE',  ( 74.23430928101858228, -16.00000000000000000, -19.47823816096860838 ) ) ;
#4760 = LINE ( 'NONE', #753, #5698 ) ;
#4761 = CARTESIAN_POINT ( 'NONE',  ( 77.43756294773641002, -14.00000000000000000, -62.88146534400344478 ) ) ;
#4762 = CARTESIAN_POINT ( 'NONE',  ( 76.75940293603790110, -8.060303038032998302, -44.84312453674527887 ) ) ;
#4763 = ORIENTED_EDGE ( 'NONE', *, *, #6934, .F. ) ;
#4764 = VERTEX_POINT ( 'NONE', #77 ) ;
#4765 = AXIS2_PLACEMENT_3D ( 'NONE', #3839, #981, #4419 ) ;
#4766 = ORIENTED_EDGE ( 'NONE', *, *, #4495, .T. ) ;
#4767 = EDGE_CURVE ( 'NONE', #2872, #2655, #7015, .T. ) ;
#4768 = DIRECTION ( 'NONE',  ( 0.000000000000000000, -1.000000000000000000, 0.000000000000000000 ) ) ;
#4769 = DIRECTION ( 'NONE',  ( 0.000000000000000000, 0.000000000000000000, 1.000000000000000000 ) ) ;
#4770 = AXIS2_PLACEMENT_3D ( 'NONE', #258, #2610, #5084 ) ;
#4771 = CARTESIAN_POINT ( 'NONE',  ( 76.92364288522718141, -13.99999999999999822, -89.04467841293886465 ) ) ;
#4772 = VERTEX_POINT ( 'NONE', #5404 ) ;
#4773 = CIRCLE ( 'NONE', #5882, 180.0000000000000000 ) ;
#4774 = ORIENTED_EDGE ( 'NONE', *, *, #2717, .T. ) ;
#4775 = LINE ( 'NONE', #2995, #3910 ) ;
#4776 = DIRECTION ( 'NONE',  ( 0.000000000000000000, 0.000000000000000000, 1.000000000000000000 ) ) ;
#4777 = CARTESIAN_POINT ( 'NONE',  ( 77.89834047893459967, 1.734723475976807094E-13, -45.43178518731967586 ) ) ;
#4778 = DIRECTION ( 'NONE',  ( 0.000000000000000000, 0.000000000000000000, 1.000000000000000000 ) ) ;
#4779 = FACE_OUTER_BOUND ( 'NONE', #3738, .T. ) ;
#4780 = DIRECTION ( 'NONE',  ( 0.000000000000000000, 0.000000000000000000, 1.000000000000000000 ) ) ;
#4781 = ORIENTED_EDGE ( 'NONE', *, *, #2345, .F. ) ;
#4782 = EDGE_LOOP ( 'NONE', ( #6589, #2686, #1749, #4049 ) ) ;
#4783 = AXIS2_PLACEMENT_3D ( 'NONE', #2628, #1398, #3208 ) ;
#4784 = ORIENTED_EDGE ( 'NONE', *, *, #1508, .F. ) ;
#4785 = AXIS2_PLACEMENT_3D ( 'NONE', #1324, #3635, #3093 ) ;
#4786 = CARTESIAN_POINT ( 'NONE',  ( 67.07326532935259422, 1.734723475976807094E-13, -75.21628258642788012 ) ) ;
#4787 = CARTESIAN_POINT ( 'NONE',  ( 54.62013845170437776, -115.9999999999996874, 18.57723447195616728 ) ) ;
#4788 = CARTESIAN_POINT ( 'NONE',  ( 70.73140919045791009, -6.000000000000000000, -97.43045468254396724 ) ) ;
#4789 = ORIENTED_EDGE ( 'NONE', *, *, #3962, .F. ) ;
#4790 = EDGE_CURVE ( 'NONE', #4209, #1208, #116, .T. ) ;
#4791 = AXIS2_PLACEMENT_3D ( 'NONE', #106, #2469, #572 ) ;
#4792 = ORIENTED_EDGE ( 'NONE', *, *, #4009, .T. ) ;
#4793 = ORIENTED_EDGE ( 'NONE', *, *, #5045, .F. ) ;
#4794 = ORIENTED_EDGE ( 'NONE', *, *, #5092, .F. ) ;
#4795 = CARTESIAN_POINT ( 'NONE',  ( 67.28506351875270752, -117.9999999999996589, -90.69460607115840389 ) ) ;
#4796 = CARTESIAN_POINT ( 'NONE',  ( -98.67880131525888032, -16.00000000000000000, -49.49999999999998579 ) ) ;
#4797 = DIRECTION ( 'NONE',  ( -0.1185541371500549446, 0.000000000000000000, -0.9929475900391752097 ) ) ;
#4798 = VECTOR ( 'NONE', #6748, 1000.000000000000114 ) ;
#4799 = DIRECTION ( 'NONE',  ( 0.000000000000000000, 1.000000000000000000, 0.000000000000000000 ) ) ;
#4800 = DIRECTION ( 'NONE',  ( -0.000000000000000000, -1.000000000000000000, -0.000000000000000000 ) ) ;
#4801 = EDGE_CURVE ( 'NONE', #3057, #172, #7203, .T. ) ;
#4802 = ADVANCED_FACE ( 'NONE', ( #7390 ), #2010, .F. ) ;
#4803 = ORIENTED_EDGE ( 'NONE', *, *, #5932, .F. ) ;
#4804 = AXIS2_PLACEMENT_3D ( 'NONE', #2226, #4583, #5113 ) ;
#4805 = AXIS2_PLACEMENT_3D ( 'NONE', #20, #523, #1214 ) ;
#4806 = ORIENTED_EDGE ( 'NONE', *, *, #6567, .T. ) ;
#4807 = DIRECTION ( 'NONE',  ( 0.000000000000000000, 0.000000000000000000, -1.000000000000000000 ) ) ;
#4808 = DIRECTION ( 'NONE',  ( -0.000000000000000000, 1.000000000000000000, -0.000000000000000000 ) ) ;
#4809 = AXIS2_PLACEMENT_3D ( 'NONE', #3035, #7234, #1242 ) ;
#4810 = CYLINDRICAL_SURFACE ( 'NONE', #5164, 176.6239999999116890 ) ;
#4811 = EDGE_CURVE ( 'NONE', #7022, #2881, #3547, .T. ) ;
#4812 = ADVANCED_FACE ( 'NONE', ( #4967 ), #883, .T. ) ;
#4813 = EDGE_LOOP ( 'NONE', ( #7611, #3046, #2667, #3494 ) ) ;
#4814 = ORIENTED_EDGE ( 'NONE', *, *, #7651, .F. ) ;
#4815 = CARTESIAN_POINT ( 'NONE',  ( -98.67880131525888032, -115.9999999999996732, -49.49999999999999289 ) ) ;
#4816 = FACE_BOUND ( 'NONE', #462, .T. ) ;
#4817 = DIRECTION ( 'NONE',  ( 5.238184613736507726E-14, 0.000000000000000000, -1.000000000000000000 ) ) ;
#4818 = DIRECTION ( 'NONE',  ( 0.000000000000000000, 0.000000000000000000, 1.000000000000000000 ) ) ;
#4819 = DIRECTION ( 'NONE',  ( 0.000000000000000000, -1.000000000000000000, 0.000000000000000000 ) ) ;
#4820 = DIRECTION ( 'NONE',  ( -0.000000000000000000, 1.000000000000000000, -0.000000000000000000 ) ) ;
#4821 = EDGE_CURVE ( 'NONE', #6471, #539, #6644, .T. ) ;
#4822 = VERTEX_POINT ( 'NONE', #2693 ) ;
#4823 = ORIENTED_EDGE ( 'NONE', *, *, #3438, .F. ) ;
#4824 = ORIENTED_EDGE ( 'NONE', *, *, #6983, .F. ) ;
#4825 = DIRECTION ( 'NONE',  ( -0.000000000000000000, 1.000000000000000000, -0.000000000000000000 ) ) ;
#4826 = CYLINDRICAL_SURFACE ( 'NONE', #4172, 2.100000000000004530 ) ;
#4827 = CARTESIAN_POINT ( 'NONE',  ( 78.65621336992644785, -16.00000000000000000, -43.94195297822183477 ) ) ;
#4828 = EDGE_LOOP ( 'NONE', ( #852, #3282, #3781, #694, #7438, #5913 ) ) ;
#4829 = CIRCLE ( 'NONE', #4946, 71.39999999996429381 ) ;
#4830 = ORIENTED_EDGE ( 'NONE', *, *, #3021, .T. ) ;
#4831 = VERTEX_POINT ( 'NONE', #3197 ) ;
#4832 = EDGE_LOOP ( 'NONE', ( #7132, #808, #1888, #5601 ) ) ;
#4833 = CARTESIAN_POINT ( 'NONE',  ( 50.81370295058593456, 1.734723475976807094E-13, 26.57276750159084955 ) ) ;
#4834 = CARTESIAN_POINT ( 'NONE',  ( -98.67880131525888032, -115.9999999999996874, -49.49999999999998579 ) ) ;
#4835 = CARTESIAN_POINT ( 'NONE',  ( 80.89412001186992995, -64.99999999999982947, -61.89217196492934647 ) ) ;
#4836 = DIRECTION ( 'NONE',  ( -0.000000000000000000, 1.000000000000000000, -0.000000000000000000 ) ) ;
#4837 = FACE_OUTER_BOUND ( 'NONE', #4832, .T. ) ;
#4838 = DIRECTION ( 'NONE',  ( 0.000000000000000000, 0.000000000000000000, -1.000000000000000000 ) ) ;
#4839 = EDGE_LOOP ( 'NONE', ( #4964, #1651, #4102, #1623 ) ) ;
#4840 = ORIENTED_EDGE ( 'NONE', *, *, #6219, .T. ) ;
#4841 = CYLINDRICAL_SURFACE ( 'NONE', #1941, 176.6239999999116890 ) ;
#4842 = EDGE_CURVE ( 'NONE', #1534, #6188, #5634, .T. ) ;
#4843 = DIRECTION ( 'NONE',  ( 1.865921049791112122E-14, 0.000000000000000000, 1.000000000000000000 ) ) ;
#4844 = DIRECTION ( 'NONE',  ( -0.000000000000000000, -1.000000000000000000, -0.000000000000000000 ) ) ;
#4845 = CIRCLE ( 'NONE', #7457, 176.6239999999116890 ) ;
#4846 = ORIENTED_EDGE ( 'NONE', *, *, #2672, .T. ) ;
#4847 = ADVANCED_FACE ( 'NONE', ( #7350, #2652 ), #777, .T. ) ;
#4848 = ORIENTED_EDGE ( 'NONE', *, *, #2576, .T. ) ;
#4849 = CARTESIAN_POINT ( 'NONE',  ( 62.30548667938873564, -19.93969696196701236, -119.3878316937673247 ) ) ;
#4850 = ADVANCED_FACE ( 'NONE', ( #4283 ), #4399, .T. ) ;
#4851 = FACE_BOUND ( 'NONE', #3072, .T. ) ;
#4852 = EDGE_CURVE ( 'NONE', #792, #145, #301, .T. ) ;
#4853 = DIRECTION ( 'NONE',  ( 5.860158297000211556E-14, 0.000000000000000000, -1.000000000000000000 ) ) ;
#4854 = CARTESIAN_POINT ( 'NONE',  ( 75.04605660715130000, -115.9999999999996874, -81.37022302725851830 ) ) ;
#4855 = DIRECTION ( 'NONE',  ( -0.000000000000000000, -1.000000000000000000, -0.000000000000000000 ) ) ;
#4856 = DIRECTION ( 'NONE',  ( 0.000000000000000000, 0.000000000000000000, 1.000000000000000000 ) ) ;
#4857 = ORIENTED_EDGE ( 'NONE', *, *, #1694, .F. ) ;
#4858 = ORIENTED_EDGE ( 'NONE', *, *, #6556, .F. ) ;
#4859 = CARTESIAN_POINT ( 'NONE',  ( 80.60076164425619538, -13.99999999999999822, -65.58845253630211403 ) ) ;
#4860 = CARTESIAN_POINT ( 'NONE',  ( -98.67880131525888032, -16.00000000000000000, -49.49999999999999289 ) ) ;
#4861 = CARTESIAN_POINT ( 'NONE',  ( -98.67880131525888032, 1.734723475976807094E-13, -49.49999999999998579 ) ) ;
#4862 = ORIENTED_EDGE ( 'NONE', *, *, #6558, .F. ) ;
#4863 = ORIENTED_EDGE ( 'NONE', *, *, #355, .T. ) ;
#4864 = LINE ( 'NONE', #5204, #4106 ) ;
#4865 = DIRECTION ( 'NONE',  ( 0.000000000000000000, 0.000000000000000000, 1.000000000000000000 ) ) ;
#4866 = DIRECTION ( 'NONE',  ( 0.000000000000000000, 0.000000000000000000, 1.000000000000000000 ) ) ;
#4867 = CARTESIAN_POINT ( 'NONE',  ( 72.84223848233590104, 1.734723475976807094E-13, -7.350619426607030604 ) ) ;
#4868 = CARTESIAN_POINT ( 'NONE',  ( 70.65429478737839020, -12.00000000000000000, -73.31811420526399559 ) ) ;
#4869 = CARTESIAN_POINT ( 'NONE',  ( -98.67880131525888032, -14.00000000000000000, -49.49999999999998579 ) ) ;
#4870 = ORIENTED_EDGE ( 'NONE', *, *, #7076, .T. ) ;
#4871 = EDGE_LOOP ( 'NONE', ( #4459, #7131, #1002, #6809 ) ) ;
#4872 = LINE ( 'NONE', #7256, #324 ) ;
#4873 = PLANE ( 'NONE',  #5618 ) ;
#4874 = ORIENTED_EDGE ( 'NONE', *, *, #3177, .T. ) ;
#4875 = FACE_OUTER_BOUND ( 'NONE', #2035, .T. ) ;
#4876 = AXIS2_PLACEMENT_3D ( 'NONE', #6971, #2233, #3452 ) ;
#4877 = EDGE_CURVE ( 'NONE', #3640, #4585, #5762, .T. ) ;
#4878 = ORIENTED_EDGE ( 'NONE', *, *, #379, .T. ) ;
#4879 = ORIENTED_EDGE ( 'NONE', *, *, #4394, .T. ) ;
#4880 = DIRECTION ( 'NONE',  ( 0.000000000000000000, 0.000000000000000000, 1.000000000000000000 ) ) ;
#4881 = FACE_BOUND ( 'NONE', #5081, .T. ) ;
#4882 = CARTESIAN_POINT ( 'NONE',  ( 62.94227146622609581, -65.99999999999982947, -121.3889576606301119 ) ) ;
#4883 = CARTESIAN_POINT ( 'NONE',  ( 80.11360540421816268, -13.99999999999999822, -28.68473398140962516 ) ) ;
#4884 = CARTESIAN_POINT ( 'NONE',  ( 70.37876034053863350, -14.00000000000000000, -100.6427240471703755 ) ) ;
#4885 = ADVANCED_FACE ( 'NONE', ( #6638 ), #1466, .F. ) ;
#4886 = ORIENTED_EDGE ( 'NONE', *, *, #5689, .F. ) ;
#4887 = EDGE_CURVE ( 'NONE', #1008, #1917, #3777, .T. ) ;
#4888 = ORIENTED_EDGE ( 'NONE', *, *, #3384, .F. ) ;
#4889 = VECTOR ( 'NONE', #4768, 1000.000000000000000 ) ;
#4890 = DIRECTION ( 'NONE',  ( 0.000000000000000000, -1.000000000000000000, 0.000000000000000000 ) ) ;
#4891 = DIRECTION ( 'NONE',  ( 0.000000000000000000, -1.000000000000000000, 0.000000000000000000 ) ) ;
#4892 = CARTESIAN_POINT ( 'NONE',  ( 52.76969416084445186, 1.734723475976807094E-13, 22.60012486153856059 ) ) ;
#4893 = VERTEX_POINT ( 'NONE', #1934 ) ;
#4894 = AXIS2_PLACEMENT_3D ( 'NONE', #7441, #2140, #1547 ) ;
#4895 = VERTEX_POINT ( 'NONE', #3119 ) ;
#4896 = EDGE_CURVE ( 'NONE', #1951, #3619, #3232, .T. ) ;
#4897 = CIRCLE ( 'NONE', #210, 71.39999999996429381 ) ;
#4898 = EDGE_LOOP ( 'NONE', ( #3980, #2217, #5559, #2205 ) ) ;
#4899 = FACE_OUTER_BOUND ( 'NONE', #3922, .T. ) ;
#4900 = CARTESIAN_POINT ( 'NONE',  ( 34.28997463505808696, 1.734723475976807094E-13, 52.74665964861219436 ) ) ;
#4901 = DIRECTION ( 'NONE',  ( 1.094284948992079301E-12, 0.000000000000000000, 1.000000000000000000 ) ) ;
#4902 = VECTOR ( 'NONE', #464, 1000.000000000000000 ) ;
#4903 = DIRECTION ( 'NONE',  ( -0.000000000000000000, -1.000000000000000000, -0.000000000000000000 ) ) ;
#4904 = CARTESIAN_POINT ( 'NONE',  ( 74.82765672272844881, -14.00000000000000000, -82.53855921617858371 ) ) ;
#4905 = AXIS2_PLACEMENT_3D ( 'NONE', #7249, #5953, #6491 ) ;
#4906 = DIRECTION ( 'NONE',  ( -0.9929475900391758758, 0.000000000000000000, 0.1185541371500488383 ) ) ;
#4907 = DIRECTION ( 'NONE',  ( 0.000000000000000000, 0.000000000000000000, 1.000000000000000000 ) ) ;
#4908 = ORIENTED_EDGE ( 'NONE', *, *, #3999, .F. ) ;
#4909 = ORIENTED_EDGE ( 'NONE', *, *, #6886, .F. ) ;
#4910 = CIRCLE ( 'NONE', #2206, 180.0000000000000000 ) ;
#4911 = CARTESIAN_POINT ( 'NONE',  ( 73.89508237552880132, -115.9999999999996874, -11.89292561435692441 ) ) ;
#4912 = CIRCLE ( 'NONE', #6023, 176.6239999999116890 ) ;
#4913 = CARTESIAN_POINT ( 'NONE',  ( 62.30548667938873564, -129.9999999999998295, -119.3878316937673247 ) ) ;
#4914 = DIRECTION ( 'NONE',  ( 0.000000000000000000, 0.000000000000000000, -1.000000000000000000 ) ) ;
#4915 = AXIS2_PLACEMENT_3D ( 'NONE', #1612, #3928, #1111 ) ;
#4916 = CIRCLE ( 'NONE', #4805, 170.9999999999999716 ) ;
#4917 = AXIS2_PLACEMENT_3D ( 'NONE', #4705, #6560, #7106 ) ;
#4918 = ORIENTED_EDGE ( 'NONE', *, *, #4935, .T. ) ;
#4919 = ORIENTED_EDGE ( 'NONE', *, *, #6256, .T. ) ;
#4920 = DIRECTION ( 'NONE',  ( -4.334058652727988286E-13, 0.000000000000000000, 1.000000000000000000 ) ) ;
#4921 = AXIS2_PLACEMENT_3D ( 'NONE', #756, #2060, #4907 ) ;
#4922 = DIRECTION ( 'NONE',  ( 0.000000000000000000, -1.000000000000000000, 0.000000000000000000 ) ) ;
#4923 = DIRECTION ( 'NONE',  ( 0.000000000000000000, 1.000000000000000000, 0.000000000000000000 ) ) ;
#4924 = AXIS2_PLACEMENT_3D ( 'NONE', #3675, #5536, #3749 ) ;
#4925 = AXIS2_PLACEMENT_3D ( 'NONE', #771, #1419, #6786 ) ;
#4926 = EDGE_CURVE ( 'NONE', #5296, #6683, #2090, .T. ) ;
#4927 = CARTESIAN_POINT ( 'NONE',  ( -98.67880131525888032, 1.734723475976807094E-13, -49.49999999999998579 ) ) ;
#4928 = VECTOR ( 'NONE', #3422, 1000.000000000000000 ) ;
#4929 = ORIENTED_EDGE ( 'NONE', *, *, #5174, .T. ) ;
#4930 = AXIS2_PLACEMENT_3D ( 'NONE', #3301, #6903, #951 ) ;
#4931 = ORIENTED_EDGE ( 'NONE', *, *, #3011, .F. ) ;
#4932 = VECTOR ( 'NONE', #3533, 1000.000000000000000 ) ;
#4933 = DIRECTION ( 'NONE',  ( 2.837754929890649751E-14, 0.000000000000000000, 1.000000000000000000 ) ) ;
#4934 = CIRCLE ( 'NONE', #7184, 2.100000000000004530 ) ;
#4935 = EDGE_CURVE ( 'NONE', #6480, #6406, #6391, .T. ) ;
#4936 = CARTESIAN_POINT ( 'NONE',  ( 69.15226193964876700, -123.9999999999996589, -16.73211623056527486 ) ) ;
#4937 = CARTESIAN_POINT ( 'NONE',  ( 80.96297504145947244, -115.9999999999996732, -60.85042674980926591 ) ) ;
#4938 = ORIENTED_EDGE ( 'NONE', *, *, #6973, .T. ) ;
#4939 = EDGE_LOOP ( 'NONE', ( #1429, #6584, #5549, #1301 ) ) ;
#4940 = CARTESIAN_POINT ( 'NONE',  ( 80.89412001195994151, -115.9999999999996732, -37.10782803506694449 ) ) ;
#4941 = CARTESIAN_POINT ( 'NONE',  ( 36.94263254752749503, -14.00000000000000000, 49.20107124052194791 ) ) ;
#4942 = EDGE_CURVE ( 'NONE', #7504, #7157, #7647, .T. ) ;
#4943 = DIRECTION ( 'NONE',  ( 0.000000000000000000, 0.000000000000000000, 1.000000000000000000 ) ) ;
#4944 = EDGE_CURVE ( 'NONE', #3824, #5003, #3189, .T. ) ;
#4945 = DIRECTION ( 'NONE',  ( 2.487894733054816267E-14, 0.000000000000000000, 1.000000000000000000 ) ) ;
#4946 = AXIS2_PLACEMENT_3D ( 'NONE', #7478, #4340, #3245 ) ;
#4947 = ORIENTED_EDGE ( 'NONE', *, *, #5527, .F. ) ;
#4948 = CARTESIAN_POINT ( 'NONE',  ( -98.67880131525888032, 1.734723475976807094E-13, -49.49999999999998579 ) ) ;
#4949 = CARTESIAN_POINT ( 'NONE',  ( 80.11360540421816268, -64.99999999999982947, -28.68473398140962516 ) ) ;
#4950 = ORIENTED_EDGE ( 'NONE', *, *, #7369, .T. ) ;
#4951 = EDGE_LOOP ( 'NONE', ( #7170, #1135, #6544, #3627 ) ) ;
#4952 = DIRECTION ( 'NONE',  ( 0.000000000000000000, -0.000000000000000000, 1.000000000000000000 ) ) ;
#4953 = CARTESIAN_POINT ( 'NONE',  ( 16.49714566399290661, 1.734723475976807094E-13, -171.4408710172979795 ) ) ;
#4954 = FACE_OUTER_BOUND ( 'NONE', #6545, .T. ) ;
#4955 = ORIENTED_EDGE ( 'NONE', *, *, #4486, .F. ) ;
#4956 = VERTEX_POINT ( 'NONE', #2165 ) ;
#4957 = EDGE_LOOP ( 'NONE', ( #1682, #704, #5452, #7499 ) ) ;
#4958 = CARTESIAN_POINT ( 'NONE',  ( 81.31718797161646251, -117.9999999999996589, -48.29840079933597252 ) ) ;
#4959 = FACE_BOUND ( 'NONE', #1699, .T. ) ;
#4960 = CARTESIAN_POINT ( 'NONE',  ( 71.50195686800125827, -12.00000000000000000, -66.21853893648385281 ) ) ;
#4961 = CIRCLE ( 'NONE', #1640, 180.0000000000000000 ) ;
#4962 = DIRECTION ( 'NONE',  ( 0.000000000000000000, 0.000000000000000000, 1.000000000000000000 ) ) ;
#4963 = VECTOR ( 'NONE', #2879, 1000.000000000000000 ) ;
#4964 = ORIENTED_EDGE ( 'NONE', *, *, #6497, .F. ) ;
#4965 = VERTEX_POINT ( 'NONE', #5165 ) ;
#4966 = CARTESIAN_POINT ( 'NONE',  ( 62.24664332983626025, -115.9999999999996874, -96.80830849653315795 ) ) ;
#4967 = FACE_OUTER_BOUND ( 'NONE', #4023, .T. ) ;
#4968 = DIRECTION ( 'NONE',  ( 0.000000000000000000, 0.000000000000000000, 1.000000000000000000 ) ) ;
#4969 = DIRECTION ( 'NONE',  ( 0.000000000000000000, 0.000000000000000000, 1.000000000000000000 ) ) ;
#4970 = AXIS2_PLACEMENT_3D ( 'NONE', #6311, #2156, #1496 ) ;
#4971 = VERTEX_POINT ( 'NONE', #3420 ) ;
#4972 = ORIENTED_EDGE ( 'NONE', *, *, #4790, .F. ) ;
#4973 = EDGE_CURVE ( 'NONE', #5108, #6799, #4513, .T. ) ;
#4974 = FACE_BOUND ( 'NONE', #209, .T. ) ;
#4975 = CYLINDRICAL_SURFACE ( 'NONE', #6878, 71.39999999996429381 ) ;
#4976 = AXIS2_PLACEMENT_3D ( 'NONE', #6841, #5574, #2630 ) ;
#4977 = DIRECTION ( 'NONE',  ( 0.000000000000000000, 0.000000000000000000, -1.000000000000000000 ) ) ;
#4978 = DIRECTION ( 'NONE',  ( 0.000000000000000000, 0.000000000000000000, -1.000000000000000000 ) ) ;
#4979 = ORIENTED_EDGE ( 'NONE', *, *, #6975, .F. ) ;
#4980 = DIRECTION ( 'NONE',  ( 0.000000000000000000, 0.000000000000000000, -1.000000000000000000 ) ) ;
#4981 = DIRECTION ( 'NONE',  ( 0.000000000000000000, 0.000000000000000000, 1.000000000000000000 ) ) ;
#4982 = ORIENTED_EDGE ( 'NONE', *, *, #6597, .F. ) ;
#4983 = VECTOR ( 'NONE', #2782, 1000.000000000000000 ) ;
#4984 = EDGE_CURVE ( 'NONE', #3229, #5354, #1347, .T. ) ;
#4985 = EDGE_CURVE ( 'NONE', #539, #6471, #7405, .T. ) ;
#4986 = EDGE_LOOP ( 'NONE', ( #6817, #5880, #1206, #4640 ) ) ;
#4987 = DIRECTION ( 'NONE',  ( 0.000000000000000000, 0.000000000000000000, 1.000000000000000000 ) ) ;
#4988 = AXIS2_PLACEMENT_3D ( 'NONE', #2523, #1884, #828 ) ;
#4989 = CARTESIAN_POINT ( 'NONE',  ( 74.23430928101858228, -6.000000000000000000, -17.37823816096860341 ) ) ;
#4990 = AXIS2_PLACEMENT_3D ( 'NONE', #918, #3121, #6832 ) ;
#4991 = DIRECTION ( 'NONE',  ( 0.9172893902828921364, 0.000000000000000000, -0.3982212632123503515 ) ) ;
#4992 = ORIENTED_EDGE ( 'NONE', *, *, #3622, .T. ) ;
#4993 = AXIS2_PLACEMENT_3D ( 'NONE', #4724, #2833, #3444 ) ;
#4994 = ORIENTED_EDGE ( 'NONE', *, *, #647, .T. ) ;
#4995 = EDGE_CURVE ( 'NONE', #6432, #1124, #6830, .T. ) ;
#4996 = ADVANCED_FACE ( 'NONE', ( #6242 ), #6283, .T. ) ;
#4997 = VERTEX_POINT ( 'NONE', #5711 ) ;
#4998 = CARTESIAN_POINT ( 'NONE',  ( 77.72942259335843573, -115.9999999999996874, -40.77211862042489088 ) ) ;
#4999 = DIRECTION ( 'NONE',  ( 0.000000000000000000, 1.000000000000000000, 0.000000000000000000 ) ) ;
#5000 = DIRECTION ( 'NONE',  ( 0.9653003447619186161, 0.000000000000000000, -0.2611421919233292144 ) ) ;
#5001 = DIRECTION ( 'NONE',  ( 0.000000000000000000, 1.000000000000000000, 0.000000000000000000 ) ) ;
#5002 = VERTEX_POINT ( 'NONE', #4599 ) ;
#5003 = VERTEX_POINT ( 'NONE', #3893 ) ;
#5004 = DIRECTION ( 'NONE',  ( 5.737363357907862020E-13, 0.000000000000000000, 1.000000000000000000 ) ) ;
#5005 = CARTESIAN_POINT ( 'NONE',  ( -98.67880131525888032, -115.9999999999996732, -49.49999999999999289 ) ) ;
#5006 = DIRECTION ( 'NONE',  ( 0.000000000000000000, 0.000000000000000000, 1.000000000000000000 ) ) ;
#5007 = DIRECTION ( 'NONE',  ( -0.000000000000000000, 1.000000000000000000, -0.000000000000000000 ) ) ;
#5008 = ORIENTED_EDGE ( 'NONE', *, *, #3600, .T. ) ;
#5009 = AXIS2_PLACEMENT_3D ( 'NONE', #5393, #1271, #7308 ) ;
#5010 = EDGE_LOOP ( 'NONE', ( #3340, #7207, #5455, #3009 ) ) ;
#5011 = EDGE_LOOP ( 'NONE', ( #1423, #7269 ) ) ;
#5012 = CIRCLE ( 'NONE', #3537, 176.6239999999116890 ) ;
#5013 = DIRECTION ( 'NONE',  ( 0.000000000000000000, 0.000000000000000000, 1.000000000000000000 ) ) ;
#5014 = LINE ( 'NONE', #6216, #6636 ) ;
#5015 = CARTESIAN_POINT ( 'NONE',  ( 56.36374621844616684, -16.00000000000000000, -113.5068999505798786 ) ) ;
#5016 = DIRECTION ( 'NONE',  ( 0.000000000000000000, -1.000000000000000000, 0.000000000000000000 ) ) ;
#5017 = ORIENTED_EDGE ( 'NONE', *, *, #4153, .F. ) ;
#5018 = DIRECTION ( 'NONE',  ( -6.219736832637040668E-15, 0.000000000000000000, -1.000000000000000000 ) ) ;
#5019 = EDGE_CURVE ( 'NONE', #2602, #6432, #5039, .T. ) ;
#5020 = DIRECTION ( 'NONE',  ( 0.000000000000000000, 0.000000000000000000, 1.000000000000000000 ) ) ;
#5021 = VECTOR ( 'NONE', #5255, 1000.000000000000000 ) ;
#5022 = EDGE_LOOP ( 'NONE', ( #7023, #2802, #3963, #515 ) ) ;
#5023 = CIRCLE ( 'NONE', #5523, 71.39999999996429381 ) ;
#5024 = ORIENTED_EDGE ( 'NONE', *, *, #5567, .T. ) ;
#5025 = DIRECTION ( 'NONE',  ( 0.000000000000000000, -1.000000000000000000, 0.000000000000000000 ) ) ;
#5026 = CIRCLE ( 'NONE', #3172, 180.0000000000000000 ) ;
#5027 = CARTESIAN_POINT ( 'NONE',  ( 62.30548667938873564, -6.000000000000000000, -117.2878316937673162 ) ) ;
#5028 = VECTOR ( 'NONE', #5450, 1000.000000000000000 ) ;
#5029 = LINE ( 'NONE', #6051, #5550 ) ;
#5030 = EDGE_CURVE ( 'NONE', #2037, #3603, #7580, .T. ) ;
#5031 = EDGE_CURVE ( 'NONE', #4772, #4135, #2695, .T. ) ;
#5032 = FACE_BOUND ( 'NONE', #3090, .T. ) ;
#5033 = AXIS2_PLACEMENT_3D ( 'NONE', #6525, #1248, #579 ) ;
#5034 = ORIENTED_EDGE ( 'NONE', *, *, #3620, .T. ) ;
#5035 = AXIS2_PLACEMENT_3D ( 'NONE', #7403, #6187, #2923 ) ;
#5036 = AXIS2_PLACEMENT_3D ( 'NONE', #5747, #2810, #4633 ) ;
#5037 = ORIENTED_EDGE ( 'NONE', *, *, #3423, .F. ) ;
#5038 = CIRCLE ( 'NONE', #1471, 71.39999999996429381 ) ;
#5039 = CIRCLE ( 'NONE', #232, 71.39999999996429381 ) ;
#5040 = ORIENTED_EDGE ( 'NONE', *, *, #5808, .T. ) ;
#5041 = CARTESIAN_POINT ( 'NONE',  ( 73.89508237552880132, 1.734723475976807094E-13, -11.89292561435692441 ) ) ;
#5042 = LINE ( 'NONE', #5627, #6461 ) ;
#5043 = DIRECTION ( 'NONE',  ( 0.000000000000000000, 0.000000000000000000, 1.000000000000000000 ) ) ;
#5044 = AXIS2_PLACEMENT_3D ( 'NONE', #3104, #6732, #1446 ) ;
#5045 = EDGE_CURVE ( 'NONE', #6664, #4680, #7020, .T. ) ;
#5046 = ADVANCED_FACE ( 'NONE', ( #1618 ), #6396, .F. ) ;
#5047 = DIRECTION ( 'NONE',  ( 0.000000000000000000, -1.000000000000000000, 0.000000000000000000 ) ) ;
#5048 = CIRCLE ( 'NONE', #5792, 176.6239999999116890 ) ;
#5049 = ORIENTED_EDGE ( 'NONE', *, *, #144, .T. ) ;
#5050 = AXIS2_PLACEMENT_3D ( 'NONE', #2100, #6719, #274 ) ;
#5051 = CIRCLE ( 'NONE', #623, 2.100000000000004530 ) ;
#5052 = ORIENTED_EDGE ( 'NONE', *, *, #1775, .T. ) ;
#5053 = VECTOR ( 'NONE', #5463, 1000.000000000000000 ) ;
#5054 = DIRECTION ( 'NONE',  ( 0.000000000000000000, 0.000000000000000000, 1.000000000000000000 ) ) ;
#5055 = CARTESIAN_POINT ( 'NONE',  ( 59.56704236009141340, -12.00000000000000000, -114.3016431850041243 ) ) ;
#5056 = CIRCLE ( 'NONE', #6538, 71.39999999996429381 ) ;
#5057 = CARTESIAN_POINT ( 'NONE',  ( -98.67880131525888032, -115.9999999999996732, -49.49999999999999289 ) ) ;
#5058 = LINE ( 'NONE', #2619, #5662 ) ;
#5059 = CARTESIAN_POINT ( 'NONE',  ( 62.30548667938873564, -16.00000000000000000, -117.2878316937673162 ) ) ;
#5060 = ORIENTED_EDGE ( 'NONE', *, *, #4328, .T. ) ;
#5061 = AXIS2_PLACEMENT_3D ( 'NONE', #3786, #3902, #348 ) ;
#5062 = VERTEX_POINT ( 'NONE', #3310 ) ;
#5063 = ORIENTED_EDGE ( 'NONE', *, *, #7569, .F. ) ;
#5064 = AXIS2_PLACEMENT_3D ( 'NONE', #1786, #589, #3554 ) ;
#5065 = FACE_OUTER_BOUND ( 'NONE', #3372, .T. ) ;
#5066 = FACE_OUTER_BOUND ( 'NONE', #4005, .T. ) ;
#5067 = CARTESIAN_POINT ( 'NONE',  ( -98.67880131525888032, -115.9999999999996874, -49.49999999999998579 ) ) ;
#5068 = CARTESIAN_POINT ( 'NONE',  ( -98.67880131525888032, -14.00000000000000000, -49.49999999999999289 ) ) ;
#5069 = EDGE_LOOP ( 'NONE', ( #1638, #6485 ) ) ;
#5070 = CARTESIAN_POINT ( 'NONE',  ( 75.58350073661644331, -115.9999999999996732, -70.30625106983377748 ) ) ;
#5071 = LINE ( 'NONE', #6767, #1115 ) ;
#5072 = ORIENTED_EDGE ( 'NONE', *, *, #2081, .T. ) ;
#5073 = CARTESIAN_POINT ( 'NONE',  ( -98.67880131525888032, -123.9999999999996589, -49.49999999999999289 ) ) ;
#5074 = CARTESIAN_POINT ( 'NONE',  ( 56.36374621844616684, -14.00000000000000000, -113.5068999505798786 ) ) ;
#5075 = DIRECTION ( 'NONE',  ( 0.000000000000000000, 0.000000000000000000, -1.000000000000000000 ) ) ;
#5076 = LINE ( 'NONE', #7489, #1599 ) ;
#5077 = PLANE ( 'NONE',  #7537 ) ;
#5078 = EDGE_CURVE ( 'NONE', #2838, #4487, #851, .T. ) ;
#5079 = ORIENTED_EDGE ( 'NONE', *, *, #5716, .F. ) ;
#5080 = AXIS2_PLACEMENT_3D ( 'NONE', #6655, #4797, #2404 ) ;
#5081 = EDGE_LOOP ( 'NONE', ( #1563, #2852, #5854, #3742 ) ) ;
#5082 = ORIENTED_EDGE ( 'NONE', *, *, #5748, .T. ) ;
#5083 = EDGE_CURVE ( 'NONE', #1509, #5623, #6398, .T. ) ;
#5084 = DIRECTION ( 'NONE',  ( 0.000000000000000000, 0.000000000000000000, 1.000000000000000000 ) ) ;
#5085 = CYLINDRICAL_SURFACE ( 'NONE', #4369, 71.39999999996429381 ) ;
#5086 = DIRECTION ( 'NONE',  ( 3.197333465527478389E-14, 0.000000000000000000, 1.000000000000000000 ) ) ;
#5087 = CARTESIAN_POINT ( 'NONE',  ( 70.73140919045791009, -19.93969696196701236, -97.43045468254396724 ) ) ;
#5088 = EDGE_CURVE ( 'NONE', #6154, #6635, #7540, .T. ) ;
#5089 = ORIENTED_EDGE ( 'NONE', *, *, #4290, .T. ) ;
#5090 = ORIENTED_EDGE ( 'NONE', *, *, #1222, .T. ) ;
#5091 = EDGE_CURVE ( 'NONE', #7341, #6853, #6984, .T. ) ;
#5092 = EDGE_CURVE ( 'NONE', #1151, #5464, #5300, .T. ) ;
#5093 = DIRECTION ( 'NONE',  ( 0.000000000000000000, 0.000000000000000000, -1.000000000000000000 ) ) ;
#5094 = VECTOR ( 'NONE', #6095, 1000.000000000000000 ) ;
#5095 = CARTESIAN_POINT ( 'NONE',  ( 76.47970268730878729, -16.00000000000000000, -72.20541458664196455 ) ) ;
#5096 = FACE_OUTER_BOUND ( 'NONE', #758, .T. ) ;
#5097 = ORIENTED_EDGE ( 'NONE', *, *, #7386, .T. ) ;
#5098 = VERTEX_POINT ( 'NONE', #5745 ) ;
#5099 = EDGE_CURVE ( 'NONE', #5819, #4643, #3462, .T. ) ;
#5100 = CYLINDRICAL_SURFACE ( 'NONE', #4581, 2.100000000000004530 ) ;
#5101 = CARTESIAN_POINT ( 'NONE',  ( 79.59267901113561550, -117.9999999999996589, -74.38532302856285128 ) ) ;
#5102 = DIRECTION ( 'NONE',  ( 0.000000000000000000, 0.000000000000000000, 1.000000000000000000 ) ) ;
#5103 = LINE ( 'NONE', #2142, #5226 ) ;
#5104 = ORIENTED_EDGE ( 'NONE', *, *, #1775, .F. ) ;
#5105 = DIRECTION ( 'NONE',  ( -0.000000000000000000, 1.000000000000000000, -0.000000000000000000 ) ) ;
#5106 = STYLED_ITEM ( 'NONE', ( #1006 ), #6192 ) ;
#5107 = ORIENTED_EDGE ( 'NONE', *, *, #2973, .F. ) ;
#5108 = VERTEX_POINT ( 'NONE', #5095 ) ;
#5109 = PLANE ( 'NONE',  #2341 ) ;
#5110 = DIRECTION ( 'NONE',  ( -0.000000000000000000, 1.000000000000000000, -0.000000000000000000 ) ) ;
#5111 = DIRECTION ( 'NONE',  ( 0.000000000000000000, 1.000000000000000000, 0.000000000000000000 ) ) ;
#5112 = CARTESIAN_POINT ( 'NONE',  ( 76.75940293603790110, -6.000000000000000000, -44.84312453674527887 ) ) ;
#5113 = DIRECTION ( 'NONE',  ( 0.000000000000000000, 0.000000000000000000, 1.000000000000000000 ) ) ;
#5114 = CIRCLE ( 'NONE', #1916, 176.6239999999116890 ) ;
#5115 = ORIENTED_EDGE ( 'NONE', *, *, #7505, .T. ) ;
#5116 = ORIENTED_EDGE ( 'NONE', *, *, #5233, .T. ) ;
#5117 = EDGE_LOOP ( 'NONE', ( #521, #2490, #5778, #4518 ) ) ;
#5118 = AXIS2_PLACEMENT_3D ( 'NONE', #3455, #5198, #7572 ) ;
#5119 = CARTESIAN_POINT ( 'NONE',  ( 76.92364288522773563, -13.99999999999999822, -9.955321587063552968 ) ) ;
#5120 = DIRECTION ( 'NONE',  ( 0.000000000000000000, 0.000000000000000000, 1.000000000000000000 ) ) ;
#5121 = PLANE ( 'NONE',  #1483 ) ;
#5122 = FACE_OUTER_BOUND ( 'NONE', #3700, .T. ) ;
#5123 = EDGE_CURVE ( 'NONE', #6734, #3690, #6530, .T. ) ;
#5124 = ORIENTED_EDGE ( 'NONE', *, *, #5224, .T. ) ;
#5125 = ORIENTED_EDGE ( 'NONE', *, *, #2588, .F. ) ;
#5126 = CARTESIAN_POINT ( 'NONE',  ( 58.24808095804595354, -115.9999999999996732, -137.6700267663582338 ) ) ;
#5127 = DIRECTION ( 'NONE',  ( -0.000000000000000000, -1.000000000000000000, -0.000000000000000000 ) ) ;
#5128 = DIRECTION ( 'NONE',  ( 0.000000000000000000, 0.000000000000000000, 1.000000000000000000 ) ) ;
#5129 =( LENGTH_UNIT ( ) NAMED_UNIT ( * ) SI_UNIT ( .MILLI., .METRE. ) );
#5130 = EDGE_CURVE ( 'NONE', #5179, #2602, #4437, .T. ) ;
#5131 = EDGE_CURVE ( 'NONE', #2960, #1208, #2098, .T. ) ;
#5132 = ORIENTED_EDGE ( 'NONE', *, *, #615, .F. ) ;
#5133 = EDGE_LOOP ( 'NONE', ( #3472, #5141, #7637, #5923 ) ) ;
#5134 = DIRECTION ( 'NONE',  ( -0.000000000000000000, -1.000000000000000000, -0.000000000000000000 ) ) ;
#5135 = DIRECTION ( 'NONE',  ( 0.000000000000000000, 0.000000000000000000, -1.000000000000000000 ) ) ;
#5136 = DIRECTION ( 'NONE',  ( -0.000000000000000000, -1.000000000000000000, -0.000000000000000000 ) ) ;
#5137 = CARTESIAN_POINT ( 'NONE',  ( 71.98000936475692413, 1.734723475976807094E-13, -95.01491748044067265 ) ) ;
#5138 = ORIENTED_EDGE ( 'NONE', *, *, #4616, .F. ) ;
#5139 = CARTESIAN_POINT ( 'NONE',  ( -98.67880131525888032, -14.00000000000000000, -49.49999999999998579 ) ) ;
#5140 = EDGE_CURVE ( 'NONE', #7388, #81, #655, .T. ) ;
#5141 = ORIENTED_EDGE ( 'NONE', *, *, #366, .F. ) ;
#5142 = ORIENTED_EDGE ( 'NONE', *, *, #3859, .T. ) ;
#5143 = CARTESIAN_POINT ( 'NONE',  ( 72.36986763519682597, -115.9999999999996732, -96.64402003107636574 ) ) ;
#5144 = CARTESIAN_POINT ( 'NONE',  ( 62.30548667938873564, -16.00000000000000000, -119.3878316937673247 ) ) ;
#5145 = CARTESIAN_POINT ( 'NONE',  ( 62.30548667938873564, -8.060303038032998302, -119.3878316937673247 ) ) ;
#5146 = CARTESIAN_POINT ( 'NONE',  ( 74.10740418743412761, -117.9999999999996589, -99.94727136308888760 ) ) ;
#5147 = ADVANCED_FACE ( 'NONE', ( #4738 ), #2351, .T. ) ;
#5148 = DIRECTION ( 'NONE',  ( 0.000000000000000000, 1.000000000000000000, 0.000000000000000000 ) ) ;
#5149 = ORIENTED_EDGE ( 'NONE', *, *, #3511, .F. ) ;
#5150 = VECTOR ( 'NONE', #3351, 1000.000000000000000 ) ;
#5151 = ORIENTED_EDGE ( 'NONE', *, *, #5481, .T. ) ;
#5152 = CIRCLE ( 'NONE', #7272, 71.39999999996429381 ) ;
#5153 = ORIENTED_EDGE ( 'NONE', *, *, #1985, .F. ) ;
#5154 = CARTESIAN_POINT ( 'NONE',  ( 75.58350073661644331, -16.00000000000000000, -70.30625106983377748 ) ) ;
#5155 = CARTESIAN_POINT ( 'NONE',  ( 75.55949415770655264, -64.99999999999982947, -94.67760939495542516 ) ) ;
#5156 = CARTESIAN_POINT ( 'NONE',  ( -98.67880131525888032, -129.9999999999998295, -49.49999999999999289 ) ) ;
#5157 = CARTESIAN_POINT ( 'NONE',  ( 68.86053642462833579, 1.734723475976807094E-13, -41.39783382639389231 ) ) ;
#5158 = CIRCLE ( 'NONE', #6139, 179.9999999999099600 ) ;
#5159 = CIRCLE ( 'NONE', #6895, 71.39999999996429381 ) ;
#5160 = AXIS2_PLACEMENT_3D ( 'NONE', #5864, #7554, #6954 ) ;
#5161 = ORIENTED_EDGE ( 'NONE', *, *, #5256, .F. ) ;
#5162 = ORIENTED_EDGE ( 'NONE', *, *, #3425, .T. ) ;
#5163 = CARTESIAN_POINT ( 'NONE',  ( 67.28506351875270752, -12.00000000000000000, -90.69460607115840389 ) ) ;
#5164 = AXIS2_PLACEMENT_3D ( 'NONE', #5849, #95, #2379 ) ;
#5165 = CARTESIAN_POINT ( 'NONE',  ( 81.31165082790745657, -115.9999999999996732, -51.35395180588581354 ) ) ;
#5166 = AXIS2_PLACEMENT_3D ( 'NONE', #2921, #1810, #2501 ) ;
#5167 = FACE_OUTER_BOUND ( 'NONE', #5348, .T. ) ;
#5168 = DIRECTION ( 'NONE',  ( 0.9172893902828926915, 0.000000000000000000, -0.3982212632123491303 ) ) ;
#5169 = CIRCLE ( 'NONE', #1475, 2.100000000000004530 ) ;
#5170 = ORIENTED_EDGE ( 'NONE', *, *, #47, .F. ) ;
#5171 = VECTOR ( 'NONE', #2835, 1000.000000000000000 ) ;
#5172 = AXIS2_PLACEMENT_3D ( 'NONE', #4085, #2920, #5936 ) ;
#5173 = ORIENTED_EDGE ( 'NONE', *, *, #5509, .F. ) ;
#5174 = EDGE_CURVE ( 'NONE', #2741, #3503, #618, .T. ) ;
#5175 = LINE ( 'NONE', #7510, #3927 ) ;
#5176 = AXIS2_PLACEMENT_3D ( 'NONE', #5788, #2851, #3464 ) ;
#5177 = LINE ( 'NONE', #3360, #1098 ) ;
#5178 = DIRECTION ( 'NONE',  ( -0.000000000000000000, -1.000000000000000000, -0.000000000000000000 ) ) ;
#5179 = VERTEX_POINT ( 'NONE', #4121 ) ;
#5180 = CIRCLE ( 'NONE', #7299, 71.39999999996429381 ) ;
#5181 = LINE ( 'NONE', #4059, #5274 ) ;
#5182 = ORIENTED_EDGE ( 'NONE', *, *, #3012, .F. ) ;
#5183 = ADVANCED_FACE ( 'NONE', ( #2420 ), #6475, .T. ) ;
#5184 = EDGE_LOOP ( 'NONE', ( #4058, #5526 ) ) ;
#5185 = DIRECTION ( 'NONE',  ( 0.000000000000000000, 1.000000000000000000, 0.000000000000000000 ) ) ;
#5186 = EDGE_CURVE ( 'NONE', #2994, #2602, #1733, .T. ) ;
#5187 = EDGE_CURVE ( 'NONE', #2795, #1183, #4203, .T. ) ;
#5188 = PLANE ( 'NONE',  #5279 ) ;
#5189 = CARTESIAN_POINT ( 'NONE',  ( 74.82765672272844881, -115.9999999999996874, -82.53855921617858371 ) ) ;
#5190 = CIRCLE ( 'NONE', #1487, 179.9999999999999716 ) ;
#5191 = DIRECTION ( 'NONE',  ( -0.000000000000000000, -1.000000000000000000, -0.000000000000000000 ) ) ;
#5192 = DIRECTION ( 'NONE',  ( 0.000000000000000000, -0.000000000000000000, 1.000000000000000000 ) ) ;
#5193 = ORIENTED_EDGE ( 'NONE', *, *, #4887, .F. ) ;
#5194 = ORIENTED_EDGE ( 'NONE', *, *, #7559, .F. ) ;
#5195 = EDGE_CURVE ( 'NONE', #765, #4745, #7411, .T. ) ;
#5196 = CARTESIAN_POINT ( 'NONE',  ( 56.71976032812312241, -123.9999999999996589, -120.8602623255267616 ) ) ;
#5197 = EDGE_CURVE ( 'NONE', #145, #1017, #6150, .T. ) ;
#5198 = DIRECTION ( 'NONE',  ( -0.000000000000000000, -1.000000000000000000, -0.000000000000000000 ) ) ;
#5199 = DIRECTION ( 'NONE',  ( 0.9996478874717766860, 0.000000000000000000, 0.02653490292452686042 ) ) ;
#5200 = DIRECTION ( 'NONE',  ( -0.000000000000000000, 1.000000000000000000, -0.000000000000000000 ) ) ;
#5201 = AXIS2_PLACEMENT_3D ( 'NONE', #6032, #3558, #1945 ) ;
#5202 = ORIENTED_EDGE ( 'NONE', *, *, #5718, .T. ) ;
#5203 = VERTEX_POINT ( 'NONE', #5969 ) ;
#5204 = CARTESIAN_POINT ( 'NONE',  ( 72.12876399156284890, -117.9999999999996589, -41.38978212648866162 ) ) ;
#5205 = DIRECTION ( 'NONE',  ( 0.000000000000000000, 0.000000000000000000, -1.000000000000000000 ) ) ;
#5206 = CARTESIAN_POINT ( 'NONE',  ( 72.31848854747322264, -117.9999999999996589, -48.53726452191186524 ) ) ;
#5207 = CARTESIAN_POINT ( 'NONE',  ( -98.67880131525888032, 1.734723475976807094E-13, -49.49999999999998579 ) ) ;
#5208 = CYLINDRICAL_SURFACE ( 'NONE', #1709, 71.39999999996429381 ) ;
#5209 = ORIENTED_EDGE ( 'NONE', *, *, #7186, .F. ) ;
#5210 = ORIENTED_EDGE ( 'NONE', *, *, #3345, .T. ) ;
#5211 = DIRECTION ( 'NONE',  ( 0.000000000000000000, -1.000000000000000000, 0.000000000000000000 ) ) ;
#5212 = CARTESIAN_POINT ( 'NONE',  ( -98.67880131525888032, -14.00000000000000000, -49.49999999999999289 ) ) ;
#5213 = CARTESIAN_POINT ( 'NONE',  ( -98.67880131525888032, -115.9999999999996732, -49.49999999999999289 ) ) ;
#5214 = ORIENTED_EDGE ( 'NONE', *, *, #3013, .T. ) ;
#5215 = DIRECTION ( 'NONE',  ( 0.000000000000000000, -1.000000000000000000, 0.000000000000000000 ) ) ;
#5216 = EDGE_CURVE ( 'NONE', #2994, #1890, #2702, .T. ) ;
#5217 = ORIENTED_EDGE ( 'NONE', *, *, #3237, .T. ) ;
#5218 = CARTESIAN_POINT ( 'NONE',  ( 75.58350073661644331, 1.734723475976807094E-13, -72.40625106983378600 ) ) ;
#5219 = DIRECTION ( 'NONE',  ( 0.000000000000000000, 0.000000000000000000, -1.000000000000000000 ) ) ;
#5220 = CARTESIAN_POINT ( 'NONE',  ( 56.36374621844705501, 1.734723475976807094E-13, 14.50689995057771675 ) ) ;
#5221 = DIRECTION ( 'NONE',  ( 0.000000000000000000, 1.000000000000000000, 0.000000000000000000 ) ) ;
#5222 = FACE_BOUND ( 'NONE', #1784, .T. ) ;
#5223 = EDGE_CURVE ( 'NONE', #3014, #39, #7657, .T. ) ;
#5224 = EDGE_CURVE ( 'NONE', #3988, #5301, #1809, .T. ) ;
#5225 = ORIENTED_EDGE ( 'NONE', *, *, #4183, .F. ) ;
#5226 = VECTOR ( 'NONE', #1986, 1000.000000000000000 ) ;
#5227 = VERTEX_POINT ( 'NONE', #4157 ) ;
#5228 = CARTESIAN_POINT ( 'NONE',  ( -98.67880131525888032, 1.734723475976807094E-13, -49.49999999999998579 ) ) ;
#5229 = LINE ( 'NONE', #7606, #5735 ) ;
#5230 = CARTESIAN_POINT ( 'NONE',  ( 65.41789684650092340, -117.9999999999996589, -97.59650353620614283 ) ) ;
#5231 = CIRCLE ( 'NONE', #1045, 170.9999999999999716 ) ;
#5232 = FACE_OUTER_BOUND ( 'NONE', #3575, .T. ) ;
#5233 = EDGE_CURVE ( 'NONE', #6607, #6637, #5670, .T. ) ;
#5234 = EDGE_CURVE ( 'NONE', #6058, #953, #4322, .T. ) ;
#5235 = ORIENTED_EDGE ( 'NONE', *, *, #4348, .F. ) ;
#5236 = AXIS2_PLACEMENT_3D ( 'NONE', #1743, #7588, #5721 ) ;
#5237 = ORIENTED_EDGE ( 'NONE', *, *, #5615, .T. ) ;
#5238 = DIRECTION ( 'NONE',  ( -3.304235192336768175E-14, 0.000000000000000000, -1.000000000000000000 ) ) ;
#5239 = PLANE ( 'NONE',  #7300 ) ;
#5240 = VECTOR ( 'NONE', #3138, 1000.000000000000000 ) ;
#5241 = LINE ( 'NONE', #6914, #1229 ) ;
#5242 = CARTESIAN_POINT ( 'NONE',  ( 68.09761215561940162, -115.9999999999996732, -117.2172644883905974 ) ) ;
#5243 = DIRECTION ( 'NONE',  ( -0.000000000000000000, 1.000000000000000000, -0.000000000000000000 ) ) ;
#5244 = VERTEX_POINT ( 'NONE', #6593 ) ;
#5245 = AXIS2_PLACEMENT_3D ( 'NONE', #6420, #1177, #6963 ) ;
#5246 = VERTEX_POINT ( 'NONE', #1304 ) ;
#5247 = DIRECTION ( 'NONE',  ( -0.000000000000000000, 1.000000000000000000, -0.000000000000000000 ) ) ;
#5248 = DIRECTION ( 'NONE',  ( -0.000000000000000000, 1.000000000000000000, -0.000000000000000000 ) ) ;
#5249 = FACE_OUTER_BOUND ( 'NONE', #6825, .T. ) ;
#5250 = ORIENTED_EDGE ( 'NONE', *, *, #3246, .F. ) ;
#5251 = CARTESIAN_POINT ( 'NONE',  ( 78.68323399519266559, -115.9999999999996732, -45.68507112402458858 ) ) ;
#5252 = ORIENTED_EDGE ( 'NONE', *, *, #1643, .T. ) ;
#5253 = ORIENTED_EDGE ( 'NONE', *, *, #5809, .F. ) ;
#5254 = DIRECTION ( 'NONE',  ( 0.000000000000000000, 0.000000000000000000, 1.000000000000000000 ) ) ;
#5255 = DIRECTION ( 'NONE',  ( 0.000000000000000000, -1.000000000000000000, 0.000000000000000000 ) ) ;
#5256 = EDGE_CURVE ( 'NONE', #5637, #5681, #2467, .T. ) ;
#5257 = CYLINDRICAL_SURFACE ( 'NONE', #2651, 2.100000000000004530 ) ;
#5258 = DIRECTION ( 'NONE',  ( 0.000000000000000000, 0.000000000000000000, -1.000000000000000000 ) ) ;
#5259 = CARTESIAN_POINT ( 'NONE',  ( 56.71976032812312241, -12.00000000000000000, -120.8602623255267758 ) ) ;
#5260 = VECTOR ( 'NONE', #3182, 1000.000000000000000 ) ;
#5261 = ORIENTED_EDGE ( 'NONE', *, *, #6782, .F. ) ;
#5262 = ORIENTED_EDGE ( 'NONE', *, *, #1452, .F. ) ;
#5263 = DIRECTION ( 'NONE',  ( 0.000000000000000000, -1.000000000000000000, 0.000000000000000000 ) ) ;
#5264 = AXIS2_PLACEMENT_3D ( 'NONE', #2604, #1406, #4952 ) ;
#5265 = ADVANCED_FACE ( 'NONE', ( #2886 ), #5239, .T. ) ;
#5266 = CARTESIAN_POINT ( 'NONE',  ( 77.90630859094174809, -13.99999999999999822, -14.60445645383040514 ) ) ;
#5267 = ADVANCED_FACE ( 'NONE', ( #570, #730 ), #5479, .T. ) ;
#5268 = DIRECTION ( 'NONE',  ( 0.000000000000000000, 0.000000000000000000, 1.000000000000000000 ) ) ;
#5269 = DIRECTION ( 'NONE',  ( 0.000000000000000000, 1.000000000000000000, 0.000000000000000000 ) ) ;
#5270 = ORIENTED_EDGE ( 'NONE', *, *, #4278, .T. ) ;
#5271 = ORIENTED_EDGE ( 'NONE', *, *, #4577, .F. ) ;
#5272 = DIRECTION ( 'NONE',  ( 0.000000000000000000, -0.000000000000000000, 1.000000000000000000 ) ) ;
#5273 = ORIENTED_EDGE ( 'NONE', *, *, #7371, .T. ) ;
#5274 = VECTOR ( 'NONE', #6957, 1000.000000000000000 ) ;
#5275 = ADVANCED_FACE ( 'NONE', ( #3807 ), #1926, .F. ) ;
#5276 = EDGE_CURVE ( 'NONE', #953, #1951, #6539, .T. ) ;
#5277 = DIRECTION ( 'NONE',  ( -0.000000000000000000, 1.000000000000000000, -0.000000000000000000 ) ) ;
#5278 = EDGE_CURVE ( 'NONE', #270, #5551, #1455, .T. ) ;
#5279 = AXIS2_PLACEMENT_3D ( 'NONE', #7563, #6374, #519 ) ;
#5280 = CARTESIAN_POINT ( 'NONE',  ( 79.35078683594754523, -64.99999999999982947, -22.93939491127114394 ) ) ;
#5281 = CARTESIAN_POINT ( 'NONE',  ( 74.23430928101858228, -123.9999999999996589, -19.47823816096860838 ) ) ;
#5282 = DIRECTION ( 'NONE',  ( 0.000000000000000000, 0.000000000000000000, 1.000000000000000000 ) ) ;
#5283 = CARTESIAN_POINT ( 'NONE',  ( 71.66985878718037384, 1.734723475976807094E-13, -96.16231217237763929 ) ) ;
#5284 = ORIENTED_EDGE ( 'NONE', *, *, #4038, .F. ) ;
#5285 = AXIS2_PLACEMENT_3D ( 'NONE', #4605, #4055, #2210 ) ;
#5286 = EDGE_LOOP ( 'NONE', ( #3718, #7584, #5173, #4127 ) ) ;
#5287 = AXIS2_PLACEMENT_3D ( 'NONE', #3895, #6173, #2697 ) ;
#5288 = AXIS2_PLACEMENT_3D ( 'NONE', #2389, #3001, #3114 ) ;
#5289 = EDGE_LOOP ( 'NONE', ( #6684, #3460, #162, #667 ) ) ;
#5290 = VECTOR ( 'NONE', #4435, 1000.000000000000000 ) ;
#5291 = VECTOR ( 'NONE', #1070, 1000.000000000000000 ) ;
#5292 = EDGE_CURVE ( 'NONE', #6844, #2703, #7167, .T. ) ;
#5293 = FACE_OUTER_BOUND ( 'NONE', #6085, .T. ) ;
#5294 = CARTESIAN_POINT ( 'NONE',  ( 77.43756294773656634, -14.00000000000000000, -36.11853465599897106 ) ) ;
#5295 = DIRECTION ( 'NONE',  ( 0.000000000000000000, 0.000000000000000000, 1.000000000000000000 ) ) ;
#5296 = VERTEX_POINT ( 'NONE', #6629 ) ;
#5297 = AXIS2_PLACEMENT_3D ( 'NONE', #7312, #3772, #2006 ) ;
#5298 = AXIS2_PLACEMENT_3D ( 'NONE', #7222, #3841, #3725 ) ;
#5299 = CIRCLE ( 'NONE', #4187, 170.9999999999999716 ) ;
#5300 = CIRCLE ( 'NONE', #5422, 176.6239999999116890 ) ;
#5301 = VERTEX_POINT ( 'NONE', #1385 ) ;
#5302 = ORIENTED_EDGE ( 'NONE', *, *, #6354, .T. ) ;
#5303 = ORIENTED_EDGE ( 'NONE', *, *, #7375, .T. ) ;
#5304 = LINE ( 'NONE', #127, #4330 ) ;
#5305 = VECTOR ( 'NONE', #6892, 1000.000000000000000 ) ;
#5306 = PLANE ( 'NONE',  #5534 ) ;
#5307 = AXIS2_PLACEMENT_3D ( 'NONE', #4868, #6659, #4906 ) ;
#5308 = CYLINDRICAL_SURFACE ( 'NONE', #6100, 71.39999999996429381 ) ;
#5309 = FACE_OUTER_BOUND ( 'NONE', #6917, .T. ) ;
#5310 = CARTESIAN_POINT ( 'NONE',  ( -98.67880131525888032, -115.9999999999996874, -49.49999999999998579 ) ) ;
#5311 = VECTOR ( 'NONE', #5168, 1000.000000000000000 ) ;
#5312 = ORIENTED_EDGE ( 'NONE', *, *, #2777, .F. ) ;
#5313 = AXIS2_PLACEMENT_3D ( 'NONE', #5589, #7310, #4853 ) ;
#5314 = VERTEX_POINT ( 'NONE', #2572 ) ;
#5315 = DIRECTION ( 'NONE',  ( 0.000000000000000000, 0.000000000000000000, 1.000000000000000000 ) ) ;
#5316 = FACE_OUTER_BOUND ( 'NONE', #3592, .T. ) ;
#5317 = CARTESIAN_POINT ( 'NONE',  ( 56.71976032812312241, -12.00000000000000000, -120.8602623255267758 ) ) ;
#5318 = VECTOR ( 'NONE', #2555, 1000.000000000000000 ) ;
#5319 = PLANE ( 'NONE',  #236 ) ;
#5320 = EDGE_CURVE ( 'NONE', #1026, #1424, #3769, .T. ) ;
#5321 = ORIENTED_EDGE ( 'NONE', *, *, #4048, .T. ) ;
#5322 = ORIENTED_EDGE ( 'NONE', *, *, #5603, .F. ) ;
#5323 = CARTESIAN_POINT ( 'NONE',  ( -98.67880131525888032, -12.00000000000000000, -49.49999999999999289 ) ) ;
#5324 = LINE ( 'NONE', #1732, #2601 ) ;
#5325 = AXIS2_PLACEMENT_3D ( 'NONE', #5067, #4490, #4977 ) ;
#5326 = CARTESIAN_POINT ( 'NONE',  ( 36.94263254752749503, -115.9999999999996874, 49.20107124052194791 ) ) ;
#5327 = CARTESIAN_POINT ( 'NONE',  ( 72.31848854747322264, -117.9999999999996589, -48.53726452191186524 ) ) ;
#5328 = DIRECTION ( 'NONE',  ( 0.000000000000000000, -1.000000000000000000, 0.000000000000000000 ) ) ;
#5329 = CARTESIAN_POINT ( 'NONE',  ( 77.90630859094174809, -64.99999999999982947, -14.60445645383040514 ) ) ;
#5330 = ORIENTED_EDGE ( 'NONE', *, *, #5992, .T. ) ;
#5331 = ADVANCED_FACE ( 'NONE', ( #2004 ), #2041, .T. ) ;
#5332 = ORIENTED_EDGE ( 'NONE', *, *, #7295, .F. ) ;
#5333 = EDGE_CURVE ( 'NONE', #4268, #6410, #3952, .T. ) ;
#5334 = CIRCLE ( 'NONE', #5325, 176.6239999999116890 ) ;
#5335 = VERTEX_POINT ( 'NONE', #3077 ) ;
#5336 = CYLINDRICAL_SURFACE ( 'NONE', #727, 71.39999999996429381 ) ;
#5337 = DIRECTION ( 'NONE',  ( 0.000000000000000000, 0.000000000000000000, 1.000000000000000000 ) ) ;
#5338 = CARTESIAN_POINT ( 'NONE',  ( 78.02144248894774137, -6.000000000000000000, -15.19221896516870984 ) ) ;
#5339 = ORIENTED_EDGE ( 'NONE', *, *, #7455, .T. ) ;
#5340 = EDGE_CURVE ( 'NONE', #3089, #6670, #1869, .T. ) ;
#5341 = ORIENTED_EDGE ( 'NONE', *, *, #7141, .F. ) ;
#5342 = VERTEX_POINT ( 'NONE', #3226 ) ;
#5343 = CARTESIAN_POINT ( 'NONE',  ( 72.36986763519657018, -16.00000000000000000, -96.64402003107618100 ) ) ;
#5344 = LINE ( 'NONE', #2513, #3419 ) ;
#5345 = DIRECTION ( 'NONE',  ( -0.000000000000000000, 1.000000000000000000, -0.000000000000000000 ) ) ;
#5346 = DIRECTION ( 'NONE',  ( 0.000000000000000000, 0.000000000000000000, 1.000000000000000000 ) ) ;
#5347 = DIRECTION ( 'NONE',  ( 0.9929475900391752097, 0.000000000000000000, -0.1185541371500549446 ) ) ;
#5348 = EDGE_LOOP ( 'NONE', ( #3274, #5082, #6677, #5235 ) ) ;
#5349 = EDGE_LOOP ( 'NONE', ( #2153, #3158 ) ) ;
#5350 = DIRECTION ( 'NONE',  ( 0.000000000000000000, 0.000000000000000000, 1.000000000000000000 ) ) ;
#5351 = CARTESIAN_POINT ( 'NONE',  ( 68.48757222678850098, -115.9999999999996732, -116.2488094036191200 ) ) ;
#5352 = CARTESIAN_POINT ( 'NONE',  ( 64.97707934170873045, -12.00000000000000000, -124.4449980078214679 ) ) ;
#5353 = ORIENTED_EDGE ( 'NONE', *, *, #1606, .F. ) ;
#5354 = VERTEX_POINT ( 'NONE', #214 ) ;
#5355 = DIRECTION ( 'NONE',  ( -0.02653490292452686042, 0.000000000000000000, 0.9996478874717766860 ) ) ;
#5356 = DIRECTION ( 'NONE',  ( 4.814136578184260813E-13, 0.000000000000000000, 1.000000000000000000 ) ) ;
#5357 = DIRECTION ( 'NONE',  ( 0.000000000000000000, 0.000000000000000000, -1.000000000000000000 ) ) ;
#5358 = ADVANCED_FACE ( 'NONE', ( #2645 ), #2078, .F. ) ;
#5359 = DIRECTION ( 'NONE',  ( 0.000000000000000000, -1.000000000000000000, 0.000000000000000000 ) ) ;
#5360 = DIRECTION ( 'NONE',  ( -0.000000000000000000, 1.000000000000000000, -0.000000000000000000 ) ) ;
#5361 = DIRECTION ( 'NONE',  ( -0.000000000000000000, 1.000000000000000000, -0.000000000000000000 ) ) ;
#5362 = VERTEX_POINT ( 'NONE', #5443 ) ;
#5363 = VECTOR ( 'NONE', #4168, 1000.000000000000000 ) ;
#5364 = VERTEX_POINT ( 'NONE', #2500 ) ;
#5365 = ORIENTED_EDGE ( 'NONE', *, *, #5368, .F. ) ;
#5366 = DIRECTION ( 'NONE',  ( -0.1710641700229685869, 0.000000000000000000, 0.9852598894374787752 ) ) ;
#5367 = AXIS2_PLACEMENT_3D ( 'NONE', #4892, #2050, #4332 ) ;
#5368 = EDGE_CURVE ( 'NONE', #1252, #7519, #4447, .T. ) ;
#5369 = CARTESIAN_POINT ( 'NONE',  ( 75.82679495835218120, 1.734723475976807094E-13, -22.22667520891022264 ) ) ;
#5370 = ADVANCED_FACE ( 'NONE', ( #7230 ), #3731, .T. ) ;
#5371 = DIRECTION ( 'NONE',  ( 0.000000000000000000, 1.000000000000000000, -0.000000000000000000 ) ) ;
#5372 = ORIENTED_EDGE ( 'NONE', *, *, #4246, .T. ) ;
#5373 = AXIS2_PLACEMENT_3D ( 'NONE', #6458, #522, #2869 ) ;
#5374 = AXIS2_PLACEMENT_3D ( 'NONE', #7545, #496, #5272 ) ;
#5375 = VERTEX_POINT ( 'NONE', #3695 ) ;
#5376 = ORIENTED_EDGE ( 'NONE', *, *, #1073, .T. ) ;
#5377 = VERTEX_POINT ( 'NONE', #6050 ) ;
#5378 = DIRECTION ( 'NONE',  ( 0.000000000000000000, -1.000000000000000000, 0.000000000000000000 ) ) ;
#5379 = DIRECTION ( 'NONE',  ( -0.000000000000000000, 1.000000000000000000, -0.000000000000000000 ) ) ;
#5380 = PLANE ( 'NONE',  #1138 ) ;
#5381 = ADVANCED_FACE ( 'NONE', ( #6082 ), #803, .F. ) ;
#5382 = DIRECTION ( 'NONE',  ( -6.323514147417485536E-13, 0.000000000000000000, 1.000000000000000000 ) ) ;
#5383 = DIRECTION ( 'NONE',  ( -0.000000000000000000, 1.000000000000000000, -0.000000000000000000 ) ) ;
#5384 = ORIENTED_EDGE ( 'NONE', *, *, #709, .T. ) ;
#5385 = ORIENTED_EDGE ( 'NONE', *, *, #1932, .T. ) ;
#5386 = CARTESIAN_POINT ( 'NONE',  ( 57.20577136594059908, -115.9999999999996732, -139.4999999999990337 ) ) ;
#5387 = CARTESIAN_POINT ( 'NONE',  ( 76.75940293603790110, -16.00000000000000000, -44.84312453674527887 ) ) ;
#5388 = ADVANCED_FACE ( 'NONE', ( #260 ), #2612, .F. ) ;
#5389 = CIRCLE ( 'NONE', #2063, 180.0000000000000000 ) ;
#5390 = CARTESIAN_POINT ( 'NONE',  ( 54.62013845170343984, -115.9999999999996874, -117.5772344719582776 ) ) ;
#5391 = ORIENTED_EDGE ( 'NONE', *, *, #1492, .T. ) ;
#5392 = ORIENTED_EDGE ( 'NONE', *, *, #2126, .F. ) ;
#5393 = CARTESIAN_POINT ( 'NONE',  ( -98.67880131525888032, -115.9999999999996732, -49.49999999999999289 ) ) ;
#5394 = FACE_BOUND ( 'NONE', #7092, .T. ) ;
#5395 = CARTESIAN_POINT ( 'NONE',  ( 64.97707934170873045, -117.9999999999996589, -124.4449980078214679 ) ) ;
#5396 = CARTESIAN_POINT ( 'NONE',  ( 66.23192265491276487, 1.734723475976807094E-13, -112.7494307927166943 ) ) ;
#5397 = CARTESIAN_POINT ( 'NONE',  ( -98.67880131525888032, -6.000000000000000000, -49.49999999999999289 ) ) ;
#5398 = DIRECTION ( 'NONE',  ( -0.000000000000000000, 1.000000000000000000, -0.000000000000000000 ) ) ;
#5399 = ORIENTED_EDGE ( 'NONE', *, *, #3964, .F. ) ;
#5400 = EDGE_LOOP ( 'NONE', ( #3629, #3773, #1779, #6704 ) ) ;
#5401 = AXIS2_PLACEMENT_3D ( 'NONE', #2129, #4477, #3890 ) ;
#5402 = ORIENTED_EDGE ( 'NONE', *, *, #5216, .F. ) ;
#5403 = ADVANCED_FACE ( 'NONE', ( #6236 ), #377, .F. ) ;
#5404 = CARTESIAN_POINT ( 'NONE',  ( 76.69132696904520685, -115.9999999999996732, -90.06252094664135655 ) ) ;
#5405 = LINE ( 'NONE', #5978, #3180 ) ;
#5406 = DIRECTION ( 'NONE',  ( -0.000000000000000000, 1.000000000000000000, -0.000000000000000000 ) ) ;
#5407 = EDGE_LOOP ( 'NONE', ( #2099, #6053, #7610, #2016, #4659, #587, #7328, #4200, #5448, #3038, #5613, #696 ) ) ;
#5408 = VECTOR ( 'NONE', #1696, 1000.000000000000000 ) ;
#5409 = VECTOR ( 'NONE', #315, 1000.000000000000000 ) ;
#5410 = AXIS2_PLACEMENT_3D ( 'NONE', #6120, #4277, #839 ) ;
#5411 = ORIENTED_EDGE ( 'NONE', *, *, #4935, .F. ) ;
#5412 = VECTOR ( 'NONE', #3499, 1000.000000000000000 ) ;
#5413 = VERTEX_POINT ( 'NONE', #3969 ) ;
#5414 = EDGE_CURVE ( 'NONE', #3122, #577, #4471, .T. ) ;
#5415 = EDGE_LOOP ( 'NONE', ( #6463, #5138, #5214, #5768 ) ) ;
#5416 = PLANE ( 'NONE',  #2007 ) ;
#5417 = CYLINDRICAL_SURFACE ( 'NONE', #6888, 71.39999999996429381 ) ;
#5418 = AXIS2_PLACEMENT_3D ( 'NONE', #6074, #4421, #4914 ) ;
#5419 = FACE_OUTER_BOUND ( 'NONE', #1076, .T. ) ;
#5420 = AXIS2_PLACEMENT_3D ( 'NONE', #1038, #4600, #3389 ) ;
#5421 = DIRECTION ( 'NONE',  ( 5.150719564527549118E-14, 0.000000000000000000, -1.000000000000000000 ) ) ;
#5422 = AXIS2_PLACEMENT_3D ( 'NONE', #1037, #3387, #2848 ) ;
#5423 = PLANE ( 'NONE',  #2830 ) ;
#5424 = CIRCLE ( 'NONE', #2033, 180.0000000000000000 ) ;
#5425 = EDGE_CURVE ( 'NONE', #6205, #1198, #1531, .T. ) ;
#5426 = ORIENTED_EDGE ( 'NONE', *, *, #3630, .F. ) ;
#5427 = AXIS2_PLACEMENT_3D ( 'NONE', #6846, #4644, #2147 ) ;
#5428 = CIRCLE ( 'NONE', #1724, 71.39999999996429381 ) ;
#5429 = EDGE_CURVE ( 'NONE', #1153, #6590, #6916, .T. ) ;
#5430 = EDGE_CURVE ( 'NONE', #3619, #5960, #1251, .T. ) ;
#5431 = AXIS2_PLACEMENT_3D ( 'NONE', #6264, #3875, #4536 ) ;
#5432 = AXIS2_PLACEMENT_3D ( 'NONE', #104, #6511, #4817 ) ;
#5433 = ORIENTED_EDGE ( 'NONE', *, *, #1174, .T. ) ;
#5434 = CARTESIAN_POINT ( 'NONE',  ( 62.94227146622614555, -115.9999999999996732, -121.3889576606302967 ) ) ;
#5435 = DIRECTION ( 'NONE',  ( 0.000000000000000000, -1.000000000000000000, 0.000000000000000000 ) ) ;
#5436 = CARTESIAN_POINT ( 'NONE',  ( 56.71976032812312241, -117.9999999999996589, -120.8602623255267758 ) ) ;
#5437 = ORIENTED_EDGE ( 'NONE', *, *, #2316, .T. ) ;
#5438 = ADVANCED_FACE ( 'NONE', ( #2157, #7461, #332, #4506, #6856, #1569, #3411, #7573, #3378, #2763, #908 ), #3926, .F. ) ;
#5439 = PRODUCT_DEFINITION_SHAPE ( 'NONE', 'NONE',  #6789 ) ;
#5440 = EDGE_LOOP ( 'NONE', ( #437, #1650, #861, #631 ) ) ;
#5441 = PLANE ( 'NONE',  #2189 ) ;
#5442 = FACE_BOUND ( 'NONE', #6836, .T. ) ;
#5443 = CARTESIAN_POINT ( 'NONE',  ( 75.81859698045037987, -13.99999999999999822, -5.333746049770188513 ) ) ;
#5444 = LINE ( 'NONE', #5396, #7531 ) ;
#5445 = DIRECTION ( 'NONE',  ( -0.000000000000000000, -1.000000000000000000, -0.000000000000000000 ) ) ;
#5446 = CARTESIAN_POINT ( 'NONE',  ( 67.07326532935259422, -115.9999999999996874, -75.21628258642788012 ) ) ;
#5447 = VERTEX_POINT ( 'NONE', #5739 ) ;
#5448 = ORIENTED_EDGE ( 'NONE', *, *, #4973, .F. ) ;
#5449 = CARTESIAN_POINT ( 'NONE',  ( 72.12876399156284890, -6.000000000000000000, -41.38978212648866162 ) ) ;
#5450 = DIRECTION ( 'NONE',  ( -0.000000000000000000, 1.000000000000000000, -0.000000000000000000 ) ) ;
#5451 = DIRECTION ( 'NONE',  ( 2.487894733054816267E-14, 0.000000000000000000, 1.000000000000000000 ) ) ;
#5452 = ORIENTED_EDGE ( 'NONE', *, *, #1042, .F. ) ;
#5453 = AXIS2_PLACEMENT_3D ( 'NONE', #2629, #2141, #1514 ) ;
#5454 = VERTEX_POINT ( 'NONE', #7536 ) ;
#5455 = ORIENTED_EDGE ( 'NONE', *, *, #1685, .T. ) ;
#5456 = VERTEX_POINT ( 'NONE', #995 ) ;
#5457 = DIRECTION ( 'NONE',  ( 0.000000000000000000, -1.000000000000000000, 0.000000000000000000 ) ) ;
#5458 = CARTESIAN_POINT ( 'NONE',  ( 74.14424657729904311, -115.9999999999996874, -13.05508961328838424 ) ) ;
#5459 = PLANE ( 'NONE',  #2733 ) ;
#5460 = DIRECTION ( 'NONE',  ( 0.000000000000000000, 0.000000000000000000, -1.000000000000000000 ) ) ;
#5461 = CARTESIAN_POINT ( 'NONE',  ( 67.69433708780623249, -14.00000000000000000, -28.16801451014783098 ) ) ;
#5462 = ADVANCED_FACE ( 'NONE', ( #448 ), #2799, .T. ) ;
#5463 = DIRECTION ( 'NONE',  ( 0.000000000000000000, -1.000000000000000000, 0.000000000000000000 ) ) ;
#5464 = VERTEX_POINT ( 'NONE', #1645 ) ;
#5465 = DIRECTION ( 'NONE',  ( 0.000000000000000000, 0.000000000000000000, 1.000000000000000000 ) ) ;
#5466 = CIRCLE ( 'NONE', #4358, 2.100000000000004530 ) ;
#5467 = DIRECTION ( 'NONE',  ( 0.000000000000000000, 1.000000000000000000, 0.000000000000000000 ) ) ;
#5468 = CARTESIAN_POINT ( 'NONE',  ( 65.48508921968837626, -115.9999999999996874, -83.92806749520781295 ) ) ;
#5469 = ADVANCED_FACE ( 'NONE', ( #413 ), #5121, .F. ) ;
#5470 = ADVANCED_FACE ( 'NONE', ( #7496 ), #2191, .T. ) ;
#5471 = CARTESIAN_POINT ( 'NONE',  ( 79.59267901104647081, -6.000000000000005329, -74.38532302855040257 ) ) ;
#5472 = AXIS2_PLACEMENT_3D ( 'NONE', #3730, #689, #728 ) ;
#5473 = AXIS2_PLACEMENT_3D ( 'NONE', #4008, #6355, #4083 ) ;
#5474 = VERTEX_POINT ( 'NONE', #6976 ) ;
#5475 = CIRCLE ( 'NONE', #3369, 179.9999999999999716 ) ;
#5476 = ORIENTED_EDGE ( 'NONE', *, *, #5131, .F. ) ;
#5477 = CARTESIAN_POINT ( 'NONE',  ( -98.67880131525888032, -14.00000000000000000, -49.49999999999999289 ) ) ;
#5478 = FACE_OUTER_BOUND ( 'NONE', #7377, .T. ) ;
#5479 = PLANE ( 'NONE',  #3948 ) ;
#5480 = CARTESIAN_POINT ( 'NONE',  ( 80.11360540421789267, -13.99999999999999822, -70.31526601859283687 ) ) ;
#5481 = EDGE_CURVE ( 'NONE', #3803, #15, #3264, .T. ) ;
#5482 = DIRECTION ( 'NONE',  ( -0.000000000000000000, -1.000000000000000000, -0.000000000000000000 ) ) ;
#5483 = AXIS2_PLACEMENT_3D ( 'NONE', #4445, #6797, #3856 ) ;
#5484 = DIRECTION ( 'NONE',  ( -0.000000000000000000, -1.000000000000000000, -0.000000000000000000 ) ) ;
#5485 = ORIENTED_EDGE ( 'NONE', *, *, #6403, .T. ) ;
#5486 = ORIENTED_EDGE ( 'NONE', *, *, #4046, .T. ) ;
#5487 = DIRECTION ( 'NONE',  ( -0.000000000000000000, -1.000000000000000000, -0.000000000000000000 ) ) ;
#5488 = CYLINDRICAL_SURFACE ( 'NONE', #4676, 2.100000000000004530 ) ;
#5489 = CARTESIAN_POINT ( 'NONE',  ( 72.79737264983674550, -65.99999999999982947, -94.95389793448136118 ) ) ;
#5490 = CIRCLE ( 'NONE', #3382, 170.9999999999999716 ) ;
#5491 = ORIENTED_EDGE ( 'NONE', *, *, #7219, .F. ) ;
#5492 = ORIENTED_EDGE ( 'NONE', *, *, #6456, .T. ) ;
#5493 = CARTESIAN_POINT ( 'NONE',  ( 70.37537075531301412, -6.000000000000000000, -23.77672444004325669 ) ) ;
#5494 = DIRECTION ( 'NONE',  ( -0.000000000000000000, -1.000000000000000000, -0.000000000000000000 ) ) ;
#5495 = DIRECTION ( 'NONE',  ( -0.000000000000000000, 1.000000000000000000, -0.000000000000000000 ) ) ;
#5496 = CARTESIAN_POINT ( 'NONE',  ( 68.04112939358023482, -14.00000000000000000, -67.92659739248182404 ) ) ;
#5497 = CYLINDRICAL_SURFACE ( 'NONE', #4453, 176.6239999999116890 ) ;
#5498 = CARTESIAN_POINT ( 'NONE',  ( 60.94177619710968941, -115.9999999999996874, -101.0397518585670014 ) ) ;
#5499 = CIRCLE ( 'NONE', #2898, 71.39999999996429381 ) ;
#5500 = CARTESIAN_POINT ( 'NONE',  ( 57.20577136594059908, -129.9999999999996589, -139.4999999999990337 ) ) ;
#5501 = ORIENTED_EDGE ( 'NONE', *, *, #2951, .T. ) ;
#5502 = EDGE_LOOP ( 'NONE', ( #3931, #6751, #7112, #4931, #3317, #1719 ) ) ;
#5503 = EDGE_CURVE ( 'NONE', #4636, #5314, #3450, .T. ) ;
#5504 = DIRECTION ( 'NONE',  ( -0.000000000000000000, 1.000000000000000000, -0.000000000000000000 ) ) ;
#5505 = CARTESIAN_POINT ( 'NONE',  ( 75.02849644788931016, -65.99999999999982947, -17.53420453369312781 ) ) ;
#5506 = DIRECTION ( 'NONE',  ( -0.000000000000000000, -1.000000000000000000, -0.000000000000000000 ) ) ;
#5507 = ORIENTED_EDGE ( 'NONE', *, *, #7651, .T. ) ;
#5508 = ORIENTED_EDGE ( 'NONE', *, *, #615, .T. ) ;
#5509 = EDGE_CURVE ( 'NONE', #5335, #5244, #1374, .T. ) ;
#5510 = CARTESIAN_POINT ( 'NONE',  ( 46.59060502756154420, -115.9999999999996874, 34.35627208402036814 ) ) ;
#5511 = CIRCLE ( 'NONE', #3157, 180.0000000000000000 ) ;
#5512 = FACE_BOUND ( 'NONE', #2621, .T. ) ;
#5513 = DIRECTION ( 'NONE',  ( -0.000000000000000000, 1.000000000000000000, -0.000000000000000000 ) ) ;
#5514 = FACE_OUTER_BOUND ( 'NONE', #4052, .T. ) ;
#5515 = VERTEX_POINT ( 'NONE', #3526 ) ;
#5516 = ORIENTED_EDGE ( 'NONE', *, *, #6835, .T. ) ;
#5517 = ADVANCED_FACE ( 'NONE', ( #6066 ), #6657, .F. ) ;
#5518 = EDGE_CURVE ( 'NONE', #7484, #6837, #787, .T. ) ;
#5519 = DIRECTION ( 'NONE',  ( 3.644377050373266267E-14, 0.000000000000000000, -1.000000000000000000 ) ) ;
#5520 = CARTESIAN_POINT ( 'NONE',  ( -98.67880131525888032, -14.00000000000000000, -49.49999999999999289 ) ) ;
#5521 = SURFACE_SIDE_STYLE ('',( #812 ) ) ;
#5522 = ORIENTED_EDGE ( 'NONE', *, *, #6504, .T. ) ;
#5523 = AXIS2_PLACEMENT_3D ( 'NONE', #4966, #2734, #5093 ) ;
#5524 = ORIENTED_EDGE ( 'NONE', *, *, #307, .F. ) ;
#5525 = AXIS2_PLACEMENT_3D ( 'NONE', #3277, #2658, #6687 ) ;
#5526 = ORIENTED_EDGE ( 'NONE', *, *, #1892, .T. ) ;
#5527 = EDGE_CURVE ( 'NONE', #6431, #6617, #6550, .T. ) ;
#5528 = DIRECTION ( 'NONE',  ( -5.160641267425204652E-13, 0.000000000000000000, -1.000000000000000000 ) ) ;
#5529 = DIRECTION ( 'NONE',  ( 0.000000000000000000, 0.000000000000000000, 1.000000000000000000 ) ) ;
#5530 = CIRCLE ( 'NONE', #473, 179.9999999999999716 ) ;
#5531 = DIRECTION ( 'NONE',  ( 0.000000000000000000, -1.000000000000000000, 0.000000000000000000 ) ) ;
#5532 = DIRECTION ( 'NONE',  ( -2.662824831472733167E-14, 0.000000000000000000, 1.000000000000000000 ) ) ;
#5533 = ORIENTED_EDGE ( 'NONE', *, *, #6069, .T. ) ;
#5534 = AXIS2_PLACEMENT_3D ( 'NONE', #708, #5917, #7086 ) ;
#5535 = AXIS2_PLACEMENT_3D ( 'NONE', #7583, #1518, #3284 ) ;
#5536 = DIRECTION ( 'NONE',  ( 0.000000000000000000, -1.000000000000000000, 0.000000000000000000 ) ) ;
#5537 = AXIS2_PLACEMENT_3D ( 'NONE', #2999, #3500, #6477 ) ;
#5538 = DIRECTION ( 'NONE',  ( 0.000000000000000000, 0.000000000000000000, -1.000000000000000000 ) ) ;
#5539 = AXIS2_PLACEMENT_3D ( 'NONE', #6447, #2319, #5798 ) ;
#5540 = ORIENTED_EDGE ( 'NONE', *, *, #5693, .F. ) ;
#5541 = ORIENTED_EDGE ( 'NONE', *, *, #6884, .F. ) ;
#5542 = AXIS2_PLACEMENT_3D ( 'NONE', #1307, #6595, #5900 ) ;
#5543 = CARTESIAN_POINT ( 'NONE',  ( 70.73140919045791009, -115.9999999999996732, -95.33045468254395871 ) ) ;
#5544 = AXIS2_PLACEMENT_3D ( 'NONE', #7151, #3033, #7068 ) ;
#5545 = DIRECTION ( 'NONE',  ( 0.000000000000000000, 1.000000000000000000, 0.000000000000000000 ) ) ;
#5546 = CIRCLE ( 'NONE', #2577, 180.0000000000000000 ) ;
#5547 = CARTESIAN_POINT ( 'NONE',  ( 81.15866094169690825, -115.9999999999996732, -57.14769043424222161 ) ) ;
#5548 = AXIS2_PLACEMENT_3D ( 'NONE', #2368, #5988, #3047 ) ;
#5549 = ORIENTED_EDGE ( 'NONE', *, *, #5503, .T. ) ;
#5550 = VECTOR ( 'NONE', #5730, 1000.000000000000000 ) ;
#5551 = VERTEX_POINT ( 'NONE', #603 ) ;
#5552 = ORIENTED_EDGE ( 'NONE', *, *, #5844, .T. ) ;
#5553 = CARTESIAN_POINT ( 'NONE',  ( 73.24452982358994291, -64.99999999999982947, -102.8138650830092473 ) ) ;
#5554 = AXIS2_PLACEMENT_3D ( 'NONE', #2295, #1216, #4649 ) ;
#5555 = FACE_BOUND ( 'NONE', #2105, .T. ) ;
#5556 = DIRECTION ( 'NONE',  ( 0.000000000000000000, 1.000000000000000000, 0.000000000000000000 ) ) ;
#5557 = CYLINDRICAL_SURFACE ( 'NONE', #606, 2.100000000000004530 ) ;
#5558 = EDGE_CURVE ( 'NONE', #7144, #2271, #4298, .T. ) ;
#5559 = ORIENTED_EDGE ( 'NONE', *, *, #7280, .T. ) ;
#5560 = AXIS2_PLACEMENT_3D ( 'NONE', #6313, #1031, #5086 ) ;
#5561 = EDGE_LOOP ( 'NONE', ( #2591, #4774, #6506, #392 ) ) ;
#5562 = CIRCLE ( 'NONE', #6547, 180.0000000000000000 ) ;
#5563 = CARTESIAN_POINT ( 'NONE',  ( 60.94177619711041416, -115.9999999999996874, 2.039751858564808895 ) ) ;
#5564 = EDGE_CURVE ( 'NONE', #6691, #4680, #5848, .T. ) ;
#5565 = DIRECTION ( 'NONE',  ( 0.000000000000000000, 0.000000000000000000, 1.000000000000000000 ) ) ;
#5566 = CARTESIAN_POINT ( 'NONE',  ( 62.30548667938873564, -6.000000000000000000, -119.3878316937673247 ) ) ;
#5567 = EDGE_CURVE ( 'NONE', #7169, #7320, #6428, .T. ) ;
#5568 = EDGE_CURVE ( 'NONE', #3603, #7454, #1615, .T. ) ;
#5569 = ORIENTED_EDGE ( 'NONE', *, *, #1583, .F. ) ;
#5570 = ORIENTED_EDGE ( 'NONE', *, *, #1182, .T. ) ;
#5571 = DIRECTION ( 'NONE',  ( 0.000000000000000000, 0.000000000000000000, 1.000000000000000000 ) ) ;
#5572 = DIRECTION ( 'NONE',  ( 0.000000000000000000, 1.000000000000000000, 0.000000000000000000 ) ) ;
#5573 = LINE ( 'NONE', #278, #1998 ) ;
#5574 = DIRECTION ( 'NONE',  ( -0.000000000000000000, 1.000000000000000000, -0.000000000000000000 ) ) ;
#5575 = CIRCLE ( 'NONE', #7194, 71.39999999996429381 ) ;
#5576 = ORIENTED_EDGE ( 'NONE', *, *, #7650, .T. ) ;
#5577 = DIRECTION ( 'NONE',  ( -0.000000000000000000, 1.000000000000000000, -0.000000000000000000 ) ) ;
#5578 = CARTESIAN_POINT ( 'NONE',  ( -98.67880131525888032, -14.00000000000000000, -49.49999999999999289 ) ) ;
#5579 = ORIENTED_EDGE ( 'NONE', *, *, #5827, .F. ) ;
#5580 = VERTEX_POINT ( 'NONE', #3129 ) ;
#5581 = DIRECTION ( 'NONE',  ( 0.000000000000000000, 1.000000000000000000, 0.000000000000000000 ) ) ;
#5582 = CARTESIAN_POINT ( 'NONE',  ( -98.67880131525888032, -14.00000000000000000, -49.49999999999999289 ) ) ;
#5583 = CARTESIAN_POINT ( 'NONE',  ( 76.47970268730874466, -115.9999999999996732, -72.20541458664207823 ) ) ;
#5584 = ORIENTED_EDGE ( 'NONE', *, *, #627, .T. ) ;
#5585 = ORIENTED_EDGE ( 'NONE', *, *, #3578, .T. ) ;
#5586 = VERTEX_POINT ( 'NONE', #2302 ) ;
#5587 = DIRECTION ( 'NONE',  ( -0.000000000000000000, 1.000000000000000000, -0.000000000000000000 ) ) ;
#5588 = DIRECTION ( 'NONE',  ( -0.000000000000000000, 1.000000000000000000, -0.000000000000000000 ) ) ;
#5589 = CARTESIAN_POINT ( 'NONE',  ( 48.75352798301227608, -115.9999999999996874, 30.49239379285298313 ) ) ;
#5590 = CIRCLE ( 'NONE', #6320, 180.0000000000000000 ) ;
#5591 = CARTESIAN_POINT ( 'NONE',  ( -98.67880131525888032, -14.00000000000000000, -49.49999999999999289 ) ) ;
#5592 = ORIENTED_EDGE ( 'NONE', *, *, #3577, .T. ) ;
#5593 = EDGE_LOOP ( 'NONE', ( #7593, #4091, #5024, #424 ) ) ;
#5594 = DIRECTION ( 'NONE',  ( -0.000000000000000000, -1.000000000000000000, -0.000000000000000000 ) ) ;
#5595 = ADVANCED_FACE ( 'NONE', ( #1326 ), #5497, .T. ) ;
#5596 = CARTESIAN_POINT ( 'NONE',  ( -98.67880131525888032, 1.734723475976807094E-13, -49.49999999999998579 ) ) ;
#5597 = DIRECTION ( 'NONE',  ( 0.000000000000000000, 1.000000000000000000, 0.000000000000000000 ) ) ;
#5598 = CARTESIAN_POINT ( 'NONE',  ( 66.23192265491276487, -115.9999999999996874, -112.7494307927166943 ) ) ;
#5599 = ORIENTED_EDGE ( 'NONE', *, *, #7412, .T. ) ;
#5600 = VERTEX_POINT ( 'NONE', #6467 ) ;
#5601 = ORIENTED_EDGE ( 'NONE', *, *, #4086, .F. ) ;
#5602 = EDGE_CURVE ( 'NONE', #3878, #6213, #3087, .T. ) ;
#5603 = EDGE_CURVE ( 'NONE', #6918, #6103, #4584, .T. ) ;
#5604 = CARTESIAN_POINT ( 'NONE',  ( 3.002554204424023876, -14.00000000000000000, -182.9015619350259954 ) ) ;
#5605 = CARTESIAN_POINT ( 'NONE',  ( 64.51909169423578305, -16.00000000000000000, -88.24948392283776855 ) ) ;
#5606 = AXIS2_PLACEMENT_3D ( 'NONE', #6761, #3789, #3323 ) ;
#5607 = CYLINDRICAL_SURFACE ( 'NONE', #7564, 71.39999999996429381 ) ;
#5608 = DIRECTION ( 'NONE',  ( -0.000000000000000000, 1.000000000000000000, -0.000000000000000000 ) ) ;
#5609 = ORIENTED_EDGE ( 'NONE', *, *, #5603, .T. ) ;
#5610 = DIRECTION ( 'NONE',  ( 0.000000000000000000, 0.000000000000000000, 1.000000000000000000 ) ) ;
#5611 = LINE ( 'NONE', #6986, #5409 ) ;
#5612 = AXIS2_PLACEMENT_3D ( 'NONE', #4505, #3925, #295 ) ;
#5613 = ORIENTED_EDGE ( 'NONE', *, *, #3185, .T. ) ;
#5614 = ORIENTED_EDGE ( 'NONE', *, *, #2819, .F. ) ;
#5615 = EDGE_CURVE ( 'NONE', #4271, #3399, #530, .T. ) ;
#5616 = EDGE_CURVE ( 'NONE', #1607, #4487, #2378, .T. ) ;
#5617 = DIRECTION ( 'NONE',  ( 0.9929475900391752097, 0.000000000000000000, -0.1185541371500549446 ) ) ;
#5618 = AXIS2_PLACEMENT_3D ( 'NONE', #6586, #175, #3606 ) ;
#5619 = DIRECTION ( 'NONE',  ( 0.000000000000000000, -1.000000000000000000, 0.000000000000000000 ) ) ;
#5620 = DIRECTION ( 'NONE',  ( 0.000000000000000000, 0.000000000000000000, 1.000000000000000000 ) ) ;
#5621 = DIRECTION ( 'NONE',  ( 0.000000000000000000, -1.000000000000000000, 0.000000000000000000 ) ) ;
#5622 = ORIENTED_EDGE ( 'NONE', *, *, #1215, .F. ) ;
#5623 = VERTEX_POINT ( 'NONE', #1722 ) ;
#5624 = EDGE_LOOP ( 'NONE', ( #1795, #513, #4734, #4281 ) ) ;
#5625 = EDGE_CURVE ( 'NONE', #6590, #4526, #6384, .T. ) ;
#5626 = CARTESIAN_POINT ( 'NONE',  ( -98.67880131525888032, -14.00000000000000000, -49.49999999999998579 ) ) ;
#5627 = CARTESIAN_POINT ( 'NONE',  ( 77.66669519221666462, 1.734723475976807094E-13, -59.41479891378207157 ) ) ;
#5628 = CARTESIAN_POINT ( 'NONE',  ( 72.12876399156284890, -12.00000000000000000, -41.38978212648866162 ) ) ;
#5629 = CARTESIAN_POINT ( 'NONE',  ( 65.00000000000000000, -129.9999999999998295, -1.387778780781445676E-14 ) ) ;
#5630 = ORIENTED_EDGE ( 'NONE', *, *, #7197, .F. ) ;
#5631 = VERTEX_POINT ( 'NONE', #7607 ) ;
#5632 = DIRECTION ( 'NONE',  ( -0.000000000000000000, -1.000000000000000000, -0.000000000000000000 ) ) ;
#5633 = CARTESIAN_POINT ( 'NONE',  ( 57.99930231246383272, 1.734723475976807094E-13, -109.3919579797263424 ) ) ;
#5634 = LINE ( 'NONE', #3735, #5893 ) ;
#5635 = LINE ( 'NONE', #4936, #4798 ) ;
#5636 = DIRECTION ( 'NONE',  ( 0.000000000000000000, 0.000000000000000000, 1.000000000000000000 ) ) ;
#5637 = VERTEX_POINT ( 'NONE', #4656 ) ;
#5638 = CIRCLE ( 'NONE', #7622, 176.6239999999116890 ) ;
#5639 = ORIENTED_EDGE ( 'NONE', *, *, #4877, .F. ) ;
#5640 = EDGE_LOOP ( 'NONE', ( #1974, #7283, #1436, #1481 ) ) ;
#5641 = DIRECTION ( 'NONE',  ( -0.000000000000000000, 1.000000000000000000, -0.000000000000000000 ) ) ;
#5642 = CARTESIAN_POINT ( 'NONE',  ( 66.23192265491276487, -14.00000000000000000, -112.7494307927166943 ) ) ;
#5643 = DIRECTION ( 'NONE',  ( 0.000000000000000000, -1.000000000000000000, 0.000000000000000000 ) ) ;
#5644 = CARTESIAN_POINT ( 'NONE',  ( 64.50487105808083754, -14.00000000000000000, -117.0805182483777855 ) ) ;
#5645 = CARTESIAN_POINT ( 'NONE',  ( 76.32948134498396087, -14.00000000000000000, -25.66434653127068444 ) ) ;
#5646 = DIRECTION ( 'NONE',  ( 0.000000000000000000, 0.000000000000000000, 1.000000000000000000 ) ) ;
#5647 = CIRCLE ( 'NONE', #339, 2.100000000000004530 ) ;
#5648 = EDGE_CURVE ( 'NONE', #749, #3348, #1912, .T. ) ;
#5649 = ORIENTED_EDGE ( 'NONE', *, *, #3011, .T. ) ;
#5650 = AXIS2_PLACEMENT_3D ( 'NONE', #3863, #7360, #6064 ) ;
#5651 = LINE ( 'NONE', #1053, #7172 ) ;
#5652 = DIRECTION ( 'NONE',  ( -0.000000000000000000, 1.000000000000000000, -0.000000000000000000 ) ) ;
#5653 = DIRECTION ( 'NONE',  ( -0.000000000000000000, -1.000000000000000000, -0.000000000000000000 ) ) ;
#5654 = DIRECTION ( 'NONE',  ( 0.000000000000000000, 0.000000000000000000, 1.000000000000000000 ) ) ;
#5655 = DIRECTION ( 'NONE',  ( -0.000000000000000000, 1.000000000000000000, -0.000000000000000000 ) ) ;
#5656 = AXIS2_PLACEMENT_3D ( 'NONE', #3589, #3005, #5976 ) ;
#5657 = ADVANCED_FACE ( 'NONE', ( #1762 ), #168, .F. ) ;
#5658 = EDGE_CURVE ( 'NONE', #1199, #6769, #1946, .T. ) ;
#5659 = ORIENTED_EDGE ( 'NONE', *, *, #5292, .T. ) ;
#5660 = AXIS2_PLACEMENT_3D ( 'NONE', #1480, #7447, #6223 ) ;
#5661 = ORIENTED_EDGE ( 'NONE', *, *, #3900, .F. ) ;
#5662 = VECTOR ( 'NONE', #4891, 1000.000000000000000 ) ;
#5663 = ORIENTED_EDGE ( 'NONE', *, *, #6312, .F. ) ;
#5664 = FACE_OUTER_BOUND ( 'NONE', #4171, .T. ) ;
#5665 = CARTESIAN_POINT ( 'NONE',  ( 68.48757222670489853, -64.99999999999982947, -116.2488094035857387 ) ) ;
#5666 = CARTESIAN_POINT ( 'NONE',  ( 72.12876399156284890, -117.9999999999996589, -41.38978212648866162 ) ) ;
#5667 = VECTOR ( 'NONE', #6468, 1000.000000000000000 ) ;
#5668 = DIRECTION ( 'NONE',  ( 0.000000000000000000, 0.000000000000000000, 1.000000000000000000 ) ) ;
#5669 = CIRCLE ( 'NONE', #2832, 170.9999999999999716 ) ;
#5670 = CIRCLE ( 'NONE', #5432, 71.39999999996429381 ) ;
#5671 = ORIENTED_EDGE ( 'NONE', *, *, #1550, .F. ) ;
#5672 = AXIS2_PLACEMENT_3D ( 'NONE', #2788, #3400, #1520 ) ;
#5673 = ORIENTED_EDGE ( 'NONE', *, *, #691, .T. ) ;
#5674 = CIRCLE ( 'NONE', #4068, 170.9999999999999716 ) ;
#5675 = LINE ( 'NONE', #2164, #5150 ) ;
#5676 = CARTESIAN_POINT ( 'NONE',  ( 74.23430928101858228, -117.9999999999996589, -19.47823816096860838 ) ) ;
#5677 = DIRECTION ( 'NONE',  ( -0.9653003447619190602, 0.000000000000000000, 0.2611421919233277711 ) ) ;
#5678 = AXIS2_PLACEMENT_3D ( 'NONE', #654, #1009, #5356 ) ;
#5679 = DIRECTION ( 'NONE',  ( 0.000000000000000000, 0.000000000000000000, 1.000000000000000000 ) ) ;
#5680 = ORIENTED_EDGE ( 'NONE', *, *, #1140, .F. ) ;
#5681 = VERTEX_POINT ( 'NONE', #4904 ) ;
#5682 = CARTESIAN_POINT ( 'NONE',  ( 76.75940293603790110, -123.9999999999996589, -44.84312453674527887 ) ) ;
#5683 = DIRECTION ( 'NONE',  ( 0.000000000000000000, 0.000000000000000000, -1.000000000000000000 ) ) ;
#5684 = AXIS2_PLACEMENT_3D ( 'NONE', #5884, #4114, #3456 ) ;
#5685 = LINE ( 'NONE', #3865, #3971 ) ;
#5686 = CARTESIAN_POINT ( 'NONE',  ( 77.70094148588560756, -13.99999999999999822, -13.58083618220343247 ) ) ;
#5687 = VERTEX_POINT ( 'NONE', #4035 ) ;
#5688 = DIRECTION ( 'NONE',  ( -0.000000000000000000, -1.000000000000000000, -0.000000000000000000 ) ) ;
#5689 = EDGE_CURVE ( 'NONE', #3932, #1000, #2623, .T. ) ;
#5690 = ORIENTED_EDGE ( 'NONE', *, *, #1656, .T. ) ;
#5691 = CARTESIAN_POINT ( 'NONE',  ( 76.32948134498366244, -14.00000000000000000, -73.33565346873172075 ) ) ;
#5692 = DIRECTION ( 'NONE',  ( -0.000000000000000000, -1.000000000000000000, -0.000000000000000000 ) ) ;
#5693 = EDGE_CURVE ( 'NONE', #7091, #4503, #60, .T. ) ;
#5694 = CARTESIAN_POINT ( 'NONE',  ( 65.41789684650092340, -117.9999999999996589, -97.59650353620614283 ) ) ;
#5695 = DIRECTION ( 'NONE',  ( -0.000000000000000000, -1.000000000000000000, 0.000000000000000000 ) ) ;
#5696 = DIRECTION ( 'NONE',  ( 0.000000000000000000, 0.000000000000000000, 1.000000000000000000 ) ) ;
#5697 = EDGE_LOOP ( 'NONE', ( #4510, #7061, #583, #7071 ) ) ;
#5698 = VECTOR ( 'NONE', #54, 1000.000000000000114 ) ;
#5699 = ORIENTED_EDGE ( 'NONE', *, *, #4717, .F. ) ;
#5700 = ORIENTED_EDGE ( 'NONE', *, *, #5320, .F. ) ;
#5701 = CARTESIAN_POINT ( 'NONE',  ( 64.97707934162689014, -6.000000000000005329, -124.4449980077839797 ) ) ;
#5702 = ADVANCED_FACE ( 'NONE', ( #4341 ), #4491, .T. ) ;
#5703 = DIRECTION ( 'NONE',  ( -0.8660254037844408170, -0.000000000000000000, 0.4999999999999961697 ) ) ;
#5704 = ADVANCED_FACE ( 'NONE', ( #280 ), #2746, .F. ) ;
#5705 = DIRECTION ( 'NONE',  ( 0.000000000000000000, 0.000000000000000000, 1.000000000000000000 ) ) ;
#5706 = DIRECTION ( 'NONE',  ( 0.000000000000000000, -1.000000000000000000, 0.000000000000000000 ) ) ;
#5707 = ORIENTED_EDGE ( 'NONE', *, *, #3040, .F. ) ;
#5708 = ORIENTED_EDGE ( 'NONE', *, *, #5564, .F. ) ;
#5709 = DIRECTION ( 'NONE',  ( -2.487894733054816267E-14, 0.000000000000000000, 1.000000000000000000 ) ) ;
#5710 = EDGE_CURVE ( 'NONE', #6331, #5246, #2885, .T. ) ;
#5711 = CARTESIAN_POINT ( 'NONE',  ( 77.34352649451592754, -115.9999999999996874, -64.06631347997779358 ) ) ;
#5712 = FACE_OUTER_BOUND ( 'NONE', #585, .T. ) ;
#5713 = DIRECTION ( 'NONE',  ( -0.000000000000000000, 1.000000000000000000, -0.000000000000000000 ) ) ;
#5714 = VERTEX_POINT ( 'NONE', #5686 ) ;
#5715 = ORIENTED_EDGE ( 'NONE', *, *, #5186, .T. ) ;
#5716 = EDGE_CURVE ( 'NONE', #1582, #7394, #5726, .T. ) ;
#5717 = DIRECTION ( 'NONE',  ( 0.000000000000000000, 0.000000000000000000, -1.000000000000000000 ) ) ;
#5718 = EDGE_CURVE ( 'NONE', #2796, #2410, #4372, .T. ) ;
#5719 = CARTESIAN_POINT ( 'NONE',  ( 76.89768497403650827, -115.9999999999996874, -30.29232345457487341 ) ) ;
#5720 = CARTESIAN_POINT ( 'NONE',  ( 67.82436137367703566, -12.00000000000000000, -117.8863788672988306 ) ) ;
#5721 = DIRECTION ( 'NONE',  ( 0.000000000000000000, 0.000000000000000000, -1.000000000000000000 ) ) ;
#5722 = EDGE_LOOP ( 'NONE', ( #6979, #5402, #6554, #4982 ) ) ;
#5723 = CARTESIAN_POINT ( 'NONE',  ( -98.67880131525888032, -6.000000000000000000, -49.49999999999999289 ) ) ;
#5724 = EDGE_LOOP ( 'NONE', ( #533, #4138, #2365, #3813 ) ) ;
#5725 = EDGE_LOOP ( 'NONE', ( #5516, #5089, #3702, #625 ) ) ;
#5726 = CIRCLE ( 'NONE', #2158, 71.39999999996429381 ) ;
#5727 = CARTESIAN_POINT ( 'NONE',  ( 60.19517177075453418, -14.00000000000000000, -126.6692817890219800 ) ) ;
#5728 = DIRECTION ( 'NONE',  ( 0.000000000000000000, -0.000000000000000000, 1.000000000000000000 ) ) ;
#5729 = CARTESIAN_POINT ( 'NONE',  ( -98.67880131525888032, -115.9999999999996732, -49.49999999999999289 ) ) ;
#5730 = DIRECTION ( 'NONE',  ( -0.000000000000000000, -1.000000000000000000, -0.000000000000000000 ) ) ;
#5731 = LINE ( 'NONE', #2673, #2586 ) ;
#5732 = ORIENTED_EDGE ( 'NONE', *, *, #1411, .T. ) ;
#5733 = ORIENTED_EDGE ( 'NONE', *, *, #3710, .T. ) ;
#5734 = ORIENTED_EDGE ( 'NONE', *, *, #3850, .F. ) ;
#5735 = VECTOR ( 'NONE', #1761, 1000.000000000000000 ) ;
#5736 = FACE_OUTER_BOUND ( 'NONE', #833, .T. ) ;
#5737 = AXIS2_PLACEMENT_3D ( 'NONE', #1315, #3707, #1204 ) ;
#5738 = CARTESIAN_POINT ( 'NONE',  ( 76.32948134498363402, -115.9999999999996874, -73.33565346873172075 ) ) ;
#5739 = CARTESIAN_POINT ( 'NONE',  ( 77.72942259335846416, -14.00000000000000000, -40.77211862042489088 ) ) ;
#5740 = CYLINDRICAL_SURFACE ( 'NONE', #4562, 71.39999999996429381 ) ;
#5741 = EDGE_CURVE ( 'NONE', #5974, #5002, #4251, .T. ) ;
#5742 = VERTEX_POINT ( 'NONE', #5644 ) ;
#5743 = ORIENTED_EDGE ( 'NONE', *, *, #7281, .F. ) ;
#5744 = FACE_OUTER_BOUND ( 'NONE', #2528, .T. ) ;
#5745 = CARTESIAN_POINT ( 'NONE',  ( 62.30548667938873564, -117.9999999999996589, -117.2878316937673162 ) ) ;
#5746 = DIRECTION ( 'NONE',  ( 0.000000000000000000, 0.000000000000000000, 1.000000000000000000 ) ) ;
#5747 = CARTESIAN_POINT ( 'NONE',  ( 46.59060502756037891, -16.00000000000000000, -133.3562720840223790 ) ) ;
#5748 = EDGE_CURVE ( 'NONE', #4413, #4971, #5103, .T. ) ;
#5749 = ADVANCED_FACE ( 'NONE', ( #3831 ), #6690, .F. ) ;
#5750 = CIRCLE ( 'NONE', #3401, 179.9999999999999716 ) ;
#5751 = ORIENTED_EDGE ( 'NONE', *, *, #6118, .T. ) ;
#5752 = ADVANCED_FACE ( 'NONE', ( #3866 ), #820, .F. ) ;
#5753 = ORIENTED_EDGE ( 'NONE', *, *, #3246, .T. ) ;
#5754 = AXIS2_PLACEMENT_3D ( 'NONE', #7220, #1918, #1377 ) ;
#5755 = LINE ( 'NONE', #5101, #4547 ) ;
#5756 = AXIS2_PLACEMENT_3D ( 'NONE', #4105, #1055, #7631 ) ;
#5757 = CARTESIAN_POINT ( 'NONE',  ( -98.67880131525888032, -115.9999999999996732, -49.49999999999999289 ) ) ;
#5758 = CARTESIAN_POINT ( 'NONE',  ( 70.73140919045791009, -19.93969696196701236, -95.33045468254395871 ) ) ;
#5759 = ORIENTED_EDGE ( 'NONE', *, *, #7134, .F. ) ;
#5760 = DIRECTION ( 'NONE',  ( -0.9852598894374785532, -0.000000000000000000, -0.1710641700229696416 ) ) ;
#5761 = ORIENTED_EDGE ( 'NONE', *, *, #3297, .F. ) ;
#5762 = CIRCLE ( 'NONE', #1081, 71.39999999996429381 ) ;
#5763 = DIRECTION ( 'NONE',  ( 0.000000000000000000, 0.000000000000000000, 1.000000000000000000 ) ) ;
#5764 = CARTESIAN_POINT ( 'NONE',  ( -98.67880131525888032, -12.00000000000000000, -49.49999999999999289 ) ) ;
#5765 = CARTESIAN_POINT ( 'NONE',  ( -98.67880131525888032, -12.00000000000000000, -49.49999999999999289 ) ) ;
#5766 = DIRECTION ( 'NONE',  ( 0.000000000000000000, -0.000000000000000000, 1.000000000000000000 ) ) ;
#5767 = CARTESIAN_POINT ( 'NONE',  ( 72.79737264983668865, -115.9999999999996732, -94.95389793448137539 ) ) ;
#5768 = ORIENTED_EDGE ( 'NONE', *, *, #3384, .T. ) ;
#5769 = VECTOR ( 'NONE', #1536, 1000.000000000000000 ) ;
#5770 = EDGE_LOOP ( 'NONE', ( #4014, #3143, #2950, #4794 ) ) ;
#5771 = FACE_BOUND ( 'NONE', #6090, .T. ) ;
#5772 = FACE_BOUND ( 'NONE', #2231, .T. ) ;
#5773 = DIRECTION ( 'NONE',  ( -0.000000000000000000, -1.000000000000000000, -0.000000000000000000 ) ) ;
#5774 = AXIS2_PLACEMENT_3D ( 'NONE', #1201, #2974, #6570 ) ;
#5775 = LINE ( 'NONE', #5087, #849 ) ;
#5776 = VECTOR ( 'NONE', #1812, 1000.000000000000000 ) ;
#5777 = AXIS2_PLACEMENT_3D ( 'NONE', #2740, #7470, #2275 ) ;
#5778 = ORIENTED_EDGE ( 'NONE', *, *, #6835, .F. ) ;
#5779 = VERTEX_POINT ( 'NONE', #352 ) ;
#5780 = DIRECTION ( 'NONE',  ( 0.000000000000000000, 1.000000000000000000, 0.000000000000000000 ) ) ;
#5781 = CIRCLE ( 'NONE', #5298, 180.0000000000000000 ) ;
#5782 = DIRECTION ( 'NONE',  ( 0.000000000000000000, -1.000000000000000000, 0.000000000000000000 ) ) ;
#5783 = VECTOR ( 'NONE', #3977, 1000.000000000000227 ) ;
#5784 = AXIS2_PLACEMENT_3D ( 'NONE', #2241, #6947, #2273 ) ;
#5785 = EDGE_CURVE ( 'NONE', #4487, #2937, #1785, .T. ) ;
#5786 = CARTESIAN_POINT ( 'NONE',  ( 77.70094148588505334, -64.99999999999982947, -85.41916381779901712 ) ) ;
#5787 = CARTESIAN_POINT ( 'NONE',  ( 78.02144248894774137, -12.00000000000000000, -15.19221896516870984 ) ) ;
#5788 = CARTESIAN_POINT ( 'NONE',  ( 68.78126029277126463, -14.00000000000000000, -59.10221605982078330 ) ) ;
#5789 = AXIS2_PLACEMENT_3D ( 'NONE', #977, #5185, #2829 ) ;
#5790 = VECTOR ( 'NONE', #641, 1000.000000000000000 ) ;
#5791 = ORIENTED_EDGE ( 'NONE', *, *, #2093, .F. ) ;
#5792 = AXIS2_PLACEMENT_3D ( 'NONE', #3256, #901, #2113 ) ;
#5793 = AXIS2_PLACEMENT_3D ( 'NONE', #7149, #2465, #7195 ) ;
#5794 = EDGE_LOOP ( 'NONE', ( #3476, #2934, #869, #3349 ) ) ;
#5795 = DIRECTION ( 'NONE',  ( -0.000000000000000000, -1.000000000000000000, -0.000000000000000000 ) ) ;
#5796 = VECTOR ( 'NONE', #4634, 1000.000000000000000 ) ;
#5797 = EDGE_CURVE ( 'NONE', #5413, #5454, #5490, .T. ) ;
#5798 = DIRECTION ( 'NONE',  ( 0.000000000000000000, 0.000000000000000000, -1.000000000000000000 ) ) ;
#5799 = EDGE_CURVE ( 'NONE', #1660, #2146, #1477, .T. ) ;
#5800 = CARTESIAN_POINT ( 'NONE',  ( -98.67880131525888032, -14.00000000000000000, -49.49999999999999289 ) ) ;
#5801 = VERTEX_POINT ( 'NONE', #2021 ) ;
#5802 = DIRECTION ( 'NONE',  ( 4.556418804780566556E-13, 0.000000000000000000, 1.000000000000000000 ) ) ;
#5803 = AXIS2_PLACEMENT_3D ( 'NONE', #2121, #4002, #6348 ) ;
#5804 = ORIENTED_EDGE ( 'NONE', *, *, #5414, .F. ) ;
#5805 = DIRECTION ( 'NONE',  ( 0.000000000000000000, -1.000000000000000000, 0.000000000000000000 ) ) ;
#5806 = DIRECTION ( 'NONE',  ( 0.000000000000000000, 0.000000000000000000, -1.000000000000000000 ) ) ;
#5807 = DIRECTION ( 'NONE',  ( -0.000000000000000000, 1.000000000000000000, -0.000000000000000000 ) ) ;
#5808 = EDGE_CURVE ( 'NONE', #6024, #6935, #3247, .T. ) ;
#5809 = EDGE_CURVE ( 'NONE', #2013, #6649, #2661, .T. ) ;
#5810 = DIRECTION ( 'NONE',  ( 0.000000000000000000, -1.000000000000000000, 0.000000000000000000 ) ) ;
#5811 = CARTESIAN_POINT ( 'NONE',  ( -98.67880131525888032, -123.9999999999996589, -49.49999999999999289 ) ) ;
#5812 = VERTEX_POINT ( 'NONE', #3281 ) ;
#5813 = VERTEX_POINT ( 'NONE', #4374 ) ;
#5814 = CARTESIAN_POINT ( 'NONE',  ( 49.41154273188064394, -129.9999999999998295, -134.9999999999990905 ) ) ;
#5815 = CARTESIAN_POINT ( 'NONE',  ( -98.67880131525888032, -129.9999999999998295, -49.49999999999998579 ) ) ;
#5816 = EDGE_CURVE ( 'NONE', #2518, #61, #2708, .T. ) ;
#5817 = DIRECTION ( 'NONE',  ( 0.000000000000000000, -1.000000000000000000, 0.000000000000000000 ) ) ;
#5818 = LINE ( 'NONE', #2236, #3564 ) ;
#5819 = VERTEX_POINT ( 'NONE', #4570 ) ;
#5820 = ORIENTED_EDGE ( 'NONE', *, *, #4289, .T. ) ;
#5821 = DIRECTION ( 'NONE',  ( -0.000000000000000000, -1.000000000000000000, -0.000000000000000000 ) ) ;
#5822 = CARTESIAN_POINT ( 'NONE',  ( 76.75940293603790110, -8.060303038032998302, -46.94312453674528030 ) ) ;
#5823 = CARTESIAN_POINT ( 'NONE',  ( 64.51909169423578305, 1.734723475976807094E-13, -88.24948392283776855 ) ) ;
#5824 = CARTESIAN_POINT ( 'NONE',  ( 76.75940293603790110, -117.9999999999996589, -42.74312453674527035 ) ) ;
#5825 = VERTEX_POINT ( 'NONE', #1167 ) ;
#5826 = ORIENTED_EDGE ( 'NONE', *, *, #3630, .T. ) ;
#5827 = EDGE_CURVE ( 'NONE', #7543, #4895, #3754, .T. ) ;
#5828 = DIRECTION ( 'NONE',  ( 0.000000000000000000, 0.000000000000000000, 1.000000000000000000 ) ) ;
#5829 = DIRECTION ( 'NONE',  ( 0.000000000000000000, 0.000000000000000000, -1.000000000000000000 ) ) ;
#5830 = CARTESIAN_POINT ( 'NONE',  ( 60.71087466675243149, -14.00000000000000000, -125.5984136912081084 ) ) ;
#5831 = ORIENTED_EDGE ( 'NONE', *, *, #3215, .F. ) ;
#5832 = CARTESIAN_POINT ( 'NONE',  ( 62.30548667938873564, -6.000000000000000000, -121.4878316937673191 ) ) ;
#5833 = ORIENTED_EDGE ( 'NONE', *, *, #6084, .F. ) ;
#5834 = EDGE_CURVE ( 'NONE', #5062, #5456, #3133, .T. ) ;
#5835 = VERTEX_POINT ( 'NONE', #5830 ) ;
#5836 = ADVANCED_FACE ( 'NONE', ( #6921 ), #1012, .F. ) ;
#5837 = PLANE ( 'NONE',  #5064 ) ;
#5838 = CARTESIAN_POINT ( 'NONE',  ( 68.09761215553594127, -64.99999999999982947, -117.2172644883566903 ) ) ;
#5839 = PLANE ( 'NONE',  #5373 ) ;
#5840 = CYLINDRICAL_SURFACE ( 'NONE', #3688, 71.39999999996429381 ) ;
#5841 = DIRECTION ( 'NONE',  ( 2.575359782263774559E-14, 0.000000000000000000, -1.000000000000000000 ) ) ;
#5842 = ORIENTED_EDGE ( 'NONE', *, *, #4086, .T. ) ;
#5843 = EDGE_CURVE ( 'NONE', #7648, #5203, #430, .T. ) ;
#5844 = EDGE_CURVE ( 'NONE', #5586, #3229, #6995, .T. ) ;
#5845 = ORIENTED_EDGE ( 'NONE', *, *, #7323, .T. ) ;
#5846 = CARTESIAN_POINT ( 'NONE',  ( -98.67880131525888032, 1.734723475976807094E-13, -49.49999999999998579 ) ) ;
#5847 = DIRECTION ( 'NONE',  ( 0.000000000000000000, 0.000000000000000000, 1.000000000000000000 ) ) ;
#5848 = LINE ( 'NONE', #562, #6175 ) ;
#5849 = CARTESIAN_POINT ( 'NONE',  ( -98.67880131525888032, 1.734723475976807094E-13, -49.49999999999998579 ) ) ;
#5850 = VERTEX_POINT ( 'NONE', #7624 ) ;
#5851 = ADVANCED_FACE ( 'NONE', ( #466 ), #6955, .F. ) ;
#5852 = ORIENTED_EDGE ( 'NONE', *, *, #974, .T. ) ;
#5853 = DIRECTION ( 'NONE',  ( -0.000000000000000000, -1.000000000000000000, -0.000000000000000000 ) ) ;
#5854 = ORIENTED_EDGE ( 'NONE', *, *, #6685, .T. ) ;
#5855 = DIRECTION ( 'NONE',  ( 0.000000000000000000, 0.000000000000000000, 1.000000000000000000 ) ) ;
#5856 = CARTESIAN_POINT ( 'NONE',  ( 70.73140919045791009, -117.9999999999996589, -95.33045468254395871 ) ) ;
#5857 = CARTESIAN_POINT ( 'NONE',  ( 48.75352798301116053, -115.9999999999996874, -129.4923937928550117 ) ) ;
#5858 = DIRECTION ( 'NONE',  ( 0.000000000000000000, 0.000000000000000000, 1.000000000000000000 ) ) ;
#5859 = LINE ( 'NONE', #1737, #5796 ) ;
#5860 = EDGE_LOOP ( 'NONE', ( #4243, #3230, #1748, #588 ) ) ;
#5861 = ORIENTED_EDGE ( 'NONE', *, *, #2626, .T. ) ;
#5862 = EDGE_LOOP ( 'NONE', ( #2390, #2688, #2496, #2569 ) ) ;
#5863 = DIRECTION ( 'NONE',  ( -0.9929475900391758758, -0.000000000000000000, 0.1185541371500488522 ) ) ;
#5864 = CARTESIAN_POINT ( 'NONE',  ( 63.43935890317140291, -14.00000000000000000, -92.54389520496604860 ) ) ;
#5865 = CARTESIAN_POINT ( 'NONE',  ( 62.24664332983695658, -16.00000000000000000, -2.191691503469067825 ) ) ;
#5866 = ORIENTED_EDGE ( 'NONE', *, *, #4129, .F. ) ;
#5867 = DIRECTION ( 'NONE',  ( -0.3982212632123491303, 0.000000000000000000, -0.9172893902828926915 ) ) ;
#5868 = ORIENTED_EDGE ( 'NONE', *, *, #1781, .T. ) ;
#5869 = EDGE_LOOP ( 'NONE', ( #990, #139, #6816, #5826 ) ) ;
#5870 = EDGE_LOOP ( 'NONE', ( #850, #3566, #5476, #2747 ) ) ;
#5871 = CIRCLE ( 'NONE', #948, 71.39999999996427960 ) ;
#5872 = DIRECTION ( 'NONE',  ( 0.000000000000000000, -1.000000000000000000, 0.000000000000000000 ) ) ;
#5873 = DIRECTION ( 'NONE',  ( 0.000000000000000000, 0.000000000000000000, -1.000000000000000000 ) ) ;
#5874 = LINE ( 'NONE', #4614, #313 ) ;
#5875 = DIRECTION ( 'NONE',  ( 0.000000000000000000, 0.000000000000000000, 1.000000000000000000 ) ) ;
#5876 = ADVANCED_FACE ( 'NONE', ( #4639, #1587 ), #2820, .T. ) ;
#5877 = CARTESIAN_POINT ( 'NONE',  ( 66.66736198205616404, -115.9999999999996732, -120.6382195648557598 ) ) ;
#5878 = VECTOR ( 'NONE', #6272, 1000.000000000000000 ) ;
#5879 = ORIENTED_EDGE ( 'NONE', *, *, #5425, .T. ) ;
#5880 = ORIENTED_EDGE ( 'NONE', *, *, #3574, .F. ) ;
#5881 = CARTESIAN_POINT ( 'NONE',  ( -98.67880131525888032, -14.00000000000000000, -49.49999999999998579 ) ) ;
#5882 = AXIS2_PLACEMENT_3D ( 'NONE', #7335, #5652, #6811 ) ;
#5883 = FACE_BOUND ( 'NONE', #5011, .T. ) ;
#5884 = CARTESIAN_POINT ( 'NONE',  ( 59.56704236009141340, -12.00000000000000000, -114.3016431850041243 ) ) ;
#5885 = EDGE_CURVE ( 'NONE', #7387, #484, #1698, .T. ) ;
#5886 = EDGE_CURVE ( 'NONE', #2700, #2367, #2895, .T. ) ;
#5887 = DIRECTION ( 'NONE',  ( -0.9996478874717766860, 0.000000000000000000, -0.02653490292452686042 ) ) ;
#5888 = AXIS2_PLACEMENT_3D ( 'NONE', #2822, #2250, #6997 ) ;
#5889 = CIRCLE ( 'NONE', #2562, 71.39999999996429381 ) ;
#5890 = ORIENTED_EDGE ( 'NONE', *, *, #1983, .F. ) ;
#5891 = ORIENTED_EDGE ( 'NONE', *, *, #5320, .T. ) ;
#5892 = CARTESIAN_POINT ( 'NONE',  ( 70.73140919045791009, -129.9999999999998295, -97.43045468254396724 ) ) ;
#5893 = VECTOR ( 'NONE', #6711, 1000.000000000000000 ) ;
#5894 = CIRCLE ( 'NONE', #6019, 2.100000000000004530 ) ;
#5895 = DIRECTION ( 'NONE',  ( -0.000000000000000000, -1.000000000000000000, -0.000000000000000000 ) ) ;
#5896 = AXIS2_PLACEMENT_3D ( 'NONE', #1789, #673, #4723 ) ;
#5897 = DIRECTION ( 'NONE',  ( 4.502989510294434475E-13, 0.000000000000000000, 1.000000000000000000 ) ) ;
#5898 = FACE_OUTER_BOUND ( 'NONE', #5911, .T. ) ;
#5899 = ADVANCED_FACE ( 'NONE', ( #7514 ), #7479, .T. ) ;
#5900 = DIRECTION ( 'NONE',  ( 0.000000000000000000, 0.000000000000000000, 1.000000000000000000 ) ) ;
#5901 = CIRCLE ( 'NONE', #963, 176.6239999999116890 ) ;
#5902 = ORIENTED_EDGE ( 'NONE', *, *, #700, .T. ) ;
#5903 = ORIENTED_EDGE ( 'NONE', *, *, #3662, .F. ) ;
#5904 = ORIENTED_EDGE ( 'NONE', *, *, #6069, .F. ) ;
#5905 = VECTOR ( 'NONE', #333, 1000.000000000000000 ) ;
#5906 = CIRCLE ( 'NONE', #1346, 179.9999999999999716 ) ;
#5907 = AXIS2_PLACEMENT_3D ( 'NONE', #5070, #7401, #894 ) ;
#5908 = CARTESIAN_POINT ( 'NONE',  ( 76.75940293603790110, -117.9999999999996589, -44.84312453674527887 ) ) ;
#5909 = DIRECTION ( 'NONE',  ( 0.000000000000000000, -1.000000000000000000, 0.000000000000000000 ) ) ;
#5910 = DIRECTION ( 'NONE',  ( -0.000000000000000000, 1.000000000000000000, -0.000000000000000000 ) ) ;
#5911 = EDGE_LOOP ( 'NONE', ( #2135, #3898, #5733, #2334 ) ) ;
#5912 = ORIENTED_EDGE ( 'NONE', *, *, #3900, .T. ) ;
#5913 = ORIENTED_EDGE ( 'NONE', *, *, #7433, .T. ) ;
#5914 = ORIENTED_EDGE ( 'NONE', *, *, #2728, .F. ) ;
#5915 = DIRECTION ( 'NONE',  ( 0.000000000000000000, -1.000000000000000000, 0.000000000000000000 ) ) ;
#5916 = VECTOR ( 'NONE', #1142, 1000.000000000000000 ) ;
#5917 = DIRECTION ( 'NONE',  ( 0.000000000000000000, 1.000000000000000000, 0.000000000000000000 ) ) ;
#5918 = VECTOR ( 'NONE', #1258, 1000.000000000000000 ) ;
#5919 = DIRECTION ( 'NONE',  ( 0.000000000000000000, -1.000000000000000000, 0.000000000000000000 ) ) ;
#5920 = DIRECTION ( 'NONE',  ( 0.000000000000000000, 0.000000000000000000, 1.000000000000000000 ) ) ;
#5921 = LINE ( 'NONE', #5957, #5916 ) ;
#5922 = VECTOR ( 'NONE', #2850, 1000.000000000000000 ) ;
#5923 = ORIENTED_EDGE ( 'NONE', *, *, #1028, .F. ) ;
#5924 = VERTEX_POINT ( 'NONE', #3945 ) ;
#5925 = ADVANCED_FACE ( 'NONE', ( #4057 ), #2284, .F. ) ;
#5926 = DIRECTION ( 'NONE',  ( 0.000000000000000000, 0.000000000000000000, -1.000000000000000000 ) ) ;
#5927 = CARTESIAN_POINT ( 'NONE',  ( 3.002554204424023876, -115.9999999999996874, -182.9015619350259954 ) ) ;
#5928 = LINE ( 'NONE', #1802, #3195 ) ;
#5929 = VERTEX_POINT ( 'NONE', #1083 ) ;
#5930 = ORIENTED_EDGE ( 'NONE', *, *, #3375, .F. ) ;
#5931 = ADVANCED_FACE ( 'NONE', ( #5249 ), #3433, .F. ) ;
#5932 = EDGE_CURVE ( 'NONE', #5631, #609, #5231, .T. ) ;
#5933 = DIRECTION ( 'NONE',  ( -0.000000000000000000, 1.000000000000000000, -0.000000000000000000 ) ) ;
#5934 = DIRECTION ( 'NONE',  ( 0.000000000000000000, 0.000000000000000000, 1.000000000000000000 ) ) ;
#5935 = AXIS2_PLACEMENT_3D ( 'NONE', #131, #2514, #1831 ) ;
#5936 = DIRECTION ( 'NONE',  ( 0.000000000000000000, 0.000000000000000000, -1.000000000000000000 ) ) ;
#5937 = PLANE ( 'NONE',  #3938 ) ;
#5938 = DIRECTION ( 'NONE',  ( 0.000000000000000000, -1.000000000000000000, 0.000000000000000000 ) ) ;
#5939 = LINE ( 'NONE', #107, #862 ) ;
#5940 = EDGE_LOOP ( 'NONE', ( #6936, #92, #5040, #2355 ) ) ;
#5941 = ORIENTED_EDGE ( 'NONE', *, *, #4354, .T. ) ;
#5942 = EDGE_LOOP ( 'NONE', ( #2488, #7305, #6479, #4858 ) ) ;
#5943 = ADVANCED_FACE ( 'NONE', ( #582 ), #6293, .F. ) ;
#5944 = DIRECTION ( 'NONE',  ( 0.000000000000000000, -1.000000000000000000, 0.000000000000000000 ) ) ;
#5945 = PLANE ( 'NONE',  #7012 ) ;
#5946 = LINE ( 'NONE', #6057, #681 ) ;
#5947 = ORIENTED_EDGE ( 'NONE', *, *, #4300, .T. ) ;
#5948 = VERTEX_POINT ( 'NONE', #1359 ) ;
#5949 = ORIENTED_EDGE ( 'NONE', *, *, #1685, .F. ) ;
#5950 = ORIENTED_EDGE ( 'NONE', *, *, #1630, .T. ) ;
#5951 = EDGE_CURVE ( 'NONE', #6799, #1978, #5114, .T. ) ;
#5952 = FACE_OUTER_BOUND ( 'NONE', #1837, .T. ) ;
#5953 = DIRECTION ( 'NONE',  ( 0.000000000000000000, -1.000000000000000000, 0.000000000000000000 ) ) ;
#5954 = CARTESIAN_POINT ( 'NONE',  ( 60.03094493953253874, -13.99999999999999822, -134.4188815500257306 ) ) ;
#5955 = VECTOR ( 'NONE', #2884, 1000.000000000000114 ) ;
#5956 = CARTESIAN_POINT ( 'NONE',  ( 62.30548667938873564, -123.9999999999996589, -119.3878316937673247 ) ) ;
#5957 = CARTESIAN_POINT ( 'NONE',  ( 57.20577136594059908, -115.9999999999996732, -139.4999999999990337 ) ) ;
#5958 = ORIENTED_EDGE ( 'NONE', *, *, #4001, .T. ) ;
#5959 = AXIS2_PLACEMENT_3D ( 'NONE', #7344, #213, #2571 ) ;
#5960 = VERTEX_POINT ( 'NONE', #7116 ) ;
#5961 = CARTESIAN_POINT ( 'NONE',  ( 65.48508921968837626, -14.00000000000000000, -83.92806749520781295 ) ) ;
#5962 = PRESENTATION_LAYER_ASSIGNMENT (  '', '', ( #5106 ) ) ;
#5963 = CARTESIAN_POINT ( 'NONE',  ( 78.58763409171388048, -64.99999999999982947, -80.75077403958403011 ) ) ;
#5964 = DIRECTION ( 'NONE',  ( 0.000000000000000000, 0.000000000000000000, -1.000000000000000000 ) ) ;
#5965 = ORIENTED_EDGE ( 'NONE', *, *, #4129, .T. ) ;
#5966 = ORIENTED_EDGE ( 'NONE', *, *, #1500, .T. ) ;
#5967 = FACE_OUTER_BOUND ( 'NONE', #841, .T. ) ;
#5968 = FACE_BOUND ( 'NONE', #2736, .T. ) ;
#5969 = CARTESIAN_POINT ( 'NONE',  ( 76.62722837261536313, -16.00000000000000000, -72.12851137556732795 ) ) ;
#5970 = DIRECTION ( 'NONE',  ( 0.000000000000000000, 0.000000000000000000, 1.000000000000000000 ) ) ;
#5971 = DIRECTION ( 'NONE',  ( 0.000000000000000000, 0.000000000000000000, -1.000000000000000000 ) ) ;
#5972 = ADVANCED_FACE ( 'NONE', ( #1820 ), #666, .F. ) ;
#5973 = EDGE_LOOP ( 'NONE', ( #493, #5699, #6996, #4439 ) ) ;
#5974 = VERTEX_POINT ( 'NONE', #5338 ) ;
#5975 = ORIENTED_EDGE ( 'NONE', *, *, #7508, .F. ) ;
#5976 = DIRECTION ( 'NONE',  ( 1.474019947882107727E-13, 0.000000000000000000, 1.000000000000000000 ) ) ;
#5977 = EDGE_CURVE ( 'NONE', #195, #510, #779, .T. ) ;
#5978 = CARTESIAN_POINT ( 'NONE',  ( 75.97457085968592594, -12.00000000000000000, -93.04537389804116287 ) ) ;
#5979 = FACE_OUTER_BOUND ( 'NONE', #3844, .T. ) ;
#5980 = ADVANCED_FACE ( 'NONE', ( #6527 ), #3043, .F. ) ;
#5981 = ORIENTED_EDGE ( 'NONE', *, *, #2531, .F. ) ;
#5982 = ADVANCED_FACE ( 'NONE', ( #2509 ), #6604, .F. ) ;
#5983 = EDGE_CURVE ( 'NONE', #558, #6480, #2767, .T. ) ;
#5984 = VECTOR ( 'NONE', #5807, 1000.000000000000000 ) ;
#5985 = ORIENTED_EDGE ( 'NONE', *, *, #6824, .F. ) ;
#5986 = ORIENTED_EDGE ( 'NONE', *, *, #3177, .F. ) ;
#5987 = ORIENTED_EDGE ( 'NONE', *, *, #144, .F. ) ;
#5988 = DIRECTION ( 'NONE',  ( 0.000000000000000000, -1.000000000000000000, 0.000000000000000000 ) ) ;
#5989 = CARTESIAN_POINT ( 'NONE',  ( 66.25197361087457182, -64.99999999999982947, -121.5960434575482054 ) ) ;
#5990 = DIRECTION ( 'NONE',  ( 0.000000000000000000, -0.000000000000000000, 1.000000000000000000 ) ) ;
#5991 = LINE ( 'NONE', #2485, #5918 ) ;
#5992 = EDGE_CURVE ( 'NONE', #269, #2364, #7354, .T. ) ;
#5993 = CARTESIAN_POINT ( 'NONE',  ( 49.41154273188064394, -129.9999999999998295, -134.9999999999990905 ) ) ;
#5994 = ORIENTED_EDGE ( 'NONE', *, *, #5174, .F. ) ;
#5995 = CIRCLE ( 'NONE', #825, 170.9999999999999716 ) ;
#5996 = ORIENTED_EDGE ( 'NONE', *, *, #7294, .T. ) ;
#5997 = DIRECTION ( 'NONE',  ( 0.000000000000000000, -1.000000000000000000, 0.000000000000000000 ) ) ;
#5998 = DIRECTION ( 'NONE',  ( 0.000000000000000000, 0.000000000000000000, 1.000000000000000000 ) ) ;
#5999 = AXIS2_PLACEMENT_3D ( 'NONE', #5961, #3682, #762 ) ;
#6000 = DIRECTION ( 'NONE',  ( 0.02653490292452686042, 0.000000000000000000, -0.9996478874717766860 ) ) ;
#6001 = VERTEX_POINT ( 'NONE', #3591 ) ;
#6002 = ORIENTED_EDGE ( 'NONE', *, *, #2386, .T. ) ;
#6003 = DIRECTION ( 'NONE',  ( 4.920209442237611297E-13, 0.000000000000000000, 1.000000000000000000 ) ) ;
#6004 = FACE_BOUND ( 'NONE', #6798, .T. ) ;
#6005 = DIRECTION ( 'NONE',  ( -0.000000000000000000, -1.000000000000000000, -0.000000000000000000 ) ) ;
#6006 = CARTESIAN_POINT ( 'NONE',  ( -98.67880131525888032, 1.734723475976807094E-13, -49.49999999999998579 ) ) ;
#6007 = CARTESIAN_POINT ( 'NONE',  ( 70.71909047417702254, -14.00000000000000000, -99.50391617926909760 ) ) ;
#6008 = DIRECTION ( 'NONE',  ( 0.000000000000000000, -1.000000000000000000, 0.000000000000000000 ) ) ;
#6009 = ORIENTED_EDGE ( 'NONE', *, *, #3438, .T. ) ;
#6010 = CIRCLE ( 'NONE', #2682, 176.6239999999116890 ) ;
#6011 = ORIENTED_EDGE ( 'NONE', *, *, #7334, .F. ) ;
#6012 = AXIS2_PLACEMENT_3D ( 'NONE', #7440, #5641, #5013 ) ;
#6013 = EDGE_CURVE ( 'NONE', #5413, #4438, #5946, .T. ) ;
#6014 = LINE ( 'NONE', #2393, #2202 ) ;
#6015 = AXIS2_PLACEMENT_3D ( 'NONE', #1935, #6056, #1777 ) ;
#6016 = CARTESIAN_POINT ( 'NONE',  ( 75.58350073661644331, -16.00000000000000000, -70.30625106983377748 ) ) ;
#6017 = CARTESIAN_POINT ( 'NONE',  ( -98.67880131525888032, -16.00000000000000000, -49.49999999999999289 ) ) ;
#6018 = VERTEX_POINT ( 'NONE', #4827 ) ;
#6019 = AXIS2_PLACEMENT_3D ( 'NONE', #4211, #3624, #3659 ) ;
#6020 = CIRCLE ( 'NONE', #2472, 71.39999999996429381 ) ;
#6021 = CIRCLE ( 'NONE', #4555, 71.39999999996429381 ) ;
#6022 = ORIENTED_EDGE ( 'NONE', *, *, #4842, .F. ) ;
#6023 = AXIS2_PLACEMENT_3D ( 'NONE', #4400, #3820, #5006 ) ;
#6024 = VERTEX_POINT ( 'NONE', #7163 ) ;
#6025 = ORIENTED_EDGE ( 'NONE', *, *, #759, .T. ) ;
#6026 = CIRCLE ( 'NONE', #6893, 170.9999999999999716 ) ;
#6027 = CARTESIAN_POINT ( 'NONE',  ( -98.67880131525888032, -6.000000000000000000, -49.49999999999999289 ) ) ;
#6028 = EDGE_CURVE ( 'NONE', #3089, #3932, #1936, .T. ) ;
#6029 = ADVANCED_FACE ( 'NONE', ( #3008 ), #1778, .T. ) ;
#6030 = CARTESIAN_POINT ( 'NONE',  ( 54.62013845170437776, -14.00000000000000000, 18.57723447195616728 ) ) ;
#6031 = AXIS2_PLACEMENT_3D ( 'NONE', #1725, #6000, #5887 ) ;
#6032 = CARTESIAN_POINT ( 'NONE',  ( 34.28997463505664456, -14.00000000000000000, -151.7466596486140133 ) ) ;
#6033 = CARTESIAN_POINT ( 'NONE',  ( 76.75940293603790110, -8.060303038032998302, -44.84312453674527887 ) ) ;
#6034 = AXIS2_PLACEMENT_3D ( 'NONE', #2421, #692, #4778 ) ;
#6035 = DIRECTION ( 'NONE',  ( -0.000000000000000000, -1.000000000000000000, -0.000000000000000000 ) ) ;
#6036 = CARTESIAN_POINT ( 'NONE',  ( 19.67586920450073507, -14.00000000000000000, -168.3580950258915436 ) ) ;
#6037 = ORIENTED_EDGE ( 'NONE', *, *, #1996, .T. ) ;
#6038 = AXIS2_PLACEMENT_3D ( 'NONE', #2946, #524, #4727 ) ;
#6039 = AXIS2_PLACEMENT_3D ( 'NONE', #169, #4181, #5382 ) ;
#6040 = DIRECTION ( 'NONE',  ( 0.000000000000000000, 1.000000000000000000, 0.000000000000000000 ) ) ;
#6041 = EDGE_CURVE ( 'NONE', #743, #975, #2431, .T. ) ;
#6042 = DIRECTION ( 'NONE',  ( 0.000000000000000000, 1.000000000000000000, 0.000000000000000000 ) ) ;
#6043 = DIRECTION ( 'NONE',  ( 0.000000000000000000, 0.000000000000000000, 1.000000000000000000 ) ) ;
#6044 = DIRECTION ( 'NONE',  ( 0.000000000000000000, 1.000000000000000000, 0.000000000000000000 ) ) ;
#6045 = VERTEX_POINT ( 'NONE', #2477 ) ;
#6046 = ORIENTED_EDGE ( 'NONE', *, *, #2777, .T. ) ;
#6047 = FACE_OUTER_BOUND ( 'NONE', #1772, .T. ) ;
#6048 = AXIS2_PLACEMENT_3D ( 'NONE', #489, #2842, #5043 ) ;
#6049 = FACE_BOUND ( 'NONE', #6626, .T. ) ;
#6050 = CARTESIAN_POINT ( 'NONE',  ( 56.71976032812312241, -117.9999999999996589, -120.8602623255267758 ) ) ;
#6051 = CARTESIAN_POINT ( 'NONE',  ( 70.73140919045791009, -8.060303038032998302, -93.23045468254395018 ) ) ;
#6052 = CARTESIAN_POINT ( 'NONE',  ( -98.67880131525888032, -115.9999999999996732, -49.49999999999999289 ) ) ;
#6053 = ORIENTED_EDGE ( 'NONE', *, *, #6924, .T. ) ;
#6054 = VERTEX_POINT ( 'NONE', #4788 ) ;
#6055 = CARTESIAN_POINT ( 'NONE',  ( 69.15226193964876700, -117.9999999999996589, -16.73211623056527486 ) ) ;
#6056 = DIRECTION ( 'NONE',  ( 0.000000000000000000, 1.000000000000000000, -0.000000000000000000 ) ) ;
#6057 = CARTESIAN_POINT ( 'NONE',  ( 70.37537075531301412, -12.00000000000000000, -23.77672444004325669 ) ) ;
#6058 = VERTEX_POINT ( 'NONE', #7242 ) ;
#6059 = EDGE_CURVE ( 'NONE', #5835, #5813, #7101, .T. ) ;
#6060 = VERTEX_POINT ( 'NONE', #3626 ) ;
#6061 = ORIENTED_EDGE ( 'NONE', *, *, #1129, .F. ) ;
#6062 = DIRECTION ( 'NONE',  ( 0.000000000000000000, 0.000000000000000000, 1.000000000000000000 ) ) ;
#6063 = DIRECTION ( 'NONE',  ( -3.714357409180750039E-12, 0.000000000000000000, 1.000000000000000000 ) ) ;
#6064 = DIRECTION ( 'NONE',  ( 5.860158297000211556E-14, 0.000000000000000000, 1.000000000000000000 ) ) ;
#6065 = CARTESIAN_POINT ( 'NONE',  ( 60.94177619710968941, -14.00000000000000000, -101.0397518585670014 ) ) ;
#6066 = FACE_OUTER_BOUND ( 'NONE', #4517, .T. ) ;
#6067 = DIRECTION ( 'NONE',  ( 5.247902952537503039E-15, 0.000000000000000000, -1.000000000000000000 ) ) ;
#6068 = DIRECTION ( 'NONE',  ( 0.000000000000000000, 1.000000000000000000, -0.000000000000000000 ) ) ;
#6069 = EDGE_CURVE ( 'NONE', #5474, #2665, #1867, .T. ) ;
#6070 = ORIENTED_EDGE ( 'NONE', *, *, #1492, .F. ) ;
#6071 = ORIENTED_EDGE ( 'NONE', *, *, #804, .F. ) ;
#6072 = DIRECTION ( 'NONE',  ( -0.000000000000000000, -1.000000000000000000, -0.000000000000000000 ) ) ;
#6073 = DIRECTION ( 'NONE',  ( 0.000000000000000000, 1.000000000000000000, -0.000000000000000000 ) ) ;
#6074 = CARTESIAN_POINT ( 'NONE',  ( 28.70856776544814082, -115.9999999999996874, -158.6216430673606226 ) ) ;
#6075 = EDGE_CURVE ( 'NONE', #4772, #2170, #1794, .T. ) ;
#6076 = ADVANCED_FACE ( 'NONE', ( #5979 ), #1904, .T. ) ;
#6077 = ADVANCED_FACE ( 'NONE', ( #1541 ), #3155, .F. ) ;
#6078 = ORIENTED_EDGE ( 'NONE', *, *, #3892, .F. ) ;
#6079 = ORIENTED_EDGE ( 'NONE', *, *, #789, .T. ) ;
#6080 = DIRECTION ( 'NONE',  ( 0.000000000000000000, -1.000000000000000000, 0.000000000000000000 ) ) ;
#6081 = DIRECTION ( 'NONE',  ( 0.000000000000000000, 0.000000000000000000, 1.000000000000000000 ) ) ;
#6082 = FACE_OUTER_BOUND ( 'NONE', #3024, .T. ) ;
#6083 = CARTESIAN_POINT ( 'NONE',  ( 76.75940293603790110, -6.000000000000000000, -42.74312453674527035 ) ) ;
#6084 = EDGE_CURVE ( 'NONE', #2641, #2896, #268, .T. ) ;
#6085 = EDGE_LOOP ( 'NONE', ( #1977, #4118, #7356, #4404 ) ) ;
#6086 = ORIENTED_EDGE ( 'NONE', *, *, #1222, .F. ) ;
#6087 = CARTESIAN_POINT ( 'NONE',  ( -98.67880131525888032, -123.9999999999996589, -49.49999999999999289 ) ) ;
#6088 = CARTESIAN_POINT ( 'NONE',  ( 72.31848854747322264, -123.9999999999996589, -48.53726452191186524 ) ) ;
#6089 = CARTESIAN_POINT ( 'NONE',  ( 48.75352798301227608, -14.00000000000000000, 30.49239379285298313 ) ) ;
#6090 = EDGE_LOOP ( 'NONE', ( #4702, #1491 ) ) ;
#6091 = AXIS2_PLACEMENT_3D ( 'NONE', #2212, #4019, #4525 ) ;
#6092 = ORIENTED_EDGE ( 'NONE', *, *, #1539, .F. ) ;
#6093 = EDGE_LOOP ( 'NONE', ( #5994, #1957, #4652, #6212 ) ) ;
#6094 = AXIS2_PLACEMENT_3D ( 'NONE', #94, #7185, #794 ) ;
#6095 = DIRECTION ( 'NONE',  ( -0.9852598894374785532, -0.000000000000000000, -0.1710641700229696416 ) ) ;
#6096 = DIRECTION ( 'NONE',  ( -6.035088395418128771E-14, 0.000000000000000000, -1.000000000000000000 ) ) ;
#6097 = FACE_OUTER_BOUND ( 'NONE', #3775, .T. ) ;
#6098 = CYLINDRICAL_SURFACE ( 'NONE', #7444, 71.39999999996429381 ) ;
#6099 = DIRECTION ( 'NONE',  ( -0.000000000000000000, 1.000000000000000000, -0.000000000000000000 ) ) ;
#6100 = AXIS2_PLACEMENT_3D ( 'NONE', #1139, #3481, #593 ) ;
#6101 = DIRECTION ( 'NONE',  ( 0.000000000000000000, -0.000000000000000000, 1.000000000000000000 ) ) ;
#6102 = DIRECTION ( 'NONE',  ( 0.000000000000000000, 0.000000000000000000, -1.000000000000000000 ) ) ;
#6103 = VERTEX_POINT ( 'NONE', #4937 ) ;
#6104 = EDGE_LOOP ( 'NONE', ( #1616, #2124 ) ) ;
#6105 = DIRECTION ( 'NONE',  ( 0.000000000000000000, 0.000000000000000000, 1.000000000000000000 ) ) ;
#6106 = EDGE_CURVE ( 'NONE', #5364, #3825, #303, .T. ) ;
#6107 = CARTESIAN_POINT ( 'NONE',  ( 74.10740418734771140, -6.000000000000005329, -99.94727136306366333 ) ) ;
#6108 = DIRECTION ( 'NONE',  ( -0.9653003447619186161, 0.000000000000000000, 0.2611421919233292144 ) ) ;
#6109 = AXIS2_PLACEMENT_3D ( 'NONE', #1106, #4620, #24 ) ;
#6110 = ORIENTED_EDGE ( 'NONE', *, *, #3770, .T. ) ;
#6111 = ORIENTED_EDGE ( 'NONE', *, *, #2873, .F. ) ;
#6112 = ADVANCED_FACE ( 'NONE', ( #4481 ), #3199, .T. ) ;
#6113 = ORIENTED_EDGE ( 'NONE', *, *, #5340, .F. ) ;
#6114 = PLANE ( 'NONE',  #4403 ) ;
#6115 = CIRCLE ( 'NONE', #6366, 71.39999999996429381 ) ;
#6116 = ADVANCED_FACE ( 'NONE', ( #1507 ), #3821, .T. ) ;
#6117 = FACE_BOUND ( 'NONE', #1388, .T. ) ;
#6118 = EDGE_CURVE ( 'NONE', #557, #6432, #1051, .T. ) ;
#6119 = CARTESIAN_POINT ( 'NONE',  ( -98.67880131525888032, -14.00000000000000000, -49.49999999999999289 ) ) ;
#6120 = CARTESIAN_POINT ( 'NONE',  ( 74.23430928101858228, -16.00000000000000000, -19.47823816096860838 ) ) ;
#6121 = VECTOR ( 'NONE', #4497, 1000.000000000000000 ) ;
#6122 = ORIENTED_EDGE ( 'NONE', *, *, #556, .T. ) ;
#6123 = VERTEX_POINT ( 'NONE', #6713 ) ;
#6124 = EDGE_CURVE ( 'NONE', #831, #749, #685, .T. ) ;
#6125 = AXIS2_PLACEMENT_3D ( 'NONE', #6961, #2327, #2256 ) ;
#6126 = DIRECTION ( 'NONE',  ( -0.000000000000000000, -1.000000000000000000, -0.000000000000000000 ) ) ;
#6127 = LINE ( 'NONE', #191, #2824 ) ;
#6128 = CARTESIAN_POINT ( 'NONE',  ( -98.67880131525888032, -115.9999999999996732, -49.49999999999999289 ) ) ;
#6129 = ORIENTED_EDGE ( 'NONE', *, *, #3191, .F. ) ;
#6130 = CIRCLE ( 'NONE', #1956, 71.39999999996429381 ) ;
#6131 = ORIENTED_EDGE ( 'NONE', *, *, #6059, .F. ) ;
#6132 = CIRCLE ( 'NONE', #2806, 71.39999999996429381 ) ;
#6133 = ORIENTED_EDGE ( 'NONE', *, *, #137, .F. ) ;
#6134 = DIRECTION ( 'NONE',  ( 0.000000000000000000, -1.000000000000000000, 0.000000000000000000 ) ) ;
#6135 = DIRECTION ( 'NONE',  ( 0.000000000000000000, -0.000000000000000000, 1.000000000000000000 ) ) ;
#6136 = DIRECTION ( 'NONE',  ( -0.9996478874717766860, -0.000000000000000000, -0.02653490292452686042 ) ) ;
#6137 = CARTESIAN_POINT ( 'NONE',  ( -98.67880131525888032, -115.9999999999996732, -49.49999999999999289 ) ) ;
#6138 = ORIENTED_EDGE ( 'NONE', *, *, #7141, .T. ) ;
#6139 = AXIS2_PLACEMENT_3D ( 'NONE', #6478, #4709, #3584 ) ;
#6140 = DIRECTION ( 'NONE',  ( 0.000000000000000000, 0.000000000000000000, 1.000000000000000000 ) ) ;
#6141 = AXIS2_PLACEMENT_3D ( 'NONE', #5397, #6562, #657 ) ;
#6142 = CARTESIAN_POINT ( 'NONE',  ( -98.67880131525888032, -14.00000000000000000, -49.49999999999998579 ) ) ;
#6143 = CIRCLE ( 'NONE', #6263, 176.6239999999116890 ) ;
#6144 = AXIS2_PLACEMENT_3D ( 'NONE', #3704, #6208, #3271 ) ;
#6145 = EDGE_LOOP ( 'NONE', ( #3644, #16, #705, #5868 ) ) ;
#6146 = ORIENTED_EDGE ( 'NONE', *, *, #3577, .F. ) ;
#6147 = AXIS2_PLACEMENT_3D ( 'NONE', #4311, #2495, #1409 ) ;
#6148 = CARTESIAN_POINT ( 'NONE',  ( 81.29787021932600055, -64.99999999999982947, -46.60212089628772247 ) ) ;
#6149 = VECTOR ( 'NONE', #3198, 1000.000000000000000 ) ;
#6150 = CIRCLE ( 'NONE', #4062, 71.39999999996429381 ) ;
#6151 = CARTESIAN_POINT ( 'NONE',  ( 79.24455130461198848, -123.9999999999996589, -22.23682717464669523 ) ) ;
#6152 = CARTESIAN_POINT ( 'NONE',  ( -98.67880131525888032, -14.00000000000000000, -49.49999999999998579 ) ) ;
#6153 = CIRCLE ( 'NONE', #6536, 176.6239999999116890 ) ;
#6154 = VERTEX_POINT ( 'NONE', #5598 ) ;
#6155 = CIRCLE ( 'NONE', #858, 2.100000000000004530 ) ;
#6156 = VECTOR ( 'NONE', #690, 1000.000000000000000 ) ;
#6157 = ADVANCED_FACE ( 'NONE', ( #2584 ), #3780, .T. ) ;
#6158 = VERTEX_POINT ( 'NONE', #5059 ) ;
#6159 = ORIENTED_EDGE ( 'NONE', *, *, #3660, .F. ) ;
#6160 = CARTESIAN_POINT ( 'NONE',  ( -98.67880131525888032, -123.9999999999996589, -49.49999999999999289 ) ) ;
#6161 = AXIS2_PLACEMENT_3D ( 'NONE', #3834, #896, #5646 ) ;
#6162 = CARTESIAN_POINT ( 'NONE',  ( 60.52081140033657647, -64.99999999999982947, -133.4969244149569931 ) ) ;
#6163 = DIRECTION ( 'NONE',  ( 0.9852598894374785532, 0.000000000000000000, 0.1710641700229696138 ) ) ;
#6164 = VECTOR ( 'NONE', #5000, 1000.000000000000114 ) ;
#6165 = CARTESIAN_POINT ( 'NONE',  ( 78.68323399519270822, -16.00000000000000000, -45.68507112402460280 ) ) ;
#6166 = EDGE_CURVE ( 'NONE', #7082, #5924, #7319, .T. ) ;
#6167 = ORIENTED_EDGE ( 'NONE', *, *, #1317, .F. ) ;
#6168 = ADVANCED_FACE ( 'NONE', ( #4365 ), #1427, .T. ) ;
#6169 = ORIENTED_EDGE ( 'NONE', *, *, #1367, .F. ) ;
#6170 = LINE ( 'NONE', #1573, #5769 ) ;
#6171 = DIRECTION ( 'NONE',  ( 0.000000000000000000, 0.000000000000000000, 1.000000000000000000 ) ) ;
#6172 = DIRECTION ( 'NONE',  ( 0.000000000000000000, 0.000000000000000000, -1.000000000000000000 ) ) ;
#6173 = DIRECTION ( 'NONE',  ( 0.000000000000000000, -1.000000000000000000, 0.000000000000000000 ) ) ;
#6174 = ORIENTED_EDGE ( 'NONE', *, *, #5977, .F. ) ;
#6175 = VECTOR ( 'NONE', #2515, 1000.000000000000000 ) ;
#6176 = EDGE_CURVE ( 'NONE', #211, #1804, #5475, .T. ) ;
#6177 = EDGE_LOOP ( 'NONE', ( #1217, #912, #7062, #335 ) ) ;
#6178 = EDGE_CURVE ( 'NONE', #4209, #2416, #670, .T. ) ;
#6179 = ORIENTED_EDGE ( 'NONE', *, *, #2168, .T. ) ;
#6180 = DIRECTION ( 'NONE',  ( -0.000000000000000000, 1.000000000000000000, -0.000000000000000000 ) ) ;
#6181 = DIRECTION ( 'NONE',  ( 0.000000000000000000, -0.000000000000000000, 1.000000000000000000 ) ) ;
#6182 = FACE_OUTER_BOUND ( 'NONE', #1693, .T. ) ;
#6183 = CARTESIAN_POINT ( 'NONE',  ( 80.44034109175848357, -12.00000000000000000, -67.28574775978277955 ) ) ;
#6184 = CIRCLE ( 'NONE', #2853, 176.6239999999116890 ) ;
#6185 = VERTEX_POINT ( 'NONE', #6680 ) ;
#6186 = DIRECTION ( 'NONE',  ( -0.000000000000000000, 1.000000000000000000, -0.000000000000000000 ) ) ;
#6187 = DIRECTION ( 'NONE',  ( -0.000000000000000000, -1.000000000000000000, -0.000000000000000000 ) ) ;
#6188 = VERTEX_POINT ( 'NONE', #1391 ) ;
#6189 = ADVANCED_FACE ( 'NONE', ( #4401 ), #3737, .F. ) ;
#6190 = ORIENTED_EDGE ( 'NONE', *, *, #5693, .T. ) ;
#6191 = CARTESIAN_POINT ( 'NONE',  ( 80.60076164434612167, -115.9999999999996732, -33.41154746369230821 ) ) ;
#6192 = MANIFOLD_SOLID_BREP ( 'Mirror1', #6534 ) ;
#6193 = CARTESIAN_POINT ( 'NONE',  ( 76.75940293603790110, -129.9999999999998295, -42.74312453674527035 ) ) ;
#6194 = DIRECTION ( 'NONE',  ( 0.000000000000000000, -1.000000000000000000, 0.000000000000000000 ) ) ;
#6195 = DIRECTION ( 'NONE',  ( 0.000000000000000000, -1.000000000000000000, 0.000000000000000000 ) ) ;
#6196 = VERTEX_POINT ( 'NONE', #5242 ) ;
#6197 = ORIENTED_EDGE ( 'NONE', *, *, #85, .T. ) ;
#6198 = ORIENTED_EDGE ( 'NONE', *, *, #6401, .T. ) ;
#6199 = DIRECTION ( 'NONE',  ( 0.000000000000000000, 0.000000000000000000, -1.000000000000000000 ) ) ;
#6200 = CARTESIAN_POINT ( 'NONE',  ( 67.07326532935289265, -14.00000000000000000, -23.78371741357440783 ) ) ;
#6201 = DIRECTION ( 'NONE',  ( -0.000000000000000000, -1.000000000000000000, -0.000000000000000000 ) ) ;
#6202 = VECTOR ( 'NONE', #783, 1000.000000000000000 ) ;
#6203 = CARTESIAN_POINT ( 'NONE',  ( -98.67880131525888032, -123.9999999999996589, -49.49999999999999289 ) ) ;
#6204 = EDGE_CURVE ( 'NONE', #3086, #2838, #7171, .T. ) ;
#6205 = VERTEX_POINT ( 'NONE', #6358 ) ;
#6206 = VERTEX_POINT ( 'NONE', #5787 ) ;
#6207 = CARTESIAN_POINT ( 'NONE',  ( 62.30548667938873564, -8.060303038032998302, -121.4878316937673191 ) ) ;
#6208 = DIRECTION ( 'NONE',  ( -0.000000000000000000, -1.000000000000000000, -0.000000000000000000 ) ) ;
#6209 = EDGE_CURVE ( 'NONE', #7084, #4075, #3699, .T. ) ;
#6210 = LINE ( 'NONE', #6088, #2216 ) ;
#6211 = FILL_AREA_STYLE_COLOUR ( '', #7340 ) ;
#6212 = ORIENTED_EDGE ( 'NONE', *, *, #6973, .F. ) ;
#6213 = VERTEX_POINT ( 'NONE', #4088 ) ;
#6214 = ORIENTED_EDGE ( 'NONE', *, *, #3999, .T. ) ;
#6215 = DIRECTION ( 'NONE',  ( 0.000000000000000000, -1.000000000000000000, 0.000000000000000000 ) ) ;
#6216 = CARTESIAN_POINT ( 'NONE',  ( 57.20577136594059908, -14.00000000000000000, -139.4999999999990337 ) ) ;
#6217 = EDGE_CURVE ( 'NONE', #2366, #5342, #1735, .T. ) ;
#6218 = LINE ( 'NONE', #6250, #2128 ) ;
#6219 = EDGE_CURVE ( 'NONE', #6532, #2037, #4325, .T. ) ;
#6220 = DIRECTION ( 'NONE',  ( 0.000000000000000000, -0.000000000000000000, 1.000000000000000000 ) ) ;
#6221 = ORIENTED_EDGE ( 'NONE', *, *, #984, .F. ) ;
#6222 = CARTESIAN_POINT ( 'NONE',  ( 75.58350073661644331, -123.9999999999996589, -68.20625106983376895 ) ) ;
#6223 = DIRECTION ( 'NONE',  ( 0.000000000000000000, 0.000000000000000000, 1.000000000000000000 ) ) ;
#6224 = ORIENTED_EDGE ( 'NONE', *, *, #7371, .F. ) ;
#6225 = FACE_OUTER_BOUND ( 'NONE', #2254, .T. ) ;
#6226 = CARTESIAN_POINT ( 'NONE',  ( 58.64657397004016559, 1.734723475976807094E-13, -129.7792854185226190 ) ) ;
#6227 = DIRECTION ( 'NONE',  ( 0.000000000000000000, -1.000000000000000000, 0.000000000000000000 ) ) ;
#6228 = EDGE_CURVE ( 'NONE', #1336, #1131, #4012, .T. ) ;
#6229 = DIRECTION ( 'NONE',  ( -0.000000000000000000, -1.000000000000000000, -0.000000000000000000 ) ) ;
#6230 = DIRECTION ( 'NONE',  ( 0.000000000000000000, -1.000000000000000000, 0.000000000000000000 ) ) ;
#6231 = ORIENTED_EDGE ( 'NONE', *, *, #3327, .T. ) ;
#6232 = ORIENTED_EDGE ( 'NONE', *, *, #1410, .F. ) ;
#6233 = ORIENTED_EDGE ( 'NONE', *, *, #389, .T. ) ;
#6234 = CARTESIAN_POINT ( 'NONE',  ( 50.81370295058487585, -115.9999999999996874, -125.5727675015929350 ) ) ;
#6235 = DIRECTION ( 'NONE',  ( 0.000000000000000000, -1.000000000000000000, 0.000000000000000000 ) ) ;
#6236 = FACE_OUTER_BOUND ( 'NONE', #2074, .T. ) ;
#6237 = DIRECTION ( 'NONE',  ( 0.000000000000000000, 0.000000000000000000, 1.000000000000000000 ) ) ;
#6238 = ORIENTED_EDGE ( 'NONE', *, *, #6041, .F. ) ;
#6239 = ORIENTED_EDGE ( 'NONE', *, *, #4995, .F. ) ;
#6240 = FACE_OUTER_BOUND ( 'NONE', #6909, .T. ) ;
#6241 = DIRECTION ( 'NONE',  ( 0.000000000000000000, -0.000000000000000000, 1.000000000000000000 ) ) ;
#6242 = FACE_OUTER_BOUND ( 'NONE', #798, .T. ) ;
#6243 = DIRECTION ( 'NONE',  ( -0.8660254037844408170, 0.000000000000000000, 0.4999999999999961697 ) ) ;
#6244 = DIRECTION ( 'NONE',  ( 0.000000000000000000, -1.000000000000000000, 0.000000000000000000 ) ) ;
#6245 = ORIENTED_EDGE ( 'NONE', *, *, #987, .T. ) ;
#6246 = ORIENTED_EDGE ( 'NONE', *, *, #2866, .F. ) ;
#6247 = EDGE_CURVE ( 'NONE', #1494, #6988, #6949, .T. ) ;
#6248 = DIRECTION ( 'NONE',  ( 0.000000000000000000, 1.000000000000000000, 0.000000000000000000 ) ) ;
#6249 = CARTESIAN_POINT ( 'NONE',  ( 57.73404841084314398, -64.99999999999982947, -138.5787316957723760 ) ) ;
#6250 = CARTESIAN_POINT ( 'NONE',  ( 62.30548667938873564, -8.060303038032998302, -121.4878316937673191 ) ) ;
#6251 = DIRECTION ( 'NONE',  ( -0.000000000000000000, 1.000000000000000000, -0.000000000000000000 ) ) ;
#6252 = ORIENTED_EDGE ( 'NONE', *, *, #4321, .T. ) ;
#6253 = DIRECTION ( 'NONE',  ( -0.000000000000000000, 1.000000000000000000, -0.000000000000000000 ) ) ;
#6254 = CIRCLE ( 'NONE', #2928, 71.39999999996429381 ) ;
#6255 = ORIENTED_EDGE ( 'NONE', *, *, #2913, .F. ) ;
#6256 = EDGE_CURVE ( 'NONE', #4135, #5314, #6915, .T. ) ;
#6257 = ORIENTED_EDGE ( 'NONE', *, *, #2913, .T. ) ;
#6258 = ADVANCED_FACE ( 'NONE', ( #4668 ), #3390, .T. ) ;
#6259 = VECTOR ( 'NONE', #6282, 1000.000000000000000 ) ;
#6260 = CARTESIAN_POINT ( 'NONE',  ( 62.68259304373266616, -115.9999999999996732, -129.2652832410316535 ) ) ;
#6261 = LINE ( 'NONE', #320, #1953 ) ;
#6262 = DIRECTION ( 'NONE',  ( 0.000000000000000000, -0.000000000000000000, 1.000000000000000000 ) ) ;
#6263 = AXIS2_PLACEMENT_3D ( 'NONE', #2781, #5136, #4056 ) ;
#6264 = CARTESIAN_POINT ( 'NONE',  ( -98.67880131525888032, -117.9999999999996589, -49.49999999999999289 ) ) ;
#6265 = DIRECTION ( 'NONE',  ( 0.000000000000000000, 0.000000000000000000, 1.000000000000000000 ) ) ;
#6266 = VECTOR ( 'NONE', #2173, 1000.000000000000000 ) ;
#6267 = ORIENTED_EDGE ( 'NONE', *, *, #5977, .T. ) ;
#6268 = AXIS2_PLACEMENT_3D ( 'NONE', #1690, #4045, #6437 ) ;
#6269 = ORIENTED_EDGE ( 'NONE', *, *, #1963, .T. ) ;
#6270 = ADVANCED_FACE ( 'NONE', ( #6400 ), #6285, .T. ) ;
#6271 = ORIENTED_EDGE ( 'NONE', *, *, #3487, .T. ) ;
#6272 = DIRECTION ( 'NONE',  ( 0.000000000000000000, -1.000000000000000000, 0.000000000000000000 ) ) ;
#6273 = LINE ( 'NONE', #2762, #2280 ) ;
#6275 = CARTESIAN_POINT ( 'NONE',  ( -98.67880131525888032, -14.00000000000000000, -49.49999999999998579 ) ) ;
#6274 = AXIS2_PLACEMENT_3D ( 'NONE', #1197, #4124, #3618 ) ;
#6276 = AXIS2_PLACEMENT_3D ( 'NONE', #2800, #450, #381 ) ;
#6277 = FACE_OUTER_BOUND ( 'NONE', #6381, .T. ) ;
#6278 = AXIS2_PLACEMENT_3D ( 'NONE', #6674, #404, #3112 ) ;
#6279 = VERTEX_POINT ( 'NONE', #1620 ) ;
#6280 = AXIS2_PLACEMENT_3D ( 'NONE', #2715, #1632, #5763 ) ;
#6281 = EDGE_LOOP ( 'NONE', ( #2169, #3899, #1993, #2064 ) ) ;
#6282 = DIRECTION ( 'NONE',  ( -0.000000000000000000, 1.000000000000000000, -0.000000000000000000 ) ) ;
#6283 = CYLINDRICAL_SURFACE ( 'NONE', #4182, 71.39999999996429381 ) ;
#6284 = DIRECTION ( 'NONE',  ( 0.000000000000000000, 0.000000000000000000, -1.000000000000000000 ) ) ;
#6285 = CYLINDRICAL_SURFACE ( 'NONE', #477, 176.6239999999116890 ) ;
#6286 = ORIENTED_EDGE ( 'NONE', *, *, #4596, .F. ) ;
#6287 = VERTEX_POINT ( 'NONE', #537 ) ;
#6288 = VECTOR ( 'NONE', #474, 1000.000000000000000 ) ;
#6289 = CARTESIAN_POINT ( 'NONE',  ( 62.30548667938873564, -129.9999999999998295, -121.4878316937673191 ) ) ;
#6290 = FACE_OUTER_BOUND ( 'NONE', #7155, .T. ) ;
#6291 = VECTOR ( 'NONE', #3490, 1000.000000000000000 ) ;
#6292 = FACE_OUTER_BOUND ( 'NONE', #138, .T. ) ;
#6293 = CYLINDRICAL_SURFACE ( 'NONE', #6340, 2.100000000000004530 ) ;
#6294 = VERTEX_POINT ( 'NONE', #3978 ) ;
#6295 = DIRECTION ( 'NONE',  ( -0.000000000000000000, 1.000000000000000000, -0.000000000000000000 ) ) ;
#6296 = ADVANCED_FACE ( 'NONE', ( #6323 ), #2888, .T. ) ;
#6297 = ORIENTED_EDGE ( 'NONE', *, *, #1746, .F. ) ;
#6298 = VERTEX_POINT ( 'NONE', #4516 ) ;
#6299 = LINE ( 'NONE', #7562, #3454 ) ;
#6300 = PLANE ( 'NONE',  #4658 ) ;
#6301 = CIRCLE ( 'NONE', #397, 176.6239999999116890 ) ;
#6302 = CARTESIAN_POINT ( 'NONE',  ( 81.12746341561619090, -123.9999999999996589, -41.15091840391693268 ) ) ;
#6303 = CARTESIAN_POINT ( 'NONE',  ( 64.51909169423633728, -14.00000000000000000, -10.75051607716449809 ) ) ;
#6304 = EDGE_CURVE ( 'NONE', #6617, #6780, #1579, .T. ) ;
#6305 = EDGE_CURVE ( 'NONE', #3852, #1880, #6766, .T. ) ;
#6306 = DIRECTION ( 'NONE',  ( -9.232421860945606529E-14, 0.000000000000000000, -1.000000000000000000 ) ) ;
#6307 = ORIENTED_EDGE ( 'NONE', *, *, #3276, .F. ) ;
#6308 = ORIENTED_EDGE ( 'NONE', *, *, #3955, .T. ) ;
#6309 = ORIENTED_EDGE ( 'NONE', *, *, #6588, .F. ) ;
#6310 = CARTESIAN_POINT ( 'NONE',  ( 77.86696584561755685, -115.9999999999996874, -54.75637456298587580 ) ) ;
#6311 = CARTESIAN_POINT ( 'NONE',  ( 62.30548667938873564, -8.060303038032998302, -119.3878316937673247 ) ) ;
#6312 = EDGE_CURVE ( 'NONE', #5301, #7419, #1343, .T. ) ;
#6313 = CARTESIAN_POINT ( 'NONE',  ( 46.59060502756037891, -14.00000000000000000, -133.3562720840223790 ) ) ;
#6314 = ADVANCED_FACE ( 'NONE', ( #71 ), #733, .F. ) ;
#6315 = EDGE_CURVE ( 'NONE', #5456, #6918, #1857, .T. ) ;
#6316 = DIRECTION ( 'NONE',  ( 0.000000000000000000, 0.000000000000000000, 1.000000000000000000 ) ) ;
#6317 = ORIENTED_EDGE ( 'NONE', *, *, #5564, .T. ) ;
#6318 = ORIENTED_EDGE ( 'NONE', *, *, #3021, .F. ) ;
#6319 = LINE ( 'NONE', #3933, #7140 ) ;
#6320 = AXIS2_PLACEMENT_3D ( 'NONE', #5323, #32, #6394 ) ;
#6321 = CARTESIAN_POINT ( 'NONE',  ( 74.59194100107058034, -64.99999999999982947, -98.25704930690262984 ) ) ;
#6322 = DIRECTION ( 'NONE',  ( 0.000000000000000000, -1.000000000000000000, 0.000000000000000000 ) ) ;
#6323 = FACE_OUTER_BOUND ( 'NONE', #3214, .T. ) ;
#6324 = ORIENTED_EDGE ( 'NONE', *, *, #4587, .F. ) ;
#6325 = ORIENTED_EDGE ( 'NONE', *, *, #1533, .T. ) ;
#6326 = FACE_BOUND ( 'NONE', #4660, .T. ) ;
#6327 = CARTESIAN_POINT ( 'NONE',  ( 67.82436137367703566, -117.9999999999996589, -117.8863788672988306 ) ) ;
#6328 = DIRECTION ( 'NONE',  ( 0.000000000000000000, 0.000000000000000000, 1.000000000000000000 ) ) ;
#6329 = ORIENTED_EDGE ( 'NONE', *, *, #2168, .F. ) ;
#6330 = LINE ( 'NONE', #2195, #4664 ) ;
#6331 = VERTEX_POINT ( 'NONE', #1811 ) ;
#6332 = CIRCLE ( 'NONE', #7592, 2.100000000000004530 ) ;
#6333 = ORIENTED_EDGE ( 'NONE', *, *, #4195, .F. ) ;
#6334 = DIRECTION ( 'NONE',  ( 0.000000000000000000, -1.000000000000000000, 0.000000000000000000 ) ) ;
#6335 = DIRECTION ( 'NONE',  ( -0.000000000000000000, 1.000000000000000000, -0.000000000000000000 ) ) ;
#6336 = ADVANCED_FACE ( 'NONE', ( #4779 ), #620, .T. ) ;
#6337 = DIRECTION ( 'NONE',  ( -0.000000000000000000, -1.000000000000000000, -0.000000000000000000 ) ) ;
#6338 = CARTESIAN_POINT ( 'NONE',  ( -98.67880131525888032, -123.9999999999996589, -49.49999999999999289 ) ) ;
#6339 = DIRECTION ( 'NONE',  ( -0.000000000000000000, 1.000000000000000000, -0.000000000000000000 ) ) ;
#6340 = AXIS2_PLACEMENT_3D ( 'NONE', #2931, #3361, #432 ) ;
#6341 = ORIENTED_EDGE ( 'NONE', *, *, #5187, .T. ) ;
#6342 = EDGE_LOOP ( 'NONE', ( #40, #1631, #7164, #6179 ) ) ;
#6343 = ORIENTED_EDGE ( 'NONE', *, *, #3912, .F. ) ;
#6344 = ADVANCED_FACE ( 'NONE', ( #1770, #4205 ), #2969, .T. ) ;
#6345 = FACE_BOUND ( 'NONE', #2358, .T. ) ;
#6346 = AXIS2_PLACEMENT_3D ( 'NONE', #885, #2012, #4969 ) ;
#6347 = PLANE ( 'NONE',  #7357 ) ;
#6348 = DIRECTION ( 'NONE',  ( 0.000000000000000000, 0.000000000000000000, 1.000000000000000000 ) ) ;
#6349 = DIRECTION ( 'NONE',  ( -0.000000000000000000, 1.000000000000000000, -0.000000000000000000 ) ) ;
#6350 = VERTEX_POINT ( 'NONE', #36 ) ;
#6351 = ORIENTED_EDGE ( 'NONE', *, *, #7238, .T. ) ;
#6352 = EDGE_CURVE ( 'NONE', #2757, #1571, #1158, .T. ) ;
#6353 = APPLICATION_CONTEXT ( 'automotive_design' ) ;
#6354 = EDGE_CURVE ( 'NONE', #1880, #5227, #7018, .T. ) ;
#6355 = DIRECTION ( 'NONE',  ( 0.000000000000000000, 1.000000000000000000, 0.000000000000000000 ) ) ;
#6356 = DIRECTION ( 'NONE',  ( -0.000000000000000000, 1.000000000000000000, -0.000000000000000000 ) ) ;
#6357 = PLANE ( 'NONE',  #7646 ) ;
#6358 = CARTESIAN_POINT ( 'NONE',  ( 72.12876399156284890, -12.00000000000000000, -41.38978212648866162 ) ) ;
#6359 = CARTESIAN_POINT ( 'NONE',  ( 52.76969416084445186, -14.00000000000000000, 22.60012486153856059 ) ) ;
#6360 = AXIS2_PLACEMENT_3D ( 'NONE', #3103, #2563, #2412 ) ;
#6361 = ORIENTED_EDGE ( 'NONE', *, *, #3770, .F. ) ;
#6362 = ORIENTED_EDGE ( 'NONE', *, *, #1281, .F. ) ;
#6363 = EDGE_CURVE ( 'NONE', #6769, #6298, #3429, .T. ) ;
#6364 = AXIS2_PLACEMENT_3D ( 'NONE', #3567, #5467, #3063 ) ;
#6365 = CYLINDRICAL_SURFACE ( 'NONE', #2085, 2.100000000000004530 ) ;
#6366 = AXIS2_PLACEMENT_3D ( 'NONE', #992, #2725, #4469 ) ;
#6367 = DIRECTION ( 'NONE',  ( -0.000000000000000000, 1.000000000000000000, -0.000000000000000000 ) ) ;
#6368 = DIRECTION ( 'NONE',  ( -2.312964634636899368E-14, 0.000000000000000000, 1.000000000000000000 ) ) ;
#6369 = EDGE_LOOP ( 'NONE', ( #346, #7, #2249, #14 ) ) ;
#6370 = DIRECTION ( 'NONE',  ( -0.9172893902828925805, 0.000000000000000000, 0.3982212632123490748 ) ) ;
#6371 = ORIENTED_EDGE ( 'NONE', *, *, #418, .T. ) ;
#6372 = EDGE_CURVE ( 'NONE', #1803, #4636, #3801, .T. ) ;
#6373 = PLANE ( 'NONE',  #5789 ) ;
#6374 = DIRECTION ( 'NONE',  ( 0.000000000000000000, 1.000000000000000000, 0.000000000000000000 ) ) ;
#6375 = FACE_OUTER_BOUND ( 'NONE', #2446, .T. ) ;
#6376 = DIRECTION ( 'NONE',  ( 0.000000000000000000, 0.000000000000000000, 1.000000000000000000 ) ) ;
#6377 = DIRECTION ( 'NONE',  ( 0.000000000000000000, -1.000000000000000000, 0.000000000000000000 ) ) ;
#6378 = ORIENTED_EDGE ( 'NONE', *, *, #3205, .F. ) ;
#6379 = AXIS2_PLACEMENT_3D ( 'NONE', #1085, #7516, #2897 ) ;
#6380 = CIRCLE ( 'NONE', #1702, 176.6239999999116890 ) ;
#6381 = EDGE_LOOP ( 'NONE', ( #4090, #3857, #4823, #725 ) ) ;
#6382 = DIRECTION ( 'NONE',  ( 0.000000000000000000, 0.000000000000000000, 1.000000000000000000 ) ) ;
#6383 = DIRECTION ( 'NONE',  ( 0.000000000000000000, 1.000000000000000000, 0.000000000000000000 ) ) ;
#6384 = LINE ( 'NONE', #1108, #4963 ) ;
#6385 = AXIS2_PLACEMENT_3D ( 'NONE', #1981, #6688, #3745 ) ;
#6386 = CARTESIAN_POINT ( 'NONE',  ( 76.89768497403650827, -14.00000000000000000, -30.29232345457487341 ) ) ;
#6387 = AXIS2_PLACEMENT_3D ( 'NONE', #1372, #4263, #202 ) ;
#6388 = ADVANCED_FACE ( 'NONE', ( #7152 ), #7109, .T. ) ;
#6389 = VECTOR ( 'NONE', #5706, 1000.000000000000000 ) ;
#6390 = CIRCLE ( 'NONE', #5544, 71.39999999996429381 ) ;
#6391 = CIRCLE ( 'NONE', #6144, 176.6239999999116890 ) ;
#6392 = ORIENTED_EDGE ( 'NONE', *, *, #154, .T. ) ;
#6393 = ORIENTED_EDGE ( 'NONE', *, *, #2549, .F. ) ;
#6394 = DIRECTION ( 'NONE',  ( 0.000000000000000000, 0.000000000000000000, -1.000000000000000000 ) ) ;
#6395 = AXIS2_PLACEMENT_3D ( 'NONE', #3139, #5506, #207 ) ;
#6396 = PLANE ( 'NONE',  #6523 ) ;
#6397 = VECTOR ( 'NONE', #3334, 1000.000000000000000 ) ;
#6398 = CIRCLE ( 'NONE', #4314, 2.100000000000004530 ) ;
#6399 = CARTESIAN_POINT ( 'NONE',  ( 77.86696584561767054, -14.00000000000000000, -44.24362543701655426 ) ) ;
#6400 = FACE_OUTER_BOUND ( 'NONE', #3044, .T. ) ;
#6401 = EDGE_CURVE ( 'NONE', #765, #263, #4910, .T. ) ;
#6402 = DIRECTION ( 'NONE',  ( 0.000000000000000000, 0.000000000000000000, 1.000000000000000000 ) ) ;
#6403 = EDGE_CURVE ( 'NONE', #2036, #3057, #228, .T. ) ;
#6404 = ORIENTED_EDGE ( 'NONE', *, *, #3870, .F. ) ;
#6405 = VECTOR ( 'NONE', #3697, 1000.000000000000000 ) ;
#6406 = VERTEX_POINT ( 'NONE', #6007 ) ;
#6407 = DIRECTION ( 'NONE',  ( 0.000000000000000000, 1.000000000000000000, 0.000000000000000000 ) ) ;
#6408 = DIRECTION ( 'NONE',  ( 0.000000000000000000, 0.000000000000000000, 1.000000000000000000 ) ) ;
#6409 = DIRECTION ( 'NONE',  ( 0.000000000000000000, 1.000000000000000000, 0.000000000000000000 ) ) ;
#6410 = VERTEX_POINT ( 'NONE', #7232 ) ;
#6411 = CARTESIAN_POINT ( 'NONE',  ( 74.10740418743412761, -12.00000000000000000, -99.94727136308888760 ) ) ;
#6412 = EDGE_CURVE ( 'NONE', #557, #5179, #6021, .T. ) ;
#6413 = ADVANCED_FACE ( 'NONE', ( #3034 ), #4239, .F. ) ;
#6414 = EDGE_CURVE ( 'NONE', #3845, #6287, #4425, .T. ) ;
#6415 = ORIENTED_EDGE ( 'NONE', *, *, #5799, .T. ) ;
#6416 = AXIS2_PLACEMENT_3D ( 'NONE', #3207, #3827, #2627 ) ;
#6417 = ORIENTED_EDGE ( 'NONE', *, *, #3345, .F. ) ;
#6418 = FACE_OUTER_BOUND ( 'NONE', #6281, .T. ) ;
#6419 = DIRECTION ( 'NONE',  ( 9.718338800995376291E-16, 0.000000000000000000, -1.000000000000000000 ) ) ;
#6420 = CARTESIAN_POINT ( 'NONE',  ( -98.67880131525888032, -115.9999999999996874, -49.49999999999998579 ) ) ;
#6421 = CARTESIAN_POINT ( 'NONE',  ( 64.73191930713082343, -64.99999999999982947, -124.9780523439686846 ) ) ;
#6422 = EDGE_CURVE ( 'NONE', #316, #50, #3080, .T. ) ;
#6423 = FACE_OUTER_BOUND ( 'NONE', #7200, .T. ) ;
#6424 = EDGE_LOOP ( 'NONE', ( #3362, #4040, #2932, #2203 ) ) ;
#6425 = ORIENTED_EDGE ( 'NONE', *, *, #6166, .T. ) ;
#6426 = CYLINDRICAL_SURFACE ( 'NONE', #961, 71.39999999996429381 ) ;
#6427 = DIRECTION ( 'NONE',  ( -0.000000000000000000, 1.000000000000000000, -0.000000000000000000 ) ) ;
#6428 = LINE ( 'NONE', #5317, #3337 ) ;
#6429 = CARTESIAN_POINT ( 'NONE',  ( -98.67880131525888032, -115.9999999999996874, -49.49999999999998579 ) ) ;
#6430 = AXIS2_PLACEMENT_3D ( 'NONE', #892, #967, #5102 ) ;
#6431 = VERTEX_POINT ( 'NONE', #7069 ) ;
#6432 = VERTEX_POINT ( 'NONE', #4123 ) ;
#6433 = CARTESIAN_POINT ( 'NONE',  ( 80.50443179299115570, -64.99999999999982947, -32.37198281054980242 ) ) ;
#6434 = FACE_OUTER_BOUND ( 'NONE', #194, .T. ) ;
#6435 = DIRECTION ( 'NONE',  ( 0.000000000000000000, 0.000000000000000000, 1.000000000000000000 ) ) ;
#6436 = DIRECTION ( 'NONE',  ( 0.000000000000000000, 0.000000000000000000, 1.000000000000000000 ) ) ;
#6437 = DIRECTION ( 'NONE',  ( -1.562806863719356047E-13, 0.000000000000000000, 1.000000000000000000 ) ) ;
#6438 = DIRECTION ( 'NONE',  ( -0.000000000000000000, -1.000000000000000000, -0.000000000000000000 ) ) ;
#6439 = ORIENTED_EDGE ( 'NONE', *, *, #1686, .T. ) ;
#6440 = ADVANCED_FACE ( 'NONE', ( #1196 ), #5557, .F. ) ;
#6441 = EDGE_LOOP ( 'NONE', ( #4174, #204 ) ) ;
#6442 = ORIENTED_EDGE ( 'NONE', *, *, #512, .T. ) ;
#6443 = AXIS2_PLACEMENT_3D ( 'NONE', #7210, #338, #2690 ) ;
#6444 = ORIENTED_EDGE ( 'NONE', *, *, #143, .F. ) ;
#6445 = EDGE_CURVE ( 'NONE', #4895, #6350, #297, .T. ) ;
#6446 = CARTESIAN_POINT ( 'NONE',  ( 57.20577136594059908, -14.00000000000000000, -139.4999999999990337 ) ) ;
#6447 = CARTESIAN_POINT ( 'NONE',  ( 75.58350073661644331, 1.734723475976807094E-13, -70.30625106983377748 ) ) ;
#6448 = DIRECTION ( 'NONE',  ( -0.000000000000000000, -1.000000000000000000, -0.000000000000000000 ) ) ;
#6449 = ORIENTED_EDGE ( 'NONE', *, *, #3588, .T. ) ;
#6450 = LINE ( 'NONE', #1049, #7393 ) ;
#6451 = ORIENTED_EDGE ( 'NONE', *, *, #5292, .F. ) ;
#6452 = EDGE_CURVE ( 'NONE', #5551, #211, #185, .T. ) ;
#6453 = ORIENTED_EDGE ( 'NONE', *, *, #1269, .T. ) ;
#6454 = LINE ( 'NONE', #4722, #2739 ) ;
#6455 = EDGE_CURVE ( 'NONE', #6669, #7648, #2042, .T. ) ;
#6456 = EDGE_CURVE ( 'NONE', #2297, #5948, #1710, .T. ) ;
#6457 = CYLINDRICAL_SURFACE ( 'NONE', #7004, 71.39999999996429381 ) ;
#6458 = CARTESIAN_POINT ( 'NONE',  ( -98.67880131525888032, -115.9999999999996732, -49.49999999999999289 ) ) ;
#6459 = CARTESIAN_POINT ( 'NONE',  ( -98.67880131525888032, -14.00000000000000000, -49.49999999999999289 ) ) ;
#6460 = CARTESIAN_POINT ( 'NONE',  ( 70.19128150720484882, -13.99999999999999822, -111.8128809115886071 ) ) ;
#6461 = VECTOR ( 'NONE', #3968, 1000.000000000000000 ) ;
#6462 = ORIENTED_EDGE ( 'NONE', *, *, #2642, .T. ) ;
#6463 = ORIENTED_EDGE ( 'NONE', *, *, #3098, .F. ) ;
#6464 = ADVANCED_FACE ( 'NONE', ( #773 ), #1499, .F. ) ;
#6465 = PLANE ( 'NONE',  #4650 ) ;
#6466 = CARTESIAN_POINT ( 'NONE',  ( -98.67880131525888032, -6.000000000000000000, -49.49999999999999289 ) ) ;
#6467 = CARTESIAN_POINT ( 'NONE',  ( 67.28506351875270752, -6.000000000000005329, -90.69460607115840389 ) ) ;
#6468 = DIRECTION ( 'NONE',  ( 0.000000000000000000, -1.000000000000000000, 0.000000000000000000 ) ) ;
#6469 = VERTEX_POINT ( 'NONE', #6632 ) ;
#6470 = AXIS2_PLACEMENT_3D ( 'NONE', #2363, #5910, #630 ) ;
#6471 = VERTEX_POINT ( 'NONE', #3771 ) ;
#6472 = CARTESIAN_POINT ( 'NONE',  ( 31.54464862024899929, -16.00000000000000000, -155.2209906968289772 ) ) ;
#6473 = ORIENTED_EDGE ( 'NONE', *, *, #1073, .F. ) ;
#6474 = CARTESIAN_POINT ( 'NONE',  ( 81.15866094160703881, -64.99999999999982947, -41.85230956576408090 ) ) ;
#6475 = CYLINDRICAL_SURFACE ( 'NONE', #1848, 71.39999999996429381 ) ;
#6476 = DIRECTION ( 'NONE',  ( 0.000000000000000000, -0.000000000000000000, 1.000000000000000000 ) ) ;
#6477 = DIRECTION ( 'NONE',  ( 0.000000000000000000, 0.000000000000000000, 1.000000000000000000 ) ) ;
#6478 = CARTESIAN_POINT ( 'NONE',  ( -98.67880131525888032, -129.9999999999998295, -49.49999999999998579 ) ) ;
#6479 = ORIENTED_EDGE ( 'NONE', *, *, #4232, .F. ) ;
#6480 = VERTEX_POINT ( 'NONE', #4884 ) ;
#6481 = VERTEX_POINT ( 'NONE', #5629 ) ;
#6482 = DIRECTION ( 'NONE',  ( 0.000000000000000000, -1.000000000000000000, 0.000000000000000000 ) ) ;
#6483 = CARTESIAN_POINT ( 'NONE',  ( 74.10740418743412761, -12.00000000000000000, -99.94727136308888760 ) ) ;
#6484 = DIRECTION ( 'NONE',  ( 0.000000000000000000, 0.000000000000000000, 1.000000000000000000 ) ) ;
#6485 = ORIENTED_EDGE ( 'NONE', *, *, #7225, .T. ) ;
#6486 = EDGE_CURVE ( 'NONE', #831, #2297, #6742, .T. ) ;
#6487 = ORIENTED_EDGE ( 'NONE', *, *, #1658, .T. ) ;
#6488 = VERTEX_POINT ( 'NONE', #3265 ) ;
#6489 = ORIENTED_EDGE ( 'NONE', *, *, #5340, .T. ) ;
#6490 = DIRECTION ( 'NONE',  ( 0.000000000000000000, 0.000000000000000000, 1.000000000000000000 ) ) ;
#6491 = DIRECTION ( 'NONE',  ( 0.000000000000000000, 0.000000000000000000, 1.000000000000000000 ) ) ;
#6492 = PLANE ( 'NONE',  #7059 ) ;
#6493 = DIRECTION ( 'NONE',  ( 0.8660254037844405950, 0.000000000000000000, -0.4999999999999965583 ) ) ;
#6494 = CARTESIAN_POINT ( 'NONE',  ( 66.33667826014475111, 1.734723475976807094E-13, -19.41734241254145132 ) ) ;
#6495 = VECTOR ( 'NONE', #5997, 1000.000000000000000 ) ;
#6496 = ADVANCED_FACE ( 'NONE', ( #3809 ), #4324, .T. ) ;
#6497 = EDGE_CURVE ( 'NONE', #384, #6769, #845, .T. ) ;
#6498 = ORIENTED_EDGE ( 'NONE', *, *, #7473, .F. ) ;
#6499 = ORIENTED_EDGE ( 'NONE', *, *, #834, .T. ) ;
#6500 = CARTESIAN_POINT ( 'NONE',  ( 74.23430928101858228, -8.060303038032998302, -19.47823816096860838 ) ) ;
#6501 = FACE_BOUND ( 'NONE', #5349, .T. ) ;
#6502 = DIRECTION ( 'NONE',  ( 0.000000000000000000, 1.000000000000000000, 0.000000000000000000 ) ) ;
#6503 = AXIS2_PLACEMENT_3D ( 'NONE', #1667, #4021, #1133 ) ;
#6504 = EDGE_CURVE ( 'NONE', #2296, #399, #972, .T. ) ;
#6505 = CIRCLE ( 'NONE', #7518, 71.39999999996429381 ) ;
#6506 = ORIENTED_EDGE ( 'NONE', *, *, #6414, .F. ) ;
#6507 = ORIENTED_EDGE ( 'NONE', *, *, #4661, .T. ) ;
#6508 = DIRECTION ( 'NONE',  ( 0.000000000000000000, 0.000000000000000000, 1.000000000000000000 ) ) ;
#6509 = DIRECTION ( 'NONE',  ( 0.000000000000000000, 1.000000000000000000, 0.000000000000000000 ) ) ;
#6511 = DIRECTION ( 'NONE',  ( -0.000000000000000000, 1.000000000000000000, -0.000000000000000000 ) ) ;
#6510 = CIRCLE ( 'NONE', #970, 71.39999999996429381 ) ;
#6512 = AXIS2_PLACEMENT_3D ( 'NONE', #876, #3149, #3227 ) ;
#6513 = DIRECTION ( 'NONE',  ( -0.000000000000000000, 1.000000000000000000, -0.000000000000000000 ) ) ;
#6514 = DIRECTION ( 'NONE',  ( 4.956902795950881041E-12, 0.000000000000000000, 1.000000000000000000 ) ) ;
#6515 = CARTESIAN_POINT ( 'NONE',  ( 81.29787021941598368, -115.9999999999996732, -52.39787910371624235 ) ) ;
#6516 = EDGE_CURVE ( 'NONE', #4831, #6481, #1345, .T. ) ;
#6517 = ADVANCED_FACE ( 'NONE', ( #1965 ), #6675, .F. ) ;
#6518 = ORIENTED_EDGE ( 'NONE', *, *, #6312, .T. ) ;
#6519 = VERTEX_POINT ( 'NONE', #6083 ) ;
#6520 = ORIENTED_EDGE ( 'NONE', *, *, #3622, .F. ) ;
#6521 = CIRCLE ( 'NONE', #2580, 71.39999999996429381 ) ;
#6522 = AXIS2_PLACEMENT_3D ( 'NONE', #3651, #2998, #1927 ) ;
#6523 = AXIS2_PLACEMENT_3D ( 'NONE', #5057, #5782, #498 ) ;
#6524 = VECTOR ( 'NONE', #6295, 1000.000000000000000 ) ;
#6525 = CARTESIAN_POINT ( 'NONE',  ( 70.73140919045791009, -129.9999999999998295, -95.33045468254395871 ) ) ;
#6526 = FACE_OUTER_BOUND ( 'NONE', #7313, .T. ) ;
#6527 = FACE_OUTER_BOUND ( 'NONE', #1125, .T. ) ;
#6528 = CIRCLE ( 'NONE', #1597, 71.39999999996429381 ) ;
#6529 = CIRCLE ( 'NONE', #1237, 71.39999999996429381 ) ;
#6530 = CIRCLE ( 'NONE', #4188, 180.0000000000000000 ) ;
#6531 = ORIENTED_EDGE ( 'NONE', *, *, #6372, .T. ) ;
#6532 = VERTEX_POINT ( 'NONE', #6165 ) ;
#6533 = ORIENTED_EDGE ( 'NONE', *, *, #2973, .T. ) ;
#6534 = CLOSED_SHELL ( 'NONE', ( #5657, #5358, #7282, #4565, #2028, #564, #5836, #5980, #2817, #5925, #7088, #1078, #3413, #6413, #6885, #7561, #3099, #1835, #3385, #4575, #3380, #5595, #1498, #6270, #611, #5147, #1646, #6496, #3296, #6029, #6112, #1648, #2538, #6388, #5370, #925, #5462, #1225, #1800, #2834, #2208, #886, #3234, #3670, #3811, #3569, #7608, #7425, #7178, #3816, #1614, #926, #7121, #4430, #7046, #2502, #6606, #3719, #2413, #1930, #2459, #266, #3750, #4519, #7342, #6599, #6639, #2269, #6634, #2396, #7373, #3437, #6793, #6296, #6715, #6116, #6076, #796, #1328, #2941, #4050, #4700, #5470, #4653, #4522, #1544, #1859, #4812, #6168, #218, #6543, #4336, #6157, #4996, #5899, #6258, #5183, #4097, #7067, #5702, #3446, #2493, #2855, #1020, #378, #367, #3478, #410, #6656, #6336, #1319, #273, #3136, #1727, #895, #4432, #877, #1830, #2069, #5438, #5469, #3727, #3815, #7268, #1127, #2127, #6189, #6077, #2635, #4418, #3740, #4802, #317, #6990, #3897, #6800, #6548, #5931, #1181, #4382, #2292, #660, #5752, #3521, #6730, #2160, #2178, #6517, #1403, #4483, #3115, #3145, #1822, #1798, #5381, #5517, #451, #7226, #3343, #766, #5265, #4631, #3913, #5388, #1376, #2080, #220, #669, #2017, #6344, #3048, #4758, #2445, #4524, #5275, #2494, #613, #2025, #5046, #29, #649, #208, #6724, #1747, #4137, #5704, #6933, #5403, #4718, #5749, #6741, #7471, #4337, #662, #86, #2961, #5851, #279, #6962, #6464, #1132, #4675, #4885, #6314, #3959, #5972, #6440, #3088, #2530, #555, #5943, #5982, #3241, #2664, #6667, #3475, #180, #5876, #4595, #5331, #1655, #5267, #4095, #6843, #3354, #4847, #6870, #4850, #6982, #48, #2599, #2675, #1510, #123 ) ) ;
#6535 = LINE ( 'NONE', #1175, #4206 ) ;
#6536 = AXIS2_PLACEMENT_3D ( 'NONE', #5310, #5383, #21 ) ;
#6537 = CARTESIAN_POINT ( 'NONE',  ( 77.94419888284339493, -14.00000000000000000, -50.09428695927596920 ) ) ;
#6538 = AXIS2_PLACEMENT_3D ( 'NONE', #6581, #4221, #5421 ) ;
#6539 = CIRCLE ( 'NONE', #864, 71.39999999996429381 ) ;
#6540 = DIRECTION ( 'NONE',  ( 3.109868416318520413E-14, 0.000000000000000000, 1.000000000000000000 ) ) ;
#6541 = DIRECTION ( 'NONE',  ( 0.000000000000000000, 1.000000000000000000, 0.000000000000000000 ) ) ;
#6542 = DIRECTION ( 'NONE',  ( -0.000000000000000000, 1.000000000000000000, -0.000000000000000000 ) ) ;
#6543 = ADVANCED_FACE ( 'NONE', ( #2646 ), #7346, .T. ) ;
#6544 = ORIENTED_EDGE ( 'NONE', *, *, #2260, .T. ) ;
#6545 = EDGE_LOOP ( 'NONE', ( #3081, #163, #2086, #767 ) ) ;
#6546 = CARTESIAN_POINT ( 'NONE',  ( 77.89834047893448599, -115.9999999999996874, -53.56821481268273999 ) ) ;
#6547 = AXIS2_PLACEMENT_3D ( 'NONE', #4665, #4520, #5855 ) ;
#6548 = ADVANCED_FACE ( 'NONE', ( #5514 ), #2574, .F. ) ;
#6549 = FACE_OUTER_BOUND ( 'NONE', #1764, .T. ) ;
#6550 = CIRCLE ( 'NONE', #2356, 180.0000000000000000 ) ;
#6551 = DIRECTION ( 'NONE',  ( 9.766930495000353014E-14, 0.000000000000000000, 1.000000000000000000 ) ) ;
#6552 = ORIENTED_EDGE ( 'NONE', *, *, #4514, .T. ) ;
#6553 = EDGE_CURVE ( 'NONE', #695, #3426, #5159, .T. ) ;
#6554 = ORIENTED_EDGE ( 'NONE', *, *, #1643, .F. ) ;
#6555 = DIRECTION ( 'NONE',  ( -0.000000000000000000, -1.000000000000000000, -0.000000000000000000 ) ) ;
#6556 = EDGE_CURVE ( 'NONE', #6001, #4893, #7150, .T. ) ;
#6557 = FACE_BOUND ( 'NONE', #3502, .T. ) ;
#6558 = EDGE_CURVE ( 'NONE', #4564, #7448, #7497, .T. ) ;
#6559 = VECTOR ( 'NONE', #2930, 1000.000000000000000 ) ;
#6560 = DIRECTION ( 'NONE',  ( -0.000000000000000000, 1.000000000000000000, -0.000000000000000000 ) ) ;
#6561 = DIRECTION ( 'NONE',  ( 0.000000000000000000, 0.000000000000000000, 1.000000000000000000 ) ) ;
#6562 = DIRECTION ( 'NONE',  ( 0.000000000000000000, -1.000000000000000000, 0.000000000000000000 ) ) ;
#6563 = FACE_OUTER_BOUND ( 'NONE', #6735, .T. ) ;
#6564 = ORIENTED_EDGE ( 'NONE', *, *, #3013, .F. ) ;
#6565 = ORIENTED_EDGE ( 'NONE', *, *, #366, .T. ) ;
#6566 = ORIENTED_EDGE ( 'NONE', *, *, #7133, .T. ) ;
#6567 = EDGE_CURVE ( 'NONE', #1978, #4586, #3061, .T. ) ;
#6568 = CIRCLE ( 'NONE', #2137, 170.9999999999999716 ) ;
#6569 = EDGE_CURVE ( 'NONE', #6600, #5850, #1681, .T. ) ;
#6570 = DIRECTION ( 'NONE',  ( 0.000000000000000000, 0.000000000000000000, 1.000000000000000000 ) ) ;
#6571 = FACE_OUTER_BOUND ( 'NONE', #328, .T. ) ;
#6572 = DIRECTION ( 'NONE',  ( 0.000000000000000000, -1.000000000000000000, 0.000000000000000000 ) ) ;
#6573 = EDGE_LOOP ( 'NONE', ( #6308, #2760, #1728, #4848 ) ) ;
#6574 = EDGE_LOOP ( 'NONE', ( #2813, #6951, #608, #1380 ) ) ;
#6575 = VERTEX_POINT ( 'NONE', #414 ) ;
#6576 = EDGE_LOOP ( 'NONE', ( #4576, #4751, #6061, #2988 ) ) ;
#6577 = DIRECTION ( 'NONE',  ( 0.000000000000000000, 0.000000000000000000, -1.000000000000000000 ) ) ;
#6578 = DIRECTION ( 'NONE',  ( 0.000000000000000000, 0.000000000000000000, 1.000000000000000000 ) ) ;
#6579 = CARTESIAN_POINT ( 'NONE',  ( 81.15866094160703881, -13.99999999999999822, -41.85230956576408090 ) ) ;
#6580 = AXIS2_PLACEMENT_3D ( 'NONE', #5633, #1537, #751 ) ;
#6581 = CARTESIAN_POINT ( 'NONE',  ( 56.36374621844705501, -115.9999999999996874, 14.50689995057771675 ) ) ;
#6582 = DIRECTION ( 'NONE',  ( 0.000000000000000000, 1.000000000000000000, -0.000000000000000000 ) ) ;
#6583 = ORIENTED_EDGE ( 'NONE', *, *, #2436, .T. ) ;
#6584 = ORIENTED_EDGE ( 'NONE', *, *, #2587, .F. ) ;
#6585 = CARTESIAN_POINT ( 'NONE',  ( 76.32948134498396087, 1.734723475976807094E-13, -25.66434653127068444 ) ) ;
#6586 = CARTESIAN_POINT ( 'NONE',  ( -98.67880131525888032, -14.00000000000000000, -49.49999999999999289 ) ) ;
#6587 = CARTESIAN_POINT ( 'NONE',  ( 75.55949415770719213, -13.99999999999999822, -4.322390605046965817 ) ) ;
#6588 = EDGE_CURVE ( 'NONE', #6054, #1870, #5775, .T. ) ;
#6589 = ORIENTED_EDGE ( 'NONE', *, *, #698, .T. ) ;
#6590 = VERTEX_POINT ( 'NONE', #6386 ) ;
#6591 = FACE_OUTER_BOUND ( 'NONE', #4253, .T. ) ;
#6592 = FACE_BOUND ( 'NONE', #5415, .T. ) ;
#6593 = CARTESIAN_POINT ( 'NONE',  ( 60.52081140041620699, -115.9999999999996732, -133.4969244149990288 ) ) ;
#6594 = CARTESIAN_POINT ( 'NONE',  ( 70.71909047417702254, 1.734723475976807094E-13, -99.50391617926909760 ) ) ;
#6595 = DIRECTION ( 'NONE',  ( 0.000000000000000000, -1.000000000000000000, 0.000000000000000000 ) ) ;
#6596 =( LENGTH_UNIT ( ) NAMED_UNIT ( * ) SI_UNIT ( .MILLI., .METRE. ) );
#6597 = EDGE_CURVE ( 'NONE', #4822, #1124, #7653, .T. ) ;
#6598 = ORIENTED_EDGE ( 'NONE', *, *, #2232, .F. ) ;
#6599 = ADVANCED_FACE ( 'NONE', ( #6277 ), #3379, .T. ) ;
#6600 = VERTEX_POINT ( 'NONE', #4548 ) ;
#6601 = VECTOR ( 'NONE', #141, 1000.000000000000000 ) ;
#6602 = CARTESIAN_POINT ( 'NONE',  ( 80.96297504136958878, -13.99999999999999822, -60.85042674980359578 ) ) ;
#6603 = LINE ( 'NONE', #5369, #7274 ) ;
#6604 = PLANE ( 'NONE',  #3016 ) ;
#6605 = ORIENTED_EDGE ( 'NONE', *, *, #3152, .T. ) ;
#6606 = ADVANCED_FACE ( 'NONE', ( #5232 ), #5740, .T. ) ;
#6607 = VERTEX_POINT ( 'NONE', #3457 ) ;
#6608 = EDGE_CURVE ( 'NONE', #2462, #1803, #7158, .T. ) ;
#6609 = VERTEX_POINT ( 'NONE', #3970 ) ;
#6610 = ORIENTED_EDGE ( 'NONE', *, *, #5648, .F. ) ;
#6611 = CARTESIAN_POINT ( 'NONE',  ( -98.67880131525888032, 1.734723475976807094E-13, -49.49999999999998579 ) ) ;
#6612 = DIRECTION ( 'NONE',  ( -0.000000000000000000, -1.000000000000000000, -0.000000000000000000 ) ) ;
#6613 = CARTESIAN_POINT ( 'NONE',  ( -98.67880131525888032, -14.00000000000000000, -49.49999999999998579 ) ) ;
#6614 = DIRECTION ( 'NONE',  ( -0.000000000000000000, 1.000000000000000000, -0.000000000000000000 ) ) ;
#6615 = CARTESIAN_POINT ( 'NONE',  ( -98.67880131525888032, -14.00000000000000000, -49.49999999999999289 ) ) ;
#6616 = CARTESIAN_POINT ( 'NONE',  ( -98.67880131525888032, 1.665334536937734811E-13, -49.49999999999999289 ) ) ;
#6617 = VERTEX_POINT ( 'NONE', #491 ) ;
#6618 = CIRCLE ( 'NONE', #2545, 71.39999999996429381 ) ;
#6619 = VECTOR ( 'NONE', #3291, 1000.000000000000000 ) ;
#6620 = ORIENTED_EDGE ( 'NONE', *, *, #2959, .F. ) ;
#6621 = CARTESIAN_POINT ( 'NONE',  ( -98.67880131525888032, -14.00000000000000000, -49.49999999999998579 ) ) ;
#6622 = CYLINDRICAL_SURFACE ( 'NONE', #683, 176.6239999999116890 ) ;
#6623 = AXIS2_PLACEMENT_3D ( 'NONE', #7604, #5263, #1185 ) ;
#6624 = DIRECTION ( 'NONE',  ( -0.2611421919233292699, 0.000000000000000000, -0.9653003447619187272 ) ) ;
#6625 = ORIENTED_EDGE ( 'NONE', *, *, #3779, .F. ) ;
#6626 = EDGE_LOOP ( 'NONE', ( #5759, #4316, #178, #3860 ) ) ;
#6627 = DIRECTION ( 'NONE',  ( 6.219736832637040668E-15, 0.000000000000000000, -1.000000000000000000 ) ) ;
#6628 = FACE_OUTER_BOUND ( 'NONE', #4618, .T. ) ;
#6629 = CARTESIAN_POINT ( 'NONE',  ( 81.31718797161646251, -12.00000000000000000, -48.29840079933597252 ) ) ;
#6630 = EDGE_CURVE ( 'NONE', #2410, #3399, #5818, .T. ) ;
#6631 = CARTESIAN_POINT ( 'NONE',  ( 74.23430928101858228, -6.000000000000000000, -19.47823816096860838 ) ) ;
#6632 = CARTESIAN_POINT ( 'NONE',  ( 81.12746341570606035, -6.000000000000000000, -41.15091840391276179 ) ) ;
#6633 = LINE ( 'NONE', #7154, #5776 ) ;
#6634 = ADVANCED_FACE ( 'NONE', ( #531 ), #6905, .T. ) ;
#6635 = VERTEX_POINT ( 'NONE', #1649 ) ;
#6636 = VECTOR ( 'NONE', #1433, 1000.000000000000000 ) ;
#6637 = VERTEX_POINT ( 'NONE', #4003 ) ;
#6638 = FACE_OUTER_BOUND ( 'NONE', #4752, .T. ) ;
#6639 = ADVANCED_FACE ( 'NONE', ( #3886 ), #2730, .T. ) ;
#6640 = CARTESIAN_POINT ( 'NONE',  ( 16.49714566399290661, -115.9999999999996874, -171.4408710172979795 ) ) ;
#6641 = EDGE_CURVE ( 'NONE', #2271, #3223, #2159, .T. ) ;
#6642 = CARTESIAN_POINT ( 'NONE',  ( 77.86696584561755685, 1.734723475976807094E-13, -54.75637456298587580 ) ) ;
#6643 = ORIENTED_EDGE ( 'NONE', *, *, #7423, .F. ) ;
#6644 = CIRCLE ( 'NONE', #966, 2.100000000000004530 ) ;
#6645 = AXIS2_PLACEMENT_3D ( 'NONE', #4869, #3212, #6693 ) ;
#6646 = VECTOR ( 'NONE', #2536, 1000.000000000000000 ) ;
#6647 = ORIENTED_EDGE ( 'NONE', *, *, #3901, .F. ) ;
#6648 = VECTOR ( 'NONE', #1689, 1000.000000000000000 ) ;
#6649 = VERTEX_POINT ( 'NONE', #3347 ) ;
#6650 = DIRECTION ( 'NONE',  ( 0.000000000000000000, 0.000000000000000000, 1.000000000000000000 ) ) ;
#6651 = CARTESIAN_POINT ( 'NONE',  ( 70.73140919045791009, -123.9999999999996589, -95.33045468254395871 ) ) ;
#6652 =( GEOMETRIC_REPRESENTATION_CONTEXT ( 3 ) GLOBAL_UNCERTAINTY_ASSIGNED_CONTEXT ( ( #2381 ) ) GLOBAL_UNIT_ASSIGNED_CONTEXT ( ( #6596, #3653, #774 ) ) REPRESENTATION_CONTEXT ( 'NONE', 'WORKASPACE' ) );
#6653 = AXIS2_PLACEMENT_3D ( 'NONE', #2880, #7574, #1063 ) ;
#6654 = EDGE_CURVE ( 'NONE', #1252, #1607, #1234, .T. ) ;
#6655 = CARTESIAN_POINT ( 'NONE',  ( 71.50195686800125827, -117.9999999999996589, -66.21853893648385281 ) ) ;
#6656 = ADVANCED_FACE ( 'NONE', ( #5122 ), #2268, .T. ) ;
#6657 = PLANE ( 'NONE',  #5684 ) ;
#6658 = AXIS2_PLACEMENT_3D ( 'NONE', #5112, #3917, #6891 ) ;
#6659 = DIRECTION ( 'NONE',  ( -0.1185541371500488522, 0.000000000000000000, -0.9929475900391759868 ) ) ;
#6660 = CARTESIAN_POINT ( 'NONE',  ( 56.71976032812312241, -123.9999999999996589, -120.8602623255267758 ) ) ;
#6661 = ORIENTED_EDGE ( 'NONE', *, *, #1921, .F. ) ;
#6662 = VECTOR ( 'NONE', #6339, 1000.000000000000000 ) ;
#6663 = CIRCLE ( 'NONE', #6, 71.39999999996429381 ) ;
#6664 = VERTEX_POINT ( 'NONE', #952 ) ;
#6665 = FACE_OUTER_BOUND ( 'NONE', #373, .T. ) ;
#6666 = LINE ( 'NONE', #1334, #702 ) ;
#6667 = ADVANCED_FACE ( 'NONE', ( #27 ), #2914, .T. ) ;
#6668 = CARTESIAN_POINT ( 'NONE',  ( -98.67880131525888032, -14.00000000000000000, -49.49999999999999289 ) ) ;
#6669 = VERTEX_POINT ( 'NONE', #2991 ) ;
#6670 = VERTEX_POINT ( 'NONE', #6587 ) ;
#6671 = DIRECTION ( 'NONE',  ( 0.000000000000000000, 0.000000000000000000, 1.000000000000000000 ) ) ;
#6672 = DIRECTION ( 'NONE',  ( 0.000000000000000000, 0.000000000000000000, 1.000000000000000000 ) ) ;
#6673 = DIRECTION ( 'NONE',  ( 0.000000000000000000, 0.000000000000000000, -1.000000000000000000 ) ) ;
#6674 = CARTESIAN_POINT ( 'NONE',  ( -98.67880131525888032, -14.00000000000000000, -49.49999999999998579 ) ) ;
#6675 = PLANE ( 'NONE',  #1228 ) ;
#6676 = ORIENTED_EDGE ( 'NONE', *, *, #37, .T. ) ;
#6677 = ORIENTED_EDGE ( 'NONE', *, *, #4535, .T. ) ;
#6678 = DIRECTION ( 'NONE',  ( 0.000000000000000000, -1.000000000000000000, 0.000000000000000000 ) ) ;
#6679 = DIRECTION ( 'NONE',  ( -0.000000000000000000, -1.000000000000000000, -0.000000000000000000 ) ) ;
#6680 = CARTESIAN_POINT ( 'NONE',  ( 74.30623184482467991, -13.99999999999999822, -99.26121283261052497 ) ) ;
#6681 = ORIENTED_EDGE ( 'NONE', *, *, #5885, .F. ) ;
#6682 = CIRCLE ( 'NONE', #149, 71.39999999996429381 ) ;
#6683 = VERTEX_POINT ( 'NONE', #3527 ) ;
#6684 = ORIENTED_EDGE ( 'NONE', *, *, #6209, .F. ) ;
#6685 = EDGE_CURVE ( 'NONE', #2428, #291, #2219, .T. ) ;
#6686 = CARTESIAN_POINT ( 'NONE',  ( -98.67880131525888032, -6.000000000000000000, -49.49999999999999289 ) ) ;
#6687 = DIRECTION ( 'NONE',  ( 0.000000000000000000, 0.000000000000000000, 1.000000000000000000 ) ) ;
#6688 = DIRECTION ( 'NONE',  ( 0.000000000000000000, -1.000000000000000000, 0.000000000000000000 ) ) ;
#6689 = CARTESIAN_POINT ( 'NONE',  ( 80.60076164425642276, -13.99999999999999822, -33.41154746370035866 ) ) ;
#6690 = PLANE ( 'NONE',  #2039 ) ;
#6691 = VERTEX_POINT ( 'NONE', #4657 ) ;
#6692 = DIRECTION ( 'NONE',  ( 0.000000000000000000, 1.000000000000000000, 0.000000000000000000 ) ) ;
#6693 = DIRECTION ( 'NONE',  ( -6.182083662013018560E-13, 0.000000000000000000, 1.000000000000000000 ) ) ;
#6694 = EDGE_CURVE ( 'NONE', #3889, #109, #112, .T. ) ;
#6695 = ORIENTED_EDGE ( 'NONE', *, *, #5527, .T. ) ;
#6696 = EDGE_CURVE ( 'NONE', #2607, #6844, #7188, .T. ) ;
#6697 = EDGE_CURVE ( 'NONE', #6988, #4965, #6528, .T. ) ;
#6698 = DIRECTION ( 'NONE',  ( -0.000000000000000000, 1.000000000000000000, -0.000000000000000000 ) ) ;
#6699 = CARTESIAN_POINT ( 'NONE',  ( 62.30548667938873564, 1.734723475976807094E-13, -121.4878316937673191 ) ) ;
#6700 = CARTESIAN_POINT ( 'NONE',  ( -98.67880131525888032, -6.000000000000000000, -49.49999999999999289 ) ) ;
#6701 = CARTESIAN_POINT ( 'NONE',  ( 60.03094493961192057, -115.9999999999996732, -134.4188815500682210 ) ) ;
#6702 = VERTEX_POINT ( 'NONE', #2956 ) ;
#6703 = EDGE_LOOP ( 'NONE', ( #842, #6610, #391, #6709 ) ) ;
#6704 = ORIENTED_EDGE ( 'NONE', *, *, #2588, .T. ) ;
#6705 = DIRECTION ( 'NONE',  ( 0.000000000000000000, -0.000000000000000000, 1.000000000000000000 ) ) ;
#6706 = CARTESIAN_POINT ( 'NONE',  ( 59.52566688811747042, 1.734723475976807094E-13, 6.235276329373401261 ) ) ;
#6707 = DIRECTION ( 'NONE',  ( -0.1710641700229696416, 0.000000000000000000, 0.9852598894374786642 ) ) ;
#6708 = DIRECTION ( 'NONE',  ( -0.000000000000000000, -1.000000000000000000, -0.000000000000000000 ) ) ;
#6709 = ORIENTED_EDGE ( 'NONE', *, *, #417, .F. ) ;
#6710 = ORIENTED_EDGE ( 'NONE', *, *, #6569, .T. ) ;
#6711 = DIRECTION ( 'NONE',  ( -1.000000000000000000, 0.000000000000000000, -3.282253334787953231E-15 ) ) ;
#6712 = DIRECTION ( 'NONE',  ( 0.000000000000000000, -1.000000000000000000, 0.000000000000000000 ) ) ;
#6713 = CARTESIAN_POINT ( 'NONE',  ( 68.48757222670489853, -13.99999999999999822, -116.2488094035857387 ) ) ;
#6714 = VECTOR ( 'NONE', #6251, 1000.000000000000000 ) ;
#6715 = ADVANCED_FACE ( 'NONE', ( #7058 ), #4810, .T. ) ;
#6716 = ORIENTED_EDGE ( 'NONE', *, *, #1190, .F. ) ;
#6717 = ORIENTED_EDGE ( 'NONE', *, *, #7294, .F. ) ;
#6718 = AXIS2_PLACEMENT_3D ( 'NONE', #3570, #1644, #5847 ) ;
#6719 = DIRECTION ( 'NONE',  ( 0.000000000000000000, -1.000000000000000000, 0.000000000000000000 ) ) ;
#6720 = CARTESIAN_POINT ( 'NONE',  ( 74.82765672272890356, 1.734723475976807094E-13, -16.46144078382379305 ) ) ;
#6721 = DIRECTION ( 'NONE',  ( 0.000000000000000000, 0.000000000000000000, 1.000000000000000000 ) ) ;
#6722 = DIRECTION ( 'NONE',  ( 0.000000000000000000, 0.000000000000000000, -1.000000000000000000 ) ) ;
#6723 = CYLINDRICAL_SURFACE ( 'NONE', #371, 2.100000000000004530 ) ;
#6724 = ADVANCED_FACE ( 'NONE', ( #1188 ), #5319, .F. ) ;
#6725 = LINE ( 'NONE', #4949, #6776 ) ;
#6726 = ORIENTED_EDGE ( 'NONE', *, *, #6553, .T. ) ;
#6727 = ORIENTED_EDGE ( 'NONE', *, *, #6630, .T. ) ;
#6728 = LINE ( 'NONE', #1443, #2801 ) ;
#6729 = DIRECTION ( 'NONE',  ( 0.000000000000000000, 0.000000000000000000, -1.000000000000000000 ) ) ;
#6730 = ADVANCED_FACE ( 'NONE', ( #720 ), #7139, .F. ) ;
#6731 = EDGE_CURVE ( 'NONE', #4744, #5335, #485, .T. ) ;
#6732 = DIRECTION ( 'NONE',  ( 0.000000000000000000, -1.000000000000000000, 0.000000000000000000 ) ) ;
#6733 = AXIS2_PLACEMENT_3D ( 'NONE', #4953, #6227, #364 ) ;
#6734 = VERTEX_POINT ( 'NONE', #7643 ) ;
#6735 = EDGE_LOOP ( 'NONE', ( #1826, #4929, #4074, #7100 ) ) ;
#6736 = ORIENTED_EDGE ( 'NONE', *, *, #7650, .F. ) ;
#6737 = CARTESIAN_POINT ( 'NONE',  ( 67.28506351875270752, -12.00000000000000000, -90.69460607115840389 ) ) ;
#6738 = CIRCLE ( 'NONE', #7487, 71.39999999996429381 ) ;
#6739 = DIRECTION ( 'NONE',  ( 0.000000000000000000, -1.000000000000000000, 0.000000000000000000 ) ) ;
#6740 = CARTESIAN_POINT ( 'NONE',  ( 46.59060502756037891, -115.9999999999996874, -133.3562720840223790 ) ) ;
#6741 = ADVANCED_FACE ( 'NONE', ( #1148 ), #2343, .F. ) ;
#6742 = LINE ( 'NONE', #3698, #5905 ) ;
#6743 = ORIENTED_EDGE ( 'NONE', *, *, #5187, .F. ) ;
#6744 = VERTEX_POINT ( 'NONE', #1886 ) ;
#6745 = CARTESIAN_POINT ( 'NONE',  ( 78.58763409171426417, -64.99999999999982947, -18.24922596041843192 ) ) ;
#6746 = AXIS2_PLACEMENT_3D ( 'NONE', #899, #6847, #4987 ) ;
#6747 = CARTESIAN_POINT ( 'NONE',  ( 65.41789684650092340, -117.9999999999996589, -97.59650353620614283 ) ) ;
#6748 = DIRECTION ( 'NONE',  ( 0.9852598894374786642, 0.000000000000000000, 0.1710641700229686146 ) ) ;
#6749 = EDGE_CURVE ( 'NONE', #2462, #3680, #5928, .T. ) ;
#6750 = FILL_AREA_STYLE ('',( #6211 ) ) ;
#6751 = ORIENTED_EDGE ( 'NONE', *, *, #1694, .T. ) ;
#6752 = CIRCLE ( 'NONE', #838, 176.6239999999116890 ) ;
#6753 = ORIENTED_EDGE ( 'NONE', *, *, #7143, .T. ) ;
#6754 = CIRCLE ( 'NONE', #5896, 176.6239999999116890 ) ;
#6755 = VERTEX_POINT ( 'NONE', #4151 ) ;
#6756 = VECTOR ( 'NONE', #915, 1000.000000000000000 ) ;
#6757 = DIRECTION ( 'NONE',  ( 0.000000000000000000, -1.000000000000000000, 0.000000000000000000 ) ) ;
#6758 = CARTESIAN_POINT ( 'NONE',  ( -98.67880131525888032, -115.9999999999996732, -49.49999999999999289 ) ) ;
#6759 = CIRCLE ( 'NONE', #101, 2.100000000000004530 ) ;
#6760 = DIRECTION ( 'NONE',  ( -0.000000000000000000, -1.000000000000000000, -0.000000000000000000 ) ) ;
#6761 = CARTESIAN_POINT ( 'NONE',  ( -98.67880131525888032, -115.9999999999996732, -49.49999999999999289 ) ) ;
#6762 = EDGE_CURVE ( 'NONE', #3170, #791, #648, .T. ) ;
#6763 = EDGE_LOOP ( 'NONE', ( #7223, #4125, #1143, #5270 ) ) ;
#6764 = AXIS2_PLACEMENT_3D ( 'NONE', #2145, #6950, #1659 ) ;
#6765 = DIRECTION ( 'NONE',  ( -0.000000000000000000, 1.000000000000000000, -0.000000000000000000 ) ) ;
#6766 = CIRCLE ( 'NONE', #5036, 71.39999999996429381 ) ;
#6767 = CARTESIAN_POINT ( 'NONE',  ( 71.50195686800125827, -117.9999999999996589, -66.21853893648385281 ) ) ;
#6768 = CIRCLE ( 'NONE', #5539, 2.100000000000004530 ) ;
#6769 = VERTEX_POINT ( 'NONE', #2414 ) ;
#6770 = ORIENTED_EDGE ( 'NONE', *, *, #844, .F. ) ;
#6771 = CYLINDRICAL_SURFACE ( 'NONE', #4037, 176.6239999999116890 ) ;
#6772 = AXIS2_PLACEMENT_3D ( 'NONE', #5823, #3421, #5128 ) ;
#6773 = CARTESIAN_POINT ( 'NONE',  ( 69.05464996513771325, -16.00000000000000000, -50.25107162877701228 ) ) ;
#6774 = AXIS2_PLACEMENT_3D ( 'NONE', #3907, #241, #4980 ) ;
#6775 = CARTESIAN_POINT ( 'NONE',  ( 73.24452982367596121, -115.9999999999996732, -102.8138650830359211 ) ) ;
#6776 = VECTOR ( 'NONE', #2487, 1000.000000000000000 ) ;
#6777 = ORIENTED_EDGE ( 'NONE', *, *, #5276, .T. ) ;
#6778 = VECTOR ( 'NONE', #4108, 1000.000000000000114 ) ;
#6779 = AXIS2_PLACEMENT_3D ( 'NONE', #4392, #2534, #7345 ) ;
#6780 = VERTEX_POINT ( 'NONE', #4771 ) ;
#6781 = ORIENTED_EDGE ( 'NONE', *, *, #7295, .T. ) ;
#6782 = EDGE_CURVE ( 'NONE', #4711, #3002, #6521, .T. ) ;
#6783 = DIRECTION ( 'NONE',  ( -0.000000000000000000, 1.000000000000000000, -0.000000000000000000 ) ) ;
#6784 = AXIS2_PLACEMENT_3D ( 'NONE', #1929, #4207, #4780 ) ;
#6785 = LINE ( 'NONE', #6162, #58 ) ;
#6786 = DIRECTION ( 'NONE',  ( 0.000000000000000000, 0.000000000000000000, 1.000000000000000000 ) ) ;
#6787 = CARTESIAN_POINT ( 'NONE',  ( 76.48591752164642799, 1.734723475976807094E-13, -72.15741933135184638 ) ) ;
#6788 = APPLICATION_PROTOCOL_DEFINITION ( 'draft international standard', 'automotive_design', 1998, #3597 ) ;
#6789 = PRODUCT_DEFINITION ( 'UNKNOWN', '', #3068, #2768 ) ;
#6790 = EDGE_LOOP ( 'NONE', ( #2609, #1849, #3338, #3880 ) ) ;
#6791 = ORIENTED_EDGE ( 'NONE', *, *, #6013, .F. ) ;
#6792 = EDGE_CURVE ( 'NONE', #6410, #4268, #1469, .T. ) ;
#6793 = ADVANCED_FACE ( 'NONE', ( #682 ), #3027, .T. ) ;
#6794 = LINE ( 'NONE', #6207, #1575 ) ;
#6795 = DIRECTION ( 'NONE',  ( -0.000000000000000000, 1.000000000000000000, -0.000000000000000000 ) ) ;
#6796 = DIRECTION ( 'NONE',  ( -0.000000000000000000, -1.000000000000000000, -0.000000000000000000 ) ) ;
#6797 = DIRECTION ( 'NONE',  ( 0.000000000000000000, 1.000000000000000000, 0.000000000000000000 ) ) ;
#6798 = EDGE_LOOP ( 'NONE', ( #3428, #4353, #126, #2278 ) ) ;
#6799 = VERTEX_POINT ( 'NONE', #5583 ) ;
#6800 = ADVANCED_FACE ( 'NONE', ( #4954 ), #2638, .F. ) ;
#6801 = CARTESIAN_POINT ( 'NONE',  ( 80.50443179308081199, -115.9999999999996732, -32.37198281054124038 ) ) ;
#6802 = CARTESIAN_POINT ( 'NONE',  ( 65.00000000000000000, -129.9999999999998295, -1.387778780781445676E-14 ) ) ;
#6803 = CARTESIAN_POINT ( 'NONE',  ( 75.58350073661644331, -129.9999999999998295, -68.20625106983376895 ) ) ;
#6804 = DIRECTION ( 'NONE',  ( 0.000000000000000000, 0.000000000000000000, 1.000000000000000000 ) ) ;
#6805 = AXIS2_PLACEMENT_3D ( 'NONE', #7442, #2660, #3209 ) ;
#6806 = ORIENTED_EDGE ( 'NONE', *, *, #6412, .F. ) ;
#6807 = CARTESIAN_POINT ( 'NONE',  ( 70.73140919045791009, -123.9999999999996589, -93.23045468254395018 ) ) ;
#6808 = DIRECTION ( 'NONE',  ( 0.000000000000000000, -1.000000000000000000, 0.000000000000000000 ) ) ;
#6809 = ORIENTED_EDGE ( 'NONE', *, *, #1677, .T. ) ;
#6810 = VERTEX_POINT ( 'NONE', #4270 ) ;
#6811 = DIRECTION ( 'NONE',  ( 0.000000000000000000, 0.000000000000000000, 1.000000000000000000 ) ) ;
#6812 = DIRECTION ( 'NONE',  ( -0.000000000000000000, 1.000000000000000000, -0.000000000000000000 ) ) ;
#6813 = CARTESIAN_POINT ( 'NONE',  ( 39.50077367722118282, -14.00000000000000000, 45.58669645077753785 ) ) ;
#6814 = CYLINDRICAL_SURFACE ( 'NONE', #1975, 176.6239999999116890 ) ;
#6815 = ORIENTED_EDGE ( 'NONE', *, *, #4577, .T. ) ;
#6816 = ORIENTED_EDGE ( 'NONE', *, *, #4473, .F. ) ;
#6817 = ORIENTED_EDGE ( 'NONE', *, *, #1887, .F. ) ;
#6818 = DIRECTION ( 'NONE',  ( 0.000000000000000000, -1.000000000000000000, 0.000000000000000000 ) ) ;
#6819 = DIRECTION ( 'NONE',  ( 0.000000000000000000, 0.000000000000000000, 1.000000000000000000 ) ) ;
#6820 = DIRECTION ( 'NONE',  ( -0.000000000000000000, 1.000000000000000000, -0.000000000000000000 ) ) ;
#6821 = VECTOR ( 'NONE', #3940, 1000.000000000000000 ) ;
#6822 = AXIS2_PLACEMENT_3D ( 'NONE', #6027, #3891, #1979 ) ;
#6823 = CARTESIAN_POINT ( 'NONE',  ( 71.50195686800125827, -12.00000000000000000, -66.21853893648385281 ) ) ;
#6824 = EDGE_CURVE ( 'NONE', #4680, #6617, #2456, .T. ) ;
#6825 = EDGE_LOOP ( 'NONE', ( #7209, #5761, #2778, #4161 ) ) ;
#6826 = ORIENTED_EDGE ( 'NONE', *, *, #5197, .T. ) ;
#6827 = CIRCLE ( 'NONE', #7081, 71.39999999996429381 ) ;
#6828 = DIRECTION ( 'NONE',  ( -0.000000000000000000, -1.000000000000000000, -0.000000000000000000 ) ) ;
#6829 = CYLINDRICAL_SURFACE ( 'NONE', #3238, 176.6239999999116890 ) ;
#6830 = LINE ( 'NONE', #1538, #3561 ) ;
#6831 = CARTESIAN_POINT ( 'NONE',  ( 75.58350073661644331, -8.060303038032998302, -72.40625106983378600 ) ) ;
#6832 = DIRECTION ( 'NONE',  ( 0.000000000000000000, 0.000000000000000000, -1.000000000000000000 ) ) ;
#6833 = VERTEX_POINT ( 'NONE', #6775 ) ;
#6834 = EDGE_CURVE ( 'NONE', #7157, #7091, #5781, .T. ) ;
#6835 = EDGE_CURVE ( 'NONE', #5835, #262, #1997, .T. ) ;
#6836 = EDGE_LOOP ( 'NONE', ( #7243, #7038, #2769, #7217 ) ) ;
#6837 = VERTEX_POINT ( 'NONE', #5471 ) ;
#6838 = DIRECTION ( 'NONE',  ( -0.000000000000000000, -1.000000000000000000, -0.000000000000000000 ) ) ;
#6839 = FACE_OUTER_BOUND ( 'NONE', #3666, .T. ) ;
#6840 = DIRECTION ( 'NONE',  ( 0.000000000000000000, -1.000000000000000000, 0.000000000000000000 ) ) ;
#6841 = CARTESIAN_POINT ( 'NONE',  ( -98.67880131525888032, -123.9999999999996589, -49.49999999999999289 ) ) ;
#6842 = DIRECTION ( 'NONE',  ( 0.000000000000000000, 0.000000000000000000, 1.000000000000000000 ) ) ;
#6843 = ADVANCED_FACE ( 'NONE', ( #4875 ), #7259, .T. ) ;
#6844 = VERTEX_POINT ( 'NONE', #6701 ) ;
#6845 = ORIENTED_EDGE ( 'NONE', *, *, #2674, .F. ) ;
#6846 = CARTESIAN_POINT ( 'NONE',  ( 31.54464862024899929, -115.9999999999996874, -155.2209906968289772 ) ) ;
#6847 = DIRECTION ( 'NONE',  ( 0.000000000000000000, 1.000000000000000000, 0.000000000000000000 ) ) ;
#6848 = DIRECTION ( 'NONE',  ( 0.000000000000000000, -1.000000000000000000, 0.000000000000000000 ) ) ;
#6849 = DIRECTION ( 'NONE',  ( 0.000000000000000000, 0.000000000000000000, -1.000000000000000000 ) ) ;
#6850 = DIRECTION ( 'NONE',  ( 0.000000000000000000, 0.000000000000000000, -1.000000000000000000 ) ) ;
#6851 = EDGE_LOOP ( 'NONE', ( #3123, #7260, #2845, #5060, #4162, #3784 ) ) ;
#6852 = ORIENTED_EDGE ( 'NONE', *, *, #3964, .T. ) ;
#6853 = VERTEX_POINT ( 'NONE', #1955 ) ;
#6854 = LINE ( 'NONE', #411, #6993 ) ;
#6855 = CARTESIAN_POINT ( 'NONE',  ( 66.33667826014431057, 1.734723475976807094E-13, -79.58265758746084373 ) ) ;
#6856 = FACE_BOUND ( 'NONE', #3029, .T. ) ;
#6857 = DIRECTION ( 'NONE',  ( -0.000000000000000000, 1.000000000000000000, -0.000000000000000000 ) ) ;
#6858 = ORIENTED_EDGE ( 'NONE', *, *, #1996, .F. ) ;
#6859 = EDGE_LOOP ( 'NONE', ( #3101, #7104, #4039, #2289 ) ) ;
#6860 = VECTOR ( 'NONE', #5619, 1000.000000000000000 ) ;
#6861 = CARTESIAN_POINT ( 'NONE',  ( 41.96261521398456296, -14.00000000000000000, 41.90605419594795222 ) ) ;
#6862 = EDGE_CURVE ( 'NONE', #171, #6833, #1846, .T. ) ;
#6863 = CARTESIAN_POINT ( 'NONE',  ( 76.75940293603790110, 1.734723475976807094E-13, -44.84312453674527887 ) ) ;
#6864 = CARTESIAN_POINT ( 'NONE',  ( 79.50184582845001557, -115.9999999999996732, -23.97242699649865116 ) ) ;
#6865 = DIRECTION ( 'NONE',  ( -0.000000000000000000, -1.000000000000000000, -0.000000000000000000 ) ) ;
#6866 = AXIS2_PLACEMENT_3D ( 'NONE', #6500, #1220, #5926 ) ;
#6867 = CIRCLE ( 'NONE', #2916, 176.6239999999116890 ) ;
#6868 = ORIENTED_EDGE ( 'NONE', *, *, #760, .F. ) ;
#6869 = ORIENTED_EDGE ( 'NONE', *, *, #2260, .F. ) ;
#6870 = ADVANCED_FACE ( 'NONE', ( #3798 ), #2606, .T. ) ;
#6871 = EDGE_CURVE ( 'NONE', #5464, #6833, #2096, .T. ) ;
#6872 = DIRECTION ( 'NONE',  ( 0.000000000000000000, 0.000000000000000000, 1.000000000000000000 ) ) ;
#6873 = DIRECTION ( 'NONE',  ( 0.1710641700229685869, 0.000000000000000000, -0.9852598894374787752 ) ) ;
#6874 = CARTESIAN_POINT ( 'NONE',  ( 62.30548667938873564, -115.9999999999996732, -119.3878316937673247 ) ) ;
#6875 = DIRECTION ( 'NONE',  ( -0.000000000000000000, -1.000000000000000000, -0.000000000000000000 ) ) ;
#6876 = ORIENTED_EDGE ( 'NONE', *, *, #327, .T. ) ;
#6877 = LINE ( 'NONE', #2662, #6524 ) ;
#6878 = AXIS2_PLACEMENT_3D ( 'NONE', #2659, #3828, #309 ) ;
#6879 = AXIS2_PLACEMENT_3D ( 'NONE', #551, #4613, #7049 ) ;
#6880 = ORIENTED_EDGE ( 'NONE', *, *, #5718, .F. ) ;
#6881 = ORIENTED_EDGE ( 'NONE', *, *, #5130, .F. ) ;
#6882 = VECTOR ( 'NONE', #4825, 1000.000000000000000 ) ;
#6883 = FACE_BOUND ( 'NONE', #6441, .T. ) ;
#6884 = EDGE_CURVE ( 'NONE', #6519, #6471, #830, .T. ) ;
#6885 = ADVANCED_FACE ( 'NONE', ( #1335 ), #797, .F. ) ;
#6886 = EDGE_CURVE ( 'NONE', #2136, #6060, #3069, .T. ) ;
#6887 = CYLINDRICAL_SURFACE ( 'NONE', #4541, 176.6239999999116890 ) ;
#6888 = AXIS2_PLACEMENT_3D ( 'NONE', #1944, #1368, #7126 ) ;
#6889 = DIRECTION ( 'NONE',  ( 5.595147147584482376E-13, 0.000000000000000000, 1.000000000000000000 ) ) ;
#6890 = CIRCLE ( 'NONE', #3430, 176.6239999999116890 ) ;
#6891 = DIRECTION ( 'NONE',  ( 0.000000000000000000, 0.000000000000000000, -1.000000000000000000 ) ) ;
#6892 = DIRECTION ( 'NONE',  ( 0.000000000000000000, -1.000000000000000000, 0.000000000000000000 ) ) ;
#6893 = AXIS2_PLACEMENT_3D ( 'NONE', #7446, #3791, #3833 ) ;
#6894 = ORIENTED_EDGE ( 'NONE', *, *, #1438, .F. ) ;
#6895 = AXIS2_PLACEMENT_3D ( 'NONE', #2005, #6708, #1420 ) ;
#6896 = EDGE_LOOP ( 'NONE', ( #3995, #5353, #4955, #5321 ) ) ;
#6897 = CIRCLE ( 'NONE', #2091, 71.39999999996429381 ) ;
#6898 = AXIS2_PLACEMENT_3D ( 'NONE', #2542, #2581, #4933 ) ;
#6899 = ORIENTED_EDGE ( 'NONE', *, *, #1313, .T. ) ;
#6900 = EDGE_CURVE ( 'NONE', #3504, #326, #7408, .T. ) ;
#6901 = DIRECTION ( 'NONE',  ( 0.000000000000000000, 0.000000000000000000, -1.000000000000000000 ) ) ;
#6902 = LINE ( 'NONE', #1029, #916 ) ;
#6903 = DIRECTION ( 'NONE',  ( 0.000000000000000000, -1.000000000000000000, 0.000000000000000000 ) ) ;
#6904 = AXIS2_PLACEMENT_3D ( 'NONE', #4699, #3492, #2455 ) ;
#6905 = CYLINDRICAL_SURFACE ( 'NONE', #3436, 71.39999999996429381 ) ;
#6906 = AXIS2_PLACEMENT_3D ( 'NONE', #2870, #5221, #5766 ) ;
#6907 = VECTOR ( 'NONE', #1118, 1000.000000000000000 ) ;
#6908 = EDGE_LOOP ( 'NONE', ( #7456, #2315, #5492, #4719 ) ) ;
#6909 = EDGE_LOOP ( 'NONE', ( #7472, #3474, #4502, #1797 ) ) ;
#6910 = VECTOR ( 'NONE', #5347, 1000.000000000000114 ) ;
#6911 = CARTESIAN_POINT ( 'NONE',  ( 74.23430928101858228, 1.734723475976807094E-13, -17.37823816096860341 ) ) ;
#6912 = AXIS2_PLACEMENT_3D ( 'NONE', #201, #6541, #3601 ) ;
#6913 = CARTESIAN_POINT ( 'NONE',  ( -98.67880131525888032, -115.9999999999996874, -49.49999999999998579 ) ) ;
#6914 = CARTESIAN_POINT ( 'NONE',  ( 64.04640227590901702, 1.734723475976807094E-13, -118.1771103948160402 ) ) ;
#6915 = LINE ( 'NONE', #500, #5922 ) ;
#6916 = CIRCLE ( 'NONE', #252, 176.6239999999116890 ) ;
#6917 = EDGE_LOOP ( 'NONE', ( #4282, #6224, #7407, #3632 ) ) ;
#6918 = VERTEX_POINT ( 'NONE', #5547 ) ;
#6919 = PLANE ( 'NONE',  #7642 ) ;
#6920 = DIRECTION ( 'NONE',  ( 0.9172893902828926915, 0.000000000000000000, -0.3982212632123491303 ) ) ;
#6921 = FACE_OUTER_BOUND ( 'NONE', #3851, .T. ) ;
#6922 = ORIENTED_EDGE ( 'NONE', *, *, #501, .T. ) ;
#6923 = DIRECTION ( 'NONE',  ( -0.000000000000000000, -1.000000000000000000, -0.000000000000000000 ) ) ;
#6924 = EDGE_CURVE ( 'NONE', #1816, #5227, #612, .T. ) ;
#6925 = ORIENTED_EDGE ( 'NONE', *, *, #6219, .F. ) ;
#6926 = EDGE_LOOP ( 'NONE', ( #960, #4020, #1629, #2648 ) ) ;
#6927 = DIRECTION ( 'NONE',  ( 0.000000000000000000, 1.000000000000000000, 0.000000000000000000 ) ) ;
#6928 = CARTESIAN_POINT ( 'NONE',  ( 68.86053642462833579, -115.9999999999996874, -41.39783382639389231 ) ) ;
#6929 = CIRCLE ( 'NONE', #1752, 71.39999999996429381 ) ;
#6930 = FACE_OUTER_BOUND ( 'NONE', #4448, .T. ) ;
#6931 = CARTESIAN_POINT ( 'NONE',  ( 69.15226193964876700, -117.9999999999996589, -16.73211623056527486 ) ) ;
#6932 = DIRECTION ( 'NONE',  ( 0.000000000000000000, 1.000000000000000000, -0.000000000000000000 ) ) ;
#6933 = ADVANCED_FACE ( 'NONE', ( #2034 ), #4383, .F. ) ;
#6934 = EDGE_CURVE ( 'NONE', #5681, #1363, #490, .T. ) ;
#6935 = VERTEX_POINT ( 'NONE', #1023 ) ;
#6936 = ORIENTED_EDGE ( 'NONE', *, *, #6569, .F. ) ;
#6937 = EDGE_LOOP ( 'NONE', ( #5663, #671, #598, #5649 ) ) ;
#6938 = CIRCLE ( 'NONE', #2252, 71.39999999996429381 ) ;
#6939 = CYLINDRICAL_SURFACE ( 'NONE', #4285, 2.100000000000004530 ) ;
#6940 = CARTESIAN_POINT ( 'NONE',  ( 75.58350073661644331, -129.9999999999998295, -72.40625106983378600 ) ) ;
#6941 = DIRECTION ( 'NONE',  ( 0.000000000000000000, -1.000000000000000000, 0.000000000000000000 ) ) ;
#6942 = CARTESIAN_POINT ( 'NONE',  ( 69.01602782164778205, 1.734723475976807094E-13, -45.82317150680013640 ) ) ;
#6943 = ORIENTED_EDGE ( 'NONE', *, *, #1889, .T. ) ;
#6944 = ORIENTED_EDGE ( 'NONE', *, *, #2875, .F. ) ;
#6945 = DIRECTION ( 'NONE',  ( -0.000000000000000000, -1.000000000000000000, -0.000000000000000000 ) ) ;
#6946 = CIRCLE ( 'NONE', #3609, 180.0000000000000000 ) ;
#6947 = DIRECTION ( 'NONE',  ( 0.000000000000000000, 1.000000000000000000, 0.000000000000000000 ) ) ;
#6948 = DIRECTION ( 'NONE',  ( -0.000000000000000000, -1.000000000000000000, -0.000000000000000000 ) ) ;
#6949 = LINE ( 'NONE', #2312, #4928 ) ;
#6950 = DIRECTION ( 'NONE',  ( -0.000000000000000000, 1.000000000000000000, -0.000000000000000000 ) ) ;
#6951 = ORIENTED_EDGE ( 'NONE', *, *, #3804, .T. ) ;
#6952 = ORIENTED_EDGE ( 'NONE', *, *, #5091, .F. ) ;
#6953 = CARTESIAN_POINT ( 'NONE',  ( 80.50443179299115570, -13.99999999999999822, -32.37198281054980242 ) ) ;
#6954 = DIRECTION ( 'NONE',  ( 3.498601968358335228E-15, 0.000000000000000000, 1.000000000000000000 ) ) ;
#6955 = PLANE ( 'NONE',  #801 ) ;
#6956 = ORIENTED_EDGE ( 'NONE', *, *, #937, .T. ) ;
#6957 = DIRECTION ( 'NONE',  ( -0.000000000000000000, 1.000000000000000000, -0.000000000000000000 ) ) ;
#6958 = ORIENTED_EDGE ( 'NONE', *, *, #1075, .T. ) ;
#6959 = ORIENTED_EDGE ( 'NONE', *, *, #3600, .F. ) ;
#6960 = LINE ( 'NONE', #1555, #1361 ) ;
#6961 = CARTESIAN_POINT ( 'NONE',  ( 69.01602782164778205, -14.00000000000000000, -45.82317150680013640 ) ) ;
#6962 = ADVANCED_FACE ( 'NONE', ( #7567 ), #3293, .F. ) ;
#6963 = DIRECTION ( 'NONE',  ( 0.000000000000000000, 0.000000000000000000, -1.000000000000000000 ) ) ;
#6964 = CARTESIAN_POINT ( 'NONE',  ( 62.30548667938873564, -123.9999999999996589, -121.4878316937673191 ) ) ;
#6965 = CIRCLE ( 'NONE', #2892, 2.100000000000004530 ) ;
#6966 = CARTESIAN_POINT ( 'NONE',  ( 77.34352649451592754, 1.734723475976807094E-13, -64.06631347997779358 ) ) ;
#6967 = VECTOR ( 'NONE', #45, 1000.000000000000000 ) ;
#6968 = EDGE_LOOP ( 'NONE', ( #4972, #4327, #2473, #1207 ) ) ;
#6969 = ORIENTED_EDGE ( 'NONE', *, *, #136, .T. ) ;
#6970 = CIRCLE ( 'NONE', #5118, 176.6239999999116890 ) ;
#6971 = CARTESIAN_POINT ( 'NONE',  ( 70.73140919045791009, 1.734723475976807094E-13, -95.33045468254395871 ) ) ;
#6972 = VECTOR ( 'NONE', #192, 1000.000000000000000 ) ;
#6973 = EDGE_CURVE ( 'NONE', #3503, #2506, #369, .T. ) ;
#6974 = CARTESIAN_POINT ( 'NONE',  ( 56.71976032812312241, -12.00000000000000000, -120.8602623255267758 ) ) ;
#6975 = EDGE_CURVE ( 'NONE', #659, #1026, #1110, .T. ) ;
#6976 = CARTESIAN_POINT ( 'NONE',  ( 57.20577136594059908, 0.000000000000000000, -139.4999999999990337 ) ) ;
#6977 = CARTESIAN_POINT ( 'NONE',  ( 78.76590926188170272, -64.99999999999982947, -19.27791059237643623 ) ) ;
#6978 = CIRCLE ( 'NONE', #5245, 176.6239999999116890 ) ;
#6979 = ORIENTED_EDGE ( 'NONE', *, *, #556, .F. ) ;
#6980 = EDGE_LOOP ( 'NONE', ( #3765, #7189, #2398, #1381 ) ) ;
#6981 = DIRECTION ( 'NONE',  ( -0.000000000000000000, -1.000000000000000000, -0.000000000000000000 ) ) ;
#6982 = ADVANCED_FACE ( 'NONE', ( #5032, #4537 ), #2721, .F. ) ;
#6983 = EDGE_CURVE ( 'NONE', #2937, #1542, #5731, .T. ) ;
#6984 = LINE ( 'NONE', #6321, #6907 ) ;
#6985 = DIRECTION ( 'NONE',  ( -0.000000000000000000, -1.000000000000000000, -0.000000000000000000 ) ) ;
#6986 = CARTESIAN_POINT ( 'NONE',  ( 77.70094148588560756, -64.99999999999982947, -13.58083618220343247 ) ) ;
#6987 = AXIS2_PLACEMENT_3D ( 'NONE', #2338, #7571, #5315 ) ;
#6988 = VERTEX_POINT ( 'NONE', #1637 ) ;
#6989 = ORIENTED_EDGE ( 'NONE', *, *, #2486, .F. ) ;
#6990 = ADVANCED_FACE ( 'NONE', ( #3994 ), #5077, .F. ) ;
#6991 = CIRCLE ( 'NONE', #3654, 71.39999999996429381 ) ;
#6992 = CARTESIAN_POINT ( 'NONE',  ( 67.28506351875270752, -117.9999999999996589, -90.69460607115840389 ) ) ;
#6993 = VECTOR ( 'NONE', #2761, 1000.000000000000000 ) ;
#6994 = CARTESIAN_POINT ( 'NONE',  ( 62.30548667938873564, 1.734723475976807094E-13, -117.2878316937673162 ) ) ;
#6995 = LINE ( 'NONE', #1626, #4983 ) ;
#6996 = ORIENTED_EDGE ( 'NONE', *, *, #2220, .F. ) ;
#6997 = DIRECTION ( 'NONE',  ( 0.000000000000000000, 0.000000000000000000, 1.000000000000000000 ) ) ;
#6998 = ORIENTED_EDGE ( 'NONE', *, *, #7237, .T. ) ;
#6999 = AXIS2_PLACEMENT_3D ( 'NONE', #5074, #2111, #3253 ) ;
#7000 = EDGE_LOOP ( 'NONE', ( #5079, #5049, #433 ) ) ;
#7001 = CARTESIAN_POINT ( 'NONE',  ( -98.67880131525888032, -117.9999999999996589, -49.49999999999999289 ) ) ;
#7002 = FACE_OUTER_BOUND ( 'NONE', #3260, .T. ) ;
#7003 = CARTESIAN_POINT ( 'NONE',  ( 41.96261521398456296, -115.9999999999996874, 41.90605419594795222 ) ) ;
#7004 = AXIS2_PLACEMENT_3D ( 'NONE', #3990, #3516, #3367 ) ;
#7005 = LINE ( 'NONE', #1713, #4313 ) ;
#7006 = DIRECTION ( 'NONE',  ( 0.000000000000000000, -0.000000000000000000, -1.000000000000000000 ) ) ;
#7007 = ORIENTED_EDGE ( 'NONE', *, *, #4944, .F. ) ;
#7008 = CIRCLE ( 'NONE', #4414, 180.0000000000000000 ) ;
#7009 = VECTOR ( 'NONE', #6215, 1000.000000000000000 ) ;
#7010 = ORIENTED_EDGE ( 'NONE', *, *, #459, .F. ) ;
#7011 = DIRECTION ( 'NONE',  ( 0.000000000000000000, -1.000000000000000000, 0.000000000000000000 ) ) ;
#7012 = AXIS2_PLACEMENT_3D ( 'NONE', #3544, #1866, #2508 ) ;
#7013 = LINE ( 'NONE', #6974, #427 ) ;
#7014 = DIRECTION ( 'NONE',  ( 0.000000000000000000, 0.000000000000000000, 1.000000000000000000 ) ) ;
#7015 = CIRCLE ( 'NONE', #3678, 180.0000000000000000 ) ;
#7016 = CARTESIAN_POINT ( 'NONE',  ( 44.32644146041428712, -14.00000000000000000, -137.1617095754783406 ) ) ;
#7017 = CIRCLE ( 'NONE', #6387, 2.100000000000004530 ) ;
#7018 = CIRCLE ( 'NONE', #2452, 176.6239999999116890 ) ;
#7019 = CIRCLE ( 'NONE', #5166, 71.39999999996430802 ) ;
#7020 = CIRCLE ( 'NONE', #358, 176.6239999999116890 ) ;
#7021 = EDGE_CURVE ( 'NONE', #5681, #2506, #405, .T. ) ;
#7022 = VERTEX_POINT ( 'NONE', #2151 ) ;
#7023 = ORIENTED_EDGE ( 'NONE', *, *, #1422, .F. ) ;
#7024 = LINE ( 'NONE', #6433, #3986 ) ;
#7025 = AXIS2_PLACEMENT_3D ( 'NONE', #64, #6502, #1763 ) ;
#7026 = DIRECTION ( 'NONE',  ( 0.000000000000000000, 1.000000000000000000, 0.000000000000000000 ) ) ;
#7027 = DIRECTION ( 'NONE',  ( 7.551149248373407094E-14, 0.000000000000000000, 1.000000000000000000 ) ) ;
#7028 = AXIS2_PLACEMENT_3D ( 'NONE', #788, #2443, #1371 ) ;
#7029 = DIRECTION ( 'NONE',  ( 0.000000000000000000, -1.000000000000000000, 0.000000000000000000 ) ) ;
#7030 = DIRECTION ( 'NONE',  ( 0.000000000000000000, -1.000000000000000000, 0.000000000000000000 ) ) ;
#7031 = EDGE_CURVE ( 'NONE', #2416, #2960, #442, .T. ) ;
#7032 = CARTESIAN_POINT ( 'NONE',  ( 75.55949415779375045, -115.9999999999996732, -94.67760939497802042 ) ) ;
#7033 = AXIS2_PLACEMENT_3D ( 'NONE', #7490, #483, #1525 ) ;
#7034 = EDGE_CURVE ( 'NONE', #532, #2796, #3876, .T. ) ;
#7035 = ORIENTED_EDGE ( 'NONE', *, *, #804, .T. ) ;
#7036 = EDGE_CURVE ( 'NONE', #2416, #4209, #5169, .T. ) ;
#7037 = VECTOR ( 'NONE', #4527, 1000.000000000000000 ) ;
#7038 = ORIENTED_EDGE ( 'NONE', *, *, #182, .F. ) ;
#7039 = CARTESIAN_POINT ( 'NONE',  ( 78.76590926188170272, -13.99999999999999822, -19.27791059237643623 ) ) ;
#7040 = LINE ( 'NONE', #4018, #4302 ) ;
#7041 = DIRECTION ( 'NONE',  ( 0.000000000000000000, 0.000000000000000000, -1.000000000000000000 ) ) ;
#7042 = ORIENTED_EDGE ( 'NONE', *, *, #3858, .F. ) ;
#7043 = DIRECTION ( 'NONE',  ( -0.000000000000000000, -1.000000000000000000, -0.000000000000000000 ) ) ;
#7044 = AXIS2_PLACEMENT_3D ( 'NONE', #7383, #875, #3848 ) ;
#7045 = ORIENTED_EDGE ( 'NONE', *, *, #1089, .F. ) ;
#7046 = ADVANCED_FACE ( 'NONE', ( #3960 ), #6814, .T. ) ;
#7047 = ORIENTED_EDGE ( 'NONE', *, *, #1677, .F. ) ;
#7048 = PLANE ( 'NONE',  #1871 ) ;
#7049 = DIRECTION ( 'NONE',  ( 0.000000000000000000, 0.000000000000000000, 1.000000000000000000 ) ) ;
#7050 = DIRECTION ( 'NONE',  ( 0.000000000000000000, 0.000000000000000000, -1.000000000000000000 ) ) ;
#7051 = CARTESIAN_POINT ( 'NONE',  ( 62.30548667938873564, -117.9999999999996589, -119.3878316937673247 ) ) ;
#7052 = CARTESIAN_POINT ( 'NONE',  ( 76.62722837261645736, -115.9999999999996732, -72.12851137556711478 ) ) ;
#7053 = EDGE_LOOP ( 'NONE', ( #1950, #1484, #6325, #1311 ) ) ;
#7054 = ORIENTED_EDGE ( 'NONE', *, *, #5186, .F. ) ;
#7055 = LINE ( 'NONE', #528, #949 ) ;
#7056 = DIRECTION ( 'NONE',  ( 0.000000000000000000, -0.000000000000000000, 1.000000000000000000 ) ) ;
#7057 = CARTESIAN_POINT ( 'NONE',  ( -98.67880131525888032, -115.9999999999996732, -49.49999999999999289 ) ) ;
#7058 = FACE_OUTER_BOUND ( 'NONE', #5725, .T. ) ;
#7059 = AXIS2_PLACEMENT_3D ( 'NONE', #7176, #1257, #5990 ) ;
#7060 = EDGE_CURVE ( 'NONE', #3595, #5342, #1852, .T. ) ;
#7061 = ORIENTED_EDGE ( 'NONE', *, *, #7551, .T. ) ;
#7062 = ORIENTED_EDGE ( 'NONE', *, *, #4616, .T. ) ;
#7063 = CARTESIAN_POINT ( 'NONE',  ( 75.58350073661644331, -129.9999999999998295, -70.30625106983377748 ) ) ;
#7064 = ORIENTED_EDGE ( 'NONE', *, *, #6452, .T. ) ;
#7065 = DIRECTION ( 'NONE',  ( -0.000000000000000000, 1.000000000000000000, -0.000000000000000000 ) ) ;
#7066 = DIRECTION ( 'NONE',  ( -0.000000000000000000, -1.000000000000000000, -0.000000000000000000 ) ) ;
#7067 = ADVANCED_FACE ( 'NONE', ( #983 ), #3336, .T. ) ;
#7068 = DIRECTION ( 'NONE',  ( 0.000000000000000000, 0.000000000000000000, 1.000000000000000000 ) ) ;
#7069 = CARTESIAN_POINT ( 'NONE',  ( 77.70094148597334538, -115.9999999999996732, -85.41916381781700807 ) ) ;
#7070 = CARTESIAN_POINT ( 'NONE',  ( 64.51909169423633728, 1.734723475976807094E-13, -10.75051607716449809 ) ) ;
#7071 = ORIENTED_EDGE ( 'NONE', *, *, #3205, .T. ) ;
#7072 = ORIENTED_EDGE ( 'NONE', *, *, #245, .T. ) ;
#7073 = ORIENTED_EDGE ( 'NONE', *, *, #998, .T. ) ;
#7074 = CIRCLE ( 'NONE', #167, 71.39999999996429381 ) ;
#7075 = CARTESIAN_POINT ( 'NONE',  ( 68.04112939358023482, 1.734723475976807094E-13, -67.92659739248182404 ) ) ;
#7076 = EDGE_CURVE ( 'NONE', #7355, #4997, #2756, .T. ) ;
#7077 = CARTESIAN_POINT ( 'NONE',  ( 77.34352649451614070, -14.00000000000000000, -34.93368652002462937 ) ) ;
#7078 = EDGE_CURVE ( 'NONE', #3229, #6649, #4568, .T. ) ;
#7079 = DIRECTION ( 'NONE',  ( 0.000000000000000000, -0.000000000000000000, 1.000000000000000000 ) ) ;
#7080 = EDGE_LOOP ( 'NONE', ( #746, #7083, #3965, #7635, #5576, #3950 ) ) ;
#7081 = AXIS2_PLACEMENT_3D ( 'NONE', #68, #2419, #6872 ) ;
#7082 = VERTEX_POINT ( 'NONE', #5767 ) ;
#7083 = ORIENTED_EDGE ( 'NONE', *, *, #2126, .T. ) ;
#7084 = VERTEX_POINT ( 'NONE', #2259 ) ;
#7085 = CARTESIAN_POINT ( 'NONE',  ( 80.44034109175848357, -117.9999999999996589, -67.28574775978277955 ) ) ;
#7086 = DIRECTION ( 'NONE',  ( 0.000000000000000000, 0.000000000000000000, -1.000000000000000000 ) ) ;
#7087 = CARTESIAN_POINT ( 'NONE',  ( 72.84223848233531839, -14.00000000000000000, -91.64938057339533373 ) ) ;
#7088 = ADVANCED_FACE ( 'NONE', ( #1674 ), #3257, .F. ) ;
#7089 = FACE_OUTER_BOUND ( 'NONE', #565, .T. ) ;
#7090 = DIRECTION ( 'NONE',  ( 0.000000000000000000, -1.000000000000000000, 0.000000000000000000 ) ) ;
#7091 = VERTEX_POINT ( 'NONE', #6460 ) ;
#7092 = EDGE_LOOP ( 'NONE', ( #4886, #7430, #6489, #1825 ) ) ;
#7093 = FACE_BOUND ( 'NONE', #7278, .T. ) ;
#7094 = CIRCLE ( 'NONE', #3881, 71.39999999996429381 ) ;
#7095 = DIRECTION ( 'NONE',  ( -0.000000000000000000, 1.000000000000000000, -0.000000000000000000 ) ) ;
#7096 = EDGE_CURVE ( 'NONE', #4956, #2478, #5428, .T. ) ;
#7097 = AXIS2_PLACEMENT_3D ( 'NONE', #2397, #4715, #5451 ) ;
#7098 = DIRECTION ( 'NONE',  ( 0.000000000000000000, 0.000000000000000000, -1.000000000000000000 ) ) ;
#7099 = AXIS2_PLACEMENT_3D ( 'NONE', #6700, #6073, #1919 ) ;
#7100 = ORIENTED_EDGE ( 'NONE', *, *, #3662, .T. ) ;
#7101 = CIRCLE ( 'NONE', #5737, 71.39999999996429381 ) ;
#7102 = ORIENTED_EDGE ( 'NONE', *, *, #7122, .F. ) ;
#7103 = DIRECTION ( 'NONE',  ( -0.000000000000000000, 1.000000000000000000, -0.000000000000000000 ) ) ;
#7104 = ORIENTED_EDGE ( 'NONE', *, *, #527, .T. ) ;
#7105 = DIRECTION ( 'NONE',  ( 0.000000000000000000, 0.000000000000000000, 1.000000000000000000 ) ) ;
#7106 = DIRECTION ( 'NONE',  ( 3.498601968358335228E-15, 0.000000000000000000, -1.000000000000000000 ) ) ;
#7107 = CIRCLE ( 'NONE', #520, 176.6239999999116890 ) ;
#7108 = CARTESIAN_POINT ( 'NONE',  ( 81.29787021932594371, -64.99999999999982947, -52.39787910371479285 ) ) ;
#7109 = CYLINDRICAL_SURFACE ( 'NONE', #4674, 71.39999999996429381 ) ;
#7110 = DIRECTION ( 'NONE',  ( -0.000000000000000000, -1.000000000000000000, -0.000000000000000000 ) ) ;
#7111 = ORIENTED_EDGE ( 'NONE', *, *, #3327, .F. ) ;
#7112 = ORIENTED_EDGE ( 'NONE', *, *, #501, .F. ) ;
#7113 = EDGE_LOOP ( 'NONE', ( #4501, #6695, #5985, #4793 ) ) ;
#7114 = DIRECTION ( 'NONE',  ( 0.000000000000000000, 0.000000000000000000, 1.000000000000000000 ) ) ;
#7115 = DIRECTION ( 'NONE',  ( 0.9172893902828926915, 0.000000000000000000, -0.3982212632123491303 ) ) ;
#7116 = CARTESIAN_POINT ( 'NONE',  ( 76.89768497403623826, -14.00000000000000000, -68.70767654542753178 ) ) ;
#7117 = VERTEX_POINT ( 'NONE', #5877 ) ;
#7118 = VECTOR ( 'NONE', #3729, 1000.000000000000000 ) ;
#7119 = EDGE_LOOP ( 'NONE', ( #6317, #4244, #2194, #161 ) ) ;
#7120 = EDGE_LOOP ( 'NONE', ( #7254, #823, #1922, #5237 ) ) ;
#7121 = ADVANCED_FACE ( 'NONE', ( #3483 ), #595, .T. ) ;
#7122 = EDGE_CURVE ( 'NONE', #4334, #2115, #4222, .T. ) ;
#7123 = DIRECTION ( 'NONE',  ( -0.000000000000000000, 1.000000000000000000, -0.000000000000000000 ) ) ;
#7124 = AXIS2_PLACEMENT_3D ( 'NONE', #5510, #3646, #6627 ) ;
#7125 = VECTOR ( 'NONE', #4498, 1000.000000000000000 ) ;
#7126 = DIRECTION ( 'NONE',  ( 0.000000000000000000, 0.000000000000000000, 1.000000000000000000 ) ) ;
#7127 = CARTESIAN_POINT ( 'NONE',  ( -98.67880131525888032, -14.00000000000000000, -49.49999999999999289 ) ) ;
#7128 = LINE ( 'NONE', #755, #1726 ) ;
#7129 = DIRECTION ( 'NONE',  ( -0.000000000000000000, -1.000000000000000000, -0.000000000000000000 ) ) ;
#7130 = EDGE_CURVE ( 'NONE', #1571, #6810, #1362, .T. ) ;
#7131 = ORIENTED_EDGE ( 'NONE', *, *, #3858, .T. ) ;
#7132 = ORIENTED_EDGE ( 'NONE', *, *, #3961, .F. ) ;
#7133 = EDGE_CURVE ( 'NONE', #316, #2314, #2227, .T. ) ;
#7134 = EDGE_CURVE ( 'NONE', #2741, #2529, #3075, .T. ) ;
#7135 = EDGE_LOOP ( 'NONE', ( #7206, #3220, #486, #5791 ) ) ;
#7136 = CARTESIAN_POINT ( 'NONE',  ( 75.29853924827681055, -115.9999999999996732, -17.66787505463060626 ) ) ;
#7137 = AXIS2_PLACEMENT_3D ( 'NONE', #1671, #6335, #6419 ) ;
#7138 = FACE_OUTER_BOUND ( 'NONE', #1554, .T. ) ;
#7139 = PLANE ( 'NONE',  #1103 ) ;
#7140 = VECTOR ( 'NONE', #2047, 1000.000000000000000 ) ;
#7141 = EDGE_CURVE ( 'NONE', #1870, #1279, #2463, .T. ) ;
#7142 = ORIENTED_EDGE ( 'NONE', *, *, #3804, .F. ) ;
#7143 = EDGE_CURVE ( 'NONE', #3937, #3800, #246, .T. ) ;
#7144 = VERTEX_POINT ( 'NONE', #3602 ) ;
#7145 = DIRECTION ( 'NONE',  ( 0.000000000000000000, 0.000000000000000000, 1.000000000000000000 ) ) ;
#7146 = EDGE_LOOP ( 'NONE', ( #4870, #472, #6499, #203 ) ) ;
#7147 = CARTESIAN_POINT ( 'NONE',  ( 75.81859698045037987, -64.99999999999982947, -5.333746049770188513 ) ) ;
#7149 = CARTESIAN_POINT ( 'NONE',  ( 75.58350073661644331, -115.9999999999996732, -70.30625106983377748 ) ) ;
#7148 = CIRCLE ( 'NONE', #495, 2.100000000000004530 ) ;
#7150 = CIRCLE ( 'NONE', #2573, 176.6239999999116890 ) ;
#7151 = CARTESIAN_POINT ( 'NONE',  ( 46.59060502756154420, -14.00000000000000000, 34.35627208402036814 ) ) ;
#7152 = FACE_OUTER_BOUND ( 'NONE', #254, .T. ) ;
#7153 = AXIS2_PLACEMENT_3D ( 'NONE', #7501, #4043, #7547 ) ;
#7154 = CARTESIAN_POINT ( 'NONE',  ( 81.31165082781738818, -64.99999999999982947, -51.35395180588488273 ) ) ;
#7155 = EDGE_LOOP ( 'NONE', ( #4485, #193, #6716, #6232 ) ) ;
#7156 = ORIENTED_EDGE ( 'NONE', *, *, #1077, .T. ) ;
#7157 = VERTEX_POINT ( 'NONE', #4073 ) ;
#7158 = CIRCLE ( 'NONE', #6276, 176.6239999999116890 ) ;
#7159 = AXIS2_PLACEMENT_3D ( 'NONE', #4331, #6679, #3272 ) ;
#7160 = VECTOR ( 'NONE', #34, 1000.000000000000000 ) ;
#7161 = PLANE ( 'NONE',  #5774 ) ;
#7162 = DIRECTION ( 'NONE',  ( -0.000000000000000000, 1.000000000000000000, -0.000000000000000000 ) ) ;
#7163 = CARTESIAN_POINT ( 'NONE',  ( 70.65429478737839020, -12.00000000000000000, -73.31811420526399559 ) ) ;
#7164 = ORIENTED_EDGE ( 'NONE', *, *, #4348, .T. ) ;
#7165 = VECTOR ( 'NONE', #170, 1000.000000000000000 ) ;
#7166 = CIRCLE ( 'NONE', #6278, 176.6239999999116890 ) ;
#7167 = CIRCLE ( 'NONE', #6779, 71.39999999996430802 ) ;
#7168 = EDGE_LOOP ( 'NONE', ( #5034, #6037, #5912, #6190 ) ) ;
#7169 = VERTEX_POINT ( 'NONE', #5259 ) ;
#7170 = ORIENTED_EDGE ( 'NONE', *, *, #1270, .T. ) ;
#7171 = CIRCLE ( 'NONE', #10, 71.39999999996429381 ) ;
#7172 = VECTOR ( 'NONE', #3331, 1000.000000000000000 ) ;
#7173 = CARTESIAN_POINT ( 'NONE',  ( 75.58350073661644331, -123.9999999999996589, -70.30625106983377748 ) ) ;
#7174 = AXIS2_PLACEMENT_3D ( 'NONE', #1858, #4160, #4856 ) ;
#7175 = DIRECTION ( 'NONE',  ( -0.000000000000000000, -1.000000000000000000, -0.000000000000000000 ) ) ;
#7176 = CARTESIAN_POINT ( 'NONE',  ( -98.67880131525888032, -16.00000000000000000, -49.49999999999999289 ) ) ;
#7177 = CARTESIAN_POINT ( 'NONE',  ( 55.90113100746080477, -115.9999999999996874, -134.9463685540362974 ) ) ;
#7178 = ADVANCED_FACE ( 'NONE', ( #7634 ), #4691, .T. ) ;
#7179 = LINE ( 'NONE', #676, #5790 ) ;
#7180 = AXIS2_PLACEMENT_3D ( 'NONE', #1235, #6509, #5717 ) ;
#7181 = ORIENTED_EDGE ( 'NONE', *, *, #2197, .F. ) ;
#7182 = ORIENTED_EDGE ( 'NONE', *, *, #3972, .F. ) ;
#7183 = CARTESIAN_POINT ( 'NONE',  ( 75.02849644788933858, -115.9999999999996732, -17.53420453369306742 ) ) ;
#7184 = AXIS2_PLACEMENT_3D ( 'NONE', #7173, #1289, #5254 ) ;
#7185 = DIRECTION ( 'NONE',  ( 0.000000000000000000, 1.000000000000000000, 0.000000000000000000 ) ) ;
#7186 = EDGE_CURVE ( 'NONE', #3364, #6988, #6153, .T. ) ;
#7187 = EDGE_CURVE ( 'NONE', #3223, #1144, #5674, .T. ) ;
#7188 = LINE ( 'NONE', #1226, #5667 ) ;
#7189 = ORIENTED_EDGE ( 'NONE', *, *, #1174, .F. ) ;
#7190 = VERTEX_POINT ( 'NONE', #7052 ) ;
#7191 = CARTESIAN_POINT ( 'NONE',  ( -98.67880131525888032, -14.00000000000000000, -49.49999999999998579 ) ) ;
#7192 = ORIENTED_EDGE ( 'NONE', *, *, #3620, .F. ) ;
#7193 = FACE_BOUND ( 'NONE', #1394, .T. ) ;
#7194 = AXIS2_PLACEMENT_3D ( 'NONE', #1877, #5345, #3713 ) ;
#7195 = DIRECTION ( 'NONE',  ( 5.286776307738829459E-14, 0.000000000000000000, -1.000000000000000000 ) ) ;
#7196 = LINE ( 'NONE', #7108, #1712 ) ;
#7197 = EDGE_CURVE ( 'NONE', #1041, #7353, #5921, .T. ) ;
#7198 = CARTESIAN_POINT ( 'NONE',  ( 75.58350073661644331, -117.9999999999996589, -70.30625106983377748 ) ) ;
#7199 = DIRECTION ( 'NONE',  ( 0.000000000000000000, 0.000000000000000000, -1.000000000000000000 ) ) ;
#7200 = EDGE_LOOP ( 'NONE', ( #2787, #1245, #4888, #5107 ) ) ;
#7201 = EDGE_LOOP ( 'NONE', ( #2622, #4474 ) ) ;
#7202 = ORIENTED_EDGE ( 'NONE', *, *, #844, .T. ) ;
#7203 = LINE ( 'NONE', #846, #4670 ) ;
#7204 = DIRECTION ( 'NONE',  ( -0.000000000000000000, 1.000000000000000000, -0.000000000000000000 ) ) ;
#7205 = DIRECTION ( 'NONE',  ( 0.000000000000000000, -1.000000000000000000, 0.000000000000000000 ) ) ;
#7206 = ORIENTED_EDGE ( 'NONE', *, *, #3425, .F. ) ;
#7207 = ORIENTED_EDGE ( 'NONE', *, *, #3049, .T. ) ;
#7208 = ORIENTED_EDGE ( 'NONE', *, *, #7186, .T. ) ;
#7209 = ORIENTED_EDGE ( 'NONE', *, *, #6553, .F. ) ;
#7210 = CARTESIAN_POINT ( 'NONE',  ( -98.67880131525888032, -115.9999999999996874, -49.49999999999998579 ) ) ;
#7211 = CARTESIAN_POINT ( 'NONE',  ( 74.23430928101858228, -117.9999999999996589, -21.57823816096861336 ) ) ;
#7212 = DIRECTION ( 'NONE',  ( 0.000000000000000000, -1.000000000000000000, 0.000000000000000000 ) ) ;
#7213 = AXIS2_PLACEMENT_3D ( 'NONE', #4833, #7286, #6062 ) ;
#7214 = CARTESIAN_POINT ( 'NONE',  ( 70.37537075531301412, -117.9999999999996589, -23.77672444004325669 ) ) ;
#7215 = CYLINDRICAL_SURFACE ( 'NONE', #4924, 71.39999999996429381 ) ;
#7216 = DIRECTION ( 'NONE',  ( 0.000000000000000000, -1.000000000000000000, 0.000000000000000000 ) ) ;
#7217 = ORIENTED_EDGE ( 'NONE', *, *, #3255, .F. ) ;
#7218 = ORIENTED_EDGE ( 'NONE', *, *, #3760, .F. ) ;
#7219 = EDGE_CURVE ( 'NONE', #5580, #2881, #7179, .T. ) ;
#7220 = CARTESIAN_POINT ( 'NONE',  ( -98.67880131525888032, -12.00000000000000000, -49.49999999999999289 ) ) ;
#7221 = CARTESIAN_POINT ( 'NONE',  ( 80.44034109175848357, -6.000000000000000000, -67.28574775978277955 ) ) ;
#7222 = CARTESIAN_POINT ( 'NONE',  ( -98.67880131525888032, -14.00000000000000000, -49.49999999999999289 ) ) ;
#7223 = ORIENTED_EDGE ( 'NONE', *, *, #6558, .T. ) ;
#7224 = ORIENTED_EDGE ( 'NONE', *, *, #3423, .T. ) ;
#7225 = EDGE_CURVE ( 'NONE', #1208, #2960, #7298, .T. ) ;
#7226 = ADVANCED_FACE ( 'NONE', ( #6423, #5222 ), #2986, .T. ) ;
#7227 = FACE_OUTER_BOUND ( 'NONE', #4216, .T. ) ;
#7228 = VECTOR ( 'NONE', #4098, 1000.000000000000000 ) ;
#7229 = FACE_BOUND ( 'NONE', #5724, .T. ) ;
#7230 = FACE_OUTER_BOUND ( 'NONE', #1373, .T. ) ;
#7231 = CARTESIAN_POINT ( 'NONE',  ( 74.14424657729851731, -14.00000000000000000, -85.94491038671398542 ) ) ;
#7232 = CARTESIAN_POINT ( 'NONE',  ( 74.23430928101858228, 1.734723475976807094E-13, -21.57823816096861336 ) ) ;
#7233 = CIRCLE ( 'NONE', #3752, 2.100000000000004530 ) ;
#7234 = DIRECTION ( 'NONE',  ( -0.000000000000000000, -1.000000000000000000, -0.000000000000000000 ) ) ;
#7235 = ORIENTED_EDGE ( 'NONE', *, *, #417, .T. ) ;
#7236 = ORIENTED_EDGE ( 'NONE', *, *, #2486, .T. ) ;
#7237 = EDGE_CURVE ( 'NONE', #6600, #1660, #1714, .T. ) ;
#7238 = EDGE_CURVE ( 'NONE', #3604, #31, #6725, .T. ) ;
#7239 = AXIS2_PLACEMENT_3D ( 'NONE', #5815, #488, #4077 ) ;
#7240 = DIRECTION ( 'NONE',  ( -0.9996478874717766860, -0.000000000000000000, -0.02653490292452686042 ) ) ;
#7241 = DIRECTION ( 'NONE',  ( 0.000000000000000000, 0.000000000000000000, -1.000000000000000000 ) ) ;
#7242 = CARTESIAN_POINT ( 'NONE',  ( 76.90164193272805448, -115.9999999999996732, -68.67147163911114660 ) ) ;
#7243 = ORIENTED_EDGE ( 'NONE', *, *, #7465, .F. ) ;
#7244 = AXIS2_PLACEMENT_3D ( 'NONE', #718, #206, #4843 ) ;
#7245 = VERTEX_POINT ( 'NONE', #713 ) ;
#7246 = ORIENTED_EDGE ( 'NONE', *, *, #2815, .F. ) ;
#7247 = EDGE_CURVE ( 'NONE', #6734, #5687, #7296, .T. ) ;
#7248 = FACE_OUTER_BOUND ( 'NONE', #5010, .T. ) ;
#7249 = CARTESIAN_POINT ( 'NONE',  ( -98.67880131525888032, 1.734723475976807094E-13, -49.49999999999998579 ) ) ;
#7250 = CARTESIAN_POINT ( 'NONE',  ( 62.21723406507106802, -13.99999999999999822, -130.1998500547503852 ) ) ;
#7251 = DIRECTION ( 'NONE',  ( 0.000000000000000000, -1.000000000000000000, 0.000000000000000000 ) ) ;
#7252 = CARTESIAN_POINT ( 'NONE',  ( 31.54464862024899929, -14.00000000000000000, -155.2209906968289772 ) ) ;
#7253 = DIRECTION ( 'NONE',  ( 0.000000000000000000, 0.000000000000000000, 1.000000000000000000 ) ) ;
#7254 = ORIENTED_EDGE ( 'NONE', *, *, #6630, .F. ) ;
#7255 = VERTEX_POINT ( 'NONE', #5993 ) ;
#7256 = CARTESIAN_POINT ( 'NONE',  ( 65.41789684650092340, -6.000000000000000000, -97.59650353620614283 ) ) ;
#7257 = DIRECTION ( 'NONE',  ( 0.000000000000000000, 1.000000000000000000, -0.000000000000000000 ) ) ;
#7258 = CIRCLE ( 'NONE', #1683, 71.39999999996429381 ) ;
#7259 = PLANE ( 'NONE',  #4178 ) ;
#7260 = ORIENTED_EDGE ( 'NONE', *, *, #1452, .T. ) ;
#7261 = ORIENTED_EDGE ( 'NONE', *, *, #318, .F. ) ;
#7262 = DIRECTION ( 'NONE',  ( 0.000000000000000000, 0.000000000000000000, 1.000000000000000000 ) ) ;
#7263 = FACE_BOUND ( 'NONE', #1511, .T. ) ;
#7264 = CARTESIAN_POINT ( 'NONE',  ( -98.67880131525888032, -123.9999999999996589, -49.49999999999999289 ) ) ;
#7265 = AXIS2_PLACEMENT_3D ( 'NONE', #5605, #235, #4901 ) ;
#7266 = DIRECTION ( 'NONE',  ( 0.000000000000000000, -1.000000000000000000, 0.000000000000000000 ) ) ;
#7267 = CARTESIAN_POINT ( 'NONE',  ( 34.28997463505808696, -115.9999999999996874, 52.74665964861219436 ) ) ;
#7268 = ADVANCED_FACE ( 'NONE', ( #1989 ), #5423, .F. ) ;
#7269 = ORIENTED_EDGE ( 'NONE', *, *, #470, .F. ) ;
#7270 = AXIS2_PLACEMENT_3D ( 'NONE', #584, #5215, #4681 ) ;
#7271 = EDGE_LOOP ( 'NONE', ( #2649, #525, #5097, #2656 ) ) ;
#7272 = AXIS2_PLACEMENT_3D ( 'NONE', #6030, #6612, #1828 ) ;
#7273 = DIRECTION ( 'NONE',  ( 0.000000000000000000, 0.000000000000000000, 1.000000000000000000 ) ) ;
#7274 = VECTOR ( 'NONE', #117, 1000.000000000000000 ) ;
#7275 = DIRECTION ( 'NONE',  ( 0.000000000000000000, 0.000000000000000000, -1.000000000000000000 ) ) ;
#7276 = DIRECTION ( 'NONE',  ( 0.000000000000000000, -1.000000000000000000, 0.000000000000000000 ) ) ;
#7277 = EDGE_CURVE ( 'NONE', #6123, #445, #1244, .T. ) ;
#7278 = EDGE_LOOP ( 'NONE', ( #2304, #6138 ) ) ;
#7279 = CIRCLE ( 'NONE', #1838, 180.0000000000000000 ) ;
#7280 = EDGE_CURVE ( 'NONE', #2321, #3248, #624, .T. ) ;
#7281 = EDGE_CURVE ( 'NONE', #1183, #934, #3097, .T. ) ;
#7282 = ADVANCED_FACE ( 'NONE', ( #283 ), #790, .F. ) ;
#7283 = ORIENTED_EDGE ( 'NONE', *, *, #4225, .F. ) ;
#7284 = ORIENTED_EDGE ( 'NONE', *, *, #4278, .F. ) ;
#7285 = CIRCLE ( 'NONE', #1356, 71.39999999996429381 ) ;
#7286 = DIRECTION ( 'NONE',  ( 0.000000000000000000, -1.000000000000000000, 0.000000000000000000 ) ) ;
#7287 = DIRECTION ( 'NONE',  ( -0.000000000000000000, 1.000000000000000000, -0.000000000000000000 ) ) ;
#7288 = CARTESIAN_POINT ( 'NONE',  ( 69.15226193964876700, -12.00000000000000000, -16.73211623056527486 ) ) ;
#7289 = AXIS2_PLACEMENT_3D ( 'NONE', #1379, #6624, #6108 ) ;
#7290 = DIRECTION ( 'NONE',  ( -2.806609410359748478E-13, 0.000000000000000000, 1.000000000000000000 ) ) ;
#7291 = CARTESIAN_POINT ( 'NONE',  ( -98.67880131525888032, -115.9999999999996732, -49.49999999999999289 ) ) ;
#7292 = AXIS2_PLACEMENT_3D ( 'NONE', #5281, #2468, #6561 ) ;
#7293 = DIRECTION ( 'NONE',  ( -1.243947366527408134E-14, 0.000000000000000000, 1.000000000000000000 ) ) ;
#7294 = EDGE_CURVE ( 'NONE', #743, #2306, #7544, .T. ) ;
#7295 = EDGE_CURVE ( 'NONE', #3365, #6054, #7017, .T. ) ;
#7296 = LINE ( 'NONE', #3638, #5053 ) ;
#7297 = ORIENTED_EDGE ( 'NONE', *, *, #6412, .T. ) ;
#7298 = CIRCLE ( 'NONE', #2706, 2.100000000000004530 ) ;
#7299 = AXIS2_PLACEMENT_3D ( 'NONE', #1401, #2406, #6067 ) ;
#7300 = AXIS2_PLACEMENT_3D ( 'NONE', #7613, #2310, #4666 ) ;
#7301 = ORIENTED_EDGE ( 'NONE', *, *, #2815, .T. ) ;
#7302 = DIRECTION ( 'NONE',  ( -0.000000000000000000, -1.000000000000000000, -0.000000000000000000 ) ) ;
#7303 = DIRECTION ( 'NONE',  ( 0.000000000000000000, 0.000000000000000000, -1.000000000000000000 ) ) ;
#7304 = CARTESIAN_POINT ( 'NONE',  ( 68.97637593869821160, 1.734723475976807094E-13, -54.67844831672159955 ) ) ;
#7305 = ORIENTED_EDGE ( 'NONE', *, *, #7465, .T. ) ;
#7306 = VECTOR ( 'NONE', #7509, 1000.000000000000000 ) ;
#7307 = EDGE_LOOP ( 'NONE', ( #3734, #5804, #7235, #1740 ) ) ;
#7308 = DIRECTION ( 'NONE',  ( 0.000000000000000000, 0.000000000000000000, 1.000000000000000000 ) ) ;
#7309 = CARTESIAN_POINT ( 'NONE',  ( 73.12199335486876350, -14.00000000000000000, -90.49419869544279038 ) ) ;
#7310 = DIRECTION ( 'NONE',  ( -0.000000000000000000, 1.000000000000000000, -0.000000000000000000 ) ) ;
#7311 = DIRECTION ( 'NONE',  ( 0.000000000000000000, -0.000000000000000000, 1.000000000000000000 ) ) ;
#7312 = CARTESIAN_POINT ( 'NONE',  ( 0.000000000000000000, 0.000000000000000000, 0.000000000000000000 ) ) ;
#7313 = EDGE_LOOP ( 'NONE', ( #6565, #6791, #1527, #6453 ) ) ;
#7314 = ORIENTED_EDGE ( 'NONE', *, *, #2963, .F. ) ;
#7315 = CIRCLE ( 'NONE', #1622, 71.39999999996429381 ) ;
#7316 = EDGE_CURVE ( 'NONE', #3878, #6637, #860, .T. ) ;
#7317 = CARTESIAN_POINT ( 'NONE',  ( -98.67880131525888032, -14.00000000000000000, -49.49999999999999289 ) ) ;
#7318 = CARTESIAN_POINT ( 'NONE',  ( 49.41154273188061552, -115.9999999999996732, -134.9999999999990905 ) ) ;
#7319 = LINE ( 'NONE', #5489, #6972 ) ;
#7320 = VERTEX_POINT ( 'NONE', #3716 ) ;
#7321 = ORIENTED_EDGE ( 'NONE', *, *, #1847, .T. ) ;
#7322 = EDGE_CURVE ( 'NONE', #5742, #65, #1439, .T. ) ;
#7323 = EDGE_CURVE ( 'NONE', #3057, #2036, #4424, .T. ) ;
#7324 = DIRECTION ( 'NONE',  ( -0.000000000000000000, -1.000000000000000000, -0.000000000000000000 ) ) ;
#7325 = PLANE ( 'NONE',  #2559 ) ;
#7326 = CARTESIAN_POINT ( 'NONE',  ( 68.86053642462833579, -14.00000000000000000, -41.39783382639389231 ) ) ;
#7327 = DIRECTION ( 'NONE',  ( 0.000000000000000000, 0.000000000000000000, 1.000000000000000000 ) ) ;
#7328 = ORIENTED_EDGE ( 'NONE', *, *, #4229, .F. ) ;
#7329 = DIRECTION ( 'NONE',  ( 0.000000000000000000, 0.000000000000000000, -1.000000000000000000 ) ) ;
#7330 = CARTESIAN_POINT ( 'NONE',  ( 77.43756294773641002, 1.734723475976807094E-13, -62.88146534400344478 ) ) ;
#7331 = VERTEX_POINT ( 'NONE', #3792 ) ;
#7332 = ORIENTED_EDGE ( 'NONE', *, *, #4514, .F. ) ;
#7333 = CIRCLE ( 'NONE', #2749, 71.39999999996429381 ) ;
#7334 = EDGE_CURVE ( 'NONE', #6519, #5929, #7148, .T. ) ;
#7335 = CARTESIAN_POINT ( 'NONE',  ( -98.67880131525888032, -115.9999999999996732, -49.49999999999999289 ) ) ;
#7336 = FACE_OUTER_BOUND ( 'NONE', #1493, .T. ) ;
#7337 = CARTESIAN_POINT ( 'NONE',  ( 25.78370858152301182, -14.00000000000000000, -161.9462467902694698 ) ) ;
#7338 = EDGE_LOOP ( 'NONE', ( #3550, #5411, #7366, #4426 ) ) ;
#7339 = ORIENTED_EDGE ( 'NONE', *, *, #7638, .F. ) ;
#7340 = COLOUR_RGB ( '',0.7921568627450980005, 0.8196078431372548767, 0.9333333333333333481 ) ;
#7341 = VERTEX_POINT ( 'NONE', #3054 ) ;
#7342 = ADVANCED_FACE ( 'NONE', ( #2600 ), #133, .T. ) ;
#7343 = CARTESIAN_POINT ( 'NONE',  ( -98.67880131525888032, 1.734723475976807094E-13, -49.49999999999998579 ) ) ;
#7344 = CARTESIAN_POINT ( 'NONE',  ( -98.67880131525888032, -6.000000000000000000, -49.49999999999999289 ) ) ;
#7345 = DIRECTION ( 'NONE',  ( 0.000000000000000000, 0.000000000000000000, -1.000000000000000000 ) ) ;
#7346 = CYLINDRICAL_SURFACE ( 'NONE', #6512, 176.6239999999116890 ) ;
#7347 = EDGE_LOOP ( 'NONE', ( #6661, #2803, #292, #1395 ) ) ;
#7348 = ORIENTED_EDGE ( 'NONE', *, *, #6696, .F. ) ;
#7349 = CARTESIAN_POINT ( 'NONE',  ( 36.94263254752613790, -14.00000000000000000, -148.2010712405238166 ) ) ;
#7350 = FACE_BOUND ( 'NONE', #1823, .T. ) ;
#7351 = CARTESIAN_POINT ( 'NONE',  ( 64.97707934170873045, -12.00000000000000000, -124.4449980078214679 ) ) ;
#7352 = DIRECTION ( 'NONE',  ( 0.000000000000000000, 0.000000000000000000, -1.000000000000000000 ) ) ;
#7353 = VERTEX_POINT ( 'NONE', #5500 ) ;
#7354 = CIRCLE ( 'NONE', #4006, 2.100000000000004530 ) ;
#7355 = VERTEX_POINT ( 'NONE', #1914 ) ;
#7356 = ORIENTED_EDGE ( 'NONE', *, *, #3468, .F. ) ;
#7357 = AXIS2_PLACEMENT_3D ( 'NONE', #2953, #2377, #646 ) ;
#7358 = AXIS2_PLACEMENT_3D ( 'NONE', #6128, #2094, #5636 ) ;
#7359 = FACE_OUTER_BOUND ( 'NONE', #632, .T. ) ;
#7360 = DIRECTION ( 'NONE',  ( -0.000000000000000000, -1.000000000000000000, -0.000000000000000000 ) ) ;
#7361 = DIRECTION ( 'NONE',  ( 8.620166516482898801E-14, 0.000000000000000000, 1.000000000000000000 ) ) ;
#7362 = DIRECTION ( 'NONE',  ( -0.000000000000000000, -1.000000000000000000, -0.000000000000000000 ) ) ;
#7363 = DIRECTION ( 'NONE',  ( -0.000000000000000000, 1.000000000000000000, -0.000000000000000000 ) ) ;
#7364 = DIRECTION ( 'NONE',  ( 0.000000000000000000, 1.000000000000000000, 0.000000000000000000 ) ) ;
#7365 = EDGE_CURVE ( 'NONE', #6188, #2665, #3059, .T. ) ;
#7366 = ORIENTED_EDGE ( 'NONE', *, *, #5983, .F. ) ;
#7367 = CARTESIAN_POINT ( 'NONE',  ( 80.11360540430759158, -115.9999999999996732, -28.68473398139921571 ) ) ;
#7368 = DIRECTION ( 'NONE',  ( 0.000000000000000000, -1.000000000000000000, 0.000000000000000000 ) ) ;
#7369 = EDGE_CURVE ( 'NONE', #6158, #1424, #729, .T. ) ;
#7370 = CARTESIAN_POINT ( 'NONE',  ( 71.98000936475692413, -16.00000000000000000, -95.01491748044067265 ) ) ;
#7371 = EDGE_CURVE ( 'NONE', #1494, #3434, #4305, .T. ) ;
#7372 = DIRECTION ( 'NONE',  ( 0.000000000000000000, 0.000000000000000000, 1.000000000000000000 ) ) ;
#7373 = ADVANCED_FACE ( 'NONE', ( #2276 ), #4493, .T. ) ;
#7374 = AXIS2_PLACEMENT_3D ( 'NONE', #3026, #5435, #6043 ) ;
#7375 = EDGE_CURVE ( 'NONE', #5342, #743, #7644, .T. ) ;
#7376 = ORIENTED_EDGE ( 'NONE', *, *, #2123, .F. ) ;
#7377 = EDGE_LOOP ( 'NONE', ( #1739, #5116, #1774, #2346 ) ) ;
#7378 = ORIENTED_EDGE ( 'NONE', *, *, #5658, .T. ) ;
#7379 = DIRECTION ( 'NONE',  ( -6.537231325362012851E-13, 0.000000000000000000, 1.000000000000000000 ) ) ;
#7380 = CIRCLE ( 'NONE', #5999, 71.39999999996429381 ) ;
#7381 = CIRCLE ( 'NONE', #1943, 170.9999999999999716 ) ;
#7382 = DIRECTION ( 'NONE',  ( 0.000000000000000000, 0.000000000000000000, 1.000000000000000000 ) ) ;
#7383 = CARTESIAN_POINT ( 'NONE',  ( 74.23430928101858228, 1.734723475976807094E-13, -19.47823816096860838 ) ) ;
#7384 = CARTESIAN_POINT ( 'NONE',  ( -98.67880131525888032, -115.9999999999996874, -49.49999999999998579 ) ) ;
#7385 = EDGE_CURVE ( 'NONE', #1247, #2478, #5859, .T. ) ;
#7386 = EDGE_CURVE ( 'NONE', #1286, #5714, #5611, .T. ) ;
#7387 = VERTEX_POINT ( 'NONE', #2 ) ;
#7388 = VERTEX_POINT ( 'NONE', #357 ) ;
#7389 = DIRECTION ( 'NONE',  ( 0.000000000000000000, 0.000000000000000000, 1.000000000000000000 ) ) ;
#7390 = FACE_OUTER_BOUND ( 'NONE', #5794, .T. ) ;
#7391 = CARTESIAN_POINT ( 'NONE',  ( 65.41789684650092340, -123.9999999999996589, -97.59650353620614283 ) ) ;
#7392 = DIRECTION ( 'NONE',  ( 0.000000000000000000, 1.000000000000000000, -0.000000000000000000 ) ) ;
#7393 = VECTOR ( 'NONE', #5760, 1000.000000000000000 ) ;
#7394 = VERTEX_POINT ( 'NONE', #2108 ) ;
#7395 = ORIENTED_EDGE ( 'NONE', *, *, #3859, .F. ) ;
#7396 = DIRECTION ( 'NONE',  ( 0.000000000000000000, -1.000000000000000000, 0.000000000000000000 ) ) ;
#7397 = DIRECTION ( 'NONE',  ( 0.000000000000000000, 0.000000000000000000, 1.000000000000000000 ) ) ;
#7398 = AXIS2_PLACEMENT_3D ( 'NONE', #2281, #1010, #1585 ) ;
#7399 = CARTESIAN_POINT ( 'NONE',  ( -98.67880131525888032, -115.9999999999996874, -49.49999999999998579 ) ) ;
#7400 = CARTESIAN_POINT ( 'NONE',  ( 69.34011543800930610, 1.734723475976807094E-13, -103.9580663357334060 ) ) ;
#7401 = DIRECTION ( 'NONE',  ( -0.000000000000000000, 1.000000000000000000, -0.000000000000000000 ) ) ;
#7402 = AXIS2_PLACEMENT_3D ( 'NONE', #2192, #1532, #1032 ) ;
#7403 = CARTESIAN_POINT ( 'NONE',  ( 52.76969416084340025, -14.00000000000000000, -121.6001248615406212 ) ) ;
#7404 = AXIS2_PLACEMENT_3D ( 'NONE', #5327, #571, #3079 ) ;
#7405 = CIRCLE ( 'NONE', #1230, 2.100000000000004530 ) ;
#7406 = EDGE_LOOP ( 'NONE', ( #6070, #6417, #5975, #119 ) ) ;
#7407 = ORIENTED_EDGE ( 'NONE', *, *, #4466, .F. ) ;
#7408 = CIRCLE ( 'NONE', #4060, 71.39999999996429381 ) ;
#7409 = CARTESIAN_POINT ( 'NONE',  ( 64.51909169423578305, -115.9999999999996874, -88.24948392283776855 ) ) ;
#7410 = AXIS2_PLACEMENT_3D ( 'NONE', #2904, #2294, #55 ) ;
#7411 = CIRCLE ( 'NONE', #2336, 71.39999999996429381 ) ;
#7412 = EDGE_CURVE ( 'NONE', #7117, #3824, #4412, .T. ) ;
#7413 = LINE ( 'NONE', #2112, #7125 ) ;
#7414 = CARTESIAN_POINT ( 'NONE',  ( 75.04605660715130000, 1.734723475976807094E-13, -81.37022302725851830 ) ) ;
#7415 = CARTESIAN_POINT ( 'NONE',  ( -98.67880131525888032, -115.9999999999996732, -49.49999999999999289 ) ) ;
#7416 = AXIS2_PLACEMENT_3D ( 'NONE', #90, #6542, #57 ) ;
#7417 = EDGE_LOOP ( 'NONE', ( #6451, #2435, #2029, #2000 ) ) ;
#7418 = CIRCLE ( 'NONE', #1246, 2.100000000000004530 ) ;
#7419 = VERTEX_POINT ( 'NONE', #573 ) ;
#7420 = ORIENTED_EDGE ( 'NONE', *, *, #7513, .F. ) ;
#7421 = DIRECTION ( 'NONE',  ( 0.9996478874717766860, 0.000000000000000000, 0.02653490292452686042 ) ) ;
#7422 = AXIS2_PLACEMENT_3D ( 'NONE', #4488, #1512, #1431 ) ;
#7423 = EDGE_CURVE ( 'NONE', #2539, #7190, #6510, .T. ) ;
#7424 = CARTESIAN_POINT ( 'NONE',  ( 69.15226193964876700, -123.9999999999996589, -16.73211623056527486 ) ) ;
#7425 = ADVANCED_FACE ( 'NONE', ( #2663 ), #5208, .T. ) ;
#7426 = CARTESIAN_POINT ( 'NONE',  ( 6.488506433601493484, -115.9999999999996874, -180.1710073730252759 ) ) ;
#7427 = DIRECTION ( 'NONE',  ( 2.487894733054816267E-14, 0.000000000000000000, -1.000000000000000000 ) ) ;
#7428 = CIRCLE ( 'NONE', #999, 180.0000000000000000 ) ;
#7429 = ORIENTED_EDGE ( 'NONE', *, *, #3949, .F. ) ;
#7430 = ORIENTED_EDGE ( 'NONE', *, *, #6028, .F. ) ;
#7431 = PLANE ( 'NONE',  #3417 ) ;
#7432 = CARTESIAN_POINT ( 'NONE',  ( 75.81859698053763452, -115.9999999999996732, -5.333746049748102180 ) ) ;
#7433 = EDGE_CURVE ( 'NONE', #5801, #3493, #4457, .T. ) ;
#7434 = CARTESIAN_POINT ( 'NONE',  ( 59.56704236009141340, -6.000000000000000000, -114.3016431850041243 ) ) ;
#7435 = DIRECTION ( 'NONE',  ( 0.000000000000000000, -1.000000000000000000, 0.000000000000000000 ) ) ;
#7436 = CARTESIAN_POINT ( 'NONE',  ( 55.90113100746083319, 1.734723475976807094E-13, -134.9463685540362974 ) ) ;
#7437 = VERTEX_POINT ( 'NONE', #7032 ) ;
#7438 = ORIENTED_EDGE ( 'NONE', *, *, #3826, .T. ) ;
#7439 = ORIENTED_EDGE ( 'NONE', *, *, #275, .F. ) ;
#7440 = CARTESIAN_POINT ( 'NONE',  ( -98.67880131525888032, -115.9999999999996732, -49.49999999999999289 ) ) ;
#7441 = CARTESIAN_POINT ( 'NONE',  ( 62.30548667938873564, -19.93969696196701236, -119.3878316937673247 ) ) ;
#7442 = CARTESIAN_POINT ( 'NONE',  ( -98.67880131525888032, -115.9999999999996874, -49.49999999999998579 ) ) ;
#7443 = CARTESIAN_POINT ( 'NONE',  ( 60.94177619710968941, 1.734723475976807094E-13, -101.0397518585670014 ) ) ;
#7444 = AXIS2_PLACEMENT_3D ( 'NONE', #3162, #5531, #6721 ) ;
#7445 = VERTEX_POINT ( 'NONE', #3501 ) ;
#7446 = CARTESIAN_POINT ( 'NONE',  ( -98.67880131525888032, -123.9999999999996589, -49.49999999999999289 ) ) ;
#7447 = DIRECTION ( 'NONE',  ( -0.000000000000000000, 1.000000000000000000, -0.000000000000000000 ) ) ;
#7448 = VERTEX_POINT ( 'NONE', #3869 ) ;
#7449 = DIRECTION ( 'NONE',  ( 0.000000000000000000, 0.000000000000000000, -1.000000000000000000 ) ) ;
#7450 = LINE ( 'NONE', #362, #829 ) ;
#7451 = CARTESIAN_POINT ( 'NONE',  ( 81.31165082781744502, -13.99999999999999822, -47.64604819411758996 ) ) ;
#7452 = DIRECTION ( 'NONE',  ( -0.000000000000000000, 1.000000000000000000, -0.000000000000000000 ) ) ;
#7453 = DIRECTION ( 'NONE',  ( 0.000000000000000000, 0.000000000000000000, -1.000000000000000000 ) ) ;
#7454 = VERTEX_POINT ( 'NONE', #5824 ) ;
#7455 = EDGE_CURVE ( 'NONE', #3803, #195, #5071, .T. ) ;
#7456 = ORIENTED_EDGE ( 'NONE', *, *, #2758, .T. ) ;
#7457 = AXIS2_PLACEMENT_3D ( 'NONE', #3092, #4335, #2130 ) ;
#7458 = ORIENTED_EDGE ( 'NONE', *, *, #6247, .T. ) ;
#7459 = DIRECTION ( 'NONE',  ( 0.000000000000000000, 0.000000000000000000, -1.000000000000000000 ) ) ;
#7460 = DIRECTION ( 'NONE',  ( 0.000000000000000000, -1.000000000000000000, 0.000000000000000000 ) ) ;
#7461 = FACE_BOUND ( 'NONE', #7474, .T. ) ;
#7462 = DIRECTION ( 'NONE',  ( 0.000000000000000000, -1.000000000000000000, 0.000000000000000000 ) ) ;
#7463 = EDGE_CURVE ( 'NONE', #3295, #6734, #6020, .T. ) ;
#7464 = ORIENTED_EDGE ( 'NONE', *, *, #2642, .F. ) ;
#7465 = EDGE_CURVE ( 'NONE', #3383, #59, #2837, .T. ) ;
#7466 = ORIENTED_EDGE ( 'NONE', *, *, #4621, .T. ) ;
#7467 = DIRECTION ( 'NONE',  ( 0.000000000000000000, -1.000000000000000000, 0.000000000000000000 ) ) ;
#7468 = DIRECTION ( 'NONE',  ( 0.000000000000000000, 1.000000000000000000, 0.000000000000000000 ) ) ;
#7469 = CARTESIAN_POINT ( 'NONE',  ( 77.94419888284339493, -115.9999999999996874, -48.90571304072645376 ) ) ;
#7470 = DIRECTION ( 'NONE',  ( 0.000000000000000000, -1.000000000000000000, 0.000000000000000000 ) ) ;
#7471 = ADVANCED_FACE ( 'NONE', ( #4013 ), #1123, .F. ) ;
#7472 = ORIENTED_EDGE ( 'NONE', *, *, #2864, .F. ) ;
#7473 = EDGE_CURVE ( 'NONE', #343, #6744, #4672, .T. ) ;
#7474 = EDGE_LOOP ( 'NONE', ( #3539, #540, #4082, #2437 ) ) ;
#7475 = CARTESIAN_POINT ( 'NONE',  ( 70.73140919045791009, -8.060303038032998302, -93.23045468254395018 ) ) ;
#7476 = CARTESIAN_POINT ( 'NONE',  ( -98.67880131525888032, -14.00000000000000000, -49.49999999999999289 ) ) ;
#7477 = AXIS2_PLACEMENT_3D ( 'NONE', #509, #6448, #3471 ) ;
#7478 = CARTESIAN_POINT ( 'NONE',  ( 69.01602782164778205, -115.9999999999996874, -45.82317150680013640 ) ) ;
#7479 = CYLINDRICAL_SURFACE ( 'NONE', #3633, 176.6239999999116890 ) ;
#7480 = ORIENTED_EDGE ( 'NONE', *, *, #3287, .F. ) ;
#7481 = CARTESIAN_POINT ( 'NONE',  ( 63.43935890317140291, -115.9999999999996874, -92.54389520496604860 ) ) ;
#7482 = EDGE_LOOP ( 'NONE', ( #3467, #7042 ) ) ;
#7483 = EDGE_CURVE ( 'NONE', #3348, #988, #7617, .T. ) ;
#7484 = VERTEX_POINT ( 'NONE', #503 ) ;
#7485 = CARTESIAN_POINT ( 'NONE',  ( 76.99959673964588092, -65.99999999999982947, -68.75555054742329730 ) ) ;
#7486 = DIRECTION ( 'NONE',  ( -0.000000000000000000, 1.000000000000000000, -0.000000000000000000 ) ) ;
#7487 = AXIS2_PLACEMENT_3D ( 'NONE', #7003, #2224, #4027 ) ;
#7488 = CARTESIAN_POINT ( 'NONE',  ( 56.47263066081875849, -14.00000000000000000, -133.9042092063029656 ) ) ;
#7489 = CARTESIAN_POINT ( 'NONE',  ( 67.44408845276156228, 1.734723475976807094E-13, -109.4935235762238790 ) ) ;
#7490 = CARTESIAN_POINT ( 'NONE',  ( -98.67880131525888032, -117.9999999999996589, -49.49999999999999289 ) ) ;
#7491 = ORIENTED_EDGE ( 'NONE', *, *, #4811, .T. ) ;
#7492 = ORIENTED_EDGE ( 'NONE', *, *, #6455, .T. ) ;
#7493 = ORIENTED_EDGE ( 'NONE', *, *, #547, .F. ) ;
#7494 = DIRECTION ( 'NONE',  ( -0.000000000000000000, -1.000000000000000000, -0.000000000000000000 ) ) ;
#7495 = CARTESIAN_POINT ( 'NONE',  ( 70.73140919045791009, 1.734723475976807094E-13, -97.43045468254396724 ) ) ;
#7496 = FACE_OUTER_BOUND ( 'NONE', #1101, .T. ) ;
#7497 = LINE ( 'NONE', #6977, #6389 ) ;
#7498 = ORIENTED_EDGE ( 'NONE', *, *, #6124, .T. ) ;
#7499 = ORIENTED_EDGE ( 'NONE', *, *, #1036, .F. ) ;
#7500 = LINE ( 'NONE', #1617, #1701 ) ;
#7501 = CARTESIAN_POINT ( 'NONE',  ( -98.67880131525888032, -115.9999999999996732, -49.49999999999999289 ) ) ;
#7502 = EDGE_CURVE ( 'NONE', #1414, #2641, #2812, .T. ) ;
#7503 = FACE_BOUND ( 'NONE', #6104, .T. ) ;
#7504 = VERTEX_POINT ( 'NONE', #538 ) ;
#7505 = EDGE_CURVE ( 'NONE', #6431, #6664, #1341, .T. ) ;
#7506 = ORIENTED_EDGE ( 'NONE', *, *, #7197, .T. ) ;
#7507 = CIRCLE ( 'NONE', #217, 176.6239999999116890 ) ;
#7508 = EDGE_CURVE ( 'NONE', #195, #1067, #353, .T. ) ;
#7509 = DIRECTION ( 'NONE',  ( -0.000000000000000000, 1.000000000000000000, -0.000000000000000000 ) ) ;
#7510 = CARTESIAN_POINT ( 'NONE',  ( 74.23430928101858228, -19.93969696196701236, -17.37823816096860341 ) ) ;
#7511 = EDGE_CURVE ( 'NONE', #4965, #291, #6633, .T. ) ;
#7512 = CARTESIAN_POINT ( 'NONE',  ( 54.74086545936870607, -13.99999999999999822, -138.0768859113127007 ) ) ;
#7513 = EDGE_CURVE ( 'NONE', #4512, #4684, #3309, .T. ) ;
#7514 = FACE_OUTER_BOUND ( 'NONE', #2624, .T. ) ;
#7515 = EDGE_LOOP ( 'NONE', ( #5284, #7348, #5842, #4710 ) ) ;
#7516 = DIRECTION ( 'NONE',  ( -0.000000000000000000, 1.000000000000000000, -0.000000000000000000 ) ) ;
#7517 = AXIS2_PLACEMENT_3D ( 'NONE', #5723, #434, #1745 ) ;
#7518 = AXIS2_PLACEMENT_3D ( 'NONE', #3744, #7287, #6096 ) ;
#7519 = VERTEX_POINT ( 'NONE', #4741 ) ;
#7520 = CARTESIAN_POINT ( 'NONE',  ( 76.69132696895805168, -13.99999999999999822, -8.937479053381366612 ) ) ;
#7521 = CARTESIAN_POINT ( 'NONE',  ( 74.82765672272890356, -14.00000000000000000, -16.46144078382379305 ) ) ;
#7522 = CIRCLE ( 'NONE', #4169, 71.39999999996429381 ) ;
#7523 = AXIS2_PLACEMENT_3D ( 'NONE', #6203, #1457, #216 ) ;
#7524 = DIRECTION ( 'NONE',  ( -0.000000000000000000, -1.000000000000000000, -0.000000000000000000 ) ) ;
#7525 = EDGE_CURVE ( 'NONE', #3937, #4326, #5939, .T. ) ;
#7526 = CIRCLE ( 'NONE', #1842, 71.39999999996429381 ) ;
#7527 = CARTESIAN_POINT ( 'NONE',  ( 76.75940293603790110, -16.00000000000000000, -42.74312453674527035 ) ) ;
#7528 = CARTESIAN_POINT ( 'NONE',  ( 62.30548667938873564, -6.000000000000000000, -119.3878316937673247 ) ) ;
#7529 = ORIENTED_EDGE ( 'NONE', *, *, #2808, .T. ) ;
#7530 = ORIENTED_EDGE ( 'NONE', *, *, #4887, .T. ) ;
#7531 = VECTOR ( 'NONE', #4706, 1000.000000000000000 ) ;
#7532 = ORIENTED_EDGE ( 'NONE', *, *, #5088, .T. ) ;
#7533 = CARTESIAN_POINT ( 'NONE',  ( 76.99959673964588092, -115.9999999999996732, -68.75555054742329730 ) ) ;
#7534 = AXIS2_PLACEMENT_3D ( 'NONE', #4948, #971, #6842 ) ;
#7535 = CARTESIAN_POINT ( 'NONE',  ( -98.67880131525888032, -115.9999999999996732, -49.49999999999999289 ) ) ;
#7536 = CARTESIAN_POINT ( 'NONE',  ( 69.15226193964876700, -12.00000000000000000, -16.73211623056527486 ) ) ;
#7537 = AXIS2_PLACEMENT_3D ( 'NONE', #2114, #2184, #5192 ) ;
#7538 = DIRECTION ( 'NONE',  ( 0.000000000000000000, -1.000000000000000000, 0.000000000000000000 ) ) ;
#7539 = CIRCLE ( 'NONE', #4683, 2.100000000000004530 ) ;
#7540 = CIRCLE ( 'NONE', #739, 176.6239999999116890 ) ;
#7541 = EDGE_LOOP ( 'NONE', ( #865, #7208, #976, #5273 ) ) ;
#7542 = AXIS2_PLACEMENT_3D ( 'NONE', #3837, #248, #3794 ) ;
#7543 = VERTEX_POINT ( 'NONE', #2354 ) ;
#7544 = CIRCLE ( 'NONE', #6645, 176.6239999999116890 ) ;
#7545 = CARTESIAN_POINT ( 'NONE',  ( -98.67880131525888032, -16.00000000000000000, -49.49999999999999289 ) ) ;
#7546 = AXIS2_PLACEMENT_3D ( 'NONE', #6615, #1327, #6101 ) ;
#7547 = DIRECTION ( 'NONE',  ( 0.000000000000000000, 0.000000000000000000, 1.000000000000000000 ) ) ;
#7548 = CYLINDRICAL_SURFACE ( 'NONE', #2944, 2.100000000000004530 ) ;
#7549 = ORIENTED_EDGE ( 'NONE', *, *, #748, .T. ) ;
#7550 = ORIENTED_EDGE ( 'NONE', *, *, #2118, .F. ) ;
#7551 = EDGE_CURVE ( 'NONE', #6637, #4997, #2450, .T. ) ;
#7552 = AXIS2_PLACEMENT_3D ( 'NONE', #2996, #7654, #2209 ) ;
#7553 = FACE_OUTER_BOUND ( 'NONE', #4111, .T. ) ;
#7554 = DIRECTION ( 'NONE',  ( -0.000000000000000000, -1.000000000000000000, -0.000000000000000000 ) ) ;
#7555 = CARTESIAN_POINT ( 'NONE',  ( 64.51909169423578305, -14.00000000000000000, -88.24948392283776855 ) ) ;
#7556 = ORIENTED_EDGE ( 'NONE', *, *, #3098, .T. ) ;
#7557 = FACE_OUTER_BOUND ( 'NONE', #6980, .T. ) ;
#7558 = EDGE_LOOP ( 'NONE', ( #7464, #2759, #7420 ) ) ;
#7559 = EDGE_CURVE ( 'NONE', #3966, #4334, #1861, .T. ) ;
#7560 = EDGE_LOOP ( 'NONE', ( #6297, #1268, #1025, #4110, #3414, #6566, #1205, #2713 ) ) ;
#7561 = ADVANCED_FACE ( 'NONE', ( #2423 ), #621, .F. ) ;
#7562 = CARTESIAN_POINT ( 'NONE',  ( 76.90164193272801185, -65.99999999999982947, -68.67147163911120344 ) ) ;
#7563 = CARTESIAN_POINT ( 'NONE',  ( -98.67880131525888032, -14.00000000000000000, -49.49999999999999289 ) ) ;
#7564 = AXIS2_PLACEMENT_3D ( 'NONE', #2103, #5643, #351 ) ;
#7565 = CARTESIAN_POINT ( 'NONE',  ( 67.84404528638182796, -115.9999999999996874, -108.3742637801547914 ) ) ;
#7566 = CARTESIAN_POINT ( 'NONE',  ( 41.96261521398328398, 1.734723475976807094E-13, -140.9060541959499062 ) ) ;
#7567 = FACE_OUTER_BOUND ( 'NONE', #285, .T. ) ;
#7568 = ORIENTED_EDGE ( 'NONE', *, *, #4942, .F. ) ;
#7569 = EDGE_CURVE ( 'NONE', #1959, #1816, #3176, .T. ) ;
#7570 = ORIENTED_EDGE ( 'NONE', *, *, #3193, .T. ) ;
#7571 = DIRECTION ( 'NONE',  ( 0.000000000000000000, 1.000000000000000000, 0.000000000000000000 ) ) ;
#7572 = DIRECTION ( 'NONE',  ( 0.000000000000000000, 0.000000000000000000, 1.000000000000000000 ) ) ;
#7573 = FACE_BOUND ( 'NONE', #2979, .T. ) ;
#7574 = DIRECTION ( 'NONE',  ( 0.000000000000000000, -1.000000000000000000, 0.000000000000000000 ) ) ;
#7575 = EDGE_LOOP ( 'NONE', ( #7202, #461, #2567, #2722 ) ) ;
#7576 = EDGE_CURVE ( 'NONE', #2052, #765, #1771, .T. ) ;
#7577 = VERTEX_POINT ( 'NONE', #6515 ) ;
#7578 = PLANE ( 'NONE',  #5473 ) ;
#7579 = AXIS2_PLACEMENT_3D ( 'NONE', #6472, #1730, #2965 ) ;
#7580 = LINE ( 'NONE', #5822, #4558 ) ;
#7581 = PLANE ( 'NONE',  #3683 ) ;
#7582 = DIRECTION ( 'NONE',  ( 0.000000000000000000, -1.000000000000000000, 0.000000000000000000 ) ) ;
#7583 = CARTESIAN_POINT ( 'NONE',  ( -98.67880131525888032, 1.734723475976807094E-13, -49.49999999999998579 ) ) ;
#7584 = ORIENTED_EDGE ( 'NONE', *, *, #8, .T. ) ;
#7585 = ORIENTED_EDGE ( 'NONE', *, *, #2905, .T. ) ;
#7586 = PLANE ( 'NONE',  #7398 ) ;
#7587 = CARTESIAN_POINT ( 'NONE',  ( 62.21723406515152988, -115.9999999999996732, -130.1998500547907724 ) ) ;
#7588 = DIRECTION ( 'NONE',  ( 0.000000000000000000, 1.000000000000000000, 0.000000000000000000 ) ) ;
#7589 = EDGE_LOOP ( 'NONE', ( #5903, #4763, #5161, #1782 ) ) ;
#7590 = DIRECTION ( 'NONE',  ( -0.000000000000000000, -1.000000000000000000, -0.000000000000000000 ) ) ;
#7591 = EDGE_LOOP ( 'NONE', ( #911, #4803, #186, #5585 ) ) ;
#7592 = AXIS2_PLACEMENT_3D ( 'NONE', #3847, #3342, #3806 ) ;
#7593 = ORIENTED_EDGE ( 'NONE', *, *, #379, .F. ) ;
#7594 = FACE_OUTER_BOUND ( 'NONE', #6703, .T. ) ;
#7595 = DIRECTION ( 'NONE',  ( 0.000000000000000000, -1.000000000000000000, 0.000000000000000000 ) ) ;
#7596 = FACE_OUTER_BOUND ( 'NONE', #494, .T. ) ;
#7597 = DIRECTION ( 'NONE',  ( 0.000000000000000000, -1.000000000000000000, 0.000000000000000000 ) ) ;
#7598 = EDGE_CURVE ( 'NONE', #22, #1000, #7522, .T. ) ;
#7599 = CARTESIAN_POINT ( 'NONE',  ( -98.67880131525888032, 1.734723475976807094E-13, -49.49999999999998579 ) ) ;
#7600 = VECTOR ( 'NONE', #5608, 1000.000000000000000 ) ;
#7601 = ORIENTED_EDGE ( 'NONE', *, *, #7143, .F. ) ;
#7602 = ORIENTED_EDGE ( 'NONE', *, *, #460, .T. ) ;
#7603 = AXIS2_PLACEMENT_3D ( 'NONE', #3525, #2990, #2265 ) ;
#7604 = CARTESIAN_POINT ( 'NONE',  ( 60.94177619711041416, 1.734723475976807094E-13, 2.039751858564808895 ) ) ;
#7605 = PRODUCT_RELATED_PRODUCT_CATEGORY ( 'part', '', ( #134 ) ) ;
#7606 = CARTESIAN_POINT ( 'NONE',  ( 73.12199335486934615, 1.734723475976807094E-13, -8.505801304559579279 ) ) ;
#7607 = CARTESIAN_POINT ( 'NONE',  ( 65.41789684650092340, -12.00000000000000000, -97.59650353620614283 ) ) ;
#7608 = ADVANCED_FACE ( 'NONE', ( #6563 ), #1898, .T. ) ;
#7609 = DIRECTION ( 'NONE',  ( -0.000000000000000000, 1.000000000000000000, -0.000000000000000000 ) ) ;
#7610 = ORIENTED_EDGE ( 'NONE', *, *, #174, .F. ) ;
#7611 = ORIENTED_EDGE ( 'NONE', *, *, #5797, .T. ) ;
#7612 = CARTESIAN_POINT ( 'NONE',  ( -98.67880131525888032, -115.9999999999996732, -49.49999999999999289 ) ) ;
#7613 = CARTESIAN_POINT ( 'NONE',  ( -98.67880131525888032, -12.00000000000000000, -49.49999999999999289 ) ) ;
#7614 = FACE_OUTER_BOUND ( 'NONE', #1872, .T. ) ;
#7615 = EDGE_CURVE ( 'NONE', #7353, #4831, #5158, .T. ) ;
#7616 =( NAMED_UNIT ( * ) PLANE_ANGLE_UNIT ( ) SI_UNIT ( $, .RADIAN. ) );
#7617 = LINE ( 'NONE', #1074, #3679 ) ;
#7618 = AXIS2_PLACEMENT_3D ( 'NONE', #6773, #5653, #3797 ) ;
#7619 = ORIENTED_EDGE ( 'NONE', *, *, #4661, .F. ) ;
#7620 = ORIENTED_EDGE ( 'NONE', *, *, #1064, .T. ) ;
#7621 = LINE ( 'NONE', #2317, #4902 ) ;
#7622 = AXIS2_PLACEMENT_3D ( 'NONE', #5881, #2877, #1720 ) ;
#7623 = LINE ( 'NONE', #1663, #6559 ) ;
#7624 = CARTESIAN_POINT ( 'NONE',  ( 71.50195686800125827, -6.000000000000005329, -66.21853893648385281 ) ) ;
#7625 = ORIENTED_EDGE ( 'NONE', *, *, #4384, .T. ) ;
#7626 = DIRECTION ( 'NONE',  ( 0.000000000000000000, 1.000000000000000000, 0.000000000000000000 ) ) ;
#7627 = EDGE_LOOP ( 'NONE', ( #5365, #799, #7142, #2152 ) ) ;
#7628 = ORIENTED_EDGE ( 'NONE', *, *, #6924, .F. ) ;
#7629 = CARTESIAN_POINT ( 'NONE',  ( 74.23430928101858228, -19.93969696196701236, -19.47823816096860838 ) ) ;
#7630 = DIRECTION ( 'NONE',  ( -0.000000000000000000, 1.000000000000000000, -0.000000000000000000 ) ) ;
#7631 = DIRECTION ( 'NONE',  ( 0.000000000000000000, 0.000000000000000000, 1.000000000000000000 ) ) ;
#7632 = AXIS2_PLACEMENT_3D ( 'NONE', #5144, #475, #2831 ) ;
#7633 = DIRECTION ( 'NONE',  ( -0.000000000000000000, 1.000000000000000000, -0.000000000000000000 ) ) ;
#7634 = FACE_OUTER_BOUND ( 'NONE', #1447, .T. ) ;
#7635 = ORIENTED_EDGE ( 'NONE', *, *, #6445, .F. ) ;
#7636 = VECTOR ( 'NONE', #4407, 1000.000000000000114 ) ;
#7637 = ORIENTED_EDGE ( 'NONE', *, *, #5741, .F. ) ;
#7638 = EDGE_CURVE ( 'NONE', #5447, #1247, #103, .T. ) ;
#7639 = DIRECTION ( 'NONE',  ( 0.000000000000000000, -1.000000000000000000, 0.000000000000000000 ) ) ;
#7640 = CARTESIAN_POINT ( 'NONE',  ( 75.58350073661644331, -6.000000000000000000, -68.20625106983376895 ) ) ;
#7641 = CARTESIAN_POINT ( 'NONE',  ( -98.67880131525888032, 1.734723475976807094E-13, -49.49999999999998579 ) ) ;
#7642 = AXIS2_PLACEMENT_3D ( 'NONE', #965, #6873, #3941 ) ;
#7643 = CARTESIAN_POINT ( 'NONE',  ( 81.19999316315126237, -13.99999999999999822, -42.89550933368345653 ) ) ;
#7644 = CIRCLE ( 'NONE', #5035, 71.39999999996429381 ) ;
#7645 = AXIS2_PLACEMENT_3D ( 'NONE', #4927, #5047, #4962 ) ;
#7646 = AXIS2_PLACEMENT_3D ( 'NONE', #4667, #2887, #5677 ) ;
#7647 = CIRCLE ( 'NONE', #6898, 71.39999999996429381 ) ;
#7648 = VERTEX_POINT ( 'NONE', #2470 ) ;
#7649 = VERTEX_POINT ( 'NONE', #1276 ) ;
#7650 = EDGE_CURVE ( 'NONE', #4895, #1285, #4554, .T. ) ;
#7651 = EDGE_CURVE ( 'NONE', #5623, #1509, #1227, .T. ) ;
#7652 = DIRECTION ( 'NONE',  ( -3.012685028308566335E-14, 0.000000000000000000, 1.000000000000000000 ) ) ;
#7653 = CIRCLE ( 'NONE', #4915, 180.0000000000000000 ) ;
#7654 = DIRECTION ( 'NONE',  ( 0.000000000000000000, -1.000000000000000000, 0.000000000000000000 ) ) ;
#7655 = DIRECTION ( 'NONE',  ( 0.000000000000000000, -1.000000000000000000, 0.000000000000000000 ) ) ;
#7656 = CIRCLE ( 'NONE', #3316, 180.0000000000000000 ) ;
#7657 = CIRCLE ( 'NONE', #1354, 2.100000000000004530 ) ;
#7658 = DIRECTION ( 'NONE',  ( 0.000000000000000000, 0.000000000000000000, -1.000000000000000000 ) ) ;
ENDSEC;
END-ISO-10303-21;
