ISO-10303-21;
HEADER;
FILE_DESCRIPTION (( 'STEP AP214' ),
    '1' );
FILE_NAME ('hood adjustable shooter.STEP',
    '2025-11-13T20:50:38',
    ( '' ),
    ( '' ),
    'SwSTEP 2.0',
    'SolidWorks 2025',
    '' );
FILE_SCHEMA (( 'AUTOMOTIVE_DESIGN' ));
ENDSEC;

DATA;
#1 = ORIENTED_EDGE ( 'NONE', *, *, #1645, .T. ) ;
#2 = DIRECTION ( 'NONE',  ( 0.000000000000000000, 0.000000000000000000, -1.000000000000000000 ) ) ;
#3 = EDGE_CURVE ( 'NONE', #981, #1205, #1139, .T. ) ;
#4 = DIRECTION ( 'NONE',  ( 0.8003155581858604206, 0.000000000000000000, -0.5995790250881485317 ) ) ;
#5 = LINE ( 'NONE', #693, #776 ) ;
#6 = VERTEX_POINT ( 'NONE', #1011 ) ;
#7 = CARTESIAN_POINT ( 'NONE',  ( -98.67880131525888032, 135.9999999999999716, -49.49999999999999289 ) ) ;
#8 = ORIENTED_EDGE ( 'NONE', *, *, #196, .T. ) ;
#9 = PLANE ( 'NONE',  #779 ) ;
#10 = CARTESIAN_POINT ( 'NONE',  ( 43.73329289222158422, 129.9999999999999716, -172.2305806367740502 ) ) ;
#11 = EDGE_CURVE ( 'NONE', #1300, #416, #484, .T. ) ;
#12 = CARTESIAN_POINT ( 'NONE',  ( 22.51187981145651307, 129.9999999999999716, -183.9389036255606698 ) ) ;
#13 = VERTEX_POINT ( 'NONE', #337 ) ;
#14 = EDGE_CURVE ( 'NONE', #511, #1182, #1480, .T. ) ;
#15 = CARTESIAN_POINT ( 'NONE',  ( 51.10946111210296294, 141.0000000000000000, -151.1094308565488404 ) ) ;
#16 = ORIENTED_EDGE ( 'NONE', *, *, #1159, .T. ) ;
#17 = FACE_OUTER_BOUND ( 'NONE', #1304, .T. ) ;
#18 = CARTESIAN_POINT ( 'NONE',  ( 48.28479433190629067, 129.9999999999999716, -155.1536868947626431 ) ) ;
#19 = CIRCLE ( 'NONE', #1742, 2.099999999999990763 ) ;
#20 = CARTESIAN_POINT ( 'NONE',  ( 48.97941917003237222, 135.9999999999999716, -162.2223301287633603 ) ) ;
#21 = VECTOR ( 'NONE', #1517, 1000.000000000000114 ) ;
#22 = ORIENTED_EDGE ( 'NONE', *, *, #926, .F. ) ;
#23 = EDGE_CURVE ( 'NONE', #727, #192, #230, .T. ) ;
#24 = CARTESIAN_POINT ( 'NONE',  ( 24.80942042983995321, 0.000000000000000000, -191.2556315997120464 ) ) ;
#25 = EDGE_CURVE ( 'NONE', #1102, #1644, #403, .T. ) ;
#26 = VERTEX_POINT ( 'NONE', #287 ) ;
#27 = FACE_BOUND ( 'NONE', #1268, .T. ) ;
#28 = ORIENTED_EDGE ( 'NONE', *, *, #1605, .F. ) ;
#29 = DIRECTION ( 'NONE',  ( -0.000000000000000000, -1.000000000000000000, -0.000000000000000000 ) ) ;
#30 = LINE ( 'NONE', #934, #1116 ) ;
#31 = ORIENTED_EDGE ( 'NONE', *, *, #25, .F. ) ;
#32 = LINE ( 'NONE', #842, #1651 ) ;
#33 = ORIENTED_EDGE ( 'NONE', *, *, #890, .F. ) ;
#34 = CARTESIAN_POINT ( 'NONE',  ( 48.97941917003237222, 141.0000000000000000, -158.0223301287633717 ) ) ;
#35 = CARTESIAN_POINT ( 'NONE',  ( -98.67880131525888032, 5.000000000000000000, -49.49999999999999289 ) ) ;
#36 = DIRECTION ( 'NONE',  ( -0.000000000000000000, -1.000000000000000000, -0.000000000000000000 ) ) ;
#37 = CARTESIAN_POINT ( 'NONE',  ( 27.52679297851357276, 129.9999999999999716, -181.9823092718939108 ) ) ;
#38 = ORIENTED_EDGE ( 'NONE', *, *, #1105, .F. ) ;
#39 = LINE ( 'NONE', #802, #72 ) ;
#40 = ORIENTED_EDGE ( 'NONE', *, *, #887, .T. ) ;
#41 = DIRECTION ( 'NONE',  ( -0.000000000000000000, -1.000000000000000000, -0.000000000000000000 ) ) ;
#42 = EDGE_LOOP ( 'NONE', ( #1624, #1333 ) ) ;
#43 = EDGE_CURVE ( 'NONE', #843, #591, #545, .T. ) ;
#44 = FACE_BOUND ( 'NONE', #894, .T. ) ;
#45 = EDGE_CURVE ( 'NONE', #989, #1383, #1438, .T. ) ;
#46 = CARTESIAN_POINT ( 'NONE',  ( 43.73329289222158422, 129.9999999999999716, -172.2305806367740502 ) ) ;
#47 = EDGE_LOOP ( 'NONE', ( #497, #637 ) ) ;
#48 = CLOSED_SHELL ( 'NONE', ( #852, #1567, #137, #826, #870, #260, #791, #293, #717, #1693, #1209, #851, #1119, #170, #216, #927, #217, #145, #115, #1739, #557, #1380, #83, #1705, #958, #935, #452, #923, #453, #999, #1528, #901, #682, #1031, #345, #1077, #575, #1366, #294, #1680, #533, #473, #990, #169, #1402, #423, #197, #1129 ) ) ;
#49 = AXIS2_PLACEMENT_3D ( 'NONE', #80, #305, #1652 ) ;
#50 = PLANE ( 'NONE',  #1002 ) ;
#51 = ORIENTED_EDGE ( 'NONE', *, *, #343, .F. ) ;
#52 = AXIS2_PLACEMENT_3D ( 'NONE', #457, #1005, #1541 ) ;
#53 = VECTOR ( 'NONE', #987, 1000.000000000000000 ) ;
#54 = FACE_OUTER_BOUND ( 'NONE', #910, .T. ) ;
#55 = CARTESIAN_POINT ( 'NONE',  ( 27.52679297851357276, 135.9999999999999716, -186.1823092718938994 ) ) ;
#56 = CARTESIAN_POINT ( 'NONE',  ( 43.73329289222155580, 5.000000000000004441, -172.2305806367740502 ) ) ;
#57 = ORIENTED_EDGE ( 'NONE', *, *, #771, .T. ) ;
#58 = CARTESIAN_POINT ( 'NONE',  ( 27.70551689555345121, 129.9999999999999716, -179.0685305557955473 ) ) ;
#59 = ORIENTED_EDGE ( 'NONE', *, *, #1131, .T. ) ;
#60 = FACE_BOUND ( 'NONE', #1483, .T. ) ;
#61 = CARTESIAN_POINT ( 'NONE',  ( 44.01579167327867737, 11.00000000000000000, -160.8519336690459909 ) ) ;
#62 = ORIENTED_EDGE ( 'NONE', *, *, #73, .T. ) ;
#63 = DIRECTION ( 'NONE',  ( 0.000000000000000000, 0.000000000000000000, -1.000000000000000000 ) ) ;
#64 = EDGE_CURVE ( 'NONE', #318, #1526, #1365, .T. ) ;
#65 = ORIENTED_EDGE ( 'NONE', *, *, #1291, .F. ) ;
#66 = EDGE_CURVE ( 'NONE', #1699, #1700, #623, .T. ) ;
#67 = DIRECTION ( 'NONE',  ( -0.000000000000000000, -1.000000000000000000, -0.000000000000000000 ) ) ;
#68 = LINE ( 'NONE', #1660, #21 ) ;
#69 = CARTESIAN_POINT ( 'NONE',  ( 27.52679297851357276, 141.0000000000000000, -181.9823092718939108 ) ) ;
#70 = ORIENTED_EDGE ( 'NONE', *, *, #1362, .F. ) ;
#71 = CIRCLE ( 'NONE', #1060, 181.0000000000000000 ) ;
#72 = VECTOR ( 'NONE', #695, 1000.000000000000000 ) ;
#73 = EDGE_CURVE ( 'NONE', #135, #1167, #573, .T. ) ;
#74 = ORIENTED_EDGE ( 'NONE', *, *, #731, .T. ) ;
#75 = CIRCLE ( 'NONE', #1455, 187.9999999999999716 ) ;
#76 = MECHANICAL_DESIGN_GEOMETRIC_PRESENTATION_REPRESENTATION (  '', ( #978 ), #209 ) ;
#77 = PLANE ( 'NONE',  #1008 ) ;
#78 = AXIS2_PLACEMENT_3D ( 'NONE', #1047, #1057, #635 ) ;
#79 = DIRECTION ( 'NONE',  ( 0.000000000000000000, 0.000000000000000000, -1.000000000000000000 ) ) ;
#80 = CARTESIAN_POINT ( 'NONE',  ( -98.67880131525888032, 135.9999999999999716, -49.49999999999998579 ) ) ;
#81 = ORIENTED_EDGE ( 'NONE', *, *, #683, .T. ) ;
#82 = ORIENTED_EDGE ( 'NONE', *, *, #1240, .T. ) ;
#83 = ADVANCED_FACE ( 'NONE', ( #891 ), #1204, .F. ) ;
#84 = DIRECTION ( 'NONE',  ( 0.000000000000000000, 0.000000000000000000, 1.000000000000000000 ) ) ;
#85 = CARTESIAN_POINT ( 'NONE',  ( 48.97941917003237222, 141.0000000000000000, -162.2223301287633603 ) ) ;
#86 = CARTESIAN_POINT ( 'NONE',  ( 33.76783518096853953, 129.9999999999999716, -172.8648591813576729 ) ) ;
#87 = ORIENTED_EDGE ( 'NONE', *, *, #368, .T. ) ;
#88 = CARTESIAN_POINT ( 'NONE',  ( 27.52679297851357276, 141.0000000000000000, -181.9823092718939108 ) ) ;
#89 = DIRECTION ( 'NONE',  ( -0.000000000000000000, -1.000000000000000000, -0.000000000000000000 ) ) ;
#90 = EDGE_LOOP ( 'NONE', ( #1499, #420, #500, #957 ) ) ;
#91 = EDGE_CURVE ( 'NONE', #1501, #1182, #755, .T. ) ;
#92 = CYLINDRICAL_SURFACE ( 'NONE', #130, 2.099999999999990763 ) ;
#93 = LINE ( 'NONE', #121, #892 ) ;
#94 = DIRECTION ( 'NONE',  ( 0.000000000000000000, 1.000000000000000000, -0.000000000000000000 ) ) ;
#95 = EDGE_LOOP ( 'NONE', ( #906, #355 ) ) ;
#96 = CARTESIAN_POINT ( 'NONE',  ( 22.51187981145651307, 5.000000000000000000, -183.9389036255606698 ) ) ;
#97 = ORIENTED_EDGE ( 'NONE', *, *, #1476, .F. ) ;
#98 = CIRCLE ( 'NONE', #598, 2.099999999999990763 ) ;
#99 = EDGE_LOOP ( 'NONE', ( #863, #1566, #1220, #1577, #875 ) ) ;
#100 = AXIS2_PLACEMENT_3D ( 'NONE', #1037, #1432, #1020 ) ;
#101 = PLANE ( 'NONE',  #1260 ) ;
#102 = CIRCLE ( 'NONE', #1368, 2.099999999999990763 ) ;
#103 = PLANE ( 'NONE',  #526 ) ;
#104 = CARTESIAN_POINT ( 'NONE',  ( 27.52679297851357276, 141.0000000000000000, -184.0823092718939051 ) ) ;
#105 = VERTEX_POINT ( 'NONE', #1164 ) ;
#106 = DIRECTION ( 'NONE',  ( 0.000000000000000000, 1.000000000000000000, 0.000000000000000000 ) ) ;
#107 = VERTEX_POINT ( 'NONE', #231 ) ;
#108 = CARTESIAN_POINT ( 'NONE',  ( 48.97941917003237222, 141.0000000000000000, -158.0223301287633717 ) ) ;
#109 = CARTESIAN_POINT ( 'NONE',  ( -98.67880131525888032, 129.9999999999999716, -49.49999999999998579 ) ) ;
#110 = ORIENTED_EDGE ( 'NONE', *, *, #1718, .F. ) ;
#111 = PLANE ( 'NONE',  #1487 ) ;
#112 = FACE_OUTER_BOUND ( 'NONE', #797, .T. ) ;
#113 = CARTESIAN_POINT ( 'NONE',  ( 20.21145472656500530, 141.0000000000000000, -185.9774963805738537 ) ) ;
#114 = VERTEX_POINT ( 'NONE', #1719 ) ;
#115 = ADVANCED_FACE ( 'NONE', ( #630, #898, #1568, #795 ), #1447, .T. ) ;
#116 = DIRECTION ( 'NONE',  ( 0.000000000000000000, 0.000000000000000000, -1.000000000000000000 ) ) ;
#117 = EDGE_CURVE ( 'NONE', #205, #631, #639, .T. ) ;
#118 = ORIENTED_EDGE ( 'NONE', *, *, #806, .F. ) ;
#119 = FACE_BOUND ( 'NONE', #1382, .T. ) ;
#120 = CARTESIAN_POINT ( 'NONE',  ( 38.77616371500160142, 11.00000000000001066, -172.5706406440214096 ) ) ;
#121 = CARTESIAN_POINT ( 'NONE',  ( 20.21145472656504793, 141.0000000000000000, -185.9774963805738537 ) ) ;
#122 = LINE ( 'NONE', #1481, #208 ) ;
#123 = ORIENTED_EDGE ( 'NONE', *, *, #1181, .F. ) ;
#124 = DIRECTION ( 'NONE',  ( -0.6840411614838622922, 0.000000000000000000, 0.7294434106877712987 ) ) ;
#125 = ORIENTED_EDGE ( 'NONE', *, *, #606, .T. ) ;
#126 = LINE ( 'NONE', #660, #289 ) ;
#127 = VECTOR ( 'NONE', #372, 1000.000000000000114 ) ;
#128 = CARTESIAN_POINT ( 'NONE',  ( 27.30105988102945958, 5.000000000000000000, -189.0459586407428390 ) ) ;
#129 = CIRCLE ( 'NONE', #804, 181.0000000000000284 ) ;
#130 = AXIS2_PLACEMENT_3D ( 'NONE', #622, #1168, #503 ) ;
#131 = DIRECTION ( 'NONE',  ( -0.000000000000000000, -1.000000000000000000, -0.000000000000000000 ) ) ;
#132 = ORIENTED_EDGE ( 'NONE', *, *, #1107, .F. ) ;
#133 = VECTOR ( 'NONE', #1478, 1000.000000000000000 ) ;
#134 = FACE_OUTER_BOUND ( 'NONE', #970, .T. ) ;
#135 = VERTEX_POINT ( 'NONE', #1334 ) ;
#136 = CARTESIAN_POINT ( 'NONE',  ( 48.97941917003237222, 11.00000000000001066, -162.2223301287633603 ) ) ;
#137 = ADVANCED_FACE ( 'NONE', ( #1297 ), #1035, .F. ) ;
#138 = CARTESIAN_POINT ( 'NONE',  ( -98.67880131525888032, 129.9999999999999716, -49.49999999999999289 ) ) ;
#139 = DIRECTION ( 'NONE',  ( -0.6840411614838622922, 0.000000000000000000, 0.7294434106877712987 ) ) ;
#140 = VERTEX_POINT ( 'NONE', #930 ) ;
#141 = CARTESIAN_POINT ( 'NONE',  ( 48.97941917003237222, 5.000000000000004441, -160.1223301287633660 ) ) ;
#142 = ORIENTED_EDGE ( 'NONE', *, *, #1131, .F. ) ;
#143 = CARTESIAN_POINT ( 'NONE',  ( 33.76783518096853953, 129.9999999999999716, -172.8648591813576729 ) ) ;
#144 = CARTESIAN_POINT ( 'NONE',  ( 49.61904413299677685, 135.9999999999999716, -165.0497686514571853 ) ) ;
#145 = ADVANCED_FACE ( 'NONE', ( #1063 ), #1305, .F. ) ;
#146 = LINE ( 'NONE', #828, #1062 ) ;
#147 = VERTEX_POINT ( 'NONE', #1184 ) ;
#148 = DIRECTION ( 'NONE',  ( -0.000000000000000000, -1.000000000000000000, -0.000000000000000000 ) ) ;
#149 = EDGE_LOOP ( 'NONE', ( #1054, #31 ) ) ;
#150 = CARTESIAN_POINT ( 'NONE',  ( -98.67880131525888032, 141.0000000000000000, -49.49999999999999289 ) ) ;
#151 = ORIENTED_EDGE ( 'NONE', *, *, #1606, .F. ) ;
#152 = AXIS2_PLACEMENT_3D ( 'NONE', #617, #1467, #254 ) ;
#153 = CARTESIAN_POINT ( 'NONE',  ( 27.52679297851357276, 11.00000000000001066, -184.0823092718939051 ) ) ;
#154 = AXIS2_PLACEMENT_3D ( 'NONE', #1040, #1598, #1024 ) ;
#155 = CARTESIAN_POINT ( 'NONE',  ( 38.77616371500160142, 129.9999999999999716, -170.4706406440214153 ) ) ;
#156 = VECTOR ( 'NONE', #680, 1000.000000000000000 ) ;
#157 = ORIENTED_EDGE ( 'NONE', *, *, #1736, .T. ) ;
#158 = CIRCLE ( 'NONE', #1006, 2.099999999999990763 ) ;
#159 = CARTESIAN_POINT ( 'NONE',  ( 72.97556416701814896, 141.0000000000000000, -148.6858927009120634 ) ) ;
#160 = ORIENTED_EDGE ( 'NONE', *, *, #326, .F. ) ;
#161 = AXIS2_PLACEMENT_3D ( 'NONE', #641, #249, #2 ) ;
#162 = DIRECTION ( 'NONE',  ( -0.000000000000000000, -1.000000000000000000, -0.000000000000000000 ) ) ;
#163 = VERTEX_POINT ( 'NONE', #506 ) ;
#164 = FACE_BOUND ( 'NONE', #394, .T. ) ;
#165 = DIRECTION ( 'NONE',  ( 0.000000000000000000, -1.000000000000000000, 0.000000000000000000 ) ) ;
#166 = ORIENTED_EDGE ( 'NONE', *, *, #3, .T. ) ;
#167 = CARTESIAN_POINT ( 'NONE',  ( 38.77616371500160142, 141.0000000000000000, -170.4706406440214153 ) ) ;
#168 = VERTEX_POINT ( 'NONE', #1050 ) ;
#169 = ADVANCED_FACE ( 'NONE', ( #918, #247 ), #786, .F. ) ;
#170 = ADVANCED_FACE ( 'NONE', ( #1601 ), #1431, .F. ) ;
#171 = CARTESIAN_POINT ( 'NONE',  ( 33.76783518096853953, 11.00000000000000000, -172.8648591813576729 ) ) ;
#172 = ORIENTED_EDGE ( 'NONE', *, *, #1347, .T. ) ;
#173 = CARTESIAN_POINT ( 'NONE',  ( 27.30105988102945958, 11.00000000000000000, -189.0459586407428390 ) ) ;
#174 = CARTESIAN_POINT ( 'NONE',  ( 20.21145472656504793, 141.0000000000000000, -185.9774963805738537 ) ) ;
#175 = ORIENTED_EDGE ( 'NONE', *, *, #982, .F. ) ;
#176 = DIRECTION ( 'NONE',  ( 0.000000000000000000, -0.000000000000000000, 1.000000000000000000 ) ) ;
#177 = ORIENTED_EDGE ( 'NONE', *, *, #275, .T. ) ;
#178 = FACE_OUTER_BOUND ( 'NONE', #1137, .T. ) ;
#179 = DIRECTION ( 'NONE',  ( 0.000000000000000000, 1.000000000000000000, 0.000000000000000000 ) ) ;
#180 = AXIS2_PLACEMENT_3D ( 'NONE', #1243, #1097, #1637 ) ;
#181 = LINE ( 'NONE', #46, #186 ) ;
#182 = ORIENTED_EDGE ( 'NONE', *, *, #1684, .T. ) ;
#183 = AXIS2_PLACEMENT_3D ( 'NONE', #296, #684, #1485 ) ;
#184 = DIRECTION ( 'NONE',  ( 0.000000000000000000, 1.000000000000000000, 0.000000000000000000 ) ) ;
#185 = ORIENTED_EDGE ( 'NONE', *, *, #827, .F. ) ;
#186 = VECTOR ( 'NONE', #701, 1000.000000000000000 ) ;
#187 = DIRECTION ( 'NONE',  ( 0.000000000000000000, 0.000000000000000000, -1.000000000000000000 ) ) ;
#188 = EDGE_CURVE ( 'NONE', #719, #511, #215, .T. ) ;
#189 = CARTESIAN_POINT ( 'NONE',  ( 48.97941917003237222, 141.0000000000000000, -160.1223301287633660 ) ) ;
#190 = ORIENTED_EDGE ( 'NONE', *, *, #796, .T. ) ;
#191 = CARTESIAN_POINT ( 'NONE',  ( 22.51187981145651307, 135.9999999999999716, -183.9389036255606698 ) ) ;
#192 = VERTEX_POINT ( 'NONE', #1492 ) ;
#193 = CARTESIAN_POINT ( 'NONE',  ( 0.000000000000000000, 0.000000000000000000, 0.000000000000000000 ) ) ;
#194 = DIRECTION ( 'NONE',  ( 0.000000000000000000, -1.000000000000000000, 0.000000000000000000 ) ) ;
#195 = DIRECTION ( 'NONE',  ( 0.000000000000000000, 0.000000000000000000, -1.000000000000000000 ) ) ;
#196 = EDGE_CURVE ( 'NONE', #676, #981, #261, .T. ) ;
#197 = ADVANCED_FACE ( 'NONE', ( #1500, #426 ), #1357, .T. ) ;
#198 = CARTESIAN_POINT ( 'NONE',  ( 38.77616371500160142, 135.9999999999999716, -170.4706406440214153 ) ) ;
#199 = EDGE_LOOP ( 'NONE', ( #1155, #1510, #1123, #22 ) ) ;
#200 = ORIENTED_EDGE ( 'NONE', *, *, #949, .F. ) ;
#201 = LINE ( 'NONE', #1321, #1459 ) ;
#202 = SURFACE_STYLE_USAGE ( .BOTH. , #353 ) ;
#203 = FACE_OUTER_BOUND ( 'NONE', #99, .T. ) ;
#204 = CIRCLE ( 'NONE', #688, 181.0000000000000000 ) ;
#205 = VERTEX_POINT ( 'NONE', #675 ) ;
#206 = VECTOR ( 'NONE', #1292, 1000.000000000000000 ) ;
#207 = EDGE_LOOP ( 'NONE', ( #374, #172, #418, #1289 ) ) ;
#208 = VECTOR ( 'NONE', #131, 1000.000000000000000 ) ;
#209 =( GEOMETRIC_REPRESENTATION_CONTEXT ( 3 ) GLOBAL_UNCERTAINTY_ASSIGNED_CONTEXT ( ( #602 ) ) GLOBAL_UNIT_ASSIGNED_CONTEXT ( ( #881, #220, #1056 ) ) REPRESENTATION_CONTEXT ( 'NONE', 'WORKASPACE' ) );
#210 = DIRECTION ( 'NONE',  ( -0.000000000000000000, -1.000000000000000000, -0.000000000000000000 ) ) ;
#211 = CIRCLE ( 'NONE', #519, 187.9999999999999432 ) ;
#212 = DIRECTION ( 'NONE',  ( -0.6840411614838612930, 0.000000000000000000, 0.7294434106877722979 ) ) ;
#213 = DIRECTION ( 'NONE',  ( -0.7450133605976170248, 0.000000000000000000, 0.6670495427860251292 ) ) ;
#214 = ORIENTED_EDGE ( 'NONE', *, *, #1389, .F. ) ;
#215 = LINE ( 'NONE', #88, #1560 ) ;
#216 = ADVANCED_FACE ( 'NONE', ( #1475 ), #279, .F. ) ;
#217 = ADVANCED_FACE ( 'NONE', ( #1609 ), #1101, .F. ) ;
#218 = CARTESIAN_POINT ( 'NONE',  ( 53.80115864631243738, 70.49999400000000094, -159.4720955975541017 ) ) ;
#219 = ORIENTED_EDGE ( 'NONE', *, *, #1290, .T. ) ;
#220 =( NAMED_UNIT ( * ) PLANE_ANGLE_UNIT ( ) SI_UNIT ( $, .RADIAN. ) );
#221 = DIRECTION ( 'NONE',  ( 0.000000000000000000, 0.000000000000000000, -1.000000000000000000 ) ) ;
#222 = CARTESIAN_POINT ( 'NONE',  ( 48.97941917003237222, 129.9999999999999716, -162.2223301287633603 ) ) ;
#223 = ORIENTED_EDGE ( 'NONE', *, *, #1217, .F. ) ;
#224 = DIRECTION ( 'NONE',  ( 0.8003155581858604206, 0.000000000000000000, -0.5995790250881486427 ) ) ;
#225 = EDGE_LOOP ( 'NONE', ( #929, #1246 ) ) ;
#226 = CARTESIAN_POINT ( 'NONE',  ( 72.97556416701814896, 11.00000000000001066, -148.6858927009120634 ) ) ;
#227 = DIRECTION ( 'NONE',  ( -0.000000000000000000, -1.000000000000000000, -0.000000000000000000 ) ) ;
#228 = DIRECTION ( 'NONE',  ( -0.000000000000000000, -1.000000000000000000, -0.000000000000000000 ) ) ;
#229 = ORIENTED_EDGE ( 'NONE', *, *, #1053, .T. ) ;
#230 = CIRCLE ( 'NONE', #456, 2.099999999999990763 ) ;
#231 = CARTESIAN_POINT ( 'NONE',  ( 49.61904413299677685, 11.00000000000000000, -165.0497686514571853 ) ) ;
#232 = ORIENTED_EDGE ( 'NONE', *, *, #1662, .T. ) ;
#233 = CIRCLE ( 'NONE', #1710, 181.0000000000000000 ) ;
#234 = AXIS2_PLACEMENT_3D ( 'NONE', #1145, #165, #1134 ) ;
#235 = LINE ( 'NONE', #1307, #972 ) ;
#236 = CARTESIAN_POINT ( 'NONE',  ( 38.77616371500160142, 5.000000000000004441, -174.6706406440214039 ) ) ;
#237 = EDGE_LOOP ( 'NONE', ( #1111, #1707, #1326, #1473 ) ) ;
#238 = CIRCLE ( 'NONE', #350, 2.099999999999990763 ) ;
#239 = EDGE_CURVE ( 'NONE', #451, #331, #821, .T. ) ;
#240 = DIRECTION ( 'NONE',  ( 0.000000000000000000, -0.000000000000000000, 1.000000000000000000 ) ) ;
#241 = CIRCLE ( 'NONE', #1600, 21.99999999999996447 ) ;
#242 = CARTESIAN_POINT ( 'NONE',  ( 48.97941917003237222, 0.000000000000000000, -160.1223301287633660 ) ) ;
#243 = EDGE_CURVE ( 'NONE', #114, #1019, #739, .T. ) ;
#244 = EDGE_CURVE ( 'NONE', #1534, #1602, #204, .T. ) ;
#245 = PLANE ( 'NONE',  #835 ) ;
#246 = EDGE_LOOP ( 'NONE', ( #219, #1323, #581, #157 ) ) ;
#247 = FACE_OUTER_BOUND ( 'NONE', #207, .T. ) ;
#248 = ORIENTED_EDGE ( 'NONE', *, *, #498, .T. ) ;
#249 = DIRECTION ( 'NONE',  ( 0.000000000000000000, -1.000000000000000000, 0.000000000000000000 ) ) ;
#250 = PLANE ( 'NONE',  #952 ) ;
#251 = CARTESIAN_POINT ( 'NONE',  ( 38.51722792560503450, 129.9999999999999716, -167.5603640539025889 ) ) ;
#252 = CARTESIAN_POINT ( 'NONE',  ( -98.67880131525888032, 11.00000000000000000, -49.49999999999998579 ) ) ;
#253 = ORIENTED_EDGE ( 'NONE', *, *, #1087, .T. ) ;
#254 = DIRECTION ( 'NONE',  ( 0.000000000000000000, 0.000000000000000000, -1.000000000000000000 ) ) ;
#255 = VERTEX_POINT ( 'NONE', #271 ) ;
#256 = DIRECTION ( 'NONE',  ( 0.000000000000000000, 0.000000000000000000, 1.000000000000000000 ) ) ;
#257 = CARTESIAN_POINT ( 'NONE',  ( 38.98390014758511057, 11.00000000000000000, -177.5350757642290773 ) ) ;
#258 = DIRECTION ( 'NONE',  ( -0.000000000000000000, 1.000000000000000000, -0.000000000000000000 ) ) ;
#259 = VERTEX_POINT ( 'NONE', #15 ) ;
#260 = ADVANCED_FACE ( 'NONE', ( #813 ), #543, .F. ) ;
#261 = LINE ( 'NONE', #1616, #654 ) ;
#262 = EDGE_LOOP ( 'NONE', ( #1386, #300, #427, #648 ) ) ;
#263 = EDGE_CURVE ( 'NONE', #1010, #591, #39, .T. ) ;
#264 = DIRECTION ( 'NONE',  ( -0.000000000000000000, -1.000000000000000000, -0.000000000000000000 ) ) ;
#265 = CIRCLE ( 'NONE', #1310, 181.0000000000000284 ) ;
#266 = FACE_BOUND ( 'NONE', #442, .T. ) ;
#267 = VECTOR ( 'NONE', #596, 1000.000000000000000 ) ;
#268 = AXIS2_PLACEMENT_3D ( 'NONE', #1311, #1730, #1028 ) ;
#269 = DIRECTION ( 'NONE',  ( 0.000000000000000000, 0.000000000000000000, -1.000000000000000000 ) ) ;
#270 = ORIENTED_EDGE ( 'NONE', *, *, #733, .T. ) ;
#271 = CARTESIAN_POINT ( 'NONE',  ( 38.77616371500160142, 135.9999999999999716, -174.6706406440214039 ) ) ;
#272 = VERTEX_POINT ( 'NONE', #24 ) ;
#273 = EDGE_CURVE ( 'NONE', #458, #1558, #265, .T. ) ;
#274 = LINE ( 'NONE', #1052, #431 ) ;
#275 = EDGE_CURVE ( 'NONE', #369, #856, #32, .T. ) ;
#276 = DIRECTION ( 'NONE',  ( 0.000000000000000000, -1.000000000000000000, 0.000000000000000000 ) ) ;
#277 = DIRECTION ( 'NONE',  ( -0.7450133605976196893, 0.000000000000000000, 0.6670495427860219095 ) ) ;
#278 = ORIENTED_EDGE ( 'NONE', *, *, #1013, .T. ) ;
#279 = CYLINDRICAL_SURFACE ( 'NONE', #1140, 21.99999999999996447 ) ;
#280 = VERTEX_POINT ( 'NONE', #393 ) ;
#281 = PLANE ( 'NONE',  #1373 ) ;
#282 = CARTESIAN_POINT ( 'NONE',  ( 53.80115864631243738, 70.49999400000000094, -159.4720955975541017 ) ) ;
#283 = ORIENTED_EDGE ( 'NONE', *, *, #735, .F. ) ;
#284 = DIRECTION ( 'NONE',  ( -0.000000000000000000, -1.000000000000000000, -0.000000000000000000 ) ) ;
#285 = EDGE_LOOP ( 'NONE', ( #888, #175, #1544, #123 ) ) ;
#286 = CARTESIAN_POINT ( 'NONE',  ( 49.61904413299677685, 11.00000000000000000, -165.0497686514571853 ) ) ;
#287 = CARTESIAN_POINT ( 'NONE',  ( 48.28479433190629067, 129.9999999999999716, -155.1536868947626431 ) ) ;
#288 = CARTESIAN_POINT ( 'NONE',  ( 27.52679297851357276, 0.000000000000000000, -186.1823092718938994 ) ) ;
#289 = VECTOR ( 'NONE', #834, 1000.000000000000000 ) ;
#290 = CARTESIAN_POINT ( 'NONE',  ( 48.97941917003237222, 129.9999999999999716, -160.1223301287633660 ) ) ;
#291 = AXIS2_PLACEMENT_3D ( 'NONE', #290, #960, #1607 ) ;
#292 = ORIENTED_EDGE ( 'NONE', *, *, #73, .F. ) ;
#293 = ADVANCED_FACE ( 'NONE', ( #1626 ), #417, .F. ) ;
#294 = ADVANCED_FACE ( 'NONE', ( #956, #134 ), #703, .F. ) ;
#295 = AXIS2_PLACEMENT_3D ( 'NONE', #120, #276, #1337 ) ;
#296 = CARTESIAN_POINT ( 'NONE',  ( 27.52679297851357276, 141.0000000000000000, -184.0823092718939051 ) ) ;
#297 = ORIENTED_EDGE ( 'NONE', *, *, #1001, .F. ) ;
#298 = AXIS2_PLACEMENT_3D ( 'NONE', #501, #1728, #951 ) ;
#299 = CYLINDRICAL_SURFACE ( 'NONE', #406, 187.9999999999999432 ) ;
#300 = ORIENTED_EDGE ( 'NONE', *, *, #1497, .F. ) ;
#301 = DIRECTION ( 'NONE',  ( -0.000000000000000000, -1.000000000000000000, -0.000000000000000000 ) ) ;
#302 = CARTESIAN_POINT ( 'NONE',  ( 27.52679297851357276, 5.000000000000004441, -184.0823092718939051 ) ) ;
#303 = ORIENTED_EDGE ( 'NONE', *, *, #1138, .F. ) ;
#304 = EDGE_CURVE ( 'NONE', #485, #631, #668, .T. ) ;
#305 = DIRECTION ( 'NONE',  ( 0.000000000000000000, 1.000000000000000000, 0.000000000000000000 ) ) ;
#306 = ORIENTED_EDGE ( 'NONE', *, *, #523, .T. ) ;
#307 =( LENGTH_UNIT ( ) NAMED_UNIT ( * ) SI_UNIT ( .MILLI., .METRE. ) );
#308 = DIRECTION ( 'NONE',  ( 0.000000000000000000, 0.000000000000000000, 1.000000000000000000 ) ) ;
#309 = CARTESIAN_POINT ( 'NONE',  ( -98.67880131525888032, 135.9999999999999716, -49.49999999999998579 ) ) ;
#310 = ORIENTED_EDGE ( 'NONE', *, *, #1736, .F. ) ;
#311 = CARTESIAN_POINT ( 'NONE',  ( 27.52679297851357276, 5.000000000000004441, -184.0823092718939051 ) ) ;
#312 = ORIENTED_EDGE ( 'NONE', *, *, #1474, .F. ) ;
#313 = EDGE_CURVE ( 'NONE', #434, #594, #347, .T. ) ;
#314 = DIRECTION ( 'NONE',  ( -0.000000000000000000, -1.000000000000000000, -0.000000000000000000 ) ) ;
#315 = EDGE_CURVE ( 'NONE', #255, #331, #1535, .T. ) ;
#316 = FACE_OUTER_BOUND ( 'NONE', #722, .T. ) ;
#317 = DIRECTION ( 'NONE',  ( 0.000000000000000000, 1.000000000000000000, 0.000000000000000000 ) ) ;
#318 = VERTEX_POINT ( 'NONE', #1110 ) ;
#319 = CIRCLE ( 'NONE', #948, 2.099999999999990763 ) ;
#320 = AXIS2_PLACEMENT_3D ( 'NONE', #784, #228, #354 ) ;
#321 = CARTESIAN_POINT ( 'NONE',  ( 32.49469696512638706, 5.000000000000004441, -184.1755855709777450 ) ) ;
#322 = VERTEX_POINT ( 'NONE', #744 ) ;
#323 = CIRCLE ( 'NONE', #921, 188.0000000000000000 ) ;
#324 = APPLICATION_PROTOCOL_DEFINITION ( 'draft international standard', 'automotive_design', 1998, #1224 ) ;
#325 = CYLINDRICAL_SURFACE ( 'NONE', #1344, 2.099999999999990763 ) ;
#326 = EDGE_CURVE ( 'NONE', #1545, #1672, #580, .T. ) ;
#327 = FACE_OUTER_BOUND ( 'NONE', #653, .T. ) ;
#328 = DIRECTION ( 'NONE',  ( 0.000000000000000000, 1.000000000000000000, -0.000000000000000000 ) ) ;
#329 = ORIENTED_EDGE ( 'NONE', *, *, #370, .F. ) ;
#330 = ORIENTED_EDGE ( 'NONE', *, *, #1683, .T. ) ;
#331 = VERTEX_POINT ( 'NONE', #198 ) ;
#332 = CARTESIAN_POINT ( 'NONE',  ( 33.76783518096853953, 11.00000000000000000, -172.8648591813576729 ) ) ;
#333 = CARTESIAN_POINT ( 'NONE',  ( 27.30105988102945958, 129.9999999999999716, -189.0459586407428390 ) ) ;
#334 = CARTESIAN_POINT ( 'NONE',  ( -98.67880131525888032, 129.9999999999999716, -49.49999999999998579 ) ) ;
#335 = EDGE_LOOP ( 'NONE', ( #1627, #899, #1720, #1395 ) ) ;
#336 = UNCERTAINTY_MEASURE_WITH_UNIT (LENGTH_MEASURE( 1.000000000000000082E-05 ), #307, 'distance_accuracy_value', 'NONE');
#337 = CARTESIAN_POINT ( 'NONE',  ( 27.52679297851357276, 135.9999999999999716, -181.9823092718939108 ) ) ;
#338 = ORIENTED_EDGE ( 'NONE', *, *, #1346, .F. ) ;
#339 = DIRECTION ( 'NONE',  ( -0.000000000000000000, -1.000000000000000000, -0.000000000000000000 ) ) ;
#340 = DIRECTION ( 'NONE',  ( 0.000000000000000000, -0.000000000000000000, 1.000000000000000000 ) ) ;
#341 = DIRECTION ( 'NONE',  ( 0.000000000000000000, 0.000000000000000000, -1.000000000000000000 ) ) ;
#342 = DIRECTION ( 'NONE',  ( 0.000000000000000000, 0.000000000000000000, -1.000000000000000000 ) ) ;
#343 = EDGE_CURVE ( 'NONE', #1100, #13, #1170, .T. ) ;
#344 = ORIENTED_EDGE ( 'NONE', *, *, #91, .F. ) ;
#345 = ADVANCED_FACE ( 'NONE', ( #878, #450 ), #469, .T. ) ;
#346 =( GEOMETRIC_REPRESENTATION_CONTEXT ( 3 ) GLOBAL_UNCERTAINTY_ASSIGNED_CONTEXT ( ( #336 ) ) GLOBAL_UNIT_ASSIGNED_CONTEXT ( ( #307, #1630, #1398 ) ) REPRESENTATION_CONTEXT ( 'NONE', 'WORKASPACE' ) );
#347 = CIRCLE ( 'NONE', #658, 187.9999999999999716 ) ;
#348 = CARTESIAN_POINT ( 'NONE',  ( -98.67880131525888032, 141.0000000000000000, -49.49999999999999289 ) ) ;
#349 = AXIS2_PLACEMENT_3D ( 'NONE', #861, #1120, #847 ) ;
#350 = AXIS2_PLACEMENT_3D ( 'NONE', #977, #1390, #1126 ) ;
#351 = CYLINDRICAL_SURFACE ( 'NONE', #1318, 2.099999999999990763 ) ;
#352 = ORIENTED_EDGE ( 'NONE', *, *, #1430, .T. ) ;
#353 = SURFACE_SIDE_STYLE ('',( #783 ) ) ;
#354 = DIRECTION ( 'NONE',  ( 0.000000000000000000, 0.000000000000000000, 1.000000000000000000 ) ) ;
#355 = ORIENTED_EDGE ( 'NONE', *, *, #731, .F. ) ;
#356 = DIRECTION ( 'NONE',  ( 0.000000000000000000, -1.000000000000000000, 0.000000000000000000 ) ) ;
#357 = EDGE_LOOP ( 'NONE', ( #1328, #1227 ) ) ;
#358 = LINE ( 'NONE', #332, #657 ) ;
#359 = VERTEX_POINT ( 'NONE', #321 ) ;
#360 = FILL_AREA_STYLE_COLOUR ( '', #838 ) ;
#361 = CARTESIAN_POINT ( 'NONE',  ( 72.97556416701814896, 141.0000000000000000, -148.6858927009120634 ) ) ;
#362 = DIRECTION ( 'NONE',  ( -0.000000000000000000, -1.000000000000000000, -0.000000000000000000 ) ) ;
#363 = VERTEX_POINT ( 'NONE', #857 ) ;
#364 = DIRECTION ( 'NONE',  ( 0.000000000000000000, 0.000000000000000000, -1.000000000000000000 ) ) ;
#365 = EDGE_LOOP ( 'NONE', ( #478, #1433, #820, #1051 ) ) ;
#366 = LINE ( 'NONE', #780, #1427 ) ;
#367 = CARTESIAN_POINT ( 'NONE',  ( -98.67880131525888032, 129.9999999999999716, -49.49999999999998579 ) ) ;
#368 = EDGE_CURVE ( 'NONE', #322, #255, #436, .T. ) ;
#369 = VERTEX_POINT ( 'NONE', #732 ) ;
#370 = EDGE_CURVE ( 'NONE', #594, #1534, #1676, .T. ) ;
#371 = DIRECTION ( 'NONE',  ( 0.000000000000000000, 1.000000000000000000, 0.000000000000000000 ) ) ;
#372 = DIRECTION ( 'NONE',  ( 0.7450133605976170248, 0.000000000000000000, -0.6670495427860251292 ) ) ;
#373 = PLANE ( 'NONE',  #154 ) ;
#374 = ORIENTED_EDGE ( 'NONE', *, *, #273, .T. ) ;
#375 = DIRECTION ( 'NONE',  ( -0.000000000000000000, -1.000000000000000000, -0.000000000000000000 ) ) ;
#376 = VERTEX_POINT ( 'NONE', #1533 ) ;
#377 = VECTOR ( 'NONE', #339, 1000.000000000000000 ) ;
#378 = CIRCLE ( 'NONE', #1369, 21.99999999999996447 ) ;
#379 = LINE ( 'NONE', #1336, #833 ) ;
#380 = VECTOR ( 'NONE', #902, 1000.000000000000114 ) ;
#381 = DIRECTION ( 'NONE',  ( 0.000000000000000000, -1.000000000000000000, 0.000000000000000000 ) ) ;
#382 = AXIS2_PLACEMENT_3D ( 'NONE', #361, #1435, #882 ) ;
#383 = DIRECTION ( 'NONE',  ( 0.000000000000000000, 0.000000000000000000, 1.000000000000000000 ) ) ;
#384 = CARTESIAN_POINT ( 'NONE',  ( 44.01579167327862763, 5.000000000000004441, -160.8519336690459909 ) ) ;
#385 = EDGE_LOOP ( 'NONE', ( #681, #1635, #118, #518 ) ) ;
#386 = DIRECTION ( 'NONE',  ( 0.000000000000000000, 0.000000000000000000, 1.000000000000000000 ) ) ;
#387 = ORIENTED_EDGE ( 'NONE', *, *, #607, .T. ) ;
#388 = CYLINDRICAL_SURFACE ( 'NONE', #298, 2.099999999999990763 ) ;
#389 = DIRECTION ( 'NONE',  ( 0.000000000000000000, 0.000000000000000000, -1.000000000000000000 ) ) ;
#390 = EDGE_CURVE ( 'NONE', #775, #13, #710, .T. ) ;
#391 = CARTESIAN_POINT ( 'NONE',  ( 48.28479433190629067, 129.9999999999999716, -155.1536868947626431 ) ) ;
#392 = ORIENTED_EDGE ( 'NONE', *, *, #1441, .T. ) ;
#393 = CARTESIAN_POINT ( 'NONE',  ( 53.80115864631251554, 11.00000000000001066, -159.4720955975541301 ) ) ;
#394 = EDGE_LOOP ( 'NONE', ( #1491, #801, #1515, #1178 ) ) ;
#395 = DIRECTION ( 'NONE',  ( -0.000000000000000000, -1.000000000000000000, -0.000000000000000000 ) ) ;
#396 = CARTESIAN_POINT ( 'NONE',  ( 27.52679297851357276, 129.9999999999999716, -184.0823092718939051 ) ) ;
#397 = DIRECTION ( 'NONE',  ( -0.000000000000000000, -1.000000000000000000, -0.000000000000000000 ) ) ;
#398 = VERTEX_POINT ( 'NONE', #865 ) ;
#399 = EDGE_CURVE ( 'NONE', #916, #1188, #742, .T. ) ;
#400 = DIRECTION ( 'NONE',  ( 0.000000000000000000, -1.000000000000000000, 0.000000000000000000 ) ) ;
#401 = EDGE_CURVE ( 'NONE', #1690, #631, #486, .T. ) ;
#402 = ORIENTED_EDGE ( 'NONE', *, *, #794, .F. ) ;
#403 = CIRCLE ( 'NONE', #180, 2.099999999999990763 ) ;
#404 = CARTESIAN_POINT ( 'NONE',  ( 22.51187981145651307, 135.9999999999999716, -183.9389036255606698 ) ) ;
#405 = VECTOR ( 'NONE', #1342, 1000.000000000000000 ) ;
#406 = AXIS2_PLACEMENT_3D ( 'NONE', #150, #964, #687 ) ;
#407 = CIRCLE ( 'NONE', #234, 2.099999999999990763 ) ;
#408 = CARTESIAN_POINT ( 'NONE',  ( 38.77616371500160142, 11.00000000000001066, -174.6706406440214039 ) ) ;
#409 = AXIS2_PLACEMENT_3D ( 'NONE', #1273, #567, #308 ) ;
#410 = CARTESIAN_POINT ( 'NONE',  ( -98.67880131525888032, 5.000000000000000000, -49.49999999999998579 ) ) ;
#411 = ORIENTED_EDGE ( 'NONE', *, *, #1185, .T. ) ;
#412 = CARTESIAN_POINT ( 'NONE',  ( 53.62652465245115962, 141.0000000000000000, -159.1555951734622454 ) ) ;
#413 = VERTEX_POINT ( 'NONE', #58 ) ;
#414 = DIRECTION ( 'NONE',  ( 0.000000000000000000, -0.000000000000000000, 1.000000000000000000 ) ) ;
#415 = LINE ( 'NONE', #282, #521 ) ;
#416 = VERTEX_POINT ( 'NONE', #984 ) ;
#417 = CYLINDRICAL_SURFACE ( 'NONE', #805, 2.099999999999990763 ) ;
#418 = ORIENTED_EDGE ( 'NONE', *, *, #43, .T. ) ;
#419 = LINE ( 'NONE', #697, #1397 ) ;
#420 = ORIENTED_EDGE ( 'NONE', *, *, #900, .F. ) ;
#421 = EDGE_CURVE ( 'NONE', #719, #1501, #19, .T. ) ;
#422 = DIRECTION ( 'NONE',  ( 0.000000000000000000, 0.000000000000000000, 1.000000000000000000 ) ) ;
#423 = ADVANCED_FACE ( 'NONE', ( #1130 ), #599, .T. ) ;
#424 = FACE_OUTER_BOUND ( 'NONE', #385, .T. ) ;
#425 = ORIENTED_EDGE ( 'NONE', *, *, #1195, .F. ) ;
#426 = FACE_OUTER_BOUND ( 'NONE', #1725, .T. ) ;
#427 = ORIENTED_EDGE ( 'NONE', *, *, #1367, .T. ) ;
#428 = PLANE ( 'NONE',  #947 ) ;
#429 = EDGE_LOOP ( 'NONE', ( #765, #278, #132, #555 ) ) ;
#430 = DIRECTION ( 'NONE',  ( 0.000000000000000000, 1.000000000000000000, 0.000000000000000000 ) ) ;
#431 = VECTOR ( 'NONE', #1322, 1000.000000000000000 ) ;
#432 = CARTESIAN_POINT ( 'NONE',  ( 33.76783518096853953, 135.9999999999999716, -172.8648591813576729 ) ) ;
#433 = AXIS2_PLACEMENT_3D ( 'NONE', #410, #1219, #819 ) ;
#434 = VERTEX_POINT ( 'NONE', #1543 ) ;
#435 = VECTOR ( 'NONE', #560, 1000.000000000000000 ) ;
#436 = LINE ( 'NONE', #1009, #1621 ) ;
#437 = ORIENTED_EDGE ( 'NONE', *, *, #64, .T. ) ;
#438 = AXIS2_PLACEMENT_3D ( 'NONE', #1554, #758, #608 ) ;
#439 = DIRECTION ( 'NONE',  ( 0.000000000000000000, 1.000000000000000000, 0.000000000000000000 ) ) ;
#440 = PLANE ( 'NONE',  #579 ) ;
#441 = CARTESIAN_POINT ( 'NONE',  ( 53.80115864631246581, 0.000000000000000000, -159.4720955975540733 ) ) ;
#442 = EDGE_LOOP ( 'NONE', ( #515, #903 ) ) ;
#443 = DIRECTION ( 'NONE',  ( 0.000000000000000000, 0.000000000000000000, 1.000000000000000000 ) ) ;
#444 = EDGE_CURVE ( 'NONE', #754, #1036, #1482, .T. ) ;
#445 = VERTEX_POINT ( 'NONE', #1415 ) ;
#446 = FACE_BOUND ( 'NONE', #462, .T. ) ;
#447 = CARTESIAN_POINT ( 'NONE',  ( 43.73329289222158422, 11.00000000000000000, -172.2305806367740502 ) ) ;
#448 = DIRECTION ( 'NONE',  ( 0.000000000000000000, 0.000000000000000000, 1.000000000000000000 ) ) ;
#449 = ORIENTED_EDGE ( 'NONE', *, *, #1085, .T. ) ;
#450 = FACE_OUTER_BOUND ( 'NONE', #674, .T. ) ;
#451 = VERTEX_POINT ( 'NONE', #1671 ) ;
#452 = ADVANCED_FACE ( 'NONE', ( #1016, #203 ), #1286, .F. ) ;
#453 = ADVANCED_FACE ( 'NONE', ( #1255 ), #50, .F. ) ;
#454 = DIRECTION ( 'NONE',  ( 0.000000000000000000, 0.000000000000000000, 1.000000000000000000 ) ) ;
#455 = CYLINDRICAL_SURFACE ( 'NONE', #862, 181.0000000000000000 ) ;
#456 = AXIS2_PLACEMENT_3D ( 'NONE', #1559, #1360, #699 ) ;
#457 = CARTESIAN_POINT ( 'NONE',  ( -98.67880131525888032, 141.0000000000000000, -49.49999999999999289 ) ) ;
#458 = VERTEX_POINT ( 'NONE', #495 ) ;
#459 = AXIS2_PLACEMENT_3D ( 'NONE', #1122, #184, #443 ) ;
#460 = AXIS2_PLACEMENT_3D ( 'NONE', #941, #1349, #1472 ) ;
#461 = DIRECTION ( 'NONE',  ( 0.000000000000000000, 0.000000000000000000, -1.000000000000000000 ) ) ;
#462 = EDGE_LOOP ( 'NONE', ( #1017, #725, #1186, #200 ) ) ;
#463 = VECTOR ( 'NONE', #67, 1000.000000000000000 ) ;
#464 = CARTESIAN_POINT ( 'NONE',  ( 44.01579167327867737, 135.9999999999999716, -160.8519336690459909 ) ) ;
#465 = CIRCLE ( 'NONE', #438, 188.0000000000000000 ) ;
#466 = VERTEX_POINT ( 'NONE', #636 ) ;
#467 = DIRECTION ( 'NONE',  ( -0.000000000000000000, 1.000000000000000000, -0.000000000000000000 ) ) ;
#468 = DIRECTION ( 'NONE',  ( -0.000000000000000000, -1.000000000000000000, -0.000000000000000000 ) ) ;
#469 = PLANE ( 'NONE',  #626 ) ;
#470 = ORIENTED_EDGE ( 'NONE', *, *, #1183, .F. ) ;
#471 = ORIENTED_EDGE ( 'NONE', *, *, #794, .T. ) ;
#472 = EDGE_LOOP ( 'NONE', ( #437, #1692, #734, #1072 ) ) ;
#473 = ADVANCED_FACE ( 'NONE', ( #1048 ), #373, .T. ) ;
#474 = EDGE_CURVE ( 'NONE', #968, #1545, #233, .T. ) ;
#475 = LINE ( 'NONE', #1153, #549 ) ;
#476 = DIRECTION ( 'NONE',  ( 0.000000000000000000, 0.000000000000000000, -1.000000000000000000 ) ) ;
#477 = DIRECTION ( 'NONE',  ( 0.000000000000000000, 0.000000000000000000, -1.000000000000000000 ) ) ;
#478 = ORIENTED_EDGE ( 'NONE', *, *, #390, .F. ) ;
#479 = ORIENTED_EDGE ( 'NONE', *, *, #498, .F. ) ;
#480 = LINE ( 'NONE', #1547, #864 ) ;
#481 = DIRECTION ( 'NONE',  ( -0.000000000000000000, 1.000000000000000000, -0.000000000000000000 ) ) ;
#482 = DIRECTION ( 'NONE',  ( 0.000000000000000000, -1.000000000000000000, 0.000000000000000000 ) ) ;
#483 = DIRECTION ( 'NONE',  ( -0.000000000000000000, 1.000000000000000000, -0.000000000000000000 ) ) ;
#484 = CIRCLE ( 'NONE', #686, 2.099999999999990763 ) ;
#485 = VERTEX_POINT ( 'NONE', #763 ) ;
#486 = CIRCLE ( 'NONE', #974, 21.99999999999996447 ) ;
#487 = DIRECTION ( 'NONE',  ( 0.000000000000000000, 0.000000000000000000, -1.000000000000000000 ) ) ;
#488 = VERTEX_POINT ( 'NONE', #384 ) ;
#489 = CIRCLE ( 'NONE', #433, 181.0000000000000284 ) ;
#490 = AXIS2_PLACEMENT_3D ( 'NONE', #18, #1235, #4 ) ;
#491 = DIRECTION ( 'NONE',  ( 0.000000000000000000, 0.000000000000000000, -1.000000000000000000 ) ) ;
#492 = ORIENTED_EDGE ( 'NONE', *, *, #735, .T. ) ;
#493 = DIRECTION ( 'NONE',  ( -0.000000000000000000, -1.000000000000000000, -0.000000000000000000 ) ) ;
#494 = LINE ( 'NONE', #939, #1748 ) ;
#495 = CARTESIAN_POINT ( 'NONE',  ( 33.76783518096851111, 5.000000000000004441, -172.8648591813576729 ) ) ;
#496 = EDGE_CURVE ( 'NONE', #168, #775, #319, .T. ) ;
#497 = ORIENTED_EDGE ( 'NONE', *, *, #23, .T. ) ;
#498 = EDGE_CURVE ( 'NONE', #331, #255, #1201, .T. ) ;
#499 = DIRECTION ( 'NONE',  ( 0.000000000000000000, 0.000000000000000000, 1.000000000000000000 ) ) ;
#500 = ORIENTED_EDGE ( 'NONE', *, *, #679, .T. ) ;
#501 = CARTESIAN_POINT ( 'NONE',  ( 38.77616371500160142, 141.0000000000000000, -172.5706406440214096 ) ) ;
#502 = ORIENTED_EDGE ( 'NONE', *, *, #1614, .T. ) ;
#503 = DIRECTION ( 'NONE',  ( 0.000000000000000000, 0.000000000000000000, -1.000000000000000000 ) ) ;
#504 = DIRECTION ( 'NONE',  ( -0.6670495427860219095, 0.000000000000000000, -0.7450133605976198004 ) ) ;
#505 = ORIENTED_EDGE ( 'NONE', *, *, #1605, .T. ) ;
#506 = CARTESIAN_POINT ( 'NONE',  ( 49.61904413299677685, 5.000000000000000000, -165.0497686514571853 ) ) ;
#507 = VERTEX_POINT ( 'NONE', #1191 ) ;
#508 = EDGE_CURVE ( 'NONE', #1237, #1442, #1452, .T. ) ;
#509 = EDGE_CURVE ( 'NONE', #359, #989, #1339, .T. ) ;
#510 = CARTESIAN_POINT ( 'NONE',  ( -98.67880131525888032, 0.000000000000000000, -49.49999999999999289 ) ) ;
#511 = VERTEX_POINT ( 'NONE', #1332 ) ;
#512 = FILL_AREA_STYLE ('',( #360 ) ) ;
#513 = CARTESIAN_POINT ( 'NONE',  ( 27.70551689555345121, 11.00000000000000000, -179.0685305557955473 ) ) ;
#514 = CARTESIAN_POINT ( 'NONE',  ( 44.01579167327867737, 11.00000000000000000, -160.8519336690459909 ) ) ;
#515 = ORIENTED_EDGE ( 'NONE', *, *, #1021, .F. ) ;
#516 = VECTOR ( 'NONE', #1509, 1000.000000000000000 ) ;
#517 = CARTESIAN_POINT ( 'NONE',  ( -98.67880131525888032, 11.00000000000000000, -49.49999999999998579 ) ) ;
#518 = ORIENTED_EDGE ( 'NONE', *, *, #827, .T. ) ;
#519 = AXIS2_PLACEMENT_3D ( 'NONE', #510, #1590, #798 ) ;
#520 = AXIS2_PLACEMENT_3D ( 'NONE', #1393, #1136, #872 ) ;
#521 = VECTOR ( 'NONE', #1236, 1000.000000000000000 ) ;
#522 = CARTESIAN_POINT ( 'NONE',  ( 38.51722792560503450, 5.000000000000000000, -167.5603640539025889 ) ) ;
#523 = EDGE_CURVE ( 'NONE', #785, #1526, #378, .T. ) ;
#524 = AXIS2_PLACEMENT_3D ( 'NONE', #740, #1293, #912 ) ;
#525 = CARTESIAN_POINT ( 'NONE',  ( 38.77616371500160142, 5.000000000000004441, -170.4706406440214153 ) ) ;
#526 = AXIS2_PLACEMENT_3D ( 'NONE', #513, #925, #212 ) ;
#527 = LINE ( 'NONE', #840, #1713 ) ;
#528 = ORIENTED_EDGE ( 'NONE', *, *, #196, .F. ) ;
#529 = CARTESIAN_POINT ( 'NONE',  ( 48.97941917003237222, 141.0000000000000000, -160.1223301287633660 ) ) ;
#530 = ORIENTED_EDGE ( 'NONE', *, *, #188, .F. ) ;
#531 = CARTESIAN_POINT ( 'NONE',  ( -98.67880131525888032, 129.9999999999999716, -49.49999999999998579 ) ) ;
#532 = DIRECTION ( 'NONE',  ( 0.6840411614838612930, 0.000000000000000000, -0.7294434106877722979 ) ) ;
#533 = ADVANCED_FACE ( 'NONE', ( #1154 ), #245, .T. ) ;
#534 = EDGE_CURVE ( 'NONE', #841, #488, #1697, .T. ) ;
#535 = CARTESIAN_POINT ( 'NONE',  ( 53.80115864631243738, 70.49999400000000094, -159.4720955975541017 ) ) ;
#536 = EDGE_LOOP ( 'NONE', ( #1640, #1407, #1376, #1466 ) ) ;
#537 = CARTESIAN_POINT ( 'NONE',  ( -98.67880131525888032, 135.9999999999999716, -49.49999999999998579 ) ) ;
#538 = ORIENTED_EDGE ( 'NONE', *, *, #1158, .T. ) ;
#539 = DIRECTION ( 'NONE',  ( -0.000000000000000000, -1.000000000000000000, -0.000000000000000000 ) ) ;
#540 = CARTESIAN_POINT ( 'NONE',  ( 38.77616371500160142, 141.0000000000000000, -170.4706406440214153 ) ) ;
#541 = DIRECTION ( 'NONE',  ( -0.7294434106877712987, 0.000000000000000000, -0.6840411614838622922 ) ) ;
#542 = EDGE_LOOP ( 'NONE', ( #1234, #70, #564, #1518 ) ) ;
#543 = CYLINDRICAL_SURFACE ( 'NONE', #183, 2.099999999999990763 ) ;
#544 = VERTEX_POINT ( 'NONE', #615 ) ;
#545 = CIRCLE ( 'NONE', #1394, 187.9999999999999716 ) ;
#546 = CARTESIAN_POINT ( 'NONE',  ( -98.67880131525888032, 0.000000000000000000, -49.49999999999999289 ) ) ;
#547 = AXIS2_PLACEMENT_3D ( 'NONE', #761, #493, #79 ) ;
#548 = DIRECTION ( 'NONE',  ( 0.000000000000000000, 1.000000000000000000, 0.000000000000000000 ) ) ;
#549 = VECTOR ( 'NONE', #1434, 1000.000000000000000 ) ;
#550 = CIRCLE ( 'NONE', #1593, 2.099999999999990763 ) ;
#551 = LINE ( 'NONE', #391, #1400 ) ;
#552 = ORIENTED_EDGE ( 'NONE', *, *, #1418, .T. ) ;
#553 = EDGE_CURVE ( 'NONE', #1205, #140, #659, .T. ) ;
#554 = CARTESIAN_POINT ( 'NONE',  ( -98.67880131525888032, 11.00000000000000000, -49.49999999999998579 ) ) ;
#555 = ORIENTED_EDGE ( 'NONE', *, *, #1367, .F. ) ;
#556 = EDGE_CURVE ( 'NONE', #1442, #676, #1655, .T. ) ;
#557 = ADVANCED_FACE ( 'NONE', ( #1724 ), #1325, .F. ) ;
#558 = PLANE ( 'NONE',  #741 ) ;
#559 = ORIENTED_EDGE ( 'NONE', *, *, #613, .T. ) ;
#560 = DIRECTION ( 'NONE',  ( -0.000000000000000000, -1.000000000000000000, -0.000000000000000000 ) ) ;
#561 = LINE ( 'NONE', #1099, #860 ) ;
#562 = ORIENTED_EDGE ( 'NONE', *, *, #117, .F. ) ;
#563 = CARTESIAN_POINT ( 'NONE',  ( 38.77616371500160142, 141.0000000000000000, -172.5706406440214096 ) ) ;
#564 = ORIENTED_EDGE ( 'NONE', *, *, #606, .F. ) ;
#565 = CYLINDRICAL_SURFACE ( 'NONE', #1654, 2.099999999999990763 ) ;
#566 = EDGE_LOOP ( 'NONE', ( #16, #1364, #1729, #760 ) ) ;
#567 = DIRECTION ( 'NONE',  ( 0.000000000000000000, 1.000000000000000000, 0.000000000000000000 ) ) ;
#568 = CARTESIAN_POINT ( 'NONE',  ( 22.51187981145651307, 129.9999999999999716, -183.9389036255606698 ) ) ;
#569 = ORIENTED_EDGE ( 'NONE', *, *, #496, .T. ) ;
#570 = DIRECTION ( 'NONE',  ( 0.000000000000000000, 0.000000000000000000, -1.000000000000000000 ) ) ;
#571 = ORIENTED_EDGE ( 'NONE', *, *, #806, .T. ) ;
#572 = CARTESIAN_POINT ( 'NONE',  ( -98.67880131525888032, 11.00000000000000000, -49.49999999999998579 ) ) ;
#573 = CIRCLE ( 'NONE', #1308, 187.9999999999999716 ) ;
#574 = CARTESIAN_POINT ( 'NONE',  ( 38.77616371500160142, 0.000000000000000000, -174.6706406440214039 ) ) ;
#575 = ADVANCED_FACE ( 'NONE', ( #1059 ), #886, .T. ) ;
#576 = CARTESIAN_POINT ( 'NONE',  ( 27.52679297851357276, 141.0000000000000000, -184.0823092718939051 ) ) ;
#577 = AXIS2_PLACEMENT_3D ( 'NONE', #1069, #1632, #1506 ) ;
#578 = ORIENTED_EDGE ( 'NONE', *, *, #869, .F. ) ;
#579 = AXIS2_PLACEMENT_3D ( 'NONE', #1667, #194, #723 ) ;
#580 = LINE ( 'NONE', #1410, #1396 ) ;
#581 = ORIENTED_EDGE ( 'NONE', *, *, #1578, .F. ) ;
#582 = CARTESIAN_POINT ( 'NONE',  ( 44.01579167327867737, 11.00000000000000000, -160.8519336690459909 ) ) ;
#583 = CARTESIAN_POINT ( 'NONE',  ( 27.52679297851357276, 0.000000000000000000, -184.0823092718939051 ) ) ;
#584 = DIRECTION ( 'NONE',  ( -0.8003155581858607537, 0.000000000000000000, 0.5995790250881479766 ) ) ;
#585 = EDGE_LOOP ( 'NONE', ( #1309, #1263, #449, #1278 ) ) ;
#586 = EDGE_CURVE ( 'NONE', #1672, #1192, #1341, .T. ) ;
#587 = DIRECTION ( 'NONE',  ( 0.000000000000000000, -1.000000000000000000, 0.000000000000000000 ) ) ;
#588 = ORIENTED_EDGE ( 'NONE', *, *, #1269, .T. ) ;
#589 = FACE_BOUND ( 'NONE', #237, .T. ) ;
#590 = DIRECTION ( 'NONE',  ( -0.6840411614838622922, -0.000000000000000000, 0.7294434106877712987 ) ) ;
#591 = VERTEX_POINT ( 'NONE', #1565 ) ;
#592 = DIRECTION ( 'NONE',  ( 0.000000000000000000, 1.000000000000000000, 0.000000000000000000 ) ) ;
#593 = EDGE_LOOP ( 'NONE', ( #1468, #562, #38, #1458 ) ) ;
#594 = VERTEX_POINT ( 'NONE', #896 ) ;
#595 = CARTESIAN_POINT ( 'NONE',  ( -98.67880131525888032, 141.0000000000000000, -49.49999999999999289 ) ) ;
#596 = DIRECTION ( 'NONE',  ( -0.000000000000000000, 1.000000000000000000, -0.000000000000000000 ) ) ;
#597 = CIRCLE ( 'NONE', #161, 2.099999999999990763 ) ;
#598 = AXIS2_PLACEMENT_3D ( 'NONE', #718, #1262, #1531 ) ;
#599 = PLANE ( 'NONE',  #1084 ) ;
#600 = ORIENTED_EDGE ( 'NONE', *, *, #11, .T. ) ;
#601 = CIRCLE ( 'NONE', #1597, 21.99999999999996447 ) ;
#602 = UNCERTAINTY_MEASURE_WITH_UNIT (LENGTH_MEASURE( 1.000000000000000082E-05 ), #881, 'distance_accuracy_value', 'NONE');
#603 = ORIENTED_EDGE ( 'NONE', *, *, #638, .F. ) ;
#604 = AXIS2_PLACEMENT_3D ( 'NONE', #1595, #1023, #1585 ) ;
#605 = VERTEX_POINT ( 'NONE', #222 ) ;
#606 = EDGE_CURVE ( 'NONE', #1405, #1010, #75, .T. ) ;
#607 = EDGE_CURVE ( 'NONE', #114, #376, #122, .T. ) ;
#608 = DIRECTION ( 'NONE',  ( 0.000000000000000000, 0.000000000000000000, -1.000000000000000000 ) ) ;
#609 = CARTESIAN_POINT ( 'NONE',  ( 33.76783518096853953, 129.9999999999999716, -172.8648591813576729 ) ) ;
#610 = DIRECTION ( 'NONE',  ( 0.000000000000000000, 1.000000000000000000, 0.000000000000000000 ) ) ;
#611 = EDGE_LOOP ( 'NONE', ( #1041, #1320, #559, #59 ) ) ;
#612 = DIRECTION ( 'NONE',  ( 0.000000000000000000, 0.000000000000000000, 1.000000000000000000 ) ) ;
#613 = EDGE_CURVE ( 'NONE', #1700, #1405, #527, .T. ) ;
#614 = PRESENTATION_STYLE_ASSIGNMENT (( #202 ) ) ;
#615 = CARTESIAN_POINT ( 'NONE',  ( 22.51187981145651307, 129.9999999999999716, -183.9389036255606698 ) ) ;
#616 = VERTEX_POINT ( 'NONE', #155 ) ;
#617 = CARTESIAN_POINT ( 'NONE',  ( 48.97941917003237222, 141.0000000000000000, -160.1223301287633660 ) ) ;
#618 = SHAPE_DEFINITION_REPRESENTATION ( #1125, #764 ) ;
#619 = LINE ( 'NONE', #218, #1687 ) ;
#620 = ORIENTED_EDGE ( 'NONE', *, *, #1629, .T. ) ;
#621 = EDGE_CURVE ( 'NONE', #507, #812, #1490, .T. ) ;
#622 = CARTESIAN_POINT ( 'NONE',  ( 27.52679297851357276, 141.0000000000000000, -184.0823092718939051 ) ) ;
#623 = CIRCLE ( 'NONE', #1166, 181.0000000000000284 ) ;
#624 = EDGE_CURVE ( 'NONE', #1526, #259, #146, .T. ) ;
#625 = CARTESIAN_POINT ( 'NONE',  ( -98.67880131525888032, 11.00000000000000000, -49.49999999999999289 ) ) ;
#626 = AXIS2_PLACEMENT_3D ( 'NONE', #334, #1387, #176 ) ;
#627 = ORIENTED_EDGE ( 'NONE', *, *, #263, .T. ) ;
#628 = PRODUCT_DEFINITION_FORMATION_WITH_SPECIFIED_SOURCE ( 'ANY', '', #698, .NOT_KNOWN. ) ;
#629 = CIRCLE ( 'NONE', #1682, 2.099999999999990763 ) ;
#630 = FACE_OUTER_BOUND ( 'NONE', #1608, .T. ) ;
#631 = VERTEX_POINT ( 'NONE', #967 ) ;
#632 = CIRCLE ( 'NONE', #100, 2.099999999999990763 ) ;
#633 = LINE ( 'NONE', #1686, #377 ) ;
#634 = EDGE_LOOP ( 'NONE', ( #745, #329, #1070, #1045 ) ) ;
#635 = DIRECTION ( 'NONE',  ( 0.000000000000000000, 0.000000000000000000, 1.000000000000000000 ) ) ;
#636 = CARTESIAN_POINT ( 'NONE',  ( 38.51722792560499897, 135.9999999999999716, -167.5603640539025889 ) ) ;
#637 = ORIENTED_EDGE ( 'NONE', *, *, #869, .T. ) ;
#638 = EDGE_CURVE ( 'NONE', #591, #458, #5, .T. ) ;
#639 = LINE ( 'NONE', #1042, #1677 ) ;
#640 = ORIENTED_EDGE ( 'NONE', *, *, #1497, .T. ) ;
#641 = CARTESIAN_POINT ( 'NONE',  ( 38.77616371500160142, 5.000000000000004441, -172.5706406440214096 ) ) ;
#642 = ORIENTED_EDGE ( 'NONE', *, *, #275, .F. ) ;
#643 = CARTESIAN_POINT ( 'NONE',  ( 27.52679297851357276, 141.0000000000000000, -181.9823092718939108 ) ) ;
#644 = DIRECTION ( 'NONE',  ( 0.000000000000000000, 0.000000000000000000, 1.000000000000000000 ) ) ;
#645 = DIRECTION ( 'NONE',  ( 0.7540193170197446726, -0.000000000000000000, 0.6568522433249944781 ) ) ;
#646 = ORIENTED_EDGE ( 'NONE', *, *, #1662, .F. ) ;
#647 = DIRECTION ( 'NONE',  ( 0.000000000000000000, -1.000000000000000000, 0.000000000000000000 ) ) ;
#648 = ORIENTED_EDGE ( 'NONE', *, *, #399, .F. ) ;
#649 = LINE ( 'NONE', #1177, #1147 ) ;
#650 = FACE_OUTER_BOUND ( 'NONE', #1451, .T. ) ;
#651 = CARTESIAN_POINT ( 'NONE',  ( 24.80942042983995321, 141.0000000000000000, -191.2556315997120464 ) ) ;
#652 = DIRECTION ( 'NONE',  ( -0.000000000000000000, 1.000000000000000000, -0.000000000000000000 ) ) ;
#653 = EDGE_LOOP ( 'NONE', ( #963, #387, #787, #303 ) ) ;
#654 = VECTOR ( 'NONE', #1094, 1000.000000000000000 ) ;
#655 = DIRECTION ( 'NONE',  ( -0.000000000000000000, -1.000000000000000000, -0.000000000000000000 ) ) ;
#656 = ORIENTED_EDGE ( 'NONE', *, *, #679, .F. ) ;
#657 = VECTOR ( 'NONE', #1423, 1000.000000000000114 ) ;
#658 = AXIS2_PLACEMENT_3D ( 'NONE', #7, #328, #63 ) ;
#659 = CIRCLE ( 'NONE', #320, 181.0000000000000284 ) ;
#660 = CARTESIAN_POINT ( 'NONE',  ( 33.76783518096853953, 11.00000000000000000, -172.8648591813576729 ) ) ;
#661 = EDGE_CURVE ( 'NONE', #676, #1575, #1211, .T. ) ;
#662 = EDGE_CURVE ( 'NONE', #163, #488, #1199, .T. ) ;
#663 = AXIS2_PLACEMENT_3D ( 'NONE', #153, #381, #933 ) ;
#664 = DIRECTION ( 'NONE',  ( 0.7450133605976170248, 0.000000000000000000, -0.6670495427860251292 ) ) ;
#665 = CIRCLE ( 'NONE', #692, 188.0000000000000000 ) ;
#666 = DIRECTION ( 'NONE',  ( -0.8003155581858607537, 0.000000000000000000, 0.5995790250881479766 ) ) ;
#667 = ORIENTED_EDGE ( 'NONE', *, *, #117, .T. ) ;
#668 = LINE ( 'NONE', #412, #405 ) ;
#669 = ORIENTED_EDGE ( 'NONE', *, *, #624, .F. ) ;
#670 = CARTESIAN_POINT ( 'NONE',  ( -98.67880131525888032, 5.000000000000000000, -49.49999999999998579 ) ) ;
#671 = EDGE_CURVE ( 'NONE', #616, #1412, #885, .T. ) ;
#672 = DIRECTION ( 'NONE',  ( 0.000000000000000000, 1.000000000000000000, -0.000000000000000000 ) ) ;
#673 = DIRECTION ( 'NONE',  ( -0.8003155581858607537, -0.000000000000000000, 0.5995790250881479766 ) ) ;
#674 = EDGE_LOOP ( 'NONE', ( #620, #471, #62, #571 ) ) ;
#675 = CARTESIAN_POINT ( 'NONE',  ( 48.28479433190629067, 5.000000000000000000, -155.1536868947626431 ) ) ;
#676 = VERTEX_POINT ( 'NONE', #1075 ) ;
#677 = DIRECTION ( 'NONE',  ( -0.000000000000000000, -1.000000000000000000, -0.000000000000000000 ) ) ;
#678 = CARTESIAN_POINT ( 'NONE',  ( 27.52679297851357276, 141.0000000000000000, -186.1823092718938994 ) ) ;
#679 = EDGE_CURVE ( 'NONE', #1192, #968, #561, .T. ) ;
#680 = DIRECTION ( 'NONE',  ( -0.000000000000000000, 1.000000000000000000, -0.000000000000000000 ) ) ;
#681 = ORIENTED_EDGE ( 'NONE', *, *, #370, .T. ) ;
#682 = ADVANCED_FACE ( 'NONE', ( #424 ), #1613, .F. ) ;
#683 = EDGE_CURVE ( 'NONE', #488, #205, #489, .T. ) ;
#684 = DIRECTION ( 'NONE',  ( -0.000000000000000000, -1.000000000000000000, -0.000000000000000000 ) ) ;
#685 = ORIENTED_EDGE ( 'NONE', *, *, #45, .T. ) ;
#686 = AXIS2_PLACEMENT_3D ( 'NONE', #1018, #1277, #1553 ) ;
#687 = DIRECTION ( 'NONE',  ( 0.000000000000000000, 0.000000000000000000, -1.000000000000000000 ) ) ;
#688 = AXIS2_PLACEMENT_3D ( 'NONE', #537, #148, #1229 ) ;
#689 = ORIENTED_EDGE ( 'NONE', *, *, #313, .T. ) ;
#690 = PLANE ( 'NONE',  #720 ) ;
#691 = AXIS2_PLACEMENT_3D ( 'NONE', #1225, #548, #414 ) ;
#692 = AXIS2_PLACEMENT_3D ( 'NONE', #1143, #467, #491 ) ;
#693 = CARTESIAN_POINT ( 'NONE',  ( 33.76783518096853953, 5.000000000000000000, -172.8648591813576729 ) ) ;
#694 = EDGE_LOOP ( 'NONE', ( #1712, #897 ) ) ;
#695 = DIRECTION ( 'NONE',  ( -0.000000000000000000, -1.000000000000000000, -0.000000000000000000 ) ) ;
#696 = ORIENTED_EDGE ( 'NONE', *, *, #1579, .T. ) ;
#697 = CARTESIAN_POINT ( 'NONE',  ( 24.80942042983995321, 141.0000000000000000, -191.2556315997120464 ) ) ;
#698 = PRODUCT ( 'hood adjustable shooter', 'hood adjustable shooter', '', ( #1272 ) ) ;
#699 = DIRECTION ( 'NONE',  ( 0.000000000000000000, 0.000000000000000000, 1.000000000000000000 ) ) ;
#700 = CARTESIAN_POINT ( 'NONE',  ( -98.67880131525888032, 141.0000000000000000, -49.49999999999999289 ) ) ;
#701 = DIRECTION ( 'NONE',  ( -0.000000000000000000, 1.000000000000000000, -0.000000000000000000 ) ) ;
#702 = ORIENTED_EDGE ( 'NONE', *, *, #243, .T. ) ;
#703 = PLANE ( 'NONE',  #1280 ) ;
#704 = ORIENTED_EDGE ( 'NONE', *, *, #1548, .T. ) ;
#705 = CARTESIAN_POINT ( 'NONE',  ( 48.97941917003237222, 141.0000000000000000, -160.1223301287633660 ) ) ;
#706 = ORIENTED_EDGE ( 'NONE', *, *, #401, .F. ) ;
#707 = CARTESIAN_POINT ( 'NONE',  ( 48.97941917003237222, 141.0000000000000000, -162.2223301287633603 ) ) ;
#708 = CARTESIAN_POINT ( 'NONE',  ( 38.77616371500160142, 129.9999999999999716, -172.5706406440214096 ) ) ;
#709 = EDGE_LOOP ( 'NONE', ( #1032, #1343, #1503, #1306, #270 ) ) ;
#710 = LINE ( 'NONE', #69, #1508 ) ;
#711 = ORIENTED_EDGE ( 'NONE', *, *, #770, .T. ) ;
#712 = PRODUCT_DEFINITION_CONTEXT ( 'detailed design', #1224, 'design' ) ;
#713 = FACE_BOUND ( 'NONE', #1678, .T. ) ;
#714 = VECTOR ( 'NONE', #1734, 1000.000000000000000 ) ;
#715 = EDGE_CURVE ( 'NONE', #135, #434, #1355, .T. ) ;
#716 = LINE ( 'NONE', #1522, #53 ) ;
#717 = ADVANCED_FACE ( 'NONE', ( #1622 ), #1639, .F. ) ;
#718 = CARTESIAN_POINT ( 'NONE',  ( 48.97941917003237222, 135.9999999999999716, -160.1223301287633660 ) ) ;
#719 = VERTEX_POINT ( 'NONE', #1226 ) ;
#720 = AXIS2_PLACEMENT_3D ( 'NONE', #1210, #1612, #532 ) ;
#721 = DIRECTION ( 'NONE',  ( 0.000000000000000000, 0.000000000000000000, -1.000000000000000000 ) ) ;
#722 = EDGE_LOOP ( 'NONE', ( #1271, #1392, #182, #1493 ) ) ;
#723 = DIRECTION ( 'NONE',  ( 0.000000000000000000, 0.000000000000000000, 1.000000000000000000 ) ) ;
#724 = CARTESIAN_POINT ( 'NONE',  ( 27.52679297851357276, 141.0000000000000000, -181.9823092718939108 ) ) ;
#725 = ORIENTED_EDGE ( 'NONE', *, *, #900, .T. ) ;
#726 = DIRECTION ( 'NONE',  ( 0.000000000000000000, -1.000000000000000000, 0.000000000000000000 ) ) ;
#727 = VERTEX_POINT ( 'NONE', #20 ) ;
#728 = DIRECTION ( 'NONE',  ( 1.000000000000000000, 0.000000000000000000, 0.000000000000000000 ) ) ;
#729 = LINE ( 'NONE', #707, #809 ) ;
#730 = DIRECTION ( 'NONE',  ( -0.000000000000000000, -1.000000000000000000, -0.000000000000000000 ) ) ;
#731 = EDGE_CURVE ( 'NONE', #398, #605, #1372, .T. ) ;
#732 = CARTESIAN_POINT ( 'NONE',  ( 38.98390014758506794, 135.9999999999999716, -177.5350757642290489 ) ) ;
#733 = EDGE_CURVE ( 'NONE', #26, #1237, #551, .T. ) ;
#734 = ORIENTED_EDGE ( 'NONE', *, *, #816, .F. ) ;
#735 = EDGE_CURVE ( 'NONE', #1690, #785, #415, .T. ) ;
#736 = ORIENTED_EDGE ( 'NONE', *, *, #621, .F. ) ;
#737 = EDGE_LOOP ( 'NONE', ( #603, #1194, #1222, #1176 ) ) ;
#738 = FACE_BOUND ( 'NONE', #149, .T. ) ;
#739 = CIRCLE ( 'NONE', #971, 2.099999999999990763 ) ;
#740 = CARTESIAN_POINT ( 'NONE',  ( 44.01579167327867737, 129.9999999999999716, -160.8519336690459909 ) ) ;
#741 = AXIS2_PLACEMENT_3D ( 'NONE', #582, #1643, #1113 ) ;
#742 = CIRCLE ( 'NONE', #459, 2.099999999999990763 ) ;
#743 = AXIS2_PLACEMENT_3D ( 'NONE', #905, #94, #477 ) ;
#744 = CARTESIAN_POINT ( 'NONE',  ( 38.77616371500160142, 141.0000000000000000, -174.6706406440214039 ) ) ;
#745 = ORIENTED_EDGE ( 'NONE', *, *, #244, .F. ) ;
#746 = CIRCLE ( 'NONE', #1065, 2.099999999999990763 ) ;
#747 = EDGE_CURVE ( 'NONE', #544, #1534, #30, .T. ) ;
#748 = ORIENTED_EDGE ( 'NONE', *, *, #444, .T. ) ;
#749 = CIRCLE ( 'NONE', #382, 21.99999999999996447 ) ;
#750 = DIRECTION ( 'NONE',  ( -0.000000000000000000, -1.000000000000000000, -0.000000000000000000 ) ) ;
#751 = FACE_BOUND ( 'NONE', #1437, .T. ) ;
#752 = CARTESIAN_POINT ( 'NONE',  ( 38.77616371500160142, 141.0000000000000000, -172.5706406440214096 ) ) ;
#753 = DIRECTION ( 'NONE',  ( 1.690566878406491168E-13, 0.000000000000000000, 1.000000000000000000 ) ) ;
#754 = VERTEX_POINT ( 'NONE', #800 ) ;
#755 = LINE ( 'NONE', #1071, #714 ) ;
#756 = VERTEX_POINT ( 'NONE', #1338 ) ;
#757 = EDGE_CURVE ( 'NONE', #856, #466, #917, .T. ) ;
#758 = DIRECTION ( 'NONE',  ( 0.000000000000000000, 1.000000000000000000, -0.000000000000000000 ) ) ;
#759 = EDGE_CURVE ( 'NONE', #1727, #6, #407, .T. ) ;
#760 = ORIENTED_EDGE ( 'NONE', *, *, #368, .F. ) ;
#761 = CARTESIAN_POINT ( 'NONE',  ( 38.77616371500160142, 141.0000000000000000, -172.5706406440214096 ) ) ;
#762 = CARTESIAN_POINT ( 'NONE',  ( 38.77616371500160142, 129.9999999999999716, -174.6706406440214039 ) ) ;
#763 = CARTESIAN_POINT ( 'NONE',  ( 53.62652465245115252, 11.00000000000001066, -159.1555951734622454 ) ) ;
#764 = ADVANCED_BREP_SHAPE_REPRESENTATION ( 'hood adjustable shooter', ( #911, #1424 ), #346 ) ;
#765 = ORIENTED_EDGE ( 'NONE', *, *, #1548, .F. ) ;
#766 = DIRECTION ( 'NONE',  ( 0.000000000000000000, 0.000000000000000000, -1.000000000000000000 ) ) ;
#767 = EDGE_LOOP ( 'NONE', ( #778, #312 ) ) ;
#768 = CARTESIAN_POINT ( 'NONE',  ( 27.70551689555345121, 5.000000000000000000, -179.0685305557955473 ) ) ;
#769 = ORIENTED_EDGE ( 'NONE', *, *, #1476, .T. ) ;
#770 = EDGE_CURVE ( 'NONE', #1076, #105, #181, .T. ) ;
#771 = EDGE_CURVE ( 'NONE', #1412, #616, #975, .T. ) ;
#772 = FACE_OUTER_BOUND ( 'NONE', #782, .T. ) ;
#773 = LINE ( 'NONE', #1573, #1514 ) ;
#774 = DIRECTION ( 'NONE',  ( 0.000000000000000000, -1.000000000000000000, 0.000000000000000000 ) ) ;
#775 = VERTEX_POINT ( 'NONE', #724 ) ;
#776 = VECTOR ( 'NONE', #277, 1000.000000000000114 ) ;
#777 = DIRECTION ( 'NONE',  ( -0.000000000000000000, -1.000000000000000000, -0.000000000000000000 ) ) ;
#778 = ORIENTED_EDGE ( 'NONE', *, *, #496, .F. ) ;
#779 = AXIS2_PLACEMENT_3D ( 'NONE', #109, #1208, #815 ) ;
#780 = CARTESIAN_POINT ( 'NONE',  ( 20.21145472656500530, 0.000000000000000000, -185.9774963805738537 ) ) ;
#781 = CARTESIAN_POINT ( 'NONE',  ( 27.70551689555345121, 135.9999999999999716, -179.0685305557955473 ) ) ;
#782 = EDGE_LOOP ( 'NONE', ( #530, #1448, #1371, #1552 ) ) ;
#783 = SURFACE_STYLE_FILL_AREA ( #512 ) ;
#784 = CARTESIAN_POINT ( 'NONE',  ( -98.67880131525888032, 135.9999999999999716, -49.49999999999998579 ) ) ;
#785 = VERTEX_POINT ( 'NONE', #441 ) ;
#786 = PLANE ( 'NONE',  #1619 ) ;
#787 = ORIENTED_EDGE ( 'NONE', *, *, #1418, .F. ) ;
#788 = CARTESIAN_POINT ( 'NONE',  ( 44.01579167327867737, 129.9999999999999716, -160.8519336690459909 ) ) ;
#789 = DIRECTION ( 'NONE',  ( -0.000000000000000000, -1.000000000000000000, -0.000000000000000000 ) ) ;
#790 = DIRECTION ( 'NONE',  ( 0.000000000000000000, 1.000000000000000000, 0.000000000000000000 ) ) ;
#791 = ADVANCED_FACE ( 'NONE', ( #1409 ), #1674, .F. ) ;
#792 = CARTESIAN_POINT ( 'NONE',  ( 72.97556416701814896, 129.9999999999999716, -148.6858927009120634 ) ) ;
#793 = ORIENTED_EDGE ( 'NONE', *, *, #1290, .F. ) ;
#794 = EDGE_CURVE ( 'NONE', #413, #135, #68, .T. ) ;
#795 = FACE_BOUND ( 'NONE', #1025, .T. ) ;
#796 = EDGE_CURVE ( 'NONE', #107, #841, #1385, .T. ) ;
#797 = EDGE_LOOP ( 'NONE', ( #1150, #65, #1477, #1317 ) ) ;
#798 = DIRECTION ( 'NONE',  ( 0.000000000000000000, 0.000000000000000000, 1.000000000000000000 ) ) ;
#799 = LINE ( 'NONE', #540, #1206 ) ;
#800 = CARTESIAN_POINT ( 'NONE',  ( 38.77616371500160142, 11.00000000000001066, -170.4706406440214153 ) ) ;
#801 = ORIENTED_EDGE ( 'NONE', *, *, #877, .T. ) ;
#802 = CARTESIAN_POINT ( 'NONE',  ( 38.98390014758511057, 11.00000000000000000, -177.5350757642290773 ) ) ;
#803 = EDGE_LOOP ( 'NONE', ( #223, #1149 ) ) ;
#804 = AXIS2_PLACEMENT_3D ( 'NONE', #572, #1657, #973 ) ;
#805 = AXIS2_PLACEMENT_3D ( 'NONE', #563, #969, #1381 ) ;
#806 = EDGE_CURVE ( 'NONE', #1167, #544, #1015, .T. ) ;
#807 = CIRCLE ( 'NONE', #52, 181.0000000000000000 ) ;
#808 = DIRECTION ( 'NONE',  ( -0.6568522433249944781, -0.000000000000000000, 0.7540193170197446726 ) ) ;
#809 = VECTOR ( 'NONE', #966, 1000.000000000000000 ) ;
#810 = DIRECTION ( 'NONE',  ( 0.000000000000000000, 1.000000000000000000, 0.000000000000000000 ) ) ;
#811 = CARTESIAN_POINT ( 'NONE',  ( 44.01579167327867737, 5.000000000000000000, -160.8519336690459909 ) ) ;
#812 = VERTEX_POINT ( 'NONE', #1550 ) ;
#813 = FACE_OUTER_BOUND ( 'NONE', #955, .T. ) ;
#814 = VERTEX_POINT ( 'NONE', #174 ) ;
#815 = DIRECTION ( 'NONE',  ( 0.000000000000000000, -0.000000000000000000, 1.000000000000000000 ) ) ;
#816 = EDGE_CURVE ( 'NONE', #814, #259, #807, .T. ) ;
#817 = EDGE_CURVE ( 'NONE', #13, #1100, #1029, .T. ) ;
#818 = PLANE ( 'NONE',  #691 ) ;
#819 = DIRECTION ( 'NONE',  ( 0.000000000000000000, 0.000000000000000000, 1.000000000000000000 ) ) ;
#820 = ORIENTED_EDGE ( 'NONE', *, *, #1583, .T. ) ;
#821 = LINE ( 'NONE', #167, #516 ) ;
#822 = ORIENTED_EDGE ( 'NONE', *, *, #1702, .F. ) ;
#823 = FACE_BOUND ( 'NONE', #1358, .T. ) ;
#824 = ORIENTED_EDGE ( 'NONE', *, *, #399, .T. ) ;
#825 = LINE ( 'NONE', #1361, #1089 ) ;
#826 = ADVANCED_FACE ( 'NONE', ( #327 ), #1253, .F. ) ;
#827 = EDGE_CURVE ( 'NONE', #1167, #594, #1668, .T. ) ;
#828 = CARTESIAN_POINT ( 'NONE',  ( 51.10946111210296294, 70.49999400000000094, -151.1094308565487836 ) ) ;
#829 = VERTEX_POINT ( 'NONE', #37 ) ;
#830 = DIRECTION ( 'NONE',  ( -0.000000000000000000, -1.000000000000000000, -0.000000000000000000 ) ) ;
#831 = ORIENTED_EDGE ( 'NONE', *, *, #1578, .T. ) ;
#832 = AXIS2_PLACEMENT_3D ( 'NONE', #1576, #375, #116 ) ;
#833 = VECTOR ( 'NONE', #1450, 1000.000000000000114 ) ;
#834 = DIRECTION ( 'NONE',  ( -0.000000000000000000, -1.000000000000000000, -0.000000000000000000 ) ) ;
#835 = AXIS2_PLACEMENT_3D ( 'NONE', #915, #1295, #213 ) ;
#836 = EDGE_LOOP ( 'NONE', ( #40, #874, #1239, #505 ) ) ;
#837 = DIRECTION ( 'NONE',  ( 0.000000000000000000, 1.000000000000000000, 0.000000000000000000 ) ) ;
#838 = COLOUR_RGB ( '',0.7921568627450980005, 0.8196078431372548767, 0.9333333333333333481 ) ;
#839 = CIRCLE ( 'NONE', #78, 2.099999999999990763 ) ;
#840 = CARTESIAN_POINT ( 'NONE',  ( 38.51722792560503450, 11.00000000000000000, -167.5603640539025889 ) ) ;
#841 = VERTEX_POINT ( 'NONE', #1378 ) ;
#842 = CARTESIAN_POINT ( 'NONE',  ( 33.76783518096853953, 135.9999999999999716, -172.8648591813576729 ) ) ;
#843 = VERTEX_POINT ( 'NONE', #56 ) ;
#844 = DIRECTION ( 'NONE',  ( 0.000000000000000000, 0.000000000000000000, -1.000000000000000000 ) ) ;
#845 = EDGE_LOOP ( 'NONE', ( #552, #1265 ) ) ;
#846 = CARTESIAN_POINT ( 'NONE',  ( 38.77616371500160142, 141.0000000000000000, -172.5706406440214096 ) ) ;
#847 = DIRECTION ( 'NONE',  ( 0.000000000000000000, 0.000000000000000000, -1.000000000000000000 ) ) ;
#848 = ORIENTED_EDGE ( 'NONE', *, *, #1033, .T. ) ;
#849 = CARTESIAN_POINT ( 'NONE',  ( 22.51187981145651307, 11.00000000000000000, -183.9389036255606698 ) ) ;
#850 = ORIENTED_EDGE ( 'NONE', *, *, #1241, .T. ) ;
#851 = ADVANCED_FACE ( 'NONE', ( #871 ), #1108, .F. ) ;
#852 = ADVANCED_FACE ( 'NONE', ( #1391 ), #1523, .F. ) ;
#853 = LINE ( 'NONE', #286, #1741 ) ;
#854 = CARTESIAN_POINT ( 'NONE',  ( 48.28479433190629067, 135.9999999999999716, -155.1536868947626431 ) ) ;
#855 = DIRECTION ( 'NONE',  ( 0.000000000000000000, -1.000000000000000000, 0.000000000000000000 ) ) ;
#856 = VERTEX_POINT ( 'NONE', #432 ) ;
#857 = CARTESIAN_POINT ( 'NONE',  ( 38.51722792560503450, 129.9999999999999716, -167.5603640539025889 ) ) ;
#858 = ORIENTED_EDGE ( 'NONE', *, *, #64, .F. ) ;
#859 = CARTESIAN_POINT ( 'NONE',  ( 38.77616371500160142, 141.0000000000000000, -172.5706406440214096 ) ) ;
#860 = VECTOR ( 'NONE', #1746, 1000.000000000000114 ) ;
#861 = CARTESIAN_POINT ( 'NONE',  ( 48.97941917003237222, 141.0000000000000000, -160.1223301287633660 ) ) ;
#862 = AXIS2_PLACEMENT_3D ( 'NONE', #700, #36, #1659 ) ;
#863 = ORIENTED_EDGE ( 'NONE', *, *, #1085, .F. ) ;
#864 = VECTOR ( 'NONE', #1440, 1000.000000000000114 ) ;
#865 = CARTESIAN_POINT ( 'NONE',  ( 48.97941917003237222, 129.9999999999999716, -158.0223301287633717 ) ) ;
#866 = ORIENTED_EDGE ( 'NONE', *, *, #662, .F. ) ;
#867 = EDGE_CURVE ( 'NONE', #1501, #719, #629, .T. ) ;
#868 = FACE_OUTER_BOUND ( 'NONE', #1088, .T. ) ;
#869 = EDGE_CURVE ( 'NONE', #192, #727, #98, .T. ) ;
#870 = ADVANCED_FACE ( 'NONE', ( #1022 ), #1555, .F. ) ;
#871 = FACE_OUTER_BOUND ( 'NONE', #1379, .T. ) ;
#872 = DIRECTION ( 'NONE',  ( 0.000000000000000000, 0.000000000000000000, 1.000000000000000000 ) ) ;
#873 = ORIENTED_EDGE ( 'NONE', *, *, #239, .F. ) ;
#874 = ORIENTED_EDGE ( 'NONE', *, *, #1389, .T. ) ;
#875 = ORIENTED_EDGE ( 'NONE', *, *, #1519, .F. ) ;
#876 = LINE ( 'NONE', #1580, #206 ) ;
#877 = EDGE_CURVE ( 'NONE', #147, #856, #1160, .T. ) ;
#878 = FACE_BOUND ( 'NONE', #803, .T. ) ;
#879 = EDGE_LOOP ( 'NONE', ( #1093, #711, #1653, #1163 ) ) ;
#880 = CARTESIAN_POINT ( 'NONE',  ( 27.52679297851357276, 0.000000000000000000, -184.0823092718939051 ) ) ;
#881 =( LENGTH_UNIT ( ) NAMED_UNIT ( * ) SI_UNIT ( .MILLI., .METRE. ) );
#882 = DIRECTION ( 'NONE',  ( 0.000000000000000000, 0.000000000000000000, -1.000000000000000000 ) ) ;
#883 = AXIS2_PLACEMENT_3D ( 'NONE', #1731, #1556, #383 ) ;
#884 = AXIS2_PLACEMENT_3D ( 'NONE', #1664, #592, #1689 ) ;
#885 = CIRCLE ( 'NONE', #460, 2.099999999999990763 ) ;
#886 = PLANE ( 'NONE',  #950 ) ;
#887 = EDGE_CURVE ( 'NONE', #147, #363, #1313, .T. ) ;
#888 = ORIENTED_EDGE ( 'NONE', *, *, #607, .F. ) ;
#889 = CIRCLE ( 'NONE', #295, 2.099999999999990763 ) ;
#890 = EDGE_CURVE ( 'NONE', #280, #485, #601, .T. ) ;
#891 = FACE_OUTER_BOUND ( 'NONE', #1173, .T. ) ;
#892 = VECTOR ( 'NONE', #227, 1000.000000000000000 ) ;
#893 = CARTESIAN_POINT ( 'NONE',  ( 27.52679297851357276, 141.0000000000000000, -184.0823092718939051 ) ) ;
#894 = EDGE_LOOP ( 'NONE', ( #1212, #502, #1276, #1251 ) ) ;
#895 = CARTESIAN_POINT ( 'NONE',  ( 38.98390014758511057, 129.9999999999999716, -177.5350757642290773 ) ) ;
#896 = CARTESIAN_POINT ( 'NONE',  ( 27.30105988102945958, 135.9999999999999716, -189.0459586407428390 ) ) ;
#897 = ORIENTED_EDGE ( 'NONE', *, *, #421, .T. ) ;
#898 = FACE_BOUND ( 'NONE', #946, .T. ) ;
#899 = ORIENTED_EDGE ( 'NONE', *, *, #944, .T. ) ;
#900 = EDGE_CURVE ( 'NONE', #1192, #989, #475, .T. ) ;
#901 = ADVANCED_FACE ( 'NONE', ( #751, #1703 ), #101, .F. ) ;
#902 = DIRECTION ( 'NONE',  ( 0.6840411614838612930, 0.000000000000000000, -0.7294434106877721868 ) ) ;
#903 = ORIENTED_EDGE ( 'NONE', *, *, #444, .F. ) ;
#904 = CARTESIAN_POINT ( 'NONE',  ( 43.73329289222158422, 11.00000000000000000, -172.2305806367740502 ) ) ;
#905 = CARTESIAN_POINT ( 'NONE',  ( -98.67880131525888032, 129.9999999999999716, -49.49999999999999289 ) ) ;
#906 = ORIENTED_EDGE ( 'NONE', *, *, #1430, .F. ) ;
#907 = DIRECTION ( 'NONE',  ( 0.000000000000000000, 1.000000000000000000, -0.000000000000000000 ) ) ;
#908 = ORIENTED_EDGE ( 'NONE', *, *, #1299, .F. ) ;
#909 = CARTESIAN_POINT ( 'NONE',  ( 27.52679297851357276, 129.9999999999999716, -186.1823092718938994 ) ) ;
#910 = EDGE_LOOP ( 'NONE', ( #908, #600, #1230, #578 ) ) ;
#911 = MANIFOLD_SOLID_BREP ( 'Mirror1', #48 ) ;
#912 = DIRECTION ( 'NONE',  ( -0.8003155581858608647, 0.000000000000000000, 0.5995790250881479766 ) ) ;
#913 = CARTESIAN_POINT ( 'NONE',  ( 22.51187981145649886, 5.000000000000004441, -183.9389036255606413 ) ) ;
#914 = AXIS2_PLACEMENT_3D ( 'NONE', #554, #1086, #945 ) ;
#915 = CARTESIAN_POINT ( 'NONE',  ( 38.51722792560503450, 11.00000000000000000, -167.5603640539025889 ) ) ;
#916 = VERTEX_POINT ( 'NONE', #1046 ) ;
#917 = CIRCLE ( 'NONE', #1282, 181.0000000000000284 ) ;
#918 = FACE_BOUND ( 'NONE', #985, .T. ) ;
#919 = ORIENTED_EDGE ( 'NONE', *, *, #1453, .T. ) ;
#920 = VECTOR ( 'NONE', #430, 1000.000000000000000 ) ;
#921 = AXIS2_PLACEMENT_3D ( 'NONE', #1444, #1161, #341 ) ;
#922 = DIRECTION ( 'NONE',  ( 0.000000000000000000, -1.000000000000000000, 0.000000000000000000 ) ) ;
#923 = ADVANCED_FACE ( 'NONE', ( #1414 ), #1301, .F. ) ;
#924 = DIRECTION ( 'NONE',  ( 0.000000000000000000, -1.000000000000000000, 0.000000000000000000 ) ) ;
#925 = DIRECTION ( 'NONE',  ( -0.7294434106877722979, 0.000000000000000000, -0.6840411614838612930 ) ) ;
#926 = EDGE_CURVE ( 'NONE', #416, #727, #1283, .T. ) ;
#927 = ADVANCED_FACE ( 'NONE', ( #772 ), #92, .F. ) ;
#928 = DIRECTION ( 'NONE',  ( 0.000000000000000000, 0.000000000000000000, 1.000000000000000000 ) ) ;
#929 = ORIENTED_EDGE ( 'NONE', *, *, #343, .T. ) ;
#930 = CARTESIAN_POINT ( 'NONE',  ( 48.28479433190626935, 135.9999999999999716, -155.1536868947626431 ) ) ;
#931 = ORIENTED_EDGE ( 'NONE', *, *, #1606, .T. ) ;
#932 = DIRECTION ( 'NONE',  ( 0.000000000000000000, 0.000000000000000000, 1.000000000000000000 ) ) ;
#933 = DIRECTION ( 'NONE',  ( 0.000000000000000000, 0.000000000000000000, -1.000000000000000000 ) ) ;
#934 = CARTESIAN_POINT ( 'NONE',  ( 22.51187981145651307, 129.9999999999999716, -183.9389036255606698 ) ) ;
#935 = ADVANCED_FACE ( 'NONE', ( #1695, #1584 ), #111, .T. ) ;
#936 = ORIENTED_EDGE ( 'NONE', *, *, #474, .F. ) ;
#937 = CARTESIAN_POINT ( 'NONE',  ( -98.67880131525888032, 5.000000000000000000, -49.49999999999998579 ) ) ;
#938 = ORIENTED_EDGE ( 'NONE', *, *, #1519, .T. ) ;
#939 = CARTESIAN_POINT ( 'NONE',  ( 27.70551689555345121, 135.9999999999999716, -179.0685305557955473 ) ) ;
#940 = FACE_OUTER_BOUND ( 'NONE', #542, .T. ) ;
#941 = CARTESIAN_POINT ( 'NONE',  ( 38.77616371500160142, 129.9999999999999716, -172.5706406440214096 ) ) ;
#942 = ORIENTED_EDGE ( 'NONE', *, *, #877, .F. ) ;
#943 = VECTOR ( 'NONE', #965, 1000.000000000000227 ) ;
#944 = EDGE_CURVE ( 'NONE', #829, #6, #1324, .T. ) ;
#945 = DIRECTION ( 'NONE',  ( 0.000000000000000000, 0.000000000000000000, 1.000000000000000000 ) ) ;
#946 = EDGE_LOOP ( 'NONE', ( #1524, #1691 ) ) ;
#947 = AXIS2_PLACEMENT_3D ( 'NONE', #546, #1513, #1502 ) ;
#948 = AXIS2_PLACEMENT_3D ( 'NONE', #104, #1716, #1436 ) ;
#949 = EDGE_CURVE ( 'NONE', #1672, #359, #825, .T. ) ;
#950 = AXIS2_PLACEMENT_3D ( 'NONE', #1303, #1428, #1162 ) ;
#951 = DIRECTION ( 'NONE',  ( 0.000000000000000000, 0.000000000000000000, -1.000000000000000000 ) ) ;
#952 = AXIS2_PLACEMENT_3D ( 'NONE', #1743, #959, #1479 ) ;
#953 = DIRECTION ( 'NONE',  ( 0.000000000000000000, 0.000000000000000000, 1.000000000000000000 ) ) ;
#954 = CARTESIAN_POINT ( 'NONE',  ( 44.01579167327867737, 129.9999999999999716, -160.8519336690459909 ) ) ;
#955 = EDGE_LOOP ( 'NONE', ( #1413, #1411, #425, #344 ) ) ;
#956 = FACE_BOUND ( 'NONE', #1049, .T. ) ;
#957 = ORIENTED_EDGE ( 'NONE', *, *, #1001, .T. ) ;
#958 = ADVANCED_FACE ( 'NONE', ( #1197 ), #1068, .F. ) ;
#959 = DIRECTION ( 'NONE',  ( 0.000000000000000000, -1.000000000000000000, 0.000000000000000000 ) ) ;
#960 = DIRECTION ( 'NONE',  ( 0.000000000000000000, 1.000000000000000000, 0.000000000000000000 ) ) ;
#961 = ORIENTED_EDGE ( 'NONE', *, *, #1614, .F. ) ;
#962 = DIRECTION ( 'NONE',  ( -0.000000000000000000, -1.000000000000000000, -0.000000000000000000 ) ) ;
#963 = ORIENTED_EDGE ( 'NONE', *, *, #243, .F. ) ;
#964 = DIRECTION ( 'NONE',  ( -0.000000000000000000, -1.000000000000000000, -0.000000000000000000 ) ) ;
#965 = DIRECTION ( 'NONE',  ( -0.8003155581858607537, -0.000000000000000000, 0.5995790250881479766 ) ) ;
#966 = DIRECTION ( 'NONE',  ( -0.000000000000000000, -1.000000000000000000, -0.000000000000000000 ) ) ;
#967 = CARTESIAN_POINT ( 'NONE',  ( 53.62652465245115252, 5.000000000000004441, -159.1555951734622454 ) ) ;
#968 = VERTEX_POINT ( 'NONE', #1081 ) ;
#969 = DIRECTION ( 'NONE',  ( -0.000000000000000000, -1.000000000000000000, -0.000000000000000000 ) ) ;
#970 = EDGE_LOOP ( 'NONE', ( #1542, #1352, #81, #667, #706 ) ) ;
#971 = AXIS2_PLACEMENT_3D ( 'NONE', #141, #1078, #1221 ) ;
#972 = VECTOR ( 'NONE', #750, 1000.000000000000000 ) ;
#973 = DIRECTION ( 'NONE',  ( 0.000000000000000000, 0.000000000000000000, 1.000000000000000000 ) ) ;
#974 = AXIS2_PLACEMENT_3D ( 'NONE', #1406, #991, #461 ) ;
#975 = CIRCLE ( 'NONE', #1425, 2.099999999999990763 ) ;
#976 = ORIENTED_EDGE ( 'NONE', *, *, #759, .T. ) ;
#977 = CARTESIAN_POINT ( 'NONE',  ( 38.77616371500160142, 0.000000000000000000, -172.5706406440214096 ) ) ;
#978 = STYLED_ITEM ( 'NONE', ( #614 ), #911 ) ;
#979 = VECTOR ( 'NONE', #1581, 1000.000000000000114 ) ;
#980 = DIRECTION ( 'NONE',  ( -0.000000000000000000, -1.000000000000000000, -0.000000000000000000 ) ) ;
#981 = VERTEX_POINT ( 'NONE', #144 ) ;
#982 = EDGE_CURVE ( 'NONE', #1019, #114, #1456, .T. ) ;
#983 = EDGE_CURVE ( 'NONE', #6, #1727, #1034, .T. ) ;
#984 = CARTESIAN_POINT ( 'NONE',  ( 48.97941917003237222, 141.0000000000000000, -162.2223301287633603 ) ) ;
#985 = EDGE_LOOP ( 'NONE', ( #640, #704 ) ) ;
#986 = DIRECTION ( 'NONE',  ( 0.000000000000000000, 0.000000000000000000, 1.000000000000000000 ) ) ;
#987 = DIRECTION ( 'NONE',  ( -0.000000000000000000, 1.000000000000000000, -0.000000000000000000 ) ) ;
#988 = DIRECTION ( 'NONE',  ( -0.000000000000000000, -1.000000000000000000, -0.000000000000000000 ) ) ;
#989 = VERTEX_POINT ( 'NONE', #128 ) ;
#990 = ADVANCED_FACE ( 'NONE', ( #266, #940 ), #250, .T. ) ;
#991 = DIRECTION ( 'NONE',  ( -0.000000000000000000, 1.000000000000000000, -0.000000000000000000 ) ) ;
#992 = VERTEX_POINT ( 'NONE', #1631 ) ;
#993 = CARTESIAN_POINT ( 'NONE',  ( 38.51722792560503450, 11.00000000000000000, -167.5603640539025889 ) ) ;
#994 = CARTESIAN_POINT ( 'NONE',  ( 27.30105988102945958, 129.9999999999999716, -189.0459586407428390 ) ) ;
#995 = DIRECTION ( 'NONE',  ( 0.000000000000000000, 0.000000000000000000, -1.000000000000000000 ) ) ;
#996 = ORIENTED_EDGE ( 'NONE', *, *, #796, .F. ) ;
#997 = DIRECTION ( 'NONE',  ( -0.6840411614838622922, -0.000000000000000000, 0.7294434106877712987 ) ) ;
#998 = VERTEX_POINT ( 'NONE', #525 ) ;
#999 = ADVANCED_FACE ( 'NONE', ( #1463 ), #281, .F. ) ;
#1000 = AXIS2_PLACEMENT_3D ( 'NONE', #880, #1288, #612 ) ;
#1001 = EDGE_CURVE ( 'NONE', #968, #1383, #1471, .T. ) ;
#1002 = AXIS2_PLACEMENT_3D ( 'NONE', #86, #504, #1586 ) ;
#1003 = DIRECTION ( 'NONE',  ( 0.000000000000000000, 0.000000000000000000, 1.000000000000000000 ) ) ;
#1004 = VECTOR ( 'NONE', #584, 1000.000000000000227 ) ;
#1005 = DIRECTION ( 'NONE',  ( -0.000000000000000000, -1.000000000000000000, -0.000000000000000000 ) ) ;
#1006 = AXIS2_PLACEMENT_3D ( 'NONE', #583, #837, #1003 ) ;
#1007 = ORIENTED_EDGE ( 'NONE', *, *, #1291, .T. ) ;
#1008 = AXIS2_PLACEMENT_3D ( 'NONE', #1152, #1694, #84 ) ;
#1009 = CARTESIAN_POINT ( 'NONE',  ( 38.77616371500160142, 141.0000000000000000, -174.6706406440214039 ) ) ;
#1010 = VERTEX_POINT ( 'NONE', #257 ) ;
#1011 = CARTESIAN_POINT ( 'NONE',  ( 27.52679297851357276, 11.00000000000001066, -181.9823092718939108 ) ) ;
#1012 = ORIENTED_EDGE ( 'NONE', *, *, #771, .F. ) ;
#1013 = EDGE_CURVE ( 'NONE', #998, #916, #799, .T. ) ;
#1014 = DIRECTION ( 'NONE',  ( 0.8003155581858604206, 0.000000000000000000, -0.5995790250881486427 ) ) ;
#1015 = LINE ( 'NONE', #568, #1562 ) ;
#1016 = FACE_BOUND ( 'NONE', #47, .T. ) ;
#1017 = ORIENTED_EDGE ( 'NONE', *, *, #586, .T. ) ;
#1018 = CARTESIAN_POINT ( 'NONE',  ( 48.97941917003237222, 141.0000000000000000, -160.1223301287633660 ) ) ;
#1019 = VERTEX_POINT ( 'NONE', #1330 ) ;
#1020 = DIRECTION ( 'NONE',  ( 0.000000000000000000, 0.000000000000000000, 1.000000000000000000 ) ) ;
#1021 = EDGE_CURVE ( 'NONE', #1036, #754, #889, .T. ) ;
#1022 = FACE_OUTER_BOUND ( 'NONE', #429, .T. ) ;
#1023 = DIRECTION ( 'NONE',  ( 0.000000000000000000, -1.000000000000000000, 0.000000000000000000 ) ) ;
#1024 = DIRECTION ( 'NONE',  ( 0.7450133605976198004, 0.000000000000000000, -0.6670495427860219095 ) ) ;
#1025 = EDGE_LOOP ( 'NONE', ( #1698, #1254 ) ) ;
#1026 = ORIENTED_EDGE ( 'NONE', *, *, #1718, .T. ) ;
#1027 = DIRECTION ( 'NONE',  ( -0.000000000000000000, -1.000000000000000000, -0.000000000000000000 ) ) ;
#1028 = DIRECTION ( 'NONE',  ( 0.000000000000000000, 0.000000000000000000, 1.000000000000000000 ) ) ;
#1029 = CIRCLE ( 'NONE', #1171, 2.099999999999990763 ) ;
#1030 = DIRECTION ( 'NONE',  ( 0.000000000000000000, 0.000000000000000000, -1.000000000000000000 ) ) ;
#1031 = ADVANCED_FACE ( 'NONE', ( #650 ), #690, .F. ) ;
#1032 = ORIENTED_EDGE ( 'NONE', *, *, #508, .T. ) ;
#1033 = EDGE_CURVE ( 'NONE', #1633, #1727, #1074, .T. ) ;
#1034 = CIRCLE ( 'NONE', #663, 2.099999999999990763 ) ;
#1035 = CYLINDRICAL_SURFACE ( 'NONE', #832, 2.099999999999990763 ) ;
#1036 = VERTEX_POINT ( 'NONE', #408 ) ;
#1037 = CARTESIAN_POINT ( 'NONE',  ( 27.52679297851357276, 129.9999999999999716, -184.0823092718939051 ) ) ;
#1038 = ORIENTED_EDGE ( 'NONE', *, *, #1218, .T. ) ;
#1039 = DIRECTION ( 'NONE',  ( 0.000000000000000000, 0.000000000000000000, -1.000000000000000000 ) ) ;
#1040 = CARTESIAN_POINT ( 'NONE',  ( 33.76783518096853953, 11.00000000000000000, -172.8648591813576729 ) ) ;
#1041 = ORIENTED_EDGE ( 'NONE', *, *, #1347, .F. ) ;
#1042 = CARTESIAN_POINT ( 'NONE',  ( 48.28479433190629067, 5.000000000000000000, -155.1536868947626431 ) ) ;
#1043 = CARTESIAN_POINT ( 'NONE',  ( 53.62652465245115252, 129.9999999999999716, -159.1555951734622454 ) ) ;
#1044 = CARTESIAN_POINT ( 'NONE',  ( 27.52679297851357276, 141.0000000000000000, -186.1823092718938994 ) ) ;
#1045 = ORIENTED_EDGE ( 'NONE', *, *, #1505, .F. ) ;
#1046 = CARTESIAN_POINT ( 'NONE',  ( 38.77616371500160142, 0.000000000000000000, -170.4706406440214153 ) ) ;
#1047 = CARTESIAN_POINT ( 'NONE',  ( 48.97941917003237222, 129.9999999999999716, -160.1223301287633660 ) ) ;
#1048 = FACE_OUTER_BOUND ( 'NONE', #737, .T. ) ;
#1049 = EDGE_LOOP ( 'NONE', ( #1735, #702 ) ) ;
#1050 = CARTESIAN_POINT ( 'NONE',  ( 27.52679297851357276, 141.0000000000000000, -186.1823092718938994 ) ) ;
#1051 = ORIENTED_EDGE ( 'NONE', *, *, #817, .F. ) ;
#1052 = CARTESIAN_POINT ( 'NONE',  ( 48.28479433190629067, 129.9999999999999716, -155.1536868947626431 ) ) ;
#1053 = EDGE_CURVE ( 'NONE', #829, #1633, #746, .T. ) ;
#1054 = ORIENTED_EDGE ( 'NONE', *, *, #1441, .F. ) ;
#1055 = EDGE_CURVE ( 'NONE', #1076, #1429, #1745, .T. ) ;
#1056 =( NAMED_UNIT ( * ) SI_UNIT ( $, .STERADIAN. ) SOLID_ANGLE_UNIT ( ) );
#1057 = DIRECTION ( 'NONE',  ( 0.000000000000000000, 1.000000000000000000, 0.000000000000000000 ) ) ;
#1058 = AXIS2_PLACEMENT_3D ( 'NONE', #1749, #1319, #487 ) ;
#1059 = FACE_OUTER_BOUND ( 'NONE', #593, .T. ) ;
#1060 = AXIS2_PLACEMENT_3D ( 'NONE', #670, #922, #256 ) ;
#1061 = ORIENTED_EDGE ( 'NONE', *, *, #671, .F. ) ;
#1062 = VECTOR ( 'NONE', #1363, 1000.000000000000000 ) ;
#1063 = FACE_OUTER_BOUND ( 'NONE', #285, .T. ) ;
#1064 = ORIENTED_EDGE ( 'NONE', *, *, #586, .F. ) ;
#1065 = AXIS2_PLACEMENT_3D ( 'NONE', #396, #810, #953 ) ;
#1066 = VECTOR ( 'NONE', #395, 1000.000000000000000 ) ;
#1067 = CARTESIAN_POINT ( 'NONE',  ( 20.21145472656500530, 141.0000000000000000, -185.9774963805738537 ) ) ;
#1068 = PLANE ( 'NONE',  #490 ) ;
#1069 = CARTESIAN_POINT ( 'NONE',  ( 27.52679297851357276, 141.0000000000000000, -184.0823092718939051 ) ) ;
#1070 = ORIENTED_EDGE ( 'NONE', *, *, #313, .F. ) ;
#1071 = CARTESIAN_POINT ( 'NONE',  ( 27.52679297851357276, 141.0000000000000000, -186.1823092718938994 ) ) ;
#1072 = ORIENTED_EDGE ( 'NONE', *, *, #1439, .T. ) ;
#1073 = DIRECTION ( 'NONE',  ( -0.000000000000000000, -1.000000000000000000, -0.000000000000000000 ) ) ;
#1074 = LINE ( 'NONE', #678, #435 ) ;
#1075 = CARTESIAN_POINT ( 'NONE',  ( 49.61904413299677685, 129.9999999999999716, -165.0497686514571853 ) ) ;
#1076 = VERTEX_POINT ( 'NONE', #10 ) ;
#1077 = ADVANCED_FACE ( 'NONE', ( #1091, #1489 ), #818, .F. ) ;
#1078 = DIRECTION ( 'NONE',  ( 0.000000000000000000, -1.000000000000000000, 0.000000000000000000 ) ) ;
#1079 = ORIENTED_EDGE ( 'NONE', *, *, #1107, .T. ) ;
#1080 = CARTESIAN_POINT ( 'NONE',  ( 27.70551689555345121, 11.00000000000000000, -179.0685305557955473 ) ) ;
#1081 = CARTESIAN_POINT ( 'NONE',  ( 22.51187981145651307, 11.00000000000000000, -183.9389036255606698 ) ) ;
#1082 = CARTESIAN_POINT ( 'NONE',  ( 32.49469696512638706, 129.9999999999999716, -184.1755855709777450 ) ) ;
#1083 = ORIENTED_EDGE ( 'NONE', *, *, #1683, .F. ) ;
#1084 = AXIS2_PLACEMENT_3D ( 'NONE', #849, #1264, #1270 ) ;
#1085 = EDGE_CURVE ( 'NONE', #140, #756, #1496, .T. ) ;
#1086 = DIRECTION ( 'NONE',  ( 0.000000000000000000, -1.000000000000000000, 0.000000000000000000 ) ) ;
#1087 = EDGE_CURVE ( 'NONE', #507, #1486, #1564, .T. ) ;
#1088 = EDGE_LOOP ( 'NONE', ( #232, #1038, #1156, #685 ) ) ;
#1089 = VECTOR ( 'NONE', #1098, 1000.000000000000000 ) ;
#1090 = CIRCLE ( 'NONE', #883, 2.099999999999990763 ) ;
#1091 = FACE_BOUND ( 'NONE', #225, .T. ) ;
#1092 = DIRECTION ( 'NONE',  ( 0.8003155581858604206, 0.000000000000000000, -0.5995790250881486427 ) ) ;
#1093 = ORIENTED_EDGE ( 'NONE', *, *, #1055, .F. ) ;
#1094 = DIRECTION ( 'NONE',  ( -0.000000000000000000, 1.000000000000000000, -0.000000000000000000 ) ) ;
#1095 = ORIENTED_EDGE ( 'NONE', *, *, #715, .T. ) ;
#1096 = CARTESIAN_POINT ( 'NONE',  ( 48.97941917003237222, 141.0000000000000000, -160.1223301287633660 ) ) ;
#1097 = DIRECTION ( 'NONE',  ( 0.000000000000000000, -1.000000000000000000, 0.000000000000000000 ) ) ;
#1098 = DIRECTION ( 'NONE',  ( -0.000000000000000000, -1.000000000000000000, -0.000000000000000000 ) ) ;
#1099 = CARTESIAN_POINT ( 'NONE',  ( 22.51187981145651307, 11.00000000000000000, -183.9389036255606698 ) ) ;
#1100 = VERTEX_POINT ( 'NONE', #55 ) ;
#1101 = CYLINDRICAL_SURFACE ( 'NONE', #1649, 2.099999999999990763 ) ;
#1102 = VERTEX_POINT ( 'NONE', #1516 ) ;
#1103 = LINE ( 'NONE', #34, #1312 ) ;
#1104 = ORIENTED_EDGE ( 'NONE', *, *, #474, .T. ) ;
#1105 = EDGE_CURVE ( 'NONE', #992, #205, #1530, .T. ) ;
#1106 = DIRECTION ( 'NONE',  ( 0.000000000000000000, 0.000000000000000000, -1.000000000000000000 ) ) ;
#1107 = EDGE_CURVE ( 'NONE', #1188, #916, #238, .T. ) ;
#1108 = CYLINDRICAL_SURFACE ( 'NONE', #1258, 2.099999999999990763 ) ;
#1109 = ORIENTED_EDGE ( 'NONE', *, *, #621, .T. ) ;
#1110 = CARTESIAN_POINT ( 'NONE',  ( 20.21145472656504793, 0.000000000000000000, -185.9774963805738537 ) ) ;
#1111 = ORIENTED_EDGE ( 'NONE', *, *, #1702, .T. ) ;
#1112 = VECTOR ( 'NONE', #162, 1000.000000000000000 ) ;
#1113 = DIRECTION ( 'NONE',  ( 0.8003155581858608647, 0.000000000000000000, -0.5995790250881479766 ) ) ;
#1114 = AXIS2_PLACEMENT_3D ( 'NONE', #1520, #587, #1148 ) ;
#1115 = CIRCLE ( 'NONE', #1709, 2.099999999999990763 ) ;
#1116 = VECTOR ( 'NONE', #258, 1000.000000000000000 ) ;
#1117 = FACE_OUTER_BOUND ( 'NONE', #472, .T. ) ;
#1118 = VECTOR ( 'NONE', #1443, 1000.000000000000000 ) ;
#1119 = ADVANCED_FACE ( 'NONE', ( #316 ), #325, .F. ) ;
#1120 = DIRECTION ( 'NONE',  ( -0.000000000000000000, -1.000000000000000000, -0.000000000000000000 ) ) ;
#1121 = EDGE_LOOP ( 'NONE', ( #177, #942, #28, #588 ) ) ;
#1122 = CARTESIAN_POINT ( 'NONE',  ( 38.77616371500160142, 0.000000000000000000, -172.5706406440214096 ) ) ;
#1123 = ORIENTED_EDGE ( 'NONE', *, *, #23, .F. ) ;
#1124 = LINE ( 'NONE', #1374, #1112 ) ;
#1125 = PRODUCT_DEFINITION_SHAPE ( 'NONE', 'NONE',  #1670 ) ;
#1126 = DIRECTION ( 'NONE',  ( 0.000000000000000000, 0.000000000000000000, 1.000000000000000000 ) ) ;
#1127 = DIRECTION ( 'NONE',  ( 0.000000000000000000, 0.000000000000000000, -1.000000000000000000 ) ) ;
#1128 = EDGE_LOOP ( 'NONE', ( #1669, #338, #822, #996, #97 ) ) ;
#1129 = ADVANCED_FACE ( 'NONE', ( #1673, #868 ), #440, .F. ) ;
#1130 = FACE_OUTER_BOUND ( 'NONE', #90, .T. ) ;
#1131 = EDGE_CURVE ( 'NONE', #1405, #843, #1539, .T. ) ;
#1132 = EDGE_LOOP ( 'NONE', ( #1, #1587, #214, #696 ) ) ;
#1133 = FACE_BOUND ( 'NONE', #1661, .T. ) ;
#1134 = DIRECTION ( 'NONE',  ( 0.000000000000000000, 0.000000000000000000, -1.000000000000000000 ) ) ;
#1135 = ORIENTED_EDGE ( 'NONE', *, *, #1684, .F. ) ;
#1136 = DIRECTION ( 'NONE',  ( 0.000000000000000000, 1.000000000000000000, 0.000000000000000000 ) ) ;
#1137 = EDGE_LOOP ( 'NONE', ( #866, #1083, #190, #1356 ) ) ;
#1138 = EDGE_CURVE ( 'NONE', #1019, #1582, #729, .T. ) ;
#1139 = LINE ( 'NONE', #464, #943 ) ;
#1140 = AXIS2_PLACEMENT_3D ( 'NONE', #159, #284, #570 ) ;
#1141 = AXIS2_PLACEMENT_3D ( 'NONE', #367, #539, #932 ) ;
#1142 = AXIS2_PLACEMENT_3D ( 'NONE', #1465, #1172, #1180 ) ;
#1143 = CARTESIAN_POINT ( 'NONE',  ( -98.67880131525888032, 5.000000000000000000, -49.49999999999999289 ) ) ;
#1144 = AXIS2_PLACEMENT_3D ( 'NONE', #1404, #468, #995 ) ;
#1145 = CARTESIAN_POINT ( 'NONE',  ( 27.52679297851357276, 11.00000000000001066, -184.0823092718939051 ) ) ;
#1146 = AXIS2_PLACEMENT_3D ( 'NONE', #1348, #924, #389 ) ;
#1147 = VECTOR ( 'NONE', #1353, 1000.000000000000000 ) ;
#1148 = DIRECTION ( 'NONE',  ( 0.000000000000000000, 0.000000000000000000, -1.000000000000000000 ) ) ;
#1149 = ORIENTED_EDGE ( 'NONE', *, *, #1053, .F. ) ;
#1150 = ORIENTED_EDGE ( 'NONE', *, *, #1218, .F. ) ;
#1151 = EDGE_LOOP ( 'NONE', ( #166, #961, #1617, #8 ) ) ;
#1152 = CARTESIAN_POINT ( 'NONE',  ( -98.67880131525888032, 11.00000000000000000, -49.49999999999998579 ) ) ;
#1153 = CARTESIAN_POINT ( 'NONE',  ( 27.30105988102945958, 11.00000000000000000, -189.0459586407428390 ) ) ;
#1154 = FACE_OUTER_BOUND ( 'NONE', #611, .T. ) ;
#1155 = ORIENTED_EDGE ( 'NONE', *, *, #1740, .T. ) ;
#1156 = ORIENTED_EDGE ( 'NONE', *, *, #509, .T. ) ;
#1157 = LINE ( 'NONE', #1701, #1285 ) ;
#1158 = EDGE_CURVE ( 'NONE', #413, #1602, #716, .T. ) ;
#1159 = EDGE_CURVE ( 'NONE', #322, #451, #1538, .T. ) ;
#1160 = LINE ( 'NONE', #609, #1537 ) ;
#1161 = DIRECTION ( 'NONE',  ( -0.000000000000000000, 1.000000000000000000, -0.000000000000000000 ) ) ;
#1162 = DIRECTION ( 'NONE',  ( -0.8003155581858604206, 0.000000000000000000, 0.5995790250881485317 ) ) ;
#1163 = ORIENTED_EDGE ( 'NONE', *, *, #1269, .F. ) ;
#1164 = CARTESIAN_POINT ( 'NONE',  ( 43.73329289222158422, 135.9999999999999716, -172.2305806367740502 ) ) ;
#1165 = DIRECTION ( 'NONE',  ( -0.6568522433249944781, -0.000000000000000000, 0.7540193170197446726 ) ) ;
#1166 = AXIS2_PLACEMENT_3D ( 'NONE', #517, #356, #386 ) ;
#1167 = VERTEX_POINT ( 'NONE', #994 ) ;
#1168 = DIRECTION ( 'NONE',  ( -0.000000000000000000, -1.000000000000000000, -0.000000000000000000 ) ) ;
#1169 = CARTESIAN_POINT ( 'NONE',  ( 38.77616371500160142, 5.000000000000004441, -172.5706406440214096 ) ) ;
#1170 = CIRCLE ( 'NONE', #884, 2.099999999999990763 ) ;
#1171 = AXIS2_PLACEMENT_3D ( 'NONE', #1274, #1245, #448 ) ;
#1172 = DIRECTION ( 'NONE',  ( 0.000000000000000000, 1.000000000000000000, 0.000000000000000000 ) ) ;
#1173 = EDGE_LOOP ( 'NONE', ( #873, #1350, #87, #479 ) ) ;
#1174 = CIRCLE ( 'NONE', #409, 2.099999999999990763 ) ;
#1175 = CARTESIAN_POINT ( 'NONE',  ( -98.67880131525888032, 0.000000000000000000, -49.49999999999999289 ) ) ;
#1176 = ORIENTED_EDGE ( 'NONE', *, *, #1663, .T. ) ;
#1177 = CARTESIAN_POINT ( 'NONE',  ( 38.51722792560503450, 129.9999999999999716, -167.5603640539025889 ) ) ;
#1178 = ORIENTED_EDGE ( 'NONE', *, *, #1579, .F. ) ;
#1179 = DIRECTION ( 'NONE',  ( 0.000000000000000000, 0.000000000000000000, 1.000000000000000000 ) ) ;
#1180 = DIRECTION ( 'NONE',  ( 0.000000000000000000, 0.000000000000000000, 1.000000000000000000 ) ) ;
#1181 = EDGE_CURVE ( 'NONE', #376, #1582, #1174, .T. ) ;
#1182 = VERTEX_POINT ( 'NONE', #288 ) ;
#1183 = EDGE_CURVE ( 'NONE', #105, #369, #1685, .T. ) ;
#1184 = CARTESIAN_POINT ( 'NONE',  ( 33.76783518096853953, 129.9999999999999716, -172.8648591813576729 ) ) ;
#1185 = EDGE_CURVE ( 'NONE', #1237, #756, #1377, .T. ) ;
#1186 = ORIENTED_EDGE ( 'NONE', *, *, #509, .F. ) ;
#1187 = FACE_OUTER_BOUND ( 'NONE', #566, .T. ) ;
#1188 = VERTEX_POINT ( 'NONE', #574 ) ;
#1189 = DIRECTION ( 'NONE',  ( -0.000000000000000000, -1.000000000000000000, -0.000000000000000000 ) ) ;
#1190 = CARTESIAN_POINT ( 'NONE',  ( 53.80115864631251554, 129.9999999999999716, -159.4720955975541301 ) ) ;
#1191 = CARTESIAN_POINT ( 'NONE',  ( 53.80115864631245870, 141.0000000000000000, -159.4720955975541301 ) ) ;
#1192 = VERTEX_POINT ( 'NONE', #173 ) ;
#1193 = DIRECTION ( 'NONE',  ( 0.000000000000000000, 0.000000000000000000, 1.000000000000000000 ) ) ;
#1194 = ORIENTED_EDGE ( 'NONE', *, *, #263, .F. ) ;
#1195 = EDGE_CURVE ( 'NONE', #1182, #511, #158, .T. ) ;
#1196 = LINE ( 'NONE', #1044, #1066 ) ;
#1197 = FACE_OUTER_BOUND ( 'NONE', #585, .T. ) ;
#1198 = AXIS2_PLACEMENT_3D ( 'NONE', #348, #106, #1588 ) ;
#1199 = LINE ( 'NONE', #811, #1203 ) ;
#1200 = CIRCLE ( 'NONE', #604, 2.099999999999990763 ) ;
#1201 = CIRCLE ( 'NONE', #1142, 2.099999999999990763 ) ;
#1202 = ORIENTED_EDGE ( 'NONE', *, *, #304, .F. ) ;
#1203 = VECTOR ( 'NONE', #666, 1000.000000000000227 ) ;
#1204 = CYLINDRICAL_SURFACE ( 'NONE', #1058, 2.099999999999990763 ) ;
#1205 = VERTEX_POINT ( 'NONE', #1266 ) ;
#1206 = VECTOR ( 'NONE', #29, 1000.000000000000000 ) ;
#1207 = CIRCLE ( 'NONE', #1141, 181.0000000000000000 ) ;
#1208 = DIRECTION ( 'NONE',  ( 0.000000000000000000, 1.000000000000000000, 0.000000000000000000 ) ) ;
#1209 = ADVANCED_FACE ( 'NONE', ( #60, #1252, #44, #1117, #164, #589, #1133 ), #455, .F. ) ;
#1210 = CARTESIAN_POINT ( 'NONE',  ( 27.70551689555345121, 129.9999999999999716, -179.0685305557955473 ) ) ;
#1211 = LINE ( 'NONE', #954, #1399 ) ;
#1212 = ORIENTED_EDGE ( 'NONE', *, *, #1549, .F. ) ;
#1213 = DIRECTION ( 'NONE',  ( 0.000000000000000000, 0.000000000000000000, 1.000000000000000000 ) ) ;
#1214 = ORIENTED_EDGE ( 'NONE', *, *, #816, .T. ) ;
#1215 = FACE_OUTER_BOUND ( 'NONE', #836, .T. ) ;
#1216 = DIRECTION ( 'NONE',  ( 0.000000000000000000, 0.000000000000000000, -1.000000000000000000 ) ) ;
#1217 = EDGE_CURVE ( 'NONE', #1633, #829, #632, .T. ) ;
#1218 = EDGE_CURVE ( 'NONE', #445, #359, #1449, .T. ) ;
#1219 = DIRECTION ( 'NONE',  ( 0.000000000000000000, -1.000000000000000000, 0.000000000000000000 ) ) ;
#1220 = ORIENTED_EDGE ( 'NONE', *, *, #3, .F. ) ;
#1221 = DIRECTION ( 'NONE',  ( 0.000000000000000000, 0.000000000000000000, -1.000000000000000000 ) ) ;
#1222 = ORIENTED_EDGE ( 'NONE', *, *, #1362, .T. ) ;
#1223 = FACE_OUTER_BOUND ( 'NONE', #1256, .T. ) ;
#1224 = APPLICATION_CONTEXT ( 'automotive_design' ) ;
#1225 = CARTESIAN_POINT ( 'NONE',  ( -98.67880131525888032, 135.9999999999999716, -49.49999999999998579 ) ) ;
#1226 = CARTESIAN_POINT ( 'NONE',  ( 27.52679297851357276, 5.000000000000004441, -181.9823092718939108 ) ) ;
#1227 = ORIENTED_EDGE ( 'NONE', *, *, #14, .T. ) ;
#1228 = AXIS2_PLACEMENT_3D ( 'NONE', #1175, #655, #499 ) ;
#1229 = DIRECTION ( 'NONE',  ( 0.000000000000000000, 0.000000000000000000, 1.000000000000000000 ) ) ;
#1230 = ORIENTED_EDGE ( 'NONE', *, *, #926, .T. ) ;
#1231 = AXIS2_PLACEMENT_3D ( 'NONE', #1706, #483, #1030 ) ;
#1232 = DIRECTION ( 'NONE',  ( -0.000000000000000000, -1.000000000000000000, -0.000000000000000000 ) ) ;
#1233 = VECTOR ( 'NONE', #808, 1000.000000000000000 ) ;
#1234 = ORIENTED_EDGE ( 'NONE', *, *, #66, .F. ) ;
#1235 = DIRECTION ( 'NONE',  ( 0.5995790250881485317, 0.000000000000000000, 0.8003155581858604206 ) ) ;
#1236 = DIRECTION ( 'NONE',  ( -0.000000000000000000, -1.000000000000000000, -0.000000000000000000 ) ) ;
#1237 = VERTEX_POINT ( 'NONE', #1043 ) ;
#1238 = DIRECTION ( 'NONE',  ( 0.000000000000000000, -1.000000000000000000, 0.000000000000000000 ) ) ;
#1239 = ORIENTED_EDGE ( 'NONE', *, *, #1055, .T. ) ;
#1240 = EDGE_CURVE ( 'NONE', #616, #754, #235, .T. ) ;
#1241 = EDGE_CURVE ( 'NONE', #812, #981, #465, .T. ) ;
#1242 = FACE_BOUND ( 'NONE', #845, .T. ) ;
#1243 = CARTESIAN_POINT ( 'NONE',  ( 48.97941917003237222, 11.00000000000001066, -160.1223301287633660 ) ) ;
#1244 = DIRECTION ( 'NONE',  ( 0.8003155581858604206, 0.000000000000000000, -0.5995790250881486427 ) ) ;
#1245 = DIRECTION ( 'NONE',  ( 0.000000000000000000, 1.000000000000000000, 0.000000000000000000 ) ) ;
#1246 = ORIENTED_EDGE ( 'NONE', *, *, #817, .T. ) ;
#1247 = CARTESIAN_POINT ( 'NONE',  ( 38.77616371500160142, 141.0000000000000000, -172.5706406440214096 ) ) ;
#1248 = ORIENTED_EDGE ( 'NONE', *, *, #1087, .F. ) ;
#1249 = CARTESIAN_POINT ( 'NONE',  ( 53.80115864631251554, 5.000000000000004441, -159.4720955975541301 ) ) ;
#1250 = PRODUCT_RELATED_PRODUCT_CATEGORY ( 'part', '', ( #698 ) ) ;
#1251 = ORIENTED_EDGE ( 'NONE', *, *, #1527, .F. ) ;
#1252 = FACE_BOUND ( 'NONE', #536, .T. ) ;
#1253 = CYLINDRICAL_SURFACE ( 'NONE', #1144, 2.099999999999990763 ) ;
#1254 = ORIENTED_EDGE ( 'NONE', *, *, #11, .F. ) ;
#1255 = FACE_OUTER_BOUND ( 'NONE', #1121, .T. ) ;
#1256 = EDGE_LOOP ( 'NONE', ( #769, #330, #1461, #492, #931, #310, #1248, #1109, #850, #528, #1747, #1571 ) ) ;
#1257 = VECTOR ( 'NONE', #997, 1000.000000000000114 ) ;
#1258 = AXIS2_PLACEMENT_3D ( 'NONE', #576, #988, #195 ) ;
#1259 = DIRECTION ( 'NONE',  ( 0.000000000000000000, 1.000000000000000000, -0.000000000000000000 ) ) ;
#1260 = AXIS2_PLACEMENT_3D ( 'NONE', #1572, #1563, #340 ) ;
#1261 = EDGE_CURVE ( 'NONE', #1442, #280, #619, .T. ) ;
#1262 = DIRECTION ( 'NONE',  ( 0.000000000000000000, 1.000000000000000000, 0.000000000000000000 ) ) ;
#1263 = ORIENTED_EDGE ( 'NONE', *, *, #1527, .T. ) ;
#1264 = DIRECTION ( 'NONE',  ( 0.7294434106877712987, -0.000000000000000000, 0.6840411614838622922 ) ) ;
#1265 = ORIENTED_EDGE ( 'NONE', *, *, #1181, .T. ) ;
#1266 = CARTESIAN_POINT ( 'NONE',  ( 44.01579167327867737, 135.9999999999999716, -160.8519336690459909 ) ) ;
#1267 = DIRECTION ( 'NONE',  ( 0.000000000000000000, 0.000000000000000000, 1.000000000000000000 ) ) ;
#1268 = EDGE_LOOP ( 'NONE', ( #1079, #824 ) ) ;
#1269 = EDGE_CURVE ( 'NONE', #1429, #369, #876, .T. ) ;
#1270 = DIRECTION ( 'NONE',  ( 0.6840411614838622922, 0.000000000000000000, -0.7294434106877712987 ) ) ;
#1271 = ORIENTED_EDGE ( 'NONE', *, *, #1240, .F. ) ;
#1272 = PRODUCT_CONTEXT ( 'NONE', #1470, 'mechanical' ) ;
#1273 = CARTESIAN_POINT ( 'NONE',  ( 48.97941917003237222, 0.000000000000000000, -160.1223301287633660 ) ) ;
#1274 = CARTESIAN_POINT ( 'NONE',  ( 27.52679297851357276, 135.9999999999999716, -184.0823092718939051 ) ) ;
#1275 = DIRECTION ( 'NONE',  ( 0.6840411614838612930, 0.000000000000000000, -0.7294434106877721868 ) ) ;
#1276 = ORIENTED_EDGE ( 'NONE', *, *, #553, .T. ) ;
#1277 = DIRECTION ( 'NONE',  ( 0.000000000000000000, 1.000000000000000000, 0.000000000000000000 ) ) ;
#1278 = ORIENTED_EDGE ( 'NONE', *, *, #1185, .F. ) ;
#1279 = AXIS2_PLACEMENT_3D ( 'NONE', #531, #1073, #1611 ) ;
#1280 = AXIS2_PLACEMENT_3D ( 'NONE', #937, #400, #1213 ) ;
#1281 = FACE_OUTER_BOUND ( 'NONE', #1128, .T. ) ;
#1282 = AXIS2_PLACEMENT_3D ( 'NONE', #309, #980, #1267 ) ;
#1283 = LINE ( 'NONE', #85, #1118 ) ;
#1284 = PRESENTATION_LAYER_ASSIGNMENT (  '', '', ( #978 ) ) ;
#1285 = VECTOR ( 'NONE', #1027, 1000.000000000000000 ) ;
#1286 = PLANE ( 'NONE',  #49 ) ;
#1287 = ORIENTED_EDGE ( 'NONE', *, *, #1416, .F. ) ;
#1288 = DIRECTION ( 'NONE',  ( 0.000000000000000000, 1.000000000000000000, 0.000000000000000000 ) ) ;
#1289 = ORIENTED_EDGE ( 'NONE', *, *, #638, .T. ) ;
#1290 = EDGE_CURVE ( 'NONE', #272, #318, #366, .T. ) ;
#1291 = EDGE_CURVE ( 'NONE', #1545, #445, #201, .T. ) ;
#1292 = DIRECTION ( 'NONE',  ( -0.000000000000000000, 1.000000000000000000, -0.000000000000000000 ) ) ;
#1293 = DIRECTION ( 'NONE',  ( -0.5995790250881479766, 0.000000000000000000, -0.8003155581858608647 ) ) ;
#1294 = DIRECTION ( 'NONE',  ( 0.000000000000000000, 1.000000000000000000, 0.000000000000000000 ) ) ;
#1295 = DIRECTION ( 'NONE',  ( -0.6670495427860251292, 0.000000000000000000, -0.7450133605976170248 ) ) ;
#1296 = EDGE_LOOP ( 'NONE', ( #569, #1298, #51, #1335 ) ) ;
#1297 = FACE_OUTER_BOUND ( 'NONE', #1296, .T. ) ;
#1298 = ORIENTED_EDGE ( 'NONE', *, *, #390, .T. ) ;
#1299 = EDGE_CURVE ( 'NONE', #1300, #192, #633, .T. ) ;
#1300 = VERTEX_POINT ( 'NONE', #108 ) ;
#1301 = PLANE ( 'NONE',  #524 ) ;
#1302 = CARTESIAN_POINT ( 'NONE',  ( 48.97941917003237222, 141.0000000000000000, -162.2223301287633603 ) ) ;
#1303 = CARTESIAN_POINT ( 'NONE',  ( 48.28479433190629067, 11.00000000000000000, -155.1536868947626431 ) ) ;
#1304 = EDGE_LOOP ( 'NONE', ( #151, #306, #858, #793 ) ) ;
#1305 = CYLINDRICAL_SURFACE ( 'NONE', #1591, 2.099999999999990763 ) ;
#1306 = ORIENTED_EDGE ( 'NONE', *, *, #1549, .T. ) ;
#1307 = CARTESIAN_POINT ( 'NONE',  ( 38.77616371500160142, 141.0000000000000000, -170.4706406440214153 ) ) ;
#1308 = AXIS2_PLACEMENT_3D ( 'NONE', #1726, #907, #766 ) ;
#1309 = ORIENTED_EDGE ( 'NONE', *, *, #733, .F. ) ;
#1310 = AXIS2_PLACEMENT_3D ( 'NONE', #1634, #1238, #1351 ) ;
#1311 = CARTESIAN_POINT ( 'NONE',  ( -98.67880131525888032, 129.9999999999999716, -49.49999999999998579 ) ) ;
#1312 = VECTOR ( 'NONE', #677, 1000.000000000000000 ) ;
#1313 = CIRCLE ( 'NONE', #268, 181.0000000000000284 ) ;
#1314 = EDGE_CURVE ( 'NONE', #1690, #163, #665, .T. ) ;
#1315 = AXIS2_PLACEMENT_3D ( 'NONE', #595, #1408, #422 ) ;
#1316 = DIRECTION ( 'NONE',  ( -0.000000000000000000, 1.000000000000000000, -0.000000000000000000 ) ) ;
#1317 = ORIENTED_EDGE ( 'NONE', *, *, #949, .T. ) ;
#1318 = AXIS2_PLACEMENT_3D ( 'NONE', #893, #1464, #476 ) ;
#1319 = DIRECTION ( 'NONE',  ( -0.000000000000000000, -1.000000000000000000, -0.000000000000000000 ) ) ;
#1320 = ORIENTED_EDGE ( 'NONE', *, *, #1453, .F. ) ;
#1321 = CARTESIAN_POINT ( 'NONE',  ( 27.70551689555345121, 11.00000000000000000, -179.0685305557955473 ) ) ;
#1322 = DIRECTION ( 'NONE',  ( -0.000000000000000000, 1.000000000000000000, -0.000000000000000000 ) ) ;
#1323 = ORIENTED_EDGE ( 'NONE', *, *, #1439, .F. ) ;
#1324 = LINE ( 'NONE', #643, #1512 ) ;
#1325 = PLANE ( 'NONE',  #1596 ) ;
#1326 = ORIENTED_EDGE ( 'NONE', *, *, #683, .F. ) ;
#1327 = CARTESIAN_POINT ( 'NONE',  ( -98.67880131525888032, 5.000000000000000000, -49.49999999999998579 ) ) ;
#1328 = ORIENTED_EDGE ( 'NONE', *, *, #1195, .T. ) ;
#1329 = LINE ( 'NONE', #1067, #1233 ) ;
#1330 = CARTESIAN_POINT ( 'NONE',  ( 48.97941917003237222, 5.000000000000004441, -162.2223301287633603 ) ) ;
#1331 = DIRECTION ( 'NONE',  ( -0.000000000000000000, -1.000000000000000000, -0.000000000000000000 ) ) ;
#1332 = CARTESIAN_POINT ( 'NONE',  ( 27.52679297851357276, 0.000000000000000000, -181.9823092718939108 ) ) ;
#1333 = ORIENTED_EDGE ( 'NONE', *, *, #983, .F. ) ;
#1334 = CARTESIAN_POINT ( 'NONE',  ( 32.49469696512638706, 129.9999999999999716, -184.1755855709777450 ) ) ;
#1335 = ORIENTED_EDGE ( 'NONE', *, *, #1583, .F. ) ;
#1336 = CARTESIAN_POINT ( 'NONE',  ( 38.51722792560503450, 135.9999999999999716, -167.5603640539025889 ) ) ;
#1337 = DIRECTION ( 'NONE',  ( 0.000000000000000000, 0.000000000000000000, -1.000000000000000000 ) ) ;
#1338 = CARTESIAN_POINT ( 'NONE',  ( 53.62652465245115252, 135.9999999999999716, -159.1555951734622454 ) ) ;
#1339 = CIRCLE ( 'NONE', #1679, 187.9999999999999716 ) ;
#1340 = ORIENTED_EDGE ( 'NONE', *, *, #25, .T. ) ;
#1341 = CIRCLE ( 'NONE', #1231, 187.9999999999999716 ) ;
#1342 = DIRECTION ( 'NONE',  ( -0.000000000000000000, -1.000000000000000000, -0.000000000000000000 ) ) ;
#1343 = ORIENTED_EDGE ( 'NONE', *, *, #556, .T. ) ;
#1344 = AXIS2_PLACEMENT_3D ( 'NONE', #859, #1401, #187 ) ;
#1345 = LINE ( 'NONE', #1603, #133 ) ;
#1346 = EDGE_CURVE ( 'NONE', #992, #485, #1711, .T. ) ;
#1347 = EDGE_CURVE ( 'NONE', #1558, #843, #480, .T. ) ;
#1348 = CARTESIAN_POINT ( 'NONE',  ( 48.97941917003237222, 5.000000000000004441, -160.1223301287633660 ) ) ;
#1349 = DIRECTION ( 'NONE',  ( 0.000000000000000000, 1.000000000000000000, 0.000000000000000000 ) ) ;
#1350 = ORIENTED_EDGE ( 'NONE', *, *, #1495, .T. ) ;
#1351 = DIRECTION ( 'NONE',  ( 0.000000000000000000, 0.000000000000000000, 1.000000000000000000 ) ) ;
#1352 = ORIENTED_EDGE ( 'NONE', *, *, #662, .T. ) ;
#1353 = DIRECTION ( 'NONE',  ( -0.000000000000000000, 1.000000000000000000, -0.000000000000000000 ) ) ;
#1354 = CARTESIAN_POINT ( 'NONE',  ( 38.51722792560503450, 129.9999999999999716, -167.5603640539025889 ) ) ;
#1355 = LINE ( 'NONE', #1082, #156 ) ;
#1356 = ORIENTED_EDGE ( 'NONE', *, *, #534, .T. ) ;
#1357 = PLANE ( 'NONE',  #914 ) ;
#1358 = EDGE_LOOP ( 'NONE', ( #125, #627, #1733, #142 ) ) ;
#1359 = CARTESIAN_POINT ( 'NONE',  ( 32.49469696512638706, 11.00000000000000000, -184.1755855709777450 ) ) ;
#1360 = DIRECTION ( 'NONE',  ( 0.000000000000000000, 1.000000000000000000, 0.000000000000000000 ) ) ;
#1361 = CARTESIAN_POINT ( 'NONE',  ( 32.49469696512638706, 11.00000000000000000, -184.1755855709777450 ) ) ;
#1362 = EDGE_CURVE ( 'NONE', #1010, #1699, #358, .T. ) ;
#1363 = DIRECTION ( 'NONE',  ( 0.000000000000000000, 1.000000000000000000, 0.000000000000000000 ) ) ;
#1364 = ORIENTED_EDGE ( 'NONE', *, *, #239, .T. ) ;
#1365 = CIRCLE ( 'NONE', #1228, 181.0000000000000000 ) ;
#1366 = ADVANCED_FACE ( 'NONE', ( #738, #1281 ), #77, .T. ) ;
#1367 = EDGE_CURVE ( 'NONE', #1648, #1188, #1157, .T. ) ;
#1368 = AXIS2_PLACEMENT_3D ( 'NONE', #242, #790, #644 ) ;
#1369 = AXIS2_PLACEMENT_3D ( 'NONE', #1457, #610, #928 ) ;
#1370 = DIRECTION ( 'NONE',  ( 0.000000000000000000, 0.000000000000000000, -1.000000000000000000 ) ) ;
#1371 = ORIENTED_EDGE ( 'NONE', *, *, #91, .T. ) ;
#1372 = CIRCLE ( 'NONE', #291, 2.099999999999990763 ) ;
#1373 = AXIS2_PLACEMENT_3D ( 'NONE', #1354, #1620, #664 ) ;
#1374 = CARTESIAN_POINT ( 'NONE',  ( 38.77616371500160142, 141.0000000000000000, -174.6706406440214039 ) ) ;
#1375 = CIRCLE ( 'NONE', #1279, 181.0000000000000284 ) ;
#1376 = ORIENTED_EDGE ( 'NONE', *, *, #244, .T. ) ;
#1377 = LINE ( 'NONE', #1646, #920 ) ;
#1378 = CARTESIAN_POINT ( 'NONE',  ( 44.01579167327867737, 11.00000000000000000, -160.8519336690459909 ) ) ;
#1379 = EDGE_LOOP ( 'NONE', ( #1419, #229, #848, #976 ) ) ;
#1380 = ADVANCED_FACE ( 'NONE', ( #1561 ), #351, .F. ) ;
#1381 = DIRECTION ( 'NONE',  ( 0.000000000000000000, 0.000000000000000000, -1.000000000000000000 ) ) ;
#1382 = EDGE_LOOP ( 'NONE', ( #1012, #1061 ) ) ;
#1383 = VERTEX_POINT ( 'NONE', #913 ) ;
#1384 = CARTESIAN_POINT ( 'NONE',  ( -98.67880131525888032, 135.9999999999999716, -49.49999999999999289 ) ) ;
#1385 = LINE ( 'NONE', #61, #1004 ) ;
#1386 = ORIENTED_EDGE ( 'NONE', *, *, #1013, .F. ) ;
#1387 = DIRECTION ( 'NONE',  ( 0.000000000000000000, 1.000000000000000000, 0.000000000000000000 ) ) ;
#1388 = ORIENTED_EDGE ( 'NONE', *, *, #1505, .T. ) ;
#1389 = EDGE_CURVE ( 'NONE', #363, #1076, #1723, .T. ) ;
#1390 = DIRECTION ( 'NONE',  ( 0.000000000000000000, 1.000000000000000000, 0.000000000000000000 ) ) ;
#1391 = FACE_OUTER_BOUND ( 'NONE', #199, .T. ) ;
#1392 = ORIENTED_EDGE ( 'NONE', *, *, #671, .T. ) ;
#1393 = CARTESIAN_POINT ( 'NONE',  ( 38.77616371500160142, 135.9999999999999716, -172.5706406440214096 ) ) ;
#1394 = AXIS2_PLACEMENT_3D ( 'NONE', #35, #1708, #364 ) ;
#1395 = ORIENTED_EDGE ( 'NONE', *, *, #1033, .F. ) ;
#1396 = VECTOR ( 'NONE', #1275, 1000.000000000000114 ) ;
#1397 = VECTOR ( 'NONE', #1232, 1000.000000000000000 ) ;
#1398 =( NAMED_UNIT ( * ) SI_UNIT ( $, .STERADIAN. ) SOLID_ANGLE_UNIT ( ) );
#1399 = VECTOR ( 'NONE', #673, 1000.000000000000227 ) ;
#1400 = VECTOR ( 'NONE', #1092, 1000.000000000000114 ) ;
#1401 = DIRECTION ( 'NONE',  ( -0.000000000000000000, -1.000000000000000000, -0.000000000000000000 ) ) ;
#1402 = ADVANCED_FACE ( 'NONE', ( #112 ), #103, .T. ) ;
#1403 = AXIS2_PLACEMENT_3D ( 'NONE', #1384, #1259, #1106 ) ;
#1404 = CARTESIAN_POINT ( 'NONE',  ( 48.97941917003237222, 141.0000000000000000, -160.1223301287633660 ) ) ;
#1405 = VERTEX_POINT ( 'NONE', #904 ) ;
#1406 = CARTESIAN_POINT ( 'NONE',  ( 72.97556416701814896, 5.000000000000004441, -148.6858927009120634 ) ) ;
#1407 = ORIENTED_EDGE ( 'NONE', *, *, #747, .T. ) ;
#1408 = DIRECTION ( 'NONE',  ( 0.000000000000000000, 1.000000000000000000, 0.000000000000000000 ) ) ;
#1409 = FACE_OUTER_BOUND ( 'NONE', #1610, .T. ) ;
#1410 = CARTESIAN_POINT ( 'NONE',  ( 27.70551689555345121, 11.00000000000000000, -179.0685305557955473 ) ) ;
#1411 = ORIENTED_EDGE ( 'NONE', *, *, #188, .T. ) ;
#1412 = VERTEX_POINT ( 'NONE', #762 ) ;
#1413 = ORIENTED_EDGE ( 'NONE', *, *, #421, .F. ) ;
#1414 = FACE_OUTER_BOUND ( 'NONE', #1151, .T. ) ;
#1415 = CARTESIAN_POINT ( 'NONE',  ( 27.70551689555345121, 5.000000000000000000, -179.0685305557955473 ) ) ;
#1416 = EDGE_CURVE ( 'NONE', #605, #1644, #1696, .T. ) ;
#1417 = ORIENTED_EDGE ( 'NONE', *, *, #715, .F. ) ;
#1418 = EDGE_CURVE ( 'NONE', #1582, #376, #102, .T. ) ;
#1419 = ORIENTED_EDGE ( 'NONE', *, *, #944, .F. ) ;
#1420 = ORIENTED_EDGE ( 'NONE', *, *, #1261, .F. ) ;
#1421 = CIRCLE ( 'NONE', #1540, 2.099999999999990763 ) ;
#1422 = AXIS2_PLACEMENT_3D ( 'NONE', #792, #1574, #753 ) ;
#1423 = DIRECTION ( 'NONE',  ( -0.7450133605976196893, 0.000000000000000000, 0.6670495427860219095 ) ) ;
#1424 = AXIS2_PLACEMENT_3D ( 'NONE', #193, #454, #728 ) ;
#1425 = AXIS2_PLACEMENT_3D ( 'NONE', #708, #317, #1688 ) ;
#1426 = AXIS2_PLACEMENT_3D ( 'NONE', #138, #672, #1216 ) ;
#1427 = VECTOR ( 'NONE', #1165, 1000.000000000000000 ) ;
#1428 = DIRECTION ( 'NONE',  ( -0.5995790250881485317, 0.000000000000000000, -0.8003155581858604206 ) ) ;
#1429 = VERTEX_POINT ( 'NONE', #895 ) ;
#1430 = EDGE_CURVE ( 'NONE', #605, #398, #839, .T. ) ;
#1431 = CYLINDRICAL_SURFACE ( 'NONE', #152, 2.099999999999990763 ) ;
#1432 = DIRECTION ( 'NONE',  ( 0.000000000000000000, 1.000000000000000000, 0.000000000000000000 ) ) ;
#1433 = ORIENTED_EDGE ( 'NONE', *, *, #1474, .T. ) ;
#1434 = DIRECTION ( 'NONE',  ( -0.000000000000000000, -1.000000000000000000, -0.000000000000000000 ) ) ;
#1435 = DIRECTION ( 'NONE',  ( 0.000000000000000000, -1.000000000000000000, 0.000000000000000000 ) ) ;
#1436 = DIRECTION ( 'NONE',  ( 0.000000000000000000, 0.000000000000000000, 1.000000000000000000 ) ) ;
#1437 = EDGE_LOOP ( 'NONE', ( #1722, #248 ) ) ;
#1438 = LINE ( 'NONE', #96, #1738 ) ;
#1439 = EDGE_CURVE ( 'NONE', #814, #318, #93, .T. ) ;
#1440 = DIRECTION ( 'NONE',  ( 0.7450133605976170248, 0.000000000000000000, -0.6670495427860251292 ) ) ;
#1441 = EDGE_CURVE ( 'NONE', #1644, #1102, #1200, .T. ) ;
#1442 = VERTEX_POINT ( 'NONE', #1190 ) ;
#1443 = DIRECTION ( 'NONE',  ( -0.000000000000000000, -1.000000000000000000, -0.000000000000000000 ) ) ;
#1444 = CARTESIAN_POINT ( 'NONE',  ( -98.67880131525888032, 11.00000000000000000, -49.49999999999999289 ) ) ;
#1445 = DIRECTION ( 'NONE',  ( 0.000000000000000000, 0.000000000000000000, 1.000000000000000000 ) ) ;
#1446 = ORIENTED_EDGE ( 'NONE', *, *, #66, .T. ) ;
#1447 = PLANE ( 'NONE',  #1198 ) ;
#1448 = ORIENTED_EDGE ( 'NONE', *, *, #867, .F. ) ;
#1449 = LINE ( 'NONE', #768, #380 ) ;
#1450 = DIRECTION ( 'NONE',  ( 0.7450133605976170248, 0.000000000000000000, -0.6670495427860251292 ) ) ;
#1451 = EDGE_LOOP ( 'NONE', ( #1388, #1417, #402, #538 ) ) ;
#1452 = CIRCLE ( 'NONE', #1422, 21.99999999999996447 ) ;
#1453 = EDGE_CURVE ( 'NONE', #1700, #1558, #773, .T. ) ;
#1454 = DIRECTION ( 'NONE',  ( -0.000000000000000000, 1.000000000000000000, -0.000000000000000000 ) ) ;
#1455 = AXIS2_PLACEMENT_3D ( 'NONE', #625, #652, #269 ) ;
#1456 = CIRCLE ( 'NONE', #1146, 2.099999999999990763 ) ;
#1457 = CARTESIAN_POINT ( 'NONE',  ( 72.97556416701814896, 0.000000000000000000, -148.6858927009120634 ) ) ;
#1458 = ORIENTED_EDGE ( 'NONE', *, *, #1346, .T. ) ;
#1459 = VECTOR ( 'NONE', #89, 1000.000000000000000 ) ;
#1460 = DIRECTION ( 'NONE',  ( 0.000000000000000000, 0.000000000000000000, -1.000000000000000000 ) ) ;
#1461 = ORIENTED_EDGE ( 'NONE', *, *, #1314, .F. ) ;
#1462 = CARTESIAN_POINT ( 'NONE',  ( 51.10946111210296294, 0.000000000000000000, -151.1094308565488120 ) ) ;
#1463 = FACE_OUTER_BOUND ( 'NONE', #1132, .T. ) ;
#1464 = DIRECTION ( 'NONE',  ( -0.000000000000000000, -1.000000000000000000, -0.000000000000000000 ) ) ;
#1465 = CARTESIAN_POINT ( 'NONE',  ( 38.77616371500160142, 135.9999999999999716, -172.5706406440214096 ) ) ;
#1466 = ORIENTED_EDGE ( 'NONE', *, *, #1158, .F. ) ;
#1467 = DIRECTION ( 'NONE',  ( -0.000000000000000000, -1.000000000000000000, -0.000000000000000000 ) ) ;
#1468 = ORIENTED_EDGE ( 'NONE', *, *, #304, .T. ) ;
#1469 = CARTESIAN_POINT ( 'NONE',  ( 48.97941917003237222, 0.000000000000000000, -162.2223301287633603 ) ) ;
#1470 = APPLICATION_CONTEXT ( 'automotive_design' ) ;
#1471 = LINE ( 'NONE', #1604, #1628 ) ;
#1472 = DIRECTION ( 'NONE',  ( 0.000000000000000000, 0.000000000000000000, 1.000000000000000000 ) ) ;
#1473 = ORIENTED_EDGE ( 'NONE', *, *, #534, .F. ) ;
#1474 = EDGE_CURVE ( 'NONE', #775, #168, #1090, .T. ) ;
#1475 = FACE_OUTER_BOUND ( 'NONE', #1615, .T. ) ;
#1476 = EDGE_CURVE ( 'NONE', #280, #107, #323, .T. ) ;
#1477 = ORIENTED_EDGE ( 'NONE', *, *, #326, .T. ) ;
#1478 = DIRECTION ( 'NONE',  ( -0.000000000000000000, 1.000000000000000000, -0.000000000000000000 ) ) ;
#1479 = DIRECTION ( 'NONE',  ( 0.000000000000000000, 0.000000000000000000, 1.000000000000000000 ) ) ;
#1480 = CIRCLE ( 'NONE', #1000, 2.099999999999990763 ) ;
#1481 = CARTESIAN_POINT ( 'NONE',  ( 48.97941917003237222, 141.0000000000000000, -158.0223301287633717 ) ) ;
#1482 = CIRCLE ( 'NONE', #1114, 2.099999999999990763 ) ;
#1483 = EDGE_LOOP ( 'NONE', ( #1446, #919, #1675, #1569 ) ) ;
#1484 = VECTOR ( 'NONE', #397, 1000.000000000000000 ) ;
#1485 = DIRECTION ( 'NONE',  ( 0.000000000000000000, 0.000000000000000000, -1.000000000000000000 ) ) ;
#1486 = VERTEX_POINT ( 'NONE', #651 ) ;
#1487 = AXIS2_PLACEMENT_3D ( 'NONE', #1594, #371, #240 ) ;
#1488 = LINE ( 'NONE', #143, #979 ) ;
#1489 = FACE_OUTER_BOUND ( 'NONE', #634, .T. ) ;
#1490 = LINE ( 'NONE', #535, #1484 ) ;
#1491 = ORIENTED_EDGE ( 'NONE', *, *, #887, .F. ) ;
#1492 = CARTESIAN_POINT ( 'NONE',  ( 48.97941917003237222, 135.9999999999999716, -158.0223301287633717 ) ) ;
#1493 = ORIENTED_EDGE ( 'NONE', *, *, #1021, .T. ) ;
#1494 = EDGE_CURVE ( 'NONE', #259, #507, #749, .T. ) ;
#1495 = EDGE_CURVE ( 'NONE', #451, #322, #550, .T. ) ;
#1496 = LINE ( 'NONE', #854, #1625 ) ;
#1497 = EDGE_CURVE ( 'NONE', #1648, #998, #1421, .T. ) ;
#1498 = DIRECTION ( 'NONE',  ( 0.7450133605976170248, 0.000000000000000000, -0.6670495427860251292 ) ) ;
#1499 = ORIENTED_EDGE ( 'NONE', *, *, #45, .F. ) ;
#1500 = FACE_BOUND ( 'NONE', #42, .T. ) ;
#1501 = VERTEX_POINT ( 'NONE', #1715 ) ;
#1502 = DIRECTION ( 'NONE',  ( 0.000000000000000000, -0.000000000000000000, 1.000000000000000000 ) ) ;
#1503 = ORIENTED_EDGE ( 'NONE', *, *, #661, .T. ) ;
#1504 = DIRECTION ( 'NONE',  ( 0.000000000000000000, 0.000000000000000000, 1.000000000000000000 ) ) ;
#1505 = EDGE_CURVE ( 'NONE', #1602, #434, #494, .T. ) ;
#1506 = DIRECTION ( 'NONE',  ( 0.000000000000000000, 0.000000000000000000, -1.000000000000000000 ) ) ;
#1507 = ORIENTED_EDGE ( 'NONE', *, *, #508, .F. ) ;
#1508 = VECTOR ( 'NONE', #1551, 1000.000000000000000 ) ;
#1509 = DIRECTION ( 'NONE',  ( -0.000000000000000000, -1.000000000000000000, -0.000000000000000000 ) ) ;
#1510 = ORIENTED_EDGE ( 'NONE', *, *, #1299, .T. ) ;
#1511 = VECTOR ( 'NONE', #362, 1000.000000000000000 ) ;
#1512 = VECTOR ( 'NONE', #1189, 1000.000000000000000 ) ;
#1513 = DIRECTION ( 'NONE',  ( 0.000000000000000000, 1.000000000000000000, 0.000000000000000000 ) ) ;
#1514 = VECTOR ( 'NONE', #1331, 1000.000000000000000 ) ;
#1515 = ORIENTED_EDGE ( 'NONE', *, *, #757, .T. ) ;
#1516 = CARTESIAN_POINT ( 'NONE',  ( 48.97941917003237222, 11.00000000000001066, -158.0223301287633717 ) ) ;
#1517 = DIRECTION ( 'NONE',  ( 0.6840411614838612930, 0.000000000000000000, -0.7294434106877721868 ) ) ;
#1518 = ORIENTED_EDGE ( 'NONE', *, *, #613, .F. ) ;
#1519 = EDGE_CURVE ( 'NONE', #756, #812, #241, .T. ) ;
#1520 = CARTESIAN_POINT ( 'NONE',  ( 38.77616371500160142, 11.00000000000001066, -172.5706406440214096 ) ) ;
#1521 = ORIENTED_EDGE ( 'NONE', *, *, #757, .F. ) ;
#1522 = CARTESIAN_POINT ( 'NONE',  ( 27.70551689555345121, 129.9999999999999716, -179.0685305557955473 ) ) ;
#1523 = CYLINDRICAL_SURFACE ( 'NONE', #1623, 2.099999999999990763 ) ;
#1524 = ORIENTED_EDGE ( 'NONE', *, *, #1159, .F. ) ;
#1525 = DIRECTION ( 'NONE',  ( -0.000000000000000000, -1.000000000000000000, -0.000000000000000000 ) ) ;
#1526 = VERTEX_POINT ( 'NONE', #1462 ) ;
#1527 = EDGE_CURVE ( 'NONE', #26, #140, #274, .T. ) ;
#1528 = ADVANCED_FACE ( 'NONE', ( #119, #1215 ), #9, .T. ) ;
#1529 = FACE_BOUND ( 'NONE', #357, .T. ) ;
#1530 = LINE ( 'NONE', #1638, #463 ) ;
#1531 = DIRECTION ( 'NONE',  ( 0.000000000000000000, 0.000000000000000000, 1.000000000000000000 ) ) ;
#1532 = ORIENTED_EDGE ( 'NONE', *, *, #1494, .T. ) ;
#1533 = CARTESIAN_POINT ( 'NONE',  ( 48.97941917003237222, 0.000000000000000000, -158.0223301287633717 ) ) ;
#1534 = VERTEX_POINT ( 'NONE', #404 ) ;
#1535 = CIRCLE ( 'NONE', #520, 2.099999999999990763 ) ;
#1536 = APPLICATION_PROTOCOL_DEFINITION ( 'draft international standard', 'automotive_design', 1998, #1470 ) ;
#1537 = VECTOR ( 'NONE', #481, 1000.000000000000000 ) ;
#1538 = CIRCLE ( 'NONE', #1714, 2.099999999999990763 ) ;
#1539 = LINE ( 'NONE', #447, #1656 ) ;
#1540 = AXIS2_PLACEMENT_3D ( 'NONE', #1169, #482, #221 ) ;
#1541 = DIRECTION ( 'NONE',  ( 0.000000000000000000, 0.000000000000000000, 1.000000000000000000 ) ) ;
#1542 = ORIENTED_EDGE ( 'NONE', *, *, #1314, .T. ) ;
#1543 = CARTESIAN_POINT ( 'NONE',  ( 32.49469696512638706, 135.9999999999999716, -184.1755855709777450 ) ) ;
#1544 = ORIENTED_EDGE ( 'NONE', *, *, #1138, .T. ) ;
#1545 = VERTEX_POINT ( 'NONE', #1080 ) ;
#1546 = ORIENTED_EDGE ( 'NONE', *, *, #1494, .F. ) ;
#1547 = CARTESIAN_POINT ( 'NONE',  ( 38.51722792560503450, 5.000000000000000000, -167.5603640539025889 ) ) ;
#1548 = EDGE_CURVE ( 'NONE', #998, #1648, #597, .T. ) ;
#1549 = EDGE_CURVE ( 'NONE', #1575, #26, #1375, .T. ) ;
#1550 = CARTESIAN_POINT ( 'NONE',  ( 53.80115864631243738, 135.9999999999999716, -159.4720955975541017 ) ) ;
#1551 = DIRECTION ( 'NONE',  ( -0.000000000000000000, -1.000000000000000000, -0.000000000000000000 ) ) ;
#1552 = ORIENTED_EDGE ( 'NONE', *, *, #14, .F. ) ;
#1553 = DIRECTION ( 'NONE',  ( 0.000000000000000000, 0.000000000000000000, 1.000000000000000000 ) ) ;
#1554 = CARTESIAN_POINT ( 'NONE',  ( -98.67880131525888032, 135.9999999999999716, -49.49999999999999289 ) ) ;
#1555 = CYLINDRICAL_SURFACE ( 'NONE', #547, 2.099999999999990763 ) ;
#1556 = DIRECTION ( 'NONE',  ( 0.000000000000000000, 1.000000000000000000, 0.000000000000000000 ) ) ;
#1557 = CARTESIAN_POINT ( 'NONE',  ( -98.67880131525888032, 5.000000000000000000, -49.49999999999999289 ) ) ;
#1558 = VERTEX_POINT ( 'NONE', #522 ) ;
#1559 = CARTESIAN_POINT ( 'NONE',  ( 48.97941917003237222, 135.9999999999999716, -160.1223301287633660 ) ) ;
#1560 = VECTOR ( 'NONE', #962, 1000.000000000000000 ) ;
#1561 = FACE_OUTER_BOUND ( 'NONE', #365, .T. ) ;
#1562 = VECTOR ( 'NONE', #590, 1000.000000000000114 ) ;
#1563 = DIRECTION ( 'NONE',  ( 0.000000000000000000, 1.000000000000000000, 0.000000000000000000 ) ) ;
#1564 = CIRCLE ( 'NONE', #1315, 187.9999999999999432 ) ;
#1565 = CARTESIAN_POINT ( 'NONE',  ( 38.98390014758511057, 5.000000000000000000, -177.5350757642290773 ) ) ;
#1566 = ORIENTED_EDGE ( 'NONE', *, *, #553, .F. ) ;
#1567 = ADVANCED_FACE ( 'NONE', ( #1187 ), #388, .F. ) ;
#1568 = FACE_BOUND ( 'NONE', #767, .T. ) ;
#1569 = ORIENTED_EDGE ( 'NONE', *, *, #1663, .F. ) ;
#1570 = CARTESIAN_POINT ( 'NONE',  ( 48.28479433190629067, 11.00000000000000000, -155.1536868947626431 ) ) ;
#1571 = ORIENTED_EDGE ( 'NONE', *, *, #1261, .T. ) ;
#1572 = CARTESIAN_POINT ( 'NONE',  ( -98.67880131525888032, 135.9999999999999716, -49.49999999999998579 ) ) ;
#1573 = CARTESIAN_POINT ( 'NONE',  ( 38.51722792560503450, 11.00000000000000000, -167.5603640539025889 ) ) ;
#1574 = DIRECTION ( 'NONE',  ( -0.000000000000000000, -1.000000000000000000, -0.000000000000000000 ) ) ;
#1575 = VERTEX_POINT ( 'NONE', #788 ) ;
#1576 = CARTESIAN_POINT ( 'NONE',  ( 27.52679297851357276, 141.0000000000000000, -184.0823092718939051 ) ) ;
#1577 = ORIENTED_EDGE ( 'NONE', *, *, #1241, .F. ) ;
#1578 = EDGE_CURVE ( 'NONE', #1486, #814, #1329, .T. ) ;
#1579 = EDGE_CURVE ( 'NONE', #363, #466, #649, .T. ) ;
#1580 = CARTESIAN_POINT ( 'NONE',  ( 38.98390014758511057, 129.9999999999999716, -177.5350757642290773 ) ) ;
#1581 = DIRECTION ( 'NONE',  ( -0.7450133605976196893, -0.000000000000000000, 0.6670495427860219095 ) ) ;
#1582 = VERTEX_POINT ( 'NONE', #1469 ) ;
#1583 = EDGE_CURVE ( 'NONE', #168, #1100, #1196, .T. ) ;
#1584 = FACE_OUTER_BOUND ( 'NONE', #709, .T. ) ;
#1585 = DIRECTION ( 'NONE',  ( 0.000000000000000000, 0.000000000000000000, -1.000000000000000000 ) ) ;
#1586 = DIRECTION ( 'NONE',  ( -0.7450133605976198004, 0.000000000000000000, 0.6670495427860219095 ) ) ;
#1587 = ORIENTED_EDGE ( 'NONE', *, *, #770, .F. ) ;
#1588 = DIRECTION ( 'NONE',  ( 0.000000000000000000, -0.000000000000000000, 1.000000000000000000 ) ) ;
#1589 = EDGE_LOOP ( 'NONE', ( #110, #74, #1717, #392 ) ) ;
#1590 = DIRECTION ( 'NONE',  ( 0.000000000000000000, 1.000000000000000000, 0.000000000000000000 ) ) ;
#1591 = AXIS2_PLACEMENT_3D ( 'NONE', #529, #777, #1460 ) ;
#1592 = EDGE_LOOP ( 'NONE', ( #57, #82, #748, #1135 ) ) ;
#1593 = AXIS2_PLACEMENT_3D ( 'NONE', #752, #1294, #1179 ) ;
#1594 = CARTESIAN_POINT ( 'NONE',  ( -98.67880131525888032, 129.9999999999999716, -49.49999999999998579 ) ) ;
#1595 = CARTESIAN_POINT ( 'NONE',  ( 48.97941917003237222, 11.00000000000001066, -160.1223301287633660 ) ) ;
#1596 = AXIS2_PLACEMENT_3D ( 'NONE', #113, #645, #1732 ) ;
#1597 = AXIS2_PLACEMENT_3D ( 'NONE', #226, #1454, #1039 ) ;
#1598 = DIRECTION ( 'NONE',  ( 0.6670495427860219095, -0.000000000000000000, 0.7450133605976198004 ) ) ;
#1599 = EDGE_LOOP ( 'NONE', ( #1521, #642, #470, #1665 ) ) ;
#1600 = AXIS2_PLACEMENT_3D ( 'NONE', #1737, #264, #1721 ) ;
#1601 = FACE_OUTER_BOUND ( 'NONE', #1589, .T. ) ;
#1602 = VERTEX_POINT ( 'NONE', #781 ) ;
#1603 = CARTESIAN_POINT ( 'NONE',  ( 44.01579167327867737, 129.9999999999999716, -160.8519336690459909 ) ) ;
#1604 = CARTESIAN_POINT ( 'NONE',  ( 22.51187981145651307, 11.00000000000000000, -183.9389036255606698 ) ) ;
#1605 = EDGE_CURVE ( 'NONE', #1429, #147, #1488, .T. ) ;
#1606 = EDGE_CURVE ( 'NONE', #785, #272, #211, .T. ) ;
#1607 = DIRECTION ( 'NONE',  ( 0.000000000000000000, 0.000000000000000000, 1.000000000000000000 ) ) ;
#1608 = EDGE_LOOP ( 'NONE', ( #1532, #253, #831, #1214 ) ) ;
#1609 = FACE_OUTER_BOUND ( 'NONE', #262, .T. ) ;
#1610 = EDGE_LOOP ( 'NONE', ( #352, #1026, #1340, #1287 ) ) ;
#1611 = DIRECTION ( 'NONE',  ( 0.000000000000000000, 0.000000000000000000, 1.000000000000000000 ) ) ;
#1612 = DIRECTION ( 'NONE',  ( 0.7294434106877722979, 0.000000000000000000, 0.6840411614838612930 ) ) ;
#1613 = PLANE ( 'NONE',  #1744 ) ;
#1614 = EDGE_CURVE ( 'NONE', #1575, #1205, #1345, .T. ) ;
#1615 = EDGE_LOOP ( 'NONE', ( #33, #1420, #1507, #411, #938, #736, #1546, #669, #1642, #283, #1681, #1202 ) ) ;
#1616 = CARTESIAN_POINT ( 'NONE',  ( 49.61904413299677685, 129.9999999999999716, -165.0497686514571853 ) ) ;
#1617 = ORIENTED_EDGE ( 'NONE', *, *, #661, .F. ) ;
#1618 = DIRECTION ( 'NONE',  ( 0.6840411614838612930, 0.000000000000000000, -0.7294434106877721868 ) ) ;
#1619 = AXIS2_PLACEMENT_3D ( 'NONE', #1327, #647, #1193 ) ;
#1620 = DIRECTION ( 'NONE',  ( 0.6670495427860251292, 0.000000000000000000, 0.7450133605976170248 ) ) ;
#1621 = VECTOR ( 'NONE', #1525, 1000.000000000000000 ) ;
#1622 = FACE_OUTER_BOUND ( 'NONE', #335, .T. ) ;
#1623 = AXIS2_PLACEMENT_3D ( 'NONE', #189, #730, #1647 ) ;
#1624 = ORIENTED_EDGE ( 'NONE', *, *, #759, .F. ) ;
#1625 = VECTOR ( 'NONE', #1244, 1000.000000000000114 ) ;
#1626 = FACE_OUTER_BOUND ( 'NONE', #1592, .T. ) ;
#1627 = ORIENTED_EDGE ( 'NONE', *, *, #1217, .T. ) ;
#1628 = VECTOR ( 'NONE', #789, 1000.000000000000000 ) ;
#1629 = EDGE_CURVE ( 'NONE', #544, #413, #1207, .T. ) ;
#1630 =( NAMED_UNIT ( * ) PLANE_ANGLE_UNIT ( ) SI_UNIT ( $, .RADIAN. ) );
#1631 = CARTESIAN_POINT ( 'NONE',  ( 48.28479433190629067, 11.00000000000000000, -155.1536868947626431 ) ) ;
#1632 = DIRECTION ( 'NONE',  ( -0.000000000000000000, -1.000000000000000000, -0.000000000000000000 ) ) ;
#1633 = VERTEX_POINT ( 'NONE', #909 ) ;
#1634 = CARTESIAN_POINT ( 'NONE',  ( -98.67880131525888032, 5.000000000000000000, -49.49999999999998579 ) ) ;
#1635 = ORIENTED_EDGE ( 'NONE', *, *, #747, .F. ) ;
#1636 = CARTESIAN_POINT ( 'NONE',  ( 27.52679297851357276, 11.00000000000001066, -186.1823092718938994 ) ) ;
#1637 = DIRECTION ( 'NONE',  ( 0.000000000000000000, 0.000000000000000000, -1.000000000000000000 ) ) ;
#1638 = CARTESIAN_POINT ( 'NONE',  ( 48.28479433190629067, 11.00000000000000000, -155.1536868947626431 ) ) ;
#1639 = CYLINDRICAL_SURFACE ( 'NONE', #577, 2.099999999999990763 ) ;
#1640 = ORIENTED_EDGE ( 'NONE', *, *, #1629, .F. ) ;
#1641 = DIRECTION ( 'NONE',  ( -0.7450133605976196893, -0.000000000000000000, 0.6670495427860219095 ) ) ;
#1642 = ORIENTED_EDGE ( 'NONE', *, *, #523, .F. ) ;
#1643 = DIRECTION ( 'NONE',  ( 0.5995790250881479766, -0.000000000000000000, 0.8003155581858608647 ) ) ;
#1644 = VERTEX_POINT ( 'NONE', #136 ) ;
#1645 = EDGE_CURVE ( 'NONE', #466, #105, #379, .T. ) ;
#1646 = CARTESIAN_POINT ( 'NONE',  ( 53.62652465245115962, 141.0000000000000000, -159.1555951734622454 ) ) ;
#1647 = DIRECTION ( 'NONE',  ( 0.000000000000000000, 0.000000000000000000, -1.000000000000000000 ) ) ;
#1648 = VERTEX_POINT ( 'NONE', #236 ) ;
#1649 = AXIS2_PLACEMENT_3D ( 'NONE', #1247, #830, #1370 ) ;
#1650 = VECTOR ( 'NONE', #1014, 1000.000000000000114 ) ;
#1651 = VECTOR ( 'NONE', #1641, 1000.000000000000114 ) ;
#1652 = DIRECTION ( 'NONE',  ( 0.000000000000000000, -0.000000000000000000, 1.000000000000000000 ) ) ;
#1653 = ORIENTED_EDGE ( 'NONE', *, *, #1183, .T. ) ;
#1654 = AXIS2_PLACEMENT_3D ( 'NONE', #1096, #314, #844 ) ;
#1655 = CIRCLE ( 'NONE', #743, 188.0000000000000000 ) ;
#1656 = VECTOR ( 'NONE', #301, 1000.000000000000000 ) ;
#1657 = DIRECTION ( 'NONE',  ( 0.000000000000000000, -1.000000000000000000, 0.000000000000000000 ) ) ;
#1658 = VECTOR ( 'NONE', #1704, 1000.000000000000000 ) ;
#1659 = DIRECTION ( 'NONE',  ( 0.000000000000000000, 0.000000000000000000, -1.000000000000000000 ) ) ;
#1660 = CARTESIAN_POINT ( 'NONE',  ( 27.70551689555345121, 129.9999999999999716, -179.0685305557955473 ) ) ;
#1661 = EDGE_LOOP ( 'NONE', ( #1104, #1007, #646, #297 ) ) ;
#1662 = EDGE_CURVE ( 'NONE', #1383, #445, #71, .T. ) ;
#1663 = EDGE_CURVE ( 'NONE', #1699, #458, #126, .T. ) ;
#1664 = CARTESIAN_POINT ( 'NONE',  ( 27.52679297851357276, 135.9999999999999716, -184.0823092718939051 ) ) ;
#1665 = ORIENTED_EDGE ( 'NONE', *, *, #1645, .F. ) ;
#1666 = FACE_BOUND ( 'NONE', #879, .T. ) ;
#1667 = CARTESIAN_POINT ( 'NONE',  ( -98.67880131525888032, 5.000000000000000000, -49.49999999999998579 ) ) ;
#1668 = LINE ( 'NONE', #333, #267 ) ;
#1669 = ORIENTED_EDGE ( 'NONE', *, *, #890, .T. ) ;
#1670 = PRODUCT_DEFINITION ( 'UNKNOWN', '', #628, #712 ) ;
#1671 = CARTESIAN_POINT ( 'NONE',  ( 38.77616371500160142, 141.0000000000000000, -170.4706406440214153 ) ) ;
#1672 = VERTEX_POINT ( 'NONE', #1359 ) ;
#1673 = FACE_BOUND ( 'NONE', #694, .T. ) ;
#1674 = CYLINDRICAL_SURFACE ( 'NONE', #349, 2.099999999999990763 ) ;
#1675 = ORIENTED_EDGE ( 'NONE', *, *, #273, .F. ) ;
#1676 = LINE ( 'NONE', #191, #1257 ) ;
#1677 = VECTOR ( 'NONE', #224, 1000.000000000000114 ) ;
#1678 = EDGE_LOOP ( 'NONE', ( #292, #1095, #689, #185 ) ) ;
#1679 = AXIS2_PLACEMENT_3D ( 'NONE', #1557, #1316, #342 ) ;
#1680 = ADVANCED_FACE ( 'NONE', ( #178 ), #558, .T. ) ;
#1681 = ORIENTED_EDGE ( 'NONE', *, *, #401, .T. ) ;
#1682 = AXIS2_PLACEMENT_3D ( 'NONE', #302, #855, #1127 ) ;
#1683 = EDGE_CURVE ( 'NONE', #107, #163, #853, .T. ) ;
#1684 = EDGE_CURVE ( 'NONE', #1412, #1036, #1124, .T. ) ;
#1685 = CIRCLE ( 'NONE', #1403, 187.9999999999999716 ) ;
#1686 = CARTESIAN_POINT ( 'NONE',  ( 48.97941917003237222, 141.0000000000000000, -158.0223301287633717 ) ) ;
#1687 = VECTOR ( 'NONE', #210, 1000.000000000000000 ) ;
#1688 = DIRECTION ( 'NONE',  ( 0.000000000000000000, 0.000000000000000000, 1.000000000000000000 ) ) ;
#1689 = DIRECTION ( 'NONE',  ( 0.000000000000000000, 0.000000000000000000, 1.000000000000000000 ) ) ;
#1690 = VERTEX_POINT ( 'NONE', #1249 ) ;
#1691 = ORIENTED_EDGE ( 'NONE', *, *, #1495, .F. ) ;
#1692 = ORIENTED_EDGE ( 'NONE', *, *, #624, .T. ) ;
#1693 = ADVANCED_FACE ( 'NONE', ( #823, #713, #1666, #1223, #446 ), #299, .T. ) ;
#1694 = DIRECTION ( 'NONE',  ( 0.000000000000000000, -1.000000000000000000, 0.000000000000000000 ) ) ;
#1695 = FACE_BOUND ( 'NONE', #95, .T. ) ;
#1696 = LINE ( 'NONE', #1302, #1658 ) ;
#1697 = LINE ( 'NONE', #514, #1511 ) ;
#1698 = ORIENTED_EDGE ( 'NONE', *, *, #1740, .F. ) ;
#1699 = VERTEX_POINT ( 'NONE', #171 ) ;
#1700 = VERTEX_POINT ( 'NONE', #993 ) ;
#1701 = CARTESIAN_POINT ( 'NONE',  ( 38.77616371500160142, 141.0000000000000000, -174.6706406440214039 ) ) ;
#1702 = EDGE_CURVE ( 'NONE', #841, #992, #129, .T. ) ;
#1703 = FACE_OUTER_BOUND ( 'NONE', #1599, .T. ) ;
#1704 = DIRECTION ( 'NONE',  ( -0.000000000000000000, -1.000000000000000000, -0.000000000000000000 ) ) ;
#1705 = ADVANCED_FACE ( 'NONE', ( #54 ), #565, .F. ) ;
#1706 = CARTESIAN_POINT ( 'NONE',  ( -98.67880131525888032, 11.00000000000000000, -49.49999999999999289 ) ) ;
#1707 = ORIENTED_EDGE ( 'NONE', *, *, #1105, .T. ) ;
#1708 = DIRECTION ( 'NONE',  ( -0.000000000000000000, 1.000000000000000000, -0.000000000000000000 ) ) ;
#1709 = AXIS2_PLACEMENT_3D ( 'NONE', #705, #439, #986 ) ;
#1710 = AXIS2_PLACEMENT_3D ( 'NONE', #252, #774, #1445 ) ;
#1711 = LINE ( 'NONE', #1570, #1650 ) ;
#1712 = ORIENTED_EDGE ( 'NONE', *, *, #867, .T. ) ;
#1713 = VECTOR ( 'NONE', #1498, 1000.000000000000114 ) ;
#1714 = AXIS2_PLACEMENT_3D ( 'NONE', #846, #179, #1504 ) ;
#1715 = CARTESIAN_POINT ( 'NONE',  ( 27.52679297851357276, 5.000000000000004441, -186.1823092718938994 ) ) ;
#1716 = DIRECTION ( 'NONE',  ( 0.000000000000000000, 1.000000000000000000, 0.000000000000000000 ) ) ;
#1717 = ORIENTED_EDGE ( 'NONE', *, *, #1416, .T. ) ;
#1718 = EDGE_CURVE ( 'NONE', #398, #1102, #1103, .T. ) ;
#1719 = CARTESIAN_POINT ( 'NONE',  ( 48.97941917003237222, 5.000000000000004441, -158.0223301287633717 ) ) ;
#1720 = ORIENTED_EDGE ( 'NONE', *, *, #983, .T. ) ;
#1721 = DIRECTION ( 'NONE',  ( 1.129147280726723556E-13, 0.000000000000000000, 1.000000000000000000 ) ) ;
#1722 = ORIENTED_EDGE ( 'NONE', *, *, #315, .T. ) ;
#1723 = LINE ( 'NONE', #251, #127 ) ;
#1724 = FACE_OUTER_BOUND ( 'NONE', #246, .T. ) ;
#1725 = EDGE_LOOP ( 'NONE', ( #936, #656, #1064, #160 ) ) ;
#1726 = CARTESIAN_POINT ( 'NONE',  ( -98.67880131525888032, 129.9999999999999716, -49.49999999999999289 ) ) ;
#1727 = VERTEX_POINT ( 'NONE', #1636 ) ;
#1728 = DIRECTION ( 'NONE',  ( -0.000000000000000000, -1.000000000000000000, -0.000000000000000000 ) ) ;
#1729 = ORIENTED_EDGE ( 'NONE', *, *, #315, .F. ) ;
#1730 = DIRECTION ( 'NONE',  ( -0.000000000000000000, -1.000000000000000000, -0.000000000000000000 ) ) ;
#1731 = CARTESIAN_POINT ( 'NONE',  ( 27.52679297851357276, 141.0000000000000000, -184.0823092718939051 ) ) ;
#1732 = DIRECTION ( 'NONE',  ( 0.6568522433249944781, 0.000000000000000000, -0.7540193170197446726 ) ) ;
#1733 = ORIENTED_EDGE ( 'NONE', *, *, #43, .F. ) ;
#1734 = DIRECTION ( 'NONE',  ( -0.000000000000000000, -1.000000000000000000, -0.000000000000000000 ) ) ;
#1735 = ORIENTED_EDGE ( 'NONE', *, *, #982, .T. ) ;
#1736 = EDGE_CURVE ( 'NONE', #1486, #272, #419, .T. ) ;
#1737 = CARTESIAN_POINT ( 'NONE',  ( 72.97556416701814896, 135.9999999999999716, -148.6858927009120634 ) ) ;
#1738 = VECTOR ( 'NONE', #124, 1000.000000000000114 ) ;
#1739 = ADVANCED_FACE ( 'NONE', ( #17, #1529, #27, #1242 ), #428, .F. ) ;
#1740 = EDGE_CURVE ( 'NONE', #416, #1300, #1115, .T. ) ;
#1741 = VECTOR ( 'NONE', #41, 1000.000000000000000 ) ;
#1742 = AXIS2_PLACEMENT_3D ( 'NONE', #311, #726, #721 ) ;
#1743 = CARTESIAN_POINT ( 'NONE',  ( -98.67880131525888032, 11.00000000000000000, -49.49999999999998579 ) ) ;
#1744 = AXIS2_PLACEMENT_3D ( 'NONE', #12, #541, #139 ) ;
#1745 = CIRCLE ( 'NONE', #1426, 187.9999999999999716 ) ;
#1746 = DIRECTION ( 'NONE',  ( -0.6840411614838622922, 0.000000000000000000, 0.7294434106877712987 ) ) ;
#1747 = ORIENTED_EDGE ( 'NONE', *, *, #556, .F. ) ;
#1748 = VECTOR ( 'NONE', #1618, 1000.000000000000114 ) ;
#1749 = CARTESIAN_POINT ( 'NONE',  ( 38.77616371500160142, 141.0000000000000000, -172.5706406440214096 ) ) ;
ENDSEC;
END-ISO-10303-21;
