ISO-10303-21;
HEADER;
FILE_DESCRIPTION (( 'STEP AP214' ),
    '1' );
FILE_NAME ('HTD Pulley - HTD-5mm-24T-Pulley - flywheel.STEP',
    '2025-11-13T20:56:04',
    ( '' ),
    ( '' ),
    'SwSTEP 2.0',
    'SolidWorks 2025',
    '' );
FILE_SCHEMA (( 'AUTOMOTIVE_DESIGN' ));
ENDSEC;

DATA;
#1 = CIRCLE ( 'NONE', #782, 4.479999999999999538 ) ;
#2 = DIRECTION ( 'NONE',  ( 0.000000000000000000, 0.000000000000000000, 1.000000000000000000 ) ) ;
#3 = CYLINDRICAL_SURFACE ( 'NONE', #5451, 18.52682817102720136 ) ;
#4 = CIRCLE ( 'NONE', #103, 1.764902496759994444 ) ;
#5 = CARTESIAN_POINT ( 'NONE',  ( 18.24264523787019954, -0.03220151268791889704, 5.002000000000000668 ) ) ;
#6 = ORIENTED_EDGE ( 'NONE', *, *, #2185, .T. ) ;
#7 = CARTESIAN_POINT ( 'NONE',  ( -2.578277445616409924, -17.91222139392874979, 5.002000000000000668 ) ) ;
#8 = ORIENTED_EDGE ( 'NONE', *, *, #5606, .T. ) ;
#9 = VECTOR ( 'NONE', #1817, 1000.000000000000000 ) ;
#10 = DIRECTION ( 'NONE',  ( -0.4999999999999999445, 0.8660254037844387076, 0.000000000000000000 ) ) ;
#11 = DIRECTION ( 'NONE',  ( -1.000000000000000000, 0.000000000000000000, 0.000000000000000000 ) ) ;
#12 = ORIENTED_EDGE ( 'NONE', *, *, #3885, .T. ) ;
#13 = EDGE_CURVE ( 'NONE', #752, #600, #1628, .T. ) ;
#14 = LINE ( 'NONE', #896, #2751 ) ;
#15 = AXIS2_PLACEMENT_3D ( 'NONE', #5945, #334, #3562 ) ;
#16 = LINE ( 'NONE', #5638, #4285 ) ;
#17 = EDGE_LOOP ( 'NONE', ( #2969, #2409, #5132, #2108 ) ) ;
#18 = AXIS2_PLACEMENT_3D ( 'NONE', #3523, #1646, #5409 ) ;
#19 = EDGE_CURVE ( 'NONE', #3463, #3729, #4579, .T. ) ;
#20 = CARTESIAN_POINT ( 'NONE',  ( 15.86533307656284819, -4.635380845820780138, 5.000000000000000000 ) ) ;
#21 = EDGE_CURVE ( 'NONE', #3813, #1500, #4384, .T. ) ;
#22 = ORIENTED_EDGE ( 'NONE', *, *, #4397, .T. ) ;
#23 = DIRECTION ( 'NONE',  ( 0.000000000000000000, -1.000000000000000000, 0.000000000000000000 ) ) ;
#24 = ORIENTED_EDGE ( 'NONE', *, *, #5836, .F. ) ;
#25 = VERTEX_POINT ( 'NONE', #4802 ) ;
#26 = DIRECTION ( 'NONE',  ( 1.000000000000000000, 0.000000000000000000, 0.000000000000000000 ) ) ;
#27 = DIRECTION ( 'NONE',  ( 0.000000000000000000, 0.000000000000000000, -1.000000000000000000 ) ) ;
#28 = ORIENTED_EDGE ( 'NONE', *, *, #3464, .T. ) ;
#29 = EDGE_CURVE ( 'NONE', #1134, #2174, #5365, .T. ) ;
#30 = CARTESIAN_POINT ( 'NONE',  ( -2.639540076345824993, 18.33783493938529929, 5.000000000000000000 ) ) ;
#31 = LINE ( 'NONE', #2321, #5051 ) ;
#32 = DIRECTION ( 'NONE',  ( 0.000000000000000000, 0.000000000000000000, 1.000000000000000000 ) ) ;
#33 = ORIENTED_EDGE ( 'NONE', *, *, #1588, .T. ) ;
#34 = CARTESIAN_POINT ( 'NONE',  ( 16.96375033764019946, -6.325010817588569978, -5.000000000000000000 ) ) ;
#35 = ORIENTED_EDGE ( 'NONE', *, *, #5763, .F. ) ;
#36 = DIRECTION ( 'NONE',  ( 0.000000000000000000, 0.000000000000000000, 1.000000000000000000 ) ) ;
#37 = AXIS2_PLACEMENT_3D ( 'NONE', #4023, #3559, #4053 ) ;
#38 = DIRECTION ( 'NONE',  ( -1.000000000000000000, 0.000000000000000000, 0.000000000000000000 ) ) ;
#39 = VERTEX_POINT ( 'NONE', #626 ) ;
#40 = DIRECTION ( 'NONE',  ( 0.4999999999999995559, 0.8660254037844388186, 0.000000000000000000 ) ) ;
#41 = DIRECTION ( 'NONE',  ( 0.000000000000000000, 0.000000000000000000, -1.000000000000000000 ) ) ;
#42 = VERTEX_POINT ( 'NONE', #2497 ) ;
#43 = EDGE_CURVE ( 'NONE', #1205, #6031, #1021, .T. ) ;
#44 = ORIENTED_EDGE ( 'NONE', *, *, #5007, .T. ) ;
#45 = DIRECTION ( 'NONE',  ( 0.000000000000000000, -1.000000000000000000, 0.000000000000000000 ) ) ;
#46 = ORIENTED_EDGE ( 'NONE', *, *, #3836, .T. ) ;
#47 = ORIENTED_EDGE ( 'NONE', *, *, #4965, .T. ) ;
#48 = EDGE_CURVE ( 'NONE', #4813, #3900, #4374, .T. ) ;
#49 = CIRCLE ( 'NONE', #2987, 16.52862817102734994 ) ;
#50 = CARTESIAN_POINT ( 'NONE',  ( 4.969787286824989490E-14, 5.088617526617949668E-14, 5.002000000000000668 ) ) ;
#51 = EDGE_CURVE ( 'NONE', #3357, #184, #5798, .T. ) ;
#52 = DIRECTION ( 'NONE',  ( 0.000000000000000000, 0.000000000000000000, 1.000000000000000000 ) ) ;
#53 = VERTEX_POINT ( 'NONE', #3935 ) ;
#54 =( LENGTH_UNIT ( ) NAMED_UNIT ( * ) SI_UNIT ( .MILLI., .METRE. ) );
#55 = ORIENTED_EDGE ( 'NONE', *, *, #1668, .F. ) ;
#56 = ADVANCED_FACE ( 'NONE', ( #5826 ), #1600, .T. ) ;
#57 = CARTESIAN_POINT ( 'NONE',  ( -9.149209946963129170, 15.78249345187884778, -5.000000000000000000 ) ) ;
#58 = DIRECTION ( 'NONE',  ( 0.000000000000000000, 0.000000000000000000, -1.000000000000000000 ) ) ;
#59 = CARTESIAN_POINT ( 'NONE',  ( 14.22330004254519942, 11.18896446287261881, 5.000000000000000000 ) ) ;
#60 = ORIENTED_EDGE ( 'NONE', *, *, #3012, .T. ) ;
#61 = DIRECTION ( 'NONE',  ( 0.000000000000000000, 0.000000000000000000, 1.000000000000000000 ) ) ;
#62 = ORIENTED_EDGE ( 'NONE', *, *, #4055, .T. ) ;
#63 = LINE ( 'NONE', #589, #2773 ) ;
#64 = CYLINDRICAL_SURFACE ( 'NONE', #2092, 18.52682817102720136 ) ;
#65 = CARTESIAN_POINT ( 'NONE',  ( -8.583684430773409701, 14.12501011712842036, 5.000000000000000000 ) ) ;
#66 = VERTEX_POINT ( 'NONE', #837 ) ;
#67 = CYLINDRICAL_SURFACE ( 'NONE', #1963, 1.764902496759994444 ) ;
#68 = DIRECTION ( 'NONE',  ( 0.000000000000000000, 0.000000000000000000, -1.000000000000000000 ) ) ;
#69 = AXIS2_PLACEMENT_3D ( 'NONE', #5423, #3634, #2157 ) ;
#70 = ORIENTED_EDGE ( 'NONE', *, *, #1803, .T. ) ;
#71 = CIRCLE ( 'NONE', #2121, 1.764902496759994888 ) ;
#72 = VERTEX_POINT ( 'NONE', #3107 ) ;
#73 = DIRECTION ( 'NONE',  ( -0.4999999999999998890, -0.8660254037844388186, 0.000000000000000000 ) ) ;
#74 = ORIENTED_EDGE ( 'NONE', *, *, #418, .F. ) ;
#75 = ORIENTED_EDGE ( 'NONE', *, *, #2452, .T. ) ;
#76 = AXIS2_PLACEMENT_3D ( 'NONE', #1916, #5621, #6049 ) ;
#77 = FACE_OUTER_BOUND ( 'NONE', #834, .T. ) ;
#78 = DIRECTION ( 'NONE',  ( 0.8660254037844387076, 0.4999999999999999445, 0.000000000000000000 ) ) ;
#79 = VECTOR ( 'NONE', #3597, 1000.000000000000000 ) ;
#80 = ORIENTED_EDGE ( 'NONE', *, *, #4245, .F. ) ;
#81 = AXIS2_PLACEMENT_3D ( 'NONE', #2310, #531, #1941 ) ;
#82 = EDGE_CURVE ( 'NONE', #629, #2791, #2312, .T. ) ;
#83 = CARTESIAN_POINT ( 'NONE',  ( -2.145599264782074744, -17.96918455708715001, 5.000000000000000000 ) ) ;
#84 = VERTEX_POINT ( 'NONE', #310 ) ;
#85 = EDGE_CURVE ( 'NONE', #364, #3588, #4925, .T. ) ;
#86 = AXIS2_PLACEMENT_3D ( 'NONE', #3686, #1427, #2274 ) ;
#87 = AXIS2_PLACEMENT_3D ( 'NONE', #2144, #4486, #240 ) ;
#88 = DIRECTION ( 'NONE',  ( 0.000000000000000000, 0.000000000000000000, 1.000000000000000000 ) ) ;
#89 = ADVANCED_FACE ( 'NONE', ( #1756 ), #3169, .T. ) ;
#90 = CARTESIAN_POINT ( 'NONE',  ( -1.921978404781394825E-14, 6.848270805104349773E-14, 5.002000000000000668 ) ) ;
#91 = DIRECTION ( 'NONE',  ( 0.000000000000000000, 1.000000000000000000, 0.000000000000000000 ) ) ;
#92 = VERTEX_POINT ( 'NONE', #5490 ) ;
#93 = ADVANCED_FACE ( 'NONE', ( #717 ), #3570, .T. ) ;
#94 = LINE ( 'NONE', #2510, #203 ) ;
#95 = ORIENTED_EDGE ( 'NONE', *, *, #3115, .F. ) ;
#96 = AXIS2_PLACEMENT_3D ( 'NONE', #3055, #727, #348 ) ;
#97 = CARTESIAN_POINT ( 'NONE',  ( -12.87672824649239978, 12.92226806246459958, 5.002000000000000668 ) ) ;
#98 = DIRECTION ( 'NONE',  ( 0.000000000000000000, 0.000000000000000000, 1.000000000000000000 ) ) ;
#99 = ORIENTED_EDGE ( 'NONE', *, *, #4701, .T. ) ;
#100 = CARTESIAN_POINT ( 'NONE',  ( -11.94702410697802009, 11.42209106089456050, 5.000000000000000000 ) ) ;
#101 = DIRECTION ( 'NONE',  ( -0.2588190451025214056, -0.9659258262890680902, 0.000000000000000000 ) ) ;
#102 = LINE ( 'NONE', #3870, #1839 ) ;
#103 = AXIS2_PLACEMENT_3D ( 'NONE', #3904, #3475, #716 ) ;
#104 = VERTEX_POINT ( 'NONE', #4956 ) ;
#105 = ORIENTED_EDGE ( 'NONE', *, *, #4343, .F. ) ;
#106 = FACE_OUTER_BOUND ( 'NONE', #5207, .T. ) ;
#107 = EDGE_LOOP ( 'NONE', ( #2841, #2756, #1959, #1648 ) ) ;
#108 = CARTESIAN_POINT ( 'NONE',  ( -6.891765691606369485E-14, 1.759653278486400105E-14, 5.000000000000000000 ) ) ;
#109 = DIRECTION ( 'NONE',  ( 0.000000000000000000, 0.000000000000000000, 1.000000000000000000 ) ) ;
#110 = CARTESIAN_POINT ( 'NONE',  ( -0.3711837165545204820, 16.52445980553209992, 5.000000000000000000 ) ) ;
#111 = AXIS2_PLACEMENT_3D ( 'NONE', #945, #2814, #4694 ) ;
#112 = EDGE_LOOP ( 'NONE', ( #6084, #60, #700, #1024 ) ) ;
#113 = DIRECTION ( 'NONE',  ( 0.000000000000000000, 0.000000000000000000, 1.000000000000000000 ) ) ;
#114 = ORIENTED_EDGE ( 'NONE', *, *, #4372, .T. ) ;
#115 = EDGE_CURVE ( 'NONE', #682, #4426, #944, .T. ) ;
#116 = CYLINDRICAL_SURFACE ( 'NONE', #3767, 1.764902496759995554 ) ;
#117 = VERTEX_POINT ( 'NONE', #4063 ) ;
#118 = CARTESIAN_POINT ( 'NONE',  ( 18.39615160824795126, -2.196580998991904732, 5.000000000000000000 ) ) ;
#119 = VERTEX_POINT ( 'NONE', #1204 ) ;
#120 = EDGE_CURVE ( 'NONE', #3084, #4752, #2683, .T. ) ;
#121 = DIRECTION ( 'NONE',  ( 0.000000000000000000, 0.000000000000000000, -1.000000000000000000 ) ) ;
#122 = CARTESIAN_POINT ( 'NONE',  ( -8.000000000000000000, 8.000000000000000000, 4.169999999999999929 ) ) ;
#123 = CARTESIAN_POINT ( 'NONE',  ( -20.45497617776954868, 1.165057210878772069E-15, -6.500000000000000000 ) ) ;
#124 = EDGE_LOOP ( 'NONE', ( #1295, #592, #710, #1362 ) ) ;
#125 = AXIS2_PLACEMENT_3D ( 'NONE', #5359, #1145, #3021 ) ;
#126 = CARTESIAN_POINT ( 'NONE',  ( -14.48897067933745930, 10.84273574818604047, 5.000000000000000000 ) ) ;
#127 = ADVANCED_FACE ( 'NONE', ( #5952 ), #1721, .T. ) ;
#128 = VERTEX_POINT ( 'NONE', #5020 ) ;
#129 = FACE_OUTER_BOUND ( 'NONE', #186, .T. ) ;
#130 = CARTESIAN_POINT ( 'NONE',  ( 16.52445980553209992, -0.3711837165545144868, 5.002000000000000668 ) ) ;
#131 = DIRECTION ( 'NONE',  ( 0.000000000000000000, 0.000000000000000000, -1.000000000000000000 ) ) ;
#132 = AXIS2_PLACEMENT_3D ( 'NONE', #2972, #1985, #2047 ) ;
#133 = CARTESIAN_POINT ( 'NONE',  ( -3.519999999999990248, 8.000000000000000000, 6.500000000000000000 ) ) ;
#134 = VERTEX_POINT ( 'NONE', #1290 ) ;
#135 = DIRECTION ( 'NONE',  ( 0.000000000000000000, 0.000000000000000000, 1.000000000000000000 ) ) ;
#136 = AXIS2_PLACEMENT_3D ( 'NONE', #4668, #1903, #4306 ) ;
#137 = CARTESIAN_POINT ( 'NONE',  ( -8.402566836762660350E-16, 7.112366251504910349E-14, 5.002000000000000668 ) ) ;
#138 = CYLINDRICAL_SURFACE ( 'NONE', #2438, 0.4299999999999998823 ) ;
#139 = ORIENTED_EDGE ( 'NONE', *, *, #4062, .F. ) ;
#140 = CARTESIAN_POINT ( 'NONE',  ( 11.52853332705896072, -13.95949521606318022, 5.000000000000000000 ) ) ;
#141 = AXIS2_PLACEMENT_3D ( 'NONE', #1418, #3307, #5179 ) ;
#142 = EDGE_LOOP ( 'NONE', ( #929, #5213, #908, #2049 ) ) ;
#143 = DIRECTION ( 'NONE',  ( -0.9659258262890684232, 0.2588190451025206285, 0.000000000000000000 ) ) ;
#144 = CARTESIAN_POINT ( 'NONE',  ( 16.05747190671534952, -3.918308969584834767, 5.002000000000000668 ) ) ;
#145 = DIRECTION ( 'NONE',  ( 1.000000000000000000, 0.000000000000000000, 0.000000000000000000 ) ) ;
#146 = VERTEX_POINT ( 'NONE', #810 ) ;
#147 = DIRECTION ( 'NONE',  ( -0.000000000000000000, -0.000000000000000000, -1.000000000000000000 ) ) ;
#148 = ADVANCED_FACE ( 'NONE', ( #5046 ), #4000, .T. ) ;
#149 = CARTESIAN_POINT ( 'NONE',  ( -8.000000000000000000, -8.000000000000000000, 1.500000000000000000 ) ) ;
#150 = DIRECTION ( 'NONE',  ( 0.000000000000000000, 0.000000000000000000, 1.000000000000000000 ) ) ;
#151 = CARTESIAN_POINT ( 'NONE',  ( 20.45497617776954868, -1.339954899395312001E-15, -6.500000000000000000 ) ) ;
#152 = EDGE_LOOP ( 'NONE', ( #4654, #2158, #486, #3454 ) ) ;
#153 = CARTESIAN_POINT ( 'NONE',  ( -7.126448808901080234, -16.63456994411955137, 5.000000000000000000 ) ) ;
#154 = EDGE_CURVE ( 'NONE', #3177, #5947, #2249, .T. ) ;
#155 = ORIENTED_EDGE ( 'NONE', *, *, #3537, .F. ) ;
#156 = ADVANCED_FACE ( 'NONE', ( #5979 ), #550, .T. ) ;
#157 = CARTESIAN_POINT ( 'NONE',  ( 6.325010817588569978, 16.96375033764019946, -5.000000000000000000 ) ) ;
#158 = VERTEX_POINT ( 'NONE', #3505 ) ;
#159 = AXIS2_PLACEMENT_3D ( 'NONE', #3689, #2396, #2855 ) ;
#160 = ADVANCED_FACE ( 'NONE', ( #4988 ), #5392, .T. ) ;
#161 = LINE ( 'NONE', #1178, #1741 ) ;
#162 = VERTEX_POINT ( 'NONE', #5891 ) ;
#163 = CIRCLE ( 'NONE', #4584, 1.764902496759995332 ) ;
#164 = DIRECTION ( 'NONE',  ( 1.000000000000000000, 0.000000000000000000, 0.000000000000000000 ) ) ;
#165 = CARTESIAN_POINT ( 'NONE',  ( 4.635380845820789908, -15.86533307656284819, -5.000000000000000000 ) ) ;
#166 = CARTESIAN_POINT ( 'NONE',  ( 16.63456994411955137, -7.126448808901080234, 5.002000000000000668 ) ) ;
#167 = ORIENTED_EDGE ( 'NONE', *, *, #5314, .T. ) ;
#168 = LINE ( 'NONE', #2601, #4981 ) ;
#169 = AXIS2_PLACEMENT_3D ( 'NONE', #3244, #5116, #2803 ) ;
#170 = AXIS2_PLACEMENT_3D ( 'NONE', #2410, #4289, #4659 ) ;
#171 = ORIENTED_EDGE ( 'NONE', *, *, #5465, .F. ) ;
#172 = AXIS2_PLACEMENT_3D ( 'NONE', #3637, #1209, #5527 ) ;
#173 = FACE_OUTER_BOUND ( 'NONE', #379, .T. ) ;
#174 = DIRECTION ( 'NONE',  ( 0.000000000000000000, 0.000000000000000000, -1.000000000000000000 ) ) ;
#175 = DIRECTION ( 'NONE',  ( 0.000000000000000000, 0.000000000000000000, 1.000000000000000000 ) ) ;
#176 = ORIENTED_EDGE ( 'NONE', *, *, #1347, .F. ) ;
#177 = ORIENTED_EDGE ( 'NONE', *, *, #3345, .F. ) ;
#178 = AXIS2_PLACEMENT_3D ( 'NONE', #4157, #3725, #4277 ) ;
#179 = DIRECTION ( 'NONE',  ( 0.000000000000000000, 0.000000000000000000, 1.000000000000000000 ) ) ;
#180 = CARTESIAN_POINT ( 'NONE',  ( 9.149209946963129170, -15.78249345187884778, 5.002000000000000668 ) ) ;
#181 = AXIS2_PLACEMENT_3D ( 'NONE', #2722, #2754, #6050 ) ;
#182 = CARTESIAN_POINT ( 'NONE',  ( -4.635380845820800566, 15.86533307656284819, 5.002000000000000668 ) ) ;
#183 = CIRCLE ( 'NONE', #4392, 18.52682817102720136 ) ;
#184 = VERTEX_POINT ( 'NONE', #781 ) ;
#185 = CARTESIAN_POINT ( 'NONE',  ( -8.000000000000000000, -8.000000000000000000, 4.169999999999999929 ) ) ;
#186 = EDGE_LOOP ( 'NONE', ( #3201, #2554 ) ) ;
#187 = CIRCLE ( 'NONE', #4115, 16.52862817102734638 ) ;
#188 = ADVANCED_FACE ( 'NONE', ( #1664 ), #3539, .T. ) ;
#189 = AXIS2_PLACEMENT_3D ( 'NONE', #3638, #377, #2254 ) ;
#190 = DIRECTION ( 'NONE',  ( 0.7071067811865465735, 0.7071067811865485719, 0.000000000000000000 ) ) ;
#191 = CARTESIAN_POINT ( 'NONE',  ( -18.39615160824795126, 2.196580998991904732, 5.000000000000000000 ) ) ;
#192 = ORIENTED_EDGE ( 'NONE', *, *, #3829, .F. ) ;
#193 = CIRCLE ( 'NONE', #5296, 1.764902496759994666 ) ;
#194 = DIRECTION ( 'NONE',  ( 0.000000000000000000, 1.000000000000000000, 0.000000000000000000 ) ) ;
#195 = EDGE_CURVE ( 'NONE', #2371, #1250, #4673, .T. ) ;
#196 = CARTESIAN_POINT ( 'NONE',  ( -16.52445980553209992, -0.3711837165545234796, 5.000000000000000000 ) ) ;
#197 = DIRECTION ( 'NONE',  ( 0.000000000000000000, 0.000000000000000000, 1.000000000000000000 ) ) ;
#198 = EDGE_LOOP ( 'NONE', ( #244, #4046, #2088, #2345 ) ) ;
#199 = DIRECTION ( 'NONE',  ( 0.000000000000000000, 0.000000000000000000, -1.000000000000000000 ) ) ;
#200 = AXIS2_PLACEMENT_3D ( 'NONE', #395, #2271, #3280 ) ;
#201 = PRODUCT_RELATED_PRODUCT_CATEGORY ( 'part', '', ( #5376 ) ) ;
#202 = ORIENTED_EDGE ( 'NONE', *, *, #4816, .T. ) ;
#203 = VECTOR ( 'NONE', #1457, 1000.000000000000000 ) ;
#204 = CARTESIAN_POINT ( 'NONE',  ( -16.96375033764019946, -6.325010817588579748, -5.000000000000000000 ) ) ;
#205 = LINE ( 'NONE', #2076, #3671 ) ;
#206 = CARTESIAN_POINT ( 'NONE',  ( -20.45497617776956645, 3.670069321152858899E-15, 6.000000000000000000 ) ) ;
#207 = ORIENTED_EDGE ( 'NONE', *, *, #1851, .F. ) ;
#208 = DIRECTION ( 'NONE',  ( -0.7071067811865465735, -0.7071067811865485719, 0.000000000000000000 ) ) ;
#209 = CARTESIAN_POINT ( 'NONE',  ( 13.95949521606318022, 11.52853332705896072, 5.000000000000000000 ) ) ;
#210 = FACE_OUTER_BOUND ( 'NONE', #1129, .T. ) ;
#211 = CARTESIAN_POINT ( 'NONE',  ( 0.000000000000000000, 1.165057210878772069E-15, -6.500000000000000000 ) ) ;
#212 = ORIENTED_EDGE ( 'NONE', *, *, #980, .F. ) ;
#213 = DIRECTION ( 'NONE',  ( 0.000000000000000000, 0.000000000000000000, 1.000000000000000000 ) ) ;
#214 = ORIENTED_EDGE ( 'NONE', *, *, #5049, .T. ) ;
#215 = AXIS2_PLACEMENT_3D ( 'NONE', #2008, #1540, #194 ) ;
#216 = DIRECTION ( 'NONE',  ( 0.000000000000000000, 0.000000000000000000, 1.000000000000000000 ) ) ;
#217 = DIRECTION ( 'NONE',  ( 0.9659258262890680902, -0.2588190451025215166, 0.000000000000000000 ) ) ;
#218 = CARTESIAN_POINT ( 'NONE',  ( 3.918308969584840096, 16.05747190671534952, 5.000000000000000000 ) ) ;
#219 = VERTEX_POINT ( 'NONE', #2305 ) ;
#220 = EDGE_CURVE ( 'NONE', #2902, #219, #5570, .T. ) ;
#221 = AXIS2_PLACEMENT_3D ( 'NONE', #4727, #616, #1038 ) ;
#222 = DIRECTION ( 'NONE',  ( -0.8660254037844387076, -0.4999999999999999445, 0.000000000000000000 ) ) ;
#223 = DIRECTION ( 'NONE',  ( 0.000000000000000000, 0.000000000000000000, 1.000000000000000000 ) ) ;
#224 = AXIS2_PLACEMENT_3D ( 'NONE', #5407, #175, #145 ) ;
#225 = CARTESIAN_POINT ( 'NONE',  ( -9.757819552369539906E-16, 2.376571162088225214E-13, 5.000000000000000000 ) ) ;
#226 = ORIENTED_EDGE ( 'NONE', *, *, #2493, .T. ) ;
#227 = DIRECTION ( 'NONE',  ( -1.000000000000000000, 0.000000000000000000, 0.000000000000000000 ) ) ;
#228 = EDGE_CURVE ( 'NONE', #4213, #5362, #2905, .T. ) ;
#229 = AXIS2_PLACEMENT_3D ( 'NONE', #122, #676, #1040 ) ;
#230 = DIRECTION ( 'NONE',  ( 0.000000000000000000, 0.000000000000000000, -1.000000000000000000 ) ) ;
#231 = CYLINDRICAL_SURFACE ( 'NONE', #3267, 2.149999999999999911 ) ;
#232 = CARTESIAN_POINT ( 'NONE',  ( 8.000000000000000000, -8.000000000000000000, 6.500000000000000000 ) ) ;
#233 = VERTEX_POINT ( 'NONE', #897 ) ;
#234 = AXIS2_PLACEMENT_3D ( 'NONE', #4141, #799, #740 ) ;
#235 = LINE ( 'NONE', #4016, #1889 ) ;
#236 = CARTESIAN_POINT ( 'NONE',  ( 3.918308969584845425, -16.05747190671534952, 5.002000000000000668 ) ) ;
#237 = EDGE_CURVE ( 'NONE', #4279, #745, #4674, .T. ) ;
#238 = ORIENTED_EDGE ( 'NONE', *, *, #1819, .F. ) ;
#239 = CIRCLE ( 'NONE', #5832, 1.764902496759995554 ) ;
#240 = DIRECTION ( 'NONE',  ( -0.8660254037844388186, 0.4999999999999995559, 0.000000000000000000 ) ) ;
#241 = CYLINDRICAL_SURFACE ( 'NONE', #4948, 1.764902496759995110 ) ;
#242 = ORIENTED_EDGE ( 'NONE', *, *, #3549, .F. ) ;
#243 = CARTESIAN_POINT ( 'NONE',  ( -6.723256931056099894, -16.80157748816159824, -5.000000000000000000 ) ) ;
#244 = ORIENTED_EDGE ( 'NONE', *, *, #5344, .T. ) ;
#245 = VERTEX_POINT ( 'NONE', #4734 ) ;
#246 = DIRECTION ( 'NONE',  ( -0.000000000000000000, -0.000000000000000000, -1.000000000000000000 ) ) ;
#247 = CARTESIAN_POINT ( 'NONE',  ( -6.723256931056099894, -16.80157748816159824, 5.000000000000000000 ) ) ;
#248 = CARTESIAN_POINT ( 'NONE',  ( 0.000000000000000000, 1.165057210878772069E-15, 5.000000000000000000 ) ) ;
#249 = ORIENTED_EDGE ( 'NONE', *, *, #3801, .T. ) ;
#250 = CARTESIAN_POINT ( 'NONE',  ( -9.757819552369539906E-16, 2.376571162088225214E-13, 5.000000000000000000 ) ) ;
#251 = CARTESIAN_POINT ( 'NONE',  ( -6.723256931056110552, 16.80157748816159824, -5.000000000000000000 ) ) ;
#252 = AXIS2_PLACEMENT_3D ( 'NONE', #2216, #747, #2187 ) ;
#253 = ORIENTED_EDGE ( 'NONE', *, *, #1776, .T. ) ;
#254 = LINE ( 'NONE', #2038, #3713 ) ;
#255 = ORIENTED_EDGE ( 'NONE', *, *, #5849, .F. ) ;
#256 = CARTESIAN_POINT ( 'NONE',  ( -9.757819552369539906E-16, 2.376571162088225214E-13, 5.000000000000000000 ) ) ;
#257 = CIRCLE ( 'NONE', #556, 2.149999999999999023 ) ;
#258 = DIRECTION ( 'NONE',  ( 0.000000000000000000, 0.000000000000000000, 1.000000000000000000 ) ) ;
#259 = EDGE_CURVE ( 'NONE', #343, #1519, #16, .T. ) ;
#260 = DIRECTION ( 'NONE',  ( 1.000000000000000000, 0.000000000000000000, 0.000000000000000000 ) ) ;
#261 = VERTEX_POINT ( 'NONE', #494 ) ;
#262 = FACE_OUTER_BOUND ( 'NONE', #2436, .T. ) ;
#263 = CARTESIAN_POINT ( 'NONE',  ( 14.56126086974063938, 11.45482623011524126, 5.000000000000000000 ) ) ;
#264 = EDGE_CURVE ( 'NONE', #2078, #4002, #1401, .T. ) ;
#265 = ORIENTED_EDGE ( 'NONE', *, *, #4144, .T. ) ;
#266 = CIRCLE ( 'NONE', #2629, 6.100000000000000533 ) ;
#267 = VECTOR ( 'NONE', #5167, 1000.000000000000000 ) ;
#268 = EDGE_CURVE ( 'NONE', #3071, #2013, #3495, .T. ) ;
#269 = CARTESIAN_POINT ( 'NONE',  ( -11.10037075072115975, -14.83324412511671930, 5.000000000000000000 ) ) ;
#270 = EDGE_CURVE ( 'NONE', #4748, #3889, #403, .T. ) ;
#271 = EDGE_LOOP ( 'NONE', ( #2662, #5294, #3044, #1017 ) ) ;
#272 = DIRECTION ( 'NONE',  ( 1.000000000000000000, 0.000000000000000000, 0.000000000000000000 ) ) ;
#273 = CIRCLE ( 'NONE', #1440, 18.52682817102720136 ) ;
#274 = ORIENTED_EDGE ( 'NONE', *, *, #4266, .T. ) ;
#275 = ORIENTED_EDGE ( 'NONE', *, *, #4829, .F. ) ;
#276 = ADVANCED_FACE ( 'NONE', ( #1818 ), #1787, .T. ) ;
#277 = VECTOR ( 'NONE', #4569, 1000.000000000000000 ) ;
#278 = VECTOR ( 'NONE', #1242, 1000.000000000000000 ) ;
#279 = CARTESIAN_POINT ( 'NONE',  ( -14.49619383368293946, -7.940775374758739957, 5.000000000000000000 ) ) ;
#280 = DIRECTION ( 'NONE',  ( 0.9659258262890689783, -0.2588190451025180194, 0.000000000000000000 ) ) ;
#281 = DIRECTION ( 'NONE',  ( 0.000000000000000000, 0.000000000000000000, -1.000000000000000000 ) ) ;
#282 = AXIS2_PLACEMENT_3D ( 'NONE', #5028, #1799, #3182 ) ;
#283 = VERTEX_POINT ( 'NONE', #2767 ) ;
#284 = DIRECTION ( 'NONE',  ( -1.000000000000000000, 0.000000000000000000, 0.000000000000000000 ) ) ;
#285 = VECTOR ( 'NONE', #407, 1000.000000000000000 ) ;
#286 = CARTESIAN_POINT ( 'NONE',  ( 9.093435290907070367, 15.81469496456674939, 5.000000000000000000 ) ) ;
#287 = VERTEX_POINT ( 'NONE', #2796 ) ;
#288 = DIRECTION ( 'NONE',  ( -0.000000000000000000, -0.000000000000000000, 1.000000000000000000 ) ) ;
#289 = ORIENTED_EDGE ( 'NONE', *, *, #2982, .T. ) ;
#290 = FACE_OUTER_BOUND ( 'NONE', #2234, .T. ) ;
#291 = CIRCLE ( 'NONE', #1273, 2.149999999999999023 ) ;
#292 = CARTESIAN_POINT ( 'NONE',  ( 0.000000000000000000, 1.165057210878772069E-15, -6.000000000000000000 ) ) ;
#293 = DIRECTION ( 'NONE',  ( -0.5000000000000004441, 0.8660254037844384856, 0.000000000000000000 ) ) ;
#294 = DIRECTION ( 'NONE',  ( -1.000000000000000000, 0.000000000000000000, 0.000000000000000000 ) ) ;
#295 = CIRCLE ( 'NONE', #3730, 0.4299999999999993272 ) ;
#296 = ORIENTED_EDGE ( 'NONE', *, *, #2759, .F. ) ;
#297 = DIRECTION ( 'NONE',  ( -0.2588190451025214056, 0.9659258262890680902, 0.000000000000000000 ) ) ;
#298 = CARTESIAN_POINT ( 'NONE',  ( -10.14999999999999858, -8.000000000000000000, 4.169999999999999929 ) ) ;
#299 = ORIENTED_EDGE ( 'NONE', *, *, #1580, .F. ) ;
#300 = ADVANCED_FACE ( 'NONE', ( #1319 ), #1431, .T. ) ;
#301 = CARTESIAN_POINT ( 'NONE',  ( -14.12501011712842036, -8.583684430773409701, -5.000000000000000000 ) ) ;
#302 = DIRECTION ( 'NONE',  ( -0.000000000000000000, -0.000000000000000000, 1.000000000000000000 ) ) ;
#303 = ORIENTED_EDGE ( 'NONE', *, *, #3243, .T. ) ;
#304 = DIRECTION ( 'NONE',  ( 0.000000000000000000, 0.000000000000000000, -1.000000000000000000 ) ) ;
#305 = ORIENTED_EDGE ( 'NONE', *, *, #5774, .T. ) ;
#306 = ORIENTED_EDGE ( 'NONE', *, *, #3537, .T. ) ;
#307 = EDGE_CURVE ( 'NONE', #2371, #2613, #2412, .T. ) ;
#308 = DIRECTION ( 'NONE',  ( 0.000000000000000000, 0.000000000000000000, 1.000000000000000000 ) ) ;
#309 = DIRECTION ( 'NONE',  ( 0.000000000000000000, 0.000000000000000000, 1.000000000000000000 ) ) ;
#310 = CARTESIAN_POINT ( 'NONE',  ( -14.56126086974063938, 11.45482623011524126, 5.000000000000000000 ) ) ;
#311 = VERTEX_POINT ( 'NONE', #4153 ) ;
#312 = EDGE_CURVE ( 'NONE', #3820, #2515, #1327, .T. ) ;
#313 = LINE ( 'NONE', #722, #509 ) ;
#314 = ADVANCED_FACE ( 'NONE', ( #6066 ), #5611, .T. ) ;
#315 = DIRECTION ( 'NONE',  ( 1.000000000000000000, 0.000000000000000000, 0.000000000000000000 ) ) ;
#316 = CARTESIAN_POINT ( 'NONE',  ( 20.45497617776954868, 3.670069321152856533E-15, 6.500000000000000000 ) ) ;
#317 = ORIENTED_EDGE ( 'NONE', *, *, #5268, .T. ) ;
#318 = AXIS2_PLACEMENT_3D ( 'NONE', #1055, #2931, #4806 ) ;
#319 = DIRECTION ( 'NONE',  ( -1.000000000000000000, -1.224646799147349263E-16, 0.000000000000000000 ) ) ;
#320 = CIRCLE ( 'NONE', #4548, 1.764902496759995110 ) ;
#321 = DIRECTION ( 'NONE',  ( 1.000000000000000000, 0.000000000000000000, 0.000000000000000000 ) ) ;
#322 = DIRECTION ( 'NONE',  ( 0.000000000000000000, 0.000000000000000000, 1.000000000000000000 ) ) ;
#323 = DIRECTION ( 'NONE',  ( 0.000000000000000000, 0.000000000000000000, -1.000000000000000000 ) ) ;
#324 = ORIENTED_EDGE ( 'NONE', *, *, #5810, .F. ) ;
#325 = LINE ( 'NONE', #3553, #3455 ) ;
#326 = DIRECTION ( 'NONE',  ( 0.000000000000000000, 0.000000000000000000, 1.000000000000000000 ) ) ;
#327 = CIRCLE ( 'NONE', #3171, 18.52682817102720136 ) ;
#328 = ORIENTED_EDGE ( 'NONE', *, *, #2715, .F. ) ;
#329 = DIRECTION ( 'NONE',  ( 1.000000000000000000, 0.000000000000000000, 0.000000000000000000 ) ) ;
#330 = CYLINDRICAL_SURFACE ( 'NONE', #337, 16.52862817102734638 ) ;
#331 = VECTOR ( 'NONE', #4394, 1000.000000000000114 ) ;
#332 = DIRECTION ( 'NONE',  ( 0.9659258262890689783, 0.2588190451025180194, 0.000000000000000000 ) ) ;
#333 = ORIENTED_EDGE ( 'NONE', *, *, #2517, .T. ) ;
#334 = DIRECTION ( 'NONE',  ( 0.000000000000000000, 0.000000000000000000, 1.000000000000000000 ) ) ;
#335 = VERTEX_POINT ( 'NONE', #5666 ) ;
#336 = EDGE_LOOP ( 'NONE', ( #3852, #1408, #2263, #385 ) ) ;
#337 = AXIS2_PLACEMENT_3D ( 'NONE', #1280, #3156, #2145 ) ;
#338 = CYLINDRICAL_SURFACE ( 'NONE', #5177, 16.52862817102734994 ) ;
#339 = ADVANCED_FACE ( 'NONE', ( #4706 ), #3321, .T. ) ;
#340 = DIRECTION ( 'NONE',  ( 0.000000000000000000, 0.000000000000000000, 1.000000000000000000 ) ) ;
#341 = DIRECTION ( 'NONE',  ( 0.000000000000000000, 0.000000000000000000, 1.000000000000000000 ) ) ;
#342 = EDGE_CURVE ( 'NONE', #1025, #961, #1346, .T. ) ;
#343 = VERTEX_POINT ( 'NONE', #3258 ) ;
#344 = EDGE_CURVE ( 'NONE', #3696, #1885, #4483, .T. ) ;
#345 = CARTESIAN_POINT ( 'NONE',  ( 16.96375033764019946, 6.325010817588569978, 5.000000000000000000 ) ) ;
#346 = CARTESIAN_POINT ( 'NONE',  ( -9.939567796041171274E-16, -1.084202172485504040E-15, 6.500000000000000000 ) ) ;
#347 = ADVANCED_FACE ( 'NONE', ( #1467 ), #3812, .F. ) ;
#348 = DIRECTION ( 'NONE',  ( 1.000000000000000000, 0.000000000000000000, 0.000000000000000000 ) ) ;
#349 = ORIENTED_EDGE ( 'NONE', *, *, #4766, .T. ) ;
#350 = LINE ( 'NONE', #380, #1048 ) ;
#351 = LINE ( 'NONE', #3149, #6082 ) ;
#352 =( LENGTH_UNIT ( ) NAMED_UNIT ( * ) SI_UNIT ( .MILLI., .METRE. ) );
#353 = DIRECTION ( 'NONE',  ( -0.7071067811865475727, 0.7071067811865475727, 0.000000000000000000 ) ) ;
#354 = VERTEX_POINT ( 'NONE', #209 ) ;
#355 = CARTESIAN_POINT ( 'NONE',  ( -7.522724857905810580, -16.46764093829609976, -5.000000000000000000 ) ) ;
#356 = EDGE_CURVE ( 'NONE', #158, #815, #4943, .T. ) ;
#357 = EDGE_LOOP ( 'NONE', ( #2288, #1114, #3835, #5542 ) ) ;
#358 = CARTESIAN_POINT ( 'NONE',  ( -10.84273574818606001, 14.48897067933744154, 5.002000000000000668 ) ) ;
#359 = AXIS2_PLACEMENT_3D ( 'NONE', #1679, #4798, #1647 ) ;
#360 = CARTESIAN_POINT ( 'NONE',  ( -9.757819552369539906E-16, 2.376571162088225214E-13, -5.000000000000000000 ) ) ;
#361 = DIRECTION ( 'NONE',  ( -0.000000000000000000, -0.000000000000000000, -1.000000000000000000 ) ) ;
#362 = ORIENTED_EDGE ( 'NONE', *, *, #4633, .T. ) ;
#363 = FACE_OUTER_BOUND ( 'NONE', #4897, .T. ) ;
#364 = VERTEX_POINT ( 'NONE', #4312 ) ;
#365 = CIRCLE ( 'NONE', #1934, 2.149999999999999911 ) ;
#366 = ORIENTED_EDGE ( 'NONE', *, *, #5801, .T. ) ;
#367 = AXIS2_PLACEMENT_3D ( 'NONE', #1080, #1531, #2494 ) ;
#368 = LINE ( 'NONE', #6010, #79 ) ;
#369 = CARTESIAN_POINT ( 'NONE',  ( 1.718949636520939794, 18.02275782191794917, -5.000000000000000000 ) ) ;
#370 = DIRECTION ( 'NONE',  ( -0.000000000000000000, -0.000000000000000000, 1.000000000000000000 ) ) ;
#371 = VERTEX_POINT ( 'NONE', #3352 ) ;
#372 = AXIS2_PLACEMENT_3D ( 'NONE', #4993, #4069, #4005 ) ;
#373 = CIRCLE ( 'NONE', #2633, 16.52862817102734994 ) ;
#374 = EDGE_CURVE ( 'NONE', #5278, #1140, #3499, .T. ) ;
#375 = DIRECTION ( 'NONE',  ( 0.000000000000000000, 0.000000000000000000, 1.000000000000000000 ) ) ;
#376 = CARTESIAN_POINT ( 'NONE',  ( -18.39615160824795126, 2.196580998991904732, -5.000000000000000000 ) ) ;
#377 = DIRECTION ( 'NONE',  ( 0.000000000000000000, 0.000000000000000000, -1.000000000000000000 ) ) ;
#378 = AXIS2_PLACEMENT_3D ( 'NONE', #982, #950, #3715 ) ;
#379 = EDGE_LOOP ( 'NONE', ( #5463, #4796, #869, #4432 ) ) ;
#380 = CARTESIAN_POINT ( 'NONE',  ( -18.02275782191794917, 1.718949636520934909, 5.002000000000000668 ) ) ;
#381 = EDGE_LOOP ( 'NONE', ( #988, #4951, #4644, #4409 ) ) ;
#382 = EDGE_CURVE ( 'NONE', #2005, #2148, #3792, .T. ) ;
#383 = LINE ( 'NONE', #2260, #3602 ) ;
#384 = CARTESIAN_POINT ( 'NONE',  ( -15.78249345187884778, 9.149209946963111406, 5.000000000000000000 ) ) ;
#385 = ORIENTED_EDGE ( 'NONE', *, *, #5312, .T. ) ;
#386 = DIRECTION ( 'NONE',  ( 0.9659258262890689783, 0.2588190451025180194, 0.000000000000000000 ) ) ;
#387 = CIRCLE ( 'NONE', #687, 0.4299999999999993272 ) ;
#388 = EDGE_CURVE ( 'NONE', #3177, #4666, #163, .T. ) ;
#389 = EDGE_LOOP ( 'NONE', ( #2860, #5528, #3208, #2534 ) ) ;
#390 = CIRCLE ( 'NONE', #2553, 1.764902496759994666 ) ;
#391 = CARTESIAN_POINT ( 'NONE',  ( 8.000000000000000000, -8.000000000000000000, -53.44388806018619675 ) ) ;
#392 = EDGE_CURVE ( 'NONE', #3072, #4758, #1928, .T. ) ;
#393 = DIRECTION ( 'NONE',  ( 0.000000000000000000, 0.000000000000000000, 1.000000000000000000 ) ) ;
#394 = ORIENTED_EDGE ( 'NONE', *, *, #228, .F. ) ;
#395 = CARTESIAN_POINT ( 'NONE',  ( -15.81469496456674939, -9.093435290907079249, 5.002000000000000668 ) ) ;
#396 = VERTEX_POINT ( 'NONE', #4764 ) ;
#397 = AXIS2_PLACEMENT_3D ( 'NONE', #2648, #4523, #2675 ) ;
#398 = ORIENTED_EDGE ( 'NONE', *, *, #4337, .F. ) ;
#399 = VECTOR ( 'NONE', #5211, 1000.000000000000000 ) ;
#400 = CYLINDRICAL_SURFACE ( 'NONE', #2331, 1.764902496759994888 ) ;
#401 = ORIENTED_EDGE ( 'NONE', *, *, #989, .F. ) ;
#402 = DIRECTION ( 'NONE',  ( -0.7071067811865465735, -0.7071067811865485719, 0.000000000000000000 ) ) ;
#403 = LINE ( 'NONE', #4274, #5473 ) ;
#404 = DIRECTION ( 'NONE',  ( 1.000000000000000000, 0.000000000000000000, 0.000000000000000000 ) ) ;
#405 = ORIENTED_EDGE ( 'NONE', *, *, #3978, .F. ) ;
#406 = DIRECTION ( 'NONE',  ( -0.2588190451025180194, -0.9659258262890689783, 0.000000000000000000 ) ) ;
#407 = DIRECTION ( 'NONE',  ( 0.000000000000000000, 0.000000000000000000, -1.000000000000000000 ) ) ;
#408 = ORIENTED_EDGE ( 'NONE', *, *, #1239, .F. ) ;
#409 = EDGE_CURVE ( 'NONE', #2674, #2323, #4975, .T. ) ;
#410 = DIRECTION ( 'NONE',  ( 0.000000000000000000, 0.000000000000000000, 1.000000000000000000 ) ) ;
#411 = VERTEX_POINT ( 'NONE', #555 ) ;
#412 = CARTESIAN_POINT ( 'NONE',  ( -14.49619383368293946, 7.940775374758710647, 5.002000000000000668 ) ) ;
#413 = AXIS2_PLACEMENT_3D ( 'NONE', #250, #3172, #284 ) ;
#414 = DIRECTION ( 'NONE',  ( 0.000000000000000000, 0.000000000000000000, 1.000000000000000000 ) ) ;
#415 = ORIENTED_EDGE ( 'NONE', *, *, #344, .F. ) ;
#416 = EDGE_CURVE ( 'NONE', #2569, #4148, #71, .T. ) ;
#417 = DIRECTION ( 'NONE',  ( 0.000000000000000000, -1.000000000000000000, 0.000000000000000000 ) ) ;
#418 = EDGE_CURVE ( 'NONE', #3072, #5191, #3062, .T. ) ;
#419 = CIRCLE ( 'NONE', #3850, 1.764902496759995110 ) ;
#420 = CARTESIAN_POINT ( 'NONE',  ( 11.45482623011524126, -14.56126086974063938, -5.000000000000000000 ) ) ;
#421 = CARTESIAN_POINT ( 'NONE',  ( 7.126448808901080234, -16.63456994411955137, -5.000000000000000000 ) ) ;
#422 = ORIENTED_EDGE ( 'NONE', *, *, #5440, .F. ) ;
#423 = CIRCLE ( 'NONE', #2586, 0.4299999999999998823 ) ;
#424 = EDGE_CURVE ( 'NONE', #938, #3190, #2637, .T. ) ;
#425 = AXIS2_PLACEMENT_3D ( 'NONE', #3458, #640, #5815 ) ;
#426 = DIRECTION ( 'NONE',  ( 1.000000000000000000, 0.000000000000000000, 0.000000000000000000 ) ) ;
#427 = VERTEX_POINT ( 'NONE', #263 ) ;
#428 = CIRCLE ( 'NONE', #5138, 16.52862817102734994 ) ;
#429 = CARTESIAN_POINT ( 'NONE',  ( -15.78249345187884778, -9.149209946963129170, 5.002000000000000668 ) ) ;
#430 = DIRECTION ( 'NONE',  ( 0.000000000000000000, 0.000000000000000000, -1.000000000000000000 ) ) ;
#431 = EDGE_LOOP ( 'NONE', ( #5300, #2990, #5816, #3825 ) ) ;
#432 = DIRECTION ( 'NONE',  ( 0.8191520442889917986, 0.000000000000000000, -0.5735764363510459374 ) ) ;
#433 = DIRECTION ( 'NONE',  ( 0.4999999999999999445, 0.8660254037844387076, 0.000000000000000000 ) ) ;
#434 = AXIS2_PLACEMENT_3D ( 'NONE', #2540, #2507, #3371 ) ;
#435 = CARTESIAN_POINT ( 'NONE',  ( -1.718949636520939794, 18.02275782191794917, -5.000000000000000000 ) ) ;
#436 = ADVANCED_FACE ( 'NONE', ( #3954 ), #3843, .T. ) ;
#437 = VERTEX_POINT ( 'NONE', #4017 ) ;
#438 = DIRECTION ( 'NONE',  ( 0.2588190451025180194, -0.9659258262890689783, 0.000000000000000000 ) ) ;
#439 = DIRECTION ( 'NONE',  ( 0.000000000000000000, 0.000000000000000000, -1.000000000000000000 ) ) ;
#440 = ORIENTED_EDGE ( 'NONE', *, *, #1135, .F. ) ;
#441 = DIRECTION ( 'NONE',  ( -0.000000000000000000, -0.000000000000000000, 1.000000000000000000 ) ) ;
#442 = CARTESIAN_POINT ( 'NONE',  ( -10.50003296401214037, 14.74869130177516041, 5.000000000000000000 ) ) ;
#443 = DIRECTION ( 'NONE',  ( 1.000000000000000000, 0.000000000000000000, 0.000000000000000000 ) ) ;
#444 = ORIENTED_EDGE ( 'NONE', *, *, #5801, .F. ) ;
#445 = DIRECTION ( 'NONE',  ( -1.000000000000000000, 0.000000000000000000, 0.000000000000000000 ) ) ;
#446 = ADVANCED_FACE ( 'NONE', ( #5734 ), #5906, .F. ) ;
#447 = CYLINDRICAL_SURFACE ( 'NONE', #5888, 1.764902496759994888 ) ;
#448 = CARTESIAN_POINT ( 'NONE',  ( -9.757819552369539906E-16, 2.376571162088225214E-13, -5.000000000000000000 ) ) ;
#449 = CARTESIAN_POINT ( 'NONE',  ( 0.03220151268792000032, 18.24264523787019954, 5.000000000000000000 ) ) ;
#450 = VERTEX_POINT ( 'NONE', #3982 ) ;
#451 = EDGE_CURVE ( 'NONE', #3095, #1500, #1498, .T. ) ;
#452 = FACE_OUTER_BOUND ( 'NONE', #4185, .T. ) ;
#453 = VERTEX_POINT ( 'NONE', #2544 ) ;
#454 = ADVANCED_FACE ( 'NONE', ( #5873 ), #3491, .F. ) ;
#455 = CIRCLE ( 'NONE', #1633, 16.52862817102734994 ) ;
#456 = EDGE_CURVE ( 'NONE', #1449, #961, #2317, .T. ) ;
#457 = DIRECTION ( 'NONE',  ( 0.000000000000000000, 0.000000000000000000, 1.000000000000000000 ) ) ;
#458 = FACE_OUTER_BOUND ( 'NONE', #4288, .T. ) ;
#459 = EDGE_LOOP ( 'NONE', ( #207, #1783, #4171, #1441 ) ) ;
#460 = DIRECTION ( 'NONE',  ( 0.000000000000000000, 0.000000000000000000, 1.000000000000000000 ) ) ;
#461 = DIRECTION ( 'NONE',  ( -0.7071067811865472397, -0.7071067811865480168, 0.000000000000000000 ) ) ;
#462 = AXIS2_PLACEMENT_3D ( 'NONE', #3026, #5837, #227 ) ;
#463 = EDGE_CURVE ( 'NONE', #2674, #2078, #455, .T. ) ;
#464 = ORIENTED_EDGE ( 'NONE', *, *, #2671, .F. ) ;
#465 = AXIS2_PLACEMENT_3D ( 'NONE', #2166, #4042, #2281 ) ;
#466 = CARTESIAN_POINT ( 'NONE',  ( -16.10000000000000142, -9.858406733136190470E-16, 1.500000000000000000 ) ) ;
#467 = CARTESIAN_POINT ( 'NONE',  ( 17.61270781032335009, 4.752648293360449472, 5.000000000000000000 ) ) ;
#468 = EDGE_LOOP ( 'NONE', ( #1437, #4313, #3193, #5922 ) ) ;
#469 = DIRECTION ( 'NONE',  ( -0.000000000000000000, -0.000000000000000000, -1.000000000000000000 ) ) ;
#470 = CIRCLE ( 'NONE', #1257, 1.764902496759994666 ) ;
#471 = ORIENTED_EDGE ( 'NONE', *, *, #3054, .F. ) ;
#472 = CIRCLE ( 'NONE', #1165, 1.764902496759994888 ) ;
#473 = DIRECTION ( 'NONE',  ( 0.000000000000000000, 0.000000000000000000, -1.000000000000000000 ) ) ;
#474 = AXIS2_PLACEMENT_3D ( 'NONE', #2168, #2285, #4163 ) ;
#475 = DIRECTION ( 'NONE',  ( 0.000000000000000000, 0.000000000000000000, 1.000000000000000000 ) ) ;
#476 = ORIENTED_EDGE ( 'NONE', *, *, #1090, .T. ) ;
#477 = DIRECTION ( 'NONE',  ( -0.000000000000000000, -0.000000000000000000, 1.000000000000000000 ) ) ;
#478 = CIRCLE ( 'NONE', #3913, 16.10000000000000142 ) ;
#479 = DIRECTION ( 'NONE',  ( 0.000000000000000000, 0.000000000000000000, -1.000000000000000000 ) ) ;
#480 = DIRECTION ( 'NONE',  ( 0.000000000000000000, 0.000000000000000000, 1.000000000000000000 ) ) ;
#481 = CIRCLE ( 'NONE', #3918, 18.52682817102720136 ) ;
#482 = CARTESIAN_POINT ( 'NONE',  ( -11.45482623011524126, 14.56126086974063938, 5.000000000000000000 ) ) ;
#483 = ORIENTED_EDGE ( 'NONE', *, *, #4737, .F. ) ;
#484 = CARTESIAN_POINT ( 'NONE',  ( 2.578277445616415253, 17.91222139392874979, 5.000000000000000000 ) ) ;
#485 = EDGE_CURVE ( 'NONE', #5288, #5048, #3890, .T. ) ;
#486 = ORIENTED_EDGE ( 'NONE', *, *, #3925, .F. ) ;
#487 = AXIS2_PLACEMENT_3D ( 'NONE', #2335, #522, #492 ) ;
#488 = DIRECTION ( 'NONE',  ( 0.000000000000000000, 0.000000000000000000, -1.000000000000000000 ) ) ;
#489 = CARTESIAN_POINT ( 'NONE',  ( -9.757819552369539906E-16, 2.376571162088225214E-13, -5.000000000000000000 ) ) ;
#490 = CARTESIAN_POINT ( 'NONE',  ( 8.583684430773400820, -14.12501011712842036, -5.000000000000000000 ) ) ;
#491 = EDGE_LOOP ( 'NONE', ( #4028, #3031, #3784, #1847 ) ) ;
#492 = DIRECTION ( 'NONE',  ( 0.8660254037844387076, -0.4999999999999999445, 0.000000000000000000 ) ) ;
#493 = CIRCLE ( 'NONE', #1186, 1.764902496759995110 ) ;
#494 = CARTESIAN_POINT ( 'NONE',  ( -16.46764093829609976, 7.522724857905799922, 5.000000000000000000 ) ) ;
#495 = EDGE_CURVE ( 'NONE', #5076, #900, #3676, .T. ) ;
#496 = EDGE_LOOP ( 'NONE', ( #656, #2473, #274, #2489 ) ) ;
#497 = DIRECTION ( 'NONE',  ( 1.000000000000000000, 0.000000000000000000, 0.000000000000000000 ) ) ;
#498 = CARTESIAN_POINT ( 'NONE',  ( -5.850000000000000533, -8.000000000000000000, 1.500000000000000000 ) ) ;
#499 = ORIENTED_EDGE ( 'NONE', *, *, #4894, .F. ) ;
#500 = EDGE_CURVE ( 'NONE', #969, #2613, #2173, .T. ) ;
#501 = CARTESIAN_POINT ( 'NONE',  ( -11.52853332705896072, -13.95949521606319976, 5.002000000000000668 ) ) ;
#502 = ORIENTED_EDGE ( 'NONE', *, *, #1693, .T. ) ;
#503 = VERTEX_POINT ( 'NONE', #3152 ) ;
#504 = DIRECTION ( 'NONE',  ( 0.000000000000000000, 0.000000000000000000, 1.000000000000000000 ) ) ;
#505 = CARTESIAN_POINT ( 'NONE',  ( -11.42209106089456050, -11.94702410697803963, 5.000000000000000000 ) ) ;
#506 = VERTEX_POINT ( 'NONE', #355 ) ;
#507 = CYLINDRICAL_SURFACE ( 'NONE', #170, 18.52682817102720136 ) ;
#508 = ORIENTED_EDGE ( 'NONE', *, *, #3124, .F. ) ;
#509 = VECTOR ( 'NONE', #4588, 1000.000000000000000 ) ;
#510 = CARTESIAN_POINT ( 'NONE',  ( -4.752648293360439702, -17.61270781032335009, -5.000000000000000000 ) ) ;
#511 = CARTESIAN_POINT ( 'NONE',  ( 11.42209106089456050, 11.94702410697802009, 5.000000000000000000 ) ) ;
#512 = DIRECTION ( 'NONE',  ( 0.8660254037844390407, -0.4999999999999993894, 0.000000000000000000 ) ) ;
#513 = ORIENTED_EDGE ( 'NONE', *, *, #3611, .F. ) ;
#514 = CARTESIAN_POINT ( 'NONE',  ( 14.48897067933745930, 10.84273574818606001, 5.002000000000000668 ) ) ;
#515 = AXIS2_PLACEMENT_3D ( 'NONE', #2208, #6003, #4520 ) ;
#516 = VERTEX_POINT ( 'NONE', #1363 ) ;
#517 = DIRECTION ( 'NONE',  ( 0.000000000000000000, 0.000000000000000000, 1.000000000000000000 ) ) ;
#518 = VECTOR ( 'NONE', #3520, 1000.000000000000000 ) ;
#519 = FACE_OUTER_BOUND ( 'NONE', #5643, .T. ) ;
#520 = FACE_OUTER_BOUND ( 'NONE', #459, .T. ) ;
#521 = ORIENTED_EDGE ( 'NONE', *, *, #2562, .T. ) ;
#522 = DIRECTION ( 'NONE',  ( 0.000000000000000000, 0.000000000000000000, 1.000000000000000000 ) ) ;
#523 = CARTESIAN_POINT ( 'NONE',  ( -16.52445980553209992, -0.3711837165545234796, 5.002000000000000668 ) ) ;
#524 = ORIENTED_EDGE ( 'NONE', *, *, #911, .T. ) ;
#525 = EDGE_CURVE ( 'NONE', #938, #2334, #1240, .T. ) ;
#526 = DIRECTION ( 'NONE',  ( 0.000000000000000000, 0.000000000000000000, -1.000000000000000000 ) ) ;
#527 = CIRCLE ( 'NONE', #234, 16.52862817102734638 ) ;
#528 = CARTESIAN_POINT ( 'NONE',  ( 16.46764093829609976, -7.522724857905810580, 5.002000000000000668 ) ) ;
#529 = EDGE_LOOP ( 'NONE', ( #4134, #890, #4827, #4339 ) ) ;
#530 = EDGE_CURVE ( 'NONE', #117, #1680, #1709, .T. ) ;
#531 = DIRECTION ( 'NONE',  ( 0.000000000000000000, 0.000000000000000000, 1.000000000000000000 ) ) ;
#532 = ORIENTED_EDGE ( 'NONE', *, *, #5921, .F. ) ;
#533 = VERTEX_POINT ( 'NONE', #2757 ) ;
#534 = EDGE_CURVE ( 'NONE', #5059, #5498, #947, .T. ) ;
#535 = AXIS2_PLACEMENT_3D ( 'NONE', #1308, #2672, #3097 ) ;
#536 = EDGE_CURVE ( 'NONE', #545, #3878, #4487, .T. ) ;
#537 = DIRECTION ( 'NONE',  ( 0.000000000000000000, 0.000000000000000000, -1.000000000000000000 ) ) ;
#538 = DIRECTION ( 'NONE',  ( -0.5000000000000004441, 0.8660254037844384856, 0.000000000000000000 ) ) ;
#539 = ORIENTED_EDGE ( 'NONE', *, *, #2456, .T. ) ;
#540 = DIRECTION ( 'NONE',  ( 0.000000000000000000, 0.000000000000000000, 1.000000000000000000 ) ) ;
#541 = ORIENTED_EDGE ( 'NONE', *, *, #644, .F. ) ;
#542 = CARTESIAN_POINT ( 'NONE',  ( -9.757819552369539906E-16, 2.376571162088225214E-13, -5.000000000000000000 ) ) ;
#543 = DIRECTION ( 'NONE',  ( -0.000000000000000000, -0.000000000000000000, 1.000000000000000000 ) ) ;
#544 = LINE ( 'NONE', #1391, #1700 ) ;
#545 = VERTEX_POINT ( 'NONE', #4166 ) ;
#546 = EDGE_CURVE ( 'NONE', #1070, #5059, #3401, .T. ) ;
#547 = DIRECTION ( 'NONE',  ( 0.000000000000000000, 0.000000000000000000, -1.000000000000000000 ) ) ;
#548 = ORIENTED_EDGE ( 'NONE', *, *, #3192, .F. ) ;
#549 = CARTESIAN_POINT ( 'NONE',  ( 3.519999999999990248, -8.000000000000000000, 6.500000000000000000 ) ) ;
#550 = CONICAL_SURFACE ( 'NONE', #846, 19.02682817102745005, 0.9599310885968814766 ) ;
#551 = CYLINDRICAL_SURFACE ( 'NONE', #4259, 1.764902496759994444 ) ;
#552 = CARTESIAN_POINT ( 'NONE',  ( -9.757819552369539906E-16, 2.376571162088225214E-13, -5.000000000000000000 ) ) ;
#553 = ORIENTED_EDGE ( 'NONE', *, *, #2072, .T. ) ;
#554 = CARTESIAN_POINT ( 'NONE',  ( 16.63456994411955137, 7.126448808901080234, 5.000000000000000000 ) ) ;
#555 = CARTESIAN_POINT ( 'NONE',  ( 7.295780857526789731, -17.02982512410864757, -5.000000000000000000 ) ) ;
#556 = AXIS2_PLACEMENT_3D ( 'NONE', #823, #2698, #4139 ) ;
#557 = ORIENTED_EDGE ( 'NONE', *, *, #1858, .T. ) ;
#558 = VECTOR ( 'NONE', #4811, 1000.000000000000114 ) ;
#559 = DIRECTION ( 'NONE',  ( 0.2588190451025214611, -0.9659258262890680902, 0.000000000000000000 ) ) ;
#560 = ORIENTED_EDGE ( 'NONE', *, *, #1377, .F. ) ;
#561 = DIRECTION ( 'NONE',  ( 0.4999999999999995559, 0.8660254037844388186, 0.000000000000000000 ) ) ;
#562 = EDGE_LOOP ( 'NONE', ( #2853, #1411 ) ) ;
#564 = EDGE_CURVE ( 'NONE', #3669, #5222, #257, .T. ) ;
#563 = EDGE_LOOP ( 'NONE', ( #5702, #524, #4026, #5364 ) ) ;
#565 = AXIS2_PLACEMENT_3D ( 'NONE', #1669, #750, #3576 ) ;
#566 = AXIS2_PLACEMENT_3D ( 'NONE', #2774, #6075, #4679 ) ;
#567 = CARTESIAN_POINT ( 'NONE',  ( -20.45497617776956645, -1.339954899395314368E-15, -6.000000000000000000 ) ) ;
#568 = DIRECTION ( 'NONE',  ( 0.000000000000000000, 0.000000000000000000, 1.000000000000000000 ) ) ;
#569 = DIRECTION ( 'NONE',  ( 0.7071067811865475727, 0.7071067811865475727, 0.000000000000000000 ) ) ;
#570 = AXIS2_PLACEMENT_3D ( 'NONE', #2588, #5889, #5917 ) ;
#571 = EDGE_LOOP ( 'NONE', ( #2598, #1608, #4864, #5899 ) ) ;
#572 = AXIS2_PLACEMENT_3D ( 'NONE', #5768, #4467, #1535 ) ;
#573 = CARTESIAN_POINT ( 'NONE',  ( -19.02682817102745005, 3.582620476894587257E-15, 5.000000000000000000 ) ) ;
#574 = EDGE_CURVE ( 'NONE', #1025, #4462, #3693, .T. ) ;
#575 = ORIENTED_EDGE ( 'NONE', *, *, #5453, .T. ) ;
#576 = AXIS2_PLACEMENT_3D ( 'NONE', #1317, #3255, #5607 ) ;
#577 = AXIS2_PLACEMENT_3D ( 'NONE', #4356, #258, #2102 ) ;
#578 = EDGE_CURVE ( 'NONE', #119, #3146, #1730, .T. ) ;
#579 = CARTESIAN_POINT ( 'NONE',  ( -14.83324412511671930, -11.10037075072117929, 5.000000000000000000 ) ) ;
#580 = LINE ( 'NONE', #144, #2888 ) ;
#581 = EDGE_CURVE ( 'NONE', #4819, #4868, #4876, .T. ) ;
#582 = DIRECTION ( 'NONE',  ( 0.000000000000000000, 0.000000000000000000, 1.000000000000000000 ) ) ;
#583 = ORIENTED_EDGE ( 'NONE', *, *, #3381, .F. ) ;
#584 = DIRECTION ( 'NONE',  ( 0.2588190451025214056, 0.9659258262890680902, 0.000000000000000000 ) ) ;
#585 = CIRCLE ( 'NONE', #3525, 4.479999999999999538 ) ;
#586 = ORIENTED_EDGE ( 'NONE', *, *, #4631, .F. ) ;
#587 = ADVANCED_FACE ( 'NONE', ( #5595 ), #2518, .F. ) ;
#588 = AXIS2_PLACEMENT_3D ( 'NONE', #1353, #3750, #1852 ) ;
#589 = CARTESIAN_POINT ( 'NONE',  ( -10.50003296401211905, -14.74869130177517995, 5.002000000000000668 ) ) ;
#590 = DIRECTION ( 'NONE',  ( -0.000000000000000000, -0.000000000000000000, -1.000000000000000000 ) ) ;
#591 = DIRECTION ( 'NONE',  ( 0.000000000000000000, 0.000000000000000000, -1.000000000000000000 ) ) ;
#592 = ORIENTED_EDGE ( 'NONE', *, *, #6053, .T. ) ;
#593 = DIRECTION ( 'NONE',  ( -1.000000000000000000, 0.000000000000000000, 0.000000000000000000 ) ) ;
#594 = ORIENTED_EDGE ( 'NONE', *, *, #3861, .T. ) ;
#595 = CIRCLE ( 'NONE', #1666, 0.4299999999999997713 ) ;
#596 = FACE_BOUND ( 'NONE', #5217, .T. ) ;
#597 = LINE ( 'NONE', #130, #1859 ) ;
#598 = CARTESIAN_POINT ( 'NONE',  ( -9.757819552369539906E-16, 2.376571162088225214E-13, -5.000000000000000000 ) ) ;
#599 = FACE_OUTER_BOUND ( 'NONE', #1619, .T. ) ;
#600 = VERTEX_POINT ( 'NONE', #5964 ) ;
#601 = CARTESIAN_POINT ( 'NONE',  ( 2.639540076345815223, -18.33783493938529929, 5.000000000000000000 ) ) ;
#602 = FACE_OUTER_BOUND ( 'NONE', #1900, .T. ) ;
#603 = ADVANCED_FACE ( 'NONE', ( #3248 ), #5565, .F. ) ;
#604 = CARTESIAN_POINT ( 'NONE',  ( -10.14999999999999858, 8.000000000000000000, 4.169999999999999929 ) ) ;
#605 = VERTEX_POINT ( 'NONE', #1248 ) ;
#606 = DIRECTION ( 'NONE',  ( 0.000000000000000000, 0.000000000000000000, -1.000000000000000000 ) ) ;
#607 = ORIENTED_EDGE ( 'NONE', *, *, #2282, .T. ) ;
#608 = DIRECTION ( 'NONE',  ( 1.000000000000000000, 0.000000000000000000, 0.000000000000000000 ) ) ;
#609 = DIRECTION ( 'NONE',  ( -0.9659258262890680902, -0.2588190451025215166, 0.000000000000000000 ) ) ;
#610 = EDGE_CURVE ( 'NONE', #3136, #1199, #1332, .T. ) ;
#611 = CARTESIAN_POINT ( 'NONE',  ( 10.14999999999999858, 8.000000000000000000, 1.500000000000000000 ) ) ;
#612 = ORIENTED_EDGE ( 'NONE', *, *, #1882, .T. ) ;
#613 = DIRECTION ( 'NONE',  ( 0.9659258262890689783, -0.2588190451025180194, 0.000000000000000000 ) ) ;
#614 = EDGE_CURVE ( 'NONE', #2425, #3177, #1830, .T. ) ;
#615 = ORIENTED_EDGE ( 'NONE', *, *, #536, .F. ) ;
#616 = DIRECTION ( 'NONE',  ( 0.000000000000000000, 0.000000000000000000, 1.000000000000000000 ) ) ;
#617 = DIRECTION ( 'NONE',  ( 0.000000000000000000, 0.000000000000000000, 1.000000000000000000 ) ) ;
#618 = ADVANCED_FACE ( 'NONE', ( #5998 ), #3185, .T. ) ;
#619 = CARTESIAN_POINT ( 'NONE',  ( -10.14999999999999858, -8.000000000000000000, -53.44388806018619675 ) ) ;
#620 = EDGE_LOOP ( 'NONE', ( #253, #5824, #476, #5128 ) ) ;
#621 = AXIS2_PLACEMENT_3D ( 'NONE', #3542, #1634, #1724 ) ;
#622 = CARTESIAN_POINT ( 'NONE',  ( 6.723256931056099894, 16.80157748816159824, -5.000000000000000000 ) ) ;
#623 = ORIENTED_EDGE ( 'NONE', *, *, #2109, .T. ) ;
#624 = VECTOR ( 'NONE', #4142, 1000.000000000000000 ) ;
#625 = CARTESIAN_POINT ( 'NONE',  ( 14.22330004254519942, 11.18896446287261881, -5.000000000000000000 ) ) ;
#626 = CARTESIAN_POINT ( 'NONE',  ( -14.49619383368293946, -7.940775374758739957, -5.000000000000000000 ) ) ;
#627 = CIRCLE ( 'NONE', #1393, 1.764902496759994444 ) ;
#628 = CARTESIAN_POINT ( 'NONE',  ( 11.94702410697802009, 11.42209106089458004, 5.002000000000000668 ) ) ;
#629 = VERTEX_POINT ( 'NONE', #3853 ) ;
#630 = CARTESIAN_POINT ( 'NONE',  ( 10.84273574818606001, -14.48897067933744154, -5.000000000000000000 ) ) ;
#631 = CIRCLE ( 'NONE', #5550, 0.4299999999999998823 ) ;
#632 = CYLINDRICAL_SURFACE ( 'NONE', #4684, 1.764902496759994444 ) ;
#633 = CARTESIAN_POINT ( 'NONE',  ( -9.757819552369539906E-16, 2.376571162088225214E-13, 5.000000000000000000 ) ) ;
#634 = VERTEX_POINT ( 'NONE', #5175 ) ;
#635 = LINE ( 'NONE', #2504, #3893 ) ;
#636 = CIRCLE ( 'NONE', #735, 6.100000000000000533 ) ;
#637 = ORIENTED_EDGE ( 'NONE', *, *, #5115, .T. ) ;
#638 = DIRECTION ( 'NONE',  ( 0.000000000000000000, 0.000000000000000000, -1.000000000000000000 ) ) ;
#639 = CARTESIAN_POINT ( 'NONE',  ( -19.02682817102745005, 3.495171632636318375E-15, 5.000000000000000000 ) ) ;
#640 = DIRECTION ( 'NONE',  ( 0.000000000000000000, 0.000000000000000000, -1.000000000000000000 ) ) ;
#641 = VERTEX_POINT ( 'NONE', #1481 ) ;
#642 = CARTESIAN_POINT ( 'NONE',  ( -9.757819552369539906E-16, 2.376571162088225214E-13, 5.000000000000000000 ) ) ;
#643 = ORIENTED_EDGE ( 'NONE', *, *, #3047, .F. ) ;
#644 = EDGE_CURVE ( 'NONE', #503, #3355, #5652, .T. ) ;
#645 = CARTESIAN_POINT ( 'NONE',  ( 14.12501011712842036, 8.583684430773400820, 5.000000000000000000 ) ) ;
#646 = LINE ( 'NONE', #4336, #331 ) ;
#647 = CARTESIAN_POINT ( 'NONE',  ( 11.42209106089458004, -11.94702410697802009, 5.000000000000000000 ) ) ;
#648 = ORIENTED_EDGE ( 'NONE', *, *, #4698, .T. ) ;
#649 = DIRECTION ( 'NONE',  ( -0.8660254037844387076, 0.4999999999999999445, 0.000000000000000000 ) ) ;
#650 = ORIENTED_EDGE ( 'NONE', *, *, #4580, .T. ) ;
#651 = ADVANCED_FACE ( 'NONE', ( #4749 ), #3762, .F. ) ;
#652 = DIRECTION ( 'NONE',  ( -0.000000000000000000, -0.000000000000000000, 1.000000000000000000 ) ) ;
#653 = EDGE_CURVE ( 'NONE', #1423, #2647, #3367, .T. ) ;
#654 = CARTESIAN_POINT ( 'NONE',  ( -14.12501011712842036, 8.583684430773379503, 5.002000000000000668 ) ) ;
#655 = CARTESIAN_POINT ( 'NONE',  ( -7.295780857526779961, -17.02982512410864757, -5.000000000000000000 ) ) ;
#656 = ORIENTED_EDGE ( 'NONE', *, *, #4297, .F. ) ;
#657 = AXIS2_PLACEMENT_3D ( 'NONE', #3033, #5704, #1935 ) ;
#658 = CYLINDRICAL_SURFACE ( 'NONE', #318, 1.764902496759994444 ) ;
#659 = CARTESIAN_POINT ( 'NONE',  ( -9.149209946963129170, 15.78249345187884778, 5.002000000000000668 ) ) ;
#660 = FACE_OUTER_BOUND ( 'NONE', #792, .T. ) ;
#661 = ORIENTED_EDGE ( 'NONE', *, *, #43, .T. ) ;
#662 = CARTESIAN_POINT ( 'NONE',  ( -16.46764093829609976, -7.522724857905819462, -5.000000000000000000 ) ) ;
#663 = CIRCLE ( 'NONE', #861, 18.52682817102720136 ) ;
#664 = ORIENTED_EDGE ( 'NONE', *, *, #3460, .T. ) ;
#665 = CIRCLE ( 'NONE', #4101, 18.52682817102720136 ) ;
#666 = CARTESIAN_POINT ( 'NONE',  ( -14.56126086974061984, -11.45482623011524126, -5.000000000000000000 ) ) ;
#667 = CIRCLE ( 'NONE', #572, 20.45497617776954868 ) ;
#668 = LINE ( 'NONE', #1125, #3575 ) ;
#669 = CARTESIAN_POINT ( 'NONE',  ( -6.325010817588590406, 16.96375033764019946, -5.000000000000000000 ) ) ;
#670 = ORIENTED_EDGE ( 'NONE', *, *, #4254, .F. ) ;
#671 = CARTESIAN_POINT ( 'NONE',  ( 0.000000000000000000, -9.858406733136190470E-16, -6.500000000000000000 ) ) ;
#672 = DIRECTION ( 'NONE',  ( -0.000000000000000000, -0.000000000000000000, -1.000000000000000000 ) ) ;
#673 = ORIENTED_EDGE ( 'NONE', *, *, #1489, .F. ) ;
#674 = CIRCLE ( 'NONE', #3808, 1.764902496759995554 ) ;
#675 = FACE_OUTER_BOUND ( 'NONE', #5243, .T. ) ;
#676 = DIRECTION ( 'NONE',  ( 0.000000000000000000, 0.000000000000000000, 1.000000000000000000 ) ) ;
#677 = CARTESIAN_POINT ( 'NONE',  ( -16.52445980553209992, 0.3711837165545124884, 5.000000000000000000 ) ) ;
#678 = AXIS2_PLACEMENT_3D ( 'NONE', #1065, #2014, #3886 ) ;
#679 = ORIENTED_EDGE ( 'NONE', *, *, #1837, .F. ) ;
#680 = EDGE_CURVE ( 'NONE', #2869, #6031, #2225, .T. ) ;
#681 = DIRECTION ( 'NONE',  ( 0.000000000000000000, 0.000000000000000000, 1.000000000000000000 ) ) ;
#682 = VERTEX_POINT ( 'NONE', #1513 ) ;
#683 = CIRCLE ( 'NONE', #4998, 16.52862817102734638 ) ;
#684 = CARTESIAN_POINT ( 'NONE',  ( 18.39615160824795126, -2.196580998991904732, 5.000000000000000000 ) ) ;
#685 = EDGE_CURVE ( 'NONE', #1545, #5915, #3994, .T. ) ;
#686 = DIRECTION ( 'NONE',  ( 0.000000000000000000, 0.000000000000000000, -1.000000000000000000 ) ) ;
#687 = AXIS2_PLACEMENT_3D ( 'NONE', #4738, #5642, #5670 ) ;
#688 = ORIENTED_EDGE ( 'NONE', *, *, #776, .T. ) ;
#689 = CYLINDRICAL_SURFACE ( 'NONE', #2327, 0.4299999999999997713 ) ;
#690 = EDGE_CURVE ( 'NONE', #3158, #5564, #1736, .T. ) ;
#691 = VERTEX_POINT ( 'NONE', #3335 ) ;
#692 = CIRCLE ( 'NONE', #2351, 0.4299999999999998823 ) ;
#693 = DIRECTION ( 'NONE',  ( 0.2588190451025180194, 0.9659258262890689783, 0.000000000000000000 ) ) ;
#694 = FACE_OUTER_BOUND ( 'NONE', #2949, .T. ) ;
#695 = EDGE_CURVE ( 'NONE', #1694, #2019, #1151, .T. ) ;
#696 = CARTESIAN_POINT ( 'NONE',  ( 15.86533307656284819, 4.635380845820789908, 5.000000000000000000 ) ) ;
#697 = EDGE_LOOP ( 'NONE', ( #1927, #5996, #4788, #2373 ) ) ;
#698 = LINE ( 'NONE', #2567, #5876 ) ;
#699 = VECTOR ( 'NONE', #919, 1000.000000000000000 ) ;
#700 = ORIENTED_EDGE ( 'NONE', *, *, #2638, .F. ) ;
#701 = CARTESIAN_POINT ( 'NONE',  ( -8.000000000000000000, 8.000000000000000000, 1.500000000000000000 ) ) ;
#702 = CARTESIAN_POINT ( 'NONE',  ( 16.80157748816159824, 6.723256931056099894, -5.000000000000000000 ) ) ;
#703 = DIRECTION ( 'NONE',  ( -0.7071067811865475727, 0.7071067811865475727, 0.000000000000000000 ) ) ;
#704 = ORIENTED_EDGE ( 'NONE', *, *, #5925, .F. ) ;
#705 = FACE_OUTER_BOUND ( 'NONE', #3616, .T. ) ;
#706 = DIRECTION ( 'NONE',  ( -1.000000000000000000, 0.000000000000000000, 0.000000000000000000 ) ) ;
#707 = ORIENTED_EDGE ( 'NONE', *, *, #2110, .F. ) ;
#708 = DIRECTION ( 'NONE',  ( 0.000000000000000000, 0.000000000000000000, 1.000000000000000000 ) ) ;
#709 = DIRECTION ( 'NONE',  ( -0.4999999999999999445, 0.8660254037844387076, 0.000000000000000000 ) ) ;
#710 = ORIENTED_EDGE ( 'NONE', *, *, #838, .T. ) ;
#711 = CARTESIAN_POINT ( 'NONE',  ( -9.757819552369539906E-16, 2.376571162088225214E-13, 5.000000000000000000 ) ) ;
#712 = VERTEX_POINT ( 'NONE', #5267 ) ;
#713 = ORIENTED_EDGE ( 'NONE', *, *, #4887, .F. ) ;
#714 = VECTOR ( 'NONE', #2079, 1000.000000000000000 ) ;
#715 = DIRECTION ( 'NONE',  ( -0.000000000000000000, -0.000000000000000000, 1.000000000000000000 ) ) ;
#716 = DIRECTION ( 'NONE',  ( -0.8660254037844388186, -0.4999999999999995559, 0.000000000000000000 ) ) ;
#717 = FACE_OUTER_BOUND ( 'NONE', #2398, .T. ) ;
#718 = CARTESIAN_POINT ( 'NONE',  ( 0.000000000000000000, 1.165057210878772069E-15, 6.500000000000000000 ) ) ;
#719 = ORIENTED_EDGE ( 'NONE', *, *, #29, .F. ) ;
#720 = VECTOR ( 'NONE', #2457, 1000.000000000000000 ) ;
#721 = EDGE_CURVE ( 'NONE', #3292, #2007, #2839, .T. ) ;
#722 = CARTESIAN_POINT ( 'NONE',  ( 10.50003296401211905, 14.74869130177516041, 5.002000000000000668 ) ) ;
#723 = CARTESIAN_POINT ( 'NONE',  ( -9.093435290907079249, 15.81469496456674939, -5.000000000000000000 ) ) ;
#724 = EDGE_CURVE ( 'NONE', #84, #5304, #2123, .T. ) ;
#725 = ORIENTED_EDGE ( 'NONE', *, *, #1451, .T. ) ;
#726 = CIRCLE ( 'NONE', #2487, 16.52862817102734638 ) ;
#727 = DIRECTION ( 'NONE',  ( 0.000000000000000000, 0.000000000000000000, 1.000000000000000000 ) ) ;
#728 = VERTEX_POINT ( 'NONE', #573 ) ;
#729 = CARTESIAN_POINT ( 'NONE',  ( 14.12501011712842036, -8.583684430773390162, 5.002000000000000668 ) ) ;
#730 = EDGE_CURVE ( 'NONE', #4693, #2748, #4194, .T. ) ;
#731 = ADVANCED_FACE ( 'NONE', ( #2870 ), #5237, .T. ) ;
#732 = AXIS2_PLACEMENT_3D ( 'NONE', #1524, #5282, #2952 ) ;
#733 = DIRECTION ( 'NONE',  ( 0.000000000000000000, 0.000000000000000000, 1.000000000000000000 ) ) ;
#734 = ORIENTED_EDGE ( 'NONE', *, *, #270, .F. ) ;
#735 = AXIS2_PLACEMENT_3D ( 'NONE', #914, #3340, #2385 ) ;
#736 = DIRECTION ( 'NONE',  ( -0.000000000000000000, -0.000000000000000000, 1.000000000000000000 ) ) ;
#737 = DIRECTION ( 'NONE',  ( 0.000000000000000000, 0.000000000000000000, 1.000000000000000000 ) ) ;
#738 = ADVANCED_FACE ( 'NONE', ( #2350 ), #507, .T. ) ;
#739 = ORIENTED_EDGE ( 'NONE', *, *, #2899, .F. ) ;
#740 = DIRECTION ( 'NONE',  ( 0.7071067811865475727, -0.7071067811865475727, 0.000000000000000000 ) ) ;
#741 = VERTEX_POINT ( 'NONE', #2903 ) ;
#742 = DIRECTION ( 'NONE',  ( 0.000000000000000000, 0.000000000000000000, 1.000000000000000000 ) ) ;
#743 = MANIFOLD_SOLID_BREP ( 'HTD-5mm-24T-Pulley', #1523 ) ;
#744 = ORIENTED_EDGE ( 'NONE', *, *, #2930, .F. ) ;
#745 = VERTEX_POINT ( 'NONE', #1673 ) ;
#746 = CARTESIAN_POINT ( 'NONE',  ( -6.201502689006169644E-14, 3.483414762376119677E-14, -5.000000000000000000 ) ) ;
#747 = DIRECTION ( 'NONE',  ( 0.000000000000000000, 0.000000000000000000, 1.000000000000000000 ) ) ;
#748 = ORIENTED_EDGE ( 'NONE', *, *, #4330, .T. ) ;
#749 = CARTESIAN_POINT ( 'NONE',  ( 16.05747190671534952, -3.918308969584834767, 5.000000000000000000 ) ) ;
#750 = DIRECTION ( 'NONE',  ( 0.000000000000000000, 0.000000000000000000, 1.000000000000000000 ) ) ;
#751 = VECTOR ( 'NONE', #370, 1000.000000000000000 ) ;
#752 = VERTEX_POINT ( 'NONE', #4382 ) ;
#753 = CARTESIAN_POINT ( 'NONE',  ( -16.05747190671534952, 3.918308969584829438, -5.000000000000000000 ) ) ;
#754 = EDGE_LOOP ( 'NONE', ( #1067, #1148, #3289, #2962 ) ) ;
#755 = EDGE_CURVE ( 'NONE', #4521, #5017, #2380, .T. ) ;
#756 = DIRECTION ( 'NONE',  ( 0.7071067811865480168, -0.7071067811865470176, 0.000000000000000000 ) ) ;
#757 = VECTOR ( 'NONE', #5093, 1000.000000000000000 ) ;
#758 = DIRECTION ( 'NONE',  ( 0.7071067811865475727, -0.7071067811865475727, 0.000000000000000000 ) ) ;
#759 = ORIENTED_EDGE ( 'NONE', *, *, #4413, .T. ) ;
#760 = AXIS2_PLACEMENT_3D ( 'NONE', #3147, #6018, #2663 ) ;
#761 = EDGE_CURVE ( 'NONE', #2551, #4310, #3603, .T. ) ;
#762 = DIRECTION ( 'NONE',  ( -0.9659258262890680902, 0.2588190451025214056, 0.000000000000000000 ) ) ;
#763 = DIRECTION ( 'NONE',  ( 0.000000000000000000, 0.000000000000000000, -1.000000000000000000 ) ) ;
#764 = ORIENTED_EDGE ( 'NONE', *, *, #1138, .F. ) ;
#765 = ADVANCED_FACE ( 'NONE', ( #3548 ), #3306, .F. ) ;
#766 = CIRCLE ( 'NONE', #5680, 0.4299999999999998823 ) ;
#767 = CIRCLE ( 'NONE', #4303, 4.479999999999999538 ) ;
#768 = EDGE_CURVE ( 'NONE', #1824, #4260, #2320, .T. ) ;
#769 = DIRECTION ( 'NONE',  ( 1.000000000000000000, 0.000000000000000000, 0.000000000000000000 ) ) ;
#770 = CARTESIAN_POINT ( 'NONE',  ( 17.20080094608644927, -6.883008709270059811, 5.000000000000000000 ) ) ;
#771 = ORIENTED_EDGE ( 'NONE', *, *, #4527, .F. ) ;
#772 = EDGE_CURVE ( 'NONE', #4503, #1976, #4444, .T. ) ;
#773 = DIRECTION ( 'NONE',  ( 0.000000000000000000, 0.000000000000000000, 1.000000000000000000 ) ) ;
#774 = CIRCLE ( 'NONE', #5982, 2.149999999999999023 ) ;
#775 = ORIENTED_EDGE ( 'NONE', *, *, #3165, .T. ) ;
#776 = EDGE_CURVE ( 'NONE', #1259, #1035, #663, .T. ) ;
#777 = ORIENTED_EDGE ( 'NONE', *, *, #5877, .F. ) ;
#778 = CIRCLE ( 'NONE', #181, 16.52862817102734638 ) ;
#779 = DIRECTION ( 'NONE',  ( 0.000000000000000000, 0.000000000000000000, -1.000000000000000000 ) ) ;
#780 = DIRECTION ( 'NONE',  ( 0.000000000000000000, 0.000000000000000000, 1.000000000000000000 ) ) ;
#781 = CARTESIAN_POINT ( 'NONE',  ( -10.14999999999999858, 8.000000000000000000, 4.169999999999999929 ) ) ;
#782 = AXIS2_PLACEMENT_3D ( 'NONE', #4256, #1385, #5622 ) ;
#783 = EDGE_LOOP ( 'NONE', ( #3368, #5350, #3931, #4989 ) ) ;
#784 = CARTESIAN_POINT ( 'NONE',  ( 16.96375033764019946, 6.325010817588569978, -5.000000000000000000 ) ) ;
#785 = AXIS2_PLACEMENT_3D ( 'NONE', #2682, #309, #5489 ) ;
#786 = PLANE ( 'NONE',  #2816 ) ;
#787 = VERTEX_POINT ( 'NONE', #4841 ) ;
#788 = CYLINDRICAL_SURFACE ( 'NONE', #3509, 1.764902496759994444 ) ;
#789 = CIRCLE ( 'NONE', #3533, 0.4299999999999993272 ) ;
#790 = CARTESIAN_POINT ( 'NONE',  ( 8.000000000000000000, 8.000000000000000000, -53.44388806018619675 ) ) ;
#791 = CARTESIAN_POINT ( 'NONE',  ( -17.85354414464755024, 3.004255121577000143, -5.000000000000000000 ) ) ;
#792 = EDGE_LOOP ( 'NONE', ( #80, #771, #4622, #1751 ) ) ;
#793 = CYLINDRICAL_SURFACE ( 'NONE', #1292, 0.4299999999999997713 ) ;
#794 = DIRECTION ( 'NONE',  ( -0.000000000000000000, -0.000000000000000000, 1.000000000000000000 ) ) ;
#795 = ORIENTED_EDGE ( 'NONE', *, *, #268, .T. ) ;
#796 = CIRCLE ( 'NONE', #1574, 0.4299999999999998823 ) ;
#797 = EDGE_CURVE ( 'NONE', #4982, #1496, #5078, .T. ) ;
#798 = LINE ( 'NONE', #1252, #1546 ) ;
#799 = DIRECTION ( 'NONE',  ( 0.000000000000000000, 0.000000000000000000, 1.000000000000000000 ) ) ;
#800 = DIRECTION ( 'NONE',  ( 0.000000000000000000, 0.000000000000000000, -1.000000000000000000 ) ) ;
#801 = VERTEX_POINT ( 'NONE', #1639 ) ;
#802 = EDGE_CURVE ( 'NONE', #3441, #3281, #3057, .T. ) ;
#803 = CARTESIAN_POINT ( 'NONE',  ( -5.850000000000000533, 8.000000000000000000, -53.44388806018619675 ) ) ;
#804 = EDGE_LOOP ( 'NONE', ( #1191, #3560, #4862, #3635 ) ) ;
#805 = EDGE_CURVE ( 'NONE', #2765, #5519, #698, .T. ) ;
#806 = ORIENTED_EDGE ( 'NONE', *, *, #2223, .F. ) ;
#807 = ADVANCED_FACE ( 'NONE', ( #3517 ), #3453, .F. ) ;
#808 = CYLINDRICAL_SURFACE ( 'NONE', #1641, 16.52862817102734994 ) ;
#809 = DIRECTION ( 'NONE',  ( 0.000000000000000000, 0.000000000000000000, -1.000000000000000000 ) ) ;
#810 = CARTESIAN_POINT ( 'NONE',  ( 16.46764093829609976, 7.522724857905819462, 5.000000000000000000 ) ) ;
#811 = ORIENTED_EDGE ( 'NONE', *, *, #776, .F. ) ;
#812 = CARTESIAN_POINT ( 'NONE',  ( -20.45497617776954868, 1.165057210878772069E-15, 6.500000000000000000 ) ) ;
#813 = DIRECTION ( 'NONE',  ( 0.000000000000000000, 0.000000000000000000, -1.000000000000000000 ) ) ;
#814 = CARTESIAN_POINT ( 'NONE',  ( -11.18896446287261881, 14.22330004254517988, 5.000000000000000000 ) ) ;
#815 = VERTEX_POINT ( 'NONE', #4869 ) ;
#816 = AXIS2_PLACEMENT_3D ( 'NONE', #4912, #4513, #297 ) ;
#817 = FACE_OUTER_BOUND ( 'NONE', #431, .T. ) ;
#818 = AXIS2_PLACEMENT_3D ( 'NONE', #5943, #2238, #332 ) ;
#819 = CARTESIAN_POINT ( 'NONE',  ( -3.918308969584829438, -16.05747190671534952, 5.000000000000000000 ) ) ;
#820 = FACE_OUTER_BOUND ( 'NONE', #1221, .T. ) ;
#821 = VERTEX_POINT ( 'NONE', #140 ) ;
#822 = PRODUCT_DEFINITION_CONTEXT ( 'detailed design', #4449, 'design' ) ;
#823 = CARTESIAN_POINT ( 'NONE',  ( 8.000000000000000000, -8.000000000000000000, 4.169999999999999929 ) ) ;
#824 = AXIS2_PLACEMENT_3D ( 'NONE', #5568, #3591, #5446 ) ;
#825 = VERTEX_POINT ( 'NONE', #662 ) ;
#826 = DIRECTION ( 'NONE',  ( -0.7071067811865480168, 0.7071067811865472397, 0.000000000000000000 ) ) ;
#827 = CARTESIAN_POINT ( 'NONE',  ( -16.46764093829609976, -7.522724857905819462, 5.000000000000000000 ) ) ;
#828 = CIRCLE ( 'NONE', #3961, 19.02682817102745005 ) ;
#829 = CARTESIAN_POINT ( 'NONE',  ( 2.639540076345815223, 18.33783493938529929, 5.000000000000000000 ) ) ;
#830 = ORIENTED_EDGE ( 'NONE', *, *, #4094, .F. ) ;
#831 = DIRECTION ( 'NONE',  ( 0.000000000000000000, 0.000000000000000000, 1.000000000000000000 ) ) ;
#832 = EDGE_CURVE ( 'NONE', #5794, #5915, #635, .T. ) ;
#833 = ORIENTED_EDGE ( 'NONE', *, *, #3747, .F. ) ;
#834 = EDGE_LOOP ( 'NONE', ( #1458, #4592, #5762, #1508 ) ) ;
#835 = AXIS2_PLACEMENT_3D ( 'NONE', #2844, #940, #5656 ) ;
#836 = DIRECTION ( 'NONE',  ( 0.000000000000000000, 0.000000000000000000, -1.000000000000000000 ) ) ;
#837 = CARTESIAN_POINT ( 'NONE',  ( -11.42209106089456050, -11.94702410697803963, -5.000000000000000000 ) ) ;
#838 = EDGE_CURVE ( 'NONE', #1303, #5318, #168, .T. ) ;
#839 = ORIENTED_EDGE ( 'NONE', *, *, #2944, .T. ) ;
#840 = DIRECTION ( 'NONE',  ( 0.000000000000000000, 0.000000000000000000, -1.000000000000000000 ) ) ;
#841 = DIRECTION ( 'NONE',  ( 0.000000000000000000, 0.000000000000000000, 1.000000000000000000 ) ) ;
#842 = FACE_OUTER_BOUND ( 'NONE', #5835, .T. ) ;
#843 = ORIENTED_EDGE ( 'NONE', *, *, #3485, .T. ) ;
#844 = DIRECTION ( 'NONE',  ( 1.000000000000000000, 0.000000000000000000, 0.000000000000000000 ) ) ;
#845 = EDGE_LOOP ( 'NONE', ( #366, #3222, #4790, #5135 ) ) ;
#846 = AXIS2_PLACEMENT_3D ( 'NONE', #248, #4125, #6012 ) ;
#847 = DIRECTION ( 'NONE',  ( 0.000000000000000000, 0.000000000000000000, 1.000000000000000000 ) ) ;
#848 = DIRECTION ( 'NONE',  ( -0.000000000000000000, -0.000000000000000000, -1.000000000000000000 ) ) ;
#849 = CARTESIAN_POINT ( 'NONE',  ( -17.02982512410864757, 7.295780857526770191, 5.000000000000000000 ) ) ;
#850 = VERTEX_POINT ( 'NONE', #4416 ) ;
#851 = DIRECTION ( 'NONE',  ( 0.000000000000000000, 0.000000000000000000, 1.000000000000000000 ) ) ;
#852 = ORIENTED_EDGE ( 'NONE', *, *, #5549, .T. ) ;
#853 = CARTESIAN_POINT ( 'NONE',  ( -14.74869130177517995, 10.50003296401211905, 5.000000000000000000 ) ) ;
#854 = AXIS2_PLACEMENT_3D ( 'NONE', #1220, #1971, #3093 ) ;
#855 = DIRECTION ( 'NONE',  ( 0.000000000000000000, 1.000000000000000000, 0.000000000000000000 ) ) ;
#856 = CARTESIAN_POINT ( 'NONE',  ( -14.83324412511674062, 11.10037075072115975, -5.000000000000000000 ) ) ;
#857 = ORIENTED_EDGE ( 'NONE', *, *, #4140, .F. ) ;
#858 = CARTESIAN_POINT ( 'NONE',  ( -14.48897067933744154, -10.84273574818606001, 5.000000000000000000 ) ) ;
#859 = ORIENTED_EDGE ( 'NONE', *, *, #2830, .F. ) ;
#860 = CIRCLE ( 'NONE', #6070, 0.4299999999999993272 ) ;
#861 = AXIS2_PLACEMENT_3D ( 'NONE', #256, #2968, #4903 ) ;
#862 = ORIENTED_EDGE ( 'NONE', *, *, #5178, .T. ) ;
#863 = EDGE_CURVE ( 'NONE', #3136, #2826, #2100, .T. ) ;
#864 = CARTESIAN_POINT ( 'NONE',  ( -0.03220151268792000032, 18.24264523787019954, 5.002000000000000668 ) ) ;
#865 = VECTOR ( 'NONE', #5357, 1000.000000000000000 ) ;
#866 = ORIENTED_EDGE ( 'NONE', *, *, #3610, .F. ) ;
#867 = CARTESIAN_POINT ( 'NONE',  ( 2.639540076345815223, 18.33783493938529929, -5.000000000000000000 ) ) ;
#868 = CARTESIAN_POINT ( 'NONE',  ( -7.126448808901080234, -16.63456994411955137, 5.002000000000000668 ) ) ;
#869 = ORIENTED_EDGE ( 'NONE', *, *, #3619, .T. ) ;
#870 = AXIS2_PLACEMENT_3D ( 'NONE', #1041, #3007, #2550 ) ;
#871 = AXIS2_PLACEMENT_3D ( 'NONE', #4365, #4393, #2980 ) ;
#872 = DIRECTION ( 'NONE',  ( -0.2588190451025215166, 0.9659258262890680902, 0.000000000000000000 ) ) ;
#873 = ADVANCED_FACE ( 'NONE', ( #4475 ), #5900, .F. ) ;
#874 = CYLINDRICAL_SURFACE ( 'NONE', #3317, 0.4299999999999997713 ) ;
#875 = VECTOR ( 'NONE', #4717, 1000.000000000000000 ) ;
#876 = ORIENTED_EDGE ( 'NONE', *, *, #1819, .T. ) ;
#877 = FACE_OUTER_BOUND ( 'NONE', #5723, .T. ) ;
#878 = ORIENTED_EDGE ( 'NONE', *, *, #4566, .F. ) ;
#879 = CIRCLE ( 'NONE', #5098, 1.764902496759994888 ) ;
#880 = EDGE_CURVE ( 'NONE', #245, #815, #5579, .T. ) ;
#881 = FACE_OUTER_BOUND ( 'NONE', #4602, .T. ) ;
#882 = FACE_OUTER_BOUND ( 'NONE', #2536, .T. ) ;
#883 = ORIENTED_EDGE ( 'NONE', *, *, #2329, .F. ) ;
#884 = UNCERTAINTY_MEASURE_WITH_UNIT (LENGTH_MEASURE( 1.000000000000000082E-05 ), #54, 'distance_accuracy_value', 'NONE');
#885 = CARTESIAN_POINT ( 'NONE',  ( 6.848270805104349773E-14, 1.921978404781390092E-14, 5.000000000000000000 ) ) ;
#886 = VECTOR ( 'NONE', #5351, 1000.000000000000000 ) ;
#887 = AXIS2_PLACEMENT_3D ( 'NONE', #2552, #1998, #4797 ) ;
#888 = DIRECTION ( 'NONE',  ( 0.000000000000000000, 0.000000000000000000, -1.000000000000000000 ) ) ;
#889 = CARTESIAN_POINT ( 'NONE',  ( -9.757819552369539906E-16, 2.376571162088225214E-13, 5.000000000000000000 ) ) ;
#890 = ORIENTED_EDGE ( 'NONE', *, *, #5312, .F. ) ;
#891 = DIRECTION ( 'NONE',  ( 0.000000000000000000, 0.000000000000000000, 1.000000000000000000 ) ) ;
#892 = ORIENTED_EDGE ( 'NONE', *, *, #690, .T. ) ;
#893 = AXIS2_PLACEMENT_3D ( 'NONE', #4490, #1716, #4576 ) ;
#894 = LINE ( 'NONE', #2764, #3814 ) ;
#895 = ORIENTED_EDGE ( 'NONE', *, *, #3390, .F. ) ;
#896 = CARTESIAN_POINT ( 'NONE',  ( 18.02275782191794917, -1.718949636520934909, 5.002000000000000668 ) ) ;
#897 = CARTESIAN_POINT ( 'NONE',  ( 14.12501011712842036, 8.583684430773400820, -5.000000000000000000 ) ) ;
#898 = ORIENTED_EDGE ( 'NONE', *, *, #721, .T. ) ;
#899 = DIRECTION ( 'NONE',  ( 0.8660254037844388186, -0.4999999999999995559, 0.000000000000000000 ) ) ;
#900 = VERTEX_POINT ( 'NONE', #1325 ) ;
#901 = CARTESIAN_POINT ( 'NONE',  ( 18.33783493938529929, 2.639540076345815223, 5.000000000000000000 ) ) ;
#902 = ORIENTED_EDGE ( 'NONE', *, *, #4333, .T. ) ;
#903 = ADVANCED_FACE ( 'NONE', ( #1823 ), #5676, .F. ) ;
#904 = ADVANCED_FACE ( 'NONE', ( #6047 ), #3640, .T. ) ;
#905 = CARTESIAN_POINT ( 'NONE',  ( 12.92226806246459958, 12.87672824649239978, 5.000000000000000000 ) ) ;
#906 = AXIS2_PLACEMENT_3D ( 'NONE', #1086, #2898, #2500 ) ;
#907 = DIRECTION ( 'NONE',  ( 0.4999999999999998890, 0.8660254037844388186, 0.000000000000000000 ) ) ;
#908 = ORIENTED_EDGE ( 'NONE', *, *, #6009, .T. ) ;
#909 = EDGE_CURVE ( 'NONE', #92, #3360, #1246, .T. ) ;
#910 = DIRECTION ( 'NONE',  ( 0.000000000000000000, 0.000000000000000000, -1.000000000000000000 ) ) ;
#911 = EDGE_CURVE ( 'NONE', #2323, #4161, #350, .T. ) ;
#912 = AXIS2_PLACEMENT_3D ( 'NONE', #3080, #5983, #4928 ) ;
#913 = FACE_OUTER_BOUND ( 'NONE', #5425, .T. ) ;
#914 = CARTESIAN_POINT ( 'NONE',  ( -9.939567796041171274E-16, -1.084202172485504040E-15, 4.000000000000000000 ) ) ;
#915 = EDGE_CURVE ( 'NONE', #92, #2802, #4160, .T. ) ;
#916 = DIRECTION ( 'NONE',  ( 1.000000000000000000, 0.000000000000000000, 0.000000000000000000 ) ) ;
#917 = ORIENTED_EDGE ( 'NONE', *, *, #6009, .F. ) ;
#918 = AXIS2_PLACEMENT_3D ( 'NONE', #3625, #800, #1806 ) ;
#919 = DIRECTION ( 'NONE',  ( -0.000000000000000000, -0.000000000000000000, 1.000000000000000000 ) ) ;
#920 = VERTEX_POINT ( 'NONE', #5464 ) ;
#921 = ADVANCED_FACE ( 'NONE', ( #4132 ), #1765, .F. ) ;
#922 = VECTOR ( 'NONE', #3439, 1000.000000000000000 ) ;
#923 = DIRECTION ( 'NONE',  ( 0.000000000000000000, 0.000000000000000000, -1.000000000000000000 ) ) ;
#924 = DIRECTION ( 'NONE',  ( 0.000000000000000000, 0.000000000000000000, -1.000000000000000000 ) ) ;
#925 = ORIENTED_EDGE ( 'NONE', *, *, #374, .T. ) ;
#926 = DIRECTION ( 'NONE',  ( -0.4999999999999999445, -0.8660254037844387076, 0.000000000000000000 ) ) ;
#927 = DIRECTION ( 'NONE',  ( -0.000000000000000000, -0.000000000000000000, -1.000000000000000000 ) ) ;
#928 = VECTOR ( 'NONE', #1365, 1000.000000000000000 ) ;
#929 = ORIENTED_EDGE ( 'NONE', *, *, #1135, .T. ) ;
#930 = DIRECTION ( 'NONE',  ( 0.000000000000000000, 0.000000000000000000, 1.000000000000000000 ) ) ;
#931 = DIRECTION ( 'NONE',  ( 0.000000000000000000, 0.000000000000000000, 1.000000000000000000 ) ) ;
#932 = ORIENTED_EDGE ( 'NONE', *, *, #4182, .T. ) ;
#933 = CARTESIAN_POINT ( 'NONE',  ( 14.56126086974063938, 11.45482623011524126, 5.000000000000000000 ) ) ;
#934 = ORIENTED_EDGE ( 'NONE', *, *, #2652, .F. ) ;
#935 = DIRECTION ( 'NONE',  ( 0.000000000000000000, 0.000000000000000000, 1.000000000000000000 ) ) ;
#936 = ADVANCED_FACE ( 'NONE', ( #2749 ), #2628, .T. ) ;
#937 = LINE ( 'NONE', #2804, #2250 ) ;
#938 = VERTEX_POINT ( 'NONE', #4508 ) ;
#939 = CARTESIAN_POINT ( 'NONE',  ( 12.92226806246459958, -12.87672824649239978, -5.000000000000000000 ) ) ;
#940 = DIRECTION ( 'NONE',  ( 0.000000000000000000, 0.000000000000000000, -1.000000000000000000 ) ) ;
#941 = ADVANCED_FACE ( 'NONE', ( #817 ), #5484, .F. ) ;
#942 = DIRECTION ( 'NONE',  ( 0.000000000000000000, 0.000000000000000000, -1.000000000000000000 ) ) ;
#943 = ORIENTED_EDGE ( 'NONE', *, *, #3544, .T. ) ;
#944 = CIRCLE ( 'NONE', #3005, 1.764902496759995110 ) ;
#945 = CARTESIAN_POINT ( 'NONE',  ( 1.759653278486404839E-14, 6.891765691606369485E-14, -5.000000000000000000 ) ) ;
#946 = ORIENTED_EDGE ( 'NONE', *, *, #2406, .F. ) ;
#947 = CIRCLE ( 'NONE', #5068, 0.4299999999999997713 ) ;
#948 = LINE ( 'NONE', #5129, #5340 ) ;
#949 = EDGE_CURVE ( 'NONE', #5673, #850, #3116, .T. ) ;
#950 = DIRECTION ( 'NONE',  ( 0.000000000000000000, 0.000000000000000000, 1.000000000000000000 ) ) ;
#951 = ORIENTED_EDGE ( 'NONE', *, *, #1920, .T. ) ;
#952 = CARTESIAN_POINT ( 'NONE',  ( -11.10037075072117929, 14.83324412511671930, -5.000000000000000000 ) ) ;
#953 = AXIS2_PLACEMENT_3D ( 'NONE', #2570, #3920, #4815 ) ;
#954 = CARTESIAN_POINT ( 'NONE',  ( -17.91222139392874979, 2.578277445616404595, -5.000000000000000000 ) ) ;
#955 = EDGE_LOOP ( 'NONE', ( #5428, #5102, #4019, #1521 ) ) ;
#956 = DIRECTION ( 'NONE',  ( 0.000000000000000000, 0.000000000000000000, 1.000000000000000000 ) ) ;
#957 = EDGE_LOOP ( 'NONE', ( #1355, #1078, #2311, #3962 ) ) ;
#958 = CARTESIAN_POINT ( 'NONE',  ( -16.05747190671534952, 3.918308969584829438, 5.002000000000000668 ) ) ;
#959 = CIRCLE ( 'NONE', #178, 0.4299999999999997713 ) ;
#960 = AXIS2_PLACEMENT_3D ( 'NONE', #3830, #3339, #2874 ) ;
#961 = VERTEX_POINT ( 'NONE', #4623 ) ;
#962 = ORIENTED_EDGE ( 'NONE', *, *, #3421, .F. ) ;
#963 = CARTESIAN_POINT ( 'NONE',  ( 12.92226806246459958, -12.87672824649239978, 5.002000000000000668 ) ) ;
#964 = AXIS2_PLACEMENT_3D ( 'NONE', #701, #230, #5867 ) ;
#965 = DIRECTION ( 'NONE',  ( -1.000000000000000000, 0.000000000000000000, 0.000000000000000000 ) ) ;
#966 = ORIENTED_EDGE ( 'NONE', *, *, #1233, .F. ) ;
#967 = DIRECTION ( 'NONE',  ( -0.2588190451025215166, 0.9659258262890680902, 0.000000000000000000 ) ) ;
#968 = AXIS2_PLACEMENT_3D ( 'NONE', #1302, #4045, #294 ) ;
#969 = VERTEX_POINT ( 'NONE', #5026 ) ;
#970 = CYLINDRICAL_SURFACE ( 'NONE', #4010, 0.4299999999999998268 ) ;
#971 = DIRECTION ( 'NONE',  ( -1.000000000000000000, 0.000000000000000000, 0.000000000000000000 ) ) ;
#972 = AXIS2_PLACEMENT_3D ( 'NONE', #625, #1174, #2959 ) ;
#973 = CARTESIAN_POINT ( 'NONE',  ( 0.03220151268792225546, -18.24264523787019954, 5.002000000000000668 ) ) ;
#974 = ORIENTED_EDGE ( 'NONE', *, *, #115, .F. ) ;
#975 = DIRECTION ( 'NONE',  ( 0.4999999999999999445, -0.8660254037844387076, 0.000000000000000000 ) ) ;
#976 = ORIENTED_EDGE ( 'NONE', *, *, #2982, .F. ) ;
#977 = ADVANCED_FACE ( 'NONE', ( #290 ), #788, .F. ) ;
#978 = CIRCLE ( 'NONE', #3724, 0.4299999999999997713 ) ;
#979 = LINE ( 'NONE', #1492, #2867 ) ;
#980 = EDGE_CURVE ( 'NONE', #5040, #2005, #1435, .T. ) ;
#981 = DIRECTION ( 'NONE',  ( 1.000000000000000000, 0.000000000000000000, 0.000000000000000000 ) ) ;
#982 = CARTESIAN_POINT ( 'NONE',  ( -9.757819552369539906E-16, 2.376571162088225214E-13, -5.000000000000000000 ) ) ;
#983 = ORIENTED_EDGE ( 'NONE', *, *, #1855, .T. ) ;
#984 = LINE ( 'NONE', #2854, #3922 ) ;
#985 = CIRCLE ( 'NONE', #15, 18.52682817102720136 ) ;
#986 = CARTESIAN_POINT ( 'NONE',  ( -12.92226806246458004, -12.87672824649239978, 5.000000000000000000 ) ) ;
#987 = EDGE_CURVE ( 'NONE', #5084, #1496, #2256, .T. ) ;
#988 = ORIENTED_EDGE ( 'NONE', *, *, #154, .T. ) ;
#989 = EDGE_CURVE ( 'NONE', #1739, #2137, #1643, .T. ) ;
#990 = DIRECTION ( 'NONE',  ( 0.000000000000000000, 0.000000000000000000, 1.000000000000000000 ) ) ;
#991 = EDGE_LOOP ( 'NONE', ( #4616, #539, #612, #4396, #5480, #4888, #2337, #3564, #3060, #238, #46, #4911, #4282, #688, #575, #1788, #1338, #4334, #5658, #3875, #4093, #5418, #3958, #4468, #3606, #4570, #4221, #5343, #1157, #2996, #306, #6004, #2062, #3919, #1061, #5731, #5447, #1972, #3578, #4351, #4958, #2358, #3443, #22, #5530, #328, #8, #5897, #3995, #759, #5848, #673, #2967, #4756, #4596, #5752, #2935, #1735, #2463, #305, #2857, #5358, #2621, #394, #3882, #1512, #1914, #2239, #2832, #1046, #1655, #3127, #2760, #5331, #3722, #2000, #5210, #1326, #1870, #637, #4980, #3991, #5940, #3892, #648, #3078, #3226, #3053, #44, #3595, #607, #1908, #5139, #2834, #4015, #993, #62, #1367, #2273, #1399, #725, #795, #1581, #5070, #265, #1812, #167, #3974, #594, #2696, #3942, #3241, #6024, #1566, #1179, #943, #2727, #1119, #5957, #5628, #4969, #3151, #2593, #5352, #1603, #3196, #892, #28, #2846, #3294, #5884, #2771, #3103, #2033, #951, #1403, #4535, #5064, #3476, #6064, #2864, #405, #4359, #553 ) ) ;
#992 = CARTESIAN_POINT ( 'NONE',  ( 7.522724857905819462, -16.46764093829609976, -5.000000000000000000 ) ) ;
#993 = ORIENTED_EDGE ( 'NONE', *, *, #797, .T. ) ;
#994 = ORIENTED_EDGE ( 'NONE', *, *, #4397, .F. ) ;
#995 = EDGE_CURVE ( 'NONE', #2151, #5109, #6071, .T. ) ;
#996 = DIRECTION ( 'NONE',  ( -0.000000000000000000, -0.000000000000000000, 1.000000000000000000 ) ) ;
#997 = DIRECTION ( 'NONE',  ( 0.000000000000000000, 0.000000000000000000, 1.000000000000000000 ) ) ;
#998 = VERTEX_POINT ( 'NONE', #4100 ) ;
#999 = DIRECTION ( 'NONE',  ( 0.000000000000000000, 0.000000000000000000, -1.000000000000000000 ) ) ;
#1000 = EDGE_LOOP ( 'NONE', ( #3563, #4243, #2607, #3295 ) ) ;
#1001 = CIRCLE ( 'NONE', #3161, 19.02682817102745005 ) ;
#1002 = DIRECTION ( 'NONE',  ( -0.000000000000000000, -0.000000000000000000, 1.000000000000000000 ) ) ;
#1003 = CARTESIAN_POINT ( 'NONE',  ( 5.850000000000000533, 8.000000000000000000, -53.44388806018619675 ) ) ;
#1004 = CYLINDRICAL_SURFACE ( 'NONE', #4553, 1.764902496759994888 ) ;
#1005 = ORIENTED_EDGE ( 'NONE', *, *, #2940, .T. ) ;
#1006 = CYLINDRICAL_SURFACE ( 'NONE', #5111, 1.764902496759995332 ) ;
#1007 = CIRCLE ( 'NONE', #1594, 0.4299999999999998823 ) ;
#1008 = VERTEX_POINT ( 'NONE', #2717 ) ;
#1009 = LINE ( 'NONE', #1522, #3364 ) ;
#1010 = DIRECTION ( 'NONE',  ( 0.000000000000000000, 0.000000000000000000, -1.000000000000000000 ) ) ;
#1011 = CIRCLE ( 'NONE', #1797, 0.4300000000000000488 ) ;
#1012 = CARTESIAN_POINT ( 'NONE',  ( 5.088617526617949668E-14, -4.969787286824989490E-14, -5.000000000000000000 ) ) ;
#1013 = VERTEX_POINT ( 'NONE', #1795 ) ;
#1014 = ADVANCED_FACE ( 'NONE', ( #877 ), #3670, .T. ) ;
#1015 = CARTESIAN_POINT ( 'NONE',  ( 4.752648293360460130, -17.61270781032335009, 5.002000000000000668 ) ) ;
#1016 = CARTESIAN_POINT ( 'NONE',  ( -18.24264523787019954, -0.03220151268792335181, 5.000000000000000000 ) ) ;
#1017 = ORIENTED_EDGE ( 'NONE', *, *, #5253, .F. ) ;
#1018 = DIRECTION ( 'NONE',  ( 0.000000000000000000, 0.000000000000000000, -1.000000000000000000 ) ) ;
#1019 = EDGE_CURVE ( 'NONE', #5318, #1122, #1251, .T. ) ;
#1020 = AXIS2_PLACEMENT_3D ( 'NONE', #90, #3736, #1833 ) ;
#1021 = LINE ( 'NONE', #1533, #4088 ) ;
#1022 = FACE_OUTER_BOUND ( 'NONE', #4388, .T. ) ;
#1023 = EDGE_CURVE ( 'NONE', #1008, #427, #5114, .T. ) ;
#1024 = ORIENTED_EDGE ( 'NONE', *, *, #6029, .F. ) ;
#1025 = VERTEX_POINT ( 'NONE', #2801 ) ;
#1026 = CARTESIAN_POINT ( 'NONE',  ( -6.848270805104349773E-14, -1.921978404781390092E-14, -5.000000000000000000 ) ) ;
#1027 = DIRECTION ( 'NONE',  ( 0.000000000000000000, 0.000000000000000000, 1.000000000000000000 ) ) ;
#1028 = DIRECTION ( 'NONE',  ( 0.000000000000000000, 0.000000000000000000, 1.000000000000000000 ) ) ;
#1029 = ORIENTED_EDGE ( 'NONE', *, *, #2442, .F. ) ;
#1030 = DIRECTION ( 'NONE',  ( 0.000000000000000000, 0.000000000000000000, 1.000000000000000000 ) ) ;
#1031 = VERTEX_POINT ( 'NONE', #5618 ) ;
#1032 = DIRECTION ( 'NONE',  ( 0.000000000000000000, 0.000000000000000000, 1.000000000000000000 ) ) ;
#1033 = CARTESIAN_POINT ( 'NONE',  ( 15.86533307656284819, 4.635380845820789908, -5.000000000000000000 ) ) ;
#1034 = DIRECTION ( 'NONE',  ( 0.000000000000000000, 0.000000000000000000, -1.000000000000000000 ) ) ;
#1035 = VERTEX_POINT ( 'NONE', #901 ) ;
#1036 = DIRECTION ( 'NONE',  ( 0.000000000000000000, 0.000000000000000000, 1.000000000000000000 ) ) ;
#1037 = ORIENTED_EDGE ( 'NONE', *, *, #5647, .F. ) ;
#1038 = DIRECTION ( 'NONE',  ( -0.7071067811865475727, -0.7071067811865475727, 0.000000000000000000 ) ) ;
#1039 = AXIS2_PLACEMENT_3D ( 'NONE', #3778, #5073, #5578 ) ;
#1040 = DIRECTION ( 'NONE',  ( 1.000000000000000000, 0.000000000000000000, 0.000000000000000000 ) ) ;
#1041 = CARTESIAN_POINT ( 'NONE',  ( -9.757819552369539906E-16, 2.376571162088225214E-13, 5.000000000000000000 ) ) ;
#1042 = EDGE_LOOP ( 'NONE', ( #5310, #5800, #3008, #976 ) ) ;
#1043 = CARTESIAN_POINT ( 'NONE',  ( 14.74869130177516041, -10.50003296401211905, 5.000000000000000000 ) ) ;
#1044 = DIRECTION ( 'NONE',  ( -0.000000000000000000, -0.000000000000000000, 1.000000000000000000 ) ) ;
#1045 = VECTOR ( 'NONE', #68, 1000.000000000000000 ) ;
#1046 = ORIENTED_EDGE ( 'NONE', *, *, #3912, .F. ) ;
#1047 = EDGE_CURVE ( 'NONE', #2716, #4842, #3020, .T. ) ;
#1048 = VECTOR ( 'NONE', #5432, 1000.000000000000000 ) ;
#1049 = ORIENTED_EDGE ( 'NONE', *, *, #495, .T. ) ;
#1050 = DIRECTION ( 'NONE',  ( -0.000000000000000000, -0.000000000000000000, 1.000000000000000000 ) ) ;
#1051 = ORIENTED_EDGE ( 'NONE', *, *, #2257, .F. ) ;
#1052 = AXIS2_PLACEMENT_3D ( 'NONE', #2661, #5924, #2714 ) ;
#1053 = AXIS2_PLACEMENT_3D ( 'NONE', #3354, #3288, #4154 ) ;
#1054 = EDGE_CURVE ( 'NONE', #4813, #1838, #3998, .T. ) ;
#1055 = CARTESIAN_POINT ( 'NONE',  ( -15.81469496456679913, 9.093435290907059709, 5.002000000000000668 ) ) ;
#1056 = DIRECTION ( 'NONE',  ( 0.000000000000000000, 0.000000000000000000, -1.000000000000000000 ) ) ;
#1057 = ADVANCED_FACE ( 'NONE', ( #2372 ), #4653, .T. ) ;
#1058 = DIRECTION ( 'NONE',  ( -0.000000000000000000, -0.000000000000000000, 1.000000000000000000 ) ) ;
#1059 = ORIENTED_EDGE ( 'NONE', *, *, #4373, .F. ) ;
#1060 = VECTOR ( 'NONE', #1002, 1000.000000000000000 ) ;
#1061 = ORIENTED_EDGE ( 'NONE', *, *, #3829, .T. ) ;
#1062 = EDGE_CURVE ( 'NONE', #1237, #1875, #767, .T. ) ;
#1063 = AXIS2_PLACEMENT_3D ( 'NONE', #3866, #1133, #2917 ) ;
#1064 = CIRCLE ( 'NONE', #474, 1.764902496759994888 ) ;
#1065 = CARTESIAN_POINT ( 'NONE',  ( 17.96918455708715001, 2.145599264782074744, 5.002000000000000668 ) ) ;
#1066 = DIRECTION ( 'NONE',  ( 0.000000000000000000, 0.000000000000000000, -1.000000000000000000 ) ) ;
#1067 = ORIENTED_EDGE ( 'NONE', *, *, #3134, .F. ) ;
#1068 = FACE_OUTER_BOUND ( 'NONE', #2043, .T. ) ;
#1069 = VECTOR ( 'NONE', #5235, 1000.000000000000000 ) ;
#1070 = VERTEX_POINT ( 'NONE', #3783 ) ;
#1071 = VECTOR ( 'NONE', #4278, 1000.000000000000114 ) ;
#1072 = DIRECTION ( 'NONE',  ( 0.000000000000000000, 0.000000000000000000, -1.000000000000000000 ) ) ;
#1073 = DIRECTION ( 'NONE',  ( 0.9659258262890680902, 0.2588190451025215166, 0.000000000000000000 ) ) ;
#1074 = LINE ( 'NONE', #2459, #4605 ) ;
#1075 = ORIENTED_EDGE ( 'NONE', *, *, #574, .T. ) ;
#1076 = DIRECTION ( 'NONE',  ( 0.000000000000000000, 0.000000000000000000, 1.000000000000000000 ) ) ;
#1077 = AXIS2_PLACEMENT_3D ( 'NONE', #2886, #1624, #2491 ) ;
#1078 = ORIENTED_EDGE ( 'NONE', *, *, #5844, .T. ) ;
#1079 = AXIS2_PLACEMENT_3D ( 'NONE', #3593, #304, #2240 ) ;
#1080 = CARTESIAN_POINT ( 'NONE',  ( 0.000000000000000000, 0.000000000000000000, 6.500000000000000000 ) ) ;
#1081 = CARTESIAN_POINT ( 'NONE',  ( -7.126448808901090004, 16.63456994411955137, 5.000000000000000000 ) ) ;
#1082 = ORIENTED_EDGE ( 'NONE', *, *, #4522, .F. ) ;
#1083 = DIRECTION ( 'NONE',  ( -1.000000000000000000, 0.000000000000000000, 0.000000000000000000 ) ) ;
#1084 = ORIENTED_EDGE ( 'NONE', *, *, #1316, .F. ) ;
#1085 = VECTOR ( 'NONE', #2912, 1000.000000000000000 ) ;
#1086 = CARTESIAN_POINT ( 'NONE',  ( -15.78249345187884778, -9.149209946963129170, 5.000000000000000000 ) ) ;
#1087 = CARTESIAN_POINT ( 'NONE',  ( -17.85354414464755024, -3.004255121577025012, 5.000000000000000000 ) ) ;
#1088 = CARTESIAN_POINT ( 'NONE',  ( -13.95949521606318022, 11.52853332705896072, -5.000000000000000000 ) ) ;
#1089 = EDGE_LOOP ( 'NONE', ( #2650, #5325, #3522, #1658, #3186, #5741, #177, #1921, #4318, #4391, #3577, #1610, #4658, #744, #4239, #1615, #1572, #3444, #1100, #4442, #3847, #4086, #3251, #1854, #508, #4492, #1473, #4275, #739, #5623, #4585, #1392, #5780, #114, #4856, #3700, #2519, #5966, #1623, #5066, #3541, #2163, #2639, #883, #4126, #249, #2627, #4183, #2404, #777, #4713, #2203, #707, #3100, #3435, #3420, #1974, #5720, #704, #5156, #2299, #4117, #3027, #1670, #1420, #1211, #1271, #5589, #2182, #2585, #3300, #299, #859, #974, #4962, #2926, #513, #24, #4099, #242, #1236, #4978, #2081, #3265, #3594, #1456, #5822, #1379, #5710, #5029, #1775, #171, #4512, #3641, #2863, #1987, #1558, #2243, #4830, #2343, #4735, #5159, #1857, #719, #2064, #1260, #1245, #3162, #5414, #5863, #139, #5765, #3380, #5402, #1285, #3194, #2471, #557, #895, #1822, #1433, #1314, #3555, #4914, #1772, #212, #5456, #2189, #2454, #5169, #866, #471, #5266, #5660, #4137, #1232, #615, #2387, #5601, #2705, #3629, #1638, #5521, #830 ) ) ;
#1090 = EDGE_CURVE ( 'NONE', #5696, #2013, #5711, .T. ) ;
#1091 = DIRECTION ( 'NONE',  ( -0.4999999999999995559, 0.8660254037844388186, 0.000000000000000000 ) ) ;
#1092 = ORIENTED_EDGE ( 'NONE', *, *, #1177, .T. ) ;
#1093 = CARTESIAN_POINT ( 'NONE',  ( 8.000000000000000000, 8.000000000000000000, 1.500000000000000000 ) ) ;
#1094 = ADVANCED_FACE ( 'NONE', ( #3819 ), #1474, .T. ) ;
#1095 = CYLINDRICAL_SURFACE ( 'NONE', #4155, 1.764902496759994888 ) ;
#1096 = LINE ( 'NONE', #1190, #2194 ) ;
#1097 = VERTEX_POINT ( 'NONE', #3728 ) ;
#1098 = EDGE_CURVE ( 'NONE', #1514, #920, #4686, .T. ) ;
#1099 = CYLINDRICAL_SURFACE ( 'NONE', #5018, 6.100000000000000533 ) ;
#1100 = ORIENTED_EDGE ( 'NONE', *, *, #3347, .F. ) ;
#1101 = EDGE_CURVE ( 'NONE', #5269, #1137, #2862, .T. ) ;
#1102 = CARTESIAN_POINT ( 'NONE',  ( 14.22330004254519942, 11.18896446287261881, 5.000000000000000000 ) ) ;
#1103 = DIRECTION ( 'NONE',  ( 0.000000000000000000, 0.000000000000000000, 1.000000000000000000 ) ) ;
#1104 = ORIENTED_EDGE ( 'NONE', *, *, #1846, .F. ) ;
#1105 = CIRCLE ( 'NONE', #125, 0.4299999999999998823 ) ;
#1106 = CARTESIAN_POINT ( 'NONE',  ( 0.000000000000000000, -9.858406733136190470E-16, -6.500000000000000000 ) ) ;
#1107 = DIRECTION ( 'NONE',  ( -0.000000000000000000, -0.000000000000000000, -1.000000000000000000 ) ) ;
#1108 = ADVANCED_FACE ( 'NONE', ( #106 ), #5141, .T. ) ;
#1109 = VERTEX_POINT ( 'NONE', #3753 ) ;
#1110 = CIRCLE ( 'NONE', #4736, 0.4300000000000000488 ) ;
#1111 = VERTEX_POINT ( 'NONE', #5644 ) ;
#1112 = AXIS2_PLACEMENT_3D ( 'NONE', #5690, #942, #5600 ) ;
#1113 = CARTESIAN_POINT ( 'NONE',  ( -11.42209106089458004, 11.94702410697802009, 5.002000000000000668 ) ) ;
#1114 = ORIENTED_EDGE ( 'NONE', *, *, #2293, .T. ) ;
#1115 = CYLINDRICAL_SURFACE ( 'NONE', #5631, 1.764902496759994666 ) ;
#1116 = AXIS2_PLACEMENT_3D ( 'NONE', #3528, #2486, #3006 ) ;
#1117 = DIRECTION ( 'NONE',  ( -0.4999999999999993894, -0.8660254037844390407, 0.000000000000000000 ) ) ;
#1118 = CARTESIAN_POINT ( 'NONE',  ( -2.578277445616425023, 17.91222139392874979, -5.000000000000000000 ) ) ;
#1119 = ORIENTED_EDGE ( 'NONE', *, *, #2858, .F. ) ;
#1120 = DIRECTION ( 'NONE',  ( 0.000000000000000000, 0.000000000000000000, -1.000000000000000000 ) ) ;
#1121 = CIRCLE ( 'NONE', #3184, 1.764902496759994666 ) ;
#1122 = VERTEX_POINT ( 'NONE', #3328 ) ;
#1123 = ADVANCED_FACE ( 'NONE', ( #1022 ), #1406, .F. ) ;
#1124 = CARTESIAN_POINT ( 'NONE',  ( -3.004255121577025012, 17.85354414464755024, 5.000000000000000000 ) ) ;
#1125 = CARTESIAN_POINT ( 'NONE',  ( 16.52445980553209992, 0.3711837165545214812, 5.002000000000000668 ) ) ;
#1126 = CYLINDRICAL_SURFACE ( 'NONE', #425, 1.764902496759995554 ) ;
#1127 = ORIENTED_EDGE ( 'NONE', *, *, #5580, .F. ) ;
#1128 = CARTESIAN_POINT ( 'NONE',  ( 16.05747190671534952, 3.918308969584845425, 5.002000000000000668 ) ) ;
#1129 = EDGE_LOOP ( 'NONE', ( #1092, #3779, #2356, #1104 ) ) ;
#1130 = EDGE_CURVE ( 'NONE', #5275, #5059, #2433, .T. ) ;
#1131 = CARTESIAN_POINT ( 'NONE',  ( -14.83324412511671930, -11.10037075072117929, 5.000000000000000000 ) ) ;
#1132 = DIRECTION ( 'NONE',  ( -0.8660254037844387076, 0.4999999999999999445, 0.000000000000000000 ) ) ;
#1133 = DIRECTION ( 'NONE',  ( 0.000000000000000000, 0.000000000000000000, 1.000000000000000000 ) ) ;
#1134 = VERTEX_POINT ( 'NONE', #4317 ) ;
#1135 = EDGE_CURVE ( 'NONE', #1111, #3238, #3695, .T. ) ;
#1136 = DIRECTION ( 'NONE',  ( 0.000000000000000000, 0.000000000000000000, -1.000000000000000000 ) ) ;
#1137 = VERTEX_POINT ( 'NONE', #992 ) ;
#1138 = EDGE_CURVE ( 'NONE', #3441, #4822, #5087, .T. ) ;
#1139 = DIRECTION ( 'NONE',  ( 0.000000000000000000, 0.000000000000000000, 1.000000000000000000 ) ) ;
#1140 = VERTEX_POINT ( 'NONE', #2558 ) ;
#1141 = AXIS2_PLACEMENT_3D ( 'NONE', #5524, #5920, #5455 ) ;
#1142 = FACE_OUTER_BOUND ( 'NONE', #754, .T. ) ;
#1143 = ORIENTED_EDGE ( 'NONE', *, *, #2890, .F. ) ;
#1144 = AXIS2_PLACEMENT_3D ( 'NONE', #2576, #4913, #2080 ) ;
#1145 = DIRECTION ( 'NONE',  ( 0.000000000000000000, 0.000000000000000000, 1.000000000000000000 ) ) ;
#1146 = DIRECTION ( 'NONE',  ( 0.000000000000000000, 0.000000000000000000, 1.000000000000000000 ) ) ;
#1147 = DIRECTION ( 'NONE',  ( 0.000000000000000000, 0.000000000000000000, 1.000000000000000000 ) ) ;
#1148 = ORIENTED_EDGE ( 'NONE', *, *, #5539, .F. ) ;
#1149 = DIRECTION ( 'NONE',  ( 1.000000000000000000, 0.000000000000000000, 0.000000000000000000 ) ) ;
#1150 = CIRCLE ( 'NONE', #5077, 16.52862817102734638 ) ;
#1151 = CIRCLE ( 'NONE', #4188, 1.764902496759994888 ) ;
#1152 = VERTEX_POINT ( 'NONE', #218 ) ;
#1153 = CIRCLE ( 'NONE', #3804, 1.764902496759995110 ) ;
#1154 = DIRECTION ( 'NONE',  ( 1.000000000000000000, 0.000000000000000000, 0.000000000000000000 ) ) ;
#1155 = CARTESIAN_POINT ( 'NONE',  ( 10.14999999999999858, 8.000000000000000000, -53.44388806018619675 ) ) ;
#1156 = DIRECTION ( 'NONE',  ( -0.9659258262890689783, -0.2588190451025180194, 0.000000000000000000 ) ) ;
#1157 = ORIENTED_EDGE ( 'NONE', *, *, #3353, .T. ) ;
#1158 = CARTESIAN_POINT ( 'NONE',  ( -15.86533307656284819, -4.635380845820789908, 5.000000000000000000 ) ) ;
#1159 = DIRECTION ( 'NONE',  ( 0.000000000000000000, 0.000000000000000000, -1.000000000000000000 ) ) ;
#1160 = ORIENTED_EDGE ( 'NONE', *, *, #1999, .T. ) ;
#1161 = CIRCLE ( 'NONE', #3514, 16.52862817102734994 ) ;
#1162 = AXIS2_PLACEMENT_3D ( 'NONE', #510, #2384, #5240 ) ;
#1163 = FACE_OUTER_BOUND ( 'NONE', #1657, .T. ) ;
#1164 = DIRECTION ( 'NONE',  ( 0.7071067811865475727, -0.7071067811865475727, 0.000000000000000000 ) ) ;
#1165 = AXIS2_PLACEMENT_3D ( 'NONE', #2302, #4178, #6063 ) ;
#1166 = AXIS2_PLACEMENT_3D ( 'NONE', #963, #1888, #2347 ) ;
#1167 = VERTEX_POINT ( 'NONE', #3506 ) ;
#1168 = DIRECTION ( 'NONE',  ( 0.000000000000000000, 0.000000000000000000, 1.000000000000000000 ) ) ;
#1169 = ADVANCED_FACE ( 'NONE', ( #599 ), #689, .T. ) ;
#1170 = ORIENTED_EDGE ( 'NONE', *, *, #3692, .F. ) ;
#1171 = EDGE_CURVE ( 'NONE', #162, #3669, #2093, .T. ) ;
#1172 = CARTESIAN_POINT ( 'NONE',  ( -14.49619383368293946, -7.940775374758739957, 5.002000000000000668 ) ) ;
#1173 = EDGE_CURVE ( 'NONE', #1739, #1097, #2031, .T. ) ;
#1174 = DIRECTION ( 'NONE',  ( 0.000000000000000000, 0.000000000000000000, 1.000000000000000000 ) ) ;
#1175 = CIRCLE ( 'NONE', #3233, 0.4299999999999993272 ) ;
#1176 = DIRECTION ( 'NONE',  ( 0.000000000000000000, 0.000000000000000000, 1.000000000000000000 ) ) ;
#1177 = EDGE_CURVE ( 'NONE', #3360, #450, #161, .T. ) ;
#1178 = CARTESIAN_POINT ( 'NONE',  ( 0.3711837165545224804, -16.52445980553209992, 5.002000000000000668 ) ) ;
#1179 = ORIENTED_EDGE ( 'NONE', *, *, #1948, .T. ) ;
#1180 = AXIS2_PLACEMENT_3D ( 'NONE', #3897, #2087, #593 ) ;
#1181 = CARTESIAN_POINT ( 'NONE',  ( -18.33783493938529929, -2.639540076345824993, 5.000000000000000000 ) ) ;
#1182 = CYLINDRICAL_SURFACE ( 'NONE', #5173, 20.45497617776954868 ) ;
#1183 = ORIENTED_EDGE ( 'NONE', *, *, #2781, .T. ) ;
#1184 = FACE_OUTER_BOUND ( 'NONE', #3426, .T. ) ;
#1185 = EDGE_LOOP ( 'NONE', ( #2503, #2718, #664, #5380 ) ) ;
#1186 = AXIS2_PLACEMENT_3D ( 'NONE', #4665, #1809, #2847 ) ;
#1187 = EDGE_CURVE ( 'NONE', #2005, #4251, #2989, .T. ) ;
#1188 = AXIS2_PLACEMENT_3D ( 'NONE', #3860, #1520, #5277 ) ;
#1189 = CYLINDRICAL_SURFACE ( 'NONE', #678, 0.4300000000000000488 ) ;
#1190 = CARTESIAN_POINT ( 'NONE',  ( -20.45497617776954868, 1.165057210878772069E-15, 6.500000000000000000 ) ) ;
#1191 = ORIENTED_EDGE ( 'NONE', *, *, #307, .F. ) ;
#1192 = CARTESIAN_POINT ( 'NONE',  ( 6.848270805104349773E-14, 1.921978404781390092E-14, -5.000000000000000000 ) ) ;
#1193 = CARTESIAN_POINT ( 'NONE',  ( 17.62937653985284925, 4.690439747858780706, 5.000000000000000000 ) ) ;
#1194 = ORIENTED_EDGE ( 'NONE', *, *, #4292, .T. ) ;
#1195 = DIRECTION ( 'NONE',  ( 1.000000000000000000, 0.000000000000000000, 0.000000000000000000 ) ) ;
#1196 = DIRECTION ( 'NONE',  ( 1.000000000000000000, 0.000000000000000000, 0.000000000000000000 ) ) ;
#1197 = ORIENTED_EDGE ( 'NONE', *, *, #4001, .T. ) ;
#1198 = CYLINDRICAL_SURFACE ( 'NONE', #1079, 16.52862817102734638 ) ;
#1199 = VERTEX_POINT ( 'NONE', #3846 ) ;
#1200 = ORIENTED_EDGE ( 'NONE', *, *, #805, .T. ) ;
#1201 = EDGE_CURVE ( 'NONE', #4685, #3344, #5883, .T. ) ;
#1202 = LINE ( 'NONE', #5976, #2039 ) ;
#1203 = CARTESIAN_POINT ( 'NONE',  ( -9.757819552369539906E-16, 2.376571162088225214E-13, 5.000000000000000000 ) ) ;
#1204 = CARTESIAN_POINT ( 'NONE',  ( 14.74869130177516041, 10.50003296401214037, 5.000000000000000000 ) ) ;
#1205 = VERTEX_POINT ( 'NONE', #2527 ) ;
#1206 = CIRCLE ( 'NONE', #5433, 1.764902496759994888 ) ;
#1207 = DIRECTION ( 'NONE',  ( 0.000000000000000000, 0.000000000000000000, -1.000000000000000000 ) ) ;
#1208 = EDGE_CURVE ( 'NONE', #3344, #4685, #667, .T. ) ;
#1209 = DIRECTION ( 'NONE',  ( 0.000000000000000000, 0.000000000000000000, 1.000000000000000000 ) ) ;
#1210 = ORIENTED_EDGE ( 'NONE', *, *, #4626, .T. ) ;
#1211 = ORIENTED_EDGE ( 'NONE', *, *, #1803, .F. ) ;
#1212 = EDGE_CURVE ( 'NONE', #3845, #3601, #5258, .T. ) ;
#1213 = DIRECTION ( 'NONE',  ( -1.000000000000000000, 0.000000000000000000, 0.000000000000000000 ) ) ;
#1214 = ADVANCED_FACE ( 'NONE', ( #5799 ), #3049, .T. ) ;
#1215 = DIRECTION ( 'NONE',  ( -0.8660254037844387076, -0.4999999999999999445, 0.000000000000000000 ) ) ;
#1216 = DIRECTION ( 'NONE',  ( 0.000000000000000000, 0.000000000000000000, 1.000000000000000000 ) ) ;
#1217 = VERTEX_POINT ( 'NONE', #191 ) ;
#1218 = AXIS2_PLACEMENT_3D ( 'NONE', #1743, #1713, #1196 ) ;
#1219 = DIRECTION ( 'NONE',  ( -0.4999999999999999445, -0.8660254037844387076, 0.000000000000000000 ) ) ;
#1220 = CARTESIAN_POINT ( 'NONE',  ( 0.000000000000000000, 1.165057210878772069E-15, -5.000000000000000000 ) ) ;
#1221 = EDGE_LOOP ( 'NONE', ( #3254, #4945, #3230, #5113 ) ) ;
#1222 = DIRECTION ( 'NONE',  ( -0.9659258262890680902, -0.2588190451025214611, 0.000000000000000000 ) ) ;
#1223 = CARTESIAN_POINT ( 'NONE',  ( 17.62937653985284925, 4.690439747858780706, 5.002000000000000668 ) ) ;
#1224 = CARTESIAN_POINT ( 'NONE',  ( -8.583684430773390162, -14.12501011712842036, -5.000000000000000000 ) ) ;
#1225 = VERTEX_POINT ( 'NONE', #3387 ) ;
#1226 = CARTESIAN_POINT ( 'NONE',  ( 11.42209106089456050, 11.94702410697802009, 5.002000000000000668 ) ) ;
#1227 = ORIENTED_EDGE ( 'NONE', *, *, #1668, .T. ) ;
#1228 = EDGE_LOOP ( 'NONE', ( #1037, #2667 ) ) ;
#1229 = CARTESIAN_POINT ( 'NONE',  ( -7.295780857526779961, -17.02982512410864757, 5.000000000000000000 ) ) ;
#1230 = CARTESIAN_POINT ( 'NONE',  ( -16.80157748816159824, -6.723256931056110552, -5.000000000000000000 ) ) ;
#1231 = DIRECTION ( 'NONE',  ( 0.000000000000000000, 0.000000000000000000, -1.000000000000000000 ) ) ;
#1232 = ORIENTED_EDGE ( 'NONE', *, *, #2642, .T. ) ;
#1233 = EDGE_CURVE ( 'NONE', #787, #5195, #5743, .T. ) ;
#1234 = DIRECTION ( 'NONE',  ( 0.000000000000000000, 0.000000000000000000, 1.000000000000000000 ) ) ;
#1235 = CARTESIAN_POINT ( 'NONE',  ( 17.20080094608644927, -6.883008709270059811, 5.000000000000000000 ) ) ;
#1236 = ORIENTED_EDGE ( 'NONE', *, *, #2807, .F. ) ;
#1237 = VERTEX_POINT ( 'NONE', #133 ) ;
#1238 = CARTESIAN_POINT ( 'NONE',  ( -11.18896446287261881, -14.22330004254519942, 5.002000000000000668 ) ) ;
#1239 = EDGE_CURVE ( 'NONE', #4213, #5811, #2006, .T. ) ;
#1240 = CIRCLE ( 'NONE', #4389, 18.52682817102720136 ) ;
#1241 = EDGE_CURVE ( 'NONE', #453, #128, #3418, .T. ) ;
#1242 = DIRECTION ( 'NONE',  ( 0.000000000000000000, 0.000000000000000000, -1.000000000000000000 ) ) ;
#1243 = DIRECTION ( 'NONE',  ( 0.000000000000000000, 0.000000000000000000, 1.000000000000000000 ) ) ;
#1244 = CARTESIAN_POINT ( 'NONE',  ( 0.000000000000000000, 0.000000000000000000, -5.000000000000000000 ) ) ;
#1245 = ORIENTED_EDGE ( 'NONE', *, *, #3726, .F. ) ;
#1246 = CIRCLE ( 'NONE', #5871, 16.52862817102734994 ) ;
#1247 = DIRECTION ( 'NONE',  ( 0.9659258262890689783, 0.2588190451025180194, 0.000000000000000000 ) ) ;
#1248 = CARTESIAN_POINT ( 'NONE',  ( 17.20080094608644927, 6.883008709270059811, 5.000000000000000000 ) ) ;
#1249 = EDGE_CURVE ( 'NONE', #450, #4446, #5584, .T. ) ;
#1250 = VERTEX_POINT ( 'NONE', #655 ) ;
#1251 = CIRCLE ( 'NONE', #1939, 0.4300000000000000488 ) ;
#1252 = CARTESIAN_POINT ( 'NONE',  ( -18.39615160824795126, 2.196580998991904732, 5.000000000000000000 ) ) ;
#1253 = DIRECTION ( 'NONE',  ( -0.8660254037844390407, 0.4999999999999993894, 0.000000000000000000 ) ) ;
#1254 = CARTESIAN_POINT ( 'NONE',  ( 7.295780857526779961, 17.02982512410864757, -5.000000000000000000 ) ) ;
#1255 = ORIENTED_EDGE ( 'NONE', *, *, #536, .T. ) ;
#1256 = CARTESIAN_POINT ( 'NONE',  ( -9.757819552369539906E-16, 2.376571162088225214E-13, 5.000000000000000000 ) ) ;
#1257 = AXIS2_PLACEMENT_3D ( 'NONE', #5739, #5353, #3014 ) ;
#1258 = VECTOR ( 'NONE', #479, 1000.000000000000000 ) ;
#1259 = VERTEX_POINT ( 'NONE', #2961 ) ;
#1260 = ORIENTED_EDGE ( 'NONE', *, *, #2772, .T. ) ;
#1261 = CIRCLE ( 'NONE', #3224, 16.52862817102734638 ) ;
#1262 = AXIS2_PLACEMENT_3D ( 'NONE', #3519, #2941, #4845 ) ;
#1263 = CARTESIAN_POINT ( 'NONE',  ( 11.52853332705896072, 13.95949521606318022, -5.000000000000000000 ) ) ;
#1264 = CYLINDRICAL_SURFACE ( 'NONE', #5604, 0.4299999999999997713 ) ;
#1265 = CARTESIAN_POINT ( 'NONE',  ( -17.20080094608644927, 6.883008709270059811, 5.000000000000000000 ) ) ;
#1266 = CIRCLE ( 'NONE', #3624, 0.4299999999999997713 ) ;
#1267 = ORIENTED_EDGE ( 'NONE', *, *, #680, .F. ) ;
#1268 = FACE_OUTER_BOUND ( 'NONE', #804, .T. ) ;
#1269 = AXIS2_PLACEMENT_3D ( 'NONE', #4040, #1792, #4098 ) ;
#1270 = CARTESIAN_POINT ( 'NONE',  ( -3.004255121577000143, -17.85354414464755024, 5.000000000000000000 ) ) ;
#1271 = ORIENTED_EDGE ( 'NONE', *, *, #220, .F. ) ;
#1272 = DIRECTION ( 'NONE',  ( -0.7071067811865475727, 0.7071067811865475727, 0.000000000000000000 ) ) ;
#1273 = AXIS2_PLACEMENT_3D ( 'NONE', #1876, #1136, #4431 ) ;
#1274 = DIRECTION ( 'NONE',  ( 0.000000000000000000, 0.000000000000000000, 1.000000000000000000 ) ) ;
#1275 = ADVANCED_FACE ( 'NONE', ( #4833 ), #3445, .T. ) ;
#1276 = CARTESIAN_POINT ( 'NONE',  ( 2.639540076345815223, 18.33783493938529929, 5.000000000000000000 ) ) ;
#1277 = ORIENTED_EDGE ( 'NONE', *, *, #915, .F. ) ;
#1278 = CARTESIAN_POINT ( 'NONE',  ( 0.000000000000000000, 1.165057210878772069E-15, 6.000000000000000000 ) ) ;
#1279 = ORIENTED_EDGE ( 'NONE', *, *, #3861, .F. ) ;
#1280 = CARTESIAN_POINT ( 'NONE',  ( -3.628951489128790042E-14, 6.117477020638539264E-14, 5.002000000000000668 ) ) ;
#1281 = ADVANCED_FACE ( 'NONE', ( #1142 ), #3805, .F. ) ;
#1282 = DIRECTION ( 'NONE',  ( 0.2588190451025214611, -0.9659258262890680902, 0.000000000000000000 ) ) ;
#1283 = ORIENTED_EDGE ( 'NONE', *, *, #13, .T. ) ;
#1284 = DIRECTION ( 'NONE',  ( 0.4999999999999993894, 0.8660254037844390407, 0.000000000000000000 ) ) ;
#1285 = ORIENTED_EDGE ( 'NONE', *, *, #4667, .F. ) ;
#1286 = EDGE_LOOP ( 'NONE', ( #4730, #502, #5874, #764 ) ) ;
#1287 = ADVANCED_FACE ( 'NONE', ( #3018 ), #4895, .F. ) ;
#1288 = LINE ( 'NONE', #2793, #5492 ) ;
#1289 = DIRECTION ( 'NONE',  ( -0.000000000000000000, -0.000000000000000000, -1.000000000000000000 ) ) ;
#1290 = CARTESIAN_POINT ( 'NONE',  ( -10.50003296401211905, -14.74869130177517995, 5.000000000000000000 ) ) ;
#1291 = ORIENTED_EDGE ( 'NONE', *, *, #3228, .F. ) ;
#1292 = AXIS2_PLACEMENT_3D ( 'NONE', #3953, #2138, #3981 ) ;
#1293 = CARTESIAN_POINT ( 'NONE',  ( 11.52853332705896072, -13.95949521606318022, -5.000000000000000000 ) ) ;
#1294 = FACE_BOUND ( 'NONE', #4575, .T. ) ;
#1295 = ORIENTED_EDGE ( 'NONE', *, *, #3266, .T. ) ;
#1296 = VECTOR ( 'NONE', #5494, 1000.000000000000000 ) ;
#1297 = DIRECTION ( 'NONE',  ( 0.000000000000000000, 0.000000000000000000, 1.000000000000000000 ) ) ;
#1298 = AXIS2_PLACEMENT_3D ( 'NONE', #4538, #4477, #5504 ) ;
#1299 = AXIS2_PLACEMENT_3D ( 'NONE', #3250, #5209, #512 ) ;
#1300 = CYLINDRICAL_SURFACE ( 'NONE', #3324, 0.4299999999999998823 ) ;
#1301 = DIRECTION ( 'NONE',  ( 0.000000000000000000, 0.000000000000000000, 1.000000000000000000 ) ) ;
#1302 = CARTESIAN_POINT ( 'NONE',  ( 0.03220151268792225546, -18.24264523787019954, 5.000000000000000000 ) ) ;
#1303 = VERTEX_POINT ( 'NONE', #435 ) ;
#1304 = DIRECTION ( 'NONE',  ( 0.9659258262890680902, 0.2588190451025215166, 0.000000000000000000 ) ) ;
#1305 = CIRCLE ( 'NONE', #5942, 1.764902496759995554 ) ;
#1306 = EDGE_LOOP ( 'NONE', ( #4506, #586 ) ) ;
#1307 = EDGE_CURVE ( 'NONE', #2206, #938, #2131, .T. ) ;
#1308 = CARTESIAN_POINT ( 'NONE',  ( 0.000000000000000000, 1.165057210878772069E-15, -6.500000000000000000 ) ) ;
#1309 = CIRCLE ( 'NONE', #4751, 18.52682817102720136 ) ;
#1310 = DIRECTION ( 'NONE',  ( 0.000000000000000000, 0.000000000000000000, -1.000000000000000000 ) ) ;
#1311 = ORIENTED_EDGE ( 'NONE', *, *, #4284, .T. ) ;
#1312 = DIRECTION ( 'NONE',  ( 0.7071067811865475727, 0.7071067811865475727, 0.000000000000000000 ) ) ;
#1313 = ORIENTED_EDGE ( 'NONE', *, *, #5043, .F. ) ;
#1314 = ORIENTED_EDGE ( 'NONE', *, *, #2185, .F. ) ;
#1315 = EDGE_CURVE ( 'NONE', #1199, #1013, #102, .T. ) ;
#1316 = EDGE_CURVE ( 'NONE', #283, #3158, #5280, .T. ) ;
#1317 = CARTESIAN_POINT ( 'NONE',  ( 0.000000000000000000, 1.165057210878772069E-15, 6.000000000000000000 ) ) ;
#1318 = CARTESIAN_POINT ( 'NONE',  ( 1.718949636520939794, 18.02275782191794917, 5.002000000000000668 ) ) ;
#1319 = FACE_OUTER_BOUND ( 'NONE', #3871, .T. ) ;
#1320 = VERTEX_POINT ( 'NONE', #645 ) ;
#1321 = ADVANCED_FACE ( 'NONE', ( #3465 ), #3494, .F. ) ;
#1322 = DIRECTION ( 'NONE',  ( -0.8660254037844387076, 0.4999999999999999445, 0.000000000000000000 ) ) ;
#1323 = LINE ( 'NONE', #4097, #3119 ) ;
#1324 = ORIENTED_EDGE ( 'NONE', *, *, #424, .T. ) ;
#1325 = CARTESIAN_POINT ( 'NONE',  ( -12.48000000000000931, -8.000000000000000000, 6.500000000000000000 ) ) ;
#1326 = ORIENTED_EDGE ( 'NONE', *, *, #5388, .T. ) ;
#1327 = CIRCLE ( 'NONE', #1726, 16.52862817102734638 ) ;
#1328 = LINE ( 'NONE', #412, #2641 ) ;
#1329 = DIRECTION ( 'NONE',  ( -0.000000000000000000, -0.000000000000000000, 1.000000000000000000 ) ) ;
#1330 = VERTEX_POINT ( 'NONE', #2511 ) ;
#1331 = DIRECTION ( 'NONE',  ( 0.2588190451025214056, 0.9659258262890680902, 0.000000000000000000 ) ) ;
#1332 = CIRCLE ( 'NONE', #2910, 1.764902496759995554 ) ;
#1333 = AXIS2_PLACEMENT_3D ( 'NONE', #3272, #3826, #4720 ) ;
#1334 = DIRECTION ( 'NONE',  ( 0.000000000000000000, 0.000000000000000000, 1.000000000000000000 ) ) ;
#1335 = DIRECTION ( 'NONE',  ( 0.7071067811865472397, 0.7071067811865480168, 0.000000000000000000 ) ) ;
#1336 = ORIENTED_EDGE ( 'NONE', *, *, #5257, .T. ) ;
#1337 = FACE_OUTER_BOUND ( 'NONE', #3833, .T. ) ;
#1338 = ORIENTED_EDGE ( 'NONE', *, *, #614, .T. ) ;
#1339 = AXIS2_PLACEMENT_3D ( 'NONE', #4129, #4038, #4534 ) ;
#1340 = AXIS2_PLACEMENT_3D ( 'NONE', #2118, #1661, #2653 ) ;
#1341 = CARTESIAN_POINT ( 'NONE',  ( -17.62937653985284925, 4.690439747858770048, 5.002000000000000668 ) ) ;
#1342 = CIRCLE ( 'NONE', #953, 19.02682817102745005 ) ;
#1343 = ORIENTED_EDGE ( 'NONE', *, *, #4656, .T. ) ;
#1344 = ADVANCED_FACE ( 'NONE', ( #210 ), #1652, .F. ) ;
#1345 = CARTESIAN_POINT ( 'NONE',  ( 14.48897067933745930, -10.84273574818606001, 5.000000000000000000 ) ) ;
#1346 = LINE ( 'NONE', #3232, #2512 ) ;
#1347 = EDGE_CURVE ( 'NONE', #2716, #741, #1560, .T. ) ;
#1348 = EDGE_LOOP ( 'NONE', ( #155, #1059, #5856, #5818 ) ) ;
#1349 = AXIS2_PLACEMENT_3D ( 'NONE', #552, #1592, #5349 ) ;
#1350 = CIRCLE ( 'NONE', #2822, 1.764902496759994666 ) ;
#1351 = ADVANCED_FACE ( 'NONE', ( #1163 ), #2111, .F. ) ;
#1352 = EDGE_CURVE ( 'NONE', #4883, #3334, #774, .T. ) ;
#1353 = CARTESIAN_POINT ( 'NONE',  ( 14.48897067933745930, 10.84273574818606001, -5.000000000000000000 ) ) ;
#1354 = CIRCLE ( 'NONE', #2342, 1.764902496759994444 ) ;
#1355 = ORIENTED_EDGE ( 'NONE', *, *, #915, .T. ) ;
#1356 = DIRECTION ( 'NONE',  ( -1.000000000000000000, 0.000000000000000000, 0.000000000000000000 ) ) ;
#1357 = VERTEX_POINT ( 'NONE', #1131 ) ;
#1358 = CIRCLE ( 'NONE', #5005, 0.4299999999999997713 ) ;
#1359 = EDGE_CURVE ( 'NONE', #4002, #4521, #3415, .T. ) ;
#1360 = DIRECTION ( 'NONE',  ( 0.000000000000000000, 0.000000000000000000, 1.000000000000000000 ) ) ;
#1361 = DIRECTION ( 'NONE',  ( -0.000000000000000000, -0.000000000000000000, -1.000000000000000000 ) ) ;
#1362 = ORIENTED_EDGE ( 'NONE', *, *, #5117, .F. ) ;
#1363 = CARTESIAN_POINT ( 'NONE',  ( -14.83324412511671930, -11.10037075072117929, -5.000000000000000000 ) ) ;
#1364 = AXIS2_PLACEMENT_3D ( 'NONE', #4025, #1656, #5913 ) ;
#1365 = DIRECTION ( 'NONE',  ( 0.000000000000000000, 0.000000000000000000, -1.000000000000000000 ) ) ;
#1366 = FACE_OUTER_BOUND ( 'NONE', #2984, .T. ) ;
#1367 = ORIENTED_EDGE ( 'NONE', *, *, #1991, .T. ) ;
#1368 = CYLINDRICAL_SURFACE ( 'NONE', #6007, 0.4299999999999997713 ) ;
#1369 = ORIENTED_EDGE ( 'NONE', *, *, #3239, .T. ) ;
#1370 = CIRCLE ( 'NONE', #111, 16.52862817102734638 ) ;
#1371 = CARTESIAN_POINT ( 'NONE',  ( -7.940775374758739957, 14.49619383368293946, 5.002000000000000668 ) ) ;
#1372 = CARTESIAN_POINT ( 'NONE',  ( -9.757819552369539906E-16, 2.376571162088225214E-13, 5.000000000000000000 ) ) ;
#1373 = ORIENTED_EDGE ( 'NONE', *, *, #3735, .T. ) ;
#1374 = CARTESIAN_POINT ( 'NONE',  ( 5.850000000000000533, -8.000000000000000000, 4.169999999999999929 ) ) ;
#1375 = CARTESIAN_POINT ( 'NONE',  ( -3.628951489128790042E-14, 6.117477020638539264E-14, -5.000000000000000000 ) ) ;
#1376 = ORIENTED_EDGE ( 'NONE', *, *, #2381, .T. ) ;
#1377 = EDGE_CURVE ( 'NONE', #5222, #3669, #2135, .T. ) ;
#1378 = CARTESIAN_POINT ( 'NONE',  ( 6.099999999999999645, -1.084202172485504040E-15, 4.000000000000000000 ) ) ;
#1379 = ORIENTED_EDGE ( 'NONE', *, *, #1499, .T. ) ;
#1380 = DIRECTION ( 'NONE',  ( 0.000000000000000000, 0.000000000000000000, -1.000000000000000000 ) ) ;
#1381 = EDGE_LOOP ( 'NONE', ( #296, #3170, #4151, #4719 ) ) ;
#1382 = EDGE_CURVE ( 'NONE', #3085, #5408, #3902, .T. ) ;
#1383 = CARTESIAN_POINT ( 'NONE',  ( -3.519999999999990248, -8.000000000000000000, 6.500000000000000000 ) ) ;
#1384 = CIRCLE ( 'NONE', #2865, 0.4299999999999993272 ) ;
#1385 = DIRECTION ( 'NONE',  ( 0.000000000000000000, 0.000000000000000000, 1.000000000000000000 ) ) ;
#1386 = VERTEX_POINT ( 'NONE', #2054 ) ;
#1387 = DIRECTION ( 'NONE',  ( 1.000000000000000000, 0.000000000000000000, 0.000000000000000000 ) ) ;
#1388 = ADVANCED_FACE ( 'NONE', ( #675 ), #3037, .T. ) ;
#1389 = DIRECTION ( 'NONE',  ( 0.9659258262890680902, 0.2588190451025215166, 0.000000000000000000 ) ) ;
#1390 = CARTESIAN_POINT ( 'NONE',  ( -1.718949636520934909, -18.02275782191794917, 5.002000000000000668 ) ) ;
#1391 = CARTESIAN_POINT ( 'NONE',  ( -16.52445980553209992, 0.3711837165545124884, 5.002000000000000668 ) ) ;
#1392 = ORIENTED_EDGE ( 'NONE', *, *, #1573, .F. ) ;
#1393 = AXIS2_PLACEMENT_3D ( 'NONE', #4818, #3951, #3858 ) ;
#1394 = FACE_OUTER_BOUND ( 'NONE', #468, .T. ) ;
#1395 = ORIENTED_EDGE ( 'NONE', *, *, #3165, .F. ) ;
#1396 = AXIS2_PLACEMENT_3D ( 'NONE', #4854, #5878, #1591 ) ;
#1397 = DIRECTION ( 'NONE',  ( 0.2588190451025180194, 0.9659258262890689783, 0.000000000000000000 ) ) ;
#1398 = CARTESIAN_POINT ( 'NONE',  ( 17.62937653985284925, -4.690439747858770048, -5.000000000000000000 ) ) ;
#1399 = ORIENTED_EDGE ( 'NONE', *, *, #1047, .F. ) ;
#1400 = CARTESIAN_POINT ( 'NONE',  ( 12.87672824649239978, -12.92226806246459958, -5.000000000000000000 ) ) ;
#1401 = LINE ( 'NONE', #523, #1626 ) ;
#1402 = CIRCLE ( 'NONE', #2294, 1.764902496759994444 ) ;
#1403 = ORIENTED_EDGE ( 'NONE', *, *, #5620, .F. ) ;
#1404 = DIRECTION ( 'NONE',  ( 0.000000000000000000, 0.000000000000000000, 1.000000000000000000 ) ) ;
#1405 = ORIENTED_EDGE ( 'NONE', *, *, #4857, .T. ) ;
#1406 = CYLINDRICAL_SURFACE ( 'NONE', #2817, 1.764902496759994444 ) ;
#1407 = ORIENTED_EDGE ( 'NONE', *, *, #5457, .T. ) ;
#1408 = ORIENTED_EDGE ( 'NONE', *, *, #1814, .T. ) ;
#1409 = CARTESIAN_POINT ( 'NONE',  ( 8.000000000000000000, -8.000000000000000000, 1.500000000000000000 ) ) ;
#1410 = CARTESIAN_POINT ( 'NONE',  ( -4.969787286824980024E-14, -5.088617526617949668E-14, -5.000000000000000000 ) ) ;
#1411 = ORIENTED_EDGE ( 'NONE', *, *, #581, .F. ) ;
#1412 = EDGE_CURVE ( 'NONE', #2775, #2740, #4309, .T. ) ;
#1413 = DIRECTION ( 'NONE',  ( 0.000000000000000000, 0.000000000000000000, -1.000000000000000000 ) ) ;
#1414 = ORIENTED_EDGE ( 'NONE', *, *, #2223, .T. ) ;
#1415 = EDGE_CURVE ( 'NONE', #752, #3859, #373, .T. ) ;
#1416 = DIRECTION ( 'NONE',  ( 0.000000000000000000, 0.000000000000000000, 1.000000000000000000 ) ) ;
#1417 = EDGE_CURVE ( 'NONE', #2140, #1217, #798, .T. ) ;
#1418 = CARTESIAN_POINT ( 'NONE',  ( 8.402566836762750083E-16, -7.112366251504910349E-14, -5.000000000000000000 ) ) ;
#1419 = CARTESIAN_POINT ( 'NONE',  ( -6.325010817588590406, 16.96375033764019946, 5.000000000000000000 ) ) ;
#1420 = ORIENTED_EDGE ( 'NONE', *, *, #5011, .F. ) ;
#1421 = EDGE_CURVE ( 'NONE', #5674, #825, #3155, .T. ) ;
#1422 = DIRECTION ( 'NONE',  ( 1.000000000000000000, 0.000000000000000000, 0.000000000000000000 ) ) ;
#1423 = VERTEX_POINT ( 'NONE', #853 ) ;
#1424 = AXIS2_PLACEMENT_3D ( 'NONE', #3791, #1413, #3301 ) ;
#1425 = DIRECTION ( 'NONE',  ( -0.7071067811865470176, -0.7071067811865480168, 0.000000000000000000 ) ) ;
#1426 = LINE ( 'NONE', #6062, #4745 ) ;
#1427 = DIRECTION ( 'NONE',  ( 0.000000000000000000, 0.000000000000000000, 1.000000000000000000 ) ) ;
#1428 = VERTEX_POINT ( 'NONE', #2175 ) ;
#1429 = DIRECTION ( 'NONE',  ( 0.000000000000000000, 0.000000000000000000, -1.000000000000000000 ) ) ;
#1430 = CIRCLE ( 'NONE', #5694, 1.764902496759994888 ) ;
#1431 = CYLINDRICAL_SURFACE ( 'NONE', #3397, 0.4299999999999998823 ) ;
#1432 = AXIS2_PLACEMENT_3D ( 'NONE', #4352, #1120, #2995 ) ;
#1433 = ORIENTED_EDGE ( 'NONE', *, *, #3298, .F. ) ;
#1434 = CIRCLE ( 'NONE', #1537, 1.764902496759994666 ) ;
#1435 = CIRCLE ( 'NONE', #5383, 18.52682817102720136 ) ;
#1436 = CARTESIAN_POINT ( 'NONE',  ( -9.757819552369539906E-16, 2.376571162088225214E-13, -5.000000000000000000 ) ) ;
#1437 = ORIENTED_EDGE ( 'NONE', *, *, #578, .F. ) ;
#1438 = CARTESIAN_POINT ( 'NONE',  ( 17.96918455708715001, -2.145599264782074744, 5.000000000000000000 ) ) ;
#1439 = AXIS2_PLACEMENT_3D ( 'NONE', #2247, #246, #4924 ) ;
#1440 = AXIS2_PLACEMENT_3D ( 'NONE', #542, #4261, #2414 ) ;
#1441 = ORIENTED_EDGE ( 'NONE', *, *, #3747, .T. ) ;
#1442 = EDGE_LOOP ( 'NONE', ( #5449, #3993, #5926, #713 ) ) ;
#1443 = CARTESIAN_POINT ( 'NONE',  ( -7.126448808901090004, 16.63456994411955137, 5.000000000000000000 ) ) ;
#1444 = AXIS2_PLACEMENT_3D ( 'NONE', #2506, #3058, #608 ) ;
#1445 = DIRECTION ( 'NONE',  ( 0.000000000000000000, 0.000000000000000000, 1.000000000000000000 ) ) ;
#1446 = ORIENTED_EDGE ( 'NONE', *, *, #2213, .T. ) ;
#1447 = CARTESIAN_POINT ( 'NONE',  ( -9.757819552369539906E-16, 2.376571162088225214E-13, 5.000000000000000000 ) ) ;
#1448 = AXIS2_PLACEMENT_3D ( 'NONE', #4657, #2440, #443 ) ;
#1449 = VERTEX_POINT ( 'NONE', #3649 ) ;
#1450 = ADVANCED_BREP_SHAPE_REPRESENTATION ( 'HTD Pulley - HTD-5mm-24T-Pulley - flywheel', ( #743, #3955 ), #2283 ) ;
#1451 = EDGE_CURVE ( 'NONE', #2716, #3071, #1650, .T. ) ;
#1452 = LINE ( 'NONE', #4230, #4500 ) ;
#1453 = CYLINDRICAL_SURFACE ( 'NONE', #1020, 16.52862817102734994 ) ;
#1454 = AXIS2_PLACEMENT_3D ( 'NONE', #467, #3781, #559 ) ;
#1455 = FACE_OUTER_BOUND ( 'NONE', #3002, .T. ) ;
#1456 = ORIENTED_EDGE ( 'NONE', *, *, #2068, .F. ) ;
#1457 = DIRECTION ( 'NONE',  ( 0.000000000000000000, 0.000000000000000000, -1.000000000000000000 ) ) ;
#1458 = ORIENTED_EDGE ( 'NONE', *, *, #1241, .T. ) ;
#1459 = ADVANCED_FACE ( 'NONE', ( #4051 ), #2267, .T. ) ;
#1460 = CARTESIAN_POINT ( 'NONE',  ( -14.48897067933744154, -10.84273574818606001, -5.000000000000000000 ) ) ;
#1461 = DIRECTION ( 'NONE',  ( 0.000000000000000000, 0.000000000000000000, 1.000000000000000000 ) ) ;
#1462 = CARTESIAN_POINT ( 'NONE',  ( -0.03220151268792000032, 18.24264523787019954, 5.000000000000000000 ) ) ;
#1463 = ORIENTED_EDGE ( 'NONE', *, *, #5925, .T. ) ;
#1464 = ADVANCED_FACE ( 'NONE', ( #5513 ), #5096, .T. ) ;
#1465 = LINE ( 'NONE', #3351, #9 ) ;
#1466 = CONICAL_SURFACE ( 'NONE', #2352, 2.149999999999999911, 0.7853981633974503884 ) ;
#1467 = FACE_OUTER_BOUND ( 'NONE', #142, .T. ) ;
#1468 = ADVANCED_FACE ( 'NONE', ( #5597 ), #3705, .T. ) ;
#1469 = ORIENTED_EDGE ( 'NONE', *, *, #5032, .T. ) ;
#1470 = AXIS2_PLACEMENT_3D ( 'NONE', #1988, #147, #208 ) ;
#1471 = CARTESIAN_POINT ( 'NONE',  ( 1.921978404781390092E-14, -6.848270805104349773E-14, -5.000000000000000000 ) ) ;
#1472 = EDGE_CURVE ( 'NONE', #3588, #1672, #3614, .T. ) ;
#1473 = ORIENTED_EDGE ( 'NONE', *, *, #5844, .F. ) ;
#1474 = CYLINDRICAL_SURFACE ( 'NONE', #2235, 18.52682817102720136 ) ;
#1475 = VERTEX_POINT ( 'NONE', #4113 ) ;
#1476 = ORIENTED_EDGE ( 'NONE', *, *, #29, .T. ) ;
#1477 = LINE ( 'NONE', #1509, #1688 ) ;
#1478 = FACE_OUTER_BOUND ( 'NONE', #1636, .T. ) ;
#1479 = CARTESIAN_POINT ( 'NONE',  ( -6.325010817588560208, -16.96375033764019946, 5.002000000000000668 ) ) ;
#1480 = ORIENTED_EDGE ( 'NONE', *, *, #3087, .F. ) ;
#1481 = CARTESIAN_POINT ( 'NONE',  ( -5.850000000000000533, 8.000000000000000000, 4.169999999999999929 ) ) ;
#1482 = ORIENTED_EDGE ( 'NONE', *, *, #761, .T. ) ;
#1483 = CIRCLE ( 'NONE', #4935, 6.100000000000000533 ) ;
#1484 = FACE_OUTER_BOUND ( 'NONE', #4799, .T. ) ;
#1485 = DIRECTION ( 'NONE',  ( -0.8191520442889917986, 1.003171929053524870E-16, 0.5735764363510459374 ) ) ;
#1486 = CYLINDRICAL_SURFACE ( 'NONE', #4060, 0.4299999999999993272 ) ;
#1487 = ORIENTED_EDGE ( 'NONE', *, *, #228, .T. ) ;
#1488 = DIRECTION ( 'NONE',  ( 0.000000000000000000, 0.000000000000000000, 1.000000000000000000 ) ) ;
#1489 = EDGE_CURVE ( 'NONE', #5255, #1701, #5387, .T. ) ;
#1490 = CIRCLE ( 'NONE', #2280, 1.764902496759994888 ) ;
#1491 = ORIENTED_EDGE ( 'NONE', *, *, #5049, .F. ) ;
#1492 = CARTESIAN_POINT ( 'NONE',  ( -16.05747190671534952, -3.918308969584854751, 5.002000000000000668 ) ) ;
#1493 = DIRECTION ( 'NONE',  ( -0.8660254037844388186, 0.4999999999999998890, 0.000000000000000000 ) ) ;
#1494 = AXIS2_PLACEMENT_3D ( 'NONE', #1614, #3521, #703 ) ;
#1495 = DIRECTION ( 'NONE',  ( 0.000000000000000000, 0.000000000000000000, 1.000000000000000000 ) ) ;
#1496 = VERTEX_POINT ( 'NONE', #2809 ) ;
#1497 = CARTESIAN_POINT ( 'NONE',  ( -7.295780857526789731, 17.02982512410864757, -5.000000000000000000 ) ) ;
#1498 = LINE ( 'NONE', #1617, #3108 ) ;
#1499 = EDGE_CURVE ( 'NONE', #3820, #4952, #2434, .T. ) ;
#1500 = VERTEX_POINT ( 'NONE', #3305 ) ;
#1501 = CIRCLE ( 'NONE', #136, 1.764902496759995554 ) ;
#1502 = EDGE_CURVE ( 'NONE', #5671, #4652, #1350, .T. ) ;
#1503 = VECTOR ( 'NONE', #1552, 1000.000000000000000 ) ;
#1504 = CARTESIAN_POINT ( 'NONE',  ( -10.14999999999999858, 8.000000000000000000, 1.500000000000000000 ) ) ;
#1505 = ORIENTED_EDGE ( 'NONE', *, *, #2456, .F. ) ;
#1506 = ADVANCED_FACE ( 'NONE', ( #1984 ), #447, .F. ) ;
#1507 = CARTESIAN_POINT ( 'NONE',  ( 10.50003296401214037, -14.74869130177516041, 5.002000000000000668 ) ) ;
#1508 = ORIENTED_EDGE ( 'NONE', *, *, #3353, .F. ) ;
#1509 = CARTESIAN_POINT ( 'NONE',  ( 6.883008709270059811, 17.20080094608644927, 5.000000000000000000 ) ) ;
#1510 = FACE_BOUND ( 'NONE', #4779, .T. ) ;
#1511 = DIRECTION ( 'NONE',  ( 1.000000000000000000, 0.000000000000000000, 0.000000000000000000 ) ) ;
#1512 = ORIENTED_EDGE ( 'NONE', *, *, #21, .T. ) ;
#1513 = CARTESIAN_POINT ( 'NONE',  ( -14.49619383368293946, 7.940775374758710647, -5.000000000000000000 ) ) ;
#1514 = VERTEX_POINT ( 'NONE', #2319 ) ;
#1515 = EDGE_CURVE ( 'NONE', #3024, #5639, #4784, .T. ) ;
#1516 = DIRECTION ( 'NONE',  ( -1.000000000000000000, 0.000000000000000000, 0.000000000000000000 ) ) ;
#1517 = DIRECTION ( 'NONE',  ( 0.000000000000000000, 0.000000000000000000, -1.000000000000000000 ) ) ;
#1518 = CYLINDRICAL_SURFACE ( 'NONE', #1494, 0.4299999999999993272 ) ;
#1519 = VERTEX_POINT ( 'NONE', #5150 ) ;
#1520 = DIRECTION ( 'NONE',  ( 0.000000000000000000, 0.000000000000000000, 1.000000000000000000 ) ) ;
#1521 = ORIENTED_EDGE ( 'NONE', *, *, #2973, .F. ) ;
#1522 = CARTESIAN_POINT ( 'NONE',  ( 20.45497617776954868, -1.339954899395312001E-15, -6.500000000000000000 ) ) ;
#1523 = CLOSED_SHELL ( 'NONE', ( #2029, #454, #446, #587, #765, #941, #6000, #5478, #5385, #2074, #1821, #5678, #2032, #6060, #5572, #2153, #2707, #1808, #1287, #1057, #4321, #1169, #5886, #5728, #5997, #2084, #1459, #3362, #2848, #5653, #2105, #2555, #3876, #89, #4750, #188, #1873, #276, #300, #3424, #1915, #1388, #4557, #3163, #1214, #4214, #347, #5547, #2602, #2604, #618, #1534, #3202, #5000, #2520, #4820, #3580, #93, #4403, #5617, #2376, #4627, #5342, #5949, #4036, #2712, #5415, #3088, #936, #5163, #921, #3872, #651, #4710, #339, #5460, #873, #2474, #3273, #2462, #4103, #3756, #1539, #314, #5228, #3794, #1014, #731, #1344, #5147, #5041, #5391, #3540, #4363, #5918, #3684, #3644, #4253, #1850, #2298, #1321, #5397, #5429, #5695, #5959, #1275, #2965, #3685, #1879, #904, #3154, #3658, #1123, #2893, #3651, #738, #2264, #5212, #4248, #5276, #603, #5805, #1651, #1108, #5121, #2188, #5082, #3945, #2286, #160, #5590, #2162, #4378, #56, #4029, #3731, #3235, #2445, #2328, #2710, #1468, #5140, #807, #1886, #4550, #1464, #148, #1555, #977, #5779, #1351, #4973, #3567, #3129, #4290, #436, #4707, #1094, #1506, #2065, #2574, #2948, #3938, #2977, #156, #3271, #2338, #2911, #1690, #127, #2116, #5295, #1281, #903, #3869, #2566, #2037, #1684, #2099, #4276 ) ) ;
#1524 = CARTESIAN_POINT ( 'NONE',  ( -6.891765691606369485E-14, 1.759653278486400105E-14, 5.002000000000000668 ) ) ;
#1525 = LINE ( 'NONE', #619, #3621 ) ;
#1526 = EDGE_LOOP ( 'NONE', ( #5725, #3803, #3884, #5586 ) ) ;
#1527 = DIRECTION ( 'NONE',  ( 0.000000000000000000, 0.000000000000000000, 1.000000000000000000 ) ) ;
#1528 = VECTOR ( 'NONE', #763, 1000.000000000000000 ) ;
#1529 = EDGE_LOOP ( 'NONE', ( #1625, #5249, #12, #1945 ) ) ;
#1530 = EDGE_CURVE ( 'NONE', #1225, #3743, #4328, .T. ) ;
#1531 = DIRECTION ( 'NONE',  ( 0.000000000000000000, 0.000000000000000000, 1.000000000000000000 ) ) ;
#1532 = DIRECTION ( 'NONE',  ( 0.000000000000000000, 0.000000000000000000, -1.000000000000000000 ) ) ;
#1533 = CARTESIAN_POINT ( 'NONE',  ( 17.85354414464755024, 3.004255121577014798, 5.002000000000000668 ) ) ;
#1534 = ADVANCED_FACE ( 'NONE', ( #913 ), #970, .T. ) ;
#1535 = DIRECTION ( 'NONE',  ( 1.000000000000000000, 0.000000000000000000, 0.000000000000000000 ) ) ;
#1536 = ORIENTED_EDGE ( 'NONE', *, *, #3585, .F. ) ;
#1537 = AXIS2_PLACEMENT_3D ( 'NONE', #905, #2778, #3787 ) ;
#1538 = VECTOR ( 'NONE', #5672, 1000.000000000000000 ) ;
#1539 = ADVANCED_FACE ( 'NONE', ( #1484 ), #5625, .F. ) ;
#1540 = DIRECTION ( 'NONE',  ( -0.000000000000000000, -0.000000000000000000, -1.000000000000000000 ) ) ;
#1541 = EDGE_CURVE ( 'NONE', #1357, #516, #1894, .T. ) ;
#1542 = LINE ( 'NONE', #2992, #2034 ) ;
#1543 = DIRECTION ( 'NONE',  ( 0.000000000000000000, 0.000000000000000000, 1.000000000000000000 ) ) ;
#1544 = VECTOR ( 'NONE', #715, 1000.000000000000000 ) ;
#1545 = VERTEX_POINT ( 'NONE', #2353 ) ;
#1546 = VECTOR ( 'NONE', #3187, 1000.000000000000000 ) ;
#1547 = EDGE_CURVE ( 'NONE', #411, #5006, #1452, .T. ) ;
#1548 = ORIENTED_EDGE ( 'NONE', *, *, #3585, .T. ) ;
#1549 = CIRCLE ( 'NONE', #378, 18.52682817102720136 ) ;
#1550 = CIRCLE ( 'NONE', #4112, 1.764902496759994888 ) ;
#1551 = DIRECTION ( 'NONE',  ( 0.000000000000000000, 0.000000000000000000, 1.000000000000000000 ) ) ;
#1552 = DIRECTION ( 'NONE',  ( 0.000000000000000000, 0.000000000000000000, 1.000000000000000000 ) ) ;
#1553 = LINE ( 'NONE', #2541, #6033 ) ;
#1554 = ORIENTED_EDGE ( 'NONE', *, *, #3990, .T. ) ;
#1555 = ADVANCED_FACE ( 'NONE', ( #5655 ), #2843, .T. ) ;
#1556 = CARTESIAN_POINT ( 'NONE',  ( 17.02982512410864757, 7.295780857526789731, 5.000000000000000000 ) ) ;
#1557 = AXIS2_PLACEMENT_3D ( 'NONE', #5118, #3150, #907 ) ;
#1558 = ORIENTED_EDGE ( 'NONE', *, *, #1582, .F. ) ;
#1559 = CIRCLE ( 'NONE', #3138, 16.52862817102734994 ) ;
#1560 = LINE ( 'NONE', #5315, #4600 ) ;
#1561 = DIRECTION ( 'NONE',  ( 0.000000000000000000, 0.000000000000000000, 1.000000000000000000 ) ) ;
#1562 = CARTESIAN_POINT ( 'NONE',  ( -7.100000000000000533, -4.347496136973104859E-16, 254.8176211353315068 ) ) ;
#1563 = ORIENTED_EDGE ( 'NONE', *, *, #5866, .F. ) ;
#1564 = DIRECTION ( 'NONE',  ( 0.000000000000000000, 0.000000000000000000, -1.000000000000000000 ) ) ;
#1565 = AXIS2_PLACEMENT_3D ( 'NONE', #4530, #5523, #3168 ) ;
#1566 = ORIENTED_EDGE ( 'NONE', *, *, #989, .T. ) ;
#1567 = CIRCLE ( 'NONE', #2950, 0.4299999999999998823 ) ;
#1568 = DIRECTION ( 'NONE',  ( -0.2588190451025214056, -0.9659258262890680902, 0.000000000000000000 ) ) ;
#1569 = CARTESIAN_POINT ( 'NONE',  ( 6.883008709270059811, -17.20080094608644927, 5.000000000000000000 ) ) ;
#1570 = DIRECTION ( 'NONE',  ( 0.000000000000000000, 0.000000000000000000, 1.000000000000000000 ) ) ;
#1571 = DIRECTION ( 'NONE',  ( 0.000000000000000000, 0.000000000000000000, -1.000000000000000000 ) ) ;
#1572 = ORIENTED_EDGE ( 'NONE', *, *, #5149, .F. ) ;
#1573 = EDGE_CURVE ( 'NONE', #1097, #245, #1943, .T. ) ;
#1574 = AXIS2_PLACEMENT_3D ( 'NONE', #4942, #5905, #1219 ) ;
#1575 = DIRECTION ( 'NONE',  ( -0.7071067811865475727, 0.7071067811865475727, 0.000000000000000000 ) ) ;
#1576 = DIRECTION ( 'NONE',  ( -1.000000000000000000, 0.000000000000000000, 0.000000000000000000 ) ) ;
#1577 = CARTESIAN_POINT ( 'NONE',  ( 14.83324412511671930, 11.10037075072115975, 5.000000000000000000 ) ) ;
#1578 = EDGE_LOOP ( 'NONE', ( #4383, #4058, #3937, #3712 ) ) ;
#1579 = CARTESIAN_POINT ( 'NONE',  ( -15.86533307656284819, 4.635380845820769480, 5.002000000000000668 ) ) ;
#1580 = EDGE_CURVE ( 'NONE', #2279, #3084, #273, .T. ) ;
#1581 = ORIENTED_EDGE ( 'NONE', *, *, #2180, .T. ) ;
#1582 = EDGE_CURVE ( 'NONE', #1303, #3384, #4891, .T. ) ;
#1583 = DIRECTION ( 'NONE',  ( 0.000000000000000000, 0.000000000000000000, -1.000000000000000000 ) ) ;
#1584 = DIRECTION ( 'NONE',  ( 0.000000000000000000, 0.000000000000000000, 1.000000000000000000 ) ) ;
#1585 = CARTESIAN_POINT ( 'NONE',  ( -3.918308969584854751, 16.05747190671534952, 5.000000000000000000 ) ) ;
#1586 = ORIENTED_EDGE ( 'NONE', *, *, #5849, .T. ) ;
#1587 = DIRECTION ( 'NONE',  ( 0.7071067811865470176, 0.7071067811865480168, 0.000000000000000000 ) ) ;
#1588 = EDGE_CURVE ( 'NONE', #3146, #2670, #1611, .T. ) ;
#1589 = ORIENTED_EDGE ( 'NONE', *, *, #4065, .T. ) ;
#1590 = CIRCLE ( 'NONE', #906, 1.764902496759994444 ) ;
#1591 = DIRECTION ( 'NONE',  ( 1.000000000000000000, 0.000000000000000000, 0.000000000000000000 ) ) ;
#1592 = DIRECTION ( 'NONE',  ( 0.000000000000000000, 0.000000000000000000, 1.000000000000000000 ) ) ;
#1593 = ORIENTED_EDGE ( 'NONE', *, *, #5854, .T. ) ;
#1594 = AXIS2_PLACEMENT_3D ( 'NONE', #1460, #4116, #5099 ) ;
#1595 = DIRECTION ( 'NONE',  ( 0.4999999999999999445, -0.8660254037844387076, 0.000000000000000000 ) ) ;
#1596 = ORIENTED_EDGE ( 'NONE', *, *, #3385, .T. ) ;
#1597 = AXIS2_PLACEMENT_3D ( 'NONE', #1745, #3132, #1714 ) ;
#1598 = CYLINDRICAL_SURFACE ( 'NONE', #2241, 1.764902496759995110 ) ;
#1599 = CARTESIAN_POINT ( 'NONE',  ( -6.883008709270070469, 17.20080094608644927, 5.000000000000000000 ) ) ;
#1600 = CYLINDRICAL_SURFACE ( 'NONE', #4972, 18.52682817102720136 ) ;
#1601 = VECTOR ( 'NONE', #302, 1000.000000000000000 ) ;
#1602 = CARTESIAN_POINT ( 'NONE',  ( -8.000000000000000000, 8.000000000000000000, 4.169999999999999929 ) ) ;
#1603 = ORIENTED_EDGE ( 'NONE', *, *, #1993, .T. ) ;
#1604 = DIRECTION ( 'NONE',  ( 0.2588190451025206285, 0.9659258262890684232, 0.000000000000000000 ) ) ;
#1605 = AXIS2_PLACEMENT_3D ( 'NONE', #2022, #5790, #5347 ) ;
#1606 = DIRECTION ( 'NONE',  ( 0.000000000000000000, 0.000000000000000000, 1.000000000000000000 ) ) ;
#1607 = DIRECTION ( 'NONE',  ( 1.000000000000000000, 0.000000000000000000, 0.000000000000000000 ) ) ;
#1608 = ORIENTED_EDGE ( 'NONE', *, *, #4783, .T. ) ;
#1609 = DIRECTION ( 'NONE',  ( 0.000000000000000000, 0.000000000000000000, -1.000000000000000000 ) ) ;
#1610 = ORIENTED_EDGE ( 'NONE', *, *, #3531, .F. ) ;
#1611 = LINE ( 'NONE', #2046, #5686 ) ;
#1612 = DIRECTION ( 'NONE',  ( -0.000000000000000000, -0.000000000000000000, -1.000000000000000000 ) ) ;
#1613 = EDGE_CURVE ( 'NONE', #6001, #4952, #5307, .T. ) ;
#1614 = CARTESIAN_POINT ( 'NONE',  ( -14.22330004254517988, -11.18896446287264013, 5.000000000000000000 ) ) ;
#1615 = ORIENTED_EDGE ( 'NONE', *, *, #5221, .T. ) ;
#1616 = DIRECTION ( 'NONE',  ( 0.000000000000000000, 0.000000000000000000, 1.000000000000000000 ) ) ;
#1617 = CARTESIAN_POINT ( 'NONE',  ( -13.95949521606318022, 11.52853332705896072, 5.002000000000000668 ) ) ;
#1618 = EDGE_CURVE ( 'NONE', #3889, #2635, #3225, .T. ) ;
#1619 = EDGE_LOOP ( 'NONE', ( #5323, #5230, #4072, #2625 ) ) ;
#1620 = EDGE_CURVE ( 'NONE', #728, #335, #1342, .T. ) ;
#1621 = DIRECTION ( 'NONE',  ( 0.000000000000000000, 0.000000000000000000, -1.000000000000000000 ) ) ;
#1622 = EDGE_CURVE ( 'NONE', #1680, #3492, #1550, .T. ) ;
#1623 = ORIENTED_EDGE ( 'NONE', *, *, #3493, .F. ) ;
#1624 = DIRECTION ( 'NONE',  ( 0.000000000000000000, 0.000000000000000000, 1.000000000000000000 ) ) ;
#1625 = ORIENTED_EDGE ( 'NONE', *, *, #1920, .F. ) ;
#1626 = VECTOR ( 'NONE', #5108, 1000.000000000000000 ) ;
#1627 = FACE_BOUND ( 'NONE', #1306, .T. ) ;
#1628 = LINE ( 'NONE', #654, #3200 ) ;
#1629 = AXIS2_PLACEMENT_3D ( 'NONE', #1278, #2205, #5536 ) ;
#1630 = EDGE_CURVE ( 'NONE', #3900, #1097, #3908, .T. ) ;
#1631 = CARTESIAN_POINT ( 'NONE',  ( 17.02982512410864757, 7.295780857526789731, 5.000000000000000000 ) ) ;
#1632 = EDGE_LOOP ( 'NONE', ( #2402, #5713, #857, #2467 ) ) ;
#1633 = AXIS2_PLACEMENT_3D ( 'NONE', #5508, #326, #3647 ) ;
#1634 = DIRECTION ( 'NONE',  ( 0.000000000000000000, 0.000000000000000000, 1.000000000000000000 ) ) ;
#1635 = DIRECTION ( 'NONE',  ( -1.000000000000000000, 0.000000000000000000, 0.000000000000000000 ) ) ;
#1636 = EDGE_LOOP ( 'NONE', ( #3751, #1784, #5153, #1980 ) ) ;
#1637 = FACE_OUTER_BOUND ( 'NONE', #5946, .T. ) ;
#1638 = ORIENTED_EDGE ( 'NONE', *, *, #2610, .T. ) ;
#1639 = CARTESIAN_POINT ( 'NONE',  ( 12.48000000000000931, 8.000000000000000000, 6.500000000000000000 ) ) ;
#1640 = VECTOR ( 'NONE', #4011, 1000.000000000000000 ) ;
#1641 = AXIS2_PLACEMENT_3D ( 'NONE', #5389, #4494, #3503 ) ;
#1642 = CARTESIAN_POINT ( 'NONE',  ( 0.3711837165545154860, 16.52445980553209992, -5.000000000000000000 ) ) ;
#1643 = CIRCLE ( 'NONE', #465, 1.764902496759995554 ) ;
#1644 = CARTESIAN_POINT ( 'NONE',  ( -14.22330004254519942, 11.18896446287261881, 5.000000000000000000 ) ) ;
#1645 = VERTEX_POINT ( 'NONE', #5404 ) ;
#1646 = DIRECTION ( 'NONE',  ( 0.000000000000000000, 0.000000000000000000, 1.000000000000000000 ) ) ;
#1647 = DIRECTION ( 'NONE',  ( -1.000000000000000000, 0.000000000000000000, 0.000000000000000000 ) ) ;
#1648 = ORIENTED_EDGE ( 'NONE', *, *, #4131, .T. ) ;
#1649 = CIRCLE ( 'NONE', #5887, 1.764902496759995554 ) ;
#1650 = CIRCLE ( 'NONE', #6077, 16.52862817102734638 ) ;
#1651 = ADVANCED_FACE ( 'NONE', ( #4419 ), #1189, .T. ) ;
#1652 = CYLINDRICAL_SURFACE ( 'NONE', #871, 1.764902496759994888 ) ;
#1653 = CARTESIAN_POINT ( 'NONE',  ( -7.295780857526789731, 17.02982512410864757, 5.000000000000000000 ) ) ;
#1654 = VECTOR ( 'NONE', #2993, 1000.000000000000000 ) ;
#1655 = ORIENTED_EDGE ( 'NONE', *, *, #1415, .T. ) ;
#1656 = DIRECTION ( 'NONE',  ( 0.000000000000000000, 0.000000000000000000, 1.000000000000000000 ) ) ;
#1657 = EDGE_LOOP ( 'NONE', ( #5785, #5787, #5974, #2559 ) ) ;
#1658 = ORIENTED_EDGE ( 'NONE', *, *, #4033, .T. ) ;
#1659 = EDGE_CURVE ( 'NONE', #1428, #2849, #3419, .T. ) ;
#1660 = AXIS2_PLACEMENT_3D ( 'NONE', #4404, #1139, #3140 ) ;
#1661 = DIRECTION ( 'NONE',  ( 0.000000000000000000, 0.000000000000000000, -1.000000000000000000 ) ) ;
#1662 = DIRECTION ( 'NONE',  ( -0.9659258262890689783, -0.2588190451025180194, 0.000000000000000000 ) ) ;
#1663 = CIRCLE ( 'NONE', #5302, 16.52862817102734994 ) ;
#1664 = FACE_OUTER_BOUND ( 'NONE', #1578, .T. ) ;
#1665 = ORIENTED_EDGE ( 'NONE', *, *, #5854, .F. ) ;
#1666 = AXIS2_PLACEMENT_3D ( 'NONE', #243, #5416, #2150 ) ;
#1667 = DIRECTION ( 'NONE',  ( -0.4999999999999995559, 0.8660254037844388186, 0.000000000000000000 ) ) ;
#1668 = EDGE_CURVE ( 'NONE', #5362, #2126, #5366, .T. ) ;
#1669 = CARTESIAN_POINT ( 'NONE',  ( -11.18896446287261881, -14.22330004254519942, 5.000000000000000000 ) ) ;
#1670 = ORIENTED_EDGE ( 'NONE', *, *, #5629, .T. ) ;
#1671 = DIRECTION ( 'NONE',  ( 0.000000000000000000, 0.000000000000000000, 1.000000000000000000 ) ) ;
#1672 = VERTEX_POINT ( 'NONE', #5902 ) ;
#1673 = CARTESIAN_POINT ( 'NONE',  ( -17.02982512410864757, -7.295780857526789731, 5.000000000000000000 ) ) ;
#1674 = CIRCLE ( 'NONE', #5809, 1.764902496759994444 ) ;
#1675 = CARTESIAN_POINT ( 'NONE',  ( -14.56126086974061984, -11.45482623011524126, 5.000000000000000000 ) ) ;
#1676 = APPLICATION_PROTOCOL_DEFINITION ( 'draft international standard', 'automotive_design', 1998, #3774 ) ;
#1677 = EDGE_LOOP ( 'NONE', ( #2411, #5668, #1197, #4035 ) ) ;
#1678 = CARTESIAN_POINT ( 'NONE',  ( 3.628951489128790042E-14, -6.117477020638539264E-14, 5.000000000000000000 ) ) ;
#1679 = CARTESIAN_POINT ( 'NONE',  ( 0.000000000000000000, -4.347496136973104859E-16, 254.8176211353315068 ) ) ;
#1680 = VERTEX_POINT ( 'NONE', #1642 ) ;
#1681 = DIRECTION ( 'NONE',  ( 0.000000000000000000, 0.000000000000000000, 1.000000000000000000 ) ) ;
#1682 = DIRECTION ( 'NONE',  ( 1.836970198721027715E-16, -1.000000000000000000, 0.000000000000000000 ) ) ;
#1683 = VERTEX_POINT ( 'NONE', #204 ) ;
#1684 = ADVANCED_FACE ( 'NONE', ( #3456, #3398 ), #3486, .T. ) ;
#1685 = CARTESIAN_POINT ( 'NONE',  ( -4.635380845820769480, -15.86533307656284819, -5.000000000000000000 ) ) ;
#1686 = ORIENTED_EDGE ( 'NONE', *, *, #3047, .T. ) ;
#1687 = ORIENTED_EDGE ( 'NONE', *, *, #2447, .F. ) ;
#1688 = VECTOR ( 'NONE', #4836, 1000.000000000000000 ) ;
#1689 = CARTESIAN_POINT ( 'NONE',  ( -3.918308969584854751, 16.05747190671534952, 5.002000000000000668 ) ) ;
#1690 = ADVANCED_FACE ( 'NONE', ( #173 ), #2828, .T. ) ;
#1691 = CYLINDRICAL_SURFACE ( 'NONE', #1565, 0.4299999999999997713 ) ;
#1692 = DIRECTION ( 'NONE',  ( -0.000000000000000000, -0.000000000000000000, -1.000000000000000000 ) ) ;
#1693 = EDGE_CURVE ( 'NONE', #3281, #437, #5285, .T. ) ;
#1694 = VERTEX_POINT ( 'NONE', #3949 ) ;
#1695 = AXIS2_PLACEMENT_3D ( 'NONE', #2252, #5859, #2218 ) ;
#1696 = DIRECTION ( 'NONE',  ( 1.000000000000000000, 0.000000000000000000, 0.000000000000000000 ) ) ;
#1697 = CYLINDRICAL_SURFACE ( 'NONE', #1052, 16.52862817102734638 ) ;
#1698 = ORIENTED_EDGE ( 'NONE', *, *, #2679, .F. ) ;
#1699 = EDGE_CURVE ( 'NONE', #4612, #5181, #4202, .T. ) ;
#1700 = VECTOR ( 'NONE', #1867, 1000.000000000000000 ) ;
#1701 = VERTEX_POINT ( 'NONE', #1124 ) ;
#1702 = DIRECTION ( 'NONE',  ( 1.000000000000000000, 0.000000000000000000, 0.000000000000000000 ) ) ;
#1703 = CIRCLE ( 'NONE', #1396, 18.52682817102720136 ) ;
#1704 = FACE_OUTER_BOUND ( 'NONE', #1835, .T. ) ;
#1705 = SHAPE_DEFINITION_REPRESENTATION ( #3065, #1450 ) ;
#1706 = PLANE ( 'NONE',  #2738 ) ;
#1707 = ORIENTED_EDGE ( 'NONE', *, *, #3617, .T. ) ;
#1708 = CYLINDRICAL_SURFACE ( 'NONE', #816, 1.764902496759995554 ) ;
#1709 = LINE ( 'NONE', #3618, #757 ) ;
#1710 = EDGE_CURVE ( 'NONE', #146, #2148, #2997, .T. ) ;
#1711 = ORIENTED_EDGE ( 'NONE', *, *, #2568, .F. ) ;
#1712 = DIRECTION ( 'NONE',  ( 0.000000000000000000, 0.000000000000000000, 1.000000000000000000 ) ) ;
#1713 = DIRECTION ( 'NONE',  ( 0.000000000000000000, 0.000000000000000000, 1.000000000000000000 ) ) ;
#1714 = DIRECTION ( 'NONE',  ( 1.000000000000000000, 0.000000000000000000, 0.000000000000000000 ) ) ;
#1715 = ORIENTED_EDGE ( 'NONE', *, *, #2226, .F. ) ;
#1716 = DIRECTION ( 'NONE',  ( 0.000000000000000000, 0.000000000000000000, 1.000000000000000000 ) ) ;
#1717 = EDGE_LOOP ( 'NONE', ( #4471, #5239, #5168, #4041 ) ) ;
#1718 = ORIENTED_EDGE ( 'NONE', *, *, #3087, .T. ) ;
#1719 = DIRECTION ( 'NONE',  ( 0.2588190451025215166, -0.9659258262890680902, 0.000000000000000000 ) ) ;
#1720 = DIRECTION ( 'NONE',  ( 0.000000000000000000, 0.000000000000000000, 1.000000000000000000 ) ) ;
#1721 = CYLINDRICAL_SURFACE ( 'NONE', #1825, 20.45497617776954868 ) ;
#1722 = VERTEX_POINT ( 'NONE', #666 ) ;
#1723 = EDGE_CURVE ( 'NONE', #3292, #1780, #183, .T. ) ;
#1724 = DIRECTION ( 'NONE',  ( -0.7071067811865475727, 0.7071067811865475727, 0.000000000000000000 ) ) ;
#1725 = CARTESIAN_POINT ( 'NONE',  ( 7.295780857526789731, 17.02982512410864757, 5.000000000000000000 ) ) ;
#1726 = AXIS2_PLACEMENT_3D ( 'NONE', #1375, #3198, #3287 ) ;
#1727 = DIRECTION ( 'NONE',  ( 0.000000000000000000, -1.000000000000000000, 0.000000000000000000 ) ) ;
#1728 = ORIENTED_EDGE ( 'NONE', *, *, #5914, .F. ) ;
#1729 = DIRECTION ( 'NONE',  ( 0.000000000000000000, 0.000000000000000000, -1.000000000000000000 ) ) ;
#1730 = CIRCLE ( 'NONE', #4677, 0.4299999999999998823 ) ;
#1731 = EDGE_CURVE ( 'NONE', #4291, #2012, #3711, .T. ) ;
#1732 = CARTESIAN_POINT ( 'NONE',  ( -9.757819552369539906E-16, 2.376571162088225214E-13, -5.000000000000000000 ) ) ;
#1733 = DIRECTION ( 'NONE',  ( 0.4999999999999999445, 0.8660254037844387076, 0.000000000000000000 ) ) ;
#1734 = AXIS2_PLACEMENT_3D ( 'NONE', #1947, #473, #4682 ) ;
#1735 = ORIENTED_EDGE ( 'NONE', *, *, #2109, .F. ) ;
#1736 = CIRCLE ( 'NONE', #2428, 0.4299999999999997713 ) ;
#1737 = DIRECTION ( 'NONE',  ( 0.000000000000000000, 0.000000000000000000, 1.000000000000000000 ) ) ;
#1738 = EDGE_CURVE ( 'NONE', #5573, #3357, #5988, .T. ) ;
#1739 = VERTEX_POINT ( 'NONE', #819 ) ;
#1740 = AXIS2_PLACEMENT_3D ( 'NONE', #3511, #5399, #1117 ) ;
#1741 = VECTOR ( 'NONE', #3877, 1000.000000000000000 ) ;
#1742 = DIRECTION ( 'NONE',  ( 0.000000000000000000, 0.000000000000000000, 1.000000000000000000 ) ) ;
#1743 = CARTESIAN_POINT ( 'NONE',  ( -8.402566836762660350E-16, 7.112366251504910349E-14, 5.000000000000000000 ) ) ;
#1744 = EDGE_CURVE ( 'NONE', #3669, #4819, #2227, .T. ) ;
#1745 = CARTESIAN_POINT ( 'NONE',  ( -9.757819552369539906E-16, 2.376571162088225214E-13, -5.000000000000000000 ) ) ;
#1746 = EDGE_LOOP ( 'NONE', ( #5166, #3952 ) ) ;
#1747 = DIRECTION ( 'NONE',  ( 0.000000000000000000, 0.000000000000000000, -1.000000000000000000 ) ) ;
#1748 = CIRCLE ( 'NONE', #576, 20.45497617776954868 ) ;
#1749 = AXIS2_PLACEMENT_3D ( 'NONE', #4880, #3096, #2548 ) ;
#1750 = ORIENTED_EDGE ( 'NONE', *, *, #4445, .T. ) ;
#1751 = ORIENTED_EDGE ( 'NONE', *, *, #5348, .F. ) ;
#1752 = CIRCLE ( 'NONE', #4008, 16.52862817102734638 ) ;
#1753 = VECTOR ( 'NONE', #5144, 1000.000000000000000 ) ;
#1754 = FACE_OUTER_BOUND ( 'NONE', #3042, .T. ) ;
#1755 = CARTESIAN_POINT ( 'NONE',  ( 2.578277445616415253, 17.91222139392874979, 5.002000000000000668 ) ) ;
#1756 = FACE_OUTER_BOUND ( 'NONE', #3818, .T. ) ;
#1757 = AXIS2_PLACEMENT_3D ( 'NONE', #3449, #1671, #4867 ) ;
#1758 = ORIENTED_EDGE ( 'NONE', *, *, #4936, .F. ) ;
#1759 = DIRECTION ( 'NONE',  ( 0.000000000000000000, 0.000000000000000000, -1.000000000000000000 ) ) ;
#1760 = CIRCLE ( 'NONE', #785, 18.52682817102720136 ) ;
#1761 = CARTESIAN_POINT ( 'NONE',  ( 3.004255121577009913, 17.85354414464755024, -5.000000000000000000 ) ) ;
#1762 = CYLINDRICAL_SURFACE ( 'NONE', #189, 20.45497617776954868 ) ;
#1763 = VERTEX_POINT ( 'NONE', #1675 ) ;
#1764 = EDGE_CURVE ( 'NONE', #2417, #4418, #2521, .T. ) ;
#1765 = CYLINDRICAL_SURFACE ( 'NONE', #4681, 1.764902496759995998 ) ;
#1766 = EDGE_LOOP ( 'NONE', ( #3793, #862, #3552, #2024 ) ) ;
#1767 = AXIS2_PLACEMENT_3D ( 'NONE', #1106, #1564, #2058 ) ;
#1768 = CARTESIAN_POINT ( 'NONE',  ( -8.000000000000000000, -8.000000000000000000, 4.169999999999999929 ) ) ;
#1769 = DIRECTION ( 'NONE',  ( 0.000000000000000000, 0.000000000000000000, 1.000000000000000000 ) ) ;
#1770 = CARTESIAN_POINT ( 'NONE',  ( -2.145599264782074744, -17.96918455708715001, -5.000000000000000000 ) ) ;
#1771 = CIRCLE ( 'NONE', #1364, 1.764902496759995110 ) ;
#1772 = ORIENTED_EDGE ( 'NONE', *, *, #382, .F. ) ;
#1773 = EDGE_CURVE ( 'NONE', #3859, #682, #1328, .T. ) ;
#1774 = CARTESIAN_POINT ( 'NONE',  ( -17.96918455708715001, -2.145599264782074744, 5.002000000000000668 ) ) ;
#1775 = ORIENTED_EDGE ( 'NONE', *, *, #2149, .F. ) ;
#1776 = EDGE_CURVE ( 'NONE', #3071, #66, #351, .T. ) ;
#1777 = AXIS2_PLACEMENT_3D ( 'NONE', #3891, #1036, #1587 ) ;
#1778 = CARTESIAN_POINT ( 'NONE',  ( -9.757819552369539906E-16, 2.376571162088225214E-13, 5.000000000000000000 ) ) ;
#1779 = LINE ( 'NONE', #4083, #4249 ) ;
#1780 = VERTEX_POINT ( 'NONE', #2664 ) ;
#1781 = EDGE_CURVE ( 'NONE', #3716, #2309, #2142, .T. ) ;
#1782 = CARTESIAN_POINT ( 'NONE',  ( 11.10037075072115975, -14.83324412511671930, -5.000000000000000000 ) ) ;
#1783 = ORIENTED_EDGE ( 'NONE', *, *, #1659, .F. ) ;
#1784 = ORIENTED_EDGE ( 'NONE', *, *, #115, .T. ) ;
#1785 = DIRECTION ( 'NONE',  ( -0.8660254037844387076, 0.4999999999999999445, 0.000000000000000000 ) ) ;
#1786 = DIRECTION ( 'NONE',  ( 1.000000000000000000, 0.000000000000000000, 0.000000000000000000 ) ) ;
#1787 = CYLINDRICAL_SURFACE ( 'NONE', #159, 18.52682817102720136 ) ;
#1788 = ORIENTED_EDGE ( 'NONE', *, *, #3316, .F. ) ;
#1789 = AXIS2_PLACEMENT_3D ( 'NONE', #5745, #2561, #693 ) ;
#1790 = DIRECTION ( 'NONE',  ( -0.000000000000000000, -0.000000000000000000, -1.000000000000000000 ) ) ;
#1791 = CARTESIAN_POINT ( 'NONE',  ( 16.46764093829609976, 7.522724857905819462, -5.000000000000000000 ) ) ;
#1792 = DIRECTION ( 'NONE',  ( 0.000000000000000000, 0.000000000000000000, 1.000000000000000000 ) ) ;
#1793 = ORIENTED_EDGE ( 'NONE', *, *, #4522, .T. ) ;
#1794 = CIRCLE ( 'NONE', #918, 2.149999999999999023 ) ;
#1795 = CARTESIAN_POINT ( 'NONE',  ( -16.96375033764019946, 6.325010817588560208, -5.000000000000000000 ) ) ;
#1796 = EDGE_LOOP ( 'NONE', ( #5419, #5646, #3262, #4222 ) ) ;
#1797 = AXIS2_PLACEMENT_3D ( 'NONE', #2845, #5657, #5722 ) ;
#1798 = DIRECTION ( 'NONE',  ( 0.000000000000000000, 0.000000000000000000, -1.000000000000000000 ) ) ;
#1799 = DIRECTION ( 'NONE',  ( 0.000000000000000000, 0.000000000000000000, 1.000000000000000000 ) ) ;
#1800 = VERTEX_POINT ( 'NONE', #3672 ) ;
#1801 = CARTESIAN_POINT ( 'NONE',  ( 14.48897067933745930, 10.84273574818606001, 5.000000000000000000 ) ) ;
#1802 = AXIS2_PLACEMENT_3D ( 'NONE', #391, #4607, #4947 ) ;
#1803 = EDGE_CURVE ( 'NONE', #219, #2140, #3128, .T. ) ;
#1804 = FACE_OUTER_BOUND ( 'NONE', #2212, .T. ) ;
#1805 = CIRCLE ( 'NONE', #3474, 2.149999999999999911 ) ;
#1806 = DIRECTION ( 'NONE',  ( -1.000000000000000000, 0.000000000000000000, 0.000000000000000000 ) ) ;
#1807 = ORIENTED_EDGE ( 'NONE', *, *, #802, .F. ) ;
#1808 = ADVANCED_FACE ( 'NONE', ( #881 ), #3212, .F. ) ;
#1809 = DIRECTION ( 'NONE',  ( 0.000000000000000000, 0.000000000000000000, 1.000000000000000000 ) ) ;
#1810 = ORIENTED_EDGE ( 'NONE', *, *, #1961, .T. ) ;
#1811 = EDGE_CURVE ( 'NONE', #5076, #4503, #2538, .T. ) ;
#1812 = ORIENTED_EDGE ( 'NONE', *, *, #3764, .F. ) ;
#1813 = AXIS2_PLACEMENT_3D ( 'NONE', #4939, #1769, #2228 ) ;
#1814 = EDGE_CURVE ( 'NONE', #84, #2028, #5434, .T. ) ;
#1815 = FACE_OUTER_BOUND ( 'NONE', #4572, .T. ) ;
#1816 = ORIENTED_EDGE ( 'NONE', *, *, #51, .T. ) ;
#1817 = DIRECTION ( 'NONE',  ( 0.000000000000000000, 0.000000000000000000, 1.000000000000000000 ) ) ;
#1818 = FACE_OUTER_BOUND ( 'NONE', #1766, .T. ) ;
#1819 = EDGE_CURVE ( 'NONE', #2209, #2060, #1430, .T. ) ;
#1820 = ORIENTED_EDGE ( 'NONE', *, *, #4731, .F. ) ;
#1821 = ADVANCED_FACE ( 'NONE', ( #5027 ), #2808, .T. ) ;
#1822 = ORIENTED_EDGE ( 'NONE', *, *, #3841, .F. ) ;
#1823 = FACE_OUTER_BOUND ( 'NONE', #3648, .T. ) ;
#1824 = VERTEX_POINT ( 'NONE', #2632 ) ;
#1825 = AXIS2_PLACEMENT_3D ( 'NONE', #3141, #341, #4034 ) ;
#1826 = CARTESIAN_POINT ( 'NONE',  ( 17.02982512410864757, 7.295780857526789731, -5.000000000000000000 ) ) ;
#1827 = DIRECTION ( 'NONE',  ( 0.000000000000000000, 0.000000000000000000, 1.000000000000000000 ) ) ;
#1828 = ORIENTED_EDGE ( 'NONE', *, *, #1412, .T. ) ;
#1829 = DIRECTION ( 'NONE',  ( -0.000000000000000000, -0.000000000000000000, -1.000000000000000000 ) ) ;
#1830 = CIRCLE ( 'NONE', #5261, 16.52862817102734638 ) ;
#1831 = CARTESIAN_POINT ( 'NONE',  ( 11.18896446287261881, 14.22330004254517988, 5.002000000000000668 ) ) ;
#1832 = AXIS2_PLACEMENT_3D ( 'NONE', #1447, #113, #1387 ) ;
#1833 = DIRECTION ( 'NONE',  ( -0.9659258262890680902, -0.2588190451025215721, 0.000000000000000000 ) ) ;
#1834 = DIRECTION ( 'NONE',  ( 0.000000000000000000, 0.000000000000000000, -1.000000000000000000 ) ) ;
#1835 = EDGE_LOOP ( 'NONE', ( #3755, #966, #4711, #643 ) ) ;
#1836 = CARTESIAN_POINT ( 'NONE',  ( -18.33783493938529929, 2.639540076345805009, 5.000000000000000000 ) ) ;
#1837 = EDGE_CURVE ( 'NONE', #2315, #4647, #5499, .T. ) ;
#1838 = VERTEX_POINT ( 'NONE', #4628 ) ;
#1839 = VECTOR ( 'NONE', #5736, 1000.000000000000000 ) ;
#1840 = LINE ( 'NONE', #3714, #5839 ) ;
#1841 = VECTOR ( 'NONE', #3568, 1000.000000000000000 ) ;
#1842 = CARTESIAN_POINT ( 'NONE',  ( 15.86533307656284819, -4.635380845820780138, -5.000000000000000000 ) ) ;
#1843 = ORIENTED_EDGE ( 'NONE', *, *, #3535, .F. ) ;
#1844 = FACE_OUTER_BOUND ( 'NONE', #2823, .T. ) ;
#1845 = DIRECTION ( 'NONE',  ( 0.000000000000000000, 0.000000000000000000, 1.000000000000000000 ) ) ;
#1846 = EDGE_CURVE ( 'NONE', #3360, #3696, #1064, .T. ) ;
#1847 = ORIENTED_EDGE ( 'NONE', *, *, #424, .F. ) ;
#1848 = AXIS2_PLACEMENT_3D ( 'NONE', #864, #924, #2739 ) ;
#1849 = AXIS2_PLACEMENT_3D ( 'NONE', #2605, #4476, #143 ) ;
#1850 = ADVANCED_FACE ( 'NONE', ( #1704 ), #1300, .T. ) ;
#1851 = EDGE_CURVE ( 'NONE', #2849, #5384, #2720, .T. ) ;
#1852 = DIRECTION ( 'NONE',  ( 0.4999999999999999445, -0.8660254037844387076, 0.000000000000000000 ) ) ;
#1853 = AXIS2_PLACEMENT_3D ( 'NONE', #1770, #5934, #5058 ) ;
#1854 = ORIENTED_EDGE ( 'NONE', *, *, #2685, .F. ) ;
#1855 = EDGE_CURVE ( 'NONE', #5199, #3164, #383, .T. ) ;
#1856 = CARTESIAN_POINT ( 'NONE',  ( -2.145599264782074744, 17.96918455708715001, 5.000000000000000000 ) ) ;
#1857 = ORIENTED_EDGE ( 'NONE', *, *, #2594, .F. ) ;
#1858 = EDGE_CURVE ( 'NONE', #128, #1953, #5184, .T. ) ;
#1859 = VECTOR ( 'NONE', #686, 1000.000000000000000 ) ;
#1860 = CARTESIAN_POINT ( 'NONE',  ( 2.196580998991904732, -18.39615160824795126, 5.000000000000000000 ) ) ;
#1861 = CARTESIAN_POINT ( 'NONE',  ( -11.10037075072115975, -14.83324412511671930, -5.000000000000000000 ) ) ;
#1862 = ORIENTED_EDGE ( 'NONE', *, *, #3356, .F. ) ;
#1863 = SURFACE_SIDE_STYLE ('',( #2316 ) ) ;
#1864 = AXIS2_PLACEMENT_3D ( 'NONE', #5571, #61, #1422 ) ;
#1865 = DIRECTION ( 'NONE',  ( -0.000000000000000000, -0.000000000000000000, 1.000000000000000000 ) ) ;
#1866 = DIRECTION ( 'NONE',  ( 0.000000000000000000, 0.000000000000000000, 1.000000000000000000 ) ) ;
#1867 = DIRECTION ( 'NONE',  ( 0.000000000000000000, 0.000000000000000000, -1.000000000000000000 ) ) ;
#1868 = ORIENTED_EDGE ( 'NONE', *, *, #1347, .T. ) ;
#1869 = CARTESIAN_POINT ( 'NONE',  ( 4.752648293360449472, 17.61270781032335009, 5.000000000000000000 ) ) ;
#1870 = ORIENTED_EDGE ( 'NONE', *, *, #4669, .T. ) ;
#1871 = CIRCLE ( 'NONE', #2560, 0.4299999999999997713 ) ;
#1872 = LINE ( 'NONE', #5189, #2199 ) ;
#1873 = ADVANCED_FACE ( 'NONE', ( #4043 ), #5933, .F. ) ;
#1874 = DIRECTION ( 'NONE',  ( 0.000000000000000000, 0.000000000000000000, -1.000000000000000000 ) ) ;
#1875 = VERTEX_POINT ( 'NONE', #4286 ) ;
#1876 = CARTESIAN_POINT ( 'NONE',  ( -8.000000000000000000, -8.000000000000000000, 1.500000000000000000 ) ) ;
#1877 = DIRECTION ( 'NONE',  ( 0.2588190451025180194, 0.9659258262890689783, 0.000000000000000000 ) ) ;
#1878 = ORIENTED_EDGE ( 'NONE', *, *, #3003, .T. ) ;
#1879 = ADVANCED_FACE ( 'NONE', ( #3363 ), #2836, .F. ) ;
#1880 = CARTESIAN_POINT ( 'NONE',  ( 12.92226806246459958, 12.87672824649239978, -5.000000000000000000 ) ) ;
#1881 = ORIENTED_EDGE ( 'NONE', *, *, #1887, .T. ) ;
#1882 = EDGE_CURVE ( 'NONE', #2211, #1645, #5170, .T. ) ;
#1883 = CARTESIAN_POINT ( 'NONE',  ( -8.000000000000000000, 8.000000000000000000, 6.500000000000000000 ) ) ;
#1884 = EDGE_LOOP ( 'NONE', ( #932, #748, #2382, #2460 ) ) ;
#1885 = VERTEX_POINT ( 'NONE', #1860 ) ;
#1886 = ADVANCED_FACE ( 'NONE', ( #77 ), #2439, .T. ) ;
#1887 = EDGE_CURVE ( 'NONE', #1701, #1031, #5715, .T. ) ;
#1888 = DIRECTION ( 'NONE',  ( 0.000000000000000000, 0.000000000000000000, -1.000000000000000000 ) ) ;
#1889 = VECTOR ( 'NONE', #736, 1000.000000000000000 ) ;
#1890 = CARTESIAN_POINT ( 'NONE',  ( 6.883008709270059811, -17.20080094608644927, -5.000000000000000000 ) ) ;
#1891 = EDGE_LOOP ( 'NONE', ( #5286, #1828, #6039, #4110 ) ) ;
#1892 = DIRECTION ( 'NONE',  ( 0.000000000000000000, 0.000000000000000000, -1.000000000000000000 ) ) ;
#1893 = CIRCLE ( 'NONE', #5329, 1.764902496759995332 ) ;
#1894 = LINE ( 'NONE', #579, #1258 ) ;
#1895 = CARTESIAN_POINT ( 'NONE',  ( -10.50003296401214037, 14.74869130177516041, -5.000000000000000000 ) ) ;
#1896 = DIRECTION ( 'NONE',  ( -0.8660254037844387076, -0.4999999999999999445, 0.000000000000000000 ) ) ;
#1897 = ORIENTED_EDGE ( 'NONE', *, *, #2399, .F. ) ;
#1898 = AXIS2_PLACEMENT_3D ( 'NONE', #5, #4692, #91 ) ;
#1899 = CARTESIAN_POINT ( 'NONE',  ( 2.639540076345815223, -18.33783493938529929, 5.000000000000000000 ) ) ;
#1900 = EDGE_LOOP ( 'NONE', ( #3039, #3017, #4840, #333 ) ) ;
#1901 = CIRCLE ( 'NONE', #229, 2.149999999999999911 ) ;
#1902 = CARTESIAN_POINT ( 'NONE',  ( -17.20080094608644927, 6.883008709270050041, 5.000000000000000000 ) ) ;
#1903 = DIRECTION ( 'NONE',  ( 0.000000000000000000, 0.000000000000000000, 1.000000000000000000 ) ) ;
#1904 = CARTESIAN_POINT ( 'NONE',  ( 0.000000000000000000, -9.858406733136190470E-16, 1.500000000000000000 ) ) ;
#1905 = VERTEX_POINT ( 'NONE', #442 ) ;
#1906 = LINE ( 'NONE', #3688, #4124 ) ;
#1907 = CARTESIAN_POINT ( 'NONE',  ( -9.757819552369539906E-16, 2.376571162088225214E-13, 5.000000000000000000 ) ) ;
#1908 = ORIENTED_EDGE ( 'NONE', *, *, #237, .T. ) ;
#1909 = DIRECTION ( 'NONE',  ( -0.9659258262890683122, -0.2588190451025211281, 0.000000000000000000 ) ) ;
#1910 = DIRECTION ( 'NONE',  ( 0.9659258262890680902, 0.2588190451025215166, 0.000000000000000000 ) ) ;
#1911 = EDGE_LOOP ( 'NONE', ( #3980, #1476, #4323, #3400 ) ) ;
#1912 = DIRECTION ( 'NONE',  ( 1.000000000000000000, 0.000000000000000000, 0.000000000000000000 ) ) ;
#1913 = ORIENTED_EDGE ( 'NONE', *, *, #1417, .F. ) ;
#1915 = ADVANCED_FACE ( 'NONE', ( #1478 ), #3732, .F. ) ;
#1914 = ORIENTED_EDGE ( 'NONE', *, *, #5186, .T. ) ;
#1916 = CARTESIAN_POINT ( 'NONE',  ( -15.78249345187884778, 9.149209946963111406, 5.002000000000000668 ) ) ;
#1917 = DIRECTION ( 'NONE',  ( 1.000000000000000000, 0.000000000000000000, 0.000000000000000000 ) ) ;
#1918 = ORIENTED_EDGE ( 'NONE', *, *, #2381, .F. ) ;
#1919 = DIRECTION ( 'NONE',  ( 0.000000000000000000, 1.000000000000000000, 0.000000000000000000 ) ) ;
#1920 = EDGE_CURVE ( 'NONE', #5915, #821, #860, .T. ) ;
#1921 = ORIENTED_EDGE ( 'NONE', *, *, #3617, .F. ) ;
#1922 = FACE_OUTER_BOUND ( 'NONE', #4641, .T. ) ;
#1923 = DIRECTION ( 'NONE',  ( 1.000000000000000000, 0.000000000000000000, 0.000000000000000000 ) ) ;
#1924 = ORIENTED_EDGE ( 'NONE', *, *, #1489, .T. ) ;
#1925 = VECTOR ( 'NONE', #1231, 1000.000000000000000 ) ;
#1926 = DIRECTION ( 'NONE',  ( -0.9659258262890689783, 0.2588190451025180194, 0.000000000000000000 ) ) ;
#1927 = ORIENTED_EDGE ( 'NONE', *, *, #3947, .T. ) ;
#1928 = CIRCLE ( 'NONE', #657, 1.764902496759995332 ) ;
#1929 = LINE ( 'NONE', #3806, #3659 ) ;
#1930 = CARTESIAN_POINT ( 'NONE',  ( -9.757819552369539906E-16, 2.376571162088225214E-13, 5.000000000000000000 ) ) ;
#1931 = DIRECTION ( 'NONE',  ( -0.000000000000000000, -0.000000000000000000, 1.000000000000000000 ) ) ;
#1932 = VERTEX_POINT ( 'NONE', #6081 ) ;
#1933 = CARTESIAN_POINT ( 'NONE',  ( 6.883008709270059811, 17.20080094608644927, 5.000000000000000000 ) ) ;
#1934 = AXIS2_PLACEMENT_3D ( 'NONE', #1409, #537, #2377 ) ;
#1935 = DIRECTION ( 'NONE',  ( -0.9659258262890680902, -0.2588190451025214611, 0.000000000000000000 ) ) ;
#1936 =( GEOMETRIC_REPRESENTATION_CONTEXT ( 3 ) GLOBAL_UNCERTAINTY_ASSIGNED_CONTEXT ( ( #884 ) ) GLOBAL_UNIT_ASSIGNED_CONTEXT ( ( #54, #3883, #5777 ) ) REPRESENTATION_CONTEXT ( 'NONE', 'WORKASPACE' ) );
#1937 = ORIENTED_EDGE ( 'NONE', *, *, #5511, .T. ) ;
#1938 = VECTOR ( 'NONE', #526, 1000.000000000000000 ) ;
#1939 = AXIS2_PLACEMENT_3D ( 'NONE', #1856, #2344, #4220 ) ;
#1940 = EDGE_LOOP ( 'NONE', ( #2946, #5369, #1311, #1715 ) ) ;
#1941 = DIRECTION ( 'NONE',  ( -0.7071067811865480168, 0.7071067811865470176, 0.000000000000000000 ) ) ;
#1942 = AXIS2_PLACEMENT_3D ( 'NONE', #384, #1361, #2287 ) ;
#1943 = CIRCLE ( 'NONE', #1162, 1.764902496759995554 ) ;
#1944 = ORIENTED_EDGE ( 'NONE', *, *, #2072, .F. ) ;
#1945 = ORIENTED_EDGE ( 'NONE', *, *, #4211, .F. ) ;
#1946 = CIRCLE ( 'NONE', #5187, 2.149999999999999911 ) ;
#1947 = CARTESIAN_POINT ( 'NONE',  ( -12.92226806246459958, 12.87672824649239978, 5.002000000000000668 ) ) ;
#1948 = EDGE_CURVE ( 'NONE', #2137, #158, #2130, .T. ) ;
#1949 = CARTESIAN_POINT ( 'NONE',  ( -17.20080094608644927, 6.883008709270050041, -5.000000000000000000 ) ) ;
#1950 = ORIENTED_EDGE ( 'NONE', *, *, #2282, .F. ) ;
#1951 = CARTESIAN_POINT ( 'NONE',  ( -14.74869130177517995, 10.50003296401211905, 5.002000000000000668 ) ) ;
#1952 = CIRCLE ( 'NONE', #5394, 0.4299999999999998268 ) ;
#1953 = VERTEX_POINT ( 'NONE', #4746 ) ;
#1954 = DIRECTION ( 'NONE',  ( 1.000000000000000000, 0.000000000000000000, 0.000000000000000000 ) ) ;
#1955 = CARTESIAN_POINT ( 'NONE',  ( -4.752648293360470788, 17.61270781032335009, 5.002000000000000668 ) ) ;
#1956 = EDGE_CURVE ( 'NONE', #5796, #4247, #1434, .T. ) ;
#1957 = CIRCLE ( 'NONE', #2053, 0.4299999999999997713 ) ;
#1958 = FACE_OUTER_BOUND ( 'NONE', #3478, .T. ) ;
#1959 = ORIENTED_EDGE ( 'NONE', *, *, #2685, .T. ) ;
#1960 = CARTESIAN_POINT ( 'NONE',  ( -9.093435290907070367, -15.81469496456674939, -5.000000000000000000 ) ) ;
#1961 = EDGE_CURVE ( 'NONE', #1680, #6051, #3608, .T. ) ;
#1962 = ORIENTED_EDGE ( 'NONE', *, *, #1723, .F. ) ;
#1963 = AXIS2_PLACEMENT_3D ( 'NONE', #3231, #4209, #40 ) ;
#1964 = DIRECTION ( 'NONE',  ( 0.000000000000000000, 0.000000000000000000, 1.000000000000000000 ) ) ;
#1965 = CARTESIAN_POINT ( 'NONE',  ( -17.02982512410864757, -7.295780857526789731, 5.000000000000000000 ) ) ;
#1966 = EDGE_CURVE ( 'NONE', #3716, #920, #3268, .T. ) ;
#1967 = DIRECTION ( 'NONE',  ( 0.000000000000000000, 0.000000000000000000, 1.000000000000000000 ) ) ;
#1968 = ORIENTED_EDGE ( 'NONE', *, *, #3790, .F. ) ;
#1969 = DIRECTION ( 'NONE',  ( 0.000000000000000000, 0.000000000000000000, 1.000000000000000000 ) ) ;
#1970 = AXIS2_PLACEMENT_3D ( 'NONE', #514, #4145, #975 ) ;
#1971 = DIRECTION ( 'NONE',  ( 0.000000000000000000, 0.000000000000000000, 1.000000000000000000 ) ) ;
#1972 = ORIENTED_EDGE ( 'NONE', *, *, #4480, .T. ) ;
#1973 = CIRCLE ( 'NONE', #5417, 16.10000000000000142 ) ;
#1974 = ORIENTED_EDGE ( 'NONE', *, *, #4447, .F. ) ;
#1975 = CARTESIAN_POINT ( 'NONE',  ( -17.91222139392874979, 2.578277445616404595, 5.002000000000000668 ) ) ;
#1976 = VERTEX_POINT ( 'NONE', #1383 ) ;
#1977 = DIRECTION ( 'NONE',  ( 0.000000000000000000, 0.000000000000000000, 1.000000000000000000 ) ) ;
#1978 = DIRECTION ( 'NONE',  ( 0.000000000000000000, 0.000000000000000000, -1.000000000000000000 ) ) ;
#1979 = CARTESIAN_POINT ( 'NONE',  ( -6.117477020638539264E-14, -3.628951489128790042E-14, -5.000000000000000000 ) ) ;
#1980 = ORIENTED_EDGE ( 'NONE', *, *, #2783, .F. ) ;
#1981 = CARTESIAN_POINT ( 'NONE',  ( -17.61270781032335009, -4.752648293360460130, 5.000000000000000000 ) ) ;
#1982 = ORIENTED_EDGE ( 'NONE', *, *, #5071, .T. ) ;
#1983 = CIRCLE ( 'NONE', #4146, 18.52682817102720136 ) ;
#1984 = FACE_OUTER_BOUND ( 'NONE', #124, .T. ) ;
#1985 = DIRECTION ( 'NONE',  ( 0.000000000000000000, 0.000000000000000000, 1.000000000000000000 ) ) ;
#1986 = DIRECTION ( 'NONE',  ( 0.7071067811865475727, 0.7071067811865475727, 0.000000000000000000 ) ) ;
#1987 = ORIENTED_EDGE ( 'NONE', *, *, #5260, .F. ) ;
#1988 = CARTESIAN_POINT ( 'NONE',  ( 12.87672824649239978, -12.92226806246459958, 5.000000000000000000 ) ) ;
#1989 = CIRCLE ( 'NONE', #4149, 16.52862817102734994 ) ;
#1990 = ORIENTED_EDGE ( 'NONE', *, *, #1811, .T. ) ;
#1991 = EDGE_CURVE ( 'NONE', #1357, #1763, #2920, .T. ) ;
#1992 = CARTESIAN_POINT ( 'NONE',  ( 7.940775374758730187, -14.49619383368293946, 5.000000000000000000 ) ) ;
#1993 = EDGE_CURVE ( 'NONE', #3072, #283, #1150, .T. ) ;
#1994 = DIRECTION ( 'NONE',  ( 0.000000000000000000, 0.000000000000000000, -1.000000000000000000 ) ) ;
#1995 = CONICAL_SURFACE ( 'NONE', #5233, 2.149999999999999023, 0.7853981633974503884 ) ;
#1996 = DIRECTION ( 'NONE',  ( 0.000000000000000000, 0.000000000000000000, 1.000000000000000000 ) ) ;
#1997 = EDGE_LOOP ( 'NONE', ( #983, #1707, #2509, #5718 ) ) ;
#1998 = DIRECTION ( 'NONE',  ( 0.000000000000000000, 0.000000000000000000, 1.000000000000000000 ) ) ;
#1999 = EDGE_CURVE ( 'NONE', #162, #6013, #365, .T. ) ;
#2000 = ORIENTED_EDGE ( 'NONE', *, *, #610, .F. ) ;
#2001 = EDGE_CURVE ( 'NONE', #2909, #4752, #665, .T. ) ;
#2002 = CIRCLE ( 'NONE', #5445, 0.4299999999999997713 ) ;
#2003 = AXIS2_PLACEMENT_3D ( 'NONE', #2292, #480, #4661 ) ;
#2004 = EDGE_CURVE ( 'NONE', #5510, #6001, #766, .T. ) ;
#2005 = VERTEX_POINT ( 'NONE', #1826 ) ;
#2006 = LINE ( 'NONE', #1113, #3701 ) ;
#2007 = VERTEX_POINT ( 'NONE', #3698 ) ;
#2008 = CARTESIAN_POINT ( 'NONE',  ( -18.24264523787019954, 0.03220151268791664884, 5.000000000000000000 ) ) ;
#2009 = EDGE_CURVE ( 'NONE', #1885, #4559, #4191, .T. ) ;
#2010 = DIRECTION ( 'NONE',  ( 1.000000000000000000, 0.000000000000000000, 0.000000000000000000 ) ) ;
#2011 = DIRECTION ( 'NONE',  ( 0.8191520442889917986, 0.000000000000000000, 0.5735764363510459374 ) ) ;
#2012 = VERTEX_POINT ( 'NONE', #5747 ) ;
#2013 = VERTEX_POINT ( 'NONE', #3914 ) ;
#2014 = DIRECTION ( 'NONE',  ( 0.000000000000000000, 0.000000000000000000, 1.000000000000000000 ) ) ;
#2015 = CARTESIAN_POINT ( 'NONE',  ( 14.22330004254517988, -11.18896446287261881, 5.002000000000000668 ) ) ;
#2016 = DIRECTION ( 'NONE',  ( 0.000000000000000000, 0.000000000000000000, 1.000000000000000000 ) ) ;
#2017 = VERTEX_POINT ( 'NONE', #165 ) ;
#2018 = CARTESIAN_POINT ( 'NONE',  ( -18.33783493938529929, 2.639540076345805009, 5.000000000000000000 ) ) ;
#2019 = VERTEX_POINT ( 'NONE', #1087 ) ;
#2020 = CARTESIAN_POINT ( 'NONE',  ( 8.000000000000000000, -8.000000000000000000, 4.169999999999999929 ) ) ;
#2021 = AXIS2_PLACEMENT_3D ( 'NONE', #986, #927, #2742 ) ;
#2022 = CARTESIAN_POINT ( 'NONE',  ( 16.63456994411955137, -7.126448808901080234, 5.000000000000000000 ) ) ;
#2023 = DIRECTION ( 'NONE',  ( -0.000000000000000000, -0.000000000000000000, 1.000000000000000000 ) ) ;
#2024 = ORIENTED_EDGE ( 'NONE', *, *, #120, .T. ) ;
#2025 = EDGE_CURVE ( 'NONE', #2251, #5146, #1542, .T. ) ;
#2026 = CARTESIAN_POINT ( 'NONE',  ( 16.80157748816159824, -6.723256931056099894, -5.000000000000000000 ) ) ;
#2027 = AXIS2_PLACEMENT_3D ( 'NONE', #6052, #3702, #2233 ) ;
#2028 = VERTEX_POINT ( 'NONE', #3940 ) ;
#2029 = ADVANCED_FACE ( 'NONE', ( #3972 ), #4837, .F. ) ;
#2030 = DIRECTION ( 'NONE',  ( 1.000000000000000000, 0.000000000000000000, 0.000000000000000000 ) ) ;
#2031 = LINE ( 'NONE', #5857, #4193 ) ;
#2032 = ADVANCED_FACE ( 'NONE', ( #694 ), #4412, .F. ) ;
#2033 = ORIENTED_EDGE ( 'NONE', *, *, #685, .T. ) ;
#2034 = VECTOR ( 'NONE', #109, 1000.000000000000000 ) ;
#2035 = DIRECTION ( 'NONE',  ( 0.2588190451025215166, -0.9659258262890680902, 0.000000000000000000 ) ) ;
#2036 = DIRECTION ( 'NONE',  ( -0.000000000000000000, -0.000000000000000000, -1.000000000000000000 ) ) ;
#2037 = ADVANCED_FACE ( 'NONE', ( #5264, #5328, #4439, #2531, #1510, #2933 ), #3480, .T. ) ;
#2038 = CARTESIAN_POINT ( 'NONE',  ( 19.02682817102745005, 1.165057210878772069E-15, 5.000000000000000000 ) ) ;
#2039 = VECTOR ( 'NONE', #4954, 1000.000000000000000 ) ;
#2040 = ORIENTED_EDGE ( 'NONE', *, *, #2899, .T. ) ;
#2041 = AXIS2_PLACEMENT_3D ( 'NONE', #57, #1416, #5753 ) ;
#2042 = DIRECTION ( 'NONE',  ( 0.000000000000000000, 0.000000000000000000, 1.000000000000000000 ) ) ;
#2043 = EDGE_LOOP ( 'NONE', ( #35, #2986, #6059, #3896 ) ) ;
#2044 = AXIS2_PLACEMENT_3D ( 'NONE', #1012, #1996, #5761 ) ;
#2045 = AXIS2_PLACEMENT_3D ( 'NONE', #1768, #3550, #321 ) ;
#2046 = CARTESIAN_POINT ( 'NONE',  ( 14.83324412511671930, 11.10037075072115975, 5.000000000000000000 ) ) ;
#2047 = DIRECTION ( 'NONE',  ( -0.2588190451025180194, 0.9659258262890689783, 0.000000000000000000 ) ) ;
#2048 = DIRECTION ( 'NONE',  ( 0.2588190451025206285, 0.9659258262890684232, 0.000000000000000000 ) ) ;
#2049 = ORIENTED_EDGE ( 'NONE', *, *, #5388, .F. ) ;
#2050 = CARTESIAN_POINT ( 'NONE',  ( 17.61270781032335009, -4.752648293360449472, 5.002000000000000668 ) ) ;
#2051 = AXIS2_PLACEMENT_3D ( 'NONE', #4747, #27, #569 ) ;
#2052 = ORIENTED_EDGE ( 'NONE', *, *, #4701, .F. ) ;
#2053 = AXIS2_PLACEMENT_3D ( 'NONE', #3881, #2564, #4441 ) ;
#2054 = CARTESIAN_POINT ( 'NONE',  ( -18.33783493938529929, -2.639540076345824993, -5.000000000000000000 ) ) ;
#2055 = DIRECTION ( 'NONE',  ( 0.000000000000000000, 0.000000000000000000, 1.000000000000000000 ) ) ;
#2056 = DIRECTION ( 'NONE',  ( 1.000000000000000000, 0.000000000000000000, 0.000000000000000000 ) ) ;
#2057 = EDGE_LOOP ( 'NONE', ( #4762, #5594, #5603, #3628 ) ) ;
#2058 = DIRECTION ( 'NONE',  ( -1.000000000000000000, 0.000000000000000000, 0.000000000000000000 ) ) ;
#2059 = AXIS2_PLACEMENT_3D ( 'NONE', #622, #213, #5764 ) ;
#2060 = VERTEX_POINT ( 'NONE', #4900 ) ;
#2061 = VECTOR ( 'NONE', #3101, 1000.000000000000000 ) ;
#2062 = ORIENTED_EDGE ( 'NONE', *, *, #3677, .T. ) ;
#2063 = DIRECTION ( 'NONE',  ( 0.000000000000000000, 0.000000000000000000, -1.000000000000000000 ) ) ;
#2064 = ORIENTED_EDGE ( 'NONE', *, *, #4167, .F. ) ;
#2065 = ADVANCED_FACE ( 'NONE', ( #5860 ), #5298, .T. ) ;
#2066 = DIRECTION ( 'NONE',  ( 0.000000000000000000, 0.000000000000000000, -1.000000000000000000 ) ) ;
#2067 = DIRECTION ( 'NONE',  ( 0.000000000000000000, 0.000000000000000000, -1.000000000000000000 ) ) ;
#2068 = EDGE_CURVE ( 'NONE', #2515, #5843, #2529, .T. ) ;
#2069 = CARTESIAN_POINT ( 'NONE',  ( 6.723256931056099894, 16.80157748816159824, 5.000000000000000000 ) ) ;
#2070 = EDGE_LOOP ( 'NONE', ( #4436, #2732, #5013, #1084 ) ) ;
#2071 = DIRECTION ( 'NONE',  ( -0.9659258262890689783, 0.2588190451025180194, 0.000000000000000000 ) ) ;
#2072 = EDGE_CURVE ( 'NONE', #4822, #3639, #4493, .T. ) ;
#2073 = ORIENTED_EDGE ( 'NONE', *, *, #4983, .T. ) ;
#2074 = ADVANCED_FACE ( 'NONE', ( #2501 ), #1182, .T. ) ;
#2075 = DIRECTION ( 'NONE',  ( 0.000000000000000000, 0.000000000000000000, -1.000000000000000000 ) ) ;
#2076 = CARTESIAN_POINT ( 'NONE',  ( -8.583684430773390162, -14.12501011712842036, 5.002000000000000668 ) ) ;
#2077 = CARTESIAN_POINT ( 'NONE',  ( 10.14999999999999858, -8.000000000000000000, 4.169999999999999929 ) ) ;
#2078 = VERTEX_POINT ( 'NONE', #196 ) ;
#2079 = DIRECTION ( 'NONE',  ( 0.000000000000000000, 0.000000000000000000, -1.000000000000000000 ) ) ;
#2080 = DIRECTION ( 'NONE',  ( 0.4999999999999999445, -0.8660254037844387076, 0.000000000000000000 ) ) ;
#2081 = ORIENTED_EDGE ( 'NONE', *, *, #4065, .F. ) ;
#2082 = CIRCLE ( 'NONE', #5533, 18.52682817102720136 ) ;
#2083 = FACE_OUTER_BOUND ( 'NONE', #3584, .T. ) ;
#2084 = ADVANCED_FACE ( 'NONE', ( #602 ), #3849, .T. ) ;
#2085 = ORIENTED_EDGE ( 'NONE', *, *, #2318, .T. ) ;
#2086 = AXIS2_PLACEMENT_3D ( 'NONE', #3837, #5188, #3864 ) ;
#2087 = DIRECTION ( 'NONE',  ( 0.000000000000000000, 0.000000000000000000, -1.000000000000000000 ) ) ;
#2088 = ORIENTED_EDGE ( 'NONE', *, *, #2772, .F. ) ;
#2089 = CIRCLE ( 'NONE', #224, 18.52682817102720136 ) ;
#2090 = FACE_BOUND ( 'NONE', #5039, .T. ) ;
#2091 = ORIENTED_EDGE ( 'NONE', *, *, #5921, .T. ) ;
#2092 = AXIS2_PLACEMENT_3D ( 'NONE', #1930, #1010, #2423 ) ;
#2093 = LINE ( 'NONE', #3969, #865 ) ;
#2094 = EDGE_LOOP ( 'NONE', ( #532, #5904, #1718, #4564 ) ) ;
#2095 = CARTESIAN_POINT ( 'NONE',  ( -18.02275782191794917, -1.718949636520939794, -5.000000000000000000 ) ) ;
#2096 = CARTESIAN_POINT ( 'NONE',  ( 0.000000000000000000, 0.000000000000000000, 1.500000000000000000 ) ) ;
#2097 = DIRECTION ( 'NONE',  ( 1.000000000000000000, 0.000000000000000000, 0.000000000000000000 ) ) ;
#2098 = ORIENTED_EDGE ( 'NONE', *, *, #2004, .F. ) ;
#2099 = ADVANCED_FACE ( 'NONE', ( #4866 ), #4930, .F. ) ;
#2100 = LINE ( 'NONE', #1579, #4295 ) ;
#2101 = CIRCLE ( 'NONE', #2872, 1.764902496759994444 ) ;
#2102 = DIRECTION ( 'NONE',  ( -0.8660254037844388186, -0.4999999999999998890, 0.000000000000000000 ) ) ;
#2103 = CARTESIAN_POINT ( 'NONE',  ( 17.85354414464755024, 3.004255121577014798, -5.000000000000000000 ) ) ;
#2104 = DIRECTION ( 'NONE',  ( -0.000000000000000000, -0.000000000000000000, 1.000000000000000000 ) ) ;
#2105 = ADVANCED_FACE ( 'NONE', ( #3423 ), #632, .F. ) ;
#2106 = DIRECTION ( 'NONE',  ( -0.7071067811865475727, -0.7071067811865475727, 0.000000000000000000 ) ) ;
#2107 = DIRECTION ( 'NONE',  ( 0.000000000000000000, 0.000000000000000000, -1.000000000000000000 ) ) ;
#2108 = ORIENTED_EDGE ( 'NONE', *, *, #1421, .F. ) ;
#2109 = EDGE_CURVE ( 'NONE', #4630, #6001, #5675, .T. ) ;
#2110 = EDGE_CURVE ( 'NONE', #533, #825, #5486, .T. ) ;
#2111 = CYLINDRICAL_SURFACE ( 'NONE', #87, 1.764902496759994444 ) ;
#2112 = DIRECTION ( 'NONE',  ( -1.000000000000000000, 0.000000000000000000, 0.000000000000000000 ) ) ;
#2113 = ORIENTED_EDGE ( 'NONE', *, *, #546, .F. ) ;
#2114 = DIRECTION ( 'NONE',  ( -1.000000000000000000, 0.000000000000000000, 0.000000000000000000 ) ) ;
#2115 = ORIENTED_EDGE ( 'NONE', *, *, #3531, .T. ) ;
#2116 = ADVANCED_FACE ( 'NONE', ( #1294, #4590 ), #786, .T. ) ;
#2117 = ORIENTED_EDGE ( 'NONE', *, *, #2149, .T. ) ;
#2118 = CARTESIAN_POINT ( 'NONE',  ( -9.757819552369539906E-16, 2.376571162088225214E-13, 5.000000000000000000 ) ) ;
#2119 = DIRECTION ( 'NONE',  ( 0.000000000000000000, 0.000000000000000000, 1.000000000000000000 ) ) ;
#2120 = DIRECTION ( 'NONE',  ( 0.000000000000000000, 0.000000000000000000, 1.000000000000000000 ) ) ;
#2121 = AXIS2_PLACEMENT_3D ( 'NONE', #2921, #3554, #4971 ) ;
#2122 = ORIENTED_EDGE ( 'NONE', *, *, #416, .F. ) ;
#2123 = CIRCLE ( 'NONE', #1333, 18.52682817102720136 ) ;
#2124 = DIRECTION ( 'NONE',  ( 0.000000000000000000, 0.000000000000000000, 1.000000000000000000 ) ) ;
#2125 = DIRECTION ( 'NONE',  ( 0.000000000000000000, 0.000000000000000000, -1.000000000000000000 ) ) ;
#2126 = VERTEX_POINT ( 'NONE', #3173 ) ;
#2127 = FACE_OUTER_BOUND ( 'NONE', #6048, .T. ) ;
#2128 = ORIENTED_EDGE ( 'NONE', *, *, #838, .F. ) ;
#2129 = DIRECTION ( 'NONE',  ( 0.000000000000000000, 0.000000000000000000, -1.000000000000000000 ) ) ;
#2130 = CIRCLE ( 'NONE', #3410, 0.4299999999999997713 ) ;
#2131 = CIRCLE ( 'NONE', #1053, 0.4299999999999997713 ) ;
#2132 = EDGE_CURVE ( 'NONE', #5195, #1545, #4885, .T. ) ;
#2133 = AXIS2_PLACEMENT_3D ( 'NONE', #3536, #4529, #5420 ) ;
#2134 = CARTESIAN_POINT ( 'NONE',  ( -7.522724857905819462, 16.46764093829609976, 5.002000000000000668 ) ) ;
#2135 = CIRCLE ( 'NONE', #4791, 2.149999999999999023 ) ;
#2136 = DIRECTION ( 'NONE',  ( 0.000000000000000000, 0.000000000000000000, 1.000000000000000000 ) ) ;
#2137 = VERTEX_POINT ( 'NONE', #1270 ) ;
#2138 = DIRECTION ( 'NONE',  ( 0.000000000000000000, 0.000000000000000000, 1.000000000000000000 ) ) ;
#2139 = CARTESIAN_POINT ( 'NONE',  ( 1.759653278486404839E-14, 6.891765691606369485E-14, 5.002000000000000668 ) ) ;
#2140 = VERTEX_POINT ( 'NONE', #376 ) ;
#2141 = CIRCLE ( 'NONE', #2245, 18.52682817102720136 ) ;
#2142 = CIRCLE ( 'NONE', #5972, 0.4300000000000000488 ) ;
#2143 = EDGE_CURVE ( 'NONE', #634, #5744, #3145, .T. ) ;
#2144 = CARTESIAN_POINT ( 'NONE',  ( 9.093435290907070367, 15.81469496456674939, 5.002000000000000668 ) ) ;
#2145 = DIRECTION ( 'NONE',  ( -0.8660254037844384856, -0.5000000000000004441, 0.000000000000000000 ) ) ;
#2146 = CIRCLE ( 'NONE', #5289, 4.479999999999999538 ) ;
#2147 = DIRECTION ( 'NONE',  ( -1.000000000000000000, 0.000000000000000000, 0.000000000000000000 ) ) ;
#2148 = VERTEX_POINT ( 'NONE', #1791 ) ;
#2149 = EDGE_CURVE ( 'NONE', #5275, #4516, #2723, .T. ) ;
#2150 = DIRECTION ( 'NONE',  ( -0.9659258262890689783, 0.2588190451025180194, 0.000000000000000000 ) ) ;
#2151 = VERTEX_POINT ( 'NONE', #5023 ) ;
#2152 = ORIENTED_EDGE ( 'NONE', *, *, #755, .F. ) ;
#2153 = ADVANCED_FACE ( 'NONE', ( #3666 ), #2688, .F. ) ;
#2154 = CARTESIAN_POINT ( 'NONE',  ( -17.20080094608644927, -6.883008709270070469, 5.000000000000000000 ) ) ;
#2155 = CARTESIAN_POINT ( 'NONE',  ( -12.87672824649239978, 12.92226806246459958, -5.000000000000000000 ) ) ;
#2156 = AXIS2_PLACEMENT_3D ( 'NONE', #3257, #3811, #3777 ) ;
#2157 = DIRECTION ( 'NONE',  ( 0.7071067811865475727, 0.7071067811865475727, 0.000000000000000000 ) ) ;
#2158 = ORIENTED_EDGE ( 'NONE', *, *, #653, .T. ) ;
#2159 = AXIS2_PLACEMENT_3D ( 'NONE', #2426, #3382, #5250 ) ;
#2160 = DIRECTION ( 'NONE',  ( 0.000000000000000000, 0.000000000000000000, -1.000000000000000000 ) ) ;
#2161 = DIRECTION ( 'NONE',  ( 0.000000000000000000, 0.000000000000000000, 1.000000000000000000 ) ) ;
#2162 = ADVANCED_FACE ( 'NONE', ( #4961 ), #1697, .T. ) ;
#2163 = ORIENTED_EDGE ( 'NONE', *, *, #5075, .F. ) ;
#2164 = DIRECTION ( 'NONE',  ( -1.000000000000000000, 0.000000000000000000, 0.000000000000000000 ) ) ;
#2165 = ORIENTED_EDGE ( 'NONE', *, *, #3990, .F. ) ;
#2166 = CARTESIAN_POINT ( 'NONE',  ( -4.752648293360439702, -17.61270781032335009, 5.000000000000000000 ) ) ;
#2167 = CIRCLE ( 'NONE', #2956, 0.4299999999999997713 ) ;
#2168 = CARTESIAN_POINT ( 'NONE',  ( -0.03220151268791780069, -18.24264523787019954, 5.000000000000000000 ) ) ;
#2169 = CARTESIAN_POINT ( 'NONE',  ( 0.000000000000000000, 0.000000000000000000, 0.000000000000000000 ) ) ;
#2170 = DIRECTION ( 'NONE',  ( 0.4999999999999995559, -0.8660254037844388186, 0.000000000000000000 ) ) ;
#2171 = EDGE_LOOP ( 'NONE', ( #5737, #661, #1267, #5482 ) ) ;
#2172 = CARTESIAN_POINT ( 'NONE',  ( -9.757819552369539906E-16, 2.376571162088225214E-13, 5.000000000000000000 ) ) ;
#2173 = LINE ( 'NONE', #4048, #3988 ) ;
#2174 = VERTEX_POINT ( 'NONE', #1761 ) ;
#2175 = CARTESIAN_POINT ( 'NONE',  ( -16.10000000000000142, -9.858406733136190470E-16, 1.500000000000000000 ) ) ;
#2176 = CYLINDRICAL_SURFACE ( 'NONE', #3277, 16.52862817102734994 ) ;
#2177 = CARTESIAN_POINT ( 'NONE',  ( 17.62937653985284925, 4.690439747858780706, -5.000000000000000000 ) ) ;
#2178 = ORIENTED_EDGE ( 'NONE', *, *, #1744, .F. ) ;
#2179 = CARTESIAN_POINT ( 'NONE',  ( 18.02275782191794917, -1.718949636520934909, -5.000000000000000000 ) ) ;
#2180 = EDGE_CURVE ( 'NONE', #2013, #4381, #3214, .T. ) ;
#2181 = ORIENTED_EDGE ( 'NONE', *, *, #3549, .T. ) ;
#2182 = ORIENTED_EDGE ( 'NONE', *, *, #3083, .F. ) ;
#2183 = AXIS2_PLACEMENT_3D ( 'NONE', #1678, #4454, #5437 ) ;
#2184 = DIRECTION ( 'NONE',  ( 0.4999999999999998890, 0.8660254037844388186, 0.000000000000000000 ) ) ;
#2185 = EDGE_CURVE ( 'NONE', #233, #3800, #3996, .T. ) ;
#2186 = CARTESIAN_POINT ( 'NONE',  ( 11.42209106089456050, 11.94702410697802009, -5.000000000000000000 ) ) ;
#2187 = DIRECTION ( 'NONE',  ( 1.000000000000000000, 0.000000000000000000, 0.000000000000000000 ) ) ;
#2188 = ADVANCED_FACE ( 'NONE', ( #2253 ), #6015, .T. ) ;
#2189 = ORIENTED_EDGE ( 'NONE', *, *, #4934, .F. ) ;
#2190 = AXIS2_PLACEMENT_3D ( 'NONE', #4546, #361, #2701 ) ;
#2191 = DIRECTION ( 'NONE',  ( -1.000000000000000000, 0.000000000000000000, 0.000000000000000000 ) ) ;
#2192 = CARTESIAN_POINT ( 'NONE',  ( 7.112366251504910349E-14, 8.402566836762699793E-16, 5.002000000000000668 ) ) ;
#2193 = EDGE_CURVE ( 'NONE', #5146, #1330, #266, .T. ) ;
#2194 = VECTOR ( 'NONE', #2999, 1000.000000000000000 ) ;
#2195 = DIRECTION ( 'NONE',  ( 0.000000000000000000, 0.000000000000000000, -1.000000000000000000 ) ) ;
#2196 = VERTEX_POINT ( 'NONE', #5081 ) ;
#2197 = DIRECTION ( 'NONE',  ( -0.000000000000000000, -0.000000000000000000, 1.000000000000000000 ) ) ;
#2198 = EDGE_CURVE ( 'NONE', #2765, #3019, #1153, .T. ) ;
#2199 = VECTOR ( 'NONE', #4642, 1000.000000000000000 ) ;
#2200 = CARTESIAN_POINT ( 'NONE',  ( -14.56126086974063938, 11.45482623011524126, 5.000000000000000000 ) ) ;
#2201 =( NAMED_UNIT ( * ) SI_UNIT ( $, .STERADIAN. ) SOLID_ANGLE_UNIT ( ) );
#2202 = DIRECTION ( 'NONE',  ( 1.000000000000000000, 0.000000000000000000, 0.000000000000000000 ) ) ;
#2203 = ORIENTED_EDGE ( 'NONE', *, *, #4731, .T. ) ;
#2204 = DIRECTION ( 'NONE',  ( 0.000000000000000000, 0.000000000000000000, 1.000000000000000000 ) ) ;
#2205 = DIRECTION ( 'NONE',  ( 0.000000000000000000, 0.000000000000000000, 1.000000000000000000 ) ) ;
#2206 = VERTEX_POINT ( 'NONE', #2597 ) ;
#2207 = DIRECTION ( 'NONE',  ( 0.000000000000000000, 0.000000000000000000, -1.000000000000000000 ) ) ;
#2208 = CARTESIAN_POINT ( 'NONE',  ( 7.126448808901080234, 16.63456994411955137, 5.000000000000000000 ) ) ;
#2209 = VERTEX_POINT ( 'NONE', #2220 ) ;
#2210 = DIRECTION ( 'NONE',  ( 0.000000000000000000, 0.000000000000000000, 1.000000000000000000 ) ) ;
#2211 = VERTEX_POINT ( 'NONE', #1235 ) ;
#2212 = EDGE_LOOP ( 'NONE', ( #5119, #4918, #4460, #4963 ) ) ;
#2213 = EDGE_CURVE ( 'NONE', #4851, #42, #1323, .T. ) ;
#2214 = DIRECTION ( 'NONE',  ( 0.8660254037844388186, -0.4999999999999998890, 0.000000000000000000 ) ) ;
#2215 = DIRECTION ( 'NONE',  ( -0.000000000000000000, -0.000000000000000000, -1.000000000000000000 ) ) ;
#2216 = CARTESIAN_POINT ( 'NONE',  ( 8.000000000000000000, 8.000000000000000000, 4.169999999999999929 ) ) ;
#2217 = ORIENTED_EDGE ( 'NONE', *, *, #3381, .T. ) ;
#2218 = DIRECTION ( 'NONE',  ( 0.7071067811865475727, -0.7071067811865475727, 0.000000000000000000 ) ) ;
#2219 = EDGE_CURVE ( 'NONE', #2748, #1475, #5981, .T. ) ;
#2220 = CARTESIAN_POINT ( 'NONE',  ( 16.52445980553209992, -0.3711837165545144868, 5.000000000000000000 ) ) ;
#2221 = AXIS2_PLACEMENT_3D ( 'NONE', #3048, #1176, #2590 ) ;
#2222 = ORIENTED_EDGE ( 'NONE', *, *, #530, .T. ) ;
#2223 = EDGE_CURVE ( 'NONE', #2349, #5036, #5956, .T. ) ;
#2224 = DIRECTION ( 'NONE',  ( -0.000000000000000000, -0.000000000000000000, 1.000000000000000000 ) ) ;
#2225 = CIRCLE ( 'NONE', #2810, 1.764902496759995332 ) ;
#2226 = EDGE_CURVE ( 'NONE', #1428, #25, #2829, .T. ) ;
#2227 = LINE ( 'NONE', #4104, #4896 ) ;
#2228 = DIRECTION ( 'NONE',  ( 1.000000000000000000, 0.000000000000000000, 0.000000000000000000 ) ) ;
#2229 = LINE ( 'NONE', #3245, #4800 ) ;
#2230 = AXIS2_PLACEMENT_3D ( 'NONE', #790, #5467, #5993 ) ;
#2231 = ORIENTED_EDGE ( 'NONE', *, *, #195, .F. ) ;
#2232 = MECHANICAL_DESIGN_GEOMETRIC_PRESENTATION_REPRESENTATION (  '', ( #4587 ), #1936 ) ;
#2233 = DIRECTION ( 'NONE',  ( 1.000000000000000000, 0.000000000000000000, 0.000000000000000000 ) ) ;
#2234 = EDGE_LOOP ( 'NONE', ( #6074, #3102, #1548, #4208 ) ) ;
#2235 = AXIS2_PLACEMENT_3D ( 'NONE', #4250, #3240, #1356 ) ;
#2236 = DIRECTION ( 'NONE',  ( -1.000000000000000000, 0.000000000000000000, 0.000000000000000000 ) ) ;
#2237 = DIRECTION ( 'NONE',  ( 0.000000000000000000, 0.000000000000000000, 1.000000000000000000 ) ) ;
#2238 = DIRECTION ( 'NONE',  ( 0.000000000000000000, 0.000000000000000000, 1.000000000000000000 ) ) ;
#2239 = ORIENTED_EDGE ( 'NONE', *, *, #724, .T. ) ;
#2240 = DIRECTION ( 'NONE',  ( 0.7071067811865480168, -0.7071067811865472397, 0.000000000000000000 ) ) ;
#2241 = AXIS2_PLACEMENT_3D ( 'NONE', #3473, #1018, #3966 ) ;
#2242 = AXIS2_PLACEMENT_3D ( 'NONE', #1831, #1712, #3589 ) ;
#2243 = ORIENTED_EDGE ( 'NONE', *, *, #6053, .F. ) ;
#2244 = VERTEX_POINT ( 'NONE', #2859 ) ;
#2245 = AXIS2_PLACEMENT_3D ( 'NONE', #4826, #3468, #2056 ) ;
#2246 = AXIS2_PLACEMENT_3D ( 'NONE', #2476, #1551, #3431 ) ;
#2247 = CARTESIAN_POINT ( 'NONE',  ( 17.61270781032335009, -4.752648293360449472, 5.000000000000000000 ) ) ;
#2248 = DIRECTION ( 'NONE',  ( 0.000000000000000000, 0.000000000000000000, 1.000000000000000000 ) ) ;
#2249 = LINE ( 'NONE', #4091, #1925 ) ;
#2250 = VECTOR ( 'NONE', #2348, 1000.000000000000000 ) ;
#2251 = VERTEX_POINT ( 'NONE', #1378 ) ;
#2252 = CARTESIAN_POINT ( 'NONE',  ( 11.18896446287261881, 14.22330004254517988, -5.000000000000000000 ) ) ;
#2253 = FACE_OUTER_BOUND ( 'NONE', #4283, .T. ) ;
#2254 = DIRECTION ( 'NONE',  ( -1.000000000000000000, 0.000000000000000000, 0.000000000000000000 ) ) ;
#2255 = ORIENTED_EDGE ( 'NONE', *, *, #1999, .F. ) ;
#2256 = LINE ( 'NONE', #2692, #5977 ) ;
#2257 = EDGE_CURVE ( 'NONE', #343, #1152, #4594, .T. ) ;
#2258 = CIRCLE ( 'NONE', #5707, 0.4299999999999998823 ) ;
#2259 = EDGE_CURVE ( 'NONE', #5191, #2017, #3901, .T. ) ;
#2260 = CARTESIAN_POINT ( 'NONE',  ( 11.94702410697802009, -11.42209106089456050, 5.002000000000000668 ) ) ;
#2261 = DIRECTION ( 'NONE',  ( 0.2588190451025214056, 0.9659258262890680902, 0.000000000000000000 ) ) ;
#2262 = AXIS2_PLACEMENT_3D ( 'NONE', #3191, #5182, #5065 ) ;
#2263 = ORIENTED_EDGE ( 'NONE', *, *, #5836, .T. ) ;
#2264 = ADVANCED_FACE ( 'NONE', ( #3237 ), #874, .T. ) ;
#2265 = CARTESIAN_POINT ( 'NONE',  ( -4.690439747858789588, 17.62937653985284925, 5.000000000000000000 ) ) ;
#2266 = EDGE_CURVE ( 'NONE', #3190, #545, #2430, .T. ) ;
#2267 = CYLINDRICAL_SURFACE ( 'NONE', #4689, 0.4299999999999998823 ) ;
#2268 = DIRECTION ( 'NONE',  ( 0.000000000000000000, 0.000000000000000000, -1.000000000000000000 ) ) ;
#2269 = CARTESIAN_POINT ( 'NONE',  ( 15.78249345187884778, -9.149209946963118512, -5.000000000000000000 ) ) ;
#2270 = EDGE_LOOP ( 'NONE', ( #1127, #5395 ) ) ;
#2271 = DIRECTION ( 'NONE',  ( 0.000000000000000000, 0.000000000000000000, -1.000000000000000000 ) ) ;
#2272 = ORIENTED_EDGE ( 'NONE', *, *, #5558, .T. ) ;
#2273 = ORIENTED_EDGE ( 'NONE', *, *, #4636, .T. ) ;
#2274 = DIRECTION ( 'NONE',  ( 0.9659258262890689783, -0.2588190451025180194, 0.000000000000000000 ) ) ;
#2275 = ORIENTED_EDGE ( 'NONE', *, *, #5558, .F. ) ;
#2276 = DIRECTION ( 'NONE',  ( 0.000000000000000000, 1.000000000000000000, 0.000000000000000000 ) ) ;
#2277 = DIRECTION ( 'NONE',  ( -0.8660254037844387076, 0.4999999999999999445, 0.000000000000000000 ) ) ;
#2278 = ORIENTED_EDGE ( 'NONE', *, *, #1622, .F. ) ;
#2279 = VERTEX_POINT ( 'NONE', #5137 ) ;
#2280 = AXIS2_PLACEMENT_3D ( 'NONE', #2422, #1790, #3314 ) ;
#2281 = DIRECTION ( 'NONE',  ( -0.9659258262890680902, 0.2588190451025214056, 0.000000000000000000 ) ) ;
#2282 = EDGE_CURVE ( 'NONE', #2012, #4279, #959, .T. ) ;
#2283 =( GEOMETRIC_REPRESENTATION_CONTEXT ( 3 ) GLOBAL_UNCERTAINTY_ASSIGNED_CONTEXT ( ( #4078 ) ) GLOBAL_UNIT_ASSIGNED_CONTEXT ( ( #352, #5405, #2201 ) ) REPRESENTATION_CONTEXT ( 'NONE', 'WORKASPACE' ) );
#2284 = AXIS2_PLACEMENT_3D ( 'NONE', #3768, #582, #3888 ) ;
#2285 = DIRECTION ( 'NONE',  ( -0.000000000000000000, -0.000000000000000000, -1.000000000000000000 ) ) ;
#2286 = ADVANCED_FACE ( 'NONE', ( #5112 ), #2770, .T. ) ;
#2287 = DIRECTION ( 'NONE',  ( 0.4999999999999993894, 0.8660254037844390407, 0.000000000000000000 ) ) ;
#2288 = ORIENTED_EDGE ( 'NONE', *, *, #3986, .T. ) ;
#2289 = DIRECTION ( 'NONE',  ( 1.000000000000000000, 0.000000000000000000, 0.000000000000000000 ) ) ;
#2290 = AXIS2_PLACEMENT_3D ( 'NONE', #5215, #3378, #2883 ) ;
#2291 = CARTESIAN_POINT ( 'NONE',  ( -4.969787286824980024E-14, -5.088617526617949668E-14, 5.000000000000000000 ) ) ;
#2292 = CARTESIAN_POINT ( 'NONE',  ( -9.757819552369539906E-16, 2.376571162088225214E-13, -5.000000000000000000 ) ) ;
#2293 = EDGE_CURVE ( 'NONE', #3482, #2374, #5382, .T. ) ;
#2294 = AXIS2_PLACEMENT_3D ( 'NONE', #4635, #5151, #4262 ) ;
#2295 = DIRECTION ( 'NONE',  ( 0.4999999999999998890, -0.8660254037844388186, 0.000000000000000000 ) ) ;
#2296 = EDGE_LOOP ( 'NONE', ( #5776, #1686, #2115, #3708 ) ) ;
#2297 = CARTESIAN_POINT ( 'NONE',  ( -17.85354414464755024, -3.004255121577025012, -5.000000000000000000 ) ) ;
#2298 = ADVANCED_FACE ( 'NONE', ( #2368 ), #3261, .T. ) ;
#2299 = ORIENTED_EDGE ( 'NONE', *, *, #3485, .F. ) ;
#2300 = EDGE_CURVE ( 'NONE', #4426, #261, #4676, .T. ) ;
#2301 = DIRECTION ( 'NONE',  ( 0.000000000000000000, 0.000000000000000000, -1.000000000000000000 ) ) ;
#2302 = CARTESIAN_POINT ( 'NONE',  ( 18.24264523787019954, 0.03220151268792114524, -5.000000000000000000 ) ) ;
#2303 = ORIENTED_EDGE ( 'NONE', *, *, #5115, .F. ) ;
#2304 = LINE ( 'NONE', #5133, #5802 ) ;
#2305 = CARTESIAN_POINT ( 'NONE',  ( -18.33783493938529929, 2.639540076345805009, -5.000000000000000000 ) ) ;
#2306 = VERTEX_POINT ( 'NONE', #3780 ) ;
#2307 = DIRECTION ( 'NONE',  ( -0.000000000000000000, -0.000000000000000000, -1.000000000000000000 ) ) ;
#2308 = CARTESIAN_POINT ( 'NONE',  ( -4.752648293360470788, 17.61270781032335009, -5.000000000000000000 ) ) ;
#2309 = VERTEX_POINT ( 'NONE', #4216 ) ;
#2310 = CARTESIAN_POINT ( 'NONE',  ( -12.87672824649239978, -12.92226806246459958, 5.000000000000000000 ) ) ;
#2311 = ORIENTED_EDGE ( 'NONE', *, *, #1177, .F. ) ;
#2312 = CIRCLE ( 'NONE', #252, 2.149999999999999023 ) ;
#2313 = CARTESIAN_POINT ( 'NONE',  ( 11.18896446287261881, -14.22330004254519942, 5.000000000000000000 ) ) ;
#2314 = DIRECTION ( 'NONE',  ( 0.000000000000000000, 0.000000000000000000, 1.000000000000000000 ) ) ;
#2315 = VERTEX_POINT ( 'NONE', #20 ) ;
#2316 = SURFACE_STYLE_FILL_AREA ( #4258 ) ;
#2317 = CIRCLE ( 'NONE', #3599, 18.52682817102720136 ) ;
#2318 = EDGE_CURVE ( 'NONE', #2315, #1645, #674, .T. ) ;
#2319 = CARTESIAN_POINT ( 'NONE',  ( 16.52445980553209992, 0.3711837165545214812, 5.000000000000000000 ) ) ;
#2320 = CIRCLE ( 'NONE', #462, 7.100000000000000533 ) ;
#2321 = CARTESIAN_POINT ( 'NONE',  ( -20.45497617776954868, 1.165057210878772069E-15, -6.500000000000000000 ) ) ;
#2322 = CARTESIAN_POINT ( 'NONE',  ( -10.14999999999999858, -8.000000000000000000, 4.169999999999999929 ) ) ;
#2323 = VERTEX_POINT ( 'NONE', #3873 ) ;
#2324 = CARTESIAN_POINT ( 'NONE',  ( 11.45482623011524126, 14.56126086974063938, 5.000000000000000000 ) ) ;
#2325 = ORIENTED_EDGE ( 'NONE', *, *, #4176, .F. ) ;
#2326 = AXIS2_PLACEMENT_3D ( 'NONE', #2563, #1606, #5804 ) ;
#2327 = AXIS2_PLACEMENT_3D ( 'NONE', #4406, #4926, #3936 ) ;
#2328 = ADVANCED_FACE ( 'NONE', ( #4861 ), #1598, .F. ) ;
#2329 = EDGE_CURVE ( 'NONE', #66, #5696, #470, .T. ) ;
#2330 = DIRECTION ( 'NONE',  ( -0.000000000000000000, -0.000000000000000000, -1.000000000000000000 ) ) ;
#2331 = AXIS2_PLACEMENT_3D ( 'NONE', #3318, #3775, #5069 ) ;
#2332 = CARTESIAN_POINT ( 'NONE',  ( -3.628951489128790042E-14, 6.117477020638539264E-14, 5.000000000000000000 ) ) ;
#2333 = VECTOR ( 'NONE', #1865, 1000.000000000000000 ) ;
#2334 = VERTEX_POINT ( 'NONE', #684 ) ;
#2335 = CARTESIAN_POINT ( 'NONE',  ( 10.84273574818606001, 14.48897067933745930, 5.000000000000000000 ) ) ;
#2336 = DIRECTION ( 'NONE',  ( 0.000000000000000000, 0.000000000000000000, 1.000000000000000000 ) ) ;
#2337 = ORIENTED_EDGE ( 'NONE', *, *, #1307, .T. ) ;
#2338 = ADVANCED_FACE ( 'NONE', ( #596, #2464, #2090, #1627, #2891, #129 ), #4767, .T. ) ;
#2339 = AXIS2_PLACEMENT_3D ( 'NONE', #1341, #3742, #3229 ) ;
#2340 = AXIS2_PLACEMENT_3D ( 'NONE', #5089, #2753, #4511 ) ;
#2341 = CARTESIAN_POINT ( 'NONE',  ( -16.46764093829609976, 7.522724857905799922, 5.002000000000000668 ) ) ;
#2342 = AXIS2_PLACEMENT_3D ( 'NONE', #3213, #4429, #2170 ) ;
#2343 = ORIENTED_EDGE ( 'NONE', *, *, #1622, .T. ) ;
#2344 = DIRECTION ( 'NONE',  ( 0.000000000000000000, 0.000000000000000000, 1.000000000000000000 ) ) ;
#2345 = ORIENTED_EDGE ( 'NONE', *, *, #259, .F. ) ;
#2346 = VECTOR ( 'NONE', #5322, 1000.000000000000000 ) ;
#2347 = DIRECTION ( 'NONE',  ( 0.7071067811865475727, 0.7071067811865475727, 0.000000000000000000 ) ) ;
#2348 = DIRECTION ( 'NONE',  ( 0.000000000000000000, 0.000000000000000000, -1.000000000000000000 ) ) ;
#2349 = VERTEX_POINT ( 'NONE', #3416 ) ;
#2350 = FACE_OUTER_BOUND ( 'NONE', #3359, .T. ) ;
#2351 = AXIS2_PLACEMENT_3D ( 'NONE', #4733, #4273, #5609 ) ;
#2352 = AXIS2_PLACEMENT_3D ( 'NONE', #185, #831, #272 ) ;
#2353 = CARTESIAN_POINT ( 'NONE',  ( 11.10037075072115975, -14.83324412511671930, 5.000000000000000000 ) ) ;
#2354 = CARTESIAN_POINT ( 'NONE',  ( 3.519999999999990248, 8.000000000000000000, 6.500000000000000000 ) ) ;
#2355 = CARTESIAN_POINT ( 'NONE',  ( 8.402566836762750083E-16, -7.112366251504910349E-14, 5.002000000000000668 ) ) ;
#2356 = ORIENTED_EDGE ( 'NONE', *, *, #3174, .T. ) ;
#2357 = DIRECTION ( 'NONE',  ( 0.000000000000000000, 0.000000000000000000, 1.000000000000000000 ) ) ;
#2358 = ORIENTED_EDGE ( 'NONE', *, *, #4109, .T. ) ;
#2359 = AXIS2_PLACEMENT_3D ( 'NONE', #2480, #4361, #5757 ) ;
#2360 = CARTESIAN_POINT ( 'NONE',  ( 12.48000000000000931, -8.000000000000000000, 6.500000000000000000 ) ) ;
#2361 = FACE_OUTER_BOUND ( 'NONE', #2994, .T. ) ;
#2362 = CARTESIAN_POINT ( 'NONE',  ( -14.12501011712842036, -8.583684430773409701, 5.002000000000000668 ) ) ;
#2363 = ORIENTED_EDGE ( 'NONE', *, *, #5253, .T. ) ;
#2364 = EDGE_CURVE ( 'NONE', #3011, #3190, #4688, .T. ) ;
#2365 = FACE_OUTER_BOUND ( 'NONE', #2788, .T. ) ;
#2366 = CARTESIAN_POINT ( 'NONE',  ( -9.757819552369539906E-16, 2.376571162088225214E-13, 5.000000000000000000 ) ) ;
#2367 = ORIENTED_EDGE ( 'NONE', *, *, #1613, .F. ) ;
#2368 = FACE_OUTER_BOUND ( 'NONE', #1526, .T. ) ;
#2369 = EDGE_CURVE ( 'NONE', #4647, #2206, #2533, .T. ) ;
#2370 = CARTESIAN_POINT ( 'NONE',  ( 4.969787286824989490E-14, 5.088617526617949668E-14, 5.000000000000000000 ) ) ;
#2371 = VERTEX_POINT ( 'NONE', #1229 ) ;
#2372 = FACE_OUTER_BOUND ( 'NONE', #4765, .T. ) ;
#2373 = ORIENTED_EDGE ( 'NONE', *, *, #4626, .F. ) ;
#2374 = VERTEX_POINT ( 'NONE', #1263 ) ;
#2375 = CIRCLE ( 'NONE', #1789, 0.4299999999999997713 ) ;
#2376 = ADVANCED_FACE ( 'NONE', ( #4122 ), #2618, .F. ) ;
#2377 = DIRECTION ( 'NONE',  ( -1.000000000000000000, 0.000000000000000000, 0.000000000000000000 ) ) ;
#2378 = CARTESIAN_POINT ( 'NONE',  ( -8.000000000000000000, -8.000000000000000000, 4.169999999999999929 ) ) ;
#2379 = ORIENTED_EDGE ( 'NONE', *, *, #2369, .F. ) ;
#2380 = LINE ( 'NONE', #3483, #1640 ) ;
#2381 = EDGE_CURVE ( 'NONE', #4758, #1932, #4089, .T. ) ;
#2382 = ORIENTED_EDGE ( 'NONE', *, *, #154, .F. ) ;
#2383 = CIRCLE ( 'NONE', #1299, 1.764902496759995110 ) ;
#2384 = DIRECTION ( 'NONE',  ( -0.000000000000000000, -0.000000000000000000, -1.000000000000000000 ) ) ;
#2385 = DIRECTION ( 'NONE',  ( -1.000000000000000000, 0.000000000000000000, 0.000000000000000000 ) ) ;
#2386 = DIRECTION ( 'NONE',  ( -0.000000000000000000, -0.000000000000000000, -1.000000000000000000 ) ) ;
#2387 = ORIENTED_EDGE ( 'NONE', *, *, #2266, .F. ) ;
#2388 = AXIS2_PLACEMENT_3D ( 'NONE', #5063, #393, #3679 ) ;
#2389 = DIRECTION ( 'NONE',  ( 0.000000000000000000, 0.000000000000000000, -1.000000000000000000 ) ) ;
#2390 = ORIENTED_EDGE ( 'NONE', *, *, #5740, .T. ) ;
#2391 = DIRECTION ( 'NONE',  ( -0.8660254037844390407, 0.4999999999999993894, 0.000000000000000000 ) ) ;
#2392 = CARTESIAN_POINT ( 'NONE',  ( -17.61270781032335009, 4.752648293360439702, 5.000000000000000000 ) ) ;
#2393 = DIRECTION ( 'NONE',  ( -0.000000000000000000, -0.000000000000000000, 1.000000000000000000 ) ) ;
#2394 = ORIENTED_EDGE ( 'NONE', *, *, #1101, .T. ) ;
#2395 = FACE_OUTER_BOUND ( 'NONE', #496, .T. ) ;
#2396 = DIRECTION ( 'NONE',  ( 0.000000000000000000, 0.000000000000000000, -1.000000000000000000 ) ) ;
#2397 = VECTOR ( 'NONE', #543, 1000.000000000000000 ) ;
#2398 = EDGE_LOOP ( 'NONE', ( #3746, #2052, #1463, #4941 ) ) ;
#2399 = EDGE_CURVE ( 'NONE', #4697, #1035, #5044, .T. ) ;
#2400 = DIRECTION ( 'NONE',  ( 0.000000000000000000, 0.000000000000000000, 1.000000000000000000 ) ) ;
#2401 = DIRECTION ( 'NONE',  ( 0.000000000000000000, 0.000000000000000000, 1.000000000000000000 ) ) ;
#2402 = ORIENTED_EDGE ( 'NONE', *, *, #5647, .T. ) ;
#2403 = CARTESIAN_POINT ( 'NONE',  ( 18.24264523787019954, -0.03220151268791889704, 5.000000000000000000 ) ) ;
#2404 = ORIENTED_EDGE ( 'NONE', *, *, #4889, .F. ) ;
#2405 = EDGE_LOOP ( 'NONE', ( #362, #1982, #3312, #679 ) ) ;
#2406 = EDGE_CURVE ( 'NONE', #2441, #39, #4061, .T. ) ;
#2407 = DIRECTION ( 'NONE',  ( 0.8660254037844387076, 0.4999999999999999445, 0.000000000000000000 ) ) ;
#2408 = CARTESIAN_POINT ( 'NONE',  ( 3.918308969584845425, -16.05747190671534952, 5.000000000000000000 ) ) ;
#2409 = ORIENTED_EDGE ( 'NONE', *, *, #5303, .F. ) ;
#2410 = CARTESIAN_POINT ( 'NONE',  ( -9.757819552369539906E-16, 2.376571162088225214E-13, 5.000000000000000000 ) ) ;
#2411 = ORIENTED_EDGE ( 'NONE', *, *, #5186, .F. ) ;
#2412 = CIRCLE ( 'NONE', #3983, 18.52682817102720136 ) ;
#2413 = EDGE_CURVE ( 'NONE', #2174, #3035, #368, .T. ) ;
#2414 = DIRECTION ( 'NONE',  ( 1.000000000000000000, 0.000000000000000000, 0.000000000000000000 ) ) ;
#2415 = CARTESIAN_POINT ( 'NONE',  ( 9.093435290907070367, 15.81469496456674939, -5.000000000000000000 ) ) ;
#2416 = CARTESIAN_POINT ( 'NONE',  ( 7.100000000000000533, 4.347496136973102887E-16, 4.000000000000000000 ) ) ;
#2417 = VERTEX_POINT ( 'NONE', #3105 ) ;
#2418 = AXIS2_PLACEMENT_3D ( 'NONE', #2265, #1829, #1304 ) ;
#2419 = DIRECTION ( 'NONE',  ( 0.000000000000000000, 0.000000000000000000, -1.000000000000000000 ) ) ;
#2420 = ORIENTED_EDGE ( 'NONE', *, *, #1659, .T. ) ;
#2421 = AXIS2_PLACEMENT_3D ( 'NONE', #3917, #199, #3975 ) ;
#2422 = CARTESIAN_POINT ( 'NONE',  ( 18.24264523787019954, -0.03220151268791889704, -5.000000000000000000 ) ) ;
#2423 = DIRECTION ( 'NONE',  ( -1.000000000000000000, 0.000000000000000000, 0.000000000000000000 ) ) ;
#2424 = DIRECTION ( 'NONE',  ( 0.000000000000000000, 0.000000000000000000, 1.000000000000000000 ) ) ;
#2425 = VERTEX_POINT ( 'NONE', #5487 ) ;
#2426 = CARTESIAN_POINT ( 'NONE',  ( -9.757819552369539906E-16, 2.376571162088225214E-13, -5.000000000000000000 ) ) ;
#2427 = DIRECTION ( 'NONE',  ( -0.9659258262890683122, 0.2588190451025211281, 0.000000000000000000 ) ) ;
#2428 = AXIS2_PLACEMENT_3D ( 'NONE', #3395, #540, #6085 ) ;
#2429 = ORIENTED_EDGE ( 'NONE', *, *, #1173, .F. ) ;
#2430 = CIRCLE ( 'NONE', #4302, 18.52682817102720136 ) ;
#2431 = VECTOR ( 'NONE', #4344, 1000.000000000000000 ) ;
#2432 = ORIENTED_EDGE ( 'NONE', *, *, #3721, .F. ) ;
#2433 = LINE ( 'NONE', #5198, #267 ) ;
#2434 = CIRCLE ( 'NONE', #2041, 1.764902496759994444 ) ;
#2435 = ORIENTED_EDGE ( 'NONE', *, *, #1315, .F. ) ;
#2436 = EDGE_LOOP ( 'NONE', ( #3489, #3459, #1336, #1918 ) ) ;
#2437 = DIRECTION ( 'NONE',  ( 0.000000000000000000, 0.000000000000000000, 1.000000000000000000 ) ) ;
#2438 = AXIS2_PLACEMENT_3D ( 'NONE', #166, #2532, #3546 ) ;
#2439 = CYLINDRICAL_SURFACE ( 'NONE', #4507, 16.52862817102734638 ) ;
#2440 = DIRECTION ( 'NONE',  ( 0.000000000000000000, 0.000000000000000000, 1.000000000000000000 ) ) ;
#2441 = VERTEX_POINT ( 'NONE', #279 ) ;
#2442 = EDGE_CURVE ( 'NONE', #5191, #1932, #3508, .T. ) ;
#2443 = VECTOR ( 'NONE', #809, 1000.000000000000000 ) ;
#2444 = ORIENTED_EDGE ( 'NONE', *, *, #2523, .T. ) ;
#2445 = ADVANCED_FACE ( 'NONE', ( #3139 ), #808, .T. ) ;
#2446 = DIRECTION ( 'NONE',  ( -0.7071067811865475727, -0.7071067811865475727, 0.000000000000000000 ) ) ;
#2447 = EDGE_CURVE ( 'NONE', #5255, #5893, #2681, .T. ) ;
#2448 = DIRECTION ( 'NONE',  ( -0.9659258262890680902, -0.2588190451025215166, 0.000000000000000000 ) ) ;
#2449 = AXIS2_PLACEMENT_3D ( 'NONE', #1230, #3106, #5919 ) ;
#2450 = CARTESIAN_POINT ( 'NONE',  ( 13.95949521606318022, -11.52853332705896072, 5.000000000000000000 ) ) ;
#2451 = ORIENTED_EDGE ( 'NONE', *, *, #4175, .F. ) ;
#2452 = EDGE_CURVE ( 'NONE', #4279, #396, #3167, .T. ) ;
#2453 = FACE_OUTER_BOUND ( 'NONE', #3844, .T. ) ;
#2454 = ORIENTED_EDGE ( 'NONE', *, *, #4330, .F. ) ;
#2455 = CIRCLE ( 'NONE', #5107, 16.52862817102734994 ) ;
#2456 = EDGE_CURVE ( 'NONE', #3687, #2211, #5086, .T. ) ;
#2457 = DIRECTION ( 'NONE',  ( 0.000000000000000000, 0.000000000000000000, -1.000000000000000000 ) ) ;
#2458 = FACE_OUTER_BOUND ( 'NONE', #3653, .T. ) ;
#2459 = CARTESIAN_POINT ( 'NONE',  ( 6.325010817588579748, -16.96375033764019946, 5.002000000000000668 ) ) ;
#2460 = ORIENTED_EDGE ( 'NONE', *, *, #614, .F. ) ;
#2461 = CARTESIAN_POINT ( 'NONE',  ( -12.87672824649239978, -12.92226806246459958, -5.000000000000000000 ) ) ;
#2462 = ADVANCED_FACE ( 'NONE', ( #4554 ), #4465, .T. ) ;
#2463 = ORIENTED_EDGE ( 'NONE', *, *, #2568, .T. ) ;
#2464 = FACE_BOUND ( 'NONE', #1746, .T. ) ;
#2465 = ORIENTED_EDGE ( 'NONE', *, *, #1731, .F. ) ;
#2466 = DIRECTION ( 'NONE',  ( 0.000000000000000000, 0.000000000000000000, -1.000000000000000000 ) ) ;
#2467 = ORIENTED_EDGE ( 'NONE', *, *, #5700, .F. ) ;
#2468 = CARTESIAN_POINT ( 'NONE',  ( -5.850000000000000533, -8.000000000000000000, 4.169999999999999929 ) ) ;
#2469 = DIRECTION ( 'NONE',  ( 0.8660254037844388186, 0.4999999999999995559, 0.000000000000000000 ) ) ;
#2470 = CARTESIAN_POINT ( 'NONE',  ( 2.145599264782080073, 17.96918455708715001, -5.000000000000000000 ) ) ;
#2471 = ORIENTED_EDGE ( 'NONE', *, *, #5613, .F. ) ;
#2472 = DIRECTION ( 'NONE',  ( -0.000000000000000000, -0.000000000000000000, -1.000000000000000000 ) ) ;
#2473 = ORIENTED_EDGE ( 'NONE', *, *, #2143, .F. ) ;
#2474 = ADVANCED_FACE ( 'NONE', ( #1754 ), #338, .T. ) ;
#2475 = VECTOR ( 'NONE', #2160, 1000.000000000000000 ) ;
#2476 = CARTESIAN_POINT ( 'NONE',  ( 6.201502689006169644E-14, -3.483414762376119677E-14, -5.000000000000000000 ) ) ;
#2477 = CARTESIAN_POINT ( 'NONE',  ( -3.918308969584854751, 16.05747190671534952, -5.000000000000000000 ) ) ;
#2478 = DIRECTION ( 'NONE',  ( 1.000000000000000000, 0.000000000000000000, 0.000000000000000000 ) ) ;
#2479 = EDGE_LOOP ( 'NONE', ( #4272, #2255 ) ) ;
#2480 = CARTESIAN_POINT ( 'NONE',  ( -16.80157748816159824, 6.723256931056099894, 5.000000000000000000 ) ) ;
#2481 = AXIS2_PLACEMENT_3D ( 'NONE', #97, #121, #1425 ) ;
#2482 = EDGE_LOOP ( 'NONE', ( #3322, #5100, #5684, #2743 ) ) ;
#2483 = EDGE_CURVE ( 'NONE', #1330, #5146, #3414, .T. ) ;
#2484 = CARTESIAN_POINT ( 'NONE',  ( -6.201502689006169644E-14, 3.483414762376119677E-14, 5.002000000000000668 ) ) ;
#2485 = CIRCLE ( 'NONE', #5439, 0.4299999999999997713 ) ;
#2486 = DIRECTION ( 'NONE',  ( 0.000000000000000000, 0.000000000000000000, 1.000000000000000000 ) ) ;
#2487 = AXIS2_PLACEMENT_3D ( 'NONE', #4755, #2812, #3707 ) ;
#2488 = FACE_OUTER_BOUND ( 'NONE', #112, .T. ) ;
#2489 = ORIENTED_EDGE ( 'NONE', *, *, #1212, .F. ) ;
#2490 = EDGE_CURVE ( 'NONE', #3109, #2635, #1202, .T. ) ;
#2491 = DIRECTION ( 'NONE',  ( -0.9659258262890689783, 0.2588190451025180194, 0.000000000000000000 ) ) ;
#2492 = ORIENTED_EDGE ( 'NONE', *, *, #1499, .F. ) ;
#2493 = EDGE_CURVE ( 'NONE', #600, #682, #5588, .T. ) ;
#2494 = DIRECTION ( 'NONE',  ( 1.000000000000000000, 0.000000000000000000, 0.000000000000000000 ) ) ;
#2495 = VECTOR ( 'NONE', #1866, 1000.000000000000000 ) ;
#2496 = CARTESIAN_POINT ( 'NONE',  ( -2.196580998991904732, 18.39615160824795126, -5.000000000000000000 ) ) ;
#2497 = CARTESIAN_POINT ( 'NONE',  ( -7.940775374758719529, -14.49619383368293946, -5.000000000000000000 ) ) ;
#2498 = CARTESIAN_POINT ( 'NONE',  ( 11.18896446287261881, -14.22330004254519942, 5.000000000000000000 ) ) ;
#2499 = EDGE_LOOP ( 'NONE', ( #3924, #5758 ) ) ;
#2500 = DIRECTION ( 'NONE',  ( -0.4999999999999995559, 0.8660254037844388186, 0.000000000000000000 ) ) ;
#2501 = FACE_OUTER_BOUND ( 'NONE', #271, .T. ) ;
#2502 = DIRECTION ( 'NONE',  ( -0.7071067811865489050, 8.659560562354951347E-17, 0.7071067811865460184 ) ) ;
#2503 = ORIENTED_EDGE ( 'NONE', *, *, #456, .F. ) ;
#2504 = CARTESIAN_POINT ( 'NONE',  ( 11.45482623011524126, -14.56126086974063938, 5.000000000000000000 ) ) ;
#2505 = VERTEX_POINT ( 'NONE', #3631 ) ;
#2506 = CARTESIAN_POINT ( 'NONE',  ( 0.000000000000000000, 1.165057210878772069E-15, -5.000000000000000000 ) ) ;
#2507 = DIRECTION ( 'NONE',  ( -0.000000000000000000, -0.000000000000000000, -1.000000000000000000 ) ) ;
#2508 = DIRECTION ( 'NONE',  ( 0.000000000000000000, 0.000000000000000000, -1.000000000000000000 ) ) ;
#2509 = ORIENTED_EDGE ( 'NONE', *, *, #3115, .T. ) ;
#2510 = CARTESIAN_POINT ( 'NONE',  ( 11.52853332705896072, -13.95949521606318022, 5.002000000000000668 ) ) ;
#2511 = CARTESIAN_POINT ( 'NONE',  ( -6.100000000000001421, -3.371676250056185610E-16, 6.500000000000000000 ) ) ;
#2512 = VECTOR ( 'NONE', #6041, 1000.000000000000000 ) ;
#2513 = FACE_OUTER_BOUND ( 'NONE', #1632, .T. ) ;
#2514 = CYLINDRICAL_SURFACE ( 'NONE', #1063, 2.149999999999999911 ) ;
#2515 = VERTEX_POINT ( 'NONE', #5522 ) ;
#2516 = FACE_OUTER_BOUND ( 'NONE', #955, .T. ) ;
#2517 = EDGE_CURVE ( 'NONE', #1672, #5142, #1288, .T. ) ;
#2518 = CONICAL_SURFACE ( 'NONE', #4774, 2.149999999999999911, 0.7853981633974503884 ) ;
#2519 = ORIENTED_EDGE ( 'NONE', *, *, #2523, .F. ) ;
#2520 = ADVANCED_FACE ( 'NONE', ( #4271 ), #400, .F. ) ;
#2521 = CIRCLE ( 'NONE', #3304, 20.45497617776954868 ) ;
#2522 = VECTOR ( 'NONE', #999, 1000.000000000000000 ) ;
#2523 = EDGE_CURVE ( 'NONE', #506, #1250, #4195, .T. ) ;
#2524 = CYLINDRICAL_SURFACE ( 'NONE', #1660, 0.4299999999999998823 ) ;
#2525 = DIRECTION ( 'NONE',  ( -0.000000000000000000, -0.000000000000000000, -1.000000000000000000 ) ) ;
#2526 = EDGE_CURVE ( 'NONE', #5048, #5288, #1748, .T. ) ;
#2527 = CARTESIAN_POINT ( 'NONE',  ( 17.85354414464755024, 3.004255121577014798, 5.000000000000000000 ) ) ;
#2528 = ORIENTED_EDGE ( 'NONE', *, *, #4887, .T. ) ;
#2529 = CIRCLE ( 'NONE', #3502, 1.764902496759994444 ) ;
#2530 = DIRECTION ( 'NONE',  ( 0.000000000000000000, 0.000000000000000000, 1.000000000000000000 ) ) ;
#2531 = FACE_BOUND ( 'NONE', #2270, .T. ) ;
#2532 = DIRECTION ( 'NONE',  ( 0.000000000000000000, 0.000000000000000000, 1.000000000000000000 ) ) ;
#2533 = CIRCLE ( 'NONE', #1439, 1.764902496759994888 ) ;
#2534 = ORIENTED_EDGE ( 'NONE', *, *, #3413, .F. ) ;
#2535 = DIRECTION ( 'NONE',  ( -0.000000000000000000, -0.000000000000000000, 1.000000000000000000 ) ) ;
#2536 = EDGE_LOOP ( 'NONE', ( #925, #1793 ) ) ;
#2537 = AXIS2_PLACEMENT_3D ( 'NONE', #4136, #2666, #3673 ) ;
#2538 = CIRCLE ( 'NONE', #2045, 2.149999999999999911 ) ;
#2539 = CARTESIAN_POINT ( 'NONE',  ( -9.757819552369539906E-16, 2.376571162088225214E-13, 5.000000000000000000 ) ) ;
#2540 = CARTESIAN_POINT ( 'NONE',  ( 4.690439747858780706, -17.62937653985284925, -5.000000000000000000 ) ) ;
#2541 = CARTESIAN_POINT ( 'NONE',  ( 17.85354414464755024, -3.004255121577005028, 5.002000000000000668 ) ) ;
#2542 = EDGE_LOOP ( 'NONE', ( #5174, #1536, #303, #806 ) ) ;
#2543 = DIRECTION ( 'NONE',  ( 0.000000000000000000, 0.000000000000000000, -1.000000000000000000 ) ) ;
#2544 = CARTESIAN_POINT ( 'NONE',  ( 11.94702410697802009, 11.42209106089458004, 5.000000000000000000 ) ) ;
#2545 = CIRCLE ( 'NONE', #4608, 18.52682817102720136 ) ;
#2546 = VERTEX_POINT ( 'NONE', #1842 ) ;
#2547 = CIRCLE ( 'NONE', #4212, 0.4300000000000000488 ) ;
#2548 = DIRECTION ( 'NONE',  ( 0.8660254037844390407, 0.4999999999999993894, 0.000000000000000000 ) ) ;
#2549 = CARTESIAN_POINT ( 'NONE',  ( 7.100000000000000533, 4.347496136973102887E-16, 254.8176211353315068 ) ) ;
#2550 = DIRECTION ( 'NONE',  ( -1.000000000000000000, 0.000000000000000000, 0.000000000000000000 ) ) ;
#2551 = VERTEX_POINT ( 'NONE', #5575 ) ;
#2552 = CARTESIAN_POINT ( 'NONE',  ( -9.093435290907070367, -15.81469496456674939, 5.000000000000000000 ) ) ;
#2553 = AXIS2_PLACEMENT_3D ( 'NONE', #1400, #4152, #402 ) ;
#2554 = ORIENTED_EDGE ( 'NONE', *, *, #1208, .T. ) ;
#2555 = ADVANCED_FACE ( 'NONE', ( #5190 ), #4150, .T. ) ;
#2556 = CIRCLE ( 'NONE', #397, 0.4299999999999993272 ) ;
#2557 = ORIENTED_EDGE ( 'NONE', *, *, #2638, .T. ) ;
#2558 = CARTESIAN_POINT ( 'NONE',  ( -19.02682817102745005, -1.252506055137042922E-15, -5.000000000000000000 ) ) ;
#2559 = ORIENTED_EDGE ( 'NONE', *, *, #805, .F. ) ;
#2560 = AXIS2_PLACEMENT_3D ( 'NONE', #484, #2357, #613 ) ;
#2561 = DIRECTION ( 'NONE',  ( 0.000000000000000000, 0.000000000000000000, 1.000000000000000000 ) ) ;
#2562 = EDGE_CURVE ( 'NONE', #396, #533, #1549, .T. ) ;
#2563 = CARTESIAN_POINT ( 'NONE',  ( 8.000000000000000000, 8.000000000000000000, -53.44388806018619675 ) ) ;
#2564 = DIRECTION ( 'NONE',  ( 0.000000000000000000, 0.000000000000000000, 1.000000000000000000 ) ) ;
#2565 = ORIENTED_EDGE ( 'NONE', *, *, #3390, .T. ) ;
#2566 = ADVANCED_FACE ( 'NONE', ( #520 ), #4729, .F. ) ;
#2567 = CARTESIAN_POINT ( 'NONE',  ( 8.583684430773390162, 14.12501011712842036, 5.002000000000000668 ) ) ;
#2568 = EDGE_CURVE ( 'NONE', #4630, #2711, #1752, .T. ) ;
#2569 = VERTEX_POINT ( 'NONE', #4238 ) ;
#2570 = CARTESIAN_POINT ( 'NONE',  ( 0.000000000000000000, 1.165057210878772069E-15, 5.000000000000000000 ) ) ;
#2571 = CARTESIAN_POINT ( 'NONE',  ( 16.63456994411955137, 7.126448808901080234, 5.000000000000000000 ) ) ;
#2572 = DIRECTION ( 'NONE',  ( 0.000000000000000000, 0.000000000000000000, -1.000000000000000000 ) ) ;
#2573 = ORIENTED_EDGE ( 'NONE', *, *, #721, .F. ) ;
#2574 = ADVANCED_FACE ( 'NONE', ( #458 ), #2852, .F. ) ;
#2575 = DIRECTION ( 'NONE',  ( -0.9659258262890680902, 0.2588190451025214611, 0.000000000000000000 ) ) ;
#2576 = CARTESIAN_POINT ( 'NONE',  ( 16.63456994411955137, 7.126448808901080234, -5.000000000000000000 ) ) ;
#2577 = EDGE_LOOP ( 'NONE', ( #2797, #3927, #1990, #6056 ) ) ;
#2578 = AXIS2_PLACEMENT_3D ( 'NONE', #4319, #2066, #2035 ) ;
#2579 = CARTESIAN_POINT ( 'NONE',  ( -6.201502689006169644E-14, 3.483414762376119677E-14, 5.000000000000000000 ) ) ;
#2580 = CYLINDRICAL_SURFACE ( 'NONE', #3175, 20.45497617776954868 ) ;
#2581 = ORIENTED_EDGE ( 'NONE', *, *, #5075, .T. ) ;
#2582 = AXIS2_PLACEMENT_3D ( 'NONE', #3636, #2124, #1667 ) ;
#2583 = CARTESIAN_POINT ( 'NONE',  ( -2.145599264782074744, 17.96918455708715001, 5.002000000000000668 ) ) ;
#2584 = ORIENTED_EDGE ( 'NONE', *, *, #342, .F. ) ;
#2585 = ORIENTED_EDGE ( 'NONE', *, *, #2789, .T. ) ;
#2586 = AXIS2_PLACEMENT_3D ( 'NONE', #2571, #3399, #2942 ) ;
#2587 = VECTOR ( 'NONE', #2508, 1000.000000000000000 ) ;
#2588 = CARTESIAN_POINT ( 'NONE',  ( -9.757819552369539906E-16, 2.376571162088225214E-13, 5.000000000000000000 ) ) ;
#2589 = DIRECTION ( 'NONE',  ( 0.000000000000000000, 0.000000000000000000, -1.000000000000000000 ) ) ;
#2590 = DIRECTION ( 'NONE',  ( 0.2588190451025180194, -0.9659258262890689783, 0.000000000000000000 ) ) ;
#2591 = AXIS2_PLACEMENT_3D ( 'NONE', #5967, #4082, #5477 ) ;
#2592 = DIRECTION ( 'NONE',  ( 1.000000000000000000, 0.000000000000000000, 0.000000000000000000 ) ) ;
#2593 = ORIENTED_EDGE ( 'NONE', *, *, #4563, .T. ) ;
#2594 = EDGE_CURVE ( 'NONE', #2174, #3463, #2734, .T. ) ;
#2595 = LINE ( 'NONE', #4501, #2475 ) ;
#2596 = AXIS2_PLACEMENT_3D ( 'NONE', #1778, #3650, #3188 ) ;
#2597 = CARTESIAN_POINT ( 'NONE',  ( 17.85354414464755024, -3.004255121577005028, 5.000000000000000000 ) ) ;
#2598 = ORIENTED_EDGE ( 'NONE', *, *, #5079, .T. ) ;
#2599 = LINE ( 'NONE', #5862, #1654 ) ;
#2600 = ORIENTED_EDGE ( 'NONE', *, *, #3619, .F. ) ;
#2601 = CARTESIAN_POINT ( 'NONE',  ( -1.718949636520939794, 18.02275782191794917, 5.002000000000000668 ) ) ;
#2602 = ADVANCED_FACE ( 'NONE', ( #5131 ), #6038, .F. ) ;
#2603 = CIRCLE ( 'NONE', #4740, 2.149999999999999023 ) ;
#2604 = ADVANCED_FACE ( 'NONE', ( #1815 ), #5158, .T. ) ;
#2605 = CARTESIAN_POINT ( 'NONE',  ( -1.759653278486400105E-14, -6.891765691606369485E-14, -5.000000000000000000 ) ) ;
#2606 = FACE_OUTER_BOUND ( 'NONE', #2057, .T. ) ;
#2607 = ORIENTED_EDGE ( 'NONE', *, *, #1858, .F. ) ;
#2608 = LINE ( 'NONE', #3092, #714 ) ;
#2609 = CARTESIAN_POINT ( 'NONE',  ( -17.61270781032335009, 4.752648293360439702, 5.002000000000000668 ) ) ;
#2610 = EDGE_CURVE ( 'NONE', #2546, #4087, #1649, .T. ) ;
#2611 = ORIENTED_EDGE ( 'NONE', *, *, #4929, .T. ) ;
#2612 = DIRECTION ( 'NONE',  ( -0.7071067811865475727, -0.7071067811865475727, 0.000000000000000000 ) ) ;
#2613 = VERTEX_POINT ( 'NONE', #5104 ) ;
#2614 = CARTESIAN_POINT ( 'NONE',  ( 15.78249345187884778, 9.149209946963129170, 5.000000000000000000 ) ) ;
#2615 = EDGE_LOOP ( 'NONE', ( #6035, #6, #902, #5861 ) ) ;
#2616 = EDGE_LOOP ( 'NONE', ( #2420, #4804 ) ) ;
#2617 = AXIS2_PLACEMENT_3D ( 'NONE', #5767, #2525, #217 ) ;
#2618 = CYLINDRICAL_SURFACE ( 'NONE', #5279, 1.764902496759994888 ) ;
#2619 = DIRECTION ( 'NONE',  ( 0.000000000000000000, 0.000000000000000000, -1.000000000000000000 ) ) ;
#2620 = CARTESIAN_POINT ( 'NONE',  ( -15.78249345187884778, 9.149209946963111406, -5.000000000000000000 ) ) ;
#2621 = ORIENTED_EDGE ( 'NONE', *, *, #3252, .T. ) ;
#2622 = PRESENTATION_LAYER_ASSIGNMENT (  '', '', ( #4587 ) ) ;
#2623 = DIRECTION ( 'NONE',  ( 1.000000000000000000, 0.000000000000000000, 0.000000000000000000 ) ) ;
#2624 = DIRECTION ( 'NONE',  ( 0.000000000000000000, 0.000000000000000000, 1.000000000000000000 ) ) ;
#2625 = ORIENTED_EDGE ( 'NONE', *, *, #1887, .F. ) ;
#2626 = DIRECTION ( 'NONE',  ( 0.000000000000000000, 0.000000000000000000, -1.000000000000000000 ) ) ;
#2627 = ORIENTED_EDGE ( 'NONE', *, *, #2818, .F. ) ;
#2628 = CYLINDRICAL_SURFACE ( 'NONE', #3404, 0.4299999999999993272 ) ;
#2629 = AXIS2_PLACEMENT_3D ( 'NONE', #346, #5557, #3112 ) ;
#2630 = AXIS2_PLACEMENT_3D ( 'NONE', #2403, #469, #45 ) ;
#2631 = AXIS2_PLACEMENT_3D ( 'NONE', #1471, #2400, #1909 ) ;
#2632 = CARTESIAN_POINT ( 'NONE',  ( 7.100000000000000533, 4.347496136973102887E-16, 1.500000000000000000 ) ) ;
#2633 = AXIS2_PLACEMENT_3D ( 'NONE', #2579, #5819, #4946 ) ;
#2634 = EDGE_CURVE ( 'NONE', #1152, #1134, #894, .T. ) ;
#2635 = VERTEX_POINT ( 'NONE', #490 ) ;
#2636 = FACE_OUTER_BOUND ( 'NONE', #2171, .T. ) ;
#2637 = LINE ( 'NONE', #3383, #1045 ) ;
#2638 = EDGE_CURVE ( 'NONE', #4982, #5581, #4643, .T. ) ;
#2639 = ORIENTED_EDGE ( 'NONE', *, *, #6069, .F. ) ;
#2640 = AXIS2_PLACEMENT_3D ( 'NONE', #1462, #1967, #5701 ) ;
#2641 = VECTOR ( 'NONE', #3642, 1000.000000000000000 ) ;
#2642 = EDGE_CURVE ( 'NONE', #2551, #3878, #472, .T. ) ;
#2643 = CYLINDRICAL_SURFACE ( 'NONE', #4561, 1.764902496759995554 ) ;
#2644 = EDGE_CURVE ( 'NONE', #4813, #1739, #1261, .T. ) ;
#2645 = AXIS2_PLACEMENT_3D ( 'NONE', #5593, #3645, #5469 ) ;
#2646 = CARTESIAN_POINT ( 'NONE',  ( -5.088617526617949668E-14, 4.969787286824989490E-14, 5.000000000000000000 ) ) ;
#2647 = VERTEX_POINT ( 'NONE', #2953 ) ;
#2648 = CARTESIAN_POINT ( 'NONE',  ( -14.22330004254519942, 11.18896446287261881, -5.000000000000000000 ) ) ;
#2649 = ORIENTED_EDGE ( 'NONE', *, *, #4698, .F. ) ;
#2650 = ORIENTED_EDGE ( 'NONE', *, *, #4292, .F. ) ;
#2651 = AXIS2_PLACEMENT_3D ( 'NONE', #2370, #3291, #4246 ) ;
#2652 = EDGE_CURVE ( 'NONE', #712, #3158, #1074, .T. ) ;
#2653 = DIRECTION ( 'NONE',  ( -1.000000000000000000, 0.000000000000000000, 0.000000000000000000 ) ) ;
#2654 = CYLINDRICAL_SURFACE ( 'NONE', #3633, 0.4299999999999997713 ) ;
#2655 = CIRCLE ( 'NONE', #2449, 0.4299999999999997713 ) ;
#2656 = DIRECTION ( 'NONE',  ( 0.000000000000000000, 0.000000000000000000, -1.000000000000000000 ) ) ;
#2657 = EDGE_CURVE ( 'NONE', #5255, #1070, #1161, .T. ) ;
#2658 = ORIENTED_EDGE ( 'NONE', *, *, #1699, .T. ) ;
#2659 = CIRCLE ( 'NONE', #5610, 0.4299999999999993272 ) ;
#2660 = FACE_OUTER_BOUND ( 'NONE', #198, .T. ) ;
#2661 = CARTESIAN_POINT ( 'NONE',  ( 6.848270805104349773E-14, 1.921978404781390092E-14, 5.002000000000000668 ) ) ;
#2662 = ORIENTED_EDGE ( 'NONE', *, *, #1208, .F. ) ;
#2663 = DIRECTION ( 'NONE',  ( 1.000000000000000000, 0.000000000000000000, 0.000000000000000000 ) ) ;
#2664 = CARTESIAN_POINT ( 'NONE',  ( -18.33783493938529929, -2.639540076345824993, 5.000000000000000000 ) ) ;
#2665 = DIRECTION ( 'NONE',  ( -0.8660254037844388186, -0.4999999999999995559, 0.000000000000000000 ) ) ;
#2666 = DIRECTION ( 'NONE',  ( 0.000000000000000000, 0.000000000000000000, 1.000000000000000000 ) ) ;
#2667 = ORIENTED_EDGE ( 'NONE', *, *, #1412, .F. ) ;
#2668 = CYLINDRICAL_SURFACE ( 'NONE', #3943, 0.4299999999999997713 ) ;
#2669 = CARTESIAN_POINT ( 'NONE',  ( 17.62937653985284925, -4.690439747858770048, 5.002000000000000668 ) ) ;
#2670 = VERTEX_POINT ( 'NONE', #4882 ) ;
#2671 = EDGE_CURVE ( 'NONE', #1070, #1167, #4395, .T. ) ;
#2672 = DIRECTION ( 'NONE',  ( 0.000000000000000000, 0.000000000000000000, 1.000000000000000000 ) ) ;
#2673 = LINE ( 'NONE', #829, #624 ) ;
#2674 = VERTEX_POINT ( 'NONE', #677 ) ;
#2675 = DIRECTION ( 'NONE',  ( 0.7071067811865475727, 0.7071067811865475727, 0.000000000000000000 ) ) ;
#2676 = ORIENTED_EDGE ( 'NONE', *, *, #4284, .F. ) ;
#2677 = ORIENTED_EDGE ( 'NONE', *, *, #995, .T. ) ;
#2678 = EDGE_CURVE ( 'NONE', #364, #5142, #2141, .T. ) ;
#2679 = EDGE_CURVE ( 'NONE', #5843, #1905, #2983, .T. ) ;
#2680 = CIRCLE ( 'NONE', #5218, 0.4299999999999998823 ) ;
#2681 = LINE ( 'NONE', #1689, #3612 ) ;
#2682 = CARTESIAN_POINT ( 'NONE',  ( -9.757819552369539906E-16, 2.376571162088225214E-13, 5.000000000000000000 ) ) ;
#2683 = LINE ( 'NONE', #1265, #751 ) ;
#2684 = ORIENTED_EDGE ( 'NONE', *, *, #3430, .T. ) ;
#2685 = EDGE_CURVE ( 'NONE', #2889, #2244, #5693, .T. ) ;
#2686 = CIRCLE ( 'NONE', #37, 4.479999999999999538 ) ;
#2687 = CARTESIAN_POINT ( 'NONE',  ( 18.33783493938529929, 2.639540076345815223, -5.000000000000000000 ) ) ;
#2688 = CYLINDRICAL_SURFACE ( 'NONE', #5875, 2.149999999999999023 ) ;
#2689 = CIRCLE ( 'NONE', #3467, 18.52682817102720136 ) ;
#2690 = DIRECTION ( 'NONE',  ( 0.000000000000000000, 0.000000000000000000, -1.000000000000000000 ) ) ;
#2691 = EDGE_LOOP ( 'NONE', ( #1446, #5525, #2272, #4187 ) ) ;
#2692 = CARTESIAN_POINT ( 'NONE',  ( -14.74869130177516041, -10.50003296401214037, 5.002000000000000668 ) ) ;
#2693 = CIRCLE ( 'NONE', #5845, 18.52682817102720136 ) ;
#2694 = CARTESIAN_POINT ( 'NONE',  ( 0.000000000000000000, 1.165057210878772069E-15, 5.000000000000000000 ) ) ;
#2695 = CARTESIAN_POINT ( 'NONE',  ( -0.3711837165545134876, -16.52445980553209992, -5.000000000000000000 ) ) ;
#2696 = ORIENTED_EDGE ( 'NONE', *, *, #307, .T. ) ;
#2697 = CIRCLE ( 'NONE', #4263, 1.764902496759994888 ) ;
#2698 = DIRECTION ( 'NONE',  ( 0.000000000000000000, 0.000000000000000000, 1.000000000000000000 ) ) ;
#2699 = VERTEX_POINT ( 'NONE', #647 ) ;
#2700 = FACE_OUTER_BOUND ( 'NONE', #2577, .T. ) ;
#2701 = DIRECTION ( 'NONE',  ( 0.8660254037844390407, -0.4999999999999993894, 0.000000000000000000 ) ) ;
#2702 = ORIENTED_EDGE ( 'NONE', *, *, #485, .T. ) ;
#2703 = DIRECTION ( 'NONE',  ( 0.000000000000000000, 0.000000000000000000, 1.000000000000000000 ) ) ;
#2704 = ORIENTED_EDGE ( 'NONE', *, *, #730, .T. ) ;
#2705 = ORIENTED_EDGE ( 'NONE', *, *, #4138, .F. ) ;
#2706 = CARTESIAN_POINT ( 'NONE',  ( 4.752648293360460130, -17.61270781032335009, -5.000000000000000000 ) ) ;
#2707 = ADVANCED_FACE ( 'NONE', ( #5248 ), #2514, .F. ) ;
#2708 = DIRECTION ( 'NONE',  ( 1.000000000000000000, 0.000000000000000000, 0.000000000000000000 ) ) ;
#2709 = CARTESIAN_POINT ( 'NONE',  ( -9.757819552369539906E-16, 2.376571162088225214E-13, 5.000000000000000000 ) ) ;
#2710 = ADVANCED_FACE ( 'NONE', ( #4855 ), #3895, .T. ) ;
#2711 = VERTEX_POINT ( 'NONE', #65 ) ;
#2712 = ADVANCED_FACE ( 'NONE', ( #2488 ), #4795, .T. ) ;
#2713 = FACE_OUTER_BOUND ( 'NONE', #1717, .T. ) ;
#2714 = DIRECTION ( 'NONE',  ( -0.2588190451025211281, 0.9659258262890683122, 0.000000000000000000 ) ) ;
#2715 = EDGE_CURVE ( 'NONE', #117, #5408, #4598, .T. ) ;
#2716 = VERTEX_POINT ( 'NONE', #4338 ) ;
#2717 = CARTESIAN_POINT ( 'NONE',  ( 14.56126086974063938, 11.45482623011524126, -5.000000000000000000 ) ) ;
#2718 = ORIENTED_EDGE ( 'NONE', *, *, #4070, .T. ) ;
#2719 = AXIS2_PLACEMENT_3D ( 'NONE', #2609, #1159, #101 ) ;
#2720 = LINE ( 'NONE', #6020, #3815 ) ;
#2721 = DIRECTION ( 'NONE',  ( 1.000000000000000000, 0.000000000000000000, 0.000000000000000000 ) ) ;
#2722 = CARTESIAN_POINT ( 'NONE',  ( -5.088617526617949668E-14, 4.969787286824989490E-14, -5.000000000000000000 ) ) ;
#2723 = CIRCLE ( 'NONE', #4293, 0.4299999999999997713 ) ;
#2724 = EDGE_LOOP ( 'NONE', ( #2750, #1160, #3769, #3734 ) ) ;
#2725 = AXIS2_PLACEMENT_3D ( 'NONE', #5301, #2472, #1091 ) ;
#2726 = CARTESIAN_POINT ( 'NONE',  ( -6.723256931056110552, 16.80157748816159824, 5.000000000000000000 ) ) ;
#2727 = ORIENTED_EDGE ( 'NONE', *, *, #2219, .T. ) ;
#2728 = AXIS2_PLACEMENT_3D ( 'NONE', #5290, #2958, #4831 ) ;
#2729 = VECTOR ( 'NONE', #4770, 1000.000000000000000 ) ;
#2730 = LINE ( 'NONE', #3590, #3667 ) ;
#2731 = CARTESIAN_POINT ( 'NONE',  ( -7.522724857905819462, 16.46764093829609976, -5.000000000000000000 ) ) ;
#2732 = ORIENTED_EDGE ( 'NONE', *, *, #5880, .T. ) ;
#2733 = CARTESIAN_POINT ( 'NONE',  ( 0.000000000000000000, 1.165057210878772069E-15, -6.000000000000000000 ) ) ;
#2734 = CIRCLE ( 'NONE', #86, 0.4299999999999997713 ) ;
#2735 = AXIS2_PLACEMENT_3D ( 'NONE', #3004, #708, #5443 ) ;
#2736 = VERTEX_POINT ( 'NONE', #5216 ) ;
#2737 = EDGE_LOOP ( 'NONE', ( #2649, #2152, #843, #2573 ) ) ;
#2738 = AXIS2_PLACEMENT_3D ( 'NONE', #1244, #323, #2202 ) ;
#2739 = DIRECTION ( 'NONE',  ( -1.000000000000000000, 0.000000000000000000, 0.000000000000000000 ) ) ;
#2740 = VERTEX_POINT ( 'NONE', #123 ) ;
#2741 = DIRECTION ( 'NONE',  ( -0.8660254037844388186, 0.4999999999999998890, 0.000000000000000000 ) ) ;
#2742 = DIRECTION ( 'NONE',  ( -0.7071067811865495711, 0.7071067811865454633, 0.000000000000000000 ) ) ;
#2743 = ORIENTED_EDGE ( 'NONE', *, *, #2143, .T. ) ;
#2744 = EDGE_CURVE ( 'NONE', #5671, #3164, #4794, .T. ) ;
#2745 = CARTESIAN_POINT ( 'NONE',  ( 14.49619383368293946, 7.940775374758730187, 5.000000000000000000 ) ) ;
#2746 = CARTESIAN_POINT ( 'NONE',  ( 17.91222139392874979, -2.578277445616415253, 5.002000000000000668 ) ) ;
#2747 = CARTESIAN_POINT ( 'NONE',  ( 17.02982512410864757, -7.295780857526789731, 5.000000000000000000 ) ) ;
#2748 = VERTEX_POINT ( 'NONE', #2884 ) ;
#2749 = FACE_OUTER_BOUND ( 'NONE', #1042, .T. ) ;
#2750 = ORIENTED_EDGE ( 'NONE', *, *, #1171, .F. ) ;
#2751 = VECTOR ( 'NONE', #2766, 1000.000000000000000 ) ;
#2752 = EDGE_CURVE ( 'NONE', #184, #641, #6080, .T. ) ;
#2753 = DIRECTION ( 'NONE',  ( 0.000000000000000000, 0.000000000000000000, 1.000000000000000000 ) ) ;
#2754 = DIRECTION ( 'NONE',  ( 0.000000000000000000, 0.000000000000000000, 1.000000000000000000 ) ) ;
#2755 = CIRCLE ( 'NONE', #3438, 1.764902496759995110 ) ;
#2756 = ORIENTED_EDGE ( 'NONE', *, *, #2890, .T. ) ;
#2757 = CARTESIAN_POINT ( 'NONE',  ( -17.02982512410864757, -7.295780857526789731, -5.000000000000000000 ) ) ;
#2758 = DIRECTION ( 'NONE',  ( -1.000000000000000000, 0.000000000000000000, 0.000000000000000000 ) ) ;
#2759 = EDGE_CURVE ( 'NONE', #4883, #5076, #1525, .T. ) ;
#2760 = ORIENTED_EDGE ( 'NONE', *, *, #4566, .T. ) ;
#2761 = DIRECTION ( 'NONE',  ( 0.000000000000000000, 0.000000000000000000, 1.000000000000000000 ) ) ;
#2762 = ORIENTED_EDGE ( 'NONE', *, *, #2447, .T. ) ;
#2763 = CARTESIAN_POINT ( 'NONE',  ( 1.718949636520939794, 18.02275782191794917, 5.000000000000000000 ) ) ;
#2764 = CARTESIAN_POINT ( 'NONE',  ( 3.918308969584840096, 16.05747190671534952, 5.002000000000000668 ) ) ;
#2765 = VERTEX_POINT ( 'NONE', #3839 ) ;
#2766 = DIRECTION ( 'NONE',  ( 0.000000000000000000, 0.000000000000000000, -1.000000000000000000 ) ) ;
#2767 = CARTESIAN_POINT ( 'NONE',  ( 4.635380845820789908, -15.86533307656284819, 5.000000000000000000 ) ) ;
#2768 = ORIENTED_EDGE ( 'NONE', *, *, #2744, .T. ) ;
#2769 = AXIS2_PLACEMENT_3D ( 'NONE', #4347, #135, #3479 ) ;
#2770 = CYLINDRICAL_SURFACE ( 'NONE', #3703, 0.4299999999999997713 ) ;
#2771 = ORIENTED_EDGE ( 'NONE', *, *, #3413, .T. ) ;
#2772 = EDGE_CURVE ( 'NONE', #1519, #3408, #4307, .T. ) ;
#2773 = VECTOR ( 'NONE', #488, 1000.000000000000000 ) ;
#2774 = CARTESIAN_POINT ( 'NONE',  ( -4.690439747858770048, -17.62937653985284925, 5.000000000000000000 ) ) ;
#2775 = VERTEX_POINT ( 'NONE', #151 ) ;
#2776 = CIRCLE ( 'NONE', #132, 0.4299999999999997713 ) ;
#2777 = CIRCLE ( 'NONE', #5441, 1.764902496759994888 ) ;
#2778 = DIRECTION ( 'NONE',  ( -0.000000000000000000, -0.000000000000000000, -1.000000000000000000 ) ) ;
#2779 = PLANE ( 'NONE',  #1448 ) ;
#2780 = ORIENTED_EDGE ( 'NONE', *, *, #5421, .T. ) ;
#2781 = EDGE_CURVE ( 'NONE', #2151, #4260, #5792, .T. ) ;
#2782 = CARTESIAN_POINT ( 'NONE',  ( -18.39615160824795126, -2.196580998991910061, 5.000000000000000000 ) ) ;
#2783 = EDGE_CURVE ( 'NONE', #3859, #261, #3710, .T. ) ;
#2784 = CARTESIAN_POINT ( 'NONE',  ( -4.752648293360470788, 17.61270781032335009, 5.000000000000000000 ) ) ;
#2785 = CARTESIAN_POINT ( 'NONE',  ( -7.295780857526789731, 17.02982512410864757, 5.000000000000000000 ) ) ;
#2786 = AXIS2_PLACEMENT_3D ( 'NONE', #448, #4231, #3766 ) ;
#2787 = DIRECTION ( 'NONE',  ( 0.000000000000000000, 0.000000000000000000, 1.000000000000000000 ) ) ;
#2788 = EDGE_LOOP ( 'NONE', ( #2528, #2768, #2960, #4875 ) ) ;
#2789 = EDGE_CURVE ( 'NONE', #2826, #1013, #2827, .T. ) ;
#2790 = CARTESIAN_POINT ( 'NONE',  ( -18.02275782191794917, 1.718949636520934909, -5.000000000000000000 ) ) ;
#2791 = VERTEX_POINT ( 'NONE', #3615 ) ;
#2792 = DIRECTION ( 'NONE',  ( 1.000000000000000000, 0.000000000000000000, 0.000000000000000000 ) ) ;
#2793 = CARTESIAN_POINT ( 'NONE',  ( -11.45482623011524126, 14.56126086974063938, 5.000000000000000000 ) ) ;
#2794 = ORIENTED_EDGE ( 'NONE', *, *, #530, .F. ) ;
#2795 = DIRECTION ( 'NONE',  ( 0.9659258262890680902, 0.2588190451025214056, 0.000000000000000000 ) ) ;
#2796 = CARTESIAN_POINT ( 'NONE',  ( 16.05747190671534952, -3.918308969584834767, -5.000000000000000000 ) ) ;
#2797 = ORIENTED_EDGE ( 'NONE', *, *, #3723, .T. ) ;
#2798 = DIRECTION ( 'NONE',  ( -0.8660254037844387076, -0.4999999999999999445, 0.000000000000000000 ) ) ;
#2799 = CARTESIAN_POINT ( 'NONE',  ( 14.12501011712842036, -8.583684430773390162, -5.000000000000000000 ) ) ;
#2800 = ORIENTED_EDGE ( 'NONE', *, *, #48, .F. ) ;
#2801 = CARTESIAN_POINT ( 'NONE',  ( 11.10037075072115975, 14.83324412511671930, -5.000000000000000000 ) ) ;
#2802 = VERTEX_POINT ( 'NONE', #2695 ) ;
#2803 = DIRECTION ( 'NONE',  ( -0.2588190451025180194, -0.9659258262890689783, 0.000000000000000000 ) ) ;
#2804 = CARTESIAN_POINT ( 'NONE',  ( 11.10037075072115975, -14.83324412511671930, 5.000000000000000000 ) ) ;
#2805 = ORIENTED_EDGE ( 'NONE', *, *, #4894, .T. ) ;
#2806 = CARTESIAN_POINT ( 'NONE',  ( -2.196580998991904732, -18.39615160824795126, 5.000000000000000000 ) ) ;
#2807 = EDGE_CURVE ( 'NONE', #5811, #2196, #778, .T. ) ;
#2808 = CONICAL_SURFACE ( 'NONE', #4996, 19.02682817102745005, 0.9599310885968814766 ) ;
#2809 = CARTESIAN_POINT ( 'NONE',  ( -14.74869130177516041, -10.50003296401214037, 5.000000000000000000 ) ) ;
#2810 = AXIS2_PLACEMENT_3D ( 'NONE', #4687, #5683, #4324 ) ;
#2811 = LINE ( 'NONE', #4169, #3863 ) ;
#2812 = DIRECTION ( 'NONE',  ( 0.000000000000000000, 0.000000000000000000, 1.000000000000000000 ) ) ;
#2813 = EDGE_LOOP ( 'NONE', ( #548, #3183, #4120, #4368 ) ) ;
#2814 = DIRECTION ( 'NONE',  ( 0.000000000000000000, 0.000000000000000000, 1.000000000000000000 ) ) ;
#2815 = ORIENTED_EDGE ( 'NONE', *, *, #3978, .T. ) ;
#2816 = AXIS2_PLACEMENT_3D ( 'NONE', #3605, #813, #4470 ) ;
#2817 = AXIS2_PLACEMENT_3D ( 'NONE', #2894, #3293, #561 ) ;
#2818 = EDGE_CURVE ( 'NONE', #1722, #311, #4201, .T. ) ;
#2819 = EDGE_CURVE ( 'NONE', #3355, #634, #5183, .T. ) ;
#2820 = CARTESIAN_POINT ( 'NONE',  ( -14.48897067933744154, -10.84273574818606001, 5.002000000000000668 ) ) ;
#2821 = DIRECTION ( 'NONE',  ( -0.2588190451025214056, -0.9659258262890680902, 0.000000000000000000 ) ) ;
#2822 = AXIS2_PLACEMENT_3D ( 'NONE', #939, #3856, #2446 ) ;
#2823 = EDGE_LOOP ( 'NONE', ( #3437, #1376, #1029, #74 ) ) ;
#2824 = DIRECTION ( 'NONE',  ( 0.000000000000000000, 0.000000000000000000, 1.000000000000000000 ) ) ;
#2825 = CARTESIAN_POINT ( 'NONE',  ( -12.92226806246459958, 12.87672824649239978, 5.000000000000000000 ) ) ;
#2826 = VERTEX_POINT ( 'NONE', #5091 ) ;
#2827 = CIRCLE ( 'NONE', #3323, 1.764902496759995554 ) ;
#2828 = CONICAL_SURFACE ( 'NONE', #1444, 19.02682817102745005, 0.9599310885968814766 ) ;
#2829 = LINE ( 'NONE', #466, #1938 ) ;
#2830 = EDGE_CURVE ( 'NONE', #4426, #2279, #5386, .T. ) ;
#2831 = CIRCLE ( 'NONE', #3034, 18.52682817102720136 ) ;
#2832 = ORIENTED_EDGE ( 'NONE', *, *, #3759, .T. ) ;
#2833 = DIRECTION ( 'NONE',  ( 0.000000000000000000, 0.000000000000000000, -1.000000000000000000 ) ) ;
#2834 = ORIENTED_EDGE ( 'NONE', *, *, #4440, .F. ) ;
#2835 = ORIENTED_EDGE ( 'NONE', *, *, #3040, .F. ) ;
#2836 = CYLINDRICAL_SURFACE ( 'NONE', #1166, 1.764902496759994666 ) ;
#2837 = CYLINDRICAL_SURFACE ( 'NONE', #3817, 0.4299999999999998268 ) ;
#2838 = ORIENTED_EDGE ( 'NONE', *, *, #3266, .F. ) ;
#2839 = LINE ( 'NONE', #2782, #2522 ) ;
#2840 = AXIS2_PLACEMENT_3D ( 'NONE', #1015, #5160, #2795 ) ;
#2841 = ORIENTED_EDGE ( 'NONE', *, *, #2009, .F. ) ;
#2842 = CIRCLE ( 'NONE', #5903, 0.4299999999999998823 ) ;
#2843 = CYLINDRICAL_SURFACE ( 'NONE', #960, 0.4299999999999998823 ) ;
#2844 = CARTESIAN_POINT ( 'NONE',  ( 3.483414762376125356E-14, 6.201502689006169644E-14, 5.002000000000000668 ) ) ;
#2845 = CARTESIAN_POINT ( 'NONE',  ( 17.96918455708715001, 2.145599264782074744, 5.000000000000000000 ) ) ;
#2846 = ORIENTED_EDGE ( 'NONE', *, *, #3797, .T. ) ;
#2847 = DIRECTION ( 'NONE',  ( -0.4999999999999993894, -0.8660254037844390407, 0.000000000000000000 ) ) ;
#2848 = ADVANCED_FACE ( 'NONE', ( #820 ), #3699, .F. ) ;
#2849 = VERTEX_POINT ( 'NONE', #4106 ) ;
#2850 = CARTESIAN_POINT ( 'NONE',  ( -13.95949521606315891, -11.52853332705896072, 5.000000000000000000 ) ) ;
#2851 = CARTESIAN_POINT ( 'NONE',  ( 16.10000000000000142, 9.858406733136196387E-16, -6.500000000000000000 ) ) ;
#2852 = CYLINDRICAL_SURFACE ( 'NONE', #1848, 1.764902496759994888 ) ;
#2853 = ORIENTED_EDGE ( 'NONE', *, *, #5223, .F. ) ;
#2854 = CARTESIAN_POINT ( 'NONE',  ( 7.522724857905810580, 16.46764093829609976, 5.002000000000000668 ) ) ;
#2855 = DIRECTION ( 'NONE',  ( -1.000000000000000000, 0.000000000000000000, 0.000000000000000000 ) ) ;
#2856 = EDGE_CURVE ( 'NONE', #1780, #2019, #4509, .T. ) ;
#2857 = ORIENTED_EDGE ( 'NONE', *, *, #4176, .T. ) ;
#2858 = EDGE_CURVE ( 'NONE', #92, #1475, #4899, .T. ) ;
#2859 = CARTESIAN_POINT ( 'NONE',  ( 2.639540076345815223, -18.33783493938529929, -5.000000000000000000 ) ) ;
#2860 = ORIENTED_EDGE ( 'NONE', *, *, #2490, .T. ) ;
#2861 = EDGE_CURVE ( 'NONE', #1722, #1763, #5563, .T. ) ;
#2862 = LINE ( 'NONE', #3264, #1538 ) ;
#2863 = ORIENTED_EDGE ( 'NONE', *, *, #3110, .F. ) ;
#2864 = ORIENTED_EDGE ( 'NONE', *, *, #4297, .T. ) ;
#2865 = AXIS2_PLACEMENT_3D ( 'NONE', #4079, #4481, #2106 ) ;
#2866 = DIRECTION ( 'NONE',  ( 0.000000000000000000, 0.000000000000000000, 1.000000000000000000 ) ) ;
#2867 = VECTOR ( 'NONE', #5246, 1000.000000000000000 ) ;
#2868 = CARTESIAN_POINT ( 'NONE',  ( -7.126448808901090004, 16.63456994411955137, -5.000000000000000000 ) ) ;
#2869 = VERTEX_POINT ( 'NONE', #3583 ) ;
#2870 = FACE_OUTER_BOUND ( 'NONE', #3450, .T. ) ;
#2871 = ORIENTED_EDGE ( 'NONE', *, *, #2259, .T. ) ;
#2872 = AXIS2_PLACEMENT_3D ( 'NONE', #5435, #1301, #2665 ) ;
#2873 = AXIS2_PLACEMENT_3D ( 'NONE', #889, #4637, #2147 ) ;
#2874 = DIRECTION ( 'NONE',  ( 0.8660254037844387076, -0.4999999999999999445, 0.000000000000000000 ) ) ;
#2875 = DIRECTION ( 'NONE',  ( 0.000000000000000000, 0.000000000000000000, 1.000000000000000000 ) ) ;
#2876 = CARTESIAN_POINT ( 'NONE',  ( -16.96375033764019946, -6.325010817588579748, 5.002000000000000668 ) ) ;
#2877 = EDGE_LOOP ( 'NONE', ( #4484, #1816, #3500, #2165 ) ) ;
#2878 = VECTOR ( 'NONE', #5729, 1000.000000000000000 ) ;
#2879 = CARTESIAN_POINT ( 'NONE',  ( -7.100000000000000533, -4.347496136973104859E-16, 1.500000000000000000 ) ) ;
#2880 = EDGE_LOOP ( 'NONE', ( #5756, #3327, #2429, #4543 ) ) ;
#2881 = CIRCLE ( 'NONE', #2003, 18.52682817102720136 ) ;
#2882 = CARTESIAN_POINT ( 'NONE',  ( -4.635380845820769480, -15.86533307656284819, 5.000000000000000000 ) ) ;
#2883 = DIRECTION ( 'NONE',  ( 0.8660254037844388186, 0.4999999999999998890, 0.000000000000000000 ) ) ;
#2884 = CARTESIAN_POINT ( 'NONE',  ( -2.196580998991904732, -18.39615160824795126, 5.000000000000000000 ) ) ;
#2885 = VERTEX_POINT ( 'NONE', #1276 ) ;
#2886 = CARTESIAN_POINT ( 'NONE',  ( -6.723256931056099894, -16.80157748816159824, 5.000000000000000000 ) ) ;
#2887 = DIRECTION ( 'NONE',  ( 0.000000000000000000, 0.000000000000000000, 1.000000000000000000 ) ) ;
#2888 = VECTOR ( 'NONE', #1517, 1000.000000000000000 ) ;
#2889 = VERTEX_POINT ( 'NONE', #5001 ) ;
#2890 = EDGE_CURVE ( 'NONE', #1885, #2889, #2229, .T. ) ;
#2891 = FACE_BOUND ( 'NONE', #562, .T. ) ;
#2892 = DIRECTION ( 'NONE',  ( 0.000000000000000000, 0.000000000000000000, -1.000000000000000000 ) ) ;
#2893 = ADVANCED_FACE ( 'NONE', ( #4629 ), #5995, .T. ) ;
#2894 = CARTESIAN_POINT ( 'NONE',  ( 15.78249345187884778, -9.149209946963118512, 5.002000000000000668 ) ) ;
#2895 = ORIENTED_EDGE ( 'NONE', *, *, #3040, .T. ) ;
#2896 = ORIENTED_EDGE ( 'NONE', *, *, #755, .T. ) ;
#2897 = EDGE_CURVE ( 'NONE', #4024, #2148, #1354, .T. ) ;
#2898 = DIRECTION ( 'NONE',  ( 0.000000000000000000, 0.000000000000000000, 1.000000000000000000 ) ) ;
#2899 = EDGE_CURVE ( 'NONE', #4693, #5105, #5991, .T. ) ;
#2900 = DIRECTION ( 'NONE',  ( 1.000000000000000000, 0.000000000000000000, 0.000000000000000000 ) ) ;
#2901 = DIRECTION ( 'NONE',  ( 0.000000000000000000, 0.000000000000000000, 1.000000000000000000 ) ) ;
#2902 = VERTEX_POINT ( 'NONE', #791 ) ;
#2903 = CARTESIAN_POINT ( 'NONE',  ( -11.94702410697802009, -11.42209106089460136, -5.000000000000000000 ) ) ;
#2904 = ORIENTED_EDGE ( 'NONE', *, *, #5580, .T. ) ;
#2905 = CIRCLE ( 'NONE', #6057, 1.764902496759995998 ) ;
#2906 = DIRECTION ( 'NONE',  ( 0.000000000000000000, 0.000000000000000000, -1.000000000000000000 ) ) ;
#2907 = DIRECTION ( 'NONE',  ( 0.000000000000000000, 0.000000000000000000, 1.000000000000000000 ) ) ;
#2908 = DIRECTION ( 'NONE',  ( 1.000000000000000000, 1.224646799147349263E-16, 0.000000000000000000 ) ) ;
#2909 = VERTEX_POINT ( 'NONE', #849 ) ;
#2910 = AXIS2_PLACEMENT_3D ( 'NONE', #5120, #3126, #4514 ) ;
#2911 = ADVANCED_FACE ( 'NONE', ( #882, #4539 ), #1706, .F. ) ;
#2912 = DIRECTION ( 'NONE',  ( 0.000000000000000000, 0.000000000000000000, -1.000000000000000000 ) ) ;
#2913 = ORIENTED_EDGE ( 'NONE', *, *, #2781, .F. ) ;
#2914 = AXIS2_PLACEMENT_3D ( 'NONE', #5501, #1297, #1702 ) ;
#2915 = DIRECTION ( 'NONE',  ( -0.000000000000000000, -0.000000000000000000, -1.000000000000000000 ) ) ;
#2916 = FACE_OUTER_BOUND ( 'NONE', #3512, .T. ) ;
#2917 = DIRECTION ( 'NONE',  ( 1.000000000000000000, 0.000000000000000000, 0.000000000000000000 ) ) ;
#2918 = ORIENTED_EDGE ( 'NONE', *, *, #3677, .F. ) ;
#2919 = DIRECTION ( 'NONE',  ( 0.000000000000000000, 0.000000000000000000, 1.000000000000000000 ) ) ;
#2920 = CIRCLE ( 'NONE', #4399, 18.52682817102720136 ) ;
#2921 = CARTESIAN_POINT ( 'NONE',  ( -17.61270781032335009, -4.752648293360460130, -5.000000000000000000 ) ) ;
#2922 = VECTOR ( 'NONE', #441, 1000.000000000000000 ) ;
#2923 = ORIENTED_EDGE ( 'NONE', *, *, #2671, .T. ) ;
#2924 = AXIS2_PLACEMENT_3D ( 'NONE', #746, #308, #2184 ) ;
#2925 = AXIS2_PLACEMENT_3D ( 'NONE', #2784, #2, #1389 ) ;
#2926 = ORIENTED_EDGE ( 'NONE', *, *, #3925, .T. ) ;
#2927 = DIRECTION ( 'NONE',  ( 0.000000000000000000, 0.000000000000000000, 1.000000000000000000 ) ) ;
#2928 = AXIS2_PLACEMENT_3D ( 'NONE', #5730, #1495, #3407 ) ;
#2929 = ORIENTED_EDGE ( 'NONE', *, *, #3347, .T. ) ;
#2930 = EDGE_CURVE ( 'NONE', #2635, #787, #2932, .T. ) ;
#2931 = DIRECTION ( 'NONE',  ( 0.000000000000000000, 0.000000000000000000, -1.000000000000000000 ) ) ;
#2932 = CIRCLE ( 'NONE', #5892, 1.764902496759994444 ) ;
#2933 = FACE_OUTER_BOUND ( 'NONE', #2616, .T. ) ;
#2934 = DIRECTION ( 'NONE',  ( 0.000000000000000000, 0.000000000000000000, -1.000000000000000000 ) ) ;
#2935 = ORIENTED_EDGE ( 'NONE', *, *, #2004, .T. ) ;
#2936 = DIRECTION ( 'NONE',  ( 0.000000000000000000, 0.000000000000000000, 1.000000000000000000 ) ) ;
#2937 = EDGE_CURVE ( 'NONE', #900, #1976, #2146, .T. ) ;
#2938 = CIRCLE ( 'NONE', #5797, 18.52682817102720136 ) ;
#2939 = VERTEX_POINT ( 'NONE', #1890 ) ;
#2940 = EDGE_CURVE ( 'NONE', #3727, #4952, #5398, .T. ) ;
#2941 = DIRECTION ( 'NONE',  ( 0.000000000000000000, 0.000000000000000000, -1.000000000000000000 ) ) ;
#2942 = DIRECTION ( 'NONE',  ( 0.4999999999999999445, -0.8660254037844387076, 0.000000000000000000 ) ) ;
#2943 = AXIS2_PLACEMENT_3D ( 'NONE', #5106, #460, #2276 ) ;
#2944 = EDGE_CURVE ( 'NONE', #741, #66, #683, .T. ) ;
#2945 = CARTESIAN_POINT ( 'NONE',  ( 16.80157748816159824, -6.723256931056099894, 5.000000000000000000 ) ) ;
#2946 = ORIENTED_EDGE ( 'NONE', *, *, #3098, .F. ) ;
#2947 = DIRECTION ( 'NONE',  ( 0.000000000000000000, 0.000000000000000000, -1.000000000000000000 ) ) ;
#2948 = ADVANCED_FACE ( 'NONE', ( #4778 ), #2837, .T. ) ;
#2949 = EDGE_LOOP ( 'NONE', ( #2904, #5664, #5885, #255 ) ) ;
#2950 = AXIS2_PLACEMENT_3D ( 'NONE', #858, #3739, #5101 ) ;
#2951 = DIRECTION ( 'NONE',  ( -1.000000000000000000, 0.000000000000000000, 0.000000000000000000 ) ) ;
#2952 = DIRECTION ( 'NONE',  ( -0.2588190451025206285, -0.9659258262890684232, 0.000000000000000000 ) ) ;
#2953 = CARTESIAN_POINT ( 'NONE',  ( -14.74869130177517995, 10.50003296401211905, -5.000000000000000000 ) ) ;
#2954 = ORIENTED_EDGE ( 'NONE', *, *, #2937, .T. ) ;
#2955 = DIRECTION ( 'NONE',  ( 0.000000000000000000, 0.000000000000000000, 1.000000000000000000 ) ) ;
#2956 = AXIS2_PLACEMENT_3D ( 'NONE', #3402, #5311, #5786 ) ;
#2957 = ORIENTED_EDGE ( 'NONE', *, *, #1421, .T. ) ;
#2958 = DIRECTION ( 'NONE',  ( 0.000000000000000000, 0.000000000000000000, 1.000000000000000000 ) ) ;
#2959 = DIRECTION ( 'NONE',  ( 0.7071067811865475727, -0.7071067811865475727, 0.000000000000000000 ) ) ;
#2960 = ORIENTED_EDGE ( 'NONE', *, *, #1855, .F. ) ;
#2961 = CARTESIAN_POINT ( 'NONE',  ( 18.39615160824795126, 2.196580998991904732, 5.000000000000000000 ) ) ;
#2962 = ORIENTED_EDGE ( 'NONE', *, *, #1062, .T. ) ;
#2963 = CARTESIAN_POINT ( 'NONE',  ( -9.757819552369539906E-16, 2.376571162088225214E-13, 5.000000000000000000 ) ) ;
#2964 = CARTESIAN_POINT ( 'NONE',  ( -9.939567796041171274E-16, -1.084202172485504040E-15, -52.80796289473149585 ) ) ;
#2965 = ADVANCED_FACE ( 'NONE', ( #3788 ), #3299, .F. ) ;
#2966 = DIRECTION ( 'NONE',  ( 0.000000000000000000, 0.000000000000000000, -1.000000000000000000 ) ) ;
#2967 = ORIENTED_EDGE ( 'NONE', *, *, #2657, .T. ) ;
#2968 = DIRECTION ( 'NONE',  ( 0.000000000000000000, 0.000000000000000000, 1.000000000000000000 ) ) ;
#2969 = ORIENTED_EDGE ( 'NONE', *, *, #5424, .F. ) ;
#2970 = CIRCLE ( 'NONE', #2769, 0.4299999999999997713 ) ;
#2971 = DIRECTION ( 'NONE',  ( 0.000000000000000000, 0.000000000000000000, -1.000000000000000000 ) ) ;
#2972 = CARTESIAN_POINT ( 'NONE',  ( -17.91222139392874979, -2.578277445616425023, -5.000000000000000000 ) ) ;
#2973 = EDGE_CURVE ( 'NONE', #1838, #4489, #4322, .T. ) ;
#2974 = CARTESIAN_POINT ( 'NONE',  ( -17.02982512410864757, 7.295780857526779961, 5.000000000000000000 ) ) ;
#2975 = ORIENTED_EDGE ( 'NONE', *, *, #1130, .F. ) ;
#2976 = DIRECTION ( 'NONE',  ( 0.000000000000000000, 0.000000000000000000, 1.000000000000000000 ) ) ;
#2977 = ADVANCED_FACE ( 'NONE', ( #3393, #3824 ), #2779, .F. ) ;
#2978 = CIRCLE ( 'NONE', #4448, 18.52682817102720136 ) ;
#2979 = EDGE_LOOP ( 'NONE', ( #2222, #1810, #2838, #3068 ) ) ;
#2980 = DIRECTION ( 'NONE',  ( 1.000000000000000000, 0.000000000000000000, 0.000000000000000000 ) ) ;
#2981 = DIRECTION ( 'NONE',  ( 0.000000000000000000, -1.000000000000000000, 0.000000000000000000 ) ) ;
#2982 = EDGE_CURVE ( 'NONE', #4381, #998, #6083, .T. ) ;
#2983 = LINE ( 'NONE', #3349, #5591 ) ;
#2984 = EDGE_LOOP ( 'NONE', ( #876, #4049, #4625, #4165 ) ) ;
#2985 = CARTESIAN_POINT ( 'NONE',  ( 3.483414762376125356E-14, 6.201502689006169644E-14, 5.000000000000000000 ) ) ;
#2986 = ORIENTED_EDGE ( 'NONE', *, *, #4597, .T. ) ;
#2987 = AXIS2_PLACEMENT_3D ( 'NONE', #5567, #5097, #5598 ) ;
#2988 = VERTEX_POINT ( 'NONE', #110 ) ;
#2989 = LINE ( 'NONE', #1631, #2431 ) ;
#2990 = ORIENTED_EDGE ( 'NONE', *, *, #3134, .T. ) ;
#2991 = DIRECTION ( 'NONE',  ( 0.000000000000000000, 0.000000000000000000, 1.000000000000000000 ) ) ;
#2992 = CARTESIAN_POINT ( 'NONE',  ( 6.099999999999999645, -1.084202172485504040E-15, -52.80796289473149585 ) ) ;
#2993 = DIRECTION ( 'NONE',  ( -0.000000000000000000, -0.000000000000000000, 1.000000000000000000 ) ) ;
#2994 = EDGE_LOOP ( 'NONE', ( #1082, #202, #3776, #2600 ) ) ;
#2995 = DIRECTION ( 'NONE',  ( -0.7071067811865475727, 0.7071067811865475727, 0.000000000000000000 ) ) ;
#2996 = ORIENTED_EDGE ( 'NONE', *, *, #1956, .T. ) ;
#2997 = LINE ( 'NONE', #4872, #4606 ) ;
#2998 = CARTESIAN_POINT ( 'NONE',  ( 4.690439747858780706, -17.62937653985284925, 5.002000000000000668 ) ) ;
#2999 = DIRECTION ( 'NONE',  ( 0.000000000000000000, 0.000000000000000000, -1.000000000000000000 ) ) ;
#3000 = ORIENTED_EDGE ( 'NONE', *, *, #911, .F. ) ;
#3001 = CYLINDRICAL_SURFACE ( 'NONE', #4920, 1.764902496759995554 ) ;
#3002 = EDGE_LOOP ( 'NONE', ( #3529, #4739, #5907, #1277 ) ) ;
#3003 = EDGE_CURVE ( 'NONE', #1976, #900, #1, .T. ) ;
#3004 = CARTESIAN_POINT ( 'NONE',  ( 2.145599264782080073, 17.96918455708715001, 5.000000000000000000 ) ) ;
#3005 = AXIS2_PLACEMENT_3D ( 'NONE', #2620, #1692, #4556 ) ;
#3006 = DIRECTION ( 'NONE',  ( 1.000000000000000000, 0.000000000000000000, 0.000000000000000000 ) ) ;
#3007 = DIRECTION ( 'NONE',  ( 0.000000000000000000, 0.000000000000000000, -1.000000000000000000 ) ) ;
#3008 = ORIENTED_EDGE ( 'NONE', *, *, #6069, .T. ) ;
#3009 = CARTESIAN_POINT ( 'NONE',  ( 7.126448808901080234, -16.63456994411955137, 5.000000000000000000 ) ) ;
#3010 = VECTOR ( 'NONE', #5750, 1000.000000000000000 ) ;
#3011 = VERTEX_POINT ( 'NONE', #3269 ) ;
#3012 = EDGE_CURVE ( 'NONE', #39, #5581, #187, .T. ) ;
#3013 = VECTOR ( 'NONE', #996, 1000.000000000000000 ) ;
#3014 = DIRECTION ( 'NONE',  ( -0.7071067811865495711, 0.7071067811865454633, 0.000000000000000000 ) ) ;
#3015 = VECTOR ( 'NONE', #477, 1000.000000000000000 ) ;
#3016 = FACE_OUTER_BOUND ( 'NONE', #5852, .T. ) ;
#3017 = ORIENTED_EDGE ( 'NONE', *, *, #85, .T. ) ;
#3018 = FACE_OUTER_BOUND ( 'NONE', #1381, .T. ) ;
#3019 = VERTEX_POINT ( 'NONE', #4190 ) ;
#3020 = CIRCLE ( 'NONE', #81, 1.764902496759995998 ) ;
#3021 = DIRECTION ( 'NONE',  ( 0.8660254037844387076, 0.4999999999999999445, 0.000000000000000000 ) ) ;
#3022 = DIRECTION ( 'NONE',  ( -1.000000000000000000, 0.000000000000000000, 0.000000000000000000 ) ) ;
#3023 = CARTESIAN_POINT ( 'NONE',  ( 6.325010817588579748, -16.96375033764019946, 5.000000000000000000 ) ) ;
#3024 = VERTEX_POINT ( 'NONE', #1861 ) ;
#3025 = VECTOR ( 'NONE', #1583, 1000.000000000000000 ) ;
#3026 = CARTESIAN_POINT ( 'NONE',  ( 0.000000000000000000, -4.347496136973104859E-16, 1.500000000000000000 ) ) ;
#3027 = ORIENTED_EDGE ( 'NONE', *, *, #4783, .F. ) ;
#3028 = CARTESIAN_POINT ( 'NONE',  ( -17.62937653985284925, -4.690439747858789588, 5.000000000000000000 ) ) ;
#3029 = LINE ( 'NONE', #4908, #5143 ) ;
#3030 = CARTESIAN_POINT ( 'NONE',  ( 7.522724857905819462, -16.46764093829609976, 5.000000000000000000 ) ) ;
#3031 = ORIENTED_EDGE ( 'NONE', *, *, #5268, .F. ) ;
#3032 = CARTESIAN_POINT ( 'NONE',  ( -6.723256931056110552, 16.80157748816159824, 5.002000000000000668 ) ) ;
#3033 = CARTESIAN_POINT ( 'NONE',  ( 4.752648293360460130, -17.61270781032335009, 5.000000000000000000 ) ) ;
#3034 = AXIS2_PLACEMENT_3D ( 'NONE', #633, #5330, #2097 ) ;
#3035 = VERTEX_POINT ( 'NONE', #5172 ) ;
#3036 = AXIS2_PLACEMENT_3D ( 'NONE', #4314, #439, #899 ) ;
#3037 = CYLINDRICAL_SURFACE ( 'NONE', #3516, 16.52862817102734994 ) ;
#3038 = DIRECTION ( 'NONE',  ( 0.000000000000000000, 0.000000000000000000, 1.000000000000000000 ) ) ;
#3039 = ORIENTED_EDGE ( 'NONE', *, *, #2678, .F. ) ;
#3040 = EDGE_CURVE ( 'NONE', #4260, #1824, #5502, .T. ) ;
#3041 = CYLINDRICAL_SURFACE ( 'NONE', #4223, 0.4300000000000000488 ) ;
#3042 = EDGE_LOOP ( 'NONE', ( #1593, #3515, #3916, #4532 ) ) ;
#3043 = CIRCLE ( 'NONE', #887, 1.764902496759995110 ) ;
#3044 = ORIENTED_EDGE ( 'NONE', *, *, #2526, .T. ) ;
#3045 = CIRCLE ( 'NONE', #5204, 20.45497617776954868 ) ;
#3046 = DIRECTION ( 'NONE',  ( 0.000000000000000000, 0.000000000000000000, 1.000000000000000000 ) ) ;
#3047 = EDGE_CURVE ( 'NONE', #1545, #3909, #937, .T. ) ;
#3048 = CARTESIAN_POINT ( 'NONE',  ( 17.91222139392874979, 2.578277445616415253, 5.000000000000000000 ) ) ;
#3049 = CYLINDRICAL_SURFACE ( 'NONE', #4595, 0.4299999999999997713 ) ;
#3050 = ORIENTED_EDGE ( 'NONE', *, *, #1173, .T. ) ;
#3051 = CARTESIAN_POINT ( 'NONE',  ( 4.690439747858780706, 17.62937653985284925, 5.002000000000000668 ) ) ;
#3052 = CARTESIAN_POINT ( 'NONE',  ( 0.000000000000000000, 1.165057210878772069E-15, 6.500000000000000000 ) ) ;
#3053 = ORIENTED_EDGE ( 'NONE', *, *, #695, .F. ) ;
#3054 = EDGE_CURVE ( 'NONE', #2309, #4697, #2545, .T. ) ;
#3055 = CARTESIAN_POINT ( 'NONE',  ( -9.757819552369539906E-16, 2.376571162088225214E-13, 5.000000000000000000 ) ) ;
#3056 = ORIENTED_EDGE ( 'NONE', *, *, #382, .T. ) ;
#3057 = LINE ( 'NONE', #729, #5778 ) ;
#3058 = DIRECTION ( 'NONE',  ( 0.000000000000000000, 0.000000000000000000, -1.000000000000000000 ) ) ;
#3059 = FACE_OUTER_BOUND ( 'NONE', #3389, .T. ) ;
#3060 = ORIENTED_EDGE ( 'NONE', *, *, #5466, .T. ) ;
#3061 = CARTESIAN_POINT ( 'NONE',  ( 16.52445980553209992, 0.3711837165545214812, -5.000000000000000000 ) ) ;
#3062 = LINE ( 'NONE', #236, #1528 ) ;
#3063 = ORIENTED_EDGE ( 'NONE', *, *, #1187, .F. ) ;
#3064 = CIRCLE ( 'NONE', #3556, 4.479999999999999538 ) ;
#3065 = PRODUCT_DEFINITION_SHAPE ( 'NONE', 'NONE',  #4485 ) ;
#3066 = CARTESIAN_POINT ( 'NONE',  ( 0.000000000000000000, 1.165057210878772069E-15, -6.500000000000000000 ) ) ;
#3067 = CARTESIAN_POINT ( 'NONE',  ( -6.848270805104349773E-14, -1.921978404781390092E-14, 5.002000000000000668 ) ) ;
#3068 = ORIENTED_EDGE ( 'NONE', *, *, #5606, .F. ) ;
#3069 = CIRCLE ( 'NONE', #5932, 0.4299999999999998823 ) ;
#3070 = DIRECTION ( 'NONE',  ( -0.7071067811865475727, -0.7071067811865475727, 0.000000000000000000 ) ) ;
#3071 = VERTEX_POINT ( 'NONE', #505 ) ;
#3072 = VERTEX_POINT ( 'NONE', #2408 ) ;
#3073 = CIRCLE ( 'NONE', #5136, 16.52862817102734994 ) ;
#3074 = CARTESIAN_POINT ( 'NONE',  ( -3.483414762376119677E-14, -6.201502689006169644E-14, 5.002000000000000668 ) ) ;
#3075 = DIRECTION ( 'NONE',  ( 1.000000000000000000, 0.000000000000000000, 0.000000000000000000 ) ) ;
#3076 = DIRECTION ( 'NONE',  ( 0.000000000000000000, 0.000000000000000000, -1.000000000000000000 ) ) ;
#3077 = AXIS2_PLACEMENT_3D ( 'NONE', #1102, #150, #1164 ) ;
#3078 = ORIENTED_EDGE ( 'NONE', *, *, #1723, .T. ) ;
#3079 = EDGE_CURVE ( 'NONE', #4503, #5076, #1946, .T. ) ;
#3080 = CARTESIAN_POINT ( 'NONE',  ( -9.757819552369539906E-16, 2.376571162088225214E-13, 5.000000000000000000 ) ) ;
#3081 = CIRCLE ( 'NONE', #2786, 18.52682817102720136 ) ;
#3082 = DIRECTION ( 'NONE',  ( -0.000000000000000000, -0.000000000000000000, 1.000000000000000000 ) ) ;
#3083 = EDGE_CURVE ( 'NONE', #2826, #3238, #3227, .T. ) ;
#3084 = VERTEX_POINT ( 'NONE', #1949 ) ;
#3085 = VERTEX_POINT ( 'NONE', #5716 ) ;
#3086 = CARTESIAN_POINT ( 'NONE',  ( 8.402566836762750083E-16, -7.112366251504910349E-14, 5.000000000000000000 ) ) ;
#3087 = EDGE_CURVE ( 'NONE', #335, #5048, #254, .T. ) ;
#3088 = ADVANCED_FACE ( 'NONE', ( #1637 ), #5299, .T. ) ;
#3089 = DIRECTION ( 'NONE',  ( 0.000000000000000000, 0.000000000000000000, 1.000000000000000000 ) ) ;
#3090 = CARTESIAN_POINT ( 'NONE',  ( -8.000000000000000000, 8.000000000000000000, -53.44388806018619675 ) ) ;
#3091 = ORIENTED_EDGE ( 'NONE', *, *, #1417, .T. ) ;
#3092 = CARTESIAN_POINT ( 'NONE',  ( -15.86533307656284819, -4.635380845820789908, 5.002000000000000668 ) ) ;
#3093 = DIRECTION ( 'NONE',  ( 1.000000000000000000, 0.000000000000000000, 0.000000000000000000 ) ) ;
#3094 = EDGE_CURVE ( 'NONE', #605, #4251, #2831, .T. ) ;
#3095 = VERTEX_POINT ( 'NONE', #1088 ) ;
#3096 = DIRECTION ( 'NONE',  ( 0.000000000000000000, 0.000000000000000000, -1.000000000000000000 ) ) ;
#3097 = DIRECTION ( 'NONE',  ( 1.000000000000000000, 0.000000000000000000, 0.000000000000000000 ) ) ;
#3098 = EDGE_CURVE ( 'NONE', #2849, #1428, #478, .T. ) ;
#3099 = LINE ( 'NONE', #770, #1601 ) ;
#3100 = ORIENTED_EDGE ( 'NONE', *, *, #2562, .F. ) ;
#3101 = DIRECTION ( 'NONE',  ( 0.000000000000000000, 0.000000000000000000, -1.000000000000000000 ) ) ;
#3102 = ORIENTED_EDGE ( 'NONE', *, *, #5094, .T. ) ;
#3103 = ORIENTED_EDGE ( 'NONE', *, *, #2132, .T. ) ;
#3104 = AXIS2_PLACEMENT_3D ( 'NONE', #5226, #4434, #190 ) ;
#3105 = CARTESIAN_POINT ( 'NONE',  ( 20.45497617776956645, 1.165057210878772069E-15, -6.000000000000000000 ) ) ;
#3106 = DIRECTION ( 'NONE',  ( 0.000000000000000000, 0.000000000000000000, 1.000000000000000000 ) ) ;
#3107 = CARTESIAN_POINT ( 'NONE',  ( 6.883008709270059811, 17.20080094608644927, -5.000000000000000000 ) ) ;
#3108 = VECTOR ( 'NONE', #1044, 1000.000000000000000 ) ;
#3109 = VERTEX_POINT ( 'NONE', #3915 ) ;
#3110 = EDGE_CURVE ( 'NONE', #1225, #1031, #1266, .T. ) ;
#3111 = DIRECTION ( 'NONE',  ( 0.000000000000000000, 0.000000000000000000, 1.000000000000000000 ) ) ;
#3112 = DIRECTION ( 'NONE',  ( 1.000000000000000000, 0.000000000000000000, 0.000000000000000000 ) ) ;
#3113 = DIRECTION ( 'NONE',  ( 0.7071067811865475727, 0.7071067811865475727, 0.000000000000000000 ) ) ;
#3114 = ORIENTED_EDGE ( 'NONE', *, *, #5453, .F. ) ;
#3115 = EDGE_CURVE ( 'NONE', #5506, #5205, #2599, .T. ) ;
#3116 = LINE ( 'NONE', #4997, #6067 ) ;
#3117 = AXIS2_PLACEMENT_3D ( 'NONE', #2096, #1978, #3392 ) ;
#3118 = AXIS2_PLACEMENT_3D ( 'NONE', #4536, #2197, #4565 ) ;
#3119 = VECTOR ( 'NONE', #2125, 1000.000000000000000 ) ;
#3120 = CARTESIAN_POINT ( 'NONE',  ( 12.87672824649239978, 12.92226806246459958, -5.000000000000000000 ) ) ;
#3121 = DIRECTION ( 'NONE',  ( 0.000000000000000000, 0.000000000000000000, 1.000000000000000000 ) ) ;
#3122 = DIRECTION ( 'NONE',  ( 0.000000000000000000, 0.000000000000000000, -1.000000000000000000 ) ) ;
#3123 = EDGE_LOOP ( 'NONE', ( #398, #95, #4341, #541 ) ) ;
#3124 = EDGE_CURVE ( 'NONE', #4446, #2889, #4411, .T. ) ;
#3125 = CYLINDRICAL_SURFACE ( 'NONE', #2578, 1.764902496759994888 ) ;
#3126 = DIRECTION ( 'NONE',  ( 0.000000000000000000, 0.000000000000000000, 1.000000000000000000 ) ) ;
#3127 = ORIENTED_EDGE ( 'NONE', *, *, #2783, .T. ) ;
#3128 = CIRCLE ( 'NONE', #4696, 18.52682817102720136 ) ;
#3129 = ADVANCED_FACE ( 'NONE', ( #660 ), #5806, .T. ) ;
#3130 = CARTESIAN_POINT ( 'NONE',  ( -9.757819552369539906E-16, 2.376571162088225214E-13, -5.000000000000000000 ) ) ;
#3131 = DIRECTION ( 'NONE',  ( -0.2588190451025214056, 0.9659258262890680902, 0.000000000000000000 ) ) ;
#3132 = DIRECTION ( 'NONE',  ( 0.000000000000000000, 0.000000000000000000, 1.000000000000000000 ) ) ;
#3133 = ORIENTED_EDGE ( 'NONE', *, *, #3801, .F. ) ;
#3134 = EDGE_CURVE ( 'NONE', #184, #1875, #4808, .T. ) ;
#3135 = LINE ( 'NONE', #5014, #3143 ) ;
#3136 = VERTEX_POINT ( 'NONE', #4007 ) ;
#3137 = ORIENTED_EDGE ( 'NONE', *, *, #4203, .F. ) ;
#3138 = AXIS2_PLACEMENT_3D ( 'NONE', #3197, #2248, #2741 ) ;
#3139 = FACE_OUTER_BOUND ( 'NONE', #3215, .T. ) ;
#3140 = DIRECTION ( 'NONE',  ( 0.4999999999999999445, 0.8660254037844387076, 0.000000000000000000 ) ) ;
#3141 = CARTESIAN_POINT ( 'NONE',  ( 0.000000000000000000, 1.165057210878772069E-15, -6.500000000000000000 ) ) ;
#3142 = EDGE_LOOP ( 'NONE', ( #2325, #1698, #650, #5088 ) ) ;
#3143 = VECTOR ( 'NONE', #1747, 1000.000000000000000 ) ;
#3144 = CARTESIAN_POINT ( 'NONE',  ( -9.757819552369539906E-16, 2.376571162088225214E-13, -5.000000000000000000 ) ) ;
#3145 = LINE ( 'NONE', #5896, #5375 ) ;
#3146 = VERTEX_POINT ( 'NONE', #1577 ) ;
#3147 = CARTESIAN_POINT ( 'NONE',  ( -8.000000000000000000, 8.000000000000000000, 4.169999999999999929 ) ) ;
#3148 = CIRCLE ( 'NONE', #1188, 0.4299999999999998823 ) ;
#3149 = CARTESIAN_POINT ( 'NONE',  ( -11.42209106089456050, -11.94702410697803963, 5.002000000000000668 ) ) ;
#3150 = DIRECTION ( 'NONE',  ( 0.000000000000000000, 0.000000000000000000, -1.000000000000000000 ) ) ;
#3151 = ORIENTED_EDGE ( 'NONE', *, *, #2009, .T. ) ;
#3152 = CARTESIAN_POINT ( 'NONE',  ( 14.56126086974063938, -11.45482623011524126, 5.000000000000000000 ) ) ;
#3153 = VERTEX_POINT ( 'NONE', #4380 ) ;
#3154 = ADVANCED_FACE ( 'NONE', ( #1184 ), #138, .T. ) ;
#3155 = LINE ( 'NONE', #4518, #4991 ) ;
#3156 = DIRECTION ( 'NONE',  ( 0.000000000000000000, 0.000000000000000000, -1.000000000000000000 ) ) ;
#3157 = CYLINDRICAL_SURFACE ( 'NONE', #2873, 18.52682817102720136 ) ;
#3158 = VERTEX_POINT ( 'NONE', #3023 ) ;
#3159 = EDGE_CURVE ( 'NONE', #3729, #3492, #1952, .T. ) ;
#3160 = DIRECTION ( 'NONE',  ( 1.000000000000000000, 0.000000000000000000, 0.000000000000000000 ) ) ;
#3161 = AXIS2_PLACEMENT_3D ( 'NONE', #5772, #3911, #5803 ) ;
#3162 = ORIENTED_EDGE ( 'NONE', *, *, #3903, .F. ) ;
#3163 = ADVANCED_FACE ( 'NONE', ( #2127 ), #4932, .T. ) ;
#3164 = VERTEX_POINT ( 'NONE', #4414 ) ;
#3165 = EDGE_CURVE ( 'NONE', #5828, #801, #585, .T. ) ;
#3166 = CIRCLE ( 'NONE', #2582, 1.764902496759994444 ) ;
#3167 = LINE ( 'NONE', #2154, #1841 ) ;
#3168 = DIRECTION ( 'NONE',  ( -0.2588190451025180194, 0.9659258262890689783, 0.000000000000000000 ) ) ;
#3169 = CYLINDRICAL_SURFACE ( 'NONE', #69, 0.4299999999999993272 ) ;
#3170 = ORIENTED_EDGE ( 'NONE', *, *, #1352, .T. ) ;
#3171 = AXIS2_PLACEMENT_3D ( 'NONE', #6055, #2787, #4663 ) ;
#3172 = DIRECTION ( 'NONE',  ( 0.000000000000000000, 0.000000000000000000, -1.000000000000000000 ) ) ;
#3173 = CARTESIAN_POINT ( 'NONE',  ( -11.52853332705896072, 13.95949521606318022, -5.000000000000000000 ) ) ;
#3174 = EDGE_CURVE ( 'NONE', #4446, #3696, #3481, .T. ) ;
#3175 = AXIS2_PLACEMENT_3D ( 'NONE', #211, #3929, #2112 ) ;
#3176 = FACE_OUTER_BOUND ( 'NONE', #2615, .T. ) ;
#3177 = VERTEX_POINT ( 'NONE', #696 ) ;
#3178 = DIRECTION ( 'NONE',  ( -0.8660254037844388186, 0.4999999999999995559, 0.000000000000000000 ) ) ;
#3179 = AXIS2_PLACEMENT_3D ( 'NONE', #2820, #1461, #10 ) ;
#3180 = DIRECTION ( 'NONE',  ( 1.000000000000000000, 0.000000000000000000, 0.000000000000000000 ) ) ;
#3181 = LINE ( 'NONE', #5057, #518 ) ;
#3182 = DIRECTION ( 'NONE',  ( -0.2588190451025180194, 0.9659258262890689783, 0.000000000000000000 ) ) ;
#3183 = ORIENTED_EDGE ( 'NONE', *, *, #4370, .F. ) ;
#3184 = AXIS2_PLACEMENT_3D ( 'NONE', #5941, #3623, #2612 ) ;
#3185 = CYLINDRICAL_SURFACE ( 'NONE', #3302, 0.4300000000000000488 ) ;
#3186 = ORIENTED_EDGE ( 'NONE', *, *, #4266, .F. ) ;
#3187 = DIRECTION ( 'NONE',  ( -0.000000000000000000, -0.000000000000000000, 1.000000000000000000 ) ) ;
#3188 = DIRECTION ( 'NONE',  ( -1.000000000000000000, 0.000000000000000000, 0.000000000000000000 ) ) ;
#3189 = CARTESIAN_POINT ( 'NONE',  ( 7.295780857526789731, -17.02982512410864757, 5.000000000000000000 ) ) ;
#3190 = VERTEX_POINT ( 'NONE', #4472 ) ;
#3191 = CARTESIAN_POINT ( 'NONE',  ( 17.61270781032335009, -4.752648293360449472, -5.000000000000000000 ) ) ;
#3192 = EDGE_CURVE ( 'NONE', #4666, #605, #1957, .T. ) ;
#3193 = ORIENTED_EDGE ( 'NONE', *, *, #3298, .T. ) ;
#3194 = ORIENTED_EDGE ( 'NONE', *, *, #2293, .F. ) ;
#3195 = DIRECTION ( 'NONE',  ( 0.8660254037844384856, 0.5000000000000004441, 0.000000000000000000 ) ) ;
#3196 = ORIENTED_EDGE ( 'NONE', *, *, #1316, .T. ) ;
#3197 = CARTESIAN_POINT ( 'NONE',  ( -3.483414762376119677E-14, -6.201502689006169644E-14, -5.000000000000000000 ) ) ;
#3198 = DIRECTION ( 'NONE',  ( 0.000000000000000000, 0.000000000000000000, 1.000000000000000000 ) ) ;
#3199 = EDGE_CURVE ( 'NONE', #4381, #5639, #5194, .T. ) ;
#3200 = VECTOR ( 'NONE', #131, 1000.000000000000000 ) ;
#3201 = ORIENTED_EDGE ( 'NONE', *, *, #1201, .T. ) ;
#3202 = ADVANCED_FACE ( 'NONE', ( #842 ), #5024, .F. ) ;
#3203 = CARTESIAN_POINT ( 'NONE',  ( -7.940775374758719529, -14.49619383368293946, 5.000000000000000000 ) ) ;
#3204 = CARTESIAN_POINT ( 'NONE',  ( 8.000000000000000000, -8.000000000000000000, -53.44388806018619675 ) ) ;
#3205 = EDGE_CURVE ( 'NONE', #3344, #5048, #3668, .T. ) ;
#3206 = VECTOR ( 'NONE', #5937, 1000.000000000000114 ) ;
#3207 = DIRECTION ( 'NONE',  ( 0.000000000000000000, 0.000000000000000000, -1.000000000000000000 ) ) ;
#3208 = ORIENTED_EDGE ( 'NONE', *, *, #1233, .T. ) ;
#3209 = DIRECTION ( 'NONE',  ( 0.000000000000000000, 0.000000000000000000, 1.000000000000000000 ) ) ;
#3210 = ORIENTED_EDGE ( 'NONE', *, *, #356, .T. ) ;
#3211 = VECTOR ( 'NONE', #5054, 1000.000000000000000 ) ;
#3212 = CYLINDRICAL_SURFACE ( 'NONE', #2230, 2.149999999999999023 ) ;
#3213 = CARTESIAN_POINT ( 'NONE',  ( 15.78249345187884778, 9.149209946963129170, -5.000000000000000000 ) ) ;
#3214 = CIRCLE ( 'NONE', #565, 0.4299999999999993272 ) ;
#3215 = EDGE_LOOP ( 'NONE', ( #1210, #4902, #483, #5706 ) ) ;
#3216 = VECTOR ( 'NONE', #1050, 1000.000000000000000 ) ;
#3217 = CARTESIAN_POINT ( 'NONE',  ( 10.84273574818606001, 14.48897067933745930, -5.000000000000000000 ) ) ;
#3218 = VECTOR ( 'NONE', #3997, 1000.000000000000000 ) ;
#3219 = AXIS2_PLACEMENT_3D ( 'NONE', #718, #5393, #2592 ) ;
#3220 = CARTESIAN_POINT ( 'NONE',  ( 8.000000000000000000, -8.000000000000000000, 1.500000000000000000 ) ) ;
#3221 = DIRECTION ( 'NONE',  ( 0.000000000000000000, 0.000000000000000000, 1.000000000000000000 ) ) ;
#3222 = ORIENTED_EDGE ( 'NONE', *, *, #5763, .T. ) ;
#3223 = DIRECTION ( 'NONE',  ( 0.000000000000000000, 0.000000000000000000, 1.000000000000000000 ) ) ;
#3224 = AXIS2_PLACEMENT_3D ( 'NONE', #3379, #3930, #5317 ) ;
#3225 = CIRCLE ( 'NONE', #577, 16.52862817102734994 ) ;
#3226 = ORIENTED_EDGE ( 'NONE', *, *, #2856, .T. ) ;
#3227 = CIRCLE ( 'NONE', #5697, 16.52862817102734638 ) ;
#3228 = EDGE_CURVE ( 'NONE', #3687, #104, #4071, .T. ) ;
#3229 = DIRECTION ( 'NONE',  ( -0.2588190451025214056, -0.9659258262890680902, 0.000000000000000000 ) ) ;
#3230 = ORIENTED_EDGE ( 'NONE', *, *, #2679, .T. ) ;
#3231 = CARTESIAN_POINT ( 'NONE',  ( 15.81469496456674939, -9.093435290907070367, 5.002000000000000668 ) ) ;
#3232 = CARTESIAN_POINT ( 'NONE',  ( 11.10037075072115975, 14.83324412511671930, 5.000000000000000000 ) ) ;
#3233 = AXIS2_PLACEMENT_3D ( 'NONE', #814, #5462, #3113 ) ;
#3234 = EDGE_LOOP ( 'NONE', ( #5450, #3270, #317, #2379 ) ) ;
#3235 = ADVANCED_FACE ( 'NONE', ( #3176 ), #6045, .F. ) ;
#3236 = AXIS2_PLACEMENT_3D ( 'NONE', #1345, #5665, #926 ) ;
#3237 = FACE_OUTER_BOUND ( 'NONE', #491, .T. ) ;
#3238 = VERTEX_POINT ( 'NONE', #753 ) ;
#3239 = EDGE_CURVE ( 'NONE', #5109, #2151, #4018, .T. ) ;
#3240 = DIRECTION ( 'NONE',  ( 0.000000000000000000, 0.000000000000000000, -1.000000000000000000 ) ) ;
#3241 = ORIENTED_EDGE ( 'NONE', *, *, #1054, .F. ) ;
#3242 = AXIS2_PLACEMENT_3D ( 'NONE', #5038, #2210, #5881 ) ;
#3243 = EDGE_CURVE ( 'NONE', #691, #5036, #3822, .T. ) ;
#3244 = CARTESIAN_POINT ( 'NONE',  ( 16.80157748816159824, -6.723256931056099894, 5.000000000000000000 ) ) ;
#3245 = CARTESIAN_POINT ( 'NONE',  ( 2.196580998991904732, -18.39615160824795126, 5.000000000000000000 ) ) ;
#3246 = CIRCLE ( 'NONE', #3733, 0.4299999999999998823 ) ;
#3247 = ORIENTED_EDGE ( 'NONE', *, *, #4413, .F. ) ;
#3248 = FACE_OUTER_BOUND ( 'NONE', #5176, .T. ) ;
#3249 = FACE_OUTER_BOUND ( 'NONE', #3373, .T. ) ;
#3250 = CARTESIAN_POINT ( 'NONE',  ( 9.149209946963118512, 15.78249345187884778, -5.000000000000000000 ) ) ;
#3251 = ORIENTED_EDGE ( 'NONE', *, *, #5257, .F. ) ;
#3252 = EDGE_CURVE ( 'NONE', #5142, #5362, #1175, .T. ) ;
#3253 = LINE ( 'NONE', #1899, #699 ) ;
#3254 = ORIENTED_EDGE ( 'NONE', *, *, #3717, .T. ) ;
#3255 = DIRECTION ( 'NONE',  ( 0.000000000000000000, 0.000000000000000000, 1.000000000000000000 ) ) ;
#3256 = ORIENTED_EDGE ( 'NONE', *, *, #987, .T. ) ;
#3257 = CARTESIAN_POINT ( 'NONE',  ( 5.088617526617949668E-14, -4.969787286824989490E-14, 5.002000000000000668 ) ) ;
#3258 = CARTESIAN_POINT ( 'NONE',  ( 4.635380845820780138, 15.86533307656284819, 5.000000000000000000 ) ) ;
#3259 = EDGE_LOOP ( 'NONE', ( #3682, #2128, #4905, #4084 ) ) ;
#3260 = CIRCLE ( 'NONE', #621, 0.4299999999999993272 ) ;
#3261 = CYLINDRICAL_SURFACE ( 'NONE', #4990, 0.4299999999999998823 ) ;
#3262 = ORIENTED_EDGE ( 'NONE', *, *, #2490, .F. ) ;
#3263 = CIRCLE ( 'NONE', #221, 16.52862817102734638 ) ;
#3264 = CARTESIAN_POINT ( 'NONE',  ( 7.522724857905819462, -16.46764093829609976, 5.002000000000000668 ) ) ;
#3265 = ORIENTED_EDGE ( 'NONE', *, *, #1472, .F. ) ;
#3266 = EDGE_CURVE ( 'NONE', #2988, #6051, #4994, .T. ) ;
#3267 = AXIS2_PLACEMENT_3D ( 'NONE', #3090, #1243, #4968 ) ;
#3268 = LINE ( 'NONE', #5202, #3013 ) ;
#3269 = CARTESIAN_POINT ( 'NONE',  ( 17.85354414464755024, -3.004255121577005028, -5.000000000000000000 ) ) ;
#3270 = ORIENTED_EDGE ( 'NONE', *, *, #4138, .T. ) ;
#3271 = ADVANCED_FACE ( 'NONE', ( #5985 ), #1762, .T. ) ;
#3272 = CARTESIAN_POINT ( 'NONE',  ( -9.757819552369539906E-16, 2.376571162088225214E-13, 5.000000000000000000 ) ) ;
#3273 = ADVANCED_FACE ( 'NONE', ( #6016 ), #5709, .F. ) ;
#3274 = AXIS2_PLACEMENT_3D ( 'NONE', #3741, #5633, #1397 ) ;
#3275 = CARTESIAN_POINT ( 'NONE',  ( -4.752648293360439702, -17.61270781032335009, 5.002000000000000668 ) ) ;
#3276 = DIRECTION ( 'NONE',  ( 0.000000000000000000, 0.000000000000000000, 1.000000000000000000 ) ) ;
#3277 = AXIS2_PLACEMENT_3D ( 'NONE', #3067, #2268, #4052 ) ;
#3278 = LINE ( 'NONE', #2876, #4355 ) ;
#3279 = ORIENTED_EDGE ( 'NONE', *, *, #5877, .T. ) ;
#3280 = DIRECTION ( 'NONE',  ( 0.5000000000000005551, -0.8660254037844383745, 0.000000000000000000 ) ) ;
#3281 = VERTEX_POINT ( 'NONE', #2799 ) ;
#3282 = EDGE_CURVE ( 'NONE', #2791, #801, #5585, .T. ) ;
#3283 = CARTESIAN_POINT ( 'NONE',  ( -1.718949636520939794, 18.02275782191794917, 5.000000000000000000 ) ) ;
#3284 = DIRECTION ( 'NONE',  ( 0.000000000000000000, 0.000000000000000000, 1.000000000000000000 ) ) ;
#3285 = ORIENTED_EDGE ( 'NONE', *, *, #5337, .F. ) ;
#3286 = DIRECTION ( 'NONE',  ( 0.9659258262890683122, 0.2588190451025211281, 0.000000000000000000 ) ) ;
#3287 = DIRECTION ( 'NONE',  ( 0.8660254037844384856, 0.5000000000000004441, 0.000000000000000000 ) ) ;
#3288 = DIRECTION ( 'NONE',  ( 0.000000000000000000, 0.000000000000000000, 1.000000000000000000 ) ) ;
#3289 = ORIENTED_EDGE ( 'NONE', *, *, #5735, .T. ) ;
#3290 = DIRECTION ( 'NONE',  ( 0.9659258262890683122, -0.2588190451025211281, 0.000000000000000000 ) ) ;
#3291 = DIRECTION ( 'NONE',  ( 0.000000000000000000, 0.000000000000000000, 1.000000000000000000 ) ) ;
#3292 = VERTEX_POINT ( 'NONE', #4651 ) ;
#3293 = DIRECTION ( 'NONE',  ( 0.000000000000000000, 0.000000000000000000, -1.000000000000000000 ) ) ;
#3294 = ORIENTED_EDGE ( 'NONE', *, *, #6021, .F. ) ;
#3295 = ORIENTED_EDGE ( 'NONE', *, *, #1241, .F. ) ;
#3296 = VECTOR ( 'NONE', #2892, 1000.000000000000000 ) ;
#3297 = CARTESIAN_POINT ( 'NONE',  ( -9.757819552369539906E-16, 2.376571162088225214E-13, 5.000000000000000000 ) ) ;
#3298 = EDGE_CURVE ( 'NONE', #3800, #2670, #5705, .T. ) ;
#3299 = CYLINDRICAL_SURFACE ( 'NONE', #2051, 1.764902496759994666 ) ;
#3300 = ORIENTED_EDGE ( 'NONE', *, *, #4445, .F. ) ;
#3301 = DIRECTION ( 'NONE',  ( 0.7071067811865480168, -0.7071067811865470176, 0.000000000000000000 ) ) ;
#3302 = AXIS2_PLACEMENT_3D ( 'NONE', #1774, #5206, #1919 ) ;
#3303 = ORIENTED_EDGE ( 'NONE', *, *, #610, .T. ) ;
#3304 = AXIS2_PLACEMENT_3D ( 'NONE', #292, #1274, #3180 ) ;
#3305 = CARTESIAN_POINT ( 'NONE',  ( -13.95949521606318022, 11.52853332705896072, 5.000000000000000000 ) ) ;
#3306 = CONICAL_SURFACE ( 'NONE', #3796, 2.149999999999999023, 0.7853981633974503884 ) ;
#3307 = DIRECTION ( 'NONE',  ( 0.000000000000000000, 0.000000000000000000, 1.000000000000000000 ) ) ;
#3308 = EDGE_CURVE ( 'NONE', #5893, #1031, #879, .T. ) ;
#3309 = DIRECTION ( 'NONE',  ( 1.000000000000000000, 0.000000000000000000, 0.000000000000000000 ) ) ;
#3310 = ORIENTED_EDGE ( 'NONE', *, *, #5178, .F. ) ;
#3311 = DIRECTION ( 'NONE',  ( 0.8660254037844388186, -0.4999999999999998890, 0.000000000000000000 ) ) ;
#3312 = ORIENTED_EDGE ( 'NONE', *, *, #5990, .F. ) ;
#3313 = AXIS2_PLACEMENT_3D ( 'NONE', #4320, #5773, #1576 ) ;
#3314 = DIRECTION ( 'NONE',  ( 0.000000000000000000, -1.000000000000000000, 0.000000000000000000 ) ) ;
#3315 = DIRECTION ( 'NONE',  ( -0.000000000000000000, -0.000000000000000000, 1.000000000000000000 ) ) ;
#3316 = EDGE_CURVE ( 'NONE', #2425, #1205, #5291, .T. ) ;
#3317 = AXIS2_PLACEMENT_3D ( 'NONE', #2746, #990, #406 ) ;
#3318 = CARTESIAN_POINT ( 'NONE',  ( -18.24264523787019954, -0.03220151268792335181, 5.002000000000000668 ) ) ;
#3319 = ORIENTED_EDGE ( 'NONE', *, *, #863, .F. ) ;
#3320 = DIRECTION ( 'NONE',  ( 0.000000000000000000, 0.000000000000000000, -1.000000000000000000 ) ) ;
#3321 = CYLINDRICAL_SURFACE ( 'NONE', #5162, 0.4299999999999998823 ) ;
#3322 = ORIENTED_EDGE ( 'NONE', *, *, #5154, .F. ) ;
#3323 = AXIS2_PLACEMENT_3D ( 'NONE', #4164, #414, #2261 ) ;
#3324 = AXIS2_PLACEMENT_3D ( 'NONE', #5056, #847, #1215 ) ;
#3325 = CARTESIAN_POINT ( 'NONE',  ( 14.56126086974063938, -11.45482623011524126, -5.000000000000000000 ) ) ;
#3326 = AXIS2_PLACEMENT_3D ( 'NONE', #2069, #1147, #4839 ) ;
#3327 = ORIENTED_EDGE ( 'NONE', *, *, #1630, .T. ) ;
#3328 = CARTESIAN_POINT ( 'NONE',  ( -2.196580998991904732, 18.39615160824795126, 5.000000000000000000 ) ) ;
#3329 = ORIENTED_EDGE ( 'NONE', *, *, #5260, .T. ) ;
#3330 = ORIENTED_EDGE ( 'NONE', *, *, #4480, .F. ) ;
#3331 = AXIS2_PLACEMENT_3D ( 'NONE', #5496, #288, #2164 ) ;
#3332 = DIRECTION ( 'NONE',  ( -0.7071067811865475727, 0.7071067811865475727, 0.000000000000000000 ) ) ;
#3333 = DIRECTION ( 'NONE',  ( 1.000000000000000000, 0.000000000000000000, 0.000000000000000000 ) ) ;
#3334 = VERTEX_POINT ( 'NONE', #498 ) ;
#3335 = CARTESIAN_POINT ( 'NONE',  ( 7.522724857905810580, 16.46764093829609976, -5.000000000000000000 ) ) ;
#3336 = AXIS2_PLACEMENT_3D ( 'NONE', #4672, #1429, #3286 ) ;
#3337 = ORIENTED_EDGE ( 'NONE', *, *, #2789, .F. ) ;
#3338 = AXIS2_PLACEMENT_3D ( 'NONE', #1869, #4639, #5545 ) ;
#3339 = DIRECTION ( 'NONE',  ( 0.000000000000000000, 0.000000000000000000, 1.000000000000000000 ) ) ;
#3340 = DIRECTION ( 'NONE',  ( 0.000000000000000000, 0.000000000000000000, -1.000000000000000000 ) ) ;
#3341 = CARTESIAN_POINT ( 'NONE',  ( -1.718949636520934909, -18.02275782191794917, -5.000000000000000000 ) ) ;
#3342 = ORIENTED_EDGE ( 'NONE', *, *, #3984, .T. ) ;
#3343 = DIRECTION ( 'NONE',  ( -0.8660254037844390407, 0.4999999999999993894, 0.000000000000000000 ) ) ;
#3344 = VERTEX_POINT ( 'NONE', #6073 ) ;
#3345 = EDGE_CURVE ( 'NONE', #5506, #3355, #387, .T. ) ;
#3346 = CARTESIAN_POINT ( 'NONE',  ( 14.12501011712842036, 8.583684430773400820, 5.002000000000000668 ) ) ;
#3347 = EDGE_CURVE ( 'NONE', #712, #2939, #1358, .T. ) ;
#3348 = CYLINDRICAL_SURFACE ( 'NONE', #2290, 16.52862817102734994 ) ;
#3349 = CARTESIAN_POINT ( 'NONE',  ( -10.50003296401214037, 14.74869130177516041, 5.002000000000000668 ) ) ;
#3350 = ORIENTED_EDGE ( 'NONE', *, *, #2300, .F. ) ;
#3351 = CARTESIAN_POINT ( 'NONE',  ( 10.14999999999999858, -8.000000000000000000, -53.44388806018619675 ) ) ;
#3352 = CARTESIAN_POINT ( 'NONE',  ( -8.583684430773390162, -14.12501011712842036, 5.000000000000000000 ) ) ;
#3353 = EDGE_CURVE ( 'NONE', #453, #5796, #4708, .T. ) ;
#3354 = CARTESIAN_POINT ( 'NONE',  ( 17.91222139392874979, -2.578277445616415253, 5.000000000000000000 ) ) ;
#3355 = VERTEX_POINT ( 'NONE', #3325 ) ;
#3356 = EDGE_CURVE ( 'NONE', #2306, #3639, #5196, .T. ) ;
#3357 = VERTEX_POINT ( 'NONE', #1504 ) ;
#3358 = DIRECTION ( 'NONE',  ( 0.000000000000000000, 0.000000000000000000, 1.000000000000000000 ) ) ;
#3359 = EDGE_LOOP ( 'NONE', ( #4179, #1324, #5712, #4848 ) ) ;
#3360 = VERTEX_POINT ( 'NONE', #3504 ) ;
#3361 = FACE_OUTER_BOUND ( 'NONE', #1000, .T. ) ;
#3362 = ADVANCED_FACE ( 'NONE', ( #3016 ), #3934, .T. ) ;
#3363 = FACE_OUTER_BOUND ( 'NONE', #1442, .T. ) ;
#3364 = VECTOR ( 'NONE', #36, 1000.000000000000000 ) ;
#3365 = DIRECTION ( 'NONE',  ( -0.7071067811865480168, 0.7071067811865472397, 0.000000000000000000 ) ) ;
#3366 = ORIENTED_EDGE ( 'NONE', *, *, #82, .F. ) ;
#3367 = LINE ( 'NONE', #1951, #4092 ) ;
#3368 = ORIENTED_EDGE ( 'NONE', *, *, #5866, .T. ) ;
#3369 = CIRCLE ( 'NONE', #5556, 1.764902496759994888 ) ;
#3370 = DIRECTION ( 'NONE',  ( 0.9659258262890680902, -0.2588190451025214056, 0.000000000000000000 ) ) ;
#3371 = DIRECTION ( 'NONE',  ( -0.9659258262890680902, -0.2588190451025214611, 0.000000000000000000 ) ) ;
#3372 = FACE_OUTER_BOUND ( 'NONE', #957, .T. ) ;
#3373 = EDGE_LOOP ( 'NONE', ( #1200, #3534, #5987, #192 ) ) ;
#3374 = AXIS2_PLACEMENT_3D ( 'NONE', #4458, #2055, #2981 ) ;
#3375 = CARTESIAN_POINT ( 'NONE',  ( -11.42209106089458004, 11.94702410697802009, 5.000000000000000000 ) ) ;
#3376 = EDGE_LOOP ( 'NONE', ( #2918, #2584, #1075, #5559 ) ) ;
#3377 = FACE_OUTER_BOUND ( 'NONE', #4878, .T. ) ;
#3378 = DIRECTION ( 'NONE',  ( 0.000000000000000000, 0.000000000000000000, -1.000000000000000000 ) ) ;
#3379 = CARTESIAN_POINT ( 'NONE',  ( -1.759653278486400105E-14, -6.891765691606369485E-14, 5.000000000000000000 ) ) ;
#3380 = ORIENTED_EDGE ( 'NONE', *, *, #574, .F. ) ;
#3381 = EDGE_CURVE ( 'NONE', #5498, #4516, #5254, .T. ) ;
#3382 = DIRECTION ( 'NONE',  ( 0.000000000000000000, 0.000000000000000000, 1.000000000000000000 ) ) ;
#3383 = CARTESIAN_POINT ( 'NONE',  ( 18.33783493938529929, -2.639540076345815223, 5.000000000000000000 ) ) ;
#3384 = VERTEX_POINT ( 'NONE', #2496 ) ;
#3385 = EDGE_CURVE ( 'NONE', #2209, #2551, #597, .T. ) ;
#3386 = EDGE_LOOP ( 'NONE', ( #3532, #1369, #1183, #2895 ) ) ;
#3387 = CARTESIAN_POINT ( 'NONE',  ( -2.639540076345824993, 18.33783493938529929, -5.000000000000000000 ) ) ;
#3388 = EDGE_CURVE ( 'NONE', #283, #2017, #3874, .T. ) ;
#3389 = EDGE_LOOP ( 'NONE', ( #2178, #560, #1937, #4578 ) ) ;
#3390 = EDGE_CURVE ( 'NONE', #1008, #1953, #5599, .T. ) ;
#3391 = CARTESIAN_POINT ( 'NONE',  ( 12.87672824649239978, 12.92226806246459958, 5.002000000000000668 ) ) ;
#3392 = DIRECTION ( 'NONE',  ( 1.000000000000000000, 0.000000000000000000, 0.000000000000000000 ) ) ;
#3393 = FACE_OUTER_BOUND ( 'NONE', #5616, .T. ) ;
#3394 = ORIENTED_EDGE ( 'NONE', *, *, #4219, .F. ) ;
#3395 = CARTESIAN_POINT ( 'NONE',  ( 6.723256931056099894, -16.80157748816159824, 5.000000000000000000 ) ) ;
#3396 = ORIENTED_EDGE ( 'NONE', *, *, #4860, .T. ) ;
#3397 = AXIS2_PLACEMENT_3D ( 'NONE', #4646, #1845, #433 ) ;
#3398 = FACE_OUTER_BOUND ( 'NONE', #5612, .T. ) ;
#3399 = DIRECTION ( 'NONE',  ( 0.000000000000000000, 0.000000000000000000, 1.000000000000000000 ) ) ;
#3400 = ORIENTED_EDGE ( 'NONE', *, *, #4109, .F. ) ;
#3401 = CIRCLE ( 'NONE', #2418, 1.764902496759994888 ) ;
#3402 = CARTESIAN_POINT ( 'NONE',  ( 6.723256931056099894, 16.80157748816159824, 5.000000000000000000 ) ) ;
#3403 = ORIENTED_EDGE ( 'NONE', *, *, #19, .T. ) ;
#3404 = AXIS2_PLACEMENT_3D ( 'NONE', #1238, #5930, #1272 ) ;
#3405 = CYLINDRICAL_SURFACE ( 'NONE', #5634, 18.52682817102720136 ) ;
#3406 = CARTESIAN_POINT ( 'NONE',  ( -6.883008709270070469, 17.20080094608644927, 5.000000000000000000 ) ) ;
#3407 = DIRECTION ( 'NONE',  ( 0.9659258262890680902, -0.2588190451025214056, 0.000000000000000000 ) ) ;
#3408 = VERTEX_POINT ( 'NONE', #157 ) ;
#3409 = LINE ( 'NONE', #5823, #886 ) ;
#3410 = AXIS2_PLACEMENT_3D ( 'NONE', #5234, #935, #5171 ) ;
#3411 = VECTOR ( 'NONE', #2833, 1000.000000000000000 ) ;
#3412 = ORIENTED_EDGE ( 'NONE', *, *, #1573, .T. ) ;
#3413 = EDGE_CURVE ( 'NONE', #3109, #5195, #4, .T. ) ;
#3414 = CIRCLE ( 'NONE', #2133, 6.100000000000000533 ) ;
#3415 = CIRCLE ( 'NONE', #3704, 1.764902496759994888 ) ;
#3416 = CARTESIAN_POINT ( 'NONE',  ( 7.295780857526779961, 17.02982512410864757, 5.000000000000000000 ) ) ;
#3417 = DIRECTION ( 'NONE',  ( 0.000000000000000000, 0.000000000000000000, 1.000000000000000000 ) ) ;
#3418 = LINE ( 'NONE', #628, #3899 ) ;
#3419 = CIRCLE ( 'NONE', #5793, 16.10000000000000142 ) ;
#3420 = ORIENTED_EDGE ( 'NONE', *, *, #4857, .F. ) ;
#3421 = EDGE_CURVE ( 'NONE', #5564, #2939, #3967, .T. ) ;
#3422 = CARTESIAN_POINT ( 'NONE',  ( -16.63456994411955137, 7.126448808901069576, 5.000000000000000000 ) ) ;
#3423 = FACE_OUTER_BOUND ( 'NONE', #3657, .T. ) ;
#3424 = ADVANCED_FACE ( 'NONE', ( #5354 ), #2524, .T. ) ;
#3425 = DIRECTION ( 'NONE',  ( -1.000000000000000000, 0.000000000000000000, 0.000000000000000000 ) ) ;
#3426 = EDGE_LOOP ( 'NONE', ( #4675, #1862, #1194, #1291 ) ) ;
#3427 = CARTESIAN_POINT ( 'NONE',  ( 8.000000000000000000, 8.000000000000000000, 4.169999999999999929 ) ) ;
#3428 = AXIS2_PLACEMENT_3D ( 'NONE', #5927, #3207, #1727 ) ;
#3429 = EDGE_LOOP ( 'NONE', ( #1924, #1881, #4376, #1687 ) ) ;
#3430 = EDGE_CURVE ( 'NONE', #4822, #437, #5045, .T. ) ;
#3431 = DIRECTION ( 'NONE',  ( -0.4999999999999998890, -0.8660254037844388186, 0.000000000000000000 ) ) ;
#3432 = CARTESIAN_POINT ( 'NONE',  ( -15.81469496456674939, -9.093435290907079249, -5.000000000000000000 ) ) ;
#3433 = CIRCLE ( 'NONE', #5008, 0.4299999999999997713 ) ;
#3434 = CARTESIAN_POINT ( 'NONE',  ( 6.891765691606369485E-14, -1.759653278486404839E-14, 5.002000000000000668 ) ) ;
#3435 = ORIENTED_EDGE ( 'NONE', *, *, #3574, .F. ) ;
#3436 = FACE_OUTER_BOUND ( 'NONE', #2296, .T. ) ;
#3437 = ORIENTED_EDGE ( 'NONE', *, *, #392, .T. ) ;
#3438 = AXIS2_PLACEMENT_3D ( 'NONE', #4950, #5481, #1284 ) ;
#3439 = DIRECTION ( 'NONE',  ( -0.000000000000000000, -0.000000000000000000, 1.000000000000000000 ) ) ;
#3440 = DIRECTION ( 'NONE',  ( 0.000000000000000000, 0.000000000000000000, -1.000000000000000000 ) ) ;
#3441 = VERTEX_POINT ( 'NONE', #3661 ) ;
#3442 = CYLINDRICAL_SURFACE ( 'NONE', #1077, 0.4299999999999997713 ) ;
#3443 = ORIENTED_EDGE ( 'NONE', *, *, #4172, .T. ) ;
#3444 = ORIENTED_EDGE ( 'NONE', *, *, #4966, .F. ) ;
#3445 = CYLINDRICAL_SURFACE ( 'NONE', #5682, 0.4299999999999993272 ) ;
#3446 = ORIENTED_EDGE ( 'NONE', *, *, #3282, .T. ) ;
#3447 = CARTESIAN_POINT ( 'NONE',  ( 1.718949636520939794, -18.02275782191794917, -5.000000000000000000 ) ) ;
#3448 = DIRECTION ( 'NONE',  ( 0.000000000000000000, 0.000000000000000000, -1.000000000000000000 ) ) ;
#3449 = CARTESIAN_POINT ( 'NONE',  ( 2.145599264782074744, -17.96918455708715001, -5.000000000000000000 ) ) ;
#3450 = EDGE_LOOP ( 'NONE', ( #5067, #4995, #2040, #4235 ) ) ;
#3451 = EDGE_CURVE ( 'NONE', #1320, #119, #5895, .T. ) ;
#3452 = CIRCLE ( 'NONE', #4443, 1.764902496759994666 ) ;
#3453 = CYLINDRICAL_SURFACE ( 'NONE', #1432, 1.764902496759994666 ) ;
#3454 = ORIENTED_EDGE ( 'NONE', *, *, #13, .F. ) ;
#3455 = VECTOR ( 'NONE', #5846, 1000.000000000000000 ) ;
#3456 = FACE_BOUND ( 'NONE', #5632, .T. ) ;
#3457 = DIRECTION ( 'NONE',  ( -0.000000000000000000, -0.000000000000000000, -1.000000000000000000 ) ) ;
#3458 = CARTESIAN_POINT ( 'NONE',  ( -4.690439747858770048, -17.62937653985284925, 5.002000000000000668 ) ) ;
#3459 = ORIENTED_EDGE ( 'NONE', *, *, #4131, .F. ) ;
#3460 = EDGE_CURVE ( 'NONE', #2505, #1025, #2938, .T. ) ;
#3461 = CYLINDRICAL_SURFACE ( 'NONE', #5717, 18.52682817102720136 ) ;
#3462 = CIRCLE ( 'NONE', #818, 0.4299999999999997713 ) ;
#3463 = VERTEX_POINT ( 'NONE', #867 ) ;
#3464 = EDGE_CURVE ( 'NONE', #5564, #5006, #1760, .T. ) ;
#3465 = FACE_OUTER_BOUND ( 'NONE', #389, .T. ) ;
#3466 = LINE ( 'NONE', #5316, #922 ) ;
#3467 = AXIS2_PLACEMENT_3D ( 'NONE', #5124, #32, #1923 ) ;
#3468 = DIRECTION ( 'NONE',  ( 0.000000000000000000, 0.000000000000000000, 1.000000000000000000 ) ) ;
#3469 = EDGE_LOOP ( 'NONE', ( #4524, #1405, #214, #2465 ) ) ;
#3470 = CARTESIAN_POINT ( 'NONE',  ( -16.52445980553209992, 0.3711837165545124884, -5.000000000000000000 ) ) ;
#3471 = ORIENTED_EDGE ( 'NONE', *, *, #3544, .F. ) ;
#3472 = VECTOR ( 'NONE', #1621, 1000.000000000000000 ) ;
#3473 = CARTESIAN_POINT ( 'NONE',  ( 15.78249345187884778, 9.149209946963129170, 5.002000000000000668 ) ) ;
#3474 = AXIS2_PLACEMENT_3D ( 'NONE', #3220, #888, #2758 ) ;
#3475 = DIRECTION ( 'NONE',  ( -0.000000000000000000, -0.000000000000000000, -1.000000000000000000 ) ) ;
#3476 = ORIENTED_EDGE ( 'NONE', *, *, #4337, .T. ) ;
#3477 = DIRECTION ( 'NONE',  ( 0.000000000000000000, 0.000000000000000000, 1.000000000000000000 ) ) ;
#3478 = EDGE_LOOP ( 'NONE', ( #422, #5969, #2565, #1968 ) ) ;
#3479 = DIRECTION ( 'NONE',  ( -0.9659258262890689783, -0.2588190451025180194, 0.000000000000000000 ) ) ;
#3480 = PLANE ( 'NONE',  #3117 ) ;
#3481 = LINE ( 'NONE', #4901, #4614 ) ;
#3482 = VERTEX_POINT ( 'NONE', #2186 ) ;
#3483 = CARTESIAN_POINT ( 'NONE',  ( -18.02275782191794917, -1.718949636520939794, 5.002000000000000668 ) ) ;
#3484 = ORIENTED_EDGE ( 'NONE', *, *, #5517, .F. ) ;
#3485 = EDGE_CURVE ( 'NONE', #4521, #2007, #2547, .T. ) ;
#3486 = PLANE ( 'NONE',  #1262 ) ;
#3487 = LINE ( 'NONE', #1155, #1503 ) ;
#3488 = DIRECTION ( 'NONE',  ( 0.000000000000000000, 0.000000000000000000, 1.000000000000000000 ) ) ;
#3489 = ORIENTED_EDGE ( 'NONE', *, *, #4563, .F. ) ;
#3490 = LINE ( 'NONE', #5371, #5326 ) ;
#3491 = CYLINDRICAL_SURFACE ( 'NONE', #359, 7.100000000000000533 ) ;
#3492 = VERTEX_POINT ( 'NONE', #369 ) ;
#3493 = EDGE_CURVE ( 'NONE', #5025, #42, #1559, .T. ) ;
#3494 = CYLINDRICAL_SURFACE ( 'NONE', #1749, 1.764902496759995110 ) ;
#3495 = CIRCLE ( 'NONE', #2021, 1.764902496759994666 ) ;
#3496 = DIRECTION ( 'NONE',  ( 1.000000000000000000, 0.000000000000000000, 0.000000000000000000 ) ) ;
#3497 = ORIENTED_EDGE ( 'NONE', *, *, #3174, .F. ) ;
#3498 = DIRECTION ( 'NONE',  ( 6.123233995736784525E-17, -1.000000000000000000, 0.000000000000000000 ) ) ;
#3499 = CIRCLE ( 'NONE', #854, 19.02682817102745005 ) ;
#3500 = ORIENTED_EDGE ( 'NONE', *, *, #2752, .T. ) ;
#3501 = EDGE_CURVE ( 'NONE', #2613, #1838, #5999, .T. ) ;
#3502 = AXIS2_PLACEMENT_3D ( 'NONE', #723, #2036, #2469 ) ;
#3503 = DIRECTION ( 'NONE',  ( -0.4999999999999998890, 0.8660254037844388186, 0.000000000000000000 ) ) ;
#3504 = CARTESIAN_POINT ( 'NONE',  ( 0.3711837165545224804, -16.52445980553209992, 5.000000000000000000 ) ) ;
#3505 = CARTESIAN_POINT ( 'NONE',  ( -2.639540076345805009, -18.33783493938529929, 5.000000000000000000 ) ) ;
#3506 = CARTESIAN_POINT ( 'NONE',  ( -4.635380845820800566, 15.86533307656284819, -5.000000000000000000 ) ) ;
#3507 = EDGE_LOOP ( 'NONE', ( #3810, #3396, #3394, #1665 ) ) ;
#3508 = CIRCLE ( 'NONE', #4890, 1.764902496759995332 ) ;
#3509 = AXIS2_PLACEMENT_3D ( 'NONE', #4073, #5958, #3178 ) ;
#3510 = DIRECTION ( 'NONE',  ( 0.2588190451025180194, 0.9659258262890689783, 0.000000000000000000 ) ) ;
#3511 = CARTESIAN_POINT ( 'NONE',  ( 15.78249345187884778, -9.149209946963118512, 5.000000000000000000 ) ) ;
#3512 = EDGE_LOOP ( 'NONE', ( #4345, #4709, #440, #4479 ) ) ;
#3513 = DIRECTION ( 'NONE',  ( 0.000000000000000000, 0.000000000000000000, 1.000000000000000000 ) ) ;
#3514 = AXIS2_PLACEMENT_3D ( 'NONE', #5821, #1103, #4761 ) ;
#3515 = ORIENTED_EDGE ( 'NONE', *, *, #3493, .T. ) ;
#3516 = AXIS2_PLACEMENT_3D ( 'NONE', #2484, #3928, #3959 ) ;
#3517 = FACE_OUTER_BOUND ( 'NONE', #357, .T. ) ;
#3518 = AXIS2_PLACEMENT_3D ( 'NONE', #2868, #1028, #78 ) ;
#3519 = CARTESIAN_POINT ( 'NONE',  ( 0.000000000000000000, 0.000000000000000000, 4.000000000000000000 ) ) ;
#3520 = DIRECTION ( 'NONE',  ( -0.000000000000000000, -0.000000000000000000, 1.000000000000000000 ) ) ;
#3521 = DIRECTION ( 'NONE',  ( 0.000000000000000000, 0.000000000000000000, 1.000000000000000000 ) ) ;
#3522 = ORIENTED_EDGE ( 'NONE', *, *, #1693, .F. ) ;
#3523 = CARTESIAN_POINT ( 'NONE',  ( 16.63456994411955137, -7.126448808901080234, -5.000000000000000000 ) ) ;
#3524 = DIRECTION ( 'NONE',  ( 1.000000000000000000, 0.000000000000000000, 0.000000000000000000 ) ) ;
#3525 = AXIS2_PLACEMENT_3D ( 'NONE', #4350, #1543, #1607 ) ;
#3526 = ORIENTED_EDGE ( 'NONE', *, *, #3252, .F. ) ;
#3527 = AXIS2_PLACEMENT_3D ( 'NONE', #2461, #2955, #3963 ) ;
#3528 = CARTESIAN_POINT ( 'NONE',  ( -9.757819552369539906E-16, 2.376571162088225214E-13, 5.000000000000000000 ) ) ;
#3529 = ORIENTED_EDGE ( 'NONE', *, *, #2858, .T. ) ;
#3530 = CARTESIAN_POINT ( 'NONE',  ( 7.940775374758730187, -14.49619383368293946, -5.000000000000000000 ) ) ;
#3531 = EDGE_CURVE ( 'NONE', #3909, #5794, #481, .T. ) ;
#3532 = ORIENTED_EDGE ( 'NONE', *, *, #5543, .F. ) ;
#3533 = AXIS2_PLACEMENT_3D ( 'NONE', #3999, #5890, #5978 ) ;
#3534 = ORIENTED_EDGE ( 'NONE', *, *, #4062, .T. ) ;
#3535 = EDGE_CURVE ( 'NONE', #5408, #3492, #5552, .T. ) ;
#3536 = CARTESIAN_POINT ( 'NONE',  ( -9.939567796041171274E-16, -1.084202172485504040E-15, 6.500000000000000000 ) ) ;
#3537 = EDGE_CURVE ( 'NONE', #4247, #1449, #789, .T. ) ;
#3538 = CARTESIAN_POINT ( 'NONE',  ( -9.757819552369539906E-16, 2.376571162088225214E-13, -5.000000000000000000 ) ) ;
#3539 = CYLINDRICAL_SURFACE ( 'NONE', #3690, 16.52862817102734638 ) ;
#3540 = ADVANCED_FACE ( 'NONE', ( #5422 ), #1264, .T. ) ;
#3541 = ORIENTED_EDGE ( 'NONE', *, *, #4823, .F. ) ;
#3542 = CARTESIAN_POINT ( 'NONE',  ( -14.22330004254517988, -11.18896446287264013, 5.000000000000000000 ) ) ;
#3543 = DIRECTION ( 'NONE',  ( 0.000000000000000000, 0.000000000000000000, 1.000000000000000000 ) ) ;
#3544 = EDGE_CURVE ( 'NONE', #158, #2748, #4805, .T. ) ;
#3545 = ORIENTED_EDGE ( 'NONE', *, *, #1023, .T. ) ;
#3546 = DIRECTION ( 'NONE',  ( -0.4999999999999999445, -0.8660254037844387076, 0.000000000000000000 ) ) ;
#3547 = ORIENTED_EDGE ( 'NONE', *, *, #4936, .T. ) ;
#3548 = FACE_OUTER_BOUND ( 'NONE', #5535, .T. ) ;
#3549 = EDGE_CURVE ( 'NONE', #2196, #3095, #193, .T. ) ;
#3550 = DIRECTION ( 'NONE',  ( 0.000000000000000000, 0.000000000000000000, 1.000000000000000000 ) ) ;
#3551 = PRODUCT_CONTEXT ( 'NONE', #3774, 'mechanical' ) ;
#3552 = ORIENTED_EDGE ( 'NONE', *, *, #1580, .T. ) ;
#3553 = CARTESIAN_POINT ( 'NONE',  ( 16.96375033764019946, 6.325010817588569978, 5.002000000000000668 ) ) ;
#3554 = DIRECTION ( 'NONE',  ( 0.000000000000000000, 0.000000000000000000, 1.000000000000000000 ) ) ;
#3555 = ORIENTED_EDGE ( 'NONE', *, *, #4662, .F. ) ;
#3556 = AXIS2_PLACEMENT_3D ( 'NONE', #3573, #375, #2623 ) ;
#3557 = DIRECTION ( 'NONE',  ( -0.000000000000000000, -0.000000000000000000, -1.000000000000000000 ) ) ;
#3558 = CARTESIAN_POINT ( 'NONE',  ( 11.42209106089458004, -11.94702410697802009, -5.000000000000000000 ) ) ;
#3559 = DIRECTION ( 'NONE',  ( 0.000000000000000000, 0.000000000000000000, 1.000000000000000000 ) ) ;
#3560 = ORIENTED_EDGE ( 'NONE', *, *, #195, .T. ) ;
#3561 = CIRCLE ( 'NONE', #4937, 0.4299999999999997713 ) ;
#3562 = DIRECTION ( 'NONE',  ( 1.000000000000000000, 0.000000000000000000, 0.000000000000000000 ) ) ;
#3563 = ORIENTED_EDGE ( 'NONE', *, *, #4437, .T. ) ;
#3564 = ORIENTED_EDGE ( 'NONE', *, *, #525, .T. ) ;
#3565 = CIRCLE ( 'NONE', #6044, 16.52862817102734638 ) ;
#3566 = CIRCLE ( 'NONE', #2284, 18.52682817102720136 ) ;
#3567 = ADVANCED_FACE ( 'NONE', ( #4090 ), #2654, .T. ) ;
#3568 = DIRECTION ( 'NONE',  ( 0.000000000000000000, 0.000000000000000000, -1.000000000000000000 ) ) ;
#3569 = DIRECTION ( 'NONE',  ( 0.000000000000000000, 0.000000000000000000, 1.000000000000000000 ) ) ;
#3570 = CYLINDRICAL_SURFACE ( 'NONE', #3786, 0.4299999999999997713 ) ;
#3571 = AXIS2_PLACEMENT_3D ( 'NONE', #5851, #1561, #1132 ) ;
#3572 = ORIENTED_EDGE ( 'NONE', *, *, #1415, .F. ) ;
#3573 = CARTESIAN_POINT ( 'NONE',  ( -8.000000000000000000, 8.000000000000000000, 6.500000000000000000 ) ) ;
#3574 = EDGE_CURVE ( 'NONE', #1683, #396, #2655, .T. ) ;
#3575 = VECTOR ( 'NONE', #1066, 1000.000000000000000 ) ;
#3576 = DIRECTION ( 'NONE',  ( -0.7071067811865475727, 0.7071067811865475727, 0.000000000000000000 ) ) ;
#3577 = ORIENTED_EDGE ( 'NONE', *, *, #3885, .F. ) ;
#3578 = ORIENTED_EDGE ( 'NONE', *, *, #4245, .T. ) ;
#3579 = CARTESIAN_POINT ( 'NONE',  ( -9.757819552369539906E-16, 2.376571162088225214E-13, 5.000000000000000000 ) ) ;
#3580 = ADVANCED_FACE ( 'NONE', ( #3632 ), #1691, .T. ) ;
#3581 = EDGE_CURVE ( 'NONE', #6013, #5222, #1465, .T. ) ;
#3582 = DIRECTION ( 'NONE',  ( 0.000000000000000000, -1.000000000000000000, 0.000000000000000000 ) ) ;
#3583 = CARTESIAN_POINT ( 'NONE',  ( 16.05747190671534952, 3.918308969584845425, -5.000000000000000000 ) ) ;
#3584 = EDGE_LOOP ( 'NONE', ( #4009, #5259, #4498, #3740 ) ) ;
#3585 = EDGE_CURVE ( 'NONE', #691, #4039, #984, .T. ) ;
#3586 = DIRECTION ( 'NONE',  ( 1.000000000000000000, 0.000000000000000000, 0.000000000000000000 ) ) ;
#3587 = DIRECTION ( 'NONE',  ( 0.4999999999999999445, -0.8660254037844387076, 0.000000000000000000 ) ) ;
#3588 = VERTEX_POINT ( 'NONE', #952 ) ;
#3589 = DIRECTION ( 'NONE',  ( 0.7071067811865475727, -0.7071067811865475727, 0.000000000000000000 ) ) ;
#3590 = CARTESIAN_POINT ( 'NONE',  ( -7.522724857905810580, -16.46764093829609976, 5.002000000000000668 ) ) ;
#3591 = DIRECTION ( 'NONE',  ( 0.000000000000000000, 0.000000000000000000, 1.000000000000000000 ) ) ;
#3592 = EDGE_LOOP ( 'NONE', ( #4107, #3063, #3056, #5548 ) ) ;
#3593 = CARTESIAN_POINT ( 'NONE',  ( -4.969787286824980024E-14, -5.088617526617949668E-14, 5.002000000000000668 ) ) ;
#3594 = ORIENTED_EDGE ( 'NONE', *, *, #4580, .F. ) ;
#3595 = ORIENTED_EDGE ( 'NONE', *, *, #1731, .T. ) ;
#3596 = AXIS2_PLACEMENT_3D ( 'NONE', #598, #3417, #2030 ) ;
#3597 = DIRECTION ( 'NONE',  ( -0.000000000000000000, -0.000000000000000000, 1.000000000000000000 ) ) ;
#3598 = CARTESIAN_POINT ( 'NONE',  ( -11.10037075072117929, 14.83324412511671930, 5.000000000000000000 ) ) ;
#3599 = AXIS2_PLACEMENT_3D ( 'NONE', #4425, #5372, #3524 ) ;
#3600 = DIRECTION ( 'NONE',  ( 0.000000000000000000, 0.000000000000000000, 1.000000000000000000 ) ) ;
#3601 = VERTEX_POINT ( 'NONE', #3718 ) ;
#3602 = VECTOR ( 'NONE', #4967, 1000.000000000000000 ) ;
#3603 = CIRCLE ( 'NONE', #5973, 16.52862817102734994 ) ;
#3604 = CARTESIAN_POINT ( 'NONE',  ( -17.91222139392874979, 2.578277445616404595, 5.000000000000000000 ) ) ;
#3605 = CARTESIAN_POINT ( 'NONE',  ( 0.000000000000000000, 0.000000000000000000, -6.500000000000000000 ) ) ;
#3606 = ORIENTED_EDGE ( 'NONE', *, *, #578, .T. ) ;
#3607 = DIRECTION ( 'NONE',  ( 0.000000000000000000, 0.000000000000000000, 1.000000000000000000 ) ) ;
#3608 = CIRCLE ( 'NONE', #5583, 16.52862817102734994 ) ;
#3609 = AXIS2_PLACEMENT_3D ( 'NONE', #5560, #410, #5229 ) ;
#3610 = EDGE_CURVE ( 'NONE', #4697, #6031, #3433, .T. ) ;
#3611 = EDGE_CURVE ( 'NONE', #5015, #2647, #692, .T. ) ;
#3612 = VECTOR ( 'NONE', #5452, 1000.000000000000000 ) ;
#3613 = DIRECTION ( 'NONE',  ( 0.000000000000000000, 0.000000000000000000, 1.000000000000000000 ) ) ;
#3614 = CIRCLE ( 'NONE', #5090, 18.52682817102720136 ) ;
#3615 = CARTESIAN_POINT ( 'NONE',  ( 10.14999999999999858, 8.000000000000000000, 4.169999999999999929 ) ) ;
#3616 = EDGE_LOOP ( 'NONE', ( #3968, #2975, #2117, #583 ) ) ;
#3617 = EDGE_CURVE ( 'NONE', #3164, #5506, #390, .T. ) ;
#3618 = CARTESIAN_POINT ( 'NONE',  ( 0.3711837165545154860, 16.52445980553209992, 5.002000000000000668 ) ) ;
#3619 = EDGE_CURVE ( 'NONE', #5278, #2417, #2304, .T. ) ;
#3620 = ORIENTED_EDGE ( 'NONE', *, *, #5549, .F. ) ;
#3621 = VECTOR ( 'NONE', #98, 1000.000000000000000 ) ;
#3622 = AXIS2_PLACEMENT_3D ( 'NONE', #3028, #3976, #4907 ) ;
#3623 = DIRECTION ( 'NONE',  ( 0.000000000000000000, 0.000000000000000000, 1.000000000000000000 ) ) ;
#3624 = AXIS2_PLACEMENT_3D ( 'NONE', #1118, #197, #5775 ) ;
#3625 = CARTESIAN_POINT ( 'NONE',  ( -8.000000000000000000, 8.000000000000000000, 1.500000000000000000 ) ) ;
#3626 = ORIENTED_EDGE ( 'NONE', *, *, #2452, .F. ) ;
#3627 = LINE ( 'NONE', #4173, #4812 ) ;
#3628 = ORIENTED_EDGE ( 'NONE', *, *, #5511, .F. ) ;
#3629 = ORIENTED_EDGE ( 'NONE', *, *, #5071, .F. ) ;
#3630 = VECTOR ( 'NONE', #2589, 1000.000000000000000 ) ;
#3631 = CARTESIAN_POINT ( 'NONE',  ( 11.45482623011524126, 14.56126086974063938, -5.000000000000000000 ) ) ;
#3632 = FACE_OUTER_BOUND ( 'NONE', #6036, .T. ) ;
#3633 = AXIS2_PLACEMENT_3D ( 'NONE', #1755, #3569, #280 ) ;
#3634 = DIRECTION ( 'NONE',  ( 0.000000000000000000, 0.000000000000000000, 1.000000000000000000 ) ) ;
#3635 = ORIENTED_EDGE ( 'NONE', *, *, #500, .T. ) ;
#3636 = CARTESIAN_POINT ( 'NONE',  ( -15.78249345187884778, -9.149209946963129170, -5.000000000000000000 ) ) ;
#3637 = CARTESIAN_POINT ( 'NONE',  ( 10.84273574818606001, -14.48897067933744154, 5.000000000000000000 ) ) ;
#3638 = CARTESIAN_POINT ( 'NONE',  ( 0.000000000000000000, 1.165057210878772069E-15, 6.500000000000000000 ) ) ;
#3639 = VERTEX_POINT ( 'NONE', #4180 ) ;
#3640 = CYLINDRICAL_SURFACE ( 'NONE', #4095, 18.52682817102720136 ) ;
#3641 = ORIENTED_EDGE ( 'NONE', *, *, #3308, .T. ) ;
#3642 = DIRECTION ( 'NONE',  ( 0.000000000000000000, 0.000000000000000000, -1.000000000000000000 ) ) ;
#3643 = FACE_OUTER_BOUND ( 'NONE', #2877, .T. ) ;
#3644 = ADVANCED_FACE ( 'NONE', ( #1844 ), #5219, .F. ) ;
#3645 = DIRECTION ( 'NONE',  ( 0.000000000000000000, 0.000000000000000000, -1.000000000000000000 ) ) ;
#3646 = ORIENTED_EDGE ( 'NONE', *, *, #1187, .T. ) ;
#3647 = DIRECTION ( 'NONE',  ( -1.836970198721027715E-16, 1.000000000000000000, 0.000000000000000000 ) ) ;
#3648 = EDGE_LOOP ( 'NONE', ( #3285, #5245, #3446, #3547 ) ) ;
#3649 = CARTESIAN_POINT ( 'NONE',  ( 11.45482623011524126, 14.56126086974063938, 5.000000000000000000 ) ) ;
#3650 = DIRECTION ( 'NONE',  ( 0.000000000000000000, 0.000000000000000000, -1.000000000000000000 ) ) ;
#3651 = ADVANCED_FACE ( 'NONE', ( #5192 ), #67, .F. ) ;
#3652 = CYLINDRICAL_SURFACE ( 'NONE', #5742, 16.52862817102734994 ) ;
#3653 = EDGE_LOOP ( 'NONE', ( #6043, #2394, #4491, #734 ) ) ;
#3654 = FACE_OUTER_BOUND ( 'NONE', #3259, .T. ) ;
#3655 = CIRCLE ( 'NONE', #3748, 0.4299999999999998823 ) ;
#3656 = EDGE_LOOP ( 'NONE', ( #6046, #33, #5654, #3545 ) ) ;
#3657 = EDGE_LOOP ( 'NONE', ( #623, #5807, #2492, #4430 ) ) ;
#3658 = ADVANCED_FACE ( 'NONE', ( #2395 ), #5577, .T. ) ;
#3659 = VECTOR ( 'NONE', #5698, 1000.000000000000000 ) ;
#3660 = CARTESIAN_POINT ( 'NONE',  ( -9.757819552369539906E-16, 2.376571162088225214E-13, 5.000000000000000000 ) ) ;
#3661 = CARTESIAN_POINT ( 'NONE',  ( 14.12501011712842036, -8.583684430773390162, 5.000000000000000000 ) ) ;
#3662 = DIRECTION ( 'NONE',  ( 0.000000000000000000, 0.000000000000000000, 1.000000000000000000 ) ) ;
#3663 = PRODUCT_DEFINITION_FORMATION_WITH_SPECIFIED_SOURCE ( 'ANY', '', #5376, .NOT_KNOWN. ) ;
#3664 = ORIENTED_EDGE ( 'NONE', *, *, #1811, .F. ) ;
#3665 = CARTESIAN_POINT ( 'NONE',  ( -19.02682817102745005, -1.165057210878773844E-15, -5.000000000000000000 ) ) ;
#3666 = FACE_OUTER_BOUND ( 'NONE', #2724, .T. ) ;
#3667 = VECTOR ( 'NONE', #4545, 1000.000000000000000 ) ;
#3668 = LINE ( 'NONE', #316, #5509 ) ;
#3669 = VERTEX_POINT ( 'NONE', #1374 ) ;
#3670 = CYLINDRICAL_SURFACE ( 'NONE', #3609, 0.4300000000000000488 ) ;
#3671 = VECTOR ( 'NONE', #5336, 1000.000000000000000 ) ;
#3672 = CARTESIAN_POINT ( 'NONE',  ( -10.50003296401211905, -14.74869130177517995, -5.000000000000000000 ) ) ;
#3673 = DIRECTION ( 'NONE',  ( 1.000000000000000000, 0.000000000000000000, 0.000000000000000000 ) ) ;
#3674 = EDGE_LOOP ( 'NONE', ( #1313, #4081, #4299, #1728 ) ) ;
#3675 = AXIS2_PLACEMENT_3D ( 'NONE', #2015, #1584, #5754 ) ;
#3676 = LINE ( 'NONE', #298, #3206 ) ;
#3677 = EDGE_CURVE ( 'NONE', #961, #3019, #5901, .T. ) ;
#3678 = CARTESIAN_POINT ( 'NONE',  ( 14.83324412511671930, -11.10037075072115975, 5.000000000000000000 ) ) ;
#3679 = DIRECTION ( 'NONE',  ( -0.2588190451025215721, 0.9659258262890680902, 0.000000000000000000 ) ) ;
#3680 = ORIENTED_EDGE ( 'NONE', *, *, #1515, .T. ) ;
#3681 = CARTESIAN_POINT ( 'NONE',  ( -11.18896446287261881, 14.22330004254517988, -5.000000000000000000 ) ) ;
#3682 = ORIENTED_EDGE ( 'NONE', *, *, #1019, .F. ) ;
#3683 = VERTEX_POINT ( 'NONE', #1933 ) ;
#3684 = ADVANCED_FACE ( 'NONE', ( #3744 ), #6065, .T. ) ;
#3685 = ADVANCED_FACE ( 'NONE', ( #2365 ), #4241, .T. ) ;
#3686 = CARTESIAN_POINT ( 'NONE',  ( 2.578277445616415253, 17.91222139392874979, -5.000000000000000000 ) ) ;
#3687 = VERTEX_POINT ( 'NONE', #4617 ) ;
#3688 = CARTESIAN_POINT ( 'NONE',  ( -8.583684430773409701, 14.12501011712842036, 5.002000000000000668 ) ) ;
#3689 = CARTESIAN_POINT ( 'NONE',  ( -9.757819552369539906E-16, 2.376571162088225214E-13, 5.000000000000000000 ) ) ;
#3690 = AXIS2_PLACEMENT_3D ( 'NONE', #4497, #281, #461 ) ;
#3691 = ORIENTED_EDGE ( 'NONE', *, *, #995, .F. ) ;
#3692 = EDGE_CURVE ( 'NONE', #1217, #2323, #5103, .T. ) ;
#3693 = CIRCLE ( 'NONE', #5574, 0.4299999999999998823 ) ;
#3694 = ORIENTED_EDGE ( 'NONE', *, *, #4527, .T. ) ;
#3695 = LINE ( 'NONE', #958, #3411 ) ;
#3696 = VERTEX_POINT ( 'NONE', #5637 ) ;
#3697 = AXIS2_PLACEMENT_3D ( 'NONE', #5864, #5332, #2071 ) ;
#3698 = CARTESIAN_POINT ( 'NONE',  ( -18.39615160824795126, -2.196580998991910061, -5.000000000000000000 ) ) ;
#3699 = CYLINDRICAL_SURFACE ( 'NONE', #2645, 1.764902496759994444 ) ;
#3700 = ORIENTED_EDGE ( 'NONE', *, *, #5500, .F. ) ;
#3701 = VECTOR ( 'NONE', #2063, 1000.000000000000000 ) ;
#3702 = DIRECTION ( 'NONE',  ( 0.000000000000000000, 0.000000000000000000, 1.000000000000000000 ) ) ;
#3703 = AXIS2_PLACEMENT_3D ( 'NONE', #4649, #956, #438 ) ;
#3704 = AXIS2_PLACEMENT_3D ( 'NONE', #5378, #3557, #5412 ) ;
#3705 = CYLINDRICAL_SURFACE ( 'NONE', #2242, 0.4299999999999993272 ) ;
#3706 = LINE ( 'NONE', #1003, #2495 ) ;
#3707 = DIRECTION ( 'NONE',  ( -0.2588190451025206285, -0.9659258262890684232, 0.000000000000000000 ) ) ;
#3708 = ORIENTED_EDGE ( 'NONE', *, *, #832, .T. ) ;
#3709 = CARTESIAN_POINT ( 'NONE',  ( 14.49619383368293946, 7.940775374758730187, -5.000000000000000000 ) ) ;
#3710 = CIRCLE ( 'NONE', #1942, 1.764902496759995110 ) ;
#3711 = CIRCLE ( 'NONE', #3622, 1.764902496759994888 ) ;
#3712 = ORIENTED_EDGE ( 'NONE', *, *, #4892, .F. ) ;
#3713 = VECTOR ( 'NONE', #2011, 999.9999999999998863 ) ;
#3714 = CARTESIAN_POINT ( 'NONE',  ( -13.95949521606315891, -11.52853332705896072, 5.002000000000000668 ) ) ;
#3715 = DIRECTION ( 'NONE',  ( 1.000000000000000000, 0.000000000000000000, 0.000000000000000000 ) ) ;
#3716 = VERTEX_POINT ( 'NONE', #6040 ) ;
#3717 = EDGE_CURVE ( 'NONE', #2711, #2515, #1906, .T. ) ;
#3718 = CARTESIAN_POINT ( 'NONE',  ( 14.74869130177516041, -10.50003296401211905, -5.000000000000000000 ) ) ;
#3719 = DIRECTION ( 'NONE',  ( 0.000000000000000000, 0.000000000000000000, -1.000000000000000000 ) ) ;
#3720 = VECTOR ( 'NONE', #2690, 1000.000000000000000 ) ;
#3721 = EDGE_CURVE ( 'NONE', #2060, #3878, #14, .T. ) ;
#3722 = ORIENTED_EDGE ( 'NONE', *, *, #5356, .T. ) ;
#3723 = EDGE_CURVE ( 'NONE', #3334, #4883, #291, .T. ) ;
#3724 = AXIS2_PLACEMENT_3D ( 'NONE', #2026, #1527, #3868 ) ;
#3725 = DIRECTION ( 'NONE',  ( 0.000000000000000000, 0.000000000000000000, 1.000000000000000000 ) ) ;
#3726 = EDGE_CURVE ( 'NONE', #72, #3408, #4909, .T. ) ;
#3727 = VERTEX_POINT ( 'NONE', #1497 ) ;
#3728 = CARTESIAN_POINT ( 'NONE',  ( -3.918308969584829438, -16.05747190671534952, -5.000000000000000000 ) ) ;
#3729 = VERTEX_POINT ( 'NONE', #3842 ) ;
#3730 = AXIS2_PLACEMENT_3D ( 'NONE', #3681, #3223, #1312 ) ;
#3731 = ADVANCED_FACE ( 'NONE', ( #5733 ), #4884, .T. ) ;
#3732 = CYLINDRICAL_SURFACE ( 'NONE', #76, 1.764902496759994444 ) ;
#3733 = AXIS2_PLACEMENT_3D ( 'NONE', #4300, #1488, #5692 ) ;
#3734 = ORIENTED_EDGE ( 'NONE', *, *, #1377, .T. ) ;
#3735 = EDGE_CURVE ( 'NONE', #4744, #4087, #978, .T. ) ;
#3736 = DIRECTION ( 'NONE',  ( 0.000000000000000000, 0.000000000000000000, -1.000000000000000000 ) ) ;
#3737 = CARTESIAN_POINT ( 'NONE',  ( 6.117477020638539264E-14, 3.628951489128784993E-14, 5.000000000000000000 ) ) ;
#3738 = VERTEX_POINT ( 'NONE', #3470 ) ;
#3739 = DIRECTION ( 'NONE',  ( 0.000000000000000000, 0.000000000000000000, 1.000000000000000000 ) ) ;
#3740 = ORIENTED_EDGE ( 'NONE', *, *, #4860, .F. ) ;
#3741 = CARTESIAN_POINT ( 'NONE',  ( -16.80157748816159824, 6.723256931056099894, 5.000000000000000000 ) ) ;
#3742 = DIRECTION ( 'NONE',  ( 0.000000000000000000, 0.000000000000000000, -1.000000000000000000 ) ) ;
#3743 = VERTEX_POINT ( 'NONE', #4828 ) ;
#3744 = FACE_OUTER_BOUND ( 'NONE', #4066, .T. ) ;
#3745 = DIRECTION ( 'NONE',  ( 0.7071067811865470176, 0.7071067811865480168, 0.000000000000000000 ) ) ;
#3746 = ORIENTED_EDGE ( 'NONE', *, *, #2856, .F. ) ;
#3747 = EDGE_CURVE ( 'NONE', #25, #5384, #4421, .T. ) ;
#3748 = AXIS2_PLACEMENT_3D ( 'NONE', #3422, #2530, #4410 ) ;
#3749 = CARTESIAN_POINT ( 'NONE',  ( 17.62937653985284925, -4.690439747858770048, 5.000000000000000000 ) ) ;
#3750 = DIRECTION ( 'NONE',  ( 0.000000000000000000, 0.000000000000000000, 1.000000000000000000 ) ) ;
#3751 = ORIENTED_EDGE ( 'NONE', *, *, #1773, .T. ) ;
#3752 = CIRCLE ( 'NONE', #2086, 16.52862817102734994 ) ;
#3753 = CARTESIAN_POINT ( 'NONE',  ( -15.86533307656284819, -4.635380845820789908, -5.000000000000000000 ) ) ;
#3754 = EDGE_LOOP ( 'NONE', ( #1279, #2275, #2444, #2231 ) ) ;
#3755 = ORIENTED_EDGE ( 'NONE', *, *, #2132, .F. ) ;
#3756 = ADVANCED_FACE ( 'NONE', ( #2516 ), #3442, .T. ) ;
#3757 = CIRCLE ( 'NONE', #824, 0.4299999999999998268 ) ;
#3758 = CARTESIAN_POINT ( 'NONE',  ( -8.402566836762660350E-16, 7.112366251504910349E-14, -5.000000000000000000 ) ) ;
#3759 = EDGE_CURVE ( 'NONE', #5304, #1423, #2258, .T. ) ;
#3760 = CARTESIAN_POINT ( 'NONE',  ( -11.45482623011524126, -14.56126086974063938, 5.000000000000000000 ) ) ;
#3761 = ORIENTED_EDGE ( 'NONE', *, *, #768, .F. ) ;
#3762 = CYLINDRICAL_SURFACE ( 'NONE', #1424, 1.764902496759995998 ) ;
#3763 = AXIS2_PLACEMENT_3D ( 'NONE', #4917, #590, #1073 ) ;
#3764 = EDGE_CURVE ( 'NONE', #371, #134, #3043, .T. ) ;
#3765 = DIRECTION ( 'NONE',  ( -0.000000000000000000, -0.000000000000000000, 1.000000000000000000 ) ) ;
#3766 = DIRECTION ( 'NONE',  ( 1.000000000000000000, 0.000000000000000000, 0.000000000000000000 ) ) ;
#3767 = AXIS2_PLACEMENT_3D ( 'NONE', #2998, #3831, #4329 ) ;
#3768 = CARTESIAN_POINT ( 'NONE',  ( -9.757819552369539906E-16, 2.376571162088225214E-13, 5.000000000000000000 ) ) ;
#3769 = ORIENTED_EDGE ( 'NONE', *, *, #3581, .T. ) ;
#3770 = CARTESIAN_POINT ( 'NONE',  ( 17.20080094608644927, 6.883008709270059811, 5.000000000000000000 ) ) ;
#3771 = EDGE_LOOP ( 'NONE', ( #2677, #4119, #5681, #2913 ) ) ;
#3772 = DIRECTION ( 'NONE',  ( -1.000000000000000000, 0.000000000000000000, 0.000000000000000000 ) ) ;
#3773 = DIRECTION ( 'NONE',  ( -0.000000000000000000, -0.000000000000000000, 1.000000000000000000 ) ) ;
#3774 = APPLICATION_CONTEXT ( 'automotive_design' ) ;
#3775 = DIRECTION ( 'NONE',  ( 0.000000000000000000, 0.000000000000000000, -1.000000000000000000 ) ) ;
#3776 = ORIENTED_EDGE ( 'NONE', *, *, #4140, .T. ) ;
#3777 = DIRECTION ( 'NONE',  ( 0.7071067811865475727, 0.7071067811865475727, 0.000000000000000000 ) ) ;
#3778 = CARTESIAN_POINT ( 'NONE',  ( -1.759653278486400105E-14, -6.891765691606369485E-14, 5.002000000000000668 ) ) ;
#3779 = ORIENTED_EDGE ( 'NONE', *, *, #1249, .T. ) ;
#3780 = CARTESIAN_POINT ( 'NONE',  ( 16.46764093829609976, -7.522724857905810580, -5.000000000000000000 ) ) ;
#3781 = DIRECTION ( 'NONE',  ( 0.000000000000000000, 0.000000000000000000, 1.000000000000000000 ) ) ;
#3782 = ORIENTED_EDGE ( 'NONE', *, *, #1315, .T. ) ;
#3783 = CARTESIAN_POINT ( 'NONE',  ( -4.635380845820800566, 15.86533307656284819, 5.000000000000000000 ) ) ;
#3784 = ORIENTED_EDGE ( 'NONE', *, *, #2364, .T. ) ;
#3785 = ORIENTED_EDGE ( 'NONE', *, *, #2634, .F. ) ;
#3786 = AXIS2_PLACEMENT_3D ( 'NONE', #4531, #2120, #4583 ) ;
#3787 = DIRECTION ( 'NONE',  ( 0.7071067811865485719, -0.7071067811865465735, 0.000000000000000000 ) ) ;
#3788 = FACE_OUTER_BOUND ( 'NONE', #1997, .T. ) ;
#3789 = ORIENTED_EDGE ( 'NONE', *, *, #3079, .F. ) ;
#3790 = EDGE_CURVE ( 'NONE', #354, #1953, #3409, .T. ) ;
#3791 = CARTESIAN_POINT ( 'NONE',  ( -12.87672824649239978, -12.92226806246459958, 5.002000000000000668 ) ) ;
#3792 = CIRCLE ( 'NONE', #1144, 0.4299999999999998823 ) ;
#3793 = ORIENTED_EDGE ( 'NONE', *, *, #2001, .F. ) ;
#3794 = ADVANCED_FACE ( 'NONE', ( #5287 ), #5319, .T. ) ;
#3795 = AXIS2_PLACEMENT_3D ( 'NONE', #4348, #3880, #3022 ) ;
#3796 = AXIS2_PLACEMENT_3D ( 'NONE', #3427, #2936, #1149 ) ;
#3797 = EDGE_CURVE ( 'NONE', #5006, #5269, #3827, .T. ) ;
#3798 = CARTESIAN_POINT ( 'NONE',  ( -9.757819552369539906E-16, 2.376571162088225214E-13, 5.000000000000000000 ) ) ;
#3799 = CARTESIAN_POINT ( 'NONE',  ( 6.099999999999999645, -1.084202172485504040E-15, 6.500000000000000000 ) ) ;
#3800 = VERTEX_POINT ( 'NONE', #5795 ) ;
#3801 = EDGE_CURVE ( 'NONE', #741, #311, #5406, .T. ) ;
#3802 = FACE_OUTER_BOUND ( 'NONE', #1911, .T. ) ;
#3803 = ORIENTED_EDGE ( 'NONE', *, *, #1547, .F. ) ;
#3804 = AXIS2_PLACEMENT_3D ( 'NONE', #286, #2161, #5459 ) ;
#3805 = CONICAL_SURFACE ( 'NONE', #5488, 2.149999999999999911, 0.7853981633974503884 ) ;
#3806 = CARTESIAN_POINT ( 'NONE',  ( 11.42209106089458004, -11.94702410697802009, 5.002000000000000668 ) ) ;
#3807 = FACE_OUTER_BOUND ( 'NONE', #5197, .T. ) ;
#3808 = AXIS2_PLACEMENT_3D ( 'NONE', #3749, #5641, #1568 ) ;
#3809 = CARTESIAN_POINT ( 'NONE',  ( -6.117477020638539264E-14, -3.628951489128790042E-14, 5.002000000000000668 ) ) ;
#3810 = ORIENTED_EDGE ( 'NONE', *, *, #3764, .T. ) ;
#3811 = DIRECTION ( 'NONE',  ( 0.000000000000000000, 0.000000000000000000, -1.000000000000000000 ) ) ;
#3812 = CYLINDRICAL_SURFACE ( 'NONE', #2719, 1.764902496759995554 ) ;
#3813 = VERTEX_POINT ( 'NONE', #100 ) ;
#3814 = VECTOR ( 'NONE', #4703, 1000.000000000000000 ) ;
#3815 = VECTOR ( 'NONE', #4599, 1000.000000000000000 ) ;
#3816 = DIRECTION ( 'NONE',  ( 0.000000000000000000, 0.000000000000000000, -1.000000000000000000 ) ) ;
#3817 = AXIS2_PLACEMENT_3D ( 'NONE', #5748, #3851, #3333 ) ;
#3818 = EDGE_LOOP ( 'NONE', ( #3526, #4077, #1589, #55 ) ) ;
#3819 = FACE_OUTER_BOUND ( 'NONE', #4415, .T. ) ;
#3820 = VERTEX_POINT ( 'NONE', #5381 ) ;
#3821 = ORIENTED_EDGE ( 'NONE', *, *, #4447, .T. ) ;
#3822 = CIRCLE ( 'NONE', #1269, 0.4299999999999998823 ) ;
#3823 = DIRECTION ( 'NONE',  ( 0.000000000000000000, 0.000000000000000000, -1.000000000000000000 ) ) ;
#3824 = FACE_BOUND ( 'NONE', #991, .T. ) ;
#3825 = ORIENTED_EDGE ( 'NONE', *, *, #5735, .F. ) ;
#3826 = DIRECTION ( 'NONE',  ( 0.000000000000000000, 0.000000000000000000, 1.000000000000000000 ) ) ;
#3827 = CIRCLE ( 'NONE', #4618, 0.4299999999999998823 ) ;
#3828 = ORIENTED_EDGE ( 'NONE', *, *, #5740, .F. ) ;
#3829 = EDGE_CURVE ( 'NONE', #2765, #5673, #1663, .T. ) ;
#3830 = CARTESIAN_POINT ( 'NONE',  ( 10.84273574818606001, 14.48897067933745930, 5.000000000000000000 ) ) ;
#3831 = DIRECTION ( 'NONE',  ( 0.000000000000000000, 0.000000000000000000, -1.000000000000000000 ) ) ;
#3832 = FACE_OUTER_BOUND ( 'NONE', #783, .T. ) ;
#3833 = EDGE_LOOP ( 'NONE', ( #5691, #6008, #4371, #5436 ) ) ;
#3834 = CARTESIAN_POINT ( 'NONE',  ( 11.52853332705896072, 13.95949521606318022, 5.000000000000000000 ) ) ;
#3835 = ORIENTED_EDGE ( 'NONE', *, *, #4373, .T. ) ;
#3836 = EDGE_CURVE ( 'NONE', #2209, #1514, #2455, .T. ) ;
#3837 = CARTESIAN_POINT ( 'NONE',  ( -7.112366251504910349E-14, -8.402566836762790512E-16, -5.000000000000000000 ) ) ;
#3838 = LINE ( 'NONE', #1371, #2878 ) ;
#3839 = CARTESIAN_POINT ( 'NONE',  ( 8.583684430773390162, 14.12501011712842036, 5.000000000000000000 ) ) ;
#3840 = ORIENTED_EDGE ( 'NONE', *, *, #2483, .F. ) ;
#3841 = EDGE_CURVE ( 'NONE', #2670, #1008, #4715, .T. ) ;
#3842 = CARTESIAN_POINT ( 'NONE',  ( 2.196580998991910061, 18.39615160824795126, -5.000000000000000000 ) ) ;
#3843 = CYLINDRICAL_SURFACE ( 'NONE', #5476, 16.52862817102734638 ) ;
#3844 = EDGE_LOOP ( 'NONE', ( #5164, #4257, #1750, #2435 ) ) ;
#3845 = VERTEX_POINT ( 'NONE', #1043 ) ;
#3846 = CARTESIAN_POINT ( 'NONE',  ( -16.96375033764019946, 6.325010817588560208, 5.000000000000000000 ) ) ;
#3847 = ORIENTED_EDGE ( 'NONE', *, *, #2259, .F. ) ;
#3848 = CARTESIAN_POINT ( 'NONE',  ( -9.757819552369539906E-16, 2.376571162088225214E-13, 5.000000000000000000 ) ) ;
#3849 = CYLINDRICAL_SURFACE ( 'NONE', #3795, 18.52682817102720136 ) ;
#3850 = AXIS2_PLACEMENT_3D ( 'NONE', #4700, #4128, #2391 ) ;
#3851 = DIRECTION ( 'NONE',  ( 0.000000000000000000, 0.000000000000000000, 1.000000000000000000 ) ) ;
#3852 = ORIENTED_EDGE ( 'NONE', *, *, #724, .F. ) ;
#3853 = CARTESIAN_POINT ( 'NONE',  ( 5.850000000000000533, 8.000000000000000000, 4.169999999999999929 ) ) ;
#3854 = ORIENTED_EDGE ( 'NONE', *, *, #987, .F. ) ;
#3855 = AXIS2_PLACEMENT_3D ( 'NONE', #3434, #4910, #2048 ) ;
#3856 = DIRECTION ( 'NONE',  ( 0.000000000000000000, 0.000000000000000000, 1.000000000000000000 ) ) ;
#3857 = FACE_OUTER_BOUND ( 'NONE', #17, .T. ) ;
#3858 = DIRECTION ( 'NONE',  ( -0.8660254037844388186, -0.4999999999999995559, 0.000000000000000000 ) ) ;
#3859 = VERTEX_POINT ( 'NONE', #4340 ) ;
#3860 = CARTESIAN_POINT ( 'NONE',  ( 14.48897067933745930, -10.84273574818606001, -5.000000000000000000 ) ) ;
#3861 = EDGE_CURVE ( 'NONE', #2736, #2371, #2842, .T. ) ;
#3862 = ORIENTED_EDGE ( 'NONE', *, *, #2830, .T. ) ;
#3863 = VECTOR ( 'NONE', #4296, 1000.000000000000114 ) ;
#3864 = DIRECTION ( 'NONE',  ( -1.836970198721027715E-16, 1.000000000000000000, 0.000000000000000000 ) ) ;
#3865 = CYLINDRICAL_SURFACE ( 'NONE', #3571, 0.4299999999999998823 ) ;
#3866 = CARTESIAN_POINT ( 'NONE',  ( -8.000000000000000000, 8.000000000000000000, -53.44388806018619675 ) ) ;
#3867 = EDGE_LOOP ( 'NONE', ( #4726, #5769, #5461, #1843 ) ) ;
#3868 = DIRECTION ( 'NONE',  ( -0.2588190451025180194, -0.9659258262890689783, 0.000000000000000000 ) ) ;
#3869 = ADVANCED_FACE ( 'NONE', ( #4398 ), #1466, .F. ) ;
#3870 = CARTESIAN_POINT ( 'NONE',  ( -16.96375033764019946, 6.325010817588560208, 5.002000000000000668 ) ) ;
#3871 = EDGE_LOOP ( 'NONE', ( #878, #3350, #3862, #3310 ) ) ;
#3872 = ADVANCED_FACE ( 'NONE', ( #363 ), #1198, .T. ) ;
#3873 = CARTESIAN_POINT ( 'NONE',  ( -18.02275782191794917, 1.718949636520934909, 5.000000000000000000 ) ) ;
#3874 = LINE ( 'NONE', #4433, #3630 ) ;
#3875 = ORIENTED_EDGE ( 'NONE', *, *, #3094, .T. ) ;
#3876 = ADVANCED_FACE ( 'NONE', ( #4118 ), #6005, .T. ) ;
#3877 = DIRECTION ( 'NONE',  ( 0.000000000000000000, 0.000000000000000000, -1.000000000000000000 ) ) ;
#3878 = VERTEX_POINT ( 'NONE', #2179 ) ;
#3879 = DIRECTION ( 'NONE',  ( 1.000000000000000000, 0.000000000000000000, 0.000000000000000000 ) ) ;
#3880 = DIRECTION ( 'NONE',  ( 0.000000000000000000, 0.000000000000000000, -1.000000000000000000 ) ) ;
#3881 = CARTESIAN_POINT ( 'NONE',  ( 16.80157748816159824, 6.723256931056099894, 5.000000000000000000 ) ) ;
#3882 = ORIENTED_EDGE ( 'NONE', *, *, #4892, .T. ) ;
#3883 =( NAMED_UNIT ( * ) PLANE_ANGLE_UNIT ( ) SI_UNIT ( $, .RADIAN. ) );
#3884 = ORIENTED_EDGE ( 'NONE', *, *, #5149, .T. ) ;
#3885 = EDGE_CURVE ( 'NONE', #5794, #4652, #2659, .T. ) ;
#3886 = DIRECTION ( 'NONE',  ( 0.000000000000000000, -1.000000000000000000, 0.000000000000000000 ) ) ;
#3887 = FACE_OUTER_BOUND ( 'NONE', #3429, .T. ) ;
#3888 = DIRECTION ( 'NONE',  ( 1.000000000000000000, 0.000000000000000000, 0.000000000000000000 ) ) ;
#3889 = VERTEX_POINT ( 'NONE', #3530 ) ;
#3890 = CIRCLE ( 'NONE', #1629, 20.45497617776954868 ) ;
#3891 = CARTESIAN_POINT ( 'NONE',  ( -12.92226806246459958, 12.87672824649239978, -5.000000000000000000 ) ) ;
#3892 = ORIENTED_EDGE ( 'NONE', *, *, #4510, .T. ) ;
#3893 = VECTOR ( 'NONE', #5403, 1000.000000000000000 ) ;
#3894 = CARTESIAN_POINT ( 'NONE',  ( 17.91222139392874979, 2.578277445616415253, 5.000000000000000000 ) ) ;
#3895 = CYLINDRICAL_SURFACE ( 'NONE', #870, 18.52682817102720136 ) ;
#3896 = ORIENTED_EDGE ( 'NONE', *, *, #2193, .T. ) ;
#3897 = CARTESIAN_POINT ( 'NONE',  ( -9.757819552369539906E-16, 2.376571162088225214E-13, 5.000000000000000000 ) ) ;
#3898 = AXIS2_PLACEMENT_3D ( 'NONE', #137, #3448, #1635 ) ;
#3899 = VECTOR ( 'NONE', #1571, 1000.000000000000000 ) ;
#3900 = VERTEX_POINT ( 'NONE', #1685 ) ;
#3901 = CIRCLE ( 'NONE', #2631, 16.52862817102734638 ) ;
#3902 = CIRCLE ( 'NONE', #2735, 0.4299999999999998268 ) ;
#3903 = EDGE_CURVE ( 'NONE', #5036, #72, #985, .T. ) ;
#3904 = CARTESIAN_POINT ( 'NONE',  ( 9.093435290907079249, -15.81469496456674939, 5.000000000000000000 ) ) ;
#3905 = CARTESIAN_POINT ( 'NONE',  ( -4.635380845820769480, -15.86533307656284819, 5.002000000000000668 ) ) ;
#3906 = CARTESIAN_POINT ( 'NONE',  ( 14.74869130177516041, -10.50003296401211905, 5.002000000000000668 ) ) ;
#3907 = AXIS2_PLACEMENT_3D ( 'NONE', #4367, #2424, #4308 ) ;
#3908 = CIRCLE ( 'NONE', #1849, 16.52862817102734638 ) ;
#3909 = VERTEX_POINT ( 'NONE', #1782 ) ;
#3910 = EDGE_CURVE ( 'NONE', #969, #4489, #595, .T. ) ;
#3911 = DIRECTION ( 'NONE',  ( 0.000000000000000000, 0.000000000000000000, 1.000000000000000000 ) ) ;
#3912 = EDGE_CURVE ( 'NONE', #752, #1423, #2755, .T. ) ;
#3913 = AXIS2_PLACEMENT_3D ( 'NONE', #5361, #2966, #3973 ) ;
#3914 = CARTESIAN_POINT ( 'NONE',  ( -11.52853332705896072, -13.95949521606319976, 5.000000000000000000 ) ) ;
#3915 = CARTESIAN_POINT ( 'NONE',  ( 8.583684430773400820, -14.12501011712842036, 5.000000000000000000 ) ) ;
#3916 = ORIENTED_EDGE ( 'NONE', *, *, #2213, .F. ) ;
#3917 = CARTESIAN_POINT ( 'NONE',  ( -9.149209946963118512, -15.78249345187884778, 5.002000000000000668 ) ) ;
#3918 = AXIS2_PLACEMENT_3D ( 'NONE', #3538, #5454, #1786 ) ;
#3919 = ORIENTED_EDGE ( 'NONE', *, *, #2198, .F. ) ;
#3920 = DIRECTION ( 'NONE',  ( 0.000000000000000000, 0.000000000000000000, 1.000000000000000000 ) ) ;
#3921 = DIRECTION ( 'NONE',  ( 0.000000000000000000, 0.000000000000000000, 1.000000000000000000 ) ) ;
#3922 = VECTOR ( 'NONE', #4645, 1000.000000000000000 ) ;
#3923 = FACE_OUTER_BOUND ( 'NONE', #4721, .T. ) ;
#3924 = ORIENTED_EDGE ( 'NONE', *, *, #1738, .F. ) ;
#3925 = EDGE_CURVE ( 'NONE', #600, #2647, #4915, .T. ) ;
#3926 = DIRECTION ( 'NONE',  ( 1.000000000000000000, 0.000000000000000000, 0.000000000000000000 ) ) ;
#3927 = ORIENTED_EDGE ( 'NONE', *, *, #2759, .T. ) ;
#3928 = DIRECTION ( 'NONE',  ( 0.000000000000000000, 0.000000000000000000, -1.000000000000000000 ) ) ;
#3929 = DIRECTION ( 'NONE',  ( 0.000000000000000000, 0.000000000000000000, 1.000000000000000000 ) ) ;
#3930 = DIRECTION ( 'NONE',  ( 0.000000000000000000, 0.000000000000000000, 1.000000000000000000 ) ) ;
#3931 = ORIENTED_EDGE ( 'NONE', *, *, #1966, .T. ) ;
#3932 = DIRECTION ( 'NONE',  ( 0.4999999999999999445, 0.8660254037844387076, 0.000000000000000000 ) ) ;
#3933 = ORIENTED_EDGE ( 'NONE', *, *, #418, .T. ) ;
#3934 = CYLINDRICAL_SURFACE ( 'NONE', #4315, 0.4299999999999998823 ) ;
#3935 = CARTESIAN_POINT ( 'NONE',  ( -17.85354414464755024, 3.004255121577000143, 5.000000000000000000 ) ) ;
#3936 = DIRECTION ( 'NONE',  ( 0.9659258262890689783, 0.2588190451025180194, 0.000000000000000000 ) ) ;
#3937 = ORIENTED_EDGE ( 'NONE', *, *, #4965, .F. ) ;
#3938 = ADVANCED_FACE ( 'NONE', ( #3654 ), #3041, .T. ) ;
#3939 = DIRECTION ( 'NONE',  ( 0.7071067811865475727, -0.7071067811865475727, 0.000000000000000000 ) ) ;
#3940 = CARTESIAN_POINT ( 'NONE',  ( -14.56126086974063938, 11.45482623011524126, -5.000000000000000000 ) ) ;
#3941 = DIRECTION ( 'NONE',  ( 1.000000000000000000, 0.000000000000000000, 0.000000000000000000 ) ) ;
#3942 = ORIENTED_EDGE ( 'NONE', *, *, #3501, .T. ) ;
#3943 = AXIS2_PLACEMENT_3D ( 'NONE', #3032, #5003, #1247 ) ;
#3944 = CARTESIAN_POINT ( 'NONE',  ( -5.850000000000000533, -8.000000000000000000, 4.169999999999999929 ) ) ;
#3945 = ADVANCED_FACE ( 'NONE', ( #4085 ), #4057, .T. ) ;
#3946 = ORIENTED_EDGE ( 'NONE', *, *, #4094, .T. ) ;
#3947 = EDGE_CURVE ( 'NONE', #4859, #146, #1674, .T. ) ;
#3948 = CIRCLE ( 'NONE', #4244, 1.764902496759994888 ) ;
#3949 = CARTESIAN_POINT ( 'NONE',  ( -16.05747190671534952, -3.918308969584854751, 5.000000000000000000 ) ) ;
#3950 = FACE_OUTER_BOUND ( 'NONE', #2070, .T. ) ;
#3951 = DIRECTION ( 'NONE',  ( 0.000000000000000000, 0.000000000000000000, 1.000000000000000000 ) ) ;
#3952 = ORIENTED_EDGE ( 'NONE', *, *, #2937, .F. ) ;
#3953 = CARTESIAN_POINT ( 'NONE',  ( 2.578277445616415253, -17.91222139392874979, 5.000000000000000000 ) ) ;
#3954 = FACE_OUTER_BOUND ( 'NONE', #4463, .T. ) ;
#3955 = AXIS2_PLACEMENT_3D ( 'NONE', #2169, #3121, #4014 ) ;
#3956 = EDGE_CURVE ( 'NONE', #3146, #427, #4325, .T. ) ;
#3957 = AXIS2_PLACEMENT_3D ( 'NONE', #5755, #4358, #1156 ) ;
#3958 = ORIENTED_EDGE ( 'NONE', *, *, #5110, .T. ) ;
#3959 = DIRECTION ( 'NONE',  ( -0.4999999999999998890, -0.8660254037844388186, 0.000000000000000000 ) ) ;
#3960 = DIRECTION ( 'NONE',  ( 0.000000000000000000, 0.000000000000000000, -1.000000000000000000 ) ) ;
#3961 = AXIS2_PLACEMENT_3D ( 'NONE', #4825, #617, #3496 ) ;
#3962 = ORIENTED_EDGE ( 'NONE', *, *, #909, .F. ) ;
#3963 = DIRECTION ( 'NONE',  ( -0.7071067811865480168, 0.7071067811865470176, 0.000000000000000000 ) ) ;
#3964 = ORIENTED_EDGE ( 'NONE', *, *, #3356, .T. ) ;
#3965 = AXIS2_PLACEMENT_3D ( 'NONE', #4976, #4573, #769 ) ;
#3966 = DIRECTION ( 'NONE',  ( -0.4999999999999993894, 0.8660254037844390407, 0.000000000000000000 ) ) ;
#3967 = LINE ( 'NONE', #1569, #2346 ) ;
#3968 = ORIENTED_EDGE ( 'NONE', *, *, #534, .F. ) ;
#3969 = CARTESIAN_POINT ( 'NONE',  ( 5.850000000000000533, -8.000000000000000000, -53.44388806018619675 ) ) ;
#3970 = ORIENTED_EDGE ( 'NONE', *, *, #5263, .T. ) ;
#3971 = CARTESIAN_POINT ( 'NONE',  ( 10.50003296401211905, 14.74869130177516041, -5.000000000000000000 ) ) ;
#3972 = FACE_OUTER_BOUND ( 'NONE', #845, .T. ) ;
#3973 = DIRECTION ( 'NONE',  ( -1.000000000000000000, 0.000000000000000000, 0.000000000000000000 ) ) ;
#3974 = ORIENTED_EDGE ( 'NONE', *, *, #5582, .T. ) ;
#3975 = DIRECTION ( 'NONE',  ( 0.8660254037844388186, -0.4999999999999995559, 0.000000000000000000 ) ) ;
#3976 = DIRECTION ( 'NONE',  ( -0.000000000000000000, -0.000000000000000000, -1.000000000000000000 ) ) ;
#3977 = CARTESIAN_POINT ( 'NONE',  ( 8.000000000000000000, 8.000000000000000000, 4.169999999999999929 ) ) ;
#3978 = EDGE_CURVE ( 'NONE', #3441, #3845, #1771, .T. ) ;
#3979 = FACE_OUTER_BOUND ( 'NONE', #5870, .T. ) ;
#3980 = ORIENTED_EDGE ( 'NONE', *, *, #2634, .T. ) ;
#3981 = DIRECTION ( 'NONE',  ( -0.9659258262890689783, -0.2588190451025180194, 0.000000000000000000 ) ) ;
#3982 = CARTESIAN_POINT ( 'NONE',  ( 0.3711837165545224804, -16.52445980553209992, -5.000000000000000000 ) ) ;
#3983 = AXIS2_PLACEMENT_3D ( 'NONE', #2366, #5161, #4242 ) ;
#3984 = EDGE_CURVE ( 'NONE', #1122, #3384, #3135, .T. ) ;
#3985 = ORIENTED_EDGE ( 'NONE', *, *, #3282, .F. ) ;
#3986 = EDGE_CURVE ( 'NONE', #5796, #3482, #5448, .T. ) ;
#3987 = DIRECTION ( 'NONE',  ( 0.000000000000000000, 0.000000000000000000, -1.000000000000000000 ) ) ;
#3988 = VECTOR ( 'NONE', #794, 1000.000000000000000 ) ;
#3989 = DIRECTION ( 'NONE',  ( 0.8660254037844390407, 0.4999999999999993894, 0.000000000000000000 ) ) ;
#3990 = EDGE_CURVE ( 'NONE', #5573, #641, #4979, .T. ) ;
#3991 = ORIENTED_EDGE ( 'NONE', *, *, #409, .F. ) ;
#3992 = DIRECTION ( 'NONE',  ( 0.000000000000000000, 0.000000000000000000, 1.000000000000000000 ) ) ;
#3993 = ORIENTED_EDGE ( 'NONE', *, *, #4211, .T. ) ;
#3994 = CIRCLE ( 'NONE', #1832, 18.52682817102720136 ) ;
#3995 = ORIENTED_EDGE ( 'NONE', *, *, #1019, .T. ) ;
#3996 = CIRCLE ( 'NONE', #1339, 1.764902496759994444 ) ;
#3997 = DIRECTION ( 'NONE',  ( 0.000000000000000000, 0.000000000000000000, -1.000000000000000000 ) ) ;
#3998 = CIRCLE ( 'NONE', #566, 1.764902496759995554 ) ;
#3999 = CARTESIAN_POINT ( 'NONE',  ( 11.18896446287261881, 14.22330004254517988, 5.000000000000000000 ) ) ;
#4000 = CYLINDRICAL_SURFACE ( 'NONE', #1141, 0.4299999999999998823 ) ;
#4001 = EDGE_CURVE ( 'NONE', #3095, #2028, #2556, .T. ) ;
#4002 = VERTEX_POINT ( 'NONE', #5970 ) ;
#4003 = AXIS2_PLACEMENT_3D ( 'NONE', #4294, #88, #1954 ) ;
#4004 = DIRECTION ( 'NONE',  ( 0.000000000000000000, 0.000000000000000000, 1.000000000000000000 ) ) ;
#4005 = DIRECTION ( 'NONE',  ( -1.000000000000000000, 0.000000000000000000, 0.000000000000000000 ) ) ;
#4006 = ORIENTED_EDGE ( 'NONE', *, *, #1547, .T. ) ;
#4007 = CARTESIAN_POINT ( 'NONE',  ( -15.86533307656284819, 4.635380845820769480, 5.000000000000000000 ) ) ;
#4008 = AXIS2_PLACEMENT_3D ( 'NONE', #2332, #5635, #3195 ) ;
#4009 = ORIENTED_EDGE ( 'NONE', *, *, #4144, .F. ) ;
#4010 = AXIS2_PLACEMENT_3D ( 'NONE', #4660, #1032, #4753 ) ;
#4011 = DIRECTION ( 'NONE',  ( -0.000000000000000000, -0.000000000000000000, 1.000000000000000000 ) ) ;
#4012 = AXIS2_PLACEMENT_3D ( 'NONE', #5401, #5834, #5898 ) ;
#4013 = CARTESIAN_POINT ( 'NONE',  ( -11.52853332705896072, 13.95949521606318022, 5.002000000000000668 ) ) ;
#4014 = DIRECTION ( 'NONE',  ( 1.000000000000000000, 0.000000000000000000, 0.000000000000000000 ) ) ;
#4015 = ORIENTED_EDGE ( 'NONE', *, *, #6029, .T. ) ;
#4016 = CARTESIAN_POINT ( 'NONE',  ( 14.74869130177516041, 10.50003296401214037, 5.002000000000000668 ) ) ;
#4017 = CARTESIAN_POINT ( 'NONE',  ( 14.49619383368293946, -7.940775374758719529, -5.000000000000000000 ) ) ;
#4018 = CIRCLE ( 'NONE', #3331, 7.100000000000000533 ) ;
#4019 = ORIENTED_EDGE ( 'NONE', *, *, #3910, .T. ) ;
#4020 = EDGE_CURVE ( 'NONE', #3729, #3085, #3627, .T. ) ;
#4021 = VECTOR ( 'NONE', #2619, 1000.000000000000000 ) ;
#4022 = FACE_OUTER_BOUND ( 'NONE', #4680, .T. ) ;
#4023 = CARTESIAN_POINT ( 'NONE',  ( 8.000000000000000000, 8.000000000000000000, 6.500000000000000000 ) ) ;
#4024 = VERTEX_POINT ( 'NONE', #3709 ) ;
#4025 = CARTESIAN_POINT ( 'NONE',  ( 15.81469496456674939, -9.093435290907070367, 5.000000000000000000 ) ) ;
#4026 = ORIENTED_EDGE ( 'NONE', *, *, #5629, .F. ) ;
#4027 = AXIS2_PLACEMENT_3D ( 'NONE', #1256, #3992, #4549 ) ;
#4028 = ORIENTED_EDGE ( 'NONE', *, *, #1307, .F. ) ;
#4029 = ADVANCED_FACE ( 'NONE', ( #1394 ), #5659, .T. ) ;
#4030 = EDGE_CURVE ( 'NONE', #605, #5040, #6034, .T. ) ;
#4031 = CARTESIAN_POINT ( 'NONE',  ( 3.004255121577014798, -17.85354414464755024, 5.002000000000000668 ) ) ;
#4032 = CARTESIAN_POINT ( 'NONE',  ( 6.723256931056099894, -16.80157748816159824, 5.002000000000000668 ) ) ;
#4033 = EDGE_CURVE ( 'NONE', #3281, #3601, #493, .T. ) ;
#4034 = DIRECTION ( 'NONE',  ( -1.000000000000000000, 0.000000000000000000, 0.000000000000000000 ) ) ;
#4035 = ORIENTED_EDGE ( 'NONE', *, *, #1814, .F. ) ;
#4036 = ADVANCED_FACE ( 'NONE', ( #452 ), #4267, .F. ) ;
#4037 = DIRECTION ( 'NONE',  ( 0.000000000000000000, 0.000000000000000000, 1.000000000000000000 ) ) ;
#4038 = DIRECTION ( 'NONE',  ( -0.000000000000000000, -0.000000000000000000, -1.000000000000000000 ) ) ;
#4039 = VERTEX_POINT ( 'NONE', #4200 ) ;
#4040 = CARTESIAN_POINT ( 'NONE',  ( 7.126448808901080234, 16.63456994411955137, -5.000000000000000000 ) ) ;
#4041 = ORIENTED_EDGE ( 'NONE', *, *, #2861, .T. ) ;
#4042 = DIRECTION ( 'NONE',  ( -0.000000000000000000, -0.000000000000000000, -1.000000000000000000 ) ) ;
#4043 = FACE_OUTER_BOUND ( 'NONE', #4577, .T. ) ;
#4044 = CARTESIAN_POINT ( 'NONE',  ( -0.3711837165545204820, 16.52445980553209992, -5.000000000000000000 ) ) ;
#4045 = DIRECTION ( 'NONE',  ( 0.000000000000000000, 0.000000000000000000, 1.000000000000000000 ) ) ;
#4046 = ORIENTED_EDGE ( 'NONE', *, *, #5348, .T. ) ;
#4047 = DIRECTION ( 'NONE',  ( -0.000000000000000000, -0.000000000000000000, 1.000000000000000000 ) ) ;
#4048 = CARTESIAN_POINT ( 'NONE',  ( -6.883008709270059811, -17.20080094608644927, 5.000000000000000000 ) ) ;
#4049 = ORIENTED_EDGE ( 'NONE', *, *, #3721, .T. ) ;
#4050 = AXIS2_PLACEMENT_3D ( 'NONE', #1192, #2204, #4541 ) ;
#4051 = FACE_OUTER_BOUND ( 'NONE', #3142, .T. ) ;
#4052 = DIRECTION ( 'NONE',  ( 0.2588190451025215721, -0.9659258262890680902, 0.000000000000000000 ) ) ;
#4053 = DIRECTION ( 'NONE',  ( 1.000000000000000000, 0.000000000000000000, 0.000000000000000000 ) ) ;
#4054 = ORIENTED_EDGE ( 'NONE', *, *, #5007, .F. ) ;
#4055 = EDGE_CURVE ( 'NONE', #1496, #1357, #1567, .T. ) ;
#4056 = CIRCLE ( 'NONE', #515, 0.4299999999999998823 ) ;
#4057 = CYLINDRICAL_SURFACE ( 'NONE', #5714, 18.52682817102720136 ) ;
#4058 = ORIENTED_EDGE ( 'NONE', *, *, #2807, .T. ) ;
#4059 = ORIENTED_EDGE ( 'NONE', *, *, #1541, .F. ) ;
#4060 = AXIS2_PLACEMENT_3D ( 'NONE', #59, #4198, #5627 ) ;
#4061 = LINE ( 'NONE', #1172, #3218 ) ;
#4062 = EDGE_CURVE ( 'NONE', #5519, #850, #5016, .T. ) ;
#4063 = CARTESIAN_POINT ( 'NONE',  ( 0.3711837165545154860, 16.52445980553209992, 5.000000000000000000 ) ) ;
#4064 = CIRCLE ( 'NONE', #3374, 0.4299999999999998268 ) ;
#4065 = EDGE_CURVE ( 'NONE', #1672, #2126, #295, .T. ) ;
#4066 = EDGE_LOOP ( 'NONE', ( #3933, #2871, #5636, #4130 ) ) ;
#4067 = CARTESIAN_POINT ( 'NONE',  ( 5.850000000000000533, 8.000000000000000000, 1.500000000000000000 ) ) ;
#4068 = CIRCLE ( 'NONE', #535, 20.45497617776954868 ) ;
#4069 = DIRECTION ( 'NONE',  ( 0.000000000000000000, 0.000000000000000000, 1.000000000000000000 ) ) ;
#4070 = EDGE_CURVE ( 'NONE', #1449, #2505, #5602, .T. ) ;
#4071 = LINE ( 'NONE', #2747, #285 ) ;
#4072 = ORIENTED_EDGE ( 'NONE', *, *, #3110, .T. ) ;
#4073 = CARTESIAN_POINT ( 'NONE',  ( 9.149209946963118512, 15.78249345187884778, 5.002000000000000668 ) ) ;
#4074 = CARTESIAN_POINT ( 'NONE',  ( 18.24264523787019954, 0.03220151268792114524, 5.000000000000000000 ) ) ;
#4075 = CARTESIAN_POINT ( 'NONE',  ( 0.03220151268792000032, 18.24264523787019954, -5.000000000000000000 ) ) ;
#4076 = DIRECTION ( 'NONE',  ( 0.000000000000000000, 0.000000000000000000, 1.000000000000000000 ) ) ;
#4077 = ORIENTED_EDGE ( 'NONE', *, *, #2517, .F. ) ;
#4078 = UNCERTAINTY_MEASURE_WITH_UNIT (LENGTH_MEASURE( 1.000000000000000082E-05 ), #352, 'distance_accuracy_value', 'NONE');
#4079 = CARTESIAN_POINT ( 'NONE',  ( 14.22330004254517988, -11.18896446287261881, 5.000000000000000000 ) ) ;
#4080 = DIRECTION ( 'NONE',  ( 1.000000000000000000, 0.000000000000000000, 0.000000000000000000 ) ) ;
#4081 = ORIENTED_EDGE ( 'NONE', *, *, #1966, .F. ) ;
#4082 = DIRECTION ( 'NONE',  ( 0.000000000000000000, 0.000000000000000000, -1.000000000000000000 ) ) ;
#4083 = CARTESIAN_POINT ( 'NONE',  ( -11.94702410697802009, 11.42209106089456050, 5.002000000000000668 ) ) ;
#4084 = ORIENTED_EDGE ( 'NONE', *, *, #3984, .F. ) ;
#4085 = FACE_OUTER_BOUND ( 'NONE', #5546, .T. ) ;
#4086 = ORIENTED_EDGE ( 'NONE', *, *, #2442, .T. ) ;
#4087 = VERTEX_POINT ( 'NONE', #34 ) ;
#4088 = VECTOR ( 'NONE', #5292, 1000.000000000000000 ) ;
#4089 = LINE ( 'NONE', #4031, #6076 ) ;
#4090 = FACE_OUTER_BOUND ( 'NONE', #4540, .T. ) ;
#4091 = CARTESIAN_POINT ( 'NONE',  ( 15.86533307656284819, 4.635380845820789908, 5.002000000000000668 ) ) ;
#4092 = VECTOR ( 'NONE', #1892, 1000.000000000000000 ) ;
#4093 = ORIENTED_EDGE ( 'NONE', *, *, #5992, .T. ) ;
#4094 = EDGE_CURVE ( 'NONE', #104, #4744, #4525, .T. ) ;
#4095 = AXIS2_PLACEMENT_3D ( 'NONE', #3579, #4593, #1213 ) ;
#4096 = CYLINDRICAL_SURFACE ( 'NONE', #6026, 1.764902496759995332 ) ;
#4097 = CARTESIAN_POINT ( 'NONE',  ( -7.940775374758719529, -14.49619383368293946, 5.002000000000000668 ) ) ;
#4098 = DIRECTION ( 'NONE',  ( 0.8660254037844387076, -0.4999999999999999445, 0.000000000000000000 ) ) ;
#4099 = ORIENTED_EDGE ( 'NONE', *, *, #4001, .F. ) ;
#4100 = CARTESIAN_POINT ( 'NONE',  ( -11.45482623011521994, -14.56126086974063938, -5.000000000000000000 ) ) ;
#4101 = AXIS2_PLACEMENT_3D ( 'NONE', #3297, #504, #5677 ) ;
#4102 = AXIS2_PLACEMENT_3D ( 'NONE', #1438, #3358, #23 ) ;
#4103 = ADVANCED_FACE ( 'NONE', ( #1337 ), #1368, .T. ) ;
#4104 = CARTESIAN_POINT ( 'NONE',  ( 5.850000000000000533, -8.000000000000000000, 4.169999999999999929 ) ) ;
#4105 = LINE ( 'NONE', #5868, #4354 ) ;
#4106 = CARTESIAN_POINT ( 'NONE',  ( 16.10000000000000142, 9.858406733136196387E-16, 1.500000000000000000 ) ) ;
#4107 = ORIENTED_EDGE ( 'NONE', *, *, #5992, .F. ) ;
#4108 = DIRECTION ( 'NONE',  ( 0.000000000000000000, 0.000000000000000000, 1.000000000000000000 ) ) ;
#4109 = EDGE_CURVE ( 'NONE', #1152, #3035, #5201, .T. ) ;
#4110 = ORIENTED_EDGE ( 'NONE', *, *, #1764, .F. ) ;
#4111 = VECTOR ( 'NONE', #3440, 1000.000000000000000 ) ;
#4112 = AXIS2_PLACEMENT_3D ( 'NONE', #5813, #733, #4385 ) ;
#4113 = CARTESIAN_POINT ( 'NONE',  ( -1.718949636520934909, -18.02275782191794917, 5.000000000000000000 ) ) ;
#4114 = FACE_OUTER_BOUND ( 'NONE', #2482, .T. ) ;
#4115 = AXIS2_PLACEMENT_3D ( 'NONE', #1979, #2314, #538 ) ;
#4116 = DIRECTION ( 'NONE',  ( 0.000000000000000000, 0.000000000000000000, 1.000000000000000000 ) ) ;
#4117 = ORIENTED_EDGE ( 'NONE', *, *, #1359, .F. ) ;
#4118 = FACE_OUTER_BOUND ( 'NONE', #1677, .T. ) ;
#4119 = ORIENTED_EDGE ( 'NONE', *, *, #5543, .T. ) ;
#4120 = ORIENTED_EDGE ( 'NONE', *, *, #5931, .T. ) ;
#4121 = AXIS2_PLACEMENT_3D ( 'NONE', #247, #2119, #6011 ) ;
#4122 = FACE_OUTER_BOUND ( 'NONE', #4714, .T. ) ;
#4123 = CARTESIAN_POINT ( 'NONE',  ( 15.81469496456674939, 9.093435290907079249, 5.000000000000000000 ) ) ;
#4124 = VECTOR ( 'NONE', #3320, 1000.000000000000000 ) ;
#4125 = DIRECTION ( 'NONE',  ( 0.000000000000000000, 0.000000000000000000, 1.000000000000000000 ) ) ;
#4126 = ORIENTED_EDGE ( 'NONE', *, *, #2944, .F. ) ;
#4127 = CIRCLE ( 'NONE', #2262, 1.764902496759994888 ) ;
#4128 = DIRECTION ( 'NONE',  ( -0.000000000000000000, -0.000000000000000000, -1.000000000000000000 ) ) ;
#4129 = CARTESIAN_POINT ( 'NONE',  ( 15.81469496456674939, 9.093435290907079249, -5.000000000000000000 ) ) ;
#4130 = ORIENTED_EDGE ( 'NONE', *, *, #1993, .F. ) ;
#4131 = EDGE_CURVE ( 'NONE', #2244, #4559, #3253, .T. ) ;
#4132 = FACE_OUTER_BOUND ( 'NONE', #620, .T. ) ;
#4133 = CIRCLE ( 'NONE', #1470, 1.764902496759994666 ) ;
#4134 = ORIENTED_EDGE ( 'NONE', *, *, #3759, .F. ) ;
#4135 = DIRECTION ( 'NONE',  ( 0.000000000000000000, 0.000000000000000000, 1.000000000000000000 ) ) ;
#4136 = CARTESIAN_POINT ( 'NONE',  ( -9.757819552369539906E-16, 2.376571162088225214E-13, -5.000000000000000000 ) ) ;
#4137 = ORIENTED_EDGE ( 'NONE', *, *, #761, .F. ) ;
#4138 = EDGE_CURVE ( 'NONE', #287, #3011, #4127, .T. ) ;
#4139 = DIRECTION ( 'NONE',  ( 1.000000000000000000, 0.000000000000000000, 0.000000000000000000 ) ) ;
#4140 = EDGE_CURVE ( 'NONE', #4418, #2417, #3045, .T. ) ;
#4141 = CARTESIAN_POINT ( 'NONE',  ( 4.969787286824989490E-14, 5.088617526617949668E-14, -5.000000000000000000 ) ) ;
#4142 = DIRECTION ( 'NONE',  ( 0.000000000000000000, 0.000000000000000000, -1.000000000000000000 ) ) ;
#4143 = ORIENTED_EDGE ( 'NONE', *, *, #4597, .F. ) ;
#4144 = EDGE_CURVE ( 'NONE', #5639, #134, #4624, .T. ) ;
#4145 = DIRECTION ( 'NONE',  ( 0.000000000000000000, 0.000000000000000000, 1.000000000000000000 ) ) ;
#4146 = AXIS2_PLACEMENT_3D ( 'NONE', #2172, #5936, #3586 ) ;
#4147 = ORIENTED_EDGE ( 'NONE', *, *, #4033, .F. ) ;
#4148 = VERTEX_POINT ( 'NONE', #2297 ) ;
#4149 = AXIS2_PLACEMENT_3D ( 'NONE', #5954, #4004, #5022 ) ;
#4150 = CYLINDRICAL_SURFACE ( 'NONE', #4505, 18.52682817102720136 ) ;
#4151 = ORIENTED_EDGE ( 'NONE', *, *, #6079, .T. ) ;
#4152 = DIRECTION ( 'NONE',  ( -0.000000000000000000, -0.000000000000000000, -1.000000000000000000 ) ) ;
#4153 = CARTESIAN_POINT ( 'NONE',  ( -13.95949521606315891, -11.52853332705896072, -5.000000000000000000 ) ) ;
#4154 = DIRECTION ( 'NONE',  ( -0.2588190451025180194, -0.9659258262890689783, 0.000000000000000000 ) ) ;
#4155 = AXIS2_PLACEMENT_3D ( 'NONE', #1955, #4817, #609 ) ;
#4156 = VERTEX_POINT ( 'NONE', #1836 ) ;
#4157 = CARTESIAN_POINT ( 'NONE',  ( -16.80157748816159824, -6.723256931056110552, 5.000000000000000000 ) ) ;
#4158 = CIRCLE ( 'NONE', #3077, 0.4299999999999993272 ) ;
#4159 = EDGE_LOOP ( 'NONE', ( #3664, #1049, #2954, #4400 ) ) ;
#4160 = LINE ( 'NONE', #4964, #3211 ) ;
#4161 = VERTEX_POINT ( 'NONE', #2790 ) ;
#4162 = CIRCLE ( 'NONE', #141, 16.52862817102734994 ) ;
#4163 = DIRECTION ( 'NONE',  ( -1.000000000000000000, 0.000000000000000000, 0.000000000000000000 ) ) ;
#4164 = CARTESIAN_POINT ( 'NONE',  ( -17.62937653985284925, 4.690439747858770048, -5.000000000000000000 ) ) ;
#4165 = ORIENTED_EDGE ( 'NONE', *, *, #3385, .F. ) ;
#4166 = CARTESIAN_POINT ( 'NONE',  ( 18.39615160824795126, -2.196580998991904732, -5.000000000000000000 ) ) ;
#4167 = EDGE_CURVE ( 'NONE', #1519, #1134, #1370, .T. ) ;
#4168 = DIRECTION ( 'NONE',  ( 0.000000000000000000, 0.000000000000000000, -1.000000000000000000 ) ) ;
#4169 = CARTESIAN_POINT ( 'NONE',  ( -5.850000000000000533, 8.000000000000000000, 4.169999999999999929 ) ) ;
#4170 = DIRECTION ( 'NONE',  ( -0.000000000000000000, -0.000000000000000000, 1.000000000000000000 ) ) ;
#4171 = ORIENTED_EDGE ( 'NONE', *, *, #2226, .T. ) ;
#4172 = EDGE_CURVE ( 'NONE', #3035, #2885, #1871, .T. ) ;
#4173 = CARTESIAN_POINT ( 'NONE',  ( 2.196580998991910061, 18.39615160824795126, 5.000000000000000000 ) ) ;
#4174 = ORIENTED_EDGE ( 'NONE', *, *, #5465, .T. ) ;
#4175 = EDGE_CURVE ( 'NONE', #5811, #2126, #4227, .T. ) ;
#4176 = EDGE_CURVE ( 'NONE', #1905, #364, #3246, .T. ) ;
#4177 = DIRECTION ( 'NONE',  ( 0.5000000000000005551, -0.8660254037844383745, 0.000000000000000000 ) ) ;
#4178 = DIRECTION ( 'NONE',  ( 0.000000000000000000, 0.000000000000000000, 1.000000000000000000 ) ) ;
#4179 = ORIENTED_EDGE ( 'NONE', *, *, #525, .F. ) ;
#4180 = CARTESIAN_POINT ( 'NONE',  ( 16.46764093829609976, -7.522724857905810580, 5.000000000000000000 ) ) ;
#4181 = CARTESIAN_POINT ( 'NONE',  ( -7.295780857526779961, -17.02982512410864757, 5.000000000000000000 ) ) ;
#4182 = EDGE_CURVE ( 'NONE', #2425, #2869, #5244, .T. ) ;
#4183 = ORIENTED_EDGE ( 'NONE', *, *, #5374, .F. ) ;
#4184 = DIRECTION ( 'NONE',  ( 0.7071067811865485719, -0.7071067811865465735, 0.000000000000000000 ) ) ;
#4185 = EDGE_LOOP ( 'NONE', ( #2557, #3279, #3256, #4316 ) ) ;
#4186 = CARTESIAN_POINT ( 'NONE',  ( -9.757819552369539906E-16, 2.376571162088225214E-13, 5.000000000000000000 ) ) ;
#4187 = ORIENTED_EDGE ( 'NONE', *, *, #5582, .F. ) ;
#4188 = AXIS2_PLACEMENT_3D ( 'NONE', #1981, #4229, #967 ) ;
#4189 = CARTESIAN_POINT ( 'NONE',  ( -3.004255121577025012, 17.85354414464755024, 5.002000000000000668 ) ) ;
#4190 = CARTESIAN_POINT ( 'NONE',  ( 10.50003296401211905, 14.74869130177516041, 5.000000000000000000 ) ) ;
#4191 = CIRCLE ( 'NONE', #4984, 18.52682817102720136 ) ;
#4192 = ORIENTED_EDGE ( 'NONE', *, *, #3574, .T. ) ;
#4193 = VECTOR ( 'NONE', #2466, 1000.000000000000000 ) ;
#4194 = LINE ( 'NONE', #2806, #3015 ) ;
#4195 = CIRCLE ( 'NONE', #4401, 0.4299999999999998823 ) ;
#4196 = AXIS2_PLACEMENT_3D ( 'NONE', #3066, #5850, #4916 ) ;
#4197 = LINE ( 'NONE', #1390, #928 ) ;
#4198 = DIRECTION ( 'NONE',  ( 0.000000000000000000, 0.000000000000000000, 1.000000000000000000 ) ) ;
#4199 = EDGE_LOOP ( 'NONE', ( #852, #2091, #4604, #1480 ) ) ;
#4200 = CARTESIAN_POINT ( 'NONE',  ( 7.522724857905810580, 16.46764093829609976, 5.000000000000000000 ) ) ;
#4201 = CIRCLE ( 'NONE', #4407, 0.4299999999999993272 ) ;
#4202 = CIRCLE ( 'NONE', #5483, 2.149999999999999911 ) ;
#4203 = EDGE_CURVE ( 'NONE', #4156, #219, #4332, .T. ) ;
#4204 = ORIENTED_EDGE ( 'NONE', *, *, #4669, .F. ) ;
#4205 = AXIS2_PLACEMENT_3D ( 'NONE', #225, #2934, #3425 ) ;
#4206 = LINE ( 'NONE', #1965, #4648 ) ;
#4207 = DIRECTION ( 'NONE',  ( 0.000000000000000000, 0.000000000000000000, -1.000000000000000000 ) ) ;
#4208 = ORIENTED_EDGE ( 'NONE', *, *, #4923, .F. ) ;
#4209 = DIRECTION ( 'NONE',  ( 0.000000000000000000, 0.000000000000000000, -1.000000000000000000 ) ) ;
#4210 = DIRECTION ( 'NONE',  ( 1.000000000000000000, 0.000000000000000000, 0.000000000000000000 ) ) ;
#4211 = EDGE_CURVE ( 'NONE', #821, #4652, #94, .T. ) ;
#4212 = AXIS2_PLACEMENT_3D ( 'NONE', #5951, #1720, #4555 ) ;
#4213 = VERTEX_POINT ( 'NONE', #3375 ) ;
#4214 = ADVANCED_FACE ( 'NONE', ( #2453 ), #4850, .T. ) ;
#4215 = AXIS2_PLACEMENT_3D ( 'NONE', #1203, #340, #3075 ) ;
#4216 = CARTESIAN_POINT ( 'NONE',  ( 18.39615160824795126, 2.196580998991904732, -5.000000000000000000 ) ) ;
#4217 = DIRECTION ( 'NONE',  ( -0.9659258262890689783, -0.2588190451025180194, 0.000000000000000000 ) ) ;
#4218 = ORIENTED_EDGE ( 'NONE', *, *, #21, .F. ) ;
#4219 = EDGE_CURVE ( 'NONE', #5025, #1800, #4814, .T. ) ;
#4220 = DIRECTION ( 'NONE',  ( 1.000000000000000000, 0.000000000000000000, 0.000000000000000000 ) ) ;
#4221 = ORIENTED_EDGE ( 'NONE', *, *, #5440, .T. ) ;
#4222 = ORIENTED_EDGE ( 'NONE', *, *, #4304, .F. ) ;
#4223 = AXIS2_PLACEMENT_3D ( 'NONE', #2583, #742, #3160 ) ;
#4224 = EDGE_CURVE ( 'NONE', #5199, #5205, #4133, .T. ) ;
#4225 = DIRECTION ( 'NONE',  ( 0.000000000000000000, 0.000000000000000000, 1.000000000000000000 ) ) ;
#4226 = DIRECTION ( 'NONE',  ( 1.000000000000000000, 0.000000000000000000, 0.000000000000000000 ) ) ;
#4227 = CIRCLE ( 'NONE', #1777, 1.764902496759995998 ) ;
#4228 = ORIENTED_EDGE ( 'NONE', *, *, #5914, .T. ) ;
#4229 = DIRECTION ( 'NONE',  ( 0.000000000000000000, 0.000000000000000000, 1.000000000000000000 ) ) ;
#4230 = CARTESIAN_POINT ( 'NONE',  ( 7.295780857526789731, -17.02982512410864757, 5.000000000000000000 ) ) ;
#4231 = DIRECTION ( 'NONE',  ( 0.000000000000000000, 0.000000000000000000, 1.000000000000000000 ) ) ;
#4232 = DIRECTION ( 'NONE',  ( 0.000000000000000000, 0.000000000000000000, 1.000000000000000000 ) ) ;
#4233 = EDGE_LOOP ( 'NONE', ( #6078, #4678, #5953, #1711 ) ) ;
#4234 = DIRECTION ( 'NONE',  ( -0.8660254037844387076, 0.4999999999999999445, 0.000000000000000000 ) ) ;
#4235 = ORIENTED_EDGE ( 'NONE', *, *, #5770, .F. ) ;
#4236 = CARTESIAN_POINT ( 'NONE',  ( -10.14999999999999858, -8.000000000000000000, 1.500000000000000000 ) ) ;
#4237 = CARTESIAN_POINT ( 'NONE',  ( 0.000000000000000000, 1.165057210878772069E-15, -5.000000000000000000 ) ) ;
#4238 = CARTESIAN_POINT ( 'NONE',  ( -16.05747190671534952, -3.918308969584854751, -5.000000000000000000 ) ) ;
#4239 = ORIENTED_EDGE ( 'NONE', *, *, #1618, .F. ) ;
#4240 = CIRCLE ( 'NONE', #5929, 18.52682817102720136 ) ;
#4241 = CYLINDRICAL_SURFACE ( 'NONE', #2156, 16.52862817102734638 ) ;
#4242 = DIRECTION ( 'NONE',  ( 1.000000000000000000, 0.000000000000000000, 0.000000000000000000 ) ) ;
#4243 = ORIENTED_EDGE ( 'NONE', *, *, #3790, .T. ) ;
#4244 = AXIS2_PLACEMENT_3D ( 'NONE', #5080, #1964, #2951 ) ;
#4245 = EDGE_CURVE ( 'NONE', #3683, #4933, #2167, .T. ) ;
#4246 = DIRECTION ( 'NONE',  ( 0.7071067811865475727, -0.7071067811865475727, 0.000000000000000000 ) ) ;
#4247 = VERTEX_POINT ( 'NONE', #3834 ) ;
#4248 = ADVANCED_FACE ( 'NONE', ( #4877 ), #3001, .F. ) ;
#4249 = VECTOR ( 'NONE', #5968, 1000.000000000000000 ) ;
#4250 = CARTESIAN_POINT ( 'NONE',  ( -9.757819552369539906E-16, 2.376571162088225214E-13, 5.000000000000000000 ) ) ;
#4251 = VERTEX_POINT ( 'NONE', #1556 ) ;
#4252 = ORIENTED_EDGE ( 'NONE', *, *, #4372, .F. ) ;
#4253 = ADVANCED_FACE ( 'NONE', ( #3436 ), #3461, .T. ) ;
#4254 = EDGE_CURVE ( 'NONE', #545, #2334, #5724, .T. ) ;
#4255 = DIRECTION ( 'NONE',  ( 0.000000000000000000, 0.000000000000000000, 1.000000000000000000 ) ) ;
#4256 = CARTESIAN_POINT ( 'NONE',  ( -8.000000000000000000, -8.000000000000000000, 6.500000000000000000 ) ) ;
#4257 = ORIENTED_EDGE ( 'NONE', *, *, #120, .F. ) ;
#4258 = FILL_AREA_STYLE ('',( #5148 ) ) ;
#4259 = AXIS2_PLACEMENT_3D ( 'NONE', #429, #2301, #4177 ) ;
#4260 = VERTEX_POINT ( 'NONE', #2879 ) ;
#4261 = DIRECTION ( 'NONE',  ( 0.000000000000000000, 0.000000000000000000, 1.000000000000000000 ) ) ;
#4262 = DIRECTION ( 'NONE',  ( 0.8660254037844388186, 0.4999999999999995559, 0.000000000000000000 ) ) ;
#4263 = AXIS2_PLACEMENT_3D ( 'NONE', #4488, #1681, #855 ) ;
#4264 = CYLINDRICAL_SURFACE ( 'NONE', #1898, 1.764902496759994888 ) ;
#4265 = EDGE_LOOP ( 'NONE', ( #3114, #1897, #5879, #4457 ) ) ;
#4266 = EDGE_CURVE ( 'NONE', #634, #3601, #3148, .T. ) ;
#4267 = CYLINDRICAL_SURFACE ( 'NONE', #200, 1.764902496759994444 ) ;
#4268 = ORIENTED_EDGE ( 'NONE', *, *, #4030, .T. ) ;
#4269 = LINE ( 'NONE', #5281, #4349 ) ;
#4270 = DIRECTION ( 'NONE',  ( 0.2588190451025214056, 0.9659258262890680902, 0.000000000000000000 ) ) ;
#4271 = FACE_OUTER_BOUND ( 'NONE', #563, .T. ) ;
#4272 = ORIENTED_EDGE ( 'NONE', *, *, #5766, .F. ) ;
#4273 = DIRECTION ( 'NONE',  ( 0.000000000000000000, 0.000000000000000000, 1.000000000000000000 ) ) ;
#4274 = CARTESIAN_POINT ( 'NONE',  ( 7.940775374758730187, -14.49619383368293946, 5.002000000000000668 ) ) ;
#4275 = ORIENTED_EDGE ( 'NONE', *, *, #4777, .T. ) ;
#4276 = ADVANCED_FACE ( 'NONE', ( #1068 ), #1099, .F. ) ;
#4277 = DIRECTION ( 'NONE',  ( -0.2588190451025180194, 0.9659258262890689783, 0.000000000000000000 ) ) ;
#4278 = DIRECTION ( 'NONE',  ( 0.7071067811865489050, 0.000000000000000000, 0.7071067811865460184 ) ) ;
#4279 = VERTEX_POINT ( 'NONE', #5341 ) ;
#4280 = VECTOR ( 'NONE', #5193, 1000.000000000000000 ) ;
#4281 = DIRECTION ( 'NONE',  ( 0.000000000000000000, 0.000000000000000000, 1.000000000000000000 ) ) ;
#4282 = ORIENTED_EDGE ( 'NONE', *, *, #5043, .T. ) ;
#4284 = EDGE_CURVE ( 'NONE', #5384, #25, #1973, .T. ) ;
#4283 = EDGE_LOOP ( 'NONE', ( #1596, #1482, #1563, #5442 ) ) ;
#4285 = VECTOR ( 'NONE', #3719, 1000.000000000000000 ) ;
#4286 = CARTESIAN_POINT ( 'NONE',  ( -12.48000000000000931, 8.000000000000000000, 6.500000000000000000 ) ) ;
#4287 = DIRECTION ( 'NONE',  ( 0.2588190451025206285, 0.9659258262890684232, 0.000000000000000000 ) ) ;
#4288 = EDGE_LOOP ( 'NONE', ( #5355, #5651, #2278, #2794 ) ) ;
#4289 = DIRECTION ( 'NONE',  ( 0.000000000000000000, 0.000000000000000000, -1.000000000000000000 ) ) ;
#4290 = ADVANCED_FACE ( 'NONE', ( #3802 ), #1006, .F. ) ;
#4291 = VERTEX_POINT ( 'NONE', #1158 ) ;
#4292 = EDGE_CURVE ( 'NONE', #2306, #104, #5908, .T. ) ;
#4293 = AXIS2_PLACEMENT_3D ( 'NONE', #251, #2624, #5052 ) ;
#4294 = CARTESIAN_POINT ( 'NONE',  ( -2.145599264782074744, 17.96918455708715001, -5.000000000000000000 ) ) ;
#4295 = VECTOR ( 'NONE', #2129, 1000.000000000000000 ) ;
#4296 = DIRECTION ( 'NONE',  ( 0.7071067811865489050, 0.000000000000000000, 0.7071067811865460184 ) ) ;
#4297 = EDGE_CURVE ( 'NONE', #5744, #3845, #796, .T. ) ;
#4298 = DIRECTION ( 'NONE',  ( 0.000000000000000000, 0.000000000000000000, 1.000000000000000000 ) ) ;
#4299 = ORIENTED_EDGE ( 'NONE', *, *, #1781, .T. ) ;
#4300 = CARTESIAN_POINT ( 'NONE',  ( -10.84273574818606001, 14.48897067933744154, 5.000000000000000000 ) ) ;
#4301 = ORIENTED_EDGE ( 'NONE', *, *, #690, .F. ) ;
#4302 = AXIS2_PLACEMENT_3D ( 'NONE', #1436, #1404, #497 ) ;
#4303 = AXIS2_PLACEMENT_3D ( 'NONE', #1883, #4712, #1912 ) ;
#4304 = EDGE_CURVE ( 'NONE', #4748, #3109, #4835, .T. ) ;
#4305 = DIRECTION ( 'NONE',  ( 0.000000000000000000, 0.000000000000000000, -1.000000000000000000 ) ) ;
#4306 = DIRECTION ( 'NONE',  ( 0.9659258262890680902, -0.2588190451025214056, 0.000000000000000000 ) ) ;
#4307 = CIRCLE ( 'NONE', #2928, 1.764902496759995554 ) ;
#4308 = DIRECTION ( 'NONE',  ( 1.000000000000000000, 0.000000000000000000, 0.000000000000000000 ) ) ;
#4309 = CIRCLE ( 'NONE', #4196, 20.45497617776954868 ) ;
#4310 = VERTEX_POINT ( 'NONE', #3061 ) ;
#4311 = DIRECTION ( 'NONE',  ( -0.8660254037844387076, -0.4999999999999999445, 0.000000000000000000 ) ) ;
#4312 = CARTESIAN_POINT ( 'NONE',  ( -11.10037075072117929, 14.83324412511671930, 5.000000000000000000 ) ) ;
#4313 = ORIENTED_EDGE ( 'NONE', *, *, #4333, .F. ) ;
#4314 = CARTESIAN_POINT ( 'NONE',  ( -9.093435290907070367, -15.81469496456674939, 5.002000000000000668 ) ) ;
#4315 = AXIS2_PLACEMENT_3D ( 'NONE', #1081, #216, #5390 ) ;
#4316 = ORIENTED_EDGE ( 'NONE', *, *, #797, .F. ) ;
#4317 = CARTESIAN_POINT ( 'NONE',  ( 3.918308969584840096, 16.05747190671534952, -5.000000000000000000 ) ) ;
#4318 = ORIENTED_EDGE ( 'NONE', *, *, #2744, .F. ) ;
#4319 = CARTESIAN_POINT ( 'NONE',  ( -17.62937653985284925, -4.690439747858789588, 5.002000000000000668 ) ) ;
#4320 = CARTESIAN_POINT ( 'NONE',  ( 0.000000000000000000, -4.347496136973104859E-16, 254.8176211353315068 ) ) ;
#4321 = ADVANCED_FACE ( 'NONE', ( #705 ), #2668, .T. ) ;
#4322 = LINE ( 'NONE', #1479, #875 ) ;
#4323 = ORIENTED_EDGE ( 'NONE', *, *, #2413, .T. ) ;
#4324 = DIRECTION ( 'NONE',  ( 0.2588190451025214611, -0.9659258262890680902, 0.000000000000000000 ) ) ;
#4325 = CIRCLE ( 'NONE', #4027, 18.52682817102720136 ) ;
#4326 = ORIENTED_EDGE ( 'NONE', *, *, #6061, .T. ) ;
#4327 = VECTOR ( 'NONE', #773, 1000.000000000000000 ) ;
#4328 = LINE ( 'NONE', #30, #2333 ) ;
#4329 = DIRECTION ( 'NONE',  ( 0.9659258262890680902, 0.2588190451025214056, 0.000000000000000000 ) ) ;
#4330 = EDGE_CURVE ( 'NONE', #2869, #5947, #4732, .T. ) ;
#4331 = ORIENTED_EDGE ( 'NONE', *, *, #3464, .F. ) ;
#4332 = LINE ( 'NONE', #2018, #1085 ) ;
#4333 = EDGE_CURVE ( 'NONE', #3800, #119, #235, .T. ) ;
#4334 = ORIENTED_EDGE ( 'NONE', *, *, #388, .T. ) ;
#4335 = CARTESIAN_POINT ( 'NONE',  ( 3.004255121577014798, -17.85354414464755024, 5.000000000000000000 ) ) ;
#4336 = CARTESIAN_POINT ( 'NONE',  ( 10.14999999999999858, -8.000000000000000000, 4.169999999999999929 ) ) ;
#4337 = EDGE_CURVE ( 'NONE', #5205, #503, #1384, .T. ) ;
#4338 = CARTESIAN_POINT ( 'NONE',  ( -11.94702410697802009, -11.42209106089460136, 5.000000000000000000 ) ) ;
#4339 = ORIENTED_EDGE ( 'NONE', *, *, #653, .F. ) ;
#4340 = CARTESIAN_POINT ( 'NONE',  ( -14.49619383368293946, 7.940775374758710647, 5.000000000000000000 ) ) ;
#4341 = ORIENTED_EDGE ( 'NONE', *, *, #3345, .T. ) ;
#4342 = EDGE_LOOP ( 'NONE', ( #2835, #3761 ) ) ;
#4343 = EDGE_CURVE ( 'NONE', #4291, #1109, #2608, .T. ) ;
#4344 = DIRECTION ( 'NONE',  ( -0.000000000000000000, -0.000000000000000000, 1.000000000000000000 ) ) ;
#4345 = ORIENTED_EDGE ( 'NONE', *, *, #863, .T. ) ;
#4346 = CIRCLE ( 'NONE', #6022, 16.52862817102734638 ) ;
#4347 = CARTESIAN_POINT ( 'NONE',  ( 2.578277445616415253, -17.91222139392874979, 5.000000000000000000 ) ) ;
#4348 = CARTESIAN_POINT ( 'NONE',  ( -9.757819552369539906E-16, 2.376571162088225214E-13, 5.000000000000000000 ) ) ;
#4349 = VECTOR ( 'NONE', #1072, 1000.000000000000000 ) ;
#4350 = CARTESIAN_POINT ( 'NONE',  ( 8.000000000000000000, 8.000000000000000000, 6.500000000000000000 ) ) ;
#4351 = ORIENTED_EDGE ( 'NONE', *, *, #5344, .F. ) ;
#4352 = CARTESIAN_POINT ( 'NONE',  ( 12.92226806246459958, 12.87672824649239978, 5.002000000000000668 ) ) ;
#4353 = ORIENTED_EDGE ( 'NONE', *, *, #980, .T. ) ;
#4354 = VECTOR ( 'NONE', #2136, 1000.000000000000000 ) ;
#4355 = VECTOR ( 'NONE', #4170, 1000.000000000000000 ) ;
#4356 = CARTESIAN_POINT ( 'NONE',  ( 3.628951489128790042E-14, -6.117477020638539264E-14, -5.000000000000000000 ) ) ;
#4357 = CARTESIAN_POINT ( 'NONE',  ( -16.63456994411955137, -7.126448808901090004, 5.000000000000000000 ) ) ;
#4358 = DIRECTION ( 'NONE',  ( 0.000000000000000000, 0.000000000000000000, 1.000000000000000000 ) ) ;
#4359 = ORIENTED_EDGE ( 'NONE', *, *, #1138, .T. ) ;
#4360 = CIRCLE ( 'NONE', #3763, 1.764902496759994888 ) ;
#4361 = DIRECTION ( 'NONE',  ( 0.000000000000000000, 0.000000000000000000, 1.000000000000000000 ) ) ;
#4362 = ORIENTED_EDGE ( 'NONE', *, *, #5011, .T. ) ;
#4363 = ADVANCED_FACE ( 'NONE', ( #262 ), #793, .T. ) ;
#4364 = CIRCLE ( 'NONE', #434, 1.764902496759995332 ) ;
#4365 = CARTESIAN_POINT ( 'NONE',  ( -0.03220151268791780069, -18.24264523787019954, 5.002000000000000668 ) ) ;
#4366 = CARTESIAN_POINT ( 'NONE',  ( -16.63456994411955137, -7.126448808901090004, 5.000000000000000000 ) ) ;
#4367 = CARTESIAN_POINT ( 'NONE',  ( -8.000000000000000000, 8.000000000000000000, 4.169999999999999929 ) ) ;
#4368 = ORIENTED_EDGE ( 'NONE', *, *, #4030, .F. ) ;
#4369 = DIRECTION ( 'NONE',  ( 0.8660254037844388186, -0.4999999999999998890, 0.000000000000000000 ) ) ;
#4370 = EDGE_CURVE ( 'NONE', #4704, #4666, #325, .T. ) ;
#4371 = ORIENTED_EDGE ( 'NONE', *, *, #880, .T. ) ;
#4372 = EDGE_CURVE ( 'NONE', #3900, #4489, #4640, .T. ) ;
#4373 = EDGE_CURVE ( 'NONE', #2374, #4247, #3490, .T. ) ;
#4374 = LINE ( 'NONE', #3905, #3296 ) ;
#4375 = DIRECTION ( 'NONE',  ( 0.000000000000000000, 0.000000000000000000, 1.000000000000000000 ) ) ;
#4376 = ORIENTED_EDGE ( 'NONE', *, *, #3308, .F. ) ;
#4377 = DIRECTION ( 'NONE',  ( -0.2588190451025215721, 0.9659258262890680902, 0.000000000000000000 ) ) ;
#4378 = ADVANCED_FACE ( 'NONE', ( #2636 ), #1708, .F. ) ;
#4379 = DIRECTION ( 'NONE',  ( 1.000000000000000000, 0.000000000000000000, 0.000000000000000000 ) ) ;
#4380 = CARTESIAN_POINT ( 'NONE',  ( -6.100000000000001421, -3.371676250056185610E-16, 4.000000000000000000 ) ) ;
#4381 = VERTEX_POINT ( 'NONE', #5872 ) ;
#4382 = CARTESIAN_POINT ( 'NONE',  ( -14.12501011712842036, 8.583684430773379503, 5.000000000000000000 ) ) ;
#4383 = ORIENTED_EDGE ( 'NONE', *, *, #1239, .T. ) ;
#4384 = CIRCLE ( 'NONE', #3104, 1.764902496759994666 ) ;
#4385 = DIRECTION ( 'NONE',  ( 1.000000000000000000, 0.000000000000000000, 0.000000000000000000 ) ) ;
#4386 = CARTESIAN_POINT ( 'NONE',  ( -4.690439747858789588, 17.62937653985284925, 5.002000000000000668 ) ) ;
#4387 = LINE ( 'NONE', #2974, #5334 ) ;
#4388 = EDGE_LOOP ( 'NONE', ( #2684, #2611, #3964, #1944 ) ) ;
#4389 = AXIS2_PLACEMENT_3D ( 'NONE', #4603, #1737, #2289 ) ;
#4390 = DIRECTION ( 'NONE',  ( -1.000000000000000000, 0.000000000000000000, 0.000000000000000000 ) ) ;
#4391 = ORIENTED_EDGE ( 'NONE', *, *, #1502, .T. ) ;
#4392 = AXIS2_PLACEMENT_3D ( 'NONE', #2539, #5840, #1154 ) ;
#4393 = DIRECTION ( 'NONE',  ( 0.000000000000000000, 0.000000000000000000, -1.000000000000000000 ) ) ;
#4394 = DIRECTION ( 'NONE',  ( 0.7071067811865489050, 0.000000000000000000, 0.7071067811865460184 ) ) ;
#4395 = LINE ( 'NONE', #182, #4111 ) ;
#4396 = ORIENTED_EDGE ( 'NONE', *, *, #2318, .F. ) ;
#4397 = EDGE_CURVE ( 'NONE', #2885, #3085, #1983, .T. ) ;
#4398 = FACE_OUTER_BOUND ( 'NONE', #4931, .T. ) ;
#4399 = AXIS2_PLACEMENT_3D ( 'NONE', #5649, #4255, #2900 ) ;
#4400 = ORIENTED_EDGE ( 'NONE', *, *, #772, .F. ) ;
#4401 = AXIS2_PLACEMENT_3D ( 'NONE', #4670, #5663, #1785 ) ;
#4402 = AXIS2_PLACEMENT_3D ( 'NONE', #5320, #1107, #1222 ) ;
#4403 = ADVANCED_FACE ( 'NONE', ( #5471 ), #3125, .F. ) ;
#4404 = CARTESIAN_POINT ( 'NONE',  ( -14.48897067933745930, 10.84273574818604047, 5.000000000000000000 ) ) ;
#4405 = ORIENTED_EDGE ( 'NONE', *, *, #4766, .F. ) ;
#4406 = CARTESIAN_POINT ( 'NONE',  ( -2.578277445616425023, 17.91222139392874979, 5.000000000000000000 ) ) ;
#4407 = AXIS2_PLACEMENT_3D ( 'NONE', #4601, #4076, #353 ) ;
#4408 = AXIS2_PLACEMENT_3D ( 'NONE', #3120, #4135, #758 ) ;
#4409 = ORIENTED_EDGE ( 'NONE', *, *, #388, .F. ) ;
#4410 = DIRECTION ( 'NONE',  ( 0.4999999999999999445, 0.8660254037844387076, 0.000000000000000000 ) ) ;
#4411 = CIRCLE ( 'NONE', #1757, 0.4300000000000000488 ) ;
#4412 = CYLINDRICAL_SURFACE ( 'NONE', #2326, 2.149999999999999023 ) ;
#4413 = EDGE_CURVE ( 'NONE', #1122, #3743, #4240, .T. ) ;
#4414 = CARTESIAN_POINT ( 'NONE',  ( 11.94702410697802009, -11.42209106089456050, -5.000000000000000000 ) ) ;
#4415 = EDGE_LOOP ( 'NONE', ( #3247, #3342, #3329, #6068 ) ) ;
#4416 = CARTESIAN_POINT ( 'NONE',  ( 7.940775374758719529, 14.49619383368293946, -5.000000000000000000 ) ) ;
#4417 = AXIS2_PLACEMENT_3D ( 'NONE', #5083, #2626, #4504 ) ;
#4418 = VERTEX_POINT ( 'NONE', #567 ) ;
#4419 = FACE_OUTER_BOUND ( 'NONE', #3674, .T. ) ;
#4420 = CYLINDRICAL_SURFACE ( 'NONE', #4853, 1.764902496759994888 ) ;
#4421 = CIRCLE ( 'NONE', #1767, 16.10000000000000142 ) ;
#4422 = CYLINDRICAL_SURFACE ( 'NONE', #3855, 16.52862817102734638 ) ;
#4423 = EDGE_LOOP ( 'NONE', ( #3330, #1414, #5980, #3694 ) ) ;
#4424 = DIRECTION ( 'NONE',  ( -1.000000000000000000, 0.000000000000000000, 0.000000000000000000 ) ) ;
#4425 = CARTESIAN_POINT ( 'NONE',  ( -9.757819552369539906E-16, 2.376571162088225214E-13, 5.000000000000000000 ) ) ;
#4426 = VERTEX_POINT ( 'NONE', #4438 ) ;
#4427 = AXIS2_PLACEMENT_3D ( 'NONE', #5630, #2761, #3311 ) ;
#4428 = LINE ( 'NONE', #2549, #3472 ) ;
#4429 = DIRECTION ( 'NONE',  ( 0.000000000000000000, 0.000000000000000000, 1.000000000000000000 ) ) ;
#4430 = ORIENTED_EDGE ( 'NONE', *, *, #5305, .F. ) ;
#4431 = DIRECTION ( 'NONE',  ( -1.000000000000000000, 0.000000000000000000, 0.000000000000000000 ) ) ;
#4432 = ORIENTED_EDGE ( 'NONE', *, *, #1764, .T. ) ;
#4433 = CARTESIAN_POINT ( 'NONE',  ( 4.635380845820789908, -15.86533307656284819, 5.002000000000000668 ) ) ;
#4434 = DIRECTION ( 'NONE',  ( -0.000000000000000000, -0.000000000000000000, -1.000000000000000000 ) ) ;
#4435 = DIRECTION ( 'NONE',  ( 0.000000000000000000, 0.000000000000000000, -1.000000000000000000 ) ) ;
#4436 = ORIENTED_EDGE ( 'NONE', *, *, #3388, .T. ) ;
#4437 = EDGE_CURVE ( 'NONE', #453, #354, #3452, .T. ) ;
#4438 = CARTESIAN_POINT ( 'NONE',  ( -16.46764093829609976, 7.522724857905799922, -5.000000000000000000 ) ) ;
#4439 = FACE_BOUND ( 'NONE', #2499, .T. ) ;
#4440 = EDGE_CURVE ( 'NONE', #2441, #5674, #1590, .T. ) ;
#4441 = DIRECTION ( 'NONE',  ( 0.2588190451025180194, -0.9659258262890689783, 0.000000000000000000 ) ) ;
#4442 = ORIENTED_EDGE ( 'NONE', *, *, #5880, .F. ) ;
#4443 = AXIS2_PLACEMENT_3D ( 'NONE', #4898, #5232, #3939 ) ;
#4444 = LINE ( 'NONE', #3944, #558 ) ;
#4445 = EDGE_CURVE ( 'NONE', #3084, #1013, #2375, .T. ) ;
#4446 = VERTEX_POINT ( 'NONE', #3447 ) ;
#4447 = EDGE_CURVE ( 'NONE', #2569, #1109, #4544, .T. ) ;
#4448 = AXIS2_PLACEMENT_3D ( 'NONE', #3144, #1234, #1696 ) ;
#4449 = APPLICATION_CONTEXT ( 'automotive_design' ) ;
#4450 = CARTESIAN_POINT ( 'NONE',  ( 0.000000000000000000, -9.858406733136190470E-16, 1.500000000000000000 ) ) ;
#4451 = FACE_OUTER_BOUND ( 'NONE', #3123, .T. ) ;
#4452 = CARTESIAN_POINT ( 'NONE',  ( 10.50003296401214037, -14.74869130177516041, 5.000000000000000000 ) ) ;
#4453 = ORIENTED_EDGE ( 'NONE', *, *, #3239, .F. ) ;
#4454 = DIRECTION ( 'NONE',  ( 0.000000000000000000, 0.000000000000000000, 1.000000000000000000 ) ) ;
#4455 = CARTESIAN_POINT ( 'NONE',  ( 0.000000000000000000, -9.858406733136190470E-16, 1.500000000000000000 ) ) ;
#4456 = AXIS2_PLACEMENT_3D ( 'NONE', #2355, #1034, #2908 ) ;
#4457 = ORIENTED_EDGE ( 'NONE', *, *, #43, .F. ) ;
#4458 = CARTESIAN_POINT ( 'NONE',  ( 17.96918455708715001, -2.145599264782074744, 5.000000000000000000 ) ) ;
#4459 = CIRCLE ( 'NONE', #2591, 2.149999999999999911 ) ;
#4460 = ORIENTED_EDGE ( 'NONE', *, *, #564, .T. ) ;
#4461 = DIRECTION ( 'NONE',  ( 0.4999999999999995559, -0.8660254037844388186, 0.000000000000000000 ) ) ;
#4462 = VERTEX_POINT ( 'NONE', #3971 ) ;
#4463 = EDGE_LOOP ( 'NONE', ( #5554, #5645, #3785, #1051 ) ) ;
#4464 = VECTOR ( 'NONE', #1334, 1000.000000000000000 ) ;
#4465 = CYLINDRICAL_SURFACE ( 'NONE', #1340, 18.52682817102720136 ) ;
#4466 = DIRECTION ( 'NONE',  ( -1.000000000000000000, 0.000000000000000000, 0.000000000000000000 ) ) ;
#4467 = DIRECTION ( 'NONE',  ( 0.000000000000000000, 0.000000000000000000, 1.000000000000000000 ) ) ;
#4468 = ORIENTED_EDGE ( 'NONE', *, *, #3451, .T. ) ;
#4469 = LINE ( 'NONE', #5458, #5127 ) ;
#4470 = DIRECTION ( 'NONE',  ( 1.000000000000000000, 0.000000000000000000, 0.000000000000000000 ) ) ;
#4471 = ORIENTED_EDGE ( 'NONE', *, *, #1991, .F. ) ;
#4472 = CARTESIAN_POINT ( 'NONE',  ( 18.33783493938529929, -2.639540076345809894, -5.000000000000000000 ) ) ;
#4473 = ORIENTED_EDGE ( 'NONE', *, *, #4440, .T. ) ;
#4474 = EDGE_CURVE ( 'NONE', #787, #3909, #2680, .T. ) ;
#4475 = FACE_OUTER_BOUND ( 'NONE', #2691, .T. ) ;
#4476 = DIRECTION ( 'NONE',  ( 0.000000000000000000, 0.000000000000000000, 1.000000000000000000 ) ) ;
#4477 = DIRECTION ( 'NONE',  ( 0.000000000000000000, 0.000000000000000000, 1.000000000000000000 ) ) ;
#4478 = DIRECTION ( 'NONE',  ( 0.000000000000000000, 0.000000000000000000, 1.000000000000000000 ) ) ;
#4479 = ORIENTED_EDGE ( 'NONE', *, *, #4517, .F. ) ;
#4480 = EDGE_CURVE ( 'NONE', #2349, #3683, #2082, .T. ) ;
#4481 = DIRECTION ( 'NONE',  ( 0.000000000000000000, 0.000000000000000000, 1.000000000000000000 ) ) ;
#4482 = DIRECTION ( 'NONE',  ( 0.000000000000000000, 1.000000000000000000, 0.000000000000000000 ) ) ;
#4483 = CIRCLE ( 'NONE', #5965, 0.4300000000000000488 ) ;
#4484 = ORIENTED_EDGE ( 'NONE', *, *, #1738, .T. ) ;
#4485 = PRODUCT_DEFINITION ( 'UNKNOWN', '', #3663, #822 ) ;
#4486 = DIRECTION ( 'NONE',  ( 0.000000000000000000, 0.000000000000000000, -1.000000000000000000 ) ) ;
#4487 = CIRCLE ( 'NONE', #5865, 0.4299999999999998268 ) ;
#4488 = CARTESIAN_POINT ( 'NONE',  ( -18.24264523787019954, -0.03220151268792335181, -5.000000000000000000 ) ) ;
#4489 = VERTEX_POINT ( 'NONE', #4775 ) ;
#4490 = CARTESIAN_POINT ( 'NONE',  ( -15.81469496456679913, 9.093435290907059709, -5.000000000000000000 ) ) ;
#4491 = ORIENTED_EDGE ( 'NONE', *, *, #5221, .F. ) ;
#4492 = ORIENTED_EDGE ( 'NONE', *, *, #1249, .F. ) ;
#4493 = CIRCLE ( 'NONE', #1740, 1.764902496759995110 ) ;
#4494 = DIRECTION ( 'NONE',  ( 0.000000000000000000, 0.000000000000000000, -1.000000000000000000 ) ) ;
#4495 = AXIS2_PLACEMENT_3D ( 'NONE', #5293, #5827, #1083 ) ;
#4496 = DIRECTION ( 'NONE',  ( 0.7071067811865465735, 0.7071067811865485719, 0.000000000000000000 ) ) ;
#4497 = CARTESIAN_POINT ( 'NONE',  ( -5.088617526617949668E-14, 4.969787286824989490E-14, 5.002000000000000668 ) ) ;
#4498 = ORIENTED_EDGE ( 'NONE', *, *, #4823, .T. ) ;
#4499 = AXIS2_PLACEMENT_3D ( 'NONE', #6072, #5708, #3290 ) ;
#4500 = VECTOR ( 'NONE', #3765, 1000.000000000000000 ) ;
#4501 = CARTESIAN_POINT ( 'NONE',  ( 15.86533307656284819, -4.635380845820780138, 5.002000000000000668 ) ) ;
#4502 = DIRECTION ( 'NONE',  ( -6.123233995736784525E-17, 1.000000000000000000, 0.000000000000000000 ) ) ;
#4503 = VERTEX_POINT ( 'NONE', #2468 ) ;
#4504 = DIRECTION ( 'NONE',  ( -0.4999999999999993894, 0.8660254037844390407, 0.000000000000000000 ) ) ;
#4505 = AXIS2_PLACEMENT_3D ( 'NONE', #3660, #1874, #38 ) ;
#4506 = ORIENTED_EDGE ( 'NONE', *, *, #1062, .F. ) ;
#4507 = AXIS2_PLACEMENT_3D ( 'NONE', #50, #3823, #3332 ) ;
#4508 = CARTESIAN_POINT ( 'NONE',  ( 18.33783493938529929, -2.639540076345809894, 5.000000000000000000 ) ) ;
#4509 = CIRCLE ( 'NONE', #282, 0.4299999999999997713 ) ;
#4510 = EDGE_CURVE ( 'NONE', #2078, #5017, #5825, .T. ) ;
#4511 = DIRECTION ( 'NONE',  ( -0.2588190451025206285, -0.9659258262890684232, 0.000000000000000000 ) ) ;
#4512 = ORIENTED_EDGE ( 'NONE', *, *, #5726, .F. ) ;
#4513 = DIRECTION ( 'NONE',  ( 0.000000000000000000, 0.000000000000000000, -1.000000000000000000 ) ) ;
#4514 = DIRECTION ( 'NONE',  ( 0.2588190451025214056, 0.9659258262890680902, 0.000000000000000000 ) ) ;
#4515 = VECTOR ( 'NONE', #652, 1000.000000000000000 ) ;
#4516 = VERTEX_POINT ( 'NONE', #5327 ) ;
#4517 = EDGE_CURVE ( 'NONE', #3136, #1111, #4346, .T. ) ;
#4518 = CARTESIAN_POINT ( 'NONE',  ( -16.46764093829609976, -7.522724857905819462, 5.002000000000000668 ) ) ;
#4519 = DIRECTION ( 'NONE',  ( -0.000000000000000000, -0.000000000000000000, -1.000000000000000000 ) ) ;
#4520 = DIRECTION ( 'NONE',  ( 0.8660254037844387076, -0.4999999999999999445, 0.000000000000000000 ) ) ;
#4521 = VERTEX_POINT ( 'NONE', #2095 ) ;
#4522 = EDGE_CURVE ( 'NONE', #1140, #5278, #1001, .T. ) ;
#4523 = DIRECTION ( 'NONE',  ( 0.000000000000000000, 0.000000000000000000, 1.000000000000000000 ) ) ;
#4524 = ORIENTED_EDGE ( 'NONE', *, *, #4343, .T. ) ;
#4525 = CIRCLE ( 'NONE', #1864, 18.52682817102720136 ) ;
#4526 = ORIENTED_EDGE ( 'NONE', *, *, #5421, .F. ) ;
#4527 = EDGE_CURVE ( 'NONE', #72, #3683, #1477, .T. ) ;
#4528 = AXIS2_PLACEMENT_3D ( 'NONE', #6058, #5126, #4234 ) ;
#4529 = DIRECTION ( 'NONE',  ( 0.000000000000000000, 0.000000000000000000, 1.000000000000000000 ) ) ;
#4530 = CARTESIAN_POINT ( 'NONE',  ( -16.80157748816159824, -6.723256931056110552, 5.002000000000000668 ) ) ;
#4531 = CARTESIAN_POINT ( 'NONE',  ( -17.91222139392874979, -2.578277445616425023, 5.000000000000000000 ) ) ;
#4532 = ORIENTED_EDGE ( 'NONE', *, *, #5314, .F. ) ;
#4533 = DIRECTION ( 'NONE',  ( -0.9659258262890680902, 0.2588190451025214611, 0.000000000000000000 ) ) ;
#4534 = DIRECTION ( 'NONE',  ( 0.4999999999999995559, -0.8660254037844388186, 0.000000000000000000 ) ) ;
#4535 = ORIENTED_EDGE ( 'NONE', *, *, #4844, .T. ) ;
#4536 = CARTESIAN_POINT ( 'NONE',  ( 0.000000000000000000, -4.347496136973104859E-16, 4.000000000000000000 ) ) ;
#4537 = DIRECTION ( 'NONE',  ( 0.000000000000000000, 0.000000000000000000, 1.000000000000000000 ) ) ;
#4538 = CARTESIAN_POINT ( 'NONE',  ( -11.18896446287261881, -14.22330004254519942, -5.000000000000000000 ) ) ;
#4539 = FACE_BOUND ( 'NONE', #1089, .T. ) ;
#4540 = EDGE_LOOP ( 'NONE', ( #5125, #4620, #5971, #499 ) ) ;
#4541 = DIRECTION ( 'NONE',  ( 0.2588190451025211281, -0.9659258262890683122, 0.000000000000000000 ) ) ;
#4542 = DIRECTION ( 'NONE',  ( 0.2588190451025211281, -0.9659258262890683122, 0.000000000000000000 ) ) ;
#4543 = ORIENTED_EDGE ( 'NONE', *, *, #2644, .F. ) ;
#4544 = CIRCLE ( 'NONE', #5431, 16.52862817102734994 ) ;
#4545 = DIRECTION ( 'NONE',  ( -0.000000000000000000, -0.000000000000000000, 1.000000000000000000 ) ) ;
#4546 = CARTESIAN_POINT ( 'NONE',  ( 9.149209946963118512, 15.78249345187884778, 5.000000000000000000 ) ) ;
#4547 = ORIENTED_EDGE ( 'NONE', *, *, #4829, .T. ) ;
#4548 = AXIS2_PLACEMENT_3D ( 'NONE', #2269, #6030, #5035 ) ;
#4549 = DIRECTION ( 'NONE',  ( 1.000000000000000000, 0.000000000000000000, 0.000000000000000000 ) ) ;
#4550 = ADVANCED_FACE ( 'NONE', ( #3361 ), #1115, .F. ) ;
#4551 = EDGE_LOOP ( 'NONE', ( #994, #2805, #3403, #5252 ) ) ;
#4552 = EDGE_LOOP ( 'NONE', ( #3303, #3782, #3337, #3319 ) ) ;
#4553 = AXIS2_PLACEMENT_3D ( 'NONE', #973, #1834, #916 ) ;
#4554 = FACE_OUTER_BOUND ( 'NONE', #5485, .T. ) ;
#4555 = DIRECTION ( 'NONE',  ( 0.000000000000000000, 1.000000000000000000, 0.000000000000000000 ) ) ;
#4556 = DIRECTION ( 'NONE',  ( 0.4999999999999993894, 0.8660254037844390407, 0.000000000000000000 ) ) ;
#4557 = ADVANCED_FACE ( 'NONE', ( #4865 ), #658, .F. ) ;
#4558 = CIRCLE ( 'NONE', #1116, 18.52682817102720136 ) ;
#4559 = VERTEX_POINT ( 'NONE', #601 ) ;
#4560 = CYLINDRICAL_SURFACE ( 'NONE', #912, 18.52682817102720136 ) ;
#4561 = AXIS2_PLACEMENT_3D ( 'NONE', #1223, #2207, #3131 ) ;
#4562 = DIRECTION ( 'NONE',  ( 0.000000000000000000, 0.000000000000000000, -1.000000000000000000 ) ) ;
#4563 = EDGE_CURVE ( 'NONE', #4559, #4758, #2970, .T. ) ;
#4564 = ORIENTED_EDGE ( 'NONE', *, *, #485, .F. ) ;
#4565 = DIRECTION ( 'NONE',  ( -1.000000000000000000, 0.000000000000000000, 0.000000000000000000 ) ) ;
#4566 = EDGE_CURVE ( 'NONE', #261, #2909, #3655, .T. ) ;
#4567 = DIRECTION ( 'NONE',  ( -0.7071067811865489050, 8.659560562354951347E-17, 0.7071067811865460184 ) ) ;
#4568 = DIRECTION ( 'NONE',  ( 1.000000000000000000, 0.000000000000000000, 0.000000000000000000 ) ) ;
#4569 = DIRECTION ( 'NONE',  ( 0.000000000000000000, 0.000000000000000000, -1.000000000000000000 ) ) ;
#4570 = ORIENTED_EDGE ( 'NONE', *, *, #3956, .T. ) ;
#4571 = DIRECTION ( 'NONE',  ( 0.000000000000000000, 0.000000000000000000, 1.000000000000000000 ) ) ;
#4572 = EDGE_LOOP ( 'NONE', ( #1962, #898, #6017, #99 ) ) ;
#4573 = DIRECTION ( 'NONE',  ( 0.000000000000000000, 0.000000000000000000, 1.000000000000000000 ) ) ;
#4574 = DIRECTION ( 'NONE',  ( -0.000000000000000000, -0.000000000000000000, -1.000000000000000000 ) ) ;
#4575 = EDGE_LOOP ( 'NONE', ( #833, #2676 ) ) ;
#4576 = DIRECTION ( 'NONE',  ( 0.4999999999999993894, 0.8660254037844390407, 0.000000000000000000 ) ) ;
#4577 = EDGE_LOOP ( 'NONE', ( #1487, #1227, #2451, #408 ) ) ;
#4578 = ORIENTED_EDGE ( 'NONE', *, *, #5223, .T. ) ;
#4579 = CIRCLE ( 'NONE', #3596, 18.52682817102720136 ) ;
#4580 = EDGE_CURVE ( 'NONE', #5843, #3588, #1105, .T. ) ;
#4581 = CARTESIAN_POINT ( 'NONE',  ( -17.61270781032335009, -4.752648293360460130, 5.002000000000000668 ) ) ;
#4582 = DIRECTION ( 'NONE',  ( 0.000000000000000000, 0.000000000000000000, 1.000000000000000000 ) ) ;
#4583 = DIRECTION ( 'NONE',  ( -0.2588190451025180194, 0.9659258262890689783, 0.000000000000000000 ) ) ;
#4584 = AXIS2_PLACEMENT_3D ( 'NONE', #1193, #672, #5220 ) ;
#4585 = ORIENTED_EDGE ( 'NONE', *, *, #880, .F. ) ;
#4586 = AXIS2_PLACEMENT_3D ( 'NONE', #5360, #1146, #5984 ) ;
#4587 = STYLED_ITEM ( 'NONE', ( #4780 ), #743 ) ;
#4588 = DIRECTION ( 'NONE',  ( 0.000000000000000000, 0.000000000000000000, -1.000000000000000000 ) ) ;
#4589 = EDGE_CURVE ( 'NONE', #3019, #4462, #313, .T. ) ;
#4590 = FACE_OUTER_BOUND ( 'NONE', #1228, .T. ) ;
#4591 = CARTESIAN_POINT ( 'NONE',  ( -0.3711837165545204820, 16.52445980553209992, 5.002000000000000668 ) ) ;
#4592 = ORIENTED_EDGE ( 'NONE', *, *, #5613, .T. ) ;
#4593 = DIRECTION ( 'NONE',  ( 0.000000000000000000, 0.000000000000000000, -1.000000000000000000 ) ) ;
#4594 = CIRCLE ( 'NONE', #4499, 16.52862817102734638 ) ;
#4595 = AXIS2_PLACEMENT_3D ( 'NONE', #1975, #2927, #4803 ) ;
#4596 = ORIENTED_EDGE ( 'NONE', *, *, #534, .T. ) ;
#4597 = EDGE_CURVE ( 'NONE', #3153, #2251, #1483, .T. ) ;
#4598 = CIRCLE ( 'NONE', #2640, 1.764902496759994888 ) ;
#4599 = DIRECTION ( 'NONE',  ( 0.000000000000000000, 0.000000000000000000, -1.000000000000000000 ) ) ;
#4600 = VECTOR ( 'NONE', #5346, 1000.000000000000000 ) ;
#4601 = CARTESIAN_POINT ( 'NONE',  ( -14.22330004254517988, -11.18896446287264013, -5.000000000000000000 ) ) ;
#4602 = EDGE_LOOP ( 'NONE', ( #324, #2658, #1586, #4326 ) ) ;
#4603 = CARTESIAN_POINT ( 'NONE',  ( -9.757819552369539906E-16, 2.376571162088225214E-13, 5.000000000000000000 ) ) ;
#4604 = ORIENTED_EDGE ( 'NONE', *, *, #2526, .F. ) ;
#4605 = VECTOR ( 'NONE', #1931, 1000.000000000000000 ) ;
#4606 = VECTOR ( 'NONE', #2075, 1000.000000000000000 ) ;
#4607 = DIRECTION ( 'NONE',  ( 0.000000000000000000, 0.000000000000000000, 1.000000000000000000 ) ) ;
#4608 = AXIS2_PLACEMENT_3D ( 'NONE', #5650, #1445, #4226 ) ;
#4609 = CARTESIAN_POINT ( 'NONE',  ( -18.02275782191794917, -1.718949636520939794, 5.000000000000000000 ) ) ;
#4610 = EDGE_LOOP ( 'NONE', ( #2815, #5400, #4147, #1807 ) ) ;
#4611 = DIRECTION ( 'NONE',  ( 0.000000000000000000, 0.000000000000000000, 1.000000000000000000 ) ) ;
#4612 = VERTEX_POINT ( 'NONE', #4067 ) ;
#4613 = ORIENTED_EDGE ( 'NONE', *, *, #4966, .T. ) ;
#4614 = VECTOR ( 'NONE', #1058, 1000.000000000000000 ) ;
#4615 = DIRECTION ( 'NONE',  ( -1.000000000000000000, 0.000000000000000000, 0.000000000000000000 ) ) ;
#4616 = ORIENTED_EDGE ( 'NONE', *, *, #5507, .T. ) ;
#4617 = CARTESIAN_POINT ( 'NONE',  ( 17.02982512410864757, -7.295780857526779961, 5.000000000000000000 ) ) ;
#4618 = AXIS2_PLACEMENT_3D ( 'NONE', #3009, #1076, #4311 ) ;
#4619 = DIRECTION ( 'NONE',  ( 0.000000000000000000, 0.000000000000000000, 1.000000000000000000 ) ) ;
#4620 = ORIENTED_EDGE ( 'NONE', *, *, #2413, .F. ) ;
#4621 = VECTOR ( 'NONE', #2389, 1000.000000000000000 ) ;
#4622 = ORIENTED_EDGE ( 'NONE', *, *, #3726, .T. ) ;
#4623 = CARTESIAN_POINT ( 'NONE',  ( 11.10037075072115975, 14.83324412511671930, 5.000000000000000000 ) ) ;
#4624 = CIRCLE ( 'NONE', #4528, 0.4299999999999998823 ) ;
#4625 = ORIENTED_EDGE ( 'NONE', *, *, #2642, .F. ) ;
#4626 = EDGE_CURVE ( 'NONE', #4859, #4024, #4469, .T. ) ;
#4627 = ADVANCED_FACE ( 'NONE', ( #2713 ), #4992, .T. ) ;
#4628 = CARTESIAN_POINT ( 'NONE',  ( -6.325010817588560208, -16.96375033764019946, 5.000000000000000000 ) ) ;
#4629 = FACE_OUTER_BOUND ( 'NONE', #1286, .T. ) ;
#4630 = VERTEX_POINT ( 'NONE', #5050 ) ;
#4631 = EDGE_CURVE ( 'NONE', #1875, #1237, #3064, .T. ) ;
#4632 = CARTESIAN_POINT ( 'NONE',  ( 17.96918455708715001, -2.145599264782074744, -5.000000000000000000 ) ) ;
#4633 = EDGE_CURVE ( 'NONE', #2315, #2546, #2595, .T. ) ;
#4634 = CARTESIAN_POINT ( 'NONE',  ( -9.757819552369539906E-16, 2.376571162088225214E-13, 5.000000000000000000 ) ) ;
#4635 = CARTESIAN_POINT ( 'NONE',  ( -9.093435290907079249, 15.81469496456674939, 5.000000000000000000 ) ) ;
#4636 = EDGE_CURVE ( 'NONE', #1763, #4842, #3260, .T. ) ;
#4637 = DIRECTION ( 'NONE',  ( 0.000000000000000000, 0.000000000000000000, -1.000000000000000000 ) ) ;
#4638 = ORIENTED_EDGE ( 'NONE', *, *, #220, .T. ) ;
#4639 = DIRECTION ( 'NONE',  ( -0.000000000000000000, -0.000000000000000000, -1.000000000000000000 ) ) ;
#4640 = CIRCLE ( 'NONE', #5732, 1.764902496759995554 ) ;
#4641 = EDGE_LOOP ( 'NONE', ( #811, #4228, #4893, #5963 ) ) ;
#4642 = DIRECTION ( 'NONE',  ( 0.000000000000000000, 0.000000000000000000, -1.000000000000000000 ) ) ;
#4643 = LINE ( 'NONE', #2362, #5791 ) ;
#4644 = ORIENTED_EDGE ( 'NONE', *, *, #4370, .T. ) ;
#4645 = DIRECTION ( 'NONE',  ( -0.000000000000000000, -0.000000000000000000, 1.000000000000000000 ) ) ;
#4646 = CARTESIAN_POINT ( 'NONE',  ( -16.63456994411955137, 7.126448808901069576, 5.002000000000000668 ) ) ;
#4647 = VERTEX_POINT ( 'NONE', #749 ) ;
#4648 = VECTOR ( 'NONE', #3773, 1000.000000000000000 ) ;
#4649 = CARTESIAN_POINT ( 'NONE',  ( 16.80157748816159824, 6.723256931056099894, 5.002000000000000668 ) ) ;
#4650 = AXIS2_PLACEMENT_3D ( 'NONE', #4237, #923, #2792 ) ;
#4651 = CARTESIAN_POINT ( 'NONE',  ( -18.39615160824795126, -2.196580998991910061, 5.000000000000000000 ) ) ;
#4652 = VERTEX_POINT ( 'NONE', #1293 ) ;
#4653 = CYLINDRICAL_SURFACE ( 'NONE', #5272, 18.52682817102720136 ) ;
#4654 = ORIENTED_EDGE ( 'NONE', *, *, #3912, .T. ) ;
#4655 = DIRECTION ( 'NONE',  ( -0.9659258262890683122, -0.2588190451025211281, 0.000000000000000000 ) ) ;
#4656 = EDGE_CURVE ( 'NONE', #815, #4693, #2978, .T. ) ;
#4657 = CARTESIAN_POINT ( 'NONE',  ( 0.000000000000000000, 0.000000000000000000, 5.000000000000000000 ) ) ;
#4658 = ORIENTED_EDGE ( 'NONE', *, *, #4474, .F. ) ;
#4659 = DIRECTION ( 'NONE',  ( -1.000000000000000000, 0.000000000000000000, 0.000000000000000000 ) ) ;
#4660 = CARTESIAN_POINT ( 'NONE',  ( -17.96918455708715001, 2.145599264782074744, 5.000000000000000000 ) ) ;
#4661 = DIRECTION ( 'NONE',  ( 1.000000000000000000, 0.000000000000000000, 0.000000000000000000 ) ) ;
#4662 = EDGE_CURVE ( 'NONE', #4024, #233, #1989, .T. ) ;
#4663 = DIRECTION ( 'NONE',  ( 1.000000000000000000, 0.000000000000000000, 0.000000000000000000 ) ) ;
#4664 = EDGE_LOOP ( 'NONE', ( #2762, #4782, #464, #4949 ) ) ;
#4665 = CARTESIAN_POINT ( 'NONE',  ( 15.81469496456674939, -9.093435290907070367, -5.000000000000000000 ) ) ;
#4666 = VERTEX_POINT ( 'NONE', #345 ) ;
#4667 = EDGE_CURVE ( 'NONE', #2374, #2505, #5130, .T. ) ;
#4668 = CARTESIAN_POINT ( 'NONE',  ( 4.690439747858780706, 17.62937653985284925, 5.000000000000000000 ) ) ;
#4669 = EDGE_CURVE ( 'NONE', #53, #4156, #3561, .T. ) ;
#4670 = CARTESIAN_POINT ( 'NONE',  ( -7.126448808901080234, -16.63456994411955137, -5.000000000000000000 ) ) ;
#4671 = ORIENTED_EDGE ( 'NONE', *, *, #3228, .T. ) ;
#4672 = CARTESIAN_POINT ( 'NONE',  ( 1.921978404781390092E-14, -6.848270805104349773E-14, 5.002000000000000668 ) ) ;
#4673 = LINE ( 'NONE', #4181, #4280 ) ;
#4674 = CIRCLE ( 'NONE', #4769, 18.52682817102720136 ) ;
#4675 = ORIENTED_EDGE ( 'NONE', *, *, #5507, .F. ) ;
#4676 = LINE ( 'NONE', #2341, #5685 ) ;
#4677 = AXIS2_PLACEMENT_3D ( 'NONE', #1801, #4571, #3587 ) ;
#4678 = ORIENTED_EDGE ( 'NONE', *, *, #312, .T. ) ;
#4679 = DIRECTION ( 'NONE',  ( -0.9659258262890680902, 0.2588190451025214056, 0.000000000000000000 ) ) ;
#4680 = EDGE_LOOP ( 'NONE', ( #4547, #3821, #105, #4054 ) ) ;
#4681 = AXIS2_PLACEMENT_3D ( 'NONE', #5529, #1729, #756 ) ;
#4682 = DIRECTION ( 'NONE',  ( -0.7071067811865470176, -0.7071067811865480168, 0.000000000000000000 ) ) ;
#4683 = DIRECTION ( 'NONE',  ( -0.8660254037844388186, -0.4999999999999995559, 0.000000000000000000 ) ) ;
#4684 = AXIS2_PLACEMENT_3D ( 'NONE', #659, #2067, #5831 ) ;
#4685 = VERTEX_POINT ( 'NONE', #812 ) ;
#4686 = CIRCLE ( 'NONE', #2630, 1.764902496759994888 ) ;
#4687 = CARTESIAN_POINT ( 'NONE',  ( 17.61270781032335009, 4.752648293360449472, -5.000000000000000000 ) ) ;
#4688 = CIRCLE ( 'NONE', #2728, 0.4299999999999997713 ) ;
#4689 = AXIS2_PLACEMENT_3D ( 'NONE', #358, #6027, #5475 ) ;
#4690 = DIRECTION ( 'NONE',  ( 0.000000000000000000, 0.000000000000000000, -1.000000000000000000 ) ) ;
#4691 = LINE ( 'NONE', #4722, #4464 ) ;
#4692 = DIRECTION ( 'NONE',  ( 0.000000000000000000, 0.000000000000000000, -1.000000000000000000 ) ) ;
#4693 = VERTEX_POINT ( 'NONE', #5923 ) ;
#4694 = DIRECTION ( 'NONE',  ( 0.9659258262890683122, -0.2588190451025211281, 0.000000000000000000 ) ) ;
#4695 = AXIS2_PLACEMENT_3D ( 'NONE', #3809, #591, #5284 ) ;
#4696 = AXIS2_PLACEMENT_3D ( 'NONE', #1732, #4999, #5562 ) ;
#4697 = VERTEX_POINT ( 'NONE', #2687 ) ;
#4698 = EDGE_CURVE ( 'NONE', #5017, #3292, #1110, .T. ) ;
#4699 = VECTOR ( 'NONE', #1329, 1000.000000000000000 ) ;
#4700 = CARTESIAN_POINT ( 'NONE',  ( -9.149209946963118512, -15.78249345187884778, -5.000000000000000000 ) ) ;
#4701 = EDGE_CURVE ( 'NONE', #1386, #1780, #5526, .T. ) ;
#4702 = CARTESIAN_POINT ( 'NONE',  ( -11.52853332705896072, 13.95949521606318022, 5.000000000000000000 ) ) ;
#4703 = DIRECTION ( 'NONE',  ( 0.000000000000000000, 0.000000000000000000, -1.000000000000000000 ) ) ;
#4704 = VERTEX_POINT ( 'NONE', #784 ) ;
#4705 = DIRECTION ( 'NONE',  ( 0.2588190451025180194, -0.9659258262890689783, 0.000000000000000000 ) ) ;
#4706 = FACE_OUTER_BOUND ( 'NONE', #3754, .T. ) ;
#4707 = ADVANCED_FACE ( 'NONE', ( #2660 ), #4096, .F. ) ;
#4708 = CIRCLE ( 'NONE', #2651, 16.52862817102734638 ) ;
#4709 = ORIENTED_EDGE ( 'NONE', *, *, #3083, .T. ) ;
#4710 = ADVANCED_FACE ( 'NONE', ( #1268 ), #4560, .T. ) ;
#4711 = ORIENTED_EDGE ( 'NONE', *, *, #4474, .T. ) ;
#4712 = DIRECTION ( 'NONE',  ( 0.000000000000000000, 0.000000000000000000, 1.000000000000000000 ) ) ;
#4713 = ORIENTED_EDGE ( 'NONE', *, *, #3012, .F. ) ;
#4714 = EDGE_LOOP ( 'NONE', ( #4870, #3970, #2122, #275 ) ) ;
#4715 = CIRCLE ( 'NONE', #2159, 18.52682817102720136 ) ;
#4716 = CARTESIAN_POINT ( 'NONE',  ( 1.921978404781390092E-14, -6.848270805104349773E-14, 5.000000000000000000 ) ) ;
#4717 = DIRECTION ( 'NONE',  ( 0.000000000000000000, 0.000000000000000000, -1.000000000000000000 ) ) ;
#4718 = VECTOR ( 'NONE', #4821, 1000.000000000000000 ) ;
#4719 = ORIENTED_EDGE ( 'NONE', *, *, #3079, .T. ) ;
#4720 = DIRECTION ( 'NONE',  ( 1.000000000000000000, 0.000000000000000000, 0.000000000000000000 ) ) ;
#4721 = EDGE_LOOP ( 'NONE', ( #6006, #5935, #4252, #2800 ) ) ;
#4722 = CARTESIAN_POINT ( 'NONE',  ( -6.100000000000001421, -3.371676250056185610E-16, -52.80796289473149585 ) ) ;
#4723 = CARTESIAN_POINT ( 'NONE',  ( -14.74869130177516041, -10.50003296401214037, -5.000000000000000000 ) ) ;
#4724 = ORIENTED_EDGE ( 'NONE', *, *, #1882, .F. ) ;
#4725 = DIRECTION ( 'NONE',  ( -0.000000000000000000, -0.000000000000000000, 1.000000000000000000 ) ) ;
#4726 = ORIENTED_EDGE ( 'NONE', *, *, #1382, .F. ) ;
#4727 = CARTESIAN_POINT ( 'NONE',  ( 5.088617526617949668E-14, -4.969787286824989490E-14, 5.000000000000000000 ) ) ;
#4728 = CARTESIAN_POINT ( 'NONE',  ( -14.83324412511674062, 11.10037075072115975, 5.000000000000000000 ) ) ;
#4729 = CYLINDRICAL_SURFACE ( 'NONE', #5497, 16.10000000000000142 ) ;
#4730 = ORIENTED_EDGE ( 'NONE', *, *, #802, .T. ) ;
#4731 = EDGE_CURVE ( 'NONE', #39, #825, #3166, .T. ) ;
#4732 = CIRCLE ( 'NONE', #4050, 16.52862817102734638 ) ;
#4733 = CARTESIAN_POINT ( 'NONE',  ( -14.48897067933745930, 10.84273574818604047, -5.000000000000000000 ) ) ;
#4734 = CARTESIAN_POINT ( 'NONE',  ( -3.004255121577000143, -17.85354414464755024, -5.000000000000000000 ) ) ;
#4735 = ORIENTED_EDGE ( 'NONE', *, *, #3159, .F. ) ;
#4736 = AXIS2_PLACEMENT_3D ( 'NONE', #5396, #3111, #5894 ) ;
#4737 = EDGE_CURVE ( 'NONE', #1320, #233, #5426, .T. ) ;
#4738 = CARTESIAN_POINT ( 'NONE',  ( 14.22330004254517988, -11.18896446287261881, -5.000000000000000000 ) ) ;
#4739 = ORIENTED_EDGE ( 'NONE', *, *, #5770, .T. ) ;
#4740 = AXIS2_PLACEMENT_3D ( 'NONE', #3977, #322, #4568 ) ;
#4741 = CIRCLE ( 'NONE', #5939, 0.4299999999999993272 ) ;
#4742 = CARTESIAN_POINT ( 'NONE',  ( 6.201502689006169644E-14, -3.483414762376119677E-14, 5.000000000000000000 ) ) ;
#4743 = EDGE_LOOP ( 'NONE', ( #5231, #75, #521, #5002 ) ) ;
#4744 = VERTEX_POINT ( 'NONE', #5214 ) ;
#4745 = VECTOR ( 'NONE', #5605, 1000.000000000000114 ) ;
#4746 = CARTESIAN_POINT ( 'NONE',  ( 13.95949521606318022, 11.52853332705896072, -5.000000000000000000 ) ) ;
#4747 = CARTESIAN_POINT ( 'NONE',  ( 12.87672824649239978, -12.92226806246459958, 5.002000000000000668 ) ) ;
#4748 = VERTEX_POINT ( 'NONE', #1992 ) ;
#4749 = FACE_OUTER_BOUND ( 'NONE', #5339, .T. ) ;
#4750 = ADVANCED_FACE ( 'NONE', ( #3377 ), #6014, .F. ) ;
#4751 = AXIS2_PLACEMENT_3D ( 'NONE', #360, #2237, #5540 ) ;
#4752 = VERTEX_POINT ( 'NONE', #1902 ) ;
#4753 = DIRECTION ( 'NONE',  ( 0.000000000000000000, 1.000000000000000000, 0.000000000000000000 ) ) ;
#4754 = FACE_OUTER_BOUND ( 'NONE', #4664, .T. ) ;
#4755 = CARTESIAN_POINT ( 'NONE',  ( 6.891765691606369485E-14, -1.759653278486404839E-14, -5.000000000000000000 ) ) ;
#4756 = ORIENTED_EDGE ( 'NONE', *, *, #546, .T. ) ;
#4757 = CARTESIAN_POINT ( 'NONE',  ( 4.752648293360449472, 17.61270781032335009, 5.002000000000000668 ) ) ;
#4758 = VERTEX_POINT ( 'NONE', #4335 ) ;
#4759 = DIRECTION ( 'NONE',  ( -0.8191520442889917986, -1.003171929053524870E-16, -0.5735764363510459374 ) ) ;
#4760 = FACE_OUTER_BOUND ( 'NONE', #5470, .T. ) ;
#4761 = DIRECTION ( 'NONE',  ( 0.9659258262890680902, 0.2588190451025215721, 0.000000000000000000 ) ) ;
#4762 = ORIENTED_EDGE ( 'NONE', *, *, #564, .F. ) ;
#4763 = CARTESIAN_POINT ( 'NONE',  ( 7.112366251504910349E-14, 8.402566836762699793E-16, 5.000000000000000000 ) ) ;
#4764 = CARTESIAN_POINT ( 'NONE',  ( -17.20080094608644927, -6.883008709270070469, -5.000000000000000000 ) ) ;
#4765 = EDGE_LOOP ( 'NONE', ( #3484, #2217, #4771, #2390 ) ) ;
#4766 = EDGE_CURVE ( 'NONE', #1645, #4087, #4269, .T. ) ;
#4767 = PLANE ( 'NONE',  #367 ) ;
#4768 = CARTESIAN_POINT ( 'NONE',  ( -10.14999999999999858, 8.000000000000000000, -53.44388806018619675 ) ) ;
#4769 = AXIS2_PLACEMENT_3D ( 'NONE', #1907, #2336, #4210 ) ;
#4770 = DIRECTION ( 'NONE',  ( -0.000000000000000000, -0.000000000000000000, 1.000000000000000000 ) ) ;
#4771 = ORIENTED_EDGE ( 'NONE', *, *, #5812, .T. ) ;
#4772 = ORIENTED_EDGE ( 'NONE', *, *, #1352, .F. ) ;
#4773 = EDGE_CURVE ( 'NONE', #4310, #3716, #1490, .T. ) ;
#4774 = AXIS2_PLACEMENT_3D ( 'NONE', #5472, #5004, #4080 ) ;
#4775 = CARTESIAN_POINT ( 'NONE',  ( -6.325010817588560208, -16.96375033764019946, -5.000000000000000000 ) ) ;
#4776 = DIRECTION ( 'NONE',  ( -0.7071067811865475727, -0.7071067811865475727, 0.000000000000000000 ) ) ;
#4777 = EDGE_CURVE ( 'NONE', #2802, #5105, #3948, .T. ) ;
#4778 = FACE_OUTER_BOUND ( 'NONE', #3867, .T. ) ;
#4779 = EDGE_LOOP ( 'NONE', ( #5916, #4772 ) ) ;
#4780 = PRESENTATION_STYLE_ASSIGNMENT (( #5719 ) ) ;
#4781 = COLOUR_RGB ( '',0.7921568627450980005, 0.8196078431372548767, 0.9333333333333333481 ) ;
#4782 = ORIENTED_EDGE ( 'NONE', *, *, #5726, .T. ) ;
#4783 = EDGE_CURVE ( 'NONE', #3738, #4002, #3752, .T. ) ;
#4784 = LINE ( 'NONE', #5122, #1060 ) ;
#4785 = AXIS2_PLACEMENT_3D ( 'NONE', #4957, #3600, #404 ) ;
#4786 = DIRECTION ( 'NONE',  ( 0.2588190451025180194, -0.9659258262890689783, 0.000000000000000000 ) ) ;
#4787 = CARTESIAN_POINT ( 'NONE',  ( 3.918308969584845425, -16.05747190671534952, -5.000000000000000000 ) ) ;
#4788 = ORIENTED_EDGE ( 'NONE', *, *, #2897, .F. ) ;
#4789 = DIRECTION ( 'NONE',  ( 0.000000000000000000, 0.000000000000000000, 1.000000000000000000 ) ) ;
#4790 = ORIENTED_EDGE ( 'NONE', *, *, #2483, .T. ) ;
#4791 = AXIS2_PLACEMENT_3D ( 'NONE', #2020, #179, #1195 ) ;
#4792 = CARTESIAN_POINT ( 'NONE',  ( -10.84273574818606001, -14.48897067933745930, -5.000000000000000000 ) ) ;
#4793 = DIRECTION ( 'NONE',  ( 0.2588190451025180194, -0.9659258262890689783, 0.000000000000000000 ) ) ;
#4794 = CIRCLE ( 'NONE', #2044, 16.52862817102734638 ) ;
#4795 = CYLINDRICAL_SURFACE ( 'NONE', #4695, 16.52862817102734638 ) ;
#4796 = ORIENTED_EDGE ( 'NONE', *, *, #374, .F. ) ;
#4797 = DIRECTION ( 'NONE',  ( -0.8660254037844390407, 0.4999999999999993894, 0.000000000000000000 ) ) ;
#4798 = DIRECTION ( 'NONE',  ( 0.000000000000000000, 0.000000000000000000, -1.000000000000000000 ) ) ;
#4799 = EDGE_LOOP ( 'NONE', ( #3050, #3412, #1407, #401 ) ) ;
#4800 = VECTOR ( 'NONE', #3122, 1000.000000000000000 ) ;
#4801 = AXIS2_PLACEMENT_3D ( 'NONE', #4123, #1289, #4955 ) ;
#4802 = CARTESIAN_POINT ( 'NONE',  ( -16.10000000000000142, -9.858406733136190470E-16, -6.500000000000000000 ) ) ;
#4803 = DIRECTION ( 'NONE',  ( 0.2588190451025180194, 0.9659258262890689783, 0.000000000000000000 ) ) ;
#4804 = ORIENTED_EDGE ( 'NONE', *, *, #3098, .T. ) ;
#4805 = CIRCLE ( 'NONE', #4215, 18.52682817102720136 ) ;
#4806 = DIRECTION ( 'NONE',  ( -0.4999999999999995559, -0.8660254037844388186, 0.000000000000000000 ) ) ;
#4807 = DIRECTION ( 'NONE',  ( -1.000000000000000000, 0.000000000000000000, 0.000000000000000000 ) ) ;
#4808 = LINE ( 'NONE', #604, #5095 ) ;
#4809 = ORIENTED_EDGE ( 'NONE', *, *, #4203, .T. ) ;
#4810 = EDGE_CURVE ( 'NONE', #2775, #2417, #1009, .T. ) ;
#4811 = DIRECTION ( 'NONE',  ( 0.7071067811865489050, 0.000000000000000000, 0.7071067811865460184 ) ) ;
#4812 = VECTOR ( 'NONE', #4725, 1000.000000000000000 ) ;
#4813 = VERTEX_POINT ( 'NONE', #2882 ) ;
#4814 = CIRCLE ( 'NONE', #5306, 1.764902496759995110 ) ;
#4815 = DIRECTION ( 'NONE',  ( 1.000000000000000000, 0.000000000000000000, 0.000000000000000000 ) ) ;
#4816 = EDGE_CURVE ( 'NONE', #1140, #4418, #5759, .T. ) ;
#4817 = DIRECTION ( 'NONE',  ( 0.000000000000000000, 0.000000000000000000, -1.000000000000000000 ) ) ;
#4818 = CARTESIAN_POINT ( 'NONE',  ( 9.149209946963129170, -15.78249345187884778, -5.000000000000000000 ) ) ;
#4819 = VERTEX_POINT ( 'NONE', #549 ) ;
#4820 = ADVANCED_FACE ( 'NONE', ( #5555 ), #3405, .T. ) ;
#4821 = DIRECTION ( 'NONE',  ( 0.000000000000000000, 0.000000000000000000, -1.000000000000000000 ) ) ;
#4822 = VERTEX_POINT ( 'NONE', #5727 ) ;
#4823 = EDGE_CURVE ( 'NONE', #3024, #1800, #3069, .T. ) ;
#4824 = CARTESIAN_POINT ( 'NONE',  ( -9.757819552369539906E-16, 2.376571162088225214E-13, 5.000000000000000000 ) ) ;
#4825 = CARTESIAN_POINT ( 'NONE',  ( 0.000000000000000000, 1.165057210878772069E-15, 5.000000000000000000 ) ) ;
#4826 = CARTESIAN_POINT ( 'NONE',  ( -9.757819552369539906E-16, 2.376571162088225214E-13, 5.000000000000000000 ) ) ;
#4827 = ORIENTED_EDGE ( 'NONE', *, *, #3611, .T. ) ;
#4828 = CARTESIAN_POINT ( 'NONE',  ( -2.639540076345824993, 18.33783493938529929, 5.000000000000000000 ) ) ;
#4829 = EDGE_CURVE ( 'NONE', #1694, #2569, #979, .T. ) ;
#4830 = ORIENTED_EDGE ( 'NONE', *, *, #1961, .F. ) ;
#4831 = DIRECTION ( 'NONE',  ( -0.2588190451025180194, -0.9659258262890689783, 0.000000000000000000 ) ) ;
#4832 = ORIENTED_EDGE ( 'NONE', *, *, #772, .T. ) ;
#4833 = FACE_OUTER_BOUND ( 'NONE', #1529, .T. ) ;
#4834 = ORIENTED_EDGE ( 'NONE', *, *, #264, .T. ) ;
#4835 = CIRCLE ( 'NONE', #2183, 16.52862817102734994 ) ;
#4836 = DIRECTION ( 'NONE',  ( -0.000000000000000000, -0.000000000000000000, 1.000000000000000000 ) ) ;
#4837 = CYLINDRICAL_SURFACE ( 'NONE', #5781, 6.100000000000000533 ) ;
#4838 = CIRCLE ( 'NONE', #2190, 1.764902496759995110 ) ;
#4839 = DIRECTION ( 'NONE',  ( 0.9659258262890689783, -0.2588190451025180194, 0.000000000000000000 ) ) ;
#4840 = ORIENTED_EDGE ( 'NONE', *, *, #1472, .T. ) ;
#4841 = CARTESIAN_POINT ( 'NONE',  ( 10.50003296401214037, -14.74869130177516041, -5.000000000000000000 ) ) ;
#4842 = VERTEX_POINT ( 'NONE', #2850 ) ;
#4843 = CIRCLE ( 'NONE', #5833, 4.479999999999999538 ) ;
#4844 = EDGE_CURVE ( 'NONE', #2699, #5199, #3263, .T. ) ;
#4845 = DIRECTION ( 'NONE',  ( 1.000000000000000000, 0.000000000000000000, 0.000000000000000000 ) ) ;
#4846 = DIRECTION ( 'NONE',  ( -0.4999999999999995559, 0.8660254037844388186, 0.000000000000000000 ) ) ;
#4847 = CARTESIAN_POINT ( 'NONE',  ( 11.94702410697802009, -11.42209106089456050, 5.000000000000000000 ) ) ;
#4848 = ORIENTED_EDGE ( 'NONE', *, *, #4254, .T. ) ;
#4849 = CIRCLE ( 'NONE', #1605, 0.4299999999999998823 ) ;
#4850 = CYLINDRICAL_SURFACE ( 'NONE', #2359, 0.4299999999999997713 ) ;
#4851 = VERTEX_POINT ( 'NONE', #3203 ) ;
#4852 = EDGE_CURVE ( 'NONE', #42, #506, #419, .T. ) ;
#4853 = AXIS2_PLACEMENT_3D ( 'NONE', #4386, #5241, #2448 ) ;
#4854 = CARTESIAN_POINT ( 'NONE',  ( -9.757819552369539906E-16, 2.376571162088225214E-13, -5.000000000000000000 ) ) ;
#4855 = FACE_OUTER_BOUND ( 'NONE', #1185, .T. ) ;
#4856 = ORIENTED_EDGE ( 'NONE', *, *, #3910, .F. ) ;
#4857 = EDGE_CURVE ( 'NONE', #1109, #1683, #1206, .T. ) ;
#4858 = DIRECTION ( 'NONE',  ( 0.000000000000000000, 0.000000000000000000, 1.000000000000000000 ) ) ;
#4859 = VERTEX_POINT ( 'NONE', #2745 ) ;
#4860 = EDGE_CURVE ( 'NONE', #134, #1800, #63, .T. ) ;
#4861 = FACE_OUTER_BOUND ( 'NONE', #697, .T. ) ;
#4862 = ORIENTED_EDGE ( 'NONE', *, *, #5500, .T. ) ;
#4863 = DIRECTION ( 'NONE',  ( 1.000000000000000000, 0.000000000000000000, 0.000000000000000000 ) ) ;
#4864 = ORIENTED_EDGE ( 'NONE', *, *, #264, .F. ) ;
#4865 = FACE_OUTER_BOUND ( 'NONE', #152, .T. ) ;
#4866 = FACE_OUTER_BOUND ( 'NONE', #3386, .T. ) ;
#4867 = DIRECTION ( 'NONE',  ( -1.000000000000000000, 0.000000000000000000, 0.000000000000000000 ) ) ;
#4868 = VERTEX_POINT ( 'NONE', #2360 ) ;
#4869 = CARTESIAN_POINT ( 'NONE',  ( -2.639540076345805009, -18.33783493938529929, -5.000000000000000000 ) ) ;
#4870 = ORIENTED_EDGE ( 'NONE', *, *, #695, .T. ) ;
#4871 = VECTOR ( 'NONE', #1570, 1000.000000000000000 ) ;
#4872 = CARTESIAN_POINT ( 'NONE',  ( 16.46764093829609976, 7.522724857905819462, 5.002000000000000668 ) ) ;
#4873 = LINE ( 'NONE', #639, #5648 ) ;
#4874 = CARTESIAN_POINT ( 'NONE',  ( -17.85354414464755024, -3.004255121577025012, 5.002000000000000668 ) ) ;
#4875 = ORIENTED_EDGE ( 'NONE', *, *, #4844, .F. ) ;
#4876 = CIRCLE ( 'NONE', #2027, 4.479999999999999538 ) ;
#4877 = FACE_OUTER_BOUND ( 'NONE', #3234, .T. ) ;
#4878 = EDGE_LOOP ( 'NONE', ( #47, #2181, #6019, #4218 ) ) ;
#4879 = VECTOR ( 'NONE', #638, 1000.000000000000000 ) ;
#4880 = CARTESIAN_POINT ( 'NONE',  ( 9.093435290907079249, -15.81469496456674939, 5.002000000000000668 ) ) ;
#4881 = CARTESIAN_POINT ( 'NONE',  ( 8.583684430773390162, 14.12501011712842036, -5.000000000000000000 ) ) ;
#4882 = CARTESIAN_POINT ( 'NONE',  ( 14.83324412511671930, 11.10037075072115975, -5.000000000000000000 ) ) ;
#4883 = VERTEX_POINT ( 'NONE', #4236 ) ;
#4884 = CYLINDRICAL_SURFACE ( 'NONE', #5512, 0.4299999999999998823 ) ;
#4885 = CIRCLE ( 'NONE', #172, 0.4299999999999998823 ) ;
#4886 = VECTOR ( 'NONE', #4435, 1000.000000000000000 ) ;
#4887 = EDGE_CURVE ( 'NONE', #2699, #5671, #1929, .T. ) ;
#4888 = ORIENTED_EDGE ( 'NONE', *, *, #2369, .T. ) ;
#4889 = EDGE_CURVE ( 'NONE', #5084, #516, #1007, .T. ) ;
#4890 = AXIS2_PLACEMENT_3D ( 'NONE', #2706, #3046, #4985 ) ;
#4891 = CIRCLE ( 'NONE', #4003, 0.4300000000000000488 ) ;
#4892 = EDGE_CURVE ( 'NONE', #4213, #3813, #5829, .T. ) ;
#4893 = ORIENTED_EDGE ( 'NONE', *, *, #3054, .T. ) ;
#4894 = EDGE_CURVE ( 'NONE', #2885, #3463, #2673, .T. ) ;
#4895 = CYLINDRICAL_SURFACE ( 'NONE', #4785, 2.149999999999999911 ) ;
#4896 = VECTOR ( 'NONE', #4567, 1000.000000000000114 ) ;
#4897 = EDGE_LOOP ( 'NONE', ( #1868, #839, #5855, #5411 ) ) ;
#4898 = CARTESIAN_POINT ( 'NONE',  ( 12.87672824649239978, 12.92226806246459958, 5.000000000000000000 ) ) ;
#4899 = CIRCLE ( 'NONE', #968, 1.764902496759994888 ) ;
#4900 = CARTESIAN_POINT ( 'NONE',  ( 18.02275782191794917, -1.718949636520934909, 5.000000000000000000 ) ) ;
#4901 = CARTESIAN_POINT ( 'NONE',  ( 1.718949636520939794, -18.02275782191794917, 5.002000000000000668 ) ) ;
#4902 = ORIENTED_EDGE ( 'NONE', *, *, #4662, .T. ) ;
#4903 = DIRECTION ( 'NONE',  ( 1.000000000000000000, 0.000000000000000000, 0.000000000000000000 ) ) ;
#4904 = VECTOR ( 'NONE', #1532, 1000.000000000000000 ) ;
#4905 = ORIENTED_EDGE ( 'NONE', *, *, #1582, .T. ) ;
#4906 = EDGE_CURVE ( 'NONE', #4039, #2349, #4056, .T. ) ;
#4907 = DIRECTION ( 'NONE',  ( -0.2588190451025215166, 0.9659258262890680902, 0.000000000000000000 ) ) ;
#4908 = CARTESIAN_POINT ( 'NONE',  ( 18.39615160824795126, 2.196580998991904732, 5.000000000000000000 ) ) ;
#4909 = CIRCLE ( 'NONE', #2059, 0.4299999999999997713 ) ;
#4910 = DIRECTION ( 'NONE',  ( 0.000000000000000000, 0.000000000000000000, -1.000000000000000000 ) ) ;
#4911 = ORIENTED_EDGE ( 'NONE', *, *, #1098, .T. ) ;
#4912 = CARTESIAN_POINT ( 'NONE',  ( 17.61270781032335009, 4.752648293360449472, 5.002000000000000668 ) ) ;
#4913 = DIRECTION ( 'NONE',  ( 0.000000000000000000, 0.000000000000000000, 1.000000000000000000 ) ) ;
#4914 = ORIENTED_EDGE ( 'NONE', *, *, #2897, .T. ) ;
#4915 = CIRCLE ( 'NONE', #893, 1.764902496759995110 ) ;
#4916 = DIRECTION ( 'NONE',  ( 1.000000000000000000, 0.000000000000000000, 0.000000000000000000 ) ) ;
#4917 = CARTESIAN_POINT ( 'NONE',  ( -4.690439747858789588, 17.62937653985284925, -5.000000000000000000 ) ) ;
#4918 = ORIENTED_EDGE ( 'NONE', *, *, #1171, .T. ) ;
#4919 = DIRECTION ( 'NONE',  ( 0.000000000000000000, 0.000000000000000000, -1.000000000000000000 ) ) ;
#4920 = AXIS2_PLACEMENT_3D ( 'NONE', #2050, #2947, #584 ) ;
#4921 = ORIENTED_EDGE ( 'NONE', *, *, #1359, .T. ) ;
#4922 = ORIENTED_EDGE ( 'NONE', *, *, #1620, .F. ) ;
#4923 = EDGE_CURVE ( 'NONE', #5673, #4039, #4838, .T. ) ;
#4924 = DIRECTION ( 'NONE',  ( -0.2588190451025235150, -0.9659258262890675351, 0.000000000000000000 ) ) ;
#4925 = LINE ( 'NONE', #3598, #5667 ) ;
#4926 = DIRECTION ( 'NONE',  ( 0.000000000000000000, 0.000000000000000000, 1.000000000000000000 ) ) ;
#4927 = EDGE_LOOP ( 'NONE', ( #4204, #917, #4638, #3137 ) ) ;
#4928 = DIRECTION ( 'NONE',  ( -1.000000000000000000, 0.000000000000000000, 0.000000000000000000 ) ) ;
#4929 = EDGE_CURVE ( 'NONE', #437, #2306, #320, .T. ) ;
#4930 = CYLINDRICAL_SURFACE ( 'NONE', #3313, 7.100000000000000533 ) ;
#4931 = EDGE_LOOP ( 'NONE', ( #5200, #3789, #4832, #1878 ) ) ;
#4932 = CYLINDRICAL_SURFACE ( 'NONE', #4012, 18.52682817102720136 ) ;
#4933 = VERTEX_POINT ( 'NONE', #5479 ) ;
#4934 = EDGE_CURVE ( 'NONE', #5947, #4704, #1893, .T. ) ;
#4935 = AXIS2_PLACEMENT_3D ( 'NONE', #4960, #840, #2191 ) ;
#4936 = EDGE_CURVE ( 'NONE', #801, #5828, #2686, .T. ) ;
#4937 = AXIS2_PLACEMENT_3D ( 'NONE', #3604, #4037, #3510 ) ;
#4938 = DIRECTION ( 'NONE',  ( 0.000000000000000000, 0.000000000000000000, -1.000000000000000000 ) ) ;
#4939 = CARTESIAN_POINT ( 'NONE',  ( 8.000000000000000000, -8.000000000000000000, 4.169999999999999929 ) ) ;
#4940 = CARTESIAN_POINT ( 'NONE',  ( 8.000000000000000000, -8.000000000000000000, 4.169999999999999929 ) ) ;
#4941 = ORIENTED_EDGE ( 'NONE', *, *, #5263, .F. ) ;
#4942 = CARTESIAN_POINT ( 'NONE',  ( 14.48897067933745930, -10.84273574818606001, 5.000000000000000000 ) ) ;
#4943 = LINE ( 'NONE', #5410, #5771 ) ;
#4944 = AXIS2_PLACEMENT_3D ( 'NONE', #2945, #5368, #5338 ) ;
#4945 = ORIENTED_EDGE ( 'NONE', *, *, #2068, .T. ) ;
#4946 = DIRECTION ( 'NONE',  ( 0.4999999999999998890, 0.8660254037844388186, 0.000000000000000000 ) ) ;
#4947 = DIRECTION ( 'NONE',  ( 1.000000000000000000, 0.000000000000000000, 0.000000000000000000 ) ) ;
#4948 = AXIS2_PLACEMENT_3D ( 'NONE', #180, #1994, #3989 ) ;
#4949 = ORIENTED_EDGE ( 'NONE', *, *, #2657, .F. ) ;
#4950 = CARTESIAN_POINT ( 'NONE',  ( -15.81469496456679913, 9.093435290907059709, 5.000000000000000000 ) ) ;
#4951 = ORIENTED_EDGE ( 'NONE', *, *, #4934, .T. ) ;
#4952 = VERTEX_POINT ( 'NONE', #2731 ) ;
#4953 = CIRCLE ( 'NONE', #5751, 1.764902496759994444 ) ;
#4954 = DIRECTION ( 'NONE',  ( 0.000000000000000000, 0.000000000000000000, -1.000000000000000000 ) ) ;
#4955 = DIRECTION ( 'NONE',  ( 0.4999999999999995559, -0.8660254037844388186, 0.000000000000000000 ) ) ;
#4956 = CARTESIAN_POINT ( 'NONE',  ( 17.02982512410864757, -7.295780857526779961, -5.000000000000000000 ) ) ;
#4957 = CARTESIAN_POINT ( 'NONE',  ( -8.000000000000000000, -8.000000000000000000, -53.44388806018619675 ) ) ;
#4958 = ORIENTED_EDGE ( 'NONE', *, *, #2257, .T. ) ;
#4959 = EDGE_CURVE ( 'NONE', #3743, #1701, #3462, .T. ) ;
#4960 = CARTESIAN_POINT ( 'NONE',  ( -9.939567796041171274E-16, -1.084202172485504040E-15, 4.000000000000000000 ) ) ;
#4961 = FACE_OUTER_BOUND ( 'NONE', #1884, .T. ) ;
#4962 = ORIENTED_EDGE ( 'NONE', *, *, #2493, .F. ) ;
#4963 = ORIENTED_EDGE ( 'NONE', *, *, #3581, .F. ) ;
#4964 = CARTESIAN_POINT ( 'NONE',  ( -0.3711837165545134876, -16.52445980553209992, 5.002000000000000668 ) ) ;
#4965 = EDGE_CURVE ( 'NONE', #3813, #2196, #1779, .T. ) ;
#4966 = EDGE_CURVE ( 'NONE', #2939, #411, #5033, .T. ) ;
#4967 = DIRECTION ( 'NONE',  ( 0.000000000000000000, 0.000000000000000000, -1.000000000000000000 ) ) ;
#4968 = DIRECTION ( 'NONE',  ( 1.000000000000000000, 0.000000000000000000, 0.000000000000000000 ) ) ;
#4969 = ORIENTED_EDGE ( 'NONE', *, *, #344, .T. ) ;
#4970 = CARTESIAN_POINT ( 'NONE',  ( -4.690439747858770048, -17.62937653985284925, -5.000000000000000000 ) ) ;
#4971 = DIRECTION ( 'NONE',  ( -0.2588190451025215166, 0.9659258262890680902, 0.000000000000000000 ) ) ;
#4972 = AXIS2_PLACEMENT_3D ( 'NONE', #2709, #2656, #4466 ) ;
#4973 = ADVANCED_FACE ( 'NONE', ( #4977 ), #3157, .T. ) ;
#4974 = ORIENTED_EDGE ( 'NONE', *, *, #51, .F. ) ;
#4975 = CIRCLE ( 'NONE', #5074, 1.764902496759994888 ) ;
#4976 = CARTESIAN_POINT ( 'NONE',  ( -8.000000000000000000, -8.000000000000000000, -53.44388806018619675 ) ) ;
#4977 = FACE_OUTER_BOUND ( 'NONE', #4551, .T. ) ;
#4978 = ORIENTED_EDGE ( 'NONE', *, *, #4175, .T. ) ;
#4979 = LINE ( 'NONE', #803, #4327 ) ;
#4980 = ORIENTED_EDGE ( 'NONE', *, *, #3692, .T. ) ;
#4981 = VECTOR ( 'NONE', #2535, 1000.000000000000000 ) ;
#4982 = VERTEX_POINT ( 'NONE', #5911 ) ;
#4983 = EDGE_CURVE ( 'NONE', #3357, #5573, #1794, .T. ) ;
#4984 = AXIS2_PLACEMENT_3D ( 'NONE', #5592, #1360, #4379 ) ;
#4985 = DIRECTION ( 'NONE',  ( -0.9659258262890680902, -0.2588190451025214611, 0.000000000000000000 ) ) ;
#4986 = AXIS2_PLACEMENT_3D ( 'NONE', #4742, #4281, #73 ) ;
#4987 = CARTESIAN_POINT ( 'NONE',  ( -9.757819552369539906E-16, 2.376571162088225214E-13, -5.000000000000000000 ) ) ;
#4988 = FACE_OUTER_BOUND ( 'NONE', #4265, .T. ) ;
#4989 = ORIENTED_EDGE ( 'NONE', *, *, #1098, .F. ) ;
#4990 = AXIS2_PLACEMENT_3D ( 'NONE', #5614, #930, #2798 ) ;
#4991 = VECTOR ( 'NONE', #5566, 1000.000000000000000 ) ;
#4992 = CYLINDRICAL_SURFACE ( 'NONE', #413, 18.52682817102720136 ) ;
#4993 = CARTESIAN_POINT ( 'NONE',  ( -2.145599264782074744, -17.96918455708715001, 5.000000000000000000 ) ) ;
#4994 = LINE ( 'NONE', #4591, #3720 ) ;
#4995 = ORIENTED_EDGE ( 'NONE', *, *, #730, .F. ) ;
#4996 = AXIS2_PLACEMENT_3D ( 'NONE', #2694, #3089, #5531 ) ;
#4997 = CARTESIAN_POINT ( 'NONE',  ( 7.940775374758719529, 14.49619383368293946, 5.002000000000000668 ) ) ;
#4998 = AXIS2_PLACEMENT_3D ( 'NONE', #1410, #2901, #3365 ) ;
#4999 = DIRECTION ( 'NONE',  ( 0.000000000000000000, 0.000000000000000000, 1.000000000000000000 ) ) ;
#5000 = ADVANCED_FACE ( 'NONE', ( #5515 ), #3652, .T. ) ;
#5001 = CARTESIAN_POINT ( 'NONE',  ( 2.196580998991904732, -18.39615160824795126, -5.000000000000000000 ) ) ;
#5002 = ORIENTED_EDGE ( 'NONE', *, *, #5303, .T. ) ;
#5003 = DIRECTION ( 'NONE',  ( 0.000000000000000000, 0.000000000000000000, 1.000000000000000000 ) ) ;
#5004 = DIRECTION ( 'NONE',  ( 0.000000000000000000, 0.000000000000000000, 1.000000000000000000 ) ) ;
#5005 = AXIS2_PLACEMENT_3D ( 'NONE', #5615, #931, #4217 ) ;
#5006 = VERTEX_POINT ( 'NONE', #3189 ) ;
#5007 = EDGE_CURVE ( 'NONE', #1694, #4291, #5544, .T. ) ;
#5008 = AXIS2_PLACEMENT_3D ( 'NONE', #5703, #2824, #4705 ) ;
#5009 = DIRECTION ( 'NONE',  ( 0.000000000000000000, 0.000000000000000000, 1.000000000000000000 ) ) ;
#5010 = CARTESIAN_POINT ( 'NONE',  ( 6.883008709270059811, -17.20080094608644927, 5.000000000000000000 ) ) ;
#5011 = EDGE_CURVE ( 'NONE', #2140, #4161, #3757, .T. ) ;
#5012 = CARTESIAN_POINT ( 'NONE',  ( 17.20080094608644927, 6.883008709270059811, -5.000000000000000000 ) ) ;
#5013 = ORIENTED_EDGE ( 'NONE', *, *, #2652, .T. ) ;
#5014 = CARTESIAN_POINT ( 'NONE',  ( -2.196580998991904732, 18.39615160824795126, 5.000000000000000000 ) ) ;
#5015 = VERTEX_POINT ( 'NONE', #856 ) ;
#5016 = CIRCLE ( 'NONE', #4427, 16.52862817102734994 ) ;
#5017 = VERTEX_POINT ( 'NONE', #4609 ) ;
#5018 = AXIS2_PLACEMENT_3D ( 'NONE', #5817, #2976, #3926 ) ;
#5019 = CARTESIAN_POINT ( 'NONE',  ( 18.33783493938529929, 2.639540076345815223, 5.000000000000000000 ) ) ;
#5020 = CARTESIAN_POINT ( 'NONE',  ( 11.94702410697802009, 11.42209106089458004, -5.000000000000000000 ) ) ;
#5021 = ORIENTED_EDGE ( 'NONE', *, *, #3421, .T. ) ;
#5022 = DIRECTION ( 'NONE',  ( 0.4999999999999998890, -0.8660254037844388186, 0.000000000000000000 ) ) ;
#5023 = CARTESIAN_POINT ( 'NONE',  ( -7.100000000000000533, -4.347496136973104859E-16, 4.000000000000000000 ) ) ;
#5024 = CYLINDRICAL_SURFACE ( 'NONE', #3428, 1.764902496759994888 ) ;
#5025 = VERTEX_POINT ( 'NONE', #1224 ) ;
#5026 = CARTESIAN_POINT ( 'NONE',  ( -6.883008709270059811, -17.20080094608644927, -5.000000000000000000 ) ) ;
#5027 = FACE_OUTER_BOUND ( 'NONE', #4199, .T. ) ;
#5028 = CARTESIAN_POINT ( 'NONE',  ( -17.91222139392874979, -2.578277445616425023, 5.000000000000000000 ) ) ;
#5029 = ORIENTED_EDGE ( 'NONE', *, *, #5812, .F. ) ;
#5030 = DIRECTION ( 'NONE',  ( 0.000000000000000000, 0.000000000000000000, 1.000000000000000000 ) ) ;
#5031 = ORIENTED_EDGE ( 'NONE', *, *, #1047, .T. ) ;
#5032 = EDGE_CURVE ( 'NONE', #4744, #2211, #3099, .T. ) ;
#5033 = CIRCLE ( 'NONE', #1597, 18.52682817102720136 ) ;
#5034 = CARTESIAN_POINT ( 'NONE',  ( 7.940775374758719529, 14.49619383368293946, 5.000000000000000000 ) ) ;
#5035 = DIRECTION ( 'NONE',  ( -0.4999999999999993894, -0.8660254037844390407, 0.000000000000000000 ) ) ;
#5036 = VERTEX_POINT ( 'NONE', #1254 ) ;
#5037 = AXIS2_PLACEMENT_3D ( 'NONE', #421, #4232, #1896 ) ;
#5038 = CARTESIAN_POINT ( 'NONE',  ( -14.22330004254519942, 11.18896446287261881, 5.002000000000000668 ) ) ;
#5039 = EDGE_LOOP ( 'NONE', ( #1758, #1395 ) ) ;
#5040 = VERTEX_POINT ( 'NONE', #5012 ) ;
#5041 = ADVANCED_FACE ( 'NONE', ( #1455 ), #1004, .F. ) ;
#5042 = CIRCLE ( 'NONE', #5037, 0.4299999999999998823 ) ;
#5043 = EDGE_CURVE ( 'NONE', #920, #1259, #1011, .T. ) ;
#5044 = LINE ( 'NONE', #5019, #1544 ) ;
#5045 = LINE ( 'NONE', #5072, #2443 ) ;
#5046 = FACE_OUTER_BOUND ( 'NONE', #2542, .T. ) ;
#5047 = CIRCLE ( 'NONE', #3274, 0.4299999999999997713 ) ;
#5048 = VERTEX_POINT ( 'NONE', #5152 ) ;
#5049 = EDGE_CURVE ( 'NONE', #1683, #2012, #3278, .T. ) ;
#5050 = CARTESIAN_POINT ( 'NONE',  ( -7.940775374758739957, 14.49619383368293946, 5.000000000000000000 ) ) ;
#5051 = VECTOR ( 'NONE', #2875, 1000.000000000000000 ) ;
#5052 = DIRECTION ( 'NONE',  ( 0.9659258262890689783, 0.2588190451025180194, 0.000000000000000000 ) ) ;
#5053 = ORIENTED_EDGE ( 'NONE', *, *, #2861, .F. ) ;
#5054 = DIRECTION ( 'NONE',  ( 0.000000000000000000, 0.000000000000000000, -1.000000000000000000 ) ) ;
#5055 = ORIENTED_EDGE ( 'NONE', *, *, #3094, .F. ) ;
#5056 = CARTESIAN_POINT ( 'NONE',  ( 10.84273574818606001, -14.48897067933744154, 5.002000000000000668 ) ) ;
#5057 = CARTESIAN_POINT ( 'NONE',  ( -17.85354414464755024, 3.004255121577000143, 5.002000000000000668 ) ) ;
#5058 = DIRECTION ( 'NONE',  ( -1.000000000000000000, 0.000000000000000000, 0.000000000000000000 ) ) ;
#5059 = VERTEX_POINT ( 'NONE', #1419 ) ;
#5060 = DIRECTION ( 'NONE',  ( 0.000000000000000000, 0.000000000000000000, 1.000000000000000000 ) ) ;
#5061 = EDGE_LOOP ( 'NONE', ( #5569, #5333, #2363, #2702 ) ) ;
#5062 = CARTESIAN_POINT ( 'NONE',  ( -9.149209946963118512, -15.78249345187884778, 5.000000000000000000 ) ) ;
#5063 = CARTESIAN_POINT ( 'NONE',  ( -6.848270805104349773E-14, -1.921978404781390092E-14, 5.000000000000000000 ) ) ;
#5064 = ORIENTED_EDGE ( 'NONE', *, *, #4224, .T. ) ;
#5065 = DIRECTION ( 'NONE',  ( -0.2588190451025235150, -0.9659258262890675351, 0.000000000000000000 ) ) ;
#5066 = ORIENTED_EDGE ( 'NONE', *, *, #4219, .T. ) ;
#5067 = ORIENTED_EDGE ( 'NONE', *, *, #2219, .F. ) ;
#5068 = AXIS2_PLACEMENT_3D ( 'NONE', #2726, #851, #386 ) ;
#5069 = DIRECTION ( 'NONE',  ( 0.000000000000000000, -1.000000000000000000, 0.000000000000000000 ) ) ;
#5070 = ORIENTED_EDGE ( 'NONE', *, *, #3199, .T. ) ;
#5071 = EDGE_CURVE ( 'NONE', #2546, #287, #726, .T. ) ;
#5072 = CARTESIAN_POINT ( 'NONE',  ( 14.49619383368293946, -7.940775374758719529, 5.002000000000000668 ) ) ;
#5073 = DIRECTION ( 'NONE',  ( 0.000000000000000000, 0.000000000000000000, -1.000000000000000000 ) ) ;
#5074 = AXIS2_PLACEMENT_3D ( 'NONE', #1016, #2887, #4482 ) ;
#5075 = EDGE_CURVE ( 'NONE', #998, #3024, #2689, .T. ) ;
#5076 = VERTEX_POINT ( 'NONE', #2322 ) ;
#5077 = AXIS2_PLACEMENT_3D ( 'NONE', #4716, #568, #4655 ) ;
#5078 = CIRCLE ( 'NONE', #2725, 1.764902496759994444 ) ;
#5079 = EDGE_CURVE ( 'NONE', #2674, #3738, #544, .T. ) ;
#5080 = CARTESIAN_POINT ( 'NONE',  ( 0.03220151268792225546, -18.24264523787019954, -5.000000000000000000 ) ) ;
#5081 = CARTESIAN_POINT ( 'NONE',  ( -11.94702410697802009, 11.42209106089456050, -5.000000000000000000 ) ) ;
#5082 = ADVANCED_FACE ( 'NONE', ( #1366 ), #5180, .F. ) ;
#5083 = CARTESIAN_POINT ( 'NONE',  ( 15.81469496456674939, 9.093435290907079249, 5.002000000000000668 ) ) ;
#5084 = VERTEX_POINT ( 'NONE', #4723 ) ;
#5085 = CARTESIAN_POINT ( 'NONE',  ( -9.757819552369539906E-16, 2.376571162088225214E-13, -5.000000000000000000 ) ) ;
#5086 = CIRCLE ( 'NONE', #570, 18.52682817102720136 ) ;
#5087 = CIRCLE ( 'NONE', #4986, 16.52862817102734994 ) ;
#5088 = ORIENTED_EDGE ( 'NONE', *, *, #85, .F. ) ;
#5089 = CARTESIAN_POINT ( 'NONE',  ( 6.891765691606369485E-14, -1.759653278486404839E-14, 5.000000000000000000 ) ) ;
#5090 = AXIS2_PLACEMENT_3D ( 'NONE', #3130, #5009, #329 ) ;
#5091 = CARTESIAN_POINT ( 'NONE',  ( -15.86533307656284819, 4.635380845820769480, -5.000000000000000000 ) ) ;
#5092 = ORIENTED_EDGE ( 'NONE', *, *, #2818, .T. ) ;
#5093 = DIRECTION ( 'NONE',  ( 0.000000000000000000, 0.000000000000000000, -1.000000000000000000 ) ) ;
#5094 = EDGE_CURVE ( 'NONE', #850, #691, #2383, .T. ) ;
#5095 = VECTOR ( 'NONE', #2502, 1000.000000000000114 ) ;
#5096 = CYLINDRICAL_SURFACE ( 'NONE', #5493, 18.52682817102720136 ) ;
#5097 = DIRECTION ( 'NONE',  ( 0.000000000000000000, 0.000000000000000000, 1.000000000000000000 ) ) ;
#5098 = AXIS2_PLACEMENT_3D ( 'NONE', #2308, #2401, #1910 ) ;
#5099 = DIRECTION ( 'NONE',  ( -0.4999999999999999445, 0.8660254037844387076, 0.000000000000000000 ) ) ;
#5100 = ORIENTED_EDGE ( 'NONE', *, *, #644, .T. ) ;
#5101 = DIRECTION ( 'NONE',  ( -0.4999999999999999445, 0.8660254037844387076, 0.000000000000000000 ) ) ;
#5102 = ORIENTED_EDGE ( 'NONE', *, *, #500, .F. ) ;
#5103 = CIRCLE ( 'NONE', #2943, 0.4299999999999998268 ) ;
#5104 = CARTESIAN_POINT ( 'NONE',  ( -6.883008709270059811, -17.20080094608644927, 5.000000000000000000 ) ) ;
#5105 = VERTEX_POINT ( 'NONE', #3341 ) ;
#5106 = CARTESIAN_POINT ( 'NONE',  ( -17.96918455708715001, 2.145599264782074744, 5.000000000000000000 ) ) ;
#5107 = AXIS2_PLACEMENT_3D ( 'NONE', #4763, #1969, #3498 ) ;
#5108 = DIRECTION ( 'NONE',  ( 0.000000000000000000, 0.000000000000000000, -1.000000000000000000 ) ) ;
#5109 = VERTEX_POINT ( 'NONE', #2416 ) ;
#5110 = EDGE_CURVE ( 'NONE', #4859, #1320, #3073, .T. ) ;
#5111 = AXIS2_PLACEMENT_3D ( 'NONE', #4757, #547, #2575 ) ;
#5112 = FACE_OUTER_BOUND ( 'NONE', #2813, .T. ) ;
#5113 = ORIENTED_EDGE ( 'NONE', *, *, #5774, .F. ) ;
#5114 = LINE ( 'NONE', #933, #2729 ) ;
#5115 = EDGE_CURVE ( 'NONE', #4156, #1217, #327, .T. ) ;
#5116 = DIRECTION ( 'NONE',  ( 0.000000000000000000, 0.000000000000000000, 1.000000000000000000 ) ) ;
#5117 = EDGE_CURVE ( 'NONE', #2988, #5318, #2777, .T. ) ;
#5118 = CARTESIAN_POINT ( 'NONE',  ( 6.201502689006169644E-14, -3.483414762376119677E-14, 5.002000000000000668 ) ) ;
#5119 = ORIENTED_EDGE ( 'NONE', *, *, #5766, .T. ) ;
#5120 = CARTESIAN_POINT ( 'NONE',  ( -17.62937653985284925, 4.690439747858770048, 5.000000000000000000 ) ) ;
#5121 = ADVANCED_FACE ( 'NONE', ( #3832 ), #4264, .F. ) ;
#5122 = CARTESIAN_POINT ( 'NONE',  ( -11.10037075072115975, -14.83324412511671930, 5.000000000000000000 ) ) ;
#5123 = CARTESIAN_POINT ( 'NONE',  ( -11.42209106089458004, 11.94702410697802009, -5.000000000000000000 ) ) ;
#5124 = CARTESIAN_POINT ( 'NONE',  ( -9.757819552369539906E-16, 2.376571162088225214E-13, -5.000000000000000000 ) ) ;
#5125 = ORIENTED_EDGE ( 'NONE', *, *, #4172, .F. ) ;
#5126 = DIRECTION ( 'NONE',  ( 0.000000000000000000, 0.000000000000000000, 1.000000000000000000 ) ) ;
#5127 = VECTOR ( 'NONE', #1759, 1000.000000000000000 ) ;
#5128 = ORIENTED_EDGE ( 'NONE', *, *, #268, .F. ) ;
#5129 = CARTESIAN_POINT ( 'NONE',  ( -14.83324412511674062, 11.10037075072115975, 5.000000000000000000 ) ) ;
#5130 = CIRCLE ( 'NONE', #1695, 0.4299999999999993272 ) ;
#5131 = FACE_OUTER_BOUND ( 'NONE', #4552, .T. ) ;
#5132 = ORIENTED_EDGE ( 'NONE', *, *, #2110, .T. ) ;
#5133 = CARTESIAN_POINT ( 'NONE',  ( 19.02682817102745005, 1.165057210878772069E-15, -5.000000000000000000 ) ) ;
#5134 = CARTESIAN_POINT ( 'NONE',  ( 2.145599264782074744, -17.96918455708715001, 5.000000000000000000 ) ) ;
#5135 = ORIENTED_EDGE ( 'NONE', *, *, #2025, .F. ) ;
#5136 = AXIS2_PLACEMENT_3D ( 'NONE', #3737, #4298, #2295 ) ;
#5137 = CARTESIAN_POINT ( 'NONE',  ( -17.02982512410864757, 7.295780857526770191, -5.000000000000000000 ) ) ;
#5138 = AXIS2_PLACEMENT_3D ( 'NONE', #5662, #5247, #1493 ) ;
#5139 = ORIENTED_EDGE ( 'NONE', *, *, #5424, .T. ) ;
#5140 = ADVANCED_FACE ( 'NONE', ( #1958 ), #1486, .T. ) ;
#5141 = CYLINDRICAL_SURFACE ( 'NONE', #4102, 0.4299999999999998268 ) ;
#5142 = VERTEX_POINT ( 'NONE', #482 ) ;
#5143 = VECTOR ( 'NONE', #174, 1000.000000000000000 ) ;
#5144 = DIRECTION ( 'NONE',  ( 0.000000000000000000, 0.000000000000000000, -1.000000000000000000 ) ) ;
#5145 = CARTESIAN_POINT ( 'NONE',  ( 0.000000000000000000, -4.347496136973104859E-16, 1.500000000000000000 ) ) ;
#5146 = VERTEX_POINT ( 'NONE', #3799 ) ;
#5147 = ADVANCED_FACE ( 'NONE', ( #3372 ), #5242, .T. ) ;
#5148 = FILL_AREA_STYLE_COLOUR ( '', #4781 ) ;
#5149 = EDGE_CURVE ( 'NONE', #411, #1137, #5042, .T. ) ;
#5150 = CARTESIAN_POINT ( 'NONE',  ( 4.635380845820780138, 15.86533307656284819, -5.000000000000000000 ) ) ;
#5151 = DIRECTION ( 'NONE',  ( -0.000000000000000000, -0.000000000000000000, -1.000000000000000000 ) ) ;
#5152 = CARTESIAN_POINT ( 'NONE',  ( 20.45497617776956645, 1.165057210878772069E-15, 6.000000000000000000 ) ) ;
#5153 = ORIENTED_EDGE ( 'NONE', *, *, #2300, .T. ) ;
#5154 = EDGE_CURVE ( 'NONE', #503, #5744, #3566, .T. ) ;
#5155 = DIRECTION ( 'NONE',  ( 0.000000000000000000, 0.000000000000000000, -1.000000000000000000 ) ) ;
#5156 = ORIENTED_EDGE ( 'NONE', *, *, #5689, .F. ) ;
#5157 = CYLINDRICAL_SURFACE ( 'NONE', #3179, 0.4299999999999998823 ) ;
#5158 = CYLINDRICAL_SURFACE ( 'NONE', #5283, 18.52682817102720136 ) ;
#5159 = ORIENTED_EDGE ( 'NONE', *, *, #19, .F. ) ;
#5160 = DIRECTION ( 'NONE',  ( 0.000000000000000000, 0.000000000000000000, -1.000000000000000000 ) ) ;
#5161 = DIRECTION ( 'NONE',  ( 0.000000000000000000, 0.000000000000000000, 1.000000000000000000 ) ) ;
#5162 = AXIS2_PLACEMENT_3D ( 'NONE', #868, #4619, #2277 ) ;
#5163 = ADVANCED_FACE ( 'NONE', ( #5842 ), #1518, .T. ) ;
#5164 = ORIENTED_EDGE ( 'NONE', *, *, #5356, .F. ) ;
#5165 = DIRECTION ( 'NONE',  ( -0.000000000000000000, -0.000000000000000000, 1.000000000000000000 ) ) ;
#5166 = ORIENTED_EDGE ( 'NONE', *, *, #3003, .F. ) ;
#5167 = DIRECTION ( 'NONE',  ( -0.000000000000000000, -0.000000000000000000, 1.000000000000000000 ) ) ;
#5168 = ORIENTED_EDGE ( 'NONE', *, *, #5374, .T. ) ;
#5169 = ORIENTED_EDGE ( 'NONE', *, *, #680, .T. ) ;
#5170 = CIRCLE ( 'NONE', #169, 0.4299999999999997713 ) ;
#5171 = DIRECTION ( 'NONE',  ( -0.9659258262890689783, 0.2588190451025180194, 0.000000000000000000 ) ) ;
#5172 = CARTESIAN_POINT ( 'NONE',  ( 3.004255121577009913, 17.85354414464755024, 5.000000000000000000 ) ) ;
#5173 = AXIS2_PLACEMENT_3D ( 'NONE', #3052, #1056, #4807 ) ;
#5174 = ORIENTED_EDGE ( 'NONE', *, *, #4906, .F. ) ;
#5175 = CARTESIAN_POINT ( 'NONE',  ( 14.83324412511671930, -11.10037075072115975, -5.000000000000000000 ) ) ;
#5176 = EDGE_LOOP ( 'NONE', ( #2085, #349, #5928, #5321 ) ) ;
#5177 = AXIS2_PLACEMENT_3D ( 'NONE', #3074, #779, #2214 ) ;
#5178 = EDGE_CURVE ( 'NONE', #2909, #2279, #4387, .T. ) ;
#5179 = DIRECTION ( 'NONE',  ( -1.000000000000000000, -1.224646799147349263E-16, 0.000000000000000000 ) ) ;
#5180 = CYLINDRICAL_SURFACE ( 'NONE', #1112, 1.764902496759994888 ) ;
#5181 = VERTEX_POINT ( 'NONE', #611 ) ;
#5182 = DIRECTION ( 'NONE',  ( -0.000000000000000000, -0.000000000000000000, -1.000000000000000000 ) ) ;
#5183 = CIRCLE ( 'NONE', #2537, 18.52682817102720136 ) ;
#5184 = CIRCLE ( 'NONE', #4408, 1.764902496759994666 ) ;
#5185 = ORIENTED_EDGE ( 'NONE', *, *, #4889, .T. ) ;
#5186 = EDGE_CURVE ( 'NONE', #1500, #84, #4741, .T. ) ;
#5187 = AXIS2_PLACEMENT_3D ( 'NONE', #2378, #52, #1917 ) ;
#5188 = DIRECTION ( 'NONE',  ( 0.000000000000000000, 0.000000000000000000, 1.000000000000000000 ) ) ;
#5189 = CARTESIAN_POINT ( 'NONE',  ( 6.325010817588569978, 16.96375033764019946, 5.002000000000000668 ) ) ;
#5190 = FACE_OUTER_BOUND ( 'NONE', #336, .T. ) ;
#5191 = VERTEX_POINT ( 'NONE', #4787 ) ;
#5192 = FACE_OUTER_BOUND ( 'NONE', #4610, .T. ) ;
#5193 = DIRECTION ( 'NONE',  ( 0.000000000000000000, 0.000000000000000000, -1.000000000000000000 ) ) ;
#5194 = CIRCLE ( 'NONE', #96, 18.52682817102720136 ) ;
#5195 = VERTEX_POINT ( 'NONE', #4452 ) ;
#5196 = LINE ( 'NONE', #528, #4515 ) ;
#5197 = EDGE_LOOP ( 'NONE', ( #4331, #5021, #4613, #4006 ) ) ;
#5198 = CARTESIAN_POINT ( 'NONE',  ( -6.325010817588590406, 16.96375033764019946, 5.002000000000000668 ) ) ;
#5199 = VERTEX_POINT ( 'NONE', #4847 ) ;
#5200 = ORIENTED_EDGE ( 'NONE', *, *, #495, .F. ) ;
#5201 = CIRCLE ( 'NONE', #3338, 1.764902496759994888 ) ;
#5202 = CARTESIAN_POINT ( 'NONE',  ( 18.02275782191794917, 1.718949636520939794, 5.002000000000000668 ) ) ;
#5203 = CARTESIAN_POINT ( 'NONE',  ( -6.891765691606369485E-14, 1.759653278486400105E-14, -5.000000000000000000 ) ) ;
#5204 = AXIS2_PLACEMENT_3D ( 'NONE', #2733, #4611, #426 ) ;
#5205 = VERTEX_POINT ( 'NONE', #2450 ) ;
#5206 = DIRECTION ( 'NONE',  ( 0.000000000000000000, 0.000000000000000000, 1.000000000000000000 ) ) ;
#5207 = EDGE_LOOP ( 'NONE', ( #5838, #670, #1255, #2432 ) ) ;
#5208 = CYLINDRICAL_SURFACE ( 'NONE', #835, 16.52862817102734994 ) ;
#5209 = DIRECTION ( 'NONE',  ( -0.000000000000000000, -0.000000000000000000, -1.000000000000000000 ) ) ;
#5210 = ORIENTED_EDGE ( 'NONE', *, *, #4517, .T. ) ;
#5211 = DIRECTION ( 'NONE',  ( -0.000000000000000000, -0.000000000000000000, 1.000000000000000000 ) ) ;
#5212 = ADVANCED_FACE ( 'NONE', ( #3979 ), #5274, .T. ) ;
#5213 = ORIENTED_EDGE ( 'NONE', *, *, #5955, .T. ) ;
#5214 = CARTESIAN_POINT ( 'NONE',  ( 17.20080094608644927, -6.883008709270059811, -5.000000000000000000 ) ) ;
#5215 = CARTESIAN_POINT ( 'NONE',  ( 3.628951489128790042E-14, -6.117477020638539264E-14, 5.002000000000000668 ) ) ;
#5216 = CARTESIAN_POINT ( 'NONE',  ( -7.522724857905810580, -16.46764093829609976, 5.000000000000000000 ) ) ;
#5217 = EDGE_LOOP ( 'NONE', ( #5537, #3840 ) ) ;
#5218 = AXIS2_PLACEMENT_3D ( 'NONE', #630, #2437, #222 ) ;
#5219 = CYLINDRICAL_SURFACE ( 'NONE', #2840, 1.764902496759995554 ) ;
#5220 = DIRECTION ( 'NONE',  ( 0.2588190451025214611, -0.9659258262890680902, 0.000000000000000000 ) ) ;
#5221 = EDGE_CURVE ( 'NONE', #3889, #1137, #627, .T. ) ;
#5222 = VERTEX_POINT ( 'NONE', #2077 ) ;
#5223 = EDGE_CURVE ( 'NONE', #4868, #4819, #4843, .T. ) ;
#5224 = AXIS2_PLACEMENT_3D ( 'NONE', #2646, #3221, #1335 ) ;
#5225 = CARTESIAN_POINT ( 'NONE',  ( 10.14999999999999858, 8.000000000000000000, 4.169999999999999929 ) ) ;
#5226 = CARTESIAN_POINT ( 'NONE',  ( -12.87672824649239978, 12.92226806246459958, 5.000000000000000000 ) ) ;
#5227 = AXIS2_PLACEMENT_3D ( 'NONE', #4357, #3921, #5273 ) ;
#5228 = ADVANCED_FACE ( 'NONE', ( #3923 ), #1126, .F. ) ;
#5229 = DIRECTION ( 'NONE',  ( -1.000000000000000000, 0.000000000000000000, 0.000000000000000000 ) ) ;
#5230 = ORIENTED_EDGE ( 'NONE', *, *, #1530, .F. ) ;
#5231 = ORIENTED_EDGE ( 'NONE', *, *, #237, .F. ) ;
#5232 = DIRECTION ( 'NONE',  ( 0.000000000000000000, 0.000000000000000000, 1.000000000000000000 ) ) ;
#5233 = AXIS2_PLACEMENT_3D ( 'NONE', #4940, #4478, #260 ) ;
#5234 = CARTESIAN_POINT ( 'NONE',  ( -2.578277445616409924, -17.91222139392874979, 5.000000000000000000 ) ) ;
#5235 = DIRECTION ( 'NONE',  ( 0.000000000000000000, 0.000000000000000000, -1.000000000000000000 ) ) ;
#5236 = ORIENTED_EDGE ( 'NONE', *, *, #5032, .F. ) ;
#5237 = CYLINDRICAL_SURFACE ( 'NONE', #5377, 0.4299999999999998268 ) ;
#5238 = AXIS2_PLACEMENT_3D ( 'NONE', #5062, #4519, #1253 ) ;
#5239 = ORIENTED_EDGE ( 'NONE', *, *, #1541, .T. ) ;
#5240 = DIRECTION ( 'NONE',  ( -0.9659258262890680902, 0.2588190451025214056, 0.000000000000000000 ) ) ;
#5241 = DIRECTION ( 'NONE',  ( 0.000000000000000000, 0.000000000000000000, -1.000000000000000000 ) ) ;
#5242 = CYLINDRICAL_SURFACE ( 'NONE', #4456, 16.52862817102734994 ) ;
#5243 = EDGE_LOOP ( 'NONE', ( #1283, #226, #5474, #3572 ) ) ;
#5244 = LINE ( 'NONE', #1128, #4718 ) ;
#5245 = ORIENTED_EDGE ( 'NONE', *, *, #6061, .F. ) ;
#5246 = DIRECTION ( 'NONE',  ( 0.000000000000000000, 0.000000000000000000, -1.000000000000000000 ) ) ;
#5247 = DIRECTION ( 'NONE',  ( 0.000000000000000000, 0.000000000000000000, 1.000000000000000000 ) ) ;
#5248 = FACE_OUTER_BOUND ( 'NONE', #5576, .T. ) ;
#5249 = ORIENTED_EDGE ( 'NONE', *, *, #832, .F. ) ;
#5250 = DIRECTION ( 'NONE',  ( 1.000000000000000000, 0.000000000000000000, 0.000000000000000000 ) ) ;
#5251 = DIRECTION ( 'NONE',  ( 0.000000000000000000, 0.000000000000000000, -1.000000000000000000 ) ) ;
#5252 = ORIENTED_EDGE ( 'NONE', *, *, #4020, .T. ) ;
#5253 = EDGE_CURVE ( 'NONE', #4685, #5288, #1096, .T. ) ;
#5254 = LINE ( 'NONE', #1599, #4904 ) ;
#5255 = VERTEX_POINT ( 'NONE', #1585 ) ;
#5256 = AXIS2_PLACEMENT_3D ( 'NONE', #954, #3662, #1877 ) ;
#5257 = EDGE_CURVE ( 'NONE', #2244, #1932, #5640, .T. ) ;
#5258 = LINE ( 'NONE', #3906, #4886 ) ;
#5259 = ORIENTED_EDGE ( 'NONE', *, *, #1515, .F. ) ;
#5260 = EDGE_CURVE ( 'NONE', #3384, #1225, #2089, .T. ) ;
#5261 = AXIS2_PLACEMENT_3D ( 'NONE', #885, #4108, #4542 ) ;
#5262 = DIRECTION ( 'NONE',  ( 0.000000000000000000, 0.000000000000000000, -1.000000000000000000 ) ) ;
#5263 = EDGE_CURVE ( 'NONE', #2019, #4148, #5784, .T. ) ;
#5264 = FACE_BOUND ( 'NONE', #4342, .T. ) ;
#5265 = CARTESIAN_POINT ( 'NONE',  ( -8.000000000000000000, -8.000000000000000000, 6.500000000000000000 ) ) ;
#5266 = ORIENTED_EDGE ( 'NONE', *, *, #1781, .F. ) ;
#5267 = CARTESIAN_POINT ( 'NONE',  ( 6.325010817588579748, -16.96375033764019946, -5.000000000000000000 ) ) ;
#5268 = EDGE_CURVE ( 'NONE', #3011, #2206, #1553, .T. ) ;
#5269 = VERTEX_POINT ( 'NONE', #3030 ) ;
#5270 = AXIS2_PLACEMENT_3D ( 'NONE', #2192, #4562, #4502 ) ;
#5271 = DIRECTION ( 'NONE',  ( 0.000000000000000000, 0.000000000000000000, -1.000000000000000000 ) ) ;
#5272 = AXIS2_PLACEMENT_3D ( 'NONE', #4186, #1380, #5587 ) ;
#5273 = DIRECTION ( 'NONE',  ( -0.4999999999999999445, 0.8660254037844387076, 0.000000000000000000 ) ) ;
#5274 = CYLINDRICAL_SURFACE ( 'NONE', #4944, 0.4299999999999997713 ) ;
#5275 = VERTEX_POINT ( 'NONE', #669 ) ;
#5276 = ADVANCED_FACE ( 'NONE', ( #5869 ), #4422, .T. ) ;
#5277 = DIRECTION ( 'NONE',  ( -0.4999999999999999445, -0.8660254037844387076, 0.000000000000000000 ) ) ;
#5278 = VERTEX_POINT ( 'NONE', #5309 ) ;
#5279 = AXIS2_PLACEMENT_3D ( 'NONE', #4581, #5950, #1719 ) ;
#5280 = CIRCLE ( 'NONE', #4402, 1.764902496759995332 ) ;
#5281 = CARTESIAN_POINT ( 'NONE',  ( 16.96375033764019946, -6.325010817588569978, 5.002000000000000668 ) ) ;
#5282 = DIRECTION ( 'NONE',  ( 0.000000000000000000, 0.000000000000000000, -1.000000000000000000 ) ) ;
#5283 = AXIS2_PLACEMENT_3D ( 'NONE', #1372, #4207, #11 ) ;
#5284 = DIRECTION ( 'NONE',  ( 0.5000000000000004441, -0.8660254037844384856, 0.000000000000000000 ) ) ;
#5285 = CIRCLE ( 'NONE', #2246, 16.52862817102734994 ) ;
#5286 = ORIENTED_EDGE ( 'NONE', *, *, #4810, .F. ) ;
#5287 = FACE_OUTER_BOUND ( 'NONE', #107, .T. ) ;
#5288 = VERTEX_POINT ( 'NONE', #206 ) ;
#5289 = AXIS2_PLACEMENT_3D ( 'NONE', #5265, #475, #1511 ) ;
#5290 = CARTESIAN_POINT ( 'NONE',  ( 17.91222139392874979, -2.578277445616415253, -5.000000000000000000 ) ) ;
#5291 = CIRCLE ( 'NONE', #1454, 1.764902496759995332 ) ;
#5292 = DIRECTION ( 'NONE',  ( 0.000000000000000000, 0.000000000000000000, -1.000000000000000000 ) ) ;
#5293 = CARTESIAN_POINT ( 'NONE',  ( -0.03220151268791780069, -18.24264523787019954, -5.000000000000000000 ) ) ;
#5294 = ORIENTED_EDGE ( 'NONE', *, *, #3205, .T. ) ;
#5295 = ADVANCED_FACE ( 'NONE', ( #3059 ), #1995, .F. ) ;
#5296 = AXIS2_PLACEMENT_3D ( 'NONE', #2155, #2215, #4496 ) ;
#5297 = DIRECTION ( 'NONE',  ( 0.000000000000000000, 0.000000000000000000, 1.000000000000000000 ) ) ;
#5298 = CYLINDRICAL_SURFACE ( 'NONE', #3898, 16.52862817102734994 ) ;
#5299 = CYLINDRICAL_SURFACE ( 'NONE', #4205, 18.52682817102720136 ) ;
#5300 = ORIENTED_EDGE ( 'NONE', *, *, #2752, .F. ) ;
#5301 = CARTESIAN_POINT ( 'NONE',  ( -15.81469496456674939, -9.093435290907079249, 5.000000000000000000 ) ) ;
#5302 = AXIS2_PLACEMENT_3D ( 'NONE', #2985, #5853, #4369 ) ;
#5303 = EDGE_CURVE ( 'NONE', #533, #745, #4206, .T. ) ;
#5304 = VERTEX_POINT ( 'NONE', #4728 ) ;
#5305 = EDGE_CURVE ( 'NONE', #4630, #3820, #3838, .T. ) ;
#5306 = AXIS2_PLACEMENT_3D ( 'NONE', #1960, #4789, #3343 ) ;
#5307 = LINE ( 'NONE', #2134, #3025 ) ;
#5308 = CARTESIAN_POINT ( 'NONE',  ( 11.45482623011524126, -14.56126086974063938, 5.000000000000000000 ) ) ;
#5309 = CARTESIAN_POINT ( 'NONE',  ( 19.02682817102745005, 1.165057210878772069E-15, -5.000000000000000000 ) ) ;
#5310 = ORIENTED_EDGE ( 'NONE', *, *, #2180, .F. ) ;
#5311 = DIRECTION ( 'NONE',  ( 0.000000000000000000, 0.000000000000000000, 1.000000000000000000 ) ) ;
#5312 = EDGE_CURVE ( 'NONE', #5015, #5304, #948, .T. ) ;
#5313 = EDGE_LOOP ( 'NONE', ( #4301, #934, #2929, #962 ) ) ;
#5314 = EDGE_CURVE ( 'NONE', #371, #4851, #428, .T. ) ;
#5315 = CARTESIAN_POINT ( 'NONE',  ( -11.94702410697802009, -11.42209106089460136, 5.002000000000000668 ) ) ;
#5316 = CARTESIAN_POINT ( 'NONE',  ( -3.004255121577000143, -17.85354414464755024, 5.002000000000000668 ) ) ;
#5317 = DIRECTION ( 'NONE',  ( -0.9659258262890684232, 0.2588190451025206285, 0.000000000000000000 ) ) ;
#5318 = VERTEX_POINT ( 'NONE', #3283 ) ;
#5319 = CYLINDRICAL_SURFACE ( 'NONE', #1180, 18.52682817102720136 ) ;
#5320 = CARTESIAN_POINT ( 'NONE',  ( 4.690439747858780706, -17.62937653985284925, 5.000000000000000000 ) ) ;
#5321 = ORIENTED_EDGE ( 'NONE', *, *, #4633, .F. ) ;
#5322 = DIRECTION ( 'NONE',  ( 0.000000000000000000, 0.000000000000000000, -1.000000000000000000 ) ) ;
#5323 = ORIENTED_EDGE ( 'NONE', *, *, #4959, .F. ) ;
#5324 = DIRECTION ( 'NONE',  ( -0.7071067811865475727, -0.7071067811865475727, 0.000000000000000000 ) ) ;
#5325 = ORIENTED_EDGE ( 'NONE', *, *, #4929, .F. ) ;
#5326 = VECTOR ( 'NONE', #4047, 1000.000000000000000 ) ;
#5327 = CARTESIAN_POINT ( 'NONE',  ( -6.883008709270070469, 17.20080094608644927, -5.000000000000000000 ) ) ;
#5328 = FACE_BOUND ( 'NONE', #2479, .T. ) ;
#5329 = AXIS2_PLACEMENT_3D ( 'NONE', #2177, #4574, #1282 ) ;
#5330 = DIRECTION ( 'NONE',  ( 0.000000000000000000, 0.000000000000000000, 1.000000000000000000 ) ) ;
#5331 = ORIENTED_EDGE ( 'NONE', *, *, #2001, .T. ) ;
#5332 = DIRECTION ( 'NONE',  ( 0.000000000000000000, 0.000000000000000000, 1.000000000000000000 ) ) ;
#5333 = ORIENTED_EDGE ( 'NONE', *, *, #1201, .F. ) ;
#5334 = VECTOR ( 'NONE', #2572, 1000.000000000000000 ) ;
#5335 = DIRECTION ( 'NONE',  ( -1.000000000000000000, 0.000000000000000000, 0.000000000000000000 ) ) ;
#5336 = DIRECTION ( 'NONE',  ( 0.000000000000000000, 0.000000000000000000, -1.000000000000000000 ) ) ;
#5337 = EDGE_CURVE ( 'NONE', #629, #5828, #1426, .T. ) ;
#5338 = DIRECTION ( 'NONE',  ( -0.2588190451025180194, -0.9659258262890689783, 0.000000000000000000 ) ) ;
#5339 = EDGE_LOOP ( 'NONE', ( #5031, #2780, #3133, #176 ) ) ;
#5340 = VECTOR ( 'NONE', #3315, 1000.000000000000000 ) ;
#5341 = CARTESIAN_POINT ( 'NONE',  ( -17.20080094608644927, -6.883008709270070469, 5.000000000000000000 ) ) ;
#5342 = ADVANCED_FACE ( 'NONE', ( #519 ), #5157, .T. ) ;
#5343 = ORIENTED_EDGE ( 'NONE', *, *, #4437, .F. ) ;
#5344 = EDGE_CURVE ( 'NONE', #343, #4933, #1501, .T. ) ;
#5345 = CIRCLE ( 'NONE', #6042, 1.764902496759995110 ) ;
#5346 = DIRECTION ( 'NONE',  ( 0.000000000000000000, 0.000000000000000000, -1.000000000000000000 ) ) ;
#5347 = DIRECTION ( 'NONE',  ( -0.4999999999999999445, -0.8660254037844387076, 0.000000000000000000 ) ) ;
#5348 = EDGE_CURVE ( 'NONE', #4933, #3408, #1872, .T. ) ;
#5349 = DIRECTION ( 'NONE',  ( 1.000000000000000000, 0.000000000000000000, 0.000000000000000000 ) ) ;
#5350 = ORIENTED_EDGE ( 'NONE', *, *, #4773, .T. ) ;
#5351 = DIRECTION ( 'NONE',  ( 0.000000000000000000, 0.000000000000000000, -1.000000000000000000 ) ) ;
#5352 = ORIENTED_EDGE ( 'NONE', *, *, #392, .F. ) ;
#5353 = DIRECTION ( 'NONE',  ( -0.000000000000000000, -0.000000000000000000, -1.000000000000000000 ) ) ;
#5354 = FACE_OUTER_BOUND ( 'NONE', #529, .T. ) ;
#5355 = ORIENTED_EDGE ( 'NONE', *, *, #2715, .T. ) ;
#5356 = EDGE_CURVE ( 'NONE', #4752, #1199, #5047, .T. ) ;
#5357 = DIRECTION ( 'NONE',  ( 0.000000000000000000, 0.000000000000000000, 1.000000000000000000 ) ) ;
#5358 = ORIENTED_EDGE ( 'NONE', *, *, #2678, .T. ) ;
#5359 = CARTESIAN_POINT ( 'NONE',  ( -10.84273574818606001, 14.48897067933744154, -5.000000000000000000 ) ) ;
#5360 = CARTESIAN_POINT ( 'NONE',  ( -9.149209946963129170, 15.78249345187884778, 5.000000000000000000 ) ) ;
#5361 = CARTESIAN_POINT ( 'NONE',  ( 0.000000000000000000, -9.858406733136190470E-16, 1.500000000000000000 ) ) ;
#5362 = VERTEX_POINT ( 'NONE', #4702 ) ;
#5363 = DIRECTION ( 'NONE',  ( 6.123233995736784525E-17, -1.000000000000000000, 0.000000000000000000 ) ) ;
#5364 = ORIENTED_EDGE ( 'NONE', *, *, #5079, .F. ) ;
#5365 = CIRCLE ( 'NONE', #2617, 1.764902496759994888 ) ;
#5366 = LINE ( 'NONE', #4013, #4879 ) ;
#5367 = CYLINDRICAL_SURFACE ( 'NONE', #3675, 0.4299999999999993272 ) ;
#5368 = DIRECTION ( 'NONE',  ( 0.000000000000000000, 0.000000000000000000, 1.000000000000000000 ) ) ;
#5369 = ORIENTED_EDGE ( 'NONE', *, *, #1851, .T. ) ;
#5370 = AXIS2_PLACEMENT_3D ( 'NONE', #4455, #2107, #5847 ) ;
#5371 = CARTESIAN_POINT ( 'NONE',  ( 11.52853332705896072, 13.95949521606318022, 5.002000000000000668 ) ) ;
#5372 = DIRECTION ( 'NONE',  ( 0.000000000000000000, 0.000000000000000000, 1.000000000000000000 ) ) ;
#5373 = ORIENTED_EDGE ( 'NONE', *, *, #3199, .F. ) ;
#5374 = EDGE_CURVE ( 'NONE', #516, #1722, #2693, .T. ) ;
#5375 = VECTOR ( 'NONE', #3082, 1000.000000000000000 ) ;
#5376 = PRODUCT ( 'HTD Pulley - HTD-5mm-24T-Pulley - flywheel', 'HTD Pulley - HTD-5mm-24T-Pulley - flywheel', '', ( #3551 ) ) ;
#5377 = AXIS2_PLACEMENT_3D ( 'NONE', #83, #1030, #445 ) ;
#5378 = CARTESIAN_POINT ( 'NONE',  ( -18.24264523787019954, 0.03220151268791664884, -5.000000000000000000 ) ) ;
#5379 = DIRECTION ( 'NONE',  ( 0.000000000000000000, 0.000000000000000000, 1.000000000000000000 ) ) ;
#5380 = ORIENTED_EDGE ( 'NONE', *, *, #342, .T. ) ;
#5381 = CARTESIAN_POINT ( 'NONE',  ( -7.940775374758739957, 14.49619383368293946, -5.000000000000000000 ) ) ;
#5382 = CIRCLE ( 'NONE', #5882, 1.764902496759994666 ) ;
#5383 = AXIS2_PLACEMENT_3D ( 'NONE', #5085, #3209, #844 ) ;
#5384 = VERTEX_POINT ( 'NONE', #2851 ) ;
#5385 = ADVANCED_FACE ( 'NONE', ( #2361 ), #5746, .T. ) ;
#5386 = CIRCLE ( 'NONE', #5986, 0.4299999999999998823 ) ;
#5387 = CIRCLE ( 'NONE', #2925, 1.764902496759994888 ) ;
#5388 = EDGE_CURVE ( 'NONE', #1111, #53, #1305, .T. ) ;
#5389 = CARTESIAN_POINT ( 'NONE',  ( 6.117477020638539264E-14, 3.628951489128784993E-14, 5.002000000000000668 ) ) ;
#5390 = DIRECTION ( 'NONE',  ( 0.8660254037844387076, 0.4999999999999999445, 0.000000000000000000 ) ) ;
#5391 = ADVANCED_FACE ( 'NONE', ( #3807 ), #64, .T. ) ;
#5392 = CYLINDRICAL_SURFACE ( 'NONE', #2221, 0.4299999999999997713 ) ;
#5393 = DIRECTION ( 'NONE',  ( 0.000000000000000000, 0.000000000000000000, 1.000000000000000000 ) ) ;
#5394 = AXIS2_PLACEMENT_3D ( 'NONE', #2470, #3513, #3941 ) ;
#5395 = ORIENTED_EDGE ( 'NONE', *, *, #1699, .F. ) ;
#5396 = CARTESIAN_POINT ( 'NONE',  ( -17.96918455708715001, -2.145599264782074744, 5.000000000000000000 ) ) ;
#5397 = ADVANCED_FACE ( 'NONE', ( #5699 ), #3348, .T. ) ;
#5398 = CIRCLE ( 'NONE', #3518, 0.4299999999999998823 ) ;
#5399 = DIRECTION ( 'NONE',  ( -0.000000000000000000, -0.000000000000000000, -1.000000000000000000 ) ) ;
#5400 = ORIENTED_EDGE ( 'NONE', *, *, #1212, .T. ) ;
#5401 = CARTESIAN_POINT ( 'NONE',  ( -9.757819552369539906E-16, 2.376571162088225214E-13, 5.000000000000000000 ) ) ;
#5402 = ORIENTED_EDGE ( 'NONE', *, *, #3460, .F. ) ;
#5403 = DIRECTION ( 'NONE',  ( -0.000000000000000000, -0.000000000000000000, 1.000000000000000000 ) ) ;
#5404 = CARTESIAN_POINT ( 'NONE',  ( 16.96375033764019946, -6.325010817588569978, 5.000000000000000000 ) ) ;
#5405 =( NAMED_UNIT ( * ) PLANE_ANGLE_UNIT ( ) SI_UNIT ( $, .RADIAN. ) );
#5406 = CIRCLE ( 'NONE', #3527, 1.764902496759995998 ) ;
#5407 = CARTESIAN_POINT ( 'NONE',  ( -9.757819552369539906E-16, 2.376571162088225214E-13, -5.000000000000000000 ) ) ;
#5408 = VERTEX_POINT ( 'NONE', #2763 ) ;
#5409 = DIRECTION ( 'NONE',  ( -0.4999999999999999445, -0.8660254037844387076, 0.000000000000000000 ) ) ;
#5410 = CARTESIAN_POINT ( 'NONE',  ( -2.639540076345809894, -18.33783493938529929, 5.000000000000000000 ) ) ;
#5411 = ORIENTED_EDGE ( 'NONE', *, *, #1451, .F. ) ;
#5412 = DIRECTION ( 'NONE',  ( 0.000000000000000000, 1.000000000000000000, 0.000000000000000000 ) ) ;
#5413 = FACE_OUTER_BOUND ( 'NONE', #381, .T. ) ;
#5414 = ORIENTED_EDGE ( 'NONE', *, *, #3243, .F. ) ;
#5415 = ADVANCED_FACE ( 'NONE', ( #4760 ), #551, .F. ) ;
#5416 = DIRECTION ( 'NONE',  ( 0.000000000000000000, 0.000000000000000000, 1.000000000000000000 ) ) ;
#5417 = AXIS2_PLACEMENT_3D ( 'NONE', #671, #2543, #4424 ) ;
#5418 = ORIENTED_EDGE ( 'NONE', *, *, #3947, .F. ) ;
#5419 = ORIENTED_EDGE ( 'NONE', *, *, #270, .T. ) ;
#5420 = DIRECTION ( 'NONE',  ( 1.000000000000000000, 0.000000000000000000, 0.000000000000000000 ) ) ;
#5421 = EDGE_CURVE ( 'NONE', #4842, #311, #1840, .T. ) ;
#5422 = FACE_OUTER_BOUND ( 'NONE', #5313, .T. ) ;
#5423 = CARTESIAN_POINT ( 'NONE',  ( -11.18896446287261881, 14.22330004254517988, 5.000000000000000000 ) ) ;
#5424 = EDGE_CURVE ( 'NONE', #745, #5674, #631, .T. ) ;
#5425 = EDGE_LOOP ( 'NONE', ( #1170, #1913, #4362, #3000 ) ) ;
#5426 = LINE ( 'NONE', #3346, #720 ) ;
#5427 = DIRECTION ( 'NONE',  ( -0.4999999999999999445, 0.8660254037844387076, 0.000000000000000000 ) ) ;
#5428 = ORIENTED_EDGE ( 'NONE', *, *, #3501, .F. ) ;
#5429 = ADVANCED_FACE ( 'NONE', ( #2458 ), #241, .F. ) ;
#5430 = ORIENTED_EDGE ( 'NONE', *, *, #5337, .T. ) ;
#5431 = AXIS2_PLACEMENT_3D ( 'NONE', #1026, #5830, #4377 ) ;
#5432 = DIRECTION ( 'NONE',  ( 0.000000000000000000, 0.000000000000000000, -1.000000000000000000 ) ) ;
#5433 = AXIS2_PLACEMENT_3D ( 'NONE', #5661, #2915, #872 ) ;
#5434 = LINE ( 'NONE', #2200, #278 ) ;
#5435 = CARTESIAN_POINT ( 'NONE',  ( 9.149209946963129170, -15.78249345187884778, 5.000000000000000000 ) ) ;
#5436 = ORIENTED_EDGE ( 'NONE', *, *, #356, .F. ) ;
#5437 = DIRECTION ( 'NONE',  ( -0.8660254037844388186, -0.4999999999999998890, 0.000000000000000000 ) ) ;
#5438 = DIRECTION ( 'NONE',  ( 0.000000000000000000, 0.000000000000000000, -1.000000000000000000 ) ) ;
#5439 = AXIS2_PLACEMENT_3D ( 'NONE', #702, #2907, #4786 ) ;
#5440 = EDGE_CURVE ( 'NONE', #427, #354, #4158, .T. ) ;
#5441 = AXIS2_PLACEMENT_3D ( 'NONE', #449, #2386, #3309 ) ;
#5442 = ORIENTED_EDGE ( 'NONE', *, *, #3836, .F. ) ;
#5443 = DIRECTION ( 'NONE',  ( 1.000000000000000000, 0.000000000000000000, 0.000000000000000000 ) ) ;
#5444 = CYLINDRICAL_SURFACE ( 'NONE', #3965, 2.149999999999999911 ) ;
#5445 = AXIS2_PLACEMENT_3D ( 'NONE', #3894, #3038, #4793 ) ;
#5446 = DIRECTION ( 'NONE',  ( 0.000000000000000000, 1.000000000000000000, 0.000000000000000000 ) ) ;
#5447 = ORIENTED_EDGE ( 'NONE', *, *, #4906, .T. ) ;
#5448 = LINE ( 'NONE', #1226, #2061 ) ;
#5449 = ORIENTED_EDGE ( 'NONE', *, *, #5620, .T. ) ;
#5450 = ORIENTED_EDGE ( 'NONE', *, *, #5990, .T. ) ;
#5451 = AXIS2_PLACEMENT_3D ( 'NONE', #3798, #58, #971 ) ;
#5452 = DIRECTION ( 'NONE',  ( 0.000000000000000000, 0.000000000000000000, -1.000000000000000000 ) ) ;
#5453 = EDGE_CURVE ( 'NONE', #1035, #1205, #2002, .T. ) ;
#5454 = DIRECTION ( 'NONE',  ( 0.000000000000000000, 0.000000000000000000, 1.000000000000000000 ) ) ;
#5455 = DIRECTION ( 'NONE',  ( 0.8660254037844387076, -0.4999999999999999445, 0.000000000000000000 ) ) ;
#5456 = ORIENTED_EDGE ( 'NONE', *, *, #5931, .F. ) ;
#5457 = EDGE_CURVE ( 'NONE', #245, #2137, #3466, .T. ) ;
#5458 = CARTESIAN_POINT ( 'NONE',  ( 14.49619383368293946, 7.940775374758730187, 5.002000000000000668 ) ) ;
#5459 = DIRECTION ( 'NONE',  ( 0.8660254037844390407, -0.4999999999999993894, 0.000000000000000000 ) ) ;
#5460 = ADVANCED_FACE ( 'NONE', ( #2083 ), #3865, .T. ) ;
#5461 = ORIENTED_EDGE ( 'NONE', *, *, #3159, .T. ) ;
#5462 = DIRECTION ( 'NONE',  ( 0.000000000000000000, 0.000000000000000000, 1.000000000000000000 ) ) ;
#5463 = ORIENTED_EDGE ( 'NONE', *, *, #4816, .F. ) ;
#5464 = CARTESIAN_POINT ( 'NONE',  ( 18.02275782191794917, 1.718949636520939794, 5.000000000000000000 ) ) ;
#5465 = EDGE_CURVE ( 'NONE', #1167, #5275, #4360, .T. ) ;
#5466 = EDGE_CURVE ( 'NONE', #2334, #2060, #4064, .T. ) ;
#5467 = DIRECTION ( 'NONE',  ( 0.000000000000000000, 0.000000000000000000, 1.000000000000000000 ) ) ;
#5468 = CARTESIAN_POINT ( 'NONE',  ( 10.14999999999999858, -8.000000000000000000, 1.500000000000000000 ) ) ;
#5469 = DIRECTION ( 'NONE',  ( -0.8660254037844383745, -0.5000000000000005551, 0.000000000000000000 ) ) ;
#5470 = EDGE_LOOP ( 'NONE', ( #4473, #2957, #1820, #946 ) ) ;
#5471 = FACE_OUTER_BOUND ( 'NONE', #3469, .T. ) ;
#5472 = CARTESIAN_POINT ( 'NONE',  ( -8.000000000000000000, -8.000000000000000000, 4.169999999999999929 ) ) ;
#5473 = VECTOR ( 'NONE', #41, 1000.000000000000000 ) ;
#5474 = ORIENTED_EDGE ( 'NONE', *, *, #1773, .F. ) ;
#5475 = DIRECTION ( 'NONE',  ( 0.8660254037844387076, 0.4999999999999999445, 0.000000000000000000 ) ) ;
#5476 = AXIS2_PLACEMENT_3D ( 'NONE', #2139, #5438, #2427 ) ;
#5477 = DIRECTION ( 'NONE',  ( -1.000000000000000000, 0.000000000000000000, 0.000000000000000000 ) ) ;
#5478 = ADVANCED_FACE ( 'NONE', ( #2513 ), #2580, .T. ) ;
#5479 = CARTESIAN_POINT ( 'NONE',  ( 6.325010817588569978, 16.96375033764019946, 5.000000000000000000 ) ) ;
#5480 = ORIENTED_EDGE ( 'NONE', *, *, #1837, .T. ) ;
#5481 = DIRECTION ( 'NONE',  ( 0.000000000000000000, 0.000000000000000000, 1.000000000000000000 ) ) ;
#5482 = ORIENTED_EDGE ( 'NONE', *, *, #4182, .F. ) ;
#5483 = AXIS2_PLACEMENT_3D ( 'NONE', #1093, #2971, #5335 ) ;
#5484 = CONICAL_SURFACE ( 'NONE', #760, 2.149999999999999911, 0.7853981633974503884 ) ;
#5485 = EDGE_LOOP ( 'NONE', ( #3471, #3210, #1343, #2704 ) ) ;
#5486 = CIRCLE ( 'NONE', #5975, 0.4299999999999998823 ) ;
#5487 = CARTESIAN_POINT ( 'NONE',  ( 16.05747190671534952, 3.918308969584845425, 5.000000000000000000 ) ) ;
#5488 = AXIS2_PLACEMENT_3D ( 'NONE', #1602, #3477, #4863 ) ;
#5489 = DIRECTION ( 'NONE',  ( 1.000000000000000000, 0.000000000000000000, 0.000000000000000000 ) ) ;
#5490 = CARTESIAN_POINT ( 'NONE',  ( -0.3711837165545134876, -16.52445980553209992, 5.000000000000000000 ) ) ;
#5491 = ORIENTED_EDGE ( 'NONE', *, *, #1130, .T. ) ;
#5492 = VECTOR ( 'NONE', #2393, 1000.000000000000000 ) ;
#5493 = AXIS2_PLACEMENT_3D ( 'NONE', #4634, #4168, #2236 ) ;
#5494 = DIRECTION ( 'NONE',  ( -0.000000000000000000, -0.000000000000000000, 1.000000000000000000 ) ) ;
#5495 = CARTESIAN_POINT ( 'NONE',  ( -16.63456994411955137, -7.126448808901090004, -5.000000000000000000 ) ) ;
#5496 = CARTESIAN_POINT ( 'NONE',  ( 0.000000000000000000, -4.347496136973104859E-16, 4.000000000000000000 ) ) ;
#5497 = AXIS2_PLACEMENT_3D ( 'NONE', #1904, #5551, #4615 ) ;
#5498 = VERTEX_POINT ( 'NONE', #3406 ) ;
#5499 = CIRCLE ( 'NONE', #2340, 16.52862817102734638 ) ;
#5500 = EDGE_CURVE ( 'NONE', #1250, #969, #1703, .T. ) ;
#5501 = CARTESIAN_POINT ( 'NONE',  ( 8.000000000000000000, 8.000000000000000000, 4.169999999999999929 ) ) ;
#5502 = CIRCLE ( 'NONE', #5596, 7.100000000000000533 ) ;
#5503 = DIRECTION ( 'NONE',  ( 0.000000000000000000, -1.000000000000000000, 0.000000000000000000 ) ) ;
#5504 = DIRECTION ( 'NONE',  ( -0.7071067811865475727, 0.7071067811865475727, 0.000000000000000000 ) ) ;
#5505 = DIRECTION ( 'NONE',  ( -0.000000000000000000, -0.000000000000000000, -1.000000000000000000 ) ) ;
#5506 = VERTEX_POINT ( 'NONE', #5820 ) ;
#5507 = EDGE_CURVE ( 'NONE', #3639, #3687, #4849, .T. ) ;
#5508 = CARTESIAN_POINT ( 'NONE',  ( -7.112366251504910349E-14, -8.402566836762790512E-16, 5.000000000000000000 ) ) ;
#5509 = VECTOR ( 'NONE', #2195, 1000.000000000000000 ) ;
#5510 = VERTEX_POINT ( 'NONE', #1653 ) ;
#5511 = EDGE_CURVE ( 'NONE', #5222, #4868, #646, .T. ) ;
#5512 = AXIS2_PLACEMENT_3D ( 'NONE', #554, #2919, #1595 ) ;
#5513 = FACE_OUTER_BOUND ( 'NONE', #4423, .T. ) ;
#5514 = FACE_OUTER_BOUND ( 'NONE', #4233, .T. ) ;
#5515 = FACE_OUTER_BOUND ( 'NONE', #571, .T. ) ;
#5516 = ORIENTED_EDGE ( 'NONE', *, *, #4510, .F. ) ;
#5517 = EDGE_CURVE ( 'NONE', #5498, #5510, #4558, .T. ) ;
#5518 = CARTESIAN_POINT ( 'NONE',  ( 11.18896446287261881, -14.22330004254519942, -5.000000000000000000 ) ) ;
#5519 = VERTEX_POINT ( 'NONE', #4881 ) ;
#5520 = VECTOR ( 'NONE', #5155, 1000.000000000000000 ) ;
#5521 = ORIENTED_EDGE ( 'NONE', *, *, #3735, .F. ) ;
#5522 = CARTESIAN_POINT ( 'NONE',  ( -8.583684430773409701, 14.12501011712842036, -5.000000000000000000 ) ) ;
#5523 = DIRECTION ( 'NONE',  ( 0.000000000000000000, 0.000000000000000000, 1.000000000000000000 ) ) ;
#5524 = CARTESIAN_POINT ( 'NONE',  ( 7.126448808901080234, 16.63456994411955137, 5.002000000000000668 ) ) ;
#5525 = ORIENTED_EDGE ( 'NONE', *, *, #4852, .T. ) ;
#5526 = LINE ( 'NONE', #1181, #1296 ) ;
#5527 = DIRECTION ( 'NONE',  ( -0.8660254037844387076, -0.4999999999999999445, 0.000000000000000000 ) ) ;
#5528 = ORIENTED_EDGE ( 'NONE', *, *, #2930, .T. ) ;
#5529 = CARTESIAN_POINT ( 'NONE',  ( -12.92226806246458004, -12.87672824649239978, 5.002000000000000668 ) ) ;
#5530 = ORIENTED_EDGE ( 'NONE', *, *, #1382, .T. ) ;
#5531 = DIRECTION ( 'NONE',  ( 1.000000000000000000, 0.000000000000000000, 0.000000000000000000 ) ) ;
#5532 = CARTESIAN_POINT ( 'NONE',  ( -7.522724857905819462, 16.46764093829609976, 5.000000000000000000 ) ) ;
#5533 = AXIS2_PLACEMENT_3D ( 'NONE', #2963, #2991, #164 ) ;
#5534 = CARTESIAN_POINT ( 'NONE',  ( -14.56126086974061984, -11.45482623011524126, 5.000000000000000000 ) ) ;
#5535 = EDGE_LOOP ( 'NONE', ( #3366, #5430, #775, #3985 ) ) ;
#5536 = DIRECTION ( 'NONE',  ( 1.000000000000000000, 0.000000000000000000, 0.000000000000000000 ) ) ;
#5537 = ORIENTED_EDGE ( 'NONE', *, *, #2193, .F. ) ;
#5538 = VECTOR ( 'NONE', #4759, 999.9999999999998863 ) ;
#5539 = EDGE_CURVE ( 'NONE', #641, #184, #1901, .T. ) ;
#5540 = DIRECTION ( 'NONE',  ( 1.000000000000000000, 0.000000000000000000, 0.000000000000000000 ) ) ;
#5541 = CARTESIAN_POINT ( 'NONE',  ( -7.112366251504910349E-14, -8.402566836762790512E-16, 5.002000000000000668 ) ) ;
#5542 = ORIENTED_EDGE ( 'NONE', *, *, #1956, .F. ) ;
#5543 = EDGE_CURVE ( 'NONE', #5109, #1824, #4428, .T. ) ;
#5544 = CIRCLE ( 'NONE', #2388, 16.52862817102734994 ) ;
#5545 = DIRECTION ( 'NONE',  ( 0.9659258262890680902, -0.2588190451025215166, 0.000000000000000000 ) ) ;
#5546 = EDGE_LOOP ( 'NONE', ( #5055, #4268, #4353, #3646 ) ) ;
#5547 = ADVANCED_FACE ( 'NONE', ( #2916 ), #5760, .T. ) ;
#5548 = ORIENTED_EDGE ( 'NONE', *, *, #1710, .F. ) ;
#5549 = EDGE_CURVE ( 'NONE', #335, #728, #828, .T. ) ;
#5550 = AXIS2_PLACEMENT_3D ( 'NONE', #4366, #5379, #709 ) ;
#5551 = DIRECTION ( 'NONE',  ( 0.000000000000000000, 0.000000000000000000, -1.000000000000000000 ) ) ;
#5552 = LINE ( 'NONE', #1318, #4021 ) ;
#5553 = DIRECTION ( 'NONE',  ( 0.000000000000000000, 0.000000000000000000, 1.000000000000000000 ) ) ;
#5554 = ORIENTED_EDGE ( 'NONE', *, *, #259, .T. ) ;
#5555 = FACE_OUTER_BOUND ( 'NONE', #4743, .T. ) ;
#5556 = AXIS2_PLACEMENT_3D ( 'NONE', #4075, #848, #2721 ) ;
#5557 = DIRECTION ( 'NONE',  ( 0.000000000000000000, 0.000000000000000000, 1.000000000000000000 ) ) ;
#5558 = EDGE_CURVE ( 'NONE', #506, #2736, #2730, .T. ) ;
#5559 = ORIENTED_EDGE ( 'NONE', *, *, #4589, .F. ) ;
#5560 = CARTESIAN_POINT ( 'NONE',  ( 2.145599264782074744, -17.96918455708715001, 5.002000000000000668 ) ) ;
#5561 = ORIENTED_EDGE ( 'NONE', *, *, #4636, .F. ) ;
#5562 = DIRECTION ( 'NONE',  ( 1.000000000000000000, 0.000000000000000000, 0.000000000000000000 ) ) ;
#5563 = LINE ( 'NONE', #5534, #4699 ) ;
#5564 = VERTEX_POINT ( 'NONE', #5010 ) ;
#5565 = CYLINDRICAL_SURFACE ( 'NONE', #5669, 1.764902496759995554 ) ;
#5566 = DIRECTION ( 'NONE',  ( 0.000000000000000000, 0.000000000000000000, -1.000000000000000000 ) ) ;
#5567 = CARTESIAN_POINT ( 'NONE',  ( -1.921978404781394825E-14, 6.848270805104349773E-14, -5.000000000000000000 ) ) ;
#5568 = CARTESIAN_POINT ( 'NONE',  ( -17.96918455708715001, 2.145599264782074744, -5.000000000000000000 ) ) ;
#5569 = ORIENTED_EDGE ( 'NONE', *, *, #3205, .F. ) ;
#5570 = CIRCLE ( 'NONE', #5256, 0.4299999999999997713 ) ;
#5571 = CARTESIAN_POINT ( 'NONE',  ( -9.757819552369539906E-16, 2.376571162088225214E-13, -5.000000000000000000 ) ) ;
#5572 = ADVANCED_FACE ( 'NONE', ( #1804 ), #5910, .F. ) ;
#5573 = VERTEX_POINT ( 'NONE', #6028 ) ;
#5574 = AXIS2_PLACEMENT_3D ( 'NONE', #3217, #5060, #6025 ) ;
#5575 = CARTESIAN_POINT ( 'NONE',  ( 16.52445980553209992, -0.3711837165545144868, -5.000000000000000000 ) ) ;
#5576 = EDGE_LOOP ( 'NONE', ( #4974, #2073, #1554, #5608 ) ) ;
#5577 = CYLINDRICAL_SURFACE ( 'NONE', #3236, 0.4299999999999998823 ) ;
#5578 = DIRECTION ( 'NONE',  ( 0.9659258262890684232, -0.2588190451025206285, 0.000000000000000000 ) ) ;
#5579 = CIRCLE ( 'NONE', #3697, 0.4299999999999997713 ) ;
#5580 = EDGE_CURVE ( 'NONE', #5181, #4612, #4459, .T. ) ;
#5581 = VERTEX_POINT ( 'NONE', #301 ) ;
#5582 = EDGE_CURVE ( 'NONE', #4851, #2736, #6037, .T. ) ;
#5583 = AXIS2_PLACEMENT_3D ( 'NONE', #3758, #1027, #26 ) ;
#5584 = CIRCLE ( 'NONE', #4495, 1.764902496759994888 ) ;
#5585 = LINE ( 'NONE', #5225, #1071 ) ;
#5586 = ORIENTED_EDGE ( 'NONE', *, *, #1101, .F. ) ;
#5587 = DIRECTION ( 'NONE',  ( -1.000000000000000000, 0.000000000000000000, 0.000000000000000000 ) ) ;
#5588 = CIRCLE ( 'NONE', #2924, 16.52862817102734994 ) ;
#5589 = ORIENTED_EDGE ( 'NONE', *, *, #5955, .F. ) ;
#5590 = ADVANCED_FACE ( 'NONE', ( #5413 ), #2643, .F. ) ;
#5591 = VECTOR ( 'NONE', #2023, 1000.000000000000000 ) ;
#5592 = CARTESIAN_POINT ( 'NONE',  ( -9.757819552369539906E-16, 2.376571162088225214E-13, 5.000000000000000000 ) ) ;
#5593 = CARTESIAN_POINT ( 'NONE',  ( -9.093435290907079249, 15.81469496456674939, 5.002000000000000668 ) ) ;
#5594 = ORIENTED_EDGE ( 'NONE', *, *, #1744, .T. ) ;
#5595 = FACE_OUTER_BOUND ( 'NONE', #4159, .T. ) ;
#5596 = AXIS2_PLACEMENT_3D ( 'NONE', #5145, #5679, #965 ) ;
#5597 = FACE_OUTER_BOUND ( 'NONE', #1348, .T. ) ;
#5598 = DIRECTION ( 'NONE',  ( 0.9659258262890680902, 0.2588190451025215721, 0.000000000000000000 ) ) ;
#5599 = CIRCLE ( 'NONE', #972, 0.4299999999999993272 ) ;
#5600 = DIRECTION ( 'NONE',  ( 0.000000000000000000, 1.000000000000000000, 0.000000000000000000 ) ) ;
#5601 = ORIENTED_EDGE ( 'NONE', *, *, #2364, .F. ) ;
#5602 = LINE ( 'NONE', #2324, #5520 ) ;
#5603 = ORIENTED_EDGE ( 'NONE', *, *, #581, .T. ) ;
#5604 = AXIS2_PLACEMENT_3D ( 'NONE', #4032, #780, #1662 ) ;
#5605 = DIRECTION ( 'NONE',  ( -0.7071067811865489050, 8.659560562354951347E-17, 0.7071067811865460184 ) ) ;
#5606 = EDGE_CURVE ( 'NONE', #117, #2988, #5948, .T. ) ;
#5607 = DIRECTION ( 'NONE',  ( 1.000000000000000000, 0.000000000000000000, 0.000000000000000000 ) ) ;
#5608 = ORIENTED_EDGE ( 'NONE', *, *, #5539, .T. ) ;
#5609 = DIRECTION ( 'NONE',  ( 0.4999999999999999445, 0.8660254037844387076, 0.000000000000000000 ) ) ;
#5610 = AXIS2_PLACEMENT_3D ( 'NONE', #5518, #2703, #3070 ) ;
#5611 = CYLINDRICAL_SURFACE ( 'NONE', #1039, 16.52862817102734638 ) ;
#5612 = EDGE_LOOP ( 'NONE', ( #3691, #4453 ) ) ;
#5613 = EDGE_CURVE ( 'NONE', #128, #3482, #527, .T. ) ;
#5614 = CARTESIAN_POINT ( 'NONE',  ( 7.126448808901080234, -16.63456994411955137, 5.000000000000000000 ) ) ;
#5615 = CARTESIAN_POINT ( 'NONE',  ( 6.723256931056099894, -16.80157748816159824, -5.000000000000000000 ) ) ;
#5616 = EDGE_LOOP ( 'NONE', ( #3620, #4922 ) ) ;
#5617 = ADVANCED_FACE ( 'NONE', ( #4022 ), #2176, .T. ) ;
#5618 = CARTESIAN_POINT ( 'NONE',  ( -3.004255121577025012, 17.85354414464755024, -5.000000000000000000 ) ) ;
#5619 = EDGE_LOOP ( 'NONE', ( #2923, #4174, #5491, #2113 ) ) ;
#5620 = EDGE_CURVE ( 'NONE', #2699, #821, #1121, .T. ) ;
#5621 = DIRECTION ( 'NONE',  ( 0.000000000000000000, 0.000000000000000000, -1.000000000000000000 ) ) ;
#5622 = DIRECTION ( 'NONE',  ( 1.000000000000000000, 0.000000000000000000, 0.000000000000000000 ) ) ;
#5623 = ORIENTED_EDGE ( 'NONE', *, *, #4656, .F. ) ;
#5624 = CARTESIAN_POINT ( 'NONE',  ( 14.56126086974063938, -11.45482623011524126, 5.000000000000000000 ) ) ;
#5625 = CYLINDRICAL_SURFACE ( 'NONE', #5789, 1.764902496759995554 ) ;
#5626 = LINE ( 'NONE', #2785, #2397 ) ;
#5627 = DIRECTION ( 'NONE',  ( 0.7071067811865475727, -0.7071067811865475727, 0.000000000000000000 ) ) ;
#5628 = ORIENTED_EDGE ( 'NONE', *, *, #1846, .T. ) ;
#5629 = EDGE_CURVE ( 'NONE', #3738, #4161, #2697, .T. ) ;
#5630 = CARTESIAN_POINT ( 'NONE',  ( 3.483414762376125356E-14, 6.201502689006169644E-14, -5.000000000000000000 ) ) ;
#5631 = AXIS2_PLACEMENT_3D ( 'NONE', #3391, #5262, #1575 ) ;
#5632 = EDGE_LOOP ( 'NONE', ( #444, #4143 ) ) ;
#5633 = DIRECTION ( 'NONE',  ( 0.000000000000000000, 0.000000000000000000, 1.000000000000000000 ) ) ;
#5634 = AXIS2_PLACEMENT_3D ( 'NONE', #4824, #4305, #3772 ) ;
#5635 = DIRECTION ( 'NONE',  ( 0.000000000000000000, 0.000000000000000000, 1.000000000000000000 ) ) ;
#5636 = ORIENTED_EDGE ( 'NONE', *, *, #3388, .F. ) ;
#5637 = CARTESIAN_POINT ( 'NONE',  ( 1.718949636520939794, -18.02275782191794917, 5.000000000000000000 ) ) ;
#5638 = CARTESIAN_POINT ( 'NONE',  ( 4.635380845820780138, 15.86533307656284819, 5.002000000000000668 ) ) ;
#5639 = VERTEX_POINT ( 'NONE', #269 ) ;
#5640 = CIRCLE ( 'NONE', #3957, 0.4299999999999997713 ) ;
#5641 = DIRECTION ( 'NONE',  ( 0.000000000000000000, 0.000000000000000000, 1.000000000000000000 ) ) ;
#5642 = DIRECTION ( 'NONE',  ( 0.000000000000000000, 0.000000000000000000, 1.000000000000000000 ) ) ;
#5643 = EDGE_LOOP ( 'NONE', ( #5912, #3854, #5185, #4059 ) ) ;
#5644 = CARTESIAN_POINT ( 'NONE',  ( -16.05747190671534952, 3.918308969584829438, 5.000000000000000000 ) ) ;
#5645 = ORIENTED_EDGE ( 'NONE', *, *, #4167, .T. ) ;
#5647 = EDGE_CURVE ( 'NONE', #2740, #2775, #4068, .T. ) ;
#5646 = ORIENTED_EDGE ( 'NONE', *, *, #1618, .T. ) ;
#5648 = VECTOR ( 'NONE', #1485, 999.9999999999998863 ) ;
#5649 = CARTESIAN_POINT ( 'NONE',  ( -9.757819552369539906E-16, 2.376571162088225214E-13, 5.000000000000000000 ) ) ;
#5650 = CARTESIAN_POINT ( 'NONE',  ( -9.757819552369539906E-16, 2.376571162088225214E-13, -5.000000000000000000 ) ) ;
#5651 = ORIENTED_EDGE ( 'NONE', *, *, #3535, .T. ) ;
#5652 = LINE ( 'NONE', #5624, #3010 ) ;
#5653 = ADVANCED_FACE ( 'NONE', ( #5514 ), #330, .T. ) ;
#5654 = ORIENTED_EDGE ( 'NONE', *, *, #3841, .T. ) ;
#5655 = FACE_OUTER_BOUND ( 'NONE', #3376, .T. ) ;
#5656 = DIRECTION ( 'NONE',  ( -0.8660254037844388186, 0.4999999999999998890, 0.000000000000000000 ) ) ;
#5657 = DIRECTION ( 'NONE',  ( 0.000000000000000000, 0.000000000000000000, 1.000000000000000000 ) ) ;
#5658 = ORIENTED_EDGE ( 'NONE', *, *, #3192, .T. ) ;
#5659 = CYLINDRICAL_SURFACE ( 'NONE', #1970, 0.4299999999999998823 ) ;
#5660 = ORIENTED_EDGE ( 'NONE', *, *, #4773, .F. ) ;
#5661 = CARTESIAN_POINT ( 'NONE',  ( -17.62937653985284925, -4.690439747858789588, -5.000000000000000000 ) ) ;
#5662 = CARTESIAN_POINT ( 'NONE',  ( -3.483414762376119677E-14, -6.201502689006169644E-14, 5.000000000000000000 ) ) ;
#5663 = DIRECTION ( 'NONE',  ( 0.000000000000000000, 0.000000000000000000, 1.000000000000000000 ) ) ;
#5664 = ORIENTED_EDGE ( 'NONE', *, *, #5810, .T. ) ;
#5665 = DIRECTION ( 'NONE',  ( 0.000000000000000000, 0.000000000000000000, 1.000000000000000000 ) ) ;
#5666 = CARTESIAN_POINT ( 'NONE',  ( 19.02682817102745005, 1.165057210878772069E-15, 5.000000000000000000 ) ) ;
#5667 = VECTOR ( 'NONE', #3076, 1000.000000000000000 ) ;
#5668 = ORIENTED_EDGE ( 'NONE', *, *, #451, .F. ) ;
#5669 = AXIS2_PLACEMENT_3D ( 'NONE', #2669, #910, #1331 ) ;
#5670 = DIRECTION ( 'NONE',  ( -0.7071067811865475727, -0.7071067811865475727, 0.000000000000000000 ) ) ;
#5671 = VERTEX_POINT ( 'NONE', #3558 ) ;
#5672 = DIRECTION ( 'NONE',  ( 0.000000000000000000, 0.000000000000000000, -1.000000000000000000 ) ) ;
#5673 = VERTEX_POINT ( 'NONE', #5034 ) ;
#5674 = VERTEX_POINT ( 'NONE', #827 ) ;
#5675 = CIRCLE ( 'NONE', #4586, 1.764902496759994444 ) ;
#5676 = CONICAL_SURFACE ( 'NONE', #2914, 2.149999999999999023, 0.7853981633974503884 ) ;
#5677 = DIRECTION ( 'NONE',  ( 1.000000000000000000, 0.000000000000000000, 0.000000000000000000 ) ) ;
#5678 = ADVANCED_FACE ( 'NONE', ( #2700 ), #5444, .F. ) ;
#5679 = DIRECTION ( 'NONE',  ( 0.000000000000000000, 0.000000000000000000, -1.000000000000000000 ) ) ;
#5680 = AXIS2_PLACEMENT_3D ( 'NONE', #1443, #2866, #2407 ) ;
#5681 = ORIENTED_EDGE ( 'NONE', *, *, #768, .T. ) ;
#5682 = AXIS2_PLACEMENT_3D ( 'NONE', #2498, #4375, #5324 ) ;
#5683 = DIRECTION ( 'NONE',  ( 0.000000000000000000, 0.000000000000000000, 1.000000000000000000 ) ) ;
#5684 = ORIENTED_EDGE ( 'NONE', *, *, #2819, .T. ) ;
#5685 = VECTOR ( 'NONE', #5165, 1000.000000000000000 ) ;
#5686 = VECTOR ( 'NONE', #4938, 1000.000000000000000 ) ;
#5687 = CARTESIAN_POINT ( 'NONE',  ( 0.03220151268792000032, 18.24264523787019954, 5.002000000000000668 ) ) ;
#5688 = CARTESIAN_POINT ( 'NONE',  ( -11.52853332705896072, -13.95949521606319976, -5.000000000000000000 ) ) ;
#5689 = EDGE_CURVE ( 'NONE', #2007, #1386, #1309, .T. ) ;
#5690 = CARTESIAN_POINT ( 'NONE',  ( 18.24264523787019954, 0.03220151268792114524, 5.002000000000000668 ) ) ;
#5691 = ORIENTED_EDGE ( 'NONE', *, *, #1948, .F. ) ;
#5692 = DIRECTION ( 'NONE',  ( 0.8660254037844387076, 0.4999999999999999445, 0.000000000000000000 ) ) ;
#5693 = CIRCLE ( 'NONE', #1349, 18.52682817102720136 ) ;
#5694 = AXIS2_PLACEMENT_3D ( 'NONE', #4074, #3613, #5503 ) ;
#5695 = ADVANCED_FACE ( 'NONE', ( #4114 ), #6002, .T. ) ;
#5696 = VERTEX_POINT ( 'NONE', #5688 ) ;
#5697 = AXIS2_PLACEMENT_3D ( 'NONE', #5203, #997, #4287 ) ;
#5698 = DIRECTION ( 'NONE',  ( 0.000000000000000000, 0.000000000000000000, -1.000000000000000000 ) ) ;
#5699 = FACE_OUTER_BOUND ( 'NONE', #1796, .T. ) ;
#5700 = EDGE_CURVE ( 'NONE', #2740, #4418, #31, .T. ) ;
#5701 = DIRECTION ( 'NONE',  ( 1.000000000000000000, 0.000000000000000000, 0.000000000000000000 ) ) ;
#5702 = ORIENTED_EDGE ( 'NONE', *, *, #409, .T. ) ;
#5703 = CARTESIAN_POINT ( 'NONE',  ( 17.91222139392874979, 2.578277445616415253, -5.000000000000000000 ) ) ;
#5704 = DIRECTION ( 'NONE',  ( 0.000000000000000000, 0.000000000000000000, 1.000000000000000000 ) ) ;
#5705 = CIRCLE ( 'NONE', #588, 0.4299999999999998823 ) ;
#5706 = ORIENTED_EDGE ( 'NONE', *, *, #5110, .F. ) ;
#5707 = AXIS2_PLACEMENT_3D ( 'NONE', #126, #681, #3932 ) ;
#5708 = DIRECTION ( 'NONE',  ( 0.000000000000000000, 0.000000000000000000, 1.000000000000000000 ) ) ;
#5709 = CYLINDRICAL_SURFACE ( 'NONE', #3036, 1.764902496759994444 ) ;
#5710 = ORIENTED_EDGE ( 'NONE', *, *, #2940, .F. ) ;
#5711 = LINE ( 'NONE', #501, #2922 ) ;
#5712 = ORIENTED_EDGE ( 'NONE', *, *, #2266, .T. ) ;
#5713 = ORIENTED_EDGE ( 'NONE', *, *, #4810, .T. ) ;
#5714 = AXIS2_PLACEMENT_3D ( 'NONE', #711, #4919, #2114 ) ;
#5715 = LINE ( 'NONE', #4189, #1753 ) ;
#5716 = CARTESIAN_POINT ( 'NONE',  ( 2.196580998991910061, 18.39615160824795126, 5.000000000000000000 ) ) ;
#5717 = AXIS2_PLACEMENT_3D ( 'NONE', #642, #2419, #4390 ) ;
#5718 = ORIENTED_EDGE ( 'NONE', *, *, #4224, .F. ) ;
#5719 = SURFACE_STYLE_USAGE ( .BOTH. , #1863 ) ;
#5720 = ORIENTED_EDGE ( 'NONE', *, *, #416, .T. ) ;
#5721 = FACE_OUTER_BOUND ( 'NONE', #5619, .T. ) ;
#5722 = DIRECTION ( 'NONE',  ( 0.000000000000000000, -1.000000000000000000, 0.000000000000000000 ) ) ;
#5723 = EDGE_LOOP ( 'NONE', ( #415, #3497, #5749, #1143 ) ) ;
#5724 = LINE ( 'NONE', #118, #399 ) ;
#5725 = ORIENTED_EDGE ( 'NONE', *, *, #3797, .F. ) ;
#5726 = EDGE_CURVE ( 'NONE', #5893, #1167, #49, .T. ) ;
#5727 = CARTESIAN_POINT ( 'NONE',  ( 14.49619383368293946, -7.940775374758719529, 5.000000000000000000 ) ) ;
#5728 = ADVANCED_FACE ( 'NONE', ( #4754 ), #1453, .T. ) ;
#5729 = DIRECTION ( 'NONE',  ( 0.000000000000000000, 0.000000000000000000, -1.000000000000000000 ) ) ;
#5730 = CARTESIAN_POINT ( 'NONE',  ( 4.690439747858780706, 17.62937653985284925, -5.000000000000000000 ) ) ;
#5731 = ORIENTED_EDGE ( 'NONE', *, *, #4923, .T. ) ;
#5732 = AXIS2_PLACEMENT_3D ( 'NONE', #4970, #1616, #762 ) ;
#5733 = FACE_OUTER_BOUND ( 'NONE', #3592, .T. ) ;
#5734 = FACE_OUTER_BOUND ( 'NONE', #1940, .T. ) ;
#5735 = EDGE_CURVE ( 'NONE', #641, #1237, #2811, .T. ) ;
#5736 = DIRECTION ( 'NONE',  ( 0.000000000000000000, 0.000000000000000000, -1.000000000000000000 ) ) ;
#5737 = ORIENTED_EDGE ( 'NONE', *, *, #3316, .T. ) ;
#5738 = EDGE_CURVE ( 'NONE', #5519, #4462, #5345, .T. ) ;
#5739 = CARTESIAN_POINT ( 'NONE',  ( -12.92226806246458004, -12.87672824649239978, -5.000000000000000000 ) ) ;
#5740 = EDGE_CURVE ( 'NONE', #3727, #5510, #5626, .T. ) ;
#5741 = ORIENTED_EDGE ( 'NONE', *, *, #2819, .F. ) ;
#5742 = AXIS2_PLACEMENT_3D ( 'NONE', #5541, #1310, #1682 ) ;
#5743 = LINE ( 'NONE', #1507, #3216 ) ;
#5744 = VERTEX_POINT ( 'NONE', #3678 ) ;
#5745 = CARTESIAN_POINT ( 'NONE',  ( -16.80157748816159824, 6.723256931056099894, -5.000000000000000000 ) ) ;
#5746 = CONICAL_SURFACE ( 'NONE', #4650, 19.02682817102745005, 0.9599310885968814766 ) ;
#5747 = CARTESIAN_POINT ( 'NONE',  ( -16.96375033764019946, -6.325010817588579748, 5.000000000000000000 ) ) ;
#5748 = CARTESIAN_POINT ( 'NONE',  ( 2.145599264782080073, 17.96918455708715001, 5.000000000000000000 ) ) ;
#5749 = ORIENTED_EDGE ( 'NONE', *, *, #3124, .T. ) ;
#5750 = DIRECTION ( 'NONE',  ( 0.000000000000000000, 0.000000000000000000, -1.000000000000000000 ) ) ;
#5751 = AXIS2_PLACEMENT_3D ( 'NONE', #3432, #3457, #4846 ) ;
#5752 = ORIENTED_EDGE ( 'NONE', *, *, #5517, .T. ) ;
#5753 = DIRECTION ( 'NONE',  ( 0.8660254037844388186, 0.4999999999999995559, 0.000000000000000000 ) ) ;
#5754 = DIRECTION ( 'NONE',  ( -0.7071067811865475727, -0.7071067811865475727, 0.000000000000000000 ) ) ;
#5755 = CARTESIAN_POINT ( 'NONE',  ( 2.578277445616415253, -17.91222139392874979, -5.000000000000000000 ) ) ;
#5756 = ORIENTED_EDGE ( 'NONE', *, *, #48, .T. ) ;
#5757 = DIRECTION ( 'NONE',  ( 0.2588190451025180194, 0.9659258262890689783, 0.000000000000000000 ) ) ;
#5758 = ORIENTED_EDGE ( 'NONE', *, *, #4983, .F. ) ;
#5759 = LINE ( 'NONE', #3665, #5538 ) ;
#5760 = CYLINDRICAL_SURFACE ( 'NONE', #732, 16.52862817102734638 ) ;
#5761 = DIRECTION ( 'NONE',  ( -0.7071067811865475727, -0.7071067811865475727, 0.000000000000000000 ) ) ;
#5762 = ORIENTED_EDGE ( 'NONE', *, *, #3986, .F. ) ;
#5763 = EDGE_CURVE ( 'NONE', #3153, #1330, #4691, .T. ) ;
#5764 = DIRECTION ( 'NONE',  ( 0.9659258262890689783, -0.2588190451025180194, 0.000000000000000000 ) ) ;
#5765 = ORIENTED_EDGE ( 'NONE', *, *, #5738, .T. ) ;
#5766 = EDGE_CURVE ( 'NONE', #6013, #162, #1805, .T. ) ;
#5767 = CARTESIAN_POINT ( 'NONE',  ( 4.752648293360449472, 17.61270781032335009, -5.000000000000000000 ) ) ;
#5768 = CARTESIAN_POINT ( 'NONE',  ( 0.000000000000000000, 1.165057210878772069E-15, 6.500000000000000000 ) ) ;
#5769 = ORIENTED_EDGE ( 'NONE', *, *, #4020, .F. ) ;
#5770 = EDGE_CURVE ( 'NONE', #1475, #5105, #4197, .T. ) ;
#5771 = VECTOR ( 'NONE', #5251, 1000.000000000000000 ) ;
#5772 = CARTESIAN_POINT ( 'NONE',  ( 0.000000000000000000, 1.165057210878772069E-15, -5.000000000000000000 ) ) ;
#5773 = DIRECTION ( 'NONE',  ( 0.000000000000000000, 0.000000000000000000, -1.000000000000000000 ) ) ;
#5774 = EDGE_CURVE ( 'NONE', #2711, #1905, #1402, .T. ) ;
#5775 = DIRECTION ( 'NONE',  ( 0.9659258262890689783, 0.2588190451025180194, 0.000000000000000000 ) ) ;
#5776 = ORIENTED_EDGE ( 'NONE', *, *, #685, .F. ) ;
#5777 =( NAMED_UNIT ( * ) SI_UNIT ( $, .STERADIAN. ) SOLID_ANGLE_UNIT ( ) );
#5778 = VECTOR ( 'NONE', #1609, 1000.000000000000000 ) ;
#5779 = ADVANCED_FACE ( 'NONE', ( #3249 ), #5208, .T. ) ;
#5780 = ORIENTED_EDGE ( 'NONE', *, *, #1630, .F. ) ;
#5781 = AXIS2_PLACEMENT_3D ( 'NONE', #2964, #223, #2010 ) ;
#5782 = DIRECTION ( 'NONE',  ( -1.000000000000000000, 0.000000000000000000, 0.000000000000000000 ) ) ;
#5783 = CARTESIAN_POINT ( 'NONE',  ( -17.61270781032335009, 4.752648293360439702, -5.000000000000000000 ) ) ;
#5784 = LINE ( 'NONE', #4874, #2587 ) ;
#5785 = ORIENTED_EDGE ( 'NONE', *, *, #2198, .T. ) ;
#5786 = DIRECTION ( 'NONE',  ( 0.9659258262890689783, -0.2588190451025180194, 0.000000000000000000 ) ) ;
#5787 = ORIENTED_EDGE ( 'NONE', *, *, #4589, .T. ) ;
#5788 = VECTOR ( 'NONE', #3816, 1000.000000000000000 ) ;
#5789 = AXIS2_PLACEMENT_3D ( 'NONE', #3275, #4690, #3370 ) ;
#5790 = DIRECTION ( 'NONE',  ( 0.000000000000000000, 0.000000000000000000, 1.000000000000000000 ) ) ;
#5791 = VECTOR ( 'NONE', #430, 1000.000000000000000 ) ;
#5792 = LINE ( 'NONE', #1562, #277 ) ;
#5793 = AXIS2_PLACEMENT_3D ( 'NONE', #4450, #5271, #5782 ) ;
#5794 = VERTEX_POINT ( 'NONE', #420 ) ;
#5795 = CARTESIAN_POINT ( 'NONE',  ( 14.74869130177516041, 10.50003296401214037, -5.000000000000000000 ) ) ;
#5796 = VERTEX_POINT ( 'NONE', #511 ) ;
#5797 = AXIS2_PLACEMENT_3D ( 'NONE', #4987, #4582, #2708 ) ;
#5798 = LINE ( 'NONE', #4768, #4871 ) ;
#5799 = FACE_OUTER_BOUND ( 'NONE', #4927, .T. ) ;
#5800 = ORIENTED_EDGE ( 'NONE', *, *, #1090, .F. ) ;
#5801 = EDGE_CURVE ( 'NONE', #2251, #3153, #636, .T. ) ;
#5802 = VECTOR ( 'NONE', #432, 999.9999999999998863 ) ;
#5803 = DIRECTION ( 'NONE',  ( 1.000000000000000000, 0.000000000000000000, 0.000000000000000000 ) ) ;
#5804 = DIRECTION ( 'NONE',  ( 1.000000000000000000, 0.000000000000000000, 0.000000000000000000 ) ) ;
#5805 = ADVANCED_FACE ( 'NONE', ( #1922 ), #3, .T. ) ;
#5806 = CYLINDRICAL_SURFACE ( 'NONE', #3326, 0.4299999999999997713 ) ;
#5807 = ORIENTED_EDGE ( 'NONE', *, *, #1613, .T. ) ;
#5808 = CARTESIAN_POINT ( 'NONE',  ( 7.112366251504910349E-14, 8.402566836762699793E-16, -5.000000000000000000 ) ) ;
#5809 = AXIS2_PLACEMENT_3D ( 'NONE', #2614, #1168, #4461 ) ;
#5810 = EDGE_CURVE ( 'NONE', #4612, #629, #3706, .T. ) ;
#5811 = VERTEX_POINT ( 'NONE', #5123 ) ;
#5812 = EDGE_CURVE ( 'NONE', #4516, #3727, #2881, .T. ) ;
#5813 = CARTESIAN_POINT ( 'NONE',  ( -0.03220151268792000032, 18.24264523787019954, -5.000000000000000000 ) ) ;
#5814 = DIRECTION ( 'NONE',  ( 0.2588190451025214056, 0.9659258262890680902, 0.000000000000000000 ) ) ;
#5815 = DIRECTION ( 'NONE',  ( 0.9659258262890680902, -0.2588190451025214056, 0.000000000000000000 ) ) ;
#5816 = ORIENTED_EDGE ( 'NONE', *, *, #4631, .T. ) ;
#5817 = CARTESIAN_POINT ( 'NONE',  ( -9.939567796041171274E-16, -1.084202172485504040E-15, -52.80796289473149585 ) ) ;
#5818 = ORIENTED_EDGE ( 'NONE', *, *, #4070, .F. ) ;
#5819 = DIRECTION ( 'NONE',  ( 0.000000000000000000, 0.000000000000000000, 1.000000000000000000 ) ) ;
#5820 = CARTESIAN_POINT ( 'NONE',  ( 13.95949521606318022, -11.52853332705896072, -5.000000000000000000 ) ) ;
#5821 = CARTESIAN_POINT ( 'NONE',  ( -1.921978404781394825E-14, 6.848270805104349773E-14, 5.000000000000000000 ) ) ;
#5822 = ORIENTED_EDGE ( 'NONE', *, *, #312, .F. ) ;
#5823 = CARTESIAN_POINT ( 'NONE',  ( 13.95949521606318022, 11.52853332705896072, 5.002000000000000668 ) ) ;
#5824 = ORIENTED_EDGE ( 'NONE', *, *, #2329, .T. ) ;
#5825 = CIRCLE ( 'NONE', #215, 1.764902496759994888 ) ;
#5826 = FACE_OUTER_BOUND ( 'NONE', #3656, .T. ) ;
#5827 = DIRECTION ( 'NONE',  ( -0.000000000000000000, -0.000000000000000000, -1.000000000000000000 ) ) ;
#5828 = VERTEX_POINT ( 'NONE', #2354 ) ;
#5829 = CIRCLE ( 'NONE', #5224, 16.52862817102734638 ) ;
#5830 = DIRECTION ( 'NONE',  ( 0.000000000000000000, 0.000000000000000000, 1.000000000000000000 ) ) ;
#5831 = DIRECTION ( 'NONE',  ( -0.8660254037844383745, -0.5000000000000005551, 0.000000000000000000 ) ) ;
#5832 = AXIS2_PLACEMENT_3D ( 'NONE', #5783, #1612, #5814 ) ;
#5833 = AXIS2_PLACEMENT_3D ( 'NONE', #232, #2016, #2478 ) ;
#5834 = DIRECTION ( 'NONE',  ( 0.000000000000000000, 0.000000000000000000, -1.000000000000000000 ) ) ;
#5835 = EDGE_LOOP ( 'NONE', ( #4834, #4921, #2896, #5516 ) ) ;
#5836 = EDGE_CURVE ( 'NONE', #2028, #5015, #3081, .T. ) ;
#5837 = DIRECTION ( 'NONE',  ( 0.000000000000000000, 0.000000000000000000, -1.000000000000000000 ) ) ;
#5838 = ORIENTED_EDGE ( 'NONE', *, *, #5466, .F. ) ;
#5839 = VECTOR ( 'NONE', #3960, 1000.000000000000000 ) ;
#5840 = DIRECTION ( 'NONE',  ( 0.000000000000000000, 0.000000000000000000, 1.000000000000000000 ) ) ;
#5841 = CYLINDRICAL_SURFACE ( 'NONE', #5227, 0.4299999999999998823 ) ;
#5842 = FACE_OUTER_BOUND ( 'NONE', #5944, .T. ) ;
#5843 = VERTEX_POINT ( 'NONE', #1895 ) ;
#5844 = EDGE_CURVE ( 'NONE', #2802, #450, #4162, .T. ) ;
#5845 = AXIS2_PLACEMENT_3D ( 'NONE', #489, #457, #981 ) ;
#5846 = DIRECTION ( 'NONE',  ( -0.000000000000000000, -0.000000000000000000, 1.000000000000000000 ) ) ;
#5847 = DIRECTION ( 'NONE',  ( -1.000000000000000000, 0.000000000000000000, 0.000000000000000000 ) ) ;
#5848 = ORIENTED_EDGE ( 'NONE', *, *, #4959, .T. ) ;
#5849 = EDGE_CURVE ( 'NONE', #5181, #2791, #3487, .T. ) ;
#5850 = DIRECTION ( 'NONE',  ( 0.000000000000000000, 0.000000000000000000, 1.000000000000000000 ) ) ;
#5851 = CARTESIAN_POINT ( 'NONE',  ( -10.84273574818606001, -14.48897067933745930, 5.000000000000000000 ) ) ;
#5852 = EDGE_LOOP ( 'NONE', ( #2098, #3828, #1005, #2367 ) ) ;
#5853 = DIRECTION ( 'NONE',  ( 0.000000000000000000, 0.000000000000000000, 1.000000000000000000 ) ) ;
#5854 = EDGE_CURVE ( 'NONE', #371, #5025, #205, .T. ) ;
#5855 = ORIENTED_EDGE ( 'NONE', *, *, #1776, .F. ) ;
#5856 = ORIENTED_EDGE ( 'NONE', *, *, #4667, .T. ) ;
#5857 = CARTESIAN_POINT ( 'NONE',  ( -3.918308969584829438, -16.05747190671534952, 5.002000000000000668 ) ) ;
#5858 = EDGE_LOOP ( 'NONE', ( #1505, #4671, #3946, #1469 ) ) ;
#5859 = DIRECTION ( 'NONE',  ( 0.000000000000000000, 0.000000000000000000, 1.000000000000000000 ) ) ;
#5860 = FACE_OUTER_BOUND ( 'NONE', #2979, .T. ) ;
#5861 = ORIENTED_EDGE ( 'NONE', *, *, #3451, .F. ) ;
#5862 = CARTESIAN_POINT ( 'NONE',  ( 13.95949521606318022, -11.52853332705896072, 5.002000000000000668 ) ) ;
#5863 = ORIENTED_EDGE ( 'NONE', *, *, #5094, .F. ) ;
#5864 = CARTESIAN_POINT ( 'NONE',  ( -2.578277445616409924, -17.91222139392874979, -5.000000000000000000 ) ) ;
#5865 = AXIS2_PLACEMENT_3D ( 'NONE', #4632, #5030, #417 ) ;
#5866 = EDGE_CURVE ( 'NONE', #1514, #4310, #668, .T. ) ;
#5867 = DIRECTION ( 'NONE',  ( -1.000000000000000000, 0.000000000000000000, 0.000000000000000000 ) ) ;
#5868 = CARTESIAN_POINT ( 'NONE',  ( -5.850000000000000533, -8.000000000000000000, -53.44388806018619675 ) ) ;
#5869 = FACE_OUTER_BOUND ( 'NONE', #2405, .T. ) ;
#5870 = EDGE_LOOP ( 'NONE', ( #4724, #5236, #1373, #4405 ) ) ;
#5871 = AXIS2_PLACEMENT_3D ( 'NONE', #3086, #3607, #319 ) ;
#5872 = CARTESIAN_POINT ( 'NONE',  ( -11.45482623011521994, -14.56126086974063938, 5.000000000000000000 ) ) ;
#5873 = FACE_OUTER_BOUND ( 'NONE', #3771, .T. ) ;
#5874 = ORIENTED_EDGE ( 'NONE', *, *, #3430, .F. ) ;
#5875 = AXIS2_PLACEMENT_3D ( 'NONE', #3204, #841, #315 ) ;
#5876 = VECTOR ( 'NONE', #606, 1000.000000000000000 ) ;
#5877 = EDGE_CURVE ( 'NONE', #5581, #5084, #4953, .T. ) ;
#5878 = DIRECTION ( 'NONE',  ( 0.000000000000000000, 0.000000000000000000, 1.000000000000000000 ) ) ;
#5879 = ORIENTED_EDGE ( 'NONE', *, *, #3610, .T. ) ;
#5880 = EDGE_CURVE ( 'NONE', #2017, #712, #4364, .T. ) ;
#5881 = DIRECTION ( 'NONE',  ( 0.7071067811865475727, 0.7071067811865475727, 0.000000000000000000 ) ) ;
#5882 = AXIS2_PLACEMENT_3D ( 'NONE', #1880, #2307, #4184 ) ;
#5883 = CIRCLE ( 'NONE', #3219, 20.45497617776954868 ) ;
#5884 = ORIENTED_EDGE ( 'NONE', *, *, #4304, .T. ) ;
#5885 = ORIENTED_EDGE ( 'NONE', *, *, #82, .T. ) ;
#5886 = ADVANCED_FACE ( 'NONE', ( #5721 ), #4420, .F. ) ;
#5887 = AXIS2_PLACEMENT_3D ( 'NONE', #1398, #3284, #2821 ) ;
#5888 = AXIS2_PLACEMENT_3D ( 'NONE', #5687, #2906, #1516 ) ;
#5889 = DIRECTION ( 'NONE',  ( 0.000000000000000000, 0.000000000000000000, 1.000000000000000000 ) ) ;
#5890 = DIRECTION ( 'NONE',  ( 0.000000000000000000, 0.000000000000000000, 1.000000000000000000 ) ) ;
#5891 = CARTESIAN_POINT ( 'NONE',  ( 5.850000000000000533, -8.000000000000000000, 1.500000000000000000 ) ) ;
#5892 = AXIS2_PLACEMENT_3D ( 'NONE', #5962, #5505, #4683 ) ;
#5893 = VERTEX_POINT ( 'NONE', #2477 ) ;
#5894 = DIRECTION ( 'NONE',  ( 0.000000000000000000, 1.000000000000000000, 0.000000000000000000 ) ) ;
#5895 = CIRCLE ( 'NONE', #4801, 1.764902496759994444 ) ;
#5896 = CARTESIAN_POINT ( 'NONE',  ( 14.83324412511671930, -11.10037075072115975, 5.000000000000000000 ) ) ;
#5897 = ORIENTED_EDGE ( 'NONE', *, *, #5117, .T. ) ;
#5898 = DIRECTION ( 'NONE',  ( -1.000000000000000000, 0.000000000000000000, 0.000000000000000000 ) ) ;
#5899 = ORIENTED_EDGE ( 'NONE', *, *, #463, .F. ) ;
#5900 = CYLINDRICAL_SURFACE ( 'NONE', #2421, 1.764902496759994444 ) ;
#5901 = CIRCLE ( 'NONE', #487, 0.4299999999999998823 ) ;
#5902 = CARTESIAN_POINT ( 'NONE',  ( -11.45482623011524126, 14.56126086974063938, -5.000000000000000000 ) ) ;
#5903 = AXIS2_PLACEMENT_3D ( 'NONE', #153, #4858, #649 ) ;
#5904 = ORIENTED_EDGE ( 'NONE', *, *, #1620, .T. ) ;
#5905 = DIRECTION ( 'NONE',  ( 0.000000000000000000, 0.000000000000000000, 1.000000000000000000 ) ) ;
#5906 = CYLINDRICAL_SURFACE ( 'NONE', #5370, 16.10000000000000142 ) ;
#5907 = ORIENTED_EDGE ( 'NONE', *, *, #4777, .F. ) ;
#5908 = CIRCLE ( 'NONE', #18, 0.4299999999999998823 ) ;
#5909 = DIRECTION ( 'NONE',  ( -1.000000000000000000, 0.000000000000000000, 0.000000000000000000 ) ) ;
#5910 = CYLINDRICAL_SURFACE ( 'NONE', #1802, 2.149999999999999023 ) ;
#5911 = CARTESIAN_POINT ( 'NONE',  ( -14.12501011712842036, -8.583684430773409701, 5.000000000000000000 ) ) ;
#5912 = ORIENTED_EDGE ( 'NONE', *, *, #4055, .F. ) ;
#5913 = DIRECTION ( 'NONE',  ( -0.4999999999999993894, -0.8660254037844390407, 0.000000000000000000 ) ) ;
#5914 = EDGE_CURVE ( 'NONE', #1259, #2309, #3029, .T. ) ;
#5915 = VERTEX_POINT ( 'NONE', #5308 ) ;
#5916 = ORIENTED_EDGE ( 'NONE', *, *, #3723, .F. ) ;
#5917 = DIRECTION ( 'NONE',  ( 1.000000000000000000, 0.000000000000000000, 0.000000000000000000 ) ) ;
#5918 = ADVANCED_FACE ( 'NONE', ( #3950 ), #116, .F. ) ;
#5919 = DIRECTION ( 'NONE',  ( -0.2588190451025180194, 0.9659258262890689783, 0.000000000000000000 ) ) ;
#5920 = DIRECTION ( 'NONE',  ( 0.000000000000000000, 0.000000000000000000, 1.000000000000000000 ) ) ;
#5921 = EDGE_CURVE ( 'NONE', #728, #5288, #4873, .T. ) ;
#5922 = ORIENTED_EDGE ( 'NONE', *, *, #1588, .F. ) ;
#5923 = CARTESIAN_POINT ( 'NONE',  ( -2.196580998991904732, -18.39615160824795126, -5.000000000000000000 ) ) ;
#5924 = DIRECTION ( 'NONE',  ( 0.000000000000000000, 0.000000000000000000, -1.000000000000000000 ) ) ;
#5925 = EDGE_CURVE ( 'NONE', #1386, #4148, #2776, .T. ) ;
#5926 = ORIENTED_EDGE ( 'NONE', *, *, #1502, .F. ) ;
#5927 = CARTESIAN_POINT ( 'NONE',  ( -18.24264523787019954, 0.03220151268791664884, 5.002000000000000668 ) ) ;
#5928 = ORIENTED_EDGE ( 'NONE', *, *, #2610, .F. ) ;
#5929 = AXIS2_PLACEMENT_3D ( 'NONE', #3848, #1977, #3879 ) ;
#5930 = DIRECTION ( 'NONE',  ( 0.000000000000000000, 0.000000000000000000, 1.000000000000000000 ) ) ;
#5931 = EDGE_CURVE ( 'NONE', #4704, #5040, #2485, .T. ) ;
#5932 = AXIS2_PLACEMENT_3D ( 'NONE', #4792, #517, #1322 ) ;
#5933 = CYLINDRICAL_SURFACE ( 'NONE', #1734, 1.764902496759995998 ) ;
#5934 = DIRECTION ( 'NONE',  ( 0.000000000000000000, 0.000000000000000000, 1.000000000000000000 ) ) ;
#5935 = ORIENTED_EDGE ( 'NONE', *, *, #2973, .T. ) ;
#5936 = DIRECTION ( 'NONE',  ( 0.000000000000000000, 0.000000000000000000, 1.000000000000000000 ) ) ;
#5937 = DIRECTION ( 'NONE',  ( -0.7071067811865489050, 8.659560562354951347E-17, 0.7071067811865460184 ) ) ;
#5938 = CONICAL_SURFACE ( 'NONE', #1813, 2.149999999999999023, 0.7853981633974503884 ) ;
#5939 = AXIS2_PLACEMENT_3D ( 'NONE', #1644, #3488, #1986 ) ;
#5940 = ORIENTED_EDGE ( 'NONE', *, *, #463, .T. ) ;
#5941 = CARTESIAN_POINT ( 'NONE',  ( 12.92226806246459958, -12.87672824649239978, 5.000000000000000000 ) ) ;
#5942 = AXIS2_PLACEMENT_3D ( 'NONE', #2392, #2330, #4270 ) ;
#5943 = CARTESIAN_POINT ( 'NONE',  ( -2.578277445616425023, 17.91222139392874979, 5.000000000000000000 ) ) ;
#5944 = EDGE_LOOP ( 'NONE', ( #5561, #5053, #5092, #4526 ) ) ;
#5945 = CARTESIAN_POINT ( 'NONE',  ( -9.757819552369539906E-16, 2.376571162088225214E-13, -5.000000000000000000 ) ) ;
#5946 = EDGE_LOOP ( 'NONE', ( #5373, #289, #2581, #3680 ) ) ;
#5947 = VERTEX_POINT ( 'NONE', #1033 ) ;
#5948 = CIRCLE ( 'NONE', #1218, 16.52862817102734994 ) ;
#5949 = ADVANCED_FACE ( 'NONE', ( #3857 ), #5841, .T. ) ;
#5950 = DIRECTION ( 'NONE',  ( 0.000000000000000000, 0.000000000000000000, -1.000000000000000000 ) ) ;
#5951 = CARTESIAN_POINT ( 'NONE',  ( -17.96918455708715001, -2.145599264782074744, -5.000000000000000000 ) ) ;
#5952 = FACE_OUTER_BOUND ( 'NONE', #1891, .T. ) ;
#5953 = ORIENTED_EDGE ( 'NONE', *, *, #3717, .F. ) ;
#5954 = CARTESIAN_POINT ( 'NONE',  ( 6.117477020638539264E-14, 3.628951489128784993E-14, -5.000000000000000000 ) ) ;
#5955 = EDGE_CURVE ( 'NONE', #3238, #2902, #239, .T. ) ;
#5956 = LINE ( 'NONE', #1725, #5788 ) ;
#5957 = ORIENTED_EDGE ( 'NONE', *, *, #909, .T. ) ;
#5958 = DIRECTION ( 'NONE',  ( 0.000000000000000000, 0.000000000000000000, -1.000000000000000000 ) ) ;
#5959 = ADVANCED_FACE ( 'NONE', ( #4451 ), #5367, .T. ) ;
#5960 = CARTESIAN_POINT ( 'NONE',  ( 17.96918455708715001, 2.145599264782074744, -5.000000000000000000 ) ) ;
#5961 = APPLICATION_PROTOCOL_DEFINITION ( 'draft international standard', 'automotive_design', 1998, #4449 ) ;
#5962 = CARTESIAN_POINT ( 'NONE',  ( 9.093435290907079249, -15.81469496456674939, -5.000000000000000000 ) ) ;
#5963 = ORIENTED_EDGE ( 'NONE', *, *, #2399, .T. ) ;
#5964 = CARTESIAN_POINT ( 'NONE',  ( -14.12501011712842036, 8.583684430773379503, -5.000000000000000000 ) ) ;
#5965 = AXIS2_PLACEMENT_3D ( 'NONE', #5134, #737, #706 ) ;
#5966 = ORIENTED_EDGE ( 'NONE', *, *, #4852, .F. ) ;
#5967 = CARTESIAN_POINT ( 'NONE',  ( 8.000000000000000000, 8.000000000000000000, 1.500000000000000000 ) ) ;
#5968 = DIRECTION ( 'NONE',  ( 0.000000000000000000, 0.000000000000000000, -1.000000000000000000 ) ) ;
#5969 = ORIENTED_EDGE ( 'NONE', *, *, #1023, .F. ) ;
#5970 = CARTESIAN_POINT ( 'NONE',  ( -16.52445980553209992, -0.3711837165545234796, -5.000000000000000000 ) ) ;
#5971 = ORIENTED_EDGE ( 'NONE', *, *, #2594, .T. ) ;
#5972 = AXIS2_PLACEMENT_3D ( 'NONE', #5960, #4537, #3582 ) ;
#5973 = AXIS2_PLACEMENT_3D ( 'NONE', #5808, #2042, #5363 ) ;
#5974 = ORIENTED_EDGE ( 'NONE', *, *, #5738, .F. ) ;
#5975 = AXIS2_PLACEMENT_3D ( 'NONE', #5495, #3543, #5427 ) ;
#5976 = CARTESIAN_POINT ( 'NONE',  ( 8.583684430773400820, -14.12501011712842036, 5.002000000000000668 ) ) ;
#5977 = VECTOR ( 'NONE', #2224, 1000.000000000000000 ) ;
#5978 = DIRECTION ( 'NONE',  ( 0.7071067811865475727, -0.7071067811865475727, 0.000000000000000000 ) ) ;
#5979 = FACE_OUTER_BOUND ( 'NONE', #2094, .T. ) ;
#5980 = ORIENTED_EDGE ( 'NONE', *, *, #3903, .T. ) ;
#5981 = CIRCLE ( 'NONE', #372, 0.4299999999999998268 ) ;
#5982 = AXIS2_PLACEMENT_3D ( 'NONE', #149, #3987, #5909 ) ;
#5983 = DIRECTION ( 'NONE',  ( 0.000000000000000000, 0.000000000000000000, -1.000000000000000000 ) ) ;
#5984 = DIRECTION ( 'NONE',  ( 0.8660254037844388186, 0.4999999999999995559, 0.000000000000000000 ) ) ;
#5985 = FACE_OUTER_BOUND ( 'NONE', #5061, .T. ) ;
#5986 = AXIS2_PLACEMENT_3D ( 'NONE', #6023, #1827, #1733 ) ;
#5987 = ORIENTED_EDGE ( 'NONE', *, *, #949, .F. ) ;
#5988 = CIRCLE ( 'NONE', #964, 2.149999999999999023 ) ;
#5989 = DIRECTION ( 'NONE',  ( 0.000000000000000000, 0.000000000000000000, -1.000000000000000000 ) ) ;
#5990 = EDGE_CURVE ( 'NONE', #4647, #287, #580, .T. ) ;
#5991 = CIRCLE ( 'NONE', #1853, 0.4299999999999998268 ) ;
#5992 = EDGE_CURVE ( 'NONE', #4251, #146, #423, .T. ) ;
#5993 = DIRECTION ( 'NONE',  ( 1.000000000000000000, 0.000000000000000000, 0.000000000000000000 ) ) ;
#5994 = CARTESIAN_POINT ( 'NONE',  ( -6.117477020638539264E-14, -3.628951489128790042E-14, 5.000000000000000000 ) ) ;
#5995 = CYLINDRICAL_SURFACE ( 'NONE', #1557, 16.52862817102734994 ) ;
#5996 = ORIENTED_EDGE ( 'NONE', *, *, #1710, .T. ) ;
#5997 = ADVANCED_FACE ( 'NONE', ( #3887 ), #1095, .F. ) ;
#5998 = FACE_OUTER_BOUND ( 'NONE', #2737, .T. ) ;
#5999 = CIRCLE ( 'NONE', #4121, 0.4299999999999997713 ) ;
#6000 = ADVANCED_FACE ( 'NONE', ( #2606 ), #5938, .F. ) ;
#6001 = VERTEX_POINT ( 'NONE', #5532 ) ;
#6002 = CYLINDRICAL_SURFACE ( 'NONE', #2596, 18.52682817102720136 ) ;
#6003 = DIRECTION ( 'NONE',  ( 0.000000000000000000, 0.000000000000000000, 1.000000000000000000 ) ) ;
#6004 = ORIENTED_EDGE ( 'NONE', *, *, #456, .T. ) ;
#6005 = CYLINDRICAL_SURFACE ( 'NONE', #3242, 0.4299999999999993272 ) ;
#6006 = ORIENTED_EDGE ( 'NONE', *, *, #1054, .T. ) ;
#6007 = AXIS2_PLACEMENT_3D ( 'NONE', #7, #891, #1926 ) ;
#6008 = ORIENTED_EDGE ( 'NONE', *, *, #5457, .F. ) ;
#6009 = EDGE_CURVE ( 'NONE', #2902, #53, #3181, .T. ) ;
#6010 = CARTESIAN_POINT ( 'NONE',  ( 3.004255121577009913, 17.85354414464755024, 5.002000000000000668 ) ) ;
#6011 = DIRECTION ( 'NONE',  ( -0.9659258262890689783, 0.2588190451025180194, 0.000000000000000000 ) ) ;
#6012 = DIRECTION ( 'NONE',  ( 1.000000000000000000, 0.000000000000000000, 0.000000000000000000 ) ) ;
#6013 = VERTEX_POINT ( 'NONE', #5468 ) ;
#6014 = CYLINDRICAL_SURFACE ( 'NONE', #2481, 1.764902496759995998 ) ;
#6015 = CYLINDRICAL_SURFACE ( 'NONE', #5270, 16.52862817102734994 ) ;
#6016 = FACE_OUTER_BOUND ( 'NONE', #3507, .T. ) ;
#6017 = ORIENTED_EDGE ( 'NONE', *, *, #5689, .T. ) ;
#6018 = DIRECTION ( 'NONE',  ( 0.000000000000000000, 0.000000000000000000, 1.000000000000000000 ) ) ;
#6019 = ORIENTED_EDGE ( 'NONE', *, *, #451, .T. ) ;
#6020 = CARTESIAN_POINT ( 'NONE',  ( 16.10000000000000142, 9.858406733136196387E-16, 1.500000000000000000 ) ) ;
#6021 = EDGE_CURVE ( 'NONE', #4748, #5269, #2101, .T. ) ;
#6022 = AXIS2_PLACEMENT_3D ( 'NONE', #108, #5297, #1604 ) ;
#6023 = CARTESIAN_POINT ( 'NONE',  ( -16.63456994411955137, 7.126448808901069576, -5.000000000000000000 ) ) ;
#6024 = ORIENTED_EDGE ( 'NONE', *, *, #2644, .T. ) ;
#6025 = DIRECTION ( 'NONE',  ( 0.8660254037844387076, -0.4999999999999999445, 0.000000000000000000 ) ) ;
#6026 = AXIS2_PLACEMENT_3D ( 'NONE', #3051, #1207, #4533 ) ;
#6027 = DIRECTION ( 'NONE',  ( 0.000000000000000000, 0.000000000000000000, 1.000000000000000000 ) ) ;
#6028 = CARTESIAN_POINT ( 'NONE',  ( -5.850000000000000533, 8.000000000000000000, 1.500000000000000000 ) ) ;
#6029 = EDGE_CURVE ( 'NONE', #2441, #4982, #3565, .T. ) ;
#6030 = DIRECTION ( 'NONE',  ( -0.000000000000000000, -0.000000000000000000, -1.000000000000000000 ) ) ;
#6031 = VERTEX_POINT ( 'NONE', #2103 ) ;
#6032 = CIRCLE ( 'NONE', #1298, 0.4299999999999993272 ) ;
#6033 = VECTOR ( 'NONE', #2104, 1000.000000000000000 ) ;
#6034 = LINE ( 'NONE', #3770, #4621 ) ;
#6035 = ORIENTED_EDGE ( 'NONE', *, *, #4737, .T. ) ;
#6036 = EDGE_LOOP ( 'NONE', ( #1950, #1491, #4192, #3626 ) ) ;
#6037 = CIRCLE ( 'NONE', #5238, 1.764902496759995110 ) ;
#6038 = CYLINDRICAL_SURFACE ( 'NONE', #2339, 1.764902496759995554 ) ;
#6039 = ORIENTED_EDGE ( 'NONE', *, *, #5700, .T. ) ;
#6040 = CARTESIAN_POINT ( 'NONE',  ( 18.02275782191794917, 1.718949636520939794, -5.000000000000000000 ) ) ;
#6041 = DIRECTION ( 'NONE',  ( -0.000000000000000000, -0.000000000000000000, 1.000000000000000000 ) ) ;
#6042 = AXIS2_PLACEMENT_3D ( 'NONE', #2415, #3276, #6054 ) ;
#6043 = ORIENTED_EDGE ( 'NONE', *, *, #6021, .T. ) ;
#6044 = AXIS2_PLACEMENT_3D ( 'NONE', #5994, #1216, #293 ) ;
#6045 = CYLINDRICAL_SURFACE ( 'NONE', #4417, 1.764902496759995110 ) ;
#6046 = ORIENTED_EDGE ( 'NONE', *, *, #3956, .F. ) ;
#6047 = FACE_OUTER_BOUND ( 'NONE', #5858, .T. ) ;
#6048 = EDGE_LOOP ( 'NONE', ( #2303, #4809, #70, #3091 ) ) ;
#6049 = DIRECTION ( 'NONE',  ( -0.4999999999999995559, -0.8660254037844388186, 0.000000000000000000 ) ) ;
#6050 = DIRECTION ( 'NONE',  ( 0.7071067811865472397, 0.7071067811865480168, 0.000000000000000000 ) ) ;
#6051 = VERTEX_POINT ( 'NONE', #4044 ) ;
#6052 = CARTESIAN_POINT ( 'NONE',  ( 8.000000000000000000, -8.000000000000000000, 6.500000000000000000 ) ) ;
#6053 = EDGE_CURVE ( 'NONE', #6051, #1303, #3369, .T. ) ;
#6054 = DIRECTION ( 'NONE',  ( 0.8660254037844390407, -0.4999999999999993894, 0.000000000000000000 ) ) ;
#6055 = CARTESIAN_POINT ( 'NONE',  ( -9.757819552369539906E-16, 2.376571162088225214E-13, 5.000000000000000000 ) ) ;
#6056 = ORIENTED_EDGE ( 'NONE', *, *, #6079, .F. ) ;
#6057 = AXIS2_PLACEMENT_3D ( 'NONE', #2825, #5553, #3745 ) ;
#6058 = CARTESIAN_POINT ( 'NONE',  ( -10.84273574818606001, -14.48897067933745930, 5.000000000000000000 ) ) ;
#6059 = ORIENTED_EDGE ( 'NONE', *, *, #2025, .T. ) ;
#6060 = ADVANCED_FACE ( 'NONE', ( #3643 ), #231, .F. ) ;
#6061 = EDGE_CURVE ( 'NONE', #2791, #629, #2603, .T. ) ;
#6062 = CARTESIAN_POINT ( 'NONE',  ( 5.850000000000000533, 8.000000000000000000, 4.169999999999999929 ) ) ;
#6063 = DIRECTION ( 'NONE',  ( 0.000000000000000000, -1.000000000000000000, 0.000000000000000000 ) ) ;
#6064 = ORIENTED_EDGE ( 'NONE', *, *, #5154, .T. ) ;
#6065 = CYLINDRICAL_SURFACE ( 'NONE', #3336, 16.52862817102734638 ) ;
#6066 = FACE_OUTER_BOUND ( 'NONE', #2880, .T. ) ;
#6067 = VECTOR ( 'NONE', #5989, 1000.000000000000000 ) ;
#6068 = ORIENTED_EDGE ( 'NONE', *, *, #1530, .T. ) ;
#6069 = EDGE_CURVE ( 'NONE', #5696, #998, #6032, .T. ) ;
#6070 = AXIS2_PLACEMENT_3D ( 'NONE', #2313, #4225, #4776 ) ;
#6071 = CIRCLE ( 'NONE', #3118, 7.100000000000000533 ) ;
#6072 = CARTESIAN_POINT ( 'NONE',  ( 1.759653278486404839E-14, 6.891765691606369485E-14, 5.000000000000000000 ) ) ;
#6073 = CARTESIAN_POINT ( 'NONE',  ( 20.45497617776954868, 3.670069321152856533E-15, 6.500000000000000000 ) ) ;
#6074 = ORIENTED_EDGE ( 'NONE', *, *, #949, .T. ) ;
#6075 = DIRECTION ( 'NONE',  ( 0.000000000000000000, 0.000000000000000000, 1.000000000000000000 ) ) ;
#6076 = VECTOR ( 'NONE', #836, 1000.000000000000000 ) ;
#6077 = AXIS2_PLACEMENT_3D ( 'NONE', #2291, #1742, #826 ) ;
#6078 = ORIENTED_EDGE ( 'NONE', *, *, #5305, .T. ) ;
#6079 = EDGE_CURVE ( 'NONE', #3334, #4503, #4105, .T. ) ;
#6080 = CIRCLE ( 'NONE', #3907, 2.149999999999999911 ) ;
#6081 = CARTESIAN_POINT ( 'NONE',  ( 3.004255121577014798, -17.85354414464755024, -5.000000000000000000 ) ) ;
#6082 = VECTOR ( 'NONE', #1798, 1000.000000000000000 ) ;
#6083 = LINE ( 'NONE', #3760, #1069 ) ;
#6084 = ORIENTED_EDGE ( 'NONE', *, *, #2406, .T. ) ;
#6085 = DIRECTION ( 'NONE',  ( -0.9659258262890689783, -0.2588190451025180194, 0.000000000000000000 ) ) ;
ENDSEC;
END-ISO-10303-21;
