ISO-10303-21;
HEADER;
FILE_DESCRIPTION (( 'STEP AP214' ),
    '1' );
FILE_NAME ('turret actuator pully.STEP',
    '2025-11-13T21:07:18',
    ( '' ),
    ( '' ),
    'SwSTEP 2.0',
    'SolidWorks 2025',
    '' );
FILE_SCHEMA (( 'AUTOMOTIVE_DESIGN' ));
ENDSEC;

DATA;
#1 = EDGE_CURVE ( 'NONE', #3255, #5599, #6356, .T. ) ;
#2 = CIRCLE ( 'NONE', #1690, 0.4300000000000007150 ) ;
#3 = CIRCLE ( 'NONE', #5181, 1.779502281109936135 ) ;
#4 = CARTESIAN_POINT ( 'NONE',  ( -8.246681461799250101, -3.526741515451766062, 5.000014198792276154 ) ) ;
#5 = FACE_OUTER_BOUND ( 'NONE', #6454, .T. ) ;
#6 = DIRECTION ( 'NONE',  ( 0.000000000000000000, 0.000000000000000000, -1.000000000000000000 ) ) ;
#7 = VERTEX_POINT ( 'NONE', #6767 ) ;
#8 = DIRECTION ( 'NONE',  ( -0.6548607339452852116, 0.7557495743542581579, 0.000000000000000000 ) ) ;
#9 = CARTESIAN_POINT ( 'NONE',  ( 3.729923202616746369, 5.797755159377621759, 5.532328607654195984 ) ) ;
#10 = VECTOR ( 'NONE', #6813, 1000.000000000000000 ) ;
#11 = AXIS2_PLACEMENT_3D ( 'NONE', #6801, #6837, #1643 ) ;
#12 = ORIENTED_EDGE ( 'NONE', *, *, #3327, .F. ) ;
#13 = CIRCLE ( 'NONE', #1450, 9.833708498984762514 ) ;
#14 = EDGE_CURVE ( 'NONE', #2149, #2441, #7369, .T. ) ;
#15 = AXIS2_PLACEMENT_3D ( 'NONE', #461, #990, #5105 ) ;
#16 = ORIENTED_EDGE ( 'NONE', *, *, #3917, .T. ) ;
#17 = DIRECTION ( 'NONE',  ( 0.000000000000000000, 0.000000000000000000, 1.000000000000000000 ) ) ;
#18 = CONICAL_SURFACE ( 'NONE', #4792, 2.149999999999999023, 0.7853981633974490562 ) ;
#19 = CARTESIAN_POINT ( 'NONE',  ( -9.939567796041161414E-16, -1.084202172485504040E-15, 8.000000000000000000 ) ) ;
#20 = DIRECTION ( 'NONE',  ( 0.000000000000000000, 0.000000000000000000, -1.000000000000000000 ) ) ;
#21 = CIRCLE ( 'NONE', #980, 14.93707874011463410 ) ;
#22 = CARTESIAN_POINT ( 'NONE',  ( 6.341710652641936896, -2.546031784417542632, 8.000000000000000000 ) ) ;
#23 = CARTESIAN_POINT ( 'NONE',  ( 4.650532009343709916, -16.00083217872045083, 3.501999999999999780 ) ) ;
#24 = CARTESIAN_POINT ( 'NONE',  ( -11.28722625627398024, 12.05302310628198015, 3.501999999999999780 ) ) ;
#25 = EDGE_LOOP ( 'NONE', ( #906, #2339, #4239, #2175 ) ) ;
#26 = CARTESIAN_POINT ( 'NONE',  ( -10.14999999999999858, -8.000000000000000000, 2.669999999999999929 ) ) ;
#27 = CIRCLE ( 'NONE', #3996, 1.779502281109958783 ) ;
#29 = VERTEX_POINT ( 'NONE', #550 ) ;
#28 = DIRECTION ( 'NONE',  ( -0.9594929736144973687, -0.2817325568414295600, 0.000000000000000000 ) ) ;
#30 = AXIS2_PLACEMENT_3D ( 'NONE', #68, #146, #2413 ) ;
#31 = DIRECTION ( 'NONE',  ( -0.1423148382732851713, 0.9898214418809326842, 0.000000000000000000 ) ) ;
#32 = EDGE_CURVE ( 'NONE', #6004, #2649, #2075, .T. ) ;
#33 = ORIENTED_EDGE ( 'NONE', *, *, #4340, .T. ) ;
#34 = CARTESIAN_POINT ( 'NONE',  ( -3.530920298639881771, 7.683786604027207368, 5.000235046803980232 ) ) ;
#35 = CYLINDRICAL_SURFACE ( 'NONE', #2209, 0.4299999999999998268 ) ;
#36 = CARTESIAN_POINT ( 'NONE',  ( -4.832161620284268544, 4.832161620284266768, 5.000000000000000000 ) ) ;
#37 = CARTESIAN_POINT ( 'NONE',  ( 5.907938527158254516, 3.434525612786150095, 7.663014053333691677 ) ) ;
#38 = ORIENTED_EDGE ( 'NONE', *, *, #1718, .F. ) ;
#39 = CARTESIAN_POINT ( 'NONE',  ( 8.001176383168106199, 3.519377603296055312, 5.000031197577444964 ) ) ;
#40 = VERTEX_POINT ( 'NONE', #2865 ) ;
#41 = AXIS2_PLACEMENT_3D ( 'NONE', #7346, #5563, #988 ) ;
#42 = CARTESIAN_POINT ( 'NONE',  ( -8.660743767125380188, -3.568832444916394842, 5.000158312651489467 ) ) ;
#43 = CARTESIAN_POINT ( 'NONE',  ( 5.940952272452321381, -3.523220616535224892, 5.577365042559616626 ) ) ;
#44 = DIRECTION ( 'NONE',  ( -0.000000000000000000, -0.000000000000000000, -1.000000000000000000 ) ) ;
#45 = CARTESIAN_POINT ( 'NONE',  ( 6.151930151480917708, -2.975588692847367156, 7.925570917604663812 ) ) ;
#46 = ORIENTED_EDGE ( 'NONE', *, *, #302, .T. ) ;
#47 = DIRECTION ( 'NONE',  ( 0.000000000000000000, 0.000000000000000000, 1.000000000000000000 ) ) ;
#48 = ORIENTED_EDGE ( 'NONE', *, *, #3756, .T. ) ;
#49 = CARTESIAN_POINT ( 'NONE',  ( -3.565639933871699974, 8.638638852263003542, 5.000092719867814672 ) ) ;
#50 = EDGE_CURVE ( 'NONE', #1372, #29, #3658, .T. ) ;
#51 = CARTESIAN_POINT ( 'NONE',  ( -13.77196618806395811, -9.097096987693380044, -6.500000000000000888 ) ) ;
#52 = ORIENTED_EDGE ( 'NONE', *, *, #5721, .F. ) ;
#53 = CARTESIAN_POINT ( 'NONE',  ( 7.228072953726420558, -15.31530696332200137, 3.500000000000000000 ) ) ;
#54 = EDGE_CURVE ( 'NONE', #6236, #5457, #1731, .T. ) ;
#55 = CARTESIAN_POINT ( 'NONE',  ( -3.574326996626133290, -8.697922996128166773, 5.000334483258156659 ) ) ;
#56 = EDGE_CURVE ( 'NONE', #2045, #4832, #2332, .T. ) ;
#57 = CARTESIAN_POINT ( 'NONE',  ( 5.390364098764777623, -4.200427041584155141, 6.645089113004910786 ) ) ;
#58 = EDGE_CURVE ( 'NONE', #1637, #2234, #2482, .T. ) ;
#59 = CARTESIAN_POINT ( 'NONE',  ( -13.53668048929982071, -9.457014533746740170, 3.500000000000000000 ) ) ;
#60 = DIRECTION ( 'NONE',  ( 0.000000000000000000, 0.000000000000000000, 1.000000000000000000 ) ) ;
#61 = ORIENTED_EDGE ( 'NONE', *, *, #56, .F. ) ;
#62 = CARTESIAN_POINT ( 'NONE',  ( 8.860594278223892672, -3.594911699844207664, 5.000000000000167866 ) ) ;
#64 = CARTESIAN_POINT ( 'NONE',  ( 8.256637092066702266, -3.527181372463437103, 5.000000112780791817 ) ) ;
#63 = CARTESIAN_POINT ( 'NONE',  ( 4.150257504241807283, -5.432656143356228817, 6.764447786410172192 ) ) ;
#65 = LINE ( 'NONE', #2949, #5885 ) ;
#66 = EDGE_CURVE ( 'NONE', #3831, #2649, #2510, .T. ) ;
#67 = CARTESIAN_POINT ( 'NONE',  ( -3.582023732137392447, 7.255700156326962080, 5.000160887825681577 ) ) ;
#68 = CARTESIAN_POINT ( 'NONE',  ( 13.99609199792524095, -8.748350420181520093, 3.500000000000000000 ) ) ;
#69 = LINE ( 'NONE', #3436, #839 ) ;
#70 = DIRECTION ( 'NONE',  ( 0.000000000000000000, 0.000000000000000000, -1.000000000000000000 ) ) ;
#71 = CIRCLE ( 'NONE', #5127, 0.4299999999999981060 ) ;
#72 = ORIENTED_EDGE ( 'NONE', *, *, #4861, .F. ) ;
#73 = VERTEX_POINT ( 'NONE', #7236 ) ;
#74 = CARTESIAN_POINT ( 'NONE',  ( 8.156446670251437325, 3.522644369091443295, 5.000072016544124587 ) ) ;
#75 = AXIS2_PLACEMENT_3D ( 'NONE', #4151, #81, #2930 ) ;
#76 = CARTESIAN_POINT ( 'NONE',  ( -8.386770894026518874, -3.536394542394774909, 5.000043793360497979 ) ) ;
#77 = CARTESIAN_POINT ( 'NONE',  ( 4.832161620284266768, 4.832161620284267656, 5.000000000000000000 ) ) ;
#78 = DIRECTION ( 'NONE',  ( -1.000000000000000000, 0.000000000000000000, 0.000000000000000000 ) ) ;
#79 = CARTESIAN_POINT ( 'NONE',  ( -6.379070869390689680, 3.799492936809006238, 5.000000003298852747 ) ) ;
#80 = VERTEX_POINT ( 'NONE', #5024 ) ;
#81 = DIRECTION ( 'NONE',  ( 0.000000000000000000, 0.000000000000000000, 1.000000000000000000 ) ) ;
#82 = CARTESIAN_POINT ( 'NONE',  ( -3.569653039662505023, 8.666395148741568022, 5.000184771455318256 ) ) ;
#83 = EDGE_CURVE ( 'NONE', #7162, #812, #5100, .T. ) ;
#84 = ORIENTED_EDGE ( 'NONE', *, *, #4943, .F. ) ;
#85 = CARTESIAN_POINT ( 'NONE',  ( -18.86342674685059961, 1.225901346162611976E-15, -6.500000000000000888 ) ) ;
#86 = VERTEX_POINT ( 'NONE', #3824 ) ;
#87 = CARTESIAN_POINT ( 'NONE',  ( -6.100955355755329101, 3.080516454023160211, 7.887515294681169742 ) ) ;
#88 = CARTESIAN_POINT ( 'NONE',  ( -3.529125738029428305, -8.285865136935703035, 5.000002434921704264 ) ) ;
#89 = CARTESIAN_POINT ( 'NONE',  ( -12.56297947147814043, 10.94648917145244127, 3.501999999999999780 ) ) ;
#90 = ORIENTED_EDGE ( 'NONE', *, *, #1554, .T. ) ;
#91 = ADVANCED_FACE ( 'NONE', ( #4458 ), #2211, .T. ) ;
#92 = AXIS2_PLACEMENT_3D ( 'NONE', #2454, #1337, #6504 ) ;
#93 = EDGE_CURVE ( 'NONE', #2561, #320, #5200, .T. ) ;
#94 = DIRECTION ( 'NONE',  ( 0.000000000000000000, 0.000000000000000000, -1.000000000000000000 ) ) ;
#95 = DIRECTION ( 'NONE',  ( -0.9594929736144977017, 0.2817325568414285608, 0.000000000000000000 ) ) ;
#96 = ORIENTED_EDGE ( 'NONE', *, *, #6309, .F. ) ;
#97 = CARTESIAN_POINT ( 'NONE',  ( 6.341710652641939561, -2.546031784417535970, 4.999999999999999112 ) ) ;
#99 = CARTESIAN_POINT ( 'NONE',  ( 7.692339617296045873, -3.530353538963971083, 5.000219257517572125 ) ) ;
#98 = CARTESIAN_POINT ( 'NONE',  ( 2.657287812576885067, -6.297044252767050487, 7.999999998527716372 ) ) ;
#100 = DIRECTION ( 'NONE',  ( -1.000000000000000000, 0.000000000000000000, 0.000000000000000000 ) ) ;
#101 = CARTESIAN_POINT ( 'NONE',  ( 7.044546516529879732, -14.92643931636489896, -6.500000000000000888 ) ) ;
#102 = CARTESIAN_POINT ( 'NONE',  ( 1.734585306228884983E-12, 5.898988698056300596E-12, -6.500000000000000888 ) ) ;
#103 = CARTESIAN_POINT ( 'NONE',  ( -15.77705318448115257, 4.848589393084419719, 3.500000000000000000 ) ) ;
#104 = ADVANCED_FACE ( 'NONE', ( #4567 ), #5176, .F. ) ;
#105 = VERTEX_POINT ( 'NONE', #5739 ) ;
#106 = ORIENTED_EDGE ( 'NONE', *, *, #696, .F. ) ;
#107 = CARTESIAN_POINT ( 'NONE',  ( -8.000000000000000000, -8.000000000000000000, 5.000000000000000000 ) ) ;
#108 = ORIENTED_EDGE ( 'NONE', *, *, #4881, .F. ) ;
#109 = PLANE ( 'NONE',  #7433 ) ;
#110 = AXIS2_PLACEMENT_3D ( 'NONE', #6704, #3854, #6144 ) ;
#111 = VERTEX_POINT ( 'NONE', #4035 ) ;
#112 = CARTESIAN_POINT ( 'NONE',  ( -8.511619334882471577, -3.549277120253732321, 5.000028602927724108 ) ) ;
#113 = CARTESIAN_POINT ( 'NONE',  ( 5.797755159384506030, -3.729923202607049681, 5.532328607657027497 ) ) ;
#114 = AXIS2_PLACEMENT_3D ( 'NONE', #4587, #5792, #3511 ) ;
#115 = CARTESIAN_POINT ( 'NONE',  ( 3.663740471346069505, 9.125723456341750861, 5.000000000000000000 ) ) ;
#116 = AXIS2_PLACEMENT_3D ( 'NONE', #5380, #182, #4855 ) ;
#118 = CARTESIAN_POINT ( 'NONE',  ( 3.519885778346033334, -7.999999861821885716, 5.000020541477264935 ) ) ;
#117 = CARTESIAN_POINT ( 'NONE',  ( 3.557175135390436171, 7.419821392015074402, 5.000432460864831619 ) ) ;
#119 = ORIENTED_EDGE ( 'NONE', *, *, #5025, .F. ) ;
#120 = CARTESIAN_POINT ( 'NONE',  ( -15.77705318448115257, -4.848589393084430377, 3.500000000000000000 ) ) ;
#121 = ORIENTED_EDGE ( 'NONE', *, *, #6213, .T. ) ;
#122 = CARTESIAN_POINT ( 'NONE',  ( -7.044546516529879732, -14.92643931636489896, -6.500000000000000888 ) ) ;
#123 = AXIS2_PLACEMENT_3D ( 'NONE', #5786, #2292, #622 ) ;
#124 = VERTEX_POINT ( 'NONE', #1245 ) ;
#125 = EDGE_CURVE ( 'NONE', #7133, #4014, #5224, .T. ) ;
#126 = EDGE_CURVE ( 'NONE', #2031, #1635, #2946, .T. ) ;
#127 = DIRECTION ( 'NONE',  ( 0.000000000000000000, 0.000000000000000000, 1.000000000000000000 ) ) ;
#128 = CIRCLE ( 'NONE', #4948, 0.4300000000000004374 ) ;
#129 = ORIENTED_EDGE ( 'NONE', *, *, #6177, .F. ) ;
#130 = FACE_BOUND ( 'NONE', #848, .T. ) ;
#131 = FACE_OUTER_BOUND ( 'NONE', #5028, .T. ) ;
#132 = EDGE_CURVE ( 'NONE', #4921, #5647, #399, .T. ) ;
#133 = CARTESIAN_POINT ( 'NONE',  ( 5.350507717123595519, -4.251214977122161010, 6.542586098285136487 ) ) ;
#134 = ORIENTED_EDGE ( 'NONE', *, *, #6960, .T. ) ;
#135 = AXIS2_PLACEMENT_3D ( 'NONE', #184, #1268, #4248 ) ;
#136 = AXIS2_PLACEMENT_3D ( 'NONE', #6727, #3282, #404 ) ;
#137 = DIRECTION ( 'NONE',  ( -0.8412535328311795402, 0.5406408174555999979, 0.000000000000000000 ) ) ;
#138 = DIRECTION ( 'NONE',  ( 0.000000000000000000, 0.000000000000000000, 1.000000000000000000 ) ) ;
#139 = EDGE_LOOP ( 'NONE', ( #511, #417, #1503, #1724 ) ) ;
#140 = CARTESIAN_POINT ( 'NONE',  ( 8.121202809527503064, -3.518209004792490102, 4.999999999999879208 ) ) ;
#141 = CIRCLE ( 'NONE', #123, 1.779502281109950124 ) ;
#142 = CARTESIAN_POINT ( 'NONE',  ( -12.62296808693507977, 10.87725861868353938, -6.500000000000000888 ) ) ;
#143 = FACE_OUTER_BOUND ( 'NONE', #2343, .T. ) ;
#144 = AXIS2_PLACEMENT_3D ( 'NONE', #209, #2520, #1444 ) ;
#145 = CARTESIAN_POINT ( 'NONE',  ( 4.121583693391974279, 5.451023931686868274, 6.795954457289510309 ) ) ;
#146 = DIRECTION ( 'NONE',  ( 0.000000000000000000, 0.000000000000000000, 1.000000000000000000 ) ) ;
#147 = CARTESIAN_POINT ( 'NONE',  ( 14.36072198411765832, -8.976264818957270464, 3.500000000000000000 ) ) ;
#148 = CIRCLE ( 'NONE', #6642, 16.93527874010839795 ) ;
#149 = ORIENTED_EDGE ( 'NONE', *, *, #1437, .F. ) ;
#150 = CARTESIAN_POINT ( 'NONE',  ( 18.86342674685059961, -1.084202172485504040E-15, -6.500000000000000888 ) ) ;
#151 = ORIENTED_EDGE ( 'NONE', *, *, #2821, .F. ) ;
#152 = ORIENTED_EDGE ( 'NONE', *, *, #7134, .T. ) ;
#153 = EDGE_CURVE ( 'NONE', #6386, #4000, #6261, .T. ) ;
#154 = CARTESIAN_POINT ( 'NONE',  ( -9.939567796041161414E-16, -1.084202172485504040E-15, 8.500000000000000000 ) ) ;
#155 = ORIENTED_EDGE ( 'NONE', *, *, #1091, .F. ) ;
#156 = EDGE_CURVE ( 'NONE', #6386, #4103, #3773, .T. ) ;
#157 = CARTESIAN_POINT ( 'NONE',  ( -6.341710652641877388, -2.546031784417693622, 8.000000000000000000 ) ) ;
#158 = CARTESIAN_POINT ( 'NONE',  ( -13.42962847247680003, -6.539220166001550538, 3.500000000000000000 ) ) ;
#159 = CARTESIAN_POINT ( 'NONE',  ( -11.04332294047803842, -10.05789936917805960, 3.501999999999999780 ) ) ;
#161 = CARTESIAN_POINT ( 'NONE',  ( 3.521787613679039808, -8.131335010779242367, 5.000087831358376533 ) ) ;
#160 = CARTESIAN_POINT ( 'NONE',  ( -9.125723456341756190, 3.663740471346071281, 5.000000000000000000 ) ) ;
#162 = VERTEX_POINT ( 'NONE', #1751 ) ;
#163 = CLOSED_SHELL ( 'NONE', ( #1088, #4615, #6739, #5411, #1947, #3162, #4791, #1836, #2445, #4747, #3528, #1510, #6302, #5090, #1951, #6810, #192, #5322, #1405, #1782, #3636, #4754, #4790, #802, #3311, #4523, #2687, #5311, #4156, #5772, #5337, #2514, #3699, #3686, #2566, #3034, #1250, #2905, #1313, #2308, #4087, #6466, #6869, #5573, #5431, #5389, #104, #7009, #2055, #6822, #6793, #1555, #6179, #4535, #6270, #4702, #3480, #5814, #1282, #4236, #4388, #7415, #5174, #3995, #2462, #1174, #2375, #7302, #1498, #2237, #1010, #1754, #4982, #3375, #1236, #1021, #223, #3676, #7322, #6827, #6221, #5564, #4235, #2105, #1885, #7067, #4711, #520, #5144, #6205, #3136, #2830, #2198, #3688, #2358, #763, #6038, #6523, #7370, #4841, #7269, #898, #2913, #3376, #6646, #3468, #6427, #2426, #6420, #1810, #724, #2096, #1869, #3648, #564, #1621, #1999, #1247, #5991, #1646, #5934, #6973, #999, #2934, #3294, #4730, #1822, #3878, #7100, #4544, #1567, #889, #3358, #4067, #1179, #3993, #3664, #1023, #7367, #2039, #1207, #6505, #4589, #1712, #4639, #792, #2370, #1378, #1663, #5221, #6607, #2449, #1692, #1864, #3758, #1151, #4117, #91, #5274, #6215, #409, #4303, #5339, #4551, #5006, #1392, #1746, #4699, #602, #5246, #5677, #1380, #3126, #4387, #1974, #5642, #4680, #3387, #3540, #3057, #1821, #1992, #3112, #3554, #1797 ) ) ;
#164 = CARTESIAN_POINT ( 'NONE',  ( 2.143592709476539682, 16.36548919478289932, 3.500000000000000000 ) ) ;
#165 = CIRCLE ( 'NONE', #5927, 9.833708498984762514 ) ;
#166 = DIRECTION ( 'NONE',  ( 0.000000000000000000, 0.000000000000000000, -1.000000000000000000 ) ) ;
#167 = DIRECTION ( 'NONE',  ( 0.000000000000000000, 0.000000000000000000, -1.000000000000000000 ) ) ;
#168 = ORIENTED_EDGE ( 'NONE', *, *, #6010, .T. ) ;
#169 = CARTESIAN_POINT ( 'NONE',  ( -6.130629408602496611, 3.167537550768841914, 5.723627935647126463 ) ) ;
#170 = CARTESIAN_POINT ( 'NONE',  ( 2.553928971772974954, 16.30649174702565318, 3.501999999999999780 ) ) ;
#171 = CARTESIAN_POINT ( 'NONE',  ( -2.620464622285406442, -16.73131289434626723, -6.500000000000000888 ) ) ;
#172 = DIRECTION ( 'NONE',  ( -0.4154150130018873233, 0.9096319953545181081, 0.000000000000000000 ) ) ;
#173 = CARTESIAN_POINT ( 'NONE',  ( 11.25010580146153849, 12.65854594576690140, 3.500000000000000000 ) ) ;
#174 = ORIENTED_EDGE ( 'NONE', *, *, #4101, .F. ) ;
#175 = CARTESIAN_POINT ( 'NONE',  ( 9.125723456341752637, -3.663740471346070393, 5.000000000000000000 ) ) ;
#176 = DIRECTION ( 'NONE',  ( -1.000000000000000000, 0.000000000000000000, 0.000000000000000000 ) ) ;
#177 = CARTESIAN_POINT ( 'NONE',  ( -2.546031784417535526, -6.341710652641942225, 4.999999999999995559 ) ) ;
#178 = ORIENTED_EDGE ( 'NONE', *, *, #6357, .F. ) ;
#179 = EDGE_CURVE ( 'NONE', #1661, #5334, #5816, .T. ) ;
#180 = EDGE_CURVE ( 'NONE', #1022, #4632, #7243, .T. ) ;
#181 = B_SPLINE_CURVE_WITH_KNOTS ( 'NONE', 3,
 ( #4592, #1188, #4021, #6402 ),
 .UNSPECIFIED., .F., .F.,
 ( 4, 4 ),
 ( 0.002692163948757732989, 0.004285270114195846233 ),
 .UNSPECIFIED. ) ;
#182 = DIRECTION ( 'NONE',  ( 0.000000000000000000, 0.000000000000000000, -1.000000000000000000 ) ) ;
#183 = DIRECTION ( 'NONE',  ( 0.000000000000000000, 0.000000000000000000, -1.000000000000000000 ) ) ;
#184 = CARTESIAN_POINT ( 'NONE',  ( -15.89384706209390252, 4.450825974518244799, 3.500000000000000000 ) ) ;
#185 = DIRECTION ( 'NONE',  ( 0.000000000000000000, 0.000000000000000000, -1.000000000000000000 ) ) ;
#186 = AXIS2_PLACEMENT_3D ( 'NONE', #3577, #6874, #4727 ) ;
#187 = ORIENTED_EDGE ( 'NONE', *, *, #6151, .T. ) ;
#188 = AXIS2_PLACEMENT_3D ( 'NONE', #89, #723, #5926 ) ;
#189 = DIRECTION ( 'NONE',  ( 0.000000000000000000, 0.000000000000000000, -1.000000000000000000 ) ) ;
#190 =( BOUNDED_CURVE ( )  B_SPLINE_CURVE ( 2, ( #5726, #521, #5695 ),
 .UNSPECIFIED., .F., .F. ) 
 B_SPLINE_CURVE_WITH_KNOTS ( ( 3, 3 ),
 ( 0.000000000000000000, 1.000000000000000000 ),
 .UNSPECIFIED. ) 
 CURVE ( )  GEOMETRIC_REPRESENTATION_ITEM ( )  RATIONAL_B_SPLINE_CURVE ( ( 1.000000000000000000, 0.9155493925626901897, 1.000000000000000000 ) ) 
 REPRESENTATION_ITEM ( '' )  );
#191 = CARTESIAN_POINT ( 'NONE',  ( -9.125723456341725992, -3.663740471346063288, 5.000000000000000000 ) ) ;
#192 = ADVANCED_FACE ( 'NONE', ( #5706 ), #3609, .F. ) ;
#193 = LINE ( 'NONE', #673, #6122 ) ;
#194 = FACE_OUTER_BOUND ( 'NONE', #7299, .T. ) ;
#196 = CARTESIAN_POINT ( 'NONE',  ( 8.000000000000000000, -8.000000000000000000, -49.92880413360069980 ) ) ;
#195 = CARTESIAN_POINT ( 'NONE',  ( -8.969470515704614400, 3.625817311204202475, 5.000325993144801195 ) ) ;
#197 = ORIENTED_EDGE ( 'NONE', *, *, #6721, .F. ) ;
#198 = LINE ( 'NONE', #2620, #5614 ) ;
#199 = CONICAL_SURFACE ( 'NONE', #1267, 17.43527874010850098, 0.9599310885968814766 ) ;
#200 = CARTESIAN_POINT ( 'NONE',  ( 6.841155559148059950, -15.49200621677865009, 3.500000000000000000 ) ) ;
#201 = AXIS2_PLACEMENT_3D ( 'NONE', #1130, #1243, #2433 ) ;
#202 = DIRECTION ( 'NONE',  ( -1.000000000000000000, 0.000000000000000000, 0.000000000000000000 ) ) ;
#203 = CARTESIAN_POINT ( 'NONE',  ( -13.77196618806395811, 9.097096987693380044, 3.500000000000000000 ) ) ;
#204 = EDGE_LOOP ( 'NONE', ( #1173, #2825, #4357 ) ) ;
#205 = EDGE_CURVE ( 'NONE', #29, #5585, #6049, .T. ) ;
#206 = CARTESIAN_POINT ( 'NONE',  ( -3.954025273183280564, -5.625412512685333155, 5.451545729061145984 ) ) ;
#207 = CARTESIAN_POINT ( 'NONE',  ( -6.292243220302034423, -2.699210240650965709, 5.595749671976491868 ) ) ;
#208 = CARTESIAN_POINT ( 'NONE',  ( 6.037782558981301229, -3.200864361046221074, 7.822668883037507292 ) ) ;
#209 = CARTESIAN_POINT ( 'NONE',  ( -8.000000000000000000, 8.000000000000000000, 2.669999999999999929 ) ) ;
#210 = LINE ( 'NONE', #4238, #4332 ) ;
#211 = ORIENTED_EDGE ( 'NONE', *, *, #3834, .T. ) ;
#212 = DIRECTION ( 'NONE',  ( 0.000000000000000000, 0.000000000000000000, 1.000000000000000000 ) ) ;
#213 = CARTESIAN_POINT ( 'NONE',  ( -4.032079605937298972, 5.517423417858744905, 6.950380221355795030 ) ) ;
#214 = DIRECTION ( 'NONE',  ( 0.000000000000000000, 0.000000000000000000, -1.000000000000000000 ) ) ;
#215 = VERTEX_POINT ( 'NONE', #3674 ) ;
#216 = EDGE_CURVE ( 'NONE', #6890, #2932, #4863, .T. ) ;
#217 = LINE ( 'NONE', #808, #1432 ) ;
#218 = DIRECTION ( 'NONE',  ( 1.000000000000000000, 0.000000000000000000, 0.000000000000000000 ) ) ;
#219 = DIRECTION ( 'NONE',  ( -1.000000000000000000, 0.000000000000000000, 0.000000000000000000 ) ) ;
#220 = CARTESIAN_POINT ( 'NONE',  ( 3.548928424279361060, -7.486554013307618938, 5.000472449581789824 ) ) ;
#221 = ORIENTED_EDGE ( 'NONE', *, *, #284, .T. ) ;
#222 = CARTESIAN_POINT ( 'NONE',  ( 2.199438168349950651, 16.79184735961995401, -6.500000000000000888 ) ) ;
#223 = ADVANCED_FACE ( 'NONE', ( #3031 ), #3108, .F. ) ;
#224 = B_SPLINE_CURVE_WITH_KNOTS ( 'NONE', 3,
 ( #2383, #2307, #6819, #1122, #599, #2921, #5164, #524, #4598, #6924, #6329, #5245, #4066, #6294, #6891, #562, #670, #5094, #3442, #2878, #7377, #4557, #2955, #2267, #6369, #1700, #3523, #1742, #5209, #39, #5130, #3478, #6250, #6855, #5762, #634, #3407, #74, #1157, #3994, #4669, #4025, #5697, #2341, #2235, #1084, #5730, #4633, #1781, #1194, #7443, #5801, #4522, #6956, #1820, #4104, #1660, #6411, #1234, #3561, #5838, #3955, #2838, #7407, #3133, #781, #3058, #1348, #4290, #4141, #3098, #1967, #3663, #1924, #7142, #5282 ),
 .UNSPECIFIED., .F., .F.,
 ( 4, 2, 2, 1, 2, 2, 2, 2, 1, 1, 2, 2, 2, 1, 1, 2, 2, 1, 2, 2, 2, 2, 2, 2, 2, 1, 2, 2, 1, 2, 2, 1, 2, 2, 2, 2, 1, 2, 2, 2, 2, 2, 4 ),
 ( 0.000000000000000000, 0.06250000000002912948, 0.09375000000004285461, 0.1093750000000497241, 0.1171875000000524997, 0.1250000000000552614, 0.2500000000001053047, 0.3125000000001292855, 0.3437500000001403322, 0.3593750000001466605, 0.3671875000001498801, 0.3750000000001530442, 0.4375000000001832423, 0.4687500000001983413, 0.4843750000002036149, 0.4921875000002061684, 0.5000000000002087219, 0.6250000000002917666, 0.6406250000003016476, 0.6484375000003050893, 0.6562500000003085310, 0.6875000000003023137, 0.7031250000002992051, 0.7109375000002985390, 0.7148437500002980949, 0.7187500000002976508, 0.7500000000002828848, 0.8125000000002535749, 0.8281250000002455813, 0.8359375000002426948, 0.8398437500002412515, 0.8437500000002396972, 0.8750000000002280398, 0.8906250000002211564, 0.8925781250002171596, 0.8945312500002131628, 0.8984375000002051692, 0.9062500000001889600, 0.9375000000001260103, 0.9531250000000944800, 0.9687500000000630607, 0.9843750000000315303, 1.000000000000000000 ),
 .UNSPECIFIED. ) ;
#225 = EDGE_CURVE ( 'NONE', #3819, #3798, #4909, .T. ) ;
#226 = CARTESIAN_POINT ( 'NONE',  ( -6.693090963464872090, -2.687101834562621860, 6.489143058887309579 ) ) ;
#227 = DIRECTION ( 'NONE',  ( -1.000000000000000000, 0.000000000000000000, 0.000000000000000000 ) ) ;
#228 = CARTESIAN_POINT ( 'NONE',  ( 2.620464622285420209, -16.73131289434631697, -6.500000000000000888 ) ) ;
#230 = FACE_OUTER_BOUND ( 'NONE', #4349, .T. ) ;
#229 = CARTESIAN_POINT ( 'NONE',  ( -14.22574330189359948, 8.384811868462952233, 3.501999999999999780 ) ) ;
#231 = AXIS2_PLACEMENT_3D ( 'NONE', #6448, #2465, #4217 ) ;
#232 = ORIENTED_EDGE ( 'NONE', *, *, #6037, .F. ) ;
#233 = CARTESIAN_POINT ( 'NONE',  ( -6.100000000000003197, -3.371676250056183638E-16, 8.500000000000000000 ) ) ;
#234 = ORIENTED_EDGE ( 'NONE', *, *, #4518, .F. ) ;
#235 = LINE ( 'NONE', #1319, #2819 ) ;
#236 = EDGE_CURVE ( 'NONE', #764, #3765, #881, .T. ) ;
#237 = CIRCLE ( 'NONE', #6964, 1.779502281109937911 ) ;
#238 = CIRCLE ( 'NONE', #3013, 0.4299999999999989941 ) ;
#239 = DIRECTION ( 'NONE',  ( -0.1423148382732853656, 0.9898214418809326842, 0.000000000000000000 ) ) ;
#240 = AXIS2_PLACEMENT_3D ( 'NONE', #647, #5259, #611 ) ;
#241 = DIRECTION ( 'NONE',  ( 0.000000000000000000, 0.000000000000000000, -1.000000000000000000 ) ) ;
#242 = ORIENTED_EDGE ( 'NONE', *, *, #331, .T. ) ;
#243 = CARTESIAN_POINT ( 'NONE',  ( -4.620696215473021340, -5.043788325295975206, 5.122749894767906653 ) ) ;
#244 = CARTESIAN_POINT ( 'NONE',  ( 8.059595430219671286, -3.520284930625849462, 5.000111387107658345 ) ) ;
#245 = CIRCLE ( 'NONE', #5547, 1.779502281109935691 ) ;
#246 = AXIS2_PLACEMENT_3D ( 'NONE', #1764, #4047, #3787 ) ;
#247 = LINE ( 'NONE', #5489, #6718 ) ;
#248 = EDGE_CURVE ( 'NONE', #3600, #5019, #235, .T. ) ;
#249 = EDGE_CURVE ( 'NONE', #1767, #6840, #4833, .T. ) ;
#250 = CIRCLE ( 'NONE', #5549, 1.779502281109934803 ) ;
#251 = DIRECTION ( 'NONE',  ( 0.9594929736144973687, 0.2817325568414295600, 0.000000000000000000 ) ) ;
#252 = DIRECTION ( 'NONE',  ( 1.000000000000000000, 0.000000000000000000, 0.000000000000000000 ) ) ;
#253 = VERTEX_POINT ( 'NONE', #1978 ) ;
#254 = CARTESIAN_POINT ( 'NONE',  ( 16.30791787812274762, 4.566780100418112553, -6.500000000000000888 ) ) ;
#255 = CARTESIAN_POINT ( 'NONE',  ( 3.644393723201214907, 9.050745813142098584, 5.000090599574098071 ) ) ;
#256 = CARTESIAN_POINT ( 'NONE',  ( -6.505213034913029562E-16, 1.058181320345851949E-13, 3.500000000000000000 ) ) ;
#257 = AXIS2_PLACEMENT_3D ( 'NONE', #1776, #1300, #4705 ) ;
#258 = EDGE_LOOP ( 'NONE', ( #5312, #5514 ) ) ;
#259 = DIRECTION ( 'NONE',  ( 0.000000000000000000, 0.000000000000000000, 1.000000000000000000 ) ) ;
#260 = CARTESIAN_POINT ( 'NONE',  ( -8.000000000000000000, -8.000000000000000000, 2.669999999999999929 ) ) ;
#261 = DIRECTION ( 'NONE',  ( -0.1423148382732847550, -0.9898214418809327952, 0.000000000000000000 ) ) ;
#262 = CIRCLE ( 'NONE', #4468, 1.779502281109934803 ) ;
#263 = CARTESIAN_POINT ( 'NONE',  ( 4.650532009343709916, -16.00083217872045083, 3.500000000000000000 ) ) ;
#264 = AXIS2_PLACEMENT_3D ( 'NONE', #3683, #3116, #172 ) ;
#265 = ORIENTED_EDGE ( 'NONE', *, *, #5016, .T. ) ;
#266 = LINE ( 'NONE', #4862, #5657 ) ;
#267 = EDGE_CURVE ( 'NONE', #1102, #7071, #7129, .T. ) ;
#268 = EDGE_LOOP ( 'NONE', ( #6027, #3252, #5626 ) ) ;
#269 = CARTESIAN_POINT ( 'NONE',  ( -9.104701548766884756, -3.658283061215564569, 4.999999975943325126 ) ) ;
#270 = CARTESIAN_POINT ( 'NONE',  ( 9.125723456341752637, -3.663740471346070393, 5.000000000000000000 ) ) ;
#271 = FACE_OUTER_BOUND ( 'NONE', #25, .T. ) ;
#273 = ORIENTED_EDGE ( 'NONE', *, *, #5250, .F. ) ;
#272 = CARTESIAN_POINT ( 'NONE',  ( 10.32400093086861936, -12.88766260189612112, 3.500000000000000000 ) ) ;
#274 = ORIENTED_EDGE ( 'NONE', *, *, #1718, .T. ) ;
#275 = DIRECTION ( 'NONE',  ( 0.000000000000000000, 0.000000000000000000, -1.000000000000000000 ) ) ;
#276 = ORIENTED_EDGE ( 'NONE', *, *, #6312, .F. ) ;
#277 = DIRECTION ( 'NONE',  ( 0.000000000000000000, 0.000000000000000000, 1.000000000000000000 ) ) ;
#278 = AXIS2_PLACEMENT_3D ( 'NONE', #4098, #2951, #3053 ) ;
#279 = ORIENTED_EDGE ( 'NONE', *, *, #324, .F. ) ;
#280 = DIRECTION ( 'NONE',  ( 1.000000000000000000, 0.000000000000000000, 0.000000000000000000 ) ) ;
#281 = CYLINDRICAL_SURFACE ( 'NONE', #5544, 0.4300000000000000488 ) ;
#282 = EDGE_CURVE ( 'NONE', #7259, #975, #3639, .T. ) ;
#283 = ORIENTED_EDGE ( 'NONE', *, *, #5399, .T. ) ;
#284 = EDGE_CURVE ( 'NONE', #2872, #5731, #3782, .T. ) ;
#285 = CARTESIAN_POINT ( 'NONE',  ( -4.405907965427627637, -5.225417713894675131, 6.207262738524867984 ) ) ;
#286 = CARTESIAN_POINT ( 'NONE',  ( 8.197317748753834010, -3.524026649741143213, 5.000014217579039411 ) ) ;
#287 = CARTESIAN_POINT ( 'NONE',  ( -5.851470600370793917, -3.533857191262613995, 7.590139390701566846 ) ) ;
#288 = DIRECTION ( 'NONE',  ( 0.000000000000000000, 0.000000000000000000, 1.000000000000000000 ) ) ;
#289 = EDGE_LOOP ( 'NONE', ( #5107, #3593, #901, #1728 ) ) ;
#290 = FACE_OUTER_BOUND ( 'NONE', #1327, .T. ) ;
#291 = AXIS2_PLACEMENT_3D ( 'NONE', #790, #4756, #3146 ) ;
#292 = CARTESIAN_POINT ( 'NONE',  ( 3.563845000298136778, 8.625605114861441436, 5.000039833574444259 ) ) ;
#293 = EDGE_CURVE ( 'NONE', #5415, #6064, #5703, .T. ) ;
#294 = ORIENTED_EDGE ( 'NONE', *, *, #4822, .F. ) ;
#295 = DIRECTION ( 'NONE',  ( -0.000000000000000000, -0.000000000000000000, 1.000000000000000000 ) ) ;
#296 = ORIENTED_EDGE ( 'NONE', *, *, #5863, .F. ) ;
#297 = CARTESIAN_POINT ( 'NONE',  ( -2.699210240651094939, -6.292243220301852347, 5.595749671976358641 ) ) ;
#298 = CARTESIAN_POINT ( 'NONE',  ( 2.658421779005371466, 6.304942727231279243, 5.543164213641181171 ) ) ;
#299 = DIRECTION ( 'NONE',  ( 0.000000000000000000, 0.000000000000000000, -1.000000000000000000 ) ) ;
#300 = CARTESIAN_POINT ( 'NONE',  ( -10.14999999999999858, 8.000000000000000000, 2.669999999999999929 ) ) ;
#301 = ORIENTED_EDGE ( 'NONE', *, *, #7022, .F. ) ;
#302 = EDGE_CURVE ( 'NONE', #5043, #582, #3060, .T. ) ;
#303 = AXIS2_PLACEMENT_3D ( 'NONE', #4758, #3070, #6561 ) ;
#304 = CARTESIAN_POINT ( 'NONE',  ( -5.927496713298284980, -3.400663892369011343, 7.689714757463624650 ) ) ;
#305 = DIRECTION ( 'NONE',  ( 0.000000000000000000, 0.000000000000000000, 1.000000000000000000 ) ) ;
#306 = FACE_OUTER_BOUND ( 'NONE', #3841, .T. ) ;
#307 = DIRECTION ( 'NONE',  ( -1.000000000000000000, 0.000000000000000000, 0.000000000000000000 ) ) ;
#309 = EDGE_LOOP ( 'NONE', ( #3107, #1585, #1576, #1588 ) ) ;
#308 = CARTESIAN_POINT ( 'NONE',  ( -7.219176451927165949, 3.587490331368428542, 5.000087946668921646 ) ) ;
#310 = EDGE_CURVE ( 'NONE', #5583, #4103, #1900, .T. ) ;
#311 = ORIENTED_EDGE ( 'NONE', *, *, #1, .F. ) ;
#312 = ORIENTED_EDGE ( 'NONE', *, *, #2216, .F. ) ;
#313 = DIRECTION ( 'NONE',  ( -1.000000000000000000, 0.000000000000000000, 0.000000000000000000 ) ) ;
#314 = VERTEX_POINT ( 'NONE', #7075 ) ;
#315 = CIRCLE ( 'NONE', #1633, 1.779502281109935025 ) ;
#316 = LINE ( 'NONE', #4837, #4037 ) ;
#318 = EDGE_CURVE ( 'NONE', #2200, #523, #1984, .T. ) ;
#317 = CARTESIAN_POINT ( 'NONE',  ( 14.22574330189359948, 8.384811868462952233, 3.501999999999999780 ) ) ;
#319 = AXIS2_PLACEMENT_3D ( 'NONE', #2593, #6565, #7192 ) ;
#320 = VERTEX_POINT ( 'NONE', #2019 ) ;
#321 = DIRECTION ( 'NONE',  ( -1.000000000000000000, 0.000000000000000000, 0.000000000000000000 ) ) ;
#322 = CARTESIAN_POINT ( 'NONE',  ( 7.681446589796535385, -3.531096231658691131, 5.000239654699429437 ) ) ;
#323 = FACE_OUTER_BOUND ( 'NONE', #4667, .T. ) ;
#324 = EDGE_CURVE ( 'NONE', #4159, #86, #6538, .T. ) ;
#325 = CARTESIAN_POINT ( 'NONE',  ( 4.738426506668380611, 15.97502402572244939, 3.501999999999999780 ) ) ;
#326 = ORIENTED_EDGE ( 'NONE', *, *, #2318, .T. ) ;
#327 = CARTESIAN_POINT ( 'NONE',  ( -2.546031784417716715, 6.341710652641866730, 8.000000000000000000 ) ) ;
#328 = CARTESIAN_POINT ( 'NONE',  ( -9.939567796041161414E-16, -1.084202172485504040E-15, 5.000000000000000000 ) ) ;
#329 = ORIENTED_EDGE ( 'NONE', *, *, #6193, .F. ) ;
#330 = CARTESIAN_POINT ( 'NONE',  ( 16.01177522894684913, -4.037313039457320230, 3.501999999999999780 ) ) ;
#331 = EDGE_CURVE ( 'NONE', #3992, #7092, #6846, .T. ) ;
#332 = CARTESIAN_POINT ( 'NONE',  ( -3.080516454027645512, -6.100955355753076681, 7.887515294679111832 ) ) ;
#333 = LINE ( 'NONE', #2114, #6413 ) ;
#334 = CARTESIAN_POINT ( 'NONE',  ( -7.762353061012129629, 12.76174738209452109, 3.500000000000000000 ) ) ;
#335 = CARTESIAN_POINT ( 'NONE',  ( 10.92864321246270087, -12.93709486476245907, 3.500000000000000000 ) ) ;
#336 = ORIENTED_EDGE ( 'NONE', *, *, #1219, .F. ) ;
#337 = CARTESIAN_POINT ( 'NONE',  ( -6.505213034913029562E-16, 1.058181320345851949E-13, 3.500000000000000000 ) ) ;
#338 = EDGE_CURVE ( 'NONE', #5216, #1169, #6714, .T. ) ;
#339 = DIRECTION ( 'NONE',  ( -1.000000000000000000, 0.000000000000000000, 0.000000000000000000 ) ) ;
#340 = CARTESIAN_POINT ( 'NONE',  ( 6.085802726076601150E-12, -8.774161063371330422E-13, 3.501999999999999780 ) ) ;
#341 = LINE ( 'NONE', #7221, #6385 ) ;
#343 = ORIENTED_EDGE ( 'NONE', *, *, #6090, .T. ) ;
#342 = CARTESIAN_POINT ( 'NONE',  ( -8.004152913575754980, 3.519889203875333550, 5.000098283137452526 ) ) ;
#344 = ORIENTED_EDGE ( 'NONE', *, *, #282, .T. ) ;
#345 = VERTEX_POINT ( 'NONE', #5878 ) ;
#346 = CARTESIAN_POINT ( 'NONE',  ( -6.505213034913029562E-16, 1.058181320345851949E-13, -6.500000000000000888 ) ) ;
#347 = PRODUCT_DEFINITION_SHAPE ( 'NONE', 'NONE',  #2696 ) ;
#348 = CARTESIAN_POINT ( 'NONE',  ( 4.303310061476624426, -5.308586851874109058, 6.430872809955233471 ) ) ;
#349 = DIRECTION ( 'NONE',  ( -0.000000000000000000, -0.000000000000000000, 1.000000000000000000 ) ) ;
#350 = AXIS2_PLACEMENT_3D ( 'NONE', #2251, #1639, #2783 ) ;
#351 = ORIENTED_EDGE ( 'NONE', *, *, #1058, .T. ) ;
#352 = CARTESIAN_POINT ( 'NONE',  ( -4.753152621160105618, -4.911170619408429694, 5.245541283971106417 ) ) ;
#353 = CARTESIAN_POINT ( 'NONE',  ( -5.755055314407817590, 3.684973937824259416, 7.423707375560503863 ) ) ;
#354 = VECTOR ( 'NONE', #6362, 1000.000000000000000 ) ;
#355 = EDGE_CURVE ( 'NONE', #488, #5415, #3612, .T. ) ;
#356 = ORIENTED_EDGE ( 'NONE', *, *, #778, .F. ) ;
#357 = AXIS2_PLACEMENT_3D ( 'NONE', #837, #4312, #5453 ) ;
#358 = CARTESIAN_POINT ( 'NONE',  ( -12.56297947147814043, 10.94648917145244127, 3.500000000000000000 ) ) ;
#359 = VECTOR ( 'NONE', #5651, 1000.000000000000000 ) ;
#360 = VECTOR ( 'NONE', #3151, 1000.000000000000000 ) ;
#361 = ORIENTED_EDGE ( 'NONE', *, *, #6729, .T. ) ;
#362 = LINE ( 'NONE', #4850, #1853 ) ;
#363 = CARTESIAN_POINT ( 'NONE',  ( 12.56297947147814043, 10.94648917145241995, 3.500000000000000000 ) ) ;
#364 = ORIENTED_EDGE ( 'NONE', *, *, #2792, .F. ) ;
#365 = CARTESIAN_POINT ( 'NONE',  ( 4.168630735102138551, -5.414992570778887959, 6.707069562407646401 ) ) ;
#366 = AXIS2_PLACEMENT_3D ( 'NONE', #6941, #6278, #5715 ) ;
#367 = AXIS2_PLACEMENT_3D ( 'NONE', #4661, #6946, #5720 ) ;
#368 = CIRCLE ( 'NONE', #1817, 1.779502281109933914 ) ;
#369 = CARTESIAN_POINT ( 'NONE',  ( 6.130629408597842556, 3.167537550776551747, 5.723627935648260667 ) ) ;
#370 = DIRECTION ( 'NONE',  ( 0.000000000000000000, 0.000000000000000000, 1.000000000000000000 ) ) ;
#371 = ORIENTED_EDGE ( 'NONE', *, *, #2667, .F. ) ;
#372 = DIRECTION ( 'NONE',  ( 0.000000000000000000, 0.000000000000000000, 1.000000000000000000 ) ) ;
#373 = DIRECTION ( 'NONE',  ( 0.000000000000000000, 0.000000000000000000, -1.000000000000000000 ) ) ;
#374 = AXIS2_PLACEMENT_3D ( 'NONE', #518, #6365, #6992 ) ;
#375 = ORIENTED_EDGE ( 'NONE', *, *, #6204, .T. ) ;
#376 = CARTESIAN_POINT ( 'NONE',  ( -7.044546516529879732, 14.92643931636489896, 3.500000000000000000 ) ) ;
#377 = VECTOR ( 'NONE', #5150, 1000.000000000000000 ) ;
#378 = DIRECTION ( 'NONE',  ( 0.000000000000000000, 0.000000000000000000, -1.000000000000000000 ) ) ;
#379 = CARTESIAN_POINT ( 'NONE',  ( 3.590192404853214114, -8.793435520888282397, 5.000593825843276719 ) ) ;
#380 = DIRECTION ( 'NONE',  ( -0.4154150130018866571, -0.9096319953545183301, 0.000000000000000000 ) ) ;
#381 = VECTOR ( 'NONE', #94, 1000.000000000000000 ) ;
#382 = CARTESIAN_POINT ( 'NONE',  ( -3.522279944558813991, -7.857068811497461169, 5.000000304344931479 ) ) ;
#383 = EDGE_CURVE ( 'NONE', #3124, #5288, #2283, .T. ) ;
#384 = ORIENTED_EDGE ( 'NONE', *, *, #4469, .T. ) ;
#385 = CARTESIAN_POINT ( 'NONE',  ( 0.04580257476694150204, 16.66289232113235030, -6.500000000000000888 ) ) ;
#386 = EDGE_CURVE ( 'NONE', #614, #2200, #3298, .T. ) ;
#387 = ORIENTED_EDGE ( 'NONE', *, *, #953, .F. ) ;
#388 = AXIS2_PLACEMENT_3D ( 'NONE', #5582, #4400, #6088 ) ;
#389 = CARTESIAN_POINT ( 'NONE',  ( -3.638274156645699087, -5.784850640598866889, 7.475141481345958461 ) ) ;
#390 = DIRECTION ( 'NONE',  ( -1.000000000000000000, 0.000000000000000000, 0.000000000000000000 ) ) ;
#391 = EDGE_LOOP ( 'NONE', ( #4786, #4306, #6746, #4024 ) ) ;
#392 = CYLINDRICAL_SURFACE ( 'NONE', #3696, 0.4300000000000004374 ) ;
#393 = CARTESIAN_POINT ( 'NONE',  ( -6.297423146279165884, 2.656344056478981308, 7.999999999999998224 ) ) ;
#394 = CARTESIAN_POINT ( 'NONE',  ( 3.521681801266673073, 7.876484558760283861, 5.000004558756454109 ) ) ;
#395 = ORIENTED_EDGE ( 'NONE', *, *, #3438, .F. ) ;
#396 = CARTESIAN_POINT ( 'NONE',  ( -10.65115639612647946, -12.60861188687840162, 3.500000000000000000 ) ) ;
#397 = CARTESIAN_POINT ( 'NONE',  ( 3.533757935757615876, 8.353445918303041395, 4.999999849893006498 ) ) ;
#398 = EDGE_LOOP ( 'NONE', ( #6298, #1804, #5663, #6797 ) ) ;
#399 = CIRCLE ( 'NONE', #2220, 0.4299999999999538636 ) ;
#400 = CARTESIAN_POINT ( 'NONE',  ( 3.803164052001762219, -5.678104802142931007, 7.285624524414087588 ) ) ;
#401 = ORIENTED_EDGE ( 'NONE', *, *, #1251, .F. ) ;
#402 = EDGE_CURVE ( 'NONE', #832, #680, #6370, .T. ) ;
#403 = CARTESIAN_POINT ( 'NONE',  ( 7.122720478993606719, 3.606734626496730822, 5.000000000000000000 ) ) ;
#404 = DIRECTION ( 'NONE',  ( 0.1423148382732847550, 0.9898214418809329063, 0.000000000000000000 ) ) ;
#405 = CARTESIAN_POINT ( 'NONE',  ( -4.303310061471512071, 5.308586851878252411, 6.430872809966377446 ) ) ;
#406 = CARTESIAN_POINT ( 'NONE',  ( 13.42962847247680003, -6.539220166001540768, 3.501999999999999780 ) ) ;
#407 = VERTEX_POINT ( 'NONE', #4980 ) ;
#408 = CARTESIAN_POINT ( 'NONE',  ( -5.437534149767684788, -4.139224423407156017, 6.762768792977531085 ) ) ;
#409 = ADVANCED_FACE ( 'NONE', ( #7335 ), #1801, .F. ) ;
#410 = CARTESIAN_POINT ( 'NONE',  ( -5.145539056211168472, -4.498523480813137354, 5.972296026325551566 ) ) ;
#411 = CARTESIAN_POINT ( 'NONE',  ( -6.841155559148059950, 15.49200621677865009, 3.500000000000000000 ) ) ;
#412 = CARTESIAN_POINT ( 'NONE',  ( 7.434285267090300131, -14.74477009411852002, 3.500000000000000000 ) ) ;
#413 = CARTESIAN_POINT ( 'NONE',  ( -7.466797728304276127, 3.551306523462610443, 5.000465248547746100 ) ) ;
#414 = EDGE_LOOP ( 'NONE', ( #4376, #274, #6344, #211 ) ) ;
#415 = ORIENTED_EDGE ( 'NONE', *, *, #4249, .F. ) ;
#416 = DIRECTION ( 'NONE',  ( -1.000000000000000000, 0.000000000000000000, 0.000000000000000000 ) ) ;
#417 = ORIENTED_EDGE ( 'NONE', *, *, #4480, .F. ) ;
#418 = EDGE_CURVE ( 'NONE', #5819, #6700, #819, .T. ) ;
#419 = CARTESIAN_POINT ( 'NONE',  ( -3.200864361051354745, -6.037782558978582514, 7.822668883034735288 ) ) ;
#420 = CARTESIAN_POINT ( 'NONE',  ( 14.72794537471135534, -2.490772235215340746, -6.500000000000000888 ) ) ;
#421 = ORIENTED_EDGE ( 'NONE', *, *, #6075, .T. ) ;
#422 = CARTESIAN_POINT ( 'NONE',  ( -4.561424929357681179, 14.22356227891014058, 3.500000000000000000 ) ) ;
#423 = CARTESIAN_POINT ( 'NONE',  ( -3.519946188936214693, 8.039071510888881278, 5.000121909102305473 ) ) ;
#424 =( BOUNDED_SURFACE ( )  B_SPLINE_SURFACE ( 2, 3, ( 
 ( #3316, #1000, #921, #5466, #7211, #6688, #1526, #3802, #6618, #3237 ),
 ( #4964, #3871, #2709, #5502, #5610, #297, #6120, #6762, #2077, #6655 ),
 ( #3280, #3835, #5035, #959, #7246, #332, #5578, #4470, #4999, #5535 ) ),
 .UNSPECIFIED., .F., .F., .T. ) 
 B_SPLINE_SURFACE_WITH_KNOTS ( ( 3, 3 ),
 ( 4, 2, 2, 2, 4 ),
 ( 0.000000000000000000, 1.000000000000000000 ),
 ( 0.6672226289128857513, 1.119009477853889933, 1.344902902324391913, 1.457849614559642903, 1.570796326794893893 ),
 .UNSPECIFIED. ) 
 GEOMETRIC_REPRESENTATION_ITEM ( )  RATIONAL_B_SPLINE_SURFACE ( (
 ( 1.000000000000000000, 1.000000000000000000, 1.000000000000000000, 1.000000000000000000, 1.000000000000000000, 1.000000000000000000, 1.000000000000000000, 1.000000000000000000, 1.000000000000000000, 1.000000000000000000),
 ( 0.9155493925646536191, 0.8952765722159066186, 0.8764201585978613762, 0.8386775425598970157, 0.8247281182086358964, 0.7956258822331540026, 0.7845977683275954240, 0.7557605393054621645, 0.7393186088961493097, 0.7071067811865470176),
 ( 1.000000000000000000, 1.000000000000000000, 1.000000000000000000, 1.000000000000000000, 1.000000000000000000, 1.000000000000000000, 1.000000000000000000, 1.000000000000000000, 1.000000000000000000, 1.000000000000000000) ) ) 
 REPRESENTATION_ITEM ( '' )  SURFACE ( )  );
#425 = AXIS2_PLACEMENT_3D ( 'NONE', #4299, #3185, #2507 ) ;
#426 = EDGE_CURVE ( 'NONE', #1403, #5283, #237, .T. ) ;
#427 = VERTEX_POINT ( 'NONE', #6100 ) ;
#428 = CIRCLE ( 'NONE', #1029, 14.93707874011463410 ) ;
#429 = CARTESIAN_POINT ( 'NONE',  ( 3.527138562441462621, 7.743904630565986658, 5.000127199874397022 ) ) ;
#430 = ORIENTED_EDGE ( 'NONE', *, *, #4571, .T. ) ;
#431 = DIRECTION ( 'NONE',  ( 1.000000000000000000, 0.000000000000000000, 0.000000000000000000 ) ) ;
#432 = CARTESIAN_POINT ( 'NONE',  ( -7.228072953726420558, -15.31530696332200137, 3.500000000000000000 ) ) ;
#433 = CARTESIAN_POINT ( 'NONE',  ( 4.156878728443249571, -5.424019356920179114, 6.729454464951802883 ) ) ;
#434 = CIRCLE ( 'NONE', #5009, 4.479999999999999538 ) ;
#435 = ORIENTED_EDGE ( 'NONE', *, *, #3344, .F. ) ;
#436 = EDGE_CURVE ( 'NONE', #3188, #3771, #2170, .T. ) ;
#437 = CARTESIAN_POINT ( 'NONE',  ( 6.297044252767037165, 2.657287812576911268, 7.999999998527716372 ) ) ;
#438 = CARTESIAN_POINT ( 'NONE',  ( -14.13075718784739898, -9.334097026668949582, 3.500000000000000000 ) ) ;
#439 = CARTESIAN_POINT ( 'NONE',  ( 15.17612706764145081, 6.880352142754600386, 3.501999999999999780 ) ) ;
#440 = CARTESIAN_POINT ( 'NONE',  ( -3.518209004792429262, 8.121202809526989697, 5.000000000000240696 ) ) ;
#442 = ORIENTED_EDGE ( 'NONE', *, *, #7368, .T. ) ;
#441 = DIRECTION ( 'NONE',  ( -1.000000000000000000, 0.000000000000000000, 0.000000000000000000 ) ) ;
#443 = CARTESIAN_POINT ( 'NONE',  ( -2.199438168349950207, 16.79184735961995045, 3.500000000000000000 ) ) ;
#444 = ORIENTED_EDGE ( 'NONE', *, *, #900, .T. ) ;
#445 = FACE_OUTER_BOUND ( 'NONE', #5627, .T. ) ;
#446 = CARTESIAN_POINT ( 'NONE',  ( 4.303310061476631532, -5.308586851874101065, 6.430872809955246794 ) ) ;
#447 = DIRECTION ( 'NONE',  ( -0.000000000000000000, -0.000000000000000000, 1.000000000000000000 ) ) ;
#448 = CARTESIAN_POINT ( 'NONE',  ( -3.570251133658969955, -7.328815897138424518, 5.000296166621805760 ) ) ;
#449 = ORIENTED_EDGE ( 'NONE', *, *, #1060, .T. ) ;
#450 = EDGE_CURVE ( 'NONE', #6328, #5019, #3134, .T. ) ;
#451 = VERTEX_POINT ( 'NONE', #6633 ) ;
#452 = CARTESIAN_POINT ( 'NONE',  ( -1.730008055016385027E-12, 5.900332700277130653E-12, -6.500000000000000888 ) ) ;
#453 = ORIENTED_EDGE ( 'NONE', *, *, #953, .T. ) ;
#454 = CARTESIAN_POINT ( 'NONE',  ( -4.079957430250779282, -5.482144256588902032, 6.869402047527349175 ) ) ;
#455 = DIRECTION ( 'NONE',  ( -0.000000000000000000, -0.000000000000000000, 1.000000000000000000 ) ) ;
#456 = EDGE_LOOP ( 'NONE', ( #6249, #3313, #4140, #234 ) ) ;
#457 = CARTESIAN_POINT ( 'NONE',  ( 14.72794537471134113, 2.490772235215354957, 3.500000000000000000 ) ) ;
#458 = EDGE_CURVE ( 'NONE', #1618, #5575, #708, .T. ) ;
#459 = CARTESIAN_POINT ( 'NONE',  ( -5.784850640608261152, 3.638274156630858958, 7.475141481360812357 ) ) ;
#460 = EDGE_LOOP ( 'NONE', ( #6170, #6707, #2632, #7224 ) ) ;
#461 = CARTESIAN_POINT ( 'NONE',  ( -6.505213034913029562E-16, 1.058181320345851949E-13, -6.500000000000000888 ) ) ;
#462 = EDGE_LOOP ( 'NONE', ( #1512, #6531 ) ) ;
#463 = DIRECTION ( 'NONE',  ( 0.000000000000000000, 0.000000000000000000, 1.000000000000000000 ) ) ;
#464 = EDGE_CURVE ( 'NONE', #2163, #5583, #1310, .T. ) ;
#465 = AXIS2_PLACEMENT_3D ( 'NONE', #6479, #7105, #5473 ) ;
#466 = EDGE_CURVE ( 'NONE', #3962, #2801, #6118, .T. ) ;
#467 = LINE ( 'NONE', #1720, #2538 ) ;
#468 = EDGE_CURVE ( 'NONE', #2498, #253, #589, .T. ) ;
#469 = AXIS2_PLACEMENT_3D ( 'NONE', #5518, #935, #2094 ) ;
#470 = CARTESIAN_POINT ( 'NONE',  ( 6.086481637526660689E-12, 8.726941734834309668E-13, 3.501999999999999780 ) ) ;
#471 = AXIS2_PLACEMENT_3D ( 'NONE', #6304, #127, #573 ) ;
#472 = CYLINDRICAL_SURFACE ( 'NONE', #11, 0.4300000000000002154 ) ;
#473 = CARTESIAN_POINT ( 'NONE',  ( -3.852523501034214704, 14.43171451914776071, 3.501999999999999780 ) ) ;
#474 = ORIENTED_EDGE ( 'NONE', *, *, #5590, .F. ) ;
#475 = PLANE ( 'NONE',  #1962 ) ;
#477 = ORIENTED_EDGE ( 'NONE', *, *, #3437, .T. ) ;
#476 = DIRECTION ( 'NONE',  ( -0.000000000000000000, -0.000000000000000000, 1.000000000000000000 ) ) ;
#478 = LINE ( 'NONE', #3357, #359 ) ;
#479 = CIRCLE ( 'NONE', #3968, 14.93707874011463410 ) ;
#480 = CIRCLE ( 'NONE', #6006, 0.4300000000000004374 ) ;
#481 = DIRECTION ( 'NONE',  ( 0.7071067811865480168, 0.000000000000000000, 0.7071067811865470176 ) ) ;
#482 = CARTESIAN_POINT ( 'NONE',  ( 4.753152621164168146, -4.911170619404365389, 5.245541283975917679 ) ) ;
#483 = LINE ( 'NONE', #1501, #10 ) ;
#484 = VECTOR ( 'NONE', #5725, 1000.000000000000000 ) ;
#485 = CARTESIAN_POINT ( 'NONE',  ( 5.414992570783353720, 4.168630735096344075, 6.707069562417411035 ) ) ;
#486 = EDGE_CURVE ( 'NONE', #3833, #6064, #3889, .T. ) ;
#487 = ORIENTED_EDGE ( 'NONE', *, *, #3210, .T. ) ;
#488 = VERTEX_POINT ( 'NONE', #3364 ) ;
#489 = DIRECTION ( 'NONE',  ( 0.000000000000000000, 0.000000000000000000, 1.000000000000000000 ) ) ;
#490 = AXIS2_PLACEMENT_3D ( 'NONE', #2459, #3054, #261 ) ;
#491 = ORIENTED_EDGE ( 'NONE', *, *, #6641, .F. ) ;
#492 = AXIS2_PLACEMENT_3D ( 'NONE', #5938, #4857, #2036 ) ;
#493 = DIRECTION ( 'NONE',  ( 1.000000000000000000, 0.000000000000000000, 0.000000000000000000 ) ) ;
#494 = DIRECTION ( 'NONE',  ( 0.000000000000000000, 0.000000000000000000, -1.000000000000000000 ) ) ;
#495 = LINE ( 'NONE', #1127, #5727 ) ;
#496 = VERTEX_POINT ( 'NONE', #3254 ) ;
#497 = CARTESIAN_POINT ( 'NONE',  ( -16.48676971718949957, -2.416713196444790324, 3.500000000000000000 ) ) ;
#498 = CARTESIAN_POINT ( 'NONE',  ( -3.540761984299113596, 8.431812374196319126, 5.000046097454135641 ) ) ;
#499 = AXIS2_PLACEMENT_3D ( 'NONE', #6605, #1909, #5928 ) ;
#500 = ORIENTED_EDGE ( 'NONE', *, *, #3192, .F. ) ;
#501 = AXIS2_PLACEMENT_3D ( 'NONE', #6095, #1502, #2648 ) ;
#502 = CARTESIAN_POINT ( 'NONE',  ( 3.549298742324705991, 7.483365058317264840, 5.000471893635197951 ) ) ;
#503 = VERTEX_POINT ( 'NONE', #1543 ) ;
#504 = DIRECTION ( 'NONE',  ( 0.000000000000000000, 0.000000000000000000, 1.000000000000000000 ) ) ;
#505 = CARTESIAN_POINT ( 'NONE',  ( -2.979062698963860001, 16.24198349945379860, 3.500000000000000000 ) ) ;
#506 = DIRECTION ( 'NONE',  ( -1.000000000000000000, 0.000000000000000000, 0.000000000000000000 ) ) ;
#507 = AXIS2_PLACEMENT_3D ( 'NONE', #1415, #7173, #3731 ) ;
#508 = DIRECTION ( 'NONE',  ( 0.000000000000000000, 0.000000000000000000, -1.000000000000000000 ) ) ;
#509 = CARTESIAN_POINT ( 'NONE',  ( -4.303310061471512071, 5.308586851878252411, 6.430872809966377446 ) ) ;
#510 = CARTESIAN_POINT ( 'NONE',  ( 13.53668048929982071, 9.457014533746740170, 3.500000000000000000 ) ) ;
#511 = ORIENTED_EDGE ( 'NONE', *, *, #2305, .F. ) ;
#512 = CARTESIAN_POINT ( 'NONE',  ( -2.587696955793911346, 6.327371828408723253, 5.371491857457153074 ) ) ;
#514 = CARTESIAN_POINT ( 'NONE',  ( 9.016535861789497730, -3.636589849770647032, 5.000190015512790076 ) ) ;
#513 = CARTESIAN_POINT ( 'NONE',  ( 11.04332294047803842, -10.05789936917805960, 3.500000000000000000 ) ) ;
#515 = DIRECTION ( 'NONE',  ( -1.000000000000000000, 0.000000000000000000, 0.000000000000000000 ) ) ;
#516 = CARTESIAN_POINT ( 'NONE',  ( 4.251214977117710347, 5.350507717127127805, 6.542586098295480213 ) ) ;
#517 = DIRECTION ( 'NONE',  ( -1.000000000000000000, 0.000000000000000000, 0.000000000000000000 ) ) ;
#519 = EDGE_CURVE ( 'NONE', #407, #5916, #3256, .T. ) ;
#518 = CARTESIAN_POINT ( 'NONE',  ( 8.000000000000000000, 8.000000000000000000, 5.000000000000000000 ) ) ;
#520 = ADVANCED_FACE ( 'NONE', ( #1017 ), #5628, .T. ) ;
#521 = CARTESIAN_POINT ( 'NONE',  ( -5.940952272452324934, 3.523220616535220895, 5.577365042559611297 ) ) ;
#522 = VERTEX_POINT ( 'NONE', #6065 ) ;
#523 = VERTEX_POINT ( 'NONE', #6211 ) ;
#524 = CARTESIAN_POINT ( 'NONE',  ( 7.289014610102969804, 3.576549230421245174, 5.000221584381132622 ) ) ;
#525 = ORIENTED_EDGE ( 'NONE', *, *, #3902, .T. ) ;
#526 = CARTESIAN_POINT ( 'NONE',  ( -8.216139358291551176, -3.525181419043830200, 5.000033205173957995 ) ) ;
#527 = DIRECTION ( 'NONE',  ( -1.000000000000000000, 0.000000000000000000, 0.000000000000000000 ) ) ;
#528 = DIRECTION ( 'NONE',  ( 0.7071067811865480168, 0.000000000000000000, 0.7071067811865470176 ) ) ;
#529 = ORIENTED_EDGE ( 'NONE', *, *, #7070, .F. ) ;
#530 = CARTESIAN_POINT ( 'NONE',  ( 11.04332294047803842, 10.05789936917805960, 3.500000000000000000 ) ) ;
#531 = AXIS2_PLACEMENT_3D ( 'NONE', #2141, #6757, #3901 ) ;
#532 = EDGE_CURVE ( 'NONE', #1318, #5620, #2534, .T. ) ;
#533 = CARTESIAN_POINT ( 'NONE',  ( -3.322246390948880127E-12, 5.173928175207720182E-12, 3.501999999999999780 ) ) ;
#534 = CARTESIAN_POINT ( 'NONE',  ( 1.717505811864620480, -16.42336799645854128, -6.500000000000000888 ) ) ;
#535 = EDGE_CURVE ( 'NONE', #3576, #7117, #4081, .T. ) ;
#536 = ORIENTED_EDGE ( 'NONE', *, *, #2698, .F. ) ;
#537 = CARTESIAN_POINT ( 'NONE',  ( -15.65269870022669885, -5.260215391104244631, -6.500000000000000888 ) ) ;
#538 = DIRECTION ( 'NONE',  ( 0.000000000000000000, 0.000000000000000000, 1.000000000000000000 ) ) ;
#539 = DIRECTION ( 'NONE',  ( 0.8412535328311808724, -0.5406408174555981105, 0.000000000000000000 ) ) ;
#540 = ORIENTED_EDGE ( 'NONE', *, *, #6078, .F. ) ;
#541 = AXIS2_PLACEMENT_3D ( 'NONE', #1942, #2023, #6601 ) ;
#542 = VECTOR ( 'NONE', #6849, 1000.000000000000000 ) ;
#543 = CARTESIAN_POINT ( 'NONE',  ( -16.50397716163979922, 0.2072779215191954960, 3.500000000000000000 ) ) ;
#544 = DIRECTION ( 'NONE',  ( 0.000000000000000000, 0.000000000000000000, -1.000000000000000000 ) ) ;
#545 = CARTESIAN_POINT ( 'NONE',  ( -9.939567796041161414E-16, -1.084202172485504040E-15, -6.500000000000000888 ) ) ;
#546 = EDGE_LOOP ( 'NONE', ( #5157, #2018, #1752, #6838 ) ) ;
#547 = CARTESIAN_POINT ( 'NONE',  ( -6.505213034913029562E-16, 1.058181320345851949E-13, -6.500000000000000888 ) ) ;
#548 = COLOUR_RGB ( '',0.7921568627450980005, 0.8196078431372548767, 0.9333333333333333481 ) ;
#550 = CARTESIAN_POINT ( 'NONE',  ( 11.52715317416693708, -9.499529514007194919, -6.500000000000000888 ) ) ;
#549 = CARTESIAN_POINT ( 'NONE',  ( -3.803164051979620375, 5.678104802157761810, 7.285624524449781703 ) ) ;
#551 = EDGE_CURVE ( 'NONE', #4981, #5971, #224, .T. ) ;
#552 = CARTESIAN_POINT ( 'NONE',  ( 4.514003015960872389, 5.137792413313833073, 5.971671770300280180 ) ) ;
#553 = ORIENTED_EDGE ( 'NONE', *, *, #4918, .F. ) ;
#554 = ORIENTED_EDGE ( 'NONE', *, *, #1549, .T. ) ;
#555 = AXIS2_PLACEMENT_3D ( 'NONE', #1788, #6300, #2275 ) ;
#556 = CARTESIAN_POINT ( 'NONE',  ( 4.282330040562627893, 5.325593926941048828, 6.476598344430883891 ) ) ;
#557 = LINE ( 'NONE', #2262, #2848 ) ;
#558 = DIRECTION ( 'NONE',  ( 1.000000000000000000, 0.000000000000000000, 0.000000000000000000 ) ) ;
#559 = CARTESIAN_POINT ( 'NONE',  ( 6.341710652641876500, 2.546031784417688293, 8.000000000000000000 ) ) ;
#560 = EDGE_LOOP ( 'NONE', ( #2103, #2461, #5527, #6743 ) ) ;
#561 = ORIENTED_EDGE ( 'NONE', *, *, #551, .T. ) ;
#562 = CARTESIAN_POINT ( 'NONE',  ( 7.610926581159478843, 3.536508041772994382, 5.000364674208703342 ) ) ;
#563 = ORIENTED_EDGE ( 'NONE', *, *, #6478, .T. ) ;
#564 = ADVANCED_FACE ( 'NONE', ( #4216 ), #3628, .T. ) ;
#565 = CARTESIAN_POINT ( 'NONE',  ( -8.500341133950580996, -3.547990850580379441, 5.000032868603421221 ) ) ;
#566 = CARTESIAN_POINT ( 'NONE',  ( 4.561424929357681179, 14.22356227891014058, 3.500000000000000000 ) ) ;
#567 = CARTESIAN_POINT ( 'NONE',  ( 6.250293562651620505, -2.765408739531450166, 7.985681847126941513 ) ) ;
#568 = ORIENTED_EDGE ( 'NONE', *, *, #7124, .F. ) ;
#569 = CARTESIAN_POINT ( 'NONE',  ( -2.199438168349944878, -16.79184735961995045, 3.500000000000000000 ) ) ;
#570 = DIRECTION ( 'NONE',  ( 0.1423148382732846717, 0.9898214418809327952, 0.000000000000000000 ) ) ;
#571 = ORIENTED_EDGE ( 'NONE', *, *, #3244, .F. ) ;
#572 = VERTEX_POINT ( 'NONE', #5943 ) ;
#573 = DIRECTION ( 'NONE',  ( 0.1423148382732849493, 0.9898214418809327952, 0.000000000000000000 ) ) ;
#574 = ORIENTED_EDGE ( 'NONE', *, *, #7177, .T. ) ;
#575 = CARTESIAN_POINT ( 'NONE',  ( -6.055115265690504067, 3.335397710290290529, 5.660567889598605795 ) ) ;
#576 = LINE ( 'NONE', #7389, #4924 ) ;
#577 = DIRECTION ( 'NONE',  ( 0.000000000000000000, 0.000000000000000000, 1.000000000000000000 ) ) ;
#578 = VECTOR ( 'NONE', #3312, 1000.000000000000000 ) ;
#579 = CARTESIAN_POINT ( 'NONE',  ( 0.04580257476694359758, -16.66289232113235030, 3.500000000000000000 ) ) ;
#580 = CARTESIAN_POINT ( 'NONE',  ( 6.667453257840979752, -15.09865203729069805, 3.500000000000000000 ) ) ;
#581 = DIRECTION ( 'NONE',  ( 0.000000000000000000, 0.000000000000000000, 1.000000000000000000 ) ) ;
#582 = VERTEX_POINT ( 'NONE', #5430 ) ;
#583 = CARTESIAN_POINT ( 'NONE',  ( 5.950354501292721032, -3.367419971930525779, 7.732926773599738013 ) ) ;
#584 = AXIS2_PLACEMENT_3D ( 'NONE', #4716, #5180, #1209 ) ;
#586 = CARTESIAN_POINT ( 'NONE',  ( -6.341710652641938673, 2.546031784417539967, 8.000000000000000000 ) ) ;
#585 = CARTESIAN_POINT ( 'NONE',  ( -7.762353061012141175, 12.76174738209452819, -6.500000000000000888 ) ) ;
#587 = CARTESIAN_POINT ( 'NONE',  ( -9.047171303507051121, -13.99295429087460008, 3.500000000000000000 ) ) ;
#588 = EDGE_LOOP ( 'NONE', ( #3637, #7445, #3879, #529 ) ) ;
#589 = CIRCLE ( 'NONE', #945, 0.4300000000000015477 ) ;
#590 = CIRCLE ( 'NONE', #4927, 14.93707874011463588 ) ;
#591 = CIRCLE ( 'NONE', #4806, 1.779502281109934358 ) ;
#592 = CARTESIAN_POINT ( 'NONE',  ( -16.93394325256440069, -0.2126779821699029960, 3.500000000000000000 ) ) ;
#593 = CARTESIAN_POINT ( 'NONE',  ( -0.3694146011580311528, -14.93250997457066021, -6.500000000000000888 ) ) ;
#594 = CARTESIAN_POINT ( 'NONE',  ( -4.396834529546116421, 5.250036733683336898, 5.247028532307238535 ) ) ;
#595 = EDGE_CURVE ( 'NONE', #3935, #1490, #3250, .T. ) ;
#596 = CARTESIAN_POINT ( 'NONE',  ( 6.176509724029767945, 2.924641591454663736, 7.943337455072927433 ) ) ;
#597 = CIRCLE ( 'NONE', #1558, 0.4299999999999555844 ) ;
#598 = ORIENTED_EDGE ( 'NONE', *, *, #7261, .T. ) ;
#599 = CARTESIAN_POINT ( 'NONE',  ( 7.228418851119324806, 3.586783035431230449, 5.000115430003193140 ) ) ;
#600 = AXIS2_PLACEMENT_3D ( 'NONE', #3102, #4295, #1971 ) ;
#601 = CARTESIAN_POINT ( 'NONE',  ( -8.156446672706309187, -3.522644369175390366, 5.000072016546510234 ) ) ;
#602 = ADVANCED_FACE ( 'NONE', ( #5908, #6016 ), #109, .T. ) ;
#603 = CARTESIAN_POINT ( 'NONE',  ( -15.89384706209390252, -4.450825974518250128, 3.501999999999999780 ) ) ;
#604 = CARTESIAN_POINT ( 'NONE',  ( -5.250036733683886681, 4.396834529545675885, 5.247028532307268733 ) ) ;
#605 = EDGE_LOOP ( 'NONE', ( #3096, #2072, #1527, #5095, #4796, #5645, #6210, #786, #3978, #3309, #4214, #2845, #5385, #6557, #3170, #1294, #6191, #3548, #2630, #1123, #7294, #5429, #6458, #4409, #6897, #1361, #5240, #3515, #2592, #4537, #6524, #2929, #6807, #46, #121, #3221, #2586, #1242, #449, #4710, #7187, #1246, #3952, #1409, #2730, #7321, #957, #2810, #4423, #3408, #669, #788, #430, #5837, #7038, #3795, #6817, #3334, #7152, #5202, #3675, #5750, #4118, #6564, #5053, #3239, #692, #7094, #5958, #2040, #3406, #5193, #1233, #5015, #221, #838, #2731, #1799, #1467, #2321, #2884, #6240, #2591, #5923, #1119, #1003, #2208, #4393, #6089, #2416, #753, #4476, #4952, #4788, #554, #3295, #2724, #6283, #1488, #7155, #3441, #2179, #1658, #5258, #5836, #1986, #5941, #6264, #48, #1258, #283, #6882, #1965, #3184, #3413, #2689, #2611, #5101, #3397, #6690, #646, #2652, #936, #1901, #4644, #2816, #187, #6438, #4726, #5464, #3201, #1644, #4914 ) ) ;
#606 = EDGE_CURVE ( 'NONE', #3929, #4378, #4443, .T. ) ;
#607 = CARTESIAN_POINT ( 'NONE',  ( -2.575122749802878808, 6.414171054043371178, 7.214756346922165164 ) ) ;
#608 = CARTESIAN_POINT ( 'NONE',  ( 4.303310061476556037, 5.308586851874159684, 6.430872809955404890 ) ) ;
#609 = CIRCLE ( 'NONE', #6262, 16.93527874010839795 ) ;
#610 = AXIS2_PLACEMENT_3D ( 'NONE', #1960, #370, #2607 ) ;
#611 = DIRECTION ( 'NONE',  ( -0.8412535328311819827, -0.5406408174555963342, 0.000000000000000000 ) ) ;
#612 = CIRCLE ( 'NONE', #4834, 1.779502281109935025 ) ;
#613 = AXIS2_PLACEMENT_3D ( 'NONE', #6223, #5027, #2778 ) ;
#614 = VERTEX_POINT ( 'NONE', #222 ) ;
#615 = EDGE_CURVE ( 'NONE', #73, #6786, #2287, .T. ) ;
#616 = CARTESIAN_POINT ( 'NONE',  ( -6.341710652641941337, 2.546031784417535082, 4.999999999999996447 ) ) ;
#617 = CARTESIAN_POINT ( 'NONE',  ( -3.579538207822804630, -8.731039452564978376, 5.000470977236687986 ) ) ;
#618 = CARTESIAN_POINT ( 'NONE',  ( -7.044546516529879732, 14.92643931636489896, -6.500000000000000888 ) ) ;
#619 = AXIS2_PLACEMENT_3D ( 'NONE', #4859, #3770, #4897 ) ;
#620 = CARTESIAN_POINT ( 'NONE',  ( -15.17612706764145081, 6.880352142754600386, 3.500000000000000000 ) ) ;
#621 = CYLINDRICAL_SURFACE ( 'NONE', #5199, 14.93707874011463410 ) ;
#622 = DIRECTION ( 'NONE',  ( -1.000000000000000000, 0.000000000000000000, 0.000000000000000000 ) ) ;
#623 = ORIENTED_EDGE ( 'NONE', *, *, #2424, .T. ) ;
#624 = DIRECTION ( 'NONE',  ( 1.000000000000000000, 0.000000000000000000, 0.000000000000000000 ) ) ;
#625 = AXIS2_PLACEMENT_3D ( 'NONE', #4051, #5194, #6434 ) ;
#627 = CARTESIAN_POINT ( 'NONE',  ( 8.076095330326088728, -3.520545145454636593, 5.000096362197806066 ) ) ;
#626 = DIRECTION ( 'NONE',  ( 0.000000000000000000, 0.000000000000000000, 1.000000000000000000 ) ) ;
#628 = CARTESIAN_POINT ( 'NONE',  ( 10.32400093086865489, -12.88766260189608914, -6.500000000000000888 ) ) ;
#629 = CARTESIAN_POINT ( 'NONE',  ( -3.522516941230118270, 7.849749858524494250, 5.000000462052802241 ) ) ;
#630 = CARTESIAN_POINT ( 'NONE',  ( -12.56297947147814043, -10.94648917145244127, 3.500000000000000000 ) ) ;
#631 = CARTESIAN_POINT ( 'NONE',  ( -8.000000000000000000, -8.000000000000000000, 5.000000000000000000 ) ) ;
#632 = CARTESIAN_POINT ( 'NONE',  ( -16.50062835264469996, -0.6372648811799760393, 3.501999999999999780 ) ) ;
#633 = EDGE_LOOP ( 'NONE', ( #807, #2049, #7317, #197 ) ) ;
#634 = CARTESIAN_POINT ( 'NONE',  ( 8.104412621453967347, 3.521105602141650692, 5.000103763957067571 ) ) ;
#635 = EDGE_CURVE ( 'NONE', #1167, #3710, #4821, .T. ) ;
#636 = VECTOR ( 'NONE', #1688, 1000.000000000000000 ) ;
#637 = CIRCLE ( 'NONE', #5462, 0.4299999999999997713 ) ;
#638 = CARTESIAN_POINT ( 'NONE',  ( -8.120499512564974154, -3.521462127908966622, 5.000094493751626068 ) ) ;
#639 = CARTESIAN_POINT ( 'NONE',  ( 5.625412512695439737, -3.954025273170900245, 5.451545729066475943 ) ) ;
#640 = CARTESIAN_POINT ( 'NONE',  ( 0.000000000000000000, 1.067602915065788140E-15, 5.000000000000000000 ) ) ;
#641 = CARTESIAN_POINT ( 'NONE',  ( -8.000000000000000000, -8.000000000000000000, -49.92880413360069980 ) ) ;
#642 = ORIENTED_EDGE ( 'NONE', *, *, #5079, .T. ) ;
#643 = CARTESIAN_POINT ( 'NONE',  ( -3.517432746358244877, 8.761297032524907991, 5.000000000000004441 ) ) ;
#644 = ORIENTED_EDGE ( 'NONE', *, *, #924, .F. ) ;
#645 = DIRECTION ( 'NONE',  ( 0.000000000000000000, 0.000000000000000000, 1.000000000000000000 ) ) ;
#646 = ORIENTED_EDGE ( 'NONE', *, *, #6753, .T. ) ;
#647 = CARTESIAN_POINT ( 'NONE',  ( 7.044546516529879732, -14.92643931636489896, 3.500000000000000000 ) ) ;
#648 = ORIENTED_EDGE ( 'NONE', *, *, #6949, .T. ) ;
#649 = CARTESIAN_POINT ( 'NONE',  ( -5.432656143359301026, 4.150257504237711892, 6.764447786420441311 ) ) ;
#650 = CARTESIAN_POINT ( 'NONE',  ( -3.530199377589480658, -8.302175207800278400, 4.999999982881735860 ) ) ;
#651 = DIRECTION ( 'NONE',  ( 0.000000000000000000, 0.000000000000000000, -1.000000000000000000 ) ) ;
#652 = EDGE_CURVE ( 'NONE', #2621, #3798, #6376, .T. ) ;
#653 = CIRCLE ( 'NONE', #3682, 4.479999999999999538 ) ;
#654 = LINE ( 'NONE', #3043, #7222 ) ;
#655 = DIRECTION ( 'NONE',  ( -0.000000000000000000, -0.000000000000000000, -1.000000000000000000 ) ) ;
#656 = ORIENTED_EDGE ( 'NONE', *, *, #5089, .T. ) ;
#657 = DIRECTION ( 'NONE',  ( -0.6548607339452872100, 0.7557495743542563815, 0.000000000000000000 ) ) ;
#659 = CARTESIAN_POINT ( 'NONE',  ( -5.398187736636187672, 4.190367717629841060, 6.664917907749977388 ) ) ;
#658 = DIRECTION ( 'NONE',  ( 0.000000000000000000, 0.000000000000000000, -1.000000000000000000 ) ) ;
#660 = CARTESIAN_POINT ( 'NONE',  ( -14.83309173315054075, 1.759463248875125174, 3.500000000000000000 ) ) ;
#661 = VECTOR ( 'NONE', #528, 1000.000000000000000 ) ;
#662 = ORIENTED_EDGE ( 'NONE', *, *, #5526, .T. ) ;
#663 = LINE ( 'NONE', #1265, #7199 ) ;
#664 = DIRECTION ( 'NONE',  ( 0.000000000000000000, 0.000000000000000000, 1.000000000000000000 ) ) ;
#665 = CARTESIAN_POINT ( 'NONE',  ( -4.303310061471517400, 5.308586851878247082, 6.430872809966386328 ) ) ;
#666 = AXIS2_PLACEMENT_3D ( 'NONE', #1328, #3645, #5924 ) ;
#667 = CARTESIAN_POINT ( 'NONE',  ( 14.83309173315054075, -1.759463248875125174, 3.500000000000000000 ) ) ;
#668 = AXIS2_PLACEMENT_3D ( 'NONE', #641, #5668, #4601 ) ;
#669 = ORIENTED_EDGE ( 'NONE', *, *, #1479, .T. ) ;
#670 = CARTESIAN_POINT ( 'NONE',  ( 7.639978872674769050, 3.534157616649165501, 5.000316552242774826 ) ) ;
#671 = ORIENTED_EDGE ( 'NONE', *, *, #4192, .F. ) ;
#672 = CARTESIAN_POINT ( 'NONE',  ( -7.753788367544233395, -3.526553928085025991, 5.000108787417995693 ) ) ;
#673 = CARTESIAN_POINT ( 'NONE',  ( -13.73654921516310168, 5.867157484472589779, 3.501999999999999780 ) ) ;
#674 = DIRECTION ( 'NONE',  ( 0.000000000000000000, 0.000000000000000000, -1.000000000000000000 ) ) ;
#675 = EDGE_CURVE ( 'NONE', #4327, #6994, #7198, .T. ) ;
#677 = DIRECTION ( 'NONE',  ( 1.000000000000000000, 0.000000000000000000, 0.000000000000000000 ) ) ;
#676 = CARTESIAN_POINT ( 'NONE',  ( -8.308945353522016575, 3.530660723077652552, 4.999999964614215031 ) ) ;
#678 = ORIENTED_EDGE ( 'NONE', *, *, #7005, .F. ) ;
#679 = CARTESIAN_POINT ( 'NONE',  ( -16.18808125472154913, 4.974906159487160195, 3.500000000000000000 ) ) ;
#680 = VERTEX_POINT ( 'NONE', #813 ) ;
#681 = CARTESIAN_POINT ( 'NONE',  ( 3.322246390948875280E-12, -5.173928175207720182E-12, 3.500000000000000000 ) ) ;
#682 = CARTESIAN_POINT ( 'NONE',  ( -6.505213034913029562E-16, 1.058181320345851949E-13, -6.500000000000000888 ) ) ;
#683 = EDGE_CURVE ( 'NONE', #2967, #6394, #266, .T. ) ;
#684 = ORIENTED_EDGE ( 'NONE', *, *, #4761, .F. ) ;
#685 = EDGE_CURVE ( 'NONE', #6778, #704, #744, .T. ) ;
#686 = CARTESIAN_POINT ( 'NONE',  ( -5.308586851878312807, 4.303310061471438352, 6.430872809966533765 ) ) ;
#687 = CARTESIAN_POINT ( 'NONE',  ( -3.529701105469854827, -8.294668952753406543, 5.000000200641758319 ) ) ;
#688 = DIRECTION ( 'NONE',  ( -0.8412535328311808724, 0.5406408174555978885, 0.000000000000000000 ) ) ;
#689 = EDGE_CURVE ( 'NONE', #1346, #3935, #1471, .T. ) ;
#690 = CARTESIAN_POINT ( 'NONE',  ( 14.36072198411765832, 8.976264818957279346, 3.500000000000000000 ) ) ;
#691 = FACE_OUTER_BOUND ( 'NONE', #3707, .T. ) ;
#692 = ORIENTED_EDGE ( 'NONE', *, *, #4192, .T. ) ;
#693 = DIRECTION ( 'NONE',  ( 0.000000000000000000, 0.000000000000000000, -1.000000000000000000 ) ) ;
#695 = CARTESIAN_POINT ( 'NONE',  ( 8.653942140983307496, -3.567815296961913685, 5.000138464075842393 ) ) ;
#694 = CARTESIAN_POINT ( 'NONE',  ( 3.554563976614098397, -7.383982180591934785, 5.000000000000963674 ) ) ;
#696 = EDGE_CURVE ( 'NONE', #6700, #5731, #6996, .T. ) ;
#697 = DIRECTION ( 'NONE',  ( -0.000000000000000000, -0.000000000000000000, 1.000000000000000000 ) ) ;
#698 = VERTEX_POINT ( 'NONE', #3023 ) ;
#699 = ORIENTED_EDGE ( 'NONE', *, *, #3792, .F. ) ;
#700 = CARTESIAN_POINT ( 'NONE',  ( 2.900002517606117269, 6.187926749013472616, 7.949886464943776154 ) ) ;
#701 = FACE_OUTER_BOUND ( 'NONE', #1340, .T. ) ;
#702 = DIRECTION ( 'NONE',  ( 0.000000000000000000, 0.000000000000000000, 1.000000000000000000 ) ) ;
#703 = CARTESIAN_POINT ( 'NONE',  ( 3.596886675976465941, -7.172403200430854220, 5.000030389005888587 ) ) ;
#704 = VERTEX_POINT ( 'NONE', #5320 ) ;
#705 = DIRECTION ( 'NONE',  ( 1.000000000000000000, 0.000000000000000000, 0.000000000000000000 ) ) ;
#706 = CARTESIAN_POINT ( 'NONE',  ( -8.759764171409091915, -3.584137014164506585, 5.000528580278295721 ) ) ;
#707 = CARTESIAN_POINT ( 'NONE',  ( 6.379070869377325259, 3.799492936814484079, 5.000000003298865181 ) ) ;
#708 = CIRCLE ( 'NONE', #3377, 16.93527874010844414 ) ;
#709 = DIRECTION ( 'NONE',  ( -0.8191520442889919096, 1.003171929053524870E-16, 0.5735764363510458264 ) ) ;
#710 = AXIS2_PLACEMENT_3D ( 'NONE', #2526, #6577, #1412 ) ;
#712 = CARTESIAN_POINT ( 'NONE',  ( 3.567205811383675762, -8.649429751033599345, 5.000113088761512614 ) ) ;
#711 = DIRECTION ( 'NONE',  ( -1.000000000000000000, 0.000000000000000000, 0.000000000000000000 ) ) ;
#713 = VERTEX_POINT ( 'NONE', #4745 ) ;
#714 = DIRECTION ( 'NONE',  ( 0.000000000000000000, 0.000000000000000000, -1.000000000000000000 ) ) ;
#715 = CARTESIAN_POINT ( 'NONE',  ( -1.734585306228884983E-12, -5.898988698056300596E-12, -6.500000000000000888 ) ) ;
#716 = VECTOR ( 'NONE', #5155, 1000.000000000000000 ) ;
#717 = VECTOR ( 'NONE', #2271, 1000.000000000000000 ) ;
#718 = LINE ( 'NONE', #4872, #2345 ) ;
#719 = CIRCLE ( 'NONE', #2785, 1.779502281109934803 ) ;
#720 = ORIENTED_EDGE ( 'NONE', *, *, #1575, .F. ) ;
#721 = CARTESIAN_POINT ( 'NONE',  ( -9.939567796041161414E-16, -1.084202172485504040E-15, 8.500000000000000000 ) ) ;
#722 = CARTESIAN_POINT ( 'NONE',  ( -3.656331077333399016, -9.097182519817694768, 4.999999967338816909 ) ) ;
#723 = DIRECTION ( 'NONE',  ( 0.000000000000000000, 0.000000000000000000, -1.000000000000000000 ) ) ;
#724 = ADVANCED_FACE ( 'NONE', ( #4177 ), #6477, .F. ) ;
#725 = AXIS2_PLACEMENT_3D ( 'NONE', #2571, #3093, #776 ) ;
#726 = CIRCLE ( 'NONE', #1211, 4.479999999999999538 ) ;
#727 = DIRECTION ( 'NONE',  ( 0.9594929736144977017, 0.2817325568414285608, 0.000000000000000000 ) ) ;
#728 = LINE ( 'NONE', #1878, #1320 ) ;
#729 = ORIENTED_EDGE ( 'NONE', *, *, #3050, .F. ) ;
#730 = CARTESIAN_POINT ( 'NONE',  ( -4.514003015962602561, -5.137792413312211259, 5.971671770294999071 ) ) ;
#731 = AXIS2_PLACEMENT_3D ( 'NONE', #4733, #138, #4802 ) ;
#732 = CARTESIAN_POINT ( 'NONE',  ( 7.228072953726396577, -15.31530696332195163, -6.500000000000000888 ) ) ;
#733 = CARTESIAN_POINT ( 'NONE',  ( 2.819146377784143009, -6.225180055987139305, 7.970468809698984636 ) ) ;
#734 = CIRCLE ( 'NONE', #2086, 1.779502281109934358 ) ;
#735 = EDGE_CURVE ( 'NONE', #6110, #7350, #6661, .T. ) ;
#736 = EDGE_CURVE ( 'NONE', #5916, #7284, #3965, .T. ) ;
#737 = ORIENTED_EDGE ( 'NONE', *, *, #862, .T. ) ;
#738 = EDGE_CURVE ( 'NONE', #3743, #6547, #2056, .T. ) ;
#739 = DIRECTION ( 'NONE',  ( 0.000000000000000000, 0.000000000000000000, -1.000000000000000000 ) ) ;
#740 = DIRECTION ( 'NONE',  ( -0.000000000000000000, -0.000000000000000000, 1.000000000000000000 ) ) ;
#741 = CARTESIAN_POINT ( 'NONE',  ( -2.143592709476539682, 16.36548919478289932, 3.500000000000000000 ) ) ;
#742 = CARTESIAN_POINT ( 'NONE',  ( 3.526712426731521521, -7.751722224613423862, 5.000114342398616962 ) ) ;
#743 = ORIENTED_EDGE ( 'NONE', *, *, #4612, .F. ) ;
#744 = LINE ( 'NONE', #3734, #4801 ) ;
#745 = EDGE_CURVE ( 'NONE', #4942, #2771, #1186, .T. ) ;
#746 = EDGE_CURVE ( 'NONE', #2052, #4586, #3497, .T. ) ;
#747 = CARTESIAN_POINT ( 'NONE',  ( 2.620464622285425094, 16.73131289434634894, 3.500000000000000000 ) ) ;
#748 = CARTESIAN_POINT ( 'NONE',  ( 4.832161620284266768, 4.832161620284268544, 5.000000000000000000 ) ) ;
#749 = DIRECTION ( 'NONE',  ( -0.8412535328311819827, -0.5406408174555963342, 0.000000000000000000 ) ) ;
#750 = B_SPLINE_CURVE_WITH_KNOTS ( 'NONE', 3,
 ( #6845, #1771, #552, #2911 ),
 .UNSPECIFIED., .F., .F.,
 ( 4, 4 ),
 ( 0.002681209170511057900, 0.004275213244551991434 ),
 .UNSPECIFIED. ) ;
#752 = CARTESIAN_POINT ( 'NONE',  ( -2.620464622285429979, 16.73131289434634894, 3.500000000000000000 ) ) ;
#751 = CARTESIAN_POINT ( 'NONE',  ( -8.063722046981236957, 3.520344970375223870, 5.000107538685481856 ) ) ;
#753 = ORIENTED_EDGE ( 'NONE', *, *, #4416, .T. ) ;
#754 = CARTESIAN_POINT ( 'NONE',  ( -4.648460088740601096E-12, -4.024757464465025360E-12, -6.500000000000000888 ) ) ;
#755 = CARTESIAN_POINT ( 'NONE',  ( 13.99609199792524095, -8.748350420181520093, 3.500000000000000000 ) ) ;
#756 = EDGE_CURVE ( 'NONE', #5208, #314, #4686, .T. ) ;
#757 = CARTESIAN_POINT ( 'NONE',  ( -4.186211671119457023, -5.401412637313733001, 6.673059687648591698 ) ) ;
#758 = LINE ( 'NONE', #4873, #1187 ) ;
#759 = ORIENTED_EDGE ( 'NONE', *, *, #7262, .T. ) ;
#760 = CARTESIAN_POINT ( 'NONE',  ( -6.505213034913029562E-16, 1.058181320345851949E-13, 3.500000000000000000 ) ) ;
#761 = CARTESIAN_POINT ( 'NONE',  ( -8.724398107210218356, -3.577238393823568341, 4.999999999999938716 ) ) ;
#762 = DIRECTION ( 'NONE',  ( -1.000000000000000000, 0.000000000000000000, 0.000000000000000000 ) ) ;
#763 = ADVANCED_FACE ( 'NONE', ( #4933 ), #3211, .T. ) ;
#764 = VERTEX_POINT ( 'NONE', #443 ) ;
#765 = CARTESIAN_POINT ( 'NONE',  ( 16.18808125472154913, -4.974906159487160195, 3.500000000000000000 ) ) ;
#766 = DIRECTION ( 'NONE',  ( 0.000000000000000000, 0.000000000000000000, 1.000000000000000000 ) ) ;
#767 = ORIENTED_EDGE ( 'NONE', *, *, #2042, .T. ) ;
#768 = CARTESIAN_POINT ( 'NONE',  ( -6.505213034913029562E-16, 1.058181320345851949E-13, 3.500000000000000000 ) ) ;
#769 = CARTESIAN_POINT ( 'NONE',  ( -4.175360417966413884, 5.409803796333865655, 6.694115939614830424 ) ) ;
#770 = DIRECTION ( 'NONE',  ( 0.6548607339452848786, -0.7557495743542584909, 0.000000000000000000 ) ) ;
#771 = ORIENTED_EDGE ( 'NONE', *, *, #4879, .F. ) ;
#772 = VERTEX_POINT ( 'NONE', #2612 ) ;
#773 = AXIS2_PLACEMENT_3D ( 'NONE', #1638, #3970, #3936 ) ;
#774 = CARTESIAN_POINT ( 'NONE',  ( 3.483972017642640306, 5.878915015192637483, 7.621733645326704831 ) ) ;
#775 = CARTESIAN_POINT ( 'NONE',  ( -2.385244779468109755E-15, -6.148727360599790323E-12, 3.500000000000000000 ) ) ;
#776 = DIRECTION ( 'NONE',  ( -1.000000000000000000, 0.000000000000000000, 0.000000000000000000 ) ) ;
#777 = LINE ( 'NONE', #5317, #4723 ) ;
#778 = EDGE_CURVE ( 'NONE', #1635, #1987, #6143, .T. ) ;
#779 = ORIENTED_EDGE ( 'NONE', *, *, #6549, .F. ) ;
#780 = ORIENTED_EDGE ( 'NONE', *, *, #7234, .T. ) ;
#781 = CARTESIAN_POINT ( 'NONE',  ( 8.759764172009910865, 3.584137014266641774, 5.000528580277470603 ) ) ;
#782 = CYLINDRICAL_SURFACE ( 'NONE', #465, 16.93527874010839795 ) ;
#783 = CARTESIAN_POINT ( 'NONE',  ( -6.841155559148050180, -15.49200621677865009, 3.500000000000000000 ) ) ;
#785 = CARTESIAN_POINT ( 'NONE',  ( 3.521004381143230333, -8.099863871944908311, 5.000105719197554421 ) ) ;
#784 = CARTESIAN_POINT ( 'NONE',  ( -8.959466341804999345, 3.623580985139708943, 5.000356323302300510 ) ) ;
#786 = ORIENTED_EDGE ( 'NONE', *, *, #50, .T. ) ;
#787 = CARTESIAN_POINT ( 'NONE',  ( -8.970108147836139523, 14.04247977380171974, -6.500000000000000888 ) ) ;
#788 = ORIENTED_EDGE ( 'NONE', *, *, #4822, .T. ) ;
#789 = CIRCLE ( 'NONE', #5008, 1.779502281109931028 ) ;
#790 = CARTESIAN_POINT ( 'NONE',  ( -8.970108147836139523, -14.04247977380171974, 3.501999999999999780 ) ) ;
#791 = CIRCLE ( 'NONE', #7399, 2.149999999999999023 ) ;
#792 = ADVANCED_FACE ( 'NONE', ( #1148 ), #2793, .T. ) ;
#793 = ORIENTED_EDGE ( 'NONE', *, *, #418, .T. ) ;
#794 = DIRECTION ( 'NONE',  ( 0.000000000000000000, 0.000000000000000000, -1.000000000000000000 ) ) ;
#795 = AXIS2_PLACEMENT_3D ( 'NONE', #1687, #1649, #4016 ) ;
#796 = CARTESIAN_POINT ( 'NONE',  ( 10.65115639612649900, -12.60861188687840162, 3.501999999999999780 ) ) ;
#797 = EDGE_LOOP ( 'NONE', ( #6853, #2470, #4454, #1354 ) ) ;
#798 = CARTESIAN_POINT ( 'NONE',  ( -3.729923202622392076, -5.797755159372716349, 5.532328607652366337 ) ) ;
#799 = DIRECTION ( 'NONE',  ( 0.000000000000000000, 0.000000000000000000, 1.000000000000000000 ) ) ;
#800 = DIRECTION ( 'NONE',  ( 0.000000000000000000, 0.000000000000000000, -1.000000000000000000 ) ) ;
#801 = DIRECTION ( 'NONE',  ( 0.000000000000000000, 0.000000000000000000, 1.000000000000000000 ) ) ;
#802 = ADVANCED_FACE ( 'NONE', ( #6358 ), #3431, .T. ) ;
#803 = VERTEX_POINT ( 'NONE', #2829 ) ;
#804 = DIRECTION ( 'NONE',  ( 0.000000000000000000, 0.000000000000000000, -1.000000000000000000 ) ) ;
#805 = CARTESIAN_POINT ( 'NONE',  ( 3.593486421468459202, 8.812565275699043355, 5.000660888124087045 ) ) ;
#806 = CARTESIAN_POINT ( 'NONE',  ( 14.22574330189359948, 8.384811868462952233, 3.500000000000000000 ) ) ;
#807 = ORIENTED_EDGE ( 'NONE', *, *, #5701, .T. ) ;
#808 = CARTESIAN_POINT ( 'NONE',  ( 4.561424929357681179, 14.22356227891014058, 3.501999999999999780 ) ) ;
#809 = FACE_OUTER_BOUND ( 'NONE', #2447, .T. ) ;
#810 = CARTESIAN_POINT ( 'NONE',  ( 3.852523501034209819, -14.43171451914776071, 3.501999999999999780 ) ) ;
#811 = CARTESIAN_POINT ( 'NONE',  ( -5.850000000000001421, -8.000000000000000000, -7.500000000000000888 ) ) ;
#812 = VERTEX_POINT ( 'NONE', #628 ) ;
#813 = CARTESIAN_POINT ( 'NONE',  ( -14.13075718784739898, -9.334097026668949582, 3.500000000000000000 ) ) ;
#814 = CYLINDRICAL_SURFACE ( 'NONE', #5995, 14.93707874011463588 ) ;
#815 = DIRECTION ( 'NONE',  ( 0.000000000000000000, 0.000000000000000000, -1.000000000000000000 ) ) ;
#816 = CARTESIAN_POINT ( 'NONE',  ( 9.047171303507051121, -13.99295429087458054, -6.500000000000000888 ) ) ;
#818 = CARTESIAN_POINT ( 'NONE',  ( 3.522888413360861115, -8.163067970353765190, 5.000067778597926171 ) ) ;
#817 = CARTESIAN_POINT ( 'NONE',  ( -7.317293147696258160, 3.572042449083569160, 5.000274833340379921 ) ) ;
#819 = CIRCLE ( 'NONE', #6487, 14.93707874011463410 ) ;
#820 = EDGE_LOOP ( 'NONE', ( #6756, #6923, #5349, #6769 ) ) ;
#821 = FILL_AREA_STYLE_COLOUR ( '', #548 ) ;
#822 = ORIENTED_EDGE ( 'NONE', *, *, #3147, .F. ) ;
#823 = CARTESIAN_POINT ( 'NONE',  ( 4.832161620284266768, 4.832161620284267656, 5.000000000000000000 ) ) ;
#824 = EDGE_LOOP ( 'NONE', ( #563, #1121, #5781, #3828 ) ) ;
#825 = EDGE_CURVE ( 'NONE', #764, #2694, #5198, .T. ) ;
#826 = AXIS2_PLACEMENT_3D ( 'NONE', #2422, #4712, #705 ) ;
#827 = AXIS2_PLACEMENT_3D ( 'NONE', #543, #6799, #1642 ) ;
#828 = LINE ( 'NONE', #5956, #3492 ) ;
#829 = EDGE_CURVE ( 'NONE', #4014, #3629, #65, .T. ) ;
#830 = DIRECTION ( 'NONE',  ( 0.000000000000000000, 0.000000000000000000, -1.000000000000000000 ) ) ;
#831 = EDGE_CURVE ( 'NONE', #4020, #4898, #478, .T. ) ;
#832 = VERTEX_POINT ( 'NONE', #3947 ) ;
#833 = CYLINDRICAL_SURFACE ( 'NONE', #319, 16.93527874010839795 ) ;
#834 = CARTESIAN_POINT ( 'NONE',  ( 8.611368154564294386, -3.561902120438013242, 5.000008670686005630 ) ) ;
#835 = CIRCLE ( 'NONE', #3502, 16.93527874010839795 ) ;
#836 = VECTOR ( 'NONE', #3302, 1000.000000000000000 ) ;
#837 = CARTESIAN_POINT ( 'NONE',  ( -9.939567796041161414E-16, -1.084202172485504040E-15, -49.29287896814600600 ) ) ;
#838 = ORIENTED_EDGE ( 'NONE', *, *, #2606, .T. ) ;
#839 = VECTOR ( 'NONE', #2984, 1000.000000000000000 ) ;
#840 = EDGE_CURVE ( 'NONE', #4906, #5783, #2063, .T. ) ;
#841 = FACE_OUTER_BOUND ( 'NONE', #1264, .T. ) ;
#842 = EDGE_LOOP ( 'NONE', ( #2987, #5442, #4040, #4326 ) ) ;
#843 = DIRECTION ( 'NONE',  ( 0.6548607339452872100, -0.7557495743542563815, 0.000000000000000000 ) ) ;
#844 = CARTESIAN_POINT ( 'NONE',  ( 3.519990403020083924, 8.032344871660837882, 5.000114028367206309 ) ) ;
#845 = ORIENTED_EDGE ( 'NONE', *, *, #6729, .F. ) ;
#846 = CARTESIAN_POINT ( 'NONE',  ( -14.83309173315054252, 1.759463248875127395, -6.500000000000000888 ) ) ;
#847 = VECTOR ( 'NONE', #6125, 1000.000000000000000 ) ;
#848 = EDGE_LOOP ( 'NONE', ( #7111, #4945 ) ) ;
#849 = ORIENTED_EDGE ( 'NONE', *, *, #7044, .F. ) ;
#850 = CARTESIAN_POINT ( 'NONE',  ( 2.912633191706234914, 6.224080526760493726, 5.723952351794843629 ) ) ;
#851 = CARTESIAN_POINT ( 'NONE',  ( -4.832161620284268544, 4.832161620284266768, 5.000000000000000000 ) ) ;
#852 = DIRECTION ( 'NONE',  ( -1.000000000000000000, 0.000000000000000000, 0.000000000000000000 ) ) ;
#853 = VECTOR ( 'NONE', #2559, 1000.000000000000000 ) ;
#854 = ORIENTED_EDGE ( 'NONE', *, *, #884, .F. ) ;
#855 = VECTOR ( 'NONE', #5351, 1000.000000000000000 ) ;
#856 = CARTESIAN_POINT ( 'NONE',  ( -6.319572999273323610, -2.601172726903588028, 8.000000000000000000 ) ) ;
#857 = EDGE_CURVE ( 'NONE', #5868, #1318, #4511, .T. ) ;
#858 = VECTOR ( 'NONE', #5359, 1000.000000000000000 ) ;
#859 = CARTESIAN_POINT ( 'NONE',  ( -9.939567796041161414E-16, -1.084202172485504040E-15, 8.500000000000000000 ) ) ;
#860 = CARTESIAN_POINT ( 'NONE',  ( 3.604106497803604370, -8.867232516745149340, 5.000598948914970698 ) ) ;
#861 = CYLINDRICAL_SURFACE ( 'NONE', #5310, 14.93707874011464121 ) ;
#862 = EDGE_CURVE ( 'NONE', #6247, #6907, #5120, .T. ) ;
#864 = ORIENTED_EDGE ( 'NONE', *, *, #2698, .T. ) ;
#863 = CARTESIAN_POINT ( 'NONE',  ( -3.522464321280883492, -7.851465280305705896, 4.999997136906691786 ) ) ;
#865 = VERTEX_POINT ( 'NONE', #5085 ) ;
#866 = ORIENTED_EDGE ( 'NONE', *, *, #2206, .F. ) ;
#867 = ORIENTED_EDGE ( 'NONE', *, *, #2121, .F. ) ;
#868 = CARTESIAN_POINT ( 'NONE',  ( -6.505213034913029562E-16, 1.058181320345851949E-13, 3.500000000000000000 ) ) ;
#869 = ORIENTED_EDGE ( 'NONE', *, *, #6868, .F. ) ;
#870 = DIRECTION ( 'NONE',  ( -1.000000000000000000, 0.000000000000000000, 0.000000000000000000 ) ) ;
#871 = CARTESIAN_POINT ( 'NONE',  ( 16.49980648923040150, -2.326040455249440253, 3.501999999999999780 ) ) ;
#872 = ORIENTED_EDGE ( 'NONE', *, *, #7136, .F. ) ;
#873 = VECTOR ( 'NONE', #3488, 1000.000000000000000 ) ;
#874 = VERTEX_POINT ( 'NONE', #1689 ) ;
#875 = FACE_OUTER_BOUND ( 'NONE', #1586, .T. ) ;
#876 = CARTESIAN_POINT ( 'NONE',  ( 7.371067211433313560, -3.563941666836124789, 5.000366917371478870 ) ) ;
#877 = CARTESIAN_POINT ( 'NONE',  ( -6.224080526758794640, -2.912633191709627312, 5.723952351796596894 ) ) ;
#878 = CYLINDRICAL_SURFACE ( 'NONE', #1458, 14.93707874011463943 ) ;
#879 = ORIENTED_EDGE ( 'NONE', *, *, #355, .F. ) ;
#880 = LINE ( 'NONE', #4391, #6423 ) ;
#881 = CIRCLE ( 'NONE', #3898, 16.93527874010839795 ) ;
#882 = DIRECTION ( 'NONE',  ( -1.000000000000000000, -1.224646799147151308E-16, 0.000000000000000000 ) ) ;
#883 = DIRECTION ( 'NONE',  ( -0.000000000000000000, -0.000000000000000000, 1.000000000000000000 ) ) ;
#884 = EDGE_CURVE ( 'NONE', #1741, #2432, #5664, .T. ) ;
#885 = CARTESIAN_POINT ( 'NONE',  ( 6.304942727231289012, 2.658421779005474939, 5.543164213641712301 ) ) ;
#886 = DIRECTION ( 'NONE',  ( 0.000000000000000000, 0.000000000000000000, -1.000000000000000000 ) ) ;
#887 = CYLINDRICAL_SURFACE ( 'NONE', #3640, 0.4300000000000001599 ) ;
#888 = DIRECTION ( 'NONE',  ( 0.000000000000000000, 0.000000000000000000, -1.000000000000000000 ) ) ;
#889 = ADVANCED_FACE ( 'NONE', ( #2333 ), #4624, .T. ) ;
#890 = VERTEX_POINT ( 'NONE', #1651 ) ;
#891 = DIRECTION ( 'NONE',  ( -0.4154150130018872122, 0.9096319953545179970, 0.000000000000000000 ) ) ;
#892 = CIRCLE ( 'NONE', #7016, 14.93707874011463410 ) ;
#893 = DIRECTION ( 'NONE',  ( 0.000000000000000000, 0.000000000000000000, 1.000000000000000000 ) ) ;
#894 = CARTESIAN_POINT ( 'NONE',  ( 15.89384706209390252, -4.450825974518244799, 3.500000000000000000 ) ) ;
#895 = DIRECTION ( 'NONE',  ( -1.000000000000000000, 0.000000000000000000, 0.000000000000000000 ) ) ;
#897 = EDGE_LOOP ( 'NONE', ( #5777, #4289, #4447, #771 ) ) ;
#896 = CARTESIAN_POINT ( 'NONE',  ( -7.599752063918968403, 3.536958032825046949, 5.000396278386486593 ) ) ;
#898 = ADVANCED_FACE ( 'NONE', ( #4054 ), #2297, .T. ) ;
#899 = ORIENTED_EDGE ( 'NONE', *, *, #4648, .F. ) ;
#900 = EDGE_CURVE ( 'NONE', #6609, #4620, #5754, .T. ) ;
#901 = ORIENTED_EDGE ( 'NONE', *, *, #6781, .T. ) ;
#902 = CARTESIAN_POINT ( 'NONE',  ( 2.199438168349950207, 16.79184735961995045, 3.500000000000000000 ) ) ;
#903 = EDGE_LOOP ( 'NONE', ( #2725, #2601, #6225, #4979, #1507, #7264, #4050, #4491, #4377, #5226, #1445, #5935, #5857, #7432, #5471, #7303, #3522, #2716, #5244, #7348, #1787, #6613, #442, #4456, #5295, #4849, #1995, #5522, #864, #3760, #5261, #5936, #2568, #5305, #4556, #1958, #1158, #574, #1573, #2995, #5555, #4597, #1061, #3171, #2100, #4641, #1495, #1051, #1540, #5753, #4127, #5592, #3456, #6033, #2369, #7123, #2266, #5418, #1541, #1750, #793, #1115, #168, #2093, #5605, #6476, #2353, #1842, #3296, #6235, #242, #6025, #4253, #4390, #1659, #2107, #2840, #4072, #3560, #1770, #6615, #642, #938, #4428, #4302, #265, #453, #6353, #5368, #1584, #7006, #7333, #5704, #5813, #6968, #4778, #7239, #2963, #3801, #4091, #6803, #33, #5580, #2839, #5740, #6115, #915, #1469, #1285, #3242, #4384, #5759, #3198, #4520, #3153, #3852, #4637, #6572, #3391, #5344, #7086, #3780, #4261, #3234, #90, #2265, #52, #3318, #2167, #7326, #6445, #1134, #178 ) ) ;
#904 = TOROIDAL_SURFACE ( 'NONE', #4036, 9.833708498984762514, 3.000000000000000000 ) ;
#905 = CARTESIAN_POINT ( 'NONE',  ( 3.606734626496729934, -7.122720478993614712, 5.000000000000000000 ) ) ;
#906 = ORIENTED_EDGE ( 'NONE', *, *, #5721, .T. ) ;
#907 = CARTESIAN_POINT ( 'NONE',  ( -7.434285267090300131, -14.74477009411852002, 3.501999999999999780 ) ) ;
#908 = ORIENTED_EDGE ( 'NONE', *, *, #1791, .T. ) ;
#909 = VERTEX_POINT ( 'NONE', #1076 ) ;
#910 = CARTESIAN_POINT ( 'NONE',  ( 12.56297947147814043, 10.94648917145241995, 3.501999999999999780 ) ) ;
#911 = CARTESIAN_POINT ( 'NONE',  ( -5.688475846301200178, 3.787253832621082505, 7.304140152663250340 ) ) ;
#912 = CARTESIAN_POINT ( 'NONE',  ( -6.304942727230918642, -2.658421779006718388, 5.543164213643732019 ) ) ;
#913 = VERTEX_POINT ( 'NONE', #1114 ) ;
#914 = DIRECTION ( 'NONE',  ( 0.000000000000000000, 0.000000000000000000, 1.000000000000000000 ) ) ;
#915 = ORIENTED_EDGE ( 'NONE', *, *, #3532, .T. ) ;
#916 = CARTESIAN_POINT ( 'NONE',  ( -6.667453257840990410, 15.09865203729069805, 3.501999999999999780 ) ) ;
#917 = CARTESIAN_POINT ( 'NONE',  ( 2.385244779467354815E-15, 6.148727360599790323E-12, 3.500000000000000000 ) ) ;
#918 = ORIENTED_EDGE ( 'NONE', *, *, #2764, .T. ) ;
#919 = CARTESIAN_POINT ( 'NONE',  ( 4.024044829342218854, -5.523288093950185385, 6.963589640636605793 ) ) ;
#920 = EDGE_CURVE ( 'NONE', #1941, #7168, #5178, .T. ) ;
#921 = CARTESIAN_POINT ( 'NONE',  ( -3.530535871768834433, -7.599716546540823181, 5.000000000000000000 ) ) ;
#922 = CARTESIAN_POINT ( 'NONE',  ( -9.939567796041161414E-16, -1.084202172485504040E-15, 8.000000000000000000 ) ) ;
#923 = CARTESIAN_POINT ( 'NONE',  ( -10.32400093086860160, 12.88766260189612112, 3.501999999999999780 ) ) ;
#924 = EDGE_CURVE ( 'NONE', #4606, #3698, #750, .T. ) ;
#925 = CARTESIAN_POINT ( 'NONE',  ( -4.645336082446750647E-12, 4.028362759918650412E-12, 3.500000000000000000 ) ) ;
#926 = VERTEX_POINT ( 'NONE', #6917 ) ;
#927 = CARTESIAN_POINT ( 'NONE',  ( -5.914853275653952025, -3.422607620296258979, 7.672563591049450515 ) ) ;
#928 = CARTESIAN_POINT ( 'NONE',  ( -13.42962847247680003, 6.539220166001540768, 3.500000000000000000 ) ) ;
#929 = CARTESIAN_POINT ( 'NONE',  ( 3.598617547462032551, -8.839129282979632407, 5.000636167703015111 ) ) ;
#930 = DIRECTION ( 'NONE',  ( 0.000000000000000000, 0.000000000000000000, -1.000000000000000000 ) ) ;
#932 = VERTEX_POINT ( 'NONE', #1370 ) ;
#931 = DIRECTION ( 'NONE',  ( 0.8412535328311795402, -0.5406408174555999979, 0.000000000000000000 ) ) ;
#933 = ORIENTED_EDGE ( 'NONE', *, *, #2777, .F. ) ;
#934 = ORIENTED_EDGE ( 'NONE', *, *, #1, .T. ) ;
#935 = DIRECTION ( 'NONE',  ( 0.000000000000000000, 0.000000000000000000, 1.000000000000000000 ) ) ;
#936 = ORIENTED_EDGE ( 'NONE', *, *, #7281, .T. ) ;
#937 = CIRCLE ( 'NONE', #3003, 14.93707874011463943 ) ;
#938 = ORIENTED_EDGE ( 'NONE', *, *, #7108, .T. ) ;
#939 = CARTESIAN_POINT ( 'NONE',  ( -3.051764047569380356, -6.114889224184744343, 7.897727423024925919 ) ) ;
#940 = CARTESIAN_POINT ( 'NONE',  ( -15.13807291325679927, 6.963679117709849820, -6.500000000000000888 ) ) ;
#941 = AXIS2_PLACEMENT_3D ( 'NONE', #6833, #1719, #3420 ) ;
#942 = ORIENTED_EDGE ( 'NONE', *, *, #50, .F. ) ;
#943 = CARTESIAN_POINT ( 'NONE',  ( 7.044546516529879732, 14.92643931636489896, -6.500000000000000888 ) ) ;
#944 = CARTESIAN_POINT ( 'NONE',  ( -3.554456832365961994, 8.555664688778021443, 5.000009597961547314 ) ) ;
#945 = AXIS2_PLACEMENT_3D ( 'NONE', #6702, #1587, #4448 ) ;
#946 = CIRCLE ( 'NONE', #231, 2.149999999999999023 ) ;
#947 = DIRECTION ( 'NONE',  ( -0.6548607339452852116, 0.7557495743542581579, 0.000000000000000000 ) ) ;
#948 = AXIS2_PLACEMENT_3D ( 'NONE', #1338, #214, #770 ) ;
#949 = CIRCLE ( 'NONE', #1312, 0.4299999999999995492 ) ;
#950 = EDGE_CURVE ( 'NONE', #40, #713, #4371, .T. ) ;
#951 = ORIENTED_EDGE ( 'NONE', *, *, #1371, .T. ) ;
#952 = CYLINDRICAL_SURFACE ( 'NONE', #2718, 0.4299999999999997713 ) ;
#953 = EDGE_CURVE ( 'NONE', #4734, #4079, #6253, .T. ) ;
#954 = CARTESIAN_POINT ( 'NONE',  ( 3.594911699843561514, -8.860594278221231690, 5.000000000000222933 ) ) ;
#955 = VERTEX_POINT ( 'NONE', #6988 ) ;
#956 = CARTESIAN_POINT ( 'NONE',  ( 3.988608674800210974, -5.548974055479366285, 7.020642115290258722 ) ) ;
#957 = ORIENTED_EDGE ( 'NONE', *, *, #4846, .T. ) ;
#958 = CIRCLE ( 'NONE', #6860, 0.4299999999999555844 ) ;
#959 = CARTESIAN_POINT ( 'NONE',  ( -3.533857191262356423, -5.851470600370954678, 7.590139390701814648 ) ) ;
#960 = EDGE_LOOP ( 'NONE', ( #4626, #3231, #6912, #3850 ) ) ;
#961 = CARTESIAN_POINT ( 'NONE',  ( 8.000000000000000000, 8.000000000000000000, -7.500000000000000888 ) ) ;
#962 = CARTESIAN_POINT ( 'NONE',  ( 12.62296808693507977, 10.87725861868353938, 3.500000000000000000 ) ) ;
#963 = CARTESIAN_POINT ( 'NONE',  ( 2.143592709476545011, -16.36548919478289932, -6.500000000000000888 ) ) ;
#964 = CIRCLE ( 'NONE', #1206, 1.779502281109934358 ) ;
#965 = ORIENTED_EDGE ( 'NONE', *, *, #4714, .T. ) ;
#966 = EDGE_CURVE ( 'NONE', #2587, #6401, #835, .T. ) ;
#967 = CARTESIAN_POINT ( 'NONE',  ( -3.322246390948880127E-12, 5.173928175207720182E-12, -6.500000000000000888 ) ) ;
#968 = VECTOR ( 'NONE', #5892, 1000.000000000000000 ) ;
#969 = CIRCLE ( 'NONE', #3525, 16.93527874010839795 ) ;
#970 = DIRECTION ( 'NONE',  ( 0.8412535328311813165, 0.5406408174555972224, 0.000000000000000000 ) ) ;
#971 = CARTESIAN_POINT ( 'NONE',  ( 3.620919075153283817, -8.947941254477758122, 5.000390565534848619 ) ) ;
#972 = CARTESIAN_POINT ( 'NONE',  ( -6.505213034913029562E-16, 1.058181320345851949E-13, 3.500000000000000000 ) ) ;
#973 = CIRCLE ( 'NONE', #3033, 14.93707874011463410 ) ;
#974 = CARTESIAN_POINT ( 'NONE',  ( -7.122720479011233508, 3.606734626493210527, 5.000000000000000000 ) ) ;
#975 = VERTEX_POINT ( 'NONE', #5970 ) ;
#976 = B_SPLINE_CURVE_WITH_KNOTS ( 'NONE', 3,
 ( #160, #1278, #2851, #1861, #3634, #3103, #195, #784, #6872, #4573, #5140, #2280, #7417, #3598, #2541, #2504, #2993, #4148, #6452, #7068, #4751, #1715, #6417, #1239, #1352, #1930, #3566, #5844, #676, #4181, #5873, #3027, #5327, #2468, #1897, #5914, #751, #3065, #4221, #3669, #5949, #342, #4442, #2013, #2159, #4408, #3182, #2723, #4941, #3293, #7293, #1385, #3704, #2048, #896, #5476, #413, #6586, #4296, #5982, #6698, #5513, #6629, #817, #308, #4374, #974 ),
 .UNSPECIFIED., .F., .F.,
 ( 4, 2, 1, 1, 2, 2, 2, 1, 2, 2, 2, 1, 2, 2, 1, 1, 1, 2, 2, 1, 1, 1, 1, 2, 2, 2, 2, 2, 2, 2, 1, 1, 2, 2, 2, 2, 1, 1, 2, 2, 4 ),
 ( 0.000000000000000000, 0.01562500000000420150, 0.02343750000000589112, 0.02734375000000710196, 0.02929687500000804218, 0.03125000000000897893, 0.06250000000001181000, 0.07812500000001318390, 0.08593750000001312839, 0.09375000000001307288, 0.1093750000000118933, 0.1171875000000113104, 0.1210937500000121292, 0.1250000000000129619, 0.1875000000000115463, 0.2187500000000119349, 0.2343750000000121569, 0.2421875000000122402, 0.2500000000000123235, 0.3125000000000078271, 0.3437500000000068834, 0.3593750000000064393, 0.3671875000000048295, 0.3710937500000040523, 0.3750000000000032196, 0.4062500000000049960, 0.4218750000000058842, 0.4375000000000067168, 0.5000000000000102141, 0.5625000000000072164, 0.5937500000000075495, 0.6093750000000076605, 0.6171875000000077716, 0.6250000000000078826, 0.7500000000000025535, 0.8125000000000000000, 0.8437499999999987788, 0.8593749999999980016, 0.8671874999999976685, 0.8749999999999973355, 1.000000000000000000 ),
 .UNSPECIFIED. ) ;
#977 = DIRECTION ( 'NONE',  ( 1.000000000000000000, 0.000000000000000000, 0.000000000000000000 ) ) ;
#978 = ORIENTED_EDGE ( 'NONE', *, *, #153, .F. ) ;
#979 = EDGE_CURVE ( 'NONE', #7, #3822, #245, .T. ) ;
#980 = AXIS2_PLACEMENT_3D ( 'NONE', #925, #4818, #6126 ) ;
#981 = EDGE_CURVE ( 'NONE', #926, #2149, #5773, .T. ) ;
#982 = AXIS2_PLACEMENT_3D ( 'NONE', #1851, #740, #5901 ) ;
#983 = CARTESIAN_POINT ( 'NONE',  ( -3.513421210607068801, -5.861429229740448221, 7.596150490173283920 ) ) ;
#984 = CYLINDRICAL_SURFACE ( 'NONE', #2664, 16.93527874010839795 ) ;
#985 = ORIENTED_EDGE ( 'NONE', *, *, #5944, .F. ) ;
#986 = AXIS2_PLACEMENT_3D ( 'NONE', #775, #1413, #1455 ) ;
#987 = CARTESIAN_POINT ( 'NONE',  ( -7.228072953726420558, 15.31530696332200137, 3.500000000000000000 ) ) ;
#988 = DIRECTION ( 'NONE',  ( -1.000000000000000000, 0.000000000000000000, 0.000000000000000000 ) ) ;
#989 = AXIS2_PLACEMENT_3D ( 'NONE', #3460, #3350, #6906 ) ;
#990 = DIRECTION ( 'NONE',  ( 0.000000000000000000, 0.000000000000000000, -1.000000000000000000 ) ) ;
#991 = EDGE_CURVE ( 'NONE', #6062, #2804, #3588, .T. ) ;
#992 = ORIENTED_EDGE ( 'NONE', *, *, #7404, .F. ) ;
#993 = FACE_OUTER_BOUND ( 'NONE', #5696, .T. ) ;
#994 = FACE_OUTER_BOUND ( 'NONE', #1825, .T. ) ;
#995 = VERTEX_POINT ( 'NONE', #3123 ) ;
#996 = CARTESIAN_POINT ( 'NONE',  ( 3.638074703969259360, -5.784817049588978577, 7.474481872558164319 ) ) ;
#997 = CIRCLE ( 'NONE', #1231, 1.779502281109934803 ) ;
#998 = ORIENTED_EDGE ( 'NONE', *, *, #83, .F. ) ;
#999 = ADVANCED_FACE ( 'NONE', ( #2524 ), #5378, .F. ) ;
#1000 = CARTESIAN_POINT ( 'NONE',  ( -3.554563976613876353, -7.383982180583025468, 5.000000000001205258 ) ) ;
#1001 = EDGE_CURVE ( 'NONE', #7382, #6113, #1440, .T. ) ;
#1002 = CYLINDRICAL_SURFACE ( 'NONE', #136, 1.779502281109935469 ) ;
#1003 = ORIENTED_EDGE ( 'NONE', *, *, #3792, .T. ) ;
#1004 = DIRECTION ( 'NONE',  ( -1.000000000000000000, 0.000000000000000000, 0.000000000000000000 ) ) ;
#1005 = DIRECTION ( 'NONE',  ( 0.000000000000000000, 0.000000000000000000, -1.000000000000000000 ) ) ;
#1007 = VERTEX_POINT ( 'NONE', #2408 ) ;
#1006 = CYLINDRICAL_SURFACE ( 'NONE', #1274, 1.779502281109934803 ) ;
#1008 = DIRECTION ( 'NONE',  ( 0.000000000000000000, 0.000000000000000000, -1.000000000000000000 ) ) ;
#1009 = CARTESIAN_POINT ( 'NONE',  ( -16.49980648923040150, -2.326040455249445138, 3.500000000000000000 ) ) ;
#1010 = ADVANCED_FACE ( 'NONE', ( #6540 ), #5275, .F. ) ;
#1011 = LINE ( 'NONE', #7401, #2312 ) ;
#1012 = DIRECTION ( 'NONE',  ( 0.000000000000000000, 0.000000000000000000, 1.000000000000000000 ) ) ;
#1013 = EDGE_CURVE ( 'NONE', #6341, #2117, #5861, .T. ) ;
#1014 = CARTESIAN_POINT ( 'NONE',  ( -3.532258465052442897, -7.665128733433756558, 5.000270841769126839 ) ) ;
#1015 = ORIENTED_EDGE ( 'NONE', *, *, #6499, .F. ) ;
#1016 = ORIENTED_EDGE ( 'NONE', *, *, #2411, .T. ) ;
#1017 = FACE_OUTER_BOUND ( 'NONE', #4419, .T. ) ;
#1018 = AXIS2_PLACEMENT_3D ( 'NONE', #4994, #7275, #2282 ) ;
#1019 = CARTESIAN_POINT ( 'NONE',  ( -2.975588692851383499, -6.151930151478978814, 7.925570917602854593 ) ) ;
#1020 = DIRECTION ( 'NONE',  ( 0.1423148382732847550, -0.9898214418809329063, 0.000000000000000000 ) ) ;
#1021 = ADVANCED_FACE ( 'NONE', ( #1846 ), #2564, .T. ) ;
#1022 = VERTEX_POINT ( 'NONE', #660 ) ;
#1023 = ADVANCED_FACE ( 'NONE', ( #143 ), #4809, .T. ) ;
#1024 = DIRECTION ( 'NONE',  ( -1.000000000000000000, 0.000000000000000000, 0.000000000000000000 ) ) ;
#1025 = CARTESIAN_POINT ( 'NONE',  ( -6.341710652641938673, 2.546031784417539967, 8.000000000000000000 ) ) ;
#1026 = AXIS2_PLACEMENT_3D ( 'NONE', #3485, #5770, #4676 ) ;
#1027 = AXIS2_PLACEMENT_3D ( 'NONE', #7046, #4309, #6644 ) ;
#1028 = ORIENTED_EDGE ( 'NONE', *, *, #3706, .F. ) ;
#1029 = AXIS2_PLACEMENT_3D ( 'NONE', #3999, #6, #6297 ) ;
#1030 = CARTESIAN_POINT ( 'NONE',  ( 3.522428334399843486, 7.852074107283005588, 4.999997877618845621 ) ) ;
#1031 = ORIENTED_EDGE ( 'NONE', *, *, #6814, .T. ) ;
#1032 = FACE_OUTER_BOUND ( 'NONE', #960, .T. ) ;
#1033 = DIRECTION ( 'NONE',  ( 0.000000000000000000, 0.000000000000000000, -1.000000000000000000 ) ) ;
#1034 = EDGE_CURVE ( 'NONE', #2136, #3763, #2455, .T. ) ;
#1035 = CYLINDRICAL_SURFACE ( 'NONE', #2775, 14.93707874011464476 ) ;
#1036 = LINE ( 'NONE', #1765, #968 ) ;
#1037 = DIRECTION ( 'NONE',  ( 0.000000000000000000, 0.000000000000000000, 1.000000000000000000 ) ) ;
#1038 = CARTESIAN_POINT ( 'NONE',  ( -3.554563976611325504, 7.383982180606179391, 5.000000000000482281 ) ) ;
#1040 = CARTESIAN_POINT ( 'NONE',  ( 9.040844176427432544, -3.642428260972147225, 5.000129360179854210 ) ) ;
#1039 = CARTESIAN_POINT ( 'NONE',  ( -3.422607620284312979, 5.914853275660869159, 7.672563591058274568 ) ) ;
#1041 = CARTESIAN_POINT ( 'NONE',  ( -5.375033553631541672, -4.220324493232998186, 6.606867189338275992 ) ) ;
#1042 = CARTESIAN_POINT ( 'NONE',  ( -4.911170619408289362, -4.753152621160245062, 5.245541283971594027 ) ) ;
#1043 = CARTESIAN_POINT ( 'NONE',  ( 4.396834529549238368, -5.250036733679524836, 5.247028532305380466 ) ) ;
#1044 = LINE ( 'NONE', #3361, #7215 ) ;
#1045 = CARTESIAN_POINT ( 'NONE',  ( 5.437534149759200908, 4.139224423418272458, 6.762768792950851982 ) ) ;
#1046 = VERTEX_POINT ( 'NONE', #806 ) ;
#1047 = ORIENTED_EDGE ( 'NONE', *, *, #1531, .F. ) ;
#1048 = EDGE_LOOP ( 'NONE', ( #5291, #2306, #294, #3393 ) ) ;
#1049 = DIRECTION ( 'NONE',  ( -1.000000000000000000, 0.000000000000000000, 0.000000000000000000 ) ) ;
#1050 = EDGE_LOOP ( 'NONE', ( #6932, #7119, #96, #279 ) ) ;
#1051 = ORIENTED_EDGE ( 'NONE', *, *, #2935, .F. ) ;
#1052 = CARTESIAN_POINT ( 'NONE',  ( -4.045074642595412051, -5.507905066010047257, 6.928788853539252557 ) ) ;
#1053 = CARTESIAN_POINT ( 'NONE',  ( 7.414817519459846018, 2.976856263906687783, 5.600999472805470170 ) ) ;
#1054 = DIRECTION ( 'NONE',  ( -0.000000000000000000, -0.000000000000000000, 1.000000000000000000 ) ) ;
#1055 = ORIENTED_EDGE ( 'NONE', *, *, #3470, .T. ) ;
#1056 = CARTESIAN_POINT ( 'NONE',  ( -2.620464622285429979, 16.73131289434634894, 3.500000000000000000 ) ) ;
#1057 = CARTESIAN_POINT ( 'NONE',  ( -3.531632833241612257, 8.323977661471802847, 5.000021023410087473 ) ) ;
#1058 = EDGE_CURVE ( 'NONE', #4684, #3333, #7324, .T. ) ;
#1059 = EDGE_CURVE ( 'NONE', #4524, #1346, #5264, .T. ) ;
#1060 = EDGE_CURVE ( 'NONE', #4426, #2986, #5059, .T. ) ;
#1061 = ORIENTED_EDGE ( 'NONE', *, *, #1981, .T. ) ;
#1062 = CARTESIAN_POINT ( 'NONE',  ( 3.520313654892732735, 7.940701374772894283, 5.000049542766467958 ) ) ;
#1063 = ORIENTED_EDGE ( 'NONE', *, *, #1479, .F. ) ;
#1064 = CARTESIAN_POINT ( 'NONE',  ( -16.49980648923040150, -2.326040455249445138, 3.501999999999999780 ) ) ;
#1065 = DIRECTION ( 'NONE',  ( 1.000000000000000000, 0.000000000000000000, 0.000000000000000000 ) ) ;
#1066 = CARTESIAN_POINT ( 'NONE',  ( 11.25010580146154027, 12.65854594576690495, -6.500000000000000888 ) ) ;
#1067 = EDGE_CURVE ( 'NONE', #3159, #6394, #2663, .T. ) ;
#1068 = AXIS2_PLACEMENT_3D ( 'NONE', #1886, #259, #6472 ) ;
#1069 = DIRECTION ( 'NONE',  ( 0.4154150130018862130, 0.9096319953545184411, 0.000000000000000000 ) ) ;
#1070 = CARTESIAN_POINT ( 'NONE',  ( 6.274932216216098979, -15.27422889192055067, 3.500000000000000000 ) ) ;
#1071 = CARTESIAN_POINT ( 'NONE',  ( 14.36072198411763701, -8.976264818957258029, -6.500000000000000888 ) ) ;
#1072 = EDGE_LOOP ( 'NONE', ( #2201, #1063, #3125, #2567 ) ) ;
#1073 = CARTESIAN_POINT ( 'NONE',  ( -2.699210240646932490, 6.292243220303885387, 5.595749671970475347 ) ) ;
#1075 = CARTESIAN_POINT ( 'NONE',  ( 8.843415920610883774, -3.599316860539839347, 5.000650233107290177 ) ) ;
#1074 = CARTESIAN_POINT ( 'NONE',  ( -14.13075718784739898, 9.334097026668949582, 3.500000000000000000 ) ) ;
#1076 = CARTESIAN_POINT ( 'NONE',  ( -13.73654921516311944, 5.867157484472598661, -6.500000000000000888 ) ) ;
#1077 = CIRCLE ( 'NONE', #7208, 0.4300000000000067657 ) ;
#1078 = DIRECTION ( 'NONE',  ( -1.000000000000000000, 0.000000000000000000, 0.000000000000000000 ) ) ;
#1079 = FACE_OUTER_BOUND ( 'NONE', #3121, .T. ) ;
#1080 = DIRECTION ( 'NONE',  ( 0.000000000000000000, 0.000000000000000000, -1.000000000000000000 ) ) ;
#1081 = AXIS2_PLACEMENT_3D ( 'NONE', #5391, #2047, #307 ) ;
#1082 = CARTESIAN_POINT ( 'NONE',  ( 11.25010580146153849, 12.65854594576690140, 3.500000000000000000 ) ) ;
#1083 = ORIENTED_EDGE ( 'NONE', *, *, #1113, .F. ) ;
#1084 = CARTESIAN_POINT ( 'NONE',  ( 8.269201736718184037, 3.528032836501747038, 5.000008613011289071 ) ) ;
#1085 = EDGE_CURVE ( 'NONE', #5420, #4767, #6005, .T. ) ;
#1086 = EDGE_LOOP ( 'NONE', ( #3953, #3679, #1055, #387 ) ) ;
#1087 = CIRCLE ( 'NONE', #6980, 1.779502281109934358 ) ;
#1088 = ADVANCED_FACE ( 'NONE', ( #2708 ), #3764, .T. ) ;
#1089 = CARTESIAN_POINT ( 'NONE',  ( -8.001176383161933359, -3.519377603298921908, 5.000031197574575259 ) ) ;
#1090 = DIRECTION ( 'NONE',  ( 0.000000000000000000, 0.000000000000000000, 1.000000000000000000 ) ) ;
#1091 = EDGE_CURVE ( 'NONE', #6222, #5093, #479, .T. ) ;
#1092 = LINE ( 'NONE', #6217, #661 ) ;
#1093 = AXIS2_PLACEMENT_3D ( 'NONE', #7126, #1949, #95 ) ;
#1094 = ORIENTED_EDGE ( 'NONE', *, *, #5106, .F. ) ;
#1095 = LINE ( 'NONE', #6787, #7030 ) ;
#1096 = CARTESIAN_POINT ( 'NONE',  ( -3.581111894078169211, 8.744510664826673718, 5.000543933393110763 ) ) ;
#1097 = CIRCLE ( 'NONE', #264, 0.4300000000000004374 ) ;
#1098 = CONICAL_SURFACE ( 'NONE', #7229, 2.149999999999999911, 0.7853981633974490562 ) ;
#1099 = VECTOR ( 'NONE', #888, 1000.000000000000000 ) ;
#1100 = EDGE_CURVE ( 'NONE', #2906, #5698, #2899, .T. ) ;
#1101 = CARTESIAN_POINT ( 'NONE',  ( 11.25010580146150829, -12.65854594576686587, -6.500000000000000888 ) ) ;
#1102 = VERTEX_POINT ( 'NONE', #846 ) ;
#1103 = FACE_OUTER_BOUND ( 'NONE', #6292, .T. ) ;
#1104 = CYLINDRICAL_SURFACE ( 'NONE', #1670, 16.93527874010839795 ) ;
#1105 = DIRECTION ( 'NONE',  ( 0.000000000000000000, 0.000000000000000000, -1.000000000000000000 ) ) ;
#1106 = DIRECTION ( 'NONE',  ( 0.000000000000000000, 0.000000000000000000, 1.000000000000000000 ) ) ;
#1107 = DIRECTION ( 'NONE',  ( -0.000000000000000000, -0.000000000000000000, -1.000000000000000000 ) ) ;
#1108 = DIRECTION ( 'NONE',  ( -0.000000000000000000, -0.000000000000000000, 1.000000000000000000 ) ) ;
#1109 = ORIENTED_EDGE ( 'NONE', *, *, #4190, .F. ) ;
#1110 = CARTESIAN_POINT ( 'NONE',  ( -2.546031784417463584, 6.341710652641969759, 5.000000000000036415 ) ) ;
#1112 = VERTEX_POINT ( 'NONE', #4319 ) ;
#1111 = CARTESIAN_POINT ( 'NONE',  ( -3.656908037087490904, 5.772929885003051709, 7.454441950780306136 ) ) ;
#1113 = EDGE_CURVE ( 'NONE', #6328, #3322, #6614, .T. ) ;
#1114 = CARTESIAN_POINT ( 'NONE',  ( -6.833708498984765178, -1.084202172485504040E-15, 8.500000000000000000 ) ) ;
#1115 = ORIENTED_EDGE ( 'NONE', *, *, #2574, .T. ) ;
#1116 = LINE ( 'NONE', #1735, #354 ) ;
#1117 = CARTESIAN_POINT ( 'NONE',  ( 3.729923202616711730, -5.797755159377232737, 5.532328607654168451 ) ) ;
#1118 = CARTESIAN_POINT ( 'NONE',  ( 16.93394325256438293, 0.2126779821699002204, -6.500000000000000888 ) ) ;
#1119 = ORIENTED_EDGE ( 'NONE', *, *, #6439, .T. ) ;
#1120 = CARTESIAN_POINT ( 'NONE',  ( -3.545733060330328978, -7.515007092211234863, 5.000466933024989125 ) ) ;
#1121 = ORIENTED_EDGE ( 'NONE', *, *, #56, .T. ) ;
#1122 = CARTESIAN_POINT ( 'NONE',  ( 7.210867964176292944, 3.589930370451905439, 5.000087946669100170 ) ) ;
#1123 = ORIENTED_EDGE ( 'NONE', *, *, #1722, .T. ) ;
#1124 = CARTESIAN_POINT ( 'NONE',  ( -7.210867967886004593, -3.589930369788343345, 5.000087946668857697 ) ) ;
#1125 = LINE ( 'NONE', #3446, #1322 ) ;
#1126 = EDGE_CURVE ( 'NONE', #1923, #2498, #5498, .T. ) ;
#1127 = CARTESIAN_POINT ( 'NONE',  ( 6.833708498984763402, -2.473142485267285931E-16, 8.500000000000000000 ) ) ;
#1128 = EDGE_CURVE ( 'NONE', #1180, #1323, #7082, .T. ) ;
#1129 = ORIENTED_EDGE ( 'NONE', *, *, #6008, .F. ) ;
#1130 = CARTESIAN_POINT ( 'NONE',  ( -6.505213034913029562E-16, 1.058181320345851949E-13, -6.500000000000000888 ) ) ;
#1131 = CARTESIAN_POINT ( 'NONE',  ( -3.569915999073588697, 8.668194446746499082, 5.000192251540036104 ) ) ;
#1132 = CONICAL_SURFACE ( 'NONE', #4512, 2.149999999999999023, 0.7853981633974490562 ) ;
#1133 = CARTESIAN_POINT ( 'NONE',  ( -3.523220616552838802, -5.940952272440121362, 5.577365042555774366 ) ) ;
#1134 = ORIENTED_EDGE ( 'NONE', *, *, #216, .T. ) ;
#1135 = DIRECTION ( 'NONE',  ( 1.000000000000000000, 0.000000000000000000, 0.000000000000000000 ) ) ;
#1136 = DIRECTION ( 'NONE',  ( 0.000000000000000000, 0.000000000000000000, -1.000000000000000000 ) ) ;
#1137 = CARTESIAN_POINT ( 'NONE',  ( -6.505213034913029562E-16, 1.058181320345851949E-13, 3.500000000000000000 ) ) ;
#1138 = CIRCLE ( 'NONE', #2132, 16.93527874010839795 ) ;
#1139 = AXIS2_PLACEMENT_3D ( 'NONE', #6258, #5702, #3412 ) ;
#1140 = CARTESIAN_POINT ( 'NONE',  ( -11.04332294047803842, 10.05789936917805960, 3.500000000000000000 ) ) ;
#1141 = DIRECTION ( 'NONE',  ( 0.000000000000000000, 0.000000000000000000, 1.000000000000000000 ) ) ;
#1142 = CARTESIAN_POINT ( 'NONE',  ( 10.92864321246266357, -12.93709486476238979, -6.500000000000000888 ) ) ;
#1143 = EDGE_LOOP ( 'NONE', ( #4908, #2464, #1347, #5460 ) ) ;
#1144 = CARTESIAN_POINT ( 'NONE',  ( -3.959187562246908154, 5.580101938193033462, 7.121703808744839215 ) ) ;
#1146 = ORIENTED_EDGE ( 'NONE', *, *, #5506, .T. ) ;
#1145 = CARTESIAN_POINT ( 'NONE',  ( -4.561424929357670521, -14.22356227891014058, 3.500000000000000000 ) ) ;
#1147 = CIRCLE ( 'NONE', #5011, 1.779502281109929251 ) ;
#1148 = FACE_OUTER_BOUND ( 'NONE', #4969, .T. ) ;
#1149 = EDGE_CURVE ( 'NONE', #6409, #6099, #2, .T. ) ;
#1150 = ORIENTED_EDGE ( 'NONE', *, *, #7271, .T. ) ;
#1151 = ADVANCED_FACE ( 'NONE', ( #7311, #2784 ), #2898, .F. ) ;
#1152 = CARTESIAN_POINT ( 'NONE',  ( 4.186211671113573729, 5.401412637318283139, 6.673059687659100625 ) ) ;
#1153 = CARTESIAN_POINT ( 'NONE',  ( 13.99609199792524095, 8.748350420181520093, 3.501999999999999780 ) ) ;
#1154 = DIRECTION ( 'NONE',  ( -1.000000000000000000, 0.000000000000000000, 0.000000000000000000 ) ) ;
#1155 = CARTESIAN_POINT ( 'NONE',  ( -3.568715688007648712, -7.338916335004555869, 5.000313915062949199 ) ) ;
#1156 = VERTEX_POINT ( 'NONE', #3972 ) ;
#1157 = CARTESIAN_POINT ( 'NONE',  ( 8.170398368720292126, 3.523150261619498735, 5.000063095493973542 ) ) ;
#1158 = ORIENTED_EDGE ( 'NONE', *, *, #1091, .T. ) ;
#1159 = EDGE_CURVE ( 'NONE', #5713, #3673, #6859, .T. ) ;
#1160 = CARTESIAN_POINT ( 'NONE',  ( -7.924485816511436909, -3.520118016001547723, 4.999999979541778217 ) ) ;
#1161 = EDGE_LOOP ( 'NONE', ( #4713, #5279, #7359, #329 ) ) ;
#1162 = FACE_OUTER_BOUND ( 'NONE', #5794, .T. ) ;
#1163 = CARTESIAN_POINT ( 'NONE',  ( -4.303310061471512071, 5.308586851878252411, 6.430872809966377446 ) ) ;
#1164 = EDGE_LOOP ( 'NONE', ( #361, #5907, #2618, #6074 ) ) ;
#1165 = CARTESIAN_POINT ( 'NONE',  ( 2.620464622285425094, -16.73131289434634894, 3.500000000000000000 ) ) ;
#1166 = CARTESIAN_POINT ( 'NONE',  ( 4.672183837315344590, 4.988384896612434893, 5.491312663322585053 ) ) ;
#1167 = VERTEX_POINT ( 'NONE', #5147 ) ;
#1168 = CARTESIAN_POINT ( 'NONE',  ( -13.77196618806395811, 9.097096987693380044, -6.500000000000000888 ) ) ;
#1169 = VERTEX_POINT ( 'NONE', #2940 ) ;
#1170 = CARTESIAN_POINT ( 'NONE',  ( -9.125723456341756190, 3.663740471346071281, 5.000000000000000000 ) ) ;
#1171 = CARTESIAN_POINT ( 'NONE',  ( 4.303310061476551596, 5.308586851874166790, 6.430872809955392455 ) ) ;
#1172 = CARTESIAN_POINT ( 'NONE',  ( 8.000000000000000000, 8.000000000000000000, -7.500000000000000888 ) ) ;
#1173 = ORIENTED_EDGE ( 'NONE', *, *, #6856, .F. ) ;
#1174 = ADVANCED_FACE ( 'NONE', ( #6876 ), #1759, .T. ) ;
#1175 = CARTESIAN_POINT ( 'NONE',  ( 8.121202809519280308, 3.518209004792070882, 5.000000000000000000 ) ) ;
#1176 = LINE ( 'NONE', #3505, #381 ) ;
#1177 = AXIS2_PLACEMENT_3D ( 'NONE', #715, #6779, #2763 ) ;
#1178 = CARTESIAN_POINT ( 'NONE',  ( 6.841155559148059950, -15.49200621677865009, 3.500000000000000000 ) ) ;
#1179 = ADVANCED_FACE ( 'NONE', ( #1640 ), #6834, .F. ) ;
#1180 = VERTEX_POINT ( 'NONE', #4540 ) ;
#1181 = CARTESIAN_POINT ( 'NONE',  ( 13.53668048929982071, -9.457014533746740170, 3.501999999999999780 ) ) ;
#1182 = AXIS2_PLACEMENT_3D ( 'NONE', #1198, #4748, #6480 ) ;
#1184 = CARTESIAN_POINT ( 'NONE',  ( -16.93394325256440069, -0.2126779821699029960, 3.500000000000000000 ) ) ;
#1183 = CARTESIAN_POINT ( 'NONE',  ( -7.122720479011233508, 3.606734626493210527, 5.000000000000000000 ) ) ;
#1185 = DIRECTION ( 'NONE',  ( 0.000000000000000000, 0.000000000000000000, 1.000000000000000000 ) ) ;
#1186 = CIRCLE ( 'NONE', #4568, 1.779502281109935469 ) ;
#1187 = VECTOR ( 'NONE', #5367, 1000.000000000000000 ) ;
#1188 = CARTESIAN_POINT ( 'NONE',  ( -5.137791747162256506, -4.514003837728828294, 5.971669979272069995 ) ) ;
#1189 = CARTESIAN_POINT ( 'NONE',  ( 6.667453257840979752, 15.09865203729069805, -6.500000000000000888 ) ) ;
#1190 = CARTESIAN_POINT ( 'NONE',  ( -14.13075718784737056, 9.334097026668928265, -6.500000000000000888 ) ) ;
#1191 = CARTESIAN_POINT ( 'NONE',  ( 3.522774994173728302, -7.842103085848719957, 5.000003799149753014 ) ) ;
#1192 = VECTOR ( 'NONE', #455, 1000.000000000000000 ) ;
#1193 = VERTEX_POINT ( 'NONE', #6228 ) ;
#1194 = CARTESIAN_POINT ( 'NONE',  ( 8.469043501231235282, 3.544545212313440885, 5.000042620180170871 ) ) ;
#1195 = ORIENTED_EDGE ( 'NONE', *, *, #6721, .T. ) ;
#1196 = AXIS2_PLACEMENT_3D ( 'NONE', #1928, #7066, #2012 ) ;
#1197 = CARTESIAN_POINT ( 'NONE',  ( -7.652811573017834768, -3.533176813817712869, 5.000293563315616474 ) ) ;
#1198 = CARTESIAN_POINT ( 'NONE',  ( -8.000000000000000000, 8.000000000000000000, -49.92880413360069980 ) ) ;
#1199 = ORIENTED_EDGE ( 'NONE', *, *, #3210, .F. ) ;
#1200 = DIRECTION ( 'NONE',  ( 0.9594929736144973687, -0.2817325568414295600, 0.000000000000000000 ) ) ;
#1201 = CARTESIAN_POINT ( 'NONE',  ( -1.734585306228884983E-12, -5.898988698056300596E-12, 3.501999999999999780 ) ) ;
#1202 = ORIENTED_EDGE ( 'NONE', *, *, #1060, .F. ) ;
#1203 = CARTESIAN_POINT ( 'NONE',  ( -3.100841162083441738, 7.723641766802891162, 5.378640834937238324 ) ) ;
#1204 = ORIENTED_EDGE ( 'NONE', *, *, #4158, .T. ) ;
#1205 = DIRECTION ( 'NONE',  ( -1.000000000000000000, 0.000000000000000000, 0.000000000000000000 ) ) ;
#1206 = AXIS2_PLACEMENT_3D ( 'NONE', #816, #5326, #5436 ) ;
#1207 = ADVANCED_FACE ( 'NONE', ( #4614 ), #6760, .F. ) ;
#1208 = CIRCLE ( 'NONE', #1831, 1.779502281109936135 ) ;
#1209 = DIRECTION ( 'NONE',  ( 1.000000000000000000, 0.000000000000000000, 0.000000000000000000 ) ) ;
#1210 = VECTOR ( 'NONE', #4431, 1000.000000000000000 ) ;
#1211 = AXIS2_PLACEMENT_3D ( 'NONE', #2291, #1141, #5747 ) ;
#1212 = VERTEX_POINT ( 'NONE', #1066 ) ;
#1213 = DIRECTION ( 'NONE',  ( -1.000000000000000000, 0.000000000000000000, 0.000000000000000000 ) ) ;
#1214 = CARTESIAN_POINT ( 'NONE',  ( 3.523220616545786221, 5.940952272445002791, 5.577365042557310026 ) ) ;
#1215 = CARTESIAN_POINT ( 'NONE',  ( 5.554032556715227997, -3.982098568355910029, 7.033426187786461448 ) ) ;
#1216 = CIRCLE ( 'NONE', #1461, 0.4299999999999999378 ) ;
#1217 = DIRECTION ( 'NONE',  ( -1.000000000000000000, 0.000000000000000000, 0.000000000000000000 ) ) ;
#1218 = LINE ( 'NONE', #24, #377 ) ;
#1219 = EDGE_CURVE ( 'NONE', #2441, #2671, #467, .T. ) ;
#1220 = ORIENTED_EDGE ( 'NONE', *, *, #418, .F. ) ;
#1221 = CARTESIAN_POINT ( 'NONE',  ( 5.851470600375341391, -3.533857191255057817, 7.590139390708375622 ) ) ;
#1222 = VECTOR ( 'NONE', #4288, 1000.000000000000000 ) ;
#1224 = CARTESIAN_POINT ( 'NONE',  ( -5.390364098759689249, 4.200427041590685029, 6.645089112992132563 ) ) ;
#1223 = CARTESIAN_POINT ( 'NONE',  ( 3.080516454025982842, -6.100955355753911569, 7.887515294679974254 ) ) ;
#1225 = CIRCLE ( 'NONE', #6022, 1.779502281109927475 ) ;
#1226 = DIRECTION ( 'NONE',  ( -0.000000000000000000, -0.000000000000000000, -1.000000000000000000 ) ) ;
#1227 = ORIENTED_EDGE ( 'NONE', *, *, #7281, .F. ) ;
#1228 = LINE ( 'NONE', #3555, #3006 ) ;
#1229 = CARTESIAN_POINT ( 'NONE',  ( 4.832161620284266768, -4.832161620284267656, 5.000000000000000000 ) ) ;
#1230 = CARTESIAN_POINT ( 'NONE',  ( -16.48676971718949957, 2.416713196444784995, 3.501999999999999780 ) ) ;
#1231 = AXIS2_PLACEMENT_3D ( 'NONE', #7018, #5858, #5827 ) ;
#1232 = CARTESIAN_POINT ( 'NONE',  ( 3.556783335085685227, -7.422799565276084977, 5.000435591685308268 ) ) ;
#1233 = ORIENTED_EDGE ( 'NONE', *, *, #4972, .T. ) ;
#1234 = CARTESIAN_POINT ( 'NONE',  ( 8.653670388535095626, 3.567814487228370801, 5.000128623323604415 ) ) ;
#1235 = CARTESIAN_POINT ( 'NONE',  ( -7.820921615376424718, -3.523535327185691735, 5.000019043050747847 ) ) ;
#1236 = ADVANCED_FACE ( 'NONE', ( #2324 ), #1679, .F. ) ;
#1237 = CARTESIAN_POINT ( 'NONE',  ( 4.832161620284266768, -4.832161620284267656, 5.000000000000000000 ) ) ;
#1238 = DIRECTION ( 'NONE',  ( 0.000000000000000000, 0.000000000000000000, -1.000000000000000000 ) ) ;
#1240 = CARTESIAN_POINT ( 'NONE',  ( 3.548581814177928173, -8.505529908571487496, 5.000030904786413544 ) ) ;
#1239 = CARTESIAN_POINT ( 'NONE',  ( -8.551503336091267116, 3.553779752434794048, 4.999999853890950696 ) ) ;
#1241 = AXIS2_PLACEMENT_3D ( 'NONE', #4262, #6558, #5364 ) ;
#1242 = ORIENTED_EDGE ( 'NONE', *, *, #1908, .T. ) ;
#1243 = DIRECTION ( 'NONE',  ( 0.000000000000000000, 0.000000000000000000, -1.000000000000000000 ) ) ;
#1244 = EDGE_LOOP ( 'NONE', ( #1094, #6502 ) ) ;
#1245 = CARTESIAN_POINT ( 'NONE',  ( -16.93394325256440069, 0.2126779821698935036, 3.500000000000000000 ) ) ;
#1246 = ORIENTED_EDGE ( 'NONE', *, *, #450, .T. ) ;
#1247 = ADVANCED_FACE ( 'NONE', ( #3904 ), #4009, .T. ) ;
#1248 = CIRCLE ( 'NONE', #6056, 6.833708498984764290 ) ;
#1249 = DIRECTION ( 'NONE',  ( -1.000000000000000000, 0.000000000000000000, 0.000000000000000000 ) ) ;
#1250 = ADVANCED_FACE ( 'NONE', ( #5073 ), #3386, .T. ) ;
#1251 = EDGE_CURVE ( 'NONE', #2852, #5208, #6349, .T. ) ;
#1252 = VERTEX_POINT ( 'NONE', #5680 ) ;
#1253 = FACE_BOUND ( 'NONE', #4065, .T. ) ;
#1254 = CARTESIAN_POINT ( 'NONE',  ( -3.522724663631064068, -8.158964595137083720, 5.000075276665634227 ) ) ;
#1255 = CARTESIAN_POINT ( 'NONE',  ( 5.878915015194271732, -3.483972017639887397, 7.621733645328324869 ) ) ;
#1256 = CARTESIAN_POINT ( 'NONE',  ( -10.65115639612647946, -12.60861188687840162, 3.500000000000000000 ) ) ;
#1257 = FACE_OUTER_BOUND ( 'NONE', #4582, .T. ) ;
#1258 = ORIENTED_EDGE ( 'NONE', *, *, #1610, .T. ) ;
#1259 = CARTESIAN_POINT ( 'NONE',  ( 6.151366235610049138, -2.978903736704291205, 7.928906461756667134 ) ) ;
#1261 = CARTESIAN_POINT ( 'NONE',  ( -5.495406354749954758, 4.062035956085195743, 6.900097096041507783 ) ) ;
#1260 = CARTESIAN_POINT ( 'NONE',  ( -4.156878728442147342, 5.424019356921020218, 6.729454464953139592 ) ) ;
#1262 = DIRECTION ( 'NONE',  ( -0.000000000000000000, -0.000000000000000000, 1.000000000000000000 ) ) ;
#1263 = CIRCLE ( 'NONE', #4646, 14.93707874011464654 ) ;
#1264 = EDGE_LOOP ( 'NONE', ( #16, #1389, #2256, #5539 ) ) ;
#1265 = CARTESIAN_POINT ( 'NONE',  ( -16.93394325256440069, 0.2126779821698930040, 3.500000000000000000 ) ) ;
#1266 = DIRECTION ( 'NONE',  ( 0.000000000000000000, 0.000000000000000000, -1.000000000000000000 ) ) ;
#1267 = AXIS2_PLACEMENT_3D ( 'NONE', #4184, #5986, #6485 ) ;
#1268 = DIRECTION ( 'NONE',  ( 0.000000000000000000, 0.000000000000000000, 1.000000000000000000 ) ) ;
#1269 = AXIS2_PLACEMENT_3D ( 'NONE', #3373, #6708, #1551 ) ;
#1270 = CARTESIAN_POINT ( 'NONE',  ( 3.562728059044649509, -7.378246154083408115, 5.000383317518035220 ) ) ;
#1271 = ORIENTED_EDGE ( 'NONE', *, *, #4665, .T. ) ;
#1272 = CARTESIAN_POINT ( 'NONE',  ( 16.50062835264469996, 0.6372648811799739299, 3.501999999999999780 ) ) ;
#1273 = ORIENTED_EDGE ( 'NONE', *, *, #3800, .F. ) ;
#1274 = AXIS2_PLACEMENT_3D ( 'NONE', #6317, #5118, #28 ) ;
#1275 = CARTESIAN_POINT ( 'NONE',  ( -7.414817519459845130, -2.976856263906683342, 5.600999472805471946 ) ) ;
#1276 = CARTESIAN_POINT ( 'NONE',  ( 6.775413943012491558, 3.676087340976690321, 5.000000013345583305 ) ) ;
#1277 = DIRECTION ( 'NONE',  ( 0.000000000000000000, 0.000000000000000000, -1.000000000000000000 ) ) ;
#1279 = CARTESIAN_POINT ( 'NONE',  ( 3.530602529172472526, -8.310065875441795313, 5.000005781348368927 ) ) ;
#1278 = CARTESIAN_POINT ( 'NONE',  ( -9.108309134431545218, 3.659219611549213713, 4.999999980071702765 ) ) ;
#1280 = ORIENTED_EDGE ( 'NONE', *, *, #6131, .F. ) ;
#1281 = DIRECTION ( 'NONE',  ( 0.000000000000000000, 0.000000000000000000, 1.000000000000000000 ) ) ;
#1282 = ADVANCED_FACE ( 'NONE', ( #2820 ), #2286, .F. ) ;
#1283 = DIRECTION ( 'NONE',  ( 0.000000000000000000, 0.000000000000000000, 1.000000000000000000 ) ) ;
#1284 = DIRECTION ( 'NONE',  ( -0.000000000000000000, -0.000000000000000000, 1.000000000000000000 ) ) ;
#1285 = ORIENTED_EDGE ( 'NONE', *, *, #5701, .F. ) ;
#1286 = ORIENTED_EDGE ( 'NONE', *, *, #293, .F. ) ;
#1287 = DIRECTION ( 'NONE',  ( 0.000000000000000000, 0.000000000000000000, -1.000000000000000000 ) ) ;
#1288 = CARTESIAN_POINT ( 'NONE',  ( -3.531271965920394607, -8.317903320629165265, 4.999999940511395735 ) ) ;
#1289 = EDGE_CURVE ( 'NONE', #4150, #1941, #1848, .T. ) ;
#1290 = CARTESIAN_POINT ( 'NONE',  ( 5.325593926940758394, -4.282330040562945861, 6.476598344429840282 ) ) ;
#1291 = AXIS2_PLACEMENT_3D ( 'NONE', #4737, #2978, #5377 ) ;
#1292 = CARTESIAN_POINT ( 'NONE',  ( -11.25010580146153849, 12.65854594576691916, 3.500000000000000000 ) ) ;
#1293 = DIRECTION ( 'NONE',  ( 0.000000000000000000, 0.000000000000000000, 1.000000000000000000 ) ) ;
#1294 = ORIENTED_EDGE ( 'NONE', *, *, #6499, .T. ) ;
#1295 = CARTESIAN_POINT ( 'NONE',  ( 16.50397716163979922, 0.2072779215192024904, 3.500000000000000000 ) ) ;
#1296 = CARTESIAN_POINT ( 'NONE',  ( 3.335397710298392049, -6.055115265682903036, 5.660567889598400626 ) ) ;
#1297 = CARTESIAN_POINT ( 'NONE',  ( -1.717505811864569853, -16.42336799645854839, 3.501999999999999780 ) ) ;
#1298 = EDGE_CURVE ( 'NONE', #5494, #1741, #4027, .T. ) ;
#1299 = CARTESIAN_POINT ( 'NONE',  ( 3.923955282680378076, 5.595311062852704964, 7.121063250710010450 ) ) ;
#1300 = DIRECTION ( 'NONE',  ( 0.000000000000000000, 0.000000000000000000, 1.000000000000000000 ) ) ;
#1301 = LINE ( 'NONE', #4817, #5444 ) ;
#1302 = CARTESIAN_POINT ( 'NONE',  ( 3.522241353443415601, -7.858228063302018285, 4.999999446859084706 ) ) ;
#1303 = ORIENTED_EDGE ( 'NONE', *, *, #5270, .F. ) ;
#1304 = CARTESIAN_POINT ( 'NONE',  ( 15.13807291325679927, -6.963679117709859590, 3.501999999999999780 ) ) ;
#1305 = CIRCLE ( 'NONE', #5534, 0.4299999999999547518 ) ;
#1306 = EDGE_LOOP ( 'NONE', ( #500, #6701, #3856, #7170 ) ) ;
#1307 = AXIS2_PLACEMENT_3D ( 'NONE', #5406, #799, #6603 ) ;
#1308 = DIRECTION ( 'NONE',  ( 0.9594929736144973687, 0.2817325568414300596, 0.000000000000000000 ) ) ;
#1309 = CARTESIAN_POINT ( 'NONE',  ( 5.940952272444901539, 3.523220616545933215, 5.577365042557281605 ) ) ;
#1310 = CIRCLE ( 'NONE', #1925, 0.4300000000000000488 ) ;
#1311 = CARTESIAN_POINT ( 'NONE',  ( 4.738426506668380611, -15.97502402572244939, 3.500000000000000000 ) ) ;
#1312 = AXIS2_PLACEMENT_3D ( 'NONE', #6562, #7154, #4307 ) ;
#1313 = ADVANCED_FACE ( 'NONE', ( #2399 ), #6496, .F. ) ;
#1315 = CARTESIAN_POINT ( 'NONE',  ( 3.606734626496729934, -7.122720478993614712, 5.000000000000000000 ) ) ;
#1314 = DIRECTION ( 'NONE',  ( -1.000000000000000000, 0.000000000000000000, 0.000000000000000000 ) ) ;
#1316 = VERTEX_POINT ( 'NONE', #5338 ) ;
#1317 = CARTESIAN_POINT ( 'NONE',  ( 11.25010580146153849, -12.65854594576690140, 3.500000000000000000 ) ) ;
#1318 = VERTEX_POINT ( 'NONE', #1838 ) ;
#1319 = CARTESIAN_POINT ( 'NONE',  ( -11.25010580146153849, -12.65854594576691916, 3.500000000000000000 ) ) ;
#1320 = VECTOR ( 'NONE', #3080, 1000.000000000000000 ) ;
#1321 = AXIS2_PLACEMENT_3D ( 'NONE', #7431, #1185, #31 ) ;
#1322 = VECTOR ( 'NONE', #5214, 1000.000000000000000 ) ;
#1323 = VERTEX_POINT ( 'NONE', #171 ) ;
#1324 = CARTESIAN_POINT ( 'NONE',  ( -11.25010580146148342, -12.65854594576684811, -6.500000000000000888 ) ) ;
#1325 = DIRECTION ( 'NONE',  ( 0.1423148382732847550, 0.9898214418809329063, 0.000000000000000000 ) ) ;
#1326 = CIRCLE ( 'NONE', #2917, 1.779502281109943240 ) ;
#1327 = EDGE_LOOP ( 'NONE', ( #312, #568, #699, #38 ) ) ;
#1328 = CARTESIAN_POINT ( 'NONE',  ( -16.48676971718949957, 2.416713196444784995, -6.500000000000000888 ) ) ;
#1329 = CARTESIAN_POINT ( 'NONE',  ( -3.621669677603147619, -8.950838078406494702, 5.000383189397283878 ) ) ;
#1330 = CARTESIAN_POINT ( 'NONE',  ( 6.076700094840187916, -3.126724157884401389, 7.862619596886823992 ) ) ;
#1331 = VECTOR ( 'NONE', #1108, 1000.000000000000000 ) ;
#1332 = EDGE_CURVE ( 'NONE', #3722, #3929, #3445, .T. ) ;
#1333 = AXIS2_PLACEMENT_3D ( 'NONE', #2974, #4166, #727 ) ;
#1334 = DIRECTION ( 'NONE',  ( 0.000000000000000000, 0.000000000000000000, -1.000000000000000000 ) ) ;
#1335 = VERTEX_POINT ( 'NONE', #5822 ) ;
#1336 = CARTESIAN_POINT ( 'NONE',  ( 5.308586851878310142, -4.303310061471442793, 6.430872809966527548 ) ) ;
#1337 = DIRECTION ( 'NONE',  ( 0.000000000000000000, 0.000000000000000000, 1.000000000000000000 ) ) ;
#1338 = CARTESIAN_POINT ( 'NONE',  ( -12.56297947147814043, -10.94648917145244127, 3.501999999999999780 ) ) ;
#1339 = AXIS2_PLACEMENT_3D ( 'NONE', #6692, #5427, #3840 ) ;
#1340 = EDGE_LOOP ( 'NONE', ( #4363, #6595, #1870, #4053 ) ) ;
#1341 = CARTESIAN_POINT ( 'NONE',  ( 3.051764047551800196, 6.114889224193501782, 7.897727423032367966 ) ) ;
#1342 = CARTESIAN_POINT ( 'NONE',  ( 2.587696955795248055, 6.327371828408453247, 5.371491857461090369 ) ) ;
#1343 = DIRECTION ( 'NONE',  ( -1.000000000000000000, 0.000000000000000000, 0.000000000000000000 ) ) ;
#1344 = EDGE_CURVE ( 'NONE', #5254, #5967, #4882, .T. ) ;
#1345 = CARTESIAN_POINT ( 'NONE',  ( 3.524663272624586785, -7.792259514520357477, 5.000050911488914451 ) ) ;
#1346 = VERTEX_POINT ( 'NONE', #3077 ) ;
#1347 = ORIENTED_EDGE ( 'NONE', *, *, #4416, .F. ) ;
#1348 = CARTESIAN_POINT ( 'NONE',  ( 8.838423636183982524, 3.598482126056120833, 5.000636618298861968 ) ) ;
#1349 = CARTESIAN_POINT ( 'NONE',  ( -11.04332294047803664, -10.05789936917805960, -6.500000000000000888 ) ) ;
#1350 = CARTESIAN_POINT ( 'NONE',  ( -0.04580257476693950364, -16.66289232113235030, 3.501999999999999780 ) ) ;
#1351 = CARTESIAN_POINT ( 'NONE',  ( -4.303310061479965754, -5.308586851871402779, 6.430872809947951296 ) ) ;
#1353 = DIRECTION ( 'NONE',  ( 0.000000000000000000, 0.000000000000000000, 1.000000000000000000 ) ) ;
#1352 = CARTESIAN_POINT ( 'NONE',  ( -8.475073725260434898, 3.544743691827843435, 4.999999744309167049 ) ) ;
#1354 = ORIENTED_EDGE ( 'NONE', *, *, #3816, .F. ) ;
#1355 = CYLINDRICAL_SURFACE ( 'NONE', #5003, 0.4299999999999997713 ) ;
#1356 = ORIENTED_EDGE ( 'NONE', *, *, #595, .T. ) ;
#1357 = DIRECTION ( 'NONE',  ( 0.000000000000000000, 0.000000000000000000, -1.000000000000000000 ) ) ;
#1358 = DIRECTION ( 'NONE',  ( -1.000000000000000000, 0.000000000000000000, 0.000000000000000000 ) ) ;
#1359 = AXIS2_PLACEMENT_3D ( 'NONE', #164, #6486, #4871 ) ;
#1360 = CARTESIAN_POINT ( 'NONE',  ( 15.89384706209390252, 4.450825974518250128, 3.501999999999999780 ) ) ;
#1361 = ORIENTED_EDGE ( 'NONE', *, *, #1632, .T. ) ;
#1362 = FACE_OUTER_BOUND ( 'NONE', #5769, .T. ) ;
#1363 = CYLINDRICAL_SURFACE ( 'NONE', #357, 6.100000000000000533 ) ;
#1364 = DIRECTION ( 'NONE',  ( -0.000000000000000000, -0.000000000000000000, 1.000000000000000000 ) ) ;
#1365 = DIRECTION ( 'NONE',  ( -0.000000000000000000, -0.000000000000000000, 1.000000000000000000 ) ) ;
#1366 = EDGE_LOOP ( 'NONE', ( #2680, #2546, #4545, #3956 ) ) ;
#1367 = FACE_OUTER_BOUND ( 'NONE', #309, .T. ) ;
#1368 = CARTESIAN_POINT ( 'NONE',  ( 3.626393801074169865, 8.972147779253063504, 5.000317223603512495 ) ) ;
#1369 = EDGE_CURVE ( 'NONE', #6670, #1335, #6183, .T. ) ;
#1370 = CARTESIAN_POINT ( 'NONE',  ( -2.620464622285420209, -16.73131289434634894, 3.500000000000000000 ) ) ;
#1371 = EDGE_CURVE ( 'NONE', #5971, #2000, #3692, .T. ) ;
#1372 = VERTEX_POINT ( 'NONE', #4563 ) ;
#1373 = CARTESIAN_POINT ( 'NONE',  ( 3.787253832619553062, 5.688475846302199379, 7.304140152665188346 ) ) ;
#1374 = CARTESIAN_POINT ( 'NONE',  ( 3.335397710297239193, 6.055115265684471559, 5.660567889595229829 ) ) ;
#1375 = CARTESIAN_POINT ( 'NONE',  ( -9.939567796041161414E-16, -1.084202172485504040E-15, 5.000000000000000000 ) ) ;
#1376 = DIRECTION ( 'NONE',  ( 1.000000000000000000, 0.000000000000000000, 0.000000000000000000 ) ) ;
#1377 = VERTEX_POINT ( 'NONE', #6825 ) ;
#1378 = ADVANCED_FACE ( 'NONE', ( #3371 ), #2240, .T. ) ;
#1379 = DIRECTION ( 'NONE',  ( 0.000000000000000000, 0.000000000000000000, -1.000000000000000000 ) ) ;
#1380 = ADVANCED_FACE ( 'NONE', ( #4071 ), #904, .F. ) ;
#1381 = FACE_OUTER_BOUND ( 'NONE', #3969, .T. ) ;
#1382 = AXIS2_PLACEMENT_3D ( 'NONE', #5390, #1537, #6093 ) ;
#1383 = DIRECTION ( 'NONE',  ( 1.000000000000000000, 0.000000000000000000, 0.000000000000000000 ) ) ;
#1384 = DIRECTION ( 'NONE',  ( 0.000000000000000000, 0.000000000000000000, -1.000000000000000000 ) ) ;
#1386 = CARTESIAN_POINT ( 'NONE',  ( 10.14999999999999858, 8.000000000000000000, 2.669999999999999929 ) ) ;
#1385 = CARTESIAN_POINT ( 'NONE',  ( -7.692339617429095888, 3.530353538955237624, 5.000219257517111160 ) ) ;
#1387 = EDGE_LOOP ( 'NONE', ( #4434, #296, #3303, #6652 ) ) ;
#1388 = DIRECTION ( 'NONE',  ( 0.6548607339452872100, -0.7557495743542563815, 0.000000000000000000 ) ) ;
#1389 = ORIENTED_EDGE ( 'NONE', *, *, #2050, .F. ) ;
#1390 = STYLED_ITEM ( 'NONE', ( #6591 ), #4106 ) ;
#1391 = DIRECTION ( 'NONE',  ( -1.000000000000000000, 0.000000000000000000, 0.000000000000000000 ) ) ;
#1392 = ADVANCED_FACE ( 'NONE', ( #1786 ), #2883, .F. ) ;
#1393 = DIRECTION ( 'NONE',  ( 0.000000000000000000, 0.000000000000000000, -1.000000000000000000 ) ) ;
#1394 = DIRECTION ( 'NONE',  ( 1.000000000000000000, 0.000000000000000000, 0.000000000000000000 ) ) ;
#1395 = ORIENTED_EDGE ( 'NONE', *, *, #436, .F. ) ;
#1396 = CYLINDRICAL_SURFACE ( 'NONE', #541, 16.93527874010839795 ) ;
#1397 = CARTESIAN_POINT ( 'NONE',  ( 8.014179846371799698, -3.519909641011672363, 5.000104390849580582 ) ) ;
#1398 = DIRECTION ( 'NONE',  ( 0.000000000000000000, 0.000000000000000000, -1.000000000000000000 ) ) ;
#1399 = EDGE_CURVE ( 'NONE', #5599, #2561, #1092, .T. ) ;
#1400 = LINE ( 'NONE', #4800, #5445 ) ;
#1401 = CARTESIAN_POINT ( 'NONE',  ( 11.52715317416693885, -9.499529514007200248, 3.500000000000000000 ) ) ;
#1402 = EDGE_CURVE ( 'NONE', #3132, #5449, #495, .T. ) ;
#1403 = VERTEX_POINT ( 'NONE', #4529 ) ;
#1404 = LINE ( 'NONE', #5999, #3793 ) ;
#1405 = ADVANCED_FACE ( 'NONE', ( #1747 ), #4609, .F. ) ;
#1406 = CARTESIAN_POINT ( 'NONE',  ( 3.541352675519548576, 8.438982308541204347, 4.999999764818861436 ) ) ;
#1407 = ORIENTED_EDGE ( 'NONE', *, *, #4654, .T. ) ;
#1408 = DIRECTION ( 'NONE',  ( -1.000000000000000000, 0.000000000000000000, 0.000000000000000000 ) ) ;
#1409 = ORIENTED_EDGE ( 'NONE', *, *, #426, .T. ) ;
#1410 = ORIENTED_EDGE ( 'NONE', *, *, #32, .F. ) ;
#1411 = EDGE_CURVE ( 'NONE', #3766, #1486, #6335, .T. ) ;
#1412 = DIRECTION ( 'NONE',  ( -0.8412535328311795402, -0.5406408174555999979, 0.000000000000000000 ) ) ;
#1413 = DIRECTION ( 'NONE',  ( 0.000000000000000000, 0.000000000000000000, 1.000000000000000000 ) ) ;
#1414 = CARTESIAN_POINT ( 'NONE',  ( -4.832161620284268544, 4.832161620284266768, 5.000000000000000000 ) ) ;
#1415 = CARTESIAN_POINT ( 'NONE',  ( -5.592088271422240760E-12, 2.556443351416775279E-12, -6.500000000000000888 ) ) ;
#1416 = VERTEX_POINT ( 'NONE', #4493 ) ;
#1417 = DIRECTION ( 'NONE',  ( 0.000000000000000000, 0.000000000000000000, 1.000000000000000000 ) ) ;
#1418 = AXIS2_PLACEMENT_3D ( 'NONE', #2970, #6389, #1873 ) ;
#1419 = CARTESIAN_POINT ( 'NONE',  ( -8.849684903818332060, -3.600626775494748966, 5.000628478168985147 ) ) ;
#1420 = CARTESIAN_POINT ( 'NONE',  ( -10.14999999999999858, -8.000000000000000000, -7.500000000000000888 ) ) ;
#1421 = CARTESIAN_POINT ( 'NONE',  ( 12.62296808693507977, -10.87725861868353938, 3.501999999999999780 ) ) ;
#1423 = ORIENTED_EDGE ( 'NONE', *, *, #4460, .F. ) ;
#1422 = CARTESIAN_POINT ( 'NONE',  ( 12.62296808693507977, -10.87725861868353938, -6.500000000000000888 ) ) ;
#1424 = AXIS2_PLACEMENT_3D ( 'NONE', #4061, #5086, #2950 ) ;
#1425 = VERTEX_POINT ( 'NONE', #1163 ) ;
#1426 = CARTESIAN_POINT ( 'NONE',  ( 5.850000000000000533, 8.000000000000000000, 2.669999999999999929 ) ) ;
#1427 = AXIS2_PLACEMENT_3D ( 'NONE', #533, #3537, #6343 ) ;
#1428 = ORIENTED_EDGE ( 'NONE', *, *, #6116, .T. ) ;
#1429 = CARTESIAN_POINT ( 'NONE',  ( -10.96445679804882012, 12.33713554324496009, -6.500000000000000888 ) ) ;
#1430 = ORIENTED_EDGE ( 'NONE', *, *, #6699, .F. ) ;
#1431 = AXIS2_PLACEMENT_3D ( 'NONE', #7062, #2533, #6548 ) ;
#1432 = VECTOR ( 'NONE', #739, 1000.000000000000000 ) ;
#1433 = CARTESIAN_POINT ( 'NONE',  ( -4.200427041585757415, -5.390364098763529732, 6.645089113004062575 ) ) ;
#1434 = LINE ( 'NONE', #3749, #360 ) ;
#1435 = PRODUCT_RELATED_PRODUCT_CATEGORY ( 'part', '', ( #1982 ) ) ;
#1436 = ORIENTED_EDGE ( 'NONE', *, *, #3655, .F. ) ;
#1437 = EDGE_CURVE ( 'NONE', #5716, #3710, #5370, .T. ) ;
#1438 = CARTESIAN_POINT ( 'NONE',  ( -1.730008055016385027E-12, 5.900332700277130653E-12, 3.501999999999999780 ) ) ;
#1439 = CARTESIAN_POINT ( 'NONE',  ( 7.769310016291532506, -3.525829338305149108, 5.000087017431567027 ) ) ;
#1440 = CIRCLE ( 'NONE', #2177, 1.779502281109934136 ) ;
#1441 = AXIS2_PLACEMENT_3D ( 'NONE', #7118, #1985, #1394 ) ;
#1442 = CARTESIAN_POINT ( 'NONE',  ( -4.650532009343709916, 16.00083217872045083, 3.500000000000000000 ) ) ;
#1443 = AXIS2_PLACEMENT_3D ( 'NONE', #1230, #2871, #3557 ) ;
#1444 = DIRECTION ( 'NONE',  ( 1.000000000000000000, 0.000000000000000000, 0.000000000000000000 ) ) ;
#1445 = ORIENTED_EDGE ( 'NONE', *, *, #3208, .T. ) ;
#1446 = CARTESIAN_POINT ( 'NONE',  ( 11.25010580146153849, -12.65854594576690140, 3.500000000000000000 ) ) ;
#1447 = CARTESIAN_POINT ( 'NONE',  ( 3.519892781352313538, 8.018059921792081823, 5.000107220606443192 ) ) ;
#1448 = ORIENTED_EDGE ( 'NONE', *, *, #2745, .T. ) ;
#1449 = CARTESIAN_POINT ( 'NONE',  ( 4.032079605944076661, -5.517423417853790646, 6.950380221345319853 ) ) ;
#1450 = AXIS2_PLACEMENT_3D ( 'NONE', #1375, #3695, #4858 ) ;
#1451 = AXIS2_PLACEMENT_3D ( 'NONE', #5314, #3622, #7024 ) ;
#1452 = EDGE_LOOP ( 'NONE', ( #3514, #3186, #3287, #5541 ) ) ;
#1453 = EDGE_CURVE ( 'NONE', #7117, #80, #428, .T. ) ;
#1454 = CARTESIAN_POINT ( 'NONE',  ( 5.940952272444899762, 3.523220616545938544, 5.577365042557278052 ) ) ;
#1455 = DIRECTION ( 'NONE',  ( 1.000000000000000000, 0.000000000000000000, 0.000000000000000000 ) ) ;
#1456 = CARTESIAN_POINT ( 'NONE',  ( -6.505213034913029562E-16, 1.058181320345851949E-13, 3.500000000000000000 ) ) ;
#1457 = CYLINDRICAL_SURFACE ( 'NONE', #388, 0.4299999999999997713 ) ;
#1458 = AXIS2_PLACEMENT_3D ( 'NONE', #2631, #4920, #7197 ) ;
#1459 = VERTEX_POINT ( 'NONE', #2542 ) ;
#1460 = DIRECTION ( 'NONE',  ( 0.000000000000000000, 0.000000000000000000, 1.000000000000000000 ) ) ;
#1461 = AXIS2_PLACEMENT_3D ( 'NONE', #1465, #1539, #931 ) ;
#1462 = CYLINDRICAL_SURFACE ( 'NONE', #4803, 6.100000000000000533 ) ;
#1463 = CARTESIAN_POINT ( 'NONE',  ( 16.50397716163979922, -0.2072779215191979940, 3.500000000000000000 ) ) ;
#1464 = DIRECTION ( 'NONE',  ( -0.000000000000000000, -0.000000000000000000, 1.000000000000000000 ) ) ;
#1466 = EDGE_LOOP ( 'NONE', ( #1430, #737, #3453, #4854, #5976 ) ) ;
#1465 = CARTESIAN_POINT ( 'NONE',  ( 10.65115639612647946, 12.60861188687840162, 3.500000000000000000 ) ) ;
#1467 = ORIENTED_EDGE ( 'NONE', *, *, #2250, .T. ) ;
#1468 = CARTESIAN_POINT ( 'NONE',  ( 2.199438168349951539, -16.79184735961986163, -6.500000000000000888 ) ) ;
#1469 = ORIENTED_EDGE ( 'NONE', *, *, #6901, .T. ) ;
#1470 = DIRECTION ( 'NONE',  ( 0.000000000000000000, 0.000000000000000000, -1.000000000000000000 ) ) ;
#1471 = B_SPLINE_CURVE_WITH_KNOTS ( 'NONE', 3,
 ( #5355, #1856, #3594, #2463 ),
 .UNSPECIFIED., .F., .F.,
 ( 4, 4 ),
 ( 0.002692163948749117051, 0.004285270114195845366 ),
 .UNSPECIFIED. ) ;
#1472 = CARTESIAN_POINT ( 'NONE',  ( 3.519858692616923523, 8.000000432939101458, 5.000047626859950967 ) ) ;
#1473 = CARTESIAN_POINT ( 'NONE',  ( 11.04332294047803842, 10.05789936917805960, 3.501999999999999780 ) ) ;
#1474 = APPLICATION_CONTEXT ( 'automotive_design' ) ;
#1475 = ORIENTED_EDGE ( 'NONE', *, *, #3712, .F. ) ;
#1476 = CARTESIAN_POINT ( 'NONE',  ( 6.099999999999999645, -1.084202172485504040E-15, -49.29287896814600600 ) ) ;
#1477 = CARTESIAN_POINT ( 'NONE',  ( 7.320321506430731873, -3.571572624866314438, 5.000280416729993682 ) ) ;
#1478 = CARTESIAN_POINT ( 'NONE',  ( -5.950354501288994236, -3.367419971937226197, 7.732926773595056424 ) ) ;
#1479 = EDGE_CURVE ( 'NONE', #572, #5037, #1263, .T. ) ;
#1480 = AXIS2_PLACEMENT_3D ( 'NONE', #7151, #4152, #1391 ) ;
#1481 = EDGE_CURVE ( 'NONE', #6410, #6609, #315, .T. ) ;
#1482 = DIRECTION ( 'NONE',  ( -0.9594929736144973687, 0.2817325568414295600, 0.000000000000000000 ) ) ;
#1483 = ORIENTED_EDGE ( 'NONE', *, *, #5979, .T. ) ;
#1484 = CARTESIAN_POINT ( 'NONE',  ( 16.48676971718949957, 2.416713196444790324, 3.501999999999999780 ) ) ;
#1485 = DIRECTION ( 'NONE',  ( -0.000000000000000000, -0.000000000000000000, -1.000000000000000000 ) ) ;
#1486 = VERTEX_POINT ( 'NONE', #4258 ) ;
#1487 = DIRECTION ( 'NONE',  ( 1.000000000000000000, 0.000000000000000000, 0.000000000000000000 ) ) ;
#1488 = ORIENTED_EDGE ( 'NONE', *, *, #2050, .T. ) ;
#1489 = CARTESIAN_POINT ( 'NONE',  ( 6.055115265684668735, 3.335397710298240170, 5.660567889596121560 ) ) ;
#1490 = VERTEX_POINT ( 'NONE', #1315 ) ;
#1491 = CARTESIAN_POINT ( 'NONE',  ( 2.767263787272976394, 6.249433987874570384, 7.985184621004746575 ) ) ;
#1492 = DIRECTION ( 'NONE',  ( 0.000000000000000000, 0.000000000000000000, -1.000000000000000000 ) ) ;
#1493 = DIRECTION ( 'NONE',  ( -1.000000000000000000, 0.000000000000000000, 0.000000000000000000 ) ) ;
#1494 = ADVANCED_BREP_SHAPE_REPRESENTATION ( 'turret actuator pully', ( #4106, #7206 ), #6877 ) ;
#1495 = ORIENTED_EDGE ( 'NONE', *, *, #2654, .T. ) ;
#1496 = CARTESIAN_POINT ( 'NONE',  ( -5.802619072388413457, -3.609717231049065500, 7.504133922990999572 ) ) ;
#1497 = AXIS2_PLACEMENT_3D ( 'NONE', #721, #4685, #5262 ) ;
#1498 = ADVANCED_FACE ( 'NONE', ( #230 ), #3567, .F. ) ;
#1499 = CARTESIAN_POINT ( 'NONE',  ( 4.561424929357681179, 14.22356227891013880, -6.500000000000000888 ) ) ;
#1500 = DIRECTION ( 'NONE',  ( -0.000000000000000000, -0.000000000000000000, 1.000000000000000000 ) ) ;
#1501 = CARTESIAN_POINT ( 'NONE',  ( -0.3694146011580325406, 14.93250997457066021, 3.501999999999999780 ) ) ;
#1503 = ORIENTED_EDGE ( 'NONE', *, *, #2206, .T. ) ;
#1502 = DIRECTION ( 'NONE',  ( -0.000000000000000000, -0.000000000000000000, 1.000000000000000000 ) ) ;
#1504 = ORIENTED_EDGE ( 'NONE', *, *, #2325, .T. ) ;
#1505 = ORIENTED_EDGE ( 'NONE', *, *, #5210, .T. ) ;
#1506 = DIRECTION ( 'NONE',  ( -1.000000000000000000, 0.000000000000000000, 0.000000000000000000 ) ) ;
#1507 = ORIENTED_EDGE ( 'NONE', *, *, #4625, .T. ) ;
#1508 = EDGE_CURVE ( 'NONE', #4014, #1459, #3923, .T. ) ;
#1509 = CARTESIAN_POINT ( 'NONE',  ( -3.455344311837743820, -5.895788896474983609, 7.645982529066624345 ) ) ;
#1510 = ADVANCED_FACE ( 'NONE', ( #5950 ), #7001, .F. ) ;
#1511 = CARTESIAN_POINT ( 'NONE',  ( 7.044546516529879732, 14.92643931636489896, 3.500000000000000000 ) ) ;
#1512 = ORIENTED_EDGE ( 'NONE', *, *, #5506, .F. ) ;
#1513 = AXIS2_PLACEMENT_3D ( 'NONE', #4755, #3709, #5480 ) ;
#1514 = VECTOR ( 'NONE', #3895, 1000.000000000000000 ) ;
#1515 = EDGE_LOOP ( 'NONE', ( #4368, #129, #4487, #3685 ) ) ;
#1516 = DIRECTION ( 'NONE',  ( 0.000000000000000000, 0.000000000000000000, -1.000000000000000000 ) ) ;
#1517 = CARTESIAN_POINT ( 'NONE',  ( -3.538960018558903187, 8.412578868381819674, 5.000044379449208876 ) ) ;
#1518 = EDGE_CURVE ( 'NONE', #4183, #3765, #5287, .T. ) ;
#1519 = CARTESIAN_POINT ( 'NONE',  ( 3.519913059485957785, 7.987452828746659073, 5.000086939153141508 ) ) ;
#1520 = ORIENTED_EDGE ( 'NONE', *, *, #1126, .F. ) ;
#1521 = CYLINDRICAL_SURFACE ( 'NONE', #7386, 0.4299999999999999378 ) ;
#1522 = CARTESIAN_POINT ( 'NONE',  ( 3.603791638558586197, 8.865705377052650604, 5.000599088781858548 ) ) ;
#1523 = ORIENTED_EDGE ( 'NONE', *, *, #4879, .T. ) ;
#1524 = CARTESIAN_POINT ( 'NONE',  ( -1.734585306228884983E-12, -5.898988698056300596E-12, 3.500000000000000000 ) ) ;
#1525 = ORIENTED_EDGE ( 'NONE', *, *, #6357, .T. ) ;
#1526 = CARTESIAN_POINT ( 'NONE',  ( -3.544115537424313622, -8.480277776931494316, 4.999999999999999112 ) ) ;
#1527 = ORIENTED_EDGE ( 'NONE', *, *, #3004, .T. ) ;
#1528 = CARTESIAN_POINT ( 'NONE',  ( 10.65115639612647946, 12.60861188687840162, 3.500000000000000000 ) ) ;
#1529 = CYLINDRICAL_SURFACE ( 'NONE', #7098, 1.779502281109933914 ) ;
#1530 = CARTESIAN_POINT ( 'NONE',  ( 14.22574330189359948, -8.384811868462952233, 3.500000000000000000 ) ) ;
#1531 = EDGE_CURVE ( 'NONE', #3382, #1832, #6326, .T. ) ;
#1532 = VERTEX_POINT ( 'NONE', #5328 ) ;
#1533 = EDGE_CURVE ( 'NONE', #2160, #803, #2364, .T. ) ;
#1534 = CIRCLE ( 'NONE', #2517, 16.93527874010839085 ) ;
#1535 = CARTESIAN_POINT ( 'NONE',  ( -5.495458042383671859, -4.062068081257899976, 6.900555234729542242 ) ) ;
#1536 = CARTESIAN_POINT ( 'NONE',  ( -6.775413943001665551, -3.676087340979817153, 5.000000013345558436 ) ) ;
#1537 = DIRECTION ( 'NONE',  ( 0.000000000000000000, 0.000000000000000000, 1.000000000000000000 ) ) ;
#1538 = DIRECTION ( 'NONE',  ( 0.000000000000000000, 0.000000000000000000, 1.000000000000000000 ) ) ;
#1539 = DIRECTION ( 'NONE',  ( 0.000000000000000000, 0.000000000000000000, 1.000000000000000000 ) ) ;
#1540 = ORIENTED_EDGE ( 'NONE', *, *, #5250, .T. ) ;
#1541 = ORIENTED_EDGE ( 'NONE', *, *, #1533, .T. ) ;
#1542 = ORIENTED_EDGE ( 'NONE', *, *, #5831, .F. ) ;
#1543 = CARTESIAN_POINT ( 'NONE',  ( -16.30791787812275118, -4.566780100418109889, 3.500000000000000000 ) ) ;
#1544 = VERTEX_POINT ( 'NONE', #1386 ) ;
#1545 = AXIS2_PLACEMENT_3D ( 'NONE', #19, #5336, #4123 ) ;
#1546 = EDGE_CURVE ( 'NONE', #6907, #4891, #4142, .T. ) ;
#1547 = DIRECTION ( 'NONE',  ( 0.000000000000000000, 0.000000000000000000, -1.000000000000000000 ) ) ;
#1549 = EDGE_CURVE ( 'NONE', #80, #111, #6922, .T. ) ;
#1548 = DIRECTION ( 'NONE',  ( 0.000000000000000000, 0.000000000000000000, -1.000000000000000000 ) ) ;
#1550 = ORIENTED_EDGE ( 'NONE', *, *, #5191, .F. ) ;
#1551 = DIRECTION ( 'NONE',  ( 1.000000000000000000, 0.000000000000000000, 0.000000000000000000 ) ) ;
#1552 = CARTESIAN_POINT ( 'NONE',  ( -5.554032556708249579, 3.982098568365440627, 7.033426187774413307 ) ) ;
#1553 = AXIS2_PLACEMENT_3D ( 'NONE', #2205, #7263, #493 ) ;
#1554 = EDGE_CURVE ( 'NONE', #3867, #3261, #4281, .T. ) ;
#1555 = ADVANCED_FACE ( 'NONE', ( #306 ), #6696, .T. ) ;
#1556 = CARTESIAN_POINT ( 'NONE',  ( -7.228072953726420558, -15.31530696332200137, 3.500000000000000000 ) ) ;
#1557 = AXIS2_PLACEMENT_3D ( 'NONE', #7391, #5712, #6272 ) ;
#1558 = AXIS2_PLACEMENT_3D ( 'NONE', #101, #2412, #4704 ) ;
#1559 = ORIENTED_EDGE ( 'NONE', *, *, #7390, .T. ) ;
#1560 = CARTESIAN_POINT ( 'NONE',  ( -8.383622431542246289, 3.535594222995956049, 4.999999999999999112 ) ) ;
#1561 = CARTESIAN_POINT ( 'NONE',  ( 0.000000000000000000, 1.067602915065788140E-15, 5.000000000000000000 ) ) ;
#1562 = ORIENTED_EDGE ( 'NONE', *, *, #7355, .F. ) ;
#1563 = CARTESIAN_POINT ( 'NONE',  ( -9.939567796041161414E-16, -1.084202172485504040E-15, -7.500000000000000888 ) ) ;
#1564 = UNCERTAINTY_MEASURE_WITH_UNIT (LENGTH_MEASURE( 1.000000000000000082E-05 ), #2402, 'distance_accuracy_value', 'NONE');
#1565 = EDGE_CURVE ( 'NONE', #874, #7216, #2133, .T. ) ;
#1566 = AXIS2_PLACEMENT_3D ( 'NONE', #940, #5700, #527 ) ;
#1567 = ADVANCED_FACE ( 'NONE', ( #4333 ), #4294, .F. ) ;
#1568 = CARTESIAN_POINT ( 'NONE',  ( 6.338363920113537553, 2.554367942891428989, 5.256164510758218888 ) ) ;
#1569 = CARTESIAN_POINT ( 'NONE',  ( 2.546031784417540411, 6.341710652641936896, 8.000000000000000000 ) ) ;
#1570 = FACE_OUTER_BOUND ( 'NONE', #842, .T. ) ;
#1571 = CARTESIAN_POINT ( 'NONE',  ( -4.150257504235597139, 5.432656143361017875, 6.764447786418989139 ) ) ;
#1572 = AXIS2_PLACEMENT_3D ( 'NONE', #6094, #3846, #5624 ) ;
#1573 = ORIENTED_EDGE ( 'NONE', *, *, #5689, .T. ) ;
#1574 = CARTESIAN_POINT ( 'NONE',  ( -5.548974055497148505, -3.988608674775539598, 7.020642115321576782 ) ) ;
#1575 = EDGE_CURVE ( 'NONE', #2862, #1007, #5618, .T. ) ;
#1576 = ORIENTED_EDGE ( 'NONE', *, *, #1610, .F. ) ;
#1577 = CIRCLE ( 'NONE', #2074, 0.4300000000000032685 ) ;
#1578 = EDGE_CURVE ( 'NONE', #3732, #6597, #3845, .T. ) ;
#1579 = CARTESIAN_POINT ( 'NONE',  ( -5.308586851871337942, -4.303310061480041249, 6.430872809947810076 ) ) ;
#1580 = LINE ( 'NONE', #411, #542 ) ;
#1581 = CARTESIAN_POINT ( 'NONE',  ( 2.976856263906683342, -7.414817519459848683, 5.600999472805470170 ) ) ;
#1582 = AXIS2_PLACEMENT_3D ( 'NONE', #7085, #1364, #6534 ) ;
#1583 = CARTESIAN_POINT ( 'NONE',  ( 5.719597079281087737, 3.740549493895667599, 7.362502135894176014 ) ) ;
#1584 = ORIENTED_EDGE ( 'NONE', *, *, #7248, .T. ) ;
#1585 = ORIENTED_EDGE ( 'NONE', *, *, #7261, .F. ) ;
#1586 = EDGE_LOOP ( 'NONE', ( #6864, #2171, #6515, #1975 ) ) ;
#1587 = DIRECTION ( 'NONE',  ( 0.000000000000000000, 0.000000000000000000, -1.000000000000000000 ) ) ;
#1588 = ORIENTED_EDGE ( 'NONE', *, *, #2737, .F. ) ;
#1589 = AXIS2_PLACEMENT_3D ( 'NONE', #7099, #1964, #6052 ) ;
#1590 = CARTESIAN_POINT ( 'NONE',  ( -3.483972017652394282, -5.878915015186862547, 7.621733645318049533 ) ) ;
#1591 = CARTESIAN_POINT ( 'NONE',  ( -16.49980648923040150, 2.326040455249440253, 3.501999999999999780 ) ) ;
#1592 = VECTOR ( 'NONE', #3549, 1000.000000000000000 ) ;
#1593 = ORIENTED_EDGE ( 'NONE', *, *, #5863, .T. ) ;
#1594 = CARTESIAN_POINT ( 'NONE',  ( -11.25010580146153849, 12.65854594576691916, 3.500000000000000000 ) ) ;
#1595 = CARTESIAN_POINT ( 'NONE',  ( -5.724752013198943779, 3.731945906712581085, 7.370242715495752606 ) ) ;
#1596 = CARTESIAN_POINT ( 'NONE',  ( 3.536359124266830189, 7.611150689626597909, 5.000368226407108097 ) ) ;
#1597 = ORIENTED_EDGE ( 'NONE', *, *, #2877, .F. ) ;
#1598 = CYLINDRICAL_SURFACE ( 'NONE', #4992, 1.779502281109935913 ) ;
#1599 = CARTESIAN_POINT ( 'NONE',  ( -6.100000000000003197, -3.371676250056183638E-16, -7.500000000000000888 ) ) ;
#1600 = DIRECTION ( 'NONE',  ( 0.000000000000000000, 0.000000000000000000, -1.000000000000000000 ) ) ;
#1601 = CIRCLE ( 'NONE', #6772, 0.4300000000000001599 ) ;
#1602 = ORIENTED_EDGE ( 'NONE', *, *, #615, .F. ) ;
#1603 = CARTESIAN_POINT ( 'NONE',  ( 12.62296808693507977, -10.87725861868353938, 3.500000000000000000 ) ) ;
#1604 = ORIENTED_EDGE ( 'NONE', *, *, #338, .F. ) ;
#1605 = DIRECTION ( 'NONE',  ( -1.000000000000000000, 0.000000000000000000, 0.000000000000000000 ) ) ;
#1606 = CARTESIAN_POINT ( 'NONE',  ( 3.852523501034209819, -14.43171451914776071, 3.500000000000000000 ) ) ;
#1607 = DIRECTION ( 'NONE',  ( 0.000000000000000000, 0.000000000000000000, -1.000000000000000000 ) ) ;
#1609 = ORIENTED_EDGE ( 'NONE', *, *, #6781, .F. ) ;
#1608 = CARTESIAN_POINT ( 'NONE',  ( -3.367644632636673130, 5.946399740305830406, 7.714926392120786680 ) ) ;
#1610 = EDGE_CURVE ( 'NONE', #1212, #2146, #71, .T. ) ;
#1611 = CARTESIAN_POINT ( 'NONE',  ( -5.990063879815872738, -3.289874185261159489, 7.770147734755038726 ) ) ;
#1612 = DIRECTION ( 'NONE',  ( 1.000000000000000000, 0.000000000000000000, 0.000000000000000000 ) ) ;
#1613 = CYLINDRICAL_SURFACE ( 'NONE', #6072, 1.779502281109934803 ) ;
#1614 = DIRECTION ( 'NONE',  ( 0.000000000000000000, 0.000000000000000000, -1.000000000000000000 ) ) ;
#1615 = CARTESIAN_POINT ( 'NONE',  ( 5.495458042377951102, 4.062068081265737263, 6.900555234710162189 ) ) ;
#1616 = EDGE_CURVE ( 'NONE', #5063, #1773, #2973, .T. ) ;
#1617 = ORIENTED_EDGE ( 'NONE', *, *, #685, .T. ) ;
#1618 = VERTEX_POINT ( 'NONE', #4865 ) ;
#1619 = VERTEX_POINT ( 'NONE', #1420 ) ;
#1620 = DIRECTION ( 'NONE',  ( 1.000000000000000000, 0.000000000000000000, 0.000000000000000000 ) ) ;
#1621 = ADVANCED_FACE ( 'NONE', ( #2088 ), #5511, .T. ) ;
#1622 = EDGE_LOOP ( 'NONE', ( #6984, #4275, #1303, #6687 ) ) ;
#1623 = ORIENTED_EDGE ( 'NONE', *, *, #3930, .F. ) ;
#1624 = VECTOR ( 'NONE', #6269, 1000.000000000000000 ) ;
#1625 = CYLINDRICAL_SURFACE ( 'NONE', #1553, 1.779502281109935025 ) ;
#1626 = ORIENTED_EDGE ( 'NONE', *, *, #2334, .F. ) ;
#1627 = CARTESIAN_POINT ( 'NONE',  ( -6.505213034913029562E-16, 1.058181320345851949E-13, -6.500000000000000888 ) ) ;
#1628 = CARTESIAN_POINT ( 'NONE',  ( -5.225417713899789263, 4.405907965421652861, 6.207262738540697100 ) ) ;
#1629 = ORIENTED_EDGE ( 'NONE', *, *, #179, .F. ) ;
#1630 = DIRECTION ( 'NONE',  ( 0.000000000000000000, 0.000000000000000000, -1.000000000000000000 ) ) ;
#1631 = CARTESIAN_POINT ( 'NONE',  ( -3.524810638048705869, 8.210337693600244791, 5.000037259177490867 ) ) ;
#1632 = EDGE_CURVE ( 'NONE', #2617, #3382, #6798, .T. ) ;
#1633 = AXIS2_PLACEMENT_3D ( 'NONE', #2505, #1353, #3066 ) ;
#1634 = AXIS2_PLACEMENT_3D ( 'NONE', #2137, #6187, #6148 ) ;
#1635 = VERTEX_POINT ( 'NONE', #5435 ) ;
#1636 = DIRECTION ( 'NONE',  ( 0.000000000000000000, 0.000000000000000000, -1.000000000000000000 ) ) ;
#1637 = VERTEX_POINT ( 'NONE', #270 ) ;
#1638 = CARTESIAN_POINT ( 'NONE',  ( -4.645336082446750647E-12, 4.028362759918650412E-12, 3.501999999999999780 ) ) ;
#1639 = DIRECTION ( 'NONE',  ( 0.000000000000000000, 0.000000000000000000, 1.000000000000000000 ) ) ;
#1640 = FACE_OUTER_BOUND ( 'NONE', #4956, .T. ) ;
#1641 = EDGE_CURVE ( 'NONE', #3843, #5795, #6551, .T. ) ;
#1642 = DIRECTION ( 'NONE',  ( 0.1423148382732853101, 0.9898214418809326842, 0.000000000000000000 ) ) ;
#1643 = DIRECTION ( 'NONE',  ( 0.1423148382732853101, 0.9898214418809326842, 0.000000000000000000 ) ) ;
#1644 = ORIENTED_EDGE ( 'NONE', *, *, #468, .T. ) ;
#1645 = CARTESIAN_POINT ( 'NONE',  ( -7.122720478982019543, -3.606734626499044971, 5.000000000000000000 ) ) ;
#1646 = ADVANCED_FACE ( 'NONE', ( #6020 ), #5474, .T. ) ;
#1647 = ORIENTED_EDGE ( 'NONE', *, *, #5463, .F. ) ;
#1648 = CARTESIAN_POINT ( 'NONE',  ( -3.335397710289909945, 6.055115265690233173, 5.660567889598346447 ) ) ;
#1650 = CARTESIAN_POINT ( 'NONE',  ( 8.952783259349804013, -3.622101512739694051, 5.000376932700891786 ) ) ;
#1649 = DIRECTION ( 'NONE',  ( 0.000000000000000000, 0.000000000000000000, -1.000000000000000000 ) ) ;
#1651 = CARTESIAN_POINT ( 'NONE',  ( 2.979062698963860445, 16.24198349945379860, -6.500000000000000888 ) ) ;
#1652 = ORIENTED_EDGE ( 'NONE', *, *, #6665, .F. ) ;
#1653 = DIRECTION ( 'NONE',  ( -1.000000000000000000, 0.000000000000000000, 0.000000000000000000 ) ) ;
#1654 = CARTESIAN_POINT ( 'NONE',  ( 3.954025273178430222, -5.625412512690086686, 5.451545729063128398 ) ) ;
#1655 = VERTEX_POINT ( 'NONE', #7328 ) ;
#1656 = CARTESIAN_POINT ( 'NONE',  ( 0.04580257476694150204, 16.66289232113235030, 3.501999999999999780 ) ) ;
#1657 = CARTESIAN_POINT ( 'NONE',  ( 5.342611057661004637, 4.261337614940012841, 6.522350914719888593 ) ) ;
#1658 = ORIENTED_EDGE ( 'NONE', *, *, #3975, .T. ) ;
#1659 = ORIENTED_EDGE ( 'NONE', *, *, #5831, .T. ) ;
#1660 = CARTESIAN_POINT ( 'NONE',  ( 8.635281782831707886, 3.565178754173732312, 5.000074949361385634 ) ) ;
#1661 = VERTEX_POINT ( 'NONE', #3435 ) ;
#1662 = CARTESIAN_POINT ( 'NONE',  ( -8.561066297303517203, -3.555015020604649578, 5.000012559717615268 ) ) ;
#1663 = ADVANCED_FACE ( 'NONE', ( #1079 ), #1613, .F. ) ;
#1664 = CARTESIAN_POINT ( 'NONE',  ( 6.414171054043375619, 2.575122749802876143, 7.214756346922165164 ) ) ;
#1665 = DIRECTION ( 'NONE',  ( 0.000000000000000000, 0.000000000000000000, 1.000000000000000000 ) ) ;
#1666 = VERTEX_POINT ( 'NONE', #3914 ) ;
#1667 = CARTESIAN_POINT ( 'NONE',  ( -16.01177522894684202, -4.037313039457352204, -6.500000000000000888 ) ) ;
#1668 = CARTESIAN_POINT ( 'NONE',  ( -5.504230962702304275, 4.050070199587210595, 6.920386575051740152 ) ) ;
#1669 = ORIENTED_EDGE ( 'NONE', *, *, #2642, .T. ) ;
#1670 = AXIS2_PLACEMENT_3D ( 'NONE', #6794, #1136, #4577 ) ;
#1671 = EDGE_CURVE ( 'NONE', #7133, #4231, #557, .T. ) ;
#1672 = LINE ( 'NONE', #2247, #5906 ) ;
#1673 = AXIS2_PLACEMENT_3D ( 'NONE', #4345, #4186, #202 ) ;
#1674 = ORIENTED_EDGE ( 'NONE', *, *, #5403, .F. ) ;
#1675 = FACE_OUTER_BOUND ( 'NONE', #3933, .T. ) ;
#1676 = CIRCLE ( 'NONE', #4438, 1.779502281109935469 ) ;
#1677 = CARTESIAN_POINT ( 'NONE',  ( -2.553928971772980283, 16.30649174702565318, 3.500000000000000000 ) ) ;
#1678 = AXIS2_PLACEMENT_3D ( 'NONE', #1442, #5994, #6533 ) ;
#1679 = CYLINDRICAL_SURFACE ( 'NONE', #6530, 1.779502281109935025 ) ;
#1680 = AXIS2_PLACEMENT_3D ( 'NONE', #967, #6091, #3323 ) ;
#1681 = AXIS2_PLACEMENT_3D ( 'NONE', #1603, #1106, #3504 ) ;
#1682 = CARTESIAN_POINT ( 'NONE',  ( -14.36072198411767964, 8.976264818957261582, 3.500000000000000000 ) ) ;
#1683 = FACE_OUTER_BOUND ( 'NONE', #6580, .T. ) ;
#1684 = FACE_OUTER_BOUND ( 'NONE', #7251, .T. ) ;
#1685 = ORIENTED_EDGE ( 'NONE', *, *, #4452, .F. ) ;
#1686 = DIRECTION ( 'NONE',  ( 0.000000000000000000, 0.000000000000000000, -1.000000000000000000 ) ) ;
#1688 = DIRECTION ( 'NONE',  ( -0.000000000000000000, -0.000000000000000000, 1.000000000000000000 ) ) ;
#1687 = CARTESIAN_POINT ( 'NONE',  ( -4.650532009343709916, -16.00083217872045083, 3.501999999999999780 ) ) ;
#1689 = CARTESIAN_POINT ( 'NONE',  ( -4.832161620284269432, -4.832161620284269432, 5.000000000000000000 ) ) ;
#1690 = AXIS2_PLACEMENT_3D ( 'NONE', #618, #2182, #506 ) ;
#1691 = AXIS2_PLACEMENT_3D ( 'NONE', #1627, #6257, #390 ) ;
#1692 = ADVANCED_FACE ( 'NONE', ( #2301 ), #2870, .F. ) ;
#1693 = CARTESIAN_POINT ( 'NONE',  ( -3.531875675331313413, 7.670285414457161721, 5.000261281027097660 ) ) ;
#1694 = DIRECTION ( 'NONE',  ( 1.000000000000000000, 0.000000000000000000, 0.000000000000000000 ) ) ;
#1695 = DIRECTION ( 'NONE',  ( -1.000000000000000000, 0.000000000000000000, 0.000000000000000000 ) ) ;
#1696 = CIRCLE ( 'NONE', #2665, 4.479999999999999538 ) ;
#1697 = CARTESIAN_POINT ( 'NONE',  ( 6.056767992093919695, 3.164695990232917922, 7.842157500958094829 ) ) ;
#1698 = VERTEX_POINT ( 'NONE', #3360 ) ;
#1699 = ORIENTED_EDGE ( 'NONE', *, *, #4900, .T. ) ;
#1700 = CARTESIAN_POINT ( 'NONE',  ( 7.847474895078518031, 3.522594873139772265, 5.000001701991707570 ) ) ;
#1701 = ORIENTED_EDGE ( 'NONE', *, *, #2342, .F. ) ;
#1702 = CIRCLE ( 'NONE', #2673, 16.93527874010845835 ) ;
#1703 = CIRCLE ( 'NONE', #6150, 16.93527874010839795 ) ;
#1704 = CARTESIAN_POINT ( 'NONE',  ( -8.705228472829809050, -3.575502072236800277, 5.000335608520253494 ) ) ;
#1705 = CARTESIAN_POINT ( 'NONE',  ( 15.77705318448115257, 4.848589393084430377, 3.500000000000000000 ) ) ;
#1706 = DIRECTION ( 'NONE',  ( -1.000000000000000000, 0.000000000000000000, 0.000000000000000000 ) ) ;
#1707 = AXIS2_PLACEMENT_3D ( 'NONE', #3506, #3463, #4013 ) ;
#1708 = EDGE_LOOP ( 'NONE', ( #4591, #3513, #3216, #6703, #5984, #5650, #2961, #2191 ) ) ;
#1709 = CARTESIAN_POINT ( 'NONE',  ( -3.663740471346060623, 9.125723456341717110, 5.000000000000000000 ) ) ;
#1710 = CARTESIAN_POINT ( 'NONE',  ( 4.405907965424815664, 5.225417713897057226, 6.207262738530539004 ) ) ;
#1711 = CIRCLE ( 'NONE', #7104, 4.479999999999999538 ) ;
#1712 = ADVANCED_FACE ( 'NONE', ( #4553 ), #2833, .T. ) ;
#1713 = CARTESIAN_POINT ( 'NONE',  ( -8.000000000000000000, 8.000000000000000000, 5.000000000000000000 ) ) ;
#1714 = CIRCLE ( 'NONE', #2684, 14.93707874011463410 ) ;
#1715 = CARTESIAN_POINT ( 'NONE',  ( -8.606465574753453751, 3.561236520846826625, 5.000001740809777218 ) ) ;
#1716 = ORIENTED_EDGE ( 'NONE', *, *, #2642, .F. ) ;
#1717 = CARTESIAN_POINT ( 'NONE',  ( -15.89384706209390252, -4.450825974518250128, -6.500000000000000888 ) ) ;
#1718 = EDGE_CURVE ( 'NONE', #407, #6536, #1580, .T. ) ;
#1719 = DIRECTION ( 'NONE',  ( 0.000000000000000000, 0.000000000000000000, 1.000000000000000000 ) ) ;
#1720 = CARTESIAN_POINT ( 'NONE',  ( 16.18808125472154913, -4.974906159487160195, 3.500000000000000000 ) ) ;
#1721 = B_SPLINE_CURVE_WITH_KNOTS ( 'NONE', 3,
 ( #3646, #722, #6938, #4191, #6429, #4764, #1329, #5925, #5185, #3542, #2398, #1795, #1906, #617, #55, #2362, #3039, #4083, #6464, #6495, #5821, #5853, #2479, #7012, #1288, #650, #2897, #5263, #687, #88, #4688, #6978, #1837, #1254, #3578, #3001, #5299, #2443, #4728, #3606 ),
 .UNSPECIFIED., .F., .F.,
 ( 4, 2, 2, 2, 1, 2, 2, 2, 2, 2, 2, 1, 1, 1, 1, 2, 2, 1, 2, 2, 2, 2, 4 ),
 ( 0.000000000000000000, 0.02560835452787811259, 0.02880939884386316333, 0.03201044315984821059, 0.03841253179181830513, 0.05121670905575850113, 0.07682506358363888621, 0.08962924084757975529, 0.1024334181115206382, 0.1152375953754615212, 0.1280417726394023903, 0.1536501271672862379, 0.2048668362230539330, 0.2304751907509367814, 0.2432793680148781779, 0.2496814566468478491, 0.2528825009628337672, 0.2560835452788196576, 0.3073002543345740856, 0.3201044315985117072, 0.3329086088624493844, 0.3585169633903217967, 0.4097336724460667323 ),
 .UNSPECIFIED. ) ;
#1722 = EDGE_CURVE ( 'NONE', #6341, #1318, #1147, .T. ) ;
#1723 = PRODUCT_DEFINITION_CONTEXT ( 'detailed design', #5817, 'design' ) ;
#1724 = ORIENTED_EDGE ( 'NONE', *, *, #7005, .T. ) ;
#1725 = DIRECTION ( 'NONE',  ( -1.000000000000000000, 0.000000000000000000, 0.000000000000000000 ) ) ;
#1726 = DIRECTION ( 'NONE',  ( 0.000000000000000000, 0.000000000000000000, -1.000000000000000000 ) ) ;
#1727 = FACE_OUTER_BOUND ( 'NONE', #5497, .T. ) ;
#1728 = ORIENTED_EDGE ( 'NONE', *, *, #6324, .F. ) ;
#1729 = DIRECTION ( 'NONE',  ( -1.000000000000000000, 0.000000000000000000, 0.000000000000000000 ) ) ;
#1731 = LINE ( 'NONE', #1184, #636 ) ;
#1730 = CARTESIAN_POINT ( 'NONE',  ( -2.847304847258740779, 6.212345305597101408, 7.963899584533078446 ) ) ;
#1732 = EDGE_LOOP ( 'NONE', ( #6589, #3143, #174, #1410, #6749 ) ) ;
#1733 = CARTESIAN_POINT ( 'NONE',  ( 7.434285267090300131, -14.74477009411852002, 3.501999999999999780 ) ) ;
#1734 = ORIENTED_EDGE ( 'NONE', *, *, #3149, .T. ) ;
#1735 = CARTESIAN_POINT ( 'NONE',  ( -13.53668048929982071, -9.457014533746740170, 3.501999999999999780 ) ) ;
#1736 =( BOUNDED_CURVE ( )  B_SPLINE_CURVE ( 2, ( #4542, #5644, #509 ),
 .UNSPECIFIED., .F., .T. ) 
 B_SPLINE_CURVE_WITH_KNOTS ( ( 3, 3 ),
 ( 0.000000000000000000, 1.000000000000000000 ),
 .UNSPECIFIED. ) 
 CURVE ( )  GEOMETRIC_REPRESENTATION_ITEM ( )  RATIONAL_B_SPLINE_CURVE ( ( 1.000000000000000000, 0.9155493925627072871, 1.000000000000000000 ) ) 
 REPRESENTATION_ITEM ( '' )  );
#1737 = CARTESIAN_POINT ( 'NONE',  ( 3.676087340976863516, -6.775413943012195794, 5.000000013345374583 ) ) ;
#1738 = CARTESIAN_POINT ( 'NONE',  ( -3.676087340972396422, 6.775413943027666086, 5.000000013345286654 ) ) ;
#1739 = CARTESIAN_POINT ( 'NONE',  ( 5.784817049591572946, 3.638074703965131995, 7.474481872561177909 ) ) ;
#1740 = ORIENTED_EDGE ( 'NONE', *, *, #1671, .F. ) ;
#1741 = VERTEX_POINT ( 'NONE', #6811 ) ;
#1742 = CARTESIAN_POINT ( 'NONE',  ( 7.852107875364807477, 3.522439718317030177, 5.000000001278483097 ) ) ;
#1743 = VERTEX_POINT ( 'NONE', #6322 ) ;
#1744 = CARTESIAN_POINT ( 'NONE',  ( -8.688152151820677460, -3.572864239411825071, 5.000271203582793866 ) ) ;
#1745 = CARTESIAN_POINT ( 'NONE',  ( 8.000000000000000000, -8.000000000000000000, -49.92880413360069980 ) ) ;
#1746 = ADVANCED_FACE ( 'NONE', ( #3291 ), #1098, .F. ) ;
#1747 = FACE_OUTER_BOUND ( 'NONE', #268, .T. ) ;
#1748 = ORIENTED_EDGE ( 'NONE', *, *, #3544, .F. ) ;
#1749 = CYLINDRICAL_SURFACE ( 'NONE', #6569, 14.93707874011463410 ) ;
#1750 = ORIENTED_EDGE ( 'NONE', *, *, #5879, .F. ) ;
#1751 = CARTESIAN_POINT ( 'NONE',  ( -0.3694146011580295430, -14.93250997457066021, 3.500000000000000000 ) ) ;
#1752 = ORIENTED_EDGE ( 'NONE', *, *, #5451, .F. ) ;
#1753 = AXIS2_PLACEMENT_3D ( 'NONE', #4315, #5968, #843 ) ;
#1754 = ADVANCED_FACE ( 'NONE', ( #2157 ), #4593, .T. ) ;
#1755 = CARTESIAN_POINT ( 'NONE',  ( 10.14999999999999858, -8.000000000000000000, -49.92880413360069980 ) ) ;
#1756 = EDGE_LOOP ( 'NONE', ( #6777, #3568, #401, #2203 ) ) ;
#1757 = DIRECTION ( 'NONE',  ( 0.8412535328311808724, -0.5406408174555978885, 0.000000000000000000 ) ) ;
#1758 = CARTESIAN_POINT ( 'NONE',  ( -16.50062835264469996, 0.6372648811799689339, 3.500000000000000000 ) ) ;
#1759 = CYLINDRICAL_SURFACE ( 'NONE', #6129, 16.93527874010839795 ) ;
#1760 = AXIS2_PLACEMENT_3D ( 'NONE', #754, #714, #4831 ) ;
#1761 = AXIS2_PLACEMENT_3D ( 'NONE', #1438, #5959, #5523 ) ;
#1762 = EDGE_CURVE ( 'NONE', #3673, #4105, #1011, .T. ) ;
#1763 = AXIS2_PLACEMENT_3D ( 'NONE', #3142, #4674, #3028 ) ;
#1764 = CARTESIAN_POINT ( 'NONE',  ( -12.62296808693507977, 10.87725861868353938, 3.500000000000000000 ) ) ;
#1765 = CARTESIAN_POINT ( 'NONE',  ( -10.14999999999999858, -8.000000000000000000, 2.669999999999999929 ) ) ;
#1766 = LINE ( 'NONE', #6802, #1331 ) ;
#1767 = VERTEX_POINT ( 'NONE', #2797 ) ;
#1768 = CARTESIAN_POINT ( 'NONE',  ( 6.833708498984763402, -2.473142485267285931E-16, 8.500000000000000000 ) ) ;
#1770 = ORIENTED_EDGE ( 'NONE', *, *, #840, .T. ) ;
#1769 = DIRECTION ( 'NONE',  ( -0.9594929736144977017, 0.2817325568414285608, 0.000000000000000000 ) ) ;
#1771 = CARTESIAN_POINT ( 'NONE',  ( 4.676546150612118424, 4.987777089956419552, 5.483615767695908971 ) ) ;
#1772 = EDGE_LOOP ( 'NONE', ( #3097, #3068, #5577, #1828 ) ) ;
#1773 = VERTEX_POINT ( 'NONE', #5724 ) ;
#1774 = ORIENTED_EDGE ( 'NONE', *, *, #5026, .F. ) ;
#1775 = CARTESIAN_POINT ( 'NONE',  ( -3.602758352819985799, 7.142632975571595821, 5.000000000000000888 ) ) ;
#1776 = CARTESIAN_POINT ( 'NONE',  ( 8.000000000000000000, 8.000000000000000000, -49.92880413360069980 ) ) ;
#1777 = FACE_OUTER_BOUND ( 'NONE', #7017, .T. ) ;
#1778 = EDGE_CURVE ( 'NONE', #2293, #5457, #4228, .T. ) ;
#1779 = CARTESIAN_POINT ( 'NONE',  ( 3.535870032411116970, -7.616818122876840569, 5.000359689923000062 ) ) ;
#1780 = ORIENTED_EDGE ( 'NONE', *, *, #5933, .F. ) ;
#1781 = CARTESIAN_POINT ( 'NONE',  ( 8.449874384066031752, 3.542582103977651720, 5.000044692608435426 ) ) ;
#1782 = ADVANCED_FACE ( 'NONE', ( #4514 ), #7057, .F. ) ;
#1783 = CARTESIAN_POINT ( 'NONE',  ( -7.639978873580798080, -3.534157616578422534, 5.000316552241250712 ) ) ;
#1784 = CARTESIAN_POINT ( 'NONE',  ( 5.177050413806169260, 4.487272826762364275, 5.000000000000127898 ) ) ;
#1785 = DIRECTION ( 'NONE',  ( -0.1423148382732846717, -0.9898214418809327952, 0.000000000000000000 ) ) ;
#1786 = FACE_OUTER_BOUND ( 'NONE', #3432, .T. ) ;
#1787 = ORIENTED_EDGE ( 'NONE', *, *, #5266, .T. ) ;
#1788 = CARTESIAN_POINT ( 'NONE',  ( 8.000000000000000000, -8.000000000000000000, 5.000000000000000000 ) ) ;
#1789 = EDGE_LOOP ( 'NONE', ( #845, #2719 ) ) ;
#1790 = CARTESIAN_POINT ( 'NONE',  ( -3.569956283419830179, 8.668467720471468851, 5.000193670731875706 ) ) ;
#1791 = EDGE_CURVE ( 'NONE', #1007, #3124, #7058, .T. ) ;
#1792 = LINE ( 'NONE', #4120, #2173 ) ;
#1793 = EDGE_LOOP ( 'NONE', ( #6182, #6668, #867, #4343 ) ) ;
#1794 = LINE ( 'NONE', #1872, #1883 ) ;
#1795 = CARTESIAN_POINT ( 'NONE',  ( -3.589867700645475779, -8.792347609366599315, 5.000640225344009870 ) ) ;
#1796 = EDGE_CURVE ( 'NONE', #2066, #5043, #1714, .T. ) ;
#1797 = ADVANCED_FACE ( 'NONE', ( #3590 ), #5204, .T. ) ;
#1798 = CARTESIAN_POINT ( 'NONE',  ( 5.308586851878310142, -4.303310061471442793, 6.430872809966527548 ) ) ;
#1799 = ORIENTED_EDGE ( 'NONE', *, *, #338, .T. ) ;
#1800 = LINE ( 'NONE', #5303, #3862 ) ;
#1801 = CONICAL_SURFACE ( 'NONE', #5529, 2.149999999999999023, 0.7853981633974490562 ) ;
#1802 = LINE ( 'NONE', #6839, #6252 ) ;
#1803 = CONICAL_SURFACE ( 'NONE', #5408, 17.43527874010850098, 0.9599310885968814766 ) ;
#1804 = ORIENTED_EDGE ( 'NONE', *, *, #4560, .F. ) ;
#1805 = CARTESIAN_POINT ( 'NONE',  ( 5.580101938193167577, -3.959187562246709646, 7.121703808744941355 ) ) ;
#1807 = CARTESIAN_POINT ( 'NONE',  ( 7.674622960760335566, -3.531576023852053936, 5.000252621382343499 ) ) ;
#1806 = FACE_OUTER_BOUND ( 'NONE', #3627, .T. ) ;
#1808 = EDGE_CURVE ( 'NONE', #6064, #7387, #1956, .T. ) ;
#1809 = CARTESIAN_POINT ( 'NONE',  ( -6.505213034913029562E-16, 1.058181320345851949E-13, 3.500000000000000000 ) ) ;
#1810 = ADVANCED_FACE ( 'NONE', ( #5797 ), #2379, .T. ) ;
#1811 = AXIS2_PLACEMENT_3D ( 'NONE', #2659, #7042, #6031 ) ;
#1812 = CARTESIAN_POINT ( 'NONE',  ( -3.522090391529396403, 7.863068208394387248, 5.000000093506501209 ) ) ;
#1813 = DIRECTION ( 'NONE',  ( 0.4154150130018873233, -0.9096319953545181081, 0.000000000000000000 ) ) ;
#1814 = CARTESIAN_POINT ( 'NONE',  ( -6.505213034913029562E-16, 1.058181320345851949E-13, -6.500000000000000888 ) ) ;
#1815 = CARTESIAN_POINT ( 'NONE',  ( 2.553928971772980283, -16.30649174702565318, 3.500000000000000000 ) ) ;
#1816 = AXIS2_PLACEMENT_3D ( 'NONE', #4394, #6684, #1408 ) ;
#1817 = AXIS2_PLACEMENT_3D ( 'NONE', #7145, #4903, #4256 ) ;
#1818 = ORIENTED_EDGE ( 'NONE', *, *, #7139, .T. ) ;
#1819 = EDGE_CURVE ( 'NONE', #5676, #6247, #7339, .T. ) ;
#1820 = CARTESIAN_POINT ( 'NONE',  ( 8.561066297267172942, 3.555015020599782360, 5.000012559718212124 ) ) ;
#1821 = ADVANCED_FACE ( 'NONE', ( #2494 ), #2919, .F. ) ;
#1822 = ADVANCED_FACE ( 'NONE', ( #4663 ), #4209, .T. ) ;
#1823 = CARTESIAN_POINT ( 'NONE',  ( -8.170398370785894926, -3.523150261698144714, 5.000063095495981713 ) ) ;
#1824 = CYLINDRICAL_SURFACE ( 'NONE', #6959, 1.779502281109935025 ) ;
#1825 = EDGE_LOOP ( 'NONE', ( #7027, #6340, #5719, #1699 ) ) ;
#1826 = DIRECTION ( 'NONE',  ( 0.000000000000000000, 0.000000000000000000, 1.000000000000000000 ) ) ;
#1827 = CARTESIAN_POINT ( 'NONE',  ( 3.533682910760202134, -8.352522696126019497, 5.000024399247127604 ) ) ;
#1828 = ORIENTED_EDGE ( 'NONE', *, *, #3337, .F. ) ;
#1829 = CARTESIAN_POINT ( 'NONE',  ( -2.546031784417716715, 6.341710652641866730, 8.000000000000000000 ) ) ;
#1830 = CARTESIAN_POINT ( 'NONE',  ( -3.569191404924570765, 8.663235698584893285, 5.000171681132262513 ) ) ;
#1831 = AXIS2_PLACEMENT_3D ( 'NONE', #3173, #6619, #2570 ) ;
#1832 = VERTEX_POINT ( 'NONE', #593 ) ;
#1833 = DIRECTION ( 'NONE',  ( 0.000000000000000000, 0.000000000000000000, 1.000000000000000000 ) ) ;
#1834 = ORIENTED_EDGE ( 'NONE', *, *, #249, .F. ) ;
#1835 = CARTESIAN_POINT ( 'NONE',  ( -6.505213034913029562E-16, 1.058181320345851949E-13, -6.500000000000000888 ) ) ;
#1836 = ADVANCED_FACE ( 'NONE', ( #6473 ), #4173, .F. ) ;
#1837 = CARTESIAN_POINT ( 'NONE',  ( -3.523803011157799148, -8.186489488039983442, 5.000058941185421268 ) ) ;
#1838 = CARTESIAN_POINT ( 'NONE',  ( 4.561424929357679403, -14.22356227891012637, -6.500000000000000888 ) ) ;
#1839 = CIRCLE ( 'NONE', #6152, 1.779502281109934803 ) ;
#1840 = DIRECTION ( 'NONE',  ( 0.000000000000000000, 0.000000000000000000, 1.000000000000000000 ) ) ;
#1841 = CARTESIAN_POINT ( 'NONE',  ( -15.65269870022669885, 5.260215391104239302, 3.500000000000000000 ) ) ;
#1842 = ORIENTED_EDGE ( 'NONE', *, *, #2008, .T. ) ;
#1843 = CARTESIAN_POINT ( 'NONE',  ( 6.341710652641936896, -2.546031784417542632, 8.000000000000000000 ) ) ;
#1845 = CARTESIAN_POINT ( 'NONE',  ( -5.424051630866284057, 4.156935447229570535, 6.729869419444007406 ) ) ;
#1844 = CARTESIAN_POINT ( 'NONE',  ( 2.912633191706502700, -6.224080526760341847, 5.723952351794853399 ) ) ;
#1846 = FACE_OUTER_BOUND ( 'NONE', #5004, .T. ) ;
#1847 = EDGE_CURVE ( 'NONE', #1532, #3918, #1225, .T. ) ;
#1848 = CIRCLE ( 'NONE', #2126, 14.93707874011464121 ) ;
#1849 = CARTESIAN_POINT ( 'NONE',  ( 4.079957430258750684, 5.482144256582980546, 6.869402047511660392 ) ) ;
#1850 = AXIS2_PLACEMENT_3D ( 'NONE', #2887, #2964, #2354 ) ;
#1851 = CARTESIAN_POINT ( 'NONE',  ( -9.939567796041161414E-16, -1.084202172485504040E-15, -7.500000000000000888 ) ) ;
#1852 = CYLINDRICAL_SURFACE ( 'NONE', #5903, 0.4299999999999995492 ) ;
#1853 = VECTOR ( 'NONE', #3723, 1000.000000000000000 ) ;
#1854 = DIRECTION ( 'NONE',  ( 0.000000000000000000, 0.000000000000000000, 1.000000000000000000 ) ) ;
#1855 = ORIENTED_EDGE ( 'NONE', *, *, #2582, .F. ) ;
#1856 = CARTESIAN_POINT ( 'NONE',  ( 4.514003837727099899, -5.137791747163878320, 5.971669979277350215 ) ) ;
#1857 = ORIENTED_EDGE ( 'NONE', *, *, #3546, .F. ) ;
#1858 = CARTESIAN_POINT ( 'NONE',  ( -8.914836862893103842, -3.613794201834218178, 5.000489036515427088 ) ) ;
#1859 = FACE_OUTER_BOUND ( 'NONE', #2867, .T. ) ;
#1860 = CARTESIAN_POINT ( 'NONE',  ( 10.96445679804882012, 12.33713554324496009, 3.500000000000000000 ) ) ;
#1862 = DIRECTION ( 'NONE',  ( -1.000000000000000000, 0.000000000000000000, 0.000000000000000000 ) ) ;
#1861 = CARTESIAN_POINT ( 'NONE',  ( -9.040844176420955947, 3.642428260970640430, 5.000129360179813354 ) ) ;
#1863 = ORIENTED_EDGE ( 'NONE', *, *, #6168, .T. ) ;
#1864 = ADVANCED_FACE ( 'NONE', ( #2458 ), #35, .T. ) ;
#1865 = CARTESIAN_POINT ( 'NONE',  ( -16.30791787812275118, 4.566780100418109889, 3.500000000000000000 ) ) ;
#1866 = DIRECTION ( 'NONE',  ( 0.000000000000000000, 0.000000000000000000, -1.000000000000000000 ) ) ;
#1867 = ORIENTED_EDGE ( 'NONE', *, *, #7234, .F. ) ;
#1868 = CARTESIAN_POINT ( 'NONE',  ( 2.979062698963860445, -16.24198349945379860, -6.500000000000000888 ) ) ;
#1869 = ADVANCED_FACE ( 'NONE', ( #4062 ), #6364, .F. ) ;
#1870 = ORIENTED_EDGE ( 'NONE', *, *, #2874, .F. ) ;
#1871 = EDGE_CURVE ( 'NONE', #3220, #2155, #4709, .T. ) ;
#1872 = CARTESIAN_POINT ( 'NONE',  ( -2.620464622285420209, -16.73131289434634894, 3.500000000000000000 ) ) ;
#1873 = DIRECTION ( 'NONE',  ( -0.1423148382732853656, -0.9898214418809326842, 0.000000000000000000 ) ) ;
#1874 = CARTESIAN_POINT ( 'NONE',  ( 5.482144256584261299, -4.079957430257036499, 6.869402047515539067 ) ) ;
#1875 = ORIENTED_EDGE ( 'NONE', *, *, #6706, .F. ) ;
#1876 = AXIS2_PLACEMENT_3D ( 'NONE', #2028, #6076, #1952 ) ;
#1877 = CARTESIAN_POINT ( 'NONE',  ( -12.48000000000000220, 8.000000000000000000, 5.000000000000000000 ) ) ;
#1878 = CARTESIAN_POINT ( 'NONE',  ( -6.100000000000001421, -3.371676250056185610E-16, -49.29287896814600600 ) ) ;
#1879 = ORIENTED_EDGE ( 'NONE', *, *, #5401, .T. ) ;
#1880 = DIRECTION ( 'NONE',  ( 0.000000000000000000, 0.000000000000000000, 1.000000000000000000 ) ) ;
#1881 = CARTESIAN_POINT ( 'NONE',  ( -6.667453257840979752, -15.09865203729069805, 3.500000000000000000 ) ) ;
#1882 = CARTESIAN_POINT ( 'NONE',  ( 2.546031784417683852, -6.341710652641880941, 8.000000000000000000 ) ) ;
#1883 = VECTOR ( 'NONE', #4080, 1000.000000000000000 ) ;
#1884 = AXIS2_PLACEMENT_3D ( 'NONE', #4902, #2046, #2758 ) ;
#1885 = ADVANCED_FACE ( 'NONE', ( #701 ), #3016, .T. ) ;
#1886 = CARTESIAN_POINT ( 'NONE',  ( -13.99609199792524095, 8.748350420181509435, 3.500000000000000000 ) ) ;
#1887 = CARTESIAN_POINT ( 'NONE',  ( -6.274932216216098979, 15.27422889192055067, 3.500000000000000000 ) ) ;
#1888 = DIRECTION ( 'NONE',  ( 0.000000000000000000, 0.000000000000000000, -1.000000000000000000 ) ) ;
#1889 = CIRCLE ( 'NONE', #7272, 0.4299999999999686295 ) ;
#1890 = DIRECTION ( 'NONE',  ( 0.000000000000000000, 0.000000000000000000, 1.000000000000000000 ) ) ;
#1891 = ORIENTED_EDGE ( 'NONE', *, *, #486, .F. ) ;
#1892 = DIRECTION ( 'NONE',  ( -0.000000000000000000, -0.000000000000000000, 1.000000000000000000 ) ) ;
#1893 = CIRCLE ( 'NONE', #5732, 0.4300000000000032685 ) ;
#1894 = CARTESIAN_POINT ( 'NONE',  ( 13.42962847247680180, 6.539220166001550538, -6.500000000000000888 ) ) ;
#1895 = CARTESIAN_POINT ( 'NONE',  ( 5.225417713900062822, -4.405907965421314465, 6.207262738540267222 ) ) ;
#1896 = DIRECTION ( 'NONE',  ( 0.000000000000000000, 0.000000000000000000, -1.000000000000000000 ) ) ;
#1898 = CARTESIAN_POINT ( 'NONE',  ( 3.538994157298476217, -8.413072138223734342, 5.000043663428561658 ) ) ;
#1897 = CARTESIAN_POINT ( 'NONE',  ( -8.076095330325765431, 3.520545145454253344, 5.000096362198183542 ) ) ;
#1899 = ORIENTED_EDGE ( 'NONE', *, *, #2813, .F. ) ;
#1900 = LINE ( 'NONE', #2588, #2701 ) ;
#1901 = ORIENTED_EDGE ( 'NONE', *, *, #6559, .T. ) ;
#1902 = CARTESIAN_POINT ( 'NONE',  ( -4.282330040563063100, -5.325593926940720202, 6.476598344430318122 ) ) ;
#1903 = CARTESIAN_POINT ( 'NONE',  ( -13.42962847247680003, -6.539220166001550538, 3.501999999999999780 ) ) ;
#1904 = VERTEX_POINT ( 'NONE', #1887 ) ;
#1905 = CYLINDRICAL_SURFACE ( 'NONE', #3085, 1.779502281109934136 ) ;
#1906 = CARTESIAN_POINT ( 'NONE',  ( -3.582140143681967981, -8.746893183606170297, 5.000524404247419952 ) ) ;
#1907 = CARTESIAN_POINT ( 'NONE',  ( 6.026598069210908903, -3.221854950266131556, 7.810597370345780277 ) ) ;
#1908 = EDGE_CURVE ( 'NONE', #5647, #4426, #1208, .T. ) ;
#1909 = DIRECTION ( 'NONE',  ( 0.000000000000000000, 0.000000000000000000, -1.000000000000000000 ) ) ;
#1910 = DIRECTION ( 'NONE',  ( 0.8412535328311808724, 0.5406408174555981105, 0.000000000000000000 ) ) ;
#1911 = ORIENTED_EDGE ( 'NONE', *, *, #7342, .F. ) ;
#1912 = CARTESIAN_POINT ( 'NONE',  ( -9.939567796041161414E-16, -1.084202172485504040E-15, 5.000000000000000000 ) ) ;
#1913 = CARTESIAN_POINT ( 'NONE',  ( 2.554367942891168308, -6.338363920113518013, 5.256164510758265962 ) ) ;
#1914 = CIRCLE ( 'NONE', #7428, 1.779502281109934136 ) ;
#1915 = CARTESIAN_POINT ( 'NONE',  ( -2.546031784417543520, -6.341710652641937784, 8.000000000000000000 ) ) ;
#1916 = EDGE_LOOP ( 'NONE', ( #985, #4835, #4634, #1593 ) ) ;
#1917 = ORIENTED_EDGE ( 'NONE', *, *, #1819, .T. ) ;
#1918 = CARTESIAN_POINT ( 'NONE',  ( -5.850000000000000533, 8.000000000000000000, 2.669999999999999929 ) ) ;
#1919 = CIRCLE ( 'NONE', #4194, 9.833708498984762514 ) ;
#1920 = DIRECTION ( 'NONE',  ( 1.000000000000000000, 0.000000000000000000, 0.000000000000000000 ) ) ;
#1921 = CYLINDRICAL_SURFACE ( 'NONE', #6146, 0.4300000000000004374 ) ;
#1922 = CARTESIAN_POINT ( 'NONE',  ( 5.308586851874108170, 4.303310061476624426, 6.430872809955233471 ) ) ;
#1923 = VERTEX_POINT ( 'NONE', #5536 ) ;
#1924 = CARTESIAN_POINT ( 'NONE',  ( 9.078528078040287497, 3.651604630734017309, 5.000035885955798065 ) ) ;
#1925 = AXIS2_PLACEMENT_3D ( 'NONE', #2653, #2162, #6180 ) ;
#1926 = CARTESIAN_POINT ( 'NONE',  ( -7.723641766802900044, -3.100841162083436853, 5.378640834937235660 ) ) ;
#1927 = DIRECTION ( 'NONE',  ( 1.000000000000000000, 0.000000000000000000, 0.000000000000000000 ) ) ;
#1928 = CARTESIAN_POINT ( 'NONE',  ( -7.044546516529879732, -14.92643931636489896, 3.500000000000000000 ) ) ;
#1929 = AXIS2_PLACEMENT_3D ( 'NONE', #3948, #6241, #1078 ) ;
#1931 = DIRECTION ( 'NONE',  ( 0.6548607339452872100, 0.7557495743542563815, 0.000000000000000000 ) ) ;
#1930 = CARTESIAN_POINT ( 'NONE',  ( -8.385673758957789659, 3.536503002014720121, 4.999999808231872400 ) ) ;
#1932 = ORIENTED_EDGE ( 'NONE', *, *, #3061, .T. ) ;
#1933 = EDGE_LOOP ( 'NONE', ( #4462, #942, #6831, #5520 ) ) ;
#1934 = LINE ( 'NONE', #1976, #4034 ) ;
#1935 =( BOUNDED_CURVE ( )  B_SPLINE_CURVE ( 2, ( #3899, #7238, #6679 ),
 .UNSPECIFIED., .F., .T. ) 
 B_SPLINE_CURVE_WITH_KNOTS ( ( 3, 3 ),
 ( 0.000000000000000000, 1.000000000000000000 ),
 .UNSPECIFIED. ) 
 CURVE ( )  GEOMETRIC_REPRESENTATION_ITEM ( )  RATIONAL_B_SPLINE_CURVE ( ( 1.000000000000000000, 0.9155493925646698283, 1.000000000000000000 ) ) 
 REPRESENTATION_ITEM ( '' )  );
#1936 = VERTEX_POINT ( 'NONE', #2079 ) ;
#1937 = DIRECTION ( 'NONE',  ( -0.9594929736144974797, 0.2817325568414295600, 0.000000000000000000 ) ) ;
#1938 = CIRCLE ( 'NONE', #6135, 16.93527874010839795 ) ;
#1939 = CARTESIAN_POINT ( 'NONE',  ( -4.561424929357674074, -14.22356227891013525, -6.500000000000000888 ) ) ;
#1940 = DIRECTION ( 'NONE',  ( 0.000000000000000000, 0.000000000000000000, -1.000000000000000000 ) ) ;
#1941 = VERTEX_POINT ( 'NONE', #2676 ) ;
#1942 = CARTESIAN_POINT ( 'NONE',  ( -6.505213034913029562E-16, 1.058181320345851949E-13, 3.500000000000000000 ) ) ;
#1943 = CIRCLE ( 'NONE', #986, 14.93707874011463943 ) ;
#1944 = CARTESIAN_POINT ( 'NONE',  ( -8.121202809513315302, -3.518209004792100636, 5.000000000000240696 ) ) ;
#1945 = AXIS2_PLACEMENT_3D ( 'NONE', #4543, #581, #3392 ) ;
#1946 = CIRCLE ( 'NONE', #2310, 14.93707874011463943 ) ;
#1947 = ADVANCED_FACE ( 'NONE', ( #809 ), #3538, .F. ) ;
#1948 = DIRECTION ( 'NONE',  ( 0.000000000000000000, 0.000000000000000000, -1.000000000000000000 ) ) ;
#1949 = DIRECTION ( 'NONE',  ( 0.000000000000000000, 0.000000000000000000, 1.000000000000000000 ) ) ;
#1950 = VERTEX_POINT ( 'NONE', #7171 ) ;
#1951 = ADVANCED_FACE ( 'NONE', ( #3129 ), #4285, .T. ) ;
#1952 = DIRECTION ( 'NONE',  ( 1.000000000000000000, 0.000000000000000000, 0.000000000000000000 ) ) ;
#1953 = CARTESIAN_POINT ( 'NONE',  ( -13.99609199792524095, -8.748350420181520093, 3.501999999999999780 ) ) ;
#1954 = EDGE_CURVE ( 'NONE', #6600, #5254, #333, .T. ) ;
#1955 = DIRECTION ( 'NONE',  ( -0.4154150130018863796, -0.9096319953545183301, 0.000000000000000000 ) ) ;
#1956 = CIRCLE ( 'NONE', #6407, 0.4300000000000024358 ) ;
#1957 = EDGE_LOOP ( 'NONE', ( #4113, #2259, #6318, #12 ) ) ;
#1958 = ORIENTED_EDGE ( 'NONE', *, *, #7134, .F. ) ;
#1959 = CARTESIAN_POINT ( 'NONE',  ( 2.656344056470351322, 6.297423146282629780, 8.000000000000003553 ) ) ;
#1960 = CARTESIAN_POINT ( 'NONE',  ( -9.939567796041161414E-16, -1.084202172485504040E-15, 8.500000000000000000 ) ) ;
#1961 = LINE ( 'NONE', #810, #3630 ) ;
#1962 = AXIS2_PLACEMENT_3D ( 'NONE', #4546, #4583, #2790 ) ;
#1963 = TOROIDAL_SURFACE ( 'NONE', #4102, 9.833708498984762514, 3.000000000000000000 ) ;
#1964 = DIRECTION ( 'NONE',  ( 0.000000000000000000, 0.000000000000000000, 1.000000000000000000 ) ) ;
#1965 = ORIENTED_EDGE ( 'NONE', *, *, #179, .T. ) ;
#1966 = EDGE_CURVE ( 'NONE', #503, #2651, #7137, .T. ) ;
#1967 = CARTESIAN_POINT ( 'NONE',  ( 8.974922995693219718, 3.626940363499223885, 5.000310217907779631 ) ) ;
#1968 = AXIS2_PLACEMENT_3D ( 'NONE', #7353, #4043, #2855 ) ;
#1969 = DIRECTION ( 'NONE',  ( -1.000000000000000000, 0.000000000000000000, 0.000000000000000000 ) ) ;
#1970 = DIRECTION ( 'NONE',  ( -0.1423148382732853656, -0.9898214418809326842, 0.000000000000000000 ) ) ;
#1971 = DIRECTION ( 'NONE',  ( -0.4154150130018873233, -0.9096319953545181081, 0.000000000000000000 ) ) ;
#1973 = CARTESIAN_POINT ( 'NONE',  ( 2.385244779467354815E-15, 6.148727360599790323E-12, -6.500000000000000888 ) ) ;
#1972 = CARTESIAN_POINT ( 'NONE',  ( 3.597014042412452373, 7.171761104357030625, 5.000029740444764670 ) ) ;
#1974 = ADVANCED_FACE ( 'NONE', ( #4323 ), #1963, .F. ) ;
#1975 = ORIENTED_EDGE ( 'NONE', *, *, #5432, .F. ) ;
#1976 = CARTESIAN_POINT ( 'NONE',  ( -1.717505811864569853, 16.42336799645854839, 3.501999999999999780 ) ) ;
#1977 = ORIENTED_EDGE ( 'NONE', *, *, #93, .F. ) ;
#1978 = CARTESIAN_POINT ( 'NONE',  ( 16.30791787812275473, -4.566780100418109889, -6.500000000000000888 ) ) ;
#1979 = AXIS2_PLACEMENT_3D ( 'NONE', #4658, #5788, #624 ) ;
#1980 = ORIENTED_EDGE ( 'NONE', *, *, #3061, .F. ) ;
#1981 = EDGE_CURVE ( 'NONE', #6955, #5660, #1943, .T. ) ;
#1982 = PRODUCT ( 'turret actuator pully', 'turret actuator pully', '', ( #7050 ) ) ;
#1983 = CARTESIAN_POINT ( 'NONE',  ( -4.215563900626061233, -5.378557538976576069, 6.615020852404488672 ) ) ;
#1984 = CIRCLE ( 'NONE', #1359, 0.4299999999999998268 ) ;
#1985 = DIRECTION ( 'NONE',  ( 0.000000000000000000, 0.000000000000000000, 1.000000000000000000 ) ) ;
#1986 = ORIENTED_EDGE ( 'NONE', *, *, #2340, .T. ) ;
#1987 = VERTEX_POINT ( 'NONE', #5382 ) ;
#1988 = CARTESIAN_POINT ( 'NONE',  ( -4.487272826763720524, -5.177050413804813900, 5.000000000000127898 ) ) ;
#1989 = CARTESIAN_POINT ( 'NONE',  ( 8.385673758957892687, -3.536503002013422936, 4.999999808233172693 ) ) ;
#1990 = CARTESIAN_POINT ( 'NONE',  ( -14.72794537471134291, -2.490772235215355845, -6.500000000000000888 ) ) ;
#1991 = EDGE_CURVE ( 'NONE', #4057, #7280, #2436, .T. ) ;
#1992 = ADVANCED_FACE ( 'NONE', ( #7247 ), #3479, .F. ) ;
#1993 = FACE_OUTER_BOUND ( 'NONE', #824, .T. ) ;
#1994 = CARTESIAN_POINT ( 'NONE',  ( 13.77196618806395811, 9.097096987693380044, 3.500000000000000000 ) ) ;
#1995 = ORIENTED_EDGE ( 'NONE', *, *, #6239, .T. ) ;
#1996 = CARTESIAN_POINT ( 'NONE',  ( 5.850000000000001421, -8.000000000000000000, -7.500000000000000888 ) ) ;
#1997 = CARTESIAN_POINT ( 'NONE',  ( 3.559492043040728415, 8.593563532942148697, 4.999999975241718353 ) ) ;
#1998 = CARTESIAN_POINT ( 'NONE',  ( 3.089139893533861425, -6.095749540714495041, 7.879784840334068896 ) ) ;
#1999 = ADVANCED_FACE ( 'NONE', ( #2787 ), #1002, .F. ) ;
#2000 = VERTEX_POINT ( 'NONE', #3317 ) ;
#2001 = FACE_OUTER_BOUND ( 'NONE', #1387, .T. ) ;
#2002 = DIRECTION ( 'NONE',  ( 0.000000000000000000, 0.000000000000000000, -1.000000000000000000 ) ) ;
#2003 = CARTESIAN_POINT ( 'NONE',  ( 5.137791747163876543, 4.514003837727100787, 5.971669979277350215 ) ) ;
#2004 = LINE ( 'NONE', #7214, #1222 ) ;
#2005 = ORIENTED_EDGE ( 'NONE', *, *, #32, .T. ) ;
#2006 = DIRECTION ( 'NONE',  ( -0.1423148382732853656, -0.9898214418809327952, 0.000000000000000000 ) ) ;
#2007 = AXIS2_PLACEMENT_3D ( 'NONE', #497, #4953, #5633 ) ;
#2008 = EDGE_CURVE ( 'NONE', #4767, #7350, #5212, .T. ) ;
#2009 = CARTESIAN_POINT ( 'NONE',  ( -8.397013994944147797, -3.371182587212548487, 5.078081969995060341 ) ) ;
#2010 = AXIS2_PLACEMENT_3D ( 'NONE', #1463, #5546, #3246 ) ;
#2011 = CARTESIAN_POINT ( 'NONE',  ( 3.663740471346063288, -9.125723456341727768, 5.000000000000000000 ) ) ;
#2012 = DIRECTION ( 'NONE',  ( -0.8412535328311819827, 0.5406408174555963342, 0.000000000000000000 ) ) ;
#2014 = ORIENTED_EDGE ( 'NONE', *, *, #7124, .T. ) ;
#2013 = CARTESIAN_POINT ( 'NONE',  ( -7.966904326022808291, 3.520034270627149020, 5.000071123342678447 ) ) ;
#2015 = AXIS2_PLACEMENT_3D ( 'NONE', #4647, #6935, #6384 ) ;
#2016 = EDGE_LOOP ( 'NONE', ( #4548, #3489, #3249, #2641 ) ) ;
#2017 = FILL_AREA_STYLE ('',( #821 ) ) ;
#2018 = ORIENTED_EDGE ( 'NONE', *, *, #4703, .T. ) ;
#2019 = CARTESIAN_POINT ( 'NONE',  ( -3.663740471346060623, 9.125723456341717110, 5.000000000000000000 ) ) ;
#2020 = CARTESIAN_POINT ( 'NONE',  ( -3.852523501034214704, 14.43171451914776071, 3.500000000000000000 ) ) ;
#2021 = DIRECTION ( 'NONE',  ( -0.000000000000000000, -0.000000000000000000, -1.000000000000000000 ) ) ;
#2022 = ORIENTED_EDGE ( 'NONE', *, *, #1013, .T. ) ;
#2023 = DIRECTION ( 'NONE',  ( 0.000000000000000000, 0.000000000000000000, -1.000000000000000000 ) ) ;
#2024 = CARTESIAN_POINT ( 'NONE',  ( 8.606465574650997041, -3.561236520832923969, 5.000001740809707051 ) ) ;
#2025 = CARTESIAN_POINT ( 'NONE',  ( -6.151366235608265676, -2.978903736708011341, 7.928906461755461876 ) ) ;
#2026 = CARTESIAN_POINT ( 'NONE',  ( -9.939567796041161414E-16, -1.084202172485504040E-15, 8.000000000000000000 ) ) ;
#2027 = ORIENTED_EDGE ( 'NONE', *, *, #2250, .F. ) ;
#2028 = CARTESIAN_POINT ( 'NONE',  ( 8.000000000000000000, 8.000000000000000000, 2.669999999999999929 ) ) ;
#2029 = EDGE_CURVE ( 'NONE', #7387, #955, #5076, .T. ) ;
#2030 = CARTESIAN_POINT ( 'NONE',  ( 3.560372761304657185, 8.600094481404012114, 4.999999060355183822 ) ) ;
#2031 = VERTEX_POINT ( 'NONE', #3390 ) ;
#2032 = CARTESIAN_POINT ( 'NONE',  ( 5.592088271422240760E-12, -2.556443351416770432E-12, 3.500000000000000000 ) ) ;
#2033 = ORIENTED_EDGE ( 'NONE', *, *, #1549, .F. ) ;
#2034 = ORIENTED_EDGE ( 'NONE', *, *, #1981, .F. ) ;
#2035 = CARTESIAN_POINT ( 'NONE',  ( 6.341710652641876500, 2.546031784417688293, 8.000000000000000000 ) ) ;
#2036 = DIRECTION ( 'NONE',  ( -1.000000000000000000, 0.000000000000000000, 0.000000000000000000 ) ) ;
#2037 = DIRECTION ( 'NONE',  ( 1.000000000000000000, 0.000000000000000000, 0.000000000000000000 ) ) ;
#2038 = DIRECTION ( 'NONE',  ( -0.000000000000000000, -0.000000000000000000, -1.000000000000000000 ) ) ;
#2039 = ADVANCED_FACE ( 'NONE', ( #3424 ), #6277, .T. ) ;
#2040 = ORIENTED_EDGE ( 'NONE', *, *, #3498, .T. ) ;
#2041 = EDGE_CURVE ( 'NONE', #3673, #5713, #7115, .T. ) ;
#2042 = EDGE_CURVE ( 'NONE', #4153, #1425, #1736, .T. ) ;
#2043 = CARTESIAN_POINT ( 'NONE',  ( -6.026703386284127717, -3.221970839051610636, 7.811298934424394602 ) ) ;
#2044 = CARTESIAN_POINT ( 'NONE',  ( -4.832161620284266768, -4.832161620284268544, 5.000000000000000000 ) ) ;
#2045 = VERTEX_POINT ( 'NONE', #4430 ) ;
#2046 = DIRECTION ( 'NONE',  ( 0.000000000000000000, 0.000000000000000000, -1.000000000000000000 ) ) ;
#2047 = DIRECTION ( 'NONE',  ( 0.000000000000000000, 0.000000000000000000, -1.000000000000000000 ) ) ;
#2049 = ORIENTED_EDGE ( 'NONE', *, *, #1034, .T. ) ;
#2048 = CARTESIAN_POINT ( 'NONE',  ( -7.674622960658393112, 3.531576023859593239, 5.000252621382326623 ) ) ;
#2050 = EDGE_CURVE ( 'NONE', #890, #488, #6982, .T. ) ;
#2051 = AXIS2_PLACEMENT_3D ( 'NONE', #2500, #3595, #7064 ) ;
#2052 = VERTEX_POINT ( 'NONE', #3872 ) ;
#2053 = ORIENTED_EDGE ( 'NONE', *, *, #2120, .T. ) ;
#2054 = CARTESIAN_POINT ( 'NONE',  ( -6.505213034913029562E-16, 1.058181320345851949E-13, -6.500000000000000888 ) ) ;
#2055 = ADVANCED_FACE ( 'NONE', ( #6163 ), #472, .T. ) ;
#2056 = CIRCLE ( 'NONE', #5413, 0.4299999999999946088 ) ;
#2057 = CIRCLE ( 'NONE', #1441, 16.93527874010839795 ) ;
#2058 = CARTESIAN_POINT ( 'NONE',  ( -6.505213034913029562E-16, 1.058181320345851949E-13, -6.500000000000000888 ) ) ;
#2059 = CARTESIAN_POINT ( 'NONE',  ( 13.73654921516310168, 5.867157484472600437, 3.501999999999999780 ) ) ;
#2060 = ORIENTED_EDGE ( 'NONE', *, *, #4337, .T. ) ;
#2061 = CARTESIAN_POINT ( 'NONE',  ( -4.303310061479969306, -5.308586851871397450, 6.430872809947962843 ) ) ;
#2062 = CARTESIAN_POINT ( 'NONE',  ( 7.599752062289963028, -3.536958032941920127, 5.000396278389835913 ) ) ;
#2063 = CIRCLE ( 'NONE', #1321, 14.93707874011464476 ) ;
#2064 = AXIS2_PLACEMENT_3D ( 'NONE', #4383, #2729, #5098 ) ;
#2065 = CARTESIAN_POINT ( 'NONE',  ( -7.122720478982019543, -3.606734626499044971, 5.000000000000000000 ) ) ;
#2066 = VERTEX_POINT ( 'NONE', #2823 ) ;
#2067 = AXIS2_PLACEMENT_3D ( 'NONE', #4866, #1384, #7180 ) ;
#2068 = LINE ( 'NONE', #3197, #6267 ) ;
#2069 = ORIENTED_EDGE ( 'NONE', *, *, #1219, .T. ) ;
#2070 = CYLINDRICAL_SURFACE ( 'NONE', #6789, 0.4299999999999995492 ) ;
#2071 = CARTESIAN_POINT ( 'NONE',  ( 3.561856393196806803, 8.611040926290710829, 5.000007330410688233 ) ) ;
#2072 = ORIENTED_EDGE ( 'NONE', *, *, #4045, .T. ) ;
#2073 = DIRECTION ( 'NONE',  ( 0.000000000000000000, 0.000000000000000000, -1.000000000000000000 ) ) ;
#2074 = AXIS2_PLACEMENT_3D ( 'NONE', #7138, #299, #1343 ) ;
#2075 =( BOUNDED_CURVE ( )  B_SPLINE_CURVE ( 2, ( #5197, #3910, #586 ),
 .UNSPECIFIED., .F., .T. ) 
 B_SPLINE_CURVE_WITH_KNOTS ( ( 3, 3 ),
 ( 0.000000000000000000, 1.000000000000000000 ),
 .UNSPECIFIED. ) 
 CURVE ( )  GEOMETRIC_REPRESENTATION_ITEM ( )  RATIONAL_B_SPLINE_CURVE ( ( 1.000000000000000000, 0.7071067811865471286, 1.000000000000000000 ) ) 
 REPRESENTATION_ITEM ( '' )  );
#2076 = VECTOR ( 'NONE', #6830, 1000.000000000000000 ) ;
#2077 = CARTESIAN_POINT ( 'NONE',  ( -2.554367942892009857, -6.338363920113371464, 5.256164510759520958 ) ) ;
#2078 = EDGE_LOOP ( 'NONE', ( #1523, #7231, #106, #1220 ) ) ;
#2079 = CARTESIAN_POINT ( 'NONE',  ( -10.32400093086860338, -12.88766260189611756, -6.500000000000000888 ) ) ;
#2080 = DIRECTION ( 'NONE',  ( 0.000000000000000000, 0.000000000000000000, 1.000000000000000000 ) ) ;
#2081 = CIRCLE ( 'NONE', #1707, 9.833708498984762514 ) ;
#2082 = CARTESIAN_POINT ( 'NONE',  ( -8.383895737619360133, -12.36230615819431300, -6.500000000000000888 ) ) ;
#2083 = VECTOR ( 'NONE', #6658, 1000.000000000000000 ) ;
#2084 = EDGE_LOOP ( 'NONE', ( #5201, #6667, #5361, #678 ) ) ;
#2085 = CARTESIAN_POINT ( 'NONE',  ( -6.076559694980129933, -3.126530017216621271, 7.861620243315103451 ) ) ;
#2086 = AXIS2_PLACEMENT_3D ( 'NONE', #1422, #7258, #4338 ) ;
#2087 = CARTESIAN_POINT ( 'NONE',  ( -5.940952272440020998, -3.523220616552979578, 5.577365042555746832 ) ) ;
#2088 = FACE_OUTER_BOUND ( 'NONE', #4996, .T. ) ;
#2089 = DIRECTION ( 'NONE',  ( 0.6548607339452848786, 0.7557495743542584909, 0.000000000000000000 ) ) ;
#2091 = ORIENTED_EDGE ( 'NONE', *, *, #6078, .T. ) ;
#2090 = CARTESIAN_POINT ( 'NONE',  ( -3.519928902244441549, -7.960851642936181527, 5.000071162672885983 ) ) ;
#2092 = ORIENTED_EDGE ( 'NONE', *, *, #2187, .T. ) ;
#2093 = ORIENTED_EDGE ( 'NONE', *, *, #5944, .T. ) ;
#2094 = DIRECTION ( 'NONE',  ( 1.000000000000000000, 0.000000000000000000, 0.000000000000000000 ) ) ;
#2095 = EDGE_LOOP ( 'NONE', ( #2532, #3165, #4341, #5354 ) ) ;
#2096 = ADVANCED_FACE ( 'NONE', ( #7424 ), #5114, .T. ) ;
#2097 = DIRECTION ( 'NONE',  ( 0.000000000000000000, 0.000000000000000000, -1.000000000000000000 ) ) ;
#2098 = EDGE_CURVE ( 'NONE', #2161, #680, #7392, .T. ) ;
#2099 = AXIS2_PLACEMENT_3D ( 'NONE', #3535, #4722, #7004 ) ;
#2100 = ORIENTED_EDGE ( 'NONE', *, *, #6878, .T. ) ;
#2101 = CARTESIAN_POINT ( 'NONE',  ( -2.143592709476539682, 16.36548919478289932, 3.501999999999999780 ) ) ;
#2102 = CARTESIAN_POINT ( 'NONE',  ( -3.521173722603774259, 8.109861370604775743, 5.000103608783683207 ) ) ;
#2103 = ORIENTED_EDGE ( 'NONE', *, *, #1554, .F. ) ;
#2104 = EDGE_CURVE ( 'NONE', #2234, #3935, #6160, .T. ) ;
#2105 = ADVANCED_FACE ( 'NONE', ( #1683 ), #2185, .T. ) ;
#2106 = CARTESIAN_POINT ( 'NONE',  ( 3.519858692616923523, 8.000000432939101458, 5.000047626859950967 ) ) ;
#2107 = ORIENTED_EDGE ( 'NONE', *, *, #6040, .T. ) ;
#2108 = CARTESIAN_POINT ( 'NONE',  ( -15.17612706764145081, 6.880352142754600386, -6.500000000000000888 ) ) ;
#2109 = DIRECTION ( 'NONE',  ( 0.000000000000000000, 0.000000000000000000, 1.000000000000000000 ) ) ;
#2110 = CIRCLE ( 'NONE', #7254, 1.779502281109936135 ) ;
#2111 = CARTESIAN_POINT ( 'NONE',  ( 4.303310061476624426, -5.308586851874109058, 6.430872809955233471 ) ) ;
#2112 = VERTEX_POINT ( 'NONE', #6230 ) ;
#2113 = CARTESIAN_POINT ( 'NONE',  ( 5.308586851874108170, 4.303310061476624426, 6.430872809955233471 ) ) ;
#2114 = CARTESIAN_POINT ( 'NONE',  ( 13.42962847247680003, 6.539220166001550538, 3.501999999999999780 ) ) ;
#2115 = DIRECTION ( 'NONE',  ( -0.000000000000000000, -0.000000000000000000, 1.000000000000000000 ) ) ;
#2116 = CARTESIAN_POINT ( 'NONE',  ( 16.50062835264469996, -0.6372648811799720425, 3.500000000000000000 ) ) ;
#2117 = VERTEX_POINT ( 'NONE', #1070 ) ;
#2118 = CARTESIAN_POINT ( 'NONE',  ( -13.99609199792524095, 8.748350420181509435, -6.500000000000000888 ) ) ;
#2119 = AXIS2_PLACEMENT_3D ( 'NONE', #5071, #3418, #7419 ) ;
#2120 = EDGE_CURVE ( 'NONE', #832, #1112, #2859, .T. ) ;
#2121 = EDGE_CURVE ( 'NONE', #2986, #1936, #6761, .T. ) ;
#2122 = DIRECTION ( 'NONE',  ( -0.4154150130018854359, -0.9096319953545187742, 0.000000000000000000 ) ) ;
#2123 = CARTESIAN_POINT ( 'NONE',  ( 3.569474491686674522, -8.665173815846669569, 5.000176966422431590 ) ) ;
#2124 = CARTESIAN_POINT ( 'NONE',  ( -9.939567796041161414E-16, -1.084202172485504040E-15, 8.000000000000000000 ) ) ;
#2125 = CARTESIAN_POINT ( 'NONE',  ( -3.522921185882252004, -7.837777512218416121, 4.999997636553884739 ) ) ;
#2126 = AXIS2_PLACEMENT_3D ( 'NONE', #5110, #577, #688 ) ;
#2127 = ORIENTED_EDGE ( 'NONE', *, *, #7355, .T. ) ;
#2128 = ORIENTED_EDGE ( 'NONE', *, *, #1159, .T. ) ;
#2129 = DIRECTION ( 'NONE',  ( 0.6548607339452852116, 0.7557495743542581579, 0.000000000000000000 ) ) ;
#2130 = EDGE_LOOP ( 'NONE', ( #3745, #4225, #356, #2225 ) ) ;
#2131 = CIRCLE ( 'NONE', #1760, 14.93707874011463232 ) ;
#2132 = AXIS2_PLACEMENT_3D ( 'NONE', #760, #3074, #6828 ) ;
#2133 = CIRCLE ( 'NONE', #1382, 4.479999999999999538 ) ;
#2134 = FACE_OUTER_BOUND ( 'NONE', #1086, .T. ) ;
#2135 = FACE_OUTER_BOUND ( 'NONE', #7166, .T. ) ;
#2136 = VERTEX_POINT ( 'NONE', #6197 ) ;
#2137 = CARTESIAN_POINT ( 'NONE',  ( -6.505213034913029562E-16, 1.058181320345851949E-13, -6.500000000000000888 ) ) ;
#2138 = CARTESIAN_POINT ( 'NONE',  ( -5.507905066016789419, 4.045074642586223845, 6.928788853554068261 ) ) ;
#2139 = CARTESIAN_POINT ( 'NONE',  ( 4.648460088740601096E-12, 4.024757464465025360E-12, 3.500000000000000000 ) ) ;
#2140 = ORIENTED_EDGE ( 'NONE', *, *, #689, .F. ) ;
#2141 = CARTESIAN_POINT ( 'NONE',  ( -6.505213034913029562E-16, 1.058181320345851949E-13, 3.500000000000000000 ) ) ;
#2142 = DIRECTION ( 'NONE',  ( 1.000000000000000000, 0.000000000000000000, 0.000000000000000000 ) ) ;
#2143 = EDGE_LOOP ( 'NONE', ( #1701, #5948, #3886, #6942 ) ) ;
#2144 = CARTESIAN_POINT ( 'NONE',  ( 4.261337614969892051, -5.342611057636786676, 6.522350914654641230 ) ) ;
#2145 = EDGE_CURVE ( 'NONE', #3159, #3297, #1036, .T. ) ;
#2146 = VERTEX_POINT ( 'NONE', #6467 ) ;
#2147 = CARTESIAN_POINT ( 'NONE',  ( 7.383982180591766920, 3.554563976611576415, 5.000000000001205258 ) ) ;
#2148 = CARTESIAN_POINT ( 'NONE',  ( -15.13807291325679927, 6.963679117709849820, 3.500000000000000000 ) ) ;
#2149 = VERTEX_POINT ( 'NONE', #2450 ) ;
#2150 = LINE ( 'NONE', #923, #1210 ) ;
#2151 = CARTESIAN_POINT ( 'NONE',  ( -3.530535871766798728, 7.599716546561595010, 5.000000000000000000 ) ) ;
#2152 = ORIENTED_EDGE ( 'NONE', *, *, #6590, .F. ) ;
#2153 = AXIS2_PLACEMENT_3D ( 'NONE', #4961, #6539, #7203 ) ;
#2154 = CARTESIAN_POINT ( 'NONE',  ( -5.878986338652476995, -3.484135919066193576, 7.622430334962182030 ) ) ;
#2155 = VERTEX_POINT ( 'NONE', #59 ) ;
#2156 = DIRECTION ( 'NONE',  ( -0.000000000000000000, -0.000000000000000000, 1.000000000000000000 ) ) ;
#2157 = FACE_OUTER_BOUND ( 'NONE', #7344, .T. ) ;
#2158 = DIRECTION ( 'NONE',  ( 0.000000000000000000, 0.000000000000000000, 1.000000000000000000 ) ) ;
#2159 = CARTESIAN_POINT ( 'NONE',  ( -7.905469043143135366, 3.520707438472989281, 5.000020325516278952 ) ) ;
#2160 = VERTEX_POINT ( 'NONE', #1292 ) ;
#2161 = VERTEX_POINT ( 'NONE', #3545 ) ;
#2162 = DIRECTION ( 'NONE',  ( 0.000000000000000000, 0.000000000000000000, 1.000000000000000000 ) ) ;
#2163 = VERTEX_POINT ( 'NONE', #4655 ) ;
#2164 = CARTESIAN_POINT ( 'NONE',  ( -3.982098568368158897, -5.554032556706396839, 7.033426187765933868 ) ) ;
#2165 = CARTESIAN_POINT ( 'NONE',  ( 18.86342674685059961, -1.084202172485504040E-15, -7.500000000000000888 ) ) ;
#2166 = CONICAL_SURFACE ( 'NONE', #2769, 2.149999999999999911, 0.7853981633974490562 ) ;
#2167 = ORIENTED_EDGE ( 'NONE', *, *, #1001, .T. ) ;
#2168 = CARTESIAN_POINT ( 'NONE',  ( 16.50062835264469996, 0.6372648811799692670, -6.500000000000000888 ) ) ;
#2169 = CARTESIAN_POINT ( 'NONE',  ( -6.250293562651425106, 2.765408739531877824, 7.985681847126943289 ) ) ;
#2170 = CIRCLE ( 'NONE', #469, 18.86342674685059961 ) ;
#2171 = ORIENTED_EDGE ( 'NONE', *, *, #532, .F. ) ;
#2172 = AXIS2_PLACEMENT_3D ( 'NONE', #203, #3678, #4913 ) ;
#2173 = VECTOR ( 'NONE', #2933, 1000.000000000000000 ) ;
#2174 = EDGE_CURVE ( 'NONE', #3322, #865, #5188, .T. ) ;
#2175 = ORIENTED_EDGE ( 'NONE', *, *, #4984, .F. ) ;
#2176 = CARTESIAN_POINT ( 'NONE',  ( 3.530019635657379862, 7.697143484762290377, 5.000210178561244945 ) ) ;
#2177 = AXIS2_PLACEMENT_3D ( 'NONE', #4201, #4242, #5348 ) ;
#2178 = AXIS2_PLACEMENT_3D ( 'NONE', #1745, #1826, #4070 ) ;
#2179 = ORIENTED_EDGE ( 'NONE', *, *, #1808, .T. ) ;
#2180 = CARTESIAN_POINT ( 'NONE',  ( -16.50062835264469996, 0.6372648811799689339, 3.501999999999999780 ) ) ;
#2181 = FACE_OUTER_BOUND ( 'NONE', #456, .T. ) ;
#2182 = DIRECTION ( 'NONE',  ( 0.000000000000000000, 0.000000000000000000, -1.000000000000000000 ) ) ;
#2183 = AXIS2_PLACEMENT_3D ( 'NONE', #5088, #930, #895 ) ;
#2184 = EDGE_CURVE ( 'NONE', #913, #2031, #1800, .T. ) ;
#2185 = CYLINDRICAL_SURFACE ( 'NONE', #4845, 16.93527874010839795 ) ;
#2186 = DIRECTION ( 'NONE',  ( -1.000000000000000000, 0.000000000000000000, 0.000000000000000000 ) ) ;
#2187 = EDGE_CURVE ( 'NONE', #2621, #2355, #5824, .T. ) ;
#2188 = DIRECTION ( 'NONE',  ( 0.000000000000000000, 0.000000000000000000, -1.000000000000000000 ) ) ;
#2189 = CIRCLE ( 'NONE', #3388, 14.93707874011463410 ) ;
#2191 = ORIENTED_EDGE ( 'NONE', *, *, #6800, .T. ) ;
#2190 = CARTESIAN_POINT ( 'NONE',  ( -3.221970839034718814, 6.026703386293043252, 7.811298934435093599 ) ) ;
#2192 = CARTESIAN_POINT ( 'NONE',  ( -6.095749540712636971, -3.089139893537523829, 7.879784840332602514 ) ) ;
#2193 = VECTOR ( 'NONE', #2710, 1000.000000000000000 ) ;
#2194 = AXIS2_PLACEMENT_3D ( 'NONE', #4366, #3907, #6165 ) ;
#2195 = CARTESIAN_POINT ( 'NONE',  ( -5.250036733678150824, -4.396834529552001491, 5.247028532303592563 ) ) ;
#2196 = DIRECTION ( 'NONE',  ( 0.000000000000000000, 0.000000000000000000, -1.000000000000000000 ) ) ;
#2197 = CARTESIAN_POINT ( 'NONE',  ( 2.687101834562620084, -6.693090963464872090, 6.489143058887309579 ) ) ;
#2198 = ADVANCED_FACE ( 'NONE', ( #2401 ), #4012, .F. ) ;
#2199 = CARTESIAN_POINT ( 'NONE',  ( 5.517423417851382794, 4.032079605947362921, 6.950380221340219045 ) ) ;
#2200 = VERTEX_POINT ( 'NONE', #5190 ) ;
#2201 = ORIENTED_EDGE ( 'NONE', *, *, #3839, .T. ) ;
#2202 = DIRECTION ( 'NONE',  ( 0.000000000000000000, 0.000000000000000000, 1.000000000000000000 ) ) ;
#2203 = ORIENTED_EDGE ( 'NONE', *, *, #4029, .F. ) ;
#2204 = AXIS2_PLACEMENT_3D ( 'NONE', #107, #1854, #4211 ) ;
#2205 = CARTESIAN_POINT ( 'NONE',  ( 0.04580257476694359758, -16.66289232113235030, 3.501999999999999780 ) ) ;
#2206 = EDGE_CURVE ( 'NONE', #3771, #6047, #6431, .T. ) ;
#2207 = LINE ( 'NONE', #6216, #4574 ) ;
#2208 = ORIENTED_EDGE ( 'NONE', *, *, #2655, .T. ) ;
#2209 = AXIS2_PLACEMENT_3D ( 'NONE', #5833, #664, #4740 ) ;
#2210 = CARTESIAN_POINT ( 'NONE',  ( -14.22574330189360481, 8.384811868462943352, -6.500000000000000888 ) ) ;
#2211 = CYLINDRICAL_SURFACE ( 'NONE', #6771, 18.86342674685059961 ) ;
#2212 = EDGE_CURVE ( 'NONE', #1532, #3822, #6392, .T. ) ;
#2213 = EDGE_CURVE ( 'NONE', #2872, #2910, #654, .T. ) ;
#2214 = ORIENTED_EDGE ( 'NONE', *, *, #3913, .T. ) ;
#2215 = CARTESIAN_POINT ( 'NONE',  ( 3.546281968660498940, 7.510039239808218525, 5.000468688108441029 ) ) ;
#2216 = EDGE_CURVE ( 'NONE', #1904, #407, #6636, .T. ) ;
#2217 = VERTEX_POINT ( 'NONE', #1877 ) ;
#2218 = FACE_OUTER_BOUND ( 'NONE', #1732, .T. ) ;
#2219 = CARTESIAN_POINT ( 'NONE',  ( 2.546031784417683852, -6.341710652641880941, 8.000000000000000000 ) ) ;
#2220 = AXIS2_PLACEMENT_3D ( 'NONE', #122, #6383, #2931 ) ;
#2221 = DIRECTION ( 'NONE',  ( 0.000000000000000000, 0.000000000000000000, -1.000000000000000000 ) ) ;
#2222 = CARTESIAN_POINT ( 'NONE',  ( -15.89384706209390252, 4.450825974518244799, -6.500000000000000888 ) ) ;
#2223 = CARTESIAN_POINT ( 'NONE',  ( 4.738426506668380611, 15.97502402572244939, -6.500000000000000888 ) ) ;
#2224 = DIRECTION ( 'NONE',  ( 0.9594929736144973687, -0.2817325568414295600, 0.000000000000000000 ) ) ;
#2225 = ORIENTED_EDGE ( 'NONE', *, *, #5231, .F. ) ;
#2226 = DIRECTION ( 'NONE',  ( 0.000000000000000000, 0.000000000000000000, 1.000000000000000000 ) ) ;
#2228 = DIRECTION ( 'NONE',  ( 0.000000000000000000, 0.000000000000000000, 1.000000000000000000 ) ) ;
#2227 = CARTESIAN_POINT ( 'NONE',  ( -3.484135919050660668, 5.878986338661600364, 7.622430334976611377 ) ) ;
#2229 = DIRECTION ( 'NONE',  ( 0.000000000000000000, 0.000000000000000000, -1.000000000000000000 ) ) ;
#2230 = CARTESIAN_POINT ( 'NONE',  ( -3.519859447339550140, 8.000026333324143479, 5.000046857320630700 ) ) ;
#2231 = DIRECTION ( 'NONE',  ( 0.000000000000000000, 0.000000000000000000, 1.000000000000000000 ) ) ;
#2232 = LINE ( 'NONE', #4441, #5898 ) ;
#2233 = CARTESIAN_POINT ( 'NONE',  ( 5.375033553657066143, 4.220324493200044991, 6.606867189407824803 ) ) ;
#2234 = VERTEX_POINT ( 'NONE', #5267 ) ;
#2235 = CARTESIAN_POINT ( 'NONE',  ( 8.246681462102401383, 3.526741515466089716, 5.000014198793628850 ) ) ;
#2236 = ORIENTED_EDGE ( 'NONE', *, *, #5904, .F. ) ;
#2237 = ADVANCED_FACE ( 'NONE', ( #2327 ), #4618, .T. ) ;
#2238 = CARTESIAN_POINT ( 'NONE',  ( 4.832161620284269432, -4.832161620284269432, 5.000000000000000000 ) ) ;
#2239 = CARTESIAN_POINT ( 'NONE',  ( 13.53668048929982071, 9.457014533746740170, 3.501999999999999780 ) ) ;
#2240 = CYLINDRICAL_SURFACE ( 'NONE', #2727, 14.93707874011463410 ) ;
#2241 = ORIENTED_EDGE ( 'NONE', *, *, #5955, .F. ) ;
#2242 = DIRECTION ( 'NONE',  ( 0.000000000000000000, 0.000000000000000000, 1.000000000000000000 ) ) ;
#2243 = CARTESIAN_POINT ( 'NONE',  ( -3.529731625595840416, 8.295972839044114977, 5.000020170995365554 ) ) ;
#2244 = CIRCLE ( 'NONE', #2841, 0.4299999999999686295 ) ;
#2245 = AXIS2_PLACEMENT_3D ( 'NONE', #6939, #651, #762 ) ;
#2246 = VECTOR ( 'NONE', #3931, 1000.000000000000000 ) ;
#2247 = CARTESIAN_POINT ( 'NONE',  ( 5.850000000000000533, -8.000000000000000000, -49.92880413360069980 ) ) ;
#2248 = ORIENTED_EDGE ( 'NONE', *, *, #5942, .T. ) ;
#2249 = CARTESIAN_POINT ( 'NONE',  ( -8.121202809526304023, 3.518209004792310690, 4.999999999999999112 ) ) ;
#2250 = EDGE_CURVE ( 'NONE', #1169, #6741, #4836, .T. ) ;
#2251 = CARTESIAN_POINT ( 'NONE',  ( -6.505213034913029562E-16, 1.058181320345851949E-13, 3.500000000000000000 ) ) ;
#2252 = DIRECTION ( 'NONE',  ( 0.000000000000000000, 0.000000000000000000, -1.000000000000000000 ) ) ;
#2253 = CARTESIAN_POINT ( 'NONE',  ( 7.122720478993606719, 3.606734626496730822, 5.000000000000000000 ) ) ;
#2254 = DIRECTION ( 'NONE',  ( 0.000000000000000000, 0.000000000000000000, 1.000000000000000000 ) ) ;
#2255 = CARTESIAN_POINT ( 'NONE',  ( 11.28722625627398024, 12.05302310628198015, 3.500000000000000000 ) ) ;
#2256 = ORIENTED_EDGE ( 'NONE', *, *, #4998, .T. ) ;
#2257 = CARTESIAN_POINT ( 'NONE',  ( 16.48676971718949957, -2.416713196444784995, -6.500000000000000888 ) ) ;
#2259 = ORIENTED_EDGE ( 'NONE', *, *, #4085, .F. ) ;
#2258 = CYLINDRICAL_SURFACE ( 'NONE', #795, 1.779502281109934803 ) ;
#2260 = CARTESIAN_POINT ( 'NONE',  ( -6.505213034913029562E-16, 1.058181320345851949E-13, 3.500000000000000000 ) ) ;
#2261 = DIRECTION ( 'NONE',  ( -0.9594929736144974797, -0.2817325568414295600, 0.000000000000000000 ) ) ;
#2262 = CARTESIAN_POINT ( 'NONE',  ( -7.762353061012129629, 12.76174738209452109, 3.501999999999999780 ) ) ;
#2263 = CARTESIAN_POINT ( 'NONE',  ( 16.50062835264469996, -0.6372648811799720425, 3.501999999999999780 ) ) ;
#2264 = CARTESIAN_POINT ( 'NONE',  ( 6.249436624312268762, 2.764958391646795910, 7.981207424353899960 ) ) ;
#2265 = ORIENTED_EDGE ( 'NONE', *, *, #7175, .T. ) ;
#2266 = ORIENTED_EDGE ( 'NONE', *, *, #5557, .T. ) ;
#2267 = CARTESIAN_POINT ( 'NONE',  ( 7.820921616468734960, 3.523535327143847873, 5.000019043049958256 ) ) ;
#2268 = VERTEX_POINT ( 'NONE', #4048 ) ;
#2269 = CARTESIAN_POINT ( 'NONE',  ( -7.307101371829886283, -3.573647083068019370, 5.000255420361763292 ) ) ;
#2270 = EDGE_CURVE ( 'NONE', #4606, #4981, #726, .T. ) ;
#2271 = DIRECTION ( 'NONE',  ( -0.000000000000000000, -0.000000000000000000, 1.000000000000000000 ) ) ;
#2272 = CARTESIAN_POINT ( 'NONE',  ( -5.578324209761018615, 4.204323882827172731, 4.999999996701147253 ) ) ;
#2273 = ORIENTED_EDGE ( 'NONE', *, *, #1991, .F. ) ;
#2274 = EDGE_CURVE ( 'NONE', #2117, #7259, #7347, .T. ) ;
#2275 = DIRECTION ( 'NONE',  ( 1.000000000000000000, 0.000000000000000000, 0.000000000000000000 ) ) ;
#2276 = CARTESIAN_POINT ( 'NONE',  ( -3.558232121391771141, 8.584700571513492307, 5.000017350991925902 ) ) ;
#2277 = CIRCLE ( 'NONE', #303, 14.93707874011463410 ) ;
#2278 = DIRECTION ( 'NONE',  ( 0.000000000000000000, 0.000000000000000000, 1.000000000000000000 ) ) ;
#2279 = CIRCLE ( 'NONE', #4433, 18.86342674685059961 ) ;
#2280 = CARTESIAN_POINT ( 'NONE',  ( -8.793688994925590308, 3.590193925797048102, 5.000630294202940362 ) ) ;
#2281 = ORIENTED_EDGE ( 'NONE', *, *, #535, .F. ) ;
#2282 = DIRECTION ( 'NONE',  ( -1.000000000000000000, 0.000000000000000000, 0.000000000000000000 ) ) ;
#2283 = CIRCLE ( 'NONE', #3491, 0.4299999999999512545 ) ;
#2284 = AXIS2_PLACEMENT_3D ( 'NONE', #7153, #3713, #5881 ) ;
#2285 = DIRECTION ( 'NONE',  ( 0.000000000000000000, 0.000000000000000000, 1.000000000000000000 ) ) ;
#2286 = CYLINDRICAL_SURFACE ( 'NONE', #3574, 1.779502281109935469 ) ;
#2287 = CIRCLE ( 'NONE', #1431, 1.779502281109941464 ) ;
#2288 = CIRCLE ( 'NONE', #1811, 16.93527874010839795 ) ;
#2289 = DIRECTION ( 'NONE',  ( -1.000000000000000000, 0.000000000000000000, 0.000000000000000000 ) ) ;
#2290 = CIRCLE ( 'NONE', #3259, 0.4299999999999981060 ) ;
#2291 = CARTESIAN_POINT ( 'NONE',  ( 8.000000000000000000, 8.000000000000000000, 5.000000000000000000 ) ) ;
#2292 = DIRECTION ( 'NONE',  ( -0.000000000000000000, -0.000000000000000000, 1.000000000000000000 ) ) ;
#2293 = VERTEX_POINT ( 'NONE', #6351 ) ;
#2294 = DIRECTION ( 'NONE',  ( -0.000000000000000000, -0.000000000000000000, 1.000000000000000000 ) ) ;
#2296 = DIRECTION ( 'NONE',  ( 0.000000000000000000, 0.000000000000000000, 1.000000000000000000 ) ) ;
#2295 = FACE_OUTER_BOUND ( 'NONE', #5423, .T. ) ;
#2297 = CYLINDRICAL_SURFACE ( 'NONE', #5421, 16.93527874010839795 ) ;
#2298 = VECTOR ( 'NONE', #1262, 1000.000000000000000 ) ;
#2299 = CIRCLE ( 'NONE', #1196, 0.4299999999999996603 ) ;
#2300 = CARTESIAN_POINT ( 'NONE',  ( -3.519910008581210725, 7.997155832830045163, 5.000089974589470465 ) ) ;
#2301 = FACE_OUTER_BOUND ( 'NONE', #4926, .T. ) ;
#2302 = CARTESIAN_POINT ( 'NONE',  ( 8.000000000000000000, -8.000000000000000000, 2.669999999999999929 ) ) ;
#2303 = AXIS2_PLACEMENT_3D ( 'NONE', #2124, #1538, #6059 ) ;
#2304 = CARTESIAN_POINT ( 'NONE',  ( -3.531870674419655742, -7.670443104011378743, 5.000260582781902663 ) ) ;
#2305 = EDGE_CURVE ( 'NONE', #3188, #4031, #1176, .T. ) ;
#2306 = ORIENTED_EDGE ( 'NONE', *, *, #4689, .T. ) ;
#2307 = CARTESIAN_POINT ( 'NONE',  ( 7.139586917576772329, 3.603366612069338615, 5.000000000000000888 ) ) ;
#2308 = ADVANCED_FACE ( 'NONE', ( #5785 ), #621, .T. ) ;
#2309 = AXIS2_PLACEMENT_3D ( 'NONE', #2712, #372, #2037 ) ;
#2310 = AXIS2_PLACEMENT_3D ( 'NONE', #3794, #4272, #2597 ) ;
#2311 = CARTESIAN_POINT ( 'NONE',  ( -7.272741369798461974, -3.579206246523096269, 5.000191696254772999 ) ) ;
#2312 = VECTOR ( 'NONE', #3330, 1000.000000000000000 ) ;
#2313 = CYLINDRICAL_SURFACE ( 'NONE', #4459, 1.779502281109934803 ) ;
#2314 = ORIENTED_EDGE ( 'NONE', *, *, #58, .T. ) ;
#2315 = DIRECTION ( 'NONE',  ( -0.4154150130018873233, 0.9096319953545181081, 0.000000000000000000 ) ) ;
#2316 = CARTESIAN_POINT ( 'NONE',  ( 4.498523480811140729, 5.145539056212927065, 5.972296026331133767 ) ) ;
#2317 = CIRCLE ( 'NONE', #5331, 0.4299999999999995492 ) ;
#2318 = EDGE_CURVE ( 'NONE', #5599, #451, #5682, .T. ) ;
#2319 = CARTESIAN_POINT ( 'NONE',  ( -16.18808125472154913, -4.974906159487169077, 3.500000000000000000 ) ) ;
#2320 = AXIS2_PLACEMENT_3D ( 'NONE', #3428, #2188, #1729 ) ;
#2321 = ORIENTED_EDGE ( 'NONE', *, *, #3865, .T. ) ;
#2322 = FACE_BOUND ( 'NONE', #7426, .T. ) ;
#2323 = CARTESIAN_POINT ( 'NONE',  ( -5.308586851878312807, 4.303310061471438352, 6.430872809966533765 ) ) ;
#2324 = FACE_OUTER_BOUND ( 'NONE', #2456, .T. ) ;
#2325 = EDGE_CURVE ( 'NONE', #4906, #1377, #2068, .T. ) ;
#2326 = CARTESIAN_POINT ( 'NONE',  ( 14.83309173315054075, -1.759463248875125174, 3.501999999999999780 ) ) ;
#2327 = FACE_OUTER_BOUND ( 'NONE', #2802, .T. ) ;
#2328 = CARTESIAN_POINT ( 'NONE',  ( -0.04580257476694150204, 16.66289232113235030, 3.500000000000000000 ) ) ;
#2329 = ORIENTED_EDGE ( 'NONE', *, *, #3115, .F. ) ;
#2330 = CYLINDRICAL_SURFACE ( 'NONE', #1979, 2.149999999999999911 ) ;
#2332 = LINE ( 'NONE', #4017, #4608 ) ;
#2331 = DIRECTION ( 'NONE',  ( 1.000000000000000000, 0.000000000000000000, 0.000000000000000000 ) ) ;
#2333 = FACE_OUTER_BOUND ( 'NONE', #4382, .T. ) ;
#2334 = EDGE_CURVE ( 'NONE', #1377, #2382, #4107, .T. ) ;
#2335 = CARTESIAN_POINT ( 'NONE',  ( -3.523379442464122047, 7.825172394799399633, 5.000015323316285176 ) ) ;
#2336 = DIRECTION ( 'NONE',  ( -1.000000000000000000, 0.000000000000000000, 0.000000000000000000 ) ) ;
#2337 = CARTESIAN_POINT ( 'NONE',  ( -10.92864321246269199, 12.93709486476247150, -6.500000000000000888 ) ) ;
#2338 = CARTESIAN_POINT ( 'NONE',  ( 5.772929884995954275, 3.656908037098681508, 7.454441950769102654 ) ) ;
#2339 = ORIENTED_EDGE ( 'NONE', *, *, #249, .T. ) ;
#2340 = EDGE_CURVE ( 'NONE', #3918, #5494, #4355, .T. ) ;
#2341 = CARTESIAN_POINT ( 'NONE',  ( 8.226581597177858640, 3.525706580426048564, 5.000026334406319606 ) ) ;
#2342 = EDGE_CURVE ( 'NONE', #4079, #832, #1097, .T. ) ;
#2343 = EDGE_LOOP ( 'NONE', ( #1899, #4815, #6101, #7242 ) ) ;
#2344 = CARTESIAN_POINT ( 'NONE',  ( -8.090621217512117269, -3.520805313220798372, 5.000109273343904093 ) ) ;
#2345 = VECTOR ( 'NONE', #4264, 1000.000000000000000 ) ;
#2346 = CARTESIAN_POINT ( 'NONE',  ( 6.379070869390014664, -3.799492936809349519, 5.000000003298839424 ) ) ;
#2347 = DIRECTION ( 'NONE',  ( -1.000000000000000000, 0.000000000000000000, 0.000000000000000000 ) ) ;
#2348 = AXIS2_PLACEMENT_3D ( 'NONE', #3761, #7163, #6573 ) ;
#2349 = EDGE_CURVE ( 'NONE', #5420, #6042, #1400, .T. ) ;
#2350 = CARTESIAN_POINT ( 'NONE',  ( 6.187926749015320027, -2.900002517602156438, 7.949886464944298403 ) ) ;
#2351 = ORIENTED_EDGE ( 'NONE', *, *, #6368, .F. ) ;
#2352 = CARTESIAN_POINT ( 'NONE',  ( 18.86342674685061382, 1.067602915065788140E-15, 4.500000000000000000 ) ) ;
#2353 = ORIENTED_EDGE ( 'NONE', *, *, #1085, .T. ) ;
#2354 = DIRECTION ( 'NONE',  ( -0.4154150130018862130, -0.9096319953545184411, 0.000000000000000000 ) ) ;
#2355 = VERTEX_POINT ( 'NONE', #5374 ) ;
#2356 = AXIS2_PLACEMENT_3D ( 'NONE', #2478, #5227, #2361 ) ;
#2357 = CARTESIAN_POINT ( 'NONE',  ( 3.663740471346063288, -9.125723456341727768, 5.000000000000000000 ) ) ;
#2358 = ADVANCED_FACE ( 'NONE', ( #1993 ), #5965, .F. ) ;
#2359 = ORIENTED_EDGE ( 'NONE', *, *, #5401, .F. ) ;
#2360 = EDGE_CURVE ( 'NONE', #3629, #4231, #1946, .T. ) ;
#2361 = DIRECTION ( 'NONE',  ( -0.1423148382732853379, 0.9898214418809326842, 0.000000000000000000 ) ) ;
#2362 = CARTESIAN_POINT ( 'NONE',  ( -3.571300499641429926, -8.677809212622193513, 5.000238803948786170 ) ) ;
#2363 = CARTESIAN_POINT ( 'NONE',  ( 5.504230962706836650, -4.050070199581043084, 6.920386575061674428 ) ) ;
#2364 = CIRCLE ( 'NONE', #5960, 0.4299999999999997713 ) ;
#2365 = EDGE_CURVE ( 'NONE', #6563, #2160, #1703, .T. ) ;
#2366 = CIRCLE ( 'NONE', #5962, 16.93527874010846901 ) ;
#2367 = DIRECTION ( 'NONE',  ( 0.000000000000000000, 0.000000000000000000, -1.000000000000000000 ) ) ;
#2368 = DIRECTION ( 'NONE',  ( -0.6548607339452872100, 0.7557495743542563815, 0.000000000000000000 ) ) ;
#2369 = ORIENTED_EDGE ( 'NONE', *, *, #125, .T. ) ;
#2370 = ADVANCED_FACE ( 'NONE', ( #841 ), #3230, .F. ) ;
#2371 = FACE_OUTER_BOUND ( 'NONE', #1164, .T. ) ;
#2372 = CIRCLE ( 'NONE', #75, 0.4299999999999995492 ) ;
#2374 = CARTESIAN_POINT ( 'NONE',  ( 8.093417061947247859, -3.520873330691710823, 5.000081578833849960 ) ) ;
#2373 = CARTESIAN_POINT ( 'NONE',  ( -4.261337614970909016, 5.342611057635895833, 6.522350914651141807 ) ) ;
#2375 = ADVANCED_FACE ( 'NONE', ( #4237 ), #4766, .T. ) ;
#2376 = CARTESIAN_POINT ( 'NONE',  ( 5.850000000000000533, -8.000000000000000000, 2.669999999999999929 ) ) ;
#2377 = CIRCLE ( 'NONE', #3099, 2.149999999999999911 ) ;
#2378 = CARTESIAN_POINT ( 'NONE',  ( -3.521115772503013552, 7.897303875620940161, 5.000005322114613904 ) ) ;
#2379 = CYLINDRICAL_SURFACE ( 'NONE', #30, 0.4300000000000004374 ) ;
#2380 = CYLINDRICAL_SURFACE ( 'NONE', #1443, 1.779502281109935469 ) ;
#2381 = DIRECTION ( 'NONE',  ( 0.000000000000000000, 0.000000000000000000, -1.000000000000000000 ) ) ;
#2382 = VERTEX_POINT ( 'NONE', #5412 ) ;
#2383 = CARTESIAN_POINT ( 'NONE',  ( 7.122720478993606719, 3.606734626496730822, 5.000000000000000000 ) ) ;
#2384 = EDGE_LOOP ( 'NONE', ( #5465, #4321, #684, #6468 ) ) ;
#2385 = CARTESIAN_POINT ( 'NONE',  ( -7.664549540979062492, -3.532300140528228827, 5.000271949160400631 ) ) ;
#2386 = CARTESIAN_POINT ( 'NONE',  ( 5.043788325269093598, -4.620696215500458948, 5.122749894873489751 ) ) ;
#2388 = EDGE_CURVE ( 'NONE', #2852, #2660, #3278, .T. ) ;
#2387 = LINE ( 'NONE', #4673, #717 ) ;
#2389 = CARTESIAN_POINT ( 'NONE',  ( 3.525371782288260647, -8.220064203141673076, 5.000030322491531898 ) ) ;
#2390 = ORIENTED_EDGE ( 'NONE', *, *, #2892, .F. ) ;
#2391 = CARTESIAN_POINT ( 'NONE',  ( 4.832161620284269432, -4.832161620284269432, 5.000000000000000000 ) ) ;
#2392 = ORIENTED_EDGE ( 'NONE', *, *, #2767, .F. ) ;
#2393 = CARTESIAN_POINT ( 'NONE',  ( -3.624179380518657734, 8.962268815957630252, 5.000346872422971600 ) ) ;
#2394 = AXIS2_PLACEMENT_3D ( 'NONE', #3509, #626, #2947 ) ;
#2395 = DIRECTION ( 'NONE',  ( 0.000000000000000000, 0.000000000000000000, 1.000000000000000000 ) ) ;
#2396 = ORIENTED_EDGE ( 'NONE', *, *, #3581, .F. ) ;
#2397 = FACE_OUTER_BOUND ( 'NONE', #258, .T. ) ;
#2398 = CARTESIAN_POINT ( 'NONE',  ( -3.594332268785268791, -8.817131153096314122, 5.000660059523101886 ) ) ;
#2399 = FACE_OUTER_BOUND ( 'NONE', #3022, .T. ) ;
#2400 = VECTOR ( 'NONE', #5887, 1000.000000000000000 ) ;
#2401 = FACE_OUTER_BOUND ( 'NONE', #3618, .T. ) ;
#2402 =( LENGTH_UNIT ( ) NAMED_UNIT ( * ) SI_UNIT ( .MILLI., .METRE. ) );
#2403 = CIRCLE ( 'NONE', #5767, 1.779502281109937911 ) ;
#2404 = ORIENTED_EDGE ( 'NONE', *, *, #3299, .T. ) ;
#2405 = CARTESIAN_POINT ( 'NONE',  ( 18.86342674685059961, 3.377706433713903959E-15, 5.000000000000000000 ) ) ;
#2407 = CARTESIAN_POINT ( 'NONE',  ( 7.839711742458491450, -3.522837364422727990, 4.999999995666699171 ) ) ;
#2406 = CARTESIAN_POINT ( 'NONE',  ( -4.139224423436111522, 5.437534149745589573, 6.762768792920285321 ) ) ;
#2408 = CARTESIAN_POINT ( 'NONE',  ( 16.93394325256440069, -0.2126779821698960016, 3.500000000000000000 ) ) ;
#2409 = AXIS2_PLACEMENT_3D ( 'NONE', #6169, #5509, #7288 ) ;
#2410 = ORIENTED_EDGE ( 'NONE', *, *, #5439, .T. ) ;
#2411 = EDGE_CURVE ( 'NONE', #7, #3918, #4883, .T. ) ;
#2412 = DIRECTION ( 'NONE',  ( 0.000000000000000000, 0.000000000000000000, -1.000000000000000000 ) ) ;
#2413 = DIRECTION ( 'NONE',  ( -0.4154150130018873233, -0.9096319953545181081, 0.000000000000000000 ) ) ;
#2414 = FACE_OUTER_BOUND ( 'NONE', #7150, .T. ) ;
#2415 = EDGE_LOOP ( 'NONE', ( #2351, #3490, #4605, #7132 ) ) ;
#2416 = ORIENTED_EDGE ( 'NONE', *, *, #3177, .T. ) ;
#2417 = DIRECTION ( 'NONE',  ( 1.000000000000000000, 0.000000000000000000, 0.000000000000000000 ) ) ;
#2418 = VECTOR ( 'NONE', #2073, 1000.000000000000000 ) ;
#2419 = AXIS2_PLACEMENT_3D ( 'NONE', #1860, #6334, #4147 ) ;
#2420 = ORIENTED_EDGE ( 'NONE', *, *, #468, .F. ) ;
#2421 = EDGE_LOOP ( 'NONE', ( #7147, #4046, #1716, #2005 ) ) ;
#2422 = CARTESIAN_POINT ( 'NONE',  ( -6.505213034913029562E-16, 1.058181320345851949E-13, 3.500000000000000000 ) ) ;
#2423 =( BOUNDED_CURVE ( )  B_SPLINE_CURVE ( 2, ( #3730, #5426, #4741 ),
 .UNSPECIFIED., .F., .T. ) 
 B_SPLINE_CURVE_WITH_KNOTS ( ( 3, 3 ),
 ( 0.000000000000000000, 1.000000000000000000 ),
 .UNSPECIFIED. ) 
 CURVE ( )  GEOMETRIC_REPRESENTATION_ITEM ( )  RATIONAL_B_SPLINE_CURVE ( ( 1.000000000000000000, 0.9155493925626907448, 1.000000000000000000 ) ) 
 REPRESENTATION_ITEM ( '' )  );
#2424 = EDGE_CURVE ( 'NONE', #1335, #5449, #6989, .T. ) ;
#2425 = AXIS2_PLACEMENT_3D ( 'NONE', #2467, #1896, #4180 ) ;
#2426 = ADVANCED_FACE ( 'NONE', ( #5996 ), #4313, .T. ) ;
#2427 = CARTESIAN_POINT ( 'NONE',  ( -8.226581597129863255, -3.525706580423827674, 5.000026334406129536 ) ) ;
#2428 = FACE_OUTER_BOUND ( 'NONE', #6164, .T. ) ;
#2429 = DIRECTION ( 'NONE',  ( -1.000000000000000000, 0.000000000000000000, 0.000000000000000000 ) ) ;
#2431 = CARTESIAN_POINT ( 'NONE',  ( 3.547659907704598048, -8.497395950383420882, 5.000034067523744241 ) ) ;
#2430 = CARTESIAN_POINT ( 'NONE',  ( 4.645336082446750647E-12, -4.028362759918650412E-12, -6.500000000000000888 ) ) ;
#2432 = VERTEX_POINT ( 'NONE', #4195 ) ;
#2433 = DIRECTION ( 'NONE',  ( -1.000000000000000000, 0.000000000000000000, 0.000000000000000000 ) ) ;
#2434 = DIRECTION ( 'NONE',  ( 0.000000000000000000, 0.000000000000000000, -1.000000000000000000 ) ) ;
#2435 = CIRCLE ( 'NONE', #490, 1.779502281109935469 ) ;
#2436 = CIRCLE ( 'NONE', #610, 6.100000000000001421 ) ;
#2437 = EDGE_LOOP ( 'NONE', ( #5141, #4320, #5561, #5985 ) ) ;
#2438 = DIRECTION ( 'NONE',  ( 0.000000000000000000, 0.000000000000000000, -1.000000000000000000 ) ) ;
#2439 = AXIS2_PLACEMENT_3D ( 'NONE', #5233, #60, #2368 ) ;
#2440 = CONICAL_SURFACE ( 'NONE', #144, 2.149999999999999911, 0.7853981633974490562 ) ;
#2441 = VERTEX_POINT ( 'NONE', #765 ) ;
#2442 = DIRECTION ( 'NONE',  ( 0.000000000000000000, 0.000000000000000000, 1.000000000000000000 ) ) ;
#2443 = CARTESIAN_POINT ( 'NONE',  ( -3.520147289614866448, -8.057128594203117444, 5.000114656858693607 ) ) ;
#2444 = CARTESIAN_POINT ( 'NONE',  ( 5.424051630876014052, -4.156935447216985047, 6.729869419465560831 ) ) ;
#2445 = ADVANCED_FACE ( 'NONE', ( #6648 ), #2440, .F. ) ;
#2446 = VERTEX_POINT ( 'NONE', #3759 ) ;
#2447 = EDGE_LOOP ( 'NONE', ( #6380, #3507, #6293, #1271, #4155 ) ) ;
#2448 = CIRCLE ( 'NONE', #4362, 14.93707874011464298 ) ;
#2449 = ADVANCED_FACE ( 'NONE', ( #6041 ), #878, .T. ) ;
#2450 = CARTESIAN_POINT ( 'NONE',  ( 15.65269870022669885, -5.260215391104239302, 3.500000000000000000 ) ) ;
#2451 = CYLINDRICAL_SURFACE ( 'NONE', #6634, 1.779502281109935025 ) ;
#2452 = ORIENTED_EDGE ( 'NONE', *, *, #3325, .F. ) ;
#2453 = CARTESIAN_POINT ( 'NONE',  ( 6.252970072308213112, -2.823510418519924681, 5.706181217609231915 ) ) ;
#2454 = CARTESIAN_POINT ( 'NONE',  ( -8.000000000000000000, 8.000000000000000000, -49.92880413360069980 ) ) ;
#2455 = LINE ( 'NONE', #1297, #3625 ) ;
#2456 = EDGE_LOOP ( 'NONE', ( #7196, #5392, #2248, #4465 ) ) ;
#2457 = CARTESIAN_POINT ( 'NONE',  ( 3.691831054501202303, 5.750656211703831566, 7.416031389396247064 ) ) ;
#2458 = FACE_OUTER_BOUND ( 'NONE', #797, .T. ) ;
#2459 = CARTESIAN_POINT ( 'NONE',  ( 16.49980648923040150, -2.326040455249440253, 3.500000000000000000 ) ) ;
#2460 = CARTESIAN_POINT ( 'NONE',  ( -3.606734626498995677, -7.122720478982260239, 5.000000000000000000 ) ) ;
#2461 = ORIENTED_EDGE ( 'NONE', *, *, #2901, .T. ) ;
#2462 = ADVANCED_FACE ( 'NONE', ( #4536 ), #3379, .F. ) ;
#2463 = CARTESIAN_POINT ( 'NONE',  ( 4.832161620284269432, -4.832161620284269432, 5.000000000000000000 ) ) ;
#2464 = ORIENTED_EDGE ( 'NONE', *, *, #825, .T. ) ;
#2465 = DIRECTION ( 'NONE',  ( 0.000000000000000000, 0.000000000000000000, -1.000000000000000000 ) ) ;
#2466 = CYLINDRICAL_SURFACE ( 'NONE', #3253, 16.93527874010839795 ) ;
#2467 = CARTESIAN_POINT ( 'NONE',  ( -9.939567796041161414E-16, -1.084202172485504040E-15, -7.500000000000000888 ) ) ;
#2469 = CARTESIAN_POINT ( 'NONE',  ( 3.549274309553060558, -8.511583878069341580, 5.000028647182078068 ) ) ;
#2468 = CARTESIAN_POINT ( 'NONE',  ( -8.093417061946960089, 3.520873330691062453, 5.000081578834486784 ) ) ;
#2470 = ORIENTED_EDGE ( 'NONE', *, *, #386, .F. ) ;
#2471 = CARTESIAN_POINT ( 'NONE',  ( -3.852523501034213815, 14.43171451914775183, -6.500000000000000888 ) ) ;
#2472 = CARTESIAN_POINT ( 'NONE',  ( 1.734585306228884983E-12, 5.898988698056300596E-12, 3.500000000000000000 ) ) ;
#2473 = EDGE_CURVE ( 'NONE', #5698, #3271, #5069, .T. ) ;
#2474 = CARTESIAN_POINT ( 'NONE',  ( -4.303310061479965754, -5.308586851871402779, 6.430872809947951296 ) ) ;
#2475 = CARTESIAN_POINT ( 'NONE',  ( 4.648460088740601096E-12, 4.024757464465025360E-12, -6.500000000000000888 ) ) ;
#2476 = VERTEX_POINT ( 'NONE', #1101 ) ;
#2477 = ORIENTED_EDGE ( 'NONE', *, *, #3384, .T. ) ;
#2478 = CARTESIAN_POINT ( 'NONE',  ( -16.50397716163979922, -0.2072779215192044888, 3.500000000000000000 ) ) ;
#2479 = CARTESIAN_POINT ( 'NONE',  ( -3.540135364448461441, -8.427899809791243868, 4.999999756597742540 ) ) ;
#2480 = CIRCLE ( 'NONE', #3076, 16.93527874010848322 ) ;
#2481 = CARTESIAN_POINT ( 'NONE',  ( 5.724752013203752377, -3.731945906705182558, 7.370242715505127329 ) ) ;
#2482 = B_SPLINE_CURVE_WITH_KNOTS ( 'NONE', 3,
 ( #5791, #2753, #6201, #1040, #514, #5084, #4510, #5119, #1650, #3946, #1075, #5688, #7397, #6844, #7121, #4916, #2948, #695, #4132, #7158, #834, #2024, #3155, #4698, #5452, #1989, #4311, #7193, #4269, #6436, #64, #286, #4843, #2374, #627, #5237, #5829, #244, #3010, #6567, #1397, #2555, #2594, #4094, #6602, #3587, #2407, #5488, #1439, #3717, #5993, #99, #322, #1807, #2062, #4352, #4876, #3752, #5860, #876, #6035, #6398, #1477, #6945, #4660, #5308, #6645 ),
 .UNSPECIFIED., .F., .F.,
 ( 4, 2, 1, 1, 2, 2, 2, 1, 2, 2, 2, 1, 2, 2, 1, 1, 1, 2, 2, 1, 1, 1, 1, 2, 2, 2, 2, 2, 2, 2, 1, 1, 2, 2, 2, 2, 1, 1, 2, 2, 4 ),
 ( 0.000000000000000000, 0.01562500000002151057, 0.02343750000003229361, 0.02734375000003768513, 0.02929687500004071396, 0.03125000000004374279, 0.06250000000009525714, 0.07812500000012097268, 0.08593750000013379575, 0.09375000000014661883, 0.1093750000001722233, 0.1171875000001841999, 0.1210937500001890710, 0.1250000000001939282, 0.1875000000002638167, 0.2187500000002987610, 0.2343750000003162193, 0.2421875000003238798, 0.2500000000003315681, 0.3125000000003931855, 0.3437500000004226064, 0.3593750000004372613, 0.3671875000004446443, 0.3710937500004469758, 0.3750000000004493073, 0.4062500000004264922, 0.4218750000004150569, 0.4375000000004036771, 0.5000000000003602674, 0.5625000000003168577, 0.5937500000002950973, 0.6093750000002849943, 0.6171875000002798872, 0.6250000000002747802, 0.7500000000001874056, 0.8125000000001447731, 0.8437500000001233458, 0.8593750000001126876, 0.8671875000001065814, 0.8750000000001004752, 1.000000000000000000 ),
 .UNSPECIFIED. ) ;
#2483 = CARTESIAN_POINT ( 'NONE',  ( -3.326259582143665220E-12, -5.171349053832919920E-12, -6.500000000000000888 ) ) ;
#2484 = ORIENTED_EDGE ( 'NONE', *, *, #5399, .F. ) ;
#2485 = EDGE_CURVE ( 'NONE', #4150, #2986, #3934, .T. ) ;
#2486 = CARTESIAN_POINT ( 'NONE',  ( 8.383622431541636999, -3.535594222995864566, 5.000000000000060396 ) ) ;
#2487 = CARTESIAN_POINT ( 'NONE',  ( 2.546031784417683852, -6.341710652641880941, 8.000000000000000000 ) ) ;
#2488 = DIRECTION ( 'NONE',  ( 0.000000000000000000, 0.000000000000000000, -1.000000000000000000 ) ) ;
#2489 = VECTOR ( 'NONE', #4870, 1000.000000000000000 ) ;
#2490 = VECTOR ( 'NONE', #7069, 1000.000000000000000 ) ;
#2491 = ORIENTED_EDGE ( 'NONE', *, *, #2029, .F. ) ;
#2492 = AXIS2_PLACEMENT_3D ( 'NONE', #5988, #3150, #5446 ) ;
#2493 = CARTESIAN_POINT ( 'NONE',  ( 3.334633876216627879, 5.965263675859716841, 7.739936833546819273 ) ) ;
#2494 = FACE_OUTER_BOUND ( 'NONE', #7174, .T. ) ;
#2495 = DIRECTION ( 'NONE',  ( 0.000000000000000000, 0.000000000000000000, 1.000000000000000000 ) ) ;
#2496 = VECTOR ( 'NONE', #3601, 1000.000000000000000 ) ;
#2497 = CARTESIAN_POINT ( 'NONE',  ( 3.531306835736856886, -7.677794892372904023, 5.000247681307883774 ) ) ;
#2498 = VERTEX_POINT ( 'NONE', #3861 ) ;
#2499 = CARTESIAN_POINT ( 'NONE',  ( 16.50397716163979922, -0.2072779215191979940, 3.501999999999999780 ) ) ;
#2500 = CARTESIAN_POINT ( 'NONE',  ( 0.000000000000000000, 0.000000000000000000, 5.000000000000000000 ) ) ;
#2501 = EDGE_CURVE ( 'NONE', #3220, #2268, #973, .T. ) ;
#2502 = CARTESIAN_POINT ( 'NONE',  ( -13.73654921516310168, 5.867157484472589779, 3.500000000000000000 ) ) ;
#2503 = CARTESIAN_POINT ( 'NONE',  ( -4.738426506668369953, -15.97502402572244939, 3.500000000000000000 ) ) ;
#2505 = CARTESIAN_POINT ( 'NONE',  ( 9.047171303507051121, -13.99295429087458054, 3.500000000000000000 ) ) ;
#2504 = CARTESIAN_POINT ( 'NONE',  ( -8.710383039854624698, 3.576270920915893825, 5.000387594876340103 ) ) ;
#2506 = ORIENTED_EDGE ( 'NONE', *, *, #6930, .F. ) ;
#2507 = DIRECTION ( 'NONE',  ( -0.6548607339452848786, -0.7557495743542584909, 0.000000000000000000 ) ) ;
#2508 = ORIENTED_EDGE ( 'NONE', *, *, #5132, .T. ) ;
#2509 = CARTESIAN_POINT ( 'NONE',  ( -4.645336082446750647E-12, 4.028362759918650412E-12, -6.500000000000000888 ) ) ;
#2510 = B_SPLINE_CURVE_WITH_KNOTS ( 'NONE', 3,
 ( #3194, #3551, #2628, #3790, #1224, #659, #2979, #1845, #5273, #6987, #1261, #1668, #2138, #1552, #6070, #5634, #911, #1595, #6709, #3227, #353, #459, #7301, #6220, #5065, #7268, #3305, #3858, #5524, #2662, #4421, #6149, #4954, #2773, #3896, #7384, #6188, #2169, #393, #1025 ),
 .UNSPECIFIED., .F., .F.,
 ( 4, 1, 1, 2, 2, 1, 1, 2, 2, 2, 1, 1, 2, 2, 1, 1, 2, 2, 1, 2, 2, 1, 2, 2, 4 ),
 ( 0.000000000000000000, 0.06250000000000038858, 0.09375000000000016653, 0.1093750000000001110, 0.1250000000000000555, 0.1874999999999978628, 0.2187499999999967526, 0.2343749999999959477, 0.2499999999999951705, 0.3749999999999926725, 0.4374999999999912292, 0.4687499999999901190, 0.4843749999999899525, 0.4999999999999897859, 0.5624999999999903411, 0.5937499999999906741, 0.6093749999999907851, 0.6249999999999908962, 0.6874999999999913403, 0.7187499999999920064, 0.7499999999999926725, 0.8124999999999936717, 0.8437499999999946709, 0.8749999999999956701, 1.000000000000000000 ),
 .UNSPECIFIED. ) ;
#2511 = EDGE_CURVE ( 'NONE', #3267, #6247, #1672, .T. ) ;
#2512 = LINE ( 'NONE', #5483, #3727 ) ;
#2513 = CARTESIAN_POINT ( 'NONE',  ( 14.36072198411765832, -8.976264818957270464, 3.500000000000000000 ) ) ;
#2514 = ADVANCED_FACE ( 'NONE', ( #4500 ), #4422, .T. ) ;
#2515 = ORIENTED_EDGE ( 'NONE', *, *, #5933, .T. ) ;
#2516 = FACE_OUTER_BOUND ( 'NONE', #4401, .T. ) ;
#2517 = AXIS2_PLACEMENT_3D ( 'NONE', #3797, #6077, #4241 ) ;
#2518 = CARTESIAN_POINT ( 'NONE',  ( -8.480277776931711031, -3.544115537424340712, 5.000000000000060396 ) ) ;
#2519 = EDGE_CURVE ( 'NONE', #6236, #1618, #6514, .T. ) ;
#2520 = DIRECTION ( 'NONE',  ( 0.000000000000000000, 0.000000000000000000, 1.000000000000000000 ) ) ;
#2521 = ORIENTED_EDGE ( 'NONE', *, *, #7248, .F. ) ;
#2522 = DIRECTION ( 'NONE',  ( 0.1423148382732853379, -0.9898214418809326842, 0.000000000000000000 ) ) ;
#2523 = CARTESIAN_POINT ( 'NONE',  ( -4.062068081278319198, 5.495458042368772666, 6.900555234688257045 ) ) ;
#2524 = FACE_OUTER_BOUND ( 'NONE', #5022, .T. ) ;
#2525 = ORIENTED_EDGE ( 'NONE', *, *, #6795, .F. ) ;
#2526 = CARTESIAN_POINT ( 'NONE',  ( 10.65115639612649900, -12.60861188687840162, 3.500000000000000000 ) ) ;
#2527 = ORIENTED_EDGE ( 'NONE', *, *, #3018, .F. ) ;
#2528 = CARTESIAN_POINT ( 'NONE',  ( 3.518186785504591185, 7.984689828698211755, 4.999999999999879208 ) ) ;
#2529 = CARTESIAN_POINT ( 'NONE',  ( 4.832161620284269432, 4.832161620284269432, 5.000000000000000000 ) ) ;
#2530 = ORIENTED_EDGE ( 'NONE', *, *, #1369, .F. ) ;
#2531 = CARTESIAN_POINT ( 'NONE',  ( -13.53668048929982071, 9.457014533746749052, 3.500000000000000000 ) ) ;
#2532 = ORIENTED_EDGE ( 'NONE', *, *, #831, .F. ) ;
#2533 = DIRECTION ( 'NONE',  ( -0.000000000000000000, -0.000000000000000000, 1.000000000000000000 ) ) ;
#2534 = CIRCLE ( 'NONE', #5543, 14.93707874011463588 ) ;
#2535 = VECTOR ( 'NONE', #2757, 1000.000000000000000 ) ;
#2536 = CARTESIAN_POINT ( 'NONE',  ( -6.414171054043377396, -2.575122749802873923, 7.214756346922165164 ) ) ;
#2537 = CARTESIAN_POINT ( 'NONE',  ( 3.582523566239725010, -8.749407376320922580, 5.000493474960672202 ) ) ;
#2538 = VECTOR ( 'NONE', #20, 1000.000000000000000 ) ;
#2539 = DIRECTION ( 'NONE',  ( 1.000000000000000000, 0.000000000000000000, 0.000000000000000000 ) ) ;
#2540 = CIRCLE ( 'NONE', #2657, 0.4299999999999825073 ) ;
#2542 = CARTESIAN_POINT ( 'NONE',  ( -10.32400093086860160, 12.88766260189612112, 3.500000000000000000 ) ) ;
#2541 = CARTESIAN_POINT ( 'NONE',  ( -8.718772660093177862, 3.577597533899159021, 5.000421639070696145 ) ) ;
#2543 = EDGE_CURVE ( 'NONE', #4267, #975, #4227, .T. ) ;
#2544 = ORIENTED_EDGE ( 'NONE', *, *, #5079, .F. ) ;
#2545 = FACE_OUTER_BOUND ( 'NONE', #1161, .T. ) ;
#2546 = ORIENTED_EDGE ( 'NONE', *, *, #248, .T. ) ;
#2547 = CARTESIAN_POINT ( 'NONE',  ( 11.28722625627398024, -12.05302310628196061, 3.501999999999999780 ) ) ;
#2548 = B_SPLINE_CURVE_WITH_KNOTS ( 'NONE', 3,
 ( #1709, #643, #6969, #1203, #6933, #4721, #2846, #607, #4032, #1829 ),
 .UNSPECIFIED., .F., .F.,
 ( 4, 2, 2, 2, 4 ),
 ( 0.000000000000000000, 0.2500000000000000000, 0.5000000000000000000, 0.7500000000000000000, 1.000000000000000000 ),
 .UNSPECIFIED. ) ;
#2549 = CIRCLE ( 'NONE', #6738, 0.4300000000000004374 ) ;
#2550 = FACE_OUTER_BOUND ( 'NONE', #6471, .T. ) ;
#2551 = DIRECTION ( 'NONE',  ( -0.8412535328311795402, -0.5406408174555999979, 0.000000000000000000 ) ) ;
#2552 = EDGE_LOOP ( 'NONE', ( #5826, #644, #2329 ) ) ;
#2553 = CIRCLE ( 'NONE', #374, 4.479999999999999538 ) ;
#2554 = ORIENTED_EDGE ( 'NONE', *, *, #4452, .T. ) ;
#2555 = CARTESIAN_POINT ( 'NONE',  ( 8.004152912118330576, -3.519889203873176164, 5.000098283138929567 ) ) ;
#2556 = AXIS2_PLACEMENT_3D ( 'NONE', #3837, #6123, #1605 ) ;
#2557 = LINE ( 'NONE', #3754, #5882 ) ;
#2558 = AXIS2_PLACEMENT_3D ( 'NONE', #2608, #4286, #6013 ) ;
#2559 = DIRECTION ( 'NONE',  ( 0.000000000000000000, 0.000000000000000000, -1.000000000000000000 ) ) ;
#2560 = LINE ( 'NONE', #4848, #4572 ) ;
#2561 = VERTEX_POINT ( 'NONE', #7304 ) ;
#2562 = CYLINDRICAL_SURFACE ( 'NONE', #4135, 1.779502281109935469 ) ;
#2563 = CARTESIAN_POINT ( 'NONE',  ( 3.526368760770308253, 8.241158987054054919, 5.000003982877249342 ) ) ;
#2564 = CYLINDRICAL_SURFACE ( 'NONE', #7207, 14.93707874011464121 ) ;
#2565 = AXIS2_PLACEMENT_3D ( 'NONE', #2430, #3416, #711 ) ;
#2566 = ADVANCED_FACE ( 'NONE', ( #6790 ), #6266, .F. ) ;
#2567 = ORIENTED_EDGE ( 'NONE', *, *, #5016, .F. ) ;
#2568 = ORIENTED_EDGE ( 'NONE', *, *, #6131, .T. ) ;
#2569 = CARTESIAN_POINT ( 'NONE',  ( 2.765408739524012116, 6.250293562655104829, 7.985681847126794075 ) ) ;
#2570 = DIRECTION ( 'NONE',  ( -1.000000000000000000, 0.000000000000000000, 0.000000000000000000 ) ) ;
#2571 = CARTESIAN_POINT ( 'NONE',  ( -16.50397716163979922, 0.2072779215191954960, -6.500000000000000888 ) ) ;
#2572 = VECTOR ( 'NONE', #6689, 1000.000000000000000 ) ;
#2573 = CYLINDRICAL_SURFACE ( 'NONE', #1339, 0.4299999999999997713 ) ;
#2574 = EDGE_CURVE ( 'NONE', #6700, #2910, #6400, .T. ) ;
#2575 = ORIENTED_EDGE ( 'NONE', *, *, #778, .T. ) ;
#2576 = DIRECTION ( 'NONE',  ( 0.000000000000000000, 0.000000000000000000, 1.000000000000000000 ) ) ;
#2577 = FACE_OUTER_BOUND ( 'NONE', #1143, .T. ) ;
#2578 = CARTESIAN_POINT ( 'NONE',  ( -16.01177522894684913, -4.037313039457320230, 3.501999999999999780 ) ) ;
#2579 = DIRECTION ( 'NONE',  ( -0.9594929736144973687, 0.2817325568414295600, 0.000000000000000000 ) ) ;
#2581 = ORIENTED_EDGE ( 'NONE', *, *, #2041, .T. ) ;
#2580 = DIRECTION ( 'NONE',  ( -0.000000000000000000, -0.000000000000000000, -1.000000000000000000 ) ) ;
#2582 = EDGE_CURVE ( 'NONE', #7216, #1987, #1935, .T. ) ;
#2583 = ORIENTED_EDGE ( 'NONE', *, *, #3891, .T. ) ;
#2584 = SURFACE_STYLE_FILL_AREA ( #2017 ) ;
#2585 = AXIS2_PLACEMENT_3D ( 'NONE', #7430, #3467, #7364 ) ;
#2586 = ORIENTED_EDGE ( 'NONE', *, *, #132, .T. ) ;
#2587 = VERTEX_POINT ( 'NONE', #1556 ) ;
#2588 = CARTESIAN_POINT ( 'NONE',  ( 2.199438168349954648, -16.79184735961995045, 3.500000000000000000 ) ) ;
#2589 = DIRECTION ( 'NONE',  ( 0.000000000000000000, 0.000000000000000000, -1.000000000000000000 ) ) ;
#2590 = DIRECTION ( 'NONE',  ( 0.000000000000000000, 0.000000000000000000, -1.000000000000000000 ) ) ;
#2591 = ORIENTED_EDGE ( 'NONE', *, *, #3306, .T. ) ;
#2592 = ORIENTED_EDGE ( 'NONE', *, *, #5056, .T. ) ;
#2593 = CARTESIAN_POINT ( 'NONE',  ( -6.505213034913029562E-16, 1.058181320345851949E-13, 3.500000000000000000 ) ) ;
#2594 = CARTESIAN_POINT ( 'NONE',  ( 7.981405161527307612, -3.519941766385437099, 5.000082385283634245 ) ) ;
#2595 = CARTESIAN_POINT ( 'NONE',  ( -6.297044252766909267, -2.657287812577238562, 7.999999998527716372 ) ) ;
#2596 = EDGE_CURVE ( 'NONE', #5136, #6631, #2714, .T. ) ;
#2597 = DIRECTION ( 'NONE',  ( -1.000000000000000000, 0.000000000000000000, 0.000000000000000000 ) ) ;
#2598 = EDGE_LOOP ( 'NONE', ( #4449, #1129, #2789, #3405 ) ) ;
#2599 = DIRECTION ( 'NONE',  ( 0.000000000000000000, 0.000000000000000000, 1.000000000000000000 ) ) ;
#2600 = CARTESIAN_POINT ( 'NONE',  ( 3.518209004792070882, -8.121202809518315746, 4.999999999999759304 ) ) ;
#2601 = ORIENTED_EDGE ( 'NONE', *, *, #981, .T. ) ;
#2602 = DIRECTION ( 'NONE',  ( -1.000000000000000000, 0.000000000000000000, 0.000000000000000000 ) ) ;
#2603 = ORIENTED_EDGE ( 'NONE', *, *, #2609, .T. ) ;
#2604 = EDGE_CURVE ( 'NONE', #4339, #1372, #4116, .T. ) ;
#2605 = CARTESIAN_POINT ( 'NONE',  ( 5.432656143356057399, 4.150257504242017781, 6.764447786410157981 ) ) ;
#2606 = EDGE_CURVE ( 'NONE', #5731, #215, #5082, .T. ) ;
#2607 = DIRECTION ( 'NONE',  ( 1.000000000000000000, 0.000000000000000000, 0.000000000000000000 ) ) ;
#2608 = CARTESIAN_POINT ( 'NONE',  ( -10.96445679804882012, -12.33713554324496009, -6.500000000000000888 ) ) ;
#2609 = EDGE_CURVE ( 'NONE', #3365, #3743, #4718, .T. ) ;
#2610 = DIRECTION ( 'NONE',  ( -0.9594929736144973687, -0.2817325568414295600, 0.000000000000000000 ) ) ;
#2611 = ORIENTED_EDGE ( 'NONE', *, *, #4534, .T. ) ;
#2612 = CARTESIAN_POINT ( 'NONE',  ( -16.18808125472154913, 4.974906159487160195, 3.500000000000000000 ) ) ;
#2613 = CARTESIAN_POINT ( 'NONE',  ( -10.14999999999999858, 8.000000000000000000, -49.92880413360069980 ) ) ;
#2614 = DIRECTION ( 'NONE',  ( 0.000000000000000000, 0.000000000000000000, 1.000000000000000000 ) ) ;
#2615 = DIRECTION ( 'NONE',  ( -0.8412535328311808724, 0.5406408174555978885, 0.000000000000000000 ) ) ;
#2617 = VERTEX_POINT ( 'NONE', #534 ) ;
#2616 = CARTESIAN_POINT ( 'NONE',  ( -4.650532009343709916, 16.00083217872045083, 3.501999999999999780 ) ) ;
#2618 = ORIENTED_EDGE ( 'NONE', *, *, #1067, .T. ) ;
#2619 = ORIENTED_EDGE ( 'NONE', *, *, #7175, .F. ) ;
#2620 = CARTESIAN_POINT ( 'NONE',  ( 14.22574330189359948, -8.384811868462952233, 3.501999999999999780 ) ) ;
#2621 = VERTEX_POINT ( 'NONE', #7000 ) ;
#2622 = DIRECTION ( 'NONE',  ( -0.000000000000000000, -0.000000000000000000, 1.000000000000000000 ) ) ;
#2623 = ORIENTED_EDGE ( 'NONE', *, *, #5341, .F. ) ;
#2624 = CYLINDRICAL_SURFACE ( 'NONE', #2492, 0.4299999999999996603 ) ;
#2625 = DIRECTION ( 'NONE',  ( -0.000000000000000000, -0.000000000000000000, 1.000000000000000000 ) ) ;
#2626 = ORIENTED_EDGE ( 'NONE', *, *, #3897, .F. ) ;
#2627 = DIRECTION ( 'NONE',  ( 0.000000000000000000, 0.000000000000000000, -1.000000000000000000 ) ) ;
#2628 = CARTESIAN_POINT ( 'NONE',  ( -5.350507717113401007, 4.251214977135003181, 6.542586098258276195 ) ) ;
#2629 = CARTESIAN_POINT ( 'NONE',  ( -6.327371828408042020, -2.587696955795829368, 5.371491857462858732 ) ) ;
#2630 = ORIENTED_EDGE ( 'NONE', *, *, #5051, .T. ) ;
#2631 = CARTESIAN_POINT ( 'NONE',  ( -2.385244779468109755E-15, -6.148727360599790323E-12, 3.501999999999999780 ) ) ;
#2632 = ORIENTED_EDGE ( 'NONE', *, *, #5051, .F. ) ;
#2633 = DIRECTION ( 'NONE',  ( 0.000000000000000000, 0.000000000000000000, -1.000000000000000000 ) ) ;
#2634 = CARTESIAN_POINT ( 'NONE',  ( 3.577238393823974238, -8.724398107212884668, 4.999999999999880096 ) ) ;
#2635 = VERTEX_POINT ( 'NONE', #4784 ) ;
#2636 = CARTESIAN_POINT ( 'NONE',  ( 3.151390352279904494, -6.063704026646644429, 7.849106228264502327 ) ) ;
#2637 = FACE_OUTER_BOUND ( 'NONE', #820, .T. ) ;
#2638 = CARTESIAN_POINT ( 'NONE',  ( 3.167537550776700517, 6.130629408597640939, 5.723627935648489817 ) ) ;
#2639 = CARTESIAN_POINT ( 'NONE',  ( 4.650532009343709916, 16.00083217872045083, 3.500000000000000000 ) ) ;
#2640 = LINE ( 'NONE', #4325, #1099 ) ;
#2641 = ORIENTED_EDGE ( 'NONE', *, *, #54, .T. ) ;
#2642 = EDGE_CURVE ( 'NONE', #6004, #4327, #976, .T. ) ;
#2643 = CARTESIAN_POINT ( 'NONE',  ( -6.225180055986532679, -2.819146377785480606, 7.970468809698776802 ) ) ;
#2644 = CIRCLE ( 'NONE', #6842, 0.4299999999999686295 ) ;
#2645 = FACE_OUTER_BOUND ( 'NONE', #2761, .T. ) ;
#2646 = DIRECTION ( 'NONE',  ( -0.4154150130018863796, 0.9096319953545183301, 0.000000000000000000 ) ) ;
#2647 = CARTESIAN_POINT ( 'NONE',  ( -6.505213034913029562E-16, 1.058181320345851949E-13, 3.500000000000000000 ) ) ;
#2649 = VERTEX_POINT ( 'NONE', #2688 ) ;
#2648 = DIRECTION ( 'NONE',  ( -1.000000000000000000, 0.000000000000000000, 0.000000000000000000 ) ) ;
#2650 = AXIS2_PLACEMENT_3D ( 'NONE', #3339, #1547, #6672 ) ;
#2651 = VERTEX_POINT ( 'NONE', #3141 ) ;
#2652 = ORIENTED_EDGE ( 'NONE', *, *, #3426, .T. ) ;
#2653 = CARTESIAN_POINT ( 'NONE',  ( 2.143592709476545011, -16.36548919478289932, 3.500000000000000000 ) ) ;
#2654 = EDGE_CURVE ( 'NONE', #3765, #4531, #2317, .T. ) ;
#2655 = EDGE_CURVE ( 'NONE', #6587, #5795, #4474, .T. ) ;
#2656 = AXIS2_PLACEMENT_3D ( 'NONE', #1304, #1008, #6128 ) ;
#2657 = AXIS2_PLACEMENT_3D ( 'NONE', #6196, #4011, #5683 ) ;
#2658 = CARTESIAN_POINT ( 'NONE',  ( -3.126724157889440470, -6.076700094837598876, 7.862619596884119488 ) ) ;
#2659 = CARTESIAN_POINT ( 'NONE',  ( -6.505213034913029562E-16, 1.058181320345851949E-13, 3.500000000000000000 ) ) ;
#2660 = VERTEX_POINT ( 'NONE', #272 ) ;
#2661 = CARTESIAN_POINT ( 'NONE',  ( -1.717505811864566523, -16.42336799645854839, -6.500000000000000888 ) ) ;
#2662 = CARTESIAN_POINT ( 'NONE',  ( -6.002171035871815441, 3.267135819722280843, 7.783154812034307035 ) ) ;
#2663 = CIRCLE ( 'NONE', #3264, 2.149999999999999911 ) ;
#2664 = AXIS2_PLACEMENT_3D ( 'NONE', #7298, #5734, #78 ) ;
#2665 = AXIS2_PLACEMENT_3D ( 'NONE', #631, #5241, #5161 ) ;
#2666 = DIRECTION ( 'NONE',  ( -0.000000000000000000, -0.000000000000000000, -1.000000000000000000 ) ) ;
#2667 = EDGE_CURVE ( 'NONE', #6600, #1046, #1839, .T. ) ;
#2668 = ORIENTED_EDGE ( 'NONE', *, *, #4590, .T. ) ;
#2669 = CARTESIAN_POINT ( 'NONE',  ( -12.48000000000000220, -8.000000000000000000, 5.000000000000000000 ) ) ;
#2670 = CARTESIAN_POINT ( 'NONE',  ( 3.547970973371154191, 8.503052713995890244, 4.999999777775305354 ) ) ;
#2671 = VERTEX_POINT ( 'NONE', #4904 ) ;
#2672 = CARTESIAN_POINT ( 'NONE',  ( 3.740549493899539168, -5.719597079278620377, 7.362502135886796140 ) ) ;
#2673 = AXIS2_PLACEMENT_3D ( 'NONE', #545, #5078, #6911 ) ;
#2674 = AXIS2_PLACEMENT_3D ( 'NONE', #325, #1948, #1482 ) ;
#2675 = CARTESIAN_POINT ( 'NONE',  ( -0.3694146011580325406, 14.93250997457066021, 3.500000000000000000 ) ) ;
#2676 = CARTESIAN_POINT ( 'NONE',  ( -7.762353061012129629, -12.76174738209454063, 3.500000000000000000 ) ) ;
#2677 = DIRECTION ( 'NONE',  ( 0.000000000000000000, 0.000000000000000000, -1.000000000000000000 ) ) ;
#2678 = CARTESIAN_POINT ( 'NONE',  ( -16.49980648923040150, -2.326040455249445138, -6.500000000000000888 ) ) ;
#2679 = AXIS2_PLACEMENT_3D ( 'NONE', #263, #2038, #2610 ) ;
#2680 = ORIENTED_EDGE ( 'NONE', *, *, #6995, .F. ) ;
#2681 = CARTESIAN_POINT ( 'NONE',  ( -6.285296924108688899, -2.683428044853020555, 7.994630692672506811 ) ) ;
#2682 = CIRCLE ( 'NONE', #507, 14.93707874011464654 ) ;
#2683 = CYLINDRICAL_SURFACE ( 'NONE', #6847, 1.779502281109934803 ) ;
#2684 = AXIS2_PLACEMENT_3D ( 'NONE', #102, #183, #3473 ) ;
#2685 = DIRECTION ( 'NONE',  ( 0.000000000000000000, 0.000000000000000000, 1.000000000000000000 ) ) ;
#2686 = CARTESIAN_POINT ( 'NONE',  ( -6.274932216216095426, 15.27422889192055067, -6.500000000000000888 ) ) ;
#2687 = ADVANCED_FACE ( 'NONE', ( #6666 ), #4976, .F. ) ;
#2688 = CARTESIAN_POINT ( 'NONE',  ( -6.341710652641938673, 2.546031784417539967, 8.000000000000000000 ) ) ;
#2689 = ORIENTED_EDGE ( 'NONE', *, *, #7188, .T. ) ;
#2690 = EDGE_LOOP ( 'NONE', ( #343, #5998, #149, #3920 ) ) ;
#2691 = DIRECTION ( 'NONE',  ( -0.1423148382732849493, -0.9898214418809327952, 0.000000000000000000 ) ) ;
#2692 = FACE_OUTER_BOUND ( 'NONE', #1772, .T. ) ;
#2693 = LINE ( 'NONE', #6783, #6498 ) ;
#2694 = VERTEX_POINT ( 'NONE', #3813 ) ;
#2695 = AXIS2_PLACEMENT_3D ( 'NONE', #3964, #7414, #570 ) ;
#2696 = PRODUCT_DEFINITION ( 'UNKNOWN', '', #3755, #1723 ) ;
#2697 = ORIENTED_EDGE ( 'NONE', *, *, #2318, .F. ) ;
#2698 = EDGE_CURVE ( 'NONE', #2881, #1773, #1216, .T. ) ;
#2699 = DIRECTION ( 'NONE',  ( 0.000000000000000000, 0.000000000000000000, 1.000000000000000000 ) ) ;
#2700 = CARTESIAN_POINT ( 'NONE',  ( -3.535618117343821698, 8.374278382630711448, 5.000031855284538196 ) ) ;
#2701 = VECTOR ( 'NONE', #6457, 1000.000000000000000 ) ;
#2702 = CARTESIAN_POINT ( 'NONE',  ( 3.523702807755306754, 7.816818387147395519, 5.000023784096708113 ) ) ;
#2703 = ORIENTED_EDGE ( 'NONE', *, *, #4478, .T. ) ;
#2704 = DIRECTION ( 'NONE',  ( 0.000000000000000000, 0.000000000000000000, 1.000000000000000000 ) ) ;
#2705 = CARTESIAN_POINT ( 'NONE',  ( 3.530535871768113232, -7.599716546549721841, 5.000000000000240696 ) ) ;
#2706 = ORIENTED_EDGE ( 'NONE', *, *, #3236, .F. ) ;
#2707 =( BOUNDED_SURFACE ( )  B_SPLINE_SURFACE ( 2, 3, ( 
 ( #4659, #63, #4093, #6397, #6435, #1223, #5272, #3615, #98, #2487 ),
 ( #4697, #1296, #5896, #1844, #4131, #3586, #7053, #3009, #1913, #4200 ),
 ( #5859, #694, #2705, #3167, #2600, #7088, #6651, #2634, #954, #4923 ) ),
 .UNSPECIFIED., .F., .F., .T. ) 
 B_SPLINE_SURFACE_WITH_KNOTS ( ( 3, 3 ),
 ( 4, 2, 2, 2, 4 ),
 ( 0.000000000000000000, 1.000000000000000000 ),
 ( 0.6672226289142808575, 1.119009477854550294, 1.344902902324685012, 1.457849614559752371, 1.570796326794819953 ),
 .UNSPECIFIED. ) 
 GEOMETRIC_REPRESENTATION_ITEM ( )  RATIONAL_B_SPLINE_SURFACE ( (
 ( 1.000000000000000000, 1.000000000000000000, 1.000000000000000000, 1.000000000000000000, 1.000000000000000000, 1.000000000000000000, 1.000000000000000000, 1.000000000000000000, 1.000000000000000000, 1.000000000000000000),
 ( 0.9155493925638841235, 0.8952765722151523331, 0.8764201585972194453, 0.8386775425592857269, 0.8247281182081351858, 0.7956258822326789382, 0.7845977683272277181, 0.7557605393051423093, 0.7393186088959695645, 0.7071067811865505703),
 ( 1.000000000000000000, 1.000000000000000000, 1.000000000000000000, 1.000000000000000000, 1.000000000000000000, 1.000000000000000000, 1.000000000000000000, 1.000000000000000000, 1.000000000000000000, 1.000000000000000000) ) ) 
 REPRESENTATION_ITEM ( '' )  SURFACE ( )  );
#2708 = FACE_OUTER_BOUND ( 'NONE', #4695, .T. ) ;
#2709 = CARTESIAN_POINT ( 'NONE',  ( -3.167537550781451827, -6.130629408595188679, 5.723627935648701204 ) ) ;
#2710 = DIRECTION ( 'NONE',  ( -0.000000000000000000, -0.000000000000000000, 1.000000000000000000 ) ) ;
#2711 = EDGE_CURVE ( 'NONE', #5585, #6840, #734, .T. ) ;
#2712 = CARTESIAN_POINT ( 'NONE',  ( -6.505213034913029562E-16, 1.058181320345851949E-13, 3.500000000000000000 ) ) ;
#2713 = B_SPLINE_CURVE_WITH_KNOTS ( 'NONE', 3,
 ( #3100, #4293, #2009, #1926, #1275, #5356, #226, #2536, #4780, #157 ),
 .UNSPECIFIED., .F., .F.,
 ( 4, 2, 2, 2, 4 ),
 ( 0.000000000000000000, 0.2500000000000000000, 0.5000000000000000000, 0.7500000000000000000, 1.000000000000000000 ),
 .UNSPECIFIED. ) ;
#2714 = B_SPLINE_CURVE_WITH_KNOTS ( 'NONE', 3,
 ( #2106, #1519, #5674, #1062, #3826, #5568, #394, #1030, #3308, #2702, #5603, #429, #2739, #2176, #4463, #6755, #1596, #7349, #2215, #502, #117, #4111, #4257, #6521, #5286, #4828, #7034, #5393, #1972, #6553, #5708 ),
 .UNSPECIFIED., .F., .F.,
 ( 4, 2, 2, 2, 2, 1, 2, 2, 2, 2, 2, 2, 2, 2, 2, 4 ),
 ( 0.4184808344525817181, 0.4366533083759390754, 0.4548257822992964328, 0.4911707301460111474, 0.5275156779927259176, 0.5638606258394406323, 0.6002055736861553470, 0.6183780476095119827, 0.6365505215328686184, 0.7092404172262951612, 0.7819303129197218150, 0.8546202086131483577, 0.8727926825365051045, 0.8909651564598617401, 0.9273101043065750115, 1.000000000000000000 ),
 .UNSPECIFIED. ) ;
#2715 = DIRECTION ( 'NONE',  ( 1.000000000000000000, 0.000000000000000000, 0.000000000000000000 ) ) ;
#2716 = ORIENTED_EDGE ( 'NONE', *, *, #4435, .F. ) ;
#2717 = CARTESIAN_POINT ( 'NONE',  ( -6.212345305599674461, -2.847304847253221638, 7.963899584535971243 ) ) ;
#2718 = AXIS2_PLACEMENT_3D ( 'NONE', #7307, #2704, #5606 ) ;
#2719 = ORIENTED_EDGE ( 'NONE', *, *, #7390, .F. ) ;
#2720 = CYLINDRICAL_SURFACE ( 'NONE', #6119, 14.93707874011464654 ) ;
#2721 = CARTESIAN_POINT ( 'NONE',  ( -6.505213034913029562E-16, 1.058181320345851949E-13, 3.500000000000000000 ) ) ;
#2722 = DIRECTION ( 'NONE',  ( 0.000000000000000000, 0.000000000000000000, 1.000000000000000000 ) ) ;
#2723 = CARTESIAN_POINT ( 'NONE',  ( -7.815860370691594561, 3.523656330001929238, 5.000021749481985189 ) ) ;
#2724 = ORIENTED_EDGE ( 'NONE', *, *, #3018, .T. ) ;
#2725 = ORIENTED_EDGE ( 'NONE', *, *, #6594, .T. ) ;
#2726 = CARTESIAN_POINT ( 'NONE',  ( 4.645336082446750647E-12, -4.028362759918650412E-12, 3.500000000000000000 ) ) ;
#2727 = AXIS2_PLACEMENT_3D ( 'NONE', #1201, #7381, #5809 ) ;
#2728 = CARTESIAN_POINT ( 'NONE',  ( -3.334633876229735172, -5.965263675852398251, 7.739936833537689687 ) ) ;
#2729 = DIRECTION ( 'NONE',  ( 0.000000000000000000, 0.000000000000000000, 1.000000000000000000 ) ) ;
#2730 = ORIENTED_EDGE ( 'NONE', *, *, #5803, .T. ) ;
#2731 = ORIENTED_EDGE ( 'NONE', *, *, #4292, .T. ) ;
#2732 = DIRECTION ( 'NONE',  ( 0.000000000000000000, 0.000000000000000000, -1.000000000000000000 ) ) ;
#2733 = CARTESIAN_POINT ( 'NONE',  ( -3.520657853857378061, 8.084474395137307923, 5.000113043495712617 ) ) ;
#2734 = EDGE_CURVE ( 'NONE', #1316, #2781, #6299, .T. ) ;
#2735 = EDGE_CURVE ( 'NONE', #3831, #4327, #190, .T. ) ;
#2736 = CIRCLE ( 'NONE', #6097, 1.779502281109937911 ) ;
#2737 = EDGE_CURVE ( 'NONE', #7332, #1212, #6244, .T. ) ;
#2738 = ORIENTED_EDGE ( 'NONE', *, *, #2213, .F. ) ;
#2739 = CARTESIAN_POINT ( 'NONE',  ( 3.529238879102148729, 7.709287703360065080, 5.000188054295503726 ) ) ;
#2740 = ORIENTED_EDGE ( 'NONE', *, *, #6814, .F. ) ;
#2741 = DIRECTION ( 'NONE',  ( 0.000000000000000000, 0.000000000000000000, 1.000000000000000000 ) ) ;
#2742 = DIRECTION ( 'NONE',  ( 0.000000000000000000, 0.000000000000000000, -1.000000000000000000 ) ) ;
#2743 = ORIENTED_EDGE ( 'NONE', *, *, #3891, .F. ) ;
#2744 = DIRECTION ( 'NONE',  ( 1.000000000000000000, 0.000000000000000000, 0.000000000000000000 ) ) ;
#2745 = EDGE_CURVE ( 'NONE', #6186, #5516, #7444, .T. ) ;
#2746 = FACE_OUTER_BOUND ( 'NONE', #3584, .T. ) ;
#2747 = ORIENTED_EDGE ( 'NONE', *, *, #3913, .F. ) ;
#2748 = DIRECTION ( 'NONE',  ( -0.000000000000000000, -0.000000000000000000, 1.000000000000000000 ) ) ;
#2749 = DIRECTION ( 'NONE',  ( 0.000000000000000000, 0.000000000000000000, -1.000000000000000000 ) ) ;
#2750 = FACE_OUTER_BOUND ( 'NONE', #1244, .T. ) ;
#2751 =( BOUNDED_SURFACE ( )  B_SPLINE_SURFACE ( 2, 3, ( 
 ( #3465, #2977, #3046, #5235, #140, #2486, #4169, #5345, #62, #175 ),
 ( #6913, #6503, #4621, #5271, #2453, #6985, #5895, #4735, #6943, #97 ),
 ( #1336, #5751, #1805, #1221, #583, #5306, #1259, #7052, #3585, #1843 ) ),
 .UNSPECIFIED., .F., .F., .T. ) 
 B_SPLINE_SURFACE_WITH_KNOTS ( ( 3, 3 ),
 ( 4, 2, 2, 2, 4 ),
 ( 0.000000000000000000, 1.000000000000000000 ),
 ( 0.6672226289164422397, 1.119009477855668511, 1.344902902325281424, 1.457849614560088103, 1.570796326794894560 ),
 .UNSPECIFIED. ) 
 GEOMETRIC_REPRESENTATION_ITEM ( )  RATIONAL_B_SPLINE_SURFACE ( (
 ( 1.000000000000000000, 1.000000000000000000, 1.000000000000000000, 1.000000000000000000, 1.000000000000000000, 1.000000000000000000, 1.000000000000000000, 1.000000000000000000, 1.000000000000000000, 1.000000000000000000),
 ( 0.9155493925626907448, 0.8952765722140414439, 0.8764201585961512997, 0.8386775425583820054, 0.8247281182071186656, 0.7956258822320775304, 0.7845977683266144309, 0.7557605393047118758, 0.7393186088956557045, 0.7071067811865474617),
 ( 1.000000000000000000, 1.000000000000000000, 1.000000000000000000, 1.000000000000000000, 1.000000000000000000, 1.000000000000000000, 1.000000000000000000, 1.000000000000000000, 1.000000000000000000, 1.000000000000000000) ) ) 
 REPRESENTATION_ITEM ( '' )  SURFACE ( )  );
#2753 = CARTESIAN_POINT ( 'NONE',  ( 9.108309134435852883, -3.659219611550318607, 4.999999980071713424 ) ) ;
#2752 = CARTESIAN_POINT ( 'NONE',  ( -2.764958391639339208, 6.249436624315572786, 7.981207424354096247 ) ) ;
#2754 = CARTESIAN_POINT ( 'NONE',  ( -6.249436624308167154, -2.764958391656053838, 7.981207424353767621 ) ) ;
#2755 = ORIENTED_EDGE ( 'NONE', *, *, #3559, .F. ) ;
#2756 = EDGE_CURVE ( 'NONE', #926, #7080, #777, .T. ) ;
#2757 = DIRECTION ( 'NONE',  ( 0.000000000000000000, 0.000000000000000000, -1.000000000000000000 ) ) ;
#2758 = DIRECTION ( 'NONE',  ( -1.000000000000000000, 0.000000000000000000, 0.000000000000000000 ) ) ;
#2759 = CARTESIAN_POINT ( 'NONE',  ( 3.663740471346063288, -9.125723456341727768, 5.000000000000000000 ) ) ;
#2760 = CARTESIAN_POINT ( 'NONE',  ( 6.139862486078420112, 3.001201192196299328, 7.917923921126353903 ) ) ;
#2761 = EDGE_LOOP ( 'NONE', ( #5629, #5737, #4977, #4410 ) ) ;
#2762 = ORIENTED_EDGE ( 'NONE', *, *, #1453, .F. ) ;
#2763 = DIRECTION ( 'NONE',  ( -1.000000000000000000, 0.000000000000000000, 0.000000000000000000 ) ) ;
#2764 = EDGE_CURVE ( 'NONE', #4898, #2804, #6032, .T. ) ;
#2765 = ORIENTED_EDGE ( 'NONE', *, *, #2042, .F. ) ;
#2766 = CARTESIAN_POINT ( 'NONE',  ( -2.546031784417543520, -6.341710652641937784, 8.000000000000000000 ) ) ;
#2767 = EDGE_CURVE ( 'NONE', #4670, #1377, #5686, .T. ) ;
#2768 = CARTESIAN_POINT ( 'NONE',  ( 6.899440728411001089, 2.769945894948929510, 6.156359840075265488 ) ) ;
#2769 = AXIS2_PLACEMENT_3D ( 'NONE', #6132, #6662, #1612 ) ;
#2770 = CONICAL_SURFACE ( 'NONE', #584, 2.149999999999999023, 0.7853981633974490562 ) ;
#2771 = VERTEX_POINT ( 'NONE', #3661 ) ;
#2772 = LINE ( 'NONE', #987, #2850 ) ;
#2773 = CARTESIAN_POINT ( 'NONE',  ( -6.114889224189747452, 3.051764047559335058, 7.897727423028691796 ) ) ;
#2774 = VECTOR ( 'NONE', #5238, 1000.000000000000000 ) ;
#2775 = AXIS2_PLACEMENT_3D ( 'NONE', #470, #5075, #7356 ) ;
#2776 = CIRCLE ( 'NONE', #240, 0.4299999999999996603 ) ;
#2777 = EDGE_CURVE ( 'NONE', #2671, #105, #5448, .T. ) ;
#2778 = DIRECTION ( 'NONE',  ( -1.000000000000000000, 0.000000000000000000, 0.000000000000000000 ) ) ;
#2779 = AXIS2_PLACEMENT_3D ( 'NONE', #1563, #295, #2744 ) ;
#2780 = AXIS2_PLACEMENT_3D ( 'NONE', #2843, #44, #1785 ) ;
#2781 = VERTEX_POINT ( 'NONE', #2460 ) ;
#2782 = CARTESIAN_POINT ( 'NONE',  ( 16.30791787812275118, 4.566780100418109889, 3.500000000000000000 ) ) ;
#2783 = DIRECTION ( 'NONE',  ( 1.000000000000000000, 0.000000000000000000, 0.000000000000000000 ) ) ;
#2784 = FACE_BOUND ( 'NONE', #903, .T. ) ;
#2785 = AXIS2_PLACEMENT_3D ( 'NONE', #3403, #3518, #3989 ) ;
#2786 = FACE_OUTER_BOUND ( 'NONE', #4215, .T. ) ;
#2787 = FACE_OUTER_BOUND ( 'NONE', #289, .T. ) ;
#2788 = FACE_OUTER_BOUND ( 'NONE', #7200, .T. ) ;
#2789 = ORIENTED_EDGE ( 'NONE', *, *, #7188, .F. ) ;
#2790 = DIRECTION ( 'NONE',  ( -1.000000000000000000, 0.000000000000000000, -0.000000000000000000 ) ) ;
#2791 = CARTESIAN_POINT ( 'NONE',  ( -6.505213034913029562E-16, 1.058181320345851949E-13, 3.500000000000000000 ) ) ;
#2792 = EDGE_CURVE ( 'NONE', #1490, #6907, #5131, .T. ) ;
#2793 = CYLINDRICAL_SURFACE ( 'NONE', #114, 0.4299999999999995492 ) ;
#2794 = AXIS2_PLACEMENT_3D ( 'NONE', #1528, #5000, #4398 ) ;
#2795 = AXIS2_PLACEMENT_3D ( 'NONE', #6535, #5966, #4694 ) ;
#2796 = CARTESIAN_POINT ( 'NONE',  ( 8.383895737619372568, 12.36230615819431655, -6.500000000000000888 ) ) ;
#2797 = CARTESIAN_POINT ( 'NONE',  ( 11.28722625627398024, -12.05302310628196061, 3.500000000000000000 ) ) ;
#2798 = DIRECTION ( 'NONE',  ( -1.000000000000000000, 0.000000000000000000, 0.000000000000000000 ) ) ;
#2799 = AXIS2_PLACEMENT_3D ( 'NONE', #7161, #288, #6073 ) ;
#2800 = CARTESIAN_POINT ( 'NONE',  ( -3.606734626498995677, -7.122720478982260239, 5.000000000000000000 ) ) ;
#2801 = VERTEX_POINT ( 'NONE', #667 ) ;
#2802 = EDGE_LOOP ( 'NONE', ( #6623, #6161, #3887, #2828 ) ) ;
#2803 = DIRECTION ( 'NONE',  ( -0.000000000000000000, -0.000000000000000000, 1.000000000000000000 ) ) ;
#2804 = VERTEX_POINT ( 'NONE', #150 ) ;
#2805 = CIRCLE ( 'NONE', #4958, 1.779502281109932804 ) ;
#2806 = CARTESIAN_POINT ( 'NONE',  ( -3.691831054504059573, -5.750656211701995701, 7.416031389392391482 ) ) ;
#2807 = CARTESIAN_POINT ( 'NONE',  ( 1.717505811864574961, -16.42336799645854839, 3.501999999999999780 ) ) ;
#2808 = CARTESIAN_POINT ( 'NONE',  ( 6.176362722709918707, -2.924536916371627715, 7.942518951419943463 ) ) ;
#2809 = CIRCLE ( 'NONE', #6281, 16.93527874010837664 ) ;
#2810 = ORIENTED_EDGE ( 'NONE', *, *, #4989, .T. ) ;
#2811 = CARTESIAN_POINT ( 'NONE',  ( -6.667453257840990410, 15.09865203729069805, -6.500000000000000888 ) ) ;
#2812 = CARTESIAN_POINT ( 'NONE',  ( -3.543992092962219953, 8.463559076577725548, 5.000042448693321262 ) ) ;
#2813 = EDGE_CURVE ( 'NONE', #3766, #955, #148, .T. ) ;
#2814 = ORIENTED_EDGE ( 'NONE', *, *, #831, .T. ) ;
#2815 = DIRECTION ( 'NONE',  ( 0.000000000000000000, 0.000000000000000000, 1.000000000000000000 ) ) ;
#2816 = ORIENTED_EDGE ( 'NONE', *, *, #5662, .T. ) ;
#2817 = CARTESIAN_POINT ( 'NONE',  ( -6.505213034913029562E-16, 1.058181320345851949E-13, 3.500000000000000000 ) ) ;
#2818 = CARTESIAN_POINT ( 'NONE',  ( 15.17612706764145081, 6.880352142754600386, -6.500000000000000888 ) ) ;
#2819 = VECTOR ( 'NONE', #1866, 1000.000000000000000 ) ;
#2820 = FACE_OUTER_BOUND ( 'NONE', #6096, .T. ) ;
#2821 = EDGE_CURVE ( 'NONE', #3863, #2382, #6954, .T. ) ;
#2822 = LINE ( 'NONE', #1682, #4569 ) ;
#2823 = CARTESIAN_POINT ( 'NONE',  ( -3.852523501034203157, -14.43171451914775893, -6.500000000000000888 ) ) ;
#2824 = CYLINDRICAL_SURFACE ( 'NONE', #5681, 1.779502281109935025 ) ;
#2825 = ORIENTED_EDGE ( 'NONE', *, *, #5132, .F. ) ;
#2826 = CARTESIAN_POINT ( 'NONE',  ( -3.518186785504767489, 7.984689828706803993, 5.000000000000000000 ) ) ;
#2828 = ORIENTED_EDGE ( 'NONE', *, *, #2501, .F. ) ;
#2827 = DIRECTION ( 'NONE',  ( 1.000000000000000000, 0.000000000000000000, 0.000000000000000000 ) ) ;
#2829 = CARTESIAN_POINT ( 'NONE',  ( -11.28722625627398024, 12.05302310628198015, 3.500000000000000000 ) ) ;
#2830 = ADVANCED_FACE ( 'NONE', ( #2985 ), #4175, .T. ) ;
#2831 = EDGE_CURVE ( 'NONE', #3297, #40, #3286, .T. ) ;
#2832 = CARTESIAN_POINT ( 'NONE',  ( 4.215563900626476013, 5.378557538976253660, 6.615020852402392570 ) ) ;
#2833 = CYLINDRICAL_SURFACE ( 'NONE', #4763, 16.93527874010839795 ) ;
#2834 = DIRECTION ( 'NONE',  ( 0.000000000000000000, 0.000000000000000000, -1.000000000000000000 ) ) ;
#2835 = CARTESIAN_POINT ( 'NONE',  ( 6.319572999275924197, 2.601172726897115428, 8.000000000000000000 ) ) ;
#2836 = ORIENTED_EDGE ( 'NONE', *, *, #2888, .F. ) ;
#2837 = ORIENTED_EDGE ( 'NONE', *, *, #3917, .F. ) ;
#2838 = CARTESIAN_POINT ( 'NONE',  ( 8.669999623045610448, 3.570180048583125210, 5.000197028530122267 ) ) ;
#2839 = ORIENTED_EDGE ( 'NONE', *, *, #324, .T. ) ;
#2840 = ORIENTED_EDGE ( 'NONE', *, *, #1778, .T. ) ;
#2841 = AXIS2_PLACEMENT_3D ( 'NONE', #1717, #3458, #1213 ) ;
#2842 = CARTESIAN_POINT ( 'NONE',  ( -8.653670388537115343, -3.567814487228755382, 5.000128623323520927 ) ) ;
#2843 = CARTESIAN_POINT ( 'NONE',  ( 16.48676971718949957, -2.416713196444784995, 3.500000000000000000 ) ) ;
#2844 = CARTESIAN_POINT ( 'NONE',  ( -7.122720479011256600, 3.606734626493206086, 5.000000000000000000 ) ) ;
#2845 = ORIENTED_EDGE ( 'NONE', *, *, #3562, .T. ) ;
#2846 = CARTESIAN_POINT ( 'NONE',  ( -2.687101834562626301, 6.693090963464865872, 6.489143058887313131 ) ) ;
#2847 = CARTESIAN_POINT ( 'NONE',  ( 3.606734626496678864, 7.122720478993866955, 5.000000000000000000 ) ) ;
#2848 = VECTOR ( 'NONE', #5012, 1000.000000000000000 ) ;
#2849 = DIRECTION ( 'NONE',  ( 0.000000000000000000, 0.000000000000000000, -1.000000000000000000 ) ) ;
#2850 = VECTOR ( 'NONE', #5601, 1000.000000000000000 ) ;
#2851 = CARTESIAN_POINT ( 'NONE',  ( -9.084939246765634024, 3.653218167020130469, 5.000032317625618283 ) ) ;
#2852 = VERTEX_POINT ( 'NONE', #3592 ) ;
#2853 = LINE ( 'NONE', #2180, #4878 ) ;
#2854 = DIRECTION ( 'NONE',  ( -0.000000000000000000, -0.000000000000000000, 1.000000000000000000 ) ) ;
#2855 = DIRECTION ( 'NONE',  ( 0.6548607339452872100, 0.7557495743542563815, 0.000000000000000000 ) ) ;
#2856 = AXIS2_PLACEMENT_3D ( 'NONE', #3414, #2732, #3262 ) ;
#2857 = EDGE_CURVE ( 'NONE', #5449, #2000, #5323, .T. ) ;
#2858 = CARTESIAN_POINT ( 'NONE',  ( 10.14999999999999858, 8.000000000000000000, -7.500000000000000888 ) ) ;
#2859 = LINE ( 'NONE', #5149, #2572 ) ;
#2860 = DIRECTION ( 'NONE',  ( -1.000000000000000000, 0.000000000000000000, 0.000000000000000000 ) ) ;
#2861 = EDGE_CURVE ( 'NONE', #345, #3722, #2448, .T. ) ;
#2862 = VERTEX_POINT ( 'NONE', #2116 ) ;
#2863 = CARTESIAN_POINT ( 'NONE',  ( -3.544115537425232443, 8.480277776939715295, 5.000000000000061284 ) ) ;
#2865 = CARTESIAN_POINT ( 'NONE',  ( -3.663740471346071281, -9.125723456341756190, 5.000000000000000000 ) ) ;
#2864 = CARTESIAN_POINT ( 'NONE',  ( -8.000000000000000000, 8.000000000000000000, 2.669999999999999929 ) ) ;
#2866 = DIRECTION ( 'NONE',  ( -0.000000000000000000, -0.000000000000000000, -1.000000000000000000 ) ) ;
#2867 = EDGE_LOOP ( 'NONE', ( #1146, #1879, #1204, #311 ) ) ;
#2868 = VERTEX_POINT ( 'NONE', #5540 ) ;
#2869 = CARTESIAN_POINT ( 'NONE',  ( 4.200427041584702259, 5.390364098764346856, 6.645089113004972958 ) ) ;
#2870 = CYLINDRICAL_SURFACE ( 'NONE', #4402, 1.779502281109935025 ) ;
#2871 = DIRECTION ( 'NONE',  ( 0.000000000000000000, 0.000000000000000000, -1.000000000000000000 ) ) ;
#2872 = VERTEX_POINT ( 'NONE', #3805 ) ;
#2873 = CARTESIAN_POINT ( 'NONE',  ( 6.285296924113541905, 2.683428044841656757, 7.994630692672545003 ) ) ;
#2874 = EDGE_CURVE ( 'NONE', #4103, #2617, #7228, .T. ) ;
#2875 = CIRCLE ( 'NONE', #6224, 0.4299999999999995492 ) ;
#2876 = ORIENTED_EDGE ( 'NONE', *, *, #4469, .F. ) ;
#2877 = EDGE_CURVE ( 'NONE', #3732, #4670, #2805, .T. ) ;
#2878 = CARTESIAN_POINT ( 'NONE',  ( 7.664549540883644596, 3.532300140534890609, 5.000271949160771889 ) ) ;
#2879 = ORIENTED_EDGE ( 'NONE', *, *, #3756, .F. ) ;
#2880 = CARTESIAN_POINT ( 'NONE',  ( -7.715572784349782332, -3.528632389388007606, 5.000174052865328456 ) ) ;
#2881 = VERTEX_POINT ( 'NONE', #4967 ) ;
#2882 = DIRECTION ( 'NONE',  ( -1.000000000000000000, 0.000000000000000000, 0.000000000000000000 ) ) ;
#2883 = CYLINDRICAL_SURFACE ( 'NONE', #668, 2.149999999999999911 ) ;
#2884 = ORIENTED_EDGE ( 'NONE', *, *, #4144, .T. ) ;
#2885 = CARTESIAN_POINT ( 'NONE',  ( -18.86342674685059961, 1.225901346162611976E-15, -7.500000000000000888 ) ) ;
#2886 = AXIS2_PLACEMENT_3D ( 'NONE', #7276, #4425, #3937 ) ;
#2887 = CARTESIAN_POINT ( 'NONE',  ( -15.17612706764145081, 6.880352142754600386, 3.501999999999999780 ) ) ;
#2888 = EDGE_CURVE ( 'NONE', #7092, #1156, #2640, .T. ) ;
#2889 = EDGE_CURVE ( 'NONE', #2781, #874, #1711, .T. ) ;
#2890 = ORIENTED_EDGE ( 'NONE', *, *, #2098, .T. ) ;
#2891 = CARTESIAN_POINT ( 'NONE',  ( -17.43527874010850098, 3.290257589455635078E-15, 3.500000000000000000 ) ) ;
#2892 = EDGE_CURVE ( 'NONE', #5868, #2117, #5910, .T. ) ;
#2893 = EDGE_LOOP ( 'NONE', ( #6649, #487, #5440, #232 ) ) ;
#2894 = CARTESIAN_POINT ( 'NONE',  ( -5.940952272452324934, 3.523220616535220895, 5.577365042559610409 ) ) ;
#2895 = AXIS2_PLACEMENT_3D ( 'NONE', #385, #3851, #6139 ) ;
#2896 = AXIS2_PLACEMENT_3D ( 'NONE', #6092, #2156, #4439 ) ;
#2897 = CARTESIAN_POINT ( 'NONE',  ( -3.529676920244726013, -8.294310232189490151, 5.000000005216686638 ) ) ;
#2898 = PLANE ( 'NONE',  #5890 ) ;
#2899 = CIRCLE ( 'NONE', #4691, 0.4299999999999998268 ) ;
#2900 = AXIS2_PLACEMENT_3D ( 'NONE', #871, #241, #1325 ) ;
#2901 = EDGE_CURVE ( 'NONE', #3867, #7162, #5507, .T. ) ;
#2902 = CARTESIAN_POINT ( 'NONE',  ( -11.52715317416693708, 9.499529514007205577, -6.500000000000000888 ) ) ;
#2903 = DIRECTION ( 'NONE',  ( 0.000000000000000000, 0.000000000000000000, 1.000000000000000000 ) ) ;
#2904 = FACE_OUTER_BOUND ( 'NONE', #3495, .T. ) ;
#2905 = ADVANCED_FACE ( 'NONE', ( #5470 ), #1457, .T. ) ;
#2906 = VERTEX_POINT ( 'NONE', #7250 ) ;
#2907 = DIRECTION ( 'NONE',  ( -0.000000000000000000, -0.000000000000000000, 1.000000000000000000 ) ) ;
#2908 = B_SPLINE_CURVE_WITH_KNOTS ( 'NONE', 3,
 ( #7363, #4585, #4622, #2752, #6914, #1730, #6884, #3781, #7320, #6063, #3983, #5083, #2190, #4475, #1608, #3909, #1039, #3355, #2227, #4509, #3396, #6282, #1111, #3429, #5718, #549, #4771, #3550, #3083, #5307, #3653, #213, #2523, #4052, #2406, #1260, #5828, #769, #6944, #2373, #6355 ),
 .UNSPECIFIED., .F., .F.,
 ( 4, 1, 2, 2, 1, 1, 2, 2, 1, 1, 2, 2, 1, 1, 2, 2, 2, 1, 1, 2, 2, 1, 1, 2, 2, 4 ),
 ( 0.000000000000000000, 0.06250000000000330291, 0.09375000000000498213, 0.1250000000000066613, 0.1875000000000104083, 0.2187500000000122957, 0.2343750000000128786, 0.2500000000000134892, 0.3125000000000137668, 0.3437500000000139333, 0.3593750000000140443, 0.3750000000000141553, 0.4375000000000153211, 0.4687500000000157652, 0.4843750000000162093, 0.5000000000000166533, 0.6250000000000156541, 0.6875000000000147660, 0.7187500000000146549, 0.7343750000000146549, 0.7500000000000145439, 0.8125000000000123235, 0.8437500000000114353, 0.8593750000000101030, 0.8750000000000087708, 1.000000000000000000 ),
 .UNSPECIFIED. ) ;
#2910 = VERTEX_POINT ( 'NONE', #2531 ) ;
#2909 = DIRECTION ( 'NONE',  ( -1.000000000000000000, 0.000000000000000000, 0.000000000000000000 ) ) ;
#2911 = CARTESIAN_POINT ( 'NONE',  ( 4.303310061476551596, 5.308586851874166790, 6.430872809955392455 ) ) ;
#2912 = VECTOR ( 'NONE', #709, 1000.000000000000114 ) ;
#2913 = ADVANCED_FACE ( 'NONE', ( #5975 ), #2573, .T. ) ;
#2914 = CARTESIAN_POINT ( 'NONE',  ( -3.524544711154604659, 7.794956298466754419, 5.000047239738970362 ) ) ;
#2915 = CARTESIAN_POINT ( 'NONE',  ( 9.047171303507051121, 13.99295429087460008, -6.500000000000000888 ) ) ;
#2916 = CARTESIAN_POINT ( 'NONE',  ( -4.753152621164177027, 4.911170619404358284, 5.245541283978227831 ) ) ;
#2917 = AXIS2_PLACEMENT_3D ( 'NONE', #6737, #447, #5694 ) ;
#2918 = CARTESIAN_POINT ( 'NONE',  ( 6.095749540720436954, 3.089139893522173885, 7.879784840339134178 ) ) ;
#2919 = TOROIDAL_SURFACE ( 'NONE', #5802, 9.833708498984762514, 3.000000000000000000 ) ;
#2920 = EDGE_LOOP ( 'NONE', ( #4501, #822, #6061, #5894 ) ) ;
#2921 = CARTESIAN_POINT ( 'NONE',  ( 7.257506894553573673, 3.581778829158088318, 5.000164900004561375 ) ) ;
#2922 = ORIENTED_EDGE ( 'NONE', *, *, #1059, .F. ) ;
#2923 = VECTOR ( 'NONE', #5646, 1000.000000000000000 ) ;
#2924 = AXIS2_PLACEMENT_3D ( 'NONE', #580, #2903, #6910 ) ;
#2925 = CARTESIAN_POINT ( 'NONE',  ( -8.498388606948934054, -3.547773455236642892, 5.000033656030735685 ) ) ;
#2926 = EDGE_CURVE ( 'NONE', #4203, #7382, #21, .T. ) ;
#2927 = DIRECTION ( 'NONE',  ( 0.000000000000000000, 0.000000000000000000, -1.000000000000000000 ) ) ;
#2928 = CARTESIAN_POINT ( 'NONE',  ( -5.043788325282345220, 4.620696215485915026, 5.122749894825710193 ) ) ;
#2929 = ORIENTED_EDGE ( 'NONE', *, *, #4852, .T. ) ;
#2930 = DIRECTION ( 'NONE',  ( -0.9594929736144977017, -0.2817325568414285608, 0.000000000000000000 ) ) ;
#2931 = DIRECTION ( 'NONE',  ( -1.000000000000000000, 0.000000000000000000, 0.000000000000000000 ) ) ;
#2932 = VERTEX_POINT ( 'NONE', #1530 ) ;
#2933 = DIRECTION ( 'NONE',  ( -0.7071067811865480168, 8.659560562354939021E-17, 0.7071067811865470176 ) ) ;
#2934 = ADVANCED_FACE ( 'NONE', ( #3241 ), #4250, .T. ) ;
#2935 = EDGE_CURVE ( 'NONE', #5057, #4531, #3875, .T. ) ;
#2936 = AXIS2_PLACEMENT_3D ( 'NONE', #2983, #1266, #3517 ) ;
#2937 = EDGE_LOOP ( 'NONE', ( #1542, #6630, #2506, #5017 ) ) ;
#2938 = LINE ( 'NONE', #53, #5604 ) ;
#2939 = LINE ( 'NONE', #6905, #2400 ) ;
#2940 = CARTESIAN_POINT ( 'NONE',  ( -11.25010580146153671, 12.65854594576691383, -6.500000000000000888 ) ) ;
#2941 = DIRECTION ( 'NONE',  ( -1.000000000000000000, 0.000000000000000000, 0.000000000000000000 ) ) ;
#2942 = CARTESIAN_POINT ( 'NONE',  ( 4.645336082446750647E-12, -4.028362759918650412E-12, 3.501999999999999780 ) ) ;
#2943 = CYLINDRICAL_SURFACE ( 'NONE', #2439, 0.4299999999999997713 ) ;
#2944 = ORIENTED_EDGE ( 'NONE', *, *, #125, .F. ) ;
#2945 = FACE_OUTER_BOUND ( 'NONE', #460, .T. ) ;
#2946 = CIRCLE ( 'NONE', #3052, 6.833708498984764290 ) ;
#2948 = CARTESIAN_POINT ( 'NONE',  ( 8.674060391235430600, -3.570708014531041918, 5.000221511382985540 ) ) ;
#2947 = DIRECTION ( 'NONE',  ( 0.8412535328311813165, 0.5406408174555974444, 0.000000000000000000 ) ) ;
#2949 = CARTESIAN_POINT ( 'NONE',  ( -8.383895737619360133, 12.36230615819429879, 3.501999999999999780 ) ) ;
#2950 = DIRECTION ( 'NONE',  ( -1.000000000000000000, 0.000000000000000000, 0.000000000000000000 ) ) ;
#2951 = DIRECTION ( 'NONE',  ( 0.000000000000000000, 0.000000000000000000, 1.000000000000000000 ) ) ;
#2952 = CARTESIAN_POINT ( 'NONE',  ( -6.505213034913029562E-16, 1.058181320345851949E-13, -6.500000000000000888 ) ) ;
#2953 = DIRECTION ( 'NONE',  ( -0.9594929736144977017, -0.2817325568414285608, 0.000000000000000000 ) ) ;
#2954 = ORIENTED_EDGE ( 'NONE', *, *, #6960, .F. ) ;
#2955 = CARTESIAN_POINT ( 'NONE',  ( 7.800338720541334148, 3.524380869129488669, 5.000043519468548858 ) ) ;
#2956 =( BOUNDED_SURFACE ( )  B_SPLINE_SURFACE ( 3, 2, ( 
 ( #1579, #2087, #3810 ),
 ( #3881, #3844, #1536 ),
 ( #410, #6206, #4481 ),
 ( #7178, #2195, #3290 ),
 ( #1042, #6057, #7327 ),
 ( #6773, #2044, #3774 ) ),
 .UNSPECIFIED., .F., .F., .T. ) 
 B_SPLINE_SURFACE_WITH_KNOTS ( ( 4, 2, 4 ),
 ( 3, 3 ),
 ( 0.004572695605127330074, 0.005447210325864136962, 0.006321725046600943851 ),
 ( 0.000000000000000000, 1.000000000000000000 ),
 .UNSPECIFIED. ) 
 GEOMETRIC_REPRESENTATION_ITEM ( )  RATIONAL_B_SPLINE_SURFACE ( (
 ( 1.000000000000000000, 0.9155493925646696063, 1.000000000000000000),
 ( 1.000000000000000000, 0.9391694711568195908, 1.000000000000000000),
 ( 1.000000000000000000, 0.9607223642411549802, 1.000000000000000000),
 ( 1.000000000000000000, 0.9912792382437197736, 1.000000000000000000),
 ( 1.000000000000000000, 1.000123610408595320, 1.000000000000000000),
 ( 1.000000000000000000, 1.000000000000000000, 1.000000000000000000) ) ) 
 REPRESENTATION_ITEM ( '' )  SURFACE ( )  );
#2957 = CARTESIAN_POINT ( 'NONE',  ( -8.194275795145690822, -3.524159675045701601, 5.000047570946961173 ) ) ;
#2958 = DIRECTION ( 'NONE',  ( -1.000000000000000000, 0.000000000000000000, 0.000000000000000000 ) ) ;
#2959 = CARTESIAN_POINT ( 'NONE',  ( 8.000000000000000000, -8.000000000000000000, 5.000000000000000000 ) ) ;
#2960 = CARTESIAN_POINT ( 'NONE',  ( -5.940952272452332039, 3.523220616535214234, 5.577365042559616626 ) ) ;
#2961 = ORIENTED_EDGE ( 'NONE', *, *, #5183, .T. ) ;
#2962 = DIRECTION ( 'NONE',  ( 1.000000000000000000, 0.000000000000000000, 0.000000000000000000 ) ) ;
#2963 = ORIENTED_EDGE ( 'NONE', *, *, #1289, .T. ) ;
#2964 = DIRECTION ( 'NONE',  ( 0.000000000000000000, 0.000000000000000000, -1.000000000000000000 ) ) ;
#2965 = AXIS2_PLACEMENT_3D ( 'NONE', #4611, #17, #1135 ) ;
#2966 = CARTESIAN_POINT ( 'NONE',  ( -3.606734626498995677, -7.122720478982260239, 5.000000000000000000 ) ) ;
#2967 = VERTEX_POINT ( 'NONE', #811 ) ;
#2968 = CARTESIAN_POINT ( 'NONE',  ( -6.297044252767349803, 2.657287812576137220, 7.999999998527716372 ) ) ;
#2969 = EDGE_CURVE ( 'NONE', #6394, #3159, #6159, .T. ) ;
#2970 = CARTESIAN_POINT ( 'NONE',  ( 15.89384706209390252, -4.450825974518244799, 3.500000000000000000 ) ) ;
#2971 = CARTESIAN_POINT ( 'NONE',  ( 5.401412637322851040, -4.186211671107679777, 6.673059687669898210 ) ) ;
#2972 = EDGE_CURVE ( 'NONE', #451, #2217, #3131, .T. ) ;
#2973 = CIRCLE ( 'NONE', #4890, 1.779502281109935025 ) ;
#2974 = CARTESIAN_POINT ( 'NONE',  ( -6.667453257840990410, 15.09865203729069805, 3.500000000000000000 ) ) ;
#2975 = CARTESIAN_POINT ( 'NONE',  ( 8.970108147836150181, -14.04247977380171974, 3.501999999999999780 ) ) ;
#2976 = EDGE_LOOP ( 'NONE', ( #4575, #779, #3372, #4820 ) ) ;
#2977 = CARTESIAN_POINT ( 'NONE',  ( 7.383982180606406764, -3.554563976611233134, 5.000000000002650324 ) ) ;
#2979 = CARTESIAN_POINT ( 'NONE',  ( -5.401412637324833454, 4.186211671105118270, 6.673059687675632290 ) ) ;
#2978 = DIRECTION ( 'NONE',  ( 0.000000000000000000, 0.000000000000000000, 1.000000000000000000 ) ) ;
#2980 = DIRECTION ( 'NONE',  ( 1.000000000000000000, 0.000000000000000000, 0.000000000000000000 ) ) ;
#2981 = EDGE_CURVE ( 'NONE', #1941, #4426, #2004, .T. ) ;
#2982 = CARTESIAN_POINT ( 'NONE',  ( 2.546031784417540411, 6.341710652641936896, 8.000000000000000000 ) ) ;
#2983 = CARTESIAN_POINT ( 'NONE',  ( 15.17612706764145081, -6.880352142754600386, 3.501999999999999780 ) ) ;
#2984 = DIRECTION ( 'NONE',  ( 0.000000000000000000, 0.000000000000000000, -1.000000000000000000 ) ) ;
#2985 = FACE_OUTER_BOUND ( 'NONE', #5128, .T. ) ;
#2986 = VERTEX_POINT ( 'NONE', #2082 ) ;
#2987 = ORIENTED_EDGE ( 'NONE', *, *, #6901, .F. ) ;
#2988 = DIRECTION ( 'NONE',  ( 1.000000000000000000, 0.000000000000000000, -0.000000000000000000 ) ) ;
#2989 = CARTESIAN_POINT ( 'NONE',  ( -7.852107875358066202, -3.522439718317094570, 5.000000001278638528 ) ) ;
#2990 = DIRECTION ( 'NONE',  ( -1.000000000000000000, 0.000000000000000000, 0.000000000000000000 ) ) ;
#2991 = ORIENTED_EDGE ( 'NONE', *, *, #2857, .T. ) ;
#2992 = DIRECTION ( 'NONE',  ( -1.000000000000000000, 0.000000000000000000, 0.000000000000000000 ) ) ;
#2994 = CARTESIAN_POINT ( 'NONE',  ( -10.96445679804882012, 12.33713554324496009, 3.500000000000000000 ) ) ;
#2993 = CARTESIAN_POINT ( 'NONE',  ( -8.674060391453267016, 3.570708014565268318, 5.000221511383130313 ) ) ;
#2995 = ORIENTED_EDGE ( 'NONE', *, *, #3423, .T. ) ;
#2996 = CARTESIAN_POINT ( 'NONE',  ( 5.594070004404390837E-12, 2.552103961480460178E-12, 3.501999999999999780 ) ) ;
#2997 = CARTESIAN_POINT ( 'NONE',  ( -3.607682565371131744, 8.885106991910239671, 5.000562507393805589 ) ) ;
#2998 = CARTESIAN_POINT ( 'NONE',  ( -4.303310061479965754, -5.308586851871402779, 6.430872809947951296 ) ) ;
#2999 = EDGE_LOOP ( 'NONE', ( #6083, #2053, #4724, #2890 ) ) ;
#3000 = CARTESIAN_POINT ( 'NONE',  ( -6.341710652641938673, 2.546031784417539967, 8.000000000000000000 ) ) ;
#3001 = CARTESIAN_POINT ( 'NONE',  ( -3.521426312766045452, -8.117952170380251076, 5.000099135521574034 ) ) ;
#3002 = CARTESIAN_POINT ( 'NONE',  ( 16.49980648923040150, 2.326040455249445138, 3.500000000000000000 ) ) ;
#3003 = AXIS2_PLACEMENT_3D ( 'NONE', #917, #6044, #882 ) ;
#3004 = EDGE_CURVE ( 'NONE', #7080, #73, #2682, .T. ) ;
#3005 = DIRECTION ( 'NONE',  ( -0.000000000000000000, -0.000000000000000000, 1.000000000000000000 ) ) ;
#3006 = VECTOR ( 'NONE', #481, 1000.000000000000000 ) ;
#3007 = ORIENTED_EDGE ( 'NONE', *, *, #6181, .T. ) ;
#3008 = CARTESIAN_POINT ( 'NONE',  ( -10.96445679804882012, -12.33713554324496009, 3.500000000000000000 ) ) ;
#3010 = CARTESIAN_POINT ( 'NONE',  ( 8.052189923409029504, -3.520180800777404251, 5.000118358449887168 ) ) ;
#3009 = CARTESIAN_POINT ( 'NONE',  ( 2.587696955795115716, -6.327371828408339560, 5.371491857460484631 ) ) ;
#3011 = DIRECTION ( 'NONE',  ( -0.000000000000000000, -0.000000000000000000, -1.000000000000000000 ) ) ;
#3012 = VECTOR ( 'NONE', #189, 1000.000000000000000 ) ;
#3013 = AXIS2_PLACEMENT_3D ( 'NONE', #5276, #4172, #6440 ) ;
#3014 = ORIENTED_EDGE ( 'NONE', *, *, #2901, .F. ) ;
#3015 = CARTESIAN_POINT ( 'NONE',  ( 4.050070199584957287, 5.504230962703954511, 6.920386575054927825 ) ) ;
#3016 = CYLINDRICAL_SURFACE ( 'NONE', #1451, 0.4300000000000000488 ) ;
#3017 = DIRECTION ( 'NONE',  ( -0.9594929736144977017, 0.2817325568414285608, 0.000000000000000000 ) ) ;
#3018 = EDGE_CURVE ( 'NONE', #614, #4657, #2809, .T. ) ;
#3019 = CARTESIAN_POINT ( 'NONE',  ( 3.522578886431863676, -7.847892395320269721, 5.000001095606729784 ) ) ;
#3020 = AXIS2_PLACEMENT_3D ( 'NONE', #4700, #1226, #1955 ) ;
#3021 = ORIENTED_EDGE ( 'NONE', *, *, #1149, .F. ) ;
#3022 = EDGE_LOOP ( 'NONE', ( #7204, #5728, #6447, #3651 ) ) ;
#3023 = CARTESIAN_POINT ( 'NONE',  ( 14.83309173315052298, -1.759463248875118069, -6.500000000000000888 ) ) ;
#3024 = DIRECTION ( 'NONE',  ( -0.9594929736144973687, -0.2817325568414300596, 0.000000000000000000 ) ) ;
#3025 = DIRECTION ( 'NONE',  ( 0.000000000000000000, 0.000000000000000000, -1.000000000000000000 ) ) ;
#3026 = DIRECTION ( 'NONE',  ( -1.000000000000000000, 0.000000000000000000, 0.000000000000000000 ) ) ;
#3028 = DIRECTION ( 'NONE',  ( 0.8412535328311799843, 0.5406408174555994428, 0.000000000000000000 ) ) ;
#3027 = CARTESIAN_POINT ( 'NONE',  ( -8.197317748753750521, 3.524026649739791406, 5.000014217580385001 ) ) ;
#3029 = EDGE_LOOP ( 'NONE', ( #5409, #4004, #6279, #6007 ) ) ;
#3030 =( NAMED_UNIT ( * ) SI_UNIT ( $, .STERADIAN. ) SOLID_ANGLE_UNIT ( ) );
#3031 = FACE_OUTER_BOUND ( 'NONE', #1793, .T. ) ;
#3032 = CIRCLE ( 'NONE', #3982, 0.4299999999999997713 ) ;
#3033 = AXIS2_PLACEMENT_3D ( 'NONE', #2139, #2815, #947 ) ;
#3034 = ADVANCED_FACE ( 'NONE', ( #3174 ), #6841, .T. ) ;
#3035 = DIRECTION ( 'NONE',  ( 0.000000000000000000, 0.000000000000000000, -1.000000000000000000 ) ) ;
#3036 = VECTOR ( 'NONE', #6993, 1000.000000000000000 ) ;
#3037 = ORIENTED_EDGE ( 'NONE', *, *, #1481, .T. ) ;
#3038 = CARTESIAN_POINT ( 'NONE',  ( -9.939567796041161414E-16, -1.084202172485504040E-15, -7.500000000000000888 ) ) ;
#3039 = CARTESIAN_POINT ( 'NONE',  ( -3.566622817274418544, -8.645598226985411472, 5.000107751183580085 ) ) ;
#3040 = EDGE_CURVE ( 'NONE', #6840, #2476, #6287, .T. ) ;
#3041 = CARTESIAN_POINT ( 'NONE',  ( 5.927584861378749181, -3.400861122871448927, 7.690556432021448785 ) ) ;
#3042 = AXIS2_PLACEMENT_3D ( 'NONE', #5152, #1005, #7427 ) ;
#3043 = CARTESIAN_POINT ( 'NONE',  ( -13.53668048929982071, 9.457014533746749052, 3.501999999999999780 ) ) ;
#3044 = CARTESIAN_POINT ( 'NONE',  ( -14.36072198411767964, 8.976264818957261582, 3.500000000000000000 ) ) ;
#3045 = EDGE_LOOP ( 'NONE', ( #6285, #6491, #4753, #1740 ) ) ;
#3046 = CARTESIAN_POINT ( 'NONE',  ( 7.599716546561681163, -3.530535871766915523, 5.000000000000000888 ) ) ;
#3047 = VECTOR ( 'NONE', #7140, 1000.000000000000000 ) ;
#3048 = CARTESIAN_POINT ( 'NONE',  ( 14.22574330189358882, 8.384811868462966444, -6.500000000000000888 ) ) ;
#3049 = CARTESIAN_POINT ( 'NONE',  ( 2.847304847252890347, -6.212345305599820122, 7.963899584535976572 ) ) ;
#3050 = EDGE_CURVE ( 'NONE', #3819, #2355, #5454, .T. ) ;
#3051 = CARTESIAN_POINT ( 'NONE',  ( 14.13075718784739898, -9.334097026668938923, 3.500000000000000000 ) ) ;
#3052 = AXIS2_PLACEMENT_3D ( 'NONE', #4075, #5292, #6934 ) ;
#3053 = DIRECTION ( 'NONE',  ( 1.000000000000000000, 0.000000000000000000, 0.000000000000000000 ) ) ;
#3054 = DIRECTION ( 'NONE',  ( 0.000000000000000000, 0.000000000000000000, 1.000000000000000000 ) ) ;
#3055 = CARTESIAN_POINT ( 'NONE',  ( -6.086481637526660689E-12, -8.726941734834309668E-13, 3.500000000000000000 ) ) ;
#3056 = ORIENTED_EDGE ( 'NONE', *, *, #1289, .F. ) ;
#3057 = ADVANCED_FACE ( 'NONE', ( #6233 ), #6102, .F. ) ;
#3058 = CARTESIAN_POINT ( 'NONE',  ( 8.795760093436271632, 3.590521552942189221, 5.000613481310123731 ) ) ;
#3059 = ORIENTED_EDGE ( 'NONE', *, *, #3040, .F. ) ;
#3060 = CIRCLE ( 'NONE', #4008, 1.779502281109930140 ) ;
#3061 = EDGE_CURVE ( 'NONE', #6958, #73, #3354, .T. ) ;
#3062 = CARTESIAN_POINT ( 'NONE',  ( 8.383895737619372568, -12.36230615819430234, -6.500000000000000888 ) ) ;
#3063 = CARTESIAN_POINT ( 'NONE',  ( 4.832161620284265879, 4.832161620284268544, 5.000000000000000000 ) ) ;
#3064 = FACE_OUTER_BOUND ( 'NONE', #5909, .T. ) ;
#3066 = DIRECTION ( 'NONE',  ( -0.8412535328311808724, -0.5406408174555981105, 0.000000000000000000 ) ) ;
#3065 = CARTESIAN_POINT ( 'NONE',  ( -8.059595430086815782, 3.520284930623889252, 5.000111387107871508 ) ) ;
#3067 = EDGE_LOOP ( 'NONE', ( #5883, #6053, #4251, #6592 ) ) ;
#3068 = ORIENTED_EDGE ( 'NONE', *, *, #6403, .T. ) ;
#3069 = CARTESIAN_POINT ( 'NONE',  ( 4.832161620284266768, 4.832161620284267656, 5.000000000000000000 ) ) ;
#3070 = DIRECTION ( 'NONE',  ( 0.000000000000000000, 0.000000000000000000, 1.000000000000000000 ) ) ;
#3071 = DIRECTION ( 'NONE',  ( 0.1423148382732853656, -0.9898214418809326842, 0.000000000000000000 ) ) ;
#3072 = B_SPLINE_CURVE_WITH_KNOTS ( 'NONE', 3,
 ( #2238, #3367, #5630, #5020 ),
 .UNSPECIFIED., .F., .F.,
 ( 4, 4 ),
 ( 0.002681209170498159797, 0.004275213244552042609 ),
 .UNSPECIFIED. ) ;
#3073 = ORIENTED_EDGE ( 'NONE', *, *, #66, .T. ) ;
#3074 = DIRECTION ( 'NONE',  ( 0.000000000000000000, 0.000000000000000000, 1.000000000000000000 ) ) ;
#3075 = CARTESIAN_POINT ( 'NONE',  ( -5.940952272440019222, -3.523220616552985351, 5.577365042555741503 ) ) ;
#3076 = AXIS2_PLACEMENT_3D ( 'NONE', #1835, #1287, #5335 ) ;
#3077 = CARTESIAN_POINT ( 'NONE',  ( 4.303310061476624426, -5.308586851874109058, 6.430872809955233471 ) ) ;
#3078 = ORIENTED_EDGE ( 'NONE', *, *, #6388, .F. ) ;
#3079 = CARTESIAN_POINT ( 'NONE',  ( 7.762353061012129629, 12.76174738209454063, 3.501999999999999780 ) ) ;
#3080 = DIRECTION ( 'NONE',  ( 0.000000000000000000, 0.000000000000000000, 1.000000000000000000 ) ) ;
#3081 = EDGE_LOOP ( 'NONE', ( #3890, #5537, #6320, #2944 ) ) ;
#3082 = DIRECTION ( 'NONE',  ( -1.000000000000000000, 0.000000000000000000, 0.000000000000000000 ) ) ;
#3083 = CARTESIAN_POINT ( 'NONE',  ( -3.988608674786283448, 5.548974055489390267, 7.020642115313069809 ) ) ;
#3084 = DIRECTION ( 'NONE',  ( 0.8412535328311815386, -0.5406408174555970003, 0.000000000000000000 ) ) ;
#3085 = AXIS2_PLACEMENT_3D ( 'NONE', #5487, #2627, #4189 ) ;
#3086 = AXIS2_PLACEMENT_3D ( 'NONE', #4974, #815, #2646 ) ;
#3087 = ORIENTED_EDGE ( 'NONE', *, *, #2972, .F. ) ;
#3088 = EDGE_CURVE ( 'NONE', #698, #6127, #3769, .T. ) ;
#3089 = EDGE_CURVE ( 'NONE', #5288, #698, #27, .T. ) ;
#3090 = CARTESIAN_POINT ( 'NONE',  ( 3.267135819725275780, 6.002171035870182969, 7.783154812032863745 ) ) ;
#3091 = CARTESIAN_POINT ( 'NONE',  ( 3.554563976613613896, 7.383982180592789213, 4.999999999998072653 ) ) ;
#3092 = CIRCLE ( 'NONE', #4039, 16.93527874010848677 ) ;
#3093 = DIRECTION ( 'NONE',  ( 0.000000000000000000, 0.000000000000000000, -1.000000000000000000 ) ) ;
#3094 = CARTESIAN_POINT ( 'NONE',  ( 3.582157717905569694, -7.254919254812539187, 5.000159542280918856 ) ) ;
#3095 = ORIENTED_EDGE ( 'NONE', *, *, #2756, .F. ) ;
#3096 = ORIENTED_EDGE ( 'NONE', *, *, #2777, .T. ) ;
#3097 = ORIENTED_EDGE ( 'NONE', *, *, #4947, .T. ) ;
#3098 = CARTESIAN_POINT ( 'NONE',  ( 8.914836862938521733, 3.613794201843728349, 5.000489036515541663 ) ) ;
#3099 = AXIS2_PLACEMENT_3D ( 'NONE', #2864, #4547, #2827 ) ;
#3100 = CARTESIAN_POINT ( 'NONE',  ( -9.125723456341725992, -3.663740471346063288, 5.000000000000000000 ) ) ;
#3101 = CARTESIAN_POINT ( 'NONE',  ( -6.505213034913029562E-16, 1.058181320345851949E-13, 3.500000000000000000 ) ) ;
#3102 = CARTESIAN_POINT ( 'NONE',  ( 15.77705318448115257, -4.848589393084430377, 3.501999999999999780 ) ) ;
#3104 = CARTESIAN_POINT ( 'NONE',  ( 3.521380396870371410, -8.115531734744486414, 5.000097316508283818 ) ) ;
#3103 = CARTESIAN_POINT ( 'NONE',  ( -8.984190373159579579, 3.629134143009395519, 5.000282014665526020 ) ) ;
#3105 = EDGE_LOOP ( 'NONE', ( #5846, #6936, #1475, #5281 ) ) ;
#3106 = CARTESIAN_POINT ( 'NONE',  ( -14.22574330189359948, -8.384811868462952233, 3.500000000000000000 ) ) ;
#3107 = ORIENTED_EDGE ( 'NONE', *, *, #6239, .F. ) ;
#3108 = CYLINDRICAL_SURFACE ( 'NONE', #291, 1.779502281109935025 ) ;
#3109 = DIRECTION ( 'NONE',  ( 0.000000000000000000, 0.000000000000000000, 1.000000000000000000 ) ) ;
#3110 = DIRECTION ( 'NONE',  ( 0.000000000000000000, 0.000000000000000000, 1.000000000000000000 ) ) ;
#3111 = ORIENTED_EDGE ( 'NONE', *, *, #3930, .T. ) ;
#3112 = ADVANCED_FACE ( 'NONE', ( #2750, #5039 ), #475, .F. ) ;
#3113 = CARTESIAN_POINT ( 'NONE',  ( -4.832161620284267656, -4.832161620284267656, 5.000000000000000000 ) ) ;
#3114 = CARTESIAN_POINT ( 'NONE',  ( -7.599716546541214868, -3.530535871768718081, 5.000000000000000888 ) ) ;
#3115 = EDGE_CURVE ( 'NONE', #6631, #4606, #5211, .T. ) ;
#3116 = DIRECTION ( 'NONE',  ( 0.000000000000000000, 0.000000000000000000, 1.000000000000000000 ) ) ;
#3117 = DIRECTION ( 'NONE',  ( 1.000000000000000000, 0.000000000000000000, 0.000000000000000000 ) ) ;
#3118 = EDGE_LOOP ( 'NONE', ( #6659, #2738, #72, #5839 ) ) ;
#3119 = CARTESIAN_POINT ( 'NONE',  ( -5.850000000000001421, 8.000000000000000000, -7.500000000000000888 ) ) ;
#3120 = CARTESIAN_POINT ( 'NONE',  ( 3.565582309285853402, 8.638207849459375254, 5.000080888836879289 ) ) ;
#3121 = EDGE_LOOP ( 'NONE', ( #152, #5329, #1286, #474 ) ) ;
#3122 = AXIS2_PLACEMENT_3D ( 'NONE', #2818, #6307, #5109 ) ;
#3123 = CARTESIAN_POINT ( 'NONE',  ( 17.43527874010850098, 1.067602915065788140E-15, 3.500000000000000000 ) ) ;
#3124 = VERTEX_POINT ( 'NONE', #4015 ) ;
#3125 = ORIENTED_EDGE ( 'NONE', *, *, #5963, .F. ) ;
#3126 = ADVANCED_FACE ( 'NONE', ( #6316 ), #2751, .F. ) ;
#3127 = CIRCLE ( 'NONE', #2896, 1.779502281109946571 ) ;
#3128 = CYLINDRICAL_SURFACE ( 'NONE', #1068, 0.4300000000000004374 ) ;
#3129 = FACE_OUTER_BOUND ( 'NONE', #2016, .T. ) ;
#3130 = DIRECTION ( 'NONE',  ( 0.000000000000000000, 0.000000000000000000, 1.000000000000000000 ) ) ;
#3131 = LINE ( 'NONE', #300, #3047 ) ;
#3132 = VERTEX_POINT ( 'NONE', #1768 ) ;
#3133 = CARTESIAN_POINT ( 'NONE',  ( 8.705228473175960602, 3.575502072292317646, 5.000335608519786312 ) ) ;
#3134 = CIRCLE ( 'NONE', #6852, 16.93527874010848322 ) ;
#3135 = VECTOR ( 'NONE', #7190, 1000.000000000000000 ) ;
#3136 = ADVANCED_FACE ( 'NONE', ( #2945 ), #4696, .T. ) ;
#3137 = CARTESIAN_POINT ( 'NONE',  ( 1.730008055016385027E-12, -5.900332700277130653E-12, 3.501999999999999780 ) ) ;
#3138 = CARTESIAN_POINT ( 'NONE',  ( -0.04580257476693950364, -16.66289232113235030, -6.500000000000000888 ) ) ;
#3139 = CYLINDRICAL_SURFACE ( 'NONE', #1081, 16.93527874010839795 ) ;
#3140 = AXIS2_PLACEMENT_3D ( 'NONE', #603, #4110, #6377 ) ;
#3142 = CARTESIAN_POINT ( 'NONE',  ( -8.970108147836139523, 14.04247977380171974, 3.500000000000000000 ) ) ;
#3141 = CARTESIAN_POINT ( 'NONE',  ( -16.30791787812269789, -4.566780100418100119, -6.500000000000000888 ) ) ;
#3143 = ORIENTED_EDGE ( 'NONE', *, *, #126, .F. ) ;
#3144 = LINE ( 'NONE', #7149, #3691 ) ;
#3145 = ORIENTED_EDGE ( 'NONE', *, *, #7091, .F. ) ;
#3146 = DIRECTION ( 'NONE',  ( 0.8412535328311808724, -0.5406408174555981105, 0.000000000000000000 ) ) ;
#3147 = EDGE_CURVE ( 'NONE', #1372, #6113, #4768, .T. ) ;
#3148 = AXIS2_PLACEMENT_3D ( 'NONE', #7257, #1614, #2089 ) ;
#3149 = EDGE_CURVE ( 'NONE', #5676, #1698, #6354, .T. ) ;
#3150 = DIRECTION ( 'NONE',  ( 0.000000000000000000, 0.000000000000000000, 1.000000000000000000 ) ) ;
#3151 = DIRECTION ( 'NONE',  ( 0.000000000000000000, 0.000000000000000000, -1.000000000000000000 ) ) ;
#3152 = CIRCLE ( 'NONE', #2309, 16.93527874010839795 ) ;
#3153 = ORIENTED_EDGE ( 'NONE', *, *, #6478, .F. ) ;
#3154 = CARTESIAN_POINT ( 'NONE',  ( -3.606734626498993901, -7.122720478982273562, 5.000000000000000000 ) ) ;
#3155 = CARTESIAN_POINT ( 'NONE',  ( 8.605515104952509375, -3.561108041449399408, 5.000000009131753131 ) ) ;
#3156 = VECTOR ( 'NONE', #886, 1000.000000000000000 ) ;
#3157 = CARTESIAN_POINT ( 'NONE',  ( -6.341710652641877388, -2.546031784417693622, 8.000000000000000000 ) ) ;
#3158 = EDGE_CURVE ( 'NONE', #5158, #6004, #165, .T. ) ;
#3159 = VERTEX_POINT ( 'NONE', #26 ) ;
#3160 = EDGE_CURVE ( 'NONE', #4159, #4499, #997, .T. ) ;
#3161 = AXIS2_PLACEMENT_3D ( 'NONE', #3873, #1037, #6764 ) ;
#3162 = ADVANCED_FACE ( 'NONE', ( #2371 ), #2330, .F. ) ;
#3163 = AXIS2_PLACEMENT_3D ( 'NONE', #6190, #6711, #5525 ) ;
#3164 = CARTESIAN_POINT ( 'NONE',  ( 4.738426506668380611, -15.97502402572244939, 3.501999999999999780 ) ) ;
#3165 = ORIENTED_EDGE ( 'NONE', *, *, #6516, .F. ) ;
#3166 = DIRECTION ( 'NONE',  ( 0.000000000000000000, 0.000000000000000000, 1.000000000000000000 ) ) ;
#3167 = CARTESIAN_POINT ( 'NONE',  ( 3.518186785504595626, -7.984689828697610459, 4.999999999999878320 ) ) ;
#3168 = ORIENTED_EDGE ( 'NONE', *, *, #5191, .T. ) ;
#3169 = CARTESIAN_POINT ( 'NONE',  ( 3.609717231060044274, -5.802619072381559384, 7.504133922982900273 ) ) ;
#3170 = ORIENTED_EDGE ( 'NONE', *, *, #756, .T. ) ;
#3171 = ORIENTED_EDGE ( 'NONE', *, *, #5889, .T. ) ;
#3172 = DIRECTION ( 'NONE',  ( 0.000000000000000000, 0.000000000000000000, -1.000000000000000000 ) ) ;
#3173 = CARTESIAN_POINT ( 'NONE',  ( -9.047171303507051121, -13.99295429087460008, -6.500000000000000888 ) ) ;
#3174 = FACE_OUTER_BOUND ( 'NONE', #1916, .T. ) ;
#3175 = ORIENTED_EDGE ( 'NONE', *, *, #4561, .F. ) ;
#3176 = CARTESIAN_POINT ( 'NONE',  ( -5.585020255241555098, -3.938189494892414988, 7.098512828217235615 ) ) ;
#3177 = EDGE_CURVE ( 'NONE', #1743, #4183, #5225, .T. ) ;
#3178 = AXIS2_PLACEMENT_3D ( 'NONE', #3652, #2633, #5458 ) ;
#3179 = CARTESIAN_POINT ( 'NONE',  ( -8.795760092871184099, -3.590521552837609764, 5.000613481310897335 ) ) ;
#3180 = CARTESIAN_POINT ( 'NONE',  ( 10.96445679804882012, 12.33713554324496009, -6.500000000000000888 ) ) ;
#3181 = CARTESIAN_POINT ( 'NONE',  ( -3.326259582143665220E-12, -5.171349053832919920E-12, 3.501999999999999780 ) ) ;
#3183 = ORIENTED_EDGE ( 'NONE', *, *, #6856, .T. ) ;
#3182 = CARTESIAN_POINT ( 'NONE',  ( -7.839711742747869749, 3.522837364414062922, 4.999999995666081887 ) ) ;
#3184 = ORIENTED_EDGE ( 'NONE', *, *, #4128, .T. ) ;
#3185 = DIRECTION ( 'NONE',  ( 0.000000000000000000, 0.000000000000000000, -1.000000000000000000 ) ) ;
#3186 = ORIENTED_EDGE ( 'NONE', *, *, #685, .F. ) ;
#3187 = DIRECTION ( 'NONE',  ( -1.000000000000000000, 0.000000000000000000, 0.000000000000000000 ) ) ;
#3188 = VERTEX_POINT ( 'NONE', #2405 ) ;
#3189 = CARTESIAN_POINT ( 'NONE',  ( 11.52715317416693885, 9.499529514007200248, 3.501999999999999780 ) ) ;
#3190 = CARTESIAN_POINT ( 'NONE',  ( 9.125723456341724216, 3.663740471346062400, 5.000000000000000000 ) ) ;
#3191 = ORIENTED_EDGE ( 'NONE', *, *, #5979, .F. ) ;
#3192 = EDGE_CURVE ( 'NONE', #3662, #3600, #637, .T. ) ;
#3193 = CYLINDRICAL_SURFACE ( 'NONE', #1761, 14.93707874011463410 ) ;
#3194 = CARTESIAN_POINT ( 'NONE',  ( -5.308586851878312807, 4.303310061471438352, 6.430872809966533765 ) ) ;
#3195 = CARTESIAN_POINT ( 'NONE',  ( -6.338363920113436301, -2.554367942891401455, 5.256164510759541386 ) ) ;
#3196 = EDGE_CURVE ( 'NONE', #874, #6419, #6981, .T. ) ;
#3197 = CARTESIAN_POINT ( 'NONE',  ( -14.83309173315054075, -1.759463248875130059, 3.501999999999999780 ) ) ;
#3198 = ORIENTED_EDGE ( 'NONE', *, *, #4202, .T. ) ;
#3199 = FACE_OUTER_BOUND ( 'NONE', #2690, .T. ) ;
#3200 = CARTESIAN_POINT ( 'NONE',  ( 3.530432282130802957, 8.307319610086972617, 4.999998046016287390 ) ) ;
#3201 = ORIENTED_EDGE ( 'NONE', *, *, #6665, .T. ) ;
#3202 = DIRECTION ( 'NONE',  ( 0.000000000000000000, 0.000000000000000000, 1.000000000000000000 ) ) ;
#3203 = VECTOR ( 'NONE', #3796, 1000.000000000000114 ) ;
#3204 = CARTESIAN_POINT ( 'NONE',  ( 6.327371828408463017, 2.587696955795113940, 5.371491857460545027 ) ) ;
#3205 = CARTESIAN_POINT ( 'NONE',  ( 3.533857191259533792, 5.851470600372644881, 7.590139390704485400 ) ) ;
#3206 = CARTESIAN_POINT ( 'NONE',  ( -4.832161620284269432, 4.832161620284269432, 5.000000000000000000 ) ) ;
#3207 = DIRECTION ( 'NONE',  ( -0.000000000000000000, -0.000000000000000000, 1.000000000000000000 ) ) ;
#3208 = EDGE_CURVE ( 'NONE', #704, #1167, #1601, .T. ) ;
#3209 = ORIENTED_EDGE ( 'NONE', *, *, #2888, .T. ) ;
#3210 = EDGE_CURVE ( 'NONE', #6015, #2906, #880, .T. ) ;
#3211 = CYLINDRICAL_SURFACE ( 'NONE', #5297, 16.93527874010839795 ) ;
#3212 = FACE_OUTER_BOUND ( 'NONE', #2384, .T. ) ;
#3213 = DIRECTION ( 'NONE',  ( 0.000000000000000000, 0.000000000000000000, 1.000000000000000000 ) ) ;
#3214 = CARTESIAN_POINT ( 'NONE',  ( 2.546031784417550181, -6.341710652641935120, 7.607300918301278969 ) ) ;
#3216 = ORIENTED_EDGE ( 'NONE', *, *, #5484, .T. ) ;
#3215 = CARTESIAN_POINT ( 'NONE',  ( -3.529427763721235678, -7.705976779234225305, 5.000193529803488524 ) ) ;
#3217 = ORIENTED_EDGE ( 'NONE', *, *, #3088, .F. ) ;
#3218 = ORIENTED_EDGE ( 'NONE', *, *, #7271, .F. ) ;
#3219 = DIRECTION ( 'NONE',  ( 0.000000000000000000, 0.000000000000000000, 1.000000000000000000 ) ) ;
#3220 = VERTEX_POINT ( 'NONE', #5416 ) ;
#3221 = ORIENTED_EDGE ( 'NONE', *, *, #4134, .T. ) ;
#3222 = EDGE_CURVE ( 'NONE', #6042, #3743, #3552, .T. ) ;
#3223 = DIRECTION ( 'NONE',  ( 1.000000000000000000, 0.000000000000000000, 0.000000000000000000 ) ) ;
#3224 = DIRECTION ( 'NONE',  ( 0.000000000000000000, 0.000000000000000000, 1.000000000000000000 ) ) ;
#3225 = ORIENTED_EDGE ( 'NONE', *, *, #2349, .F. ) ;
#3226 = FACE_OUTER_BOUND ( 'NONE', #3081, .T. ) ;
#3227 = CARTESIAN_POINT ( 'NONE',  ( -5.750656211706073329, 3.691831054497714426, 7.416031389400014717 ) ) ;
#3228 = CARTESIAN_POINT ( 'NONE',  ( -6.341710652641966206, -2.546031784417473354, 5.000000000000030198 ) ) ;
#3229 = ORIENTED_EDGE ( 'NONE', *, *, #3222, .F. ) ;
#3230 = CYLINDRICAL_SURFACE ( 'NONE', #2674, 1.779502281109934803 ) ;
#3231 = ORIENTED_EDGE ( 'NONE', *, *, #5403, .T. ) ;
#3232 = DIRECTION ( 'NONE',  ( 0.9594929736144977017, 0.2817325568414285608, 0.000000000000000000 ) ) ;
#3233 = CARTESIAN_POINT ( 'NONE',  ( 3.609717408627858060, 8.895299949570754094, 5.000542740603820313 ) ) ;
#3234 = ORIENTED_EDGE ( 'NONE', *, *, #5600, .T. ) ;
#3235 = CARTESIAN_POINT ( 'NONE',  ( 4.009910978592164277, -5.533557815826427806, 6.986511609572646719 ) ) ;
#3236 = EDGE_CURVE ( 'NONE', #4832, #6386, #4494, .T. ) ;
#3237 = CARTESIAN_POINT ( 'NONE',  ( -3.663740471346071281, -9.125723456341756190, 5.000000000000000000 ) ) ;
#3238 = CARTESIAN_POINT ( 'NONE',  ( -16.30791787812275118, -4.566780100418109889, 3.500000000000000000 ) ) ;
#3239 = ORIENTED_EDGE ( 'NONE', *, *, #5818, .T. ) ;
#3240 = CARTESIAN_POINT ( 'NONE',  ( -4.514003837724512636, 5.137791747166312817, 5.971669979285257668 ) ) ;
#3241 = FACE_OUTER_BOUND ( 'NONE', #3105, .T. ) ;
#3242 = ORIENTED_EDGE ( 'NONE', *, *, #4460, .T. ) ;
#3243 = CARTESIAN_POINT ( 'NONE',  ( -5.784817049592708926, -3.638074703963334766, 7.474481872562123819 ) ) ;
#3244 = EDGE_CURVE ( 'NONE', #7259, #1416, #5096, .T. ) ;
#3245 = FACE_OUTER_BOUND ( 'NONE', #1515, .T. ) ;
#3246 = DIRECTION ( 'NONE',  ( -0.1423148382732853656, -0.9898214418809327952, 0.000000000000000000 ) ) ;
#3247 = CARTESIAN_POINT ( 'NONE',  ( -16.01177522894684913, -4.037313039457320230, 3.500000000000000000 ) ) ;
#3249 = ORIENTED_EDGE ( 'NONE', *, *, #2519, .F. ) ;
#3248 = CARTESIAN_POINT ( 'NONE',  ( -3.520534162003009282, -7.916818764961978339, 5.000043067178651768 ) ) ;
#3250 = CIRCLE ( 'NONE', #6606, 4.479999999999999538 ) ;
#3251 = CIRCLE ( 'NONE', #3849, 1.779502281109944795 ) ;
#3252 = ORIENTED_EDGE ( 'NONE', *, *, #4653, .F. ) ;
#3253 = AXIS2_PLACEMENT_3D ( 'NONE', #3101, #3564, #2990 ) ;
#3254 = CARTESIAN_POINT ( 'NONE',  ( -2.979062698963854672, -16.24198349945379860, 3.500000000000000000 ) ) ;
#3255 = VERTEX_POINT ( 'NONE', #3119 ) ;
#3256 = CIRCLE ( 'NONE', #5765, 16.93527874010839795 ) ;
#3257 = CIRCLE ( 'NONE', #710, 0.4299999999999999378 ) ;
#3258 = CARTESIAN_POINT ( 'NONE',  ( -4.121583693380203250, -5.451023931695764269, 6.795954457312051389 ) ) ;
#3259 = AXIS2_PLACEMENT_3D ( 'NONE', #1168, #2849, #7416 ) ;
#3260 = LINE ( 'NONE', #3855, #5422 ) ;
#3261 = VERTEX_POINT ( 'NONE', #1446 ) ;
#3262 = DIRECTION ( 'NONE',  ( -1.000000000000000000, 0.000000000000000000, 0.000000000000000000 ) ) ;
#3263 = CARTESIAN_POINT ( 'NONE',  ( 0.000000000000000000, 1.067602915065788140E-15, 5.000000000000000000 ) ) ;
#3264 = AXIS2_PLACEMENT_3D ( 'NONE', #5576, #3202, #1487 ) ;
#3265 = AXIS2_PLACEMENT_3D ( 'NONE', #1591, #1548, #4950 ) ;
#3266 = EDGE_CURVE ( 'NONE', #345, #5716, #362, .T. ) ;
#3267 = VERTEX_POINT ( 'NONE', #1996 ) ;
#3268 = AXIS2_PLACEMENT_3D ( 'NONE', #1421, #5981, #4335 ) ;
#3269 = DIRECTION ( 'NONE',  ( 0.000000000000000000, 0.000000000000000000, 1.000000000000000000 ) ) ;
#3270 = AXIS2_PLACEMENT_3D ( 'NONE', #961, #7358, #3977 ) ;
#3271 = VERTEX_POINT ( 'NONE', #4240 ) ;
#3272 = DIRECTION ( 'NONE',  ( 1.000000000000000000, 0.000000000000000000, 0.000000000000000000 ) ) ;
#3273 = CARTESIAN_POINT ( 'NONE',  ( -7.762353061012134958, -12.76174738209454418, -6.500000000000000888 ) ) ;
#3274 = ORIENTED_EDGE ( 'NONE', *, *, #4682, .F. ) ;
#3275 = CARTESIAN_POINT ( 'NONE',  ( 3.893738773073477599, -5.616022613160133403, 7.162229781238786508 ) ) ;
#3276 = AXIS2_PLACEMENT_3D ( 'NONE', #5038, #1492, #1004 ) ;
#3277 = ORIENTED_EDGE ( 'NONE', *, *, #1128, .F. ) ;
#3278 = CIRCLE ( 'NONE', #5074, 1.779502281109934358 ) ;
#3279 = AXIS2_PLACEMENT_3D ( 'NONE', #2721, #3883, #7291 ) ;
#3280 = CARTESIAN_POINT ( 'NONE',  ( -4.303310061479965754, -5.308586851871402779, 6.430872809947951296 ) ) ;
#3281 = VERTEX_POINT ( 'NONE', #254 ) ;
#3282 = DIRECTION ( 'NONE',  ( 0.000000000000000000, 0.000000000000000000, -1.000000000000000000 ) ) ;
#3283 = DIRECTION ( 'NONE',  ( 1.000000000000000000, 0.000000000000000000, 0.000000000000000000 ) ) ;
#3284 = DIRECTION ( 'NONE',  ( 0.000000000000000000, 0.000000000000000000, 1.000000000000000000 ) ) ;
#3285 =( BOUNDED_SURFACE ( )  B_SPLINE_SURFACE ( 2, 3, ( 
 ( #4917, #7159, #4270, #287, #1478, #7084, #2025, #6036, #2595, #3157 ),
 ( #3075, #6568, #4844, #877, #3791, #207, #912, #2629, #3195, #3228 ),
 ( #2065, #4877, #3114, #6071, #1944, #4354, #2518, #761, #4233, #3681 ) ),
 .UNSPECIFIED., .F., .F., .T. ) 
 B_SPLINE_SURFACE_WITH_KNOTS ( ( 3, 3 ),
 ( 4, 2, 2, 2, 4 ),
 ( 0.000000000000000000, 1.000000000000000000 ),
 ( 0.6672226289128563304, 1.119009477853835310, 1.344902902324324856, 1.457849614559569407, 1.570796326794814179 ),
 .UNSPECIFIED. ) 
 GEOMETRIC_REPRESENTATION_ITEM ( )  RATIONAL_B_SPLINE_SURFACE ( (
 ( 1.000000000000000000, 1.000000000000000000, 1.000000000000000000, 1.000000000000000000, 1.000000000000000000, 1.000000000000000000, 1.000000000000000000, 1.000000000000000000, 1.000000000000000000, 1.000000000000000000),
 ( 0.9155493925646698283, 0.8952765722158549933, 0.8764201585979629616, 0.8386775425598617106, 0.8247281182086250162, 0.7956258822331678804, 0.7845977683275903170, 0.7557605393054741549, 0.7393186088961449798, 0.7071067811865511255),
 ( 1.000000000000000000, 1.000000000000000000, 1.000000000000000000, 1.000000000000000000, 1.000000000000000000, 1.000000000000000000, 1.000000000000000000, 1.000000000000000000, 1.000000000000000000, 1.000000000000000000) ) ) 
 REPRESENTATION_ITEM ( '' )  SURFACE ( )  );
#3286 = CIRCLE ( 'NONE', #2204, 4.479999999999999538 ) ;
#3287 = ORIENTED_EDGE ( 'NONE', *, *, #5662, .F. ) ;
#3288 = DIRECTION ( 'NONE',  ( -0.000000000000000000, -0.000000000000000000, 1.000000000000000000 ) ) ;
#3289 = AXIS2_PLACEMENT_3D ( 'NONE', #547, #1686, #3908 ) ;
#3290 = CARTESIAN_POINT ( 'NONE',  ( -5.578324209749395912, -4.204323882835165449, 4.999999996701123273 ) ) ;
#3291 = FACE_OUTER_BOUND ( 'NONE', #1708, .T. ) ;
#3292 = CARTESIAN_POINT ( 'NONE',  ( 3.606734626496680640, 7.122720478993855409, 5.000000000000000000 ) ) ;
#3293 = CARTESIAN_POINT ( 'NONE',  ( -7.743341883798297687, 3.527156858539715945, 5.000127810711040510 ) ) ;
#3294 = ADVANCED_FACE ( 'NONE', ( #3199 ), #2562, .F. ) ;
#3295 = ORIENTED_EDGE ( 'NONE', *, *, #6947, .T. ) ;
#3296 = ORIENTED_EDGE ( 'NONE', *, *, #6795, .T. ) ;
#3297 = VERTEX_POINT ( 'NONE', #2669 ) ;
#3298 = LINE ( 'NONE', #902, #5407 ) ;
#3299 = EDGE_CURVE ( 'NONE', #913, #3132, #1248, .T. ) ;
#3300 = ORIENTED_EDGE ( 'NONE', *, *, #4158, .F. ) ;
#3301 = CARTESIAN_POINT ( 'NONE',  ( -7.122720478982019543, -3.606734626499044971, 5.000000000000000000 ) ) ;
#3302 = DIRECTION ( 'NONE',  ( -0.000000000000000000, -0.000000000000000000, 1.000000000000000000 ) ) ;
#3303 = ORIENTED_EDGE ( 'NONE', *, *, #738, .F. ) ;
#3304 = CARTESIAN_POINT ( 'NONE',  ( 6.274932216216098979, 15.27422889192055067, 3.500000000000000000 ) ) ;
#3305 = CARTESIAN_POINT ( 'NONE',  ( -5.895788896478086905, 3.455344311832452053, 7.645982529071183365 ) ) ;
#3306 = EDGE_CURVE ( 'NONE', #4231, #6409, #2110, .T. ) ;
#3307 = AXIS2_PLACEMENT_3D ( 'NONE', #755, #277, #5954 ) ;
#3308 = CARTESIAN_POINT ( 'NONE',  ( 3.522710947683262983, 7.843554481872115680, 5.000001507547154667 ) ) ;
#3309 = ORIENTED_EDGE ( 'NONE', *, *, #2711, .T. ) ;
#3310 = DIRECTION ( 'NONE',  ( -0.8412535328311795402, 0.5406408174555999979, 0.000000000000000000 ) ) ;
#3311 = ADVANCED_FACE ( 'NONE', ( #290 ), #2070, .T. ) ;
#3312 = DIRECTION ( 'NONE',  ( 0.000000000000000000, 0.000000000000000000, -1.000000000000000000 ) ) ;
#3313 = ORIENTED_EDGE ( 'NONE', *, *, #1344, .F. ) ;
#3314 = CARTESIAN_POINT ( 'NONE',  ( 3.422607620292391850, -5.914853275656190235, 7.672563591052345089 ) ) ;
#3315 = ORIENTED_EDGE ( 'NONE', *, *, #683, .T. ) ;
#3316 = CARTESIAN_POINT ( 'NONE',  ( -3.606734626498995677, -7.122720478982260239, 5.000000000000000000 ) ) ;
#3317 = CARTESIAN_POINT ( 'NONE',  ( 9.833708498984760737, -1.084202172485504040E-15, 5.000000000000000000 ) ) ;
#3318 = ORIENTED_EDGE ( 'NONE', *, *, #2926, .T. ) ;
#3319 = LINE ( 'NONE', #4399, #5067 ) ;
#3320 = DIRECTION ( 'NONE',  ( -1.000000000000000000, 0.000000000000000000, 0.000000000000000000 ) ) ;
#3322 = VERTEX_POINT ( 'NONE', #5376 ) ;
#3321 = DIRECTION ( 'NONE',  ( 0.000000000000000000, 0.000000000000000000, -1.000000000000000000 ) ) ;
#3323 = DIRECTION ( 'NONE',  ( -1.000000000000000000, 0.000000000000000000, 0.000000000000000000 ) ) ;
#3325 = EDGE_CURVE ( 'NONE', #7071, #1156, #5598, .T. ) ;
#3324 = CIRCLE ( 'NONE', #4516, 14.93707874011464121 ) ;
#3326 = ORIENTED_EDGE ( 'NONE', *, *, #595, .F. ) ;
#3327 = EDGE_CURVE ( 'NONE', #1950, #3980, #892, .T. ) ;
#3328 = LINE ( 'NONE', #5653, #3370 ) ;
#3329 = EDGE_CURVE ( 'NONE', #4245, #6717, #1404, .T. ) ;
#3330 = DIRECTION ( 'NONE',  ( 0.000000000000000000, 0.000000000000000000, 1.000000000000000000 ) ) ;
#3331 = DIRECTION ( 'NONE',  ( 0.000000000000000000, 0.000000000000000000, -1.000000000000000000 ) ) ;
#3332 = CARTESIAN_POINT ( 'NONE',  ( -3.573470893616666810, -7.308148357987531263, 5.000257720943796613 ) ) ;
#3333 = VERTEX_POINT ( 'NONE', #327 ) ;
#3334 = ORIENTED_EDGE ( 'NONE', *, *, #2334, .T. ) ;
#3335 = DIRECTION ( 'NONE',  ( 0.000000000000000000, 0.000000000000000000, 1.000000000000000000 ) ) ;
#3336 = CIRCLE ( 'NONE', #2007, 1.779502281109935469 ) ;
#3337 = EDGE_CURVE ( 'NONE', #995, #4031, #4805, .T. ) ;
#3338 = VECTOR ( 'NONE', #4825, 1000.000000000000000 ) ;
#3339 = CARTESIAN_POINT ( 'NONE',  ( -9.939567796041161414E-16, -1.084202172485504040E-15, -6.500000000000000888 ) ) ;
#3340 = CARTESIAN_POINT ( 'NONE',  ( -7.228072953726416117, 15.31530696332199248, -6.500000000000000888 ) ) ;
#3341 = ORIENTED_EDGE ( 'NONE', *, *, #1533, .F. ) ;
#3342 = DIRECTION ( 'NONE',  ( 1.000000000000000000, 0.000000000000000000, 0.000000000000000000 ) ) ;
#3343 = CARTESIAN_POINT ( 'NONE',  ( -3.523179146192473077, 8.170577712930283454, 5.000066190614716355 ) ) ;
#3344 = EDGE_CURVE ( 'NONE', #4105, #1544, #5243, .T. ) ;
#3345 = EDGE_LOOP ( 'NONE', ( #3175, #2069, #3417, #780 ) ) ;
#3346 = CARTESIAN_POINT ( 'NONE',  ( -8.383895737619360133, -12.36230615819429879, 3.501999999999999780 ) ) ;
#3347 = ORIENTED_EDGE ( 'NONE', *, *, #3708, .F. ) ;
#3348 = CARTESIAN_POINT ( 'NONE',  ( -7.122720479011233508, 3.606734626493210527, 5.000000000000000000 ) ) ;
#3349 = CARTESIAN_POINT ( 'NONE',  ( 0.000000000000000000, 1.067602915065788140E-15, 4.500000000000000000 ) ) ;
#3350 = DIRECTION ( 'NONE',  ( 0.000000000000000000, 0.000000000000000000, -1.000000000000000000 ) ) ;
#3351 = CARTESIAN_POINT ( 'NONE',  ( 8.724398107213124476, 3.577238393824034635, 5.000000000000000888 ) ) ;
#3352 = DIRECTION ( 'NONE',  ( 0.000000000000000000, 0.000000000000000000, -1.000000000000000000 ) ) ;
#3353 = CARTESIAN_POINT ( 'NONE',  ( -4.676633809394746599, 4.987689431173792265, 5.483343345083754983 ) ) ;
#3354 = LINE ( 'NONE', #406, #7354 ) ;
#3356 = ORIENTED_EDGE ( 'NONE', *, *, #6588, .F. ) ;
#3355 = CARTESIAN_POINT ( 'NONE',  ( -3.434525612785795268, 5.907938527158456132, 7.663014053333550457 ) ) ;
#3357 = CARTESIAN_POINT ( 'NONE',  ( -18.86342674685059961, 1.225901346162611976E-15, -7.500000000000000888 ) ) ;
#3358 = ADVANCED_FACE ( 'NONE', ( #1367 ), #5528, .T. ) ;
#3359 = DIRECTION ( 'NONE',  ( -0.000000000000000000, -0.000000000000000000, -1.000000000000000000 ) ) ;
#3360 = CARTESIAN_POINT ( 'NONE',  ( 12.48000000000000220, -8.000000000000000000, 5.000000000000000000 ) ) ;
#3361 = CARTESIAN_POINT ( 'NONE',  ( -14.72794537471134113, -2.490772235215354957, 3.501999999999999780 ) ) ;
#3362 = CARTESIAN_POINT ( 'NONE',  ( 5.585020255213018814, 3.938189494932708534, 7.098512828169302402 ) ) ;
#3363 = VERTEX_POINT ( 'NONE', #6610 ) ;
#3364 = CARTESIAN_POINT ( 'NONE',  ( 3.852523501034210707, 14.43171451914776071, -6.500000000000000888 ) ) ;
#3365 = VERTEX_POINT ( 'NONE', #7351 ) ;
#3366 = ORIENTED_EDGE ( 'NONE', *, *, #1722, .F. ) ;
#3367 = CARTESIAN_POINT ( 'NONE',  ( 4.987777089960893306, -4.676546150607646446, 5.483615767697772370 ) ) ;
#3368 = EDGE_LOOP ( 'NONE', ( #4495, #2581, #6068, #1150 ) ) ;
#3369 = CARTESIAN_POINT ( 'NONE',  ( -16.30791787812273697, 4.566780100418106336, -6.500000000000000888 ) ) ;
#3370 = VECTOR ( 'NONE', #378, 1000.000000000000000 ) ;
#3371 = FACE_OUTER_BOUND ( 'NONE', #3954, .T. ) ;
#3372 = ORIENTED_EDGE ( 'NONE', *, *, #950, .F. ) ;
#3373 = CARTESIAN_POINT ( 'NONE',  ( 0.000000000000000000, 1.067602915065788140E-15, 3.500000000000000000 ) ) ;
#3374 = CARTESIAN_POINT ( 'NONE',  ( -3.533961713943339245, 8.353902748423125857, 5.000026858215941061 ) ) ;
#3375 = ADVANCED_FACE ( 'NONE', ( #993 ), #1521, .T. ) ;
#3376 = ADVANCED_FACE ( 'NONE', ( #1675 ), #952, .T. ) ;
#3377 = AXIS2_PLACEMENT_3D ( 'NONE', #346, #5055, #416 ) ;
#3378 = VECTOR ( 'NONE', #349, 1000.000000000000000 ) ;
#3379 = CYLINDRICAL_SURFACE ( 'NONE', #3526, 1.779502281109934803 ) ;
#3380 = VECTOR ( 'NONE', #6808, 1000.000000000000000 ) ;
#3381 = CIRCLE ( 'NONE', #2064, 0.4299999999999997713 ) ;
#3382 = VERTEX_POINT ( 'NONE', #3829 ) ;
#3383 = DIRECTION ( 'NONE',  ( 0.000000000000000000, 0.000000000000000000, -1.000000000000000000 ) ) ;
#3384 = EDGE_CURVE ( 'NONE', #6994, #4153, #653, .T. ) ;
#3385 = CYLINDRICAL_SURFACE ( 'NONE', #5166, 2.149999999999999023 ) ;
#3386 = CYLINDRICAL_SURFACE ( 'NONE', #1968, 0.4299999999999997713 ) ;
#3387 = ADVANCED_FACE ( 'NONE', ( #2218 ), #3572, .F. ) ;
#3388 = AXIS2_PLACEMENT_3D ( 'NONE', #3884, #2158, #380 ) ;
#3389 = CARTESIAN_POINT ( 'NONE',  ( 2.553928971772974954, 16.30649174702565318, 3.500000000000000000 ) ) ;
#3390 = CARTESIAN_POINT ( 'NONE',  ( -6.833708498984765178, -1.084202172485504040E-15, 8.000000000000000000 ) ) ;
#3391 = ORIENTED_EDGE ( 'NONE', *, *, #3244, .T. ) ;
#3392 = DIRECTION ( 'NONE',  ( -0.6548607339452872100, 0.7557495743542563815, 0.000000000000000000 ) ) ;
#3393 = ORIENTED_EDGE ( 'NONE', *, *, #3839, .F. ) ;
#3394 = CARTESIAN_POINT ( 'NONE',  ( -3.606734626493260709, 7.122720479010982153, 5.000000000000000000 ) ) ;
#3395 = CIRCLE ( 'NONE', #4951, 1.779502281109935469 ) ;
#3397 = ORIENTED_EDGE ( 'NONE', *, *, #6686, .T. ) ;
#3396 = CARTESIAN_POINT ( 'NONE',  ( -3.609717231030555862, 5.802619072399940237, 7.504133923009657536 ) ) ;
#3398 = CARTESIAN_POINT ( 'NONE',  ( -5.342611057634822913, -4.261337614972370069, 6.522350914650031584 ) ) ;
#3399 = VECTOR ( 'NONE', #2748, 1000.000000000000000 ) ;
#3400 = CIRCLE ( 'NONE', #2795, 2.149999999999999023 ) ;
#3401 = CARTESIAN_POINT ( 'NONE',  ( -3.545731605273969134, 7.515020323561286020, 5.000466933854090357 ) ) ;
#3402 = CARTESIAN_POINT ( 'NONE',  ( 3.799492936814269139, -6.379070869377745368, 5.000000003298878504 ) ) ;
#3403 = CARTESIAN_POINT ( 'NONE',  ( -12.62296808693507977, -10.87725861868353938, 3.500000000000000000 ) ) ;
#3404 = CARTESIAN_POINT ( 'NONE',  ( -3.561386281118082753, -7.388246798020176698, 5.000395285279338964 ) ) ;
#3405 = ORIENTED_EDGE ( 'NONE', *, *, #2187, .F. ) ;
#3406 = ORIENTED_EDGE ( 'NONE', *, *, #3222, .T. ) ;
#3407 = CARTESIAN_POINT ( 'NONE',  ( 8.120499509487096645, 3.521462127826922472, 5.000094493748637348 ) ) ;
#3408 = ORIENTED_EDGE ( 'NONE', *, *, #5146, .T. ) ;
#3409 = VECTOR ( 'NONE', #5760, 1000.000000000000000 ) ;
#3410 = CARTESIAN_POINT ( 'NONE',  ( -7.257506897028172865, -3.581778828743392040, 5.000164900004103075 ) ) ;
#3411 = CARTESIAN_POINT ( 'NONE',  ( 8.761297032524913320, 3.517432746358242657, 5.000000000000003553 ) ) ;
#3412 = DIRECTION ( 'NONE',  ( 1.000000000000000000, -3.552713678800500929E-15, 0.000000000000000000 ) ) ;
#3413 = ORIENTED_EDGE ( 'NONE', *, *, #3050, .T. ) ;
#3414 = CARTESIAN_POINT ( 'NONE',  ( -10.65115639612647946, 12.60861188687840162, -6.500000000000000888 ) ) ;
#3415 = CARTESIAN_POINT ( 'NONE',  ( -6.505213034913029562E-16, 1.058181320345851949E-13, -6.500000000000000888 ) ) ;
#3416 = DIRECTION ( 'NONE',  ( 0.000000000000000000, 0.000000000000000000, -1.000000000000000000 ) ) ;
#3417 = ORIENTED_EDGE ( 'NONE', *, *, #7209, .F. ) ;
#3418 = DIRECTION ( 'NONE',  ( 0.000000000000000000, 0.000000000000000000, -1.000000000000000000 ) ) ;
#3419 = B_SPLINE_CURVE_WITH_KNOTS ( 'NONE', 3,
 ( #5631, #3411, #6104, #5062, #1053, #2768, #7341, #1664, #7232, #5021 ),
 .UNSPECIFIED., .F., .F.,
 ( 4, 2, 2, 2, 4 ),
 ( 0.000000000000000000, 0.2499999999999996669, 0.4999999999999997780, 0.7499999999999998890, 1.000000000000000000 ),
 .UNSPECIFIED. ) ;
#3420 = DIRECTION ( 'NONE',  ( 0.4154150130018866571, -0.9096319953545183301, 0.000000000000000000 ) ) ;
#3421 = DIRECTION ( 'NONE',  ( 1.000000000000000000, 0.000000000000000000, 0.000000000000000000 ) ) ;
#3422 = DIRECTION ( 'NONE',  ( -1.000000000000000000, 0.000000000000000000, 0.000000000000000000 ) ) ;
#3423 = EDGE_CURVE ( 'NONE', #3984, #2200, #5121, .T. ) ;
#3424 = FACE_OUTER_BOUND ( 'NONE', #4198, .T. ) ;
#3425 = DIRECTION ( 'NONE',  ( 0.000000000000000000, 0.000000000000000000, 1.000000000000000000 ) ) ;
#3426 = EDGE_CURVE ( 'NONE', #3281, #4804, #5112, .T. ) ;
#3427 = ORIENTED_EDGE ( 'NONE', *, *, #7139, .F. ) ;
#3428 = CARTESIAN_POINT ( 'NONE',  ( 10.96445679804882012, -12.33713554324494055, -6.500000000000000888 ) ) ;
#3430 = CARTESIAN_POINT ( 'NONE',  ( -5.850000000000000533, 8.000000000000000000, -49.92880413360069980 ) ) ;
#3429 = CARTESIAN_POINT ( 'NONE',  ( -3.667519542548516309, 5.766191542192666830, 7.442930704321481628 ) ) ;
#3431 = CYLINDRICAL_SURFACE ( 'NONE', #6245, 16.93527874010839795 ) ;
#3432 = EDGE_LOOP ( 'NONE', ( #3604, #1559, #3315, #4395 ) ) ;
#3433 = ORIENTED_EDGE ( 'NONE', *, *, #1847, .F. ) ;
#3434 = DIRECTION ( 'NONE',  ( 0.000000000000000000, 0.000000000000000000, 1.000000000000000000 ) ) ;
#3435 = CARTESIAN_POINT ( 'NONE',  ( 11.52715317416693885, 9.499529514007203801, -6.500000000000000888 ) ) ;
#3437 = EDGE_CURVE ( 'NONE', #2112, #4632, #2853, .T. ) ;
#3436 = CARTESIAN_POINT ( 'NONE',  ( -0.3694146011580295430, -14.93250997457066021, 3.501999999999999780 ) ) ;
#3438 = EDGE_CURVE ( 'NONE', #4378, #3281, #3864, .T. ) ;
#3439 = CARTESIAN_POINT ( 'NONE',  ( 5.914853275656537512, 3.422607620291789665, 7.672563591053064513 ) ) ;
#3440 = ORIENTED_EDGE ( 'NONE', *, *, #93, .T. ) ;
#3441 = ORIENTED_EDGE ( 'NONE', *, *, #293, .T. ) ;
#3442 = CARTESIAN_POINT ( 'NONE',  ( 7.661451546988306660, 3.532529565132328742, 5.000277711760011456 ) ) ;
#3443 = ORIENTED_EDGE ( 'NONE', *, *, #1369, .T. ) ;
#3444 = CARTESIAN_POINT ( 'NONE',  ( -7.289014611239561070, -3.576549230239533195, 5.000221584380516227 ) ) ;
#3445 = CIRCLE ( 'NONE', #7270, 1.779502281109935469 ) ;
#3446 = CARTESIAN_POINT ( 'NONE',  ( -3.852523501034204489, -14.43171451914776071, 3.501999999999999780 ) ) ;
#3447 = CARTESIAN_POINT ( 'NONE',  ( -4.832161620284267656, 4.832161620284266768, 5.000000000000000000 ) ) ;
#3448 = ORIENTED_EDGE ( 'NONE', *, *, #1399, .T. ) ;
#3449 = LINE ( 'NONE', #679, #4530 ) ;
#3450 = CARTESIAN_POINT ( 'NONE',  ( -3.568067629465066393, 8.655509391773859917, 5.000142947187548259 ) ) ;
#3451 = B_SPLINE_CURVE_WITH_KNOTS ( 'NONE', 3,
 ( #5574, #4851, #255, #1368, #7241, #5969, #3233, #1522, #805, #3689, #5496, #6682, #4392, #4316, #3120, #292, #2071, #4359, #2030, #1997, #5417, #2670, #1406, #397, #3200, #2563, #7130, #4277, #6574, #4886, #6612, #3724, #6001, #844, #1447, #3762 ),
 .UNSPECIFIED., .F., .F.,
 ( 4, 2, 2, 1, 2, 2, 2, 2, 2, 2, 2, 1, 2, 2, 1, 1, 2, 2, 2, 4 ),
 ( 0.000000000000000000, 0.02615505215328954580, 0.03269381519161174837, 0.03923257822993395788, 0.05231010430657936916, 0.07846515645987020560, 0.09154268253651490217, 0.1046202086131595987, 0.1176977346898043092, 0.1242364977281255473, 0.1307752607664467992, 0.1569303129197298086, 0.2092404172262958273, 0.2615505215328619015, 0.3138606258394279203, 0.3661707301459939945, 0.3727094931843143999, 0.3792482562226347498, 0.3923257822992823329, 0.4184808344525817181 ),
 .UNSPECIFIED. ) ;
#3452 = AXIS2_PLACEMENT_3D ( 'NONE', #6133, #1500, #7179 ) ;
#3453 = ORIENTED_EDGE ( 'NONE', *, *, #1546, .T. ) ;
#3454 = DIRECTION ( 'NONE',  ( -0.000000000000000000, -0.000000000000000000, 1.000000000000000000 ) ) ;
#3455 = CIRCLE ( 'NONE', #5505, 0.4300000000000004374 ) ;
#3456 = ORIENTED_EDGE ( 'NONE', *, *, #736, .T. ) ;
#3457 = ORIENTED_EDGE ( 'NONE', *, *, #7342, .T. ) ;
#3458 = DIRECTION ( 'NONE',  ( 0.000000000000000000, 0.000000000000000000, -1.000000000000000000 ) ) ;
#3459 = CARTESIAN_POINT ( 'NONE',  ( 8.000000000000000000, 8.000000000000000000, -49.92880413360069980 ) ) ;
#3460 = CARTESIAN_POINT ( 'NONE',  ( -6.085802726076601150E-12, 8.774161063371340519E-13, 3.501999999999999780 ) ) ;
#3461 = DIRECTION ( 'NONE',  ( 0.9594929736144977017, -0.2817325568414285608, 0.000000000000000000 ) ) ;
#3462 = DIRECTION ( 'NONE',  ( -0.000000000000000000, -0.000000000000000000, 1.000000000000000000 ) ) ;
#3463 = DIRECTION ( 'NONE',  ( -0.000000000000000000, -0.000000000000000000, -1.000000000000000000 ) ) ;
#3464 = ORIENTED_EDGE ( 'NONE', *, *, #2184, .T. ) ;
#3465 = CARTESIAN_POINT ( 'NONE',  ( 7.122720479011225514, -3.606734626493212748, 5.000000000000000000 ) ) ;
#3467 = DIRECTION ( 'NONE',  ( -0.000000000000000000, -0.000000000000000000, 1.000000000000000000 ) ) ;
#3466 = DIRECTION ( 'NONE',  ( 0.000000000000000000, 0.000000000000000000, -1.000000000000000000 ) ) ;
#3468 = ADVANCED_FACE ( 'NONE', ( #5572 ), #6792, .T. ) ;
#3469 = DIRECTION ( 'NONE',  ( 0.000000000000000000, 0.000000000000000000, -1.000000000000000000 ) ) ;
#3470 = EDGE_CURVE ( 'NONE', #3836, #4079, #4538, .T. ) ;
#3471 = ORIENTED_EDGE ( 'NONE', *, *, #3834, .F. ) ;
#3472 = CARTESIAN_POINT ( 'NONE',  ( 4.303310061476551596, 5.308586851874166790, 6.430872809955392455 ) ) ;
#3473 = DIRECTION ( 'NONE',  ( -1.000000000000000000, 0.000000000000000000, 0.000000000000000000 ) ) ;
#3474 = CARTESIAN_POINT ( 'NONE',  ( -3.954025273170354460, 5.625412512695743494, 5.451545729066430646 ) ) ;
#3475 = CIRCLE ( 'NONE', #2153, 1.779502281109935469 ) ;
#3476 = ORIENTED_EDGE ( 'NONE', *, *, #5590, .T. ) ;
#3477 = ORIENTED_EDGE ( 'NONE', *, *, #2184, .F. ) ;
#3478 = CARTESIAN_POINT ( 'NONE',  ( 8.090621217517872665, 3.520805313220956023, 5.000109273343860572 ) ) ;
#3479 =( BOUNDED_SURFACE ( )  B_SPLINE_SURFACE ( 2, 3, ( 
 ( #3803, #3091, #4965, #2528, #4816, #6511, #7096, #3729, #4247, #6012 ),
 ( #6544, #1374, #2638, #850, #5468, #6085, #298, #1342, #4894, #6050 ),
 ( #3694, #4929, #5973, #3205, #7212, #4365, #6656, #1491, #5579, #1569 ) ),
 .UNSPECIFIED., .F., .F., .T. ) 
 B_SPLINE_SURFACE_WITH_KNOTS ( ( 3, 3 ),
 ( 4, 2, 2, 2, 4 ),
 ( 0.000000000000000000, 1.000000000000000000 ),
 ( 0.6672226289143113886, 1.119009477854603141, 1.344902902324748961, 1.457849614559821871, 1.570796326794894782 ),
 .UNSPECIFIED. ) 
 GEOMETRIC_REPRESENTATION_ITEM ( )  RATIONAL_B_SPLINE_SURFACE ( (
 ( 1.000000000000000000, 1.000000000000000000, 1.000000000000000000, 1.000000000000000000, 1.000000000000000000, 1.000000000000000000, 1.000000000000000000, 1.000000000000000000, 1.000000000000000000, 1.000000000000000000),
 ( 0.9155493925638676922, 0.8952765722150892724, 0.8764201585972707376, 0.8386775425592425393, 0.8247281182080841155, 0.7956258822326958136, 0.7845977683271638803, 0.7557605393052004850, 0.7393186088959252666, 0.7071067811865475727),
 ( 1.000000000000000000, 1.000000000000000000, 1.000000000000000000, 1.000000000000000000, 1.000000000000000000, 1.000000000000000000, 1.000000000000000000, 1.000000000000000000, 1.000000000000000000, 1.000000000000000000) ) ) 
 REPRESENTATION_ITEM ( '' )  SURFACE ( )  );
#3480 = ADVANCED_FACE ( 'NONE', ( #1103 ), #1598, .F. ) ;
#3481 = CARTESIAN_POINT ( 'NONE',  ( -8.104412624220751482, -3.521105602201557438, 5.000103763959758751 ) ) ;
#3482 = FACE_OUTER_BOUND ( 'NONE', #5964, .T. ) ;
#3483 = DIRECTION ( 'NONE',  ( 1.000000000000000000, 0.000000000000000000, 0.000000000000000000 ) ) ;
#3484 = ORIENTED_EDGE ( 'NONE', *, *, #6549, .T. ) ;
#3485 = CARTESIAN_POINT ( 'NONE',  ( -3.322246390948880127E-12, 5.173928175207720182E-12, 3.500000000000000000 ) ) ;
#3486 = CIRCLE ( 'NONE', #1418, 0.4300000000000000488 ) ;
#3487 = VERTEX_POINT ( 'NONE', #537 ) ;
#3488 = DIRECTION ( 'NONE',  ( -0.000000000000000000, -0.000000000000000000, 1.000000000000000000 ) ) ;
#3489 = ORIENTED_EDGE ( 'NONE', *, *, #5068, .T. ) ;
#3490 = ORIENTED_EDGE ( 'NONE', *, *, #5942, .F. ) ;
#3491 = AXIS2_PLACEMENT_3D ( 'NONE', #7260, #5594, #1049 ) ;
#3492 = VECTOR ( 'NONE', #5921, 1000.000000000000000 ) ;
#3493 = CARTESIAN_POINT ( 'NONE',  ( 11.04332294047802776, 10.05789936917805427, -6.500000000000000888 ) ) ;
#3494 = CIRCLE ( 'NONE', #4564, 2.149999999999999023 ) ;
#3495 = EDGE_LOOP ( 'NONE', ( #5810, #992, #6382, #4760 ) ) ;
#3496 = FACE_BOUND ( 'NONE', #462, .T. ) ;
#3497 = CIRCLE ( 'NONE', #2409, 6.100000000000001421 ) ;
#3498 = EDGE_CURVE ( 'NONE', #909, #6042, #5490, .T. ) ;
#3499 = CARTESIAN_POINT ( 'NONE',  ( 3.606734626496680640, 7.122720478993855409, 5.000000000000000000 ) ) ;
#3500 = AXIS2_PLACEMENT_3D ( 'NONE', #1713, #2278, #4570 ) ;
#3501 = CARTESIAN_POINT ( 'NONE',  ( 8.383895737619370792, -12.36230615819429879, 3.501999999999999780 ) ) ;
#3502 = AXIS2_PLACEMENT_3D ( 'NONE', #256, #3617, #6506 ) ;
#3503 = VECTOR ( 'NONE', #508, 1000.000000000000000 ) ;
#3504 = DIRECTION ( 'NONE',  ( -0.6548607339452848786, -0.7557495743542584909, 0.000000000000000000 ) ) ;
#3505 = CARTESIAN_POINT ( 'NONE',  ( 18.86342674685059961, 3.377706433713903959E-15, 5.000000000000000000 ) ) ;
#3506 = CARTESIAN_POINT ( 'NONE',  ( -9.939567796041161414E-16, -1.084202172485504040E-15, 5.000000000000000000 ) ) ;
#3507 = ORIENTED_EDGE ( 'NONE', *, *, #2145, .T. ) ;
#3508 = CARTESIAN_POINT ( 'NONE',  ( 10.14999999999999858, -8.000000000000000000, 2.669999999999999929 ) ) ;
#3510 = ORIENTED_EDGE ( 'NONE', *, *, #383, .F. ) ;
#3509 = CARTESIAN_POINT ( 'NONE',  ( -9.047171303507051121, 13.99295429087460008, 3.500000000000000000 ) ) ;
#3511 = DIRECTION ( 'NONE',  ( 0.9594929736144977017, -0.2817325568414285608, 0.000000000000000000 ) ) ;
#3512 = CIRCLE ( 'NONE', #4336, 4.479999999999999538 ) ;
#3513 = ORIENTED_EDGE ( 'NONE', *, *, #2969, .F. ) ;
#3514 = ORIENTED_EDGE ( 'NONE', *, *, #3208, .F. ) ;
#3515 = ORIENTED_EDGE ( 'NONE', *, *, #6916, .T. ) ;
#3516 = CARTESIAN_POINT ( 'NONE',  ( -3.575794491234480343, 7.293580310172935732, 5.000229839750976346 ) ) ;
#3517 = DIRECTION ( 'NONE',  ( 0.4154150130018866016, 0.9096319953545183301, 0.000000000000000000 ) ) ;
#3518 = DIRECTION ( 'NONE',  ( -0.000000000000000000, -0.000000000000000000, -1.000000000000000000 ) ) ;
#3519 = AXIS2_PLACEMENT_3D ( 'NONE', #2952, #1080, #4099 ) ;
#3520 = CARTESIAN_POINT ( 'NONE',  ( 3.529390510633839462, -7.706235767327298980, 5.000192806661920564 ) ) ;
#3521 = VECTOR ( 'NONE', #1726, 1000.000000000000000 ) ;
#3522 = ORIENTED_EDGE ( 'NONE', *, *, #6274, .T. ) ;
#3523 = CARTESIAN_POINT ( 'NONE',  ( 7.852088757695153021, 3.522441441040824905, 5.000000341148622240 ) ) ;
#3524 = ORIENTED_EDGE ( 'NONE', *, *, #6348, .T. ) ;
#3525 = AXIS2_PLACEMENT_3D ( 'NONE', #1456, #4472, #3283 ) ;
#3526 = AXIS2_PLACEMENT_3D ( 'NONE', #4389, #1636, #7385 ) ;
#3527 = CARTESIAN_POINT ( 'NONE',  ( -7.661451547269725104, -3.532529565111803826, 5.000277711759337329 ) ) ;
#3528 = ADVANCED_FACE ( 'NONE', ( #5108 ), #1132, .F. ) ;
#3529 = CARTESIAN_POINT ( 'NONE',  ( 5.250036733683754342, -4.396834529545436077, 5.247028532307264292 ) ) ;
#3530 = CARTESIAN_POINT ( 'NONE',  ( -13.99609199792524095, 8.748350420181509435, 3.500000000000000000 ) ) ;
#3531 = ORIENTED_EDGE ( 'NONE', *, *, #1402, .F. ) ;
#3532 = EDGE_CURVE ( 'NONE', #932, #4010, #7021, .T. ) ;
#3533 = DIRECTION ( 'NONE',  ( 0.000000000000000000, 0.000000000000000000, 1.000000000000000000 ) ) ;
#3534 =( BOUNDED_CURVE ( )  B_SPLINE_CURVE ( 2, ( #115, #5872, #7410 ),
 .UNSPECIFIED., .F., .T. ) 
 B_SPLINE_CURVE_WITH_KNOTS ( ( 3, 3 ),
 ( 0.000000000000000000, 1.000000000000000000 ),
 .UNSPECIFIED. ) 
 CURVE ( )  GEOMETRIC_REPRESENTATION_ITEM ( )  RATIONAL_B_SPLINE_CURVE ( ( 1.000000000000000000, 0.7071067811865475727, 1.000000000000000000 ) ) 
 REPRESENTATION_ITEM ( '' )  );
#3535 = CARTESIAN_POINT ( 'NONE',  ( 12.56297947147814043, 10.94648917145241995, -6.500000000000000888 ) ) ;
#3536 = AXIS2_PLACEMENT_3D ( 'NONE', #4100, #5835, #3558 ) ;
#3537 = DIRECTION ( 'NONE',  ( 0.000000000000000000, 0.000000000000000000, -1.000000000000000000 ) ) ;
#3538 = CONICAL_SURFACE ( 'NONE', #5675, 2.149999999999999911, 0.7853981633974490562 ) ;
#3539 = ORIENTED_EDGE ( 'NONE', *, *, #1565, .F. ) ;
#3540 = ADVANCED_FACE ( 'NONE', ( #4424 ), #4033, .F. ) ;
#3541 = CARTESIAN_POINT ( 'NONE',  ( -8.383895737619363686, 12.36230615819430589, -6.500000000000000888 ) ) ;
#3542 = CARTESIAN_POINT ( 'NONE',  ( -3.604677446129553431, -8.870150300991250347, 5.000591218948895467 ) ) ;
#3543 = CARTESIAN_POINT ( 'NONE',  ( 5.688475846309571260, -3.787253832608458826, 7.304140152679304165 ) ) ;
#3544 = EDGE_CURVE ( 'NONE', #1007, #704, #4750, .T. ) ;
#3545 = CARTESIAN_POINT ( 'NONE',  ( -14.13075718784735102, -9.334097026668917607, -6.500000000000000888 ) ) ;
#3546 = EDGE_CURVE ( 'NONE', #3132, #913, #6444, .T. ) ;
#3547 = CARTESIAN_POINT ( 'NONE',  ( -16.49980648923040150, 2.326040455249440253, 3.500000000000000000 ) ) ;
#3548 = ORIENTED_EDGE ( 'NONE', *, *, #2543, .T. ) ;
#3549 = DIRECTION ( 'NONE',  ( 0.7071067811865480168, 0.000000000000000000, 0.7071067811865470176 ) ) ;
#3551 = CARTESIAN_POINT ( 'NONE',  ( -5.325593926934881317, 4.282330040570190732, 6.476598344414473019 ) ) ;
#3550 = CARTESIAN_POINT ( 'NONE',  ( -3.938189494917557543, 5.585020255223727581, 7.098512828192719226 ) ) ;
#3552 = CIRCLE ( 'NONE', #4731, 1.779502281109941464 ) ;
#3553 = DIRECTION ( 'NONE',  ( 0.000000000000000000, 0.000000000000000000, -1.000000000000000000 ) ) ;
#3554 = ADVANCED_FACE ( 'NONE', ( #130, #4041, #2397, #2322, #3496, #1253 ), #5778, .T. ) ;
#3555 = CARTESIAN_POINT ( 'NONE',  ( -5.850000000000000533, -8.000000000000000000, 2.669999999999999929 ) ) ;
#3556 = DIRECTION ( 'NONE',  ( -1.000000000000000000, 0.000000000000000000, 0.000000000000000000 ) ) ;
#3557 = DIRECTION ( 'NONE',  ( -0.1423148382732847550, -0.9898214418809329063, 0.000000000000000000 ) ) ;
#3558 = DIRECTION ( 'NONE',  ( -1.000000000000000000, 0.000000000000000000, 0.000000000000000000 ) ) ;
#3559 = EDGE_CURVE ( 'NONE', #4267, #1416, #2938, .T. ) ;
#3560 = ORIENTED_EDGE ( 'NONE', *, *, #3777, .F. ) ;
#3561 = CARTESIAN_POINT ( 'NONE',  ( 8.654581395234890451, 3.567945342298403322, 5.000132197835711167 ) ) ;
#3562 = EDGE_CURVE ( 'NONE', #2476, #7162, #2480, .T. ) ;
#3563 = CARTESIAN_POINT ( 'NONE',  ( -7.852088757488081328, -3.522441441047471145, 5.000000341148770566 ) ) ;
#3564 = DIRECTION ( 'NONE',  ( 0.000000000000000000, 0.000000000000000000, -1.000000000000000000 ) ) ;
#3565 = CYLINDRICAL_SURFACE ( 'NONE', #5428, 18.86342674685059961 ) ;
#3567 = CYLINDRICAL_SURFACE ( 'NONE', #5841, 1.779502281109934136 ) ;
#3566 = CARTESIAN_POINT ( 'NONE',  ( -8.340925648586109631, 3.532958859891856207, 4.999999888135261195 ) ) ;
#3568 = ORIENTED_EDGE ( 'NONE', *, *, #756, .F. ) ;
#3569 = DIRECTION ( 'NONE',  ( 0.4154150130018866571, -0.9096319953545183301, 0.000000000000000000 ) ) ;
#3570 = CARTESIAN_POINT ( 'NONE',  ( -3.663740471346060623, 9.125723456341717110, 5.000000000000000000 ) ) ;
#3571 = EDGE_CURVE ( 'NONE', #5457, #3863, #6908, .T. ) ;
#3572 = TOROIDAL_SURFACE ( 'NONE', #4154, 9.833708498984762514, 3.000000000000000000 ) ;
#3573 = EDGE_CURVE ( 'NONE', #5063, #7, #3324, .T. ) ;
#3574 = AXIS2_PLACEMENT_3D ( 'NONE', #5780, #4578, #5745 ) ;
#3575 = CYLINDRICAL_SURFACE ( 'NONE', #1427, 14.93707874011464121 ) ;
#3576 = VERTEX_POINT ( 'NONE', #6937 ) ;
#3577 = CARTESIAN_POINT ( 'NONE',  ( -9.939567796041161414E-16, -1.084202172485504040E-15, -7.500000000000000888 ) ) ;
#3578 = CARTESIAN_POINT ( 'NONE',  ( -3.522142384640543966, -8.141502388454984640, 5.000085944351510214 ) ) ;
#3579 = CARTESIAN_POINT ( 'NONE',  ( 5.890549092282501675, -3.464265314173297305, 7.638518450892909151 ) ) ;
#3580 = AXIS2_PLACEMENT_3D ( 'NONE', #2811, #1630, #3857 ) ;
#3581 = EDGE_CURVE ( 'NONE', #4586, #2052, #6560, .T. ) ;
#3582 = DIRECTION ( 'NONE',  ( 0.000000000000000000, 0.000000000000000000, -1.000000000000000000 ) ) ;
#3583 = DIRECTION ( 'NONE',  ( -0.000000000000000000, -0.000000000000000000, 1.000000000000000000 ) ) ;
#3584 = EDGE_LOOP ( 'NONE', ( #6232, #5467, #4944, #4005, #4830 ) ) ;
#3585 = CARTESIAN_POINT ( 'NONE',  ( 6.297044252767334704, -2.657287812576173636, 7.999999998527716372 ) ) ;
#3587 = CARTESIAN_POINT ( 'NONE',  ( 7.873019060191848162, -3.521768930761486782, 5.000000004333301717 ) ) ;
#3586 = CARTESIAN_POINT ( 'NONE',  ( 2.699210240649280834, -6.292243220302826678, 5.595749671973854866 ) ) ;
#3588 = LINE ( 'NONE', #7054, #2298 ) ;
#3589 = DIRECTION ( 'NONE',  ( 0.000000000000000000, 0.000000000000000000, -1.000000000000000000 ) ) ;
#3590 = FACE_OUTER_BOUND ( 'NONE', #2095, .T. ) ;
#3591 = CARTESIAN_POINT ( 'NONE',  ( -6.667453257840979752, -15.09865203729069805, 3.500000000000000000 ) ) ;
#3592 = CARTESIAN_POINT ( 'NONE',  ( 8.383895737619370792, -12.36230615819429879, 3.500000000000000000 ) ) ;
#3593 = ORIENTED_EDGE ( 'NONE', *, *, #3089, .F. ) ;
#3594 = CARTESIAN_POINT ( 'NONE',  ( 4.676633809394800778, -4.987689431173738974, 5.483343345079062736 ) ) ;
#3595 = DIRECTION ( 'NONE',  ( 0.000000000000000000, 0.000000000000000000, 1.000000000000000000 ) ) ;
#3596 = DIRECTION ( 'NONE',  ( 0.000000000000000000, 0.000000000000000000, -1.000000000000000000 ) ) ;
#3597 = DIRECTION ( 'NONE',  ( 1.000000000000000000, 0.000000000000000000, 0.000000000000000000 ) ) ;
#3599 = CARTESIAN_POINT ( 'NONE',  ( 3.563705757263209151, -8.624772317505183139, 5.000058575855240051 ) ) ;
#3598 = CARTESIAN_POINT ( 'NONE',  ( -8.738483234696587942, 3.580772346249644578, 5.000494492618035025 ) ) ;
#3600 = VERTEX_POINT ( 'NONE', #7011 ) ;
#3601 = DIRECTION ( 'NONE',  ( 0.000000000000000000, 0.000000000000000000, -1.000000000000000000 ) ) ;
#3602 = CARTESIAN_POINT ( 'NONE',  ( -15.89384706209390252, 4.450825974518244799, 3.500000000000000000 ) ) ;
#3603 = CARTESIAN_POINT ( 'NONE',  ( -16.50397716163979922, -0.2072779215192044888, -6.500000000000000888 ) ) ;
#3604 = ORIENTED_EDGE ( 'NONE', *, *, #6581, .F. ) ;
#3605 = CARTESIAN_POINT ( 'NONE',  ( -8.480277776940805978, 3.544115537425353235, 5.000000000000000888 ) ) ;
#3606 = CARTESIAN_POINT ( 'NONE',  ( -3.519859486053732223, -7.999992516264716080, 5.000046837983730619 ) ) ;
#3607 = CARTESIAN_POINT ( 'NONE',  ( 5.784850640607749561, -3.638274156631664091, 7.475141481359030671 ) ) ;
#3608 = CIRCLE ( 'NONE', #350, 16.93527874010839795 ) ;
#3609 =( BOUNDED_SURFACE ( )  B_SPLINE_SURFACE ( 3, 2, ( 
 ( #2847, #5812, #608 ),
 ( #6866, #9, #1710 ),
 ( #4002, #6301, #2316 ),
 ( #4604, #6338, #1166 ),
 ( #5771, #7039, #6028 ),
 ( #823, #3069, #6527 ) ),
 .UNSPECIFIED., .F., .F., .T. ) 
 B_SPLINE_SURFACE_WITH_KNOTS ( ( 4, 2, 4 ),
 ( 3, 3 ),
 ( 0.004572695605125233660, 0.005447210325866983643, 0.006321725046608732759 ),
 ( 0.000000000000000000, 1.000000000000000000 ),
 .UNSPECIFIED. ) 
 GEOMETRIC_REPRESENTATION_ITEM ( )  RATIONAL_B_SPLINE_SURFACE ( (
 ( 1.000000000000000000, 0.9155493925638675812, 1.000000000000000000),
 ( 1.000000000000000000, 0.9391694711561798803, 1.000000000000000000),
 ( 1.000000000000000000, 0.9607223642407600739, 1.000000000000000000),
 ( 1.000000000000000000, 0.9912792382435953176, 1.000000000000000000),
 ( 1.000000000000000000, 1.000123610408614860, 1.000000000000000000),
 ( 1.000000000000000000, 1.000000000000000000, 1.000000000000000000) ) ) 
 REPRESENTATION_ITEM ( '' )  SURFACE ( )  );
#3610 = EDGE_CURVE ( 'NONE', #932, #1323, #1794, .T. ) ;
#3611 = CARTESIAN_POINT ( 'NONE',  ( 4.648460088740601096E-12, 4.024757464465025360E-12, 3.501999999999999780 ) ) ;
#3612 = CIRCLE ( 'NONE', #1177, 14.93707874011463943 ) ;
#3613 = ORIENTED_EDGE ( 'NONE', *, *, #5478, .F. ) ;
#3614 = CARTESIAN_POINT ( 'NONE',  ( -4.676546150598868579, -4.987777089969672950, 5.483615767684209885 ) ) ;
#3615 = CARTESIAN_POINT ( 'NONE',  ( 2.767263787273074094, -6.249433987874529528, 7.985184621004707495 ) ) ;
#3616 = EDGE_CURVE ( 'NONE', #2651, #3732, #2244, .T. ) ;
#3617 = DIRECTION ( 'NONE',  ( 0.000000000000000000, 0.000000000000000000, 1.000000000000000000 ) ) ;
#3618 = EDGE_LOOP ( 'NONE', ( #7183, #3366, #2022, #2390 ) ) ;
#3619 = CIRCLE ( 'NONE', #827, 0.4300000000000002154 ) ;
#3620 = CIRCLE ( 'NONE', #4207, 1.779502281109935247 ) ;
#3621 = CARTESIAN_POINT ( 'NONE',  ( 2.199438168349954648, -16.79184735961995045, 3.500000000000000000 ) ) ;
#3622 = DIRECTION ( 'NONE',  ( 0.000000000000000000, 0.000000000000000000, 1.000000000000000000 ) ) ;
#3623 = FACE_OUTER_BOUND ( 'NONE', #4278, .T. ) ;
#3624 = CARTESIAN_POINT ( 'NONE',  ( 3.521880676262216348, -7.869811504932839874, 5.000000156691483788 ) ) ;
#3625 = VECTOR ( 'NONE', #6437, 1000.000000000000000 ) ;
#3626 = AXIS2_PLACEMENT_3D ( 'NONE', #6965, #674, #2992 ) ;
#3627 = EDGE_LOOP ( 'NONE', ( #364, #5953, #2922, #2152, #7127 ) ) ;
#3628 = CYLINDRICAL_SURFACE ( 'NONE', #4329, 0.4300000000000000488 ) ;
#3629 = VERTEX_POINT ( 'NONE', #3541 ) ;
#3630 = VECTOR ( 'NONE', #1888, 1000.000000000000000 ) ;
#3631 = DIRECTION ( 'NONE',  ( 0.4154150130018873233, -0.9096319953545181081, 0.000000000000000000 ) ) ;
#3632 = CARTESIAN_POINT ( 'NONE',  ( 5.797755159377083523, 3.729923202616596711, 5.532328607654500630 ) ) ;
#3633 = CARTESIAN_POINT ( 'NONE',  ( 7.044546516529879732, -14.92643931636489896, 3.500000000000000000 ) ) ;
#3635 = CARTESIAN_POINT ( 'NONE',  ( 3.520919978217143420, -8.095980644128873749, 5.000107549254710904 ) ) ;
#3634 = CARTESIAN_POINT ( 'NONE',  ( -9.016535861783840033, 3.636589849769386706, 5.000190015512742114 ) ) ;
#3636 = ADVANCED_FACE ( 'NONE', ( #1362 ), #6011, .F. ) ;
#3637 = ORIENTED_EDGE ( 'NONE', *, *, #2654, .F. ) ;
#3638 = DIRECTION ( 'NONE',  ( -0.000000000000000000, -0.000000000000000000, 1.000000000000000000 ) ) ;
#3639 = LINE ( 'NONE', #200, #7008 ) ;
#3640 = AXIS2_PLACEMENT_3D ( 'NONE', #3804, #2080, #6051 ) ;
#3641 = AXIS2_PLACEMENT_3D ( 'NONE', #3967, #3269, #6109 ) ;
#3642 = CARTESIAN_POINT ( 'NONE',  ( -13.73654921516311411, -5.867157484472610207, -6.500000000000000888 ) ) ;
#3643 = LINE ( 'NONE', #2513, #3135 ) ;
#3644 = ORIENTED_EDGE ( 'NONE', *, *, #966, .F. ) ;
#3645 = DIRECTION ( 'NONE',  ( -0.000000000000000000, -0.000000000000000000, 1.000000000000000000 ) ) ;
#3646 = CARTESIAN_POINT ( 'NONE',  ( -3.663740471346071281, -9.125723456341756190, 5.000000000000000000 ) ) ;
#3647 = CARTESIAN_POINT ( 'NONE',  ( 6.114889224187087358, -3.051764047564668125, 7.897727423027339100 ) ) ;
#3648 = ADVANCED_FACE ( 'NONE', ( #3789 ), #833, .T. ) ;
#3649 = CARTESIAN_POINT ( 'NONE',  ( -6.505213034913029562E-16, 1.058181320345851949E-13, 3.500000000000000000 ) ) ;
#3650 = CARTESIAN_POINT ( 'NONE',  ( 0.000000000000000000, 0.000000000000000000, 0.000000000000000000 ) ) ;
#3651 = ORIENTED_EDGE ( 'NONE', *, *, #2574, .F. ) ;
#3652 = CARTESIAN_POINT ( 'NONE',  ( 2.553928971772980283, -16.30649174702565318, -6.500000000000000888 ) ) ;
#3653 = CARTESIAN_POINT ( 'NONE',  ( -4.024044829334099127, 5.523288093956099765, 6.963589640649415990 ) ) ;
#3654 = CARTESIAN_POINT ( 'NONE',  ( -15.17612706764145081, -6.880352142754600386, 3.500000000000000000 ) ) ;
#3655 = EDGE_CURVE ( 'NONE', #6786, #7245, #3922, .T. ) ;
#3656 = ORIENTED_EDGE ( 'NONE', *, *, #6868, .T. ) ;
#3657 = CARTESIAN_POINT ( 'NONE',  ( 3.982098568365618263, 5.554032556708194512, 7.033426187772492177 ) ) ;
#3658 = CIRCLE ( 'NONE', #2585, 1.779502281109929251 ) ;
#3659 = DIRECTION ( 'NONE',  ( 0.000000000000000000, 0.000000000000000000, 1.000000000000000000 ) ) ;
#3660 = CARTESIAN_POINT ( 'NONE',  ( 5.308586851874108170, 4.303310061476624426, 6.430872809955233471 ) ) ;
#3661 = CARTESIAN_POINT ( 'NONE',  ( -15.65269870022669885, -5.260215391104249960, 3.500000000000000000 ) ) ;
#3662 = VERTEX_POINT ( 'NONE', #6069 ) ;
#3663 = CARTESIAN_POINT ( 'NONE',  ( 9.015742761070391964, 3.636363990568205029, 5.000179574119031578 ) ) ;
#3664 = ADVANCED_FACE ( 'NONE', ( #2516 ), #4875, .F. ) ;
#3665 = EDGE_CURVE ( 'NONE', #2052, #7280, #4232, .T. ) ;
#3666 = DIRECTION ( 'NONE',  ( 0.000000000000000000, 0.000000000000000000, -1.000000000000000000 ) ) ;
#3667 = CYLINDRICAL_SURFACE ( 'NONE', #1182, 2.149999999999999911 ) ;
#3668 = CARTESIAN_POINT ( 'NONE',  ( -17.43527874010850098, 3.202808745197365407E-15, 3.500000000000000000 ) ) ;
#3670 = DIRECTION ( 'NONE',  ( 0.000000000000000000, 0.000000000000000000, -1.000000000000000000 ) ) ;
#3669 = CARTESIAN_POINT ( 'NONE',  ( -8.040219130780846157, 3.520029707695106591, 5.000117190328944972 ) ) ;
#3671 = ORIENTED_EDGE ( 'NONE', *, *, #4911, .F. ) ;
#3672 = DIRECTION ( 'NONE',  ( 0.000000000000000000, 0.000000000000000000, -1.000000000000000000 ) ) ;
#3673 = VERTEX_POINT ( 'NONE', #7081 ) ;
#3674 = CARTESIAN_POINT ( 'NONE',  ( -11.04332294047804019, 10.05789936917806138, -6.500000000000000888 ) ) ;
#3675 = ORIENTED_EDGE ( 'NONE', *, *, #458, .T. ) ;
#3676 = ADVANCED_FACE ( 'NONE', ( #3716 ), #1396, .T. ) ;
#3677 = LINE ( 'NONE', #3189, #5111 ) ;
#3678 = DIRECTION ( 'NONE',  ( 0.000000000000000000, 0.000000000000000000, 1.000000000000000000 ) ) ;
#3679 = ORIENTED_EDGE ( 'NONE', *, *, #5146, .F. ) ;
#3680 = DIRECTION ( 'NONE',  ( 0.000000000000000000, 0.000000000000000000, 1.000000000000000000 ) ) ;
#3681 = CARTESIAN_POINT ( 'NONE',  ( -9.125723456341725992, -3.663740471346063288, 5.000000000000000000 ) ) ;
#3682 = AXIS2_PLACEMENT_3D ( 'NONE', #6111, #6832, #3272 ) ;
#3683 = CARTESIAN_POINT ( 'NONE',  ( -13.99609199792524095, -8.748350420181520093, 3.500000000000000000 ) ) ;
#3684 =( NAMED_UNIT ( * ) SI_UNIT ( $, .STERADIAN. ) SOLID_ANGLE_UNIT ( ) );
#3685 = ORIENTED_EDGE ( 'NONE', *, *, #2008, .F. ) ;
#3686 = ADVANCED_FACE ( 'NONE', ( #3226 ), #6532, .T. ) ;
#3687 = CARTESIAN_POINT ( 'NONE',  ( -9.939567796041161414E-16, -1.084202172485504040E-15, 8.500000000000000000 ) ) ;
#3688 = ADVANCED_FACE ( 'NONE', ( #875 ), #3193, .T. ) ;
#3689 = CARTESIAN_POINT ( 'NONE',  ( 3.588999466449763531, 8.787505239964087167, 5.000634063996610479 ) ) ;
#3690 = DIRECTION ( 'NONE',  ( -0.1423148382732847272, 0.9898214418809327952, 0.000000000000000000 ) ) ;
#3691 = VECTOR ( 'NONE', #4260, 1000.000000000000000 ) ;
#3692 = CIRCLE ( 'NONE', #1139, 9.833708498984762514 ) ;
#3693 = CARTESIAN_POINT ( 'NONE',  ( 3.707920138126306053, 5.740295432246034224, 7.397816680476070772 ) ) ;
#3694 = CARTESIAN_POINT ( 'NONE',  ( 4.303310061476551596, 5.308586851874166790, 6.430872809955392455 ) ) ;
#3695 = DIRECTION ( 'NONE',  ( -0.000000000000000000, -0.000000000000000000, -1.000000000000000000 ) ) ;
#3696 = AXIS2_PLACEMENT_3D ( 'NONE', #7300, #2699, #4457 ) ;
#3697 = CARTESIAN_POINT ( 'NONE',  ( -8.000000000000000000, -8.000000000000000000, 5.000000000000000000 ) ) ;
#3698 = VERTEX_POINT ( 'NONE', #5405 ) ;
#3699 = ADVANCED_FACE ( 'NONE', ( #5369 ), #1905, .F. ) ;
#3700 = CARTESIAN_POINT ( 'NONE',  ( -8.000000000000000000, 8.000000000000000000, 5.000000000000000000 ) ) ;
#3701 = CARTESIAN_POINT ( 'NONE',  ( -8.889765511714143642, -3.608634907675446257, 5.000552688567672099 ) ) ;
#3702 = CARTESIAN_POINT ( 'NONE',  ( -4.561424929357681179, 14.22356227891014058, 3.501999999999999780 ) ) ;
#3703 = DIRECTION ( 'NONE',  ( 0.000000000000000000, 0.000000000000000000, 1.000000000000000000 ) ) ;
#3705 = CARTESIAN_POINT ( 'NONE',  ( 3.519942841086552310, -8.028092131563203893, 5.000057158574595206 ) ) ;
#3704 = CARTESIAN_POINT ( 'NONE',  ( -7.681446589866371077, 3.531096231654017537, 5.000239654699084824 ) ) ;
#3706 = EDGE_CURVE ( 'NONE', #2112, #1102, #5615, .T. ) ;
#3707 = EDGE_LOOP ( 'NONE', ( #1280, #5636, #6256, #6079 ) ) ;
#3708 = EDGE_CURVE ( 'NONE', #772, #3992, #1138, .T. ) ;
#3709 = DIRECTION ( 'NONE',  ( 0.000000000000000000, 0.000000000000000000, 1.000000000000000000 ) ) ;
#3710 = VERTEX_POINT ( 'NONE', #2168 ) ;
#3711 = DIRECTION ( 'NONE',  ( -0.000000000000000000, -0.000000000000000000, 1.000000000000000000 ) ) ;
#3712 = EDGE_CURVE ( 'NONE', #3722, #3363, #6106, .T. ) ;
#3713 = DIRECTION ( 'NONE',  ( 0.000000000000000000, 0.000000000000000000, 1.000000000000000000 ) ) ;
#3714 = CARTESIAN_POINT ( 'NONE',  ( -13.42962847247681957, 6.539220166001542545, -6.500000000000000888 ) ) ;
#3715 = ORIENTED_EDGE ( 'NONE', *, *, #2411, .F. ) ;
#3716 = FACE_OUTER_BOUND ( 'NONE', #4508, .T. ) ;
#3717 = CARTESIAN_POINT ( 'NONE',  ( 7.743341883418978888, -3.527156858561134367, 5.000127810711953558 ) ) ;
#3718 = CYLINDRICAL_SURFACE ( 'NONE', #1307, 0.4300000000000001599 ) ;
#3719 =( BOUNDED_CURVE ( )  B_SPLINE_CURVE ( 2, ( #2253, #3905, #5643 ),
 .UNSPECIFIED., .F., .F. ) 
 B_SPLINE_CURVE_WITH_KNOTS ( ( 3, 3 ),
 ( 0.000000000000000000, 1.000000000000000000 ),
 .UNSPECIFIED. ) 
 CURVE ( )  GEOMETRIC_REPRESENTATION_ITEM ( )  RATIONAL_B_SPLINE_CURVE ( ( 1.000000000000000000, 0.9155493925638845676, 1.000000000000000000 ) ) 
 REPRESENTATION_ITEM ( '' )  );
#3720 = DIRECTION ( 'NONE',  ( 0.000000000000000000, 0.000000000000000000, 1.000000000000000000 ) ) ;
#3721 = CYLINDRICAL_SURFACE ( 'NONE', #731, 0.4300000000000004374 ) ;
#3722 = VERTEX_POINT ( 'NONE', #457 ) ;
#3723 = DIRECTION ( 'NONE',  ( 0.000000000000000000, 0.000000000000000000, -1.000000000000000000 ) ) ;
#3724 = CARTESIAN_POINT ( 'NONE',  ( 3.520189398038081396, 8.052421456909097941, 5.000116035856061458 ) ) ;
#3725 = CARTESIAN_POINT ( 'NONE',  ( 3.221970839046856216, -6.026703386286642150, 7.811298934427288287 ) ) ;
#3726 = ORIENTED_EDGE ( 'NONE', *, *, #4846, .F. ) ;
#3727 = VECTOR ( 'NONE', #6639, 1000.000000000000000 ) ;
#3728 = CARTESIAN_POINT ( 'NONE',  ( 16.50397716163979922, 0.2072779215192024904, -6.500000000000000888 ) ) ;
#3729 = CARTESIAN_POINT ( 'NONE',  ( 3.577238393823978235, 8.724398107212554265, 4.999999999999999112 ) ) ;
#3730 = CARTESIAN_POINT ( 'NONE',  ( 5.308586851878310142, -4.303310061471442793, 6.430872809966527548 ) ) ;
#3731 = DIRECTION ( 'NONE',  ( -1.000000000000000000, 0.000000000000000000, 0.000000000000000000 ) ) ;
#3732 = VERTEX_POINT ( 'NONE', #1667 ) ;
#3733 = ORIENTED_EDGE ( 'NONE', *, *, #54, .F. ) ;
#3734 = CARTESIAN_POINT ( 'NONE',  ( 16.93394325256440069, 0.2126779821699004980, 3.500000000000000000 ) ) ;
#3735 = AXIS2_PLACEMENT_3D ( 'NONE', #3700, #6517, #5977 ) ;
#3736 = CIRCLE ( 'NONE', #1681, 1.779502281109934136 ) ;
#3737 = CARTESIAN_POINT ( 'NONE',  ( -9.078528078132821477, -3.651604630756885683, 5.000035885955796289 ) ) ;
#3738 = EDGE_CURVE ( 'NONE', #1112, #3836, #1889, .T. ) ;
#3739 = DIRECTION ( 'NONE',  ( 0.000000000000000000, 0.000000000000000000, -1.000000000000000000 ) ) ;
#3740 = DIRECTION ( 'NONE',  ( -0.9594929736144973687, -0.2817325568414295600, 0.000000000000000000 ) ) ;
#3741 = VECTOR ( 'NONE', #494, 1000.000000000000000 ) ;
#3743 = VERTEX_POINT ( 'NONE', #2210 ) ;
#3742 = DIRECTION ( 'NONE',  ( 0.000000000000000000, 0.000000000000000000, 1.000000000000000000 ) ) ;
#3744 = EDGE_LOOP ( 'NONE', ( #2128, #7102, #4602, #5092 ) ) ;
#3745 = ORIENTED_EDGE ( 'NONE', *, *, #5183, .F. ) ;
#3746 = DIRECTION ( 'NONE',  ( 0.000000000000000000, 0.000000000000000000, -1.000000000000000000 ) ) ;
#3747 = CIRCLE ( 'NONE', #2183, 14.93707874011463410 ) ;
#3748 = CARTESIAN_POINT ( 'NONE',  ( -4.190367717630854472, -5.398187736635399858, 6.664917907749304149 ) ) ;
#3749 = CARTESIAN_POINT ( 'NONE',  ( 0.3694146011580345390, -14.93250997457066021, 3.501999999999999780 ) ) ;
#3750 = ORIENTED_EDGE ( 'NONE', *, *, #1954, .T. ) ;
#3751 = CARTESIAN_POINT ( 'NONE',  ( -4.672183837315745158, -4.988384896612030772, 5.491312663320298881 ) ) ;
#3752 = CARTESIAN_POINT ( 'NONE',  ( 7.439532979470946827, -3.554641550816188822, 5.000448664566422785 ) ) ;
#3753 = AXIS2_PLACEMENT_3D ( 'NONE', #2223, #4471, #4506 ) ;
#3754 = CARTESIAN_POINT ( 'NONE',  ( -15.65269870022669885, -5.260215391104249960, 3.501999999999999780 ) ) ;
#3755 = PRODUCT_DEFINITION_FORMATION_WITH_SPECIFIED_SOURCE ( 'ANY', '', #1982, .NOT_KNOWN. ) ;
#3756 = EDGE_CURVE ( 'NONE', #2432, #1212, #4888, .T. ) ;
#3757 = AXIS2_PLACEMENT_3D ( 'NONE', #2026, #3720, #4847 ) ;
#3758 = ADVANCED_FACE ( 'NONE', ( #7267 ), #5705, .T. ) ;
#3759 = CARTESIAN_POINT ( 'NONE',  ( 16.30791787812275118, -4.566780100418109889, 3.500000000000000000 ) ) ;
#3760 = ORIENTED_EDGE ( 'NONE', *, *, #1616, .F. ) ;
#3761 = CARTESIAN_POINT ( 'NONE',  ( -16.49980648923040150, 2.326040455249440253, -6.500000000000000888 ) ) ;
#3762 = CARTESIAN_POINT ( 'NONE',  ( 3.519858692616923523, 8.000000432939101458, 5.000047626859950967 ) ) ;
#3763 = VERTEX_POINT ( 'NONE', #2661 ) ;
#3764 = CYLINDRICAL_SURFACE ( 'NONE', #2779, 18.86342674685059961 ) ;
#3765 = VERTEX_POINT ( 'NONE', #1056 ) ;
#3766 = VERTEX_POINT ( 'NONE', #3963 ) ;
#3767 = CARTESIAN_POINT ( 'NONE',  ( 6.252970072306555771, 2.823510418524052046, 5.706181217612949830 ) ) ;
#3768 = LINE ( 'NONE', #5504, #847 ) ;
#3769 = CIRCLE ( 'NONE', #3042, 14.93707874011464298 ) ;
#3770 = DIRECTION ( 'NONE',  ( 0.000000000000000000, 0.000000000000000000, -1.000000000000000000 ) ) ;
#3771 = VERTEX_POINT ( 'NONE', #4420 ) ;
#3772 = DIRECTION ( 'NONE',  ( -1.000000000000000000, 0.000000000000000000, 0.000000000000000000 ) ) ;
#3773 = CIRCLE ( 'NONE', #4856, 16.93527874010849033 ) ;
#3774 = CARTESIAN_POINT ( 'NONE',  ( -4.832161620284267656, -4.832161620284267656, 5.000000000000000000 ) ) ;
#3775 = CARTESIAN_POINT ( 'NONE',  ( 8.970108147836139523, 14.04247977380171974, 3.500000000000000000 ) ) ;
#3776 = CARTESIAN_POINT ( 'NONE',  ( 7.762353061012140287, -12.76174738209452109, 3.500000000000000000 ) ) ;
#3777 = EDGE_CURVE ( 'NONE', #4906, #3863, #3336, .T. ) ;
#3779 = ORIENTED_EDGE ( 'NONE', *, *, #5862, .F. ) ;
#3778 = CARTESIAN_POINT ( 'NONE',  ( -3.526208255304766226, -7.761180768921903450, 5.000097097001358293 ) ) ;
#3780 = ORIENTED_EDGE ( 'NONE', *, *, #4029, .T. ) ;
#3781 = CARTESIAN_POINT ( 'NONE',  ( -3.001201192184185906, 6.139862486084346926, 7.917923921131872156 ) ) ;
#3782 = CIRCLE ( 'NONE', #1480, 1.779502281109936135 ) ;
#3783 = ORIENTED_EDGE ( 'NONE', *, *, #1059, .T. ) ;
#3784 = DIRECTION ( 'NONE',  ( 1.000000000000000000, 1.224646799147151308E-16, 0.000000000000000000 ) ) ;
#3785 = ORIENTED_EDGE ( 'NONE', *, *, #4653, .T. ) ;
#3786 = CARTESIAN_POINT ( 'NONE',  ( -9.125723456341725992, -3.663740471346063288, 5.000000000000000000 ) ) ;
#3787 = DIRECTION ( 'NONE',  ( 0.6548607339452848786, 0.7557495743542584909, 0.000000000000000000 ) ) ;
#3788 = EDGE_LOOP ( 'NONE', ( #1855, #3539, #3613 ) ) ;
#3789 = FACE_OUTER_BOUND ( 'NONE', #6138, .T. ) ;
#3790 = CARTESIAN_POINT ( 'NONE',  ( -5.378557538966934004, 4.215563900638393591, 6.615020852376852112 ) ) ;
#3791 = CARTESIAN_POINT ( 'NONE',  ( -6.252970072304990801, -2.823510418527313437, 5.706181217615159618 ) ) ;
#3792 = EDGE_CURVE ( 'NONE', #6536, #6587, #6805, .T. ) ;
#3793 = VECTOR ( 'NONE', #7087, 1000.000000000000000 ) ;
#3794 = CARTESIAN_POINT ( 'NONE',  ( 3.322246390948875280E-12, -5.173928175207720182E-12, -6.500000000000000888 ) ) ;
#3795 = ORIENTED_EDGE ( 'NONE', *, *, #2877, .T. ) ;
#3796 = DIRECTION ( 'NONE',  ( 0.8191520442889919096, 0.000000000000000000, 0.5735764363510458264 ) ) ;
#3797 = CARTESIAN_POINT ( 'NONE',  ( -6.505213034913029562E-16, 1.058181320345851949E-13, -6.500000000000000888 ) ) ;
#3798 = VERTEX_POINT ( 'NONE', #5064 ) ;
#3799 = CARTESIAN_POINT ( 'NONE',  ( 3.938189494937582857, -5.585020255209564688, 7.098512828159572408 ) ) ;
#3800 = EDGE_CURVE ( 'NONE', #4932, #995, #4525, .T. ) ;
#3801 = ORIENTED_EDGE ( 'NONE', *, *, #920, .T. ) ;
#3802 = CARTESIAN_POINT ( 'NONE',  ( -3.577238393823603424, -8.724398107210497244, 4.999999999999999112 ) ) ;
#3803 = CARTESIAN_POINT ( 'NONE',  ( 3.606734626496680640, 7.122720478993855409, 5.000000000000000000 ) ) ;
#3804 = CARTESIAN_POINT ( 'NONE',  ( 16.50397716163979922, 0.2072779215192024904, 3.500000000000000000 ) ) ;
#3805 = CARTESIAN_POINT ( 'NONE',  ( -13.53668048929982781, 9.457014533746740170, -6.500000000000000888 ) ) ;
#3806 = VECTOR ( 'NONE', #3680, 1000.000000000000000 ) ;
#3807 = ORIENTED_EDGE ( 'NONE', *, *, #4799, .F. ) ;
#3808 = CARTESIAN_POINT ( 'NONE',  ( -5.772929884995713579, -3.656908037099072306, 7.454441950768101677 ) ) ;
#3809 = AXIS2_PLACEMENT_3D ( 'NONE', #682, #1393, #1358 ) ;
#3810 = CARTESIAN_POINT ( 'NONE',  ( -7.122720478982035530, -3.606734626499040974, 5.000000000000000000 ) ) ;
#3811 = CARTESIAN_POINT ( 'NONE',  ( 3.616325885648016936, -8.926465642978424597, 5.000455603939570892 ) ) ;
#3812 = CARTESIAN_POINT ( 'NONE',  ( -6.841155559148055509, 15.49200621677864476, -6.500000000000000888 ) ) ;
#3814 = ORIENTED_EDGE ( 'NONE', *, *, #4144, .F. ) ;
#3813 = CARTESIAN_POINT ( 'NONE',  ( -2.199438168349952871, 16.79184735961996822, -6.500000000000000888 ) ) ;
#3815 = ORIENTED_EDGE ( 'NONE', *, *, #216, .F. ) ;
#3816 = EDGE_CURVE ( 'NONE', #523, #111, #7345, .T. ) ;
#3817 = ORIENTED_EDGE ( 'NONE', *, *, #5600, .F. ) ;
#3818 = DIRECTION ( 'NONE',  ( 1.000000000000000000, 0.000000000000000000, 0.000000000000000000 ) ) ;
#3819 = VERTEX_POINT ( 'NONE', #6260 ) ;
#3820 = CARTESIAN_POINT ( 'NONE',  ( -2.765408739535795579, -6.250293562649670953, 7.985681847126692823 ) ) ;
#3821 = CARTESIAN_POINT ( 'NONE',  ( 8.383895737619360133, 12.36230615819429879, 3.501999999999999780 ) ) ;
#3822 = VERTEX_POINT ( 'NONE', #5670 ) ;
#3823 = CARTESIAN_POINT ( 'NONE',  ( -14.22574330189358172, -8.384811868462978879, -6.500000000000000888 ) ) ;
#3824 = CARTESIAN_POINT ( 'NONE',  ( -3.852523501034204489, -14.43171451914776071, 3.500000000000000000 ) ) ;
#3825 = ORIENTED_EDGE ( 'NONE', *, *, #7044, .T. ) ;
#3826 = CARTESIAN_POINT ( 'NONE',  ( 3.520504392801794058, 7.929171254957805282, 5.000040392136139822 ) ) ;
#3827 = CIRCLE ( 'NONE', #2394, 1.779502281109934136 ) ;
#3828 = ORIENTED_EDGE ( 'NONE', *, *, #6816, .F. ) ;
#3829 = CARTESIAN_POINT ( 'NONE',  ( 0.3694146011580357603, -14.93250997457065843, -6.500000000000000888 ) ) ;
#3830 = FACE_OUTER_BOUND ( 'NONE', #2143, .T. ) ;
#3831 = VERTEX_POINT ( 'NONE', #4496 ) ;
#3832 = DIRECTION ( 'NONE',  ( 0.4154150130018857690, 0.9096319953545186632, 0.000000000000000000 ) ) ;
#3833 = VERTEX_POINT ( 'NONE', #3304 ) ;
#3834 = EDGE_CURVE ( 'NONE', #6099, #5916, #2772, .T. ) ;
#3835 = CARTESIAN_POINT ( 'NONE',  ( -4.150257504246031459, -5.432656143352965650, 6.764447786404536700 ) ) ;
#3836 = VERTEX_POINT ( 'NONE', #3823 ) ;
#3837 = CARTESIAN_POINT ( 'NONE',  ( -8.970108147836139523, -14.04247977380171974, -6.500000000000000888 ) ) ;
#3838 = CARTESIAN_POINT ( 'NONE',  ( -0.3694146011580329292, 14.93250997457065665, -6.500000000000000888 ) ) ;
#3839 = EDGE_CURVE ( 'NONE', #4942, #5037, #1095, .T. ) ;
#3840 = DIRECTION ( 'NONE',  ( -0.6548607339452872100, -0.7557495743542563815, 0.000000000000000000 ) ) ;
#3841 = EDGE_LOOP ( 'NONE', ( #1483, #5659, #899, #3671 ) ) ;
#3842 = CARTESIAN_POINT ( 'NONE',  ( -5.468890168610525571, -4.097847410113640620, 6.838661044020666324 ) ) ;
#3843 = VERTEX_POINT ( 'NONE', #422 ) ;
#3844 = CARTESIAN_POINT ( 'NONE',  ( -5.797755159371815736, -3.729923202622499545, 5.532328607653761665 ) ) ;
#3845 = LINE ( 'NONE', #2578, #3338 ) ;
#3846 = DIRECTION ( 'NONE',  ( -0.000000000000000000, -0.000000000000000000, 1.000000000000000000 ) ) ;
#3847 = EDGE_CURVE ( 'NONE', #1486, #1532, #1893, .T. ) ;
#3848 = CARTESIAN_POINT ( 'NONE',  ( -3.528260316109272932, -7.725201660920988367, 5.000159107361556110 ) ) ;
#3849 = AXIS2_PLACEMENT_3D ( 'NONE', #6782, #5519, #6103 ) ;
#3850 = ORIENTED_EDGE ( 'NONE', *, *, #6181, .F. ) ;
#3851 = DIRECTION ( 'NONE',  ( -0.000000000000000000, -0.000000000000000000, 1.000000000000000000 ) ) ;
#3852 = ORIENTED_EDGE ( 'NONE', *, *, #5432, .T. ) ;
#3853 = AXIS2_PLACEMENT_3D ( 'NONE', #587, #2866, #4550 ) ;
#3854 = DIRECTION ( 'NONE',  ( 0.000000000000000000, 0.000000000000000000, -1.000000000000000000 ) ) ;
#3855 = CARTESIAN_POINT ( 'NONE',  ( 0.3694146011580309863, 14.93250997457066021, 3.501999999999999780 ) ) ;
#3856 = ORIENTED_EDGE ( 'NONE', *, *, #6950, .F. ) ;
#3857 = DIRECTION ( 'NONE',  ( -1.000000000000000000, 0.000000000000000000, 0.000000000000000000 ) ) ;
#3858 = CARTESIAN_POINT ( 'NONE',  ( -5.927584861383150994, 3.400861122863901187, 7.690556432026370182 ) ) ;
#3859 = VECTOR ( 'NONE', #6552, 1000.000000000000000 ) ;
#3860 = CIRCLE ( 'NONE', #6744, 16.93527874010845480 ) ;
#3861 = CARTESIAN_POINT ( 'NONE',  ( 16.01177522894684913, -4.037313039457310460, -6.500000000000000888 ) ) ;
#3862 = VECTOR ( 'NONE', #5856, 1000.000000000000000 ) ;
#3863 = VERTEX_POINT ( 'NONE', #4385 ) ;
#3864 = LINE ( 'NONE', #2782, #6310 ) ;
#3865 = EDGE_CURVE ( 'NONE', #6741, #7406, #6087, .T. ) ;
#3866 = CARTESIAN_POINT ( 'NONE',  ( 4.832161620284269432, 4.832161620284269432, 5.000000000000000000 ) ) ;
#3867 = VERTEX_POINT ( 'NONE', #5562 ) ;
#3868 = CARTESIAN_POINT ( 'NONE',  ( 15.77705318448115257, 4.848589393084430377, -6.500000000000000888 ) ) ;
#3869 = AXIS2_PLACEMENT_3D ( 'NONE', #5001, #2115, #2186 ) ;
#3870 = VECTOR ( 'NONE', #7273, 1000.000000000000000 ) ;
#3871 = CARTESIAN_POINT ( 'NONE',  ( -3.335397710304722096, -6.055115265678987946, 5.660567889599720459 ) ) ;
#3872 = CARTESIAN_POINT ( 'NONE',  ( 6.100000000000001421, -1.084202172485504040E-15, -7.500000000000000888 ) ) ;
#3873 = CARTESIAN_POINT ( 'NONE',  ( -2.143592709476534797, -16.36548919478289932, 3.500000000000000000 ) ) ;
#3874 = CARTESIAN_POINT ( 'NONE',  ( -4.303310061471512071, 5.308586851878252411, 6.430872809966377446 ) ) ;
#3875 = CIRCLE ( 'NONE', #1589, 1.779502281109934803 ) ;
#3876 = ORIENTED_EDGE ( 'NONE', *, *, #2365, .F. ) ;
#3877 = CARTESIAN_POINT ( 'NONE',  ( -5.414992570784606052, -4.168630735094723150, 6.707069562422734776 ) ) ;
#3878 = ADVANCED_FACE ( 'NONE', ( #5023 ), #392, .T. ) ;
#3879 = ORIENTED_EDGE ( 'NONE', *, *, #3177, .F. ) ;
#3880 = VECTOR ( 'NONE', #2907, 1000.000000000000000 ) ;
#3881 = CARTESIAN_POINT ( 'NONE',  ( -5.225417713894052518, -4.405907965428388806, 6.207262738524737422 ) ) ;
#3882 = AXIS2_PLACEMENT_3D ( 'NONE', #5036, #2254, #7316 ) ;
#3883 = DIRECTION ( 'NONE',  ( 0.000000000000000000, 0.000000000000000000, -1.000000000000000000 ) ) ;
#3884 = CARTESIAN_POINT ( 'NONE',  ( -5.592088271422240760E-12, 2.556443351416775279E-12, 3.500000000000000000 ) ) ;
#3885 = CARTESIAN_POINT ( 'NONE',  ( 5.616022613164036059, 3.893738773067846548, 7.162229781249886074 ) ) ;
#3886 = ORIENTED_EDGE ( 'NONE', *, *, #3738, .F. ) ;
#3887 = ORIENTED_EDGE ( 'NONE', *, *, #6425, .F. ) ;
#3888 = ORIENTED_EDGE ( 'NONE', *, *, #6193, .T. ) ;
#3889 = LINE ( 'NONE', #7226, #5050 ) ;
#3890 = ORIENTED_EDGE ( 'NONE', *, *, #1671, .T. ) ;
#3891 = EDGE_CURVE ( 'NONE', #1169, #2160, #6750, .T. ) ;
#3892 = CARTESIAN_POINT ( 'NONE',  ( -3.464265314183264444, -5.890549092276645915, 7.638518450884784983 ) ) ;
#3893 = CARTESIAN_POINT ( 'NONE',  ( 10.32400093086861936, -12.88766260189612112, 3.501999999999999780 ) ) ;
#3894 = ORIENTED_EDGE ( 'NONE', *, *, #2737, .T. ) ;
#3895 = DIRECTION ( 'NONE',  ( -0.000000000000000000, -0.000000000000000000, 1.000000000000000000 ) ) ;
#3896 = CARTESIAN_POINT ( 'NONE',  ( -6.151930151482954301, 2.975588692843150973, 7.925570917605722521 ) ) ;
#3897 = EDGE_CURVE ( 'NONE', #320, #3333, #2548, .T. ) ;
#3898 = AXIS2_PLACEMENT_3D ( 'NONE', #868, #5398, #7114 ) ;
#3899 = CARTESIAN_POINT ( 'NONE',  ( -7.122720478982019543, -3.606734626499044971, 5.000000000000000000 ) ) ;
#3900 = VERTEX_POINT ( 'NONE', #4603 ) ;
#3901 = DIRECTION ( 'NONE',  ( 1.000000000000000000, 0.000000000000000000, 0.000000000000000000 ) ) ;
#3902 = EDGE_CURVE ( 'NONE', #7280, #4057, #7043, .T. ) ;
#3903 = CARTESIAN_POINT ( 'NONE',  ( -5.594070004404390837E-12, -2.552103961480460178E-12, 3.501999999999999780 ) ) ;
#3904 = FACE_OUTER_BOUND ( 'NONE', #4610, .T. ) ;
#3905 = CARTESIAN_POINT ( 'NONE',  ( 5.940952272444899762, 3.523220616545938988, 5.577365042557278052 ) ) ;
#3906 = CARTESIAN_POINT ( 'NONE',  ( 6.841155559148059950, 15.49200621677865009, 3.500000000000000000 ) ) ;
#3907 = DIRECTION ( 'NONE',  ( 0.000000000000000000, 0.000000000000000000, 1.000000000000000000 ) ) ;
#3908 = DIRECTION ( 'NONE',  ( -1.000000000000000000, 0.000000000000000000, 0.000000000000000000 ) ) ;
#3910 = CARTESIAN_POINT ( 'NONE',  ( -6.341710652641941337, 2.546031784417535082, 4.999999999999996447 ) ) ;
#3909 = CARTESIAN_POINT ( 'NONE',  ( -3.400663892352969508, 5.927496713307491838, 7.689714757475023532 ) ) ;
#3911 = CARTESIAN_POINT ( 'NONE',  ( -5.907938527155761399, -3.434525612790437332, 7.663014053330220676 ) ) ;
#3912 = CYLINDRICAL_SURFACE ( 'NONE', #5171, 0.4299999999999989941 ) ;
#3913 = EDGE_CURVE ( 'NONE', #772, #6157, #3449, .T. ) ;
#3914 = CARTESIAN_POINT ( 'NONE',  ( -2.979062698963803602, -16.24198349945380571, -6.500000000000000888 ) ) ;
#3915 = LINE ( 'NONE', #7373, #6507 ) ;
#3916 = CARTESIAN_POINT ( 'NONE',  ( 5.468890168598398382, 4.097847410129811685, 6.838661043982732224 ) ) ;
#3917 = EDGE_CURVE ( 'NONE', #5093, #488, #5175, .T. ) ;
#3918 = VERTEX_POINT ( 'NONE', #4001 ) ;
#3919 = CARTESIAN_POINT ( 'NONE',  ( 2.385244779467354815E-15, 6.148727360599790323E-12, 3.501999999999999780 ) ) ;
#3920 = ORIENTED_EDGE ( 'NONE', *, *, #3266, .F. ) ;
#3921 = CIRCLE ( 'NONE', #4643, 0.4299999999999755129 ) ;
#3922 = CIRCLE ( 'NONE', #4165, 0.4299999999999686295 ) ;
#3923 = CIRCLE ( 'NONE', #1763, 1.779502281109933692 ) ;
#3924 = CARTESIAN_POINT ( 'NONE',  ( 3.523220616545934991, -5.940952272444901539, 5.577365042557278940 ) ) ;
#3925 = CIRCLE ( 'NONE', #1673, 0.4300000000000076539 ) ;
#3926 = CARTESIAN_POINT ( 'NONE',  ( 16.48676971718949957, 2.416713196444790324, 3.500000000000000000 ) ) ;
#3927 = EDGE_CURVE ( 'NONE', #1252, #2771, #3455, .T. ) ;
#3928 = CARTESIAN_POINT ( 'NONE',  ( 7.228072953726420558, 15.31530696332200137, 3.500000000000000000 ) ) ;
#3929 = VERTEX_POINT ( 'NONE', #6896 ) ;
#3930 = EDGE_CURVE ( 'NONE', #7036, #3267, #791, .T. ) ;
#3931 = DIRECTION ( 'NONE',  ( 0.000000000000000000, 0.000000000000000000, -1.000000000000000000 ) ) ;
#3932 = CARTESIAN_POINT ( 'NONE',  ( -3.526402323921678850, 8.242534380094356905, 5.000025109354099939 ) ) ;
#3933 = EDGE_LOOP ( 'NONE', ( #2619, #5800, #3059, #1834 ) ) ;
#3934 = LINE ( 'NONE', #3346, #3870 ) ;
#3935 = VERTEX_POINT ( 'NONE', #2391 ) ;
#3936 = DIRECTION ( 'NONE',  ( 0.6548607339452852116, 0.7557495743542581579, 0.000000000000000000 ) ) ;
#3937 = DIRECTION ( 'NONE',  ( -0.8412535328311808724, 0.5406408174555981105, 0.000000000000000000 ) ) ;
#3938 = DIRECTION ( 'NONE',  ( 0.000000000000000000, 0.000000000000000000, -1.000000000000000000 ) ) ;
#3939 = EDGE_CURVE ( 'NONE', #2868, #7418, #434, .T. ) ;
#3940 = LINE ( 'NONE', #2326, #3503 ) ;
#3941 = CARTESIAN_POINT ( 'NONE',  ( -5.592088271422240760E-12, 2.556443351416775279E-12, 3.501999999999999780 ) ) ;
#3942 = CARTESIAN_POINT ( 'NONE',  ( 13.99609199792524095, 8.748350420181520093, -6.500000000000000888 ) ) ;
#3943 = ORIENTED_EDGE ( 'NONE', *, *, #1332, .F. ) ;
#3944 = CARTESIAN_POINT ( 'NONE',  ( -2.554367942891659027, 6.338363920113290639, 5.256164510756176078 ) ) ;
#3946 = CARTESIAN_POINT ( 'NONE',  ( 8.891452610427080572, -3.608611302220014139, 5.000567970472166834 ) ) ;
#3945 = CARTESIAN_POINT ( 'NONE',  ( -8.383895737619360133, -12.36230615819429879, 3.500000000000000000 ) ) ;
#3947 = CARTESIAN_POINT ( 'NONE',  ( -14.36072198411765832, -8.976264818957270464, 3.500000000000000000 ) ) ;
#3948 = CARTESIAN_POINT ( 'NONE',  ( -8.000000000000000000, 8.000000000000000000, -7.500000000000000888 ) ) ;
#3949 = DIRECTION ( 'NONE',  ( -1.000000000000000000, 0.000000000000000000, 0.000000000000000000 ) ) ;
#3950 = DIRECTION ( 'NONE',  ( -0.000000000000000000, -0.000000000000000000, -1.000000000000000000 ) ) ;
#3951 = CARTESIAN_POINT ( 'NONE',  ( -3.596837976465713904, -7.172648448801356658, 5.000030641880413462 ) ) ;
#3952 = ORIENTED_EDGE ( 'NONE', *, *, #6950, .T. ) ;
#3953 = ORIENTED_EDGE ( 'NONE', *, *, #5963, .T. ) ;
#3954 = EDGE_LOOP ( 'NONE', ( #3476, #879, #2837, #155 ) ) ;
#3955 = CARTESIAN_POINT ( 'NONE',  ( 8.660743767168003870, 3.568832444922778624, 5.000158312651445947 ) ) ;
#3956 = ORIENTED_EDGE ( 'NONE', *, *, #1113, .T. ) ;
#3957 = CIRCLE ( 'NONE', #3122, 1.779502281109955231 ) ;
#3958 = CARTESIAN_POINT ( 'NONE',  ( -8.598783736337173522, -3.560103095105004556, 5.000024887482296343 ) ) ;
#3959 = CARTESIAN_POINT ( 'NONE',  ( 6.274932216216080327, 15.27422889192055777, -6.500000000000000888 ) ) ;
#3960 = AXIS2_PLACEMENT_3D ( 'NONE', #7078, #5400, #239 ) ;
#3961 = CARTESIAN_POINT ( 'NONE',  ( 6.297423146279338191, -2.656344056478543880, 7.999999999999998224 ) ) ;
#3962 = VERTEX_POINT ( 'NONE', #6381 ) ;
#3963 = CARTESIAN_POINT ( 'NONE',  ( 7.228072953726420558, 15.31530696332200137, 3.500000000000000000 ) ) ;
#3964 = CARTESIAN_POINT ( 'NONE',  ( -16.48676971718949957, 2.416713196444784995, 3.500000000000000000 ) ) ;
#3965 = CIRCLE ( 'NONE', #4934, 0.4299999999999996603 ) ;
#3966 = CIRCLE ( 'NONE', #5658, 1.779502281109935025 ) ;
#3967 = CARTESIAN_POINT ( 'NONE',  ( -7.044546516529879732, 14.92643931636489896, 3.500000000000000000 ) ) ;
#3968 = AXIS2_PLACEMENT_3D ( 'NONE', #1524, #6114, #4427 ) ;
#3969 = EDGE_LOOP ( 'NONE', ( #3825, #7191, #5517, #273 ) ) ;
#3970 = DIRECTION ( 'NONE',  ( 0.000000000000000000, 0.000000000000000000, -1.000000000000000000 ) ) ;
#3971 = LINE ( 'NONE', #6759, #5756 ) ;
#3972 = CARTESIAN_POINT ( 'NONE',  ( -16.01177522894684913, 4.037313039457316677, -6.500000000000000888 ) ) ;
#3973 = EDGE_CURVE ( 'NONE', #1698, #1637, #4896, .T. ) ;
#3974 = AXIS2_PLACEMENT_3D ( 'NONE', #2302, #5125, #558 ) ;
#3975 = EDGE_CURVE ( 'NONE', #7387, #1486, #4770, .T. ) ;
#3976 = DIRECTION ( 'NONE',  ( -0.000000000000000000, -0.000000000000000000, 1.000000000000000000 ) ) ;
#3977 = DIRECTION ( 'NONE',  ( -1.000000000000000000, 0.000000000000000000, 0.000000000000000000 ) ) ;
#3978 = ORIENTED_EDGE ( 'NONE', *, *, #205, .T. ) ;
#3979 = DIRECTION ( 'NONE',  ( 0.8412535328311808724, 0.5406408174555981105, 0.000000000000000000 ) ) ;
#3980 = VERTEX_POINT ( 'NONE', #530 ) ;
#3981 = CARTESIAN_POINT ( 'NONE',  ( -2.767263787271918130, 6.249433987875030461, 7.985184621004814964 ) ) ;
#3982 = AXIS2_PLACEMENT_3D ( 'NONE', #6393, #3425, #6314 ) ;
#3984 = VERTEX_POINT ( 'NONE', #7003 ) ;
#3983 = CARTESIAN_POINT ( 'NONE',  ( -3.151390352270215356, 6.063704026651688395, 7.849106228269079111 ) ) ;
#3985 = CARTESIAN_POINT ( 'NONE',  ( 4.561424929357681179, -14.22356227891014058, 3.501999999999999780 ) ) ;
#3986 = AXIS2_PLACEMENT_3D ( 'NONE', #23, #4088, #6940 ) ;
#3987 = CARTESIAN_POINT ( 'NONE',  ( -3.521800949215585064, 7.872849501443103470, 5.000001121468866216 ) ) ;
#3988 = CARTESIAN_POINT ( 'NONE',  ( 3.606734626496725937, -7.122720478993630699, 5.000000000000000000 ) ) ;
#3989 = DIRECTION ( 'NONE',  ( -0.6548607339452875431, 0.7557495743542561595, 0.000000000000000000 ) ) ;
#3990 = AXIS2_PLACEMENT_3D ( 'NONE', #963, #373, #1493 ) ;
#3991 = CARTESIAN_POINT ( 'NONE',  ( 5.946399740298025982, 3.367644632650419467, 7.714926392112178455 ) ) ;
#3992 = VERTEX_POINT ( 'NONE', #1865 ) ;
#3993 = ADVANCED_FACE ( 'NONE', ( #5811 ), #4566, .T. ) ;
#3994 = CARTESIAN_POINT ( 'NONE',  ( 8.194275793935974050, 3.524159674993862623, 5.000047570945784337 ) ) ;
#3995 = ADVANCED_FACE ( 'NONE', ( #5738 ), #1749, .T. ) ;
#3996 = AXIS2_PLACEMENT_3D ( 'NONE', #2257, #2294, #3320 ) ;
#3997 = CARTESIAN_POINT ( 'NONE',  ( -7.515728570477599568, -3.545715854815441492, 5.000464572055526524 ) ) ;
#3998 = CARTESIAN_POINT ( 'NONE',  ( 5.850000000000000533, -8.000000000000000000, 2.669999999999999929 ) ) ;
#3999 = CARTESIAN_POINT ( 'NONE',  ( -2.385244779468109755E-15, -6.148727360599790323E-12, -6.500000000000000888 ) ) ;
#4000 = VERTEX_POINT ( 'NONE', #1165 ) ;
#4001 = CARTESIAN_POINT ( 'NONE',  ( 7.762353061012140287, 12.76174738209455128, -6.500000000000000888 ) ) ;
#4002 = CARTESIAN_POINT ( 'NONE',  ( 3.799492936814461430, 6.379070869377377662, 5.000000003298923801 ) ) ;
#4003 = CARTESIAN_POINT ( 'NONE',  ( -14.83309173315054075, -1.759463248875130059, 3.500000000000000000 ) ) ;
#4004 = ORIENTED_EDGE ( 'NONE', *, *, #3438, .T. ) ;
#4005 = ORIENTED_EDGE ( 'NONE', *, *, #4665, .F. ) ;
#4006 = CARTESIAN_POINT ( 'NONE',  ( -6.252970072307986626, 2.823510418520375431, 5.706181217610266643 ) ) ;
#4007 = CARTESIAN_POINT ( 'NONE',  ( -6.274932216216090097, -15.27422889192055067, 3.500000000000000000 ) ) ;
#4008 = AXIS2_PLACEMENT_3D ( 'NONE', #5443, #4789, #5482 ) ;
#4009 = CYLINDRICAL_SURFACE ( 'NONE', #989, 14.93707874011464298 ) ;
#4010 = VERTEX_POINT ( 'NONE', #569 ) ;
#4011 = DIRECTION ( 'NONE',  ( 0.000000000000000000, 0.000000000000000000, -1.000000000000000000 ) ) ;
#4012 = CYLINDRICAL_SURFACE ( 'NONE', #3986, 1.779502281109934803 ) ;
#4013 = DIRECTION ( 'NONE',  ( 1.000000000000000000, 0.000000000000000000, 0.000000000000000000 ) ) ;
#4014 = VERTEX_POINT ( 'NONE', #5253 ) ;
#4015 = CARTESIAN_POINT ( 'NONE',  ( 16.93394325256435806, -0.2126779821698816242, -6.500000000000000888 ) ) ;
#4017 = CARTESIAN_POINT ( 'NONE',  ( 2.979062698963860001, -16.24198349945379860, 3.501999999999999780 ) ) ;
#4016 = DIRECTION ( 'NONE',  ( 0.9594929736144973687, -0.2817325568414295600, 0.000000000000000000 ) ) ;
#4018 = EDGE_CURVE ( 'NONE', #4000, #2045, #2372, .T. ) ;
#4019 = DIRECTION ( 'NONE',  ( 0.000000000000000000, 0.000000000000000000, -1.000000000000000000 ) ) ;
#4020 = VERTEX_POINT ( 'NONE', #2885 ) ;
#4021 = CARTESIAN_POINT ( 'NONE',  ( -4.987689431174374910, -4.676633809394166619, 5.483343345075497588 ) ) ;
#4022 = CARTESIAN_POINT ( 'NONE',  ( 4.498523480811127406, -5.145539056212940388, 5.972296026331013863 ) ) ;
#4023 = CARTESIAN_POINT ( 'NONE',  ( -3.585971978131335725, -7.233010558860469175, 5.000122567521654737 ) ) ;
#4024 = ORIENTED_EDGE ( 'NONE', *, *, #458, .F. ) ;
#4025 = CARTESIAN_POINT ( 'NONE',  ( 8.216139357976285140, 3.525181419028728502, 5.000033205173644468 ) ) ;
#4026 = CARTESIAN_POINT ( 'NONE',  ( -7.442519476624836372, -3.554080484115646144, 5.000465572623694399 ) ) ;
#4027 = CIRCLE ( 'NONE', #4757, 1.779502281109926587 ) ;
#4029 = EDGE_CURVE ( 'NONE', #6410, #2852, #4287, .T. ) ;
#4028 = CYLINDRICAL_SURFACE ( 'NONE', #2178, 2.149999999999999023 ) ;
#4030 = CARTESIAN_POINT ( 'NONE',  ( -4.832161620284267656, 4.832161620284265879, 5.000000000000000000 ) ) ;
#4031 = VERTEX_POINT ( 'NONE', #2352 ) ;
#4032 = CARTESIAN_POINT ( 'NONE',  ( -2.546031784417556842, 6.341710652641929791, 7.607300918301278969 ) ) ;
#4033 =( BOUNDED_SURFACE ( )  B_SPLINE_SURFACE ( 2, 3, ( 
 ( #3348, #6713, #5639, #5710, #2249, #1560, #3605, #5296, #4160, #1170 ),
 ( #2894, #575, #169, #5743, #4006, #4650, #5884, #5852, #6345, #616 ),
 ( #686, #649, #5820, #5184, #6306, #87, #4122, #6977, #2968, #3000 ) ),
 .UNSPECIFIED., .F., .F., .T. ) 
 B_SPLINE_SURFACE_WITH_KNOTS ( ( 3, 3 ),
 ( 4, 2, 2, 2, 4 ),
 ( 0.000000000000000000, 1.000000000000000000 ),
 ( 0.6672226289164431279, 1.119009477855668511, 1.344902902325281424, 1.457849614560087659, 1.570796326794894116 ),
 .UNSPECIFIED. ) 
 GEOMETRIC_REPRESENTATION_ITEM ( )  RATIONAL_B_SPLINE_SURFACE ( (
 ( 1.000000000000000000, 1.000000000000000000, 1.000000000000000000, 1.000000000000000000, 1.000000000000000000, 1.000000000000000000, 1.000000000000000000, 1.000000000000000000, 1.000000000000000000, 1.000000000000000000),
 ( 0.9155493925626901897, 0.8952765722139937044, 0.8764201585962123620, 0.8386775425583504751, 0.8247281182073030736, 0.7956258822319841606, 0.7845977683265299429, 0.7557605393047972520, 0.7393186088955916446, 0.7071067811865471286),
 ( 1.000000000000000000, 1.000000000000000000, 1.000000000000000000, 1.000000000000000000, 1.000000000000000000, 1.000000000000000000, 1.000000000000000000, 1.000000000000000000, 1.000000000000000000, 1.000000000000000000) ) ) 
 REPRESENTATION_ITEM ( '' )  SURFACE ( )  );
#4034 = VECTOR ( 'NONE', #4907, 1000.000000000000000 ) ;
#4035 = CARTESIAN_POINT ( 'NONE',  ( 1.717505811864566967, 16.42336799645854839, -6.500000000000000888 ) ) ;
#4036 = AXIS2_PLACEMENT_3D ( 'NONE', #6931, #1665, #3483 ) ;
#4037 = VECTOR ( 'NONE', #4912, 1000.000000000000000 ) ;
#4038 = LINE ( 'NONE', #2319, #4446 ) ;
#4039 = AXIS2_PLACEMENT_3D ( 'NONE', #6525, #3672, #5952 ) ;
#4040 = ORIENTED_EDGE ( 'NONE', *, *, #5056, .F. ) ;
#4041 = FACE_BOUND ( 'NONE', #1789, .T. ) ;
#4042 = DIRECTION ( 'NONE',  ( 0.9594929736144977017, -0.2817325568414285608, 0.000000000000000000 ) ) ;
#4043 = DIRECTION ( 'NONE',  ( 0.000000000000000000, 0.000000000000000000, 1.000000000000000000 ) ) ;
#4044 = AXIS2_PLACEMENT_3D ( 'NONE', #5752, #5040, #441 ) ;
#4045 = EDGE_CURVE ( 'NONE', #105, #7080, #5124, .T. ) ;
#4046 = ORIENTED_EDGE ( 'NONE', *, *, #2735, .T. ) ;
#4047 = DIRECTION ( 'NONE',  ( 0.000000000000000000, 0.000000000000000000, 1.000000000000000000 ) ) ;
#4048 = CARTESIAN_POINT ( 'NONE',  ( -11.04332294047803842, -10.05789936917805960, 3.500000000000000000 ) ) ;
#4049 = CARTESIAN_POINT ( 'NONE',  ( 4.738426506668380611, 15.97502402572244939, 3.500000000000000000 ) ) ;
#4050 = ORIENTED_EDGE ( 'NONE', *, *, #466, .T. ) ;
#4051 = CARTESIAN_POINT ( 'NONE',  ( 6.667453257840979752, -15.09865203729069805, 3.501999999999999780 ) ) ;
#4053 = ORIENTED_EDGE ( 'NONE', *, *, #310, .F. ) ;
#4052 = CARTESIAN_POINT ( 'NONE',  ( -4.097847410155707415, 5.468890168578983690, 6.838661043938521367 ) ) ;
#4054 = FACE_OUTER_BOUND ( 'NONE', #546, .T. ) ;
#4055 = VERTEX_POINT ( 'NONE', #2471 ) ;
#4056 = EDGE_CURVE ( 'NONE', #2476, #3261, #7112, .T. ) ;
#4057 = VERTEX_POINT ( 'NONE', #233 ) ;
#4058 = EDGE_CURVE ( 'NONE', #2932, #6786, #198, .T. ) ;
#4059 = ORIENTED_EDGE ( 'NONE', *, *, #3160, .T. ) ;
#4060 = EDGE_CURVE ( 'NONE', #3576, #6857, #1934, .T. ) ;
#4061 = CARTESIAN_POINT ( 'NONE',  ( -6.505213034913029562E-16, 1.058181320345851949E-13, -6.500000000000000888 ) ) ;
#4062 = FACE_OUTER_BOUND ( 'NONE', #6024, .T. ) ;
#4063 = FACE_OUTER_BOUND ( 'NONE', #6542, .T. ) ;
#4064 = CARTESIAN_POINT ( 'NONE',  ( 3.520532626105391305, -7.919872776683977378, 5.000004825766222183 ) ) ;
#4065 = EDGE_LOOP ( 'NONE', ( #5230, #2396 ) ) ;
#4066 = CARTESIAN_POINT ( 'NONE',  ( 7.515728569296405759, 3.545715854948296109, 5.000464572057684798 ) ) ;
#4067 = ADVANCED_FACE ( 'NONE', ( #2545 ), #1355, .T. ) ;
#4068 = CARTESIAN_POINT ( 'NONE',  ( -7.382244865352796559, -3.561816187688496615, 5.000398554323494338 ) ) ;
#4069 = CARTESIAN_POINT ( 'NONE',  ( 5.308586851878306589, -4.303310061471444570, 6.430872809966543535 ) ) ;
#4070 = DIRECTION ( 'NONE',  ( 1.000000000000000000, 0.000000000000000000, 0.000000000000000000 ) ) ;
#4071 = FACE_OUTER_BOUND ( 'NONE', #7375, .T. ) ;
#4072 = ORIENTED_EDGE ( 'NONE', *, *, #3571, .T. ) ;
#4073 = DIRECTION ( 'NONE',  ( 0.000000000000000000, 0.000000000000000000, -1.000000000000000000 ) ) ;
#4074 = ORIENTED_EDGE ( 'NONE', *, *, #1578, .F. ) ;
#4075 = CARTESIAN_POINT ( 'NONE',  ( -9.939567796041161414E-16, -1.084202172485504040E-15, 8.000000000000000000 ) ) ;
#4076 = AXIS2_PLACEMENT_3D ( 'NONE', #4344, #2202, #977 ) ;
#4077 = AXIS2_PLACEMENT_3D ( 'NONE', #4405, #3434, #2261 ) ;
#4078 = DIRECTION ( 'NONE',  ( -0.000000000000000000, -0.000000000000000000, 1.000000000000000000 ) ) ;
#4079 = VERTEX_POINT ( 'NONE', #3106 ) ;
#4080 = DIRECTION ( 'NONE',  ( 0.000000000000000000, 0.000000000000000000, -1.000000000000000000 ) ) ;
#4081 = CIRCLE ( 'NONE', #2895, 1.779502281109937689 ) ;
#4082 = CIRCLE ( 'NONE', #4687, 0.4299999999999825073 ) ;
#4083 = CARTESIAN_POINT ( 'NONE',  ( -3.564764568823461488, -8.632254220552331603, 5.000060809317914412 ) ) ;
#4084 = CARTESIAN_POINT ( 'NONE',  ( 5.378557538974660268, -4.215563900628521488, 6.615020852396892082 ) ) ;
#4085 = EDGE_CURVE ( 'NONE', #4880, #1661, #2131, .T. ) ;
#4086 = AXIS2_PLACEMENT_3D ( 'NONE', #7020, #4095, #2980 ) ;
#4087 = ADVANCED_FACE ( 'NONE', ( #6556 ), #7184, .F. ) ;
#4088 = DIRECTION ( 'NONE',  ( 0.000000000000000000, 0.000000000000000000, -1.000000000000000000 ) ) ;
#4089 = DIRECTION ( 'NONE',  ( 0.000000000000000000, 0.000000000000000000, -1.000000000000000000 ) ) ;
#4090 = EDGE_CURVE ( 'NONE', #7284, #6409, #3144, .T. ) ;
#4091 = ORIENTED_EDGE ( 'NONE', *, *, #6368, .T. ) ;
#4092 = CARTESIAN_POINT ( 'NONE',  ( -2.553928971772980283, 16.30649174702565318, -6.500000000000000888 ) ) ;
#4094 = CARTESIAN_POINT ( 'NONE',  ( 7.966904325145883092, -3.520034270635938434, 5.000071123342771706 ) ) ;
#4093 = CARTESIAN_POINT ( 'NONE',  ( 3.959187562251937020, -5.580101938189504729, 7.121703808737288810 ) ) ;
#4095 = DIRECTION ( 'NONE',  ( 0.000000000000000000, 0.000000000000000000, 1.000000000000000000 ) ) ;
#4096 = CIRCLE ( 'NONE', #3974, 2.149999999999999023 ) ;
#4097 = CARTESIAN_POINT ( 'NONE',  ( -3.519926621749564166, 7.990259230654070066, 5.000081295794447378 ) ) ;
#4098 = CARTESIAN_POINT ( 'NONE',  ( 8.000000000000000000, -8.000000000000000000, 2.669999999999999929 ) ) ;
#4099 = DIRECTION ( 'NONE',  ( -1.000000000000000000, 0.000000000000000000, 0.000000000000000000 ) ) ;
#4100 = CARTESIAN_POINT ( 'NONE',  ( -9.939567796041161414E-16, -1.084202172485504040E-15, -6.500000000000000888 ) ) ;
#4101 = EDGE_CURVE ( 'NONE', #2649, #2031, #6081, .T. ) ;
#4102 = AXIS2_PLACEMENT_3D ( 'NONE', #922, #3659, #218 ) ;
#4103 = VERTEX_POINT ( 'NONE', #1468 ) ;
#4104 = CARTESIAN_POINT ( 'NONE',  ( 8.598783736291620627, 3.560103095098050119, 5.000024887483041525 ) ) ;
#4105 = VERTEX_POINT ( 'NONE', #1426 ) ;
#4106 = MANIFOLD_SOLID_BREP ( 'Boss-Extrude3', #163 ) ;
#4107 = CIRCLE ( 'NONE', #1582, 1.779502281109936135 ) ;
#4108 = CARTESIAN_POINT ( 'NONE',  ( -7.228418854522034920, -3.586783034839454043, 5.000115430002873396 ) ) ;
#4109 = CARTESIAN_POINT ( 'NONE',  ( 5.578324209761669650, -4.204323882826841441, 4.999999996701160576 ) ) ;
#4110 = DIRECTION ( 'NONE',  ( 0.000000000000000000, 0.000000000000000000, 1.000000000000000000 ) ) ;
#4112 = CARTESIAN_POINT ( 'NONE',  ( 3.541920374099205571, -8.443998181796798619, 5.000046928936406232 ) ) ;
#4111 = CARTESIAN_POINT ( 'NONE',  ( 3.561932185339838686, 7.384362057887062569, 5.000389848105965207 ) ) ;
#4113 = ORIENTED_EDGE ( 'NONE', *, *, #5025, .T. ) ;
#4114 = CARTESIAN_POINT ( 'NONE',  ( 3.852523501034209819, 14.43171451914776071, 3.501999999999999780 ) ) ;
#4115 = CARTESIAN_POINT ( 'NONE',  ( -3.614018877313588618, 8.915428142352281426, 5.000483509580139874 ) ) ;
#4116 = CIRCLE ( 'NONE', #5567, 0.4299999999999651323 ) ;
#4117 = ADVANCED_FACE ( 'NONE', ( #7037 ), #199, .T. ) ;
#4118 = ORIENTED_EDGE ( 'NONE', *, *, #3706, .T. ) ;
#4119 = ORIENTED_EDGE ( 'NONE', *, *, #1791, .F. ) ;
#4120 = CARTESIAN_POINT ( 'NONE',  ( 5.850000000000000533, 8.000000000000000000, 2.669999999999999929 ) ) ;
#4121 = EDGE_LOOP ( 'NONE', ( #3815, #4308, #1436, #5609 ) ) ;
#4122 = CARTESIAN_POINT ( 'NONE',  ( -6.151366235610070454, 2.978903736704243688, 7.928906461756788815 ) ) ;
#4123 = DIRECTION ( 'NONE',  ( 1.000000000000000000, 0.000000000000000000, 0.000000000000000000 ) ) ;
#4124 = CARTESIAN_POINT ( 'NONE',  ( 5.755055314407948153, -3.684973937824056911, 7.423707375560949728 ) ) ;
#4125 = DIRECTION ( 'NONE',  ( 1.000000000000000000, 0.000000000000000000, 0.000000000000000000 ) ) ;
#4126 = DIRECTION ( 'NONE',  ( 0.000000000000000000, 0.000000000000000000, -1.000000000000000000 ) ) ;
#4127 = ORIENTED_EDGE ( 'NONE', *, *, #2216, .T. ) ;
#4128 = EDGE_CURVE ( 'NONE', #5334, #3819, #5499, .T. ) ;
#4129 = DIRECTION ( 'NONE',  ( -0.000000000000000000, -0.000000000000000000, -1.000000000000000000 ) ) ;
#4130 = AXIS2_PLACEMENT_3D ( 'NONE', #5154, #2296, #6885 ) ;
#4132 = CARTESIAN_POINT ( 'NONE',  ( 8.629948228451418402, -3.564447396972706184, 5.000055405647854556 ) ) ;
#4131 = CARTESIAN_POINT ( 'NONE',  ( 2.823510418524514343, -6.252970072306090366, 5.706181217613417012 ) ) ;
#4133 = CARTESIAN_POINT ( 'NONE',  ( -6.505213034913029562E-16, 1.058181320345851949E-13, 3.500000000000000000 ) ) ;
#4134 = EDGE_CURVE ( 'NONE', #4206, #4921, #3092, .T. ) ;
#4135 = AXIS2_PLACEMENT_3D ( 'NONE', #1484, #7128, #4922 ) ;
#4136 = CARTESIAN_POINT ( 'NONE',  ( 2.975588692837369376, 6.151930151485743181, 7.925570917608662391 ) ) ;
#4137 = DIRECTION ( 'NONE',  ( 0.000000000000000000, 0.000000000000000000, -1.000000000000000000 ) ) ;
#4138 = CARTESIAN_POINT ( 'NONE',  ( 13.42962847247680003, -6.539220166001540768, 3.500000000000000000 ) ) ;
#4139 = DIRECTION ( 'NONE',  ( -1.000000000000000000, 0.000000000000000000, 0.000000000000000000 ) ) ;
#4140 = ORIENTED_EDGE ( 'NONE', *, *, #1954, .F. ) ;
#4141 = CARTESIAN_POINT ( 'NONE',  ( 8.889765511762492523, 3.608634907685041693, 5.000552688567792892 ) ) ;
#4142 = B_SPLINE_CURVE_WITH_KNOTS ( 'NONE', 3,
 ( #118, #3705, #4222, #6522, #5983, #3635, #785, #3104, #161, #818, #5438, #4149, #2389, #6453, #6967, #1279, #1827, #1898, #4112, #6418, #2431, #1240, #2469, #5845, #4182, #4719, #3599, #5874, #712, #4752, #6483, #2123, #4372, #2537, #379, #6627, #4406, #929, #860, #6058, #3811, #971, #7256, #6663, #2011 ),
 .UNSPECIFIED., .F., .F.,
 ( 4, 2, 2, 2, 2, 2, 2, 2, 2, 1, 1, 2, 2, 1, 2, 1, 2, 2, 1, 2, 2, 2, 2, 2, 4 ),
 ( 0.5878256724431406566, 0.6393474633877510582, 0.6522279111239036586, 0.6651083588600562591, 0.6908692543323614599, 0.7037497020685151705, 0.7166301498046687701, 0.7423910452769760804, 0.7939128362215905899, 0.8196737316938979001, 0.8325541794300514997, 0.8389944032981273558, 0.8422145152321651729, 0.8454346271662032120, 0.8711955226385013074, 0.8840759703746513543, 0.8905161942427263222, 0.8937363061767636951, 0.8969564181108011791, 0.9227173135831008288, 0.9355977613192505427, 0.9484782090554002565, 0.9613586567915500813, 0.9742391045276997952, 1.000000000000000000 ),
 .UNSPECIFIED. ) ;
#4143 = ORIENTED_EDGE ( 'NONE', *, *, #205, .F. ) ;
#4144 = EDGE_CURVE ( 'NONE', #7406, #3629, #789, .T. ) ;
#4145 = CARTESIAN_POINT ( 'NONE',  ( -12.56297947147814043, -10.94648917145244127, -6.500000000000000888 ) ) ;
#4146 = CARTESIAN_POINT ( 'NONE',  ( 4.832161620284265879, -4.832161620284268544, 5.000000000000000000 ) ) ;
#4147 = DIRECTION ( 'NONE',  ( 0.6548607339452872100, -0.7557495743542563815, 0.000000000000000000 ) ) ;
#4149 = CARTESIAN_POINT ( 'NONE',  ( 3.524470648944586504, -8.201487197634099502, 5.000042871641144693 ) ) ;
#4148 = CARTESIAN_POINT ( 'NONE',  ( -8.653942141310633218, 3.567815297009985898, 5.000138464076064437 ) ) ;
#4150 = VERTEX_POINT ( 'NONE', #3945 ) ;
#4151 = CARTESIAN_POINT ( 'NONE',  ( 2.553928971772980283, -16.30649174702565318, 3.500000000000000000 ) ) ;
#4152 = DIRECTION ( 'NONE',  ( -0.000000000000000000, -0.000000000000000000, 1.000000000000000000 ) ) ;
#4153 = VERTEX_POINT ( 'NONE', #5616 ) ;
#4154 = AXIS2_PLACEMENT_3D ( 'NONE', #6155, #504, #431 ) ;
#4155 = ORIENTED_EDGE ( 'NONE', *, *, #5484, .F. ) ;
#4156 = ADVANCED_FACE ( 'NONE', ( #5196 ), #1006, .F. ) ;
#4157 = LINE ( 'NONE', #6460, #6000 ) ;
#4158 = EDGE_CURVE ( 'NONE', #451, #5599, #2377, .T. ) ;
#4159 = VERTEX_POINT ( 'NONE', #1145 ) ;
#4160 = CARTESIAN_POINT ( 'NONE',  ( -8.860594278224283471, 3.594911699844185016, 4.999999999999722000 ) ) ;
#4161 = AXIS2_PLACEMENT_3D ( 'NONE', #6784, #1054, #1706 ) ;
#4162 = CARTESIAN_POINT ( 'NONE',  ( -5.137792413316268458, 4.514003015958285125, 5.971671770308186744 ) ) ;
#4163 = CIRCLE ( 'NONE', #2015, 17.43527874010850098 ) ;
#4164 = CARTESIAN_POINT ( 'NONE',  ( 5.495406354757927048, -4.062035956074401710, 6.900097096059631063 ) ) ;
#4165 = AXIS2_PLACEMENT_3D ( 'NONE', #4797, #6034, #321 ) ;
#4166 = DIRECTION ( 'NONE',  ( 0.000000000000000000, 0.000000000000000000, 1.000000000000000000 ) ) ;
#4167 =( NAMED_UNIT ( * ) PLANE_ANGLE_UNIT ( ) SI_UNIT ( $, .RADIAN. ) );
#4168 = VERTEX_POINT ( 'NONE', #6234 ) ;
#4169 = CARTESIAN_POINT ( 'NONE',  ( 8.480277776940329915, -3.544115537425324813, 5.000000000000122569 ) ) ;
#4170 = FACE_OUTER_BOUND ( 'NONE', #5552, .T. ) ;
#4171 = CARTESIAN_POINT ( 'NONE',  ( 2.601172726902943655, -6.319572999273582958, 8.000000000000001776 ) ) ;
#4172 = DIRECTION ( 'NONE',  ( 0.000000000000000000, 0.000000000000000000, 1.000000000000000000 ) ) ;
#4173 = CYLINDRICAL_SURFACE ( 'NONE', #257, 2.149999999999999023 ) ;
#4174 = FACE_OUTER_BOUND ( 'NONE', #7315, .T. ) ;
#4175 = CYLINDRICAL_SURFACE ( 'NONE', #4839, 0.4299999999999995492 ) ;
#4176 = ORIENTED_EDGE ( 'NONE', *, *, #2981, .F. ) ;
#4177 = FACE_OUTER_BOUND ( 'NONE', #4223, .T. ) ;
#4178 = CARTESIAN_POINT ( 'NONE',  ( 13.99609199792524095, 8.748350420181520093, 3.500000000000000000 ) ) ;
#4179 = CARTESIAN_POINT ( 'NONE',  ( 4.988384896613601072, -4.672183837314134003, 5.491312663326447741 ) ) ;
#4180 = DIRECTION ( 'NONE',  ( -1.000000000000000000, 0.000000000000000000, 0.000000000000000000 ) ) ;
#4182 = CARTESIAN_POINT ( 'NONE',  ( 3.554993977990021037, -8.560236892467550263, 5.000015304367902758 ) ) ;
#4181 = CARTESIAN_POINT ( 'NONE',  ( -8.301088240720712719, 3.530126372486249942, 4.999999985902304545 ) ) ;
#4183 = VERTEX_POINT ( 'NONE', #5153 ) ;
#4184 = CARTESIAN_POINT ( 'NONE',  ( 0.000000000000000000, 1.067602915065788140E-15, 3.500000000000000000 ) ) ;
#4185 = CARTESIAN_POINT ( 'NONE',  ( 14.13075718784739898, 9.334097026668938923, 3.500000000000000000 ) ) ;
#4186 = DIRECTION ( 'NONE',  ( 0.000000000000000000, 0.000000000000000000, -1.000000000000000000 ) ) ;
#4187 = CYLINDRICAL_SURFACE ( 'NONE', #2900, 1.779502281109935469 ) ;
#4188 = ORIENTED_EDGE ( 'NONE', *, *, #6699, .T. ) ;
#4189 = DIRECTION ( 'NONE',  ( -0.8412535328311813165, -0.5406408174555974444, 0.000000000000000000 ) ) ;
#4190 = EDGE_CURVE ( 'NONE', #6563, #6741, #7396, .T. ) ;
#4191 = CARTESIAN_POINT ( 'NONE',  ( -3.629144083206571558, -8.984179683113977077, 5.000282373818433435 ) ) ;
#4192 = EDGE_CURVE ( 'NONE', #6147, #6157, #7164, .T. ) ;
#4193 = CARTESIAN_POINT ( 'NONE',  ( 5.861429229749843373, -3.513421210591370691, 7.596150490186303728 ) ) ;
#4194 = AXIS2_PLACEMENT_3D ( 'NONE', #328, #1485, #5530 ) ;
#4195 = CARTESIAN_POINT ( 'NONE',  ( 10.92864321246269377, 12.93709486476247150, -6.500000000000000888 ) ) ;
#4196 = DIRECTION ( 'NONE',  ( 0.6548607339452872100, -0.7557495743542563815, 0.000000000000000000 ) ) ;
#4197 = CIRCLE ( 'NONE', #6957, 0.4300000000000004374 ) ;
#4198 = EDGE_LOOP ( 'NONE', ( #536, #869, #854, #1674 ) ) ;
#4199 = DIRECTION ( 'NONE',  ( 1.000000000000000000, 1.776356839400250465E-15, 0.000000000000000000 ) ) ;
#4200 = CARTESIAN_POINT ( 'NONE',  ( 2.546031784417476906, -6.341710652641962653, 5.000000000000026645 ) ) ;
#4201 = CARTESIAN_POINT ( 'NONE',  ( 12.56297947147814043, -10.94648917145241995, 3.500000000000000000 ) ) ;
#4202 = EDGE_CURVE ( 'NONE', #5583, #4000, #5736, .T. ) ;
#4203 = VERTEX_POINT ( 'NONE', #513 ) ;
#4204 = AXIS2_PLACEMENT_3D ( 'NONE', #2032, #6080, #3832 ) ;
#4205 = CIRCLE ( 'NONE', #246, 1.779502281109934136 ) ;
#4206 = VERTEX_POINT ( 'NONE', #6200 ) ;
#4207 = AXIS2_PLACEMENT_3D ( 'NONE', #5741, #6974, #1249 ) ;
#4208 = CARTESIAN_POINT ( 'NONE',  ( 4.062035956077336252, 5.495406354755755451, 6.900097096054171431 ) ) ;
#4209 = CYLINDRICAL_SURFACE ( 'NONE', #4464, 0.4300000000000004374 ) ;
#4210 = DIRECTION ( 'NONE',  ( 0.000000000000000000, 0.000000000000000000, 1.000000000000000000 ) ) ;
#4211 = DIRECTION ( 'NONE',  ( 1.000000000000000000, 0.000000000000000000, 0.000000000000000000 ) ) ;
#4212 = AXIS2_PLACEMENT_3D ( 'NONE', #1172, #1033, #7421 ) ;
#4213 = CIRCLE ( 'NONE', #1691, 16.93527874010846546 ) ;
#4214 = ORIENTED_EDGE ( 'NONE', *, *, #3040, .T. ) ;
#4215 = EDGE_LOOP ( 'NONE', ( #1504, #2392, #4243, #6098 ) ) ;
#4216 = FACE_OUTER_BOUND ( 'NONE', #4962, .T. ) ;
#4217 = DIRECTION ( 'NONE',  ( -1.000000000000000000, 0.000000000000000000, 0.000000000000000000 ) ) ;
#4218 = DIRECTION ( 'NONE',  ( 0.000000000000000000, 0.000000000000000000, -1.000000000000000000 ) ) ;
#4219 = LINE ( 'NONE', #3668, #2912 ) ;
#4220 = AXIS2_PLACEMENT_3D ( 'NONE', #3941, #3352, #5611 ) ;
#4222 = CARTESIAN_POINT ( 'NONE',  ( 3.520186283237197955, -8.056184619545515346, 5.000077951944664534 ) ) ;
#4221 = CARTESIAN_POINT ( 'NONE',  ( -8.052189924468677873, 3.520180800792351405, 5.000118358448842670 ) ) ;
#4223 = EDGE_LOOP ( 'NONE', ( #6508, #6433, #5877, #6238 ) ) ;
#4224 = DIRECTION ( 'NONE',  ( -1.000000000000000000, 0.000000000000000000, 0.000000000000000000 ) ) ;
#4225 = ORIENTED_EDGE ( 'NONE', *, *, #2582, .T. ) ;
#4226 = DIRECTION ( 'NONE',  ( 0.1423148382732853656, 0.9898214418809326842, 0.000000000000000000 ) ) ;
#4227 = CIRCLE ( 'NONE', #613, 16.93527874010848677 ) ;
#4228 = CIRCLE ( 'NONE', #6752, 16.93527874010839795 ) ;
#4229 = DIRECTION ( 'NONE',  ( -1.000000000000000000, 0.000000000000000000, 0.000000000000000000 ) ) ;
#4230 = CYLINDRICAL_SURFACE ( 'NONE', #4692, 0.4299999999999999378 ) ;
#4231 = VERTEX_POINT ( 'NONE', #585 ) ;
#4232 = LINE ( 'NONE', #1476, #3806 ) ;
#4233 = CARTESIAN_POINT ( 'NONE',  ( -8.860594278219720010, -3.594911699843228448, 5.000000000000167866 ) ) ;
#4234 =( BOUNDED_SURFACE ( )  B_SPLINE_SURFACE ( 3, 2, ( 
 ( #665, #7439, #4706 ),
 ( #6888, #4629, #1738 ),
 ( #6323, #3474, #5758 ),
 ( #5798, #594, #4664 ),
 ( #2916, #6405, #5205 ),
 ( #36, #851, #1414 ) ),
 .UNSPECIFIED., .F., .F., .T. ) 
 B_SPLINE_SURFACE_WITH_KNOTS ( ( 4, 2, 4 ),
 ( 3, 3 ),
 ( 0.004572695605103122875, 0.005447210325852033797, 0.006321725046600944718 ),
 ( 0.000000000000000000, 1.000000000000000000 ),
 .UNSPECIFIED. ) 
 GEOMETRIC_REPRESENTATION_ITEM ( )  RATIONAL_B_SPLINE_SURFACE ( (
 ( 1.000000000000000000, 0.9155493925627075091, 1.000000000000000000),
 ( 1.000000000000000000, 0.9391694711553049135, 1.000000000000000000),
 ( 1.000000000000000000, 0.9607223642401298003, 1.000000000000000000),
 ( 1.000000000000000000, 0.9912792382434759686, 1.000000000000000000),
 ( 1.000000000000000000, 1.000123610408597097, 1.000000000000000000),
 ( 1.000000000000000000, 1.000000000000000000, 1.000000000000000000) ) ) 
 REPRESENTATION_ITEM ( '' )  SURFACE ( )  );
#4235 = ADVANCED_FACE ( 'NONE', ( #2295 ), #2258, .F. ) ;
#4236 = ADVANCED_FACE ( 'NONE', ( #6843 ), #6806, .T. ) ;
#4237 = FACE_OUTER_BOUND ( 'NONE', #1306, .T. ) ;
#4238 = CARTESIAN_POINT ( 'NONE',  ( -16.30791787812275118, 4.566780100418109889, 3.500000000000000000 ) ) ;
#4239 = ORIENTED_EDGE ( 'NONE', *, *, #2711, .F. ) ;
#4240 = CARTESIAN_POINT ( 'NONE',  ( 16.18808125472154913, 4.974906159487169077, 3.500000000000000000 ) ) ;
#4241 = DIRECTION ( 'NONE',  ( -1.000000000000000000, 0.000000000000000000, 0.000000000000000000 ) ) ;
#4242 = DIRECTION ( 'NONE',  ( -0.000000000000000000, -0.000000000000000000, -1.000000000000000000 ) ) ;
#4243 = ORIENTED_EDGE ( 'NONE', *, *, #6647, .F. ) ;
#4244 = ORIENTED_EDGE ( 'NONE', *, *, #6309, .T. ) ;
#4245 = VERTEX_POINT ( 'NONE', #1074 ) ;
#4246 = CARTESIAN_POINT ( 'NONE',  ( 3.638274156634533352, 5.784850640605958993, 7.475141481356582851 ) ) ;
#4247 = CARTESIAN_POINT ( 'NONE',  ( 3.594911699843551744, 8.860594278221491038, 4.999999999999777067 ) ) ;
#4248 = DIRECTION ( 'NONE',  ( 0.1423148382732853656, 0.9898214418809326842, 0.000000000000000000 ) ) ;
#4249 = EDGE_CURVE ( 'NONE', #3333, #1425, #2908, .T. ) ;
#4250 = CYLINDRICAL_SURFACE ( 'NONE', #619, 14.93707874011464298 ) ;
#4251 = ORIENTED_EDGE ( 'NONE', *, *, #4571, .F. ) ;
#4252 = CARTESIAN_POINT ( 'NONE',  ( 8.000000000000000000, -8.000000000000000000, 5.000000000000000000 ) ) ;
#4253 = ORIENTED_EDGE ( 'NONE', *, *, #4911, .T. ) ;
#4254 = DIRECTION ( 'NONE',  ( -0.000000000000000000, -0.000000000000000000, 1.000000000000000000 ) ) ;
#4255 = DIRECTION ( 'NONE',  ( -1.000000000000000000, 0.000000000000000000, 0.000000000000000000 ) ) ;
#4256 = DIRECTION ( 'NONE',  ( -0.4154150130018866016, -0.9096319953545183301, 0.000000000000000000 ) ) ;
#4258 = CARTESIAN_POINT ( 'NONE',  ( 7.228072953726414340, 15.31530696332198538, -6.500000000000000888 ) ) ;
#4257 = CARTESIAN_POINT ( 'NONE',  ( 3.569234576768329337, 7.335488998099013003, 5.000307961690269920 ) ) ;
#4259 = VERTEX_POINT ( 'NONE', #3048 ) ;
#4260 = DIRECTION ( 'NONE',  ( 0.000000000000000000, 0.000000000000000000, -1.000000000000000000 ) ) ;
#4261 = ORIENTED_EDGE ( 'NONE', *, *, #2388, .T. ) ;
#4262 = CARTESIAN_POINT ( 'NONE',  ( 6.085802726076601150E-12, -8.774161063371330422E-13, -6.500000000000000888 ) ) ;
#4263 = ORIENTED_EDGE ( 'NONE', *, *, #4249, .T. ) ;
#4264 = DIRECTION ( 'NONE',  ( -0.000000000000000000, -0.000000000000000000, 1.000000000000000000 ) ) ;
#4265 = DIRECTION ( 'NONE',  ( -1.000000000000000000, -1.949672663408784230E-15, 0.000000000000000000 ) ) ;
#4266 = ORIENTED_EDGE ( 'NONE', *, *, #5526, .F. ) ;
#4267 = VERTEX_POINT ( 'NONE', #732 ) ;
#4268 = CARTESIAN_POINT ( 'NONE',  ( -4.498523480813628517, -5.145539056210721718, 5.972296026325415674 ) ) ;
#4269 = CARTESIAN_POINT ( 'NONE',  ( 8.308945353522021904, -3.530660723077409635, 4.999999964614455727 ) ) ;
#4270 = CARTESIAN_POINT ( 'NONE',  ( -5.580101938187245203, -3.959187562255142900, 7.121703808732630314 ) ) ;
#4271 = AXIS2_PLACEMENT_3D ( 'NONE', #2817, #2741, #5029 ) ;
#4272 = DIRECTION ( 'NONE',  ( 0.000000000000000000, 0.000000000000000000, -1.000000000000000000 ) ) ;
#4273 = ORIENTED_EDGE ( 'NONE', *, *, #2889, .F. ) ;
#4274 = CARTESIAN_POINT ( 'NONE',  ( 7.044546516529879732, 14.92643931636489896, 3.501999999999999780 ) ) ;
#4275 = ORIENTED_EDGE ( 'NONE', *, *, #5463, .T. ) ;
#4276 = DIRECTION ( 'NONE',  ( 0.000000000000000000, 0.000000000000000000, 1.000000000000000000 ) ) ;
#4277 = CARTESIAN_POINT ( 'NONE',  ( 3.521009478514664615, 8.104549738668444192, 5.000070732008584429 ) ) ;
#4278 = EDGE_LOOP ( 'NONE', ( #2525, #5395, #4411, #2747 ) ) ;
#4279 = CARTESIAN_POINT ( 'NONE',  ( 3.164695990232622602, -6.056767992094076014, 7.842157500958462535 ) ) ;
#4280 = ORIENTED_EDGE ( 'NONE', *, *, #2305, .T. ) ;
#4281 = CIRCLE ( 'NONE', #6678, 16.93527874010839795 ) ;
#4282 = ORIENTED_EDGE ( 'NONE', *, *, #2596, .F. ) ;
#4283 = AXIS2_PLACEMENT_3D ( 'NONE', #6424, #2395, #5850 ) ;
#4284 = CARTESIAN_POINT ( 'NONE',  ( 2.924536916365779504, 6.176362722712675613, 7.942518951422380624 ) ) ;
#4285 = CYLINDRICAL_SURFACE ( 'NONE', #492, 16.93527874010839795 ) ;
#4286 = DIRECTION ( 'NONE',  ( 0.000000000000000000, 0.000000000000000000, -1.000000000000000000 ) ) ;
#4287 = CIRCLE ( 'NONE', #1026, 14.93707874011464121 ) ;
#4288 = DIRECTION ( 'NONE',  ( 0.000000000000000000, 0.000000000000000000, -1.000000000000000000 ) ) ;
#4289 = ORIENTED_EDGE ( 'NONE', *, *, #7210, .T. ) ;
#4290 = CARTESIAN_POINT ( 'NONE',  ( 8.849684903834921457, 3.600626775497826060, 5.000628478169038438 ) ) ;
#4291 = AXIS2_PLACEMENT_3D ( 'NONE', #7429, #5687, #2331 ) ;
#4292 = EDGE_CURVE ( 'NONE', #215, #5216, #2736, .T. ) ;
#4293 = CARTESIAN_POINT ( 'NONE',  ( -8.761297032524916872, -3.517432746358239548, 5.000000000000005329 ) ) ;
#4294 = CYLINDRICAL_SURFACE ( 'NONE', #3086, 1.779502281109934803 ) ;
#4295 = DIRECTION ( 'NONE',  ( 0.000000000000000000, 0.000000000000000000, 1.000000000000000000 ) ) ;
#4297 = ORIENTED_EDGE ( 'NONE', *, *, #4648, .T. ) ;
#4296 = CARTESIAN_POINT ( 'NONE',  ( -7.394567113994532370, 3.560670149260381834, 5.000398398175190273 ) ) ;
#4298 = ORIENTED_EDGE ( 'NONE', *, *, #6204, .F. ) ;
#4299 = CARTESIAN_POINT ( 'NONE',  ( -12.62296808693507977, 10.87725861868353938, 3.501999999999999780 ) ) ;
#4300 = ORIENTED_EDGE ( 'NONE', *, *, #3004, .F. ) ;
#4301 = CARTESIAN_POINT ( 'NONE',  ( 4.650532009343709916, 16.00083217872045083, -6.500000000000000888 ) ) ;
#4302 = ORIENTED_EDGE ( 'NONE', *, *, #745, .F. ) ;
#4303 = ADVANCED_FACE ( 'NONE', ( #4170 ), #5790, .F. ) ;
#4304 = EDGE_CURVE ( 'NONE', #4020, #6062, #6346, .T. ) ;
#4305 = CARTESIAN_POINT ( 'NONE',  ( 8.383895737619360133, 12.36230615819429879, 3.500000000000000000 ) ) ;
#4306 = ORIENTED_EDGE ( 'NONE', *, *, #6040, .F. ) ;
#4307 = DIRECTION ( 'NONE',  ( 0.9594929736144977017, -0.2817325568414285608, 0.000000000000000000 ) ) ;
#4308 = ORIENTED_EDGE ( 'NONE', *, *, #6017, .F. ) ;
#4309 = DIRECTION ( 'NONE',  ( 0.000000000000000000, 0.000000000000000000, -1.000000000000000000 ) ) ;
#4310 = AXIS2_PLACEMENT_3D ( 'NONE', #5347, #658, #176 ) ;
#4311 = CARTESIAN_POINT ( 'NONE',  ( 8.340925648586162922, -3.532958859891102144, 4.999999888136020587 ) ) ;
#4312 = DIRECTION ( 'NONE',  ( 0.000000000000000000, 0.000000000000000000, 1.000000000000000000 ) ) ;
#4313 = CYLINDRICAL_SURFACE ( 'NONE', #499, 16.93527874010839795 ) ;
#4314 = ORIENTED_EDGE ( 'NONE', *, *, #979, .F. ) ;
#4315 = CARTESIAN_POINT ( 'NONE',  ( 10.96445679804882012, 12.33713554324496009, 3.501999999999999780 ) ) ;
#4316 = CARTESIAN_POINT ( 'NONE',  ( 3.570028013800691902, 8.669179248506157620, 5.000201772334946781 ) ) ;
#4317 = ORIENTED_EDGE ( 'NONE', *, *, #3559, .T. ) ;
#4318 = AXIS2_PLACEMENT_3D ( 'NONE', #3349, #6716, #1065 ) ;
#4319 = CARTESIAN_POINT ( 'NONE',  ( -14.36072198411759793, -8.976264818957243818, -6.500000000000000888 ) ) ;
#4320 = ORIENTED_EDGE ( 'NONE', *, *, #4060, .F. ) ;
#4321 = ORIENTED_EDGE ( 'NONE', *, *, #3498, .F. ) ;
#4322 = CARTESIAN_POINT ( 'NONE',  ( 5.580101938189488742, 3.959187562251959669, 7.121703808737532171 ) ) ;
#4323 = FACE_OUTER_BOUND ( 'NONE', #2976, .T. ) ;
#4324 = LINE ( 'NONE', #5612, #2923 ) ;
#4325 = CARTESIAN_POINT ( 'NONE',  ( -16.01177522894684913, 4.037313039457314900, 3.501999999999999780 ) ) ;
#4326 = ORIENTED_EDGE ( 'NONE', *, *, #1034, .F. ) ;
#4327 = VERTEX_POINT ( 'NONE', #1183 ) ;
#4328 = CARTESIAN_POINT ( 'NONE',  ( -6.056767992093357478, -3.164695990234003276, 7.842157500957803506 ) ) ;
#4329 = AXIS2_PLACEMENT_3D ( 'NONE', #2499, #7028, #2006 ) ;
#4330 = CIRCLE ( 'NONE', #5298, 1.779502281109935469 ) ;
#4331 = DIRECTION ( 'NONE',  ( 0.000000000000000000, 0.000000000000000000, -1.000000000000000000 ) ) ;
#4332 = VECTOR ( 'NONE', #3583, 1000.000000000000000 ) ;
#4333 = FACE_OUTER_BOUND ( 'NONE', #2893, .T. ) ;
#4334 = AXIS2_PLACEMENT_3D ( 'NONE', #7131, #3553, #3690 ) ;
#4335 = DIRECTION ( 'NONE',  ( 0.6548607339452848786, 0.7557495743542584909, 0.000000000000000000 ) ) ;
#4336 = AXIS2_PLACEMENT_3D ( 'NONE', #2959, #6999, #3597 ) ;
#4337 = EDGE_CURVE ( 'NONE', #5449, #6186, #4549, .T. ) ;
#4339 = VERTEX_POINT ( 'NONE', #5932 ) ;
#4338 = DIRECTION ( 'NONE',  ( -1.000000000000000000, 0.000000000000000000, 0.000000000000000000 ) ) ;
#4340 = EDGE_CURVE ( 'NONE', #6401, #4499, #2875, .T. ) ;
#4341 = ORIENTED_EDGE ( 'NONE', *, *, #991, .T. ) ;
#4342 =( NAMED_UNIT ( * ) PLANE_ANGLE_UNIT ( ) SI_UNIT ( $, .RADIAN. ) );
#4343 = ORIENTED_EDGE ( 'NONE', *, *, #2485, .F. ) ;
#4344 = CARTESIAN_POINT ( 'NONE',  ( -6.505213034913029562E-16, 1.058181320345851949E-13, 3.500000000000000000 ) ) ;
#4345 = CARTESIAN_POINT ( 'NONE',  ( -2.143592709476539682, 16.36548919478289932, -6.500000000000000888 ) ) ;
#4346 = ORIENTED_EDGE ( 'NONE', *, *, #3816, .T. ) ;
#4347 = DIRECTION ( 'NONE',  ( -0.000000000000000000, -0.000000000000000000, -1.000000000000000000 ) ) ;
#4348 = CIRCLE ( 'NONE', #7343, 0.4300000000000000488 ) ;
#4349 = EDGE_LOOP ( 'NONE', ( #7287, #6330, #421, #6575 ) ) ;
#4350 = EDGE_CURVE ( 'NONE', #7133, #7284, #3827, .T. ) ;
#4351 = CARTESIAN_POINT ( 'NONE',  ( -3.523220616552835693, -5.940952272440122250, 5.577365042555779695 ) ) ;
#4352 = CARTESIAN_POINT ( 'NONE',  ( 7.540381164753090282, -3.542899146385283693, 5.000464219643138364 ) ) ;
#4353 = AXIS2_PLACEMENT_3D ( 'NONE', #3164, #5456, #251 ) ;
#4354 = CARTESIAN_POINT ( 'NONE',  ( -8.383622431532005592, -3.535594222994951963, 4.999999999999878320 ) ) ;
#4355 = CIRCLE ( 'NONE', #7101, 14.93707874011465009 ) ;
#4356 = DIRECTION ( 'NONE',  ( -0.8412535328311802063, -0.5406408174555993318, 0.000000000000000000 ) ) ;
#4357 = ORIENTED_EDGE ( 'NONE', *, *, #2104, .F. ) ;
#4358 = DIRECTION ( 'NONE',  ( 0.6548607339452852116, -0.7557495743542581579, 0.000000000000000000 ) ) ;
#4359 = CARTESIAN_POINT ( 'NONE',  ( 3.561296945764603095, 8.606909425541431347, 5.000001342644422309 ) ) ;
#4360 = ORIENTED_EDGE ( 'NONE', *, *, #2104, .T. ) ;
#4361 = CARTESIAN_POINT ( 'NONE',  ( -6.505213034913029562E-16, 1.058181320345851949E-13, -6.500000000000000888 ) ) ;
#4362 = AXIS2_PLACEMENT_3D ( 'NONE', #3055, #5353, #7060 ) ;
#4363 = ORIENTED_EDGE ( 'NONE', *, *, #464, .F. ) ;
#4364 = DIRECTION ( 'NONE',  ( -1.000000000000000000, 0.000000000000000000, 0.000000000000000000 ) ) ;
#4365 = CARTESIAN_POINT ( 'NONE',  ( 3.080516454025893136, 6.100955355753953313, 7.887515294679925404 ) ) ;
#4366 = CARTESIAN_POINT ( 'NONE',  ( 0.000000000000000000, 1.067602915065788140E-15, 4.500000000000000000 ) ) ;
#4367 = CARTESIAN_POINT ( 'NONE',  ( -6.505213034913029562E-16, 1.058181320345851949E-13, -6.500000000000000888 ) ) ;
#4368 = ORIENTED_EDGE ( 'NONE', *, *, #4761, .T. ) ;
#4369 = CARTESIAN_POINT ( 'NONE',  ( -5.843947977892496759, -3.542795732067462566, 7.570467214823270119 ) ) ;
#4370 = CARTESIAN_POINT ( 'NONE',  ( -10.65115639612647946, 12.60861188687840162, 3.501999999999999780 ) ) ;
#4371 =( BOUNDED_CURVE ( )  B_SPLINE_CURVE ( 2, ( #5419, #177, #1915 ),
 .UNSPECIFIED., .F., .F. ) 
 B_SPLINE_CURVE_WITH_KNOTS ( ( 3, 3 ),
 ( 0.000000000000000000, 1.000000000000000000 ),
 .UNSPECIFIED. ) 
 CURVE ( )  GEOMETRIC_REPRESENTATION_ITEM ( )  RATIONAL_B_SPLINE_CURVE ( ( 1.000000000000000000, 0.7071067811865470176, 1.000000000000000000 ) ) 
 REPRESENTATION_ITEM ( '' )  );
#4372 = CARTESIAN_POINT ( 'NONE',  ( 3.576130974216936931, -8.710583304906579727, 5.000365097490131916 ) ) ;
#4373 = DIRECTION ( 'NONE',  ( 0.000000000000000000, 0.000000000000000000, -1.000000000000000000 ) ) ;
#4375 = ORIENTED_EDGE ( 'NONE', *, *, #3973, .T. ) ;
#4374 = CARTESIAN_POINT ( 'NONE',  ( -7.156450007094327326, 3.599999266408123955, 4.999999999999999112 ) ) ;
#4376 = ORIENTED_EDGE ( 'NONE', *, *, #519, .F. ) ;
#4377 = ORIENTED_EDGE ( 'NONE', *, *, #1575, .T. ) ;
#4378 = VERTEX_POINT ( 'NONE', #5236 ) ;
#4379 = CARTESIAN_POINT ( 'NONE',  ( -6.505213034913029562E-16, 1.058181320345851949E-13, 3.500000000000000000 ) ) ;
#4380 = ORIENTED_EDGE ( 'NONE', *, *, #4134, .F. ) ;
#4381 = CARTESIAN_POINT ( 'NONE',  ( 3.852523501034209819, 14.43171451914776071, 3.500000000000000000 ) ) ;
#4382 = EDGE_LOOP ( 'NONE', ( #3078, #3894, #2879, #3656 ) ) ;
#4383 = CARTESIAN_POINT ( 'NONE',  ( 13.77196618806395811, -9.097096987693380044, 3.500000000000000000 ) ) ;
#4384 = ORIENTED_EDGE ( 'NONE', *, *, #5955, .T. ) ;
#4385 = CARTESIAN_POINT ( 'NONE',  ( -16.50062835264469996, -0.6372648811799760393, 3.500000000000000000 ) ) ;
#4386 = CARTESIAN_POINT ( 'NONE',  ( -3.522215763846509695, 8.144172561362555740, 5.000083848279353482 ) ) ;
#4387 = ADVANCED_FACE ( 'NONE', ( #1806 ), #2707, .F. ) ;
#4388 = ADVANCED_FACE ( 'NONE', ( #3830 ), #6112, .T. ) ;
#4389 = CARTESIAN_POINT ( 'NONE',  ( -15.13807291325679927, -6.963679117709859590, 3.501999999999999780 ) ) ;
#4390 = ORIENTED_EDGE ( 'NONE', *, *, #180, .T. ) ;
#4391 = CARTESIAN_POINT ( 'NONE',  ( 15.65269870022669885, 5.260215391104249960, 3.501999999999999780 ) ) ;
#4392 = CARTESIAN_POINT ( 'NONE',  ( 3.573102545299302601, 8.689883876892773529, 5.000296913236754293 ) ) ;
#4393 = ORIENTED_EDGE ( 'NONE', *, *, #5324, .T. ) ;
#4394 = CARTESIAN_POINT ( 'NONE',  ( 3.326259582143665220E-12, 5.171349053832919920E-12, -6.500000000000000888 ) ) ;
#4395 = ORIENTED_EDGE ( 'NONE', *, *, #2969, .T. ) ;
#4396 = CARTESIAN_POINT ( 'NONE',  ( 6.249433987874534857, 2.767263787273058107, 7.985184621004705718 ) ) ;
#4397 = ORIENTED_EDGE ( 'NONE', *, *, #7262, .F. ) ;
#4398 = DIRECTION ( 'NONE',  ( 0.8412535328311795402, -0.5406408174555999979, 0.000000000000000000 ) ) ;
#4399 = CARTESIAN_POINT ( 'NONE',  ( 16.01177522894684913, 4.037313039457320230, 3.501999999999999780 ) ) ;
#4400 = DIRECTION ( 'NONE',  ( 0.000000000000000000, 0.000000000000000000, 1.000000000000000000 ) ) ;
#4401 = EDGE_LOOP ( 'NONE', ( #2703, #3888, #1629, #119 ) ) ;
#4402 = AXIS2_PLACEMENT_3D ( 'NONE', #5046, #5160, #6736 ) ;
#4403 = CARTESIAN_POINT ( 'NONE',  ( -5.517423417846743838, -4.032079605953704515, 6.950380221328460451 ) ) ;
#4404 = CIRCLE ( 'NONE', #4283, 1.779502281109935025 ) ;
#4405 = CARTESIAN_POINT ( 'NONE',  ( -1.730008055016385027E-12, 5.900332700277130653E-12, 3.500000000000000000 ) ) ;
#4406 = CARTESIAN_POINT ( 'NONE',  ( 3.597087636976819880, -8.831026866574774203, 5.000635160827456183 ) ) ;
#4407 = CARTESIAN_POINT ( 'NONE',  ( 13.42962847247680003, 6.539220166001550538, 3.500000000000000000 ) ) ;
#4408 = CARTESIAN_POINT ( 'NONE',  ( -7.873019059902485850, 3.521768930770152739, 5.000000004333918113 ) ) ;
#4409 = ORIENTED_EDGE ( 'NONE', *, *, #156, .T. ) ;
#4410 = ORIENTED_EDGE ( 'NONE', *, *, #3665, .F. ) ;
#4411 = ORIENTED_EDGE ( 'NONE', *, *, #5805, .F. ) ;
#4412 = DIRECTION ( 'NONE',  ( -0.000000000000000000, -0.000000000000000000, 1.000000000000000000 ) ) ;
#4413 = B_SPLINE_CURVE_WITH_KNOTS ( 'NONE', 3,
 ( #3301, #6961, #5804, #1124, #4108, #3410, #2311, #3444, #6414, #2269, #4068, #4026, #3997, #6374, #6333, #5840, #1783, #1197, #3527, #2385, #2880, #672, #6295, #1235, #5699, #5213, #3563, #2989, #1160, #1089, #5167, #2344, #4635, #6892, #4559, #3481, #638, #601, #1823, #2957, #5733, #526, #5247, #2427, #4, #4599, #6821, #76, #6927, #5284, #4671, #2925, #565, #112, #1662, #3958, #5764, #6255, #2842, #5133, #7409, #42, #6861, #1744, #1704, #706, #3179, #7031, #1419, #3701, #1858, #7143, #5945, #3737, #269, #191 ),
 .UNSPECIFIED., .F., .F.,
 ( 4, 2, 2, 1, 2, 2, 2, 2, 1, 1, 2, 2, 2, 1, 1, 2, 2, 1, 2, 2, 2, 2, 2, 2, 2, 1, 2, 2, 1, 2, 2, 1, 2, 2, 2, 2, 1, 2, 2, 2, 2, 2, 4 ),
 ( 0.000000000000000000, 0.06250000000000872913, 0.09375000000001310063, 0.1093750000000152794, 0.1171875000000169864, 0.1250000000000187073, 0.2500000000000562328, 0.3125000000000749956, 0.3437500000000843769, 0.3593750000000882072, 0.3671875000000902056, 0.3750000000000922040, 0.4375000000001077471, 0.4687500000001137423, 0.4843750000001167955, 0.4921875000001182388, 0.5000000000001197931, 0.6250000000001756373, 0.6406250000001834088, 0.6484375000001857403, 0.6562500000001880718, 0.6875000000001971756, 0.7031250000002006173, 0.7109375000002022826, 0.7148437500002031708, 0.7187500000002040590, 0.7500000000001929568, 0.8125000000001729727, 0.8281250000001669775, 0.8359375000001639799, 0.8398437500001615375, 0.8437500000001589839, 0.8750000000001428857, 0.8906250000001347811, 0.8925781250001320055, 0.8945312500001291189, 0.8984375000001246780, 0.9062500000001156852, 0.9375000000000783817, 0.9531250000000588418, 0.9687500000000393019, 0.9843750000000196509, 1.000000000000000000 ),
 .UNSPECIFIED. ) ;
#4414 = ORIENTED_EDGE ( 'NONE', *, *, #2543, .F. ) ;
#4415 = CYLINDRICAL_SURFACE ( 'NONE', #110, 1.779502281109933914 ) ;
#4416 = EDGE_CURVE ( 'NONE', #4183, #2694, #1534, .T. ) ;
#4417 = LINE ( 'NONE', #3893, #836 ) ;
#4418 = ORIENTED_EDGE ( 'NONE', *, *, #2511, .F. ) ;
#4419 = EDGE_LOOP ( 'NONE', ( #1195, #1047, #1780, #1423 ) ) ;
#4420 = CARTESIAN_POINT ( 'NONE',  ( -18.86342674685059961, 1.067602915065788140E-15, 5.000000000000000000 ) ) ;
#4421 = CARTESIAN_POINT ( 'NONE',  ( -6.026598069214547770, 3.221854950259310790, 7.810597370350162549 ) ) ;
#4422 = CYLINDRICAL_SURFACE ( 'NONE', #3641, 0.4299999999999996603 ) ;
#4423 = ORIENTED_EDGE ( 'NONE', *, *, #3738, .T. ) ;
#4424 = FACE_OUTER_BOUND ( 'NONE', #2421, .T. ) ;
#4425 = DIRECTION ( 'NONE',  ( 0.000000000000000000, 0.000000000000000000, -1.000000000000000000 ) ) ;
#4426 = VERTEX_POINT ( 'NONE', #3273 ) ;
#4427 = DIRECTION ( 'NONE',  ( 0.9594929736144974797, -0.2817325568414295600, 0.000000000000000000 ) ) ;
#4428 = ORIENTED_EDGE ( 'NONE', *, *, #3927, .T. ) ;
#4429 = CARTESIAN_POINT ( 'NONE',  ( 7.599716546549242224, 3.530535871768111456, 5.000000000000240696 ) ) ;
#4430 = CARTESIAN_POINT ( 'NONE',  ( 2.979062698963860001, -16.24198349945379860, 3.500000000000000000 ) ) ;
#4431 = DIRECTION ( 'NONE',  ( -0.000000000000000000, -0.000000000000000000, 1.000000000000000000 ) ) ;
#4432 = CARTESIAN_POINT ( 'NONE',  ( -3.577238393824669682, 8.724398107216897458, 4.999999999999940492 ) ) ;
#4433 = AXIS2_PLACEMENT_3D ( 'NONE', #1561, #6875, #2142 ) ;
#4434 = ORIENTED_EDGE ( 'NONE', *, *, #6248, .F. ) ;
#4435 = EDGE_CURVE ( 'NONE', #1193, #6015, #3475, .T. ) ;
#4436 = CARTESIAN_POINT ( 'NONE',  ( -5.766191542185638674, -3.667519542559551482, 7.442930704309574708 ) ) ;
#4437 = AXIS2_PLACEMENT_3D ( 'NONE', #3602, #6593, #4226 ) ;
#4438 = AXIS2_PLACEMENT_3D ( 'NONE', #1009, #3359, #5587 ) ;
#4439 = DIRECTION ( 'NONE',  ( -1.000000000000000000, 0.000000000000000000, 0.000000000000000000 ) ) ;
#4440 = CARTESIAN_POINT ( 'NONE',  ( 4.650532009343709916, 16.00083217872045083, 3.501999999999999780 ) ) ;
#4441 = CARTESIAN_POINT ( 'NONE',  ( -10.32400093086860160, -12.88766260189612112, 3.501999999999999780 ) ) ;
#4442 = CARTESIAN_POINT ( 'NONE',  ( -7.981405162454744406, 3.519941766381839088, 5.000082385282708763 ) ) ;
#4443 = CIRCLE ( 'NONE', #5169, 0.4300000000000000488 ) ;
#4444 = VECTOR ( 'NONE', #830, 1000.000000000000000 ) ;
#4445 = ORIENTED_EDGE ( 'NONE', *, *, #1126, .T. ) ;
#4446 = VECTOR ( 'NONE', #3454, 1000.000000000000000 ) ;
#4447 = ORIENTED_EDGE ( 'NONE', *, *, #4292, .F. ) ;
#4448 = DIRECTION ( 'NONE',  ( -1.000000000000000000, 0.000000000000000000, 0.000000000000000000 ) ) ;
#4449 = ORIENTED_EDGE ( 'NONE', *, *, #5266, .F. ) ;
#4450 = AXIS2_PLACEMENT_3D ( 'NONE', #6284, #7398, #6203 ) ;
#4451 = AXIS2_PLACEMENT_3D ( 'NONE', #6640, #4347, #4265 ) ;
#4452 = EDGE_CURVE ( 'NONE', #7418, #5136, #3451, .T. ) ;
#4453 = CARTESIAN_POINT ( 'NONE',  ( -3.707920138128951049, -5.740295432244329810, 7.397816680471815509 ) ) ;
#4454 = ORIENTED_EDGE ( 'NONE', *, *, #6947, .F. ) ;
#4455 = CARTESIAN_POINT ( 'NONE',  ( 13.53668048929982071, -9.457014533746740170, 3.500000000000000000 ) ) ;
#4456 = ORIENTED_EDGE ( 'NONE', *, *, #4478, .F. ) ;
#4457 = DIRECTION ( 'NONE',  ( 0.4154150130018873233, -0.9096319953545181081, 0.000000000000000000 ) ) ;
#4458 = FACE_OUTER_BOUND ( 'NONE', #139, .T. ) ;
#4459 = AXIS2_PLACEMENT_3D ( 'NONE', #4717, #6862, #1200 ) ;
#4460 = EDGE_CURVE ( 'NONE', #162, #3900, #937, .T. ) ;
#4461 = CIRCLE ( 'NONE', #5556, 1.779502281109934803 ) ;
#4462 = ORIENTED_EDGE ( 'NONE', *, *, #5365, .T. ) ;
#4463 = CARTESIAN_POINT ( 'NONE',  ( 3.531772116589005694, 7.671647200826932966, 5.000258106010137205 ) ) ;
#4464 = AXIS2_PLACEMENT_3D ( 'NONE', #1153, #5757, #1813 ) ;
#4465 = ORIENTED_EDGE ( 'NONE', *, *, #920, .F. ) ;
#4466 = DIRECTION ( 'NONE',  ( 0.6548607339452848786, -0.7557495743542584909, 0.000000000000000000 ) ) ;
#4467 = DIRECTION ( 'NONE',  ( -1.000000000000000000, 0.000000000000000000, 0.000000000000000000 ) ) ;
#4468 = AXIS2_PLACEMENT_3D ( 'NONE', #2639, #4930, #7213 ) ;
#4469 = EDGE_CURVE ( 'NONE', #320, #7418, #1919, .T. ) ;
#4470 = CARTESIAN_POINT ( 'NONE',  ( -2.767263787273744668, -6.249433987874239982, 7.985184621004660421 ) ) ;
#4471 = DIRECTION ( 'NONE',  ( -0.000000000000000000, -0.000000000000000000, 1.000000000000000000 ) ) ;
#4472 = DIRECTION ( 'NONE',  ( 0.000000000000000000, 0.000000000000000000, 1.000000000000000000 ) ) ;
#4473 = CARTESIAN_POINT ( 'NONE',  ( -2.657287812576354380, 6.297044252767262762, 7.999999998527716372 ) ) ;
#4474 = CIRCLE ( 'NONE', #501, 1.779502281109931916 ) ;
#4476 = ORIENTED_EDGE ( 'NONE', *, *, #4990, .T. ) ;
#4475 = CARTESIAN_POINT ( 'NONE',  ( -3.289874185235413862, 5.990063879830017868, 7.770147734772050008 ) ) ;
#4477 = CARTESIAN_POINT ( 'NONE',  ( -15.65269870022669885, 5.260215391104239302, 3.501999999999999780 ) ) ;
#4478 = EDGE_CURVE ( 'NONE', #1950, #7237, #1914, .T. ) ;
#4479 =( BOUNDED_SURFACE ( )  B_SPLINE_SURFACE ( 3, 2, ( 
 ( #4782, #43, #4069 ),
 ( #6998, #113, #1895 ),
 ( #2346, #639, #4636 ),
 ( #4109, #3529, #4179 ),
 ( #5807, #2386, #4672 ),
 ( #4146, #1237, #5285 ) ),
 .UNSPECIFIED., .F., .F., .T. ) 
 B_SPLINE_SURFACE_WITH_KNOTS ( ( 4, 2, 4 ),
 ( 3, 3 ),
 ( 0.004572695605110714025, 0.005447210325859721224, 0.006321725046608728422 ),
 ( 0.000000000000000000, 1.000000000000000000 ),
 .UNSPECIFIED. ) 
 GEOMETRIC_REPRESENTATION_ITEM ( )  RATIONAL_B_SPLINE_SURFACE ( (
 ( 1.000000000000000000, 0.9155493925626910778, 1.000000000000000000),
 ( 1.000000000000000000, 0.9391694711552643904, 1.000000000000000000),
 ( 1.000000000000000000, 0.9607223642401550023, 1.000000000000000000),
 ( 1.000000000000000000, 0.9912792382434394423, 1.000000000000000000),
 ( 1.000000000000000000, 1.000123610408622854, 1.000000000000000000),
 ( 1.000000000000000000, 1.000000000000000000, 1.000000000000000000) ) ) 
 REPRESENTATION_ITEM ( '' )  SURFACE ( )  );
#4480 = EDGE_CURVE ( 'NONE', #3771, #3188, #2279, .T. ) ;
#4481 = CARTESIAN_POINT ( 'NONE',  ( -6.379070869368742791, -3.799492936817983946, 5.000000003298876727 ) ) ;
#4482 = ORIENTED_EDGE ( 'NONE', *, *, #4090, .F. ) ;
#4483 = CARTESIAN_POINT ( 'NONE',  ( 3.523220616545930994, -5.940952272444901539, 5.577365042557283381 ) ) ;
#4484 = CARTESIAN_POINT ( 'NONE',  ( 2.575122749802872590, -6.414171054043379172, 7.214756346922165164 ) ) ;
#4485 = CARTESIAN_POINT ( 'NONE',  ( -3.535680662769816962, -7.619036636850679223, 5.000356278082533912 ) ) ;
#4486 = ORIENTED_EDGE ( 'NONE', *, *, #2857, .F. ) ;
#4487 = ORIENTED_EDGE ( 'NONE', *, *, #735, .T. ) ;
#4488 = DIRECTION ( 'NONE',  ( -1.000000000000000000, 0.000000000000000000, 0.000000000000000000 ) ) ;
#4489 = ORIENTED_EDGE ( 'NONE', *, *, #5557, .F. ) ;
#4490 = DIRECTION ( 'NONE',  ( 0.000000000000000000, 0.000000000000000000, 1.000000000000000000 ) ) ;
#4491 = ORIENTED_EDGE ( 'NONE', *, *, #6324, .T. ) ;
#4492 = CARTESIAN_POINT ( 'NONE',  ( -15.65269870022670595, 5.260215391104218874, -6.500000000000000888 ) ) ;
#4493 = CARTESIAN_POINT ( 'NONE',  ( 7.228072953726420558, -15.31530696332200137, 3.500000000000000000 ) ) ;
#4494 = CIRCLE ( 'NONE', #3178, 0.4299999999999543077 ) ;
#4495 = ORIENTED_EDGE ( 'NONE', *, *, #1762, .F. ) ;
#4496 = CARTESIAN_POINT ( 'NONE',  ( -5.308586851878312807, 4.303310061471438352, 6.430872809966533765 ) ) ;
#4497 = DIRECTION ( 'NONE',  ( 0.000000000000000000, 0.000000000000000000, -1.000000000000000000 ) ) ;
#4498 = EDGE_CURVE ( 'NONE', #5713, #1544, #3971, .T. ) ;
#4499 = VERTEX_POINT ( 'NONE', #4007 ) ;
#4500 = FACE_OUTER_BOUND ( 'NONE', #5032, .T. ) ;
#4501 = ORIENTED_EDGE ( 'NONE', *, *, #6189, .F. ) ;
#4502 = DIRECTION ( 'NONE',  ( -0.000000000000000000, -0.000000000000000000, 1.000000000000000000 ) ) ;
#4503 = DIRECTION ( 'NONE',  ( 1.000000000000000000, 0.000000000000000000, 0.000000000000000000 ) ) ;
#4504 = DIRECTION ( 'NONE',  ( -0.8412535328311808724, 0.5406408174555981105, 0.000000000000000000 ) ) ;
#4505 = DIRECTION ( 'NONE',  ( 0.000000000000000000, 0.000000000000000000, -1.000000000000000000 ) ) ;
#4506 = DIRECTION ( 'NONE',  ( -1.000000000000000000, 0.000000000000000000, 0.000000000000000000 ) ) ;
#4507 = DIRECTION ( 'NONE',  ( 0.000000000000000000, 0.000000000000000000, -1.000000000000000000 ) ) ;
#4508 = EDGE_LOOP ( 'NONE', ( #5479, #6327, #3277, #7435 ) ) ;
#4510 = CARTESIAN_POINT ( 'NONE',  ( 8.969470515706550628, -3.625817311204567073, 5.000325993144863368 ) ) ;
#4509 = CARTESIAN_POINT ( 'NONE',  ( -3.542795732045434409, 5.843947977905859403, 7.570467214844732950 ) ) ;
#4511 = LINE ( 'NONE', #3985, #6497 ) ;
#4512 = AXIS2_PLACEMENT_3D ( 'NONE', #5142, #5678, #7388 ) ;
#4513 = CARTESIAN_POINT ( 'NONE',  ( -3.520425556551579405, 7.931547183841047399, 5.000022618197517588 ) ) ;
#4514 = FACE_OUTER_BOUND ( 'NONE', #6154, .T. ) ;
#4515 = CARTESIAN_POINT ( 'NONE',  ( 3.371182587212547155, -8.397013994944149573, 5.078081969995057676 ) ) ;
#4516 = AXIS2_PLACEMENT_3D ( 'NONE', #6428, #2442, #1757 ) ;
#4517 = CARTESIAN_POINT ( 'NONE',  ( 6.026703386287246111, 3.221970839045704249, 7.811298934428746676 ) ) ;
#4518 = EDGE_CURVE ( 'NONE', #1193, #6600, #6363, .T. ) ;
#4519 = AXIS2_PLACEMENT_3D ( 'NONE', #3138, #5980, #4255 ) ;
#4520 = ORIENTED_EDGE ( 'NONE', *, *, #4018, .T. ) ;
#4521 = ORIENTED_EDGE ( 'NONE', *, *, #2174, .F. ) ;
#4522 = CARTESIAN_POINT ( 'NONE',  ( 8.500341133955990003, 3.547990850581042022, 5.000032868603372371 ) ) ;
#4523 = ADVANCED_FACE ( 'NONE', ( #6271 ), #4539, .T. ) ;
#4524 = VERTEX_POINT ( 'NONE', #2219 ) ;
#4525 = CIRCLE ( 'NONE', #1269, 17.43527874010850098 ) ;
#4526 = CARTESIAN_POINT ( 'NONE',  ( -4.062035956073505538, -5.495406354758586964, 6.900097096062340896 ) ) ;
#4527 = EDGE_LOOP ( 'NONE', ( #5318, #6105, #1734, #4375, #2314, #4360, #1356, #5381 ) ) ;
#4528 = CARTESIAN_POINT ( 'NONE',  ( 6.341710652641876500, 2.546031784417688293, 8.000000000000000000 ) ) ;
#4529 = CARTESIAN_POINT ( 'NONE',  ( -11.28722625627394649, -12.05302310628201035, -6.500000000000000888 ) ) ;
#4530 = VECTOR ( 'NONE', #4073, 1000.000000000000000 ) ;
#4531 = VERTEX_POINT ( 'NONE', #505 ) ;
#4532 = DIRECTION ( 'NONE',  ( 0.000000000000000000, 0.000000000000000000, -1.000000000000000000 ) ) ;
#4533 = CARTESIAN_POINT ( 'NONE',  ( -3.547709103794872032, 8.497836561406925782, 5.000033352385325536 ) ) ;
#4534 = EDGE_CURVE ( 'NONE', #4259, #5254, #3957, .T. ) ;
#4535 = ADVANCED_FACE ( 'NONE', ( #994 ), #1104, .T. ) ;
#4536 = FACE_OUTER_BOUND ( 'NONE', #1048, .T. ) ;
#4537 = ORIENTED_EDGE ( 'NONE', *, *, #1128, .T. ) ;
#4538 = LINE ( 'NONE', #6226, #1624 ) ;
#4539 = CYLINDRICAL_SURFACE ( 'NONE', #6710, 0.4299999999999995492 ) ;
#4540 = CARTESIAN_POINT ( 'NONE',  ( -2.199438168349939549, -16.79184735961990427, -6.500000000000000888 ) ) ;
#4541 = CARTESIAN_POINT ( 'NONE',  ( -4.561424929357678515, 14.22356227891012281, -6.500000000000000888 ) ) ;
#4542 = CARTESIAN_POINT ( 'NONE',  ( -3.606734626493260709, 7.122720479010982153, 5.000000000000000000 ) ) ;
#4543 = CARTESIAN_POINT ( 'NONE',  ( -13.77196618806395811, -9.097096987693380044, 3.500000000000000000 ) ) ;
#4544 = ADVANCED_FACE ( 'NONE', ( #2181 ), #6194, .T. ) ;
#4545 = ORIENTED_EDGE ( 'NONE', *, *, #450, .F. ) ;
#4546 = CARTESIAN_POINT ( 'NONE',  ( -9.939567796041161414E-16, -1.084202172485504040E-15, -6.500000000000000888 ) ) ;
#4548 = ORIENTED_EDGE ( 'NONE', *, *, #1778, .F. ) ;
#4547 = DIRECTION ( 'NONE',  ( 0.000000000000000000, 0.000000000000000000, 1.000000000000000000 ) ) ;
#4549 = CIRCLE ( 'NONE', #1291, 6.833708498984764290 ) ;
#4550 = DIRECTION ( 'NONE',  ( -0.8412535328311815386, 0.5406408174555970003, 0.000000000000000000 ) ) ;
#4551 = ADVANCED_FACE ( 'NONE', ( #5031 ), #3385, .F. ) ;
#4552 = CARTESIAN_POINT ( 'NONE',  ( -3.562574259738404248, 7.379324197536164753, 5.000384917573007293 ) ) ;
#4553 = FACE_OUTER_BOUND ( 'NONE', #6462, .T. ) ;
#4554 = CARTESIAN_POINT ( 'NONE',  ( 14.22574330189360481, -8.384811868462945128, -6.500000000000000888 ) ) ;
#4555 = CARTESIAN_POINT ( 'NONE',  ( 6.225180055989405048, 2.819146377779150114, 7.970468809698982859 ) ) ;
#4556 = ORIENTED_EDGE ( 'NONE', *, *, #5904, .T. ) ;
#4557 = CARTESIAN_POINT ( 'NONE',  ( 7.753788368791102670, 3.526553928017211348, 5.000108787417189227 ) ) ;
#4558 = ORIENTED_EDGE ( 'NONE', *, *, #2831, .F. ) ;
#4559 = CARTESIAN_POINT ( 'NONE',  ( -8.094161511772483664, -3.520880959967326529, 5.000108208475821492 ) ) ;
#4560 = EDGE_CURVE ( 'NONE', #4206, #6401, #576, .T. ) ;
#4561 = EDGE_CURVE ( 'NONE', #2441, #2446, #3608, .T. ) ;
#4562 = DIRECTION ( 'NONE',  ( 0.000000000000000000, 0.000000000000000000, -1.000000000000000000 ) ) ;
#4563 = CARTESIAN_POINT ( 'NONE',  ( 13.53668048929983847, -9.457014533746709972, -6.500000000000000888 ) ) ;
#4564 = AXIS2_PLACEMENT_3D ( 'NONE', #5248, #4218, #2958 ) ;
#4565 = ORIENTED_EDGE ( 'NONE', *, *, #6151, .F. ) ;
#4566 = CYLINDRICAL_SURFACE ( 'NONE', #5621, 14.93707874011463410 ) ;
#4567 = FACE_OUTER_BOUND ( 'NONE', #5375, .T. ) ;
#4568 = AXIS2_PLACEMENT_3D ( 'NONE', #7323, #6054, #891 ) ;
#4569 = VECTOR ( 'NONE', #3976, 1000.000000000000000 ) ;
#4570 = DIRECTION ( 'NONE',  ( 1.000000000000000000, 0.000000000000000000, 0.000000000000000000 ) ) ;
#4571 = EDGE_CURVE ( 'NONE', #3487, #427, #2644, .T. ) ;
#4572 = VECTOR ( 'NONE', #1365, 1000.000000000000000 ) ;
#4573 = CARTESIAN_POINT ( 'NONE',  ( -8.891452610282691182, 3.608611302188321712, 5.000567970472552304 ) ) ;
#4574 = VECTOR ( 'NONE', #5559, 1000.000000000000000 ) ;
#4575 = ORIENTED_EDGE ( 'NONE', *, *, #6590, .T. ) ;
#4576 = DIRECTION ( 'NONE',  ( 0.1423148382732847272, -0.9898214418809327952, 0.000000000000000000 ) ) ;
#4577 = DIRECTION ( 'NONE',  ( -1.000000000000000000, 0.000000000000000000, 0.000000000000000000 ) ) ;
#4578 = DIRECTION ( 'NONE',  ( 0.000000000000000000, 0.000000000000000000, -1.000000000000000000 ) ) ;
#4579 = CARTESIAN_POINT ( 'NONE',  ( 9.125723456341724216, 3.663740471346062400, 5.000000000000000000 ) ) ;
#4580 = DIRECTION ( 'NONE',  ( 0.000000000000000000, 0.000000000000000000, -1.000000000000000000 ) ) ;
#4581 = CARTESIAN_POINT ( 'NONE',  ( 14.72794537471134113, -2.490772235215349628, 3.501999999999999780 ) ) ;
#4582 = EDGE_LOOP ( 'NONE', ( #5363, #108, #2091, #5049 ) ) ;
#4583 = DIRECTION ( 'NONE',  ( 0.000000000000000000, 0.000000000000000000, -1.000000000000000000 ) ) ;
#4584 = CIRCLE ( 'NONE', #3869, 1.779502281109936135 ) ;
#4586 = VERTEX_POINT ( 'NONE', #1599 ) ;
#4585 = CARTESIAN_POINT ( 'NONE',  ( -2.601172726892167830, 6.319572999277909275, 8.000000000000001776 ) ) ;
#4587 = CARTESIAN_POINT ( 'NONE',  ( 6.667453257840979752, 15.09865203729069805, 3.500000000000000000 ) ) ;
#4588 = AXIS2_PLACEMENT_3D ( 'NONE', #5342, #4580, #1217 ) ;
#4589 = ADVANCED_FACE ( 'NONE', ( #1032 ), #4995, .F. ) ;
#4590 = EDGE_CURVE ( 'NONE', #4031, #6047, #7063, .T. ) ;
#4591 = ORIENTED_EDGE ( 'NONE', *, *, #2145, .F. ) ;
#4592 = CARTESIAN_POINT ( 'NONE',  ( -5.308586851871345047, -4.303310061480037696, 6.430872809947794977 ) ) ;
#4593 = CYLINDRICAL_SURFACE ( 'NONE', #3279, 16.93527874010839795 ) ;
#4594 = DIRECTION ( 'NONE',  ( 0.000000000000000000, 0.000000000000000000, -1.000000000000000000 ) ) ;
#4595 = AXIS2_PLACEMENT_3D ( 'NONE', #5867, #5905, #185 ) ;
#4596 = CARTESIAN_POINT ( 'NONE',  ( -3.548786306547165204, -7.487783899643962293, 5.000472621969572984 ) ) ;
#4597 = ORIENTED_EDGE ( 'NONE', *, *, #7253, .F. ) ;
#4598 = CARTESIAN_POINT ( 'NONE',  ( 7.300094621113929705, 3.574761690744208131, 5.000242196881702128 ) ) ;
#4599 = CARTESIAN_POINT ( 'NONE',  ( -8.269201736295251237, -3.528032836478183665, 5.000008613009394587 ) ) ;
#4600 = DIRECTION ( 'NONE',  ( 0.000000000000000000, 0.000000000000000000, 1.000000000000000000 ) ) ;
#4601 = DIRECTION ( 'NONE',  ( 1.000000000000000000, 0.000000000000000000, 0.000000000000000000 ) ) ;
#4602 = ORIENTED_EDGE ( 'NONE', *, *, #3344, .T. ) ;
#4603 = CARTESIAN_POINT ( 'NONE',  ( 0.3694146011580345390, -14.93250997457066021, 3.500000000000000000 ) ) ;
#4604 = CARTESIAN_POINT ( 'NONE',  ( 4.204323882831817016, 5.578324209754357277, 4.999999996701076199 ) ) ;
#4605 = ORIENTED_EDGE ( 'NONE', *, *, #132, .F. ) ;
#4606 = VERTEX_POINT ( 'NONE', #3866 ) ;
#4607 = CARTESIAN_POINT ( 'NONE',  ( -13.73654921516310168, -5.867157484472600437, 3.500000000000000000 ) ) ;
#4608 = VECTOR ( 'NONE', #6915, 1000.000000000000000 ) ;
#4609 =( BOUNDED_SURFACE ( )  B_SPLINE_SURFACE ( 3, 2, ( 
 ( #2844, #2960, #5099 ),
 ( #5251, #5135, #1628 ),
 ( #79, #5768, #7411 ),
 ( #2272, #604, #5735 ),
 ( #6863, #2928, #6894 ),
 ( #4030, #3447, #5215 ) ),
 .UNSPECIFIED., .F., .F., .T. ) 
 B_SPLINE_SURFACE_WITH_KNOTS ( ( 4, 2, 4 ),
 ( 3, 3 ),
 ( 0.004572695605110700147, 0.005447210325859713417, 0.006321725046608725820 ),
 ( 0.000000000000000000, 1.000000000000000000 ),
 .UNSPECIFIED. ) 
 GEOMETRIC_REPRESENTATION_ITEM ( )  RATIONAL_B_SPLINE_SURFACE ( (
 ( 1.000000000000000000, 0.9155493925626898566, 1.000000000000000000),
 ( 1.000000000000000000, 0.9391694711552878161, 1.000000000000000000),
 ( 1.000000000000000000, 0.9607223642401219177, 1.000000000000000000),
 ( 1.000000000000000000, 0.9912792382434717497, 1.000000000000000000),
 ( 1.000000000000000000, 1.000123610408598651, 1.000000000000000000),
 ( 1.000000000000000000, 1.000000000000000000, 1.000000000000000000) ) ) 
 REPRESENTATION_ITEM ( '' )  SURFACE ( )  );
#4610 = EDGE_LOOP ( 'NONE', ( #1818, #3217, #3779, #5481 ) ) ;
#4611 = CARTESIAN_POINT ( 'NONE',  ( -6.505213034913029562E-16, 1.058181320345851949E-13, 3.500000000000000000 ) ) ;
#4612 = EDGE_CURVE ( 'NONE', #6410, #314, #5072, .T. ) ;
#4613 = EDGE_CURVE ( 'NONE', #2587, #4921, #5607, .T. ) ;
#4614 = FACE_OUTER_BOUND ( 'NONE', #6976, .T. ) ;
#4615 = ADVANCED_FACE ( 'NONE', ( #5640 ), #4795, .F. ) ;
#4616 = ORIENTED_EDGE ( 'NONE', *, *, #2473, .F. ) ;
#4617 = DIRECTION ( 'NONE',  ( 0.000000000000000000, 0.000000000000000000, 1.000000000000000000 ) ) ;
#4618 = CYLINDRICAL_SURFACE ( 'NONE', #5565, 14.93707874011463410 ) ;
#4619 = LINE ( 'NONE', #4581, #6265 ) ;
#4620 = VERTEX_POINT ( 'NONE', #7352 ) ;
#4621 = CARTESIAN_POINT ( 'NONE',  ( 6.130629408602487729, -3.167537550768506183, 5.723627935647131793 ) ) ;
#4623 = EDGE_LOOP ( 'NONE', ( #5077, #2281, #6045, #5531 ) ) ;
#4622 = CARTESIAN_POINT ( 'NONE',  ( -2.683428044832842918, 6.285296924117307782, 7.994630692672597405 ) ) ;
#4624 = CYLINDRICAL_SURFACE ( 'NONE', #4450, 16.93527874010839795 ) ;
#4625 = EDGE_CURVE ( 'NONE', #2446, #1923, #3486, .T. ) ;
#4626 = ORIENTED_EDGE ( 'NONE', *, *, #1616, .T. ) ;
#4627 = CARTESIAN_POINT ( 'NONE',  ( -3.522707073287789648, 7.844075352298224502, 5.000002756105405233 ) ) ;
#4628 = CARTESIAN_POINT ( 'NONE',  ( -9.939567796041161414E-16, -1.084202172485504040E-15, 8.000000000000000000 ) ) ;
#4629 = CARTESIAN_POINT ( 'NONE',  ( -3.729923202607147825, 5.797755159383365609, 5.532328607657018615 ) ) ;
#4630 = ORIENTED_EDGE ( 'NONE', *, *, #1808, .F. ) ;
#4631 = CARTESIAN_POINT ( 'NONE',  ( 3.519885778346033334, -7.999999861821885716, 5.000020541477264935 ) ) ;
#4632 = VERTEX_POINT ( 'NONE', #1758 ) ;
#4633 = CARTESIAN_POINT ( 'NONE',  ( 8.386770894974933555, 3.536394542477708569, 5.000043793359748356 ) ) ;
#4634 = ORIENTED_EDGE ( 'NONE', *, *, #4972, .F. ) ;
#4635 = CARTESIAN_POINT ( 'NONE',  ( -8.090475006865876395, -3.520804440574540450, 5.000109089374434213 ) ) ;
#4636 = CARTESIAN_POINT ( 'NONE',  ( 5.145539056215678642, -4.498523480808026775, 5.972296026339241948 ) ) ;
#4637 = ORIENTED_EDGE ( 'NONE', *, *, #2892, .T. ) ;
#4638 = FACE_OUTER_BOUND ( 'NONE', #6712, .T. ) ;
#4639 = ADVANCED_FACE ( 'NONE', ( #131 ), #4651, .T. ) ;
#4640 = CARTESIAN_POINT ( 'NONE',  ( 6.341710652641936896, -2.546031784417542632, 8.000000000000000000 ) ) ;
#4641 = ORIENTED_EDGE ( 'NONE', *, *, #236, .T. ) ;
#4642 = CARTESIAN_POINT ( 'NONE',  ( 15.13807291325679927, -6.963679117709859590, -6.500000000000000888 ) ) ;
#4643 = AXIS2_PLACEMENT_3D ( 'NONE', #3603, #794, #870 ) ;
#4644 = ORIENTED_EDGE ( 'NONE', *, *, #1437, .T. ) ;
#4645 = CARTESIAN_POINT ( 'NONE',  ( -3.621640682484650764, 8.950759827328420570, 5.000381790129098114 ) ) ;
#4646 = AXIS2_PLACEMENT_3D ( 'NONE', #5394, #5915, #1862 ) ;
#4647 = CARTESIAN_POINT ( 'NONE',  ( 0.000000000000000000, 1.067602915065788140E-15, 3.500000000000000000 ) ) ;
#4648 = EDGE_CURVE ( 'NONE', #1022, #1102, #2939, .T. ) ;
#4649 = ORIENTED_EDGE ( 'NONE', *, *, #6800, .F. ) ;
#4650 = CARTESIAN_POINT ( 'NONE',  ( -6.292243220303888052, 2.699210240646688241, 5.595749671970155603 ) ) ;
#4651 = CYLINDRICAL_SURFACE ( 'NONE', #6599, 0.4299999999999995492 ) ;
#4652 = DIRECTION ( 'NONE',  ( -0.000000000000000000, -0.000000000000000000, 1.000000000000000000 ) ) ;
#4653 = EDGE_CURVE ( 'NONE', #6994, #3831, #4769, .T. ) ;
#4654 = EDGE_CURVE ( 'NONE', #3698, #6631, #4808, .T. ) ;
#4655 = CARTESIAN_POINT ( 'NONE',  ( 1.717505811864574961, -16.42336799645854839, 3.500000000000000000 ) ) ;
#4656 = CYLINDRICAL_SURFACE ( 'NONE', #1093, 0.4299999999999995492 ) ;
#4657 = VERTEX_POINT ( 'NONE', #5779 ) ;
#4658 = CARTESIAN_POINT ( 'NONE',  ( -8.000000000000000000, -8.000000000000000000, -49.92880413360069980 ) ) ;
#4660 = CARTESIAN_POINT ( 'NONE',  ( 7.219176454565593204, -3.587490330957934681, 5.000087946669095729 ) ) ;
#4659 = CARTESIAN_POINT ( 'NONE',  ( 4.303310061476624426, -5.308586851874109058, 6.430872809955233471 ) ) ;
#4661 = CARTESIAN_POINT ( 'NONE',  ( 10.65115639612647946, 12.60861188687840162, -6.500000000000000888 ) ) ;
#4662 = CARTESIAN_POINT ( 'NONE',  ( -3.519970050247886562, 7.980473582018839274, 5.000069831097126993 ) ) ;
#4663 = FACE_OUTER_BOUND ( 'NONE', #2598, .T. ) ;
#4664 = CARTESIAN_POINT ( 'NONE',  ( -4.204323882827821102, 5.578324209759801811, 4.999999996701099292 ) ) ;
#4665 = EDGE_CURVE ( 'NONE', #40, #1316, #1721, .T. ) ;
#4666 = CARTESIAN_POINT ( 'NONE',  ( 3.545886962847116575, -7.513608908558731869, 5.000467472057280816 ) ) ;
#4667 = EDGE_LOOP ( 'NONE', ( #2515, #6268, #1428, #2241 ) ) ;
#4668 = ORIENTED_EDGE ( 'NONE', *, *, #3581, .T. ) ;
#4669 = CARTESIAN_POINT ( 'NONE',  ( 8.202726557800714247, 3.524538151851257517, 5.000042038934225275 ) ) ;
#4670 = VERTEX_POINT ( 'NONE', #1990 ) ;
#4671 = CARTESIAN_POINT ( 'NONE',  ( -8.488567591817846036, -3.546677988365809941, 5.000037034447921691 ) ) ;
#4672 = CARTESIAN_POINT ( 'NONE',  ( 4.911170619403817383, -4.753152621164716152, 5.245541283978962355 ) ) ;
#4673 = CARTESIAN_POINT ( 'NONE',  ( -2.199438168349944878, -16.79184735961995045, 3.500000000000000000 ) ) ;
#4674 = DIRECTION ( 'NONE',  ( -0.000000000000000000, -0.000000000000000000, -1.000000000000000000 ) ) ;
#4675 = ORIENTED_EDGE ( 'NONE', *, *, #1578, .T. ) ;
#4676 = DIRECTION ( 'NONE',  ( -0.8412535328311808724, -0.5406408174555978885, 0.000000000000000000 ) ) ;
#4677 = VECTOR ( 'NONE', #2742, 1000.000000000000000 ) ;
#4678 = ORIENTED_EDGE ( 'NONE', *, *, #5501, .F. ) ;
#4679 = DIRECTION ( 'NONE',  ( 0.8412535328311814276, 0.5406408174555973334, 0.000000000000000000 ) ) ;
#4680 = ADVANCED_FACE ( 'NONE', ( #5371 ), #3285, .F. ) ;
#4681 = CIRCLE ( 'NONE', #1424, 16.93527874010846901 ) ;
#4682 = EDGE_CURVE ( 'NONE', #3843, #1904, #5290, .T. ) ;
#4683 = CARTESIAN_POINT ( 'NONE',  ( -7.228072953726369931, -15.31530696332191077, -6.500000000000000888 ) ) ;
#4684 = VERTEX_POINT ( 'NONE', #7194 ) ;
#4685 = DIRECTION ( 'NONE',  ( 0.000000000000000000, 0.000000000000000000, 1.000000000000000000 ) ) ;
#4686 = CIRCLE ( 'NONE', #1680, 14.93707874011463588 ) ;
#4687 = AXIS2_PLACEMENT_3D ( 'NONE', #2222, #4505, #2289 ) ;
#4688 = CARTESIAN_POINT ( 'NONE',  ( -3.527094420397111740, -8.256497010039993256, 5.000018135944667819 ) ) ;
#4689 = EDGE_CURVE ( 'NONE', #2771, #3487, #2557, .T. ) ;
#4690 = CARTESIAN_POINT ( 'NONE',  ( 5.507905066016214768, -4.045074642587011660, 6.928788853552222626 ) ) ;
#4691 = AXIS2_PLACEMENT_3D ( 'NONE', #3868, #6003, #2602 ) ;
#4692 = AXIS2_PLACEMENT_3D ( 'NONE', #796, #3110, #2551 ) ;
#4693 = DIRECTION ( 'NONE',  ( 0.000000000000000000, 0.000000000000000000, -1.000000000000000000 ) ) ;
#4694 = DIRECTION ( 'NONE',  ( -1.000000000000000000, 0.000000000000000000, 0.000000000000000000 ) ) ;
#4695 = EDGE_LOOP ( 'NONE', ( #7233, #2814, #918, #7141 ) ) ;
#4696 = CYLINDRICAL_SURFACE ( 'NONE', #625, 0.4299999999999995492 ) ;
#4698 = CARTESIAN_POINT ( 'NONE',  ( 8.551503336091407448, -3.553779752433813499, 4.999999853891941015 ) ) ;
#4697 = CARTESIAN_POINT ( 'NONE',  ( 3.523220616545934991, -5.940952272444903315, 5.577365042557278052 ) ) ;
#4699 = ADVANCED_FACE ( 'NONE', ( #4798 ), #1363, .F. ) ;
#4700 = CARTESIAN_POINT ( 'NONE',  ( 15.13807291325679927, -6.963679117709859590, 3.500000000000000000 ) ) ;
#4701 = AXIS2_PLACEMENT_3D ( 'NONE', #972, #2722, #5013 ) ;
#4702 = ADVANCED_FACE ( 'NONE', ( #5961 ), #3718, .T. ) ;
#4703 = EDGE_CURVE ( 'NONE', #5595, #4339, #247, .T. ) ;
#4704 = DIRECTION ( 'NONE',  ( -1.000000000000000000, 0.000000000000000000, 0.000000000000000000 ) ) ;
#4705 = DIRECTION ( 'NONE',  ( 1.000000000000000000, 0.000000000000000000, 0.000000000000000000 ) ) ;
#4706 = CARTESIAN_POINT ( 'NONE',  ( -3.606734626493259377, 7.122720479010992811, 5.000000000000000888 ) ) ;
#4707 = CIRCLE ( 'NONE', #2558, 0.4299999999999616351 ) ;
#4708 = CARTESIAN_POINT ( 'NONE',  ( 15.77705318448115257, -4.848589393084430377, -6.500000000000000888 ) ) ;
#4709 = CIRCLE ( 'NONE', #5455, 1.779502281109934136 ) ;
#4710 = ORIENTED_EDGE ( 'NONE', *, *, #2121, .T. ) ;
#4711 = ADVANCED_FACE ( 'NONE', ( #323 ), #1824, .F. ) ;
#4712 = DIRECTION ( 'NONE',  ( 0.000000000000000000, 0.000000000000000000, 1.000000000000000000 ) ) ;
#4713 = ORIENTED_EDGE ( 'NONE', *, *, #7368, .F. ) ;
#4714 = EDGE_CURVE ( 'NONE', #1655, #3255, #3494, .T. ) ;
#4715 = DIRECTION ( 'NONE',  ( 0.000000000000000000, 0.000000000000000000, 1.000000000000000000 ) ) ;
#4716 = CARTESIAN_POINT ( 'NONE',  ( 8.000000000000000000, 8.000000000000000000, 2.669999999999999929 ) ) ;
#4717 = CARTESIAN_POINT ( 'NONE',  ( -4.738426506668369953, -15.97502402572244939, 3.501999999999999780 ) ) ;
#4719 = CARTESIAN_POINT ( 'NONE',  ( 3.559195936118970227, -8.591915254314534067, 5.000024056521048088 ) ) ;
#4718 = LINE ( 'NONE', #229, #858 ) ;
#4720 = EDGE_LOOP ( 'NONE', ( #5990, #3814, #134, #5669 ) ) ;
#4721 = CARTESIAN_POINT ( 'NONE',  ( -2.769945894948932619, 6.899440728411000201, 6.156359840075267265 ) ) ;
#4722 = DIRECTION ( 'NONE',  ( -0.000000000000000000, -0.000000000000000000, 1.000000000000000000 ) ) ;
#4723 = VECTOR ( 'NONE', #7026, 1000.000000000000000 ) ;
#4724 = ORIENTED_EDGE ( 'NONE', *, *, #4989, .F. ) ;
#4725 = DIRECTION ( 'NONE',  ( 0.000000000000000000, 0.000000000000000000, -1.000000000000000000 ) ) ;
#4726 = ORIENTED_EDGE ( 'NONE', *, *, #3089, .T. ) ;
#4727 = DIRECTION ( 'NONE',  ( -1.000000000000000000, 0.000000000000000000, 0.000000000000000000 ) ) ;
#4728 = CARTESIAN_POINT ( 'NONE',  ( -3.519890651365663370, -8.027162264880894682, 5.000109303582373599 ) ) ;
#4729 = CARTESIAN_POINT ( 'NONE',  ( 5.451023931687340784, -4.121583693391357883, 6.795954457292166850 ) ) ;
#4730 = ADVANCED_FACE ( 'NONE', ( #7065 ), #2466, .T. ) ;
#4731 = AXIS2_PLACEMENT_3D ( 'NONE', #2108, #6681, #5931 ) ;
#4732 = CARTESIAN_POINT ( 'NONE',  ( 7.434285267090300131, 14.74477009411852002, 3.501999999999999780 ) ) ;
#4733 = CARTESIAN_POINT ( 'NONE',  ( -15.77705318448115257, -4.848589393084430377, 3.500000000000000000 ) ) ;
#4734 = VERTEX_POINT ( 'NONE', #158 ) ;
#4735 = CARTESIAN_POINT ( 'NONE',  ( 6.327371828408525190, -2.587696955794172471, 5.371491857457704633 ) ) ;
#4736 = VECTOR ( 'NONE', #2622, 1000.000000000000000 ) ;
#4737 = CARTESIAN_POINT ( 'NONE',  ( -9.939567796041161414E-16, -1.084202172485504040E-15, 8.000000000000000000 ) ) ;
#4738 = DIRECTION ( 'NONE',  ( 0.8412535328311808724, -0.5406408174555978885, 0.000000000000000000 ) ) ;
#4739 = CARTESIAN_POINT ( 'NONE',  ( 3.126724157878551846, 6.076700094843292987, 7.862619596888900553 ) ) ;
#4740 = DIRECTION ( 'NONE',  ( 1.000000000000000000, 0.000000000000000000, 0.000000000000000000 ) ) ;
#4741 = CARTESIAN_POINT ( 'NONE',  ( 7.122720479011225514, -3.606734626493212748, 5.000000000000000000 ) ) ;
#4742 = ORIENTED_EDGE ( 'NONE', *, *, #5168, .F. ) ;
#4743 = CARTESIAN_POINT ( 'NONE',  ( -6.505213034913029562E-16, 1.058181320345851949E-13, 3.500000000000000000 ) ) ;
#4744 = ORIENTED_EDGE ( 'NONE', *, *, #3196, .F. ) ;
#4745 = CARTESIAN_POINT ( 'NONE',  ( -2.546031784417543520, -6.341710652641937784, 8.000000000000000000 ) ) ;
#4746 = CARTESIAN_POINT ( 'NONE',  ( 1.730008055016385027E-12, -5.900332700277130653E-12, 3.500000000000000000 ) ) ;
#4747 = ADVANCED_FACE ( 'NONE', ( #1859 ), #3667, .F. ) ;
#4748 = DIRECTION ( 'NONE',  ( 0.000000000000000000, 0.000000000000000000, 1.000000000000000000 ) ) ;
#4749 = FACE_OUTER_BOUND ( 'NONE', #5397, .T. ) ;
#4750 = CIRCLE ( 'NONE', #2965, 16.93527874010839795 ) ;
#4752 = CARTESIAN_POINT ( 'NONE',  ( 3.567880818658259123, -8.654132602231729976, 5.000130287268810925 ) ) ;
#4751 = CARTESIAN_POINT ( 'NONE',  ( -8.611368154748694437, 3.561902120463264598, 5.000008670686135304 ) ) ;
#4753 = ORIENTED_EDGE ( 'NONE', *, *, #3306, .F. ) ;
#4754 = ADVANCED_FACE ( 'NONE', ( #5357 ), #5260, .F. ) ;
#4755 = CARTESIAN_POINT ( 'NONE',  ( -9.939567796041161414E-16, -1.084202172485504040E-15, 8.000000000000000000 ) ) ;
#4756 = DIRECTION ( 'NONE',  ( 0.000000000000000000, 0.000000000000000000, -1.000000000000000000 ) ) ;
#4757 = AXIS2_PLACEMENT_3D ( 'NONE', #5301, #4652, #5229 ) ;
#4758 = CARTESIAN_POINT ( 'NONE',  ( 5.594070004404390837E-12, 2.552103961480460178E-12, 3.500000000000000000 ) ) ;
#4759 = DIRECTION ( 'NONE',  ( 0.000000000000000000, 0.000000000000000000, -1.000000000000000000 ) ) ;
#4760 = ORIENTED_EDGE ( 'NONE', *, *, #3610, .F. ) ;
#4761 = EDGE_CURVE ( 'NONE', #4767, #909, #193, .T. ) ;
#4762 = CARTESIAN_POINT ( 'NONE',  ( -4.832161620284266768, -4.832161620284268544, 5.000000000000000000 ) ) ;
#4763 = AXIS2_PLACEMENT_3D ( 'NONE', #5123, #6289, #3949 ) ;
#4764 = CARTESIAN_POINT ( 'NONE',  ( -3.623711800561166374, -8.960075960183305099, 5.000354338598786086 ) ) ;
#4765 = CARTESIAN_POINT ( 'NONE',  ( 5.965263675853941017, -3.334633876226970273, 7.739936833539715622 ) ) ;
#4766 = CYLINDRICAL_SURFACE ( 'NONE', #2799, 0.4299999999999997713 ) ;
#4767 = VERTEX_POINT ( 'NONE', #2502 ) ;
#4768 = LINE ( 'NONE', #1181, #3880 ) ;
#4770 = CIRCLE ( 'NONE', #201, 16.93527874010838374 ) ;
#4769 = B_SPLINE_CURVE_WITH_KNOTS ( 'NONE', 3,
 ( #5228, #7047, #4162, #2323 ),
 .UNSPECIFIED., .F., .F.,
 ( 4, 4 ),
 ( 0.002681209170498153292, 0.004275213244552040007 ),
 .UNSPECIFIED. ) ;
#4771 = CARTESIAN_POINT ( 'NONE',  ( -3.893738773051316659, 5.616022613175496225, 7.162229781275244456 ) ) ;
#4772 = DIRECTION ( 'NONE',  ( -0.4154150130018863796, 0.9096319953545183301, 0.000000000000000000 ) ) ;
#4773 = EDGE_LOOP ( 'NONE', ( #5787, #4445, #1652, #3427 ) ) ;
#4774 = CARTESIAN_POINT ( 'NONE',  ( 3.221854950262285300, 6.026598069212955266, 7.810597370348714819 ) ) ;
#4775 = CARTESIAN_POINT ( 'NONE',  ( 16.93394325256440069, -0.2126779821698949746, 3.500000000000000000 ) ) ;
#4776 = CARTESIAN_POINT ( 'NONE',  ( -1.717505811864569853, 16.42336799645854839, 3.500000000000000000 ) ) ;
#4777 = CARTESIAN_POINT ( 'NONE',  ( 3.519981843900959806, -7.959936053603190231, 5.000018156582295425 ) ) ;
#4778 = ORIENTED_EDGE ( 'NONE', *, *, #2174, .T. ) ;
#4779 = DIRECTION ( 'NONE',  ( 0.000000000000000000, 0.000000000000000000, 1.000000000000000000 ) ) ;
#4780 = CARTESIAN_POINT ( 'NONE',  ( -6.341710652641934232, -2.546031784417552402, 7.607300918301278081 ) ) ;
#4781 = AXIS2_PLACEMENT_3D ( 'NONE', #1953, #7165, #5459 ) ;
#4782 = CARTESIAN_POINT ( 'NONE',  ( 7.122720479011237060, -3.606734626493210971, 5.000000000000000888 ) ) ;
#4783 = CARTESIAN_POINT ( 'NONE',  ( -6.505213034913029562E-16, 1.058181320345851949E-13, 3.500000000000000000 ) ) ;
#4785 = CARTESIAN_POINT ( 'NONE',  ( -12.62296808693507977, -10.87725861868353938, 3.501999999999999780 ) ) ;
#4784 = CARTESIAN_POINT ( 'NONE',  ( 2.979062698963860001, 16.24198349945379860, 3.500000000000000000 ) ) ;
#4786 = ORIENTED_EDGE ( 'NONE', *, *, #5068, .F. ) ;
#4787 = SURFACE_SIDE_STYLE ('',( #2584 ) ) ;
#4788 = ORIENTED_EDGE ( 'NONE', *, *, #1453, .T. ) ;
#4789 = DIRECTION ( 'NONE',  ( -0.000000000000000000, -0.000000000000000000, 1.000000000000000000 ) ) ;
#4790 = ADVANCED_FACE ( 'NONE', ( #5325 ), #4479, .F. ) ;
#4791 = ADVANCED_FACE ( 'NONE', ( #2428 ), #2770, .F. ) ;
#4792 = AXIS2_PLACEMENT_3D ( 'NONE', #6489, #3109, #280 ) ;
#4793 = CARTESIAN_POINT ( 'NONE',  ( 6.667453257840979752, -15.09865203729069805, -6.500000000000000888 ) ) ;
#4794 = LINE ( 'NONE', #2059, #6246 ) ;
#4795 = TOROIDAL_SURFACE ( 'NONE', #1545, 9.833708498984762514, 3.000000000000000000 ) ;
#4796 = ORIENTED_EDGE ( 'NONE', *, *, #3655, .T. ) ;
#4797 = CARTESIAN_POINT ( 'NONE',  ( 13.99609199792524095, -8.748350420181520093, -6.500000000000000888 ) ) ;
#4798 = FACE_OUTER_BOUND ( 'NONE', #6286, .T. ) ;
#4799 = EDGE_CURVE ( 'NONE', #6419, #2781, #5058, .T. ) ;
#4800 = CARTESIAN_POINT ( 'NONE',  ( -13.42962847247680003, 6.539220166001540768, 3.501999999999999780 ) ) ;
#4801 = VECTOR ( 'NONE', #1892, 1000.000000000000000 ) ;
#4802 = DIRECTION ( 'NONE',  ( -0.4154150130018873233, 0.9096319953545181081, 0.000000000000000000 ) ) ;
#4803 = AXIS2_PLACEMENT_3D ( 'NONE', #5045, #4936, #7219 ) ;
#4804 = VERTEX_POINT ( 'NONE', #5223 ) ;
#4805 = LINE ( 'NONE', #4885, #3203 ) ;
#4806 = AXIS2_PLACEMENT_3D ( 'NONE', #6870, #1284, #5139 ) ;
#4807 = DIRECTION ( 'NONE',  ( 0.000000000000000000, 0.000000000000000000, 1.000000000000000000 ) ) ;
#4808 =( BOUNDED_CURVE ( )  B_SPLINE_CURVE ( 2, ( #1171, #1214, #3499 ),
 .UNSPECIFIED., .F., .F. ) 
 B_SPLINE_CURVE_WITH_KNOTS ( ( 3, 3 ),
 ( 0.000000000000000000, 1.000000000000000000 ),
 .UNSPECIFIED. ) 
 CURVE ( )  GEOMETRIC_REPRESENTATION_ITEM ( )  RATIONAL_B_SPLINE_CURVE ( ( 1.000000000000000000, 0.9155493925638676922, 1.000000000000000000 ) ) 
 REPRESENTATION_ITEM ( '' )  );
#4809 = CYLINDRICAL_SURFACE ( 'NONE', #6971, 16.93527874010839795 ) ;
#4810 = ORIENTED_EDGE ( 'NONE', *, *, #736, .F. ) ;
#4811 = AXIS2_PLACEMENT_3D ( 'NONE', #3654, #7089, #4772 ) ;
#4812 = CIRCLE ( 'NONE', #1929, 2.149999999999999023 ) ;
#4813 = EDGE_LOOP ( 'NONE', ( #2530, #3183, #7277, #6948 ) ) ;
#4814 = CARTESIAN_POINT ( 'NONE',  ( 3.684973937829140844, 5.755055314404688538, 7.423707375555171240 ) ) ;
#4815 = ORIENTED_EDGE ( 'NONE', *, *, #1411, .T. ) ;
#4816 = CARTESIAN_POINT ( 'NONE',  ( 3.518209004792013150, 8.121202809518598187, 4.999999999999639400 ) ) ;
#4817 = CARTESIAN_POINT ( 'NONE',  ( 10.92864321246270087, 12.93709486476248038, 3.500000000000000000 ) ) ;
#4818 = DIRECTION ( 'NONE',  ( 0.000000000000000000, 0.000000000000000000, 1.000000000000000000 ) ) ;
#4819 = CIRCLE ( 'NONE', #1566, 1.779502281109939688 ) ;
#4820 = ORIENTED_EDGE ( 'NONE', *, *, #6824, .F. ) ;
#4821 = LINE ( 'NONE', #1272, #7076 ) ;
#4822 = EDGE_CURVE ( 'NONE', #5037, #3487, #7073, .T. ) ;
#4823 = CIRCLE ( 'NONE', #3519, 16.93527874010846190 ) ;
#4824 = CYLINDRICAL_SURFACE ( 'NONE', #6723, 6.833708498984764290 ) ;
#4825 = DIRECTION ( 'NONE',  ( -0.000000000000000000, -0.000000000000000000, 1.000000000000000000 ) ) ;
#4826 = LINE ( 'NONE', #159, #3859 ) ;
#4827 = VECTOR ( 'NONE', #2367, 1000.000000000000000 ) ;
#4829 = DIRECTION ( 'NONE',  ( 0.000000000000000000, 0.000000000000000000, 1.000000000000000000 ) ) ;
#4828 = CARTESIAN_POINT ( 'NONE',  ( 3.576389292831026800, 7.289913386287552477, 5.000223053335749235 ) ) ;
#4830 = ORIENTED_EDGE ( 'NONE', *, *, #950, .T. ) ;
#4831 = DIRECTION ( 'NONE',  ( -1.000000000000000000, 0.000000000000000000, 0.000000000000000000 ) ) ;
#4832 = VERTEX_POINT ( 'NONE', #1868 ) ;
#4833 = LINE ( 'NONE', #2547, #5104 ) ;
#4834 = AXIS2_PLACEMENT_3D ( 'NONE', #2328, #6352, #5748 ) ;
#4835 = ORIENTED_EDGE ( 'NONE', *, *, #3329, .T. ) ;
#4836 = CIRCLE ( 'NONE', #4588, 16.93527874010840151 ) ;
#4837 = CARTESIAN_POINT ( 'NONE',  ( 11.04332294047803842, -10.05789936917805960, 3.501999999999999780 ) ) ;
#4838 = LINE ( 'NONE', #907, #3378 ) ;
#4839 = AXIS2_PLACEMENT_3D ( 'NONE', #1815, #6475, #2953 ) ;
#4840 = ORIENTED_EDGE ( 'NONE', *, *, #2325, .F. ) ;
#4841 = ADVANCED_FACE ( 'NONE', ( #5707 ), #3575, .T. ) ;
#4842 = CARTESIAN_POINT ( 'NONE',  ( -3.799492936817610467, -6.379070869369501295, 5.000000003298906925 ) ) ;
#4843 = CARTESIAN_POINT ( 'NONE',  ( 8.128056899637888577, -3.521698889672775667, 5.000055060524353223 ) ) ;
#4844 = CARTESIAN_POINT ( 'NONE',  ( -6.130629408594935548, -3.167537550781964750, 5.723627935649173715 ) ) ;
#4845 = AXIS2_PLACEMENT_3D ( 'NONE', #5714, #544, #6763 ) ;
#4846 = EDGE_CURVE ( 'NONE', #4168, #2161, #6372, .T. ) ;
#4847 = DIRECTION ( 'NONE',  ( 1.000000000000000000, 0.000000000000000000, 0.000000000000000000 ) ) ;
#4848 = CARTESIAN_POINT ( 'NONE',  ( -2.979062698963854672, -16.24198349945379860, 3.501999999999999780 ) ) ;
#4849 = ORIENTED_EDGE ( 'NONE', *, *, #7136, .T. ) ;
#4850 = CARTESIAN_POINT ( 'NONE',  ( 14.83309173315054075, 1.759463248875130059, 3.501999999999999780 ) ) ;
#4851 = CARTESIAN_POINT ( 'NONE',  ( 3.656172898560150486, 9.096573216233768022, 4.999999966641555105 ) ) ;
#4852 = EDGE_CURVE ( 'NONE', #1666, #2066, #3620, .T. ) ;
#4853 = CARTESIAN_POINT ( 'NONE',  ( 3.326259582143665220E-12, 5.171349053832919920E-12, 3.501999999999999780 ) ) ;
#4854 = ORIENTED_EDGE ( 'NONE', *, *, #6312, .T. ) ;
#4855 = DIRECTION ( 'NONE',  ( 0.9594929736144974797, -0.2817325568414295600, 0.000000000000000000 ) ) ;
#4856 = AXIS2_PLACEMENT_3D ( 'NONE', #3415, #2434, #1205 ) ;
#4857 = DIRECTION ( 'NONE',  ( 0.000000000000000000, 0.000000000000000000, -1.000000000000000000 ) ) ;
#4858 = DIRECTION ( 'NONE',  ( 1.000000000000000000, 0.000000000000000000, 0.000000000000000000 ) ) ;
#4859 = CARTESIAN_POINT ( 'NONE',  ( -6.086481637526660689E-12, -8.726941734834309668E-13, 3.501999999999999780 ) ) ;
#4860 = ORIENTED_EDGE ( 'NONE', *, *, #5365, .F. ) ;
#4861 = EDGE_CURVE ( 'NONE', #6717, #2872, #2290, .T. ) ;
#4862 = CARTESIAN_POINT ( 'NONE',  ( -5.850000000000000533, -8.000000000000000000, -49.92880413360069980 ) ) ;
#4863 = CIRCLE ( 'NONE', #3307, 0.4300000000000004374 ) ;
#4864 = FACE_OUTER_BOUND ( 'NONE', #3788, .T. ) ;
#4865 = CARTESIAN_POINT ( 'NONE',  ( -16.93527874010844414, 1.058181320345851949E-13, -6.500000000000000888 ) ) ;
#4866 = CARTESIAN_POINT ( 'NONE',  ( -6.505213034913029562E-16, 1.058181320345851949E-13, -6.500000000000000888 ) ) ;
#4868 = ORIENTED_EDGE ( 'NONE', *, *, #4534, .F. ) ;
#4867 = DIRECTION ( 'NONE',  ( 0.4154150130018863796, -0.9096319953545183301, 0.000000000000000000 ) ) ;
#4869 = VERTEX_POINT ( 'NONE', #5815 ) ;
#4870 = DIRECTION ( 'NONE',  ( -0.000000000000000000, -0.000000000000000000, 1.000000000000000000 ) ) ;
#4871 = DIRECTION ( 'NONE',  ( 1.000000000000000000, 0.000000000000000000, 0.000000000000000000 ) ) ;
#4872 = CARTESIAN_POINT ( 'NONE',  ( 15.65269870022669885, -5.260215391104239302, 3.501999999999999780 ) ) ;
#4873 = CARTESIAN_POINT ( 'NONE',  ( -14.72794537471134113, 2.490772235215349628, 3.501999999999999780 ) ) ;
#4874 = EDGE_LOOP ( 'NONE', ( #7376, #1273 ) ) ;
#4875 = CYLINDRICAL_SURFACE ( 'NONE', #5500, 1.779502281109934136 ) ;
#4876 = CARTESIAN_POINT ( 'NONE',  ( 7.466797726447066630, -3.551306523675800797, 5.000465248546783315 ) ) ;
#4877 = CARTESIAN_POINT ( 'NONE',  ( -7.383982180582138177, -3.554563976612584497, 4.999999999997590372 ) ) ;
#4878 = VECTOR ( 'NONE', #4502, 1000.000000000000000 ) ;
#4879 = EDGE_CURVE ( 'NONE', #5819, #215, #4157, .T. ) ;
#4880 = VERTEX_POINT ( 'NONE', #3493 ) ;
#4881 = EDGE_CURVE ( 'NONE', #812, #5208, #591, .T. ) ;
#4882 = CIRCLE ( 'NONE', #2245, 14.93707874011464654 ) ;
#4883 = LINE ( 'NONE', #3079, #853 ) ;
#4884 = ORIENTED_EDGE ( 'NONE', *, *, #1100, .F. ) ;
#4885 = CARTESIAN_POINT ( 'NONE',  ( 17.43527874010850098, 1.067602915065788140E-15, 3.500000000000000000 ) ) ;
#4886 = CARTESIAN_POINT ( 'NONE',  ( 3.520274448344597573, 8.058983438536088784, 5.000111929439665204 ) ) ;
#4887 = CARTESIAN_POINT ( 'NONE',  ( 3.400663892364250707, -5.927496713301015241, 7.689714757467028150 ) ) ;
#4888 = CIRCLE ( 'NONE', #1634, 16.93527874010840151 ) ;
#4889 = EDGE_CURVE ( 'NONE', #320, #2217, #6726, .T. ) ;
#4890 = AXIS2_PLACEMENT_3D ( 'NONE', #3775, #3213, #7106 ) ;
#4891 = VERTEX_POINT ( 'NONE', #2357 ) ;
#4892 = EDGE_CURVE ( 'NONE', #1416, #6609, #2776, .T. ) ;
#4893 = CARTESIAN_POINT ( 'NONE',  ( -7.434285267090256610, -14.74477009411853956, -6.500000000000000888 ) ) ;
#4894 = CARTESIAN_POINT ( 'NONE',  ( 2.554367942891406340, 6.338363920113694761, 5.256164510757850294 ) ) ;
#4895 = CARTESIAN_POINT ( 'NONE',  ( 0.3694146011580309863, 14.93250997457066021, 3.500000000000000000 ) ) ;
#4896 = CIRCLE ( 'NONE', #555, 4.479999999999999538 ) ;
#4897 = DIRECTION ( 'NONE',  ( -0.1423148382732849493, 0.9898214418809327952, 0.000000000000000000 ) ) ;
#4898 = VERTEX_POINT ( 'NONE', #85 ) ;
#4899 = CARTESIAN_POINT ( 'NONE',  ( -5.533557815836134708, -4.009910978578782981, 6.986511609589323157 ) ) ;
#4900 = EDGE_CURVE ( 'NONE', #427, #1252, #4038, .T. ) ;
#4901 = CARTESIAN_POINT ( 'NONE',  ( 1.730008055016385027E-12, -5.900332700277130653E-12, -6.500000000000000888 ) ) ;
#4902 = CARTESIAN_POINT ( 'NONE',  ( -6.505213034913029562E-16, 1.058181320345851949E-13, 3.500000000000000000 ) ) ;
#4903 = DIRECTION ( 'NONE',  ( 0.000000000000000000, 0.000000000000000000, 1.000000000000000000 ) ) ;
#4905 = ORIENTED_EDGE ( 'NONE', *, *, #6541, .F. ) ;
#4904 = CARTESIAN_POINT ( 'NONE',  ( 16.18808125472152426, -4.974906159487146873, -6.500000000000000888 ) ) ;
#4906 = VERTEX_POINT ( 'NONE', #4003 ) ;
#4907 = DIRECTION ( 'NONE',  ( -0.000000000000000000, -0.000000000000000000, 1.000000000000000000 ) ) ;
#4908 = ORIENTED_EDGE ( 'NONE', *, *, #236, .F. ) ;
#4909 = LINE ( 'NONE', #4185, #4736 ) ;
#4910 = ORIENTED_EDGE ( 'NONE', *, *, #6361, .F. ) ;
#4911 = EDGE_CURVE ( 'NONE', #4869, #1022, #5300, .T. ) ;
#4912 = DIRECTION ( 'NONE',  ( 0.000000000000000000, 0.000000000000000000, -1.000000000000000000 ) ) ;
#4913 = DIRECTION ( 'NONE',  ( 0.6548607339452872100, 0.7557495743542563815, 0.000000000000000000 ) ) ;
#4914 = ORIENTED_EDGE ( 'NONE', *, *, #7209, .T. ) ;
#4915 = CARTESIAN_POINT ( 'NONE',  ( -4.396834529551680859, -5.250036733678080658, 5.247028532304001125 ) ) ;
#4916 = CARTESIAN_POINT ( 'NONE',  ( 8.710383039963769392, -3.576270920933025455, 5.000387594876429809 ) ) ;
#4917 = CARTESIAN_POINT ( 'NONE',  ( -5.308586851871345047, -4.303310061480037696, 6.430872809947794977 ) ) ;
#4918 = EDGE_CURVE ( 'NONE', #4105, #5136, #1792, .T. ) ;
#4919 = ORIENTED_EDGE ( 'NONE', *, *, #2821, .T. ) ;
#4920 = DIRECTION ( 'NONE',  ( 0.000000000000000000, 0.000000000000000000, -1.000000000000000000 ) ) ;
#4921 = VERTEX_POINT ( 'NONE', #4683 ) ;
#4922 = DIRECTION ( 'NONE',  ( -0.1423148382732847550, 0.9898214418809327952, 0.000000000000000000 ) ) ;
#4923 = CARTESIAN_POINT ( 'NONE',  ( 3.663740471346063288, -9.125723456341727768, 5.000000000000000000 ) ) ;
#4924 = VECTOR ( 'NONE', #2854, 1000.000000000000000 ) ;
#4925 = CARTESIAN_POINT ( 'NONE',  ( 3.667519542551671563, -5.766191542190661323, 7.442930704318905022 ) ) ;
#4926 = EDGE_LOOP ( 'NONE', ( #7334, #4346, #2033, #4298 ) ) ;
#4927 = AXIS2_PLACEMENT_3D ( 'NONE', #4746, #305, #1308 ) ;
#4928 = CARTESIAN_POINT ( 'NONE',  ( 6.100955355753844067, 3.080516454026106299, 7.887515294679849021 ) ) ;
#4929 = CARTESIAN_POINT ( 'NONE',  ( 4.150257504242030215, 5.432656143356043188, 6.764447786410485719 ) ) ;
#4930 = DIRECTION ( 'NONE',  ( 0.000000000000000000, 0.000000000000000000, 1.000000000000000000 ) ) ;
#4931 = CARTESIAN_POINT ( 'NONE',  ( -8.000000000000000000, -8.000000000000000000, 2.669999999999999929 ) ) ;
#4932 = VERTEX_POINT ( 'NONE', #2891 ) ;
#4933 = FACE_OUTER_BOUND ( 'NONE', #560, .T. ) ;
#4934 = AXIS2_PLACEMENT_3D ( 'NONE', #376, #1460, #5542 ) ;
#4935 = AXIS2_PLACEMENT_3D ( 'NONE', #579, #6311, #2941 ) ;
#4936 = DIRECTION ( 'NONE',  ( 0.000000000000000000, 0.000000000000000000, 1.000000000000000000 ) ) ;
#4937 = DIRECTION ( 'NONE',  ( 0.000000000000000000, 0.000000000000000000, -1.000000000000000000 ) ) ;
#4938 = VECTOR ( 'NONE', #883, 1000.000000000000000 ) ;
#4939 = FACE_OUTER_BOUND ( 'NONE', #1933, .T. ) ;
#4940 = CIRCLE ( 'NONE', #3626, 0.4299999999999547518 ) ;
#4942 = VERTEX_POINT ( 'NONE', #4607 ) ;
#4941 = CARTESIAN_POINT ( 'NONE',  ( -7.769310016725224699, 3.525829338283783088, 5.000087017430567826 ) ) ;
#4943 = EDGE_CURVE ( 'NONE', #7036, #5676, #6900, .T. ) ;
#4944 = ORIENTED_EDGE ( 'NONE', *, *, #2734, .F. ) ;
#4945 = ORIENTED_EDGE ( 'NONE', *, *, #2041, .F. ) ;
#4946 = CARTESIAN_POINT ( 'NONE',  ( -6.085802726076601150E-12, 8.774161063371340519E-13, 3.500000000000000000 ) ) ;
#4947 = EDGE_CURVE ( 'NONE', #995, #4932, #4163, .T. ) ;
#4948 = AXIS2_PLACEMENT_3D ( 'NONE', #103, #6850, #5834 ) ;
#4949 = CARTESIAN_POINT ( 'NONE',  ( -3.787253832621404470, -5.688475846300963035, 7.304140152659259755 ) ) ;
#4950 = DIRECTION ( 'NONE',  ( -0.1423148382732847550, -0.9898214418809329063, 0.000000000000000000 ) ) ;
#4951 = AXIS2_PLACEMENT_3D ( 'NONE', #3547, #5825, #7360 ) ;
#4952 = ORIENTED_EDGE ( 'NONE', *, *, #535, .T. ) ;
#4953 = DIRECTION ( 'NONE',  ( 0.000000000000000000, 0.000000000000000000, 1.000000000000000000 ) ) ;
#4954 = CARTESIAN_POINT ( 'NONE',  ( -6.076700094841773314, 3.126724157881385135, 7.862619596887592266 ) ) ;
#4955 = VECTOR ( 'NONE', #3005, 1000.000000000000000 ) ;
#4956 = EDGE_LOOP ( 'NONE', ( #7357, #2484, #598, #872 ) ) ;
#4957 = AXIS2_PLACEMENT_3D ( 'NONE', #1994, #1293, #4196 ) ;
#4958 = AXIS2_PLACEMENT_3D ( 'NONE', #2678, #3207, #6621 ) ;
#4959 = EDGE_LOOP ( 'NONE', ( #5116, #2273 ) ) ;
#4960 = CARTESIAN_POINT ( 'NONE',  ( -9.047171303507051121, 13.99295429087460008, -6.500000000000000888 ) ) ;
#4961 = CARTESIAN_POINT ( 'NONE',  ( 15.13807291325679927, 6.963679117709859590, 3.500000000000000000 ) ) ;
#4962 = EDGE_LOOP ( 'NONE', ( #720, #1609, #3510, #4119 ) ) ;
#4963 = CARTESIAN_POINT ( 'NONE',  ( 3.126530017213508650, -6.076559694981733095, 7.861620243316455259 ) ) ;
#4964 = CARTESIAN_POINT ( 'NONE',  ( -3.523220616552838802, -5.940952272440120474, 5.577365042555773478 ) ) ;
#4965 = CARTESIAN_POINT ( 'NONE',  ( 3.530535871768109235, 7.599716546548858531, 5.000000000000241585 ) ) ;
#4966 = CYLINDRICAL_SURFACE ( 'NONE', #3161, 0.4299999999999998268 ) ;
#4967 = CARTESIAN_POINT ( 'NONE',  ( 10.92864321246270087, 12.93709486476248038, 3.500000000000000000 ) ) ;
#4968 = EDGE_LOOP ( 'NONE', ( #6683, #6873, #3145, #849 ) ) ;
#4969 = EDGE_LOOP ( 'NONE', ( #2236, #2491, #4630, #1891 ) ) ;
#4970 = CARTESIAN_POINT ( 'NONE',  ( -5.616022613196569147, -3.893738773020928523, 7.162229781305635257 ) ) ;
#4971 = EDGE_CURVE ( 'NONE', #4150, #865, #4404, .T. ) ;
#4972 = EDGE_CURVE ( 'NONE', #6547, #6717, #6459, .T. ) ;
#4973 = CARTESIAN_POINT ( 'NONE',  ( -15.13807291325679927, 6.963679117709849820, 3.501999999999999780 ) ) ;
#4974 = CARTESIAN_POINT ( 'NONE',  ( 15.13807291325679927, 6.963679117709859590, 3.501999999999999780 ) ) ;
#4975 = CARTESIAN_POINT ( 'NONE',  ( 3.100841162083435965, -7.723641766802902708, 5.378640834937235660 ) ) ;
#4976 = CYLINDRICAL_SURFACE ( 'NONE', #6754, 1.779502281109934803 ) ;
#4977 = ORIENTED_EDGE ( 'NONE', *, *, #1991, .T. ) ;
#4978 = ORIENTED_EDGE ( 'NONE', *, *, #7422, .F. ) ;
#4979 = ORIENTED_EDGE ( 'NONE', *, *, #4561, .T. ) ;
#4980 = CARTESIAN_POINT ( 'NONE',  ( -6.841155559148059950, 15.49200621677865009, 3.500000000000000000 ) ) ;
#4981 = VERTEX_POINT ( 'NONE', #5366 ) ;
#4982 = ADVANCED_FACE ( 'NONE', ( #7189 ), #2624, .T. ) ;
#4983 = FACE_OUTER_BOUND ( 'NONE', #633, .T. ) ;
#4984 = EDGE_CURVE ( 'NONE', #4203, #5585, #316, .T. ) ;
#4985 = LINE ( 'NONE', #3821, #3741 ) ;
#4986 = EDGE_LOOP ( 'NONE', ( #2404, #5156 ) ) ;
#4987 = DIRECTION ( 'NONE',  ( 0.000000000000000000, 0.000000000000000000, -1.000000000000000000 ) ) ;
#4988 = CARTESIAN_POINT ( 'NONE',  ( -3.549074711489141443, 8.509863465111175529, 5.000029023247622995 ) ) ;
#4989 = EDGE_CURVE ( 'NONE', #2161, #1112, #2366, .T. ) ;
#4990 = EDGE_CURVE ( 'NONE', #2694, #3576, #3925, .T. ) ;
#4991 = CARTESIAN_POINT ( 'NONE',  ( 16.18808125472154913, 4.974906159487169077, 3.500000000000000000 ) ) ;
#4992 = AXIS2_PLACEMENT_3D ( 'NONE', #1064, #3383, #4576 ) ;
#4993 = ORIENTED_EDGE ( 'NONE', *, *, #6647, .T. ) ;
#4994 = CARTESIAN_POINT ( 'NONE',  ( 5.592088271422240760E-12, -2.556443351416770432E-12, -6.500000000000000888 ) ) ;
#4995 = CYLINDRICAL_SURFACE ( 'NONE', #2886, 1.779502281109935025 ) ;
#4996 = EDGE_LOOP ( 'NONE', ( #5638, #1867, #2420, #1520 ) ) ;
#4997 = CARTESIAN_POINT ( 'NONE',  ( 3.656908037100968123, -5.772929884994508321, 7.454441950767431990 ) ) ;
#4998 = EDGE_CURVE ( 'NONE', #890, #2635, #2512, .T. ) ;
#4999 = CARTESIAN_POINT ( 'NONE',  ( -2.657287812577106223, -6.297044252766960781, 7.999999998527716372 ) ) ;
#5000 = DIRECTION ( 'NONE',  ( 0.000000000000000000, 0.000000000000000000, 1.000000000000000000 ) ) ;
#5001 = CARTESIAN_POINT ( 'NONE',  ( -4.738426506668380611, 15.97502402572244939, -6.500000000000000888 ) ) ;
#5002 = CARTESIAN_POINT ( 'NONE',  ( -3.367419971930800227, 5.950354501292571818, 7.732926773599422710 ) ) ;
#5003 = AXIS2_PLACEMENT_3D ( 'NONE', #5876, #5441, #1388 ) ;
#5004 = EDGE_LOOP ( 'NONE', ( #5486, #1202, #4176, #3056 ) ) ;
#5005 = CARTESIAN_POINT ( 'NONE',  ( -5.424019356932716640, -4.156878728426897318, 6.729454464984160111 ) ) ;
#5006 = ADVANCED_FACE ( 'NONE', ( #2550 ), #18, .F. ) ;
#5007 =( BOUNDED_SURFACE ( )  B_SPLINE_SURFACE ( 2, 3, ( 
 ( #2113, #2605, #4322, #7169, #6725, #4928, #7314, #4396, #437, #2035 ),
 ( #1454, #1489, #369, #6084, #3767, #6048, #885, #3204, #1568, #7282 ),
 ( #403, #2147, #4429, #6162, #1175, #6350, #6276, #3351, #5113, #4579 ) ),
 .UNSPECIFIED., .F., .F., .T. ) 
 B_SPLINE_SURFACE_WITH_KNOTS ( ( 3, 3 ),
 ( 4, 2, 2, 2, 4 ),
 ( 0.000000000000000000, 1.000000000000000000 ),
 ( 0.6672226289142817457, 1.119009477854548962, 1.344902902324682570, 1.457849614559749263, 1.570796326794816178 ),
 .UNSPECIFIED. ) 
 GEOMETRIC_REPRESENTATION_ITEM ( )  RATIONAL_B_SPLINE_SURFACE ( (
 ( 1.000000000000000000, 1.000000000000000000, 1.000000000000000000, 1.000000000000000000, 1.000000000000000000, 1.000000000000000000, 1.000000000000000000, 1.000000000000000000, 1.000000000000000000, 1.000000000000000000),
 ( 0.9155493925638845676, 0.8952765722151994066, 0.8764201585971567177, 0.8386775425593158140, 0.8247281182080264950, 0.7956258822327324509, 0.7845977683272350456, 0.7557605393051344267, 0.7393186088959762259, 0.7071067811865507924),
 ( 1.000000000000000000, 1.000000000000000000, 1.000000000000000000, 1.000000000000000000, 1.000000000000000000, 1.000000000000000000, 1.000000000000000000, 1.000000000000000000, 1.000000000000000000, 1.000000000000000000) ) ) 
 REPRESENTATION_ITEM ( '' )  SURFACE ( )  );
#5008 = AXIS2_PLACEMENT_3D ( 'NONE', #787, #476, #2909 ) ;
#5009 = AXIS2_PLACEMENT_3D ( 'NONE', #6421, #47, #2962 ) ;
#5010 = CARTESIAN_POINT ( 'NONE',  ( 5.592088271422240760E-12, -2.556443351416770432E-12, 3.501999999999999780 ) ) ;
#5011 = AXIS2_PLACEMENT_3D ( 'NONE', #7438, #6174, #517 ) ;
#5012 = DIRECTION ( 'NONE',  ( 0.000000000000000000, 0.000000000000000000, -1.000000000000000000 ) ) ;
#5013 = DIRECTION ( 'NONE',  ( 1.000000000000000000, 0.000000000000000000, 0.000000000000000000 ) ) ;
#5014 = CARTESIAN_POINT ( 'NONE',  ( 15.17612706764145081, 6.880352142754600386, 3.500000000000000000 ) ) ;
#5015 = ORIENTED_EDGE ( 'NONE', *, *, #4861, .T. ) ;
#5016 = EDGE_CURVE ( 'NONE', #4942, #4734, #2277, .T. ) ;
#5017 = ORIENTED_EDGE ( 'NONE', *, *, #5570, .F. ) ;
#5018 = DIRECTION ( 'NONE',  ( 0.000000000000000000, 0.000000000000000000, 1.000000000000000000 ) ) ;
#5019 = VERTEX_POINT ( 'NONE', #1324 ) ;
#5020 = CARTESIAN_POINT ( 'NONE',  ( 5.308586851878310142, -4.303310061471442793, 6.430872809966527548 ) ) ;
#5021 = CARTESIAN_POINT ( 'NONE',  ( 6.341710652641876500, 2.546031784417688293, 8.000000000000000000 ) ) ;
#5022 = EDGE_LOOP ( 'NONE', ( #5709, #1227, #7266, #3943 ) ) ;
#5023 = FACE_OUTER_BOUND ( 'NONE', #6731, .T. ) ;
#5024 = CARTESIAN_POINT ( 'NONE',  ( 0.3694146011580296540, 14.93250997457065843, -6.500000000000000888 ) ) ;
#5025 = EDGE_CURVE ( 'NONE', #1950, #1661, #3677, .T. ) ;
#5026 = EDGE_CURVE ( 'NONE', #2382, #6236, #3921, .T. ) ;
#5027 = DIRECTION ( 'NONE',  ( 0.000000000000000000, 0.000000000000000000, -1.000000000000000000 ) ) ;
#5028 = EDGE_LOOP ( 'NONE', ( #5685, #5340, #5851, #1550 ) ) ;
#5029 = DIRECTION ( 'NONE',  ( 1.000000000000000000, 0.000000000000000000, 0.000000000000000000 ) ) ;
#5030 = EDGE_CURVE ( 'NONE', #105, #2149, #718, .T. ) ;
#5031 = FACE_OUTER_BOUND ( 'NONE', #3368, .T. ) ;
#5032 = EDGE_LOOP ( 'NONE', ( #4810, #3471, #3021, #4482 ) ) ;
#5033 = CARTESIAN_POINT ( 'NONE',  ( 3.542795732083351634, -5.843947977882849365, 7.570467214811110068 ) ) ;
#5034 = EDGE_CURVE ( 'NONE', #496, #932, #5652, .T. ) ;
#5035 = CARTESIAN_POINT ( 'NONE',  ( -3.959187562255335635, -5.580101938187129740, 7.121703808732490870 ) ) ;
#5036 = CARTESIAN_POINT ( 'NONE',  ( 8.000000000000000000, -8.000000000000000000, 5.000000000000000000 ) ) ;
#5037 = VERTEX_POINT ( 'NONE', #3642 ) ;
#5038 = CARTESIAN_POINT ( 'NONE',  ( -6.505213034913029562E-16, 1.058181320345851949E-13, 3.500000000000000000 ) ) ;
#5039 = FACE_BOUND ( 'NONE', #605, .T. ) ;
#5041 = ORIENTED_EDGE ( 'NONE', *, *, #675, .T. ) ;
#5040 = DIRECTION ( 'NONE',  ( 0.000000000000000000, 0.000000000000000000, -1.000000000000000000 ) ) ;
#5042 = CARTESIAN_POINT ( 'NONE',  ( -6.176509724024283443, -2.924641591466474289, 7.943337455068173902 ) ) ;
#5043 = VERTEX_POINT ( 'NONE', #1939 ) ;
#5044 = AXIS2_PLACEMENT_3D ( 'NONE', #5332, #166, #4229 ) ;
#5045 = CARTESIAN_POINT ( 'NONE',  ( -9.939567796041161414E-16, -1.084202172485504040E-15, -49.29287896814600600 ) ) ;
#5046 = CARTESIAN_POINT ( 'NONE',  ( -0.04580257476694150204, 16.66289232113235030, 3.501999999999999780 ) ) ;
#5047 = CARTESIAN_POINT ( 'NONE',  ( -14.36072198411766543, 8.976264818957252700, -6.500000000000000888 ) ) ;
#5048 = CARTESIAN_POINT ( 'NONE',  ( 5.878986338650751264, 3.484135919069185405, 7.622430334959706677 ) ) ;
#5049 = ORIENTED_EDGE ( 'NONE', *, *, #2388, .F. ) ;
#5050 = VECTOR ( 'NONE', #1470, 1000.000000000000000 ) ;
#5051 = EDGE_CURVE ( 'NONE', #975, #6341, #7195, .T. ) ;
#5052 = AXIS2_PLACEMENT_3D ( 'NONE', #5333, #167, #1725 ) ;
#5053 = ORIENTED_EDGE ( 'NONE', *, *, #3325, .T. ) ;
#5054 = ORIENTED_EDGE ( 'NONE', *, *, #2212, .T. ) ;
#5055 = DIRECTION ( 'NONE',  ( 0.000000000000000000, 0.000000000000000000, -1.000000000000000000 ) ) ;
#5056 = EDGE_CURVE ( 'NONE', #3763, #1180, #6371, .T. ) ;
#5057 = VERTEX_POINT ( 'NONE', #2020 ) ;
#5058 =( BOUNDED_CURVE ( )  B_SPLINE_CURVE ( 2, ( #2998, #1133, #2966 ),
 .UNSPECIFIED., .F., .T. ) 
 B_SPLINE_CURVE_WITH_KNOTS ( ( 3, 3 ),
 ( 0.000000000000000000, 1.000000000000000000 ),
 .UNSPECIFIED. ) 
 CURVE ( )  GEOMETRIC_REPRESENTATION_ITEM ( )  RATIONAL_B_SPLINE_CURVE ( ( 1.000000000000000000, 0.9155493925646536191, 1.000000000000000000 ) ) 
 REPRESENTATION_ITEM ( '' )  );
#5059 = CIRCLE ( 'NONE', #1816, 14.93707874011463943 ) ;
#5060 = AXIS2_PLACEMENT_3D ( 'NONE', #1511, #1090, #6705 ) ;
#5061 = CARTESIAN_POINT ( 'NONE',  ( 0.000000000000000000, 1.067602915065788140E-15, 3.500000000000000000 ) ) ;
#5062 = CARTESIAN_POINT ( 'NONE',  ( 7.723641766802899156, 3.100841162083439517, 5.378640834937235660 ) ) ;
#5063 = VERTEX_POINT ( 'NONE', #4305 ) ;
#5064 = CARTESIAN_POINT ( 'NONE',  ( 14.13075718784739898, 9.334097026668938923, 3.500000000000000000 ) ) ;
#5065 = CARTESIAN_POINT ( 'NONE',  ( -5.878915015194627891, 3.483972017639287433, 7.621733645329735296 ) ) ;
#5066 = CIRCLE ( 'NONE', #7090, 2.149999999999999023 ) ;
#5067 = VECTOR ( 'NONE', #7318, 1000.000000000000000 ) ;
#5068 = EDGE_CURVE ( 'NONE', #2293, #1618, #828, .T. ) ;
#5069 = LINE ( 'NONE', #4991, #2076 ) ;
#5070 = ORIENTED_EDGE ( 'NONE', *, *, #2270, .T. ) ;
#5071 = CARTESIAN_POINT ( 'NONE',  ( 15.89384706209390252, 4.450825974518250128, -6.500000000000000888 ) ) ;
#5072 = LINE ( 'NONE', #6156, #578 ) ;
#5073 = FACE_OUTER_BOUND ( 'NONE', #3118, .T. ) ;
#5074 = AXIS2_PLACEMENT_3D ( 'NONE', #6570, #7049, #4356 ) ;
#5075 = DIRECTION ( 'NONE',  ( 0.000000000000000000, 0.000000000000000000, -1.000000000000000000 ) ) ;
#5076 = LINE ( 'NONE', #3906, #2193 ) ;
#5077 = ORIENTED_EDGE ( 'NONE', *, *, #6541, .T. ) ;
#5078 = DIRECTION ( 'NONE',  ( 0.000000000000000000, 0.000000000000000000, -1.000000000000000000 ) ) ;
#5079 = EDGE_CURVE ( 'NONE', #6597, #503, #6488, .T. ) ;
#5080 = ORIENTED_EDGE ( 'NONE', *, *, #386, .T. ) ;
#5081 = CARTESIAN_POINT ( 'NONE',  ( 8.000000000000000000, 8.000000000000000000, 5.000000000000000000 ) ) ;
#5082 = CIRCLE ( 'NONE', #2565, 14.93707874011463765 ) ;
#5084 = CARTESIAN_POINT ( 'NONE',  ( 8.984190373162849852, -3.629134143010066982, 5.000282014665584640 ) ) ;
#5083 = CARTESIAN_POINT ( 'NONE',  ( -3.164695990231859657, 6.056767992094472142, 7.842157500958560234 ) ) ;
#5085 = CARTESIAN_POINT ( 'NONE',  ( -10.32400093086860160, -12.88766260189612112, 3.500000000000000000 ) ) ;
#5086 = DIRECTION ( 'NONE',  ( 0.000000000000000000, 0.000000000000000000, -1.000000000000000000 ) ) ;
#5087 = CARTESIAN_POINT ( 'NONE',  ( -6.505213034913029562E-16, 1.058181320345851949E-13, 3.500000000000000000 ) ) ;
#5089 = EDGE_CURVE ( 'NONE', #6419, #713, #6835, .T. ) ;
#5088 = CARTESIAN_POINT ( 'NONE',  ( -6.086481637526660689E-12, -8.726941734834309668E-13, -6.500000000000000888 ) ) ;
#5090 = ADVANCED_FACE ( 'NONE', ( #2692 ), #1803, .T. ) ;
#5091 = CARTESIAN_POINT ( 'NONE',  ( 5.409803796325918235, 4.175360417976700766, 6.694115939595444154 ) ) ;
#5092 = ORIENTED_EDGE ( 'NONE', *, *, #4498, .F. ) ;
#5093 = VERTEX_POINT ( 'NONE', #4381 ) ;
#5094 = CARTESIAN_POINT ( 'NONE',  ( 7.652811572475345159, 3.533176813858721843, 5.000293563316643208 ) ) ;
#5095 = ORIENTED_EDGE ( 'NONE', *, *, #615, .T. ) ;
#5096 = CIRCLE ( 'NONE', #7365, 16.93527874010839795 ) ;
#5097 = CARTESIAN_POINT ( 'NONE',  ( -3.833380838284697223, -5.657393655486021800, 7.244457993878843816 ) ) ;
#5098 = DIRECTION ( 'NONE',  ( -0.6548607339452872100, -0.7557495743542563815, 0.000000000000000000 ) ) ;
#5099 = CARTESIAN_POINT ( 'NONE',  ( -5.308586851878311030, 4.303310061471440129, 6.430872809966550641 ) ) ;
#5100 = CIRCLE ( 'NONE', #41, 0.4299999999999547518 ) ;
#5101 = ORIENTED_EDGE ( 'NONE', *, *, #1344, .T. ) ;
#5102 = DIRECTION ( 'NONE',  ( 0.000000000000000000, 0.000000000000000000, -1.000000000000000000 ) ) ;
#5103 = CARTESIAN_POINT ( 'NONE',  ( -3.545739291490467515, 8.480156459914377720, 5.000039067870860165 ) ) ;
#5104 = VECTOR ( 'NONE', #5987, 1000.000000000000000 ) ;
#5105 = DIRECTION ( 'NONE',  ( -1.000000000000000000, 0.000000000000000000, 0.000000000000000000 ) ) ;
#5106 = EDGE_CURVE ( 'NONE', #2804, #4898, #5880, .T. ) ;
#5107 = ORIENTED_EDGE ( 'NONE', *, *, #5862, .T. ) ;
#5108 = FACE_OUTER_BOUND ( 'NONE', #1466, .T. ) ;
#5109 = DIRECTION ( 'NONE',  ( -1.000000000000000000, 0.000000000000000000, 0.000000000000000000 ) ) ;
#5110 = CARTESIAN_POINT ( 'NONE',  ( 3.326259582143665220E-12, 5.171349053832919920E-12, 3.500000000000000000 ) ) ;
#5111 = VECTOR ( 'NONE', #2589, 1000.000000000000000 ) ;
#5112 = CIRCLE ( 'NONE', #2119, 0.4299999999999720712 ) ;
#5113 = CARTESIAN_POINT ( 'NONE',  ( 8.860594278221011422, 3.594911699843655661, 5.000000000000278888 ) ) ;
#5114 = CYLINDRICAL_SURFACE ( 'NONE', #4220, 14.93707874011463410 ) ;
#5115 = CARTESIAN_POINT ( 'NONE',  ( 9.047171303507051121, -13.99295429087458054, 3.501999999999999780 ) ) ;
#5116 = ORIENTED_EDGE ( 'NONE', *, *, #3902, .F. ) ;
#5117 = CARTESIAN_POINT ( 'NONE',  ( -2.658421779003744767, 6.304942727232224264, 5.543164213638613447 ) ) ;
#5119 = CARTESIAN_POINT ( 'NONE',  ( 8.959466341805978118, -3.623580985139857269, 5.000356323302365347 ) ) ;
#5118 = DIRECTION ( 'NONE',  ( 0.000000000000000000, 0.000000000000000000, -1.000000000000000000 ) ) ;
#5120 = LINE ( 'NONE', #2376, #3380 ) ;
#5121 = CIRCLE ( 'NONE', #4271, 16.93527874010839795 ) ;
#5122 = CARTESIAN_POINT ( 'NONE',  ( -3.606734626493260709, 7.122720479010982153, 5.000000000000000000 ) ) ;
#5123 = CARTESIAN_POINT ( 'NONE',  ( -6.505213034913029562E-16, 1.058181320345851949E-13, 3.500000000000000000 ) ) ;
#5124 = CIRCLE ( 'NONE', #7029, 1.779502281109976103 ) ;
#5125 = DIRECTION ( 'NONE',  ( 0.000000000000000000, 0.000000000000000000, 1.000000000000000000 ) ) ;
#5126 = CARTESIAN_POINT ( 'NONE',  ( -3.575796828463893018, -7.293565848941112151, 5.000229814103102299 ) ) ;
#5127 = AXIS2_PLACEMENT_3D ( 'NONE', #3180, #6584, #227 ) ;
#5128 = EDGE_LOOP ( 'NONE', ( #6259, #978, #2706, #61 ) ) ;
#5129 = ORIENTED_EDGE ( 'NONE', *, *, #2926, .F. ) ;
#5130 = CARTESIAN_POINT ( 'NONE',  ( 8.077843918373778465, 3.520570675673903249, 5.000097561787126388 ) ) ;
#5131 = B_SPLINE_CURVE_WITH_KNOTS ( 'NONE', 3,
 ( #6408, #5940, #703, #6513, #3094, #5384, #6921, #5280, #1270, #1232, #220, #4666, #5242, #1779, #2497, #3520, #742, #1345, #5799, #1191, #3019, #1302, #3624, #4064, #4777, #4631 ),
 .UNSPECIFIED., .F., .F.,
 ( 4, 2, 2, 2, 1, 2, 2, 2, 2, 1, 2, 2, 2, 4 ),
 ( 0.000000000000000000, 0.07347820905539777236, 0.1102173135830958051, 0.1285868658469447590, 0.1469564181107937406, 0.2204346271661866974, 0.2939128362215795987, 0.3673910452769725277, 0.4041301498046682705, 0.4408692543323640689, 0.4776083588600598118, 0.4959779111239077110, 0.5143474633877554991, 0.5878256724431406566 ),
 .UNSPECIFIED. ) ;
#5132 = EDGE_CURVE ( 'NONE', #3935, #6670, #3072, .T. ) ;
#5133 = CARTESIAN_POINT ( 'NONE',  ( -8.654581395234959729, -3.567945342298469491, 5.000132197835656100 ) ) ;
#5134 = CARTESIAN_POINT ( 'NONE',  ( 2.553928971772974954, 16.30649174702565318, -6.500000000000000888 ) ) ;
#5135 = CARTESIAN_POINT ( 'NONE',  ( -5.797755159383251922, 3.729923202606636234, 5.532328607658612007 ) ) ;
#5136 = VERTEX_POINT ( 'NONE', #1472 ) ;
#5137 = DIRECTION ( 'NONE',  ( 1.000000000000000000, 0.000000000000000000, 0.000000000000000000 ) ) ;
#5138 = CARTESIAN_POINT ( 'NONE',  ( 2.620464622285425094, -16.73131289434634894, 3.500000000000000000 ) ) ;
#5139 = DIRECTION ( 'NONE',  ( -1.000000000000000000, 0.000000000000000000, 0.000000000000000000 ) ) ;
#5140 = CARTESIAN_POINT ( 'NONE',  ( -8.843415921076598352, 3.599316860624848236, 5.000650233107897691 ) ) ;
#5141 = ORIENTED_EDGE ( 'NONE', *, *, #6878, .F. ) ;
#5142 = CARTESIAN_POINT ( 'NONE',  ( 8.000000000000000000, -8.000000000000000000, 2.669999999999999929 ) ) ;
#5143 = AXIS2_PLACEMENT_3D ( 'NONE', #2791, #3466, #6766 ) ;
#5144 = ADVANCED_FACE ( 'NONE', ( #4983 ), #1625, .F. ) ;
#5145 = CARTESIAN_POINT ( 'NONE',  ( -15.77705318448115257, -4.848589393084430377, -6.500000000000000888 ) ) ;
#5146 = EDGE_CURVE ( 'NONE', #3836, #572, #3251, .T. ) ;
#5147 = CARTESIAN_POINT ( 'NONE',  ( 16.50062835264469996, 0.6372648811799739299, 3.500000000000000000 ) ) ;
#5148 = CARTESIAN_POINT ( 'NONE',  ( 14.83309173315053364, 1.759463248875126284, -6.500000000000000888 ) ) ;
#5149 = CARTESIAN_POINT ( 'NONE',  ( -14.36072198411765832, -8.976264818957270464, 3.500000000000000000 ) ) ;
#5150 = DIRECTION ( 'NONE',  ( 0.000000000000000000, 0.000000000000000000, -1.000000000000000000 ) ) ;
#5151 = ORIENTED_EDGE ( 'NONE', *, *, #3616, .F. ) ;
#5152 = CARTESIAN_POINT ( 'NONE',  ( -6.085802726076601150E-12, 8.774161063371340519E-13, -6.500000000000000888 ) ) ;
#5154 = CARTESIAN_POINT ( 'NONE',  ( 15.77705318448115257, -4.848589393084430377, 3.500000000000000000 ) ) ;
#5153 = CARTESIAN_POINT ( 'NONE',  ( -2.620464622285431755, 16.73131289434637026, -6.500000000000000888 ) ) ;
#5155 = DIRECTION ( 'NONE',  ( 0.000000000000000000, 0.000000000000000000, -1.000000000000000000 ) ) ;
#5156 = ORIENTED_EDGE ( 'NONE', *, *, #3546, .T. ) ;
#5157 = ORIENTED_EDGE ( 'NONE', *, *, #6677, .F. ) ;
#5158 = VERTEX_POINT ( 'NONE', #3786 ) ;
#5159 = CARTESIAN_POINT ( 'NONE',  ( -3.535678663926560716, 7.619059396434779252, 5.000356242269562657 ) ) ;
#5160 = DIRECTION ( 'NONE',  ( 0.000000000000000000, 0.000000000000000000, -1.000000000000000000 ) ) ;
#5161 = DIRECTION ( 'NONE',  ( 1.000000000000000000, 0.000000000000000000, 0.000000000000000000 ) ) ;
#5162 = CARTESIAN_POINT ( 'NONE',  ( 5.843947977888110046, 3.542795732074682569, 7.570467214817374391 ) ) ;
#5163 = ORIENTED_EDGE ( 'NONE', *, *, #6824, .T. ) ;
#5164 = CARTESIAN_POINT ( 'NONE',  ( 7.272741367904836274, 3.579206246832014493, 5.000191696255302354 ) ) ;
#5165 = ORIENTED_EDGE ( 'NONE', *, *, #5030, .F. ) ;
#5166 = AXIS2_PLACEMENT_3D ( 'NONE', #3459, #5744, #4503 ) ;
#5167 = CARTESIAN_POINT ( 'NONE',  ( -8.077843918367957343, -3.520570675674220773, 5.000097561786708056 ) ) ;
#5168 = EDGE_CURVE ( 'NONE', #1490, #1346, #6785, .T. ) ;
#5169 = AXIS2_PLACEMENT_3D ( 'NONE', #5386, #2576, #7103 ) ;
#5170 = CARTESIAN_POINT ( 'NONE',  ( -6.274932216216090097, -15.27422889192055067, 3.501999999999999780 ) ) ;
#5171 = AXIS2_PLACEMENT_3D ( 'NONE', #4370, #893, #970 ) ;
#5172 = DIRECTION ( 'NONE',  ( 0.000000000000000000, 0.000000000000000000, -1.000000000000000000 ) ) ;
#5173 = ORIENTED_EDGE ( 'NONE', *, *, #4943, .T. ) ;
#5174 = ADVANCED_FACE ( 'NONE', ( #2134 ), #4415, .F. ) ;
#5175 = LINE ( 'NONE', #4114, #2496 ) ;
#5176 = CYLINDRICAL_SURFACE ( 'NONE', #1850, 1.779502281109935469 ) ;
#5177 = ORIENTED_EDGE ( 'NONE', *, *, #126, .T. ) ;
#5178 = CIRCLE ( 'NONE', #3853, 1.779502281109935691 ) ;
#5179 = ORIENTED_EDGE ( 'NONE', *, *, #2972, .T. ) ;
#5180 = DIRECTION ( 'NONE',  ( 0.000000000000000000, 0.000000000000000000, 1.000000000000000000 ) ) ;
#5181 = AXIS2_PLACEMENT_3D ( 'NONE', #6628, #1464, #3026 ) ;
#5182 = ORIENTED_EDGE ( 'NONE', *, *, #2424, .F. ) ;
#5183 = EDGE_CURVE ( 'NONE', #7216, #5158, #4413, .T. ) ;
#5184 = CARTESIAN_POINT ( 'NONE',  ( -5.851470600375259679, 3.533857191255186159, 7.590139390708254830 ) ) ;
#5185 = CARTESIAN_POINT ( 'NONE',  ( -3.610600222404604764, -8.899557282744478215, 5.000532402895020212 ) ) ;
#5186 = DIRECTION ( 'NONE',  ( 0.000000000000000000, 0.000000000000000000, 1.000000000000000000 ) ) ;
#5187 = EDGE_LOOP ( 'NONE', ( #5373, #6674, #2014, #3274 ) ) ;
#5188 = CIRCLE ( 'NONE', #7093, 0.4299999999999999378 ) ;
#5189 = CARTESIAN_POINT ( 'NONE',  ( 6.341710652641939561, -2.546031784417535526, 4.999999999999999112 ) ) ;
#5190 = CARTESIAN_POINT ( 'NONE',  ( 2.199438168349950207, 16.79184735961995045, 3.500000000000000000 ) ) ;
#5191 = EDGE_CURVE ( 'NONE', #3984, #4657, #5978, .T. ) ;
#5192 = CARTESIAN_POINT ( 'NONE',  ( -7.434285267090300131, -14.74477009411852002, 3.500000000000000000 ) ) ;
#5193 = ORIENTED_EDGE ( 'NONE', *, *, #738, .T. ) ;
#5194 = DIRECTION ( 'NONE',  ( 0.000000000000000000, 0.000000000000000000, 1.000000000000000000 ) ) ;
#5195 = AXIS2_PLACEMENT_3D ( 'NONE', #962, #5581, #6231 ) ;
#5197 = CARTESIAN_POINT ( 'NONE',  ( -9.125723456341756190, 3.663740471346071281, 5.000000000000000000 ) ) ;
#5196 = FACE_OUTER_BOUND ( 'NONE', #4968, .T. ) ;
#5198 = LINE ( 'NONE', #6319, #2774 ) ;
#5199 = AXIS2_PLACEMENT_3D ( 'NONE', #2942, #4693, #5232 ) ;
#5200 = B_SPLINE_CURVE_WITH_KNOTS ( 'NONE', 3,
 ( #6788, #5602, #423, #2733, #2102, #4386, #6751, #3343, #6676, #1631, #3932, #2243, #1057, #3374, #2700, #5671, #1517, #498, #2812, #5103, #4533, #4988, #6107, #944, #2276, #6970, #49, #3450, #1830, #82, #1790, #1131, #1096, #6422, #5220, #2997, #4115, #6898, #4645, #2393, #5255, #5848, #3570 ),
 .UNSPECIFIED., .F., .F.,
 ( 4, 2, 1, 1, 2, 2, 2, 1, 2, 2, 2, 1, 2, 2, 2, 1, 1, 1, 2, 2, 2, 2, 2, 2, 4 ),
 ( 0.5902992645199498511, 0.6415118564549564528, 0.6671181524224611969, 0.6799213004062136800, 0.6863228743980888114, 0.6927244483899639427, 0.7439370403249587760, 0.7695433362924560816, 0.7823464842762049010, 0.7951496322599536093, 0.8207559282274484724, 0.8335590762111959595, 0.8399606502030705357, 0.8463622241949451119, 0.8719685201624411963, 0.8847716681461900157, 0.8911732421380633706, 0.8943740291339987714, 0.8959744226319679150, 0.8975748161299368366, 0.9487874080649667530, 0.9615905560487237880, 0.9679921300406029161, 0.9743937040324819332, 1.000000000000000000 ),
 .UNSPECIFIED. ) ;
#5201 = ORIENTED_EDGE ( 'NONE', *, *, #6403, .F. ) ;
#5202 = ORIENTED_EDGE ( 'NONE', *, *, #2519, .T. ) ;
#5203 = CARTESIAN_POINT ( 'NONE',  ( -3.539018826451812760, 7.581863691216418566, 5.000408768184056996 ) ) ;
#5204 = CYLINDRICAL_SURFACE ( 'NONE', #982, 18.86342674685059961 ) ;
#5205 = CARTESIAN_POINT ( 'NONE',  ( -4.487272826758871958, 5.177050413809662466, 5.000000000000127898 ) ) ;
#5206 = AXIS2_PLACEMENT_3D ( 'NONE', #4708, #70, #6443 ) ;
#5207 = CARTESIAN_POINT ( 'NONE',  ( 6.076559694985588678, 3.126530017206021306, 7.861620243319714874 ) ) ;
#5208 = VERTEX_POINT ( 'NONE', #3062 ) ;
#5209 = CARTESIAN_POINT ( 'NONE',  ( 7.924485816517794490, 3.520118015998919603, 4.999999979544299755 ) ) ;
#5210 = EDGE_CURVE ( 'NONE', #3267, #7036, #946, .T. ) ;
#5211 = CIRCLE ( 'NONE', #5691, 4.479999999999999538 ) ;
#5212 = CIRCLE ( 'NONE', #6142, 1.779502281109935469 ) ;
#5213 = CARTESIAN_POINT ( 'NONE',  ( -7.847474894690498637, -3.522594873152660622, 5.000001701991986458 ) ) ;
#5214 = DIRECTION ( 'NONE',  ( 0.000000000000000000, 0.000000000000000000, -1.000000000000000000 ) ) ;
#5215 = CARTESIAN_POINT ( 'NONE',  ( -4.832161620284267656, 4.832161620284266768, 5.000000000000000000 ) ) ;
#5216 = VERTEX_POINT ( 'NONE', #6019 ) ;
#5217 = CARTESIAN_POINT ( 'NONE',  ( -4.648460088740601096E-12, -4.024757464465025360E-12, 3.501999999999999780 ) ) ;
#5218 = VECTOR ( 'NONE', #2252, 1000.000000000000000 ) ;
#5219 = ORIENTED_EDGE ( 'NONE', *, *, #14, .F. ) ;
#5220 = CARTESIAN_POINT ( 'NONE',  ( -3.604445817331187740, 8.868910896588857895, 5.000596995293019376 ) ) ;
#5221 = ADVANCED_FACE ( 'NONE', ( #2577 ), #782, .T. ) ;
#5222 = ORIENTED_EDGE ( 'NONE', *, *, #3665, .T. ) ;
#5223 = CARTESIAN_POINT ( 'NONE',  ( 16.01177522894684202, 4.037313039457349539, -6.500000000000000888 ) ) ;
#5224 = CIRCLE ( 'NONE', #6171, 14.93707874011463232 ) ;
#5225 = CIRCLE ( 'NONE', #6172, 0.4300000000000054889 ) ;
#5226 = ORIENTED_EDGE ( 'NONE', *, *, #3544, .T. ) ;
#5227 = DIRECTION ( 'NONE',  ( 0.000000000000000000, 0.000000000000000000, 1.000000000000000000 ) ) ;
#5228 = CARTESIAN_POINT ( 'NONE',  ( -4.832161620284269432, 4.832161620284269432, 5.000000000000000000 ) ) ;
#5229 = DIRECTION ( 'NONE',  ( -1.000000000000000000, 0.000000000000000000, 0.000000000000000000 ) ) ;
#5230 = ORIENTED_EDGE ( 'NONE', *, *, #746, .F. ) ;
#5231 = EDGE_CURVE ( 'NONE', #5158, #1635, #2713, .T. ) ;
#5232 = DIRECTION ( 'NONE',  ( -0.6548607339452852116, -0.7557495743542581579, 0.000000000000000000 ) ) ;
#5233 = CARTESIAN_POINT ( 'NONE',  ( -13.77196618806395811, -9.097096987693380044, 3.500000000000000000 ) ) ;
#5234 = ORIENTED_EDGE ( 'NONE', *, *, #310, .T. ) ;
#5235 = CARTESIAN_POINT ( 'NONE',  ( 7.984689828706916792, -3.518186785504703096, 5.000000000000000888 ) ) ;
#5237 = CARTESIAN_POINT ( 'NONE',  ( 8.068671400528595328, -3.520422623195054168, 5.000103024541475705 ) ) ;
#5236 = CARTESIAN_POINT ( 'NONE',  ( 16.30791787812275118, 4.566780100418109889, 3.500000000000000000 ) ) ;
#5238 = DIRECTION ( 'NONE',  ( 0.000000000000000000, 0.000000000000000000, -1.000000000000000000 ) ) ;
#5239 = CARTESIAN_POINT ( 'NONE',  ( -3.548784635459591108, 7.487798184152962833, 5.000472620845047622 ) ) ;
#5240 = ORIENTED_EDGE ( 'NONE', *, *, #1531, .T. ) ;
#5241 = DIRECTION ( 'NONE',  ( 0.000000000000000000, 0.000000000000000000, 1.000000000000000000 ) ) ;
#5242 = CARTESIAN_POINT ( 'NONE',  ( 3.539201052710584161, -7.579920260551372024, 5.000411115313887933 ) ) ;
#5243 = CIRCLE ( 'NONE', #1876, 2.149999999999999023 ) ;
#5244 = ORIENTED_EDGE ( 'NONE', *, *, #4518, .T. ) ;
#5245 = CARTESIAN_POINT ( 'NONE',  ( 7.442519479013681050, 3.554080483844877847, 5.000465572621403787 ) ) ;
#5246 = ADVANCED_FACE ( 'NONE', ( #5388 ), #4824, .T. ) ;
#5247 = CARTESIAN_POINT ( 'NONE',  ( -8.222174728595598836, -3.525482726912613884, 5.000029192933427957 ) ) ;
#5248 = CARTESIAN_POINT ( 'NONE',  ( -8.000000000000000000, 8.000000000000000000, -7.500000000000000888 ) ) ;
#5249 = CARTESIAN_POINT ( 'NONE',  ( -16.93394325256436161, -0.2126779821699027739, -6.500000000000000888 ) ) ;
#5250 = EDGE_CURVE ( 'NONE', #5057, #3843, #590, .T. ) ;
#5251 = CARTESIAN_POINT ( 'NONE',  ( -6.775413943028827823, 3.676087340972200579, 5.000000013345180072 ) ) ;
#5252 = EDGE_LOOP ( 'NONE', ( #6212, #767, #415, #2626, #1977 ) ) ;
#5253 = CARTESIAN_POINT ( 'NONE',  ( -8.383895737619360133, 12.36230615819429879, 3.500000000000000000 ) ) ;
#5254 = VERTEX_POINT ( 'NONE', #1894 ) ;
#5255 = CARTESIAN_POINT ( 'NONE',  ( -3.641995036748231662, 9.040782726247526213, 5.000099062519300475 ) ) ;
#5256 = AXIS2_PLACEMENT_3D ( 'NONE', #2101, #2242, #3342 ) ;
#5257 = AXIS2_PLACEMENT_3D ( 'NONE', #1973, #7110, #7035 ) ;
#5258 = ORIENTED_EDGE ( 'NONE', *, *, #3847, .T. ) ;
#5259 = DIRECTION ( 'NONE',  ( 0.000000000000000000, 0.000000000000000000, 1.000000000000000000 ) ) ;
#5260 =( BOUNDED_SURFACE ( )  B_SPLINE_SURFACE ( 3, 2, ( 
 ( #6519, #1309, #6962 ),
 ( #6415, #3632, #1276 ),
 ( #6375, #6928, #707 ),
 ( #7032, #6450, #5912 ),
 ( #5871, #5842, #1784 ),
 ( #77, #748, #3063 ) ),
 .UNSPECIFIED., .F., .F., .T. ) 
 B_SPLINE_SURFACE_WITH_KNOTS ( ( 4, 2, 4 ),
 ( 3, 3 ),
 ( 0.004572695605117648582, 0.005447210325859298818, 0.006321725046600949922 ),
 ( 0.000000000000000000, 1.000000000000000000 ),
 .UNSPECIFIED. ) 
 GEOMETRIC_REPRESENTATION_ITEM ( )  RATIONAL_B_SPLINE_SURFACE ( (
 ( 1.000000000000000000, 0.9155493925638844566, 1.000000000000000000),
 ( 1.000000000000000000, 0.9391694711562085240, 1.000000000000000000),
 ( 1.000000000000000000, 0.9607223642407515252, 1.000000000000000000),
 ( 1.000000000000000000, 0.9912792382436158567, 1.000000000000000000),
 ( 1.000000000000000000, 1.000123610408600872, 1.000000000000000000),
 ( 1.000000000000000000, 1.000000000000000000, 1.000000000000000000) ) ) 
 REPRESENTATION_ITEM ( '' )  SURFACE ( )  );
#5261 = ORIENTED_EDGE ( 'NONE', *, *, #3573, .T. ) ;
#5262 = DIRECTION ( 'NONE',  ( 1.000000000000000000, 0.000000000000000000, 0.000000000000000000 ) ) ;
#5263 = CARTESIAN_POINT ( 'NONE',  ( -3.529760253764177680, -8.295562327039537109, 5.000000030980746857 ) ) ;
#5264 = B_SPLINE_CURVE_WITH_KNOTS ( 'NONE', 3,
 ( #1882, #4171, #6470, #5897, #733, #3049, #6576, #7278, #1998, #4963, #2636, #4279, #3725, #7167, #6158, #4887, #3314, #5532, #6653, #5033, #3169, #996, #4997, #4925, #2672, #400, #3275, #3799, #956, #3235, #919, #1449, #6719, #5461, #5608, #433, #365, #7244, #7205, #2144, #2111 ),
 .UNSPECIFIED., .F., .F.,
 ( 4, 1, 2, 2, 1, 1, 2, 2, 1, 1, 2, 2, 1, 1, 2, 2, 2, 1, 1, 2, 2, 1, 1, 2, 2, 4 ),
 ( 0.000000000000000000, 0.06249999999999827915, 0.09374999999999723832, 0.1249999999999961975, 0.1874999999999941158, 0.2187499999999925893, 0.2343749999999923672, 0.2499999999999921174, 0.3124999999999907851, 0.3437499999999901190, 0.3593749999999899525, 0.3749999999999897859, 0.4374999999999878986, 0.4687499999999871214, 0.4843749999999870659, 0.4999999999999870104, 0.6249999999999876765, 0.6874999999999880096, 0.7187499999999884537, 0.7343749999999888978, 0.7499999999999893419, 0.8124999999999885647, 0.8437499999999883427, 0.8593749999999887867, 0.8749999999999892308, 1.000000000000000000 ),
 .UNSPECIFIED. ) ;
#5265 = CARTESIAN_POINT ( 'NONE',  ( 5.740295432250503538, -3.707920138119390252, 7.397816680484282870 ) ) ;
#5266 = EDGE_CURVE ( 'NONE', #1046, #2621, #4197, .T. ) ;
#5267 = CARTESIAN_POINT ( 'NONE',  ( 7.122720479011225514, -3.606734626493212748, 5.000000000000000000 ) ) ;
#5268 = CARTESIAN_POINT ( 'NONE',  ( 6.841155559148053733, 15.49200621677863587, -6.500000000000000888 ) ) ;
#5269 = ORIENTED_EDGE ( 'NONE', *, *, #4613, .T. ) ;
#5270 = EDGE_CURVE ( 'NONE', #522, #4168, #2403, .T. ) ;
#5271 = CARTESIAN_POINT ( 'NONE',  ( 6.224080526762553411, -2.912633191701504476, 5.723952351792413573 ) ) ;
#5273 = CARTESIAN_POINT ( 'NONE',  ( -5.451023931670832212, 4.121583693413203520, 6.795954457254244296 ) ) ;
#5272 = CARTESIAN_POINT ( 'NONE',  ( 2.978903736706594696, -6.151366235608944244, 7.928906461755975243 ) ) ;
#5274 = ADVANCED_FACE ( 'NONE', ( #6583, #6997 ), #6518, .T. ) ;
#5275 = CYLINDRICAL_SURFACE ( 'NONE', #948, 1.779502281109934136 ) ;
#5276 = CARTESIAN_POINT ( 'NONE',  ( -10.65115639612647946, 12.60861188687840162, 3.500000000000000000 ) ) ;
#5277 = DIRECTION ( 'NONE',  ( 0.000000000000000000, 0.000000000000000000, 1.000000000000000000 ) ) ;
#5278 = CYLINDRICAL_SURFACE ( 'NONE', #6975, 6.833708498984764290 ) ;
#5279 = ORIENTED_EDGE ( 'NONE', *, *, #225, .F. ) ;
#5280 = CARTESIAN_POINT ( 'NONE',  ( 3.570393835251513437, -7.327886371100644780, 5.000294495873299105 ) ) ;
#5281 = ORIENTED_EDGE ( 'NONE', *, *, #2861, .F. ) ;
#5282 = CARTESIAN_POINT ( 'NONE',  ( 9.125723456341724216, 3.663740471346062400, 5.000000000000000000 ) ) ;
#5283 = VERTEX_POINT ( 'NONE', #1349 ) ;
#5284 = CARTESIAN_POINT ( 'NONE',  ( -8.469043500445563311, -3.544545212228923603, 5.000042620180797925 ) ) ;
#5285 = CARTESIAN_POINT ( 'NONE',  ( 4.832161620284267656, -4.832161620284266768, 5.000000000000000000 ) ) ;
#5287 = LINE ( 'NONE', #752, #2490 ) ;
#5286 = CARTESIAN_POINT ( 'NONE',  ( 3.573965709475544372, 7.305030425068087752, 5.000251674724077056 ) ) ;
#5288 = VERTEX_POINT ( 'NONE', #6550 ) ;
#5289 = DIRECTION ( 'NONE',  ( 0.000000000000000000, 0.000000000000000000, -1.000000000000000000 ) ) ;
#5290 = CIRCLE ( 'NONE', #1678, 1.779502281109934803 ) ;
#5291 = ORIENTED_EDGE ( 'NONE', *, *, #745, .T. ) ;
#5292 = DIRECTION ( 'NONE',  ( 0.000000000000000000, 0.000000000000000000, 1.000000000000000000 ) ) ;
#5293 = AXIS2_PLACEMENT_3D ( 'NONE', #4901, #4331, #339 ) ;
#5294 = DIRECTION ( 'NONE',  ( -1.000000000000000000, 0.000000000000000000, 0.000000000000000000 ) ) ;
#5295 = ORIENTED_EDGE ( 'NONE', *, *, #3327, .T. ) ;
#5296 = CARTESIAN_POINT ( 'NONE',  ( -8.724398107215836973, 3.577238393824552443, 5.000000000000000888 ) ) ;
#5297 = AXIS2_PLACEMENT_3D ( 'NONE', #337, #5472, #5619 ) ;
#5298 = AXIS2_PLACEMENT_3D ( 'NONE', #620, #4617, #1069 ) ;
#5299 = CARTESIAN_POINT ( 'NONE',  ( -3.521042772235999152, -8.102533969963833016, 5.000105121761180271 ) ) ;
#5300 = CIRCLE ( 'NONE', #471, 14.93707874011464298 ) ;
#5301 = CARTESIAN_POINT ( 'NONE',  ( 8.970108147836139523, 14.04247977380171974, -6.500000000000000888 ) ) ;
#5302 = CIRCLE ( 'NONE', #2780, 1.779502281109936357 ) ;
#5303 = CARTESIAN_POINT ( 'NONE',  ( -6.833708498984765178, -1.084202172485504040E-15, 8.500000000000000000 ) ) ;
#5304 = CARTESIAN_POINT ( 'NONE',  ( 3.663740471346069505, 9.125723456341750861, 5.000000000000000000 ) ) ;
#5305 = ORIENTED_EDGE ( 'NONE', *, *, #2813, .T. ) ;
#5306 = CARTESIAN_POINT ( 'NONE',  ( 6.100955355755263376, -3.080516454023281447, 7.887515294681049838 ) ) ;
#5308 = CARTESIAN_POINT ( 'NONE',  ( 7.156450009712689742, -3.599999265885268418, 4.999999999999999112 ) ) ;
#5307 = CARTESIAN_POINT ( 'NONE',  ( -4.009910978581624263, 5.533557815834067029, 6.986511609589641125 ) ) ;
#5309 = CARTESIAN_POINT ( 'NONE',  ( 9.047171303507051121, 13.99295429087460008, 3.500000000000000000 ) ) ;
#5310 = AXIS2_PLACEMENT_3D ( 'NONE', #3181, #5475, #2615 ) ;
#5311 = ADVANCED_FACE ( 'NONE', ( #1381 ), #814, .T. ) ;
#5312 = ORIENTED_EDGE ( 'NONE', *, *, #6516, .T. ) ;
#5313 = CARTESIAN_POINT ( 'NONE',  ( 3.731945906713595384, 5.724752013198274092, 7.370242715494841335 ) ) ;
#5314 = CARTESIAN_POINT ( 'NONE',  ( 2.143592709476545011, -16.36548919478289932, 3.501999999999999780 ) ) ;
#5315 = DIRECTION ( 'NONE',  ( 1.000000000000000000, 0.000000000000000000, 0.000000000000000000 ) ) ;
#5316 = CIRCLE ( 'NONE', #725, 0.4299999999999790101 ) ;
#5317 = CARTESIAN_POINT ( 'NONE',  ( 13.73654921516310168, -5.867157484472600437, 3.501999999999999780 ) ) ;
#5318 = ORIENTED_EDGE ( 'NONE', *, *, #862, .F. ) ;
#5319 = ORIENTED_EDGE ( 'NONE', *, *, #1402, .T. ) ;
#5320 = CARTESIAN_POINT ( 'NONE',  ( 16.93394325256440069, 0.2126779821699004980, 3.500000000000000000 ) ) ;
#5321 = CIRCLE ( 'NONE', #7227, 4.479999999999999538 ) ;
#5322 = ADVANCED_FACE ( 'NONE', ( #4864 ), #2956, .F. ) ;
#5323 = CIRCLE ( 'NONE', #4595, 3.000000000000000000 ) ;
#5324 = EDGE_CURVE ( 'NONE', #5795, #4055, #6604, .T. ) ;
#5325 = FACE_OUTER_BOUND ( 'NONE', #204, .T. ) ;
#5326 = DIRECTION ( 'NONE',  ( -0.000000000000000000, -0.000000000000000000, 1.000000000000000000 ) ) ;
#5328 = CARTESIAN_POINT ( 'NONE',  ( 7.434285267090301907, 14.74477009411852180, -6.500000000000000888 ) ) ;
#5327 = CARTESIAN_POINT ( 'NONE',  ( -8.128056899637666532, 3.521698889671733390, 5.000055060525390616 ) ) ;
#5329 = ORIENTED_EDGE ( 'NONE', *, *, #486, .T. ) ;
#5330 = DIRECTION ( 'NONE',  ( 0.000000000000000000, 0.000000000000000000, -1.000000000000000000 ) ) ;
#5331 = AXIS2_PLACEMENT_3D ( 'NONE', #5437, #3742, #5591 ) ;
#5332 = CARTESIAN_POINT ( 'NONE',  ( -2.143592709476534797, -16.36548919478289932, -6.500000000000000888 ) ) ;
#5333 = CARTESIAN_POINT ( 'NONE',  ( -6.505213034913029562E-16, 1.058181320345851949E-13, 3.500000000000000000 ) ) ;
#5334 = VERTEX_POINT ( 'NONE', #6173 ) ;
#5335 = DIRECTION ( 'NONE',  ( -1.000000000000000000, 0.000000000000000000, 0.000000000000000000 ) ) ;
#5336 = DIRECTION ( 'NONE',  ( 0.000000000000000000, 0.000000000000000000, 1.000000000000000000 ) ) ;
#5337 = ADVANCED_FACE ( 'NONE', ( #5545 ), #3912, .T. ) ;
#5338 = CARTESIAN_POINT ( 'NONE',  ( -3.519859486053732223, -7.999992516264716080, 5.000046837983730619 ) ) ;
#5339 = ADVANCED_FACE ( 'NONE', ( #445 ), #2166, .F. ) ;
#5340 = ORIENTED_EDGE ( 'NONE', *, *, #4998, .F. ) ;
#5341 = EDGE_CURVE ( 'NONE', #5783, #6597, #1676, .T. ) ;
#5342 = CARTESIAN_POINT ( 'NONE',  ( -6.505213034913029562E-16, 1.058181320345851949E-13, -6.500000000000000888 ) ) ;
#5343 = APPLICATION_PROTOCOL_DEFINITION ( 'draft international standard', 'automotive_design', 1998, #1474 ) ;
#5344 = ORIENTED_EDGE ( 'NONE', *, *, #4892, .T. ) ;
#5345 = CARTESIAN_POINT ( 'NONE',  ( 8.724398107216323695, -3.577238393824583529, 4.999999999999880984 ) ) ;
#5346 = AXIS2_PLACEMENT_3D ( 'NONE', #2509, #1357, #5919 ) ;
#5347 = CARTESIAN_POINT ( 'NONE',  ( -9.939567796041161414E-16, -1.084202172485504040E-15, -7.500000000000000888 ) ) ;
#5348 = DIRECTION ( 'NONE',  ( -0.6548607339452848786, -0.7557495743542584909, 0.000000000000000000 ) ) ;
#5349 = ORIENTED_EDGE ( 'NONE', *, *, #2745, .F. ) ;
#5350 = CARTESIAN_POINT ( 'NONE',  ( 3.581361550361957580, 5.820394957143744996, 7.533614833955380341 ) ) ;
#5351 = DIRECTION ( 'NONE',  ( 0.000000000000000000, 0.000000000000000000, -1.000000000000000000 ) ) ;
#5352 = DIRECTION ( 'NONE',  ( 0.7071067811865480168, 0.000000000000000000, 0.7071067811865470176 ) ) ;
#5353 = DIRECTION ( 'NONE',  ( 0.000000000000000000, 0.000000000000000000, 1.000000000000000000 ) ) ;
#5354 = ORIENTED_EDGE ( 'NONE', *, *, #5106, .T. ) ;
#5355 = CARTESIAN_POINT ( 'NONE',  ( 4.303310061476624426, -5.308586851874109058, 6.430872809955233471 ) ) ;
#5356 = CARTESIAN_POINT ( 'NONE',  ( -6.899440728411007306, -2.769945894948928178, 6.156359840075265488 ) ) ;
#5357 = FACE_OUTER_BOUND ( 'NONE', #6820, .T. ) ;
#5358 = DIRECTION ( 'NONE',  ( -0.000000000000000000, -0.000000000000000000, -1.000000000000000000 ) ) ;
#5360 = DIRECTION ( 'NONE',  ( 0.6548607339452848786, -0.7557495743542584909, 0.000000000000000000 ) ) ;
#5359 = DIRECTION ( 'NONE',  ( 0.000000000000000000, 0.000000000000000000, -1.000000000000000000 ) ) ;
#5361 = ORIENTED_EDGE ( 'NONE', *, *, #3337, .T. ) ;
#5362 = DIRECTION ( 'NONE',  ( 0.000000000000000000, 0.000000000000000000, -1.000000000000000000 ) ) ;
#5363 = ORIENTED_EDGE ( 'NONE', *, *, #1251, .T. ) ;
#5364 = DIRECTION ( 'NONE',  ( -1.000000000000000000, 0.000000000000000000, 0.000000000000000000 ) ) ;
#5365 = EDGE_CURVE ( 'NONE', #7382, #29, #3328, .T. ) ;
#5366 = CARTESIAN_POINT ( 'NONE',  ( 7.122720478993606719, 3.606734626496730822, 5.000000000000000000 ) ) ;
#5367 = DIRECTION ( 'NONE',  ( 0.000000000000000000, 0.000000000000000000, -1.000000000000000000 ) ) ;
#5368 = ORIENTED_EDGE ( 'NONE', *, *, #402, .T. ) ;
#5369 = FACE_OUTER_BOUND ( 'NONE', #4720, .T. ) ;
#5370 = CIRCLE ( 'NONE', #4161, 1.779502281109943240 ) ;
#5371 = FACE_OUTER_BOUND ( 'NONE', #2130, .T. ) ;
#5372 = CARTESIAN_POINT ( 'NONE',  ( 5.595311062861157758, -3.923955282668320166, 7.121063250726500371 ) ) ;
#5373 = ORIENTED_EDGE ( 'NONE', *, *, #1641, .T. ) ;
#5374 = CARTESIAN_POINT ( 'NONE',  ( 14.36072198411764766, 8.976264818957270464, -6.500000000000000888 ) ) ;
#5375 = EDGE_LOOP ( 'NONE', ( #5930, #2603, #3229, #3225 ) ) ;
#5376 = CARTESIAN_POINT ( 'NONE',  ( -10.92864321246270087, -12.93709486476248038, 3.500000000000000000 ) ) ;
#5377 = DIRECTION ( 'NONE',  ( 1.000000000000000000, 0.000000000000000000, 0.000000000000000000 ) ) ;
#5378 = CYLINDRICAL_SURFACE ( 'NONE', #4334, 1.779502281109935913 ) ;
#5379 = EDGE_LOOP ( 'NONE', ( #7274, #3733, #1774, #151 ) ) ;
#5380 = CARTESIAN_POINT ( 'NONE',  ( 1.734585306228884983E-12, 5.898988698056300596E-12, 3.501999999999999780 ) ) ;
#5381 = ORIENTED_EDGE ( 'NONE', *, *, #2792, .T. ) ;
#5382 = CARTESIAN_POINT ( 'NONE',  ( -5.308586851871345047, -4.303310061480037696, 6.430872809947794977 ) ) ;
#5383 = CYLINDRICAL_SURFACE ( 'NONE', #135, 0.4300000000000000488 ) ;
#5384 = CARTESIAN_POINT ( 'NONE',  ( 3.575962280450912356, -7.292543991011443794, 5.000227917544172840 ) ) ;
#5385 = ORIENTED_EDGE ( 'NONE', *, *, #83, .T. ) ;
#5386 = CARTESIAN_POINT ( 'NONE',  ( 15.89384706209390252, 4.450825974518250128, 3.500000000000000000 ) ) ;
#5387 = B_SPLINE_CURVE_WITH_KNOTS ( 'NONE', 3,
 ( #5122, #1775, #5755, #5723, #67, #3516, #7400, #5796, #4552, #6848, #5239, #3401, #5203, #5159, #1693, #34, #7437, #6951, #2914, #2335, #4627, #629, #6918, #1812, #3987, #2378, #4513, #6321, #4662, #4097, #2300, #2230 ),
 .UNSPECIFIED., .F., .F.,
 ( 4, 2, 2, 2, 1, 2, 2, 2, 2, 1, 1, 2, 2, 2, 1, 1, 1, 2, 4 ),
 ( 0.000000000000000000, 0.07378740806499534122, 0.1106811120974937057, 0.1291279641137428602, 0.1475748161299919869, 0.2213622241949882996, 0.2951496322599846400, 0.3689370403249809804, 0.3873838923412292745, 0.4058307443574775686, 0.4427244483899726579, 0.4796181524224677473, 0.4980650044387153752, 0.5072884304468391337, 0.5165118564549628921, 0.5534055604874580370, 0.5718524125037056649, 0.5810758385118277580, 0.5902992645199498511 ),
 .UNSPECIFIED. ) ;
#5388 = FACE_OUTER_BOUND ( 'NONE', #7338, .T. ) ;
#5389 = ADVANCED_FACE ( 'NONE', ( #3212 ), #2720, .T. ) ;
#5390 = CARTESIAN_POINT ( 'NONE',  ( -8.000000000000000000, -8.000000000000000000, 5.000000000000000000 ) ) ;
#5391 = CARTESIAN_POINT ( 'NONE',  ( -6.505213034913029562E-16, 1.058181320345851949E-13, 3.500000000000000000 ) ) ;
#5392 = ORIENTED_EDGE ( 'NONE', *, *, #1908, .F. ) ;
#5394 = CARTESIAN_POINT ( 'NONE',  ( 5.594070004404390837E-12, 2.552103961480460178E-12, -6.500000000000000888 ) ) ;
#5393 = CARTESIAN_POINT ( 'NONE',  ( 3.586365737906286544, 7.230780820513627027, 5.000118961779066673 ) ) ;
#5395 = ORIENTED_EDGE ( 'NONE', *, *, #735, .F. ) ;
#5396 = DIRECTION ( 'NONE',  ( -1.000000000000000000, 0.000000000000000000, 0.000000000000000000 ) ) ;
#5397 = EDGE_LOOP ( 'NONE', ( #3347, #2214, #671, #3457 ) ) ;
#5398 = DIRECTION ( 'NONE',  ( 0.000000000000000000, 0.000000000000000000, 1.000000000000000000 ) ) ;
#5399 = EDGE_CURVE ( 'NONE', #2146, #4880, #3127, .T. ) ;
#5400 = DIRECTION ( 'NONE',  ( 0.000000000000000000, 0.000000000000000000, 1.000000000000000000 ) ) ;
#5401 = EDGE_CURVE ( 'NONE', #1655, #451, #6735, .T. ) ;
#5402 = CARTESIAN_POINT ( 'NONE',  ( -7.228072953726420558, 15.31530696332200137, 3.500000000000000000 ) ) ;
#5403 = EDGE_CURVE ( 'NONE', #1773, #1741, #6626, .T. ) ;
#5404 = ORIENTED_EDGE ( 'NONE', *, *, #3423, .F. ) ;
#5405 = CARTESIAN_POINT ( 'NONE',  ( 4.303310061476551596, 5.308586851874166790, 6.430872809955392455 ) ) ;
#5406 = CARTESIAN_POINT ( 'NONE',  ( -16.50397716163979922, -0.2072779215192044888, 3.500000000000000000 ) ) ;
#5407 = VECTOR ( 'NONE', #2803, 1000.000000000000000 ) ;
#5408 = AXIS2_PLACEMENT_3D ( 'NONE', #5061, #4490, #3223 ) ;
#5409 = ORIENTED_EDGE ( 'NONE', *, *, #6637, .F. ) ;
#5410 = AXIS2_PLACEMENT_3D ( 'NONE', #5776, #4078, #7007 ) ;
#5411 = ADVANCED_FACE ( 'NONE', ( #2645 ), #1462, .F. ) ;
#5412 = CARTESIAN_POINT ( 'NONE',  ( -16.50062835264469996, -0.6372648811799747071, -6.500000000000000888 ) ) ;
#5413 = AXIS2_PLACEMENT_3D ( 'NONE', #2118, #7252, #3772 ) ;
#5414 = CIRCLE ( 'NONE', #2172, 0.4299999999999997713 ) ;
#5415 = VERTEX_POINT ( 'NONE', #1499 ) ;
#5416 = CARTESIAN_POINT ( 'NONE',  ( -11.52715317416693885, -9.499529514007209130, 3.500000000000000000 ) ) ;
#5417 = CARTESIAN_POINT ( 'NONE',  ( 3.555968525960283344, 8.566960579800280584, 4.999999905874824790 ) ) ;
#5418 = ORIENTED_EDGE ( 'NONE', *, *, #2365, .T. ) ;
#5419 = CARTESIAN_POINT ( 'NONE',  ( -3.663740471346071281, -9.125723456341756190, 5.000000000000000000 ) ) ;
#5420 = VERTEX_POINT ( 'NONE', #928 ) ;
#5421 = AXIS2_PLACEMENT_3D ( 'NONE', #2260, #3469, #6237 ) ;
#5422 = VECTOR ( 'NONE', #7265, 1000.000000000000000 ) ;
#5423 = EDGE_LOOP ( 'NONE', ( #4059, #5508, #5729, #3356 ) ) ;
#5424 = CARTESIAN_POINT ( 'NONE',  ( 3.833380838282966607, 5.657393655487190642, 7.244457993885296432 ) ) ;
#5425 = DIRECTION ( 'NONE',  ( 0.000000000000000000, 0.000000000000000000, 1.000000000000000000 ) ) ;
#5426 = CARTESIAN_POINT ( 'NONE',  ( 5.940952272452319605, -3.523220616535228000, 5.577365042559611297 ) ) ;
#5427 = DIRECTION ( 'NONE',  ( 0.000000000000000000, 0.000000000000000000, 1.000000000000000000 ) ) ;
#5428 = AXIS2_PLACEMENT_3D ( 'NONE', #640, #2927, #2429 ) ;
#5429 = ORIENTED_EDGE ( 'NONE', *, *, #6373, .T. ) ;
#5430 = CARTESIAN_POINT ( 'NONE',  ( -6.274932216216089209, -15.27422889192055244, -6.500000000000000888 ) ) ;
#5431 = ADVANCED_FACE ( 'NONE', ( #3245 ), #2683, .F. ) ;
#5432 = EDGE_CURVE ( 'NONE', #7074, #5868, #7308, .T. ) ;
#5433 = CIRCLE ( 'NONE', #2425, 18.86342674685059961 ) ;
#5434 = DIRECTION ( 'NONE',  ( 0.000000000000000000, 0.000000000000000000, -1.000000000000000000 ) ) ;
#5435 = CARTESIAN_POINT ( 'NONE',  ( -6.341710652641877388, -2.546031784417693622, 8.000000000000000000 ) ) ;
#5436 = DIRECTION ( 'NONE',  ( -1.000000000000000000, 0.000000000000000000, 0.000000000000000000 ) ) ;
#5438 = CARTESIAN_POINT ( 'NONE',  ( 3.523338810675433308, -8.174983534775888572, 5.000060123505176257 ) ) ;
#5437 = CARTESIAN_POINT ( 'NONE',  ( -2.553928971772980283, 16.30649174702565318, 3.500000000000000000 ) ) ;
#5439 = EDGE_CURVE ( 'NONE', #4153, #2561, #5387, .T. ) ;
#5440 = ORIENTED_EDGE ( 'NONE', *, *, #6686, .F. ) ;
#5441 = DIRECTION ( 'NONE',  ( 0.000000000000000000, 0.000000000000000000, 1.000000000000000000 ) ) ;
#5442 = ORIENTED_EDGE ( 'NONE', *, *, #6339, .F. ) ;
#5443 = CARTESIAN_POINT ( 'NONE',  ( -4.650532009343709916, -16.00083217872045083, -6.500000000000000888 ) ) ;
#5444 = VECTOR ( 'NONE', #6474, 1000.000000000000000 ) ;
#5445 = VECTOR ( 'NONE', #5492, 1000.000000000000000 ) ;
#5446 = DIRECTION ( 'NONE',  ( -0.8412535328311819827, 0.5406408174555963342, 0.000000000000000000 ) ) ;
#5447 = CARTESIAN_POINT ( 'NONE',  ( 13.73654921516311411, 5.867157484472608431, -6.500000000000000888 ) ) ;
#5448 = CIRCLE ( 'NONE', #5206, 0.4299999999999287170 ) ;
#5449 = VERTEX_POINT ( 'NONE', #6288 ) ;
#5450 = DIRECTION ( 'NONE',  ( -0.6548607339452848786, 0.7557495743542584909, 0.000000000000000000 ) ) ;
#5451 = EDGE_CURVE ( 'NONE', #7245, #4339, #4681, .T. ) ;
#5452 = CARTESIAN_POINT ( 'NONE',  ( 8.475073725260619639, -3.544743691826121701, 4.999999744310898997 ) ) ;
#5453 = DIRECTION ( 'NONE',  ( 1.000000000000000000, 0.000000000000000000, 0.000000000000000000 ) ) ;
#5454 = CIRCLE ( 'NONE', #3289, 16.93527874010841217 ) ;
#5455 = AXIS2_PLACEMENT_3D ( 'NONE', #630, #5277, #5865 ) ;
#5456 = DIRECTION ( 'NONE',  ( 0.000000000000000000, 0.000000000000000000, -1.000000000000000000 ) ) ;
#5457 = VERTEX_POINT ( 'NONE', #592 ) ;
#5458 = DIRECTION ( 'NONE',  ( -1.000000000000000000, 0.000000000000000000, 0.000000000000000000 ) ) ;
#5459 = DIRECTION ( 'NONE',  ( -0.4154150130018873233, 0.9096319953545181081, 0.000000000000000000 ) ) ;
#5460 = ORIENTED_EDGE ( 'NONE', *, *, #1518, .T. ) ;
#5461 = CARTESIAN_POINT ( 'NONE',  ( 4.097847410151907788, -5.468890168581830302, 6.838661043946348883 ) ) ;
#5462 = AXIS2_PLACEMENT_3D ( 'NONE', #3008, #1880, #657 ) ;
#5463 = EDGE_CURVE ( 'NONE', #2155, #4168, #1116, .T. ) ;
#5464 = ORIENTED_EDGE ( 'NONE', *, *, #3088, .T. ) ;
#5465 = ORIENTED_EDGE ( 'NONE', *, *, #2349, .T. ) ;
#5466 = CARTESIAN_POINT ( 'NONE',  ( -3.518186785504552994, -7.984689828692139280, 5.000000000000000000 ) ) ;
#5467 = ORIENTED_EDGE ( 'NONE', *, *, #4799, .T. ) ;
#5468 = CARTESIAN_POINT ( 'NONE',  ( 2.823510418524321608, 6.252970072306319516, 5.706181217612708245 ) ) ;
#5469 = CARTESIAN_POINT ( 'NONE',  ( -15.77705318448115257, 4.848589393084419719, 3.501999999999999780 ) ) ;
#5470 = FACE_OUTER_BOUND ( 'NONE', #6367, .T. ) ;
#5471 = ORIENTED_EDGE ( 'NONE', *, *, #606, .T. ) ;
#5472 = DIRECTION ( 'NONE',  ( 0.000000000000000000, 0.000000000000000000, -1.000000000000000000 ) ) ;
#5473 = DIRECTION ( 'NONE',  ( -1.000000000000000000, 0.000000000000000000, 0.000000000000000000 ) ) ;
#5474 = CYLINDRICAL_SURFACE ( 'NONE', #1884, 16.93527874010839795 ) ;
#5475 = DIRECTION ( 'NONE',  ( 0.000000000000000000, 0.000000000000000000, -1.000000000000000000 ) ) ;
#5477 = ORIENTED_EDGE ( 'NONE', *, *, #7210, .F. ) ;
#5476 = CARTESIAN_POINT ( 'NONE',  ( -7.540381161038800073, 3.542899146813119238, 5.000464219639757957 ) ) ;
#5478 = EDGE_CURVE ( 'NONE', #1987, #874, #181, .T. ) ;
#5479 = ORIENTED_EDGE ( 'NONE', *, *, #3532, .F. ) ;
#5480 = DIRECTION ( 'NONE',  ( 1.000000000000000000, 0.000000000000000000, 0.000000000000000000 ) ) ;
#5481 = ORIENTED_EDGE ( 'NONE', *, *, #466, .F. ) ;
#5482 = DIRECTION ( 'NONE',  ( -1.000000000000000000, 0.000000000000000000, 0.000000000000000000 ) ) ;
#5483 = CARTESIAN_POINT ( 'NONE',  ( 2.979062698963860001, 16.24198349945379860, 3.501999999999999780 ) ) ;
#5484 = EDGE_CURVE ( 'NONE', #6394, #1316, #1228, .T. ) ;
#5485 = CARTESIAN_POINT ( 'NONE',  ( -9.125723456341756190, 3.663740471346071281, 5.000000000000000000 ) ) ;
#5486 = ORIENTED_EDGE ( 'NONE', *, *, #2485, .T. ) ;
#5487 = CARTESIAN_POINT ( 'NONE',  ( -8.970108147836139523, 14.04247977380171974, 3.501999999999999780 ) ) ;
#5488 = CARTESIAN_POINT ( 'NONE',  ( 7.815860370257665224, -3.523656330018837934, 5.000021749482926658 ) ) ;
#5489 = CARTESIAN_POINT ( 'NONE',  ( 14.13075718784739898, -9.334097026668938923, 3.500000000000000000 ) ) ;
#5490 = CIRCLE ( 'NONE', #1018, 14.93707874011464654 ) ;
#5491 = VECTOR ( 'NONE', #3739, 1000.000000000000000 ) ;
#5492 = DIRECTION ( 'NONE',  ( 0.000000000000000000, 0.000000000000000000, -1.000000000000000000 ) ) ;
#5493 = APPLICATION_PROTOCOL_DEFINITION ( 'draft international standard', 'automotive_design', 1998, #5817 ) ;
#5494 = VERTEX_POINT ( 'NONE', #2796 ) ;
#5495 = CARTESIAN_POINT ( 'NONE',  ( -4.648460088740601096E-12, -4.024757464465025360E-12, 3.500000000000000000 ) ) ;
#5496 = CARTESIAN_POINT ( 'NONE',  ( 3.581087675546621441, 8.740529096221655081, 5.000504137363414259 ) ) ;
#5497 = EDGE_LOOP ( 'NONE', ( #2521, #6121, #3726, #1647 ) ) ;
#5498 = LINE ( 'NONE', #330, #2418 ) ;
#5499 = CIRCLE ( 'NONE', #6926, 0.4300000000000015477 ) ;
#5500 = AXIS2_PLACEMENT_3D ( 'NONE', #910, #7156, #5450 ) ;
#5501 = EDGE_CURVE ( 'NONE', #1936, #6328, #1305, .T. ) ;
#5502 = CARTESIAN_POINT ( 'NONE',  ( -2.912633191709801395, -6.224080526758701382, 5.723952351796837590 ) ) ;
#5503 = DIRECTION ( 'NONE',  ( 1.000000000000000000, 0.000000000000000000, 0.000000000000000000 ) ) ;
#5504 = CARTESIAN_POINT ( 'NONE',  ( -6.274932216216098979, 15.27422889192055067, 3.501999999999999780 ) ) ;
#5505 = AXIS2_PLACEMENT_3D ( 'NONE', #120, #3533, #2315 ) ;
#5506 = EDGE_CURVE ( 'NONE', #3255, #1655, #4812, .T. ) ;
#5507 = LINE ( 'NONE', #335, #2083 ) ;
#5508 = ORIENTED_EDGE ( 'NONE', *, *, #6303, .T. ) ;
#5509 = DIRECTION ( 'NONE',  ( 0.000000000000000000, 0.000000000000000000, -1.000000000000000000 ) ) ;
#5510 = CARTESIAN_POINT ( 'NONE',  ( 10.32400093086860160, 12.88766260189612112, 3.501999999999999780 ) ) ;
#5511 = CYLINDRICAL_SURFACE ( 'NONE', #6449, 0.4300000000000000488 ) ;
#5512 = DIRECTION ( 'NONE',  ( 0.000000000000000000, 0.000000000000000000, -1.000000000000000000 ) ) ;
#5514 = ORIENTED_EDGE ( 'NONE', *, *, #4304, .T. ) ;
#5513 = CARTESIAN_POINT ( 'NONE',  ( -7.328995839639160792, 3.570234011208525793, 5.000296200002146030 ) ) ;
#5515 = ORIENTED_EDGE ( 'NONE', *, *, #4889, .T. ) ;
#5516 = VERTEX_POINT ( 'NONE', #5692 ) ;
#5517 = ORIENTED_EDGE ( 'NONE', *, *, #1641, .F. ) ;
#5518 = CARTESIAN_POINT ( 'NONE',  ( 0.000000000000000000, 1.067602915065788140E-15, 5.000000000000000000 ) ) ;
#5519 = DIRECTION ( 'NONE',  ( -0.000000000000000000, -0.000000000000000000, 1.000000000000000000 ) ) ;
#5520 = ORIENTED_EDGE ( 'NONE', *, *, #1001, .F. ) ;
#5521 = LINE ( 'NONE', #1473, #6378 ) ;
#5522 = ORIENTED_EDGE ( 'NONE', *, *, #6388, .T. ) ;
#5523 = DIRECTION ( 'NONE',  ( 0.9594929736144974797, 0.2817325568414295600, 0.000000000000000000 ) ) ;
#5524 = CARTESIAN_POINT ( 'NONE',  ( -5.965263675861462112, 3.334633876213499271, 7.739936833548449080 ) ) ;
#5525 = DIRECTION ( 'NONE',  ( -0.8412535328311813165, -0.5406408174555974444, 0.000000000000000000 ) ) ;
#5526 = EDGE_CURVE ( 'NONE', #3698, #4684, #6724, .T. ) ;
#5527 = ORIENTED_EDGE ( 'NONE', *, *, #3562, .F. ) ;
#5528 = CYLINDRICAL_SURFACE ( 'NONE', #1753, 0.4299999999999997713 ) ;
#5529 = AXIS2_PLACEMENT_3D ( 'NONE', #5554, #3219, #3818 ) ;
#5530 = DIRECTION ( 'NONE',  ( 1.000000000000000000, 0.000000000000000000, 0.000000000000000000 ) ) ;
#5531 = ORIENTED_EDGE ( 'NONE', *, *, #5889, .F. ) ;
#5532 = CARTESIAN_POINT ( 'NONE',  ( 3.434525612785003013, -5.907938527158927755, 7.663014053334542552 ) ) ;
#5533 = AXIS2_PLACEMENT_3D ( 'NONE', #1429, #3746, #313 ) ;
#5534 = AXIS2_PLACEMENT_3D ( 'NONE', #7371, #6809, #1653 ) ;
#5535 = CARTESIAN_POINT ( 'NONE',  ( -2.546031784417543520, -6.341710652641937784, 8.000000000000000000 ) ) ;
#5536 = CARTESIAN_POINT ( 'NONE',  ( 16.01177522894684913, -4.037313039457320230, 3.500000000000000000 ) ) ;
#5537 = ORIENTED_EDGE ( 'NONE', *, *, #2360, .F. ) ;
#5538 = CARTESIAN_POINT ( 'NONE',  ( 10.14999999999999858, -8.000000000000000000, -7.500000000000000888 ) ) ;
#5539 = ORIENTED_EDGE ( 'NONE', *, *, #7177, .F. ) ;
#5540 = CARTESIAN_POINT ( 'NONE',  ( 12.48000000000000220, 8.000000000000000000, 5.000000000000000000 ) ) ;
#5541 = ORIENTED_EDGE ( 'NONE', *, *, #635, .F. ) ;
#5542 = DIRECTION ( 'NONE',  ( 0.8412535328311819827, 0.5406408174555963342, 0.000000000000000000 ) ) ;
#5543 = AXIS2_PLACEMENT_3D ( 'NONE', #452, #5661, #1506 ) ;
#5544 = AXIS2_PLACEMENT_3D ( 'NONE', #1360, #3224, #3071 ) ;
#5545 = FACE_OUTER_BOUND ( 'NONE', #7436, .T. ) ;
#5546 = DIRECTION ( 'NONE',  ( 0.000000000000000000, 0.000000000000000000, 1.000000000000000000 ) ) ;
#5547 = AXIS2_PLACEMENT_3D ( 'NONE', #5309, #3011, #3084 ) ;
#5548 = CARTESIAN_POINT ( 'NONE',  ( -10.92864321246270087, 12.93709486476248038, 3.500000000000000000 ) ) ;
#5549 = AXIS2_PLACEMENT_3D ( 'NONE', #2503, #5358, #2579 ) ;
#5550 = CARTESIAN_POINT ( 'NONE',  ( -3.521791504209701440, -7.872803893055181135, 5.000011857641854185 ) ) ;
#5551 = ORIENTED_EDGE ( 'NONE', *, *, #3939, .T. ) ;
#5552 = EDGE_LOOP ( 'NONE', ( #2359, #965, #934, #326 ) ) ;
#5553 = EDGE_LOOP ( 'NONE', ( #3007, #5951, #3715, #6720 ) ) ;
#5554 = CARTESIAN_POINT ( 'NONE',  ( 8.000000000000000000, -8.000000000000000000, 2.669999999999999929 ) ) ;
#5555 = ORIENTED_EDGE ( 'NONE', *, *, #318, .T. ) ;
#5556 = AXIS2_PLACEMENT_3D ( 'NONE', #1311, #3703, #3740 ) ;
#5557 = EDGE_CURVE ( 'NONE', #1459, #6563, #238, .T. ) ;
#5558 = CARTESIAN_POINT ( 'NONE',  ( -3.923955282682270784, -5.595311062851379802, 7.121063250703052461 ) ) ;
#5559 = DIRECTION ( 'NONE',  ( -0.000000000000000000, -0.000000000000000000, 1.000000000000000000 ) ) ;
#5560 = CIRCLE ( 'NONE', #1945, 0.4299999999999997713 ) ;
#5561 = ORIENTED_EDGE ( 'NONE', *, *, #4990, .F. ) ;
#5562 = CARTESIAN_POINT ( 'NONE',  ( 10.92864321246270087, -12.93709486476245907, 3.500000000000000000 ) ) ;
#5563 = DIRECTION ( 'NONE',  ( 0.000000000000000000, 0.000000000000000000, -1.000000000000000000 ) ) ;
#5564 = ADVANCED_FACE ( 'NONE', ( #6543 ), #7023, .T. ) ;
#5565 = AXIS2_PLACEMENT_3D ( 'NONE', #3611, #3582, #6313 ) ;
#5566 = CIRCLE ( 'NONE', #366, 2.149999999999999023 ) ;
#5567 = AXIS2_PLACEMENT_3D ( 'NONE', #6482, #7109, #1314 ) ;
#5568 = CARTESIAN_POINT ( 'NONE',  ( 3.521173348659994762, 7.894231722866356549, 5.000014769814676185 ) ) ;
#5569 = B_SPLINE_CURVE_WITH_KNOTS ( 'NONE', 3,
 ( #3660, #2003, #5939, #2529 ),
 .UNSPECIFIED., .F., .F.,
 ( 4, 4 ),
 ( 0.002692163948749119219, 0.004285270114195847968 ),
 .UNSPECIFIED. ) ;
#5570 = EDGE_CURVE ( 'NONE', #124, #5575, #663, .T. ) ;
#5571 = ORIENTED_EDGE ( 'NONE', *, *, #156, .F. ) ;
#5572 = FACE_OUTER_BOUND ( 'NONE', #7310, .T. ) ;
#5573 = ADVANCED_FACE ( 'NONE', ( #2001 ), #3128, .T. ) ;
#5574 = CARTESIAN_POINT ( 'NONE',  ( 3.663740471346069505, 9.125723456341750861, 5.000000000000000000 ) ) ;
#5575 = VERTEX_POINT ( 'NONE', #5900 ) ;
#5576 = CARTESIAN_POINT ( 'NONE',  ( -8.000000000000000000, -8.000000000000000000, 2.669999999999999929 ) ) ;
#5577 = ORIENTED_EDGE ( 'NONE', *, *, #4590, .F. ) ;
#5578 = CARTESIAN_POINT ( 'NONE',  ( -2.978903736707894545, -6.151366235608321631, 7.928906461755500956 ) ) ;
#5579 = CARTESIAN_POINT ( 'NONE',  ( 2.657287812576708319, 6.297044252767118877, 7.999999998527716372 ) ) ;
#5580 = ORIENTED_EDGE ( 'NONE', *, *, #3160, .F. ) ;
#5581 = DIRECTION ( 'NONE',  ( -0.000000000000000000, -0.000000000000000000, -1.000000000000000000 ) ) ;
#5582 = CARTESIAN_POINT ( 'NONE',  ( -10.96445679804882012, 12.33713554324496009, 3.500000000000000000 ) ) ;
#5583 = VERTEX_POINT ( 'NONE', #3621 ) ;
#5584 = CARTESIAN_POINT ( 'NONE',  ( -5.719597079300948295, -3.740549493864466779, 7.362502135930676594 ) ) ;
#5585 = VERTEX_POINT ( 'NONE', #5972 ) ;
#5586 = VECTOR ( 'NONE', #2228, 1000.000000000000000 ) ;
#5587 = DIRECTION ( 'NONE',  ( -0.1423148382732847550, 0.9898214418809329063, 0.000000000000000000 ) ) ;
#5588 = DIRECTION ( 'NONE',  ( 1.000000000000000000, 0.000000000000000000, 0.000000000000000000 ) ) ;
#5589 = DIRECTION ( 'NONE',  ( 0.000000000000000000, 0.000000000000000000, 1.000000000000000000 ) ) ;
#5590 = EDGE_CURVE ( 'NONE', #6222, #5415, #217, .T. ) ;
#5591 = DIRECTION ( 'NONE',  ( 0.9594929736144977017, 0.2817325568414285608, 0.000000000000000000 ) ) ;
#5592 = ORIENTED_EDGE ( 'NONE', *, *, #519, .T. ) ;
#5593 = ORIENTED_EDGE ( 'NONE', *, *, #6949, .F. ) ;
#5594 = DIRECTION ( 'NONE',  ( 0.000000000000000000, 0.000000000000000000, -1.000000000000000000 ) ) ;
#5595 = VERTEX_POINT ( 'NONE', #3051 ) ;
#5596 = CARTESIAN_POINT ( 'NONE',  ( -3.267135819735990765, -6.002171035864361848, 7.783154812025593117 ) ) ;
#5597 = CYLINDRICAL_SURFACE ( 'NONE', #3265, 1.779502281109935469 ) ;
#5598 = CIRCLE ( 'NONE', #2348, 1.779502281109932804 ) ;
#5599 = VERTEX_POINT ( 'NONE', #1918 ) ;
#5600 = EDGE_CURVE ( 'NONE', #2660, #3867, #3257, .T. ) ;
#5601 = DIRECTION ( 'NONE',  ( -0.000000000000000000, -0.000000000000000000, 1.000000000000000000 ) ) ;
#5602 = CARTESIAN_POINT ( 'NONE',  ( -3.519885612869671832, 8.015964988750504006, 5.000114481083402396 ) ) ;
#5603 = CARTESIAN_POINT ( 'NONE',  ( 3.524980390548440035, 7.785218117824783235, 5.000060776315905287 ) ) ;
#5604 = VECTOR ( 'NONE', #6387, 1000.000000000000000 ) ;
#5605 = ORIENTED_EDGE ( 'NONE', *, *, #6248, .T. ) ;
#5606 = DIRECTION ( 'NONE',  ( -0.6548607339452872100, -0.7557495743542563815, 0.000000000000000000 ) ) ;
#5607 = LINE ( 'NONE', #432, #4677 ) ;
#5608 = CARTESIAN_POINT ( 'NONE',  ( 4.139224423434712641, -5.437534149746665157, 6.762768792923562700 ) ) ;
#5609 = ORIENTED_EDGE ( 'NONE', *, *, #4058, .F. ) ;
#5610 = CARTESIAN_POINT ( 'NONE',  ( -2.823510418527000798, -6.252970072305344296, 5.706181217615386991 ) ) ;
#5611 = DIRECTION ( 'NONE',  ( 0.4154150130018866571, 0.9096319953545183301, 0.000000000000000000 ) ) ;
#5612 = CARTESIAN_POINT ( 'NONE',  ( -2.979062698963860001, 16.24198349945379860, 3.501999999999999780 ) ) ;
#5613 = CARTESIAN_POINT ( 'NONE',  ( -3.594911699844145492, 8.860594278223441478, 4.999999999999722000 ) ) ;
#5614 = VECTOR ( 'NONE', #275, 1000.000000000000000 ) ;
#5615 = CIRCLE ( 'NONE', #666, 1.779502281109936135 ) ;
#5617 = EDGE_LOOP ( 'NONE', ( #1932, #4300, #3095, #5918 ) ) ;
#5616 = CARTESIAN_POINT ( 'NONE',  ( -3.606734626493260709, 7.122720479010982153, 5.000000000000000000 ) ) ;
#5618 = CIRCLE ( 'NONE', #2010, 0.4300000000000000488 ) ;
#5619 = DIRECTION ( 'NONE',  ( -1.000000000000000000, 0.000000000000000000, 0.000000000000000000 ) ) ;
#5620 = VERTEX_POINT ( 'NONE', #5832 ) ;
#5621 = AXIS2_PLACEMENT_3D ( 'NONE', #5217, #5289, #8 ) ;
#5622 = DIRECTION ( 'NONE',  ( 0.000000000000000000, 0.000000000000000000, -1.000000000000000000 ) ) ;
#5623 = DIRECTION ( 'NONE',  ( -0.9594929736144973687, 0.2817325568414295600, 0.000000000000000000 ) ) ;
#5624 = DIRECTION ( 'NONE',  ( -1.000000000000000000, 0.000000000000000000, 0.000000000000000000 ) ) ;
#5625 = CARTESIAN_POINT ( 'NONE',  ( -3.602758970138551842, -7.142629884145413222, 4.999999999999999112 ) ) ;
#5626 = ORIENTED_EDGE ( 'NONE', *, *, #675, .F. ) ;
#5627 = EDGE_LOOP ( 'NONE', ( #3087, #2697, #3448, #3440, #5515 ) ) ;
#5628 = CYLINDRICAL_SURFACE ( 'NONE', #7312, 14.93707874011463943 ) ;
#5629 = ORIENTED_EDGE ( 'NONE', *, *, #746, .T. ) ;
#5630 = CARTESIAN_POINT ( 'NONE',  ( 5.137792413316267570, -4.514003015958287790, 5.971671770308182303 ) ) ;
#5631 = CARTESIAN_POINT ( 'NONE',  ( 9.125723456341724216, 3.663740471346062400, 5.000000000000000000 ) ) ;
#5632 = ORIENTED_EDGE ( 'NONE', *, *, #225, .T. ) ;
#5633 = DIRECTION ( 'NONE',  ( -0.1423148382732847550, 0.9898214418809329063, 0.000000000000000000 ) ) ;
#5634 = CARTESIAN_POINT ( 'NONE',  ( -5.657393655485596362, 3.833380838285315395, 7.244457993882643443 ) ) ;
#5635 = EDGE_CURVE ( 'NONE', #4620, #4267, #597, .T. ) ;
#5636 = ORIENTED_EDGE ( 'NONE', *, *, #2212, .F. ) ;
#5637 = DIRECTION ( 'NONE',  ( 0.000000000000000000, 0.000000000000000000, 1.000000000000000000 ) ) ;
#5638 = ORIENTED_EDGE ( 'NONE', *, *, #4625, .F. ) ;
#5639 = CARTESIAN_POINT ( 'NONE',  ( -7.599716546561205099, 3.530535871766915523, 4.999999999999759304 ) ) ;
#5640 = FACE_OUTER_BOUND ( 'NONE', #6826, .T. ) ;
#5641 = CARTESIAN_POINT ( 'NONE',  ( 0.000000000000000000, 0.000000000000000000, 3.500000000000000000 ) ) ;
#5642 = ADVANCED_FACE ( 'NONE', ( #2746 ), #424, .F. ) ;
#5643 = CARTESIAN_POINT ( 'NONE',  ( 5.308586851874108170, 4.303310061476624426, 6.430872809955233471 ) ) ;
#5644 = CARTESIAN_POINT ( 'NONE',  ( -3.523220616535373662, 5.940952272452217464, 5.577365042559580210 ) ) ;
#5645 = ORIENTED_EDGE ( 'NONE', *, *, #5451, .T. ) ;
#5646 = DIRECTION ( 'NONE',  ( 0.000000000000000000, 0.000000000000000000, -1.000000000000000000 ) ) ;
#5647 = VERTEX_POINT ( 'NONE', #4893 ) ;
#5648 = CARTESIAN_POINT ( 'NONE',  ( -3.080516454023367601, 6.100955355755221632, 7.887515294681084477 ) ) ;
#5650 = ORIENTED_EDGE ( 'NONE', *, *, #1565, .T. ) ;
#5649 = CARTESIAN_POINT ( 'NONE',  ( -10.92864321246270087, 12.93709486476248038, 3.500000000000000000 ) ) ;
#5651 = DIRECTION ( 'NONE',  ( -0.000000000000000000, -0.000000000000000000, 1.000000000000000000 ) ) ;
#5652 = CIRCLE ( 'NONE', #2284, 0.4299999999999995492 ) ;
#5653 = CARTESIAN_POINT ( 'NONE',  ( 11.52715317416693885, -9.499529514007200248, 3.501999999999999780 ) ) ;
#5654 = CARTESIAN_POINT ( 'NONE',  ( 4.204323882832152748, -5.578324209753700913, 4.999999996701121496 ) ) ;
#5655 = CARTESIAN_POINT ( 'NONE',  ( 2.769945894948925957, -6.899440728411004642, 6.156359840075265488 ) ) ;
#5656 = CARTESIAN_POINT ( 'NONE',  ( 5.424019356928242885, 4.156878728432728209, 6.729454464969353289 ) ) ;
#5657 = VECTOR ( 'NONE', #1417, 1000.000000000000000 ) ;
#5658 = AXIS2_PLACEMENT_3D ( 'NONE', #6067, #2021, #6598 ) ;
#5659 = ORIENTED_EDGE ( 'NONE', *, *, #267, .F. ) ;
#5660 = VERTEX_POINT ( 'NONE', #2675 ) ;
#5661 = DIRECTION ( 'NONE',  ( 0.000000000000000000, 0.000000000000000000, -1.000000000000000000 ) ) ;
#5662 = EDGE_CURVE ( 'NONE', #3710, #6778, #7313, .T. ) ;
#5663 = ORIENTED_EDGE ( 'NONE', *, *, #6213, .F. ) ;
#5664 = CIRCLE ( 'NONE', #367, 0.4299999999999928879 ) ;
#5665 = VECTOR ( 'NONE', #6823, 1000.000000000000000 ) ;
#5666 = CARTESIAN_POINT ( 'NONE',  ( -2.656344056482009108, -6.297423146277949968, 7.999999999999998224 ) ) ;
#5667 = FACE_OUTER_BOUND ( 'NONE', #6555, .T. ) ;
#5668 = DIRECTION ( 'NONE',  ( 0.000000000000000000, 0.000000000000000000, 1.000000000000000000 ) ) ;
#5669 = ORIENTED_EDGE ( 'NONE', *, *, #1508, .F. ) ;
#5670 = CARTESIAN_POINT ( 'NONE',  ( 7.434285267090300131, 14.74477009411852002, 3.500000000000000000 ) ) ;
#5671 = CARTESIAN_POINT ( 'NONE',  ( -3.536671107344682596, 8.386638479013367231, 5.000035576673619531 ) ) ;
#5672 = CIRCLE ( 'NONE', #2067, 16.93527874010839085 ) ;
#5673 = CIRCLE ( 'NONE', #6625, 0.4299999999999825073 ) ;
#5674 = CARTESIAN_POINT ( 'NONE',  ( 3.519975466892943494, 7.973083063193675102, 5.000076134049047383 ) ) ;
#5675 = AXIS2_PLACEMENT_3D ( 'NONE', #260, #5425, #5503 ) ;
#5676 = VERTEX_POINT ( 'NONE', #6009 ) ;
#5677 = ADVANCED_FACE ( 'NONE', ( #2637 ), #5007, .F. ) ;
#5678 = DIRECTION ( 'NONE',  ( 0.000000000000000000, 0.000000000000000000, 1.000000000000000000 ) ) ;
#5679 = DIRECTION ( 'NONE',  ( 0.9594929736144977017, 0.2817325568414285608, 0.000000000000000000 ) ) ;
#5680 = CARTESIAN_POINT ( 'NONE',  ( -16.18808125472154913, -4.974906159487169077, 3.500000000000000000 ) ) ;
#5681 = AXIS2_PLACEMENT_3D ( 'NONE', #5115, #7393, #3979 ) ;
#5682 = CIRCLE ( 'NONE', #5793, 2.149999999999999911 ) ;
#5683 = DIRECTION ( 'NONE',  ( -1.000000000000000000, 0.000000000000000000, 0.000000000000000000 ) ) ;
#5684 = DIRECTION ( 'NONE',  ( -0.000000000000000000, -0.000000000000000000, 1.000000000000000000 ) ) ;
#5685 = ORIENTED_EDGE ( 'NONE', *, *, #5689, .F. ) ;
#5686 = CIRCLE ( 'NONE', #6275, 14.93707874011463943 ) ;
#5688 = CARTESIAN_POINT ( 'NONE',  ( 8.793688995158522204, -3.590193925839483047, 5.000630294203329385 ) ) ;
#5687 = DIRECTION ( 'NONE',  ( 0.000000000000000000, 0.000000000000000000, 1.000000000000000000 ) ) ;
#5689 = EDGE_CURVE ( 'NONE', #2635, #3984, #6734, .T. ) ;
#5690 = CARTESIAN_POINT ( 'NONE',  ( -5.409803796325967973, -4.175360417976645699, 6.694115939596818166 ) ) ;
#5691 = AXIS2_PLACEMENT_3D ( 'NONE', #5081, #2226, #2715 ) ;
#5692 = CARTESIAN_POINT ( 'NONE',  ( 5.308586851874108170, 4.303310061476624426, 6.430872809955233471 ) ) ;
#5693 = DIRECTION ( 'NONE',  ( 0.000000000000000000, 0.000000000000000000, 1.000000000000000000 ) ) ;
#5694 = DIRECTION ( 'NONE',  ( -1.000000000000000000, 0.000000000000000000, 0.000000000000000000 ) ) ;
#5695 = CARTESIAN_POINT ( 'NONE',  ( -7.122720479011233508, 3.606734626493210527, 5.000000000000000000 ) ) ;
#5696 = EDGE_LOOP ( 'NONE', ( #4521, #1083, #4678, #491 ) ) ;
#5697 = CARTESIAN_POINT ( 'NONE',  ( 8.222174728583553360, 3.525482726912080977, 5.000029192933348909 ) ) ;
#5698 = VERTEX_POINT ( 'NONE', #5784 ) ;
#5699 = CARTESIAN_POINT ( 'NONE',  ( -7.840216900490401208, -3.522840681332595647, 5.000004762951268944 ) ) ;
#5701 = EDGE_CURVE ( 'NONE', #162, #2136, #6608, .T. ) ;
#5700 = DIRECTION ( 'NONE',  ( -0.000000000000000000, -0.000000000000000000, 1.000000000000000000 ) ) ;
#5702 = DIRECTION ( 'NONE',  ( -0.000000000000000000, -0.000000000000000000, -1.000000000000000000 ) ) ;
#5703 = CIRCLE ( 'NONE', #6055, 1.779502281109920148 ) ;
#5704 = ORIENTED_EDGE ( 'NONE', *, *, #6758, .T. ) ;
#5705 = CYLINDRICAL_SURFACE ( 'NONE', #5256, 0.4300000000000000488 ) ;
#5706 = FACE_OUTER_BOUND ( 'NONE', #2552, .T. ) ;
#5707 = FACE_OUTER_BOUND ( 'NONE', #1756, .T. ) ;
#5708 = CARTESIAN_POINT ( 'NONE',  ( 3.606734626496680640, 7.122720478993855409, 5.000000000000000000 ) ) ;
#5709 = ORIENTED_EDGE ( 'NONE', *, *, #3712, .T. ) ;
#5710 = CARTESIAN_POINT ( 'NONE',  ( -7.984689828707165482, 3.518186785504703096, 5.000000000000120792 ) ) ;
#5711 = DIRECTION ( 'NONE',  ( 0.000000000000000000, 0.000000000000000000, -1.000000000000000000 ) ) ;
#5712 = DIRECTION ( 'NONE',  ( 0.000000000000000000, 0.000000000000000000, -1.000000000000000000 ) ) ;
#5713 = VERTEX_POINT ( 'NONE', #2858 ) ;
#5714 = CARTESIAN_POINT ( 'NONE',  ( -6.505213034913029562E-16, 1.058181320345851949E-13, 3.500000000000000000 ) ) ;
#5715 = DIRECTION ( 'NONE',  ( 1.000000000000000000, 0.000000000000000000, 0.000000000000000000 ) ) ;
#5716 = VERTEX_POINT ( 'NONE', #5148 ) ;
#5717 = CARTESIAN_POINT ( 'NONE',  ( -3.535594222995892100, 8.383622431541828846, 4.999999999999878320 ) ) ;
#5719 = ORIENTED_EDGE ( 'NONE', *, *, #6770, .F. ) ;
#5718 = CARTESIAN_POINT ( 'NONE',  ( -3.740549493883108312, 5.719597079289172825, 7.362502135912119883 ) ) ;
#5720 = DIRECTION ( 'NONE',  ( -1.000000000000000000, 0.000000000000000000, 0.000000000000000000 ) ) ;
#5721 = EDGE_CURVE ( 'NONE', #4203, #1767, #3736, .T. ) ;
#5722 = EDGE_CURVE ( 'NONE', #4981, #5516, #3719, .T. ) ;
#5723 = CARTESIAN_POINT ( 'NONE',  ( -3.585970098578689313, 7.233021255012451078, 5.000122581200519001 ) ) ;
#5724 = CARTESIAN_POINT ( 'NONE',  ( 10.32400093086860160, 12.88766260189612112, 3.500000000000000000 ) ) ;
#5725 = DIRECTION ( 'NONE',  ( -0.000000000000000000, -0.000000000000000000, 1.000000000000000000 ) ) ;
#5726 = CARTESIAN_POINT ( 'NONE',  ( -5.308586851878312807, 4.303310061471438352, 6.430872809966533765 ) ) ;
#5727 = VECTOR ( 'NONE', #6379, 1000.000000000000000 ) ;
#5728 = ORIENTED_EDGE ( 'NONE', *, *, #284, .F. ) ;
#5729 = ORIENTED_EDGE ( 'NONE', *, *, #302, .F. ) ;
#5730 = CARTESIAN_POINT ( 'NONE',  ( 8.334974708495314744, 3.532315407475317137, 5.000009243115521862 ) ) ;
#5731 = VERTEX_POINT ( 'NONE', #2902 ) ;
#5732 = AXIS2_PLACEMENT_3D ( 'NONE', #943, #1516, #1024 ) ;
#5733 = CARTESIAN_POINT ( 'NONE',  ( -8.202726558679811930, -3.524538151890971971, 5.000042038935082367 ) ) ;
#5734 = DIRECTION ( 'NONE',  ( 0.000000000000000000, 0.000000000000000000, -1.000000000000000000 ) ) ;
#5735 = CARTESIAN_POINT ( 'NONE',  ( -4.988384896613842656, 4.672183837313865773, 5.491312663326448629 ) ) ;
#5736 = CIRCLE ( 'NONE', #4291, 16.93527874010839795 ) ;
#5737 = ORIENTED_EDGE ( 'NONE', *, *, #7422, .T. ) ;
#5738 = FACE_OUTER_BOUND ( 'NONE', #1072, .T. ) ;
#5739 = CARTESIAN_POINT ( 'NONE',  ( 15.65269870022672016, -5.260215391104178018, -6.500000000000000888 ) ) ;
#5740 = ORIENTED_EDGE ( 'NONE', *, *, #6361, .T. ) ;
#5741 = CARTESIAN_POINT ( 'NONE',  ( -4.738426506668369953, -15.97502402572244939, -6.500000000000000888 ) ) ;
#5742 = ORIENTED_EDGE ( 'NONE', *, *, #5849, .F. ) ;
#5743 = CARTESIAN_POINT ( 'NONE',  ( -6.224080526762556964, 2.912633191701314406, 5.723952351792407356 ) ) ;
#5744 = DIRECTION ( 'NONE',  ( 0.000000000000000000, 0.000000000000000000, 1.000000000000000000 ) ) ;
#5745 = DIRECTION ( 'NONE',  ( 0.1423148382732847550, -0.9898214418809327952, 0.000000000000000000 ) ) ;
#5746 = CARTESIAN_POINT ( 'NONE',  ( 9.125723456341752637, -3.663740471346070393, 5.000000000000000000 ) ) ;
#5747 = DIRECTION ( 'NONE',  ( 1.000000000000000000, 0.000000000000000000, 0.000000000000000000 ) ) ;
#5748 = DIRECTION ( 'NONE',  ( 1.000000000000000000, 0.000000000000000000, 0.000000000000000000 ) ) ;
#5749 = EDGE_CURVE ( 'NONE', #5420, #3365, #4330, .T. ) ;
#5750 = ORIENTED_EDGE ( 'NONE', *, *, #6930, .T. ) ;
#5751 = CARTESIAN_POINT ( 'NONE',  ( 5.432656143360243384, -4.150257504236549266, 6.764447786419877318 ) ) ;
#5753 = ORIENTED_EDGE ( 'NONE', *, *, #4682, .T. ) ;
#5752 = CARTESIAN_POINT ( 'NONE',  ( -6.505213034913029562E-16, 1.058181320345851949E-13, -6.500000000000000888 ) ) ;
#5754 = LINE ( 'NONE', #1733, #716 ) ;
#5755 = CARTESIAN_POINT ( 'NONE',  ( -3.596836789244648891, 7.172654597182026137, 5.000030645300127752 ) ) ;
#5756 = VECTOR ( 'NONE', #2285, 1000.000000000000000 ) ;
#5757 = DIRECTION ( 'NONE',  ( 0.000000000000000000, 0.000000000000000000, 1.000000000000000000 ) ) ;
#5758 = CARTESIAN_POINT ( 'NONE',  ( -3.799492936808517296, 6.379070869391589405, 5.000000003298901596 ) ) ;
#5759 = ORIENTED_EDGE ( 'NONE', *, *, #464, .T. ) ;
#5760 = DIRECTION ( 'NONE',  ( 0.000000000000000000, 0.000000000000000000, -1.000000000000000000 ) ) ;
#5761 = ORIENTED_EDGE ( 'NONE', *, *, #4101, .T. ) ;
#5762 = CARTESIAN_POINT ( 'NONE',  ( 8.094161510302981810, 3.520880959937995769, 5.000108208474377314 ) ) ;
#5763 = AXIS2_PLACEMENT_3D ( 'NONE', #2472, #1283, #1937 ) ;
#5764 = CARTESIAN_POINT ( 'NONE',  ( -8.635281782860868560, -3.565178754178426779, 5.000074949360887366 ) ) ;
#5765 = AXIS2_PLACEMENT_3D ( 'NONE', #4379, #489, #1620 ) ;
#5766 = CYLINDRICAL_SURFACE ( 'NONE', #3140, 0.4300000000000000488 ) ;
#5767 = AXIS2_PLACEMENT_3D ( 'NONE', #4145, #4254, #5911 ) ;
#5768 = CARTESIAN_POINT ( 'NONE',  ( -5.625412512695320721, 3.954025273170626686, 5.451545729066484824 ) ) ;
#5769 = EDGE_LOOP ( 'NONE', ( #3807, #4744, #4273 ) ) ;
#5770 = DIRECTION ( 'NONE',  ( 0.000000000000000000, 0.000000000000000000, 1.000000000000000000 ) ) ;
#5771 = CARTESIAN_POINT ( 'NONE',  ( 4.487272826762428224, 5.177050413806105311, 5.000000000000127898 ) ) ;
#5772 = ADVANCED_FACE ( 'NONE', ( #6836 ), #6879, .T. ) ;
#5773 = CIRCLE ( 'NONE', #3020, 1.779502281109934803 ) ;
#5774 = AXIS2_PLACEMENT_3D ( 'NONE', #2475, #4759, #3422 ) ;
#5775 = EDGE_LOOP ( 'NONE', ( #1875, #951, #759, #7061, #276, #5163, #4558, #4649, #7378, #1562, #5899, #384, #6251 ) ) ;
#5776 = CARTESIAN_POINT ( 'NONE',  ( -15.13807291325679927, -6.963679117709859590, -6.500000000000000888 ) ) ;
#5777 = ORIENTED_EDGE ( 'NONE', *, *, #5879, .T. ) ;
#5778 = PLANE ( 'NONE',  #5947 ) ;
#5779 = CARTESIAN_POINT ( 'NONE',  ( 2.620464622285425982, 16.73131289434635605, -6.500000000000000888 ) ) ;
#5780 = CARTESIAN_POINT ( 'NONE',  ( -16.48676971718949957, -2.416713196444790324, 3.501999999999999780 ) ) ;
#5781 = ORIENTED_EDGE ( 'NONE', *, *, #6373, .F. ) ;
#5782 = CIRCLE ( 'NONE', #4701, 16.93527874010839795 ) ;
#5783 = VERTEX_POINT ( 'NONE', #7423 ) ;
#5784 = CARTESIAN_POINT ( 'NONE',  ( 16.18808125472155979, 4.974906159487172630, -6.500000000000000888 ) ) ;
#5785 = FACE_OUTER_BOUND ( 'NONE', #2078, .T. ) ;
#5786 = CARTESIAN_POINT ( 'NONE',  ( 16.49980648923040150, 2.326040455249445138, -6.500000000000000888 ) ) ;
#5787 = ORIENTED_EDGE ( 'NONE', *, *, #6903, .T. ) ;
#5788 = DIRECTION ( 'NONE',  ( 0.000000000000000000, 0.000000000000000000, 1.000000000000000000 ) ) ;
#5789 = CIRCLE ( 'NONE', #6748, 0.4299999999999998268 ) ;
#5791 = CARTESIAN_POINT ( 'NONE',  ( 9.125723456341752637, -3.663740471346070393, 5.000000000000000000 ) ) ;
#5790 = CYLINDRICAL_SURFACE ( 'NONE', #92, 2.149999999999999911 ) ;
#5792 = DIRECTION ( 'NONE',  ( 0.000000000000000000, 0.000000000000000000, 1.000000000000000000 ) ) ;
#5793 = AXIS2_PLACEMENT_3D ( 'NONE', #6983, #1840, #4125 ) ;
#5794 = EDGE_LOOP ( 'NONE', ( #4244, #7002, #6660, #4910 ) ) ;
#5795 = VERTEX_POINT ( 'NONE', #4541 ) ;
#5796 = CARTESIAN_POINT ( 'NONE',  ( -3.570249599483975356, 7.328825913690034888, 5.000296185484378597 ) ) ;
#5797 = FACE_OUTER_BOUND ( 'NONE', #4121, .T. ) ;
#5798 = CARTESIAN_POINT ( 'NONE',  ( -4.672183837314226373, 4.988384896613515807, 5.491312663326893606 ) ) ;
#5799 = CARTESIAN_POINT ( 'NONE',  ( 3.523467041966978019, -7.822871540311374439, 5.000017547286419450 ) ) ;
#5800 = ORIENTED_EDGE ( 'NONE', *, *, #4056, .F. ) ;
#5801 = CARTESIAN_POINT ( 'NONE',  ( 8.498388607092753233, 3.547773455252925867, 5.000033656030609563 ) ) ;
#5802 = AXIS2_PLACEMENT_3D ( 'NONE', #4628, #6919, #1920 ) ;
#5803 = EDGE_CURVE ( 'NONE', #5283, #522, #5886, .T. ) ;
#5804 = CARTESIAN_POINT ( 'NONE',  ( -7.163707128231374455, -3.598610080463845229, 5.000021986667214868 ) ) ;
#5805 = EDGE_CURVE ( 'NONE', #6157, #6110, #2540, .T. ) ;
#5806 = ORIENTED_EDGE ( 'NONE', *, *, #180, .F. ) ;
#5807 = CARTESIAN_POINT ( 'NONE',  ( 5.177050413808697016, -4.487272826759835631, 5.000000000000127898 ) ) ;
#5808 = LINE ( 'NONE', #5170, #7325 ) ;
#5809 = DIRECTION ( 'NONE',  ( -0.9594929736144974797, 0.2817325568414295600, 0.000000000000000000 ) ) ;
#5810 = ORIENTED_EDGE ( 'NONE', *, *, #5034, .F. ) ;
#5811 = FACE_OUTER_BOUND ( 'NONE', #1957, .T. ) ;
#5812 = CARTESIAN_POINT ( 'NONE',  ( 3.523220616545784001, 5.940952272445001903, 5.577365042557316244 ) ) ;
#5813 = ORIENTED_EDGE ( 'NONE', *, *, #3192, .T. ) ;
#5814 = ADVANCED_FACE ( 'NONE', ( #2786 ), #1035, .T. ) ;
#5815 = CARTESIAN_POINT ( 'NONE',  ( -14.72794537471134113, 2.490772235215349628, 3.500000000000000000 ) ) ;
#5816 = CIRCLE ( 'NONE', #2099, 1.779502281109918815 ) ;
#5817 = APPLICATION_CONTEXT ( 'automotive_design' ) ;
#5818 = EDGE_CURVE ( 'NONE', #1156, #6147, #4082, .T. ) ;
#5819 = VERTEX_POINT ( 'NONE', #1140 ) ;
#5820 = CARTESIAN_POINT ( 'NONE',  ( -5.580101938193333666, 3.959187562246452075, 7.121703808745183828 ) ) ;
#5821 = CARTESIAN_POINT ( 'NONE',  ( -3.556884945892846872, -8.574081647707567200, 4.999999922235276451 ) ) ;
#5822 = CARTESIAN_POINT ( 'NONE',  ( 6.341710652641936896, -2.546031784417542632, 8.000000000000000000 ) ) ;
#5823 =( BOUNDED_CURVE ( )  B_SPLINE_CURVE ( 2, ( #5746, #5189, #22 ),
 .UNSPECIFIED., .F., .T. ) 
 B_SPLINE_CURVE_WITH_KNOTS ( ( 3, 3 ),
 ( 0.000000000000000000, 1.000000000000000000 ),
 .UNSPECIFIED. ) 
 CURVE ( )  GEOMETRIC_REPRESENTATION_ITEM ( )  RATIONAL_B_SPLINE_CURVE ( ( 1.000000000000000000, 0.7071067811865474617, 1.000000000000000000 ) ) 
 REPRESENTATION_ITEM ( '' )  );
#5824 = LINE ( 'NONE', #690, #4827 ) ;
#5825 = DIRECTION ( 'NONE',  ( 0.000000000000000000, 0.000000000000000000, 1.000000000000000000 ) ) ;
#5826 = ORIENTED_EDGE ( 'NONE', *, *, #4654, .F. ) ;
#5827 = DIRECTION ( 'NONE',  ( -0.9594929736144973687, 0.2817325568414295600, 0.000000000000000000 ) ) ;
#5829 = CARTESIAN_POINT ( 'NONE',  ( 8.063722046981581570, -3.520344970375395732, 5.000107538685314879 ) ) ;
#5828 = CARTESIAN_POINT ( 'NONE',  ( -4.168630735099046802, 5.414992570781265613, 6.707069562412647734 ) ) ;
#5830 = CARTESIAN_POINT ( 'NONE',  ( 6.274932216216098979, -15.27422889192055067, 3.501999999999999780 ) ) ;
#5831 = EDGE_CURVE ( 'NONE', #4632, #124, #3619, .T. ) ;
#5832 = CARTESIAN_POINT ( 'NONE',  ( 3.852523501034208930, -14.43171451914775538, -6.500000000000000888 ) ) ;
#5833 = CARTESIAN_POINT ( 'NONE',  ( 2.143592709476539682, 16.36548919478289932, 3.500000000000000000 ) ) ;
#5834 = DIRECTION ( 'NONE',  ( 0.4154150130018873233, 0.9096319953545181081, 0.000000000000000000 ) ) ;
#5835 = DIRECTION ( 'NONE',  ( 0.000000000000000000, 0.000000000000000000, -1.000000000000000000 ) ) ;
#5836 = ORIENTED_EDGE ( 'NONE', *, *, #1847, .T. ) ;
#5837 = ORIENTED_EDGE ( 'NONE', *, *, #6770, .T. ) ;
#5838 = CARTESIAN_POINT ( 'NONE',  ( 8.656331780538126353, 3.568196810314692158, 5.000139521989396485 ) ) ;
#5839 = ORIENTED_EDGE ( 'NONE', *, *, #3329, .F. ) ;
#5840 = CARTESIAN_POINT ( 'NONE',  ( -7.610926582717410405, -3.536508041641662548, 5.000364674206275062 ) ) ;
#5841 = AXIS2_PLACEMENT_3D ( 'NONE', #4785, #3670, #5360 ) ;
#5842 = CARTESIAN_POINT ( 'NONE',  ( 5.043788325251132854, 4.620696215517040351, 5.122749894926281300 ) ) ;
#5843 = CARTESIAN_POINT ( 'NONE',  ( 6.274932216216131842, -15.27422889192053468, -6.500000000000000888 ) ) ;
#5845 = CARTESIAN_POINT ( 'NONE',  ( 3.550321695268797484, -8.520591004255285483, 5.000025831730694037 ) ) ;
#5844 = CARTESIAN_POINT ( 'NONE',  ( -8.321738634476847807, 3.531563498446591343, 4.999999932652861467 ) ) ;
#5846 = ORIENTED_EDGE ( 'NONE', *, *, #3266, .T. ) ;
#5847 = DIRECTION ( 'NONE',  ( 0.000000000000000000, 0.000000000000000000, -1.000000000000000000 ) ) ;
#5848 = CARTESIAN_POINT ( 'NONE',  ( -3.654448112072211874, 9.089929350138119091, 4.999999959038553321 ) ) ;
#5849 = EDGE_CURVE ( 'NONE', #1637, #1335, #5823, .T. ) ;
#5850 = DIRECTION ( 'NONE',  ( -0.8412535328311808724, 0.5406408174555981105, 0.000000000000000000 ) ) ;
#5851 = ORIENTED_EDGE ( 'NONE', *, *, #6263, .F. ) ;
#5852 = CARTESIAN_POINT ( 'NONE',  ( -6.327371828408647758, 2.587696955794513087, 5.371491857458329910 ) ) ;
#5853 = CARTESIAN_POINT ( 'NONE',  ( -3.548951175565325133, -8.511522687824260913, 4.999999788173960624 ) ) ;
#5854 = DIRECTION ( 'NONE',  ( -0.000000000000000000, -0.000000000000000000, -1.000000000000000000 ) ) ;
#5855 = ORIENTED_EDGE ( 'NONE', *, *, #3426, .F. ) ;
#5856 = DIRECTION ( 'NONE',  ( -0.000000000000000000, -0.000000000000000000, -1.000000000000000000 ) ) ;
#5857 = ORIENTED_EDGE ( 'NONE', *, *, #2861, .T. ) ;
#5858 = DIRECTION ( 'NONE',  ( 0.000000000000000000, 0.000000000000000000, 1.000000000000000000 ) ) ;
#5860 = CARTESIAN_POINT ( 'NONE',  ( 7.394567111216358235, -3.560670149640955628, 5.000398398173519610 ) ) ;
#5859 = CARTESIAN_POINT ( 'NONE',  ( 3.606734626496729934, -7.122720478993614712, 5.000000000000000000 ) ) ;
#5861 = LINE ( 'NONE', #5830, #7441 ) ;
#5862 = EDGE_CURVE ( 'NONE', #2801, #698, #3940, .T. ) ;
#5863 = EDGE_CURVE ( 'NONE', #6547, #7336, #2822, .T. ) ;
#5864 = CARTESIAN_POINT ( 'NONE',  ( 3.464265314176650179, 5.890549092280526366, 7.638518450890552813 ) ) ;
#5865 = DIRECTION ( 'NONE',  ( -0.6548607339452848786, 0.7557495743542584909, 0.000000000000000000 ) ) ;
#5866 = DIRECTION ( 'NONE',  ( -0.000000000000000000, -0.000000000000000000, 1.000000000000000000 ) ) ;
#5867 = CARTESIAN_POINT ( 'NONE',  ( 9.833708498984760737, -1.084202172485504040E-15, 8.000000000000000000 ) ) ;
#5868 = VERTEX_POINT ( 'NONE', #6909 ) ;
#5869 = CARTESIAN_POINT ( 'NONE',  ( -11.52715317416693885, 9.499529514007209130, 3.501999999999999780 ) ) ;
#5870 = DIRECTION ( 'NONE',  ( -0.000000000000000000, -0.000000000000000000, -1.000000000000000000 ) ) ;
#5871 = CARTESIAN_POINT ( 'NONE',  ( 4.911170619399415571, 4.753152621169117964, 5.245541283979119562 ) ) ;
#5872 = CARTESIAN_POINT ( 'NONE',  ( 2.546031784417535970, 6.341710652641939561, 5.000000000000000000 ) ) ;
#5874 = CARTESIAN_POINT ( 'NONE',  ( 3.565691210229041008, -8.638855508380013148, 5.000081547971502616 ) ) ;
#5873 = CARTESIAN_POINT ( 'NONE',  ( -8.256637092066696937, 3.527181372462671938, 5.000000112781554762 ) ) ;
#5875 = ORIENTED_EDGE ( 'NONE', *, *, #2596, .T. ) ;
#5876 = CARTESIAN_POINT ( 'NONE',  ( 13.77196618806395811, 9.097096987693380044, 3.500000000000000000 ) ) ;
#5877 = ORIENTED_EDGE ( 'NONE', *, *, #5030, .T. ) ;
#5878 = CARTESIAN_POINT ( 'NONE',  ( 14.83309173315054075, 1.759463248875130059, 3.500000000000000000 ) ) ;
#5879 = EDGE_CURVE ( 'NONE', #5819, #803, #4205, .T. ) ;
#5880 = CIRCLE ( 'NONE', #2650, 18.86342674685059961 ) ;
#5881 = DIRECTION ( 'NONE',  ( -0.9594929736144977017, 0.2817325568414285608, 0.000000000000000000 ) ) ;
#5882 = VECTOR ( 'NONE', #1398, 1000.000000000000000 ) ;
#5883 = ORIENTED_EDGE ( 'NONE', *, *, #3927, .F. ) ;
#5884 = CARTESIAN_POINT ( 'NONE',  ( -6.304942727232266009, 2.658421779003205199, 5.543164213637511217 ) ) ;
#5885 = VECTOR ( 'NONE', #4019, 1000.000000000000000 ) ;
#5886 = CIRCLE ( 'NONE', #5774, 14.93707874011463588 ) ;
#5887 = DIRECTION ( 'NONE',  ( 0.000000000000000000, 0.000000000000000000, -1.000000000000000000 ) ) ;
#5888 = CARTESIAN_POINT ( 'NONE',  ( 5.895788896479286834, -3.455344311830397253, 7.645982529072584022 ) ) ;
#5889 = EDGE_CURVE ( 'NONE', #5660, #6857, #3966, .T. ) ;
#5890 = AXIS2_PLACEMENT_3D ( 'NONE', #5641, #5186, #3421 ) ;
#5891 = CIRCLE ( 'NONE', #2419, 0.4299999999999997713 ) ;
#5892 = DIRECTION ( 'NONE',  ( -0.7071067811865480168, 8.659560562354939021E-17, 0.7071067811865470176 ) ) ;
#5893 = CARTESIAN_POINT ( 'NONE',  ( -10.32400093086860338, 12.88766260189611756, -6.500000000000000888 ) ) ;
#5894 = ORIENTED_EDGE ( 'NONE', *, *, #4703, .F. ) ;
#5895 = CARTESIAN_POINT ( 'NONE',  ( 6.304942727232385025, -2.658421779003527163, 5.543164213638092974 ) ) ;
#5896 = CARTESIAN_POINT ( 'NONE',  ( 3.167537550776429178, -6.130629408597846997, 5.723627935648499587 ) ) ;
#5897 = CARTESIAN_POINT ( 'NONE',  ( 2.764958391654683378, -6.249436624308772892, 7.981207424353899960 ) ) ;
#5898 = VECTOR ( 'NONE', #3331, 1000.000000000000000 ) ;
#5899 = ORIENTED_EDGE ( 'NONE', *, *, #4889, .F. ) ;
#5900 = CARTESIAN_POINT ( 'NONE',  ( -16.93394325256433675, 0.2126779821698995265, -6.500000000000000888 ) ) ;
#5901 = DIRECTION ( 'NONE',  ( 1.000000000000000000, 0.000000000000000000, 0.000000000000000000 ) ) ;
#5902 = DIRECTION ( 'NONE',  ( 0.4154150130018873233, 0.9096319953545181081, 0.000000000000000000 ) ) ;
#5903 = AXIS2_PLACEMENT_3D ( 'NONE', #3591, #2495, #3017 ) ;
#5904 = EDGE_CURVE ( 'NONE', #955, #3833, #949, .T. ) ;
#5905 = DIRECTION ( 'NONE',  ( 0.000000000000000000, -1.000000000000000000, 0.000000000000000000 ) ) ;
#5906 = VECTOR ( 'NONE', #5637, 1000.000000000000000 ) ;
#5907 = ORIENTED_EDGE ( 'NONE', *, *, #6581, .T. ) ;
#5908 = FACE_OUTER_BOUND ( 'NONE', #4986, .T. ) ;
#5909 = EDGE_LOOP ( 'NONE', ( #7045, #2755, #6305, #6526 ) ) ;
#5910 = CIRCLE ( 'NONE', #2679, 1.779502281109934803 ) ;
#5911 = DIRECTION ( 'NONE',  ( -1.000000000000000000, 0.000000000000000000, 0.000000000000000000 ) ) ;
#5912 = CARTESIAN_POINT ( 'NONE',  ( 5.578324209754094376, 4.204323882831953796, 4.999999996701134819 ) ) ;
#5913 = DIRECTION ( 'NONE',  ( 0.000000000000000000, 0.000000000000000000, 1.000000000000000000 ) ) ;
#5915 = DIRECTION ( 'NONE',  ( 0.000000000000000000, 0.000000000000000000, -1.000000000000000000 ) ) ;
#5914 = CARTESIAN_POINT ( 'NONE',  ( -8.068671400528263149, 3.520422623194796596, 5.000103024541730612 ) ) ;
#5916 = VERTEX_POINT ( 'NONE', #5402 ) ;
#5917 = CARTESIAN_POINT ( 'NONE',  ( 13.77196618806395811, 9.097096987693380044, -6.500000000000000888 ) ) ;
#5918 = ORIENTED_EDGE ( 'NONE', *, *, #6594, .F. ) ;
#5919 = DIRECTION ( 'NONE',  ( -1.000000000000000000, 0.000000000000000000, 0.000000000000000000 ) ) ;
#5920 = EDGE_CURVE ( 'NONE', #3980, #4880, #5521, .T. ) ;
#5921 = DIRECTION ( 'NONE',  ( 0.000000000000000000, 0.000000000000000000, -1.000000000000000000 ) ) ;
#5922 = FACE_OUTER_BOUND ( 'NONE', #6925, .T. ) ;
#5923 = ORIENTED_EDGE ( 'NONE', *, *, #1149, .T. ) ;
#5924 = DIRECTION ( 'NONE',  ( -1.000000000000000000, 0.000000000000000000, 0.000000000000000000 ) ) ;
#5925 = CARTESIAN_POINT ( 'NONE',  ( -3.617823812000717343, -8.933269128076743115, 5.000436993190991330 ) ) ;
#5926 = DIRECTION ( 'NONE',  ( -0.6548607339452848786, -0.7557495743542584909, 0.000000000000000000 ) ) ;
#5927 = AXIS2_PLACEMENT_3D ( 'NONE', #1912, #4129, #4199 ) ;
#5928 = DIRECTION ( 'NONE',  ( -1.000000000000000000, 0.000000000000000000, 0.000000000000000000 ) ) ;
#5929 = CYLINDRICAL_SURFACE ( 'NONE', #6858, 0.4299999999999996603 ) ;
#5930 = ORIENTED_EDGE ( 'NONE', *, *, #5749, .T. ) ;
#5931 = DIRECTION ( 'NONE',  ( -1.000000000000000000, 0.000000000000000000, 0.000000000000000000 ) ) ;
#5932 = CARTESIAN_POINT ( 'NONE',  ( 14.13075718784733148, -9.334097026668882080, -6.500000000000000888 ) ) ;
#5933 = EDGE_CURVE ( 'NONE', #3900, #3382, #1434, .T. ) ;
#5934 = ADVANCED_FACE ( 'NONE', ( #5922 ), #281, .T. ) ;
#5935 = ORIENTED_EDGE ( 'NONE', *, *, #6090, .F. ) ;
#5936 = ORIENTED_EDGE ( 'NONE', *, *, #979, .T. ) ;
#5937 = CARTESIAN_POINT ( 'NONE',  ( 3.513421210593393518, 5.861429229748624792, 7.596150490185564763 ) ) ;
#5938 = CARTESIAN_POINT ( 'NONE',  ( -6.505213034913029562E-16, 1.058181320345851949E-13, 3.500000000000000000 ) ) ;
#5939 = CARTESIAN_POINT ( 'NONE',  ( 4.987689431164160858, 4.676633809404377118, 5.483343345085225806 ) ) ;
#5940 = CARTESIAN_POINT ( 'NONE',  ( 3.602775015671567438, -7.142549530868413932, 4.999999999999998224 ) ) ;
#5941 = ORIENTED_EDGE ( 'NONE', *, *, #1298, .T. ) ;
#5942 = EDGE_CURVE ( 'NONE', #5647, #7168, #4838, .T. ) ;
#5943 = CARTESIAN_POINT ( 'NONE',  ( -13.42962847247681424, -6.539220166001554979, -6.500000000000000888 ) ) ;
#5944 = EDGE_CURVE ( 'NONE', #4245, #7336, #2288, .T. ) ;
#5945 = CARTESIAN_POINT ( 'NONE',  ( -9.015742761140987938, -3.636363990584559502, 5.000179574119022696 ) ) ;
#5946 = CYLINDRICAL_SURFACE ( 'NONE', #600, 0.4300000000000004374 ) ;
#5948 = ORIENTED_EDGE ( 'NONE', *, *, #3470, .F. ) ;
#5947 = AXIS2_PLACEMENT_3D ( 'NONE', #3038, #6904, #6463 ) ;
#5950 = FACE_OUTER_BOUND ( 'NONE', #6140, .T. ) ;
#5949 = CARTESIAN_POINT ( 'NONE',  ( -8.014179847961695913, 3.519909641018319491, 5.000104390847967650 ) ) ;
#5951 = ORIENTED_EDGE ( 'NONE', *, *, #2340, .F. ) ;
#5952 = DIRECTION ( 'NONE',  ( -1.000000000000000000, 0.000000000000000000, 0.000000000000000000 ) ) ;
#5953 = ORIENTED_EDGE ( 'NONE', *, *, #5168, .T. ) ;
#5954 = DIRECTION ( 'NONE',  ( -0.4154150130018873233, -0.9096319953545181081, 0.000000000000000000 ) ) ;
#5955 = EDGE_CURVE ( 'NONE', #3900, #2163, #6494, .T. ) ;
#5956 = CARTESIAN_POINT ( 'NONE',  ( -16.93527874010839795, 1.058181320345851949E-13, 3.500000000000000000 ) ) ;
#5957 = FACE_OUTER_BOUND ( 'NONE', #6509, .T. ) ;
#5958 = ORIENTED_EDGE ( 'NONE', *, *, #6177, .T. ) ;
#5959 = DIRECTION ( 'NONE',  ( 0.000000000000000000, 0.000000000000000000, -1.000000000000000000 ) ) ;
#5960 = AXIS2_PLACEMENT_3D ( 'NONE', #2994, #6554, #1931 ) ;
#5961 = FACE_OUTER_BOUND ( 'NONE', #5379, .T. ) ;
#5962 = AXIS2_PLACEMENT_3D ( 'NONE', #2058, #6596, #6528 ) ;
#5963 = EDGE_CURVE ( 'NONE', #4734, #572, #7079, .T. ) ;
#5964 = EDGE_LOOP ( 'NONE', ( #2544, #4074, #5151, #6635 ) ) ;
#5965 = CYLINDRICAL_SURFACE ( 'NONE', #4353, 1.779502281109934803 ) ;
#5966 = DIRECTION ( 'NONE',  ( 0.000000000000000000, 0.000000000000000000, -1.000000000000000000 ) ) ;
#5967 = VERTEX_POINT ( 'NONE', #5447 ) ;
#5968 = DIRECTION ( 'NONE',  ( 0.000000000000000000, 0.000000000000000000, 1.000000000000000000 ) ) ;
#5969 = CARTESIAN_POINT ( 'NONE',  ( 3.616987235157222536, 8.929388329934910828, 5.000448219665398319 ) ) ;
#5970 = CARTESIAN_POINT ( 'NONE',  ( 6.841155559148029752, -15.49200621677854706, -6.500000000000000888 ) ) ;
#5971 = VERTEX_POINT ( 'NONE', #3190 ) ;
#5972 = CARTESIAN_POINT ( 'NONE',  ( 11.04332294047804375, -10.05789936917805072, -6.500000000000000888 ) ) ;
#5973 = CARTESIAN_POINT ( 'NONE',  ( 3.959187562251675896, 5.580101938189677035, 7.121703808737391839 ) ) ;
#5974 = CARTESIAN_POINT ( 'NONE',  ( 3.519885778346033334, -7.999999861821885716, 5.000020541477264935 ) ) ;
#5975 = FACE_OUTER_BOUND ( 'NONE', #2920, .T. ) ;
#5976 = ORIENTED_EDGE ( 'NONE', *, *, #3149, .F. ) ;
#5977 = DIRECTION ( 'NONE',  ( 1.000000000000000000, 0.000000000000000000, 0.000000000000000000 ) ) ;
#5978 = LINE ( 'NONE', #747, #7434 ) ;
#5979 = EDGE_CURVE ( 'NONE', #4869, #7071, #758, .T. ) ;
#5980 = DIRECTION ( 'NONE',  ( -0.000000000000000000, -0.000000000000000000, 1.000000000000000000 ) ) ;
#5981 = DIRECTION ( 'NONE',  ( 0.000000000000000000, 0.000000000000000000, -1.000000000000000000 ) ) ;
#5983 = CARTESIAN_POINT ( 'NONE',  ( 3.520812138708611094, -8.090893489309110009, 5.000109267690495685 ) ) ;
#5982 = CARTESIAN_POINT ( 'NONE',  ( -7.371067213861991263, 3.563941666487149273, 5.000366917372873310 ) ) ;
#5984 = ORIENTED_EDGE ( 'NONE', *, *, #2889, .T. ) ;
#5985 = ORIENTED_EDGE ( 'NONE', *, *, #825, .F. ) ;
#5986 = DIRECTION ( 'NONE',  ( 0.000000000000000000, 0.000000000000000000, 1.000000000000000000 ) ) ;
#5987 = DIRECTION ( 'NONE',  ( 0.000000000000000000, 0.000000000000000000, -1.000000000000000000 ) ) ;
#5988 = CARTESIAN_POINT ( 'NONE',  ( -7.044546516529879732, -14.92643931636489896, 3.501999999999999780 ) ) ;
#5989 = CARTESIAN_POINT ( 'NONE',  ( 15.65269870022669885, 5.260215391104249960, 3.500000000000000000 ) ) ;
#5990 = ORIENTED_EDGE ( 'NONE', *, *, #829, .T. ) ;
#5991 = ADVANCED_FACE ( 'NONE', ( #6490 ), #4187, .F. ) ;
#5992 = CARTESIAN_POINT ( 'NONE',  ( -4.204323882835383941, -5.578324209748941165, 4.999999996701093075 ) ) ;
#5993 = CARTESIAN_POINT ( 'NONE',  ( 7.708344268946346389, -3.529291959046222171, 5.000189681658042673 ) ) ;
#5994 = DIRECTION ( 'NONE',  ( -0.000000000000000000, -0.000000000000000000, -1.000000000000000000 ) ) ;
#5995 = AXIS2_PLACEMENT_3D ( 'NONE', #3137, #5434, #3024 ) ;
#5996 = FACE_OUTER_BOUND ( 'NONE', #3345, .T. ) ;
#5997 = AXIS2_PLACEMENT_3D ( 'NONE', #3728, #3172, #4364 ) ;
#5998 = ORIENTED_EDGE ( 'NONE', *, *, #635, .T. ) ;
#5999 = CARTESIAN_POINT ( 'NONE',  ( -14.13075718784739898, 9.334097026668949582, 3.500000000000000000 ) ) ;
#6000 = VECTOR ( 'NONE', #2438, 1000.000000000000000 ) ;
#6001 = CARTESIAN_POINT ( 'NONE',  ( 3.520138740405321265, 8.048110064719129042, 5.000116501319904039 ) ) ;
#6002 = ORIENTED_EDGE ( 'NONE', *, *, #652, .F. ) ;
#6003 = DIRECTION ( 'NONE',  ( 0.000000000000000000, 0.000000000000000000, -1.000000000000000000 ) ) ;
#6004 = VERTEX_POINT ( 'NONE', #5485 ) ;
#6005 = CIRCLE ( 'NONE', #4204, 14.93707874011464654 ) ;
#6006 = AXIS2_PLACEMENT_3D ( 'NONE', #1705, #6296, #6416 ) ;
#6007 = ORIENTED_EDGE ( 'NONE', *, *, #2473, .T. ) ;
#6008 = EDGE_CURVE ( 'NONE', #4259, #1046, #6529, .T. ) ;
#6010 = EDGE_CURVE ( 'NONE', #2910, #4245, #5414, .T. ) ;
#6009 = CARTESIAN_POINT ( 'NONE',  ( 10.14999999999999858, -8.000000000000000000, 2.669999999999999929 ) ) ;
#6011 =( BOUNDED_SURFACE ( )  B_SPLINE_SURFACE ( 3, 2, ( 
 ( #3154, #4351, #2061 ),
 ( #6492, #798, #285 ),
 ( #4842, #206, #4268 ),
 ( #5992, #4915, #3751 ),
 ( #1988, #243, #352 ),
 ( #3113, #7120, #4762 ) ),
 .UNSPECIFIED., .F., .F., .T. ) 
 B_SPLINE_SURFACE_WITH_KNOTS ( ( 4, 2, 4 ),
 ( 3, 3 ),
 ( 0.004572695605134923826, 0.005447210325871825257, 0.006321725046608725820 ),
 ( 0.000000000000000000, 1.000000000000000000 ),
 .UNSPECIFIED. ) 
 GEOMETRIC_REPRESENTATION_ITEM ( )  RATIONAL_B_SPLINE_SURFACE ( (
 ( 1.000000000000000000, 0.9155493925646536191, 1.000000000000000000),
 ( 1.000000000000000000, 0.9391694711568289167, 1.000000000000000000),
 ( 1.000000000000000000, 0.9607223642411149012, 1.000000000000000000),
 ( 1.000000000000000000, 0.9912792382437480843, 1.000000000000000000),
 ( 1.000000000000000000, 1.000123610408572228, 1.000000000000000000),
 ( 1.000000000000000000, 1.000000000000000000, 1.000000000000000000) ) ) 
 REPRESENTATION_ITEM ( '' )  SURFACE ( )  );
#6012 = CARTESIAN_POINT ( 'NONE',  ( 3.663740471346069505, 9.125723456341750861, 5.000000000000000000 ) ) ;
#6013 = DIRECTION ( 'NONE',  ( -1.000000000000000000, 0.000000000000000000, 0.000000000000000000 ) ) ;
#6014 = DIRECTION ( 'NONE',  ( 0.000000000000000000, 0.000000000000000000, -1.000000000000000000 ) ) ;
#6015 = VERTEX_POINT ( 'NONE', #5989 ) ;
#6016 = FACE_BOUND ( 'NONE', #4959, .T. ) ;
#6017 = EDGE_CURVE ( 'NONE', #7245, #6890, #3643, .T. ) ;
#6018 = AXIS2_PLACEMENT_3D ( 'NONE', #4049, #655, #2224 ) ;
#6019 = CARTESIAN_POINT ( 'NONE',  ( -11.28722625627398379, 12.05302310628197837, -6.500000000000000888 ) ) ;
#6020 = FACE_OUTER_BOUND ( 'NONE', #3029, .T. ) ;
#6021 = CARTESIAN_POINT ( 'NONE',  ( -5.850000000000000533, -8.000000000000000000, 2.669999999999999929 ) ) ;
#6022 = AXIS2_PLACEMENT_3D ( 'NONE', #2915, #6952, #3556 ) ;
#6024 = EDGE_LOOP ( 'NONE', ( #1525, #6669, #1602, #1980 ) ) ;
#6023 = CARTESIAN_POINT ( 'NONE',  ( -3.519859486053732223, -7.999992516264716080, 5.000046837983730619 ) ) ;
#6025 = ORIENTED_EDGE ( 'NONE', *, *, #7202, .F. ) ;
#6026 =( LENGTH_UNIT ( ) NAMED_UNIT ( * ) SI_UNIT ( .MILLI., .METRE. ) );
#6027 = ORIENTED_EDGE ( 'NONE', *, *, #2735, .F. ) ;
#6028 = CARTESIAN_POINT ( 'NONE',  ( 4.753152621165011027, 4.911170619403522508, 5.245541283976475455 ) ) ;
#6029 = ORIENTED_EDGE ( 'NONE', *, *, #1399, .F. ) ;
#6030 = CARTESIAN_POINT ( 'NONE',  ( -4.156935447214546109, -5.424051630877960051, 6.729869419469811653 ) ) ;
#6031 = DIRECTION ( 'NONE',  ( 1.000000000000000000, 0.000000000000000000, 0.000000000000000000 ) ) ;
#6032 = CIRCLE ( 'NONE', #3536, 18.86342674685059961 ) ;
#6033 = ORIENTED_EDGE ( 'NONE', *, *, #4350, .F. ) ;
#6034 = DIRECTION ( 'NONE',  ( 0.000000000000000000, 0.000000000000000000, -1.000000000000000000 ) ) ;
#6035 = CARTESIAN_POINT ( 'NONE',  ( 7.341881661090174482, -3.568265625704968524, 5.000319081459309700 ) ) ;
#6036 = CARTESIAN_POINT ( 'NONE',  ( -6.249433987874159158, -2.767263787273928521, 7.985184621004616901 ) ) ;
#6037 = EDGE_CURVE ( 'NONE', #1193, #5967, #4794, .T. ) ;
#6038 = ADVANCED_FACE ( 'NONE', ( #5957 ), #4230, .T. ) ;
#6039 = AXIS2_PLACEMENT_3D ( 'NONE', #4931, #6579, #6546 ) ;
#6040 = EDGE_CURVE ( 'NONE', #124, #2293, #2057, .T. ) ;
#6041 = FACE_OUTER_BOUND ( 'NONE', #7405, .T. ) ;
#6042 = VERTEX_POINT ( 'NONE', #3714 ) ;
#6043 = DIRECTION ( 'NONE',  ( 1.000000000000000000, 0.000000000000000000, 0.000000000000000000 ) ) ;
#6044 = DIRECTION ( 'NONE',  ( 0.000000000000000000, 0.000000000000000000, 1.000000000000000000 ) ) ;
#6045 = ORIENTED_EDGE ( 'NONE', *, *, #4060, .T. ) ;
#6046 = CARTESIAN_POINT ( 'NONE',  ( -10.92864321246270087, -12.93709486476248038, 3.500000000000000000 ) ) ;
#6047 = VERTEX_POINT ( 'NONE', #6145 ) ;
#6048 = CARTESIAN_POINT ( 'NONE',  ( 6.292243220302579765, 2.699210240649526416, 5.595749671974098227 ) ) ;
#6049 = CIRCLE ( 'NONE', #5346, 14.93707874011463055 ) ;
#6050 = CARTESIAN_POINT ( 'NONE',  ( 2.546031784417535970, 6.341710652641939561, 5.000000000000000888 ) ) ;
#6051 = DIRECTION ( 'NONE',  ( 0.1423148382732853379, -0.9898214418809326842, 0.000000000000000000 ) ) ;
#6052 = DIRECTION ( 'NONE',  ( 0.9594929736144973687, 0.2817325568414295600, 0.000000000000000000 ) ) ;
#6053 = ORIENTED_EDGE ( 'NONE', *, *, #4900, .F. ) ;
#6054 = DIRECTION ( 'NONE',  ( 0.000000000000000000, 0.000000000000000000, 1.000000000000000000 ) ) ;
#6055 = AXIS2_PLACEMENT_3D ( 'NONE', #4301, #3711, #3187 ) ;
#6056 = AXIS2_PLACEMENT_3D ( 'NONE', #3687, #7201, #6650 ) ;
#6057 = CARTESIAN_POINT ( 'NONE',  ( -5.043788325268953265, -4.620696215499952686, 5.122749894861304831 ) ) ;
#6058 = CARTESIAN_POINT ( 'NONE',  ( 3.607599108049952985, -8.884710485289158299, 5.000562836162281144 ) ) ;
#6059 = DIRECTION ( 'NONE',  ( 1.000000000000000000, 0.000000000000000000, 0.000000000000000000 ) ) ;
#6061 = ORIENTED_EDGE ( 'NONE', *, *, #2604, .F. ) ;
#6060 = DIRECTION ( 'NONE',  ( -0.9594929736144973687, -0.2817325568414295600, 0.000000000000000000 ) ) ;
#6062 = VERTEX_POINT ( 'NONE', #2165 ) ;
#6063 = CARTESIAN_POINT ( 'NONE',  ( -3.126530017198491773, 6.076559694989466465, 7.861620243323362622 ) ) ;
#6064 = VERTEX_POINT ( 'NONE', #3959 ) ;
#6065 = CARTESIAN_POINT ( 'NONE',  ( -11.52715317416693885, -9.499529514007207354, -6.500000000000000888 ) ) ;
#6066 = CARTESIAN_POINT ( 'NONE',  ( -4.050070199584457242, -5.504230962704322216, 6.920386575057062117 ) ) ;
#6067 = CARTESIAN_POINT ( 'NONE',  ( 0.04580257476694150204, 16.66289232113235030, 3.500000000000000000 ) ) ;
#6068 = ORIENTED_EDGE ( 'NONE', *, *, #4498, .T. ) ;
#6069 = CARTESIAN_POINT ( 'NONE',  ( -11.28722625627398024, -12.05302310628198015, 3.500000000000000000 ) ) ;
#6070 = CARTESIAN_POINT ( 'NONE',  ( -5.595311062851134665, 3.923955282682614065, 7.121063250708250969 ) ) ;
#6071 = CARTESIAN_POINT ( 'NONE',  ( -7.984689828691784896, -3.518186785504617831, 5.000000000000000888 ) ) ;
#6072 = AXIS2_PLACEMENT_3D ( 'NONE', #4440, #2196, #5623 ) ;
#6073 = DIRECTION ( 'NONE',  ( -0.6548607339452872100, 0.7557495743542563815, 0.000000000000000000 ) ) ;
#6074 = ORIENTED_EDGE ( 'NONE', *, *, #683, .F. ) ;
#6075 = EDGE_CURVE ( 'NONE', #1403, #3662, #2207, .T. ) ;
#6076 = DIRECTION ( 'NONE',  ( 0.000000000000000000, 0.000000000000000000, 1.000000000000000000 ) ) ;
#6077 = DIRECTION ( 'NONE',  ( 0.000000000000000000, 0.000000000000000000, -1.000000000000000000 ) ) ;
#6078 = EDGE_CURVE ( 'NONE', #812, #2660, #4417, .T. ) ;
#6079 = ORIENTED_EDGE ( 'NONE', *, *, #1411, .F. ) ;
#6080 = DIRECTION ( 'NONE',  ( 0.000000000000000000, 0.000000000000000000, 1.000000000000000000 ) ) ;
#6081 = CIRCLE ( 'NONE', #1513, 6.833708498984764290 ) ;
#6082 = VECTOR ( 'NONE', #4987, 1000.000000000000000 ) ;
#6083 = ORIENTED_EDGE ( 'NONE', *, *, #402, .F. ) ;
#6084 = CARTESIAN_POINT ( 'NONE',  ( 6.224080526760341847, 2.912633191706440527, 5.723952351794968862 ) ) ;
#6085 = CARTESIAN_POINT ( 'NONE',  ( 2.699210240649347892, 6.292243220302702333, 5.595749671974211914 ) ) ;
#6086 = CARTESIAN_POINT ( 'NONE',  ( -4.832161620284269432, 4.832161620284269432, 5.000000000000000000 ) ) ;
#6087 = CIRCLE ( 'NONE', #2856, 0.4299999999999928879 ) ;
#6088 = DIRECTION ( 'NONE',  ( 0.6548607339452872100, 0.7557495743542563815, 0.000000000000000000 ) ) ;
#6089 = ORIENTED_EDGE ( 'NONE', *, *, #7091, .T. ) ;
#6090 = EDGE_CURVE ( 'NONE', #345, #1167, #6617, .T. ) ;
#6091 = DIRECTION ( 'NONE',  ( 0.000000000000000000, 0.000000000000000000, -1.000000000000000000 ) ) ;
#6092 = CARTESIAN_POINT ( 'NONE',  ( 12.62296808693507977, 10.87725861868353938, -6.500000000000000888 ) ) ;
#6093 = DIRECTION ( 'NONE',  ( 1.000000000000000000, 0.000000000000000000, 0.000000000000000000 ) ) ;
#6094 = CARTESIAN_POINT ( 'NONE',  ( 16.49980648923040150, -2.326040455249440253, -6.500000000000000888 ) ) ;
#6096 = EDGE_LOOP ( 'NONE', ( #6336, #4919, #1626, #4840 ) ) ;
#6095 = CARTESIAN_POINT ( 'NONE',  ( -4.650532009343709916, 16.00083217872045083, -6.500000000000000888 ) ) ;
#6097 = AXIS2_PLACEMENT_3D ( 'NONE', #142, #7019, #6986 ) ;
#6098 = ORIENTED_EDGE ( 'NONE', *, *, #840, .F. ) ;
#6099 = VERTEX_POINT ( 'NONE', #3340 ) ;
#6100 = CARTESIAN_POINT ( 'NONE',  ( -16.18808125472152781, -4.974906159487164636, -6.500000000000000888 ) ) ;
#6101 = ORIENTED_EDGE ( 'NONE', *, *, #3975, .F. ) ;
#6102 =( BOUNDED_SURFACE ( )  B_SPLINE_SURFACE ( 2, 3, ( 
 ( #3874, #1571, #1144, #6730, #5002, #5648, #6883, #3981, #4473, #6199 ),
 ( #6280, #1648, #6804, #6166, #7286, #1073, #5117, #512, #3944, #1110 ),
 ( #3394, #1038, #2151, #2826, #440, #5717, #2863, #4432, #5613, #7362 ) ),
 .UNSPECIFIED., .F., .F., .T. ) 
 B_SPLINE_SURFACE_WITH_KNOTS ( ( 3, 3 ),
 ( 4, 2, 2, 2, 4 ),
 ( 0.000000000000000000, 1.000000000000000000 ),
 ( 0.6672226289164150392, 1.119009477855608559, 1.344902902325205485, 1.457849614560003726, 1.570796326794802189 ),
 .UNSPECIFIED. ) 
 GEOMETRIC_REPRESENTATION_ITEM ( )  RATIONAL_B_SPLINE_SURFACE ( (
 ( 1.000000000000000000, 1.000000000000000000, 1.000000000000000000, 1.000000000000000000, 1.000000000000000000, 1.000000000000000000, 1.000000000000000000, 1.000000000000000000, 1.000000000000000000, 1.000000000000000000),
 ( 0.9155493925627072871, 0.8952765722141046156, 0.8764201585960977869, 0.8386775425584238608, 0.8247281182071535266, 0.7956258822320682045, 0.7845977683267009173, 0.7557605393046307185, 0.7393186088957193203, 0.7071067811865517916),
 ( 1.000000000000000000, 1.000000000000000000, 1.000000000000000000, 1.000000000000000000, 1.000000000000000000, 1.000000000000000000, 1.000000000000000000, 1.000000000000000000, 1.000000000000000000, 1.000000000000000000) ) ) 
 REPRESENTATION_ITEM ( '' )  SURFACE ( )  );
#6103 = DIRECTION ( 'NONE',  ( -1.000000000000000000, 0.000000000000000000, 0.000000000000000000 ) ) ;
#6104 = CARTESIAN_POINT ( 'NONE',  ( 8.397013994944146020, 3.371182587212551596, 5.078081969995057676 ) ) ;
#6105 = ORIENTED_EDGE ( 'NONE', *, *, #1819, .F. ) ;
#6106 = LINE ( 'NONE', #6219, #6082 ) ;
#6107 = CARTESIAN_POINT ( 'NONE',  ( -3.549537813605032177, 8.513909859106933098, 5.000027489796206481 ) ) ;
#6108 = AXIS2_PLACEMENT_3D ( 'NONE', #3903, #5711, #6227 ) ;
#6109 = DIRECTION ( 'NONE',  ( 0.8412535328311819827, 0.5406408174555963342, 0.000000000000000000 ) ) ;
#6110 = VERTEX_POINT ( 'NONE', #4492 ) ;
#6111 = CARTESIAN_POINT ( 'NONE',  ( -8.000000000000000000, 8.000000000000000000, 5.000000000000000000 ) ) ;
#6112 = CYLINDRICAL_SURFACE ( 'NONE', #4781, 0.4300000000000004374 ) ;
#6113 = VERTEX_POINT ( 'NONE', #4455 ) ;
#6114 = DIRECTION ( 'NONE',  ( 0.000000000000000000, 0.000000000000000000, 1.000000000000000000 ) ) ;
#6115 = ORIENTED_EDGE ( 'NONE', *, *, #5034, .T. ) ;
#6116 = EDGE_CURVE ( 'NONE', #2617, #2163, #6673, .T. ) ;
#6117 = EDGE_CURVE ( 'NONE', #3220, #522, #2693, .T. ) ;
#6118 = CIRCLE ( 'NONE', #6493, 14.93707874011464298 ) ;
#6119 = AXIS2_PLACEMENT_3D ( 'NONE', #5010, #5622, #7290 ) ;
#6120 = CARTESIAN_POINT ( 'NONE',  ( -2.658421779006727270, -6.304942727230907984, 5.543164213643726690 ) ) ;
#6121 = ORIENTED_EDGE ( 'NONE', *, *, #2098, .F. ) ;
#6122 = VECTOR ( 'NONE', #3025, 1000.000000000000000 ) ;
#6123 = DIRECTION ( 'NONE',  ( -0.000000000000000000, -0.000000000000000000, 1.000000000000000000 ) ) ;
#6124 = ORIENTED_EDGE ( 'NONE', *, *, #3865, .F. ) ;
#6125 = DIRECTION ( 'NONE',  ( -0.000000000000000000, -0.000000000000000000, 1.000000000000000000 ) ) ;
#6126 = DIRECTION ( 'NONE',  ( -0.6548607339452852116, -0.7557495743542581579, 0.000000000000000000 ) ) ;
#6127 = VERTEX_POINT ( 'NONE', #420 ) ;
#6128 = DIRECTION ( 'NONE',  ( 0.4154150130018872122, 0.9096319953545179970, 0.000000000000000000 ) ) ;
#6129 = AXIS2_PLACEMENT_3D ( 'NONE', #1137, #3938, #4467 ) ;
#6130 = ORIENTED_EDGE ( 'NONE', *, *, #4480, .T. ) ;
#6131 = EDGE_CURVE ( 'NONE', #3822, #3766, #6972, .T. ) ;
#6132 = CARTESIAN_POINT ( 'NONE',  ( -8.000000000000000000, 8.000000000000000000, 2.669999999999999929 ) ) ;
#6133 = CARTESIAN_POINT ( 'NONE',  ( -0.04580257476694150204, 16.66289232113235030, -6.500000000000000888 ) ) ;
#6134 = CARTESIAN_POINT ( 'NONE',  ( 5.308586851878310142, -4.303310061471442793, 6.430872809966527548 ) ) ;
#6135 = AXIS2_PLACEMENT_3D ( 'NONE', #4783, #6585, #2539 ) ;
#6136 = CARTESIAN_POINT ( 'NONE',  ( -3.530855259885416153, -7.684902785596206876, 5.000233078138171194 ) ) ;
#6137 = ORIENTED_EDGE ( 'NONE', *, *, #3299, .F. ) ;
#6138 = EDGE_LOOP ( 'NONE', ( #1748, #908, #4565, #1617 ) ) ;
#6139 = DIRECTION ( 'NONE',  ( -1.000000000000000000, 0.000000000000000000, 0.000000000000000000 ) ) ;
#6140 = EDGE_LOOP ( 'NONE', ( #3111, #6895, #4188, #84 ) ) ;
#6141 = AXIS2_PLACEMENT_3D ( 'NONE', #1656, #5512, #2798 ) ;
#6142 = AXIS2_PLACEMENT_3D ( 'NONE', #2148, #1107, #7283 ) ;
#6143 = B_SPLINE_CURVE_WITH_KNOTS ( 'NONE', 3,
 ( #7217, #856, #2681, #2754, #2643, #2717, #5042, #6732, #2192, #2085, #6768, #4328, #2043, #1611, #7176, #304, #927, #3911, #2154, #4369, #1496, #3243, #3808, #4436, #5584, #6694, #4970, #3176, #1574, #4899, #6624, #4403, #1535, #3842, #408, #5005, #3877, #5690, #1041, #3398, #7366 ),
 .UNSPECIFIED., .F., .F.,
 ( 4, 1, 2, 2, 1, 1, 2, 2, 1, 1, 2, 2, 1, 1, 2, 2, 2, 1, 1, 2, 2, 1, 1, 2, 2, 4 ),
 ( 0.000000000000000000, 0.06249999999999579503, 0.09374999999999379663, 0.1249999999999918121, 0.1874999999999890365, 0.2187499999999878708, 0.2343749999999871214, 0.2499999999999863443, 0.3124999999999840683, 0.3437499999999829581, 0.3593749999999824585, 0.3749999999999819589, 0.4374999999999812372, 0.4687499999999810152, 0.4843749999999812372, 0.4999999999999814593, 0.6249999999999867883, 0.6874999999999894529, 0.7187499999999906741, 0.7343749999999911182, 0.7499999999999914513, 0.8124999999999918954, 0.8437499999999922284, 0.8593749999999925615, 0.8749999999999930056, 1.000000000000000000 ),
 .UNSPECIFIED. ) ;
#6144 = DIRECTION ( 'NONE',  ( 0.4154150130018866016, -0.9096319953545183301, 0.000000000000000000 ) ) ;
#6145 = CARTESIAN_POINT ( 'NONE',  ( -18.86342674685061382, 3.377706433713905931E-15, 4.500000000000000000 ) ) ;
#6146 = AXIS2_PLACEMENT_3D ( 'NONE', #5469, #3130, #5902 ) ;
#6147 = VERTEX_POINT ( 'NONE', #3369 ) ;
#6148 = DIRECTION ( 'NONE',  ( -1.000000000000000000, 0.000000000000000000, 0.000000000000000000 ) ) ;
#6149 = CARTESIAN_POINT ( 'NONE',  ( -6.037782558980512526, 3.200864361047728757, 7.822668883037125376 ) ) ;
#6150 = AXIS2_PLACEMENT_3D ( 'NONE', #3649, #914, #6500 ) ;
#6151 = EDGE_CURVE ( 'NONE', #6778, #3124, #4213, .T. ) ;
#6152 = AXIS2_PLACEMENT_3D ( 'NONE', #5014, #2580, #4867 ) ;
#6153 = DIRECTION ( 'NONE',  ( 0.6548607339452844345, 0.7557495743542588240, 0.000000000000000000 ) ) ;
#6154 = EDGE_LOOP ( 'NONE', ( #4742, #3326, #2140 ) ) ;
#6155 = CARTESIAN_POINT ( 'NONE',  ( -9.939567796041161414E-16, -1.084202172485504040E-15, 8.000000000000000000 ) ) ;
#6156 = CARTESIAN_POINT ( 'NONE',  ( 7.762353061012140287, -12.76174738209452109, 3.501999999999999780 ) ) ;
#6157 = VERTEX_POINT ( 'NONE', #6747 ) ;
#6158 = CARTESIAN_POINT ( 'NONE',  ( 3.367644632651953795, -5.946399740297155567, 7.714926392110243114 ) ) ;
#6159 = CIRCLE ( 'NONE', #6039, 2.149999999999999911 ) ;
#6160 = CIRCLE ( 'NONE', #3882, 4.479999999999999538 ) ;
#6161 = ORIENTED_EDGE ( 'NONE', *, *, #5803, .F. ) ;
#6162 = CARTESIAN_POINT ( 'NONE',  ( 7.984689828697851155, 3.518186785504593850, 4.999999999999878320 ) ) ;
#6163 = FACE_OUTER_BOUND ( 'NONE', #2937, .T. ) ;
#6164 = EDGE_LOOP ( 'NONE', ( #435, #6632, #5875, #6315, #5070, #561, #6818, #2740 ) ) ;
#6165 = DIRECTION ( 'NONE',  ( 1.000000000000000000, 0.000000000000000000, 0.000000000000000000 ) ) ;
#6166 = CARTESIAN_POINT ( 'NONE',  ( -2.912633191701520907, 6.224080526763015264, 5.723952351792535254 ) ) ;
#6167 = ORIENTED_EDGE ( 'NONE', *, *, #6274, .F. ) ;
#6168 = EDGE_CURVE ( 'NONE', #5971, #6186, #3419, .T. ) ;
#6169 = CARTESIAN_POINT ( 'NONE',  ( -9.939567796041161414E-16, -1.084202172485504040E-15, -7.500000000000000888 ) ) ;
#6170 = ORIENTED_EDGE ( 'NONE', *, *, #2274, .F. ) ;
#6171 = AXIS2_PLACEMENT_3D ( 'NONE', #681, #645, #4679 ) ;
#6172 = AXIS2_PLACEMENT_3D ( 'NONE', #4092, #693, #6395 ) ;
#6173 = CARTESIAN_POINT ( 'NONE',  ( 13.53668048929981538, 9.457014533746749052, -6.500000000000000888 ) ) ;
#6174 = DIRECTION ( 'NONE',  ( -0.000000000000000000, -0.000000000000000000, 1.000000000000000000 ) ) ;
#6175 = CARTESIAN_POINT ( 'NONE',  ( 3.517432746358238660, -8.761297032524920425, 5.000000000000003553 ) ) ;
#6176 = CARTESIAN_POINT ( 'NONE',  ( 5.548974055481374457, 3.988608674797421205, 7.020642115295969710 ) ) ;
#6177 = EDGE_CURVE ( 'NONE', #6110, #909, #4819, .T. ) ;
#6178 = ORIENTED_EDGE ( 'NONE', *, *, #153, .T. ) ;
#6179 = ADVANCED_FACE ( 'NONE', ( #5667 ), #5597, .F. ) ;
#6180 = DIRECTION ( 'NONE',  ( -1.000000000000000000, 0.000000000000000000, 0.000000000000000000 ) ) ;
#6181 = EDGE_CURVE ( 'NONE', #5063, #5494, #4985, .T. ) ;
#6182 = ORIENTED_EDGE ( 'NONE', *, *, #4971, .T. ) ;
#6183 = B_SPLINE_CURVE_WITH_KNOTS ( 'NONE', 3,
 ( #1798, #1290, #133, #4084, #57, #6390, #2971, #2444, #4729, #1874, #4164, #2363, #4690, #1215, #5372, #6465, #3543, #2481, #5265, #6979, #4124, #3607, #6430, #4193, #1255, #3579, #5888, #3041, #4765, #7048, #1907, #208, #1330, #3647, #45, #2808, #2350, #567, #3961, #4640 ),
 .UNSPECIFIED., .F., .F.,
 ( 4, 1, 1, 2, 2, 1, 1, 2, 2, 2, 1, 1, 2, 2, 1, 1, 2, 2, 1, 2, 2, 1, 2, 2, 4 ),
 ( 0.000000000000000000, 0.06249999999999707179, 0.09374999999999576727, 0.1093749999999953787, 0.1249999999999949762, 0.1874999999999946432, 0.2187499999999945044, 0.2343749999999939770, 0.2499999999999934497, 0.3749999999999936162, 0.4374999999999941158, 0.4687499999999943379, 0.4843749999999946154, 0.4999999999999948930, 0.5624999999999962252, 0.5937499999999971134, 0.6093749999999976685, 0.6249999999999981126, 0.6874999999999981126, 0.7187499999999981126, 0.7499999999999980016, 0.8124999999999984457, 0.8437499999999983347, 0.8749999999999982236, 1.000000000000000000 ),
 .UNSPECIFIED. ) ;
#6184 = CARTESIAN_POINT ( 'NONE',  ( -3.221854950269841034, -6.026598069208926489, 7.810597370343740131 ) ) ;
#6185 = DIRECTION ( 'NONE',  ( 0.000000000000000000, 0.000000000000000000, 1.000000000000000000 ) ) ;
#6186 = VERTEX_POINT ( 'NONE', #4528 ) ;
#6187 = DIRECTION ( 'NONE',  ( 0.000000000000000000, 0.000000000000000000, -1.000000000000000000 ) ) ;
#6188 = CARTESIAN_POINT ( 'NONE',  ( -6.187926749015364436, 2.900002517602056518, 7.949886464944298403 ) ) ;
#6189 = EDGE_CURVE ( 'NONE', #6113, #5595, #3381, .T. ) ;
#6190 = CARTESIAN_POINT ( 'NONE',  ( -9.047171303507051121, 13.99295429087460008, 3.501999999999999780 ) ) ;
#6191 = ORIENTED_EDGE ( 'NONE', *, *, #5635, .T. ) ;
#6192 = DIRECTION ( 'NONE',  ( 0.000000000000000000, 0.000000000000000000, -1.000000000000000000 ) ) ;
#6193 = EDGE_CURVE ( 'NONE', #7237, #5334, #7380, .T. ) ;
#6194 = CYLINDRICAL_SURFACE ( 'NONE', #6108, 14.93707874011463410 ) ;
#6195 = DIRECTION ( 'NONE',  ( -1.000000000000000000, 0.000000000000000000, 0.000000000000000000 ) ) ;
#6196 = CARTESIAN_POINT ( 'NONE',  ( -15.77705318448115257, 4.848589393084419719, -6.500000000000000888 ) ) ;
#6197 = CARTESIAN_POINT ( 'NONE',  ( -1.717505811864569853, -16.42336799645854839, 3.500000000000000000 ) ) ;
#6198 = FACE_OUTER_BOUND ( 'NONE', #391, .T. ) ;
#6199 = CARTESIAN_POINT ( 'NONE',  ( -2.546031784417716715, 6.341710652641866730, 8.000000000000000000 ) ) ;
#6201 = CARTESIAN_POINT ( 'NONE',  ( 9.084939246772107069, -3.653218167021722085, 5.000032317625639600 ) ) ;
#6200 = CARTESIAN_POINT ( 'NONE',  ( -6.841155559148027088, -15.49200621677859857, -6.500000000000000888 ) ) ;
#6202 = AXIS2_PLACEMENT_3D ( 'NONE', #340, #4937, #7220 ) ;
#6203 = DIRECTION ( 'NONE',  ( -1.000000000000000000, 0.000000000000000000, 0.000000000000000000 ) ) ;
#6204 = EDGE_CURVE ( 'NONE', #6955, #80, #3260, .T. ) ;
#6205 = ADVANCED_FACE ( 'NONE', ( #2135 ), #984, .T. ) ;
#6206 = CARTESIAN_POINT ( 'NONE',  ( -5.625412512685104893, -3.954025273183138012, 5.451545729061480827 ) ) ;
#6207 = CARTESIAN_POINT ( 'NONE',  ( 4.672183837315425414, -4.988384896612363839, 5.491312663322520216 ) ) ;
#6208 = CARTESIAN_POINT ( 'NONE',  ( 2.546031784417683852, -6.341710652641880941, 8.000000000000000000 ) ) ;
#6209 = CARTESIAN_POINT ( 'NONE',  ( 6.212345305597714251, 2.847304847257432936, 7.963899584534046561 ) ) ;
#6210 = ORIENTED_EDGE ( 'NONE', *, *, #2604, .T. ) ;
#6211 = CARTESIAN_POINT ( 'NONE',  ( 1.717505811864569853, 16.42336799645854839, 3.500000000000000000 ) ) ;
#6212 = ORIENTED_EDGE ( 'NONE', *, *, #5439, .F. ) ;
#6213 = EDGE_CURVE ( 'NONE', #582, #4206, #958, .T. ) ;
#6214 = CARTESIAN_POINT ( 'NONE',  ( -3.731945906715946837, -5.724752013196744649, 7.370242715490009644 ) ) ;
#6215 = ADVANCED_FACE ( 'NONE', ( #5 ), #4028, .F. ) ;
#6216 = CARTESIAN_POINT ( 'NONE',  ( -11.28722625627398024, -12.05302310628198015, 3.501999999999999780 ) ) ;
#6217 = CARTESIAN_POINT ( 'NONE',  ( -5.850000000000000533, 8.000000000000000000, 2.669999999999999929 ) ) ;
#6218 = ORIENTED_EDGE ( 'NONE', *, *, #4984, .T. ) ;
#6219 = CARTESIAN_POINT ( 'NONE',  ( 14.72794537471134113, 2.490772235215354957, 3.501999999999999780 ) ) ;
#6220 = CARTESIAN_POINT ( 'NONE',  ( -5.861429229750446446, 3.513421210590363941, 7.596150490188580129 ) ) ;
#6221 = ADVANCED_FACE ( 'NONE', ( #1162 ), #2313, .F. ) ;
#6222 = VERTEX_POINT ( 'NONE', #566 ) ;
#6223 = CARTESIAN_POINT ( 'NONE',  ( -6.505213034913029562E-16, 1.058181320345851949E-13, -6.500000000000000888 ) ) ;
#6224 = AXIS2_PLACEMENT_3D ( 'NONE', #1881, #4807, #1769 ) ;
#6225 = ORIENTED_EDGE ( 'NONE', *, *, #14, .T. ) ;
#6226 = CARTESIAN_POINT ( 'NONE',  ( -14.22574330189359948, -8.384811868462952233, 3.501999999999999780 ) ) ;
#6227 = DIRECTION ( 'NONE',  ( -0.4154150130018866571, 0.9096319953545183301, 0.000000000000000000 ) ) ;
#6228 = CARTESIAN_POINT ( 'NONE',  ( 13.73654921516310168, 5.867157484472600437, 3.500000000000000000 ) ) ;
#6229 = DIRECTION ( 'NONE',  ( 0.000000000000000000, 0.000000000000000000, 1.000000000000000000 ) ) ;
#6230 = CARTESIAN_POINT ( 'NONE',  ( -16.50062835264469996, 0.6372648811799451751, -6.500000000000000888 ) ) ;
#6231 = DIRECTION ( 'NONE',  ( 0.6548607339452875431, -0.7557495743542561595, 0.000000000000000000 ) ) ;
#6232 = ORIENTED_EDGE ( 'NONE', *, *, #5089, .F. ) ;
#6233 = FACE_OUTER_BOUND ( 'NONE', #5252, .T. ) ;
#6235 = ORIENTED_EDGE ( 'NONE', *, *, #3708, .T. ) ;
#6234 = CARTESIAN_POINT ( 'NONE',  ( -13.53668048929981715, -9.457014533746747276, -6.500000000000000888 ) ) ;
#6236 = VERTEX_POINT ( 'NONE', #5249 ) ;
#6237 = DIRECTION ( 'NONE',  ( -1.000000000000000000, 0.000000000000000000, 0.000000000000000000 ) ) ;
#6238 = ORIENTED_EDGE ( 'NONE', *, *, #981, .F. ) ;
#6239 = EDGE_CURVE ( 'NONE', #7148, #7332, #5891, .T. ) ;
#6240 = ORIENTED_EDGE ( 'NONE', *, *, #2360, .T. ) ;
#6241 = DIRECTION ( 'NONE',  ( 0.000000000000000000, 0.000000000000000000, -1.000000000000000000 ) ) ;
#6242 = CARTESIAN_POINT ( 'NONE',  ( 4.405907965425414297, -5.225417713896573169, 6.207262738530753055 ) ) ;
#6243 = DIRECTION ( 'NONE',  ( -1.000000000000000000, 0.000000000000000000, 0.000000000000000000 ) ) ;
#6244 = LINE ( 'NONE', #1082, #3409 ) ;
#6245 = AXIS2_PLACEMENT_3D ( 'NONE', #1809, #2229, #515 ) ;
#6246 = VECTOR ( 'NONE', #1940, 1000.000000000000000 ) ;
#6247 = VERTEX_POINT ( 'NONE', #3998 ) ;
#6248 = EDGE_CURVE ( 'NONE', #7336, #3365, #2549, .T. ) ;
#6249 = ORIENTED_EDGE ( 'NONE', *, *, #6037, .T. ) ;
#6250 = CARTESIAN_POINT ( 'NONE',  ( 8.090475006401819158, 3.520804440565724835, 5.000109089373959925 ) ) ;
#6251 = ORIENTED_EDGE ( 'NONE', *, *, #3939, .F. ) ;
#6252 = VECTOR ( 'NONE', #5684, 1000.000000000000000 ) ;
#6253 = CIRCLE ( 'NONE', #4811, 1.779502281109934803 ) ;
#6254 = AXIS2_PLACEMENT_3D ( 'NONE', #3926, #6185, #1020 ) ;
#6255 = CARTESIAN_POINT ( 'NONE',  ( -8.645148916358012414, -3.566591297960793661, 5.000097240796918641 ) ) ;
#6256 = ORIENTED_EDGE ( 'NONE', *, *, #3847, .F. ) ;
#6257 = DIRECTION ( 'NONE',  ( 0.000000000000000000, 0.000000000000000000, -1.000000000000000000 ) ) ;
#6258 = CARTESIAN_POINT ( 'NONE',  ( -9.939567796041161414E-16, -1.084202172485504040E-15, 5.000000000000000000 ) ) ;
#6259 = ORIENTED_EDGE ( 'NONE', *, *, #4018, .F. ) ;
#6260 = CARTESIAN_POINT ( 'NONE',  ( 14.13075718784738477, 9.334097026668928265, -6.500000000000000888 ) ) ;
#6261 = LINE ( 'NONE', #5138, #873 ) ;
#6262 = AXIS2_PLACEMENT_3D ( 'NONE', #2647, #1012, #6697 ) ;
#6263 = EDGE_CURVE ( 'NONE', #4657, #890, #1077, .T. ) ;
#6264 = ORIENTED_EDGE ( 'NONE', *, *, #884, .T. ) ;
#6265 = VECTOR ( 'NONE', #4089, 1000.000000000000000 ) ;
#6266 = CYLINDRICAL_SURFACE ( 'NONE', #3163, 1.779502281109934136 ) ;
#6267 = VECTOR ( 'NONE', #1334, 1000.000000000000000 ) ;
#6268 = ORIENTED_EDGE ( 'NONE', *, *, #1632, .F. ) ;
#6269 = DIRECTION ( 'NONE',  ( -0.000000000000000000, -0.000000000000000000, 1.000000000000000000 ) ) ;
#6270 = ADVANCED_FACE ( 'NONE', ( #3482 ), #5766, .T. ) ;
#6271 = FACE_OUTER_BOUND ( 'NONE', #588, .T. ) ;
#6272 = DIRECTION ( 'NONE',  ( -0.6548607339452848786, 0.7557495743542584909, 0.000000000000000000 ) ) ;
#6273 = CIRCLE ( 'NONE', #4957, 0.4299999999999997713 ) ;
#6274 = EDGE_CURVE ( 'NONE', #3271, #6015, #480, .T. ) ;
#6275 = AXIS2_PLACEMENT_3D ( 'NONE', #6366, #2381, #4139 ) ;
#6276 = CARTESIAN_POINT ( 'NONE',  ( 8.480277776934679324, 3.544115537424671558, 5.000000000000000888 ) ) ;
#6277 = CYLINDRICAL_SURFACE ( 'NONE', #2794, 0.4299999999999999378 ) ;
#6278 = DIRECTION ( 'NONE',  ( 0.000000000000000000, 0.000000000000000000, 1.000000000000000000 ) ) ;
#6279 = ORIENTED_EDGE ( 'NONE', *, *, #6753, .F. ) ;
#6280 = CARTESIAN_POINT ( 'NONE',  ( -3.523220616535373217, 5.940952272452217464, 5.577365042559580210 ) ) ;
#6281 = AXIS2_PLACEMENT_3D ( 'NONE', #4367, #6014, #852 ) ;
#6283 = ORIENTED_EDGE ( 'NONE', *, *, #6263, .T. ) ;
#6282 = CARTESIAN_POINT ( 'NONE',  ( -3.638074703948677602, 5.784817049601931771, 7.474481872577223740 ) ) ;
#6284 = CARTESIAN_POINT ( 'NONE',  ( -6.505213034913029562E-16, 1.058181320345851949E-13, 3.500000000000000000 ) ) ;
#6285 = ORIENTED_EDGE ( 'NONE', *, *, #4350, .T. ) ;
#6286 = EDGE_LOOP ( 'NONE', ( #4978, #4668, #5222, #525 ) ) ;
#6287 = CIRCLE ( 'NONE', #2320, 0.4299999999999634115 ) ;
#6288 = CARTESIAN_POINT ( 'NONE',  ( 6.833708498984763402, -2.473142485267285931E-16, 8.000000000000000000 ) ) ;
#6289 = DIRECTION ( 'NONE',  ( 0.000000000000000000, 0.000000000000000000, -1.000000000000000000 ) ) ;
#6290 = CARTESIAN_POINT ( 'NONE',  ( -9.939567796041161414E-16, -1.084202172485504040E-15, 8.500000000000000000 ) ) ;
#6291 = CARTESIAN_POINT ( 'NONE',  ( -3.539020400004759814, -7.581846852903181500, 5.000408786426904229 ) ) ;
#6292 = EDGE_LOOP ( 'NONE', ( #4993, #1597, #4675, #2623 ) ) ;
#6293 = ORIENTED_EDGE ( 'NONE', *, *, #2831, .T. ) ;
#6294 = CARTESIAN_POINT ( 'NONE',  ( 7.542831565081722367, 3.542836903518954195, 5.000447419148366990 ) ) ;
#6295 = CARTESIAN_POINT ( 'NONE',  ( -7.800338719294130918, -3.524380869184249310, 5.000043519469427267 ) ) ;
#6296 = DIRECTION ( 'NONE',  ( 0.000000000000000000, 0.000000000000000000, 1.000000000000000000 ) ) ;
#6297 = DIRECTION ( 'NONE',  ( -1.000000000000000000, 0.000000000000000000, 0.000000000000000000 ) ) ;
#6298 = ORIENTED_EDGE ( 'NONE', *, *, #4340, .F. ) ;
#6299 = B_SPLINE_CURVE_WITH_KNOTS ( 'NONE', 3,
 ( #6023, #2090, #3248, #5550, #7223, #382, #863, #2125, #7181, #3778, #3848, #3215, #6136, #2304, #1014, #4485, #6291, #1120, #4596, #7403, #3404, #1155, #448, #3332, #5126, #6325, #4023, #3951, #5625, #2800 ),
 .UNSPECIFIED., .F., .F.,
 ( 4, 1, 2, 2, 1, 1, 2, 1, 2, 2, 2, 2, 2, 2, 2, 2, 4 ),
 ( 0.4097336724460667323, 0.4835169633903410591, 0.4927398747583761618, 0.5019627861264113200, 0.5204086088624729767, 0.5573002543345904058, 0.5941918998067078350, 0.6126377225427664941, 0.6218606339107959347, 0.6310835452788252642, 0.7048668362230585682, 0.7786501271672918723, 0.8524334181115250653, 0.8708792408475838354, 0.8893250635836426055, 0.9262167090557612559, 1.000000000000000000 ),
 .UNSPECIFIED. ) ;
#6300 = DIRECTION ( 'NONE',  ( 0.000000000000000000, 0.000000000000000000, 1.000000000000000000 ) ) ;
#6301 = CARTESIAN_POINT ( 'NONE',  ( 3.954025273177818267, 5.625412512689395683, 5.451545729063177248 ) ) ;
#6302 = ADVANCED_FACE ( 'NONE', ( #4638 ), #3565, .T. ) ;
#6303 = EDGE_CURVE ( 'NONE', #4499, #582, #5808, .T. ) ;
#6304 = CARTESIAN_POINT ( 'NONE',  ( 6.085802726076601150E-12, -8.774161063371330422E-13, 3.500000000000000000 ) ) ;
#6305 = ORIENTED_EDGE ( 'NONE', *, *, #5635, .F. ) ;
#6306 = CARTESIAN_POINT ( 'NONE',  ( -5.950354501292599352, 3.367419971930762479, 7.732926773599497317 ) ) ;
#6307 = DIRECTION ( 'NONE',  ( -0.000000000000000000, -0.000000000000000000, 1.000000000000000000 ) ) ;
#6308 = CARTESIAN_POINT ( 'NONE',  ( -9.047171303507051121, -13.99295429087460008, 3.501999999999999780 ) ) ;
#6309 = EDGE_CURVE ( 'NONE', #86, #2066, #1125, .T. ) ;
#6310 = VECTOR ( 'NONE', #6192, 1000.000000000000000 ) ;
#6311 = DIRECTION ( 'NONE',  ( 0.000000000000000000, 0.000000000000000000, 1.000000000000000000 ) ) ;
#6312 = EDGE_CURVE ( 'NONE', #4891, #1698, #3512, .T. ) ;
#6313 = DIRECTION ( 'NONE',  ( 0.6548607339452852116, -0.7557495743542581579, 0.000000000000000000 ) ) ;
#6314 = DIRECTION ( 'NONE',  ( -0.6548607339452872100, -0.7557495743542563815, 0.000000000000000000 ) ) ;
#6315 = ORIENTED_EDGE ( 'NONE', *, *, #3115, .T. ) ;
#6316 = FACE_OUTER_BOUND ( 'NONE', #4813, .T. ) ;
#6318 = ORIENTED_EDGE ( 'NONE', *, *, #5920, .F. ) ;
#6317 = CARTESIAN_POINT ( 'NONE',  ( -4.738426506668380611, 15.97502402572244939, 3.501999999999999780 ) ) ;
#6319 = CARTESIAN_POINT ( 'NONE',  ( -2.199438168349954648, 16.79184735961995045, 3.500000000000000000 ) ) ;
#6320 = ORIENTED_EDGE ( 'NONE', *, *, #829, .F. ) ;
#6321 = CARTESIAN_POINT ( 'NONE',  ( -3.520058260866717248, 7.965795240759391049, 5.000053612495047872 ) ) ;
#6322 = CARTESIAN_POINT ( 'NONE',  ( -2.979062698963860001, 16.24198349945379860, -6.500000000000000888 ) ) ;
#6323 = CARTESIAN_POINT ( 'NONE',  ( -4.498523480808000130, 5.145539056215704399, 5.972296026338615782 ) ) ;
#6324 = EDGE_CURVE ( 'NONE', #2801, #2862, #5302, .T. ) ;
#6325 = CARTESIAN_POINT ( 'NONE',  ( -3.582025815420655679, -7.255687950614350790, 5.000160869872170011 ) ) ;
#6326 = CIRCLE ( 'NONE', #5257, 14.93707874011463588 ) ;
#6327 = ORIENTED_EDGE ( 'NONE', *, *, #3610, .T. ) ;
#6328 = VERTEX_POINT ( 'NONE', #6929 ) ;
#6329 = CARTESIAN_POINT ( 'NONE',  ( 7.382244867397583121, 3.561816187372973008, 5.000398554321211719 ) ) ;
#6330 = ORIENTED_EDGE ( 'NONE', *, *, #426, .F. ) ;
#6331 = PRESENTATION_LAYER_ASSIGNMENT (  '', '', ( #1390 ) ) ;
#6332 = AXIS2_PLACEMENT_3D ( 'NONE', #6455, #1281, #5137 ) ;
#6333 = CARTESIAN_POINT ( 'NONE',  ( -7.587550821262217582, -3.538603098501720279, 5.000396460699510826 ) ) ;
#6334 = DIRECTION ( 'NONE',  ( 0.000000000000000000, 0.000000000000000000, 1.000000000000000000 ) ) ;
#6335 = LINE ( 'NONE', #3928, #6566 ) ;
#6336 = ORIENTED_EDGE ( 'NONE', *, *, #3777, .T. ) ;
#6337 = DIRECTION ( 'NONE',  ( 0.000000000000000000, 0.000000000000000000, -1.000000000000000000 ) ) ;
#6338 = CARTESIAN_POINT ( 'NONE',  ( 4.396834529549694004, 5.250036733680317091, 5.247028532305407111 ) ) ;
#6339 = EDGE_CURVE ( 'NONE', #1180, #4010, #2387, .T. ) ;
#6340 = ORIENTED_EDGE ( 'NONE', *, *, #1966, .T. ) ;
#6341 = VERTEX_POINT ( 'NONE', #5843 ) ;
#6342 = EDGE_CURVE ( 'NONE', #1323, #1666, #4940, .T. ) ;
#6343 = DIRECTION ( 'NONE',  ( 0.8412535328311808724, 0.5406408174555978885, 0.000000000000000000 ) ) ;
#6344 = ORIENTED_EDGE ( 'NONE', *, *, #6439, .F. ) ;
#6345 = CARTESIAN_POINT ( 'NONE',  ( -6.338363920114199246, 2.554367942891144327, 5.256164510755398034 ) ) ;
#6346 = CIRCLE ( 'NONE', #4310, 18.86342674685059961 ) ;
#6347 = DIRECTION ( 'NONE',  ( 0.000000000000000000, 0.000000000000000000, 1.000000000000000000 ) ) ;
#6348 = EDGE_CURVE ( 'NONE', #7418, #4684, #3534, .T. ) ;
#6349 = LINE ( 'NONE', #3501, #5218 ) ;
#6350 = CARTESIAN_POINT ( 'NONE',  ( 8.383622431535680875, 3.535594222995408487, 5.000000000000000000 ) ) ;
#6351 = CARTESIAN_POINT ( 'NONE',  ( -16.93527874010839795, 1.058181320345851949E-13, 3.500000000000000000 ) ) ;
#6352 = DIRECTION ( 'NONE',  ( 0.000000000000000000, 0.000000000000000000, 1.000000000000000000 ) ) ;
#6353 = ORIENTED_EDGE ( 'NONE', *, *, #2342, .T. ) ;
#6354 = LINE ( 'NONE', #3508, #1592 ) ;
#6356 = LINE ( 'NONE', #3430, #5586 ) ;
#6355 = CARTESIAN_POINT ( 'NONE',  ( -4.303310061471512071, 5.308586851878252411, 6.430872809966377446 ) ) ;
#6357 = EDGE_CURVE ( 'NONE', #6958, #2932, #368, .T. ) ;
#6358 = FACE_OUTER_BOUND ( 'NONE', #414, .T. ) ;
#6359 = B_SPLINE_CURVE_WITH_KNOTS ( 'NONE', 3,
 ( #405, #3240, #3353, #3206 ),
 .UNSPECIFIED., .F., .F.,
 ( 4, 4 ),
 ( 0.002692163948736212009, 0.004285270114195848835 ),
 .UNSPECIFIED. ) ;
#6360 = ORIENTED_EDGE ( 'NONE', *, *, #7040, .F. ) ;
#6361 = EDGE_CURVE ( 'NONE', #86, #496, #250, .T. ) ;
#6362 = DIRECTION ( 'NONE',  ( 0.000000000000000000, 0.000000000000000000, -1.000000000000000000 ) ) ;
#6363 = CIRCLE ( 'NONE', #941, 14.93707874011463410 ) ;
#6364 = CYLINDRICAL_SURFACE ( 'NONE', #2936, 1.779502281109933914 ) ;
#6365 = DIRECTION ( 'NONE',  ( 0.000000000000000000, 0.000000000000000000, 1.000000000000000000 ) ) ;
#6366 = CARTESIAN_POINT ( 'NONE',  ( 6.086481637526660689E-12, 8.726941734834309668E-13, -6.500000000000000888 ) ) ;
#6367 = EDGE_LOOP ( 'NONE', ( #3341, #2743, #1604, #5477 ) ) ;
#6368 = EDGE_CURVE ( 'NONE', #7168, #2587, #2299, .T. ) ;
#6369 = CARTESIAN_POINT ( 'NONE',  ( 7.840216901130440341, 3.522840681310533739, 5.000004762950803539 ) ) ;
#6370 = CIRCLE ( 'NONE', #4076, 16.93527874010839795 ) ;
#6371 = CIRCLE ( 'NONE', #5044, 0.4299999999999551403 ) ;
#6372 = CIRCLE ( 'NONE', #6854, 0.4299999999999686295 ) ;
#6373 = EDGE_CURVE ( 'NONE', #5620, #4832, #3, .T. ) ;
#6374 = CARTESIAN_POINT ( 'NONE',  ( -7.542831566860255244, -3.542836903339410259, 5.000447419145500838 ) ) ;
#6375 = CARTESIAN_POINT ( 'NONE',  ( 5.145539056212760087, 4.498523480811326358, 5.972296026331139984 ) ) ;
#6376 = CIRCLE ( 'NONE', #826, 16.93527874010839795 ) ;
#6377 = DIRECTION ( 'NONE',  ( -0.1423148382732853656, 0.9898214418809326842, 0.000000000000000000 ) ) ;
#6378 = VECTOR ( 'NONE', #2590, 1000.000000000000000 ) ;
#6379 = DIRECTION ( 'NONE',  ( -0.000000000000000000, -0.000000000000000000, -1.000000000000000000 ) ) ;
#6380 = ORIENTED_EDGE ( 'NONE', *, *, #1067, .F. ) ;
#6381 = CARTESIAN_POINT ( 'NONE',  ( 14.72794537471134113, -2.490772235215349628, 3.500000000000000000 ) ) ;
#6382 = ORIENTED_EDGE ( 'NONE', *, *, #6342, .F. ) ;
#6383 = DIRECTION ( 'NONE',  ( 0.000000000000000000, 0.000000000000000000, -1.000000000000000000 ) ) ;
#6384 = DIRECTION ( 'NONE',  ( 1.000000000000000000, 0.000000000000000000, 0.000000000000000000 ) ) ;
#6385 = VECTOR ( 'NONE', #5589, 1000.000000000000000 ) ;
#6386 = VERTEX_POINT ( 'NONE', #228 ) ;
#6387 = DIRECTION ( 'NONE',  ( -0.000000000000000000, -0.000000000000000000, 1.000000000000000000 ) ) ;
#6388 = EDGE_CURVE ( 'NONE', #7332, #2881, #1938, .T. ) ;
#6389 = DIRECTION ( 'NONE',  ( 0.000000000000000000, 0.000000000000000000, 1.000000000000000000 ) ) ;
#6390 = CARTESIAN_POINT ( 'NONE',  ( 5.398187736639165735, -4.190367717625996136, 6.664917907756948701 ) ) ;
#6391 = CIRCLE ( 'NONE', #2303, 6.833708498984764290 ) ;
#6392 = LINE ( 'NONE', #4732, #4955 ) ;
#6393 = CARTESIAN_POINT ( 'NONE',  ( 10.96445679804882012, -12.33713554324494055, 3.500000000000000000 ) ) ;
#6394 = VERTEX_POINT ( 'NONE', #6021 ) ;
#6395 = DIRECTION ( 'NONE',  ( -1.000000000000000000, 0.000000000000000000, 0.000000000000000000 ) ) ;
#6396 = CIRCLE ( 'NONE', #2194, 18.86342674685059961 ) ;
#6398 = CARTESIAN_POINT ( 'NONE',  ( 7.328995838787195183, -3.570234011337935609, 5.000296200002000369 ) ) ;
#6397 = CARTESIAN_POINT ( 'NONE',  ( 3.533857191259564434, -5.851470600372631559, 7.590139390704359279 ) ) ;
#6399 = DIRECTION ( 'NONE',  ( 0.000000000000000000, 0.000000000000000000, -1.000000000000000000 ) ) ;
#6400 = CIRCLE ( 'NONE', #6406, 1.779502281109935469 ) ;
#6401 = VERTEX_POINT ( 'NONE', #783 ) ;
#6402 = CARTESIAN_POINT ( 'NONE',  ( -4.832161620284269432, -4.832161620284269432, 5.000000000000000000 ) ) ;
#6403 = EDGE_CURVE ( 'NONE', #4932, #6047, #4219, .T. ) ;
#6404 = CARTESIAN_POINT ( 'NONE',  ( 4.487272826762108480, -5.177050413806425944, 5.000000000000127898 ) ) ;
#6405 = CARTESIAN_POINT ( 'NONE',  ( -4.620696215485240010, 5.043788325282766216, 5.122749894824890404 ) ) ;
#6406 = AXIS2_PLACEMENT_3D ( 'NONE', #358, #2666, #6153 ) ;
#6407 = AXIS2_PLACEMENT_3D ( 'NONE', #1189, #4137, #2336 ) ;
#6408 = CARTESIAN_POINT ( 'NONE',  ( 3.606734626496729934, -7.122720478993614712, 5.000000000000000000 ) ) ;
#6409 = VERTEX_POINT ( 'NONE', #6520 ) ;
#6410 = VERTEX_POINT ( 'NONE', #3776 ) ;
#6411 = CARTESIAN_POINT ( 'NONE',  ( 8.645148916339097767, 3.566591297957669049, 5.000097240797261477 ) ) ;
#6412 = AXIS2_PLACEMENT_3D ( 'NONE', #7319, #1607, #6765 ) ;
#6413 = VECTOR ( 'NONE', #2002, 1000.000000000000000 ) ;
#6414 = CARTESIAN_POINT ( 'NONE',  ( -7.300094621706624487, -3.574761690651498292, 5.000242196881030665 ) ) ;
#6415 = CARTESIAN_POINT ( 'NONE',  ( 5.225417713897134497, 4.405907965424721517, 6.207262738530248569 ) ) ;
#6416 = DIRECTION ( 'NONE',  ( 0.4154150130018873233, -0.9096319953545181081, 0.000000000000000000 ) ) ;
#6418 = CARTESIAN_POINT ( 'NONE',  ( 3.545856042760347382, -8.481208075706126337, 5.000039597175545580 ) ) ;
#6417 = CARTESIAN_POINT ( 'NONE',  ( -8.605515104952512928, 3.561108041449337236, 5.000000009131813528 ) ) ;
#6419 = VERTEX_POINT ( 'NONE', #1351 ) ;
#6420 = ADVANCED_FACE ( 'NONE', ( #194 ), #5946, .T. ) ;
#6421 = CARTESIAN_POINT ( 'NONE',  ( 8.000000000000000000, 8.000000000000000000, 5.000000000000000000 ) ) ;
#6422 = CARTESIAN_POINT ( 'NONE',  ( -3.592528758413752854, 8.808164626417877230, 5.000678548239588572 ) ) ;
#6423 = VECTOR ( 'NONE', #804, 1000.000000000000000 ) ;
#6424 = CARTESIAN_POINT ( 'NONE',  ( -8.970108147836139523, -14.04247977380171974, 3.500000000000000000 ) ) ;
#6425 = EDGE_CURVE ( 'NONE', #2268, #5283, #4826, .T. ) ;
#6426 = ORIENTED_EDGE ( 'NONE', *, *, #6008, .T. ) ;
#6427 = ADVANCED_FACE ( 'NONE', ( #271 ), #7107, .F. ) ;
#6428 = CARTESIAN_POINT ( 'NONE',  ( -3.326259582143665220E-12, -5.171349053832919920E-12, 3.500000000000000000 ) ) ;
#6429 = CARTESIAN_POINT ( 'NONE',  ( -3.627356251941966647, -8.976315979812461876, 5.000305456707127227 ) ) ;
#6430 = CARTESIAN_POINT ( 'NONE',  ( 5.820394957144634063, -3.581361550360512069, 7.533614833955604162 ) ) ;
#6431 = LINE ( 'NONE', #7014, #3521 ) ;
#6432 = DIRECTION ( 'NONE',  ( 0.000000000000000000, 0.000000000000000000, 1.000000000000000000 ) ) ;
#6433 = ORIENTED_EDGE ( 'NONE', *, *, #4045, .F. ) ;
#6434 = DIRECTION ( 'NONE',  ( -0.9594929736144977017, -0.2817325568414285608, 0.000000000000000000 ) ) ;
#6436 = CARTESIAN_POINT ( 'NONE',  ( 8.301088240720703837, -3.530126372486153130, 4.999999985902401356 ) ) ;
#6435 = CARTESIAN_POINT ( 'NONE',  ( 3.367419971934690892, -5.950354501290408216, 7.732926773596732417 ) ) ;
#6437 = DIRECTION ( 'NONE',  ( 0.000000000000000000, 0.000000000000000000, -1.000000000000000000 ) ) ;
#6438 = ORIENTED_EDGE ( 'NONE', *, *, #383, .T. ) ;
#6439 = EDGE_CURVE ( 'NONE', #6099, #6536, #5672, .T. ) ;
#6440 = DIRECTION ( 'NONE',  ( 0.8412535328311813165, 0.5406408174555972224, 0.000000000000000000 ) ) ;
#6441 = CARTESIAN_POINT ( 'NONE',  ( 4.832161620284267656, -4.832161620284266768, 5.000000000000000000 ) ) ;
#6442 = CARTESIAN_POINT ( 'NONE',  ( 10.14999999999999858, 8.000000000000000000, 2.669999999999999929 ) ) ;
#6443 = DIRECTION ( 'NONE',  ( -1.000000000000000000, 0.000000000000000000, 0.000000000000000000 ) ) ;
#6444 = CIRCLE ( 'NONE', #1497, 6.833708498984764290 ) ;
#6445 = ORIENTED_EDGE ( 'NONE', *, *, #6677, .T. ) ;
#6446 = DIRECTION ( 'NONE',  ( 0.000000000000000000, 0.000000000000000000, 1.000000000000000000 ) ) ;
#6447 = ORIENTED_EDGE ( 'NONE', *, *, #2213, .T. ) ;
#6448 = CARTESIAN_POINT ( 'NONE',  ( 8.000000000000000000, -8.000000000000000000, -7.500000000000000888 ) ) ;
#6449 = AXIS2_PLACEMENT_3D ( 'NONE', #894, #2614, #1970 ) ;
#6450 = CARTESIAN_POINT ( 'NONE',  ( 5.250036733680267353, 4.396834529549630055, 5.247028532305253457 ) ) ;
#6451 = DIRECTION ( 'NONE',  ( 0.4154150130018873233, 0.9096319953545181081, 0.000000000000000000 ) ) ;
#6453 = CARTESIAN_POINT ( 'NONE',  ( 3.526506850257692616, -8.242131373933672123, 5.000016915573269216 ) ) ;
#6452 = CARTESIAN_POINT ( 'NONE',  ( -8.629948228779026564, 3.564447397019006925, 5.000055405648077489 ) ) ;
#6454 = EDGE_LOOP ( 'NONE', ( #4418, #1505, #5173, #1917 ) ) ;
#6455 = CARTESIAN_POINT ( 'NONE',  ( -9.939567796041161414E-16, -1.084202172485504040E-15, 8.500000000000000000 ) ) ;
#6456 = ORIENTED_EDGE ( 'NONE', *, *, #5478, .T. ) ;
#6457 = DIRECTION ( 'NONE',  ( 0.000000000000000000, 0.000000000000000000, -1.000000000000000000 ) ) ;
#6458 = ORIENTED_EDGE ( 'NONE', *, *, #3236, .T. ) ;
#6459 = CIRCLE ( 'NONE', #3809, 16.93527874010840861 ) ;
#6460 = CARTESIAN_POINT ( 'NONE',  ( -11.04332294047803842, 10.05789936917805960, 3.501999999999999780 ) ) ;
#6461 = VECTOR ( 'NONE', #3321, 1000.000000000000000 ) ;
#6462 = EDGE_LOOP ( 'NONE', ( #5404, #3168, #2527, #5080 ) ) ;
#6463 = DIRECTION ( 'NONE',  ( -1.000000000000000000, 0.000000000000000000, -0.000000000000000000 ) ) ;
#6464 = CARTESIAN_POINT ( 'NONE',  ( -3.561859110213421165, -8.611110468249520977, 5.000004094620459583 ) ) ;
#6465 = CARTESIAN_POINT ( 'NONE',  ( 5.657393655495326357, -3.833380838270953994, 7.244457993900968340 ) ) ;
#6466 = ADVANCED_FACE ( 'NONE', ( #4749 ), #3139, .T. ) ;
#6467 = CARTESIAN_POINT ( 'NONE',  ( 11.28722625627397314, 12.05302310628198725, -6.500000000000000888 ) ) ;
#6468 = ORIENTED_EDGE ( 'NONE', *, *, #1085, .F. ) ;
#6469 = CARTESIAN_POINT ( 'NONE',  ( -4.832161620284269432, -4.832161620284269432, 5.000000000000000000 ) ) ;
#6470 = CARTESIAN_POINT ( 'NONE',  ( 2.683428044851761118, -6.285296924109221806, 7.994630692672539674 ) ) ;
#6471 = EDGE_LOOP ( 'NONE', ( #553, #3218, #1031, #5551, #2554 ) ) ;
#6472 = DIRECTION ( 'NONE',  ( 0.4154150130018873233, 0.9096319953545181081, 0.000000000000000000 ) ) ;
#6473 = FACE_OUTER_BOUND ( 'NONE', #3744, .T. ) ;
#6474 = DIRECTION ( 'NONE',  ( -0.000000000000000000, -0.000000000000000000, 1.000000000000000000 ) ) ;
#6475 = DIRECTION ( 'NONE',  ( 0.000000000000000000, 0.000000000000000000, 1.000000000000000000 ) ) ;
#6476 = ORIENTED_EDGE ( 'NONE', *, *, #5749, .F. ) ;
#6477 = CYLINDRICAL_SURFACE ( 'NONE', #2656, 1.779502281109935469 ) ;
#6478 = EDGE_CURVE ( 'NONE', #7074, #2045, #4461, .T. ) ;
#6479 = CARTESIAN_POINT ( 'NONE',  ( -6.505213034913029562E-16, 1.058181320345851949E-13, 3.500000000000000000 ) ) ;
#6480 = DIRECTION ( 'NONE',  ( 1.000000000000000000, 0.000000000000000000, 0.000000000000000000 ) ) ;
#6481 = CYLINDRICAL_SURFACE ( 'NONE', #6622, 0.4299999999999996603 ) ;
#6483 = CARTESIAN_POINT ( 'NONE',  ( 3.567990932324935471, -8.654920060986771801, 5.000133684121038868 ) ) ;
#6482 = CARTESIAN_POINT ( 'NONE',  ( 13.77196618806395811, -9.097096987693380044, -6.500000000000000888 ) ) ;
#6484 = ORIENTED_EDGE ( 'NONE', *, *, #7022, .T. ) ;
#6485 = DIRECTION ( 'NONE',  ( 1.000000000000000000, 0.000000000000000000, 0.000000000000000000 ) ) ;
#6486 = DIRECTION ( 'NONE',  ( 0.000000000000000000, 0.000000000000000000, 1.000000000000000000 ) ) ;
#6487 = AXIS2_PLACEMENT_3D ( 'NONE', #2726, #5018, #2129 ) ;
#6488 = CIRCLE ( 'NONE', #3960, 0.4300000000000000488 ) ;
#6489 = CARTESIAN_POINT ( 'NONE',  ( 8.000000000000000000, 8.000000000000000000, 2.669999999999999929 ) ) ;
#6490 = FACE_OUTER_BOUND ( 'NONE', #4773, .T. ) ;
#6491 = ORIENTED_EDGE ( 'NONE', *, *, #4090, .T. ) ;
#6492 = CARTESIAN_POINT ( 'NONE',  ( -3.676087340979917961, -6.775413943001480810, 5.000000013345409222 ) ) ;
#6493 = AXIS2_PLACEMENT_3D ( 'NONE', #4946, #3335, #2691 ) ;
#6494 = CIRCLE ( 'NONE', #4451, 1.779502281109935025 ) ;
#6495 = CARTESIAN_POINT ( 'NONE',  ( -3.561071739883437282, -8.605331665249909889, 5.000000007662455559 ) ) ;
#6496 = CYLINDRICAL_SURFACE ( 'NONE', #188, 1.779502281109934136 ) ;
#6497 = VECTOR ( 'NONE', #6886, 1000.000000000000000 ) ;
#6498 = VECTOR ( 'NONE', #2097, 1000.000000000000000 ) ;
#6499 = EDGE_CURVE ( 'NONE', #314, #4620, #964, .T. ) ;
#6500 = DIRECTION ( 'NONE',  ( 1.000000000000000000, 0.000000000000000000, 0.000000000000000000 ) ) ;
#6501 = DIRECTION ( 'NONE',  ( 0.8412535328311819827, -0.5406408174555963342, 0.000000000000000000 ) ) ;
#6502 = ORIENTED_EDGE ( 'NONE', *, *, #2764, .F. ) ;
#6503 = CARTESIAN_POINT ( 'NONE',  ( 6.055115265689126502, -3.335397710290012974, 5.660567889599133373 ) ) ;
#6504 = DIRECTION ( 'NONE',  ( 1.000000000000000000, 0.000000000000000000, 0.000000000000000000 ) ) ;
#6505 = ADVANCED_FACE ( 'NONE', ( #7033 ), #861, .T. ) ;
#6506 = DIRECTION ( 'NONE',  ( 1.000000000000000000, 0.000000000000000000, 0.000000000000000000 ) ) ;
#6507 = VECTOR ( 'NONE', #7329, 1000.000000000000000 ) ;
#6508 = ORIENTED_EDGE ( 'NONE', *, *, #2756, .T. ) ;
#6509 = EDGE_LOOP ( 'NONE', ( #3817, #540, #998, #3014 ) ) ;
#6510 = CARTESIAN_POINT ( 'NONE',  ( 3.455344311836544335, 5.895788896475689711, 7.645982529067809175 ) ) ;
#6511 = CARTESIAN_POINT ( 'NONE',  ( 3.535594222995442237, 8.383622431536098318, 5.000000000000182077 ) ) ;
#6512 = LINE ( 'NONE', #6442, #6867 ) ;
#6513 = CARTESIAN_POINT ( 'NONE',  ( 3.586081661929095610, -7.232388873389031581, 5.000121556023557901 ) ) ;
#6514 = CIRCLE ( 'NONE', #15, 16.93527874010844414 ) ;
#6515 = ORIENTED_EDGE ( 'NONE', *, *, #857, .F. ) ;
#6516 = EDGE_CURVE ( 'NONE', #6062, #4020, #5433, .T. ) ;
#6517 = DIRECTION ( 'NONE',  ( 0.000000000000000000, 0.000000000000000000, 1.000000000000000000 ) ) ;
#6518 = PLANE ( 'NONE',  #2051 ) ;
#6519 = CARTESIAN_POINT ( 'NONE',  ( 5.308586851874102841, 4.303310061476628867, 6.430872809955245906 ) ) ;
#6520 = CARTESIAN_POINT ( 'NONE',  ( -7.434285267090293026, 14.74477009411852535, -6.500000000000000888 ) ) ;
#6522 = CARTESIAN_POINT ( 'NONE',  ( 3.520814942049503848, -8.091294727244765284, 5.000109840844902287 ) ) ;
#6521 = CARTESIAN_POINT ( 'NONE',  ( 3.570763122581244620, 7.325487046578905925, 5.000290153383774694 ) ) ;
#6523 = ADVANCED_FACE ( 'NONE', ( #3064 ), #6481, .T. ) ;
#6524 = ORIENTED_EDGE ( 'NONE', *, *, #6342, .T. ) ;
#6525 = CARTESIAN_POINT ( 'NONE',  ( -6.505213034913029562E-16, 1.058181320345851949E-13, -6.500000000000000888 ) ) ;
#6526 = ORIENTED_EDGE ( 'NONE', *, *, #900, .F. ) ;
#6527 = CARTESIAN_POINT ( 'NONE',  ( 4.832161620284266768, 4.832161620284267656, 5.000000000000000000 ) ) ;
#6528 = DIRECTION ( 'NONE',  ( -1.000000000000000000, 0.000000000000000000, 0.000000000000000000 ) ) ;
#6529 = LINE ( 'NONE', #317, #7083 ) ;
#6530 = AXIS2_PLACEMENT_3D ( 'NONE', #6308, #1105, #539 ) ;
#6531 = ORIENTED_EDGE ( 'NONE', *, *, #4714, .F. ) ;
#6532 = CYLINDRICAL_SURFACE ( 'NONE', #1027, 14.93707874011463232 ) ;
#6533 = DIRECTION ( 'NONE',  ( 0.9594929736144973687, 0.2817325568414295600, 0.000000000000000000 ) ) ;
#6534 = DIRECTION ( 'NONE',  ( -1.000000000000000000, 0.000000000000000000, 0.000000000000000000 ) ) ;
#6535 = CARTESIAN_POINT ( 'NONE',  ( -8.000000000000000000, -8.000000000000000000, -7.500000000000000888 ) ) ;
#6536 = VERTEX_POINT ( 'NONE', #3812 ) ;
#6537 = DIRECTION ( 'NONE',  ( -0.000000000000000000, -0.000000000000000000, 1.000000000000000000 ) ) ;
#6538 = CIRCLE ( 'NONE', #5763, 14.93707874011463410 ) ;
#6539 = DIRECTION ( 'NONE',  ( 0.000000000000000000, 0.000000000000000000, 1.000000000000000000 ) ) ;
#6540 = FACE_OUTER_BOUND ( 'NONE', #1622, .T. ) ;
#6541 = EDGE_CURVE ( 'NONE', #5660, #7117, #483, .T. ) ;
#6542 = EDGE_LOOP ( 'NONE', ( #4297, #1028, #477, #5806 ) ) ;
#6543 = FACE_OUTER_BOUND ( 'NONE', #1050, .T. ) ;
#6544 = CARTESIAN_POINT ( 'NONE',  ( 3.523220616545786221, 5.940952272445002791, 5.577365042557311803 ) ) ;
#6545 = DIRECTION ( 'NONE',  ( -1.000000000000000000, 0.000000000000000000, 0.000000000000000000 ) ) ;
#6546 = DIRECTION ( 'NONE',  ( 1.000000000000000000, 0.000000000000000000, 0.000000000000000000 ) ) ;
#6547 = VERTEX_POINT ( 'NONE', #5047 ) ;
#6548 = DIRECTION ( 'NONE',  ( -1.000000000000000000, 0.000000000000000000, 0.000000000000000000 ) ) ;
#6549 = EDGE_CURVE ( 'NONE', #713, #4524, #6391, .T. ) ;
#6550 = CARTESIAN_POINT ( 'NONE',  ( 16.50062835264469996, -0.6372648811799223045, -6.500000000000000888 ) ) ;
#6551 = LINE ( 'NONE', #3702, #5491 ) ;
#6552 = DIRECTION ( 'NONE',  ( 0.000000000000000000, 0.000000000000000000, -1.000000000000000000 ) ) ;
#6554 = DIRECTION ( 'NONE',  ( 0.000000000000000000, 0.000000000000000000, 1.000000000000000000 ) ) ;
#6553 = CARTESIAN_POINT ( 'NONE',  ( 3.602817885062402858, 7.142334848311911344, 5.000000000000000000 ) ) ;
#6555 = EDGE_LOOP ( 'NONE', ( #7412, #3209, #2452, #3191 ) ) ;
#6556 = FACE_OUTER_BOUND ( 'NONE', #897, .T. ) ;
#6557 = ORIENTED_EDGE ( 'NONE', *, *, #4881, .T. ) ;
#6558 = DIRECTION ( 'NONE',  ( 0.000000000000000000, 0.000000000000000000, -1.000000000000000000 ) ) ;
#6559 = EDGE_CURVE ( 'NONE', #3363, #5716, #3747, .T. ) ;
#6560 = CIRCLE ( 'NONE', #186, 6.100000000000001421 ) ;
#6561 = DIRECTION ( 'NONE',  ( -0.4154150130018866571, 0.9096319953545183301, 0.000000000000000000 ) ) ;
#6562 = CARTESIAN_POINT ( 'NONE',  ( 6.667453257840979752, 15.09865203729069805, 3.500000000000000000 ) ) ;
#6563 = VERTEX_POINT ( 'NONE', #5548 ) ;
#6564 = ORIENTED_EDGE ( 'NONE', *, *, #267, .T. ) ;
#6565 = DIRECTION ( 'NONE',  ( 0.000000000000000000, 0.000000000000000000, -1.000000000000000000 ) ) ;
#6566 = VECTOR ( 'NONE', #5172, 1000.000000000000000 ) ;
#6567 = CARTESIAN_POINT ( 'NONE',  ( 8.040219129191076064, -3.520029707679227737, 5.000117190330554351 ) ) ;
#6568 = CARTESIAN_POINT ( 'NONE',  ( -6.055115265681618730, -3.335397710303547925, 5.660567889594080526 ) ) ;
#6569 = AXIS2_PLACEMENT_3D ( 'NONE', #2996, #6337, #3569 ) ;
#6570 = CARTESIAN_POINT ( 'NONE',  ( 8.970108147836150181, -14.04247977380171974, 3.500000000000000000 ) ) ;
#6571 = CARTESIAN_POINT ( 'NONE',  ( -8.000000000000000000, 8.000000000000000000, 5.000000000000000000 ) ) ;
#6572 = ORIENTED_EDGE ( 'NONE', *, *, #2274, .T. ) ;
#6573 = DIRECTION ( 'NONE',  ( -1.000000000000000000, 0.000000000000000000, 0.000000000000000000 ) ) ;
#6574 = CARTESIAN_POINT ( 'NONE',  ( 3.520398854371082908, 8.067268367903245974, 5.000104272600366606 ) ) ;
#6575 = ORIENTED_EDGE ( 'NONE', *, *, #6758, .F. ) ;
#6576 = CARTESIAN_POINT ( 'NONE',  ( 2.924641591463724044, -6.176509724025568637, 7.943337455069062081 ) ) ;
#6577 = DIRECTION ( 'NONE',  ( 0.000000000000000000, 0.000000000000000000, 1.000000000000000000 ) ) ;
#6578 = CARTESIAN_POINT ( 'NONE',  ( 0.04580257476694359758, -16.66289232113235030, -6.500000000000000888 ) ) ;
#6579 = DIRECTION ( 'NONE',  ( 0.000000000000000000, 0.000000000000000000, 1.000000000000000000 ) ) ;
#6580 = EDGE_LOOP ( 'NONE', ( #7225, #5234, #5571, #6178 ) ) ;
#6581 = EDGE_CURVE ( 'NONE', #1619, #3159, #341, .T. ) ;
#6582 = DIRECTION ( 'NONE',  ( 1.000000000000000000, 0.000000000000000000, 0.000000000000000000 ) ) ;
#6583 = FACE_BOUND ( 'NONE', #5775, .T. ) ;
#6584 = DIRECTION ( 'NONE',  ( 0.000000000000000000, 0.000000000000000000, -1.000000000000000000 ) ) ;
#6585 = DIRECTION ( 'NONE',  ( 0.000000000000000000, 0.000000000000000000, 1.000000000000000000 ) ) ;
#6587 = VERTEX_POINT ( 'NONE', #2686 ) ;
#6586 = CARTESIAN_POINT ( 'NONE',  ( -7.439532982252880622, 3.554641550463749855, 5.000448664568104995 ) ) ;
#6588 = EDGE_CURVE ( 'NONE', #4159, #5043, #3915, .T. ) ;
#6589 = ORIENTED_EDGE ( 'NONE', *, *, #5231, .T. ) ;
#6590 = EDGE_CURVE ( 'NONE', #4891, #4524, #6638, .T. ) ;
#6591 = PRESENTATION_STYLE_ASSIGNMENT (( #7072 ) ) ;
#6592 = ORIENTED_EDGE ( 'NONE', *, *, #4689, .F. ) ;
#6593 = DIRECTION ( 'NONE',  ( 0.000000000000000000, 0.000000000000000000, 1.000000000000000000 ) ) ;
#6594 = EDGE_CURVE ( 'NONE', #6958, #926, #2189, .T. ) ;
#6595 = ORIENTED_EDGE ( 'NONE', *, *, #6116, .F. ) ;
#6596 = DIRECTION ( 'NONE',  ( 0.000000000000000000, 0.000000000000000000, -1.000000000000000000 ) ) ;
#6597 = VERTEX_POINT ( 'NONE', #3247 ) ;
#6598 = DIRECTION ( 'NONE',  ( 1.000000000000000000, 0.000000000000000000, 0.000000000000000000 ) ) ;
#6599 = AXIS2_PLACEMENT_3D ( 'NONE', #170, #6347, #4042 ) ;
#6600 = VERTEX_POINT ( 'NONE', #4407 ) ;
#6601 = DIRECTION ( 'NONE',  ( -1.000000000000000000, 0.000000000000000000, 0.000000000000000000 ) ) ;
#6602 = CARTESIAN_POINT ( 'NONE',  ( 7.905469046651136367, -3.520707438438068326, 5.000020325515655450 ) ) ;
#6603 = DIRECTION ( 'NONE',  ( -0.1423148382732853379, 0.9898214418809326842, 0.000000000000000000 ) ) ;
#6604 = CIRCLE ( 'NONE', #5293, 14.93707874011463410 ) ;
#6605 = CARTESIAN_POINT ( 'NONE',  ( -6.505213034913029562E-16, 1.058181320345851949E-13, 3.500000000000000000 ) ) ;
#6606 = AXIS2_PLACEMENT_3D ( 'NONE', #4252, #4779, #6582 ) ;
#6607 = ADVANCED_FACE ( 'NONE', ( #7292 ), #6775, .F. ) ;
#6608 = CIRCLE ( 'NONE', #4935, 1.779502281109935025 ) ;
#6609 = VERTEX_POINT ( 'NONE', #412 ) ;
#6610 = CARTESIAN_POINT ( 'NONE',  ( 14.72794537471132692, 2.490772235215356289, -6.500000000000000888 ) ) ;
#6611 = VECTOR ( 'NONE', #1833, 1000.000000000000000 ) ;
#6612 = CARTESIAN_POINT ( 'NONE',  ( 3.520254942635551387, 8.057473129532562339, 5.000113402988191069 ) ) ;
#6613 = ORIENTED_EDGE ( 'NONE', *, *, #652, .T. ) ;
#6614 = LINE ( 'NONE', #6046, #4938 ) ;
#6615 = ORIENTED_EDGE ( 'NONE', *, *, #5341, .T. ) ;
#6616 = AXIS2_PLACEMENT_3D ( 'NONE', #4361, #2221, #6195 ) ;
#6617 = CIRCLE ( 'NONE', #6254, 1.779502281109935469 ) ;
#6618 = CARTESIAN_POINT ( 'NONE',  ( -3.594911699843142738, -8.860594278219560138, 4.999999999999833022 ) ) ;
#6619 = DIRECTION ( 'NONE',  ( -0.000000000000000000, -0.000000000000000000, 1.000000000000000000 ) ) ;
#6620 = CARTESIAN_POINT ( 'NONE',  ( -14.72794537471135001, 2.490772235215351404, -6.500000000000000888 ) ) ;
#6621 = DIRECTION ( 'NONE',  ( -1.000000000000000000, 0.000000000000000000, 0.000000000000000000 ) ) ;
#6622 = AXIS2_PLACEMENT_3D ( 'NONE', #3633, #5913, #749 ) ;
#6623 = ORIENTED_EDGE ( 'NONE', *, *, #6117, .T. ) ;
#6624 = CARTESIAN_POINT ( 'NONE',  ( -5.523288093954060507, -4.024044829336915541, 6.963589640642783074 ) ) ;
#6625 = AXIS2_PLACEMENT_3D ( 'NONE', #3942, #4507, #2860 ) ;
#6626 = LINE ( 'NONE', #5510, #2535 ) ;
#6627 = CARTESIAN_POINT ( 'NONE',  ( 3.592607951604775085, -8.806822057977793605, 5.000615472957794516 ) ) ;
#6628 = CARTESIAN_POINT ( 'NONE',  ( 4.738426506668380611, -15.97502402572244939, -6.500000000000000888 ) ) ;
#6630 = ORIENTED_EDGE ( 'NONE', *, *, #3437, .F. ) ;
#6629 = CARTESIAN_POINT ( 'NONE',  ( -7.320321506878313400, 3.571572624797586304, 5.000280416729822264 ) ) ;
#6631 = VERTEX_POINT ( 'NONE', #3292 ) ;
#6632 = ORIENTED_EDGE ( 'NONE', *, *, #4918, .T. ) ;
#6633 = CARTESIAN_POINT ( 'NONE',  ( -10.14999999999999858, 8.000000000000000000, 2.669999999999999929 ) ) ;
#6634 = AXIS2_PLACEMENT_3D ( 'NONE', #2975, #4126, #1910 ) ;
#6635 = ORIENTED_EDGE ( 'NONE', *, *, #1966, .F. ) ;
#6636 = CIRCLE ( 'NONE', #1333, 0.4299999999999995492 ) ;
#6637 = EDGE_CURVE ( 'NONE', #4378, #3271, #609, .T. ) ;
#6638 = B_SPLINE_CURVE_WITH_KNOTS ( 'NONE', 3,
 ( #2759, #6175, #4515, #4975, #1581, #5655, #2197, #4484, #3214, #6208 ),
 .UNSPECIFIED., .F., .F.,
 ( 4, 2, 2, 2, 4 ),
 ( 0.000000000000000000, 0.2499999999999996669, 0.4999999999999997780, 0.7499999999999998890, 1.000000000000000000 ),
 .UNSPECIFIED. ) ;
#6639 = DIRECTION ( 'NONE',  ( -0.000000000000000000, -0.000000000000000000, 1.000000000000000000 ) ) ;
#6640 = CARTESIAN_POINT ( 'NONE',  ( -0.04580257476693950364, -16.66289232113235030, 3.500000000000000000 ) ) ;
#6641 = EDGE_CURVE ( 'NONE', #865, #1936, #2232, .T. ) ;
#6642 = AXIS2_PLACEMENT_3D ( 'NONE', #4743, #1890, #2417 ) ;
#6643 = EDGE_LOOP ( 'NONE', ( #6002, #2092, #729, #5632 ) ) ;
#6644 = DIRECTION ( 'NONE',  ( -0.8412535328311814276, -0.5406408174555973334, 0.000000000000000000 ) ) ;
#6645 = CARTESIAN_POINT ( 'NONE',  ( 7.122720479011225514, -3.606734626493212748, 5.000000000000000000 ) ) ;
#6646 = ADVANCED_FACE ( 'NONE', ( #4939 ), #6664, .F. ) ;
#6647 = EDGE_CURVE ( 'NONE', #5783, #4670, #1044, .T. ) ;
#6648 = FACE_OUTER_BOUND ( 'NONE', #7113, .T. ) ;
#6649 = ORIENTED_EDGE ( 'NONE', *, *, #4435, .T. ) ;
#6650 = DIRECTION ( 'NONE',  ( 1.000000000000000000, 0.000000000000000000, 0.000000000000000000 ) ) ;
#6651 = CARTESIAN_POINT ( 'NONE',  ( 3.544115537424731954, -8.480277776934919132, 5.000000000000121680 ) ) ;
#6652 = ORIENTED_EDGE ( 'NONE', *, *, #2609, .F. ) ;
#6653 = CARTESIAN_POINT ( 'NONE',  ( 3.484135919074240917, -5.878986338647804288, 7.622430334956108666 ) ) ;
#6654 = EDGE_LOOP ( 'NONE', ( #6130, #7361 ) ) ;
#6655 = CARTESIAN_POINT ( 'NONE',  ( -2.546031784417535526, -6.341710652641940449, 4.999999999999995559 ) ) ;
#6656 = CARTESIAN_POINT ( 'NONE',  ( 2.978903736706413952, 6.151366235609028621, 7.928906461756011659 ) ) ;
#6657 = CYLINDRICAL_SURFACE ( 'NONE', #3276, 16.93527874010839795 ) ;
#6658 = DIRECTION ( 'NONE',  ( 0.000000000000000000, 0.000000000000000000, -1.000000000000000000 ) ) ;
#6659 = ORIENTED_EDGE ( 'NONE', *, *, #6010, .F. ) ;
#6660 = ORIENTED_EDGE ( 'NONE', *, *, #7404, .T. ) ;
#6661 = LINE ( 'NONE', #4477, #6722 ) ;
#6662 = DIRECTION ( 'NONE',  ( 0.000000000000000000, 0.000000000000000000, 1.000000000000000000 ) ) ;
#6663 = CARTESIAN_POINT ( 'NONE',  ( 3.654742853944094705, -9.091064693871084401, 4.999999960337834892 ) ) ;
#6664 = CYLINDRICAL_SURFACE ( 'NONE', #3148, 1.779502281109934136 ) ;
#6665 = EDGE_CURVE ( 'NONE', #6127, #2498, #7330, .T. ) ;
#6667 = ORIENTED_EDGE ( 'NONE', *, *, #3800, .T. ) ;
#6666 = FACE_OUTER_BOUND ( 'NONE', #5187, .T. ) ;
#6668 = ORIENTED_EDGE ( 'NONE', *, *, #6641, .T. ) ;
#6669 = ORIENTED_EDGE ( 'NONE', *, *, #4058, .T. ) ;
#6670 = VERTEX_POINT ( 'NONE', #6134 ) ;
#6671 = DIRECTION ( 'NONE',  ( 0.000000000000000000, 0.000000000000000000, -1.000000000000000000 ) ) ;
#6672 = DIRECTION ( 'NONE',  ( -1.000000000000000000, 0.000000000000000000, 0.000000000000000000 ) ) ;
#6673 = LINE ( 'NONE', #2807, #1192 ) ;
#6674 = ORIENTED_EDGE ( 'NONE', *, *, #2655, .F. ) ;
#6675 = CARTESIAN_POINT ( 'NONE',  ( -13.99609199792524095, -8.748350420181520093, -6.500000000000000888 ) ) ;
#6676 = CARTESIAN_POINT ( 'NONE',  ( -3.523474965741002052, 8.177994816272216028, 5.000060892511068111 ) ) ;
#6677 = EDGE_CURVE ( 'NONE', #5595, #6890, #5782, .T. ) ;
#6678 = AXIS2_PLACEMENT_3D ( 'NONE', #7144, #2685, #1383 ) ;
#6679 = CARTESIAN_POINT ( 'NONE',  ( -5.308586851871345047, -4.303310061480037696, 6.430872809947794977 ) ) ;
#6680 = ORIENTED_EDGE ( 'NONE', *, *, #3196, .T. ) ;
#6681 = DIRECTION ( 'NONE',  ( -0.000000000000000000, -0.000000000000000000, 1.000000000000000000 ) ) ;
#6682 = CARTESIAN_POINT ( 'NONE',  ( 3.578426074039332327, 8.724137506979889878, 5.000445368986987660 ) ) ;
#6683 = ORIENTED_EDGE ( 'NONE', *, *, #2935, .T. ) ;
#6684 = DIRECTION ( 'NONE',  ( 0.000000000000000000, 0.000000000000000000, -1.000000000000000000 ) ) ;
#6685 =( GEOMETRIC_REPRESENTATION_CONTEXT ( 3 ) GLOBAL_UNCERTAINTY_ASSIGNED_CONTEXT ( ( #7279 ) ) GLOBAL_UNIT_ASSIGNED_CONTEXT ( ( #6026, #4342, #3030 ) ) REPRESENTATION_CONTEXT ( 'NONE', 'WORKASPACE' ) );
#6686 = EDGE_CURVE ( 'NONE', #5967, #2906, #1326, .T. ) ;
#6687 = ORIENTED_EDGE ( 'NONE', *, *, #6117, .F. ) ;
#6688 = CARTESIAN_POINT ( 'NONE',  ( -3.535594222995016800, -8.383622431531698282, 5.000000000000000888 ) ) ;
#6689 = DIRECTION ( 'NONE',  ( 0.000000000000000000, 0.000000000000000000, -1.000000000000000000 ) ) ;
#6690 = ORIENTED_EDGE ( 'NONE', *, *, #1100, .T. ) ;
#6691 = CARTESIAN_POINT ( 'NONE',  ( -16.01177522894684913, 4.037313039457314900, 3.500000000000000000 ) ) ;
#6692 = CARTESIAN_POINT ( 'NONE',  ( 13.77196618806395811, -9.097096987693380044, 3.501999999999999780 ) ) ;
#6693 = ORIENTED_EDGE ( 'NONE', *, *, #5818, .F. ) ;
#6694 = CARTESIAN_POINT ( 'NONE',  ( -5.678104802178626009, -3.803164051948472402, 7.285624524481446151 ) ) ;
#6695 = DIRECTION ( 'NONE',  ( 0.000000000000000000, 0.000000000000000000, 1.000000000000000000 ) ) ;
#6696 = CYLINDRICAL_SURFACE ( 'NONE', #6202, 14.93707874011464298 ) ;
#6697 = DIRECTION ( 'NONE',  ( 1.000000000000000000, 0.000000000000000000, 0.000000000000000000 ) ) ;
#6698 = CARTESIAN_POINT ( 'NONE',  ( -7.341881662505683970, 3.568265625492943460, 5.000319081459906556 ) ) ;
#6699 = EDGE_CURVE ( 'NONE', #6247, #5676, #4096, .T. ) ;
#6700 = VERTEX_POINT ( 'NONE', #6953 ) ;
#6701 = ORIENTED_EDGE ( 'NONE', *, *, #6075, .F. ) ;
#6702 = CARTESIAN_POINT ( 'NONE',  ( 15.89384706209390252, -4.450825974518244799, -6.500000000000000888 ) ) ;
#6703 = ORIENTED_EDGE ( 'NONE', *, *, #2734, .T. ) ;
#6704 = CARTESIAN_POINT ( 'NONE',  ( -15.17612706764145081, -6.880352142754600386, 3.501999999999999780 ) ) ;
#6705 = DIRECTION ( 'NONE',  ( 0.8412535328311819827, -0.5406408174555963342, 0.000000000000000000 ) ) ;
#6706 = EDGE_CURVE ( 'NONE', #5971, #2868, #2553, .T. ) ;
#6707 = ORIENTED_EDGE ( 'NONE', *, *, #1013, .F. ) ;
#6708 = DIRECTION ( 'NONE',  ( 0.000000000000000000, 0.000000000000000000, 1.000000000000000000 ) ) ;
#6709 = CARTESIAN_POINT ( 'NONE',  ( -5.740295432247623175, 3.707920138123854237, 7.397816680478641160 ) ) ;
#6710 = AXIS2_PLACEMENT_3D ( 'NONE', #1677, #538, #5679 ) ;
#6711 = DIRECTION ( 'NONE',  ( 0.000000000000000000, 0.000000000000000000, -1.000000000000000000 ) ) ;
#6712 = EDGE_LOOP ( 'NONE', ( #1395, #4280, #2668, #866 ) ) ;
#6713 = CARTESIAN_POINT ( 'NONE',  ( -7.383982180606881052, 3.554563976611665232, 5.000000000000722977 ) ) ;
#6714 = CIRCLE ( 'NONE', #5533, 0.4300000000000015477 ) ;
#6715 = AXIS2_PLACEMENT_3D ( 'NONE', #4793, #3035, #7041 ) ;
#6716 = DIRECTION ( 'NONE',  ( 0.000000000000000000, 0.000000000000000000, 1.000000000000000000 ) ) ;
#6717 = VERTEX_POINT ( 'NONE', #1190 ) ;
#6718 = VECTOR ( 'NONE', #7122, 1000.000000000000000 ) ;
#6719 = CARTESIAN_POINT ( 'NONE',  ( 4.062068081278429332, -5.495458042368657203, 6.900555234689329964 ) ) ;
#6720 = ORIENTED_EDGE ( 'NONE', *, *, #3573, .F. ) ;
#6721 = EDGE_CURVE ( 'NONE', #162, #1832, #69, .T. ) ;
#6722 = VECTOR ( 'NONE', #3288, 1000.000000000000000 ) ;
#6723 = AXIS2_PLACEMENT_3D ( 'NONE', #859, #5870, #1969 ) ;
#6724 = B_SPLINE_CURVE_WITH_KNOTS ( 'NONE', 3,
 ( #3472, #556, #516, #2832, #2869, #6887, #1152, #7135, #145, #1849, #4208, #3015, #7095, #3657, #1299, #5424, #1373, #5313, #3693, #2457, #4814, #4246, #5350, #5937, #774, #5864, #6510, #7056, #2493, #3090, #4774, #6990, #4739, #1341, #4136, #4284, #700, #2569, #1959, #2982 ),
 .UNSPECIFIED., .F., .F.,
 ( 4, 1, 1, 2, 2, 1, 1, 2, 2, 2, 1, 1, 2, 2, 1, 1, 2, 2, 1, 2, 2, 1, 2, 2, 4 ),
 ( 0.000000000000000000, 0.06249999999999732159, 0.09374999999999558686, 0.1093749999999944211, 0.1249999999999932554, 0.1874999999999913125, 0.2187499999999898970, 0.2343749999999896194, 0.2499999999999893419, 0.3749999999999865663, 0.4374999999999852340, 0.4687499999999846789, 0.4843749999999849010, 0.4999999999999851230, 0.5624999999999861222, 0.5937499999999868994, 0.6093749999999873435, 0.6249999999999877875, 0.6874999999999897859, 0.7187499999999906741, 0.7499999999999914513, 0.8124999999999941158, 0.8437499999999954481, 0.8749999999999967804, 1.000000000000000000 ),
 .UNSPECIFIED. ) ;
#6725 = CARTESIAN_POINT ( 'NONE',  ( 5.950354501290529896, 3.367419971934454637, 7.732926773596969561 ) ) ;
#6726 = CIRCLE ( 'NONE', #3500, 4.479999999999999538 ) ;
#6727 = CARTESIAN_POINT ( 'NONE',  ( 16.48676971718949957, -2.416713196444784995, 3.501999999999999780 ) ) ;
#6728 = LINE ( 'NONE', #473, #7337 ) ;
#6729 = EDGE_CURVE ( 'NONE', #2967, #1619, #5066, .T. ) ;
#6730 = CARTESIAN_POINT ( 'NONE',  ( -3.533857191255128427, 5.851470600375300535, 7.590139390708239731 ) ) ;
#6731 = EDGE_LOOP ( 'NONE', ( #6167, #4616, #4884, #1199 ) ) ;
#6732 = CARTESIAN_POINT ( 'NONE',  ( -6.139862486068758507, -3.001201192216050639, 7.917923921118164898 ) ) ;
#6733 = AXIS2_PLACEMENT_3D ( 'NONE', #6796, #1600, #4504 ) ;
#6734 = CIRCLE ( 'NONE', #6966, 0.4299999999999995492 ) ;
#6735 = LINE ( 'NONE', #2613, #7077 ) ;
#6736 = DIRECTION ( 'NONE',  ( -1.000000000000000000, 0.000000000000000000, 0.000000000000000000 ) ) ;
#6737 = CARTESIAN_POINT ( 'NONE',  ( 15.13807291325679927, 6.963679117709859590, -6.500000000000000888 ) ) ;
#6738 = AXIS2_PLACEMENT_3D ( 'NONE', #3530, #4600, #6451 ) ;
#6739 = ADVANCED_FACE ( 'NONE', ( #1777 ), #5278, .T. ) ;
#6740 = CARTESIAN_POINT ( 'NONE',  ( 5.766191542190348684, 3.667519542552156953, 7.442930704317981316 ) ) ;
#6741 = VERTEX_POINT ( 'NONE', #2337 ) ;
#6742 = DIRECTION ( 'NONE',  ( 0.000000000000000000, 0.000000000000000000, -1.000000000000000000 ) ) ;
#6743 = ORIENTED_EDGE ( 'NONE', *, *, #4056, .T. ) ;
#6744 = AXIS2_PLACEMENT_3D ( 'NONE', #1814, #2834, #1695 ) ;
#6745 = CARTESIAN_POINT ( 'NONE',  ( -3.684973937830227086, -5.755055314403992206, 7.423707375553560972 ) ) ;
#6746 = ORIENTED_EDGE ( 'NONE', *, *, #5570, .T. ) ;
#6747 = CARTESIAN_POINT ( 'NONE',  ( -16.18808125472152426, 4.974906159487153978, -6.500000000000000888 ) ) ;
#6748 = AXIS2_PLACEMENT_3D ( 'NONE', #7097, #4210, #219 ) ;
#6749 = ORIENTED_EDGE ( 'NONE', *, *, #3158, .F. ) ;
#6750 = LINE ( 'NONE', #1594, #1514 ) ;
#6751 = CARTESIAN_POINT ( 'NONE',  ( -3.522777083432519163, 8.159881817428463080, 5.000073503776010675 ) ) ;
#6752 = AXIS2_PLACEMENT_3D ( 'NONE', #5087, #5693, #1694 ) ;
#6753 = EDGE_CURVE ( 'NONE', #5698, #3281, #3860, .T. ) ;
#6754 = AXIS2_PLACEMENT_3D ( 'NONE', #2616, #7146, #6060 ) ;
#6755 = CARTESIAN_POINT ( 'NONE',  ( 3.532559903549458813, 7.660915398240214280, 5.000278980647424376 ) ) ;
#6756 = ORIENTED_EDGE ( 'NONE', *, *, #551, .F. ) ;
#6757 = DIRECTION ( 'NONE',  ( 0.000000000000000000, 0.000000000000000000, 1.000000000000000000 ) ) ;
#6758 = EDGE_CURVE ( 'NONE', #2268, #3662, #719, .T. ) ;
#6759 = CARTESIAN_POINT ( 'NONE',  ( 10.14999999999999858, 8.000000000000000000, -49.92880413360069980 ) ) ;
#6760 = CYLINDRICAL_SURFACE ( 'NONE', #6733, 1.779502281109935025 ) ;
#6761 = CIRCLE ( 'NONE', #2556, 1.779502281109929251 ) ;
#6762 = CARTESIAN_POINT ( 'NONE',  ( -2.587696955795833809, -6.327371828408033139, 5.371491857462839192 ) ) ;
#6763 = DIRECTION ( 'NONE',  ( -1.000000000000000000, 0.000000000000000000, 0.000000000000000000 ) ) ;
#6764 = DIRECTION ( 'NONE',  ( -1.000000000000000000, 0.000000000000000000, 0.000000000000000000 ) ) ;
#6765 = DIRECTION ( 'NONE',  ( -1.000000000000000000, 0.000000000000000000, 0.000000000000000000 ) ) ;
#6767 = CARTESIAN_POINT ( 'NONE',  ( 7.762353061012129629, 12.76174738209454063, 3.500000000000000000 ) ) ;
#6766 = DIRECTION ( 'NONE',  ( -1.000000000000000000, 0.000000000000000000, 0.000000000000000000 ) ) ;
#6768 = CARTESIAN_POINT ( 'NONE',  ( -6.063704026645266865, -3.151390352282554819, 7.849106228263249996 ) ) ;
#6769 = ORIENTED_EDGE ( 'NONE', *, *, #6168, .F. ) ;
#6770 = EDGE_CURVE ( 'NONE', #427, #2651, #4823, .T. ) ;
#6771 = AXIS2_PLACEMENT_3D ( 'NONE', #3263, #4497, #6829 ) ;
#6772 = AXIS2_PLACEMENT_3D ( 'NONE', #1295, #2599, #2522 ) ;
#6773 = CARTESIAN_POINT ( 'NONE',  ( -4.832161620284266768, -4.832161620284268544, 5.000000000000000000 ) ) ;
#6774 = CARTESIAN_POINT ( 'NONE',  ( -8.000000000000000000, -8.000000000000000000, 2.669999999999999929 ) ) ;
#6775 = CYLINDRICAL_SURFACE ( 'NONE', #6141, 1.779502281109935025 ) ;
#6776 = CARTESIAN_POINT ( 'NONE',  ( 5.533557815827614412, 4.009910978590526476, 6.986511609576115944 ) ) ;
#6777 = ORIENTED_EDGE ( 'NONE', *, *, #4612, .T. ) ;
#6778 = VERTEX_POINT ( 'NONE', #1118 ) ;
#6779 = DIRECTION ( 'NONE',  ( 0.000000000000000000, 0.000000000000000000, -1.000000000000000000 ) ) ;
#6780 = ORIENTED_EDGE ( 'NONE', *, *, #2270, .F. ) ;
#6781 = EDGE_CURVE ( 'NONE', #5288, #2862, #7402, .T. ) ;
#6782 = CARTESIAN_POINT ( 'NONE',  ( -15.17612706764145081, -6.880352142754600386, -6.500000000000000888 ) ) ;
#6783 = CARTESIAN_POINT ( 'NONE',  ( -11.52715317416693885, -9.499529514007209130, 3.501999999999999780 ) ) ;
#6784 = CARTESIAN_POINT ( 'NONE',  ( 16.48676971718949957, 2.416713196444790324, -6.500000000000000888 ) ) ;
#6785 =( BOUNDED_CURVE ( )  B_SPLINE_CURVE ( 2, ( #905, #3924, #348 ),
 .UNSPECIFIED., .F., .T. ) 
 B_SPLINE_CURVE_WITH_KNOTS ( ( 3, 3 ),
 ( 0.000000000000000000, 1.000000000000000000 ),
 .UNSPECIFIED. ) 
 CURVE ( )  GEOMETRIC_REPRESENTATION_ITEM ( )  RATIONAL_B_SPLINE_CURVE ( ( 1.000000000000000000, 0.9155493925638841235, 1.000000000000000000 ) ) 
 REPRESENTATION_ITEM ( '' )  );
#6786 = VERTEX_POINT ( 'NONE', #4554 ) ;
#6787 = CARTESIAN_POINT ( 'NONE',  ( -13.73654921516310168, -5.867157484472600437, 3.501999999999999780 ) ) ;
#6788 = CARTESIAN_POINT ( 'NONE',  ( -3.519859447339550140, 8.000026333324143479, 5.000046857320630700 ) ) ;
#6789 = AXIS2_PLACEMENT_3D ( 'NONE', #916, #4276, #3232 ) ;
#6790 = FACE_OUTER_BOUND ( 'NONE', #3045, .T. ) ;
#6791 = ORIENTED_EDGE ( 'NONE', *, *, #4190, .T. ) ;
#6792 = CYLINDRICAL_SURFACE ( 'NONE', #773, 14.93707874011463410 ) ;
#6793 = ADVANCED_FACE ( 'NONE', ( #4063 ), #2380, .F. ) ;
#6794 = CARTESIAN_POINT ( 'NONE',  ( -6.505213034913029562E-16, 1.058181320345851949E-13, 3.500000000000000000 ) ) ;
#6795 = EDGE_CURVE ( 'NONE', #7350, #772, #128, .T. ) ;
#6796 = CARTESIAN_POINT ( 'NONE',  ( 9.047171303507051121, 13.99295429087460008, 3.501999999999999780 ) ) ;
#6797 = ORIENTED_EDGE ( 'NONE', *, *, #6303, .F. ) ;
#6798 = CIRCLE ( 'NONE', #4519, 1.779502281109935247 ) ;
#6799 = DIRECTION ( 'NONE',  ( 0.000000000000000000, 0.000000000000000000, 1.000000000000000000 ) ) ;
#6800 = EDGE_CURVE ( 'NONE', #5158, #3297, #1696, .T. ) ;
#6801 = CARTESIAN_POINT ( 'NONE',  ( -16.50397716163979922, 0.2072779215191954960, 3.501999999999999780 ) ) ;
#6802 = CARTESIAN_POINT ( 'NONE',  ( 16.30791787812275118, -4.566780100418109889, 3.500000000000000000 ) ) ;
#6803 = ORIENTED_EDGE ( 'NONE', *, *, #966, .T. ) ;
#6804 = CARTESIAN_POINT ( 'NONE',  ( -3.167537550768689147, 6.130629408601527608, 5.723627935646897313 ) ) ;
#6805 = CIRCLE ( 'NONE', #3580, 0.4300000000000050449 ) ;
#6807 = ORIENTED_EDGE ( 'NONE', *, *, #1796, .T. ) ;
#6806 = CYLINDRICAL_SURFACE ( 'NONE', #5143, 16.93527874010839795 ) ;
#6808 = DIRECTION ( 'NONE',  ( -0.7071067811865480168, 8.659560562354939021E-17, 0.7071067811865470176 ) ) ;
#6809 = DIRECTION ( 'NONE',  ( 0.000000000000000000, 0.000000000000000000, -1.000000000000000000 ) ) ;
#6810 = ADVANCED_FACE ( 'NONE', ( #2414 ), #4234, .F. ) ;
#6811 = CARTESIAN_POINT ( 'NONE',  ( 10.32400093086860338, 12.88766260189612112, -6.500000000000000888 ) ) ;
#6812 = ORIENTED_EDGE ( 'NONE', *, *, #689, .T. ) ;
#6813 = DIRECTION ( 'NONE',  ( 0.000000000000000000, 0.000000000000000000, -1.000000000000000000 ) ) ;
#6814 = EDGE_CURVE ( 'NONE', #1544, #2868, #6512, .T. ) ;
#6815 = CARTESIAN_POINT ( 'NONE',  ( 5.927496713301597886, 3.400663892363232854, 7.689714757468287587 ) ) ;
#6816 = EDGE_CURVE ( 'NONE', #7074, #5620, #1961, .T. ) ;
#6817 = ORIENTED_EDGE ( 'NONE', *, *, #2767, .T. ) ;
#6818 = ORIENTED_EDGE ( 'NONE', *, *, #6706, .T. ) ;
#6819 = CARTESIAN_POINT ( 'NONE',  ( 7.163707124529369530, 3.598610081167189279, 5.000021986667276153 ) ) ;
#6820 = EDGE_LOOP ( 'NONE', ( #6963, #6780, #5593 ) ) ;
#6821 = CARTESIAN_POINT ( 'NONE',  ( -8.334974708073280780, -3.532315407445567601, 5.000009243113634483 ) ) ;
#6822 = ADVANCED_FACE ( 'NONE', ( #4174 ), #5383, .T. ) ;
#6823 = DIRECTION ( 'NONE',  ( 0.000000000000000000, 0.000000000000000000, -1.000000000000000000 ) ) ;
#6824 = EDGE_CURVE ( 'NONE', #4891, #40, #13, .T. ) ;
#6825 = CARTESIAN_POINT ( 'NONE',  ( -14.83309173315053897, -1.759463248875128505, -6.500000000000000888 ) ) ;
#6826 = EDGE_LOOP ( 'NONE', ( #7055, #2991, #7182, #1863 ) ) ;
#6827 = ADVANCED_FACE ( 'NONE', ( #7059 ), #1852, .T. ) ;
#6828 = DIRECTION ( 'NONE',  ( 1.000000000000000000, 0.000000000000000000, 0.000000000000000000 ) ) ;
#6829 = DIRECTION ( 'NONE',  ( -1.000000000000000000, 0.000000000000000000, 0.000000000000000000 ) ) ;
#6830 = DIRECTION ( 'NONE',  ( -0.000000000000000000, -0.000000000000000000, 1.000000000000000000 ) ) ;
#6831 = ORIENTED_EDGE ( 'NONE', *, *, #3147, .T. ) ;
#6832 = DIRECTION ( 'NONE',  ( 0.000000000000000000, 0.000000000000000000, 1.000000000000000000 ) ) ;
#6833 = CARTESIAN_POINT ( 'NONE',  ( -5.594070004404390837E-12, -2.552103961480460178E-12, 3.500000000000000000 ) ) ;
#6834 = CYLINDRICAL_SURFACE ( 'NONE', #1557, 1.779502281109934136 ) ;
#6835 = B_SPLINE_CURVE_WITH_KNOTS ( 'NONE', 3,
 ( #2474, #1902, #7116, #1983, #1433, #3748, #757, #6030, #3258, #454, #4526, #6066, #1052, #2164, #5558, #5097, #4949, #6214, #4453, #2806, #6745, #389, #7340, #983, #1590, #3892, #1509, #7297, #2728, #5596, #6184, #419, #2658, #939, #1019, #7230, #7379, #3820, #5666, #2766 ),
 .UNSPECIFIED., .F., .F.,
 ( 4, 1, 1, 2, 2, 1, 1, 2, 2, 2, 1, 1, 2, 2, 1, 1, 2, 2, 1, 2, 2, 1, 2, 2, 4 ),
 ( 0.000000000000000000, 0.06250000000000194289, 0.09375000000000319189, 0.1093750000000041078, 0.1250000000000050238, 0.1875000000000073275, 0.2187500000000080769, 0.2343750000000088263, 0.2500000000000095479, 0.3750000000000150435, 0.4375000000000181521, 0.4687500000000195954, 0.4843750000000202616, 0.5000000000000209832, 0.5625000000000219824, 0.5937500000000222045, 0.6093750000000217604, 0.6250000000000212053, 0.6875000000000182077, 0.7187500000000168754, 0.7500000000000155431, 0.8125000000000121014, 0.8437500000000103251, 0.8750000000000085487, 1.000000000000000000 ),
 .UNSPECIFIED. ) ;
#6836 = FACE_OUTER_BOUND ( 'NONE', #7442, .T. ) ;
#6837 = DIRECTION ( 'NONE',  ( 0.000000000000000000, 0.000000000000000000, 1.000000000000000000 ) ) ;
#6838 = ORIENTED_EDGE ( 'NONE', *, *, #6017, .T. ) ;
#6839 = CARTESIAN_POINT ( 'NONE',  ( 11.28722625627398024, 12.05302310628198015, 3.501999999999999780 ) ) ;
#6840 = VERTEX_POINT ( 'NONE', #7025 ) ;
#6841 = CYLINDRICAL_SURFACE ( 'NONE', #6412, 16.93527874010839795 ) ;
#6842 = AXIS2_PLACEMENT_3D ( 'NONE', #5145, #7309, #7420 ) ;
#6844 = CARTESIAN_POINT ( 'NONE',  ( 8.738483235017813655, -3.580772346302689257, 5.000494492618527964 ) ) ;
#6843 = FACE_OUTER_BOUND ( 'NONE', #2999, .T. ) ;
#6845 = CARTESIAN_POINT ( 'NONE',  ( 4.832161620284269432, 4.832161620284269432, 5.000000000000000000 ) ) ;
#6846 = CIRCLE ( 'NONE', #4437, 0.4300000000000000488 ) ;
#6847 = AXIS2_PLACEMENT_3D ( 'NONE', #4973, #7255, #2122 ) ;
#6848 = CARTESIAN_POINT ( 'NONE',  ( -3.556630436252099070, 7.423966320358243109, 5.000436793950709280 ) ) ;
#6849 = DIRECTION ( 'NONE',  ( 0.000000000000000000, 0.000000000000000000, -1.000000000000000000 ) ) ;
#6850 = DIRECTION ( 'NONE',  ( 0.000000000000000000, 0.000000000000000000, 1.000000000000000000 ) ) ;
#6851 = CARTESIAN_POINT ( 'NONE',  ( 6.063704026648801815, 3.151390352275756701, 7.849106228266307106 ) ) ;
#6852 = AXIS2_PLACEMENT_3D ( 'NONE', #2054, #6742, #7295 ) ;
#6853 = ORIENTED_EDGE ( 'NONE', *, *, #318, .F. ) ;
#6854 = AXIS2_PLACEMENT_3D ( 'NONE', #51, #4725, #5294 ) ;
#6855 = CARTESIAN_POINT ( 'NONE',  ( 8.092604106704314404, 3.520848301594777574, 5.000108740215677194 ) ) ;
#6856 = EDGE_CURVE ( 'NONE', #6670, #2234, #2423, .T. ) ;
#6857 = VERTEX_POINT ( 'NONE', #4776 ) ;
#6858 = AXIS2_PLACEMENT_3D ( 'NONE', #4274, #766, #6501 ) ;
#6859 = CIRCLE ( 'NONE', #4212, 2.149999999999999023 ) ;
#6860 = AXIS2_PLACEMENT_3D ( 'NONE', #6893, #1238, #2347 ) ;
#6861 = CARTESIAN_POINT ( 'NONE',  ( -8.669999622930999905, -3.570180048565712916, 5.000197028530266152 ) ) ;
#6862 = DIRECTION ( 'NONE',  ( 0.000000000000000000, 0.000000000000000000, -1.000000000000000000 ) ) ;
#6863 = CARTESIAN_POINT ( 'NONE',  ( -5.177050413809056728, 4.487272826759476807, 5.000000000000127898 ) ) ;
#6864 = ORIENTED_EDGE ( 'NONE', *, *, #6816, .T. ) ;
#6865 = DIRECTION ( 'NONE',  ( -1.000000000000000000, 0.000000000000000000, 0.000000000000000000 ) ) ;
#6866 = CARTESIAN_POINT ( 'NONE',  ( 3.676087340976735174, 6.775413943012902784, 5.000000013345315075 ) ) ;
#6867 = VECTOR ( 'NONE', #5352, 1000.000000000000000 ) ;
#6868 = EDGE_CURVE ( 'NONE', #2432, #2881, #1301, .T. ) ;
#6869 = ADVANCED_FACE ( 'NONE', ( #3623 ), #1921, .T. ) ;
#6870 = CARTESIAN_POINT ( 'NONE',  ( 8.970108147836150181, -14.04247977380171974, -6.500000000000000888 ) ) ;
#6871 = CIRCLE ( 'NONE', #5195, 1.779502281109934803 ) ;
#6872 = CARTESIAN_POINT ( 'NONE',  ( -8.952783259358911394, 3.622101512741767948, 5.000376932700796750 ) ) ;
#6873 = ORIENTED_EDGE ( 'NONE', *, *, #7070, .T. ) ;
#6874 = DIRECTION ( 'NONE',  ( 0.000000000000000000, 0.000000000000000000, -1.000000000000000000 ) ) ;
#6875 = DIRECTION ( 'NONE',  ( 0.000000000000000000, 0.000000000000000000, 1.000000000000000000 ) ) ;
#6876 = FACE_OUTER_BOUND ( 'NONE', #1366, .T. ) ;
#6877 =( GEOMETRIC_REPRESENTATION_CONTEXT ( 3 ) GLOBAL_UNCERTAINTY_ASSIGNED_CONTEXT ( ( #1564 ) ) GLOBAL_UNIT_ASSIGNED_CONTEXT ( ( #2402, #4167, #3684 ) ) REPRESENTATION_CONTEXT ( 'NONE', 'WORKASPACE' ) );
#6878 = EDGE_CURVE ( 'NONE', #6857, #764, #4348, .T. ) ;
#6879 = CYLINDRICAL_SURFACE ( 'NONE', #5052, 16.93527874010839795 ) ;
#6880 = DIRECTION ( 'NONE',  ( 0.000000000000000000, 0.000000000000000000, 1.000000000000000000 ) ) ;
#6881 = CARTESIAN_POINT ( 'NONE',  ( -7.434285267090300131, 14.74477009411852002, 3.500000000000000000 ) ) ;
#6882 = ORIENTED_EDGE ( 'NONE', *, *, #4085, .T. ) ;
#6883 = CARTESIAN_POINT ( 'NONE',  ( -2.978903736704450633, 6.151366235609970978, 7.928906461756745294 ) ) ;
#6885 = DIRECTION ( 'NONE',  ( -0.4154150130018873233, -0.9096319953545181081, 0.000000000000000000 ) ) ;
#6884 = CARTESIAN_POINT ( 'NONE',  ( -2.924641591447072031, 6.176509724033303783, 7.943337455076183495 ) ) ;
#6886 = DIRECTION ( 'NONE',  ( 0.000000000000000000, 0.000000000000000000, -1.000000000000000000 ) ) ;
#6887 = CARTESIAN_POINT ( 'NONE',  ( 4.190367717628625144, 5.398187736637123812, 6.664917907752641035 ) ) ;
#6888 = CARTESIAN_POINT ( 'NONE',  ( -4.405907965421217654, 5.225417713900139205, 6.207262738540330282 ) ) ;
#6889 = CARTESIAN_POINT ( 'NONE',  ( 5.990063879820718640, 3.289874185252332328, 7.770147734761975400 ) ) ;
#6890 = VERTEX_POINT ( 'NONE', #147 ) ;
#6891 = CARTESIAN_POINT ( 'NONE',  ( 7.587550819481738706, 3.538603098663542390, 5.000396460702277501 ) ) ;
#6892 = CARTESIAN_POINT ( 'NONE',  ( -8.092604107868941909, -3.520848301617622855, 5.000108740216830050 ) ) ;
#6893 = CARTESIAN_POINT ( 'NONE',  ( -6.667453257840979752, -15.09865203729069805, -6.500000000000000888 ) ) ;
#6894 = CARTESIAN_POINT ( 'NONE',  ( -4.911170619403717019, 4.753152621164816516, 5.245541283978917946 ) ) ;
#6895 = ORIENTED_EDGE ( 'NONE', *, *, #2511, .T. ) ;
#6896 = CARTESIAN_POINT ( 'NONE',  ( 16.01177522894684913, 4.037313039457320230, 3.500000000000000000 ) ) ;
#6897 = ORIENTED_EDGE ( 'NONE', *, *, #2874, .T. ) ;
#6898 = CARTESIAN_POINT ( 'NONE',  ( -3.616378888861540464, 8.926539434994108291, 5.000452632648110907 ) ) ;
#6899 = ORIENTED_EDGE ( 'NONE', *, *, #924, .T. ) ;
#6900 = LINE ( 'NONE', #1755, #6611 ) ;
#6901 = EDGE_CURVE ( 'NONE', #4010, #2136, #5789, .T. ) ;
#6902 = ORIENTED_EDGE ( 'NONE', *, *, #331, .F. ) ;
#6903 = EDGE_CURVE ( 'NONE', #3962, #1923, #2435, .T. ) ;
#6904 = DIRECTION ( 'NONE',  ( 0.000000000000000000, 0.000000000000000000, -1.000000000000000000 ) ) ;
#6905 = CARTESIAN_POINT ( 'NONE',  ( -14.83309173315054075, 1.759463248875125174, 3.501999999999999780 ) ) ;
#6906 = DIRECTION ( 'NONE',  ( 0.1423148382732849493, 0.9898214418809327952, 0.000000000000000000 ) ) ;
#6907 = VERTEX_POINT ( 'NONE', #5974 ) ;
#6908 = CIRCLE ( 'NONE', #2356, 0.4300000000000001599 ) ;
#6909 = CARTESIAN_POINT ( 'NONE',  ( 4.561424929357681179, -14.22356227891014058, 3.500000000000000000 ) ) ;
#6910 = DIRECTION ( 'NONE',  ( -0.9594929736144977017, -0.2817325568414285608, 0.000000000000000000 ) ) ;
#6911 = DIRECTION ( 'NONE',  ( -1.000000000000000000, 0.000000000000000000, 0.000000000000000000 ) ) ;
#6912 = ORIENTED_EDGE ( 'NONE', *, *, #1298, .F. ) ;
#6913 = CARTESIAN_POINT ( 'NONE',  ( 5.940952272452319605, -3.523220616535228000, 5.577365042559611297 ) ) ;
#6915 = DIRECTION ( 'NONE',  ( 0.000000000000000000, 0.000000000000000000, -1.000000000000000000 ) ) ;
#6914 = CARTESIAN_POINT ( 'NONE',  ( -2.819146377773741996, 6.225180055991861749, 7.970468809699290169 ) ) ;
#6916 = EDGE_CURVE ( 'NONE', #1832, #3763, #1087, .T. ) ;
#6917 = CARTESIAN_POINT ( 'NONE',  ( 13.73654921516310168, -5.867157484472600437, 3.500000000000000000 ) ) ;
#6918 = CARTESIAN_POINT ( 'NONE',  ( -3.522272004598653528, 7.857321505436918763, 4.999999863500431019 ) ) ;
#6919 = DIRECTION ( 'NONE',  ( 0.000000000000000000, 0.000000000000000000, 1.000000000000000000 ) ) ;
#6920 = CARTESIAN_POINT ( 'NONE',  ( -8.000000000000000000, -8.000000000000000000, -7.500000000000000888 ) ) ;
#6921 = CARTESIAN_POINT ( 'NONE',  ( 3.573608420108128847, -7.307280337209764554, 5.000256043417206087 ) ) ;
#6922 = CIRCLE ( 'NONE', #3452, 1.779502281109932804 ) ;
#6923 = ORIENTED_EDGE ( 'NONE', *, *, #5722, .T. ) ;
#6924 = CARTESIAN_POINT ( 'NONE',  ( 7.307101371712766635, 3.573647083085287779, 5.000255420362680780 ) ) ;
#6925 = EDGE_LOOP ( 'NONE', ( #7185, #6360, #5855, #395 ) ) ;
#6926 = AXIS2_PLACEMENT_3D ( 'NONE', #5917, #5362, #4224 ) ;
#6927 = CARTESIAN_POINT ( 'NONE',  ( -8.449874383119269083, -3.542582103881339872, 5.000044692609186825 ) ) ;
#6928 = CARTESIAN_POINT ( 'NONE',  ( 5.625412512689302424, 3.954025273178056299, 5.451545729063255408 ) ) ;
#6930 = EDGE_CURVE ( 'NONE', #5575, #2112, #5316, .T. ) ;
#6929 = CARTESIAN_POINT ( 'NONE',  ( -10.92864321246266712, -12.93709486476244130, -6.500000000000000888 ) ) ;
#6931 = CARTESIAN_POINT ( 'NONE',  ( -9.939567796041161414E-16, -1.084202172485504040E-15, 8.000000000000000000 ) ) ;
#6932 = ORIENTED_EDGE ( 'NONE', *, *, #6588, .T. ) ;
#6933 = CARTESIAN_POINT ( 'NONE',  ( -2.976856263906688671, 7.414817519459840689, 5.600999472805474610 ) ) ;
#6934 = DIRECTION ( 'NONE',  ( 1.000000000000000000, 0.000000000000000000, 0.000000000000000000 ) ) ;
#6935 = DIRECTION ( 'NONE',  ( 0.000000000000000000, 0.000000000000000000, 1.000000000000000000 ) ) ;
#6936 = ORIENTED_EDGE ( 'NONE', *, *, #6559, .F. ) ;
#6937 = CARTESIAN_POINT ( 'NONE',  ( -1.717505811864572740, 16.42336799645854839, -6.500000000000000888 ) ) ;
#6938 = CARTESIAN_POINT ( 'NONE',  ( -3.644888202023450319, -9.052653734909748451, 5.000086850334444222 ) ) ;
#6939 = CARTESIAN_POINT ( 'NONE',  ( -5.594070004404390837E-12, -2.552103961480460178E-12, -6.500000000000000888 ) ) ;
#6940 = DIRECTION ( 'NONE',  ( 0.9594929736144973687, 0.2817325568414295600, 0.000000000000000000 ) ) ;
#6941 = CARTESIAN_POINT ( 'NONE',  ( 8.000000000000000000, 8.000000000000000000, 2.669999999999999929 ) ) ;
#6942 = ORIENTED_EDGE ( 'NONE', *, *, #2120, .F. ) ;
#6943 = CARTESIAN_POINT ( 'NONE',  ( 6.338363920113693872, -2.554367942891357046, 5.256164510755807484 ) ) ;
#6945 = CARTESIAN_POINT ( 'NONE',  ( 7.317293147531157338, -3.572042449108696172, 5.000274833340923486 ) ) ;
#6944 = CARTESIAN_POINT ( 'NONE',  ( -4.220324493231419005, 5.375033553632871275, 6.606867189338540669 ) ) ;
#6946 = DIRECTION ( 'NONE',  ( 0.000000000000000000, 0.000000000000000000, -1.000000000000000000 ) ) ;
#6947 = EDGE_CURVE ( 'NONE', #111, #614, #1577, .T. ) ;
#6948 = ORIENTED_EDGE ( 'NONE', *, *, #5849, .T. ) ;
#6949 = EDGE_CURVE ( 'NONE', #5516, #4606, #5569, .T. ) ;
#6950 = EDGE_CURVE ( 'NONE', #5019, #1403, #4707, .T. ) ;
#6951 = CARTESIAN_POINT ( 'NONE',  ( -3.527053887486438555, 7.744673691697700590, 5.000125035621116432 ) ) ;
#6952 = DIRECTION ( 'NONE',  ( -0.000000000000000000, -0.000000000000000000, 1.000000000000000000 ) ) ;
#6953 = CARTESIAN_POINT ( 'NONE',  ( -11.52715317416693885, 9.499529514007209130, 3.500000000000000000 ) ) ;
#6954 = LINE ( 'NONE', #632, #3036 ) ;
#6955 = VERTEX_POINT ( 'NONE', #4895 ) ;
#6956 = CARTESIAN_POINT ( 'NONE',  ( 8.511619334879796384, 3.549277120253354845, 5.000028602927798715 ) ) ;
#6957 = AXIS2_PLACEMENT_3D ( 'NONE', #4178, #4715, #3631 ) ;
#6958 = VERTEX_POINT ( 'NONE', #4138 ) ;
#6959 = AXIS2_PLACEMENT_3D ( 'NONE', #1350, #3596, #1927 ) ;
#6960 = EDGE_CURVE ( 'NONE', #7406, #1459, #2150, .T. ) ;
#6961 = CARTESIAN_POINT ( 'NONE',  ( -7.139586920036258277, -3.603366611578164402, 4.999999999999999112 ) ) ;
#6962 = CARTESIAN_POINT ( 'NONE',  ( 7.122720478993622706, 3.606734626496728158, 5.000000000000000000 ) ) ;
#6963 = ORIENTED_EDGE ( 'NONE', *, *, #5722, .F. ) ;
#6964 = AXIS2_PLACEMENT_3D ( 'NONE', #7186, #4412, #4488 ) ;
#6965 = CARTESIAN_POINT ( 'NONE',  ( -2.553928971772969625, -16.30649174702565318, -6.500000000000000888 ) ) ;
#6966 = AXIS2_PLACEMENT_3D ( 'NONE', #3389, #6229, #3461 ) ;
#6967 = CARTESIAN_POINT ( 'NONE',  ( 3.527398284916466675, -8.258142572992897001, 5.000011494421639391 ) ) ;
#6968 = ORIENTED_EDGE ( 'NONE', *, *, #6995, .T. ) ;
#6969 = CARTESIAN_POINT ( 'NONE',  ( -3.371182587212552928, 8.397013994944142468, 5.078081969995061229 ) ) ;
#6970 = CARTESIAN_POINT ( 'NONE',  ( -3.563273119091189489, 8.621744419009560900, 5.000062080284658705 ) ) ;
#6971 = AXIS2_PLACEMENT_3D ( 'NONE', #4133, #2488, #100 ) ;
#6972 = CIRCLE ( 'NONE', #5060, 0.4299999999999996603 ) ;
#6973 = ADVANCED_FACE ( 'NONE', ( #7285 ), #887, .T. ) ;
#6974 = DIRECTION ( 'NONE',  ( -0.000000000000000000, -0.000000000000000000, 1.000000000000000000 ) ) ;
#6975 = AXIS2_PLACEMENT_3D ( 'NONE', #6290, #3950, #1154 ) ;
#6976 = EDGE_LOOP ( 'NONE', ( #1016, #3433, #5054, #4314 ) ) ;
#6977 = CARTESIAN_POINT ( 'NONE',  ( -6.249433987875083751, 2.767263787271796449, 7.985184621004861150 ) ) ;
#6978 = CARTESIAN_POINT ( 'NONE',  ( -3.524360468432428117, -8.199109091472449151, 5.000051519008938072 ) ) ;
#6979 = CARTESIAN_POINT ( 'NONE',  ( 5.750656211707578791, -3.691831054495363418, 7.416031389402980345 ) ) ;
#6980 = AXIS2_PLACEMENT_3D ( 'NONE', #6578, #5866, #6545 ) ;
#6981 = B_SPLINE_CURVE_WITH_KNOTS ( 'NONE', 3,
 ( #6469, #3614, #730, #7240 ),
 .UNSPECIFIED., .F., .F.,
 ( 4, 4 ),
 ( 0.002681209170519678175, 0.004275213244551953271 ),
 .UNSPECIFIED. ) ;
#6982 = CIRCLE ( 'NONE', #3753, 1.779502281109935691 ) ;
#6983 = CARTESIAN_POINT ( 'NONE',  ( -8.000000000000000000, 8.000000000000000000, 2.669999999999999929 ) ) ;
#6984 = ORIENTED_EDGE ( 'NONE', *, *, #1871, .T. ) ;
#6985 = CARTESIAN_POINT ( 'NONE',  ( 6.292243220303761042, -2.699210240646938708, 5.595749671970712491 ) ) ;
#6987 = CARTESIAN_POINT ( 'NONE',  ( -5.482144256571958252, 4.079957430273593033, 6.869402047487181306 ) ) ;
#6986 = DIRECTION ( 'NONE',  ( -1.000000000000000000, 0.000000000000000000, 0.000000000000000000 ) ) ;
#6988 = CARTESIAN_POINT ( 'NONE',  ( 6.841155559148059950, 15.49200621677865009, 3.500000000000000000 ) ) ;
#6989 = CIRCLE ( 'NONE', #3757, 6.833708498984764290 ) ;
#6990 = CARTESIAN_POINT ( 'NONE',  ( 3.200864361053733287, 6.037782558977338176, 7.822668883033990994 ) ) ;
#6991 = CARTESIAN_POINT ( 'NONE',  ( 4.832161620284265879, -4.832161620284268544, 5.000000000000000000 ) ) ;
#6992 = DIRECTION ( 'NONE',  ( 1.000000000000000000, 0.000000000000000000, 0.000000000000000000 ) ) ;
#6993 = DIRECTION ( 'NONE',  ( 0.000000000000000000, 0.000000000000000000, -1.000000000000000000 ) ) ;
#6994 = VERTEX_POINT ( 'NONE', #6086 ) ;
#6995 = EDGE_CURVE ( 'NONE', #3600, #3322, #3152, .T. ) ;
#6996 = LINE ( 'NONE', #5869, #3012 ) ;
#6997 = FACE_OUTER_BOUND ( 'NONE', #6654, .T. ) ;
#6998 = CARTESIAN_POINT ( 'NONE',  ( 6.775413943029332309, -3.676087340972005624, 5.000000013345355931 ) ) ;
#6999 = DIRECTION ( 'NONE',  ( 0.000000000000000000, 0.000000000000000000, 1.000000000000000000 ) ) ;
#7001 = CYLINDRICAL_SURFACE ( 'NONE', #7157, 2.149999999999999023 ) ;
#7000 = CARTESIAN_POINT ( 'NONE',  ( 14.36072198411765832, 8.976264818957279346, 3.500000000000000000 ) ) ;
#7002 = ORIENTED_EDGE ( 'NONE', *, *, #4852, .F. ) ;
#7003 = CARTESIAN_POINT ( 'NONE',  ( 2.620464622285425094, 16.73131289434634894, 3.500000000000000000 ) ) ;
#7004 = DIRECTION ( 'NONE',  ( -1.000000000000000000, 0.000000000000000000, 0.000000000000000000 ) ) ;
#7005 = EDGE_CURVE ( 'NONE', #6047, #4031, #6396, .T. ) ;
#7006 = ORIENTED_EDGE ( 'NONE', *, *, #1871, .F. ) ;
#7007 = DIRECTION ( 'NONE',  ( -1.000000000000000000, 0.000000000000000000, 0.000000000000000000 ) ) ;
#7008 = VECTOR ( 'NONE', #5330, 1000.000000000000000 ) ;
#7009 = ADVANCED_FACE ( 'NONE', ( #6198 ), #6657, .T. ) ;
#7010 = ORIENTED_EDGE ( 'NONE', *, *, #3384, .F. ) ;
#7011 = CARTESIAN_POINT ( 'NONE',  ( -11.25010580146153849, -12.65854594576690140, 3.500000000000000000 ) ) ;
#7012 = CARTESIAN_POINT ( 'NONE',  ( -3.533968341058601581, -8.354588700353570374, 4.999999857744231946 ) ) ;
#7013 = DIRECTION ( 'NONE',  ( 0.1423148382732847550, -0.9898214418809329063, 0.000000000000000000 ) ) ;
#7014 = CARTESIAN_POINT ( 'NONE',  ( -18.86342674685059961, 1.067602915065788140E-15, 5.000000000000000000 ) ) ;
#7015 = FACE_OUTER_BOUND ( 'NONE', #3067, .T. ) ;
#7016 = AXIS2_PLACEMENT_3D ( 'NONE', #5495, #212, #4358 ) ;
#7017 = EDGE_LOOP ( 'NONE', ( #1857, #5319, #2060, #1448, #648, #6899, #662, #351, #4263, #6484, #3785, #3073, #5761, #3477 ) ) ;
#7018 = CARTESIAN_POINT ( 'NONE',  ( -4.650532009343709916, -16.00083217872045083, 3.500000000000000000 ) ) ;
#7019 = DIRECTION ( 'NONE',  ( -0.000000000000000000, -0.000000000000000000, 1.000000000000000000 ) ) ;
#7020 = CARTESIAN_POINT ( 'NONE',  ( -9.939567796041161414E-16, -1.084202172485504040E-15, 8.000000000000000000 ) ) ;
#7021 = CIRCLE ( 'NONE', #531, 16.93527874010839795 ) ;
#7022 = EDGE_CURVE ( 'NONE', #1425, #6994, #6359, .T. ) ;
#7023 = CYLINDRICAL_SURFACE ( 'NONE', #116, 14.93707874011463410 ) ;
#7024 = DIRECTION ( 'NONE',  ( -1.000000000000000000, 0.000000000000000000, 0.000000000000000000 ) ) ;
#7025 = CARTESIAN_POINT ( 'NONE',  ( 11.28722625627397669, -12.05302310628196594, -6.500000000000000888 ) ) ;
#7026 = DIRECTION ( 'NONE',  ( 0.000000000000000000, 0.000000000000000000, -1.000000000000000000 ) ) ;
#7027 = ORIENTED_EDGE ( 'NONE', *, *, #7108, .F. ) ;
#7028 = DIRECTION ( 'NONE',  ( 0.000000000000000000, 0.000000000000000000, 1.000000000000000000 ) ) ;
#7029 = AXIS2_PLACEMENT_3D ( 'NONE', #4642, #3638, #5396 ) ;
#7030 = VECTOR ( 'NONE', #5102, 1000.000000000000000 ) ;
#7031 = CARTESIAN_POINT ( 'NONE',  ( -8.838423636027179953, -3.598482126025593253, 5.000636618299061809 ) ) ;
#7032 = CARTESIAN_POINT ( 'NONE',  ( 4.988384896612538810, 4.672183837315230015, 5.491312663322390542 ) ) ;
#7033 = FACE_OUTER_BOUND ( 'NONE', #5553, .T. ) ;
#7035 = DIRECTION ( 'NONE',  ( -1.000000000000000000, 0.000000000000000000, 0.000000000000000000 ) ) ;
#7034 = CARTESIAN_POINT ( 'NONE',  ( 3.582498751790843983, 7.252935038553459890, 5.000156137335023843 ) ) ;
#7036 = VERTEX_POINT ( 'NONE', #5538 ) ;
#7037 = FACE_OUTER_BOUND ( 'NONE', #2084, .T. ) ;
#7038 = ORIENTED_EDGE ( 'NONE', *, *, #3616, .T. ) ;
#7039 = CARTESIAN_POINT ( 'NONE',  ( 4.620696175186012944, 5.043788285012671402, 5.122749894865383347 ) ) ;
#7040 = EDGE_CURVE ( 'NONE', #4804, #3929, #3319, .T. ) ;
#7041 = DIRECTION ( 'NONE',  ( -1.000000000000000000, 0.000000000000000000, 0.000000000000000000 ) ) ;
#7042 = DIRECTION ( 'NONE',  ( 0.000000000000000000, 0.000000000000000000, 1.000000000000000000 ) ) ;
#7043 = CIRCLE ( 'NONE', #6332, 6.100000000000001421 ) ;
#7044 = EDGE_CURVE ( 'NONE', #5057, #4055, #6728, .T. ) ;
#7045 = ORIENTED_EDGE ( 'NONE', *, *, #4892, .F. ) ;
#7046 = CARTESIAN_POINT ( 'NONE',  ( 3.322246390948875280E-12, -5.173928175207720182E-12, 3.501999999999999780 ) ) ;
#7047 = CARTESIAN_POINT ( 'NONE',  ( -4.987777089962944110, 4.676546150605594754, 5.483615767696455201 ) ) ;
#7048 = CARTESIAN_POINT ( 'NONE',  ( 6.002171035866017412, -3.267135819732948754, 7.783154812027427205 ) ) ;
#7049 = DIRECTION ( 'NONE',  ( -0.000000000000000000, -0.000000000000000000, -1.000000000000000000 ) ) ;
#7050 = PRODUCT_CONTEXT ( 'NONE', #1474, 'mechanical' ) ;
#7051 = ORIENTED_EDGE ( 'NONE', *, *, #6348, .F. ) ;
#7052 = CARTESIAN_POINT ( 'NONE',  ( 6.249433987875108620, -2.767263787271744047, 7.985184621004982830 ) ) ;
#7053 = CARTESIAN_POINT ( 'NONE',  ( 2.658421779005477159, -6.304942727231408028, 5.543164213641774474 ) ) ;
#7054 = CARTESIAN_POINT ( 'NONE',  ( 18.86342674685059961, -1.084202172485504040E-15, -7.500000000000000888 ) ) ;
#7055 = ORIENTED_EDGE ( 'NONE', *, *, #4337, .F. ) ;
#7056 = CARTESIAN_POINT ( 'NONE',  ( 3.400861122867466779, 5.927584861381109071, 7.690556432023968547 ) ) ;
#7057 =( BOUNDED_SURFACE ( )  B_SPLINE_SURFACE ( 3, 2, ( 
 ( #446, #4483, #3988 ),
 ( #6242, #1117, #1737 ),
 ( #4022, #1654, #3402 ),
 ( #6207, #1043, #5654 ),
 ( #482, #7372, #6404 ),
 ( #6441, #1229, #6991 ) ),
 .UNSPECIFIED., .F., .F., .T. ) 
 B_SPLINE_SURFACE_WITH_KNOTS ( ( 4, 2, 4 ),
 ( 3, 3 ),
 ( 0.004572695605117638173, 0.005447210325859290145, 0.006321725046600942116 ),
 ( 0.000000000000000000, 1.000000000000000000 ),
 .UNSPECIFIED. ) 
 GEOMETRIC_REPRESENTATION_ITEM ( )  RATIONAL_B_SPLINE_SURFACE ( (
 ( 1.000000000000000000, 0.9155493925638837904, 1.000000000000000000),
 ( 1.000000000000000000, 0.9391694711562201814, 1.000000000000000000),
 ( 1.000000000000000000, 0.9607223642407347608, 1.000000000000000000),
 ( 1.000000000000000000, 0.9912792382436317329, 1.000000000000000000),
 ( 1.000000000000000000, 1.000123610408589103, 1.000000000000000000),
 ( 1.000000000000000000, 1.000000000000000000, 1.000000000000000000) ) ) 
 REPRESENTATION_ITEM ( '' )  SURFACE ( )  );
#7058 = LINE ( 'NONE', #4775, #855 ) ;
#7059 = FACE_OUTER_BOUND ( 'NONE', #398, .T. ) ;
#7060 = DIRECTION ( 'NONE',  ( 0.1423148382732849493, -0.9898214418809327952, 0.000000000000000000 ) ) ;
#7061 = ORIENTED_EDGE ( 'NONE', *, *, #3973, .F. ) ;
#7062 = CARTESIAN_POINT ( 'NONE',  ( 15.17612706764145081, -6.880352142754600386, -6.500000000000000888 ) ) ;
#7063 = CIRCLE ( 'NONE', #4318, 18.86342674685059961 ) ;
#7064 = DIRECTION ( 'NONE',  ( 1.000000000000000000, 0.000000000000000000, 0.000000000000000000 ) ) ;
#7065 = FACE_OUTER_BOUND ( 'NONE', #6643, .T. ) ;
#7066 = DIRECTION ( 'NONE',  ( 0.000000000000000000, 0.000000000000000000, 1.000000000000000000 ) ) ;
#7067 = ADVANCED_FACE ( 'NONE', ( #1570 ), #4966, .T. ) ;
#7069 = DIRECTION ( 'NONE',  ( -0.000000000000000000, -0.000000000000000000, 1.000000000000000000 ) ) ;
#7068 = CARTESIAN_POINT ( 'NONE',  ( -8.619496800044146312, 3.563007848531381860, 5.000024254567240867 ) ) ;
#7070 = EDGE_CURVE ( 'NONE', #4531, #1743, #4324, .T. ) ;
#7071 = VERTEX_POINT ( 'NONE', #6620 ) ;
#7072 = SURFACE_STYLE_USAGE ( .BOTH. , #4787 ) ;
#7073 = CIRCLE ( 'NONE', #5410, 1.779502281109939688 ) ;
#7074 = VERTEX_POINT ( 'NONE', #1606 ) ;
#7075 = CARTESIAN_POINT ( 'NONE',  ( 7.762353061012137623, -12.76174738209452464, -6.500000000000000888 ) ) ;
#7076 = VECTOR ( 'NONE', #1379, 1000.000000000000000 ) ;
#7077 = VECTOR ( 'NONE', #6695, 1000.000000000000000 ) ;
#7078 = CARTESIAN_POINT ( 'NONE',  ( -15.89384706209390252, -4.450825974518250128, 3.500000000000000000 ) ) ;
#7079 = LINE ( 'NONE', #1903, #4444 ) ;
#7080 = VERTEX_POINT ( 'NONE', #7249 ) ;
#7081 = CARTESIAN_POINT ( 'NONE',  ( 5.850000000000001421, 8.000000000000000000, -7.500000000000000888 ) ) ;
#7082 = CIRCLE ( 'NONE', #6616, 16.93527874010849033 ) ;
#7083 = VECTOR ( 'NONE', #2625, 1000.000000000000000 ) ;
#7084 = CARTESIAN_POINT ( 'NONE',  ( -6.100955355753002962, -3.080516454027789841, 7.887515294679157130 ) ) ;
#7085 = CARTESIAN_POINT ( 'NONE',  ( -16.48676971718949957, -2.416713196444790324, -6.500000000000000888 ) ) ;
#7086 = ORIENTED_EDGE ( 'NONE', *, *, #1481, .F. ) ;
#7087 = DIRECTION ( 'NONE',  ( 0.000000000000000000, 0.000000000000000000, -1.000000000000000000 ) ) ;
#7088 = CARTESIAN_POINT ( 'NONE',  ( 3.535594222995408487, -8.383622431536164044, 5.000000000000120792 ) ) ;
#7089 = DIRECTION ( 'NONE',  ( -0.000000000000000000, -0.000000000000000000, -1.000000000000000000 ) ) ;
#7090 = AXIS2_PLACEMENT_3D ( 'NONE', #6920, #4594, #6243 ) ;
#7091 = EDGE_CURVE ( 'NONE', #4055, #1743, #4584, .T. ) ;
#7092 = VERTEX_POINT ( 'NONE', #6691 ) ;
#7093 = AXIS2_PLACEMENT_3D ( 'NONE', #1256, #6880, #137 ) ;
#7094 = ORIENTED_EDGE ( 'NONE', *, *, #5805, .T. ) ;
#7095 = CARTESIAN_POINT ( 'NONE',  ( 4.045074642591581338, 5.507905066012853901, 6.928788853544537218 ) ) ;
#7096 = CARTESIAN_POINT ( 'NONE',  ( 3.544115537424734175, 8.480277776935301048, 4.999999999999999112 ) ) ;
#7097 = CARTESIAN_POINT ( 'NONE',  ( -2.143592709476534797, -16.36548919478289932, 3.500000000000000000 ) ) ;
#7098 = AXIS2_PLACEMENT_3D ( 'NONE', #439, #2749, #7172 ) ;
#7099 = CARTESIAN_POINT ( 'NONE',  ( -4.738426506668380611, 15.97502402572244939, 3.500000000000000000 ) ) ;
#7100 = ADVANCED_FACE ( 'NONE', ( #2788 ), #1529, .F. ) ;
#7101 = AXIS2_PLACEMENT_3D ( 'NONE', #2483, #800, #7125 ) ;
#7102 = ORIENTED_EDGE ( 'NONE', *, *, #1762, .T. ) ;
#7103 = DIRECTION ( 'NONE',  ( 0.1423148382732853656, -0.9898214418809326842, 0.000000000000000000 ) ) ;
#7104 = AXIS2_PLACEMENT_3D ( 'NONE', #3697, #3284, #1376 ) ;
#7105 = DIRECTION ( 'NONE',  ( 0.000000000000000000, 0.000000000000000000, -1.000000000000000000 ) ) ;
#7106 = DIRECTION ( 'NONE',  ( 0.8412535328311808724, -0.5406408174555981105, 0.000000000000000000 ) ) ;
#7107 = CYLINDRICAL_SURFACE ( 'NONE', #3268, 1.779502281109934136 ) ;
#7108 = EDGE_CURVE ( 'NONE', #503, #1252, #969, .T. ) ;
#7110 = DIRECTION ( 'NONE',  ( 0.000000000000000000, 0.000000000000000000, -1.000000000000000000 ) ) ;
#7109 = DIRECTION ( 'NONE',  ( 0.000000000000000000, 0.000000000000000000, -1.000000000000000000 ) ) ;
#7111 = ORIENTED_EDGE ( 'NONE', *, *, #1159, .F. ) ;
#7112 = LINE ( 'NONE', #1317, #2489 ) ;
#7113 = EDGE_LOOP ( 'NONE', ( #3300, #5179, #2127, #1669, #5041, #2477, #2410, #6029 ) ) ;
#7114 = DIRECTION ( 'NONE',  ( 1.000000000000000000, 0.000000000000000000, 0.000000000000000000 ) ) ;
#7115 = CIRCLE ( 'NONE', #3270, 2.149999999999999023 ) ;
#7116 = CARTESIAN_POINT ( 'NONE',  ( -4.251214977115903793, -5.350507717128561325, 6.542586098300202657 ) ) ;
#7117 = VERTEX_POINT ( 'NONE', #3838 ) ;
#7118 = CARTESIAN_POINT ( 'NONE',  ( -6.505213034913029562E-16, 1.058181320345851949E-13, 3.500000000000000000 ) ) ;
#7119 = ORIENTED_EDGE ( 'NONE', *, *, #1796, .F. ) ;
#7120 = CARTESIAN_POINT ( 'NONE',  ( -4.832161620284266768, -4.832161620284268544, 5.000000000000000000 ) ) ;
#7121 = CARTESIAN_POINT ( 'NONE',  ( 8.718772660297808841, -3.577597533931964779, 5.000421639071013225 ) ) ;
#7122 = DIRECTION ( 'NONE',  ( 0.000000000000000000, 0.000000000000000000, -1.000000000000000000 ) ) ;
#7123 = ORIENTED_EDGE ( 'NONE', *, *, #1508, .T. ) ;
#7124 = EDGE_CURVE ( 'NONE', #6587, #1904, #3768, .T. ) ;
#7125 = DIRECTION ( 'NONE',  ( -1.000000000000000000, 0.000000000000000000, 0.000000000000000000 ) ) ;
#7126 = CARTESIAN_POINT ( 'NONE',  ( -2.553928971772969625, -16.30649174702565318, 3.501999999999999780 ) ) ;
#7127 = ORIENTED_EDGE ( 'NONE', *, *, #1546, .F. ) ;
#7128 = DIRECTION ( 'NONE',  ( 0.000000000000000000, 0.000000000000000000, -1.000000000000000000 ) ) ;
#7129 = CIRCLE ( 'NONE', #1241, 14.93707874011463943 ) ;
#7130 = CARTESIAN_POINT ( 'NONE',  ( 3.523026446322301108, 8.174954001010458882, 5.000022935703727356 ) ) ;
#7131 = CARTESIAN_POINT ( 'NONE',  ( 16.49980648923040150, 2.326040455249445138, 3.501999999999999780 ) ) ;
#7132 = ORIENTED_EDGE ( 'NONE', *, *, #4613, .F. ) ;
#7133 = VERTEX_POINT ( 'NONE', #334 ) ;
#7134 = EDGE_CURVE ( 'NONE', #6222, #3833, #262, .T. ) ;
#7135 = CARTESIAN_POINT ( 'NONE',  ( 4.156935447219614055, 5.424051630874013874, 6.729869419459743263 ) ) ;
#7136 = EDGE_CURVE ( 'NONE', #3980, #7148, #6871, .T. ) ;
#7137 = LINE ( 'NONE', #3238, #3156 ) ;
#7138 = CARTESIAN_POINT ( 'NONE',  ( 2.143592709476539682, 16.36548919478289932, -6.500000000000000888 ) ) ;
#7139 = EDGE_CURVE ( 'NONE', #3962, #6127, #4619, .T. ) ;
#7140 = DIRECTION ( 'NONE',  ( -0.7071067811865480168, 8.659560562354939021E-17, 0.7071067811865470176 ) ) ;
#7141 = ORIENTED_EDGE ( 'NONE', *, *, #991, .F. ) ;
#7142 = CARTESIAN_POINT ( 'NONE',  ( 9.104701548701688907, 3.658283061198638109, 4.999999975943326902 ) ) ;
#7143 = CARTESIAN_POINT ( 'NONE',  ( -8.974922995690882033, -3.626940363498557751, 5.000310217907764532 ) ) ;
#7144 = CARTESIAN_POINT ( 'NONE',  ( -6.505213034913029562E-16, 1.058181320345851949E-13, 3.500000000000000000 ) ) ;
#7145 = CARTESIAN_POINT ( 'NONE',  ( 15.17612706764145081, -6.880352142754600386, 3.500000000000000000 ) ) ;
#7147 = ORIENTED_EDGE ( 'NONE', *, *, #66, .F. ) ;
#7146 = DIRECTION ( 'NONE',  ( 0.000000000000000000, 0.000000000000000000, -1.000000000000000000 ) ) ;
#7148 = VERTEX_POINT ( 'NONE', #2255 ) ;
#7149 = CARTESIAN_POINT ( 'NONE',  ( -7.434285267090300131, 14.74477009411852002, 3.501999999999999780 ) ) ;
#7150 = EDGE_LOOP ( 'NONE', ( #2765, #7010, #301 ) ) ;
#7151 = CARTESIAN_POINT ( 'NONE',  ( -12.56297947147814043, 10.94648917145244127, -6.500000000000000888 ) ) ;
#7152 = ORIENTED_EDGE ( 'NONE', *, *, #5026, .T. ) ;
#7153 = CARTESIAN_POINT ( 'NONE',  ( -2.553928971772969625, -16.30649174702565318, 3.500000000000000000 ) ) ;
#7154 = DIRECTION ( 'NONE',  ( 0.000000000000000000, 0.000000000000000000, 1.000000000000000000 ) ) ;
#7155 = ORIENTED_EDGE ( 'NONE', *, *, #355, .T. ) ;
#7156 = DIRECTION ( 'NONE',  ( 0.000000000000000000, 0.000000000000000000, -1.000000000000000000 ) ) ;
#7157 = AXIS2_PLACEMENT_3D ( 'NONE', #196, #4829, #677 ) ;
#7158 = CARTESIAN_POINT ( 'NONE',  ( 8.619496799757365935, -3.563007848491683394, 5.000024254567044579 ) ) ;
#7159 = CARTESIAN_POINT ( 'NONE',  ( -5.432656143353010059, -4.150257504245981721, 6.764447786403933627 ) ) ;
#7160 = MECHANICAL_DESIGN_GEOMETRIC_PRESENTATION_REPRESENTATION (  '', ( #1390 ), #6685 ) ;
#7161 = CARTESIAN_POINT ( 'NONE',  ( -10.96445679804882012, -12.33713554324496009, 3.501999999999999780 ) ) ;
#7162 = VERTEX_POINT ( 'NONE', #1142 ) ;
#7163 = DIRECTION ( 'NONE',  ( -0.000000000000000000, -0.000000000000000000, 1.000000000000000000 ) ) ;
#7164 = CIRCLE ( 'NONE', #4044, 16.93527874010842993 ) ;
#7165 = DIRECTION ( 'NONE',  ( 0.000000000000000000, 0.000000000000000000, 1.000000000000000000 ) ) ;
#7166 = EDGE_LOOP ( 'NONE', ( #571, #344, #4414, #4317 ) ) ;
#7167 = CARTESIAN_POINT ( 'NONE',  ( 3.289874185254346273, -5.990063879819612858, 7.770147734759413893 ) ) ;
#7168 = VERTEX_POINT ( 'NONE', #5192 ) ;
#7169 = CARTESIAN_POINT ( 'NONE',  ( 5.851470600372636888, 3.533857191259553332, 7.590139390704238487 ) ) ;
#7170 = ORIENTED_EDGE ( 'NONE', *, *, #248, .F. ) ;
#7171 = CARTESIAN_POINT ( 'NONE',  ( 11.52715317416693885, 9.499529514007200248, 3.500000000000000000 ) ) ;
#7172 = DIRECTION ( 'NONE',  ( -0.4154150130018866016, 0.9096319953545183301, 0.000000000000000000 ) ) ;
#7173 = DIRECTION ( 'NONE',  ( 0.000000000000000000, 0.000000000000000000, -1.000000000000000000 ) ) ;
#7174 = EDGE_LOOP ( 'NONE', ( #7289, #7296, #7051, #2876 ) ) ;
#7175 = EDGE_CURVE ( 'NONE', #3261, #1767, #3032, .T. ) ;
#7176 = CARTESIAN_POINT ( 'NONE',  ( -5.946399740293830227, -3.367644632657821546, 7.714926392106231212 ) ) ;
#7177 = EDGE_CURVE ( 'NONE', #5093, #2635, #7218, .T. ) ;
#7178 = CARTESIAN_POINT ( 'NONE',  ( -4.988384896611526287, -4.672183837316302046, 5.491312663319977361 ) ) ;
#7179 = DIRECTION ( 'NONE',  ( -1.000000000000000000, 0.000000000000000000, 0.000000000000000000 ) ) ;
#7180 = DIRECTION ( 'NONE',  ( -1.000000000000000000, 0.000000000000000000, 0.000000000000000000 ) ) ;
#7182 = ORIENTED_EDGE ( 'NONE', *, *, #1371, .F. ) ;
#7181 = CARTESIAN_POINT ( 'NONE',  ( -3.524220924198957050, -7.802563814348983939, 5.000032641917544041 ) ) ;
#7183 = ORIENTED_EDGE ( 'NONE', *, *, #857, .T. ) ;
#7184 = CYLINDRICAL_SURFACE ( 'NONE', #425, 1.779502281109934136 ) ;
#7185 = ORIENTED_EDGE ( 'NONE', *, *, #606, .F. ) ;
#7186 = CARTESIAN_POINT ( 'NONE',  ( -12.62296808693507977, -10.87725861868353938, -6.500000000000000888 ) ) ;
#7187 = ORIENTED_EDGE ( 'NONE', *, *, #5501, .T. ) ;
#7188 = EDGE_CURVE ( 'NONE', #2355, #4259, #5673, .T. ) ;
#7189 = FACE_OUTER_BOUND ( 'NONE', #2415, .T. ) ;
#7190 = DIRECTION ( 'NONE',  ( -0.000000000000000000, -0.000000000000000000, 1.000000000000000000 ) ) ;
#7191 = ORIENTED_EDGE ( 'NONE', *, *, #5324, .F. ) ;
#7192 = DIRECTION ( 'NONE',  ( -1.000000000000000000, 0.000000000000000000, 0.000000000000000000 ) ) ;
#7193 = CARTESIAN_POINT ( 'NONE',  ( 8.321738634476870899, -3.531563498446136151, 4.999999932653318879 ) ) ;
#7194 = CARTESIAN_POINT ( 'NONE',  ( 2.546031784417540411, 6.341710652641936896, 8.000000000000000000 ) ) ;
#7195 = CIRCLE ( 'NONE', #6715, 0.4299999999999547518 ) ;
#7196 = ORIENTED_EDGE ( 'NONE', *, *, #2981, .T. ) ;
#7197 = DIRECTION ( 'NONE',  ( -1.000000000000000000, 0.000000000000000000, 0.000000000000000000 ) ) ;
#7198 = CIRCLE ( 'NONE', #3735, 4.479999999999999538 ) ;
#7199 = VECTOR ( 'NONE', #3589, 1000.000000000000000 ) ;
#7200 = EDGE_LOOP ( 'NONE', ( #3750, #4868, #6426, #371 ) ) ;
#7201 = DIRECTION ( 'NONE',  ( 0.000000000000000000, 0.000000000000000000, 1.000000000000000000 ) ) ;
#7202 = EDGE_CURVE ( 'NONE', #4869, #7092, #3395, .T. ) ;
#7203 = DIRECTION ( 'NONE',  ( 0.4154150130018872122, -0.9096319953545179970, 0.000000000000000000 ) ) ;
#7204 = ORIENTED_EDGE ( 'NONE', *, *, #696, .T. ) ;
#7205 = CARTESIAN_POINT ( 'NONE',  ( 4.220324493230442009, -5.375033553633560501, 6.606867189342565005 ) ) ;
#7206 = AXIS2_PLACEMENT_3D ( 'NONE', #3650, #801, #3117 ) ;
#7207 = AXIS2_PLACEMENT_3D ( 'NONE', #4853, #6399, #4738 ) ;
#7208 = AXIS2_PLACEMENT_3D ( 'NONE', #5134, #4562, #2882 ) ;
#7209 = EDGE_CURVE ( 'NONE', #253, #2671, #1702, .T. ) ;
#7210 = EDGE_CURVE ( 'NONE', #803, #5216, #1218, .T. ) ;
#7211 = CARTESIAN_POINT ( 'NONE',  ( -3.518209004791983840, -8.121202809514079135, 5.000000000000000888 ) ) ;
#7212 = CARTESIAN_POINT ( 'NONE',  ( 3.367419971934476397, 5.950354501290523679, 7.732926773597037062 ) ) ;
#7213 = DIRECTION ( 'NONE',  ( 0.9594929736144973687, -0.2817325568414295600, 0.000000000000000000 ) ) ;
#7214 = CARTESIAN_POINT ( 'NONE',  ( -7.762353061012129629, -12.76174738209454063, 3.501999999999999780 ) ) ;
#7215 = VECTOR ( 'NONE', #4373, 1000.000000000000000 ) ;
#7216 = VERTEX_POINT ( 'NONE', #1645 ) ;
#7217 = CARTESIAN_POINT ( 'NONE',  ( -6.341710652641877388, -2.546031784417693622, 8.000000000000000000 ) ) ;
#7218 = CIRCLE ( 'NONE', #6018, 1.779502281109934803 ) ;
#7219 = DIRECTION ( 'NONE',  ( 1.000000000000000000, 0.000000000000000000, 0.000000000000000000 ) ) ;
#7220 = DIRECTION ( 'NONE',  ( -0.1423148382732849493, -0.9898214418809327952, 0.000000000000000000 ) ) ;
#7221 = CARTESIAN_POINT ( 'NONE',  ( -10.14999999999999858, -8.000000000000000000, -49.92880413360069980 ) ) ;
#7222 = VECTOR ( 'NONE', #3462, 1000.000000000000000 ) ;
#7224 = ORIENTED_EDGE ( 'NONE', *, *, #282, .F. ) ;
#7223 = CARTESIAN_POINT ( 'NONE',  ( -3.522087011051624472, -7.863023308218993535, 5.000004845299289791 ) ) ;
#7225 = ORIENTED_EDGE ( 'NONE', *, *, #4202, .F. ) ;
#7226 = CARTESIAN_POINT ( 'NONE',  ( 6.274932216216098979, 15.27422889192055067, 3.501999999999999780 ) ) ;
#7227 = AXIS2_PLACEMENT_3D ( 'NONE', #6571, #6432, #252 ) ;
#7228 = CIRCLE ( 'NONE', #3990, 0.4299999999999570832 ) ;
#7229 = AXIS2_PLACEMENT_3D ( 'NONE', #6774, #2231, #5588 ) ;
#7230 = CARTESIAN_POINT ( 'NONE',  ( -2.924536916375100493, -6.176362722708277353, 7.942518951418614748 ) ) ;
#7231 = ORIENTED_EDGE ( 'NONE', *, *, #2606, .F. ) ;
#7232 = CARTESIAN_POINT ( 'NONE',  ( 6.341710652641929791, 2.546031784417554178, 7.607300918301278969 ) ) ;
#7233 = ORIENTED_EDGE ( 'NONE', *, *, #4304, .F. ) ;
#7234 = EDGE_CURVE ( 'NONE', #253, #2446, #1766, .T. ) ;
#7235 = DIRECTION ( 'NONE',  ( -1.000000000000000000, 0.000000000000000000, 0.000000000000000000 ) ) ;
#7236 = CARTESIAN_POINT ( 'NONE',  ( 13.42962847247682490, -6.539220166001532775, -6.500000000000000888 ) ) ;
#7237 = VERTEX_POINT ( 'NONE', #510 ) ;
#7238 = CARTESIAN_POINT ( 'NONE',  ( -5.940952272440019222, -3.523220616552985351, 5.577365042555741503 ) ) ;
#7239 = ORIENTED_EDGE ( 'NONE', *, *, #4971, .F. ) ;
#7240 = CARTESIAN_POINT ( 'NONE',  ( -4.303310061479965754, -5.308586851871402779, 6.430872809947951296 ) ) ;
#7241 = CARTESIAN_POINT ( 'NONE',  ( 3.622156781628289579, 8.953106316047950486, 5.000376722870812252 ) ) ;
#7242 = ORIENTED_EDGE ( 'NONE', *, *, #2029, .T. ) ;
#7243 = CIRCLE ( 'NONE', #2695, 1.779502281109936357 ) ;
#7244 = CARTESIAN_POINT ( 'NONE',  ( 4.175360417972798999, -5.409803796328938930, 6.694115939603570098 ) ) ;
#7245 = VERTEX_POINT ( 'NONE', #1071 ) ;
#7246 = CARTESIAN_POINT ( 'NONE',  ( -3.367419971937104517, -5.950354501289063514, 7.732926773595364622 ) ) ;
#7247 = FACE_OUTER_BOUND ( 'NONE', #7306, .T. ) ;
#7248 = EDGE_CURVE ( 'NONE', #680, #2155, #5560, .T. ) ;
#7249 = CARTESIAN_POINT ( 'NONE',  ( 13.73654921516312122, -5.867157484472594220, -6.500000000000000888 ) ) ;
#7250 = CARTESIAN_POINT ( 'NONE',  ( 15.65269870022670240, 5.260215391104242855, -6.500000000000000888 ) ) ;
#7251 = EDGE_LOOP ( 'NONE', ( #3037, #444, #1015, #743 ) ) ;
#7252 = DIRECTION ( 'NONE',  ( 0.000000000000000000, 0.000000000000000000, -1.000000000000000000 ) ) ;
#7253 = EDGE_CURVE ( 'NONE', #6955, #523, #612, .T. ) ;
#7254 = AXIS2_PLACEMENT_3D ( 'NONE', #4960, #6537, #3082 ) ;
#7255 = DIRECTION ( 'NONE',  ( 0.000000000000000000, 0.000000000000000000, -1.000000000000000000 ) ) ;
#7256 = CARTESIAN_POINT ( 'NONE',  ( 3.642382631823384731, -9.042408913693797956, 5.000097596763775520 ) ) ;
#7257 = CARTESIAN_POINT ( 'NONE',  ( 12.56297947147814043, -10.94648917145241995, 3.501999999999999780 ) ) ;
#7258 = DIRECTION ( 'NONE',  ( -0.000000000000000000, -0.000000000000000000, 1.000000000000000000 ) ) ;
#7259 = VERTEX_POINT ( 'NONE', #1178 ) ;
#7260 = CARTESIAN_POINT ( 'NONE',  ( 16.50397716163979922, -0.2072779215191979940, -6.500000000000000888 ) ) ;
#7261 = EDGE_CURVE ( 'NONE', #2146, #7148, #1802, .T. ) ;
#7262 = EDGE_CURVE ( 'NONE', #2000, #1637, #2081, .T. ) ;
#7263 = DIRECTION ( 'NONE',  ( 0.000000000000000000, 0.000000000000000000, -1.000000000000000000 ) ) ;
#7264 = ORIENTED_EDGE ( 'NONE', *, *, #6903, .F. ) ;
#7265 = DIRECTION ( 'NONE',  ( 0.000000000000000000, 0.000000000000000000, -1.000000000000000000 ) ) ;
#7266 = ORIENTED_EDGE ( 'NONE', *, *, #7040, .T. ) ;
#7267 = FACE_OUTER_BOUND ( 'NONE', #2437, .T. ) ;
#7268 = CARTESIAN_POINT ( 'NONE',  ( -5.890549092282663324, 3.464265314173025079, 7.638518450893635681 ) ) ;
#7269 = ADVANCED_FACE ( 'NONE', ( #1684 ), #2824, .F. ) ;
#7270 = AXIS2_PLACEMENT_3D ( 'NONE', #3002, #5854, #7013 ) ;
#7271 = EDGE_CURVE ( 'NONE', #1544, #4105, #5566, .T. ) ;
#7272 = AXIS2_PLACEMENT_3D ( 'NONE', #6675, #4532, #7235 ) ;
#7273 = DIRECTION ( 'NONE',  ( 0.000000000000000000, 0.000000000000000000, -1.000000000000000000 ) ) ;
#7274 = ORIENTED_EDGE ( 'NONE', *, *, #3571, .F. ) ;
#7275 = DIRECTION ( 'NONE',  ( 0.000000000000000000, 0.000000000000000000, -1.000000000000000000 ) ) ;
#7276 = CARTESIAN_POINT ( 'NONE',  ( 8.970108147836139523, 14.04247977380171974, 3.501999999999999780 ) ) ;
#7277 = ORIENTED_EDGE ( 'NONE', *, *, #58, .F. ) ;
#7278 = CARTESIAN_POINT ( 'NONE',  ( 3.001201192212006319, -6.139862486070732039, 7.917923921119593977 ) ) ;
#7279 = UNCERTAINTY_MEASURE_WITH_UNIT (LENGTH_MEASURE( 1.000000000000000082E-05 ), #6026, 'distance_accuracy_value', 'NONE');
#7280 = VERTEX_POINT ( 'NONE', #7425 ) ;
#7281 = EDGE_CURVE ( 'NONE', #4804, #3363, #141, .T. ) ;
#7282 = CARTESIAN_POINT ( 'NONE',  ( 6.341710652641961765, 2.546031784417473354, 5.000000000000027534 ) ) ;
#7283 = DIRECTION ( 'NONE',  ( 0.4154150130018862130, 0.9096319953545184411, 0.000000000000000000 ) ) ;
#7284 = VERTEX_POINT ( 'NONE', #6881 ) ;
#7285 = FACE_OUTER_BOUND ( 'NONE', #1452, .T. ) ;
#7286 = CARTESIAN_POINT ( 'NONE',  ( -2.823510418519996179, 6.252970072307983074, 5.706181217609698209 ) ) ;
#7287 = ORIENTED_EDGE ( 'NONE', *, *, #6425, .T. ) ;
#7288 = DIRECTION ( 'NONE',  ( -1.000000000000000000, 0.000000000000000000, 0.000000000000000000 ) ) ;
#7289 = ORIENTED_EDGE ( 'NONE', *, *, #3897, .T. ) ;
#7290 = DIRECTION ( 'NONE',  ( -0.4154150130018857690, -0.9096319953545186632, 0.000000000000000000 ) ) ;
#7291 = DIRECTION ( 'NONE',  ( -1.000000000000000000, 0.000000000000000000, 0.000000000000000000 ) ) ;
#7292 = FACE_OUTER_BOUND ( 'NONE', #4623, .T. ) ;
#7293 = CARTESIAN_POINT ( 'NONE',  ( -7.708344269167465512, 3.529291959032197834, 5.000189681657417395 ) ) ;
#7294 = ORIENTED_EDGE ( 'NONE', *, *, #532, .T. ) ;
#7295 = DIRECTION ( 'NONE',  ( -1.000000000000000000, 0.000000000000000000, 0.000000000000000000 ) ) ;
#7296 = ORIENTED_EDGE ( 'NONE', *, *, #1058, .F. ) ;
#7297 = CARTESIAN_POINT ( 'NONE',  ( -3.400861122876087883, -5.927584861376107739, 7.690556432017734423 ) ) ;
#7298 = CARTESIAN_POINT ( 'NONE',  ( -6.505213034913029562E-16, 1.058181320345851949E-13, 3.500000000000000000 ) ) ;
#7299 = EDGE_LOOP ( 'NONE', ( #5219, #5165, #933, #336 ) ) ;
#7300 = CARTESIAN_POINT ( 'NONE',  ( 15.77705318448115257, 4.848589393084430377, 3.500000000000000000 ) ) ;
#7301 = CARTESIAN_POINT ( 'NONE',  ( -5.820394957145499149, 3.581361550359107415, 7.533614833958709234 ) ) ;
#7302 = ADVANCED_FACE ( 'NONE', ( #1727 ), #2943, .T. ) ;
#7303 = ORIENTED_EDGE ( 'NONE', *, *, #6637, .T. ) ;
#7304 = CARTESIAN_POINT ( 'NONE',  ( -3.519859447339550140, 8.000026333324143479, 5.000046857320630700 ) ) ;
#7305 = SHAPE_DEFINITION_REPRESENTATION ( #347, #1494 ) ;
#7306 = EDGE_LOOP ( 'NONE', ( #4266, #1407, #4282, #1685, #3524 ) ) ;
#7307 = CARTESIAN_POINT ( 'NONE',  ( 10.96445679804882012, -12.33713554324494055, 3.500000000000000000 ) ) ;
#7308 = CIRCLE ( 'NONE', #4077, 14.93707874011463410 ) ;
#7309 = DIRECTION ( 'NONE',  ( 0.000000000000000000, 0.000000000000000000, -1.000000000000000000 ) ) ;
#7310 = EDGE_LOOP ( 'NONE', ( #6218, #4143, #4860, #5129 ) ) ;
#7311 = FACE_OUTER_BOUND ( 'NONE', #4874, .T. ) ;
#7312 = AXIS2_PLACEMENT_3D ( 'NONE', #3919, #6671, #3784 ) ;
#7313 = CIRCLE ( 'NONE', #5997, 0.4299999999999998268 ) ;
#7314 = CARTESIAN_POINT ( 'NONE',  ( 6.151366235608927369, 2.978903736706626670, 7.928906461755973467 ) ) ;
#7315 = EDGE_LOOP ( 'NONE', ( #6902, #1911, #6693, #2836 ) ) ;
#7316 = DIRECTION ( 'NONE',  ( 1.000000000000000000, 0.000000000000000000, 0.000000000000000000 ) ) ;
#7317 = ORIENTED_EDGE ( 'NONE', *, *, #6916, .F. ) ;
#7318 = DIRECTION ( 'NONE',  ( -0.000000000000000000, -0.000000000000000000, 1.000000000000000000 ) ) ;
#7319 = CARTESIAN_POINT ( 'NONE',  ( -6.505213034913029562E-16, 1.058181320345851949E-13, 3.500000000000000000 ) ) ;
#7321 = ORIENTED_EDGE ( 'NONE', *, *, #5270, .T. ) ;
#7320 = CARTESIAN_POINT ( 'NONE',  ( -3.089139893512180990, 6.095749540725513782, 7.879784840343861063 ) ) ;
#7322 = ADVANCED_FACE ( 'NONE', ( #2904 ), #4656, .T. ) ;
#7323 = CARTESIAN_POINT ( 'NONE',  ( -15.13807291325679927, -6.963679117709859590, 3.500000000000000000 ) ) ;
#7324 = CIRCLE ( 'NONE', #4086, 6.833708498984764290 ) ;
#7325 = VECTOR ( 'NONE', #1277, 1000.000000000000000 ) ;
#7326 = ORIENTED_EDGE ( 'NONE', *, *, #6189, .T. ) ;
#7327 = CARTESIAN_POINT ( 'NONE',  ( -5.177050413804462181, -4.487272826764072242, 5.000000000000127898 ) ) ;
#7328 = CARTESIAN_POINT ( 'NONE',  ( -10.14999999999999858, 8.000000000000000000, -7.500000000000000888 ) ) ;
#7329 = DIRECTION ( 'NONE',  ( 0.000000000000000000, 0.000000000000000000, -1.000000000000000000 ) ) ;
#7330 = CIRCLE ( 'NONE', #1572, 1.779502281109925699 ) ;
#7331 = CARTESIAN_POINT ( 'NONE',  ( 5.523288093950777800, 4.024044829341404395, 6.963589640638470968 ) ) ;
#7332 = VERTEX_POINT ( 'NONE', #173 ) ;
#7333 = ORIENTED_EDGE ( 'NONE', *, *, #2501, .T. ) ;
#7334 = ORIENTED_EDGE ( 'NONE', *, *, #7253, .T. ) ;
#7335 = FACE_OUTER_BOUND ( 'NONE', #4527, .T. ) ;
#7336 = VERTEX_POINT ( 'NONE', #3044 ) ;
#7337 = VECTOR ( 'NONE', #2677, 1000.000000000000000 ) ;
#7338 = EDGE_LOOP ( 'NONE', ( #3531, #6137, #3464, #5177, #2575, #6456, #6680, #656, #3484, #3783, #6812, #2508, #3443, #623 ) ) ;
#7339 = CIRCLE ( 'NONE', #278, 2.149999999999999023 ) ;
#7340 = CARTESIAN_POINT ( 'NONE',  ( -3.581361550379268177, -5.820394957133105507, 7.533614833939495270 ) ) ;
#7342 = EDGE_CURVE ( 'NONE', #6147, #3992, #210, .T. ) ;
#7341 = CARTESIAN_POINT ( 'NONE',  ( 6.693090963464868537, 2.687101834562624081, 6.489143058887309579 ) ) ;
#7343 = AXIS2_PLACEMENT_3D ( 'NONE', #741, #702, #5315 ) ;
#7344 = EDGE_LOOP ( 'NONE', ( #3644, #5269, #4380, #7394 ) ) ;
#7345 = LINE ( 'NONE', #7383, #2246 ) ;
#7346 = CARTESIAN_POINT ( 'NONE',  ( 10.65115639612649900, -12.60861188687840162, -6.500000000000000888 ) ) ;
#7347 = CIRCLE ( 'NONE', #2924, 0.4299999999999995492 ) ;
#7348 = ORIENTED_EDGE ( 'NONE', *, *, #2667, .T. ) ;
#7349 = CARTESIAN_POINT ( 'NONE',  ( 3.539665536810506552, 7.575008169754259058, 5.000416877390476245 ) ) ;
#7350 = VERTEX_POINT ( 'NONE', #1841 ) ;
#7351 = CARTESIAN_POINT ( 'NONE',  ( -14.22574330189359948, 8.384811868462952233, 3.500000000000000000 ) ) ;
#7352 = CARTESIAN_POINT ( 'NONE',  ( 7.434285267090302796, -14.74477009411852180, -6.500000000000000888 ) ) ;
#7353 = CARTESIAN_POINT ( 'NONE',  ( -13.77196618806395811, 9.097096987693380044, 3.501999999999999780 ) ) ;
#7354 = VECTOR ( 'NONE', #7395, 1000.000000000000000 ) ;
#7355 = EDGE_CURVE ( 'NONE', #2217, #6004, #5321, .T. ) ;
#7356 = DIRECTION ( 'NONE',  ( 0.1423148382732851713, -0.9898214418809326842, 0.000000000000000000 ) ) ;
#7357 = ORIENTED_EDGE ( 'NONE', *, *, #5920, .T. ) ;
#7358 = DIRECTION ( 'NONE',  ( 0.000000000000000000, 0.000000000000000000, -1.000000000000000000 ) ) ;
#7359 = ORIENTED_EDGE ( 'NONE', *, *, #4128, .F. ) ;
#7360 = DIRECTION ( 'NONE',  ( 0.1423148382732847550, 0.9898214418809327952, 0.000000000000000000 ) ) ;
#7361 = ORIENTED_EDGE ( 'NONE', *, *, #436, .T. ) ;
#7362 = CARTESIAN_POINT ( 'NONE',  ( -3.663740471346060623, 9.125723456341717110, 5.000000000000000000 ) ) ;
#7364 = DIRECTION ( 'NONE',  ( -1.000000000000000000, 0.000000000000000000, 0.000000000000000000 ) ) ;
#7363 = CARTESIAN_POINT ( 'NONE',  ( -2.546031784417716715, 6.341710652641866730, 8.000000000000000000 ) ) ;
#7365 = AXIS2_PLACEMENT_3D ( 'NONE', #768, #3166, #6043 ) ;
#7366 = CARTESIAN_POINT ( 'NONE',  ( -5.308586851871345047, -4.303310061480037696, 6.430872809947794977 ) ) ;
#7367 = ADVANCED_FACE ( 'NONE', ( #691 ), #5929, .T. ) ;
#7368 = EDGE_CURVE ( 'NONE', #3798, #7237, #6273, .T. ) ;
#7369 = CIRCLE ( 'NONE', #4130, 0.4300000000000004374 ) ;
#7370 = ADVANCED_FACE ( 'NONE', ( #1257 ), #2451, .F. ) ;
#7371 = CARTESIAN_POINT ( 'NONE',  ( -10.65115639612647946, -12.60861188687840162, -6.500000000000000888 ) ) ;
#7372 = CARTESIAN_POINT ( 'NONE',  ( 4.620696215528472983, -5.043788325240092796, 5.122749894965478390 ) ) ;
#7373 = CARTESIAN_POINT ( 'NONE',  ( -4.561424929357670521, -14.22356227891014058, 3.501999999999999780 ) ) ;
#7374 = CARTESIAN_POINT ( 'NONE',  ( 5.678104802146756391, 3.803164051996048123, 7.285624524425168502 ) ) ;
#7375 = EDGE_LOOP ( 'NONE', ( #4486, #5182, #5742, #4397 ) ) ;
#7376 = ORIENTED_EDGE ( 'NONE', *, *, #4947, .F. ) ;
#7377 = CARTESIAN_POINT ( 'NONE',  ( 7.715572785182686744, 3.528632389327046148, 5.000174052864902130 ) ) ;
#7378 = ORIENTED_EDGE ( 'NONE', *, *, #3158, .T. ) ;
#7379 = CARTESIAN_POINT ( 'NONE',  ( -2.900002517604577168, -6.187926749014185823, 7.949886464943428876 ) ) ;
#7380 = LINE ( 'NONE', #2239, #5665 ) ;
#7381 = DIRECTION ( 'NONE',  ( 0.000000000000000000, 0.000000000000000000, -1.000000000000000000 ) ) ;
#7382 = VERTEX_POINT ( 'NONE', #1401 ) ;
#7383 = CARTESIAN_POINT ( 'NONE',  ( 1.717505811864569853, 16.42336799645854839, 3.501999999999999780 ) ) ;
#7384 = CARTESIAN_POINT ( 'NONE',  ( -6.176362722711189690, 2.924536916368934314, 7.942518951420616702 ) ) ;
#7385 = DIRECTION ( 'NONE',  ( 0.4154150130018863796, -0.9096319953545183301, 0.000000000000000000 ) ) ;
#7386 = AXIS2_PLACEMENT_3D ( 'NONE', #396, #463, #3310 ) ;
#7387 = VERTEX_POINT ( 'NONE', #5268 ) ;
#7388 = DIRECTION ( 'NONE',  ( 1.000000000000000000, 0.000000000000000000, 0.000000000000000000 ) ) ;
#7389 = CARTESIAN_POINT ( 'NONE',  ( -6.841155559148050180, -15.49200621677865009, 3.500000000000000000 ) ) ;
#7390 = EDGE_CURVE ( 'NONE', #1619, #2967, #3400, .T. ) ;
#7391 = CARTESIAN_POINT ( 'NONE',  ( 12.62296808693507977, 10.87725861868353938, 3.501999999999999780 ) ) ;
#7392 = LINE ( 'NONE', #438, #3399 ) ;
#7393 = DIRECTION ( 'NONE',  ( 0.000000000000000000, 0.000000000000000000, -1.000000000000000000 ) ) ;
#7394 = ORIENTED_EDGE ( 'NONE', *, *, #4560, .T. ) ;
#7395 = DIRECTION ( 'NONE',  ( 0.000000000000000000, 0.000000000000000000, -1.000000000000000000 ) ) ;
#7397 = CARTESIAN_POINT ( 'NONE',  ( 8.767262990494572250, -3.585523274465960419, 5.000587221128252047 ) ) ;
#7396 = LINE ( 'NONE', #5649, #6461 ) ;
#7398 = DIRECTION ( 'NONE',  ( 0.000000000000000000, 0.000000000000000000, -1.000000000000000000 ) ) ;
#7399 = AXIS2_PLACEMENT_3D ( 'NONE', #7413, #5847, #6865 ) ;
#7400 = CARTESIAN_POINT ( 'NONE',  ( -3.573468971735284772, 7.308160520393199633, 5.000257744192052378 ) ) ;
#7401 = CARTESIAN_POINT ( 'NONE',  ( 5.850000000000000533, 8.000000000000000000, -49.92880413360069980 ) ) ;
#7402 = LINE ( 'NONE', #2263, #484 ) ;
#7403 = CARTESIAN_POINT ( 'NONE',  ( -3.556631302538194372, -7.423959880419485735, 5.000436791086629640 ) ) ;
#7404 = EDGE_CURVE ( 'NONE', #1666, #496, #2560, .T. ) ;
#7405 = EDGE_LOOP ( 'NONE', ( #375, #2762, #4905, #2034 ) ) ;
#7406 = VERTEX_POINT ( 'NONE', #5893 ) ;
#7407 = CARTESIAN_POINT ( 'NONE',  ( 8.688152152067974754, 3.572864239450198376, 5.000271203582464352 ) ) ;
#7408 = ORIENTED_EDGE ( 'NONE', *, *, #5210, .F. ) ;
#7409 = CARTESIAN_POINT ( 'NONE',  ( -8.656331780534141984, -3.568196810314095302, 5.000139521989402702 ) ) ;
#7410 = CARTESIAN_POINT ( 'NONE',  ( 2.546031784417540411, 6.341710652641936896, 8.000000000000000000 ) ) ;
#7411 = CARTESIAN_POINT ( 'NONE',  ( -5.145539056215437945, 4.498523480808291453, 5.972296026339246389 ) ) ;
#7412 = ORIENTED_EDGE ( 'NONE', *, *, #7202, .T. ) ;
#7413 = CARTESIAN_POINT ( 'NONE',  ( 8.000000000000000000, -8.000000000000000000, -7.500000000000000888 ) ) ;
#7414 = DIRECTION ( 'NONE',  ( -0.000000000000000000, -0.000000000000000000, -1.000000000000000000 ) ) ;
#7415 = ADVANCED_FACE ( 'NONE', ( #7015 ), #3721, .T. ) ;
#7416 = DIRECTION ( 'NONE',  ( -1.000000000000000000, 0.000000000000000000, 0.000000000000000000 ) ) ;
#7417 = CARTESIAN_POINT ( 'NONE',  ( -8.767262990086239327, 3.585523274395723714, 5.000587221127621440 ) ) ;
#7418 = VERTEX_POINT ( 'NONE', #5304 ) ;
#7419 = DIRECTION ( 'NONE',  ( -1.000000000000000000, 0.000000000000000000, 0.000000000000000000 ) ) ;
#7420 = DIRECTION ( 'NONE',  ( -1.000000000000000000, 0.000000000000000000, 0.000000000000000000 ) ) ;
#7421 = DIRECTION ( 'NONE',  ( -1.000000000000000000, 0.000000000000000000, 0.000000000000000000 ) ) ;
#7422 = EDGE_CURVE ( 'NONE', #4586, #4057, #728, .T. ) ;
#7423 = CARTESIAN_POINT ( 'NONE',  ( -14.72794537471134113, -2.490772235215354957, 3.500000000000000000 ) ) ;
#7424 = FACE_OUTER_BOUND ( 'NONE', #5617, .T. ) ;
#7425 = CARTESIAN_POINT ( 'NONE',  ( 6.100000000000000533, -1.084202172485504040E-15, 8.500000000000000000 ) ) ;
#7426 = EDGE_LOOP ( 'NONE', ( #1623, #7408 ) ) ;
#7427 = DIRECTION ( 'NONE',  ( -1.000000000000000000, 0.000000000000000000, 0.000000000000000000 ) ) ;
#7428 = AXIS2_PLACEMENT_3D ( 'NONE', #363, #2109, #4466 ) ;
#7430 = CARTESIAN_POINT ( 'NONE',  ( 12.56297947147814043, -10.94648917145241995, -6.500000000000000888 ) ) ;
#7429 = CARTESIAN_POINT ( 'NONE',  ( -6.505213034913029562E-16, 1.058181320345851949E-13, 3.500000000000000000 ) ) ;
#7431 = CARTESIAN_POINT ( 'NONE',  ( 6.086481637526660689E-12, 8.726941734834309668E-13, 3.500000000000000000 ) ) ;
#7432 = ORIENTED_EDGE ( 'NONE', *, *, #1332, .T. ) ;
#7433 = AXIS2_PLACEMENT_3D ( 'NONE', #154, #6446, #2988 ) ;
#7434 = VECTOR ( 'NONE', #3666, 1000.000000000000000 ) ;
#7435 = ORIENTED_EDGE ( 'NONE', *, *, #6339, .T. ) ;
#7436 = EDGE_LOOP ( 'NONE', ( #4489, #2954, #6124, #1109 ) ) ;
#7437 = CARTESIAN_POINT ( 'NONE',  ( -3.529261388386016662, 7.708888542646532116, 5.000188768309607568 ) ) ;
#7438 = CARTESIAN_POINT ( 'NONE',  ( 4.650532009343709916, -16.00083217872045083, -6.500000000000000888 ) ) ;
#7439 = CARTESIAN_POINT ( 'NONE',  ( -3.523220616535373217, 5.940952272452221017, 5.577365042559584651 ) ) ;
#7440 = CARTESIAN_POINT ( 'NONE',  ( 5.802619072385572174, 3.609717231053606756, 7.504133922987596073 ) ) ;
#7441 = VECTOR ( 'NONE', #697, 1000.000000000000000 ) ;
#7442 = EDGE_LOOP ( 'NONE', ( #3876, #6791, #2027, #2583 ) ) ;
#7443 = CARTESIAN_POINT ( 'NONE',  ( 8.488567592202256762, 3.546677988408537985, 5.000037034447608164 ) ) ;
#7444 = B_SPLINE_CURVE_WITH_KNOTS ( 'NONE', 3,
 ( #559, #2835, #2873, #2264, #4555, #6209, #596, #2760, #2918, #5207, #6851, #1697, #4517, #6889, #3991, #6815, #3439, #37, #5048, #5162, #7440, #1739, #2338, #6740, #1583, #7374, #3885, #3362, #6176, #6776, #7331, #2199, #1615, #3916, #1045, #5656, #485, #5091, #2233, #1657, #1922 ),
 .UNSPECIFIED., .F., .F.,
 ( 4, 1, 2, 2, 1, 1, 2, 2, 1, 1, 2, 2, 1, 1, 2, 2, 2, 1, 1, 2, 2, 1, 1, 2, 2, 4 ),
 ( 0.000000000000000000, 0.06249999999999886202, 0.09374999999999848732, 0.1249999999999981126, 0.1874999999999965583, 0.2187499999999960032, 0.2343749999999962252, 0.2499999999999964473, 0.3124999999999953371, 0.3437499999999948375, 0.3593749999999945599, 0.3749999999999942824, 0.4374999999999923395, 0.4687499999999915623, 0.4843749999999916178, 0.4999999999999916733, 0.6249999999999957812, 0.6874999999999980016, 0.7187499999999991118, 0.7343749999999993339, 0.7499999999999994449, 0.8124999999999984457, 0.8437499999999983347, 0.8593749999999980016, 0.8749999999999976685, 1.000000000000000000 ),
 .UNSPECIFIED. ) ;
#7445 = ORIENTED_EDGE ( 'NONE', *, *, #1518, .F. ) ;
ENDSEC;
END-ISO-10303-21;
