ISO-10303-21;
HEADER;
FILE_DESCRIPTION (( 'STEP AP214' ),
    '1' );
FILE_NAME ('transfer motor pully.STEP',
    '2025-11-17T16:09:30',
    ( '' ),
    ( '' ),
    'SwSTEP 2.0',
    'SolidWorks 2025',
    '' );
FILE_SCHEMA (( 'AUTOMOTIVE_DESIGN' ));
ENDSEC;

DATA;
#1 = DIRECTION ( 'NONE',  ( 0.000000000000000000, 0.000000000000000000, 1.000000000000000000 ) ) ;
#2 = CARTESIAN_POINT ( 'NONE',  ( 14.12501011712842036, 8.583684430773400820, 5.000000000000000000 ) ) ;
#3 = CARTESIAN_POINT ( 'NONE',  ( 16.46764093829609976, 7.522724857905819462, 5.002000000000000668 ) ) ;
#4 = EDGE_LOOP ( 'NONE', ( #4739, #3759, #3430, #2799 ) ) ;
#5 = DIRECTION ( 'NONE',  ( 0.000000000000000000, 0.000000000000000000, 1.000000000000000000 ) ) ;
#6 = ORIENTED_EDGE ( 'NONE', *, *, #3699, .F. ) ;
#7 = ORIENTED_EDGE ( 'NONE', *, *, #5548, .T. ) ;
#8 = ADVANCED_FACE ( 'NONE', ( #51 ), #2238, .T. ) ;
#9 = EDGE_CURVE ( 'NONE', #3841, #3229, #3982, .T. ) ;
#10 = VECTOR ( 'NONE', #1277, 1000.000000000000000 ) ;
#11 = FACE_OUTER_BOUND ( 'NONE', #3853, .T. ) ;
#12 = DIRECTION ( 'NONE',  ( -0.4999999999999998890, -0.8660254037844387076, 0.000000000000000000 ) ) ;
#13 = CYLINDRICAL_SURFACE ( 'NONE', #1117, 16.52862817102735349 ) ;
#14 = DIRECTION ( 'NONE',  ( 0.8660254037844387076, 0.4999999999999999445, 0.000000000000000000 ) ) ;
#15 = ORIENTED_EDGE ( 'NONE', *, *, #5075, .F. ) ;
#16 = ORIENTED_EDGE ( 'NONE', *, *, #2618, .F. ) ;
#17 = EDGE_CURVE ( 'NONE', #4279, #502, #2368, .T. ) ;
#18 = ADVANCED_FACE ( 'NONE', ( #961 ), #1418, .T. ) ;
#19 = DIRECTION ( 'NONE',  ( 0.2588190451025215721, -0.9659258262890680902, 0.000000000000000000 ) ) ;
#20 = FACE_OUTER_BOUND ( 'NONE', #2934, .T. ) ;
#21 = EDGE_CURVE ( 'NONE', #1395, #3481, #989, .T. ) ;
#22 = DIRECTION ( 'NONE',  ( 0.4999999999999998890, -0.8660254037844387076, 0.000000000000000000 ) ) ;
#23 = DIRECTION ( 'NONE',  ( -0.7071067811865475727, 0.7071067811865475727, 0.000000000000000000 ) ) ;
#24 = ORIENTED_EDGE ( 'NONE', *, *, #2218, .T. ) ;
#25 = DIRECTION ( 'NONE',  ( 0.2588190451025180194, -0.9659258262890689783, 0.000000000000000000 ) ) ;
#26 = ADVANCED_FACE ( 'NONE', ( #3635 ), #488, .T. ) ;
#27 = FACE_OUTER_BOUND ( 'NONE', #4384, .T. ) ;
#28 = CIRCLE ( 'NONE', #133, 0.4299999999999997713 ) ;
#29 = EDGE_LOOP ( 'NONE', ( #165, #374, #4986, #369, #2776, #2167, #4128, #153, #4179, #3522, #1867, #4199, #528, #4427, #5153 ) ) ;
#30 = DIRECTION ( 'NONE',  ( 0.000000000000000000, 0.000000000000000000, -1.000000000000000000 ) ) ;
#31 = ORIENTED_EDGE ( 'NONE', *, *, #2148, .F. ) ;
#32 = CARTESIAN_POINT ( 'NONE',  ( -17.02982512410865112, 7.295780857526770191, 5.000000000000000000 ) ) ;
#33 = DIRECTION ( 'NONE',  ( 0.8660254037844387076, -0.4999999999999998890, 0.000000000000000000 ) ) ;
#34 = DIRECTION ( 'NONE',  ( -0.4999999999999998335, 0.8660254037844388186, 0.000000000000000000 ) ) ;
#35 = CARTESIAN_POINT ( 'NONE',  ( 17.20080094608644927, -6.883008709270060699, -5.000000000000000000 ) ) ;
#36 = ORIENTED_EDGE ( 'NONE', *, *, #4348, .F. ) ;
#37 = CARTESIAN_POINT ( 'NONE',  ( 2.145599264782080073, 17.96918455708715001, 5.000000000000000000 ) ) ;
#38 = VERTEX_POINT ( 'NONE', #5375 ) ;
#39 = ORIENTED_EDGE ( 'NONE', *, *, #4910, .F. ) ;
#40 = EDGE_CURVE ( 'NONE', #1912, #3466, #491, .T. ) ;
#41 = CIRCLE ( 'NONE', #1801, 18.95497617776954868 ) ;
#42 = CIRCLE ( 'NONE', #2384, 18.52682817102719781 ) ;
#43 = CARTESIAN_POINT ( 'NONE',  ( -17.20080094608644927, 6.883008709270050041, 5.000000000000000000 ) ) ;
#44 = ORIENTED_EDGE ( 'NONE', *, *, #3589, .T. ) ;
#45 = ORIENTED_EDGE ( 'NONE', *, *, #979, .T. ) ;
#46 = CARTESIAN_POINT ( 'NONE',  ( -9.757819552369539906E-16, 2.376571162088224710E-13, -5.000000000000000000 ) ) ;
#47 = CIRCLE ( 'NONE', #798, 18.52682817102719781 ) ;
#48 = CARTESIAN_POINT ( 'NONE',  ( -0.3711837165545204820, 16.52445980553209637, -5.000000000000000000 ) ) ;
#49 = VECTOR ( 'NONE', #2985, 1000.000000000000000 ) ;
#50 = CYLINDRICAL_SURFACE ( 'NONE', #4032, 1.000000000000000000 ) ;
#51 = FACE_OUTER_BOUND ( 'NONE', #4589, .T. ) ;
#52 = ADVANCED_FACE ( 'NONE', ( #2742 ), #2687, .T. ) ;
#53 = CARTESIAN_POINT ( 'NONE',  ( 3.656921938165306418, -0.8660254037844381525, -6.500000000000000000 ) ) ;
#54 = FACE_OUTER_BOUND ( 'NONE', #4205, .T. ) ;
#55 = DIRECTION ( 'NONE',  ( -0.9659258262890689783, 0.2588190451025182970, 0.000000000000000000 ) ) ;
#56 = DIRECTION ( 'NONE',  ( 0.000000000000000000, 0.000000000000000000, 1.000000000000000000 ) ) ;
#57 = VERTEX_POINT ( 'NONE', #2305 ) ;
#58 = AXIS2_PLACEMENT_3D ( 'NONE', #5209, #4226, #795 ) ;
#59 = DIRECTION ( 'NONE',  ( 0.000000000000000000, 0.000000000000000000, -1.000000000000000000 ) ) ;
#60 = ORIENTED_EDGE ( 'NONE', *, *, #4271, .T. ) ;
#61 = DIRECTION ( 'NONE',  ( 0.9659258262890689783, 0.2588190451025182970, 0.000000000000000000 ) ) ;
#62 = VECTOR ( 'NONE', #5349, 1000.000000000000000 ) ;
#63 = CARTESIAN_POINT ( 'NONE',  ( 3.628951489128790042E-14, -6.117477020638539264E-14, 5.002000000000000668 ) ) ;
#64 = FACE_OUTER_BOUND ( 'NONE', #5399, .T. ) ;
#65 = CARTESIAN_POINT ( 'NONE',  ( -14.74869130177516041, -10.50003296401214037, 5.002000000000000668 ) ) ;
#66 = ORIENTED_EDGE ( 'NONE', *, *, #21, .T. ) ;
#67 = DIRECTION ( 'NONE',  ( 0.000000000000000000, 0.000000000000000000, -1.000000000000000000 ) ) ;
#68 = ORIENTED_EDGE ( 'NONE', *, *, #3248, .F. ) ;
#69 = AXIS2_PLACEMENT_3D ( 'NONE', #4152, #3631, #4057 ) ;
#70 = ADVANCED_FACE ( 'NONE', ( #3571 ), #5344, .T. ) ;
#71 = VECTOR ( 'NONE', #4973, 1000.000000000000000 ) ;
#72 = DIRECTION ( 'NONE',  ( 0.000000000000000000, 0.000000000000000000, 1.000000000000000000 ) ) ;
#73 = DIRECTION ( 'NONE',  ( 0.000000000000000000, 0.000000000000000000, 1.000000000000000000 ) ) ;
#74 = ORIENTED_EDGE ( 'NONE', *, *, #2008, .T. ) ;
#75 = ORIENTED_EDGE ( 'NONE', *, *, #93, .F. ) ;
#76 = CIRCLE ( 'NONE', #5086, 1.764902496759995998 ) ;
#77 = FACE_OUTER_BOUND ( 'NONE', #173, .T. ) ;
#78 = AXIS2_PLACEMENT_3D ( 'NONE', #1426, #2248, #1839 ) ;
#79 = EDGE_CURVE ( 'NONE', #4096, #57, #4212, .T. ) ;
#80 = VECTOR ( 'NONE', #4921, 1000.000000000000000 ) ;
#81 = DIRECTION ( 'NONE',  ( -1.000000000000000000, 0.000000000000000000, 0.000000000000000000 ) ) ;
#82 = CIRCLE ( 'NONE', #177, 0.4299999999999998823 ) ;
#83 = CARTESIAN_POINT ( 'NONE',  ( 15.78249345187885133, 9.149209946963129170, 5.002000000000000668 ) ) ;
#84 = ORIENTED_EDGE ( 'NONE', *, *, #2380, .F. ) ;
#85 = EDGE_CURVE ( 'NONE', #2504, #2142, #727, .T. ) ;
#86 = AXIS2_PLACEMENT_3D ( 'NONE', #5054, #4127, #1918 ) ;
#87 = CARTESIAN_POINT ( 'NONE',  ( -9.757819552369539906E-16, 2.376571162088224710E-13, -5.000000000000000000 ) ) ;
#88 = CARTESIAN_POINT ( 'NONE',  ( 2.078460969082649878, 3.600000000000000089, -6.500000000000000000 ) ) ;
#89 = DIRECTION ( 'NONE',  ( 0.000000000000000000, 0.000000000000000000, 1.000000000000000000 ) ) ;
#90 = DIRECTION ( 'NONE',  ( -0.7071067811865475727, -0.7071067811865475727, 0.000000000000000000 ) ) ;
#91 = CYLINDRICAL_SURFACE ( 'NONE', #3324, 1.764902496759995110 ) ;
#92 = DIRECTION ( 'NONE',  ( 0.000000000000000000, 0.000000000000000000, -1.000000000000000000 ) ) ;
#93 = EDGE_CURVE ( 'NONE', #2795, #1877, #4767, .T. ) ;
#94 = EDGE_LOOP ( 'NONE', ( #3029, #5755, #3314, #4206 ) ) ;
#95 = DIRECTION ( 'NONE',  ( -0.4999999999999993894, -0.8660254037844390407, 0.000000000000000000 ) ) ;
#96 = DIRECTION ( 'NONE',  ( 0.000000000000000000, 0.000000000000000000, 1.000000000000000000 ) ) ;
#97 = CARTESIAN_POINT ( 'NONE',  ( 2.196580998991904732, -18.39615160824795126, 5.000000000000000000 ) ) ;
#98 = CARTESIAN_POINT ( 'NONE',  ( -5.088617526617949668E-14, 4.969787286824988859E-14, -5.000000000000000000 ) ) ;
#99 = CYLINDRICAL_SURFACE ( 'NONE', #4094, 1.000000000000000000 ) ;
#100 = EDGE_CURVE ( 'NONE', #1442, #3528, #2262, .T. ) ;
#101 = EDGE_LOOP ( 'NONE', ( #4297, #5627, #4699, #2564 ) ) ;
#102 = DIRECTION ( 'NONE',  ( 0.000000000000000000, 0.000000000000000000, -1.000000000000000000 ) ) ;
#103 = CARTESIAN_POINT ( 'NONE',  ( -14.74869130177516041, -10.50003296401214037, 5.000000000000000000 ) ) ;
#104 = LINE ( 'NONE', #1790, #5286 ) ;
#105 = ADVANCED_FACE ( 'NONE', ( #755 ), #5500, .T. ) ;
#106 = ORIENTED_EDGE ( 'NONE', *, *, #1881, .F. ) ;
#107 = ORIENTED_EDGE ( 'NONE', *, *, #3022, .T. ) ;
#108 = CIRCLE ( 'NONE', #3089, 16.52862817102734283 ) ;
#109 = DIRECTION ( 'NONE',  ( 0.4999999999999993894, -0.8660254037844390407, 0.000000000000000000 ) ) ;
#110 = CARTESIAN_POINT ( 'NONE',  ( 7.522724857905819462, -16.46764093829609976, 5.002000000000000668 ) ) ;
#111 = ADVANCED_FACE ( 'NONE', ( #3267 ), #2371, .T. ) ;
#112 = ORIENTED_EDGE ( 'NONE', *, *, #5181, .F. ) ;
#113 = CARTESIAN_POINT ( 'NONE',  ( -9.093435290907079249, 15.81469496456674939, 5.000000000000000000 ) ) ;
#114 = DIRECTION ( 'NONE',  ( 0.000000000000000000, 0.000000000000000000, -1.000000000000000000 ) ) ;
#115 = ORIENTED_EDGE ( 'NONE', *, *, #5525, .T. ) ;
#116 = CYLINDRICAL_SURFACE ( 'NONE', #5746, 0.4299999999999998268 ) ;
#117 = DIRECTION ( 'NONE',  ( -1.000000000000000000, 0.000000000000000000, 0.000000000000000000 ) ) ;
#118 = DIRECTION ( 'NONE',  ( -1.000000000000000000, 0.000000000000000000, 0.000000000000000000 ) ) ;
#119 = ORIENTED_EDGE ( 'NONE', *, *, #2260, .F. ) ;
#120 = CARTESIAN_POINT ( 'NONE',  ( 14.48897067933745930, -10.84273574818606001, -5.000000000000000000 ) ) ;
#121 = CARTESIAN_POINT ( 'NONE',  ( -10.50003296401212083, -14.74869130177517995, -5.000000000000000000 ) ) ;
#122 = DIRECTION ( 'NONE',  ( 0.000000000000000000, 0.000000000000000000, -1.000000000000000000 ) ) ;
#123 = EDGE_CURVE ( 'NONE', #2615, #956, #3291, .T. ) ;
#124 = DIRECTION ( 'NONE',  ( 0.000000000000000000, 0.000000000000000000, 1.000000000000000000 ) ) ;
#125 = ORIENTED_EDGE ( 'NONE', *, *, #3217, .T. ) ;
#126 = ORIENTED_EDGE ( 'NONE', *, *, #1888, .T. ) ;
#127 = CARTESIAN_POINT ( 'NONE',  ( 16.96375033764019946, -6.325010817588570866, -5.000000000000000000 ) ) ;
#128 = CARTESIAN_POINT ( 'NONE',  ( -14.56126086974063938, 11.45482623011523948, 5.000000000000000000 ) ) ;
#129 = CARTESIAN_POINT ( 'NONE',  ( 0.3711837165545224804, -16.52445980553209637, 5.000000000000000000 ) ) ;
#130 = ORIENTED_EDGE ( 'NONE', *, *, #2008, .F. ) ;
#131 = EDGE_CURVE ( 'NONE', #280, #3758, #5610, .T. ) ;
#132 = VERTEX_POINT ( 'NONE', #1916 ) ;
#133 = AXIS2_PLACEMENT_3D ( 'NONE', #4353, #2703, #3024 ) ;
#134 = ORIENTED_EDGE ( 'NONE', *, *, #2397, .F. ) ;
#135 = ORIENTED_EDGE ( 'NONE', *, *, #375, .T. ) ;
#136 = AXIS2_PLACEMENT_3D ( 'NONE', #4236, #2855, #4184 ) ;
#137 = EDGE_CURVE ( 'NONE', #1286, #3644, #593, .T. ) ;
#138 = CARTESIAN_POINT ( 'NONE',  ( -17.20080094608644927, -6.883008709270070469, -5.000000000000000000 ) ) ;
#139 = DIRECTION ( 'NONE',  ( 1.000000000000000000, 0.000000000000000000, 0.000000000000000000 ) ) ;
#140 = DIRECTION ( 'NONE',  ( 0.000000000000000000, 0.000000000000000000, 1.000000000000000000 ) ) ;
#141 = ADVANCED_FACE ( 'NONE', ( #1623 ), #3692, .F. ) ;
#142 = CIRCLE ( 'NONE', #1433, 1.764902496759993999 ) ;
#143 = ORIENTED_EDGE ( 'NONE', *, *, #3675, .F. ) ;
#144 = DIRECTION ( 'NONE',  ( -0.9659258262890683122, 0.2588190451025206285, 0.000000000000000000 ) ) ;
#145 = CARTESIAN_POINT ( 'NONE',  ( 3.078460969082649878, -3.600000000000000089, -6.500000000000000000 ) ) ;
#146 = DIRECTION ( 'NONE',  ( 1.000000000000000000, 1.224646799147349263E-16, 0.000000000000000000 ) ) ;
#147 = ADVANCED_FACE ( 'NONE', ( #1480, #1189 ), #5024, .T. ) ;
#148 = CARTESIAN_POINT ( 'NONE',  ( 17.91222139392874979, -2.578277445616414809, -5.000000000000000000 ) ) ;
#149 = DIRECTION ( 'NONE',  ( 0.000000000000000000, 0.000000000000000000, 1.000000000000000000 ) ) ;
#150 = DIRECTION ( 'NONE',  ( 0.4999999999999993894, 0.8660254037844390407, 0.000000000000000000 ) ) ;
#151 = VECTOR ( 'NONE', #3176, 1000.000000000000000 ) ;
#152 = CIRCLE ( 'NONE', #3581, 0.4299999999999997713 ) ;
#153 = ORIENTED_EDGE ( 'NONE', *, *, #4849, .T. ) ;
#154 = CYLINDRICAL_SURFACE ( 'NONE', #4117, 1.000000000000000000 ) ;
#155 = CARTESIAN_POINT ( 'NONE',  ( -16.46764093829609976, -7.522724857905819462, 5.002000000000000668 ) ) ;
#156 = CARTESIAN_POINT ( 'NONE',  ( 11.45482623011523948, 14.56126086974063938, -5.000000000000000000 ) ) ;
#157 = CYLINDRICAL_SURFACE ( 'NONE', #3538, 0.4300000000000000488 ) ;
#158 = ORIENTED_EDGE ( 'NONE', *, *, #2201, .F. ) ;
#159 = ORIENTED_EDGE ( 'NONE', *, *, #4549, .T. ) ;
#160 = CARTESIAN_POINT ( 'NONE',  ( 14.22330004254519942, 11.18896446287262059, 5.000000000000000000 ) ) ;
#161 = AXIS2_PLACEMENT_3D ( 'NONE', #2988, #3880, #2134 ) ;
#162 = DIRECTION ( 'NONE',  ( 0.000000000000000000, 0.000000000000000000, 1.000000000000000000 ) ) ;
#163 = DIRECTION ( 'NONE',  ( -0.7071067811865475727, 0.7071067811865475727, 0.000000000000000000 ) ) ;
#164 = DIRECTION ( 'NONE',  ( 0.8660254037844390407, -0.4999999999999993894, 0.000000000000000000 ) ) ;
#165 = ORIENTED_EDGE ( 'NONE', *, *, #2981, .T. ) ;
#166 = ORIENTED_EDGE ( 'NONE', *, *, #2541, .T. ) ;
#167 = VERTEX_POINT ( 'NONE', #2673 ) ;
#168 = AXIS2_PLACEMENT_3D ( 'NONE', #3193, #1405, #951 ) ;
#169 = CARTESIAN_POINT ( 'NONE',  ( 15.86533307656285174, 4.635380845820789908, 5.002000000000000668 ) ) ;
#170 = CARTESIAN_POINT ( 'NONE',  ( 6.883008709270060699, -17.20080094608644927, 5.000000000000000000 ) ) ;
#171 = CIRCLE ( 'NONE', #4438, 0.4299999999999998823 ) ;
#172 = VECTOR ( 'NONE', #3276, 1000.000000000000000 ) ;
#173 = EDGE_LOOP ( 'NONE', ( #3679, #766 ) ) ;
#174 = CIRCLE ( 'NONE', #1202, 0.4299999999999997713 ) ;
#175 = EDGE_CURVE ( 'NONE', #1374, #3037, #919, .T. ) ;
#176 = CARTESIAN_POINT ( 'NONE',  ( 12.87672824649239978, 12.92226806246459958, 5.000000000000000000 ) ) ;
#177 = AXIS2_PLACEMENT_3D ( 'NONE', #4879, #937, #2689 ) ;
#178 = DIRECTION ( 'NONE',  ( 0.000000000000000000, -1.000000000000000000, 0.000000000000000000 ) ) ;
#179 = ORIENTED_EDGE ( 'NONE', *, *, #4978, .T. ) ;
#180 = CARTESIAN_POINT ( 'NONE',  ( 14.48897067933745930, 10.84273574818606001, 5.002000000000000668 ) ) ;
#181 = FACE_OUTER_BOUND ( 'NONE', #4379, .T. ) ;
#182 = VECTOR ( 'NONE', #5623, 1000.000000000000000 ) ;
#183 = FACE_OUTER_BOUND ( 'NONE', #3018, .T. ) ;
#184 = DIRECTION ( 'NONE',  ( 0.000000000000000000, 0.000000000000000000, -1.000000000000000000 ) ) ;
#185 = DIRECTION ( 'NONE',  ( 0.000000000000000000, 0.000000000000000000, -1.000000000000000000 ) ) ;
#186 = CARTESIAN_POINT ( 'NONE',  ( 17.61270781032335009, -4.752648293360449472, -5.000000000000000000 ) ) ;
#187 = CARTESIAN_POINT ( 'NONE',  ( -6.883008709270070469, 17.20080094608644927, 5.000000000000000000 ) ) ;
#188 = CARTESIAN_POINT ( 'NONE',  ( 6.891765691606369485E-14, -1.759653278486404839E-14, 5.000000000000000000 ) ) ;
#189 = CARTESIAN_POINT ( 'NONE',  ( 2.196580998991904732, -18.39615160824795126, -5.000000000000000000 ) ) ;
#190 = ORIENTED_EDGE ( 'NONE', *, *, #192, .F. ) ;
#191 = ORIENTED_EDGE ( 'NONE', *, *, #2454, .T. ) ;
#192 = EDGE_CURVE ( 'NONE', #2908, #4730, #28, .T. ) ;
#193 = VERTEX_POINT ( 'NONE', #844 ) ;
#194 = ADVANCED_FACE ( 'NONE', ( #806 ), #5759, .F. ) ;
#195 = DIRECTION ( 'NONE',  ( 0.000000000000000000, 0.000000000000000000, 1.000000000000000000 ) ) ;
#196 = CARTESIAN_POINT ( 'NONE',  ( -4.752648293360439702, -17.61270781032335009, 5.000000000000000000 ) ) ;
#197 = ORIENTED_EDGE ( 'NONE', *, *, #1073, .F. ) ;
#198 = DIRECTION ( 'NONE',  ( -0.000000000000000000, -0.000000000000000000, 1.000000000000000000 ) ) ;
#199 = ORIENTED_EDGE ( 'NONE', *, *, #4221, .T. ) ;
#200 = CARTESIAN_POINT ( 'NONE',  ( 18.95497617776954868, 1.165057210878772069E-15, 6.500000000000000000 ) ) ;
#201 = DIRECTION ( 'NONE',  ( -0.000000000000000000, -0.000000000000000000, -1.000000000000000000 ) ) ;
#202 = ADVANCED_FACE ( 'NONE', ( #11 ), #5729, .T. ) ;
#203 = EDGE_CURVE ( 'NONE', #390, #4932, #3082, .T. ) ;
#204 = DIRECTION ( 'NONE',  ( 0.000000000000000000, 0.000000000000000000, 1.000000000000000000 ) ) ;
#205 = SURFACE_SIDE_STYLE ('',( #2780 ) ) ;
#206 = DIRECTION ( 'NONE',  ( 0.000000000000000000, 0.000000000000000000, 1.000000000000000000 ) ) ;
#207 = CARTESIAN_POINT ( 'NONE',  ( 1.921978404781390092E-14, -6.848270805104349773E-14, 5.000000000000000000 ) ) ;
#208 = EDGE_LOOP ( 'NONE', ( #3347, #2536, #2429, #119 ) ) ;
#209 = ORIENTED_EDGE ( 'NONE', *, *, #3589, .F. ) ;
#210 = CARTESIAN_POINT ( 'NONE',  ( -6.117477020638539264E-14, -3.628951489128790042E-14, 5.002000000000000668 ) ) ;
#211 = CARTESIAN_POINT ( 'NONE',  ( 1.039230484541326049, 3.600000000000000089, -52.80796289473149585 ) ) ;
#212 = CARTESIAN_POINT ( 'NONE',  ( 17.20080094608644927, 6.883008709270060699, 5.000000000000000000 ) ) ;
#213 = ORIENTED_EDGE ( 'NONE', *, *, #905, .F. ) ;
#214 = ORIENTED_EDGE ( 'NONE', *, *, #1729, .F. ) ;
#215 = VERTEX_POINT ( 'NONE', #4463 ) ;
#216 = VERTEX_POINT ( 'NONE', #2197 ) ;
#217 = AXIS2_PLACEMENT_3D ( 'NONE', #4066, #89, #1858 ) ;
#218 = ADVANCED_FACE ( 'NONE', ( #476 ), #4431, .T. ) ;
#219 = DIRECTION ( 'NONE',  ( -0.2588190451025180194, 0.9659258262890689783, 0.000000000000000000 ) ) ;
#220 = AXIS2_PLACEMENT_3D ( 'NONE', #3221, #3678, #1525 ) ;
#221 = EDGE_CURVE ( 'NONE', #1573, #925, #1619, .T. ) ;
#222 = EDGE_CURVE ( 'NONE', #4085, #2474, #4218, .T. ) ;
#223 = PLANE ( 'NONE',  #1269 ) ;
#224 = ORIENTED_EDGE ( 'NONE', *, *, #357, .T. ) ;
#225 = CIRCLE ( 'NONE', #974, 0.4299999999999993272 ) ;
#226 = DIRECTION ( 'NONE',  ( 0.2588190451025215166, -0.9659258262890680902, 0.000000000000000000 ) ) ;
#227 = DIRECTION ( 'NONE',  ( 0.000000000000000000, 0.000000000000000000, -1.000000000000000000 ) ) ;
#228 = VECTOR ( 'NONE', #4470, 1000.000000000000000 ) ;
#229 = DIRECTION ( 'NONE',  ( 0.000000000000000000, 0.000000000000000000, 1.000000000000000000 ) ) ;
#230 = CARTESIAN_POINT ( 'NONE',  ( 10.84273574818606001, 14.48897067933745930, -5.000000000000000000 ) ) ;
#231 = PLANE ( 'NONE',  #1605 ) ;
#232 = CARTESIAN_POINT ( 'NONE',  ( 14.74869130177516041, 10.50003296401214037, -5.000000000000000000 ) ) ;
#233 = AXIS2_PLACEMENT_3D ( 'NONE', #4418, #3612, #3042 ) ;
#234 = EDGE_LOOP ( 'NONE', ( #1618, #3960, #3828, #4829 ) ) ;
#235 = ORIENTED_EDGE ( 'NONE', *, *, #2530, .T. ) ;
#236 = EDGE_CURVE ( 'NONE', #1805, #4701, #3323, .T. ) ;
#237 = LINE ( 'NONE', #5573, #897 ) ;
#238 = DIRECTION ( 'NONE',  ( -0.2588190451025180194, -0.9659258262890689783, 0.000000000000000000 ) ) ;
#239 = CARTESIAN_POINT ( 'NONE',  ( 17.91222139392874979, -2.578277445616414809, 5.002000000000000668 ) ) ;
#240 = CARTESIAN_POINT ( 'NONE',  ( 17.96918455708715001, -2.145599264782074744, 5.000000000000000000 ) ) ;
#241 = VERTEX_POINT ( 'NONE', #4697 ) ;
#242 = VERTEX_POINT ( 'NONE', #2517 ) ;
#243 = ORIENTED_EDGE ( 'NONE', *, *, #2336, .F. ) ;
#244 = ORIENTED_EDGE ( 'NONE', *, *, #1077, .T. ) ;
#245 = VECTOR ( 'NONE', #4286, 1000.000000000000000 ) ;
#246 = CARTESIAN_POINT ( 'NONE',  ( -2.078460969082654763, 3.600000000000000089, -6.500000000000000000 ) ) ;
#247 = CARTESIAN_POINT ( 'NONE',  ( 16.96375033764019946, 6.325010817588570866, 5.000000000000000000 ) ) ;
#248 = AXIS2_PLACEMENT_3D ( 'NONE', #5023, #1050, #178 ) ;
#249 = CIRCLE ( 'NONE', #3600, 1.764902496759993555 ) ;
#250 = ADVANCED_FACE ( 'NONE', ( #1629 ), #5650, .F. ) ;
#251 = CIRCLE ( 'NONE', #1657, 1.764902496759994444 ) ;
#252 = DIRECTION ( 'NONE',  ( 0.000000000000000000, 1.000000000000000000, 0.000000000000000000 ) ) ;
#253 = VECTOR ( 'NONE', #4522, 1000.000000000000000 ) ;
#254 = LINE ( 'NONE', #4274, #3144 ) ;
#255 = ORIENTED_EDGE ( 'NONE', *, *, #3175, .T. ) ;
#256 = AXIS2_PLACEMENT_3D ( 'NONE', #2838, #2466, #1487 ) ;
#257 = CARTESIAN_POINT ( 'NONE',  ( 17.61270781032335009, 4.752648293360449472, -5.000000000000000000 ) ) ;
#258 = CARTESIAN_POINT ( 'NONE',  ( -15.78249345187885133, 9.149209946963111406, 5.002000000000000668 ) ) ;
#259 = EDGE_CURVE ( 'NONE', #5303, #2053, #3161, .T. ) ;
#260 = VECTOR ( 'NONE', #3415, 1000.000000000000000 ) ;
#261 = EDGE_CURVE ( 'NONE', #5302, #1152, #1423, .T. ) ;
#262 = VECTOR ( 'NONE', #4828, 1000.000000000000000 ) ;
#263 = CARTESIAN_POINT ( 'NONE',  ( 7.940775374758730187, -14.49619383368293946, 5.000000000000000000 ) ) ;
#264 = DIRECTION ( 'NONE',  ( 0.000000000000000000, 0.000000000000000000, -1.000000000000000000 ) ) ;
#265 = DIRECTION ( 'NONE',  ( 0.000000000000000000, 0.000000000000000000, -1.000000000000000000 ) ) ;
#266 = DIRECTION ( 'NONE',  ( 0.000000000000000000, 0.000000000000000000, 1.000000000000000000 ) ) ;
#267 = DIRECTION ( 'NONE',  ( 0.8660254037844387076, -0.4999999999999998890, 0.000000000000000000 ) ) ;
#268 = AXIS2_PLACEMENT_3D ( 'NONE', #5281, #1382, #952 ) ;
#269 = LINE ( 'NONE', #5597, #941 ) ;
#270 = AXIS2_PLACEMENT_3D ( 'NONE', #4865, #891, #2678 ) ;
#271 = ORIENTED_EDGE ( 'NONE', *, *, #1708, .F. ) ;
#272 = CARTESIAN_POINT ( 'NONE',  ( -1.078460969082654541, -3.599999999999999645, -6.500000000000000000 ) ) ;
#273 = DIRECTION ( 'NONE',  ( 1.000000000000000000, 0.000000000000000000, 0.000000000000000000 ) ) ;
#274 = EDGE_CURVE ( 'NONE', #367, #1294, #1339, .T. ) ;
#275 = CARTESIAN_POINT ( 'NONE',  ( 3.004255121577014798, -17.85354414464755024, 5.000000000000000000 ) ) ;
#276 = ORIENTED_EDGE ( 'NONE', *, *, #1247, .F. ) ;
#277 = EDGE_LOOP ( 'NONE', ( #372, #5690, #3766, #5631 ) ) ;
#278 = CARTESIAN_POINT ( 'NONE',  ( -2.639540076345824549, 18.33783493938530285, -5.000000000000000000 ) ) ;
#279 = VERTEX_POINT ( 'NONE', #1886 ) ;
#280 = VERTEX_POINT ( 'NONE', #4075 ) ;
#281 = CARTESIAN_POINT ( 'NONE',  ( -9.757819552369539906E-16, 2.376571162088224710E-13, -5.000000000000000000 ) ) ;
#282 = DIRECTION ( 'NONE',  ( 0.000000000000000000, 0.000000000000000000, -1.000000000000000000 ) ) ;
#283 = EDGE_CURVE ( 'NONE', #2993, #5130, #4967, .T. ) ;
#284 = VECTOR ( 'NONE', #4268, 1000.000000000000000 ) ;
#285 = EDGE_LOOP ( 'NONE', ( #2057, #39, #5039, #3819 ) ) ;
#286 = EDGE_CURVE ( 'NONE', #2122, #2902, #3753, .T. ) ;
#287 = DIRECTION ( 'NONE',  ( 0.000000000000000000, 0.000000000000000000, 1.000000000000000000 ) ) ;
#288 = AXIS2_PLACEMENT_3D ( 'NONE', #535, #4135, #4106 ) ;
#289 = CARTESIAN_POINT ( 'NONE',  ( -14.12501011712842036, -8.583684430773411478, 5.002000000000000668 ) ) ;
#290 = CIRCLE ( 'NONE', #4658, 16.52862817102735349 ) ;
#291 = EDGE_LOOP ( 'NONE', ( #421, #495, #398, #2978 ) ) ;
#292 = LINE ( 'NONE', #4708, #581 ) ;
#293 = CARTESIAN_POINT ( 'NONE',  ( 3.004255121577009469, 17.85354414464755024, 5.000000000000000000 ) ) ;
#294 = LINE ( 'NONE', #322, #49 ) ;
#295 = CARTESIAN_POINT ( 'NONE',  ( 8.583684430773400820, -14.12501011712842036, 5.000000000000000000 ) ) ;
#296 = VERTEX_POINT ( 'NONE', #3577 ) ;
#297 = CARTESIAN_POINT ( 'NONE',  ( -2.196580998991904732, 18.39615160824795126, -5.000000000000000000 ) ) ;
#298 = EDGE_CURVE ( 'NONE', #4755, #3802, #4674, .T. ) ;
#299 = CARTESIAN_POINT ( 'NONE',  ( 9.149209946963118512, 15.78249345187885133, -5.000000000000000000 ) ) ;
#300 = DIRECTION ( 'NONE',  ( 0.000000000000000000, 0.000000000000000000, 1.000000000000000000 ) ) ;
#301 = ORIENTED_EDGE ( 'NONE', *, *, #4812, .T. ) ;
#302 = ORIENTED_EDGE ( 'NONE', *, *, #2489, .T. ) ;
#303 = EDGE_LOOP ( 'NONE', ( #16, #3485, #5370, #1347 ) ) ;
#304 = ORIENTED_EDGE ( 'NONE', *, *, #513, .F. ) ;
#305 = DIRECTION ( 'NONE',  ( 0.000000000000000000, 0.000000000000000000, 1.000000000000000000 ) ) ;
#306 = CARTESIAN_POINT ( 'NONE',  ( -4.635380845820769480, -15.86533307656285174, 5.000000000000000000 ) ) ;
#307 = ORIENTED_EDGE ( 'NONE', *, *, #1693, .F. ) ;
#308 = EDGE_CURVE ( 'NONE', #3507, #842, #4306, .T. ) ;
#309 = CIRCLE ( 'NONE', #1988, 0.4299999999999998823 ) ;
#310 = AXIS2_PLACEMENT_3D ( 'NONE', #1030, #5508, #5569 ) ;
#311 = CARTESIAN_POINT ( 'NONE',  ( 2.578277445616414809, -17.91222139392874979, -5.000000000000000000 ) ) ;
#312 = EDGE_CURVE ( 'NONE', #2241, #1215, #1523, .T. ) ;
#313 = ORIENTED_EDGE ( 'NONE', *, *, #2918, .T. ) ;
#314 = LINE ( 'NONE', #785, #1172 ) ;
#315 = LINE ( 'NONE', #3411, #3709 ) ;
#316 = AXIS2_PLACEMENT_3D ( 'NONE', #1871, #508, #2822 ) ;
#317 = EDGE_CURVE ( 'NONE', #332, #2801, #1796, .T. ) ;
#318 = AXIS2_PLACEMENT_3D ( 'NONE', #2022, #635, #4177 ) ;
#319 = ORIENTED_EDGE ( 'NONE', *, *, #3252, .F. ) ;
#320 = CARTESIAN_POINT ( 'NONE',  ( -18.39615160824795126, -2.196580998991910061, 5.000000000000000000 ) ) ;
#321 = CYLINDRICAL_SURFACE ( 'NONE', #2971, 18.52682817102719781 ) ;
#322 = CARTESIAN_POINT ( 'NONE',  ( 18.39615160824795126, 2.196580998991904732, 5.000000000000000000 ) ) ;
#323 = CARTESIAN_POINT ( 'NONE',  ( 16.63456994411954781, -7.126448808901080234, 5.002000000000000668 ) ) ;
#324 = ORIENTED_EDGE ( 'NONE', *, *, #123, .F. ) ;
#325 = CYLINDRICAL_SURFACE ( 'NONE', #5664, 0.4299999999999993272 ) ;
#326 = VECTOR ( 'NONE', #1857, 1000.000000000000000 ) ;
#327 = EDGE_CURVE ( 'NONE', #914, #1971, #3127, .T. ) ;
#328 = CARTESIAN_POINT ( 'NONE',  ( -15.81469496456679913, 9.093435290907059709, 5.000000000000000000 ) ) ;
#329 = CIRCLE ( 'NONE', #3574, 1.764902496759994666 ) ;
#330 = DIRECTION ( 'NONE',  ( -0.7071067811865475727, -0.7071067811865475727, 0.000000000000000000 ) ) ;
#331 = CARTESIAN_POINT ( 'NONE',  ( 14.22330004254519942, 11.18896446287262059, 5.000000000000000000 ) ) ;
#332 = VERTEX_POINT ( 'NONE', #3184 ) ;
#333 = ORIENTED_EDGE ( 'NONE', *, *, #2467, .F. ) ;
#334 = ORIENTED_EDGE ( 'NONE', *, *, #920, .F. ) ;
#335 = ORIENTED_EDGE ( 'NONE', *, *, #3472, .F. ) ;
#336 = VECTOR ( 'NONE', #2527, 1000.000000000000000 ) ;
#337 = ORIENTED_EDGE ( 'NONE', *, *, #4785, .F. ) ;
#338 = AXIS2_PLACEMENT_3D ( 'NONE', #5575, #1588, #5126 ) ;
#339 = VERTEX_POINT ( 'NONE', #4942 ) ;
#340 = CARTESIAN_POINT ( 'NONE',  ( 15.86533307656285174, 4.635380845820789908, 5.000000000000000000 ) ) ;
#341 = CARTESIAN_POINT ( 'NONE',  ( 3.656921938165305530, 0.8660254037844398178, -6.500000000000000000 ) ) ;
#342 = AXIS2_PLACEMENT_3D ( 'NONE', #2028, #195, #3806 ) ;
#343 = ORIENTED_EDGE ( 'NONE', *, *, #3734, .F. ) ;
#344 = CARTESIAN_POINT ( 'NONE',  ( 7.940775374758719529, 14.49619383368293946, -5.000000000000000000 ) ) ;
#345 = DIRECTION ( 'NONE',  ( 1.000000000000000000, 0.000000000000000000, 0.000000000000000000 ) ) ;
#346 = ADVANCED_FACE ( 'NONE', ( #5772 ), #5409, .F. ) ;
#347 = VECTOR ( 'NONE', #3540, 1000.000000000000000 ) ;
#348 = VECTOR ( 'NONE', #5387, 1000.000000000000000 ) ;
#350 = DIRECTION ( 'NONE',  ( 0.000000000000000000, 0.000000000000000000, 1.000000000000000000 ) ) ;
#349 = AXIS2_PLACEMENT_3D ( 'NONE', #5539, #3340, #2911 ) ;
#351 = ORIENTED_EDGE ( 'NONE', *, *, #1161, .F. ) ;
#352 = DIRECTION ( 'NONE',  ( 0.000000000000000000, 0.000000000000000000, -1.000000000000000000 ) ) ;
#353 = CARTESIAN_POINT ( 'NONE',  ( -1.921978404781394825E-14, 6.848270805104349773E-14, 5.000000000000000000 ) ) ;
#354 = DIRECTION ( 'NONE',  ( -0.9659258262890689783, -0.2588190451025180194, 0.000000000000000000 ) ) ;
#355 = AXIS2_PLACEMENT_3D ( 'NONE', #4856, #4416, #2133 ) ;
#356 = ORIENTED_EDGE ( 'NONE', *, *, #2690, .F. ) ;
#357 = EDGE_CURVE ( 'NONE', #5303, #666, #2929, .T. ) ;
#358 = AXIS2_PLACEMENT_3D ( 'NONE', #2532, #5212, #4288 ) ;
#359 = CARTESIAN_POINT ( 'NONE',  ( -3.117691453623979925, 1.800000000000000044, -6.500000000000000000 ) ) ;
#360 = VECTOR ( 'NONE', #2583, 1000.000000000000000 ) ;
#361 = CIRCLE ( 'NONE', #1845, 1.764902496759994666 ) ;
#362 = FACE_OUTER_BOUND ( 'NONE', #1421, .T. ) ;
#363 = CARTESIAN_POINT ( 'NONE',  ( 2.578277445616414809, -17.91222139392874979, 5.000000000000000000 ) ) ;
#364 = ADVANCED_FACE ( 'NONE', ( #3241 ), #3640, .T. ) ;
#365 = DIRECTION ( 'NONE',  ( 1.000000000000000000, 0.000000000000000000, 0.000000000000000000 ) ) ;
#366 = ORIENTED_EDGE ( 'NONE', *, *, #5075, .T. ) ;
#367 = VERTEX_POINT ( 'NONE', #2314 ) ;
#368 = VERTEX_POINT ( 'NONE', #5352 ) ;
#369 = ORIENTED_EDGE ( 'NONE', *, *, #3768, .T. ) ;
#370 = AXIS2_PLACEMENT_3D ( 'NONE', #5406, #4995, #5474 ) ;
#371 = CARTESIAN_POINT ( 'NONE',  ( -18.24264523787019954, 0.03220151268791665577, -5.000000000000000000 ) ) ;
#372 = ORIENTED_EDGE ( 'NONE', *, *, #1069, .T. ) ;
#373 = AXIS2_PLACEMENT_3D ( 'NONE', #371, #4816, #5195 ) ;
#374 = ORIENTED_EDGE ( 'NONE', *, *, #1881, .T. ) ;
#375 = EDGE_CURVE ( 'NONE', #5011, #5581, #1780, .T. ) ;
#376 = DIRECTION ( 'NONE',  ( -0.5000000000000005551, -0.8660254037844383745, 0.000000000000000000 ) ) ;
#377 = ADVANCED_FACE ( 'NONE', ( #3550 ), #2810, .F. ) ;
#378 = CARTESIAN_POINT ( 'NONE',  ( -11.52853332705895895, -13.95949521606320154, 5.000000000000000000 ) ) ;
#379 = DIRECTION ( 'NONE',  ( 0.000000000000000000, 0.000000000000000000, -1.000000000000000000 ) ) ;
#380 = DIRECTION ( 'NONE',  ( 0.000000000000000000, -1.000000000000000000, 0.000000000000000000 ) ) ;
#381 = ORIENTED_EDGE ( 'NONE', *, *, #3967, .T. ) ;
#382 = ORIENTED_EDGE ( 'NONE', *, *, #1595, .T. ) ;
#383 = LINE ( 'NONE', #3199, #2910 ) ;
#384 = CARTESIAN_POINT ( 'NONE',  ( 14.74869130177516041, -10.50003296401212083, 5.002000000000000668 ) ) ;
#385 = CARTESIAN_POINT ( 'NONE',  ( -0.3711837165545134876, -16.52445980553209637, 5.002000000000000668 ) ) ;
#386 = DIRECTION ( 'NONE',  ( 1.000000000000000000, 0.000000000000000000, 0.000000000000000000 ) ) ;
#387 = ORIENTED_EDGE ( 'NONE', *, *, #5552, .F. ) ;
#388 = CARTESIAN_POINT ( 'NONE',  ( -14.22330004254519942, 11.18896446287262059, 5.002000000000000668 ) ) ;
#389 = LINE ( 'NONE', #1285, #3780 ) ;
#390 = VERTEX_POINT ( 'NONE', #4012 ) ;
#391 = FACE_OUTER_BOUND ( 'NONE', #2335, .T. ) ;
#392 = CARTESIAN_POINT ( 'NONE',  ( 10.50003296401214037, -14.74869130177516041, 5.002000000000000668 ) ) ;
#393 = DIRECTION ( 'NONE',  ( -0.000000000000000000, -0.000000000000000000, 1.000000000000000000 ) ) ;
#394 = VERTEX_POINT ( 'NONE', #32 ) ;
#395 = VERTEX_POINT ( 'NONE', #1370 ) ;
#396 = CARTESIAN_POINT ( 'NONE',  ( 16.46764093829609976, -7.522724857905809692, 5.002000000000000668 ) ) ;
#397 = VERTEX_POINT ( 'NONE', #2723 ) ;
#398 = ORIENTED_EDGE ( 'NONE', *, *, #1329, .F. ) ;
#399 = VERTEX_POINT ( 'NONE', #681 ) ;
#400 = VERTEX_POINT ( 'NONE', #741 ) ;
#401 = FACE_OUTER_BOUND ( 'NONE', #4347, .T. ) ;
#402 = DIRECTION ( 'NONE',  ( 1.000000000000000000, 0.000000000000000000, 0.000000000000000000 ) ) ;
#403 = LINE ( 'NONE', #2711, #228 ) ;
#404 = AXIS2_PLACEMENT_3D ( 'NONE', #5049, #3860, #5194 ) ;
#405 = EDGE_CURVE ( 'NONE', #2849, #5124, #5505, .T. ) ;
#406 = EDGE_LOOP ( 'NONE', ( #3820, #5641, #1740, #3398 ) ) ;
#407 = DIRECTION ( 'NONE',  ( 0.000000000000000000, 0.000000000000000000, -1.000000000000000000 ) ) ;
#408 = AXIS2_PLACEMENT_3D ( 'NONE', #1965, #3280, #5183 ) ;
#409 = FACE_OUTER_BOUND ( 'NONE', #3916, .T. ) ;
#410 = ORIENTED_EDGE ( 'NONE', *, *, #4558, .T. ) ;
#411 = DIRECTION ( 'NONE',  ( 0.000000000000000000, 0.000000000000000000, 1.000000000000000000 ) ) ;
#412 = ADVANCED_FACE ( 'NONE', ( #3813 ), #154, .F. ) ;
#413 = VECTOR ( 'NONE', #3512, 1000.000000000000000 ) ;
#414 = DIRECTION ( 'NONE',  ( 0.000000000000000000, 0.000000000000000000, -1.000000000000000000 ) ) ;
#415 = CARTESIAN_POINT ( 'NONE',  ( -17.96918455708715001, -2.145599264782074744, 5.002000000000000668 ) ) ;
#416 = CARTESIAN_POINT ( 'NONE',  ( 12.92226806246459958, 12.87672824649239978, 5.000000000000000000 ) ) ;
#417 = ORIENTED_EDGE ( 'NONE', *, *, #3379, .T. ) ;
#418 = CARTESIAN_POINT ( 'NONE',  ( -17.96918455708715001, -2.145599264782074744, -5.000000000000000000 ) ) ;
#419 = AXIS2_PLACEMENT_3D ( 'NONE', #5604, #300, #5514 ) ;
#420 = ORIENTED_EDGE ( 'NONE', *, *, #3659, .F. ) ;
#421 = ORIENTED_EDGE ( 'NONE', *, *, #1196, .T. ) ;
#422 = EDGE_CURVE ( 'NONE', #1749, #492, #1240, .T. ) ;
#423 = DIRECTION ( 'NONE',  ( 0.000000000000000000, 0.000000000000000000, -1.000000000000000000 ) ) ;
#424 = ORIENTED_EDGE ( 'NONE', *, *, #2032, .T. ) ;
#425 = DIRECTION ( 'NONE',  ( 0.4999999999999998890, 0.8660254037844387076, 0.000000000000000000 ) ) ;
#426 = ORIENTED_EDGE ( 'NONE', *, *, #2662, .F. ) ;
#427 = AXIS2_PLACEMENT_3D ( 'NONE', #1769, #3951, #3114 ) ;
#428 = EDGE_CURVE ( 'NONE', #1429, #390, #5044, .T. ) ;
#429 = DIRECTION ( 'NONE',  ( -0.8660254037844387076, 0.4999999999999999445, 0.000000000000000000 ) ) ;
#430 = VECTOR ( 'NONE', #1408, 1000.000000000000000 ) ;
#431 = ORIENTED_EDGE ( 'NONE', *, *, #873, .F. ) ;
#432 = CARTESIAN_POINT ( 'NONE',  ( 4.690439747858779818, 17.62937653985285280, 5.002000000000000668 ) ) ;
#433 = CYLINDRICAL_SURFACE ( 'NONE', #3436, 0.4299999999999993272 ) ;
#434 = CARTESIAN_POINT ( 'NONE',  ( -8.402566836762660350E-16, 7.112366251504909087E-14, -5.000000000000000000 ) ) ;
#435 = ORIENTED_EDGE ( 'NONE', *, *, #869, .F. ) ;
#436 = DIRECTION ( 'NONE',  ( 0.000000000000000000, 0.000000000000000000, 1.000000000000000000 ) ) ;
#437 = AXIS2_PLACEMENT_3D ( 'NONE', #83, #3653, #2856 ) ;
#438 = CARTESIAN_POINT ( 'NONE',  ( 4.969787286824988859E-14, 5.088617526617949668E-14, 5.002000000000000668 ) ) ;
#439 = ORIENTED_EDGE ( 'NONE', *, *, #3884, .F. ) ;
#440 = CIRCLE ( 'NONE', #732, 1.764902496759995998 ) ;
#441 = CIRCLE ( 'NONE', #4711, 1.764902496759994888 ) ;
#442 = CARTESIAN_POINT ( 'NONE',  ( 0.03220151268792000032, 18.24264523787019954, 5.002000000000000668 ) ) ;
#443 = VERTEX_POINT ( 'NONE', #2463 ) ;
#444 = CIRCLE ( 'NONE', #5753, 16.52862817102734638 ) ;
#445 = ORIENTED_EDGE ( 'NONE', *, *, #4186, .F. ) ;
#446 = AXIS2_PLACEMENT_3D ( 'NONE', #1372, #471, #912 ) ;
#447 = CIRCLE ( 'NONE', #549, 0.4299999999999993272 ) ;
#448 = CARTESIAN_POINT ( 'NONE',  ( -11.18896446287262059, 14.22330004254517810, 5.000000000000000000 ) ) ;
#449 = CYLINDRICAL_SURFACE ( 'NONE', #4531, 16.52862817102734638 ) ;
#450 = CARTESIAN_POINT ( 'NONE',  ( -2.578277445616424579, 17.91222139392874979, 5.000000000000000000 ) ) ;
#451 = ADVANCED_FACE ( 'NONE', ( #655 ), #3360, .T. ) ;
#452 = ORIENTED_EDGE ( 'NONE', *, *, #2763, .T. ) ;
#453 = VERTEX_POINT ( 'NONE', #3273 ) ;
#454 = ORIENTED_EDGE ( 'NONE', *, *, #5342, .T. ) ;
#455 = CIRCLE ( 'NONE', #4996, 1.764902496759995998 ) ;
#456 = CARTESIAN_POINT ( 'NONE',  ( -12.87672824649239978, 12.92226806246459958, -5.000000000000000000 ) ) ;
#457 = VERTEX_POINT ( 'NONE', #1607 ) ;
#458 = EDGE_CURVE ( 'NONE', #482, #5303, #2565, .T. ) ;
#459 = LINE ( 'NONE', #930, #3510 ) ;
#460 = ADVANCED_FACE ( 'NONE', ( #183 ), #1981, .F. ) ;
#461 = CARTESIAN_POINT ( 'NONE',  ( 6.117477020638539264E-14, 3.628951489128784993E-14, 5.000000000000000000 ) ) ;
#462 = CARTESIAN_POINT ( 'NONE',  ( -14.22330004254517810, -11.18896446287264013, 5.000000000000000000 ) ) ;
#463 = EDGE_CURVE ( 'NONE', #4608, #4310, #309, .T. ) ;
#464 = CARTESIAN_POINT ( 'NONE',  ( -7.940775374758719529, -14.49619383368293946, 5.002000000000000668 ) ) ;
#465 = CARTESIAN_POINT ( 'NONE',  ( 14.12501011712842036, -8.583684430773390162, 5.002000000000000668 ) ) ;
#466 = ORIENTED_EDGE ( 'NONE', *, *, #5602, .F. ) ;
#467 = FACE_OUTER_BOUND ( 'NONE', #5544, .T. ) ;
#468 = ORIENTED_EDGE ( 'NONE', *, *, #4462, .T. ) ;
#469 = DIRECTION ( 'NONE',  ( 0.000000000000000000, 0.000000000000000000, -1.000000000000000000 ) ) ;
#470 = CARTESIAN_POINT ( 'NONE',  ( -17.02982512410865112, 7.295780857526770191, -5.000000000000000000 ) ) ;
#471 = DIRECTION ( 'NONE',  ( 0.000000000000000000, 0.000000000000000000, 1.000000000000000000 ) ) ;
#472 = CYLINDRICAL_SURFACE ( 'NONE', #1842, 0.4299999999999998268 ) ;
#473 = ORIENTED_EDGE ( 'NONE', *, *, #4439, .F. ) ;
#474 = ORIENTED_EDGE ( 'NONE', *, *, #1674, .F. ) ;
#475 = ORIENTED_EDGE ( 'NONE', *, *, #1054, .F. ) ;
#476 = FACE_OUTER_BOUND ( 'NONE', #2115, .T. ) ;
#477 = FACE_OUTER_BOUND ( 'NONE', #2292, .T. ) ;
#478 = ORIENTED_EDGE ( 'NONE', *, *, #3630, .F. ) ;
#479 = VERTEX_POINT ( 'NONE', #4596 ) ;
#480 = EDGE_CURVE ( 'NONE', #242, #3687, #3562, .T. ) ;
#481 = CYLINDRICAL_SURFACE ( 'NONE', #820, 0.4299999999999993272 ) ;
#482 = VERTEX_POINT ( 'NONE', #263 ) ;
#483 = CARTESIAN_POINT ( 'NONE',  ( -1.078460969082654541, 3.600000000000000089, -6.500000000000000000 ) ) ;
#484 = CARTESIAN_POINT ( 'NONE',  ( 17.96918455708715001, 2.145599264782074744, 5.000000000000000000 ) ) ;
#485 = ADVANCED_FACE ( 'NONE', ( #1173 ), #1955, .T. ) ;
#486 = CARTESIAN_POINT ( 'NONE',  ( -1.759653278486400105E-14, -6.891765691606369485E-14, 5.000000000000000000 ) ) ;
#487 = CARTESIAN_POINT ( 'NONE',  ( -8.583684430773390162, -14.12501011712842036, 5.002000000000000668 ) ) ;
#488 = CYLINDRICAL_SURFACE ( 'NONE', #4018, 18.52682817102719781 ) ;
#489 = DIRECTION ( 'NONE',  ( 0.8660254037844387076, -0.4999999999999998890, 0.000000000000000000 ) ) ;
#490 = DIRECTION ( 'NONE',  ( 0.8660254037844387076, 0.4999999999999999445, 0.000000000000000000 ) ) ;
#491 = CIRCLE ( 'NONE', #696, 1.764902496759995998 ) ;
#492 = VERTEX_POINT ( 'NONE', #1485 ) ;
#493 = ADVANCED_FACE ( 'NONE', ( #2039 ), #4707, .F. ) ;
#494 = DIRECTION ( 'NONE',  ( 0.9659258262890680902, 0.2588190451025215166, 0.000000000000000000 ) ) ;
#495 = ORIENTED_EDGE ( 'NONE', *, *, #2337, .T. ) ;
#496 = EDGE_CURVE ( 'NONE', #2529, #3767, #2408, .T. ) ;
#497 = CARTESIAN_POINT ( 'NONE',  ( -2.578277445616424579, 17.91222139392874979, 5.000000000000000000 ) ) ;
#498 = DIRECTION ( 'NONE',  ( 0.000000000000000000, 0.000000000000000000, -1.000000000000000000 ) ) ;
#499 = DIRECTION ( 'NONE',  ( 0.000000000000000000, 0.000000000000000000, -1.000000000000000000 ) ) ;
#500 = FACE_OUTER_BOUND ( 'NONE', #546, .T. ) ;
#501 = VERTEX_POINT ( 'NONE', #1516 ) ;
#502 = VERTEX_POINT ( 'NONE', #3301 ) ;
#503 = EDGE_CURVE ( 'NONE', #5676, #399, #1430, .T. ) ;
#504 = ORIENTED_EDGE ( 'NONE', *, *, #5392, .F. ) ;
#505 = CIRCLE ( 'NONE', #136, 16.52862817102734638 ) ;
#506 = VECTOR ( 'NONE', #5241, 1000.000000000000000 ) ;
#507 = DIRECTION ( 'NONE',  ( -0.000000000000000000, -0.000000000000000000, -1.000000000000000000 ) ) ;
#508 = DIRECTION ( 'NONE',  ( 0.000000000000000000, 0.000000000000000000, 1.000000000000000000 ) ) ;
#509 = DIRECTION ( 'NONE',  ( 0.000000000000000000, 0.000000000000000000, 1.000000000000000000 ) ) ;
#510 = VERTEX_POINT ( 'NONE', #5531 ) ;
#511 = EDGE_CURVE ( 'NONE', #3525, #4506, #4125, .T. ) ;
#512 = ORIENTED_EDGE ( 'NONE', *, *, #1303, .F. ) ;
#513 = EDGE_CURVE ( 'NONE', #4188, #457, #1628, .T. ) ;
#514 = VECTOR ( 'NONE', #2093, 1000.000000000000000 ) ;
#515 = CARTESIAN_POINT ( 'NONE',  ( -16.05747190671534952, 3.918308969584830326, 5.002000000000000668 ) ) ;
#516 = CIRCLE ( 'NONE', #4505, 18.95497617776954868 ) ;
#517 = CYLINDRICAL_SURFACE ( 'NONE', #5460, 18.52682817102719781 ) ;
#518 = CIRCLE ( 'NONE', #997, 16.52862817102733928 ) ;
#519 = EDGE_CURVE ( 'NONE', #4254, #4475, #505, .T. ) ;
#520 = CIRCLE ( 'NONE', #5739, 18.95497617776954868 ) ;
#521 = DIRECTION ( 'NONE',  ( 1.000000000000000000, 0.000000000000000000, 0.000000000000000000 ) ) ;
#522 = CYLINDRICAL_SURFACE ( 'NONE', #5536, 1.000000000000000000 ) ;
#523 = ORIENTED_EDGE ( 'NONE', *, *, #1606, .F. ) ;
#524 = DIRECTION ( 'NONE',  ( 0.000000000000000000, 0.000000000000000000, -1.000000000000000000 ) ) ;
#525 = CARTESIAN_POINT ( 'NONE',  ( 6.883008709270060699, -17.20080094608644927, -5.000000000000000000 ) ) ;
#526 = DIRECTION ( 'NONE',  ( 0.000000000000000000, 0.000000000000000000, -1.000000000000000000 ) ) ;
#527 = AXIS2_PLACEMENT_3D ( 'NONE', #1493, #5036, #5211 ) ;
#528 = ORIENTED_EDGE ( 'NONE', *, *, #4981, .T. ) ;
#529 = DIRECTION ( 'NONE',  ( 0.000000000000000000, 0.000000000000000000, 1.000000000000000000 ) ) ;
#530 = CIRCLE ( 'NONE', #233, 1.764902496759993999 ) ;
#531 = DIRECTION ( 'NONE',  ( 0.000000000000000000, 1.000000000000000000, 0.000000000000000000 ) ) ;
#532 = DIRECTION ( 'NONE',  ( -0.9659258262890680902, -0.2588190451025215166, 0.000000000000000000 ) ) ;
#533 = DIRECTION ( 'NONE',  ( -0.000000000000000000, 0.000000000000000000, 1.000000000000000000 ) ) ;
#534 = AXIS2_PLACEMENT_3D ( 'NONE', #3561, #5335, #5219 ) ;
#535 = CARTESIAN_POINT ( 'NONE',  ( -16.63456994411954781, -7.126448808901090004, 5.000000000000000000 ) ) ;
#536 = ADVANCED_FACE ( 'NONE', ( #1974 ), #2085, .F. ) ;
#537 = ORIENTED_EDGE ( 'NONE', *, *, #3999, .T. ) ;
#538 = ORIENTED_EDGE ( 'NONE', *, *, #1422, .F. ) ;
#539 = VECTOR ( 'NONE', #5541, 1000.000000000000000 ) ;
#540 = CARTESIAN_POINT ( 'NONE',  ( 17.20080094608644927, -6.883008709270060699, 5.000000000000000000 ) ) ;
#541 = CIRCLE ( 'NONE', #2601, 0.4300000000000000488 ) ;
#542 = VECTOR ( 'NONE', #5299, 1000.000000000000000 ) ;
#543 = CARTESIAN_POINT ( 'NONE',  ( 12.87672824649239978, -12.92226806246459958, 5.000000000000000000 ) ) ;
#544 = DIRECTION ( 'NONE',  ( 0.000000000000000000, 0.000000000000000000, 1.000000000000000000 ) ) ;
#545 = ORIENTED_EDGE ( 'NONE', *, *, #3728, .T. ) ;
#546 = EDGE_LOOP ( 'NONE', ( #4402, #4912, #571, #1136 ) ) ;
#547 = ORIENTED_EDGE ( 'NONE', *, *, #2909, .F. ) ;
#548 = CIRCLE ( 'NONE', #2885, 0.4299999999999993272 ) ;
#549 = AXIS2_PLACEMENT_3D ( 'NONE', #3818, #5596, #3933 ) ;
#550 = VECTOR ( 'NONE', #265, 1000.000000000000000 ) ;
#551 = CYLINDRICAL_SURFACE ( 'NONE', #4156, 1.764902496759995110 ) ;
#552 = AXIS2_PLACEMENT_3D ( 'NONE', #738, #3382, #5139 ) ;
#553 = ORIENTED_EDGE ( 'NONE', *, *, #4155, .F. ) ;
#554 = CIRCLE ( 'NONE', #2428, 1.764902496759995110 ) ;
#555 = EDGE_CURVE ( 'NONE', #3166, #1877, #5160, .T. ) ;
#556 = LINE ( 'NONE', #4064, #2942 ) ;
#557 = VERTEX_POINT ( 'NONE', #247 ) ;
#558 = DIRECTION ( 'NONE',  ( -0.7071067811865475727, -0.7071067811865475727, 0.000000000000000000 ) ) ;
#559 = DIRECTION ( 'NONE',  ( -0.2588190451025180194, -0.9659258262890689783, 0.000000000000000000 ) ) ;
#560 = ORIENTED_EDGE ( 'NONE', *, *, #848, .T. ) ;
#561 = CARTESIAN_POINT ( 'NONE',  ( 4.752648293360449472, 17.61270781032335009, 5.002000000000000668 ) ) ;
#562 = CARTESIAN_POINT ( 'NONE',  ( -11.45482623011523948, 14.56126086974063938, 5.000000000000000000 ) ) ;
#563 = LINE ( 'NONE', #2346, #80 ) ;
#564 = CARTESIAN_POINT ( 'NONE',  ( -2.578460969082653875, 2.733974596215561714, 6.500000000000000000 ) ) ;
#565 = DIRECTION ( 'NONE',  ( -0.000000000000000000, -0.000000000000000000, -1.000000000000000000 ) ) ;
#566 = ORIENTED_EDGE ( 'NONE', *, *, #5730, .F. ) ;
#567 = VERTEX_POINT ( 'NONE', #729 ) ;
#568 = CYLINDRICAL_SURFACE ( 'NONE', #1095, 16.52862817102733928 ) ;
#569 = DIRECTION ( 'NONE',  ( 0.000000000000000000, 0.000000000000000000, -1.000000000000000000 ) ) ;
#570 = FACE_OUTER_BOUND ( 'NONE', #4900, .T. ) ;
#571 = ORIENTED_EDGE ( 'NONE', *, *, #4257, .T. ) ;
#572 = ORIENTED_EDGE ( 'NONE', *, *, #2130, .T. ) ;
#573 = DIRECTION ( 'NONE',  ( 0.000000000000000000, 0.000000000000000000, 1.000000000000000000 ) ) ;
#574 = ORIENTED_EDGE ( 'NONE', *, *, #3745, .F. ) ;
#575 = ORIENTED_EDGE ( 'NONE', *, *, #1506, .T. ) ;
#576 = EDGE_CURVE ( 'NONE', #2112, #3165, #3435, .T. ) ;
#577 = AXIS2_PLACEMENT_3D ( 'NONE', #4425, #5301, #5752 ) ;
#578 = FACE_OUTER_BOUND ( 'NONE', #5237, .T. ) ;
#579 = CARTESIAN_POINT ( 'NONE',  ( -16.05747190671534952, -3.918308969584854751, -5.000000000000000000 ) ) ;
#580 = DIRECTION ( 'NONE',  ( 0.000000000000000000, 0.000000000000000000, 1.000000000000000000 ) ) ;
#581 = VECTOR ( 'NONE', #1148, 1000.000000000000000 ) ;
#582 = ORIENTED_EDGE ( 'NONE', *, *, #4165, .F. ) ;
#583 = EDGE_CURVE ( 'NONE', #368, #1713, #4675, .T. ) ;
#584 = DIRECTION ( 'NONE',  ( -0.000000000000000000, -0.000000000000000000, -1.000000000000000000 ) ) ;
#585 = VECTOR ( 'NONE', #2410, 1000.000000000000000 ) ;
#586 = FACE_OUTER_BOUND ( 'NONE', #1800, .T. ) ;
#587 = DIRECTION ( 'NONE',  ( -0.000000000000000000, 0.000000000000000000, 1.000000000000000000 ) ) ;
#588 = CARTESIAN_POINT ( 'NONE',  ( 18.24264523787019954, 0.03220151268792115218, 5.002000000000000668 ) ) ;
#589 = CARTESIAN_POINT ( 'NONE',  ( 18.95497617776954868, 1.165057210878772069E-15, -5.000000000000000000 ) ) ;
#590 = EDGE_CURVE ( 'NONE', #3950, #4701, #4496, .T. ) ;
#591 = ORIENTED_EDGE ( 'NONE', *, *, #4034, .F. ) ;
#592 = CARTESIAN_POINT ( 'NONE',  ( -6.117477020638539264E-14, -3.628951489128790042E-14, -5.000000000000000000 ) ) ;
#593 = CIRCLE ( 'NONE', #5135, 16.52862817102734638 ) ;
#594 = CARTESIAN_POINT ( 'NONE',  ( -7.940775374758739957, 14.49619383368293946, 5.002000000000000668 ) ) ;
#595 = LINE ( 'NONE', #155, #5412 ) ;
#596 = DIRECTION ( 'NONE',  ( 0.000000000000000000, 0.000000000000000000, 1.000000000000000000 ) ) ;
#597 = CARTESIAN_POINT ( 'NONE',  ( 1.718949636520940016, -18.02275782191794562, 5.002000000000000668 ) ) ;
#598 = VERTEX_POINT ( 'NONE', #2427 ) ;
#599 = ORIENTED_EDGE ( 'NONE', *, *, #3858, .F. ) ;
#600 = CARTESIAN_POINT ( 'NONE',  ( 7.126448808901080234, 16.63456994411954781, -5.000000000000000000 ) ) ;
#601 = AXIS2_PLACEMENT_3D ( 'NONE', #1766, #3973, #1322 ) ;
#602 = CIRCLE ( 'NONE', #1509, 0.4299999999999998823 ) ;
#603 = CYLINDRICAL_SURFACE ( 'NONE', #5658, 0.4299999999999993272 ) ;
#604 = CARTESIAN_POINT ( 'NONE',  ( 1.718949636520940016, -18.02275782191794562, 5.000000000000000000 ) ) ;
#605 = EDGE_LOOP ( 'NONE', ( #2963, #865, #366, #1102 ) ) ;
#606 = VERTEX_POINT ( 'NONE', #3407 ) ;
#607 = AXIS2_PLACEMENT_3D ( 'NONE', #4898, #1847, #164 ) ;
#608 = ORIENTED_EDGE ( 'NONE', *, *, #1653, .T. ) ;
#609 = ORIENTED_EDGE ( 'NONE', *, *, #5339, .F. ) ;
#610 = EDGE_CURVE ( 'NONE', #5659, #3204, #3400, .T. ) ;
#611 = PLANE ( 'NONE',  #4351 ) ;
#612 = AXIS2_PLACEMENT_3D ( 'NONE', #331, #2109, #3914 ) ;
#613 = DIRECTION ( 'NONE',  ( -0.8660254037844390407, -0.4999999999999993894, 0.000000000000000000 ) ) ;
#614 = DIRECTION ( 'NONE',  ( 0.000000000000000000, 0.000000000000000000, -1.000000000000000000 ) ) ;
#615 = CARTESIAN_POINT ( 'NONE',  ( -9.757819552369539906E-16, 2.376571162088224710E-13, 5.000000000000000000 ) ) ;
#616 = EDGE_CURVE ( 'NONE', #838, #3658, #4313, .T. ) ;
#617 = AXIS2_PLACEMENT_3D ( 'NONE', #257, #4243, #226 ) ;
#618 = ORIENTED_EDGE ( 'NONE', *, *, #3857, .T. ) ;
#619 = DIRECTION ( 'NONE',  ( -0.4999999999999998890, 0.8660254037844387076, 0.000000000000000000 ) ) ;
#620 = CIRCLE ( 'NONE', #3128, 1.764902496759993555 ) ;
#621 = DIRECTION ( 'NONE',  ( 0.000000000000000000, 0.000000000000000000, -1.000000000000000000 ) ) ;
#622 = CARTESIAN_POINT ( 'NONE',  ( 5.088617526617949668E-14, -4.969787286824988859E-14, -5.000000000000000000 ) ) ;
#623 = DIRECTION ( 'NONE',  ( 0.000000000000000000, 0.000000000000000000, 1.000000000000000000 ) ) ;
#624 = VECTOR ( 'NONE', #5203, 1000.000000000000000 ) ;
#625 = DIRECTION ( 'NONE',  ( 1.000000000000000000, 0.000000000000000000, 0.000000000000000000 ) ) ;
#626 = EDGE_CURVE ( 'NONE', #1286, #1805, #1245, .T. ) ;
#627 = CARTESIAN_POINT ( 'NONE',  ( 15.86533307656285174, -4.635380845820779250, -5.000000000000000000 ) ) ;
#628 = DIRECTION ( 'NONE',  ( 0.8660254037844387076, 0.4999999999999999445, 0.000000000000000000 ) ) ;
#629 = CYLINDRICAL_SURFACE ( 'NONE', #1571, 0.4299999999999998823 ) ;
#630 = AXIS2_PLACEMENT_3D ( 'NONE', #4747, #1153, #773 ) ;
#631 = LINE ( 'NONE', #597, #5208 ) ;
#632 = ORIENTED_EDGE ( 'NONE', *, *, #1103, .T. ) ;
#633 = AXIS2_PLACEMENT_3D ( 'NONE', #2275, #4881, #2720 ) ;
#634 = DIRECTION ( 'NONE',  ( 1.000000000000000000, 0.000000000000000000, 0.000000000000000000 ) ) ;
#635 = DIRECTION ( 'NONE',  ( 0.000000000000000000, 0.000000000000000000, 1.000000000000000000 ) ) ;
#636 = VERTEX_POINT ( 'NONE', #1534 ) ;
#637 = EDGE_LOOP ( 'NONE', ( #3556, #3922, #3991, #5496 ) ) ;
#638 = ORIENTED_EDGE ( 'NONE', *, *, #5318, .F. ) ;
#639 = VERTEX_POINT ( 'NONE', #2970 ) ;
#640 = CARTESIAN_POINT ( 'NONE',  ( 4.752648293360449472, 17.61270781032335009, 5.000000000000000000 ) ) ;
#641 = CIRCLE ( 'NONE', #4340, 0.4299999999999998823 ) ;
#642 = AXIS2_PLACEMENT_3D ( 'NONE', #188, #1967, #4637 ) ;
#643 = CARTESIAN_POINT ( 'NONE',  ( 9.149209946963129170, -15.78249345187885133, 5.000000000000000000 ) ) ;
#644 = DIRECTION ( 'NONE',  ( 0.000000000000000000, 0.000000000000000000, 1.000000000000000000 ) ) ;
#645 = MECHANICAL_DESIGN_GEOMETRIC_PRESENTATION_REPRESENTATION (  '', ( #4164 ), #2121 ) ;
#646 = ORIENTED_EDGE ( 'NONE', *, *, #626, .F. ) ;
#647 = CIRCLE ( 'NONE', #2322, 1.764902496759995998 ) ;
#648 = FACE_OUTER_BOUND ( 'NONE', #3956, .T. ) ;
#649 = CARTESIAN_POINT ( 'NONE',  ( -9.093435290907079249, 15.81469496456674939, -5.000000000000000000 ) ) ;
#650 = CIRCLE ( 'NONE', #3796, 1.764902496759994666 ) ;
#651 = DIRECTION ( 'NONE',  ( 1.000000000000000000, 0.000000000000000000, 0.000000000000000000 ) ) ;
#652 = LINE ( 'NONE', #3328, #3123 ) ;
#653 = DIRECTION ( 'NONE',  ( -0.000000000000000000, -0.000000000000000000, -1.000000000000000000 ) ) ;
#654 = AXIS2_PLACEMENT_3D ( 'NONE', #4217, #227, #3696 ) ;
#655 = FACE_OUTER_BOUND ( 'NONE', #1527, .T. ) ;
#656 = CARTESIAN_POINT ( 'NONE',  ( 18.02275782191794562, -1.718949636520935131, 5.002000000000000668 ) ) ;
#657 = CARTESIAN_POINT ( 'NONE',  ( -17.62937653985285280, -4.690439747858789588, 5.002000000000000668 ) ) ;
#658 = CARTESIAN_POINT ( 'NONE',  ( 0.000000000000000000, 1.165057210878772069E-15, -6.500000000000000000 ) ) ;
#659 = VERTEX_POINT ( 'NONE', #699 ) ;
#660 = CARTESIAN_POINT ( 'NONE',  ( -7.126448808901090004, 16.63456994411954781, -5.000000000000000000 ) ) ;
#661 = CARTESIAN_POINT ( 'NONE',  ( 17.85354414464755024, 3.004255121577014798, 5.000000000000000000 ) ) ;
#662 = FACE_OUTER_BOUND ( 'NONE', #1098, .T. ) ;
#663 = DIRECTION ( 'NONE',  ( 0.000000000000000000, 0.000000000000000000, 1.000000000000000000 ) ) ;
#664 = ORIENTED_EDGE ( 'NONE', *, *, #5670, .F. ) ;
#665 = ORIENTED_EDGE ( 'NONE', *, *, #2440, .T. ) ;
#666 = VERTEX_POINT ( 'NONE', #1160 ) ;
#667 = VERTEX_POINT ( 'NONE', #2481 ) ;
#668 = EDGE_CURVE ( 'NONE', #2905, #1559, #4401, .T. ) ;
#669 = DIRECTION ( 'NONE',  ( 0.8660254037844383745, 0.5000000000000003331, 0.000000000000000000 ) ) ;
#670 = CARTESIAN_POINT ( 'NONE',  ( -14.48897067933745930, 10.84273574818604047, -5.000000000000000000 ) ) ;
#671 = LINE ( 'NONE', #1162, #253 ) ;
#672 = ORIENTED_EDGE ( 'NONE', *, *, #5395, .F. ) ;
#673 = AXIS2_PLACEMENT_3D ( 'NONE', #2250, #839, #1731 ) ;
#674 = DIRECTION ( 'NONE',  ( -0.2588190451025196848, -0.9659258262890685343, 0.000000000000000000 ) ) ;
#675 = DIRECTION ( 'NONE',  ( 0.000000000000000000, 0.000000000000000000, -1.000000000000000000 ) ) ;
#676 = ORIENTED_EDGE ( 'NONE', *, *, #2690, .T. ) ;
#677 = CYLINDRICAL_SURFACE ( 'NONE', #2940, 1.764902496759993999 ) ;
#678 = CARTESIAN_POINT ( 'NONE',  ( 16.80157748816159824, -6.723256931056099894, 5.000000000000000000 ) ) ;
#679 = EDGE_CURVE ( 'NONE', #2054, #2244, #2933, .T. ) ;
#680 = CARTESIAN_POINT ( 'NONE',  ( -12.92226806246458182, -12.87672824649239978, 5.000000000000000000 ) ) ;
#681 = CARTESIAN_POINT ( 'NONE',  ( -14.74869130177517995, 10.50003296401212083, 5.000000000000000000 ) ) ;
#682 = DIRECTION ( 'NONE',  ( 0.000000000000000000, 0.000000000000000000, 1.000000000000000000 ) ) ;
#683 = CYLINDRICAL_SURFACE ( 'NONE', #310, 1.000000000000000000 ) ;
#684 = CARTESIAN_POINT ( 'NONE',  ( -17.61270781032335009, 4.752648293360439702, 5.000000000000000000 ) ) ;
#685 = EDGE_CURVE ( 'NONE', #400, #241, #5073, .T. ) ;
#686 = ORIENTED_EDGE ( 'NONE', *, *, #5395, .T. ) ;
#687 = ORIENTED_EDGE ( 'NONE', *, *, #2447, .T. ) ;
#688 = LINE ( 'NONE', #359, #4049 ) ;
#689 = DIRECTION ( 'NONE',  ( 0.000000000000000000, 0.000000000000000000, 1.000000000000000000 ) ) ;
#690 = EDGE_CURVE ( 'NONE', #3841, #3055, #3946, .T. ) ;
#691 = LINE ( 'NONE', #2503, #4405 ) ;
#692 = VERTEX_POINT ( 'NONE', #306 ) ;
#693 = ORIENTED_EDGE ( 'NONE', *, *, #5602, .T. ) ;
#694 = ORIENTED_EDGE ( 'NONE', *, *, #4756, .T. ) ;
#695 = ORIENTED_EDGE ( 'NONE', *, *, #5277, .T. ) ;
#696 = AXIS2_PLACEMENT_3D ( 'NONE', #874, #1392, #898 ) ;
#697 = DIRECTION ( 'NONE',  ( 0.000000000000000000, 0.000000000000000000, 1.000000000000000000 ) ) ;
#698 = EDGE_CURVE ( 'NONE', #636, #3767, #4777, .T. ) ;
#699 = CARTESIAN_POINT ( 'NONE',  ( -6.883008709270070469, 17.20080094608644927, 5.000000000000000000 ) ) ;
#700 = DIRECTION ( 'NONE',  ( 0.000000000000000000, 0.000000000000000000, 1.000000000000000000 ) ) ;
#701 = VECTOR ( 'NONE', #2888, 1000.000000000000000 ) ;
#702 = DIRECTION ( 'NONE',  ( 0.000000000000000000, 0.000000000000000000, 1.000000000000000000 ) ) ;
#703 = ORIENTED_EDGE ( 'NONE', *, *, #4606, .F. ) ;
#704 = AXIS2_PLACEMENT_3D ( 'NONE', #1235, #4805, #3940 ) ;
#705 = DIRECTION ( 'NONE',  ( -0.000000000000000000, -0.000000000000000000, -1.000000000000000000 ) ) ;
#706 = CARTESIAN_POINT ( 'NONE',  ( 3.628951489128790042E-14, -6.117477020638539264E-14, -5.000000000000000000 ) ) ;
#707 = AXIS2_PLACEMENT_3D ( 'NONE', #113, #584, #4959 ) ;
#708 = EDGE_CURVE ( 'NONE', #4254, #3191, #2029, .T. ) ;
#709 = DIRECTION ( 'NONE',  ( 1.000000000000000000, 0.000000000000000000, 0.000000000000000000 ) ) ;
#710 = CYLINDRICAL_SURFACE ( 'NONE', #1778, 18.52682817102719781 ) ;
#711 = CARTESIAN_POINT ( 'NONE',  ( 7.522724857905809692, 16.46764093829609976, 5.000000000000000000 ) ) ;
#712 = FACE_OUTER_BOUND ( 'NONE', #1156, .T. ) ;
#713 = LINE ( 'NONE', #3417, #5671 ) ;
#714 = AXIS2_PLACEMENT_3D ( 'NONE', #896, #2682, #429 ) ;
#715 = ORIENTED_EDGE ( 'NONE', *, *, #3865, .F. ) ;
#716 = DIRECTION ( 'NONE',  ( -0.000000000000000000, -0.000000000000000000, 1.000000000000000000 ) ) ;
#717 = CIRCLE ( 'NONE', #1443, 18.52682817102719781 ) ;
#718 = CIRCLE ( 'NONE', #2857, 18.52682817102719781 ) ;
#719 = ADVANCED_FACE ( 'NONE', ( #3807 ), #5582, .T. ) ;
#720 = CARTESIAN_POINT ( 'NONE',  ( -17.85354414464755024, -3.004255121577025012, -5.000000000000000000 ) ) ;
#721 = CARTESIAN_POINT ( 'NONE',  ( -7.522724857905809692, -16.46764093829609976, 5.000000000000000000 ) ) ;
#722 = ORIENTED_EDGE ( 'NONE', *, *, #1161, .T. ) ;
#723 = ORIENTED_EDGE ( 'NONE', *, *, #4238, .F. ) ;
#724 = EDGE_LOOP ( 'NONE', ( #1685, #1071, #4304, #3910 ) ) ;
#725 = ORIENTED_EDGE ( 'NONE', *, *, #3734, .T. ) ;
#726 = AXIS2_PLACEMENT_3D ( 'NONE', #3645, #1492, #3339 ) ;
#727 = LINE ( 'NONE', #2861, #2072 ) ;
#728 = DIRECTION ( 'NONE',  ( 0.4999999999999993894, 0.8660254037844390407, 0.000000000000000000 ) ) ;
#729 = CARTESIAN_POINT ( 'NONE',  ( -11.94702410697802009, -11.42209106089460136, 5.000000000000000000 ) ) ;
#730 = AXIS2_PLACEMENT_3D ( 'NONE', #2863, #2744, #4067 ) ;
#731 = ORIENTED_EDGE ( 'NONE', *, *, #4873, .T. ) ;
#732 = AXIS2_PLACEMENT_3D ( 'NONE', #543, #507, #2290 ) ;
#733 = CIRCLE ( 'NONE', #4528, 18.95497617776954868 ) ;
#734 = ORIENTED_EDGE ( 'NONE', *, *, #519, .T. ) ;
#735 = DIRECTION ( 'NONE',  ( -0.8660254037844383745, -0.5000000000000003331, 0.000000000000000000 ) ) ;
#736 = VECTOR ( 'NONE', #1811, 1000.000000000000000 ) ;
#737 = CARTESIAN_POINT ( 'NONE',  ( 4.635380845820789908, -15.86533307656285174, -5.000000000000000000 ) ) ;
#738 = CARTESIAN_POINT ( 'NONE',  ( -16.63456994411954781, 7.126448808901069576, -5.000000000000000000 ) ) ;
#739 = CIRCLE ( 'NONE', #2345, 18.52682817102719781 ) ;
#740 = EDGE_CURVE ( 'NONE', #5438, #639, #2570, .T. ) ;
#741 = CARTESIAN_POINT ( 'NONE',  ( 11.52853332705895895, 13.95949521606318022, -5.000000000000000000 ) ) ;
#742 = DIRECTION ( 'NONE',  ( 1.000000000000000000, 0.000000000000000000, 0.000000000000000000 ) ) ;
#743 = CARTESIAN_POINT ( 'NONE',  ( -8.402566836762660350E-16, 7.112366251504909087E-14, 5.000000000000000000 ) ) ;
#744 = CARTESIAN_POINT ( 'NONE',  ( 14.83324412511671930, -11.10037075072115975, -5.000000000000000000 ) ) ;
#745 = AXIS2_PLACEMENT_3D ( 'NONE', #4163, #3329, #5026 ) ;
#746 = ORIENTED_EDGE ( 'NONE', *, *, #1906, .T. ) ;
#747 = LINE ( 'NONE', #2105, #245 ) ;
#748 = ADVANCED_FACE ( 'NONE', ( #4817 ), #3053, .T. ) ;
#749 = DIRECTION ( 'NONE',  ( 0.9659258262890689783, -0.2588190451025180194, 0.000000000000000000 ) ) ;
#750 = CARTESIAN_POINT ( 'NONE',  ( -0.03220151268792000032, 18.24264523787019954, 5.000000000000000000 ) ) ;
#751 = ORIENTED_EDGE ( 'NONE', *, *, #590, .T. ) ;
#752 = ORIENTED_EDGE ( 'NONE', *, *, #4002, .T. ) ;
#753 = ORIENTED_EDGE ( 'NONE', *, *, #2351, .T. ) ;
#754 = ADVANCED_FACE ( 'NONE', ( #1325 ), #807, .F. ) ;
#755 = FACE_OUTER_BOUND ( 'NONE', #4048, .T. ) ;
#756 = DIRECTION ( 'NONE',  ( 0.000000000000000000, 0.000000000000000000, -1.000000000000000000 ) ) ;
#757 = ORIENTED_EDGE ( 'NONE', *, *, #2540, .T. ) ;
#758 = EDGE_CURVE ( 'NONE', #399, #1559, #4864, .T. ) ;
#759 = ADVANCED_FACE ( 'NONE', ( #2675 ), #1684, .T. ) ;
#760 = FACE_OUTER_BOUND ( 'NONE', #1166, .T. ) ;
#761 = ORIENTED_EDGE ( 'NONE', *, *, #79, .F. ) ;
#762 = DIRECTION ( 'NONE',  ( -0.2588190451025180194, -0.9659258262890689783, 0.000000000000000000 ) ) ;
#763 = DIRECTION ( 'NONE',  ( -1.000000000000000000, 0.000000000000000000, 0.000000000000000000 ) ) ;
#764 = DIRECTION ( 'NONE',  ( 0.000000000000000000, 0.000000000000000000, 1.000000000000000000 ) ) ;
#765 = ADVANCED_FACE ( 'NONE', ( #4325 ), #3139, .F. ) ;
#766 = ORIENTED_EDGE ( 'NONE', *, *, #1606, .T. ) ;
#767 = LINE ( 'NONE', #4333, #3831 ) ;
#768 = CYLINDRICAL_SURFACE ( 'NONE', #4167, 16.52862817102734638 ) ;
#769 = DIRECTION ( 'NONE',  ( 1.000000000000000000, 0.000000000000000000, 0.000000000000000000 ) ) ;
#770 = LINE ( 'NONE', #2612, #3897 ) ;
#771 = LINE ( 'NONE', #3846, #1963 ) ;
#772 = ORIENTED_EDGE ( 'NONE', *, *, #2997, .T. ) ;
#773 = DIRECTION ( 'NONE',  ( 1.000000000000000000, 0.000000000000000000, 0.000000000000000000 ) ) ;
#774 = DIRECTION ( 'NONE',  ( 1.000000000000000000, 0.000000000000000000, 0.000000000000000000 ) ) ;
#775 = DIRECTION ( 'NONE',  ( 0.000000000000000000, 0.000000000000000000, 1.000000000000000000 ) ) ;
#776 = DIRECTION ( 'NONE',  ( 0.000000000000000000, 0.000000000000000000, 1.000000000000000000 ) ) ;
#777 = ORIENTED_EDGE ( 'NONE', *, *, #740, .T. ) ;
#778 = VERTEX_POINT ( 'NONE', #103 ) ;
#779 = VERTEX_POINT ( 'NONE', #4051 ) ;
#780 = ORIENTED_EDGE ( 'NONE', *, *, #2989, .T. ) ;
#781 = FACE_OUTER_BOUND ( 'NONE', #3992, .T. ) ;
#782 = AXIS2_PLACEMENT_3D ( 'NONE', #4166, #5057, #709 ) ;
#783 = ORIENTED_EDGE ( 'NONE', *, *, #4660, .F. ) ;
#784 = DIRECTION ( 'NONE',  ( 0.000000000000000000, 0.000000000000000000, 1.000000000000000000 ) ) ;
#785 = CARTESIAN_POINT ( 'NONE',  ( -11.45482623011523948, -14.56126086974063938, 5.000000000000000000 ) ) ;
#786 = VECTOR ( 'NONE', #4974, 1000.000000000000000 ) ;
#787 = VECTOR ( 'NONE', #1121, 1000.000000000000000 ) ;
#788 = CARTESIAN_POINT ( 'NONE',  ( -9.757819552369539906E-16, 2.376571162088224710E-13, -5.000000000000000000 ) ) ;
#789 = ORIENTED_EDGE ( 'NONE', *, *, #5494, .T. ) ;
#790 = CARTESIAN_POINT ( 'NONE',  ( 16.05747190671534952, 3.918308969584845425, 5.000000000000000000 ) ) ;
#791 = CARTESIAN_POINT ( 'NONE',  ( 16.46764093829609976, -7.522724857905809692, -5.000000000000000000 ) ) ;
#792 = DIRECTION ( 'NONE',  ( 0.000000000000000000, 0.000000000000000000, 1.000000000000000000 ) ) ;
#793 = LINE ( 'NONE', #5534, #1686 ) ;
#794 = VERTEX_POINT ( 'NONE', #3170 ) ;
#795 = DIRECTION ( 'NONE',  ( 0.000000000000000000, 1.000000000000000000, 0.000000000000000000 ) ) ;
#796 = EDGE_LOOP ( 'NONE', ( #1786, #686, #1237, #4793 ) ) ;
#797 = EDGE_CURVE ( 'NONE', #2241, #1818, #5238, .T. ) ;
#798 = AXIS2_PLACEMENT_3D ( 'NONE', #87, #1081, #2977 ) ;
#799 = AXIS2_PLACEMENT_3D ( 'NONE', #3159, #3961, #3575 ) ;
#800 = CARTESIAN_POINT ( 'NONE',  ( 14.48897067933745930, 10.84273574818606001, 5.000000000000000000 ) ) ;
#801 = CARTESIAN_POINT ( 'NONE',  ( -18.95497617776954868, 3.486372301280752233E-15, -5.000000000000000000 ) ) ;
#802 = ORIENTED_EDGE ( 'NONE', *, *, #1531, .T. ) ;
#803 = ORIENTED_EDGE ( 'NONE', *, *, #2475, .T. ) ;
#804 = ORIENTED_EDGE ( 'NONE', *, *, #5027, .T. ) ;
#805 = CIRCLE ( 'NONE', #2399, 18.95497617776954868 ) ;
#806 = FACE_OUTER_BOUND ( 'NONE', #1557, .T. ) ;
#807 = CYLINDRICAL_SURFACE ( 'NONE', #1993, 1.764902496759993999 ) ;
#808 = ORIENTED_EDGE ( 'NONE', *, *, #5428, .F. ) ;
#809 = ORIENTED_EDGE ( 'NONE', *, *, #1621, .F. ) ;
#810 = AXIS2_PLACEMENT_3D ( 'NONE', #1895, #3674, #3218 ) ;
#811 = CIRCLE ( 'NONE', #2289, 0.4299999999999993272 ) ;
#812 = ORIENTED_EDGE ( 'NONE', *, *, #758, .T. ) ;
#813 = CYLINDRICAL_SURFACE ( 'NONE', #4965, 1.764902496759994888 ) ;
#814 = EDGE_LOOP ( 'NONE', ( #4460, #5751, #356, #2982 ) ) ;
#815 = DIRECTION ( 'NONE',  ( -0.9659258262890680902, 0.2588190451025210170, 0.000000000000000000 ) ) ;
#816 = DIRECTION ( 'NONE',  ( 0.000000000000000000, 0.000000000000000000, -1.000000000000000000 ) ) ;
#817 = VECTOR ( 'NONE', #3309, 1000.000000000000000 ) ;
#818 = EDGE_CURVE ( 'NONE', #2024, #3190, #4954, .T. ) ;
#819 = VERTEX_POINT ( 'NONE', #129 ) ;
#820 = AXIS2_PLACEMENT_3D ( 'NONE', #1475, #3261, #4526 ) ;
#821 = EDGE_CURVE ( 'NONE', #4404, #4730, #1899, .T. ) ;
#822 = VECTOR ( 'NONE', #2791, 1000.000000000000000 ) ;
#823 = ORIENTED_EDGE ( 'NONE', *, *, #1094, .F. ) ;
#824 = CARTESIAN_POINT ( 'NONE',  ( -9.757819552369539906E-16, 2.376571162088224710E-13, 5.000000000000000000 ) ) ;
#825 = CARTESIAN_POINT ( 'NONE',  ( 1.718949636520940016, 18.02275782191794562, 5.002000000000000668 ) ) ;
#826 = CARTESIAN_POINT ( 'NONE',  ( 3.656921938165306418, -0.8660254037844381525, 6.500000000000000000 ) ) ;
#827 = FACE_OUTER_BOUND ( 'NONE', #2625, .T. ) ;
#828 = VECTOR ( 'NONE', #1288, 1000.000000000000000 ) ;
#829 = VERTEX_POINT ( 'NONE', #4928 ) ;
#830 = ADVANCED_FACE ( 'NONE', ( #570 ), #2326, .F. ) ;
#831 = CIRCLE ( 'NONE', #358, 1.764902496759994444 ) ;
#832 = DIRECTION ( 'NONE',  ( 0.000000000000000000, 0.000000000000000000, -1.000000000000000000 ) ) ;
#833 = AXIS2_PLACEMENT_3D ( 'NONE', #3552, #5382, #3130 ) ;
#834 = AXIS2_PLACEMENT_3D ( 'NONE', #2068, #792, #2986 ) ;
#835 = CARTESIAN_POINT ( 'NONE',  ( -2.078460969082654763, 3.600000000000000089, -6.500000000000000000 ) ) ;
#836 = CARTESIAN_POINT ( 'NONE',  ( -9.757819552369539906E-16, 2.376571162088224710E-13, -5.000000000000000000 ) ) ;
#837 = LINE ( 'NONE', #2166, #787 ) ;
#838 = VERTEX_POINT ( 'NONE', #953 ) ;
#839 = DIRECTION ( 'NONE',  ( 0.000000000000000000, 0.000000000000000000, 1.000000000000000000 ) ) ;
#840 = ORIENTED_EDGE ( 'NONE', *, *, #2088, .F. ) ;
#841 = EDGE_CURVE ( 'NONE', #2659, #995, #5010, .T. ) ;
#842 = VERTEX_POINT ( 'NONE', #4518 ) ;
#843 = AXIS2_PLACEMENT_3D ( 'NONE', #992, #1544, #4192 ) ;
#844 = CARTESIAN_POINT ( 'NONE',  ( 17.02982512410865112, 7.295780857526789731, -5.000000000000000000 ) ) ;
#845 = EDGE_CURVE ( 'NONE', #829, #479, #5524, .T. ) ;
#846 = VERTEX_POINT ( 'NONE', #604 ) ;
#847 = CYLINDRICAL_SURFACE ( 'NONE', #1815, 18.52682817102719781 ) ;
#848 = EDGE_CURVE ( 'NONE', #3463, #1229, #41, .T. ) ;
#849 = ORIENTED_EDGE ( 'NONE', *, *, #3924, .T. ) ;
#850 = CIRCLE ( 'NONE', #373, 1.764902496759994888 ) ;
#851 = CYLINDRICAL_SURFACE ( 'NONE', #3219, 18.52682817102719781 ) ;
#852 = DIRECTION ( 'NONE',  ( 0.2588190451025182970, 0.9659258262890689783, 0.000000000000000000 ) ) ;
#853 = CARTESIAN_POINT ( 'NONE',  ( -11.42209106089458004, 11.94702410697802009, 5.002000000000000668 ) ) ;
#854 = CARTESIAN_POINT ( 'NONE',  ( -11.94702410697802009, -11.42209106089460136, -5.000000000000000000 ) ) ;
#855 = ORIENTED_EDGE ( 'NONE', *, *, #2149, .F. ) ;
#856 = LINE ( 'NONE', #1283, #5267 ) ;
#857 = CIRCLE ( 'NONE', #1966, 0.4300000000000000488 ) ;
#858 = FACE_OUTER_BOUND ( 'NONE', #277, .T. ) ;
#859 = FACE_OUTER_BOUND ( 'NONE', #2702, .T. ) ;
#860 = CIRCLE ( 'NONE', #4846, 1.764902496759994444 ) ;
#861 = CYLINDRICAL_SURFACE ( 'NONE', #3418, 1.000000000000000222 ) ;
#862 = CYLINDRICAL_SURFACE ( 'NONE', #3427, 0.4299999999999997713 ) ;
#863 = ORIENTED_EDGE ( 'NONE', *, *, #511, .F. ) ;
#864 = EDGE_LOOP ( 'NONE', ( #5246, #5283, #2193, #420 ) ) ;
#865 = ORIENTED_EDGE ( 'NONE', *, *, #555, .T. ) ;
#866 = CARTESIAN_POINT ( 'NONE',  ( -13.95949521606318022, 11.52853332705895895, 5.002000000000000668 ) ) ;
#867 = ORIENTED_EDGE ( 'NONE', *, *, #5278, .T. ) ;
#868 = ORIENTED_EDGE ( 'NONE', *, *, #2038, .F. ) ;
#869 = EDGE_CURVE ( 'NONE', #1970, #1104, #3300, .T. ) ;
#870 = EDGE_CURVE ( 'NONE', #501, #884, #2743, .T. ) ;
#871 = CARTESIAN_POINT ( 'NONE',  ( -3.918308969584854751, 16.05747190671534952, -5.000000000000000000 ) ) ;
#872 = CIRCLE ( 'NONE', #3585, 1.000000000000000222 ) ;
#873 = EDGE_CURVE ( 'NONE', #1011, #2620, #972, .T. ) ;
#874 = CARTESIAN_POINT ( 'NONE',  ( -12.92226806246459958, 12.87672824649239978, -5.000000000000000000 ) ) ;
#875 = AXIS2_PLACEMENT_3D ( 'NONE', #120, #529, #3666 ) ;
#876 = CARTESIAN_POINT ( 'NONE',  ( -17.96918455708715001, 2.145599264782074744, 5.000000000000000000 ) ) ;
#877 = ORIENTED_EDGE ( 'NONE', *, *, #463, .F. ) ;
#878 = ADVANCED_FACE ( 'NONE', ( #3310 ), #4722, .T. ) ;
#879 = DIRECTION ( 'NONE',  ( 0.000000000000000000, -1.000000000000000000, 0.000000000000000000 ) ) ;
#880 = AXIS2_PLACEMENT_3D ( 'NONE', #4612, #3351, #3861 ) ;
#881 = EDGE_CURVE ( 'NONE', #819, #846, #3205, .T. ) ;
#882 = CYLINDRICAL_SURFACE ( 'NONE', #917, 0.4299999999999998823 ) ;
#883 = FACE_OUTER_BOUND ( 'NONE', #3364, .T. ) ;
#884 = VERTEX_POINT ( 'NONE', #275 ) ;
#885 = CIRCLE ( 'NONE', #4129, 18.95497617776954868 ) ;
#886 = ORIENTED_EDGE ( 'NONE', *, *, #610, .F. ) ;
#887 = CARTESIAN_POINT ( 'NONE',  ( -6.325010817588590406, 16.96375033764019946, 5.000000000000000000 ) ) ;
#888 = CIRCLE ( 'NONE', #1439, 0.4299999999999993272 ) ;
#889 = DIRECTION ( 'NONE',  ( 0.000000000000000000, 0.000000000000000000, -1.000000000000000000 ) ) ;
#890 = CARTESIAN_POINT ( 'NONE',  ( -14.74869130177517995, 10.50003296401212083, 5.002000000000000668 ) ) ;
#891 = DIRECTION ( 'NONE',  ( 0.000000000000000000, 0.000000000000000000, 1.000000000000000000 ) ) ;
#892 = ORIENTED_EDGE ( 'NONE', *, *, #1567, .T. ) ;
#893 = ORIENTED_EDGE ( 'NONE', *, *, #3322, .F. ) ;
#894 = AXIS2_PLACEMENT_3D ( 'NONE', #5714, #3039, #4742 ) ;
#895 = AXIS2_PLACEMENT_3D ( 'NONE', #3008, #4282, #4388 ) ;
#896 = CARTESIAN_POINT ( 'NONE',  ( -7.126448808901080234, -16.63456994411954781, 5.002000000000000668 ) ) ;
#897 = VECTOR ( 'NONE', #3014, 1000.000000000000000 ) ;
#898 = DIRECTION ( 'NONE',  ( 0.7071067811865470176, 0.7071067811865480168, 0.000000000000000000 ) ) ;
#899 = ORIENTED_EDGE ( 'NONE', *, *, #5392, .T. ) ;
#900 = LINE ( 'NONE', #53, #3065 ) ;
#901 = DIRECTION ( 'NONE',  ( -1.000000000000000000, 0.000000000000000000, 0.000000000000000000 ) ) ;
#902 = EDGE_LOOP ( 'NONE', ( #1033, #2524, #2973, #5355, #5178, #1812, #5685, #2170, #5492, #15, #75, #553, #855, #3491, #609 ) ) ;
#903 = EDGE_CURVE ( 'NONE', #1158, #132, #3030, .T. ) ;
#904 = AXIS2_PLACEMENT_3D ( 'NONE', #4588, #524, #4189 ) ;
#905 = EDGE_CURVE ( 'NONE', #1900, #4701, #5725, .T. ) ;
#906 = LINE ( 'NONE', #1755, #62 ) ;
#907 = VERTEX_POINT ( 'NONE', #5488 ) ;
#908 = CIRCLE ( 'NONE', #3235, 16.52862817102734638 ) ;
#909 = DIRECTION ( 'NONE',  ( -0.9659258262890680902, 0.2588190451025215166, 0.000000000000000000 ) ) ;
#910 = CIRCLE ( 'NONE', #3789, 1.764902496759994888 ) ;
#911 = CYLINDRICAL_SURFACE ( 'NONE', #3341, 16.52862817102735349 ) ;
#912 = DIRECTION ( 'NONE',  ( 0.9659258262890689783, 0.2588190451025180194, 0.000000000000000000 ) ) ;
#913 = DIRECTION ( 'NONE',  ( -0.000000000000000000, -0.000000000000000000, 1.000000000000000000 ) ) ;
#914 = VERTEX_POINT ( 'NONE', #212 ) ;
#915 = AXIS2_PLACEMENT_3D ( 'NONE', #800, #2136, #3913 ) ;
#916 = ORIENTED_EDGE ( 'NONE', *, *, #1469, .T. ) ;
#917 = AXIS2_PLACEMENT_3D ( 'NONE', #999, #2752, #1782 ) ;
#918 = VECTOR ( 'NONE', #3609, 1000.000000000000000 ) ;
#919 = LINE ( 'NONE', #3458, #2557 ) ;
#920 = EDGE_CURVE ( 'NONE', #884, #4640, #3396, .T. ) ;
#921 = CYLINDRICAL_SURFACE ( 'NONE', #4809, 16.52862817102734638 ) ;
#922 = VERTEX_POINT ( 'NONE', #5152 ) ;
#923 = CARTESIAN_POINT ( 'NONE',  ( 4.690439747858779818, -17.62937653985285280, 5.000000000000000000 ) ) ;
#924 = VERTEX_POINT ( 'NONE', #1555 ) ;
#925 = VERTEX_POINT ( 'NONE', #5068 ) ;
#926 = CIRCLE ( 'NONE', #4175, 18.95497617776954868 ) ;
#927 = CARTESIAN_POINT ( 'NONE',  ( -17.85354414464755024, -3.004255121577025012, 5.000000000000000000 ) ) ;
#928 = DIRECTION ( 'NONE',  ( 0.000000000000000000, 0.000000000000000000, 1.000000000000000000 ) ) ;
#929 = LINE ( 'NONE', #483, #4683 ) ;
#930 = CARTESIAN_POINT ( 'NONE',  ( -2.578460969082654319, 2.733974596215560382, -6.500000000000000000 ) ) ;
#931 = ADVANCED_FACE ( 'NONE', ( #3765 ), #2904, .T. ) ;
#932 = CARTESIAN_POINT ( 'NONE',  ( 7.126448808901080234, 16.63456994411954781, 5.000000000000000000 ) ) ;
#933 = DIRECTION ( 'NONE',  ( -0.2588190451025214611, 0.9659258262890680902, 0.000000000000000000 ) ) ;
#934 = VERTEX_POINT ( 'NONE', #5128 ) ;
#935 = LINE ( 'NONE', #825, #3348 ) ;
#936 = CARTESIAN_POINT ( 'NONE',  ( 18.39615160824795126, -2.196580998991904732, 5.000000000000000000 ) ) ;
#937 = DIRECTION ( 'NONE',  ( 0.000000000000000000, 0.000000000000000000, 1.000000000000000000 ) ) ;
#938 = EDGE_LOOP ( 'NONE', ( #31, #2602, #5578, #2321 ) ) ;
#939 = CARTESIAN_POINT ( 'NONE',  ( -9.757819552369539906E-16, 2.376571162088224710E-13, 5.000000000000000000 ) ) ;
#940 = ORIENTED_EDGE ( 'NONE', *, *, #405, .F. ) ;
#941 = VECTOR ( 'NONE', #1151, 1000.000000000000000 ) ;
#942 = DIRECTION ( 'NONE',  ( -0.000000000000000000, -0.000000000000000000, -1.000000000000000000 ) ) ;
#943 = EDGE_CURVE ( 'NONE', #1215, #4279, #1996, .T. ) ;
#944 = CARTESIAN_POINT ( 'NONE',  ( 17.20080094608644927, -6.883008709270060699, 5.000000000000000000 ) ) ;
#945 = CARTESIAN_POINT ( 'NONE',  ( -6.883008709270060699, -17.20080094608644927, -5.000000000000000000 ) ) ;
#946 = DIRECTION ( 'NONE',  ( 0.7071067811865472397, 0.7071067811865480168, 0.000000000000000000 ) ) ;
#947 = VERTEX_POINT ( 'NONE', #5102 ) ;
#948 = CARTESIAN_POINT ( 'NONE',  ( -3.918308969584854751, 16.05747190671534952, 5.000000000000000000 ) ) ;
#949 = VERTEX_POINT ( 'NONE', #1066 ) ;
#950 = CIRCLE ( 'NONE', #4171, 0.4299999999999997713 ) ;
#951 = DIRECTION ( 'NONE',  ( -0.8660254037844387076, -0.4999999999999999445, 0.000000000000000000 ) ) ;
#952 = DIRECTION ( 'NONE',  ( 1.000000000000000000, 0.000000000000000000, 0.000000000000000000 ) ) ;
#953 = CARTESIAN_POINT ( 'NONE',  ( -11.45482623011521994, -14.56126086974063938, -5.000000000000000000 ) ) ;
#954 = LINE ( 'NONE', #1012, #1367 ) ;
#955 = CARTESIAN_POINT ( 'NONE',  ( -1.078460969082654541, 3.600000000000000089, 6.500000000000000000 ) ) ;
#956 = VERTEX_POINT ( 'NONE', #721 ) ;
#957 = EDGE_LOOP ( 'NONE', ( #693, #1216, #5164, #2358 ) ) ;
#958 = DIRECTION ( 'NONE',  ( -0.9659258262890689783, 0.2588190451025182970, 0.000000000000000000 ) ) ;
#959 = ORIENTED_EDGE ( 'NONE', *, *, #698, .F. ) ;
#960 = DIRECTION ( 'NONE',  ( 0.000000000000000000, 0.000000000000000000, -1.000000000000000000 ) ) ;
#961 = FACE_OUTER_BOUND ( 'NONE', #5223, .T. ) ;
#962 = FACE_OUTER_BOUND ( 'NONE', #3918, .T. ) ;
#963 = CARTESIAN_POINT ( 'NONE',  ( -9.757819552369539906E-16, 2.376571162088224710E-13, 5.000000000000000000 ) ) ;
#964 = ORIENTED_EDGE ( 'NONE', *, *, #2062, .T. ) ;
#965 = AXIS2_PLACEMENT_3D ( 'NONE', #2800, #702, #4239 ) ;
#966 = DIRECTION ( 'NONE',  ( -0.5000000000000003331, 0.8660254037844383745, 0.000000000000000000 ) ) ;
#967 = CARTESIAN_POINT ( 'NONE',  ( 9.093435290907070367, 15.81469496456674939, 5.000000000000000000 ) ) ;
#968 = CARTESIAN_POINT ( 'NONE',  ( 17.96918455708715001, 2.145599264782074744, 5.002000000000000668 ) ) ;
#969 = CYLINDRICAL_SURFACE ( 'NONE', #1600, 1.764902496759994888 ) ;
#970 = ORIENTED_EDGE ( 'NONE', *, *, #4611, .T. ) ;
#971 = ORIENTED_EDGE ( 'NONE', *, *, #903, .F. ) ;
#972 = CIRCLE ( 'NONE', #1715, 0.4299999999999997713 ) ;
#973 = EDGE_CURVE ( 'NONE', #4364, #5476, #5245, .T. ) ;
#974 = AXIS2_PLACEMENT_3D ( 'NONE', #1543, #1979, #90 ) ;
#975 = LINE ( 'NONE', #4489, #822 ) ;
#976 = ORIENTED_EDGE ( 'NONE', *, *, #848, .F. ) ;
#977 = EDGE_LOOP ( 'NONE', ( #1233, #4690, #2862, #4855 ) ) ;
#978 = LINE ( 'NONE', #4920, #4061 ) ;
#979 = EDGE_CURVE ( 'NONE', #5154, #2705, #4204, .T. ) ;
#980 = ADVANCED_FACE ( 'NONE', ( #1132 ), #4604, .F. ) ;
#981 = AXIS2_PLACEMENT_3D ( 'NONE', #1200, #287, #2916 ) ;
#982 = DIRECTION ( 'NONE',  ( 0.000000000000000000, 0.000000000000000000, -1.000000000000000000 ) ) ;
#983 = FACE_OUTER_BOUND ( 'NONE', #2987, .T. ) ;
#984 = VERTEX_POINT ( 'NONE', #1155 ) ;
#985 = AXIS2_PLACEMENT_3D ( 'NONE', #1165, #1630, #4733 ) ;
#986 = CIRCLE ( 'NONE', #2003, 18.52682817102719781 ) ;
#987 = VERTEX_POINT ( 'NONE', #4289 ) ;
#988 = DIRECTION ( 'NONE',  ( 0.000000000000000000, 0.000000000000000000, 1.000000000000000000 ) ) ;
#989 = LINE ( 'NONE', #1774, #2921 ) ;
#990 = EDGE_CURVE ( 'NONE', #794, #5011, #1338, .T. ) ;
#991 = FACE_OUTER_BOUND ( 'NONE', #4148, .T. ) ;
#992 = CARTESIAN_POINT ( 'NONE',  ( 17.96918455708715001, -2.145599264782074744, 5.000000000000000000 ) ) ;
#993 = AXIS2_PLACEMENT_3D ( 'NONE', #3249, #5451, #2441 ) ;
#994 = EDGE_CURVE ( 'NONE', #279, #4426, #691, .T. ) ;
#995 = VERTEX_POINT ( 'NONE', #189 ) ;
#996 = DIRECTION ( 'NONE',  ( 0.000000000000000000, 0.000000000000000000, -1.000000000000000000 ) ) ;
#997 = AXIS2_PLACEMENT_3D ( 'NONE', #4187, #5048, #669 ) ;
#998 = CARTESIAN_POINT ( 'NONE',  ( -18.02275782191794562, 1.718949636520935131, 5.000000000000000000 ) ) ;
#999 = CARTESIAN_POINT ( 'NONE',  ( -10.84273574818606001, -14.48897067933745930, 5.000000000000000000 ) ) ;
#1000 = CARTESIAN_POINT ( 'NONE',  ( -17.96918455708715001, 2.145599264782074744, 5.000000000000000000 ) ) ;
#1001 = CIRCLE ( 'NONE', #69, 1.764902496759995998 ) ;
#1002 = DIRECTION ( 'NONE',  ( 1.000000000000000000, 0.000000000000000000, 0.000000000000000000 ) ) ;
#1003 = ORIENTED_EDGE ( 'NONE', *, *, #4981, .F. ) ;
#1004 = VERTEX_POINT ( 'NONE', #5542 ) ;
#1005 = EDGE_CURVE ( 'NONE', #1011, #1904, #4664, .T. ) ;
#1006 = AXIS2_PLACEMENT_3D ( 'NONE', #3475, #5673, #5700 ) ;
#1007 = VECTOR ( 'NONE', #4311, 1000.000000000000000 ) ;
#1008 = CIRCLE ( 'NONE', #4815, 1.000000000000000000 ) ;
#1009 = DIRECTION ( 'NONE',  ( 0.000000000000000000, 0.000000000000000000, 1.000000000000000000 ) ) ;
#1010 = CARTESIAN_POINT ( 'NONE',  ( 6.117477020638539264E-14, 3.628951489128784993E-14, -5.000000000000000000 ) ) ;
#1011 = VERTEX_POINT ( 'NONE', #3740 ) ;
#1012 = CARTESIAN_POINT ( 'NONE',  ( -18.33783493938530285, 2.639540076345805009, 5.000000000000000000 ) ) ;
#1013 = ORIENTED_EDGE ( 'NONE', *, *, #3168, .F. ) ;
#1014 = ORIENTED_EDGE ( 'NONE', *, *, #1989, .T. ) ;
#1015 = EDGE_CURVE ( 'NONE', #1901, #4404, #142, .T. ) ;
#1016 = CYLINDRICAL_SURFACE ( 'NONE', #2288, 18.52682817102719781 ) ;
#1017 = CYLINDRICAL_SURFACE ( 'NONE', #2449, 0.4299999999999997713 ) ;
#1018 = EDGE_LOOP ( 'NONE', ( #3742, #5572, #5599, #5517 ) ) ;
#1019 = CIRCLE ( 'NONE', #1943, 0.4299999999999998268 ) ;
#1020 = ORIENTED_EDGE ( 'NONE', *, *, #3482, .F. ) ;
#1021 = DIRECTION ( 'NONE',  ( 1.000000000000000000, 0.000000000000000000, 0.000000000000000000 ) ) ;
#1022 = ORIENTED_EDGE ( 'NONE', *, *, #2699, .T. ) ;
#1023 = EDGE_CURVE ( 'NONE', #1134, #3466, #5723, .T. ) ;
#1024 = LINE ( 'NONE', #1513, #2186 ) ;
#1025 = DIRECTION ( 'NONE',  ( 0.9659258262890680902, 0.2588190451025215166, 0.000000000000000000 ) ) ;
#1026 = EDGE_LOOP ( 'NONE', ( #5547, #3736, #3499, #3020 ) ) ;
#1027 = DIRECTION ( 'NONE',  ( 0.2588190451025180194, -0.9659258262890689783, 0.000000000000000000 ) ) ;
#1028 = EDGE_CURVE ( 'NONE', #2090, #3284, #4957, .T. ) ;
#1029 = SURFACE_STYLE_USAGE ( .BOTH. , #205 ) ;
#1030 = CARTESIAN_POINT ( 'NONE',  ( 4.156921938165305086, 1.084202172485504040E-15, -6.500000000000000000 ) ) ;
#1031 = CARTESIAN_POINT ( 'NONE',  ( -2.578460969082654319, -2.733974596215560382, -6.500000000000000000 ) ) ;
#1032 = FACE_OUTER_BOUND ( 'NONE', #4185, .T. ) ;
#1033 = ORIENTED_EDGE ( 'NONE', *, *, #583, .F. ) ;
#1034 = ORIENTED_EDGE ( 'NONE', *, *, #5386, .F. ) ;
#1035 = AXIS2_PLACEMENT_3D ( 'NONE', #1652, #2569, #4324 ) ;
#1036 = CYLINDRICAL_SURFACE ( 'NONE', #3685, 0.4299999999999993272 ) ;
#1037 = ADVANCED_FACE ( 'NONE', ( #54 ), #3453, .T. ) ;
#1038 = VECTOR ( 'NONE', #4172, 1000.000000000000000 ) ;
#1039 = CARTESIAN_POINT ( 'NONE',  ( -10.50003296401214037, 14.74869130177516041, -5.000000000000000000 ) ) ;
#1040 = CARTESIAN_POINT ( 'NONE',  ( 2.196580998991904732, -18.39615160824795126, 5.000000000000000000 ) ) ;
#1041 = ORIENTED_EDGE ( 'NONE', *, *, #4525, .F. ) ;
#1042 = DIRECTION ( 'NONE',  ( -0.7071067811865470176, -0.7071067811865480168, 0.000000000000000000 ) ) ;
#1043 = EDGE_LOOP ( 'NONE', ( #5254, #1221, #3900, #2194 ) ) ;
#1044 = ORIENTED_EDGE ( 'NONE', *, *, #4978, .F. ) ;
#1045 = EDGE_CURVE ( 'NONE', #3346, #5081, #1829, .T. ) ;
#1046 = DIRECTION ( 'NONE',  ( 0.000000000000000000, 0.000000000000000000, 1.000000000000000000 ) ) ;
#1047 = ORIENTED_EDGE ( 'NONE', *, *, #3720, .F. ) ;
#1048 = DIRECTION ( 'NONE',  ( -0.8660254037844379305, -0.5000000000000013323, 0.000000000000000000 ) ) ;
#1049 = CIRCLE ( 'NONE', #5312, 1.764902496759995332 ) ;
#1050 = DIRECTION ( 'NONE',  ( 0.000000000000000000, 0.000000000000000000, 1.000000000000000000 ) ) ;
#1051 = DIRECTION ( 'NONE',  ( 0.000000000000000000, 0.000000000000000000, -1.000000000000000000 ) ) ;
#1052 = DIRECTION ( 'NONE',  ( 0.000000000000000000, 0.000000000000000000, 1.000000000000000000 ) ) ;
#1053 = DIRECTION ( 'NONE',  ( 0.000000000000000000, 1.000000000000000000, 0.000000000000000000 ) ) ;
#1054 = EDGE_CURVE ( 'NONE', #216, #4514, #5213, .T. ) ;
#1055 = DIRECTION ( 'NONE',  ( -1.000000000000000000, 0.000000000000000000, 0.000000000000000000 ) ) ;
#1056 = AXIS2_PLACEMENT_3D ( 'NONE', #4693, #3405, #5472 ) ;
#1057 = DIRECTION ( 'NONE',  ( -0.000000000000000000, -0.000000000000000000, 1.000000000000000000 ) ) ;
#1058 = DIRECTION ( 'NONE',  ( 0.000000000000000000, 0.000000000000000000, 1.000000000000000000 ) ) ;
#1059 = CARTESIAN_POINT ( 'NONE',  ( 7.295780857526789731, -17.02982512410865112, 5.000000000000000000 ) ) ;
#1060 = DIRECTION ( 'NONE',  ( -0.2588190451025206285, -0.9659258262890683122, 0.000000000000000000 ) ) ;
#1061 = ORIENTED_EDGE ( 'NONE', *, *, #1765, .F. ) ;
#1062 = ORIENTED_EDGE ( 'NONE', *, *, #1567, .F. ) ;
#1063 = CARTESIAN_POINT ( 'NONE',  ( -3.004255121576999699, -17.85354414464755024, 5.000000000000000000 ) ) ;
#1064 = VECTOR ( 'NONE', #3836, 1000.000000000000000 ) ;
#1065 = CARTESIAN_POINT ( 'NONE',  ( -9.149209946963118512, -15.78249345187885133, -5.000000000000000000 ) ) ;
#1066 = CARTESIAN_POINT ( 'NONE',  ( 14.12501011712842036, -8.583684430773390162, 5.000000000000000000 ) ) ;
#1067 = ORIENTED_EDGE ( 'NONE', *, *, #994, .T. ) ;
#1068 = VECTOR ( 'NONE', #1565, 1000.000000000000000 ) ;
#1069 = EDGE_CURVE ( 'NONE', #3721, #4096, #1393, .T. ) ;
#1070 = ORIENTED_EDGE ( 'NONE', *, *, #2662, .T. ) ;
#1071 = ORIENTED_EDGE ( 'NONE', *, *, #5080, .F. ) ;
#1072 = DIRECTION ( 'NONE',  ( 0.9659258262890680902, -0.2588190451025215166, 0.000000000000000000 ) ) ;
#1073 = EDGE_CURVE ( 'NONE', #4520, #2535, #1706, .T. ) ;
#1074 = VECTOR ( 'NONE', #5084, 1000.000000000000000 ) ;
#1075 = LINE ( 'NONE', #1909, #151 ) ;
#1076 = CARTESIAN_POINT ( 'NONE',  ( 1.078460969082649656, -3.600000000000000533, 6.500000000000000000 ) ) ;
#1077 = EDGE_CURVE ( 'NONE', #1184, #3648, #885, .T. ) ;
#1078 = AXIS2_PLACEMENT_3D ( 'NONE', #2828, #1827, #1914 ) ;
#1079 = ORIENTED_EDGE ( 'NONE', *, *, #261, .F. ) ;
#1080 = ADVANCED_FACE ( 'NONE', ( #4372 ), #4938, .T. ) ;
#1081 = DIRECTION ( 'NONE',  ( 0.000000000000000000, 0.000000000000000000, 1.000000000000000000 ) ) ;
#1082 = VECTOR ( 'NONE', #4385, 1000.000000000000000 ) ;
#1083 = CARTESIAN_POINT ( 'NONE',  ( -3.628951489128790042E-14, 6.117477020638539264E-14, 5.002000000000000668 ) ) ;
#1084 = CARTESIAN_POINT ( 'NONE',  ( 7.295780857526789731, 17.02982512410865112, 5.000000000000000000 ) ) ;
#1085 = ORIENTED_EDGE ( 'NONE', *, *, #1340, .T. ) ;
#1086 = CARTESIAN_POINT ( 'NONE',  ( -18.95497617776954868, 3.486372301280752233E-15, 5.000000000000000000 ) ) ;
#1087 = DIRECTION ( 'NONE',  ( 0.000000000000000000, 0.000000000000000000, 1.000000000000000000 ) ) ;
#1088 = ADVANCED_FACE ( 'NONE', ( #962 ), #5270, .T. ) ;
#1089 = AXIS2_PLACEMENT_3D ( 'NONE', #3817, #4772, #5261 ) ;
#1090 = CARTESIAN_POINT ( 'NONE',  ( -14.48897067933745930, 10.84273574818604047, 5.000000000000000000 ) ) ;
#1091 = DIRECTION ( 'NONE',  ( -0.2588190451025215166, 0.9659258262890680902, 0.000000000000000000 ) ) ;
#1092 = DIRECTION ( 'NONE',  ( -0.8660254037844387076, 0.4999999999999999445, 0.000000000000000000 ) ) ;
#1093 = CARTESIAN_POINT ( 'NONE',  ( -17.96918455708715001, -2.145599264782074744, 5.000000000000000000 ) ) ;
#1094 = EDGE_CURVE ( 'NONE', #3463, #1263, #5187, .T. ) ;
#1095 = AXIS2_PLACEMENT_3D ( 'NONE', #210, #1553, #1987 ) ;
#1096 = CARTESIAN_POINT ( 'NONE',  ( 0.03220151268792000032, 18.24264523787019954, 5.000000000000000000 ) ) ;
#1097 = ORIENTED_EDGE ( 'NONE', *, *, #422, .T. ) ;
#1098 = EDGE_LOOP ( 'NONE', ( #4178, #1862, #4971, #2841 ) ) ;
#1099 = CIRCLE ( 'NONE', #4335, 1.764902496759995110 ) ;
#1100 = CARTESIAN_POINT ( 'NONE',  ( -9.757819552369539906E-16, 2.376571162088224710E-13, 5.000000000000000000 ) ) ;
#1101 = CARTESIAN_POINT ( 'NONE',  ( 6.723256931056099894, 16.80157748816159824, -5.000000000000000000 ) ) ;
#1102 = ORIENTED_EDGE ( 'NONE', *, *, #979, .F. ) ;
#1103 = EDGE_CURVE ( 'NONE', #4017, #924, #42, .T. ) ;
#1104 = VERTEX_POINT ( 'NONE', #2560 ) ;
#1105 = VERTEX_POINT ( 'NONE', #4503 ) ;
#1106 = VERTEX_POINT ( 'NONE', #801 ) ;
#1107 = AXIS2_PLACEMENT_3D ( 'NONE', #4027, #2825, #1823 ) ;
#1108 = CIRCLE ( 'NONE', #2306, 18.52682817102719781 ) ;
#1109 = CARTESIAN_POINT ( 'NONE',  ( 7.112366251504909087E-14, 8.402566836762699793E-16, 5.000000000000000000 ) ) ;
#1110 = CARTESIAN_POINT ( 'NONE',  ( 11.52853332705895895, 13.95949521606318022, 5.002000000000000668 ) ) ;
#1111 = CIRCLE ( 'NONE', #4902, 0.4300000000000000488 ) ;
#1112 = EDGE_CURVE ( 'NONE', #4668, #242, #1290, .T. ) ;
#1113 = AXIS2_PLACEMENT_3D ( 'NONE', #968, #4482, #1343 ) ;
#1114 = ORIENTED_EDGE ( 'NONE', *, *, #2017, .T. ) ;
#1115 = CIRCLE ( 'NONE', #4989, 0.4299999999999993272 ) ;
#1116 = EDGE_CURVE ( 'NONE', #924, #1105, #3117, .T. ) ;
#1117 = AXIS2_PLACEMENT_3D ( 'NONE', #3106, #1351, #3591 ) ;
#1118 = AXIS2_PLACEMENT_3D ( 'NONE', #1394, #56, #3182 ) ;
#1119 = CYLINDRICAL_SURFACE ( 'NONE', #4613, 16.52862817102733928 ) ;
#1120 = EDGE_LOOP ( 'NONE', ( #382, #3132, #4761, #2150 ) ) ;
#1121 = DIRECTION ( 'NONE',  ( 0.000000000000000000, 0.000000000000000000, -1.000000000000000000 ) ) ;
#1122 = DIRECTION ( 'NONE',  ( -0.000000000000000000, -0.000000000000000000, -1.000000000000000000 ) ) ;
#1123 = VECTOR ( 'NONE', #3238, 1000.000000000000000 ) ;
#1124 = CARTESIAN_POINT ( 'NONE',  ( -7.112366251504909087E-14, -8.402566836762790512E-16, -5.000000000000000000 ) ) ;
#1125 = CARTESIAN_POINT ( 'NONE',  ( 15.78249345187885133, -9.149209946963118512, 5.000000000000000000 ) ) ;
#1126 = DIRECTION ( 'NONE',  ( 0.000000000000000000, 0.000000000000000000, -1.000000000000000000 ) ) ;
#1127 = DIRECTION ( 'NONE',  ( 0.000000000000000000, 0.000000000000000000, -1.000000000000000000 ) ) ;
#1128 = VERTEX_POINT ( 'NONE', #1259 ) ;
#1129 = EDGE_LOOP ( 'NONE', ( #892, #1903, #4839, #343 ) ) ;
#1130 = DIRECTION ( 'NONE',  ( 0.8660254037844387076, -0.4999999999999999445, 0.000000000000000000 ) ) ;
#1131 = CARTESIAN_POINT ( 'NONE',  ( 11.18896446287262059, -14.22330004254519942, -5.000000000000000000 ) ) ;
#1132 = FACE_OUTER_BOUND ( 'NONE', #2476, .T. ) ;
#1133 = VERTEX_POINT ( 'NONE', #3046 ) ;
#1134 = VERTEX_POINT ( 'NONE', #3885 ) ;
#1135 = ORIENTED_EDGE ( 'NONE', *, *, #5501, .T. ) ;
#1136 = ORIENTED_EDGE ( 'NONE', *, *, #4157, .F. ) ;
#1137 = CARTESIAN_POINT ( 'NONE',  ( -18.39615160824795126, 2.196580998991904732, -5.000000000000000000 ) ) ;
#1138 = DIRECTION ( 'NONE',  ( 0.4999999999999999445, 0.8660254037844387076, 0.000000000000000000 ) ) ;
#1139 = DIRECTION ( 'NONE',  ( -0.000000000000000000, -0.000000000000000000, -1.000000000000000000 ) ) ;
#1140 = CARTESIAN_POINT ( 'NONE',  ( -4.752648293360469900, 17.61270781032335009, 5.000000000000000000 ) ) ;
#1141 = CIRCLE ( 'NONE', #577, 18.52682817102719781 ) ;
#1142 = DIRECTION ( 'NONE',  ( 0.000000000000000000, 0.000000000000000000, 1.000000000000000000 ) ) ;
#1143 = AXIS2_PLACEMENT_3D ( 'NONE', #4556, #580, #5018 ) ;
#1144 = DIRECTION ( 'NONE',  ( 0.000000000000000000, 0.000000000000000000, 1.000000000000000000 ) ) ;
#1145 = DIRECTION ( 'NONE',  ( -0.2588190451025196848, -0.9659258262890685343, 0.000000000000000000 ) ) ;
#1146 = DIRECTION ( 'NONE',  ( 1.000000000000000000, 0.000000000000000000, 0.000000000000000000 ) ) ;
#1147 = DIRECTION ( 'NONE',  ( 0.000000000000000000, 0.000000000000000000, -1.000000000000000000 ) ) ;
#1148 = DIRECTION ( 'NONE',  ( 0.000000000000000000, 0.000000000000000000, -1.000000000000000000 ) ) ;
#1149 = CARTESIAN_POINT ( 'NONE',  ( -14.83324412511674062, 11.10037075072115975, -5.000000000000000000 ) ) ;
#1150 = DIRECTION ( 'NONE',  ( -0.9659258262890680902, -0.2588190451025215166, 0.000000000000000000 ) ) ;
#1151 = DIRECTION ( 'NONE',  ( -0.000000000000000000, -0.000000000000000000, 1.000000000000000000 ) ) ;
#1152 = VERTEX_POINT ( 'NONE', #1677 ) ;
#1153 = DIRECTION ( 'NONE',  ( 0.000000000000000000, 0.000000000000000000, -1.000000000000000000 ) ) ;
#1154 = CARTESIAN_POINT ( 'NONE',  ( -3.656921938165305086, 0.8660254037844402619, -6.500000000000000000 ) ) ;
#1155 = CARTESIAN_POINT ( 'NONE',  ( 7.522724857905819462, -16.46764093829609976, 5.000000000000000000 ) ) ;
#1156 = EDGE_LOOP ( 'NONE', ( #4021, #1003, #2141, #4574 ) ) ;
#1157 = ORIENTED_EDGE ( 'NONE', *, *, #1196, .F. ) ;
#1158 = VERTEX_POINT ( 'NONE', #936 ) ;
#1159 = AXIS2_PLACEMENT_3D ( 'NONE', #592, #1396, #966 ) ;
#1160 = CARTESIAN_POINT ( 'NONE',  ( 10.50003296401214037, -14.74869130177516041, 5.000000000000000000 ) ) ;
#1161 = EDGE_CURVE ( 'NONE', #3648, #1184, #4592, .T. ) ;
#1162 = CARTESIAN_POINT ( 'NONE',  ( 2.578460969082652987, -2.733974596215562602, -6.500000000000000000 ) ) ;
#1163 = EDGE_CURVE ( 'NONE', #2708, #1104, #837, .T. ) ;
#1164 = AXIS2_PLACEMENT_3D ( 'NONE', #4295, #2938, #4695 ) ;
#1165 = CARTESIAN_POINT ( 'NONE',  ( -9.093435290907070367, -15.81469496456674939, 5.000000000000000000 ) ) ;
#1166 = EDGE_LOOP ( 'NONE', ( #5379, #2075, #5613, #4398 ) ) ;
#1167 = DIRECTION ( 'NONE',  ( -1.000000000000000000, 0.000000000000000000, 0.000000000000000000 ) ) ;
#1168 = ORIENTED_EDGE ( 'NONE', *, *, #1502, .F. ) ;
#1169 = AXIS2_PLACEMENT_3D ( 'NONE', #750, #4230, #2848 ) ;
#1170 = CARTESIAN_POINT ( 'NONE',  ( -6.325010817588590406, 16.96375033764019946, -5.000000000000000000 ) ) ;
#1171 = CARTESIAN_POINT ( 'NONE',  ( -17.02982512410865112, -7.295780857526789731, -5.000000000000000000 ) ) ;
#1172 = VECTOR ( 'NONE', #4703, 1000.000000000000000 ) ;
#1173 = FACE_OUTER_BOUND ( 'NONE', #2249, .T. ) ;
#1174 = CYLINDRICAL_SURFACE ( 'NONE', #2242, 18.95497617776954868 ) ;
#1175 = DIRECTION ( 'NONE',  ( -0.000000000000000000, -0.000000000000000000, 1.000000000000000000 ) ) ;
#1176 = CARTESIAN_POINT ( 'NONE',  ( -16.80157748816159824, 6.723256931056099894, 5.000000000000000000 ) ) ;
#1177 = DIRECTION ( 'NONE',  ( 0.7071067811865475727, -0.7071067811865475727, 0.000000000000000000 ) ) ;
#1178 = CIRCLE ( 'NONE', #2001, 1.764902496759994444 ) ;
#1179 = ORIENTED_EDGE ( 'NONE', *, *, #4200, .T. ) ;
#1180 = DIRECTION ( 'NONE',  ( -1.000000000000000000, 0.000000000000000000, 0.000000000000000000 ) ) ;
#1181 = EDGE_CURVE ( 'NONE', #1573, #2620, #4030, .T. ) ;
#1182 = DIRECTION ( 'NONE',  ( -0.000000000000000000, -0.000000000000000000, 1.000000000000000000 ) ) ;
#1183 = CARTESIAN_POINT ( 'NONE',  ( -2.578460969082654319, -2.733974596215560382, -6.500000000000000000 ) ) ;
#1184 = VERTEX_POINT ( 'NONE', #3269 ) ;
#1185 = ORIENTED_EDGE ( 'NONE', *, *, #4356, .T. ) ;
#1186 = ORIENTED_EDGE ( 'NONE', *, *, #3482, .T. ) ;
#1187 = EDGE_CURVE ( 'NONE', #4008, #1828, #2307, .T. ) ;
#1188 = CARTESIAN_POINT ( 'NONE',  ( 18.02275782191794562, 1.718949636520940016, -5.000000000000000000 ) ) ;
#1189 = FACE_OUTER_BOUND ( 'NONE', #5716, .T. ) ;
#1190 = CARTESIAN_POINT ( 'NONE',  ( 3.117691453623979925, -1.800000000000000044, 6.500000000000000000 ) ) ;
#1191 = DIRECTION ( 'NONE',  ( 1.000000000000000000, 0.000000000000000000, 0.000000000000000000 ) ) ;
#1192 = CIRCLE ( 'NONE', #2767, 1.764902496759994888 ) ;
#1193 = CIRCLE ( 'NONE', #4246, 0.4299999999999997713 ) ;
#1194 = ADVANCED_FACE ( 'NONE', ( #2432 ), #5025, .T. ) ;
#1195 = VECTOR ( 'NONE', #3988, 1000.000000000000000 ) ;
#1196 = EDGE_CURVE ( 'NONE', #4254, #3133, #5332, .T. ) ;
#1197 = DIRECTION ( 'NONE',  ( 0.9659258262890689783, -0.2588190451025180194, 0.000000000000000000 ) ) ;
#1198 = EDGE_LOOP ( 'NONE', ( #5424, #2231, #213, #1736 ) ) ;
#1199 = VECTOR ( 'NONE', #5570, 1000.000000000000000 ) ;
#1200 = CARTESIAN_POINT ( 'NONE',  ( -9.757819552369539906E-16, 2.376571162088224710E-13, 5.000000000000000000 ) ) ;
#1201 = CARTESIAN_POINT ( 'NONE',  ( -16.80157748816159824, -6.723256931056110552, 5.000000000000000000 ) ) ;
#1202 = AXIS2_PLACEMENT_3D ( 'NONE', #2688, #5345, #25 ) ;
#1203 = AXIS2_PLACEMENT_3D ( 'NONE', #3984, #5743, #4854 ) ;
#1204 = ORIENTED_EDGE ( 'NONE', *, *, #5063, .F. ) ;
#1205 = CARTESIAN_POINT ( 'NONE',  ( 15.86533307656285174, -4.635380845820779250, 5.002000000000000668 ) ) ;
#1206 = DIRECTION ( 'NONE',  ( -2.086548053801609656E-16, -1.000000000000000000, 0.000000000000000000 ) ) ;
#1207 = LINE ( 'NONE', #385, #336 ) ;
#1208 = DIRECTION ( 'NONE',  ( 0.8660254037844387076, -0.4999999999999999445, 0.000000000000000000 ) ) ;
#1209 = DIRECTION ( 'NONE',  ( -0.000000000000000000, -0.000000000000000000, 1.000000000000000000 ) ) ;
#1210 = ORIENTED_EDGE ( 'NONE', *, *, #3126, .T. ) ;
#1211 = CARTESIAN_POINT ( 'NONE',  ( 3.078460969082649878, -3.600000000000000089, 6.500000000000000000 ) ) ;
#1212 = EDGE_CURVE ( 'NONE', #394, #4536, #2277, .T. ) ;
#1213 = DIRECTION ( 'NONE',  ( -0.000000000000000000, 0.000000000000000000, 1.000000000000000000 ) ) ;
#1214 = CARTESIAN_POINT ( 'NONE',  ( -9.757819552369539906E-16, 2.376571162088224710E-13, 5.000000000000000000 ) ) ;
#1215 = VERTEX_POINT ( 'NONE', #3206 ) ;
#1216 = ORIENTED_EDGE ( 'NONE', *, *, #3157, .T. ) ;
#1217 = ORIENTED_EDGE ( 'NONE', *, *, #137, .T. ) ;
#1218 = CARTESIAN_POINT ( 'NONE',  ( -6.848270805104349773E-14, -1.921978404781390092E-14, 5.000000000000000000 ) ) ;
#1219 = CARTESIAN_POINT ( 'NONE',  ( 15.81469496456674939, -9.093435290907070367, 5.002000000000000668 ) ) ;
#1220 = CARTESIAN_POINT ( 'NONE',  ( 16.96375033764019946, -6.325010817588570866, 5.000000000000000000 ) ) ;
#1221 = ORIENTED_EDGE ( 'NONE', *, *, #1005, .F. ) ;
#1222 = ORIENTED_EDGE ( 'NONE', *, *, #1701, .T. ) ;
#1223 = DIRECTION ( 'NONE',  ( 1.000000000000000000, 0.000000000000000000, 0.000000000000000000 ) ) ;
#1224 = CIRCLE ( 'NONE', #5022, 18.52682817102719781 ) ;
#1225 = ORIENTED_EDGE ( 'NONE', *, *, #4688, .F. ) ;
#1226 = CARTESIAN_POINT ( 'NONE',  ( -14.74869130177516041, -10.50003296401214037, -5.000000000000000000 ) ) ;
#1227 = CARTESIAN_POINT ( 'NONE',  ( 7.126448808901080234, -16.63456994411954781, -5.000000000000000000 ) ) ;
#1228 = CARTESIAN_POINT ( 'NONE',  ( -12.92226806246458182, -12.87672824649239978, -5.000000000000000000 ) ) ;
#1229 = VERTEX_POINT ( 'NONE', #1086 ) ;
#1230 = EDGE_CURVE ( 'NONE', #2827, #2180, #2843, .T. ) ;
#1231 = CARTESIAN_POINT ( 'NONE',  ( 12.92226806246459958, -12.87672824649239978, -5.000000000000000000 ) ) ;
#1232 = CARTESIAN_POINT ( 'NONE',  ( -6.201502689006168382E-14, 3.483414762376119677E-14, -5.000000000000000000 ) ) ;
#1233 = ORIENTED_EDGE ( 'NONE', *, *, #2624, .F. ) ;
#1234 = CARTESIAN_POINT ( 'NONE',  ( 3.078460969082649878, 3.600000000000000089, -6.500000000000000000 ) ) ;
#1235 = CARTESIAN_POINT ( 'NONE',  ( 0.000000000000000000, 1.165057210878772069E-15, -6.500000000000000000 ) ) ;
#1236 = ORIENTED_EDGE ( 'NONE', *, *, #3175, .F. ) ;
#1237 = ORIENTED_EDGE ( 'NONE', *, *, #5290, .T. ) ;
#1238 = EDGE_LOOP ( 'NONE', ( #3546, #3160, #3943, #199 ) ) ;
#1239 = ORIENTED_EDGE ( 'NONE', *, *, #3912, .T. ) ;
#1240 = CIRCLE ( 'NONE', #4491, 0.4299999999999998268 ) ;
#1241 = ORIENTED_EDGE ( 'NONE', *, *, #2118, .F. ) ;
#1242 = CARTESIAN_POINT ( 'NONE',  ( 17.02982512410865112, -7.295780857526789731, 5.000000000000000000 ) ) ;
#1243 = ORIENTED_EDGE ( 'NONE', *, *, #3728, .F. ) ;
#1244 = CARTESIAN_POINT ( 'NONE',  ( -12.87672824649239978, 12.92226806246459958, 5.000000000000000000 ) ) ;
#1245 = CIRCLE ( 'NONE', #2177, 1.764902496759994888 ) ;
#1246 = ORIENTED_EDGE ( 'NONE', *, *, #1275, .T. ) ;
#1247 = EDGE_CURVE ( 'NONE', #193, #4633, #1419, .T. ) ;
#1248 = DIRECTION ( 'NONE',  ( -1.000000000000000000, 0.000000000000000000, 0.000000000000000000 ) ) ;
#1249 = CARTESIAN_POINT ( 'NONE',  ( -13.95949521606318022, 11.52853332705895895, 5.000000000000000000 ) ) ;
#1250 = DIRECTION ( 'NONE',  ( 0.000000000000000000, 0.000000000000000000, 1.000000000000000000 ) ) ;
#1251 = CARTESIAN_POINT ( 'NONE',  ( 3.483414762376124725E-14, 6.201502689006168382E-14, -5.000000000000000000 ) ) ;
#1252 = EDGE_LOOP ( 'NONE', ( #3424, #4686, #5319, #334 ) ) ;
#1253 = VECTOR ( 'NONE', #3232, 1000.000000000000000 ) ;
#1254 = CARTESIAN_POINT ( 'NONE',  ( -14.22330004254517810, -11.18896446287264013, -5.000000000000000000 ) ) ;
#1255 = ADVANCED_FACE ( 'NONE', ( #1882 ), #4962, .F. ) ;
#1256 = CIRCLE ( 'NONE', #427, 1.000000000000000000 ) ;
#1257 = AXIS2_PLACEMENT_3D ( 'NONE', #660, #2787, #5757 ) ;
#1258 = CARTESIAN_POINT ( 'NONE',  ( -18.95497617776954868, 3.486372301280752233E-15, 6.500000000000000000 ) ) ;
#1259 = CARTESIAN_POINT ( 'NONE',  ( 14.83324412511671930, 11.10037075072115975, -5.000000000000000000 ) ) ;
#1260 = VERTEX_POINT ( 'NONE', #525 ) ;
#1261 = CARTESIAN_POINT ( 'NONE',  ( 14.83324412511671930, 11.10037075072115975, 5.000000000000000000 ) ) ;
#1262 = ORIENTED_EDGE ( 'NONE', *, *, #2965, .T. ) ;
#1263 = VERTEX_POINT ( 'NONE', #200 ) ;
#1264 = PRODUCT_DEFINITION_SHAPE ( 'NONE', 'NONE',  #4617 ) ;
#1265 = EDGE_CURVE ( 'NONE', #2915, #2993, #225, .T. ) ;
#1266 = CARTESIAN_POINT ( 'NONE',  ( -17.61270781032335009, 4.752648293360439702, 5.002000000000000668 ) ) ;
#1267 = AXIS2_PLACEMENT_3D ( 'NONE', #3451, #5696, #1180 ) ;
#1268 = ADVANCED_FACE ( 'NONE', ( #991 ), #2405, .T. ) ;
#1269 = AXIS2_PLACEMENT_3D ( 'NONE', #5079, #1949, #2860 ) ;
#1270 = ADVANCED_FACE ( 'NONE', ( #2341 ), #1952, .T. ) ;
#1271 = ORIENTED_EDGE ( 'NONE', *, *, #1561, .F. ) ;
#1272 = DIRECTION ( 'NONE',  ( -0.000000000000000000, -0.000000000000000000, -1.000000000000000000 ) ) ;
#1273 = CIRCLE ( 'NONE', #2019, 1.000000000000000222 ) ;
#1274 = AXIS2_PLACEMENT_3D ( 'NONE', #2697, #5353, #4456 ) ;
#1275 = EDGE_CURVE ( 'NONE', #2110, #2962, #3295, .T. ) ;
#1276 = EDGE_LOOP ( 'NONE', ( #2613, #5546, #5518, #1246 ) ) ;
#1277 = DIRECTION ( 'NONE',  ( -0.000000000000000000, -0.000000000000000000, 1.000000000000000000 ) ) ;
#1278 = DIRECTION ( 'NONE',  ( 0.000000000000000000, 0.000000000000000000, -1.000000000000000000 ) ) ;
#1279 = DIRECTION ( 'NONE',  ( 1.000000000000000000, 0.000000000000000000, 0.000000000000000000 ) ) ;
#1280 = CARTESIAN_POINT ( 'NONE',  ( -9.757819552369539906E-16, 2.376571162088224710E-13, 5.000000000000000000 ) ) ;
#1281 = CIRCLE ( 'NONE', #446, 0.4299999999999997713 ) ;
#1282 = ORIENTED_EDGE ( 'NONE', *, *, #5100, .F. ) ;
#1283 = CARTESIAN_POINT ( 'NONE',  ( 14.83324412511671930, -11.10037075072115975, 5.000000000000000000 ) ) ;
#1284 = AXIS2_PLACEMENT_3D ( 'NONE', #2043, #2129, #386 ) ;
#1285 = CARTESIAN_POINT ( 'NONE',  ( 3.117691453623979925, -1.800000000000000044, -6.500000000000000000 ) ) ;
#1286 = VERTEX_POINT ( 'NONE', #2864 ) ;
#1287 = CIRCLE ( 'NONE', #3981, 1.764902496759994888 ) ;
#1288 = DIRECTION ( 'NONE',  ( -0.000000000000000000, -0.000000000000000000, 1.000000000000000000 ) ) ;
#1289 = LINE ( 'NONE', #3422, #4983 ) ;
#1290 = LINE ( 'NONE', #4316, #5626 ) ;
#1291 = ORIENTED_EDGE ( 'NONE', *, *, #3252, .T. ) ;
#1292 = FACE_OUTER_BOUND ( 'NONE', #3173, .T. ) ;
#1293 = ORIENTED_EDGE ( 'NONE', *, *, #5170, .T. ) ;
#1294 = VERTEX_POINT ( 'NONE', #5502 ) ;
#1295 =( GEOMETRIC_REPRESENTATION_CONTEXT ( 3 ) GLOBAL_UNCERTAINTY_ASSIGNED_CONTEXT ( ( #1792 ) ) GLOBAL_UNIT_ASSIGNED_CONTEXT ( ( #5389, #3595, #5455 ) ) REPRESENTATION_CONTEXT ( 'NONE', 'WORKASPACE' ) );
#1296 = DIRECTION ( 'NONE',  ( 0.7071067811865475727, 0.7071067811865475727, 0.000000000000000000 ) ) ;
#1297 = AXIS2_PLACEMENT_3D ( 'NONE', #3257, #509, #2706 ) ;
#1298 = DIRECTION ( 'NONE',  ( 0.000000000000000000, 0.000000000000000000, 1.000000000000000000 ) ) ;
#1299 = ORIENTED_EDGE ( 'NONE', *, *, #1587, .T. ) ;
#1300 = EDGE_CURVE ( 'NONE', #3015, #2539, #3952, .T. ) ;
#1301 = DIRECTION ( 'NONE',  ( -0.000000000000000000, -0.000000000000000000, -1.000000000000000000 ) ) ;
#1302 = DIRECTION ( 'NONE',  ( 0.000000000000000000, 0.000000000000000000, 1.000000000000000000 ) ) ;
#1303 = EDGE_CURVE ( 'NONE', #2851, #5171, #2394, .T. ) ;
#1304 = AXIS2_PLACEMENT_3D ( 'NONE', #5731, #4354, #2114 ) ;
#1305 = EDGE_CURVE ( 'NONE', #3255, #2286, #1024, .T. ) ;
#1306 = CIRCLE ( 'NONE', #4285, 1.764902496759994888 ) ;
#1307 = VERTEX_POINT ( 'NONE', #4623 ) ;
#1308 = CARTESIAN_POINT ( 'NONE',  ( -13.95949521606318022, 11.52853332705895895, -5.000000000000000000 ) ) ;
#1309 = DIRECTION ( 'NONE',  ( 1.000000000000000000, 0.000000000000000000, 0.000000000000000000 ) ) ;
#1310 = ORIENTED_EDGE ( 'NONE', *, *, #1416, .T. ) ;
#1311 = DIRECTION ( 'NONE',  ( 0.7071067811865475727, 0.7071067811865475727, 0.000000000000000000 ) ) ;
#1312 = CYLINDRICAL_SURFACE ( 'NONE', #3509, 16.52862817102735704 ) ;
#1313 = DIRECTION ( 'NONE',  ( 0.000000000000000000, 0.000000000000000000, -1.000000000000000000 ) ) ;
#1314 = CIRCLE ( 'NONE', #4287, 1.764902496759995998 ) ;
#1315 = CYLINDRICAL_SURFACE ( 'NONE', #5368, 16.52862817102734283 ) ;
#1316 = LINE ( 'NONE', #65, #542 ) ;
#1317 = EDGE_CURVE ( 'NONE', #1497, #2827, #652, .T. ) ;
#1318 = ORIENTED_EDGE ( 'NONE', *, *, #5616, .T. ) ;
#1319 = ORIENTED_EDGE ( 'NONE', *, *, #1073, .T. ) ;
#1320 = ORIENTED_EDGE ( 'NONE', *, *, #4442, .T. ) ;
#1321 = AXIS2_PLACEMENT_3D ( 'NONE', #2436, #206, #2378 ) ;
#1322 = DIRECTION ( 'NONE',  ( -1.000000000000000000, 0.000000000000000000, 0.000000000000000000 ) ) ;
#1323 = FACE_OUTER_BOUND ( 'NONE', #94, .T. ) ;
#1324 = EDGE_CURVE ( 'NONE', #4819, #907, #2482, .T. ) ;
#1325 = FACE_OUTER_BOUND ( 'NONE', #2390, .T. ) ;
#1326 = CYLINDRICAL_SURFACE ( 'NONE', #2220, 1.764902496759993999 ) ;
#1327 = EDGE_LOOP ( 'NONE', ( #4947, #4583, #4977, #4975 ) ) ;
#1328 = DIRECTION ( 'NONE',  ( 0.000000000000000000, 0.000000000000000000, -1.000000000000000000 ) ) ;
#1329 = EDGE_CURVE ( 'NONE', #3191, #3925, #2660, .T. ) ;
#1330 = AXIS2_PLACEMENT_3D ( 'NONE', #3615, #4569, #4042 ) ;
#1331 = DIRECTION ( 'NONE',  ( 0.7071067811865475727, 0.7071067811865475727, 0.000000000000000000 ) ) ;
#1332 = ORIENTED_EDGE ( 'NONE', *, *, #1852, .F. ) ;
#1333 = VERTEX_POINT ( 'NONE', #4766 ) ;
#1334 = DIRECTION ( 'NONE',  ( 0.000000000000000000, 0.000000000000000000, 1.000000000000000000 ) ) ;
#1335 = ORIENTED_EDGE ( 'NONE', *, *, #2997, .F. ) ;
#1336 = CARTESIAN_POINT ( 'NONE',  ( -9.149209946963129170, 15.78249345187885133, 5.002000000000000668 ) ) ;
#1337 = EDGE_LOOP ( 'NONE', ( #1354, #134 ) ) ;
#1338 = CIRCLE ( 'NONE', #318, 0.4299999999999998268 ) ;
#1339 = LINE ( 'NONE', #1863, #5617 ) ;
#1340 = EDGE_CURVE ( 'NONE', #2244, #4233, #5149, .T. ) ;
#1341 = DIRECTION ( 'NONE',  ( -0.000000000000000000, -0.000000000000000000, -1.000000000000000000 ) ) ;
#1342 = DIRECTION ( 'NONE',  ( -1.000000000000000000, 0.000000000000000000, 0.000000000000000000 ) ) ;
#1343 = DIRECTION ( 'NONE',  ( 0.000000000000000000, -1.000000000000000000, 0.000000000000000000 ) ) ;
#1344 = VERTEX_POINT ( 'NONE', #3381 ) ;
#1345 = CYLINDRICAL_SURFACE ( 'NONE', #673, 0.4299999999999998823 ) ;
#1346 = ORIENTED_EDGE ( 'NONE', *, *, #2354, .F. ) ;
#1347 = ORIENTED_EDGE ( 'NONE', *, *, #2144, .F. ) ;
#1348 = DIRECTION ( 'NONE',  ( -0.000000000000000000, -0.000000000000000000, -1.000000000000000000 ) ) ;
#1349 = CIRCLE ( 'NONE', #1640, 0.4299999999999998823 ) ;
#1350 = DIRECTION ( 'NONE',  ( -0.000000000000000000, -0.000000000000000000, 1.000000000000000000 ) ) ;
#1351 = DIRECTION ( 'NONE',  ( 0.000000000000000000, 0.000000000000000000, -1.000000000000000000 ) ) ;
#1352 = ORIENTED_EDGE ( 'NONE', *, *, #5648, .T. ) ;
#1353 = ORIENTED_EDGE ( 'NONE', *, *, #3320, .F. ) ;
#1354 = ORIENTED_EDGE ( 'NONE', *, *, #5665, .F. ) ;
#1355 = ADVANCED_FACE ( 'NONE', ( #4330 ), #677, .F. ) ;
#1356 = CARTESIAN_POINT ( 'NONE',  ( 2.196580998991910061, 18.39615160824795126, -5.000000000000000000 ) ) ;
#1357 = AXIS2_PLACEMENT_3D ( 'NONE', #4201, #2788, #3708 ) ;
#1358 = DIRECTION ( 'NONE',  ( 0.000000000000000000, 0.000000000000000000, 1.000000000000000000 ) ) ;
#1359 = AXIS2_PLACEMENT_3D ( 'NONE', #4700, #3749, #1167 ) ;
#1360 = ADVANCED_FACE ( 'NONE', ( #2979 ), #4301, .F. ) ;
#1361 = LINE ( 'NONE', #4062, #4265 ) ;
#1362 = VERTEX_POINT ( 'NONE', #5111 ) ;
#1363 = ORIENTED_EDGE ( 'NONE', *, *, #2264, .F. ) ;
#1364 = CARTESIAN_POINT ( 'NONE',  ( 16.46764093829609976, 7.522724857905819462, -5.000000000000000000 ) ) ;
#1365 = CARTESIAN_POINT ( 'NONE',  ( -10.84273574818606001, 14.48897067933744154, 5.002000000000000668 ) ) ;
#1366 = ORIENTED_EDGE ( 'NONE', *, *, #5548, .F. ) ;
#1367 = VECTOR ( 'NONE', #2256, 1000.000000000000000 ) ;
#1368 = CYLINDRICAL_SURFACE ( 'NONE', #3770, 18.52682817102719781 ) ;
#1369 = ORIENTED_EDGE ( 'NONE', *, *, #3993, .F. ) ;
#1370 = CARTESIAN_POINT ( 'NONE',  ( -14.56126086974063938, 11.45482623011523948, -5.000000000000000000 ) ) ;
#1371 = CARTESIAN_POINT ( 'NONE',  ( 0.000000000000000000, 1.165057210878772069E-15, -5.000000000000000000 ) ) ;
#1372 = CARTESIAN_POINT ( 'NONE',  ( -6.723256931056110552, 16.80157748816159824, 5.000000000000000000 ) ) ;
#1373 = DIRECTION ( 'NONE',  ( -0.000000000000000000, -0.000000000000000000, -1.000000000000000000 ) ) ;
#1374 = VERTEX_POINT ( 'NONE', #2458 ) ;
#1375 = CIRCLE ( 'NONE', #2777, 16.52862817102735704 ) ;
#1376 = ORIENTED_EDGE ( 'NONE', *, *, #4941, .F. ) ;
#1377 = EDGE_CURVE ( 'NONE', #1591, #492, #5636, .T. ) ;
#1378 = ORIENTED_EDGE ( 'NONE', *, *, #3287, .T. ) ;
#1379 = CIRCLE ( 'NONE', #268, 18.52682817102719781 ) ;
#1380 = AXIS2_PLACEMENT_3D ( 'NONE', #1803, #5317, #3070 ) ;
#1381 = LINE ( 'NONE', #3624, #71 ) ;
#1382 = DIRECTION ( 'NONE',  ( 0.000000000000000000, 0.000000000000000000, 1.000000000000000000 ) ) ;
#1383 = VERTEX_POINT ( 'NONE', #1602 ) ;
#1384 = VERTEX_POINT ( 'NONE', #2579 ) ;
#1385 = UNCERTAINTY_MEASURE_WITH_UNIT (LENGTH_MEASURE( 1.000000000000000082E-05 ), #5507, 'distance_accuracy_value', 'NONE');
#1386 = EDGE_LOOP ( 'NONE', ( #5005, #4467, #2932, #1047 ) ) ;
#1387 = CIRCLE ( 'NONE', #4636, 1.764902496759994888 ) ;
#1388 = EDGE_CURVE ( 'NONE', #1451, #794, #5728, .T. ) ;
#1389 = DIRECTION ( 'NONE',  ( 0.000000000000000000, 0.000000000000000000, -1.000000000000000000 ) ) ;
#1390 = DIRECTION ( 'NONE',  ( 0.000000000000000000, 0.000000000000000000, 1.000000000000000000 ) ) ;
#1391 = DIRECTION ( 'NONE',  ( 0.8660254037844387076, -0.4999999999999999445, 0.000000000000000000 ) ) ;
#1392 = DIRECTION ( 'NONE',  ( 0.000000000000000000, 0.000000000000000000, 1.000000000000000000 ) ) ;
#1393 = LINE ( 'NONE', #2590, #1897 ) ;
#1394 = CARTESIAN_POINT ( 'NONE',  ( 8.402566836762750083E-16, -7.112366251504909087E-14, 5.000000000000000000 ) ) ;
#1395 = VERTEX_POINT ( 'NONE', #1170 ) ;
#1396 = DIRECTION ( 'NONE',  ( 0.000000000000000000, 0.000000000000000000, 1.000000000000000000 ) ) ;
#1397 = LINE ( 'NONE', #944, #1195 ) ;
#1398 = CARTESIAN_POINT ( 'NONE',  ( -12.92226806246459958, 12.87672824649239978, 5.002000000000000668 ) ) ;
#1399 = CARTESIAN_POINT ( 'NONE',  ( 3.078460969082649878, 3.600000000000000089, -6.500000000000000000 ) ) ;
#1400 = CARTESIAN_POINT ( 'NONE',  ( 2.578277445616414809, -17.91222139392874979, 5.000000000000000000 ) ) ;
#1401 = VECTOR ( 'NONE', #4375, 1000.000000000000000 ) ;
#1402 = ORIENTED_EDGE ( 'NONE', *, *, #5707, .F. ) ;
#1403 = ORIENTED_EDGE ( 'NONE', *, *, #5198, .F. ) ;
#1404 = CIRCLE ( 'NONE', #1973, 18.52682817102719781 ) ;
#1405 = DIRECTION ( 'NONE',  ( 0.000000000000000000, 0.000000000000000000, 1.000000000000000000 ) ) ;
#1406 = EDGE_CURVE ( 'NONE', #1344, #838, #314, .T. ) ;
#1407 = ORIENTED_EDGE ( 'NONE', *, *, #2957, .T. ) ;
#1408 = DIRECTION ( 'NONE',  ( 0.000000000000000000, 0.000000000000000000, -1.000000000000000000 ) ) ;
#1409 = APPLICATION_PROTOCOL_DEFINITION ( 'draft international standard', 'automotive_design', 1998, #3412 ) ;
#1410 = ORIENTED_EDGE ( 'NONE', *, *, #5615, .F. ) ;
#1411 = EDGE_LOOP ( 'NONE', ( #1671, #1346, #1291, #808 ) ) ;
#1412 = CARTESIAN_POINT ( 'NONE',  ( 17.20080094608644927, 6.883008709270060699, -5.000000000000000000 ) ) ;
#1413 = ORIENTED_EDGE ( 'NONE', *, *, #3699, .T. ) ;
#1414 = DIRECTION ( 'NONE',  ( 1.000000000000000000, -2.086548053801609656E-16, 0.000000000000000000 ) ) ;
#1415 = ORIENTED_EDGE ( 'NONE', *, *, #1765, .T. ) ;
#1416 = EDGE_CURVE ( 'NONE', #3204, #1451, #888, .T. ) ;
#1417 = CARTESIAN_POINT ( 'NONE',  ( 16.52445980553209637, -0.3711837165545144868, 5.002000000000000668 ) ) ;
#1418 = CYLINDRICAL_SURFACE ( 'NONE', #5421, 0.4299999999999997713 ) ;
#1419 = LINE ( 'NONE', #3636, #1074 ) ;
#1420 = LINE ( 'NONE', #2773, #1123 ) ;
#1421 = EDGE_LOOP ( 'NONE', ( #4084, #3005, #4390, #1470 ) ) ;
#1422 = EDGE_CURVE ( 'NONE', #1344, #829, #5633, .T. ) ;
#1423 = CIRCLE ( 'NONE', #875, 0.4299999999999998823 ) ;
#1424 = DIRECTION ( 'NONE',  ( -0.000000000000000000, -0.000000000000000000, 1.000000000000000000 ) ) ;
#1425 = CARTESIAN_POINT ( 'NONE',  ( -15.81469496456674939, -9.093435290907079249, 5.000000000000000000 ) ) ;
#1426 = CARTESIAN_POINT ( 'NONE',  ( 1.921978404781390092E-14, -6.848270805104349773E-14, -5.000000000000000000 ) ) ;
#1427 = FACE_OUTER_BOUND ( 'NONE', #3596, .T. ) ;
#1428 = ORIENTED_EDGE ( 'NONE', *, *, #4529, .F. ) ;
#1429 = VERTEX_POINT ( 'NONE', #737 ) ;
#1430 = CIRCLE ( 'NONE', #2375, 0.4299999999999998823 ) ;
#1431 = CARTESIAN_POINT ( 'NONE',  ( -7.295780857526789731, 17.02982512410865112, 5.000000000000000000 ) ) ;
#1432 = EDGE_CURVE ( 'NONE', #2485, #4321, #3570, .T. ) ;
#1433 = AXIS2_PLACEMENT_3D ( 'NONE', #4035, #4779, #4836 ) ;
#1434 = DIRECTION ( 'NONE',  ( -0.9659258262890689783, 0.2588190451025180194, 0.000000000000000000 ) ) ;
#1435 = DIRECTION ( 'NONE',  ( 0.4999999999999998890, -0.8660254037844387076, 0.000000000000000000 ) ) ;
#1436 = EDGE_LOOP ( 'NONE', ( #474, #197, #3460, #2422 ) ) ;
#1437 = ORIENTED_EDGE ( 'NONE', *, *, #3268, .T. ) ;
#1438 = EDGE_LOOP ( 'NONE', ( #572, #575, #5453, #4317 ) ) ;
#1439 = AXIS2_PLACEMENT_3D ( 'NONE', #4276, #2036, #3777 ) ;
#1440 = DIRECTION ( 'NONE',  ( -0.5000000000000001110, 0.8660254037844385966, 0.000000000000000000 ) ) ;
#1441 = AXIS2_PLACEMENT_3D ( 'NONE', #1875, #2797, #2365 ) ;
#1442 = VERTEX_POINT ( 'NONE', #2522 ) ;
#1443 = AXIS2_PLACEMENT_3D ( 'NONE', #4151, #3025, #1711 ) ;
#1444 = EDGE_CURVE ( 'NONE', #193, #2627, #4407, .T. ) ;
#1445 = DIRECTION ( 'NONE',  ( -0.8660254037844387076, -0.4999999999999999445, 0.000000000000000000 ) ) ;
#1446 = CARTESIAN_POINT ( 'NONE',  ( -7.940775374758739957, 14.49619383368293946, -5.000000000000000000 ) ) ;
#1447 = DIRECTION ( 'NONE',  ( 0.000000000000000000, 0.000000000000000000, 1.000000000000000000 ) ) ;
#1448 = DIRECTION ( 'NONE',  ( 1.000000000000000000, 0.000000000000000000, 0.000000000000000000 ) ) ;
#1449 = FACE_OUTER_BOUND ( 'NONE', #5605, .T. ) ;
#1450 = DIRECTION ( 'NONE',  ( 0.000000000000000000, 0.000000000000000000, -1.000000000000000000 ) ) ;
#1451 = VERTEX_POINT ( 'NONE', #1633 ) ;
#1452 = DIRECTION ( 'NONE',  ( -0.8660254037844379305, -0.5000000000000013323, 0.000000000000000000 ) ) ;
#1453 = CARTESIAN_POINT ( 'NONE',  ( 14.22330004254519942, 11.18896446287262059, -5.000000000000000000 ) ) ;
#1454 = CARTESIAN_POINT ( 'NONE',  ( 11.52853332705895895, -13.95949521606318022, -5.000000000000000000 ) ) ;
#1455 = VECTOR ( 'NONE', #1414, 1000.000000000000000 ) ;
#1456 = DIRECTION ( 'NONE',  ( 0.000000000000000000, 0.000000000000000000, 1.000000000000000000 ) ) ;
#1457 = VERTEX_POINT ( 'NONE', #2005 ) ;
#1458 = ADVANCED_FACE ( 'NONE', ( #5688 ), #3410, .T. ) ;
#1459 = ORIENTED_EDGE ( 'NONE', *, *, #679, .F. ) ;
#1460 = AXIS2_PLACEMENT_3D ( 'NONE', #239, #2021, #5127 ) ;
#1461 = DIRECTION ( 'NONE',  ( -0.000000000000000000, -0.000000000000000000, 1.000000000000000000 ) ) ;
#1462 = CARTESIAN_POINT ( 'NONE',  ( -14.12501011712842036, 8.583684430773379503, -5.000000000000000000 ) ) ;
#1463 = AXIS2_PLACEMENT_3D ( 'NONE', #4480, #5721, #4508 ) ;
#1464 = AXIS2_PLACEMENT_3D ( 'NONE', #98, #3163, #946 ) ;
#1465 = CARTESIAN_POINT ( 'NONE',  ( -4.156921938165305086, 1.301042606982603940E-15, -6.500000000000000000 ) ) ;
#1466 = CARTESIAN_POINT ( 'NONE',  ( -16.96375033764019946, 6.325010817588560208, 5.002000000000000668 ) ) ;
#1467 = ORIENTED_EDGE ( 'NONE', *, *, #576, .F. ) ;
#1468 = VERTEX_POINT ( 'NONE', #2546 ) ;
#1469 = EDGE_CURVE ( 'NONE', #3644, #1584, #1690, .T. ) ;
#1470 = ORIENTED_EDGE ( 'NONE', *, *, #3557, .F. ) ;
#1471 = CIRCLE ( 'NONE', #4355, 0.4299999999999993272 ) ;
#1472 = EDGE_CURVE ( 'NONE', #3864, #4025, #2755, .T. ) ;
#1473 = VECTOR ( 'NONE', #3572, 1000.000000000000000 ) ;
#1474 = CARTESIAN_POINT ( 'NONE',  ( -16.63456994411954781, 7.126448808901069576, 5.002000000000000668 ) ) ;
#1475 = CARTESIAN_POINT ( 'NONE',  ( -17.91222139392874979, -2.578277445616424579, 5.000000000000000000 ) ) ;
#1476 = CARTESIAN_POINT ( 'NONE',  ( -6.723256931056110552, 16.80157748816159824, 5.002000000000000668 ) ) ;
#1477 = AXIS2_PLACEMENT_3D ( 'NONE', #3680, #2329, #1902 ) ;
#1478 = ORIENTED_EDGE ( 'NONE', *, *, #221, .F. ) ;
#1479 = CARTESIAN_POINT ( 'NONE',  ( 0.000000000000000000, 1.165057210878772069E-15, 6.500000000000000000 ) ) ;
#1480 = FACE_BOUND ( 'NONE', #29, .T. ) ;
#1481 = ADVANCED_FACE ( 'NONE', ( #3088 ), #1825, .T. ) ;
#1482 = DIRECTION ( 'NONE',  ( 0.000000000000000000, 0.000000000000000000, 1.000000000000000000 ) ) ;
#1483 = CYLINDRICAL_SURFACE ( 'NONE', #86, 0.4299999999999993272 ) ;
#1484 = ORIENTED_EDGE ( 'NONE', *, *, #4869, .T. ) ;
#1485 = CARTESIAN_POINT ( 'NONE',  ( 1.718949636520940016, 18.02275782191794562, -5.000000000000000000 ) ) ;
#1486 = CARTESIAN_POINT ( 'NONE',  ( -3.628951489128790042E-14, 6.117477020638539264E-14, 5.000000000000000000 ) ) ;
#1487 = DIRECTION ( 'NONE',  ( -0.2588190451025195737, -0.9659258262890685343, 0.000000000000000000 ) ) ;
#1488 = CARTESIAN_POINT ( 'NONE',  ( -9.757819552369539906E-16, 2.376571162088224710E-13, 5.000000000000000000 ) ) ;
#1489 = ORIENTED_EDGE ( 'NONE', *, *, #4449, .T. ) ;
#1490 = ORIENTED_EDGE ( 'NONE', *, *, #1772, .F. ) ;
#1491 = AXIS2_PLACEMENT_3D ( 'NONE', #3449, #5205, #2954 ) ;
#1492 = DIRECTION ( 'NONE',  ( 0.000000000000000000, 0.000000000000000000, 1.000000000000000000 ) ) ;
#1493 = CARTESIAN_POINT ( 'NONE',  ( -17.91222139392874979, -2.578277445616424579, 5.000000000000000000 ) ) ;
#1494 = DIRECTION ( 'NONE',  ( 0.000000000000000000, 0.000000000000000000, 1.000000000000000000 ) ) ;
#1495 = DIRECTION ( 'NONE',  ( 0.000000000000000000, 0.000000000000000000, -1.000000000000000000 ) ) ;
#1496 = ORIENTED_EDGE ( 'NONE', *, *, #3086, .T. ) ;
#1497 = VERTEX_POINT ( 'NONE', #1744 ) ;
#1498 = EDGE_CURVE ( 'NONE', #3110, #987, #1635, .T. ) ;
#1499 = ORIENTED_EDGE ( 'NONE', *, *, #3745, .T. ) ;
#1500 = ORIENTED_EDGE ( 'NONE', *, *, #881, .F. ) ;
#1501 = AXIS2_PLACEMENT_3D ( 'NONE', #1750, #2366, #2334 ) ;
#1502 = EDGE_CURVE ( 'NONE', #557, #914, #3214, .T. ) ;
#1503 = DIRECTION ( 'NONE',  ( 6.123233995736784525E-17, -1.000000000000000000, 0.000000000000000000 ) ) ;
#1504 = CARTESIAN_POINT ( 'NONE',  ( -2.578277445616409924, -17.91222139392874979, -5.000000000000000000 ) ) ;
#1505 = ORIENTED_EDGE ( 'NONE', *, *, #2877, .F. ) ;
#1506 = EDGE_CURVE ( 'NONE', #2902, #1960, #4851, .T. ) ;
#1507 = EDGE_CURVE ( 'NONE', #1647, #1970, #403, .T. ) ;
#1508 = DIRECTION ( 'NONE',  ( -1.000000000000000000, 0.000000000000000000, 0.000000000000000000 ) ) ;
#1509 = AXIS2_PLACEMENT_3D ( 'NONE', #2465, #2923, #1092 ) ;
#1510 = LINE ( 'NONE', #2403, #4799 ) ;
#1511 = DIRECTION ( 'NONE',  ( -0.000000000000000000, -0.000000000000000000, 1.000000000000000000 ) ) ;
#1512 = CARTESIAN_POINT ( 'NONE',  ( 3.078460969082649878, -3.600000000000000089, -6.500000000000000000 ) ) ;
#1513 = CARTESIAN_POINT ( 'NONE',  ( 0.000000000000000000, 3.600000000000000089, -6.500000000000000000 ) ) ;
#1514 = CARTESIAN_POINT ( 'NONE',  ( -4.690439747858789588, 17.62937653985285280, 5.000000000000000000 ) ) ;
#1515 = AXIS2_PLACEMENT_3D ( 'NONE', #1109, #2450, #1503 ) ;
#1516 = CARTESIAN_POINT ( 'NONE',  ( 3.918308969584845425, -16.05747190671534952, 5.000000000000000000 ) ) ;
#1517 = CLOSED_SHELL ( 'NONE', ( #4063, #105, #1597, #4131, #460, #4376, #2291, #2566, #2817, #3604, #4670, #147, #2253, #2790, #3526, #3137, #4692, #412, #3113, #5166, #5586, #3316, #5313, #4182, #748, #5217, #8, #2774, #1270, #5434, #759, #4100, #3567, #3335, #2722, #2195, #202, #2155, #4515, #2730, #1799, #3793, #5159, #5679, #4512, #346, #931, #1194, #4764, #754, #3263, #1355, #26, #3118, #4998, #3761, #485, #830, #1458, #5461, #1951, #5099, #1804, #1771, #3987, #3613, #4082, #1537, #3156, #5545, #3433, #4738, #52, #1822, #2479, #1907, #3688, #1764, #2710, #5114, #1080, #765, #3901, #3058, #2417, #5656, #1481, #536, #1088, #70, #3227, #3367, #111, #141, #4728, #5193, #4074, #3359, #4502, #250, #3832, #451, #878, #3043, #2343, #1360, #1712, #3208, #2650, #194, #1975, #4119, #1868, #5296, #4211, #1940, #4445, #3822, #2044, #4718, #18, #980, #2738, #5109, #2080, #4893, #5571, #5410, #4487, #1255, #719, #364, #3835, #2434, #4746, #4009, #4382, #1268, #1037, #1968, #3112, #2095, #2483, #5519, #3192, #1552, #3402, #4203, #2736, #5258, #3979, #3378, #3027, #3064, #5411, #3101, #1692, #377, #2056, #4181, #2089, #4937, #218, #493, #2000, #4150, #4393 ) ) ;
#1518 = CYLINDRICAL_SURFACE ( 'NONE', #2775, 1.764902496759994888 ) ;
#1519 = DIRECTION ( 'NONE',  ( 0.000000000000000000, 0.000000000000000000, 1.000000000000000000 ) ) ;
#1520 = FACE_OUTER_BOUND ( 'NONE', #1560, .T. ) ;
#1521 = DIRECTION ( 'NONE',  ( 0.000000000000000000, 0.000000000000000000, -1.000000000000000000 ) ) ;
#1522 = VERTEX_POINT ( 'NONE', #4909 ) ;
#1523 = CIRCLE ( 'NONE', #1159, 16.52862817102733928 ) ;
#1524 = LINE ( 'NONE', #4142, #817 ) ;
#1525 = DIRECTION ( 'NONE',  ( -0.9659258262890680902, -0.2588190451025215166, 0.000000000000000000 ) ) ;
#1526 = EDGE_LOOP ( 'NONE', ( #5294, #4349, #2700, #3391 ) ) ;
#1527 = EDGE_LOOP ( 'NONE', ( #1241, #337, #3437, #940 ) ) ;
#1528 = AXIS2_PLACEMENT_3D ( 'NONE', #1124, #4729, #5196 ) ;
#1529 = ORIENTED_EDGE ( 'NONE', *, *, #9, .T. ) ;
#1530 = ORIENTED_EDGE ( 'NONE', *, *, #4910, .T. ) ;
#1531 = EDGE_CURVE ( 'NONE', #3255, #5727, #929, .T. ) ;
#1532 = AXIS2_PLACEMENT_3D ( 'NONE', #1728, #2716, #3851 ) ;
#1533 = FACE_OUTER_BOUND ( 'NONE', #101, .T. ) ;
#1534 = CARTESIAN_POINT ( 'NONE',  ( -16.96375033764019946, -6.325010817588579748, -5.000000000000000000 ) ) ;
#1535 = AXIS2_PLACEMENT_3D ( 'NONE', #3690, #5470, #2303 ) ;
#1536 = EDGE_LOOP ( 'NONE', ( #3944, #1410, #1484, #703 ) ) ;
#1537 = ADVANCED_FACE ( 'NONE', ( #2654 ), #1770, .F. ) ;
#1538 = DIRECTION ( 'NONE',  ( 0.8660254037844388186, 0.4999999999999998335, 0.000000000000000000 ) ) ;
#1539 = CIRCLE ( 'NONE', #4874, 0.4299999999999993272 ) ;
#1540 = ORIENTED_EDGE ( 'NONE', *, *, #2118, .T. ) ;
#1541 = CARTESIAN_POINT ( 'NONE',  ( -13.95949521606316068, -11.52853332705895895, 5.000000000000000000 ) ) ;
#1542 = DIRECTION ( 'NONE',  ( 0.000000000000000000, 0.000000000000000000, 1.000000000000000000 ) ) ;
#1543 = CARTESIAN_POINT ( 'NONE',  ( 11.18896446287262059, -14.22330004254519942, 5.000000000000000000 ) ) ;
#1544 = DIRECTION ( 'NONE',  ( 0.000000000000000000, 0.000000000000000000, 1.000000000000000000 ) ) ;
#1545 = CARTESIAN_POINT ( 'NONE',  ( -9.757819552369539906E-16, 2.376571162088224710E-13, -5.000000000000000000 ) ) ;
#1546 = CARTESIAN_POINT ( 'NONE',  ( 17.62937653985285280, 4.690439747858779818, 5.002000000000000668 ) ) ;
#1547 = DIRECTION ( 'NONE',  ( -0.000000000000000000, -0.000000000000000000, -1.000000000000000000 ) ) ;
#1548 = DIRECTION ( 'NONE',  ( 0.000000000000000000, 0.000000000000000000, -1.000000000000000000 ) ) ;
#1549 = CIRCLE ( 'NONE', #161, 18.52682817102719781 ) ;
#1550 = DIRECTION ( 'NONE',  ( 0.000000000000000000, 0.000000000000000000, -1.000000000000000000 ) ) ;
#1551 = VERTEX_POINT ( 'NONE', #2153 ) ;
#1552 = ADVANCED_FACE ( 'NONE', ( #3927 ), #1747, .F. ) ;
#1553 = DIRECTION ( 'NONE',  ( 0.000000000000000000, 0.000000000000000000, -1.000000000000000000 ) ) ;
#1554 = CARTESIAN_POINT ( 'NONE',  ( -18.33783493938530285, 2.639540076345805009, -5.000000000000000000 ) ) ;
#1555 = CARTESIAN_POINT ( 'NONE',  ( 14.56126086974063938, 11.45482623011523948, 5.000000000000000000 ) ) ;
#1556 = ORIENTED_EDGE ( 'NONE', *, *, #2135, .T. ) ;
#1557 = EDGE_LOOP ( 'NONE', ( #2882, #3041, #4541, #3930 ) ) ;
#1558 = AXIS2_PLACEMENT_3D ( 'NONE', #4897, #4464, #2674 ) ;
#1559 = VERTEX_POINT ( 'NONE', #3722 ) ;
#1560 = EDGE_LOOP ( 'NONE', ( #783, #244, #964, #4744 ) ) ;
#1561 = EDGE_CURVE ( 'NONE', #3110, #2485, #2338, .T. ) ;
#1562 = CIRCLE ( 'NONE', #4801, 18.52682817102719781 ) ;
#1563 = AXIS2_PLACEMENT_3D ( 'NONE', #684, #4134, #2379 ) ;
#1564 = CIRCLE ( 'NONE', #5560, 16.52862817102735349 ) ;
#1565 = DIRECTION ( 'NONE',  ( 0.000000000000000000, 0.000000000000000000, -1.000000000000000000 ) ) ;
#1566 = AXIS2_PLACEMENT_3D ( 'NONE', #3075, #2189, #4013 ) ;
#1567 = EDGE_CURVE ( 'NONE', #4806, #3507, #4534, .T. ) ;
#1568 = AXIS2_PLACEMENT_3D ( 'NONE', #4423, #3553, #3334 ) ;
#1569 = ORIENTED_EDGE ( 'NONE', *, *, #1579, .T. ) ;
#1570 = AXIS2_PLACEMENT_3D ( 'NONE', #4006, #3092, #4826 ) ;
#1571 = AXIS2_PLACEMENT_3D ( 'NONE', #2411, #4170, #2899 ) ;
#1572 = EDGE_CURVE ( 'NONE', #2392, #2908, #3763, .T. ) ;
#1573 = VERTEX_POINT ( 'NONE', #4590 ) ;
#1574 = CARTESIAN_POINT ( 'NONE',  ( -9.757819552369539906E-16, 2.376571162088224710E-13, 5.000000000000000000 ) ) ;
#1575 = DIRECTION ( 'NONE',  ( -0.4999999999999999445, 0.8660254037844387076, 0.000000000000000000 ) ) ;
#1576 = AXIS2_PLACEMENT_3D ( 'NONE', #1365, #3524, #490 ) ;
#1577 = DIRECTION ( 'NONE',  ( -0.000000000000000000, -0.000000000000000000, -1.000000000000000000 ) ) ;
#1578 = DIRECTION ( 'NONE',  ( 0.000000000000000000, 0.000000000000000000, -1.000000000000000000 ) ) ;
#1579 = EDGE_CURVE ( 'NONE', #3055, #2535, #4872, .T. ) ;
#1580 = DIRECTION ( 'NONE',  ( 0.000000000000000000, 0.000000000000000000, 1.000000000000000000 ) ) ;
#1581 = FACE_OUTER_BOUND ( 'NONE', #2586, .T. ) ;
#1582 = CARTESIAN_POINT ( 'NONE',  ( 7.522724857905819462, -16.46764093829609976, -5.000000000000000000 ) ) ;
#1583 = DIRECTION ( 'NONE',  ( 0.000000000000000000, 0.000000000000000000, 1.000000000000000000 ) ) ;
#1584 = VERTEX_POINT ( 'NONE', #3203 ) ;
#1585 = VERTEX_POINT ( 'NONE', #4093 ) ;
#1586 = PLANE ( 'NONE',  #630 ) ;
#1587 = EDGE_CURVE ( 'NONE', #4326, #242, #5056, .T. ) ;
#1588 = DIRECTION ( 'NONE',  ( 0.000000000000000000, 0.000000000000000000, 1.000000000000000000 ) ) ;
#1589 = DIRECTION ( 'NONE',  ( -0.000000000000000000, -0.000000000000000000, 1.000000000000000000 ) ) ;
#1590 = CARTESIAN_POINT ( 'NONE',  ( -9.757819552369539906E-16, 2.376571162088224710E-13, 5.000000000000000000 ) ) ;
#1591 = VERTEX_POINT ( 'NONE', #2714 ) ;
#1592 = EDGE_LOOP ( 'NONE', ( #1529, #695, #5103, #2549 ) ) ;
#1593 = ORIENTED_EDGE ( 'NONE', *, *, #3011, .F. ) ;
#1594 = EDGE_LOOP ( 'NONE', ( #746, #2571, #4641, #3373 ) ) ;
#1595 = EDGE_CURVE ( 'NONE', #4387, #4667, #2802, .T. ) ;
#1596 = DIRECTION ( 'NONE',  ( 0.000000000000000000, 0.000000000000000000, 1.000000000000000000 ) ) ;
#1597 = ADVANCED_FACE ( 'NONE', ( #4498 ), #50, .F. ) ;
#1598 = EDGE_CURVE ( 'NONE', #5154, #3166, #3265, .T. ) ;
#1599 = DIRECTION ( 'NONE',  ( 0.000000000000000000, 0.000000000000000000, 1.000000000000000000 ) ) ;
#1600 = AXIS2_PLACEMENT_3D ( 'NONE', #432, #407, #5260 ) ;
#1601 = CARTESIAN_POINT ( 'NONE',  ( 6.723256931056099894, -16.80157748816159824, 5.000000000000000000 ) ) ;
#1602 = CARTESIAN_POINT ( 'NONE',  ( -11.42209106089456050, -11.94702410697803963, 5.000000000000000000 ) ) ;
#1603 = DIRECTION ( 'NONE',  ( -0.000000000000000000, -0.000000000000000000, 1.000000000000000000 ) ) ;
#1604 = EDGE_CURVE ( 'NONE', #2054, #1134, #4960, .T. ) ;
#1605 = AXIS2_PLACEMENT_3D ( 'NONE', #2869, #4629, #4169 ) ;
#1606 = EDGE_CURVE ( 'NONE', #4775, #1263, #516, .T. ) ;
#1607 = CARTESIAN_POINT ( 'NONE',  ( -16.52445980553209637, -0.3711837165545234796, -5.000000000000000000 ) ) ;
#1608 = DIRECTION ( 'NONE',  ( -0.4999999999999998890, 0.8660254037844387076, 0.000000000000000000 ) ) ;
#1609 = PLANE ( 'NONE',  #5756 ) ;
#1610 = CYLINDRICAL_SURFACE ( 'NONE', #1737, 0.4299999999999993272 ) ;
#1611 = DIRECTION ( 'NONE',  ( 0.000000000000000000, 0.000000000000000000, 1.000000000000000000 ) ) ;
#1612 = ORIENTED_EDGE ( 'NONE', *, *, #422, .F. ) ;
#1613 = FACE_OUTER_BOUND ( 'NONE', #2647, .T. ) ;
#1614 = LINE ( 'NONE', #4721, #5360 ) ;
#1615 = DIRECTION ( 'NONE',  ( 0.000000000000000000, -1.000000000000000000, 0.000000000000000000 ) ) ;
#1616 = ORIENTED_EDGE ( 'NONE', *, *, #3135, .F. ) ;
#1617 = EDGE_LOOP ( 'NONE', ( #4605, #302, #3225, #5216 ) ) ;
#1618 = ORIENTED_EDGE ( 'NONE', *, *, #3281, .T. ) ;
#1619 = CIRCLE ( 'NONE', #965, 16.52862817102734638 ) ;
#1620 = EDGE_CURVE ( 'NONE', #2053, #5516, #4408, .T. ) ;
#1621 = EDGE_CURVE ( 'NONE', #3721, #1105, #2188, .T. ) ;
#1622 = VECTOR ( 'NONE', #5250, 1000.000000000000000 ) ;
#1623 = FACE_OUTER_BOUND ( 'NONE', #4976, .T. ) ;
#1624 = FACE_OUTER_BOUND ( 'NONE', #406, .T. ) ;
#1625 = CARTESIAN_POINT ( 'NONE',  ( 2.078460969082649878, 3.600000000000000089, 6.500000000000000000 ) ) ;
#1626 = ORIENTED_EDGE ( 'NONE', *, *, #3865, .T. ) ;
#1627 = EDGE_CURVE ( 'NONE', #3055, #1814, #556, .T. ) ;
#1628 = CIRCLE ( 'NONE', #1528, 16.52862817102734994 ) ;
#1629 = FACE_OUTER_BOUND ( 'NONE', #814, .T. ) ;
#1630 = DIRECTION ( 'NONE',  ( 0.000000000000000000, 0.000000000000000000, 1.000000000000000000 ) ) ;
#1631 = ORIENTED_EDGE ( 'NONE', *, *, #2510, .F. ) ;
#1632 = FACE_OUTER_BOUND ( 'NONE', #4731, .T. ) ;
#1633 = CARTESIAN_POINT ( 'NONE',  ( -2.639540076345805009, -18.33783493938530285, 5.000000000000000000 ) ) ;
#1634 = CARTESIAN_POINT ( 'NONE',  ( 6.723256931056099894, -16.80157748816159824, -5.000000000000000000 ) ) ;
#1635 = CIRCLE ( 'NONE', #4595, 0.4299999999999997713 ) ;
#1636 = ORIENTED_EDGE ( 'NONE', *, *, #5737, .F. ) ;
#1637 = LINE ( 'NONE', #2525, #5304 ) ;
#1638 = CYLINDRICAL_SURFACE ( 'NONE', #1089, 1.764902496759995998 ) ;
#1639 = DIRECTION ( 'NONE',  ( 0.000000000000000000, 0.000000000000000000, -1.000000000000000000 ) ) ;
#1640 = AXIS2_PLACEMENT_3D ( 'NONE', #4935, #5400, #1445 ) ;
#1641 = VERTEX_POINT ( 'NONE', #1948 ) ;
#1642 = DIRECTION ( 'NONE',  ( 0.000000000000000000, 0.000000000000000000, 1.000000000000000000 ) ) ;
#1643 = AXIS2_PLACEMENT_3D ( 'NONE', #1232, #1642, #5125 ) ;
#1644 = CARTESIAN_POINT ( 'NONE',  ( -2.078460969082654763, -3.600000000000000089, -6.500000000000000000 ) ) ;
#1645 = EDGE_CURVE ( 'NONE', #947, #5581, #3954, .T. ) ;
#1646 = DIRECTION ( 'NONE',  ( 0.000000000000000000, 0.000000000000000000, 1.000000000000000000 ) ) ;
#1647 = VERTEX_POINT ( 'NONE', #2266 ) ;
#1648 = VERTEX_POINT ( 'NONE', #4122 ) ;
#1649 = ORIENTED_EDGE ( 'NONE', *, *, #2783, .T. ) ;
#1650 = ORIENTED_EDGE ( 'NONE', *, *, #2894, .F. ) ;
#1651 = AXIS2_PLACEMENT_3D ( 'NONE', #4392, #411, #879 ) ;
#1652 = CARTESIAN_POINT ( 'NONE',  ( -9.757819552369539906E-16, 2.376571162088224710E-13, 5.000000000000000000 ) ) ;
#1653 = EDGE_CURVE ( 'NONE', #692, #5659, #4234, .T. ) ;
#1654 = CARTESIAN_POINT ( 'NONE',  ( -17.61270781032335009, -4.752648293360460130, 5.000000000000000000 ) ) ;
#1655 = ORIENTED_EDGE ( 'NONE', *, *, #4621, .F. ) ;
#1656 = CIRCLE ( 'NONE', #5359, 0.4299999999999993272 ) ;
#1657 = AXIS2_PLACEMENT_3D ( 'NONE', #1065, #2903, #2418 ) ;
#1658 = PRESENTATION_LAYER_ASSIGNMENT (  '', '', ( #4164 ) ) ;
#1659 = ORIENTED_EDGE ( 'NONE', *, *, #4849, .F. ) ;
#1660 = CIRCLE ( 'NONE', #3057, 1.000000000000000222 ) ;
#1661 = CARTESIAN_POINT ( 'NONE',  ( -9.757819552369539906E-16, 2.376571162088224710E-13, 5.000000000000000000 ) ) ;
#1662 = DIRECTION ( 'NONE',  ( 0.4999999999999999445, -0.8660254037844387076, 0.000000000000000000 ) ) ;
#1663 = CARTESIAN_POINT ( 'NONE',  ( -17.02982512410865112, -7.295780857526789731, 5.000000000000000000 ) ) ;
#1664 = VECTOR ( 'NONE', #5090, 1000.000000000000000 ) ;
#1665 = AXIS2_PLACEMENT_3D ( 'NONE', #5293, #2633, #5378 ) ;
#1666 = ORIENTED_EDGE ( 'NONE', *, *, #2282, .F. ) ;
#1667 = DIRECTION ( 'NONE',  ( 1.000000000000000000, 0.000000000000000000, 0.000000000000000000 ) ) ;
#1668 = CARTESIAN_POINT ( 'NONE',  ( -9.093435290907070367, -15.81469496456674939, -5.000000000000000000 ) ) ;
#1669 = CYLINDRICAL_SURFACE ( 'NONE', #2608, 18.52682817102719781 ) ;
#1670 = CIRCLE ( 'NONE', #4911, 0.4299999999999997713 ) ;
#1671 = ORIENTED_EDGE ( 'NONE', *, *, #5450, .F. ) ;
#1672 = DIRECTION ( 'NONE',  ( 0.000000000000000000, 0.000000000000000000, 1.000000000000000000 ) ) ;
#1673 = DIRECTION ( 'NONE',  ( 0.000000000000000000, 0.000000000000000000, -1.000000000000000000 ) ) ;
#1674 = EDGE_CURVE ( 'NONE', #2535, #280, #5644, .T. ) ;
#1675 = CARTESIAN_POINT ( 'NONE',  ( 17.02982512410865112, -7.295780857526780849, -5.000000000000000000 ) ) ;
#1676 = CARTESIAN_POINT ( 'NONE',  ( -16.80157748816159824, 6.723256931056099894, 5.000000000000000000 ) ) ;
#1677 = CARTESIAN_POINT ( 'NONE',  ( 14.74869130177516041, -10.50003296401212083, -5.000000000000000000 ) ) ;
#1678 = ORIENTED_EDGE ( 'NONE', *, *, #5100, .T. ) ;
#1679 = ORIENTED_EDGE ( 'NONE', *, *, #4442, .F. ) ;
#1680 = ORIENTED_EDGE ( 'NONE', *, *, #5707, .T. ) ;
#1681 = EDGE_CURVE ( 'NONE', #5516, #5124, #1349, .T. ) ;
#1682 = EDGE_CURVE ( 'NONE', #395, #2905, #47, .T. ) ;
#1683 = DIRECTION ( 'NONE',  ( 0.000000000000000000, 0.000000000000000000, -1.000000000000000000 ) ) ;
#1684 = CYLINDRICAL_SURFACE ( 'NONE', #5328, 0.4299999999999998823 ) ;
#1685 = ORIENTED_EDGE ( 'NONE', *, *, #1265, .F. ) ;
#1686 = VECTOR ( 'NONE', #1550, 1000.000000000000000 ) ;
#1687 = DIRECTION ( 'NONE',  ( 0.000000000000000000, 0.000000000000000000, 1.000000000000000000 ) ) ;
#1688 = ORIENTED_EDGE ( 'NONE', *, *, #1681, .F. ) ;
#1689 = CARTESIAN_POINT ( 'NONE',  ( -17.91222139392874979, 2.578277445616404595, -5.000000000000000000 ) ) ;
#1690 = LINE ( 'NONE', #3870, #514 ) ;
#1691 = CIRCLE ( 'NONE', #3824, 0.4299999999999998823 ) ;
#1692 = ADVANCED_FACE ( 'NONE', ( #4241 ), #4619, .T. ) ;
#1693 = EDGE_CURVE ( 'NONE', #2230, #2112, #2757, .T. ) ;
#1694 = ORIENTED_EDGE ( 'NONE', *, *, #4029, .F. ) ;
#1695 = CARTESIAN_POINT ( 'NONE',  ( -17.85354414464755024, 3.004255121576999699, -5.000000000000000000 ) ) ;
#1696 = CARTESIAN_POINT ( 'NONE',  ( -8.583684430773390162, -14.12501011712842036, -5.000000000000000000 ) ) ;
#1697 = DIRECTION ( 'NONE',  ( -0.7071067811865485719, 0.7071067811865465735, 0.000000000000000000 ) ) ;
#1698 = ORIENTED_EDGE ( 'NONE', *, *, #3928, .F. ) ;
#1699 = CARTESIAN_POINT ( 'NONE',  ( -16.52445980553209637, -0.3711837165545234796, 5.000000000000000000 ) ) ;
#1700 = DIRECTION ( 'NONE',  ( 0.000000000000000000, 0.000000000000000000, -1.000000000000000000 ) ) ;
#1701 = EDGE_CURVE ( 'NONE', #1768, #4668, #620, .T. ) ;
#1702 = VERTEX_POINT ( 'NONE', #5163 ) ;
#1703 = CIRCLE ( 'NONE', #5706, 0.4299999999999998823 ) ;
#1704 = CARTESIAN_POINT ( 'NONE',  ( 6.117477020638539264E-14, 3.628951489128784993E-14, 5.002000000000000668 ) ) ;
#1705 = CARTESIAN_POINT ( 'NONE',  ( 3.656921938165305530, 0.8660254037844398178, -6.500000000000000000 ) ) ;
#1706 = LINE ( 'NONE', #5674, #4681 ) ;
#1707 = ORIENTED_EDGE ( 'NONE', *, *, #5737, .T. ) ;
#1708 = EDGE_CURVE ( 'NONE', #2035, #479, #4601, .T. ) ;
#1709 = EDGE_LOOP ( 'NONE', ( #2594, #4689, #2169, #2457 ) ) ;
#1710 = ORIENTED_EDGE ( 'NONE', *, *, #2748, .T. ) ;
#1711 = DIRECTION ( 'NONE',  ( 1.000000000000000000, 0.000000000000000000, 0.000000000000000000 ) ) ;
#1712 = ADVANCED_FACE ( 'NONE', ( #760 ), #851, .T. ) ;
#1713 = VERTEX_POINT ( 'NONE', #1714 ) ;
#1714 = CARTESIAN_POINT ( 'NONE',  ( 3.078460969082649878, 3.600000000000000089, 6.500000000000000000 ) ) ;
#1715 = AXIS2_PLACEMENT_3D ( 'NONE', #1101, #4638, #2419 ) ;
#1716 = VECTOR ( 'NONE', #3344, 1000.000000000000000 ) ;
#1717 = ORIENTED_EDGE ( 'NONE', *, *, #1045, .T. ) ;
#1718 = LINE ( 'NONE', #3495, #10 ) ;
#1719 = CARTESIAN_POINT ( 'NONE',  ( -18.02275782191794562, 1.718949636520935131, -5.000000000000000000 ) ) ;
#1720 = CYLINDRICAL_SURFACE ( 'NONE', #4907, 1.764902496759994888 ) ;
#1721 = EDGE_CURVE ( 'NONE', #1383, #667, #4406, .T. ) ;
#1722 = ORIENTED_EDGE ( 'NONE', *, *, #2116, .F. ) ;
#1723 = FACE_OUTER_BOUND ( 'NONE', #1536, .T. ) ;
#1724 = AXIS2_PLACEMENT_3D ( 'NONE', #2740, #988, #1021 ) ;
#1725 = DIRECTION ( 'NONE',  ( -0.7071067811865475727, 0.7071067811865475727, 0.000000000000000000 ) ) ;
#1726 = VECTOR ( 'NONE', #59, 1000.000000000000000 ) ;
#1727 = CARTESIAN_POINT ( 'NONE',  ( 18.39615160824795126, 2.196580998991904732, -5.000000000000000000 ) ) ;
#1728 = CARTESIAN_POINT ( 'NONE',  ( 2.078460969082649878, -3.600000000000000089, 6.500000000000000000 ) ) ;
#1729 = EDGE_CURVE ( 'NONE', #4368, #4671, #1539, .T. ) ;
#1730 = ORIENTED_EDGE ( 'NONE', *, *, #4567, .F. ) ;
#1731 = DIRECTION ( 'NONE',  ( 0.8660254037844387076, -0.4999999999999999445, 0.000000000000000000 ) ) ;
#1732 = ORIENTED_EDGE ( 'NONE', *, *, #5055, .T. ) ;
#1733 = ORIENTED_EDGE ( 'NONE', *, *, #943, .F. ) ;
#1734 = CIRCLE ( 'NONE', #1820, 0.4299999999999998823 ) ;
#1735 = FACE_OUTER_BOUND ( 'NONE', #5327, .T. ) ;
#1736 = ORIENTED_EDGE ( 'NONE', *, *, #4339, .F. ) ;
#1737 = AXIS2_PLACEMENT_3D ( 'NONE', #3983, #4413, #55 ) ;
#1738 = EDGE_CURVE ( 'NONE', #443, #2881, #1911, .T. ) ;
#1739 = CIRCLE ( 'NONE', #2501, 0.4299999999999993272 ) ;
#1740 = ORIENTED_EDGE ( 'NONE', *, *, #3426, .T. ) ;
#1741 = FACE_OUTER_BOUND ( 'NONE', #3810, .T. ) ;
#1742 = CIRCLE ( 'NONE', #5078, 18.52682817102719781 ) ;
#1743 = DIRECTION ( 'NONE',  ( -0.4999999999999998335, 0.8660254037844388186, 0.000000000000000000 ) ) ;
#1744 = CARTESIAN_POINT ( 'NONE',  ( 11.42209106089458004, -11.94702410697802009, 5.000000000000000000 ) ) ;
#1745 = CIRCLE ( 'NONE', #1006, 1.764902496759994888 ) ;
#1746 = CIRCLE ( 'NONE', #2509, 18.52682817102719781 ) ;
#1747 = CYLINDRICAL_SURFACE ( 'NONE', #2845, 1.764902496759997108 ) ;
#1748 = AXIS2_PLACEMENT_3D ( 'NONE', #1925, #3243, #2813 ) ;
#1749 = VERTEX_POINT ( 'NONE', #1356 ) ;
#1750 = CARTESIAN_POINT ( 'NONE',  ( 12.87672824649239978, 12.92226806246459958, 5.002000000000000668 ) ) ;
#1751 = FACE_OUTER_BOUND ( 'NONE', #1950, .T. ) ;
#1752 = AXIS2_PLACEMENT_3D ( 'NONE', #5324, #1519, #2494 ) ;
#1753 = VERTEX_POINT ( 'NONE', #2176 ) ;
#1754 = AXIS2_PLACEMENT_3D ( 'NONE', #3448, #1611, #354 ) ;
#1755 = CARTESIAN_POINT ( 'NONE',  ( -11.10037075072115975, -14.83324412511671930, 5.000000000000000000 ) ) ;
#1756 = EDGE_CURVE ( 'NONE', #3528, #1936, #1256, .T. ) ;
#1757 = CIRCLE ( 'NONE', #1477, 1.764902496759994888 ) ;
#1758 = CARTESIAN_POINT ( 'NONE',  ( -2.145599264782074744, 17.96918455708715001, 5.000000000000000000 ) ) ;
#1759 = DIRECTION ( 'NONE',  ( 1.000000000000000000, 0.000000000000000000, 0.000000000000000000 ) ) ;
#1760 = ORIENTED_EDGE ( 'NONE', *, *, #317, .T. ) ;
#1761 = CARTESIAN_POINT ( 'NONE',  ( -9.757819552369539906E-16, 2.376571162088224710E-13, 5.000000000000000000 ) ) ;
#1762 = VERTEX_POINT ( 'NONE', #4871 ) ;
#1763 = ORIENTED_EDGE ( 'NONE', *, *, #3774, .F. ) ;
#1764 = ADVANCED_FACE ( 'NONE', ( #5686 ), #3926, .T. ) ;
#1765 = EDGE_CURVE ( 'NONE', #1497, #2993, #2398, .T. ) ;
#1766 = CARTESIAN_POINT ( 'NONE',  ( -8.402566836762660350E-16, 7.112366251504909087E-14, 5.002000000000000668 ) ) ;
#1767 = DIRECTION ( 'NONE',  ( -0.8660254037844387076, -0.4999999999999998890, 0.000000000000000000 ) ) ;
#1768 = VERTEX_POINT ( 'NONE', #3902 ) ;
#1769 = CARTESIAN_POINT ( 'NONE',  ( 2.078460969082649878, -3.600000000000000089, -6.500000000000000000 ) ) ;
#1770 = CYLINDRICAL_SURFACE ( 'NONE', #4784, 1.764902496759994444 ) ;
#1771 = ADVANCED_FACE ( 'NONE', ( #3978 ), #813, .F. ) ;
#1772 = EDGE_CURVE ( 'NONE', #1362, #2634, #329, .T. ) ;
#1773 = VECTOR ( 'NONE', #1521, 1000.000000000000000 ) ;
#1774 = CARTESIAN_POINT ( 'NONE',  ( -6.325010817588590406, 16.96375033764019946, 5.002000000000000668 ) ) ;
#1775 = LINE ( 'NONE', #1861, #5471 ) ;
#1776 = ORIENTED_EDGE ( 'NONE', *, *, #5609, .F. ) ;
#1777 = LINE ( 'NONE', #4964, #3431 ) ;
#1778 = AXIS2_PLACEMENT_3D ( 'NONE', #824, #3875, #3842 ) ;
#1779 = CARTESIAN_POINT ( 'NONE',  ( -7.295780857526780849, -17.02982512410865112, 5.000000000000000000 ) ) ;
#1780 = LINE ( 'NONE', #3211, #5713 ) ;
#1781 = DIRECTION ( 'NONE',  ( 0.000000000000000000, 0.000000000000000000, -1.000000000000000000 ) ) ;
#1782 = DIRECTION ( 'NONE',  ( -0.8660254037844387076, 0.4999999999999999445, 0.000000000000000000 ) ) ;
#1783 = DIRECTION ( 'NONE',  ( 1.000000000000000000, 0.000000000000000000, 0.000000000000000000 ) ) ;
#1784 = EDGE_LOOP ( 'NONE', ( #3874, #5012, #2646, #3803 ) ) ;
#1785 = VERTEX_POINT ( 'NONE', #3490 ) ;
#1786 = ORIENTED_EDGE ( 'NONE', *, *, #1305, .T. ) ;
#1787 = DIRECTION ( 'NONE',  ( 0.000000000000000000, 0.000000000000000000, 1.000000000000000000 ) ) ;
#1788 = CARTESIAN_POINT ( 'NONE',  ( -9.757819552369539906E-16, 2.376571162088224710E-13, -5.000000000000000000 ) ) ;
#1789 = ORIENTED_EDGE ( 'NONE', *, *, #4165, .T. ) ;
#1790 = CARTESIAN_POINT ( 'NONE',  ( 16.05747190671534952, -3.918308969584834767, 5.002000000000000668 ) ) ;
#1791 = ORIENTED_EDGE ( 'NONE', *, *, #2624, .T. ) ;
#1792 = UNCERTAINTY_MEASURE_WITH_UNIT (LENGTH_MEASURE( 1.000000000000000082E-05 ), #5389, 'distance_accuracy_value', 'NONE');
#1793 = EDGE_CURVE ( 'NONE', #3454, #3258, #2202, .T. ) ;
#1794 = DIRECTION ( 'NONE',  ( 0.000000000000000000, 0.000000000000000000, 1.000000000000000000 ) ) ;
#1795 = CARTESIAN_POINT ( 'NONE',  ( -15.81469496456674939, -9.093435290907079249, 5.002000000000000668 ) ) ;
#1796 = CIRCLE ( 'NONE', #1330, 1.764902496759995110 ) ;
#1797 = FACE_OUTER_BOUND ( 'NONE', #2901, .T. ) ;
#1798 = ORIENTED_EDGE ( 'NONE', *, *, #222, .F. ) ;
#1799 = ADVANCED_FACE ( 'NONE', ( #3539 ), #847, .T. ) ;
#1800 = EDGE_LOOP ( 'NONE', ( #4436, #3724, #3584, #3941 ) ) ;
#1801 = AXIS2_PLACEMENT_3D ( 'NONE', #3625, #544, #2388 ) ;
#1802 = LINE ( 'NONE', #384, #4627 ) ;
#1803 = CARTESIAN_POINT ( 'NONE',  ( 2.078460969082649878, 3.600000000000000089, 6.500000000000000000 ) ) ;
#1804 = ADVANCED_FACE ( 'NONE', ( #401 ), #4000, .T. ) ;
#1805 = VERTEX_POINT ( 'NONE', #927 ) ;
#1806 = DIRECTION ( 'NONE',  ( 0.000000000000000000, 0.000000000000000000, -1.000000000000000000 ) ) ;
#1807 = VECTOR ( 'NONE', #2931, 1000.000000000000000 ) ;
#1808 = DIRECTION ( 'NONE',  ( 0.000000000000000000, 0.000000000000000000, 1.000000000000000000 ) ) ;
#1809 = DIRECTION ( 'NONE',  ( 0.000000000000000000, 0.000000000000000000, 1.000000000000000000 ) ) ;
#1810 = FACE_OUTER_BOUND ( 'NONE', #4264, .T. ) ;
#1811 = DIRECTION ( 'NONE',  ( -0.000000000000000000, -0.000000000000000000, 1.000000000000000000 ) ) ;
#1812 = ORIENTED_EDGE ( 'NONE', *, *, #3665, .F. ) ;
#1813 = CARTESIAN_POINT ( 'NONE',  ( -7.522724857905809692, -16.46764093829609976, 5.002000000000000668 ) ) ;
#1814 = VERTEX_POINT ( 'NONE', #344 ) ;
#1815 = AXIS2_PLACEMENT_3D ( 'NONE', #4906, #5255, #2233 ) ;
#1816 = DIRECTION ( 'NONE',  ( -0.4999999999999998890, -0.8660254037844387076, 0.000000000000000000 ) ) ;
#1817 = ORIENTED_EDGE ( 'NONE', *, *, #4356, .F. ) ;
#1818 = VERTEX_POINT ( 'NONE', #3087 ) ;
#1819 = VERTEX_POINT ( 'NONE', #2652 ) ;
#1820 = AXIS2_PLACEMENT_3D ( 'NONE', #3416, #5629, #5144 ) ;
#1821 = CARTESIAN_POINT ( 'NONE',  ( 18.33783493938530285, 2.639540076345814779, 5.000000000000000000 ) ) ;
#1822 = ADVANCED_FACE ( 'NONE', ( #1741 ), #2123, .F. ) ;
#1823 = DIRECTION ( 'NONE',  ( 0.8660254037844388186, 0.4999999999999998335, 0.000000000000000000 ) ) ;
#1824 = ORIENTED_EDGE ( 'NONE', *, *, #5184, .F. ) ;
#1825 = CYLINDRICAL_SURFACE ( 'NONE', #2091, 16.52862817102734283 ) ;
#1826 = CIRCLE ( 'NONE', #1515, 16.52862817102734994 ) ;
#1827 = DIRECTION ( 'NONE',  ( -0.000000000000000000, -0.000000000000000000, -1.000000000000000000 ) ) ;
#1828 = VERTEX_POINT ( 'NONE', #871 ) ;
#1829 = LINE ( 'NONE', #5638, #4868 ) ;
#1830 = DIRECTION ( 'NONE',  ( 0.000000000000000000, 0.000000000000000000, 1.000000000000000000 ) ) ;
#1831 = ORIENTED_EDGE ( 'NONE', *, *, #576, .T. ) ;
#1832 = CARTESIAN_POINT ( 'NONE',  ( -9.757819552369539906E-16, 2.376571162088224710E-13, -5.000000000000000000 ) ) ;
#1833 = ORIENTED_EDGE ( 'NONE', *, *, #3022, .F. ) ;
#1834 = AXIS2_PLACEMENT_3D ( 'NONE', #3076, #4315, #2165 ) ;
#1835 = AXIS2_PLACEMENT_3D ( 'NONE', #2143, #889, #3646 ) ;
#1836 = DIRECTION ( 'NONE',  ( -0.4999999999999999445, 0.8660254037844387076, 0.000000000000000000 ) ) ;
#1837 = AXIS2_PLACEMENT_3D ( 'NONE', #4943, #1809, #3938 ) ;
#1838 = FACE_OUTER_BOUND ( 'NONE', #1327, .T. ) ;
#1839 = DIRECTION ( 'NONE',  ( -0.9659258262890680902, -0.2588190451025210170, 0.000000000000000000 ) ) ;
#1840 = ORIENTED_EDGE ( 'NONE', *, *, #4647, .T. ) ;
#1841 = DIRECTION ( 'NONE',  ( -0.000000000000000000, -0.000000000000000000, 1.000000000000000000 ) ) ;
#1842 = AXIS2_PLACEMENT_3D ( 'NONE', #1000, #5354, #4922 ) ;
#1843 = ORIENTED_EDGE ( 'NONE', *, *, #3244, .T. ) ;
#1844 = AXIS2_PLACEMENT_3D ( 'NONE', #1425, #4014, #34 ) ;
#1845 = AXIS2_PLACEMENT_3D ( 'NONE', #1228, #2585, #1697 ) ;
#1846 = CARTESIAN_POINT ( 'NONE',  ( -18.24264523787019954, -0.03220151268792335181, -5.000000000000000000 ) ) ;
#1847 = DIRECTION ( 'NONE',  ( 0.000000000000000000, 0.000000000000000000, -1.000000000000000000 ) ) ;
#1848 = EDGE_LOOP ( 'NONE', ( #5768, #5482, #3480, #3915 ) ) ;
#1849 = ORIENTED_EDGE ( 'NONE', *, *, #2337, .F. ) ;
#1850 = CIRCLE ( 'NONE', #3440, 0.4299999999999997713 ) ;
#1851 = CARTESIAN_POINT ( 'NONE',  ( 0.000000000000000000, 0.000000000000000000, 6.500000000000000000 ) ) ;
#1852 = EDGE_CURVE ( 'NONE', #2024, #3122, #4360, .T. ) ;
#1853 = CIRCLE ( 'NONE', #1297, 0.4299999999999998823 ) ;
#1854 = CARTESIAN_POINT ( 'NONE',  ( -12.87672824649239978, -12.92226806246459958, 5.002000000000000668 ) ) ;
#1855 = ORIENTED_EDGE ( 'NONE', *, *, #5033, .T. ) ;
#1856 = EDGE_CURVE ( 'NONE', #1785, #3049, #1178, .T. ) ;
#1857 = DIRECTION ( 'NONE',  ( 0.000000000000000000, 0.000000000000000000, -1.000000000000000000 ) ) ;
#1858 = DIRECTION ( 'NONE',  ( -1.000000000000000000, 0.000000000000000000, 0.000000000000000000 ) ) ;
#1859 = FACE_OUTER_BOUND ( 'NONE', #3171, .T. ) ;
#1860 = CARTESIAN_POINT ( 'NONE',  ( -9.757819552369539906E-16, 2.376571162088224710E-13, 5.000000000000000000 ) ) ;
#1861 = CARTESIAN_POINT ( 'NONE',  ( 4.635380845820789908, -15.86533307656285174, 5.002000000000000668 ) ) ;
#1862 = ORIENTED_EDGE ( 'NONE', *, *, #4575, .T. ) ;
#1863 = CARTESIAN_POINT ( 'NONE',  ( 11.42209106089456050, 11.94702410697802009, 5.002000000000000668 ) ) ;
#1864 = DIRECTION ( 'NONE',  ( 0.000000000000000000, 0.000000000000000000, 1.000000000000000000 ) ) ;
#1865 = FACE_OUTER_BOUND ( 'NONE', #1411, .T. ) ;
#1866 = CARTESIAN_POINT ( 'NONE',  ( 6.891765691606369485E-14, -1.759653278486404839E-14, -5.000000000000000000 ) ) ;
#1867 = ORIENTED_EDGE ( 'NONE', *, *, #1756, .T. ) ;
#1868 = ADVANCED_FACE ( 'NONE', ( #5709 ), #1016, .T. ) ;
#1869 = DIRECTION ( 'NONE',  ( 0.000000000000000000, 0.000000000000000000, 1.000000000000000000 ) ) ;
#1870 = LINE ( 'NONE', #4863, #2961 ) ;
#1871 = CARTESIAN_POINT ( 'NONE',  ( -10.84273574818606001, -14.48897067933745930, 5.000000000000000000 ) ) ;
#1872 = ORIENTED_EDGE ( 'NONE', *, *, #1432, .T. ) ;
#1873 = ORIENTED_EDGE ( 'NONE', *, *, #973, .T. ) ;
#1874 = ORIENTED_EDGE ( 'NONE', *, *, #1112, .F. ) ;
#1875 = CARTESIAN_POINT ( 'NONE',  ( 2.078460969082649878, 3.600000000000000089, -6.500000000000000000 ) ) ;
#1876 = DIRECTION ( 'NONE',  ( -0.000000000000000000, -0.000000000000000000, -1.000000000000000000 ) ) ;
#1877 = VERTEX_POINT ( 'NONE', #1942 ) ;
#1878 = CARTESIAN_POINT ( 'NONE',  ( -14.49619383368293946, 7.940775374758710647, 5.002000000000000668 ) ) ;
#1879 = DIRECTION ( 'NONE',  ( 0.000000000000000000, 0.000000000000000000, -1.000000000000000000 ) ) ;
#1880 = VERTEX_POINT ( 'NONE', #3599 ) ;
#1881 = EDGE_CURVE ( 'NONE', #4753, #2286, #2484, .T. ) ;
#1882 = FACE_OUTER_BOUND ( 'NONE', #2226, .T. ) ;
#1883 = FACE_OUTER_BOUND ( 'NONE', #4137, .T. ) ;
#1884 = VECTOR ( 'NONE', #1051, 1000.000000000000000 ) ;
#1885 = ORIENTED_EDGE ( 'NONE', *, *, #93, .T. ) ;
#1886 = CARTESIAN_POINT ( 'NONE',  ( 2.578460969082652099, 2.733974596215563935, -6.500000000000000000 ) ) ;
#1887 = EDGE_CURVE ( 'NONE', #296, #1260, #2333, .T. ) ;
#1888 = EDGE_CURVE ( 'NONE', #5171, #3100, #3035, .T. ) ;
#1889 = FILL_AREA_STYLE ('',( #5029 ) ) ;
#1890 = CYLINDRICAL_SURFACE ( 'NONE', #2424, 1.764902496759995998 ) ;
#1891 = FACE_OUTER_BOUND ( 'NONE', #4478, .T. ) ;
#1892 = CARTESIAN_POINT ( 'NONE',  ( -16.52445980553209637, 0.3711837165545124884, 5.000000000000000000 ) ) ;
#1893 = ORIENTED_EDGE ( 'NONE', *, *, #4585, .T. ) ;
#1894 = AXIS2_PLACEMENT_3D ( 'NONE', #450, #2228, #5282 ) ;
#1895 = CARTESIAN_POINT ( 'NONE',  ( -9.757819552369539906E-16, 2.376571162088224710E-13, 5.000000000000000000 ) ) ;
#1896 = EDGE_CURVE ( 'NONE', #5190, #2881, #4555, .T. ) ;
#1897 = VECTOR ( 'NONE', #3181, 1000.000000000000000 ) ;
#1898 = CARTESIAN_POINT ( 'NONE',  ( -2.078460969082654763, -3.600000000000000089, -6.500000000000000000 ) ) ;
#1899 = LINE ( 'NONE', #1466, #786 ) ;
#1900 = VERTEX_POINT ( 'NONE', #579 ) ;
#1901 = VERTEX_POINT ( 'NONE', #2297 ) ;
#1902 = DIRECTION ( 'NONE',  ( 0.000000000000000000, -1.000000000000000000, 0.000000000000000000 ) ) ;
#1903 = ORIENTED_EDGE ( 'NONE', *, *, #4760, .T. ) ;
#1904 = VERTEX_POINT ( 'NONE', #4497 ) ;
#1905 = AXIS2_PLACEMENT_3D ( 'NONE', #1574, #5167, #763 ) ;
#1906 = EDGE_CURVE ( 'NONE', #3917, #3143, #1075, .T. ) ;
#1907 = ADVANCED_FACE ( 'NONE', ( #5017 ), #3288, .F. ) ;
#1908 = CYLINDRICAL_SURFACE ( 'NONE', #3223, 0.4299999999999998823 ) ;
#1909 = CARTESIAN_POINT ( 'NONE',  ( -14.12501011712842036, 8.583684430773379503, 5.002000000000000668 ) ) ;
#1910 = FACE_OUTER_BOUND ( 'NONE', #4877, .T. ) ;
#1911 = CIRCLE ( 'NONE', #2097, 16.52862817102734283 ) ;
#1912 = VERTEX_POINT ( 'NONE', #4118 ) ;
#1913 = AXIS2_PLACEMENT_3D ( 'NONE', #1227, #4308, #2951 ) ;
#1914 = DIRECTION ( 'NONE',  ( 0.8660254037844383745, -0.5000000000000005551, 0.000000000000000000 ) ) ;
#1915 = CARTESIAN_POINT ( 'NONE',  ( -15.86533307656285174, -4.635380845820789908, 5.000000000000000000 ) ) ;
#1916 = CARTESIAN_POINT ( 'NONE',  ( 18.02275782191794562, -1.718949636520935131, 5.000000000000000000 ) ) ;
#1917 = CARTESIAN_POINT ( 'NONE',  ( 17.61270781032335009, 4.752648293360449472, 5.000000000000000000 ) ) ;
#1918 = DIRECTION ( 'NONE',  ( 0.7071067811865475727, -0.7071067811865475727, 0.000000000000000000 ) ) ;
#1919 = AXIS2_PLACEMENT_3D ( 'NONE', #5148, #1673, #4662 ) ;
#1920 = EDGE_CURVE ( 'NONE', #3100, #947, #1742, .T. ) ;
#1921 = ORIENTED_EDGE ( 'NONE', *, *, #2440, .F. ) ;
#1922 = DIRECTION ( 'NONE',  ( -0.000000000000000000, -0.000000000000000000, -1.000000000000000000 ) ) ;
#1923 = CARTESIAN_POINT ( 'NONE',  ( 1.759653278486404839E-14, 6.891765691606369485E-14, 5.000000000000000000 ) ) ;
#1924 = LINE ( 'NONE', #656, #585 ) ;
#1925 = CARTESIAN_POINT ( 'NONE',  ( 2.145599264782074744, -17.96918455708715001, 5.000000000000000000 ) ) ;
#1926 = AXIS2_PLACEMENT_3D ( 'NONE', #148, #1542, #762 ) ;
#1927 = FACE_OUTER_BOUND ( 'NONE', #2276, .T. ) ;
#1928 = EDGE_LOOP ( 'NONE', ( #4114, #812, #4336, #1976 ) ) ;
#1929 = ORIENTED_EDGE ( 'NONE', *, *, #2313, .T. ) ;
#1930 = CIRCLE ( 'NONE', #4056, 0.4299999999999997713 ) ;
#1931 = AXIS2_PLACEMENT_3D ( 'NONE', #5002, #3363, #3788 ) ;
#1932 = CARTESIAN_POINT ( 'NONE',  ( -2.639540076345805009, -18.33783493938530285, -5.000000000000000000 ) ) ;
#1933 = FACE_OUTER_BOUND ( 'NONE', #2794, .T. ) ;
#1934 = EDGE_LOOP ( 'NONE', ( #560, #849, #3072, #823 ) ) ;
#1935 = EDGE_LOOP ( 'NONE', ( #4033, #313, #4011, #3120 ) ) ;
#1936 = VERTEX_POINT ( 'NONE', #3684 ) ;
#1937 = ORIENTED_EDGE ( 'NONE', *, *, #4029, .T. ) ;
#1938 = CIRCLE ( 'NONE', #5669, 16.52862817102734638 ) ;
#1939 = DIRECTION ( 'NONE',  ( -0.000000000000000000, -0.000000000000000000, -1.000000000000000000 ) ) ;
#1940 = ADVANCED_FACE ( 'NONE', ( #5369 ), #551, .F. ) ;
#1941 = CIRCLE ( 'NONE', #4072, 16.52862817102734283 ) ;
#1942 = CARTESIAN_POINT ( 'NONE',  ( -3.656921938165307751, -0.8660254037844362651, 6.500000000000000000 ) ) ;
#1943 = AXIS2_PLACEMENT_3D ( 'NONE', #876, #2893, #1053 ) ;
#1944 = DIRECTION ( 'NONE',  ( 0.000000000000000000, 0.000000000000000000, -1.000000000000000000 ) ) ;
#1945 = ORIENTED_EDGE ( 'NONE', *, *, #5151, .F. ) ;
#1946 = EDGE_CURVE ( 'NONE', #949, #4310, #1001, .T. ) ;
#1947 = AXIS2_PLACEMENT_3D ( 'NONE', #4552, #2257, #4113 ) ;
#1948 = CARTESIAN_POINT ( 'NONE',  ( 15.86533307656285174, 4.635380845820789908, -5.000000000000000000 ) ) ;
#1949 = DIRECTION ( 'NONE',  ( -0.8660254037844387076, 0.4999999999999998890, 0.000000000000000000 ) ) ;
#1950 = EDGE_LOOP ( 'NONE', ( #3975, #1874, #2677, #1679 ) ) ;
#1951 = ADVANCED_FACE ( 'NONE', ( #5396 ), #481, .T. ) ;
#1952 = CYLINDRICAL_SURFACE ( 'NONE', #3671, 18.52682817102719781 ) ;
#1953 = DIRECTION ( 'NONE',  ( -0.000000000000000000, -0.000000000000000000, -1.000000000000000000 ) ) ;
#1954 = EDGE_CURVE ( 'NONE', #1970, #2627, #4982, .T. ) ;
#1955 = CYLINDRICAL_SURFACE ( 'NONE', #2739, 16.52862817102734994 ) ;
#1956 = DIRECTION ( 'NONE',  ( -0.9659258262890689783, 0.2588190451025180194, 0.000000000000000000 ) ) ;
#1957 = CARTESIAN_POINT ( 'NONE',  ( -4.752648293360469900, 17.61270781032335009, 5.002000000000000668 ) ) ;
#1958 = DIRECTION ( 'NONE',  ( -0.000000000000000000, -0.000000000000000000, -1.000000000000000000 ) ) ;
#1959 = CYLINDRICAL_SURFACE ( 'NONE', #5590, 1.764902496759997108 ) ;
#1960 = VERTEX_POINT ( 'NONE', #3198 ) ;
#1961 = CARTESIAN_POINT ( 'NONE',  ( -16.96375033764019946, 6.325010817588560208, 5.000000000000000000 ) ) ;
#1962 = EDGE_CURVE ( 'NONE', #4866, #5449, #2117, .T. ) ;
#1963 = VECTOR ( 'NONE', #1209, 1000.000000000000000 ) ;
#1964 = CARTESIAN_POINT ( 'NONE',  ( 2.578460969082652099, -2.733974596215563935, 6.500000000000000000 ) ) ;
#1965 = CARTESIAN_POINT ( 'NONE',  ( 4.752648293360460130, -17.61270781032335009, 5.002000000000000668 ) ) ;
#1966 = AXIS2_PLACEMENT_3D ( 'NONE', #418, #2168, #3942 ) ;
#1967 = DIRECTION ( 'NONE',  ( 0.000000000000000000, 0.000000000000000000, 1.000000000000000000 ) ) ;
#1968 = ADVANCED_FACE ( 'NONE', ( #3651 ), #5431, .F. ) ;
#1969 = CARTESIAN_POINT ( 'NONE',  ( 6.883008709270060699, 17.20080094608644927, 5.000000000000000000 ) ) ;
#1970 = VERTEX_POINT ( 'NONE', #3228 ) ;
#1971 = VERTEX_POINT ( 'NONE', #1412 ) ;
#1972 = ORIENTED_EDGE ( 'NONE', *, *, #4824, .T. ) ;
#1973 = AXIS2_PLACEMENT_3D ( 'NONE', #281, #1787, #5329 ) ;
#1974 = FACE_OUTER_BOUND ( 'NONE', #3456, .T. ) ;
#1975 = ADVANCED_FACE ( 'NONE', ( #4933 ), #4984, .T. ) ;
#1976 = ORIENTED_EDGE ( 'NONE', *, *, #1906, .F. ) ;
#1977 = CARTESIAN_POINT ( 'NONE',  ( -11.10037075072117929, 14.83324412511671930, 5.000000000000000000 ) ) ;
#1978 = EDGE_CURVE ( 'NONE', #3528, #3284, #3725, .T. ) ;
#1979 = DIRECTION ( 'NONE',  ( 0.000000000000000000, 0.000000000000000000, 1.000000000000000000 ) ) ;
#1980 = CARTESIAN_POINT ( 'NONE',  ( -14.83324412511671930, -11.10037075072117929, 5.000000000000000000 ) ) ;
#1981 = CYLINDRICAL_SURFACE ( 'NONE', #782, 1.000000000000000000 ) ;
#1982 = VECTOR ( 'NONE', #2769, 1000.000000000000000 ) ;
#1983 = CARTESIAN_POINT ( 'NONE',  ( -17.20080094608644927, 6.883008709270050041, -5.000000000000000000 ) ) ;
#1984 = LINE ( 'NONE', #5446, #1199 ) ;
#1985 = EDGE_LOOP ( 'NONE', ( #1885, #3681, #3639, #1840 ) ) ;
#1986 = ORIENTED_EDGE ( 'NONE', *, *, #2380, .T. ) ;
#1987 = DIRECTION ( 'NONE',  ( 0.5000000000000003331, -0.8660254037844383745, 0.000000000000000000 ) ) ;
#1988 = AXIS2_PLACEMENT_3D ( 'NONE', #4220, #204, #5141 ) ;
#1989 = EDGE_CURVE ( 'NONE', #1104, #5071, #3146, .T. ) ;
#1990 = CARTESIAN_POINT ( 'NONE',  ( -18.95497617776954868, 3.486372301280752233E-15, -6.500000000000000000 ) ) ;
#1991 = DIRECTION ( 'NONE',  ( 0.4999999999999998890, -0.8660254037844387076, 0.000000000000000000 ) ) ;
#1992 = VERTEX_POINT ( 'NONE', #2804 ) ;
#1993 = AXIS2_PLACEMENT_3D ( 'NONE', #1266, #3921, #3107 ) ;
#1994 = ORIENTED_EDGE ( 'NONE', *, *, #2783, .F. ) ;
#1995 = ORIENTED_EDGE ( 'NONE', *, *, #2148, .T. ) ;
#1996 = CIRCLE ( 'NONE', #2936, 1.764902496759993555 ) ;
#1997 = DIRECTION ( 'NONE',  ( 0.000000000000000000, 0.000000000000000000, 1.000000000000000000 ) ) ;
#1998 = CARTESIAN_POINT ( 'NONE',  ( 16.05747190671534952, 3.918308969584845425, 5.002000000000000668 ) ) ;
#1999 = AXIS2_PLACEMENT_3D ( 'NONE', #2487, #5654, #1223 ) ;
#2000 = ADVANCED_FACE ( 'NONE', ( #1859 ), #116, .T. ) ;
#2001 = AXIS2_PLACEMENT_3D ( 'NONE', #2151, #1272, #376 ) ;
#2002 = CARTESIAN_POINT ( 'NONE',  ( 2.078460969082649878, -3.600000000000000089, 6.500000000000000000 ) ) ;
#2003 = AXIS2_PLACEMENT_3D ( 'NONE', #1832, #3097, #4917 ) ;
#2004 = DIRECTION ( 'NONE',  ( 0.000000000000000000, 0.000000000000000000, 1.000000000000000000 ) ) ;
#2005 = CARTESIAN_POINT ( 'NONE',  ( -7.522724857905819462, 16.46764093829609976, -5.000000000000000000 ) ) ;
#2006 = CARTESIAN_POINT ( 'NONE',  ( 14.56126086974063938, -11.45482623011523948, 5.000000000000000000 ) ) ;
#2007 = DIRECTION ( 'NONE',  ( 0.000000000000000000, 0.000000000000000000, 1.000000000000000000 ) ) ;
#2008 = EDGE_CURVE ( 'NONE', #216, #2563, #4705, .T. ) ;
#2009 = CARTESIAN_POINT ( 'NONE',  ( -10.84273574818606001, 14.48897067933744154, 5.000000000000000000 ) ) ;
#2010 = DIRECTION ( 'NONE',  ( 0.8660254037844387076, -0.4999999999999999445, 0.000000000000000000 ) ) ;
#2011 = CARTESIAN_POINT ( 'NONE',  ( -10.84273574818606001, 14.48897067933744154, -5.000000000000000000 ) ) ;
#2012 = DIRECTION ( 'NONE',  ( 0.2588190451025215166, -0.9659258262890680902, 0.000000000000000000 ) ) ;
#2013 = AXIS2_PLACEMENT_3D ( 'NONE', #1336, #2243, #4477 ) ;
#2014 = ORIENTED_EDGE ( 'NONE', *, *, #1693, .T. ) ;
#2015 = ORIENTED_EDGE ( 'NONE', *, *, #3895, .F. ) ;
#2016 = DIRECTION ( 'NONE',  ( -0.7071067811865475727, -0.7071067811865475727, 0.000000000000000000 ) ) ;
#2017 = EDGE_CURVE ( 'NONE', #4233, #4053, #1656, .T. ) ;
#2018 = CIRCLE ( 'NONE', #4787, 1.000000000000000000 ) ;
#2019 = AXIS2_PLACEMENT_3D ( 'NONE', #3256, #5363, #3195 ) ;
#2020 = CARTESIAN_POINT ( 'NONE',  ( -4.690439747858770048, -17.62937653985285280, -5.000000000000000000 ) ) ;
#2021 = DIRECTION ( 'NONE',  ( 0.000000000000000000, 0.000000000000000000, 1.000000000000000000 ) ) ;
#2022 = CARTESIAN_POINT ( 'NONE',  ( -2.145599264782074744, -17.96918455708715001, 5.000000000000000000 ) ) ;
#2023 = ORIENTED_EDGE ( 'NONE', *, *, #4003, .F. ) ;
#2024 = VERTEX_POINT ( 'NONE', #3356 ) ;
#2025 = ORIENTED_EDGE ( 'NONE', *, *, #3768, .F. ) ;
#2026 = AXIS2_PLACEMENT_3D ( 'NONE', #1923, #1864, #4194 ) ;
#2027 = AXIS2_PLACEMENT_3D ( 'NONE', #1093, #596, #3757 ) ;
#2028 = CARTESIAN_POINT ( 'NONE',  ( -3.483414762376119677E-14, -6.201502689006168382E-14, 5.000000000000000000 ) ) ;
#2029 = LINE ( 'NONE', #1998, #1068 ) ;
#2030 = VECTOR ( 'NONE', #1278, 1000.000000000000000 ) ;
#2031 = AXIS2_PLACEMENT_3D ( 'NONE', #3498, #5630, #1177 ) ;
#2032 = EDGE_CURVE ( 'NONE', #3122, #4953, #2599, .T. ) ;
#2033 = CIRCLE ( 'NONE', #5098, 0.4299999999999998823 ) ;
#2034 = DIRECTION ( 'NONE',  ( -0.4999999999999999445, 0.8660254037844387076, 0.000000000000000000 ) ) ;
#2035 = VERTEX_POINT ( 'NONE', #5559 ) ;
#2036 = DIRECTION ( 'NONE',  ( 0.000000000000000000, 0.000000000000000000, 1.000000000000000000 ) ) ;
#2037 = DIRECTION ( 'NONE',  ( 0.000000000000000000, 0.000000000000000000, 1.000000000000000000 ) ) ;
#2038 = EDGE_CURVE ( 'NONE', #2529, #4755, #5657, .T. ) ;
#2039 = FACE_OUTER_BOUND ( 'NONE', #2941, .T. ) ;
#2040 = CARTESIAN_POINT ( 'NONE',  ( -14.49619383368293946, 7.940775374758710647, 5.000000000000000000 ) ) ;
#2041 = FACE_OUTER_BOUND ( 'NONE', #4434, .T. ) ;
#2042 = CARTESIAN_POINT ( 'NONE',  ( 16.52445980553209637, 0.3711837165545214812, -5.000000000000000000 ) ) ;
#2043 = CARTESIAN_POINT ( 'NONE',  ( 0.000000000000000000, 1.165057210878772069E-15, -6.500000000000000000 ) ) ;
#2044 = ADVANCED_FACE ( 'NONE', ( #1632 ), #2092, .T. ) ;
#2045 = ORIENTED_EDGE ( 'NONE', *, *, #3010, .F. ) ;
#2046 = FACE_OUTER_BOUND ( 'NONE', #4763, .T. ) ;
#2047 = DIRECTION ( 'NONE',  ( 0.000000000000000000, 0.000000000000000000, 1.000000000000000000 ) ) ;
#2048 = CARTESIAN_POINT ( 'NONE',  ( 3.004255121577014798, -17.85354414464755024, 5.002000000000000668 ) ) ;
#2049 = ORIENTED_EDGE ( 'NONE', *, *, #1163, .T. ) ;
#2050 = ORIENTED_EDGE ( 'NONE', *, *, #1793, .F. ) ;
#2051 = CARTESIAN_POINT ( 'NONE',  ( -1.718949636520940016, 18.02275782191794562, 5.000000000000000000 ) ) ;
#2052 = AXIS2_PLACEMENT_3D ( 'NONE', #2937, #2996, #3406 ) ;
#2053 = VERTEX_POINT ( 'NONE', #3002 ) ;
#2054 = VERTEX_POINT ( 'NONE', #4765 ) ;
#2055 = DIRECTION ( 'NONE',  ( 0.4999999999999999445, 0.8660254037844387076, 0.000000000000000000 ) ) ;
#2056 = ADVANCED_FACE ( 'NONE', ( #2578 ), #5083, .T. ) ;
#2057 = ORIENTED_EDGE ( 'NONE', *, *, #5635, .F. ) ;
#2058 = ORIENTED_EDGE ( 'NONE', *, *, #1572, .F. ) ;
#2059 = AXIS2_PLACEMENT_3D ( 'NONE', #5593, #4797, #1608 ) ;
#2060 = CARTESIAN_POINT ( 'NONE',  ( -9.757819552369539906E-16, 2.376571162088224710E-13, 5.000000000000000000 ) ) ;
#2061 = DIRECTION ( 'NONE',  ( 0.000000000000000000, 0.000000000000000000, 1.000000000000000000 ) ) ;
#2062 = EDGE_CURVE ( 'NONE', #3648, #5600, #5765, .T. ) ;
#2063 = DIRECTION ( 'NONE',  ( -0.000000000000000000, -0.000000000000000000, 1.000000000000000000 ) ) ;
#2064 = ORIENTED_EDGE ( 'NONE', *, *, #5501, .F. ) ;
#2065 = FACE_OUTER_BOUND ( 'NONE', #2587, .T. ) ;
#2066 = DIRECTION ( 'NONE',  ( 0.000000000000000000, 0.000000000000000000, -1.000000000000000000 ) ) ;
#2067 = DIRECTION ( 'NONE',  ( -0.000000000000000000, 0.000000000000000000, 1.000000000000000000 ) ) ;
#2068 = CARTESIAN_POINT ( 'NONE',  ( -11.18896446287262059, -14.22330004254519942, 5.000000000000000000 ) ) ;
#2069 = DIRECTION ( 'NONE',  ( -0.000000000000000000, -0.000000000000000000, 1.000000000000000000 ) ) ;
#2070 = ORIENTED_EDGE ( 'NONE', *, *, #4558, .F. ) ;
#2071 = CARTESIAN_POINT ( 'NONE',  ( 18.33783493938530285, -2.639540076345809894, 5.000000000000000000 ) ) ;
#2072 = VECTOR ( 'NONE', #1683, 1000.000000000000000 ) ;
#2073 = DIRECTION ( 'NONE',  ( 0.000000000000000000, 0.000000000000000000, 1.000000000000000000 ) ) ;
#2074 = CARTESIAN_POINT ( 'NONE',  ( 16.63456994411954781, 7.126448808901080234, 5.000000000000000000 ) ) ;
#2075 = ORIENTED_EDGE ( 'NONE', *, *, #4348, .T. ) ;
#2076 = ORIENTED_EDGE ( 'NONE', *, *, #2989, .F. ) ;
#2077 = VERTEX_POINT ( 'NONE', #3115 ) ;
#2078 = VERTEX_POINT ( 'NONE', #378 ) ;
#2079 = AXIS2_PLACEMENT_3D ( 'NONE', #448, #3994, #1296 ) ;
#2080 = ADVANCED_FACE ( 'NONE', ( #20 ), #3568, .T. ) ;
#2081 = EDGE_CURVE ( 'NONE', #3758, #1011, #1562, .T. ) ;
#2082 = VECTOR ( 'NONE', #3592, 1000.000000000000000 ) ;
#2083 = CARTESIAN_POINT ( 'NONE',  ( 0.000000000000000000, 1.165057210878772069E-15, -6.500000000000000000 ) ) ;
#2084 = DIRECTION ( 'NONE',  ( 0.000000000000000000, -1.000000000000000000, 0.000000000000000000 ) ) ;
#2085 = CYLINDRICAL_SURFACE ( 'NONE', #880, 1.764902496759993999 ) ;
#2086 = ORIENTED_EDGE ( 'NONE', *, *, #2218, .F. ) ;
#2087 = ORIENTED_EDGE ( 'NONE', *, *, #1498, .T. ) ;
#2088 = EDGE_CURVE ( 'NONE', #3864, #3802, #249, .T. ) ;
#2089 = ADVANCED_FACE ( 'NONE', ( #2826 ), #517, .T. ) ;
#2090 = VERTEX_POINT ( 'NONE', #1076 ) ;
#2091 = AXIS2_PLACEMENT_3D ( 'NONE', #3116, #816, #5289 ) ;
#2092 = CYLINDRICAL_SURFACE ( 'NONE', #2309, 18.52682817102719781 ) ;
#2093 = DIRECTION ( 'NONE',  ( 0.000000000000000000, 0.000000000000000000, -1.000000000000000000 ) ) ;
#2094 = DIRECTION ( 'NONE',  ( 0.000000000000000000, 0.000000000000000000, -1.000000000000000000 ) ) ;
#2095 = ADVANCED_FACE ( 'NONE', ( #3289 ), #4090, .F. ) ;
#2096 = EDGE_CURVE ( 'NONE', #4096, #1294, #4429, .T. ) ;
#2097 = AXIS2_PLACEMENT_3D ( 'NONE', #2709, #5311, #5340 ) ;
#2098 = VERTEX_POINT ( 'NONE', #48 ) ;
#2099 = CARTESIAN_POINT ( 'NONE',  ( -8.583684430773411478, 14.12501011712842036, 5.000000000000000000 ) ) ;
#2100 = CARTESIAN_POINT ( 'NONE',  ( -9.757819552369539906E-16, 2.376571162088224710E-13, 5.000000000000000000 ) ) ;
#2101 = DIRECTION ( 'NONE',  ( -0.000000000000000000, 0.000000000000000000, 1.000000000000000000 ) ) ;
#2102 = DIRECTION ( 'NONE',  ( 0.000000000000000000, 0.000000000000000000, 1.000000000000000000 ) ) ;
#2103 = CIRCLE ( 'NONE', #3868, 16.52862817102734994 ) ;
#2104 = ORIENTED_EDGE ( 'NONE', *, *, #5008, .F. ) ;
#2105 = CARTESIAN_POINT ( 'NONE',  ( -6.883008709270060699, -17.20080094608644927, 5.000000000000000000 ) ) ;
#2106 = EDGE_CURVE ( 'NONE', #3985, #2090, #3177, .T. ) ;
#2107 = CIRCLE ( 'NONE', #5257, 1.764902496759994888 ) ;
#2108 = CARTESIAN_POINT ( 'NONE',  ( -7.940775374758739957, 14.49619383368293946, 5.000000000000000000 ) ) ;
#2109 = DIRECTION ( 'NONE',  ( 0.000000000000000000, 0.000000000000000000, 1.000000000000000000 ) ) ;
#2110 = VERTEX_POINT ( 'NONE', #3200 ) ;
#2111 = EDGE_LOOP ( 'NONE', ( #2824, #68, #417, #3800 ) ) ;
#2112 = VERTEX_POINT ( 'NONE', #1220 ) ;
#2113 = AXIS2_PLACEMENT_3D ( 'NONE', #2187, #30, #494 ) ;
#2114 = DIRECTION ( 'NONE',  ( -1.000000000000000000, 0.000000000000000000, 0.000000000000000000 ) ) ;
#2115 = EDGE_LOOP ( 'NONE', ( #1972, #454, #2663, #4993 ) ) ;
#2116 = EDGE_CURVE ( 'NONE', #4800, #1573, #3862, .T. ) ;
#2117 = CIRCLE ( 'NONE', #1107, 1.764902496759993555 ) ;
#2118 = EDGE_CURVE ( 'NONE', #666, #2849, #641, .T. ) ;
#2119 = ORIENTED_EDGE ( 'NONE', *, *, #3368, .T. ) ;
#2120 = AXIS2_PLACEMENT_3D ( 'NONE', #2846, #3282, #3798 ) ;
#2121 =( GEOMETRIC_REPRESENTATION_CONTEXT ( 3 ) GLOBAL_UNCERTAINTY_ASSIGNED_CONTEXT ( ( #1385 ) ) GLOBAL_UNIT_ASSIGNED_CONTEXT ( ( #5507, #5000, #5058 ) ) REPRESENTATION_CONTEXT ( 'NONE', 'WORKASPACE' ) );
#2122 = VERTEX_POINT ( 'NONE', #3354 ) ;
#2123 = CYLINDRICAL_SURFACE ( 'NONE', #4038, 1.764902496759995998 ) ;
#2124 = CARTESIAN_POINT ( 'NONE',  ( 2.578277445616414809, 17.91222139392874979, 5.000000000000000000 ) ) ;
#2125 = AXIS2_PLACEMENT_3D ( 'NONE', #1251, #3470, #267 ) ;
#2126 = ORIENTED_EDGE ( 'NONE', *, *, #668, .F. ) ;
#2127 = DIRECTION ( 'NONE',  ( -0.2588190451025180194, -0.9659258262890689783, 0.000000000000000000 ) ) ;
#2128 = CARTESIAN_POINT ( 'NONE',  ( -3.004255121576999699, -17.85354414464755024, 5.002000000000000668 ) ) ;
#2129 = DIRECTION ( 'NONE',  ( -0.000000000000000000, -0.000000000000000000, 1.000000000000000000 ) ) ;
#2130 = EDGE_CURVE ( 'NONE', #4008, #2902, #1192, .T. ) ;
#2131 = AXIS2_PLACEMENT_3D ( 'NONE', #4565, #3638, #3662 ) ;
#2132 = ORIENTED_EDGE ( 'NONE', *, *, #2809, .F. ) ;
#2133 = DIRECTION ( 'NONE',  ( 0.8660254037844385966, -0.5000000000000001110, 0.000000000000000000 ) ) ;
#2134 = DIRECTION ( 'NONE',  ( 1.000000000000000000, 0.000000000000000000, 0.000000000000000000 ) ) ;
#2135 = EDGE_CURVE ( 'NONE', #3968, #1960, #5553, .T. ) ;
#2136 = DIRECTION ( 'NONE',  ( 0.000000000000000000, 0.000000000000000000, 1.000000000000000000 ) ) ;
#2137 = DIRECTION ( 'NONE',  ( 0.000000000000000000, 0.000000000000000000, -1.000000000000000000 ) ) ;
#2138 = EDGE_LOOP ( 'NONE', ( #112, #1353, #2598, #4901 ) ) ;
#2139 = ORIENTED_EDGE ( 'NONE', *, *, #2558, .T. ) ;
#2140 = EDGE_CURVE ( 'NONE', #2708, #1762, #5169, .T. ) ;
#2141 = ORIENTED_EDGE ( 'NONE', *, *, #2607, .T. ) ;
#2142 = VERTEX_POINT ( 'NONE', #3224 ) ;
#2143 = CARTESIAN_POINT ( 'NONE',  ( 7.112366251504909087E-14, 8.402566836762699793E-16, 5.002000000000000668 ) ) ;
#2144 = EDGE_CURVE ( 'NONE', #5490, #4671, #954, .T. ) ;
#2145 = LINE ( 'NONE', #5680, #5493 ) ;
#2146 = ORIENTED_EDGE ( 'NONE', *, *, #3126, .F. ) ;
#2147 = ORIENTED_EDGE ( 'NONE', *, *, #2173, .T. ) ;
#2148 = EDGE_CURVE ( 'NONE', #3151, #5449, #3782, .T. ) ;
#2149 = EDGE_CURVE ( 'NONE', #5727, #5096, #1273, .T. ) ;
#2150 = ORIENTED_EDGE ( 'NONE', *, *, #5459, .F. ) ;
#2151 = CARTESIAN_POINT ( 'NONE',  ( 15.78249345187885133, -9.149209946963118512, -5.000000000000000000 ) ) ;
#2152 = CARTESIAN_POINT ( 'NONE',  ( -9.757819552369539906E-16, 2.376571162088224710E-13, 5.000000000000000000 ) ) ;
#2153 = CARTESIAN_POINT ( 'NONE',  ( 11.10037075072115975, 14.83324412511671930, -5.000000000000000000 ) ) ;
#2154 = ORIENTED_EDGE ( 'NONE', *, *, #3547, .T. ) ;
#2155 = ADVANCED_FACE ( 'NONE', ( #3594 ), #2328, .F. ) ;
#2156 = ORIENTED_EDGE ( 'NONE', *, *, #4081, .F. ) ;
#2157 = DIRECTION ( 'NONE',  ( 0.2588190451025215721, -0.9659258262890680902, 0.000000000000000000 ) ) ;
#2158 = FACE_OUTER_BOUND ( 'NONE', #1592, .T. ) ;
#2159 = CARTESIAN_POINT ( 'NONE',  ( -4.690439747858770048, -17.62937653985285280, 5.000000000000000000 ) ) ;
#2160 = ORIENTED_EDGE ( 'NONE', *, *, #1756, .F. ) ;
#2161 = EDGE_CURVE ( 'NONE', #5639, #5096, #459, .T. ) ;
#2162 = DIRECTION ( 'NONE',  ( 0.000000000000000000, 0.000000000000000000, 1.000000000000000000 ) ) ;
#2163 = ORIENTED_EDGE ( 'NONE', *, *, #261, .T. ) ;
#2164 = EDGE_CURVE ( 'NONE', #3494, #1753, #4985, .T. ) ;
#2165 = DIRECTION ( 'NONE',  ( 6.123233995736784525E-17, -1.000000000000000000, 0.000000000000000000 ) ) ;
#2166 = CARTESIAN_POINT ( 'NONE',  ( 14.12501011712842036, 8.583684430773400820, 5.002000000000000668 ) ) ;
#2167 = ORIENTED_EDGE ( 'NONE', *, *, #4732, .T. ) ;
#2168 = DIRECTION ( 'NONE',  ( 0.000000000000000000, 0.000000000000000000, 1.000000000000000000 ) ) ;
#2169 = ORIENTED_EDGE ( 'NONE', *, *, #2533, .T. ) ;
#2170 = ORIENTED_EDGE ( 'NONE', *, *, #2106, .F. ) ;
#2171 = AXIS2_PLACEMENT_3D ( 'NONE', #5532, #1547, #5091 ) ;
#2172 = DIRECTION ( 'NONE',  ( 0.7071067811865475727, 0.7071067811865475727, 0.000000000000000000 ) ) ;
#2173 = EDGE_CURVE ( 'NONE', #1936, #3155, #671, .T. ) ;
#2174 = VECTOR ( 'NONE', #2750, 1000.000000000000000 ) ;
#2175 = ORIENTED_EDGE ( 'NONE', *, *, #274, .T. ) ;
#2176 = CARTESIAN_POINT ( 'NONE',  ( 18.39615160824795126, 2.196580998991904732, 5.000000000000000000 ) ) ;
#2177 = AXIS2_PLACEMENT_3D ( 'NONE', #1654, #1596, #5522 ) ;
#2178 = EDGE_CURVE ( 'NONE', #1105, #57, #5427, .T. ) ;
#2179 = VECTOR ( 'NONE', #2271, 1000.000000000000000 ) ;
#2180 = VERTEX_POINT ( 'NONE', #3096 ) ;
#2181 = DIRECTION ( 'NONE',  ( -0.000000000000000000, -0.000000000000000000, 1.000000000000000000 ) ) ;
#2182 = DIRECTION ( 'NONE',  ( 0.000000000000000000, 0.000000000000000000, 1.000000000000000000 ) ) ;
#2183 = CYLINDRICAL_SURFACE ( 'NONE', #4719, 18.52682817102719781 ) ;
#2184 = ORIENTED_EDGE ( 'NONE', *, *, #3814, .T. ) ;
#2185 = EDGE_CURVE ( 'NONE', #5302, #4608, #856, .T. ) ;
#2186 = VECTOR ( 'NONE', #2805, 1000.000000000000000 ) ;
#2187 = CARTESIAN_POINT ( 'NONE',  ( 4.690439747858779818, -17.62937653985285280, 5.002000000000000668 ) ) ;
#2188 = CIRCLE ( 'NONE', #3863, 1.764902496759997108 ) ;
#2189 = DIRECTION ( 'NONE',  ( -0.000000000000000000, 0.000000000000000000, 1.000000000000000000 ) ) ;
#2190 = CARTESIAN_POINT ( 'NONE',  ( -1.718949636520935131, -18.02275782191794562, 5.000000000000000000 ) ) ;
#2191 = ORIENTED_EDGE ( 'NONE', *, *, #2316, .F. ) ;
#2192 = CARTESIAN_POINT ( 'NONE',  ( -14.56126086974063938, 11.45482623011523948, 5.000000000000000000 ) ) ;
#2193 = ORIENTED_EDGE ( 'NONE', *, *, #5331, .F. ) ;
#2194 = ORIENTED_EDGE ( 'NONE', *, *, #2425, .F. ) ;
#2195 = ADVANCED_FACE ( 'NONE', ( #1723 ), #325, .T. ) ;
#2196 = CIRCLE ( 'NONE', #1913, 0.4299999999999998823 ) ;
#2197 = CARTESIAN_POINT ( 'NONE',  ( 17.85354414464755024, -3.004255121577005028, -5.000000000000000000 ) ) ;
#2198 = ORIENTED_EDGE ( 'NONE', *, *, #1962, .T. ) ;
#2199 = CARTESIAN_POINT ( 'NONE',  ( -14.48897067933744154, -10.84273574818606001, 5.000000000000000000 ) ) ;
#2200 = ORIENTED_EDGE ( 'NONE', *, *, #4882, .T. ) ;
#2201 = EDGE_CURVE ( 'NONE', #3450, #5011, #441, .T. ) ;
#2202 = LINE ( 'NONE', #2628, #1082 ) ;
#2203 = AXIS2_PLACEMENT_3D ( 'NONE', #2234, #3034, #815 ) ;
#2204 = ORIENTED_EDGE ( 'NONE', *, *, #3774, .T. ) ;
#2205 = CARTESIAN_POINT ( 'NONE',  ( 18.95497617776954868, 1.165057210878772069E-15, -6.500000000000000000 ) ) ;
#2206 = AXIS2_PLACEMENT_3D ( 'NONE', #2990, #3045, #3395 ) ;
#2207 = VECTOR ( 'NONE', #414, 1000.000000000000000 ) ;
#2208 = CARTESIAN_POINT ( 'NONE',  ( 12.92226806246459958, 12.87672824649239978, 5.002000000000000668 ) ) ;
#2209 = AXIS2_PLACEMENT_3D ( 'NONE', #4105, #122, #4196 ) ;
#2210 = DIRECTION ( 'NONE',  ( 0.000000000000000000, 0.000000000000000000, -1.000000000000000000 ) ) ;
#2211 = DIRECTION ( 'NONE',  ( 0.000000000000000000, 0.000000000000000000, 1.000000000000000000 ) ) ;
#2212 = CARTESIAN_POINT ( 'NONE',  ( -17.62937653985285280, 4.690439747858770048, -5.000000000000000000 ) ) ;
#2213 = CIRCLE ( 'NONE', #3894, 1.764902496759995998 ) ;
#2214 = ORIENTED_EDGE ( 'NONE', *, *, #4559, .T. ) ;
#2215 = DIRECTION ( 'NONE',  ( -0.7071067811865475727, -0.7071067811865475727, 0.000000000000000000 ) ) ;
#2216 = CIRCLE ( 'NONE', #1203, 18.52682817102719781 ) ;
#2217 = CARTESIAN_POINT ( 'NONE',  ( 9.149209946963118512, 15.78249345187885133, 5.002000000000000668 ) ) ;
#2218 = EDGE_CURVE ( 'NONE', #3229, #4494, #2685, .T. ) ;
#2219 = EDGE_CURVE ( 'NONE', #2827, #5130, #3515, .T. ) ;
#2220 = AXIS2_PLACEMENT_3D ( 'NONE', #5655, #3358, #5168 ) ;
#2221 = CARTESIAN_POINT ( 'NONE',  ( 16.63456994411954781, 7.126448808901080234, 5.000000000000000000 ) ) ;
#2222 = CARTESIAN_POINT ( 'NONE',  ( -9.757819552369539906E-16, 2.376571162088224710E-13, 5.000000000000000000 ) ) ;
#2223 = ORIENTED_EDGE ( 'NONE', *, *, #943, .T. ) ;
#2224 = CARTESIAN_POINT ( 'NONE',  ( -14.12501011712842036, -8.583684430773411478, 5.000000000000000000 ) ) ;
#2225 = ORIENTED_EDGE ( 'NONE', *, *, #4209, .F. ) ;
#2226 = EDGE_LOOP ( 'NONE', ( #1413, #3031, #5235, #1062 ) ) ;
#2227 = CARTESIAN_POINT ( 'NONE',  ( -5.088617526617949668E-14, 4.969787286824988859E-14, 5.002000000000000668 ) ) ;
#2228 = DIRECTION ( 'NONE',  ( 0.000000000000000000, 0.000000000000000000, 1.000000000000000000 ) ) ;
#2229 = VERTEX_POINT ( 'NONE', #1699 ) ;
#2230 = VERTEX_POINT ( 'NONE', #5769 ) ;
#2231 = ORIENTED_EDGE ( 'NONE', *, *, #236, .T. ) ;
#2232 = EDGE_CURVE ( 'NONE', #5585, #502, #1777, .T. ) ;
#2233 = DIRECTION ( 'NONE',  ( -1.000000000000000000, 0.000000000000000000, 0.000000000000000000 ) ) ;
#2234 = CARTESIAN_POINT ( 'NONE',  ( 1.759653278486404839E-14, 6.891765691606369485E-14, 5.002000000000000668 ) ) ;
#2235 = AXIS2_PLACEMENT_3D ( 'NONE', #4294, #305, #2084 ) ;
#2236 = EDGE_CURVE ( 'NONE', #2448, #995, #1111, .T. ) ;
#2237 = DIRECTION ( 'NONE',  ( 0.000000000000000000, 0.000000000000000000, 1.000000000000000000 ) ) ;
#2238 = CYLINDRICAL_SURFACE ( 'NONE', #4488, 16.52862817102734638 ) ;
#2239 = CARTESIAN_POINT ( 'NONE',  ( -13.95949521606316068, -11.52853332705895895, -5.000000000000000000 ) ) ;
#2240 = DIRECTION ( 'NONE',  ( 0.000000000000000000, 0.000000000000000000, -1.000000000000000000 ) ) ;
#2241 = VERTEX_POINT ( 'NONE', #4584 ) ;
#2242 = AXIS2_PLACEMENT_3D ( 'NONE', #3586, #1461, #3338 ) ;
#2243 = DIRECTION ( 'NONE',  ( 0.000000000000000000, 0.000000000000000000, -1.000000000000000000 ) ) ;
#2244 = VERTEX_POINT ( 'NONE', #4055 ) ;
#2245 = DIRECTION ( 'NONE',  ( 0.000000000000000000, 0.000000000000000000, -1.000000000000000000 ) ) ;
#2246 = DIRECTION ( 'NONE',  ( 1.000000000000000000, 0.000000000000000000, 0.000000000000000000 ) ) ;
#2247 = CARTESIAN_POINT ( 'NONE',  ( 4.752648293360460130, -17.61270781032335009, -5.000000000000000000 ) ) ;
#2248 = DIRECTION ( 'NONE',  ( 0.000000000000000000, 0.000000000000000000, 1.000000000000000000 ) ) ;
#2249 = EDGE_LOOP ( 'NONE', ( #2642, #5704, #3471, #2310 ) ) ;
#2250 = CARTESIAN_POINT ( 'NONE',  ( 10.84273574818606001, 14.48897067933745930, 5.000000000000000000 ) ) ;
#2251 = ORIENTED_EDGE ( 'NONE', *, *, #2178, .T. ) ;
#2252 = ORIENTED_EDGE ( 'NONE', *, *, #4824, .F. ) ;
#2253 = ADVANCED_FACE ( 'NONE', ( #4609, #77 ), #611, .T. ) ;
#2254 = CARTESIAN_POINT ( 'NONE',  ( 7.522724857905809692, 16.46764093829609976, -5.000000000000000000 ) ) ;
#2255 = DIRECTION ( 'NONE',  ( 0.000000000000000000, 0.000000000000000000, 1.000000000000000000 ) ) ;
#2256 = DIRECTION ( 'NONE',  ( 0.000000000000000000, 0.000000000000000000, -1.000000000000000000 ) ) ;
#2257 = DIRECTION ( 'NONE',  ( 0.000000000000000000, 0.000000000000000000, 1.000000000000000000 ) ) ;
#2258 = ORIENTED_EDGE ( 'NONE', *, *, #2573, .F. ) ;
#2259 = PRODUCT_DEFINITION_CONTEXT ( 'detailed design', #3299, 'design' ) ;
#2260 = EDGE_CURVE ( 'NONE', #1307, #2485, #3149, .T. ) ;
#2261 = EDGE_CURVE ( 'NONE', #3355, #1158, #978, .T. ) ;
#2262 = CIRCLE ( 'NONE', #3937, 1.000000000000000000 ) ;
#2263 = CARTESIAN_POINT ( 'NONE',  ( 15.78249345187885133, 9.149209946963129170, -5.000000000000000000 ) ) ;
#2264 = EDGE_CURVE ( 'NONE', #1294, #400, #3890, .T. ) ;
#2265 = AXIS2_PLACEMENT_3D ( 'NONE', #497, #2376, #61 ) ;
#2266 = CARTESIAN_POINT ( 'NONE',  ( 14.49619383368293946, 7.940775374758730187, 5.000000000000000000 ) ) ;
#2267 = ORIENTED_EDGE ( 'NONE', *, *, #2032, .F. ) ;
#2268 = CARTESIAN_POINT ( 'NONE',  ( -9.757819552369539906E-16, 2.376571162088224710E-13, 5.000000000000000000 ) ) ;
#2269 = ORIENTED_EDGE ( 'NONE', *, *, #3439, .T. ) ;
#2270 = DIRECTION ( 'NONE',  ( 0.000000000000000000, 0.000000000000000000, -1.000000000000000000 ) ) ;
#2271 = DIRECTION ( 'NONE',  ( -0.000000000000000000, -0.000000000000000000, 1.000000000000000000 ) ) ;
#2272 = CARTESIAN_POINT ( 'NONE',  ( -6.325010817588560208, -16.96375033764019946, 5.000000000000000000 ) ) ;
#2273 = ORIENTED_EDGE ( 'NONE', *, *, #463, .T. ) ;
#2274 = EDGE_CURVE ( 'NONE', #3970, #3454, #541, .T. ) ;
#2275 = CARTESIAN_POINT ( 'NONE',  ( -0.03220151268791780069, -18.24264523787019954, 5.002000000000000668 ) ) ;
#2276 = EDGE_LOOP ( 'NONE', ( #1415, #3080, #3837, #2444 ) ) ;
#2277 = CIRCLE ( 'NONE', #3760, 18.52682817102719781 ) ;
#2278 = DIRECTION ( 'NONE',  ( 0.000000000000000000, 0.000000000000000000, -1.000000000000000000 ) ) ;
#2279 = DIRECTION ( 'NONE',  ( -1.000000000000000000, 0.000000000000000000, 0.000000000000000000 ) ) ;
#2280 = DIRECTION ( 'NONE',  ( -0.7071067811865470176, -0.7071067811865480168, 0.000000000000000000 ) ) ;
#2281 = DIRECTION ( 'NONE',  ( 0.000000000000000000, 0.000000000000000000, 1.000000000000000000 ) ) ;
#2282 = EDGE_CURVE ( 'NONE', #5659, #2851, #3529, .T. ) ;
#2283 = EDGE_LOOP ( 'NONE', ( #4889, #4810, #1378, #4925 ) ) ;
#2284 = FACE_OUTER_BOUND ( 'NONE', #291, .T. ) ;
#2285 = AXIS2_PLACEMENT_3D ( 'NONE', #4444, #1358, #4361 ) ;
#2286 = VERTEX_POINT ( 'NONE', #3964 ) ;
#2287 = EDGE_LOOP ( 'NONE', ( #868, #3997, #5095, #2468 ) ) ;
#2288 = AXIS2_PLACEMENT_3D ( 'NONE', #4955, #3718, #81 ) ;
#2289 = AXIS2_PLACEMENT_3D ( 'NONE', #4875, #2237, #4447 ) ;
#2290 = DIRECTION ( 'NONE',  ( -0.7071067811865470176, -0.7071067811865480168, 0.000000000000000000 ) ) ;
#2291 = ADVANCED_FACE ( 'NONE', ( #859 ), #3162, .F. ) ;
#2292 = EDGE_LOOP ( 'NONE', ( #1262, #2721, #4080, #1459 ) ) ;
#2293 = PRODUCT_CONTEXT ( 'NONE', #3412, 'mechanical' ) ;
#2294 = ORIENTED_EDGE ( 'NONE', *, *, #3683, .F. ) ;
#2295 = ORIENTED_EDGE ( 'NONE', *, *, #4566, .F. ) ;
#2296 = EDGE_CURVE ( 'NONE', #4633, #2943, #171, .T. ) ;
#2297 = CARTESIAN_POINT ( 'NONE',  ( -15.86533307656285174, 4.635380845820769480, 5.000000000000000000 ) ) ;
#2298 = AXIS2_PLACEMENT_3D ( 'NONE', #4228, #2820, #238 ) ;
#2299 = DIRECTION ( 'NONE',  ( 0.000000000000000000, 0.000000000000000000, 1.000000000000000000 ) ) ;
#2300 = DIRECTION ( 'NONE',  ( 0.000000000000000000, 0.000000000000000000, 1.000000000000000000 ) ) ;
#2301 = VECTOR ( 'NONE', #114, 1000.000000000000000 ) ;
#2302 = AXIS2_PLACEMENT_3D ( 'NONE', #4615, #2300, #4028 ) ;
#2303 = DIRECTION ( 'NONE',  ( 0.7071067811865470176, 0.7071067811865480168, 0.000000000000000000 ) ) ;
#2304 = LINE ( 'NONE', #2370, #4153 ) ;
#2305 = CARTESIAN_POINT ( 'NONE',  ( 13.95949521606318022, 11.52853332705895895, -5.000000000000000000 ) ) ;
#2306 = AXIS2_PLACEMENT_3D ( 'NONE', #5037, #1494, #3251 ) ;
#2307 = LINE ( 'NONE', #5528, #2478 ) ;
#2308 = DIRECTION ( 'NONE',  ( 0.7071067811865475727, -0.7071067811865475727, 0.000000000000000000 ) ) ;
#2309 = AXIS2_PLACEMENT_3D ( 'NONE', #3869, #5653, #3327 ) ;
#2310 = ORIENTED_EDGE ( 'NONE', *, *, #3244, .F. ) ;
#2311 = CIRCLE ( 'NONE', #256, 1.764902496759994666 ) ;
#2312 = CIRCLE ( 'NONE', #5748, 18.52682817102719781 ) ;
#2313 = EDGE_CURVE ( 'NONE', #4953, #3190, #1397, .T. ) ;
#2314 = CARTESIAN_POINT ( 'NONE',  ( 11.42209106089456050, 11.94702410697802009, 5.000000000000000000 ) ) ;
#2315 = VECTOR ( 'NONE', #3702, 1000.000000000000000 ) ;
#2316 = EDGE_CURVE ( 'NONE', #4800, #1333, #2876, .T. ) ;
#2317 = DIRECTION ( 'NONE',  ( -0.000000000000000000, -0.000000000000000000, -1.000000000000000000 ) ) ;
#2318 = DIRECTION ( 'NONE',  ( 0.000000000000000000, 0.000000000000000000, -1.000000000000000000 ) ) ;
#2319 = CARTESIAN_POINT ( 'NONE',  ( -9.757819552369539906E-16, 2.376571162088224710E-13, 5.000000000000000000 ) ) ;
#2320 = CIRCLE ( 'NONE', #3061, 0.4299999999999998823 ) ;
#2321 = ORIENTED_EDGE ( 'NONE', *, *, #3521, .F. ) ;
#2322 = AXIS2_PLACEMENT_3D ( 'NONE', #1668, #3388, #5174 ) ;
#2323 = FACE_OUTER_BOUND ( 'NONE', #5247, .T. ) ;
#2324 = AXIS2_PLACEMENT_3D ( 'NONE', #3909, #5204, #1208 ) ;
#2325 = CARTESIAN_POINT ( 'NONE',  ( 6.201502689006168382E-14, -3.483414762376119677E-14, -5.000000000000000000 ) ) ;
#2326 = CYLINDRICAL_SURFACE ( 'NONE', #2835, 1.764902496759994888 ) ;
#2327 = ORIENTED_EDGE ( 'NONE', *, *, #1502, .T. ) ;
#2328 = CYLINDRICAL_SURFACE ( 'NONE', #3603, 1.764902496759995998 ) ;
#2329 = DIRECTION ( 'NONE',  ( -0.000000000000000000, -0.000000000000000000, -1.000000000000000000 ) ) ;
#2330 = ORIENTED_EDGE ( 'NONE', *, *, #5342, .F. ) ;
#2331 = EDGE_LOOP ( 'NONE', ( #1168, #2762, #2852, #2823 ) ) ;
#2332 = AXIS2_PLACEMENT_3D ( 'NONE', #258, #5760, #4403 ) ;
#2333 = LINE ( 'NONE', #170, #5535 ) ;
#2334 = DIRECTION ( 'NONE',  ( -0.7071067811865475727, 0.7071067811865475727, 0.000000000000000000 ) ) ;
#2335 = EDGE_LOOP ( 'NONE', ( #3445, #2015, #1937, #3239 ) ) ;
#2336 = EDGE_CURVE ( 'NONE', #3841, #38, #76, .T. ) ;
#2337 = EDGE_CURVE ( 'NONE', #3133, #3925, #5268, .T. ) ;
#2338 = LINE ( 'NONE', #4031, #1253 ) ;
#2339 = CARTESIAN_POINT ( 'NONE',  ( 11.45482623011523948, -14.56126086974063938, -5.000000000000000000 ) ) ;
#2340 = DIRECTION ( 'NONE',  ( -0.9659258262890680902, -0.2588190451025215721, 0.000000000000000000 ) ) ;
#2341 = FACE_OUTER_BOUND ( 'NONE', #4138, .T. ) ;
#2342 = FACE_OUTER_BOUND ( 'NONE', #2657, .T. ) ;
#2343 = ADVANCED_FACE ( 'NONE', ( #4832 ), #911, .T. ) ;
#2344 = ORIENTED_EDGE ( 'NONE', *, *, #2713, .T. ) ;
#2345 = AXIS2_PLACEMENT_3D ( 'NONE', #3731, #266, #5059 ) ;
#2346 = CARTESIAN_POINT ( 'NONE',  ( 3.918308969584845425, -16.05747190671534952, 5.002000000000000668 ) ) ;
#2347 = CARTESIAN_POINT ( 'NONE',  ( -1.078460969082654541, -3.599999999999999645, -6.500000000000000000 ) ) ;
#2348 = CYLINDRICAL_SURFACE ( 'NONE', #5115, 0.4299999999999997713 ) ;
#2349 = CIRCLE ( 'NONE', #2808, 18.52682817102719781 ) ;
#2350 = ORIENTED_EDGE ( 'NONE', *, *, #3779, .F. ) ;
#2351 = EDGE_CURVE ( 'NONE', #2229, #1585, #910, .T. ) ;
#2352 = EDGE_LOOP ( 'NONE', ( #3879, #2119, #2086, #4666 ) ) ;
#2353 = DIRECTION ( 'NONE',  ( 0.000000000000000000, 0.000000000000000000, -1.000000000000000000 ) ) ;
#2354 = EDGE_CURVE ( 'NONE', #4415, #5666, #2637, .T. ) ;
#2355 = AXIS2_PLACEMENT_3D ( 'NONE', #4305, #1580, #5691 ) ;
#2356 = CARTESIAN_POINT ( 'NONE',  ( -6.723256931056099894, -16.80157748816159824, 5.000000000000000000 ) ) ;
#2357 = CARTESIAN_POINT ( 'NONE',  ( -15.78249345187885133, -9.149209946963129170, -5.000000000000000000 ) ) ;
#2358 = ORIENTED_EDGE ( 'NONE', *, *, #3236, .F. ) ;
#2359 = ORIENTED_EDGE ( 'NONE', *, *, #5221, .F. ) ;
#2360 = EDGE_CURVE ( 'NONE', #4734, #4426, #5465, .T. ) ;
#2361 = ORIENTED_EDGE ( 'NONE', *, *, #1978, .T. ) ;
#2362 = VERTEX_POINT ( 'NONE', #3129 ) ;
#2363 = CIRCLE ( 'NONE', #1321, 16.52862817102734638 ) ;
#2364 = DIRECTION ( 'NONE',  ( 0.000000000000000000, -1.000000000000000000, 0.000000000000000000 ) ) ;
#2365 = DIRECTION ( 'NONE',  ( 1.000000000000000000, 0.000000000000000000, 0.000000000000000000 ) ) ;
#2366 = DIRECTION ( 'NONE',  ( 0.000000000000000000, 0.000000000000000000, -1.000000000000000000 ) ) ;
#2367 = ORIENTED_EDGE ( 'NONE', *, *, #2038, .T. ) ;
#2368 = CIRCLE ( 'NONE', #2464, 0.4299999999999998823 ) ;
#2369 = DIRECTION ( 'NONE',  ( 0.000000000000000000, 0.000000000000000000, 1.000000000000000000 ) ) ;
#2370 = CARTESIAN_POINT ( 'NONE',  ( -7.522724857905819462, 16.46764093829609976, 5.002000000000000668 ) ) ;
#2371 = CYLINDRICAL_SURFACE ( 'NONE', #5227, 16.52862817102734994 ) ;
#2372 = DIRECTION ( 'NONE',  ( 0.000000000000000000, 0.000000000000000000, 1.000000000000000000 ) ) ;
#2373 = PLANE ( 'NONE',  #2131 ) ;
#2374 = ORIENTED_EDGE ( 'NONE', *, *, #2467, .T. ) ;
#2375 = AXIS2_PLACEMENT_3D ( 'NONE', #1090, #2867, #2896 ) ;
#2376 = DIRECTION ( 'NONE',  ( 0.000000000000000000, 0.000000000000000000, 1.000000000000000000 ) ) ;
#2377 = DIRECTION ( 'NONE',  ( 1.000000000000000000, 0.000000000000000000, 0.000000000000000000 ) ) ;
#2378 = DIRECTION ( 'NONE',  ( 0.9659258262890680902, 0.2588190451025215721, 0.000000000000000000 ) ) ;
#2379 = DIRECTION ( 'NONE',  ( 0.2588190451025196848, 0.9659258262890685343, 0.000000000000000000 ) ) ;
#2380 = EDGE_CURVE ( 'NONE', #3488, #1457, #4813, .T. ) ;
#2381 = DIRECTION ( 'NONE',  ( -0.8660254037844383745, -0.5000000000000005551, 0.000000000000000000 ) ) ;
#2382 = EDGE_LOOP ( 'NONE', ( #3209, #381, #3905, #191 ) ) ;
#2383 = ORIENTED_EDGE ( 'NONE', *, *, #3320, .T. ) ;
#2384 = AXIS2_PLACEMENT_3D ( 'NONE', #1214, #776, #365 ) ;
#2385 = DIRECTION ( 'NONE',  ( -0.000000000000000000, -0.000000000000000000, 1.000000000000000000 ) ) ;
#2386 = CYLINDRICAL_SURFACE ( 'NONE', #1835, 16.52862817102734994 ) ;
#2387 = DIRECTION ( 'NONE',  ( 0.000000000000000000, 0.000000000000000000, 1.000000000000000000 ) ) ;
#2388 = DIRECTION ( 'NONE',  ( 1.000000000000000000, 0.000000000000000000, 0.000000000000000000 ) ) ;
#2389 = ORIENTED_EDGE ( 'NONE', *, *, #1432, .F. ) ;
#2390 = EDGE_LOOP ( 'NONE', ( #4112, #2204, #5070, #1204 ) ) ;
#2391 = ORIENTED_EDGE ( 'NONE', *, *, #5020, .F. ) ;
#2392 = VERTEX_POINT ( 'NONE', #470 ) ;
#2393 = DIRECTION ( 'NONE',  ( 1.000000000000000000, 0.000000000000000000, 0.000000000000000000 ) ) ;
#2394 = CIRCLE ( 'NONE', #5338, 1.764902496759993999 ) ;
#2395 = DIRECTION ( 'NONE',  ( 0.000000000000000000, 0.000000000000000000, -1.000000000000000000 ) ) ;
#2396 = CARTESIAN_POINT ( 'NONE',  ( 15.78249345187885133, -9.149209946963118512, 5.002000000000000668 ) ) ;
#2397 = EDGE_CURVE ( 'NONE', #1106, #5600, #733, .T. ) ;
#2398 = CIRCLE ( 'NONE', #3493, 1.764902496759997108 ) ;
#2399 = AXIS2_PLACEMENT_3D ( 'NONE', #5175, #3469, #3389 ) ;
#2400 = ORIENTED_EDGE ( 'NONE', *, *, #4929, .T. ) ;
#2401 = CIRCLE ( 'NONE', #3873, 0.4299999999999998823 ) ;
#2402 = DIRECTION ( 'NONE',  ( 0.7071067811865475727, -0.7071067811865475727, 0.000000000000000000 ) ) ;
#2403 = CARTESIAN_POINT ( 'NONE',  ( 5.156921938165305086, 1.084202172485504040E-15, -6.500000000000000000 ) ) ;
#2404 = CARTESIAN_POINT ( 'NONE',  ( 12.87672824649239978, 12.92226806246459958, -5.000000000000000000 ) ) ;
#2405 = CYLINDRICAL_SURFACE ( 'NONE', #3492, 0.4299999999999998823 ) ;
#2406 = LINE ( 'NONE', #4624, #4358 ) ;
#2407 = LINE ( 'NONE', #5504, #5015 ) ;
#2408 = LINE ( 'NONE', #5566, #4951 ) ;
#2409 = DIRECTION ( 'NONE',  ( 0.000000000000000000, 0.000000000000000000, 1.000000000000000000 ) ) ;
#2410 = DIRECTION ( 'NONE',  ( 0.000000000000000000, 0.000000000000000000, -1.000000000000000000 ) ) ;
#2411 = CARTESIAN_POINT ( 'NONE',  ( -14.48897067933745930, 10.84273574818604047, 5.000000000000000000 ) ) ;
#2412 = DIRECTION ( 'NONE',  ( 1.000000000000000000, 0.000000000000000000, 0.000000000000000000 ) ) ;
#2413 = AXIS2_PLACEMENT_3D ( 'NONE', #1100, #3677, #3711 ) ;
#2414 = CARTESIAN_POINT ( 'NONE',  ( -17.85354414464755024, 3.004255121576999699, 5.000000000000000000 ) ) ;
#2415 = LINE ( 'NONE', #3738, #4794 ) ;
#2416 = AXIS2_PLACEMENT_3D ( 'NONE', #484, #1390, #380 ) ;
#2417 = ADVANCED_FACE ( 'NONE', ( #4043 ), #2897, .T. ) ;
#2418 = DIRECTION ( 'NONE',  ( -0.8660254037844383745, 0.5000000000000005551, 0.000000000000000000 ) ) ;
#2419 = DIRECTION ( 'NONE',  ( 0.9659258262890689783, -0.2588190451025180194, 0.000000000000000000 ) ) ;
#2420 = EDGE_LOOP ( 'NONE', ( #5220, #5736, #2025, #802 ) ) ;
#2421 = ORIENTED_EDGE ( 'NONE', *, *, #5632, .T. ) ;
#2422 = ORIENTED_EDGE ( 'NONE', *, *, #131, .F. ) ;
#2423 = ORIENTED_EDGE ( 'NONE', *, *, #5277, .F. ) ;
#2424 = AXIS2_PLACEMENT_3D ( 'NONE', #1398, #5298, #2280 ) ;
#2425 = EDGE_CURVE ( 'NONE', #1333, #2620, #4168, .T. ) ;
#2426 = CARTESIAN_POINT ( 'NONE',  ( -9.757819552369539906E-16, 2.376571162088224710E-13, -5.000000000000000000 ) ) ;
#2427 = CARTESIAN_POINT ( 'NONE',  ( 2.196580998991910061, 18.39615160824795126, 5.000000000000000000 ) ) ;
#2428 = AXIS2_PLACEMENT_3D ( 'NONE', #3296, #1953, #2865 ) ;
#2429 = ORIENTED_EDGE ( 'NONE', *, *, #1561, .T. ) ;
#2430 = EDGE_CURVE ( 'NONE', #4800, #1307, #5564, .T. ) ;
#2431 = DIRECTION ( 'NONE',  ( -1.000000000000000000, -1.224646799147349263E-16, 0.000000000000000000 ) ) ;
#2432 = FACE_OUTER_BOUND ( 'NONE', #303, .T. ) ;
#2433 = CARTESIAN_POINT ( 'NONE',  ( -0.03220151268791780069, -18.24264523787019954, -5.000000000000000000 ) ) ;
#2434 = ADVANCED_FACE ( 'NONE', ( #2811 ), #1518, .F. ) ;
#2435 = DIRECTION ( 'NONE',  ( 0.000000000000000000, 0.000000000000000000, 1.000000000000000000 ) ) ;
#2436 = CARTESIAN_POINT ( 'NONE',  ( -1.921978404781394825E-14, 6.848270805104349773E-14, -5.000000000000000000 ) ) ;
#2437 = CARTESIAN_POINT ( 'NONE',  ( 11.45482623011523948, -14.56126086974063938, 5.000000000000000000 ) ) ;
#2438 = FACE_OUTER_BOUND ( 'NONE', #5745, .T. ) ;
#2439 = ORIENTED_EDGE ( 'NONE', *, *, #2699, .F. ) ;
#2440 = EDGE_CURVE ( 'NONE', #4866, #3488, #4654, .T. ) ;
#2441 = DIRECTION ( 'NONE',  ( -0.7071067811865475727, 0.7071067811865475727, 0.000000000000000000 ) ) ;
#2442 = CYLINDRICAL_SURFACE ( 'NONE', #2206, 16.52862817102734638 ) ;
#2443 = DIRECTION ( 'NONE',  ( -1.000000000000000000, 0.000000000000000000, 0.000000000000000000 ) ) ;
#2444 = ORIENTED_EDGE ( 'NONE', *, *, #1317, .F. ) ;
#2445 = VERTEX_POINT ( 'NONE', #627 ) ;
#2446 = ORIENTED_EDGE ( 'NONE', *, *, #4869, .F. ) ;
#2447 = EDGE_CURVE ( 'NONE', #987, #1749, #1746, .T. ) ;
#2448 = VERTEX_POINT ( 'NONE', #4628 ) ;
#2449 = AXIS2_PLACEMENT_3D ( 'NONE', #1476, #2299, #5292 ) ;
#2450 = DIRECTION ( 'NONE',  ( 0.000000000000000000, 0.000000000000000000, 1.000000000000000000 ) ) ;
#2451 = CARTESIAN_POINT ( 'NONE',  ( -16.80157748816159824, -6.723256931056110552, -5.000000000000000000 ) ) ;
#2452 = DIRECTION ( 'NONE',  ( 0.000000000000000000, 0.000000000000000000, 1.000000000000000000 ) ) ;
#2453 = MANIFOLD_SOLID_BREP ( 'Cut-Extrude1', #1517 ) ;
#2454 = EDGE_CURVE ( 'NONE', #3950, #5607, #5478, .T. ) ;
#2455 = ORIENTED_EDGE ( 'NONE', *, *, #616, .T. ) ;
#2456 = DIRECTION ( 'NONE',  ( -0.9659258262890689783, -0.2588190451025180194, 0.000000000000000000 ) ) ;
#2457 = ORIENTED_EDGE ( 'NONE', *, *, #4835, .F. ) ;
#2458 = CARTESIAN_POINT ( 'NONE',  ( 16.52445980553209637, 0.3711837165545214812, 5.000000000000000000 ) ) ;
#2459 = DIRECTION ( 'NONE',  ( -0.8660254037844390407, 0.4999999999999993894, 0.000000000000000000 ) ) ;
#2460 = CYLINDRICAL_SURFACE ( 'NONE', #654, 1.764902496759994444 ) ;
#2461 = EDGE_CURVE ( 'NONE', #1442, #5108, #3332, .T. ) ;
#2462 = EDGE_CURVE ( 'NONE', #922, #2362, #2779, .T. ) ;
#2463 = CARTESIAN_POINT ( 'NONE',  ( -15.86533307656285174, 4.635380845820769480, -5.000000000000000000 ) ) ;
#2464 = AXIS2_PLACEMENT_3D ( 'NONE', #4472, #5402, #4410 ) ;
#2465 = CARTESIAN_POINT ( 'NONE',  ( -7.126448808901080234, -16.63456994411954781, -5.000000000000000000 ) ) ;
#2466 = DIRECTION ( 'NONE',  ( -0.000000000000000000, -0.000000000000000000, -1.000000000000000000 ) ) ;
#2467 = EDGE_CURVE ( 'NONE', #4936, #1152, #2213, .T. ) ;
#2468 = ORIENTED_EDGE ( 'NONE', *, *, #5625, .T. ) ;
#2469 = CARTESIAN_POINT ( 'NONE',  ( -11.94702410697802009, -11.42209106089460136, 5.002000000000000668 ) ) ;
#2470 = AXIS2_PLACEMENT_3D ( 'NONE', #3729, #5028, #1055 ) ;
#2471 = PLANE ( 'NONE',  #4803 ) ;
#2472 = DIRECTION ( 'NONE',  ( -0.000000000000000000, -0.000000000000000000, -1.000000000000000000 ) ) ;
#2473 = ORIENTED_EDGE ( 'NONE', *, *, #2462, .F. ) ;
#2474 = VERTEX_POINT ( 'NONE', #998 ) ;
#2475 = EDGE_CURVE ( 'NONE', #1384, #4284, #5413, .T. ) ;
#2476 = EDGE_LOOP ( 'NONE', ( #2591, #2873, #5013, #1282 ) ) ;
#2477 = ORIENTED_EDGE ( 'NONE', *, *, #123, .T. ) ;
#2478 = VECTOR ( 'NONE', #2832, 1000.000000000000000 ) ;
#2479 = ADVANCED_FACE ( 'NONE', ( #4307 ), #768, .T. ) ;
#2480 = DIRECTION ( 'NONE',  ( -0.000000000000000000, 0.000000000000000000, 1.000000000000000000 ) ) ;
#2481 = CARTESIAN_POINT ( 'NONE',  ( -11.42209106089456050, -11.94702410697803963, -5.000000000000000000 ) ) ;
#2482 = CIRCLE ( 'NONE', #1999, 18.52682817102719781 ) ;
#2483 = ADVANCED_FACE ( 'NONE', ( #1581 ), #321, .T. ) ;
#2484 = CIRCLE ( 'NONE', #1441, 1.000000000000000000 ) ;
#2485 = VERTEX_POINT ( 'NONE', #293 ) ;
#2486 = CARTESIAN_POINT ( 'NONE',  ( -9.757819552369539906E-16, 2.376571162088224710E-13, -5.000000000000000000 ) ) ;
#2487 = CARTESIAN_POINT ( 'NONE',  ( -9.757819552369539906E-16, 2.376571162088224710E-13, -5.000000000000000000 ) ) ;
#2488 = CARTESIAN_POINT ( 'NONE',  ( -18.33783493938530285, -2.639540076345824549, 5.000000000000000000 ) ) ;
#2489 = EDGE_CURVE ( 'NONE', #479, #2728, #3843, .T. ) ;
#2490 = DIRECTION ( 'NONE',  ( 0.000000000000000000, 0.000000000000000000, -1.000000000000000000 ) ) ;
#2491 = DIRECTION ( 'NONE',  ( -0.000000000000000000, -0.000000000000000000, 1.000000000000000000 ) ) ;
#2492 = LINE ( 'NONE', #4248, #5699 ) ;
#2493 = LINE ( 'NONE', #3816, #260 ) ;
#2494 = DIRECTION ( 'NONE',  ( 1.000000000000000000, 0.000000000000000000, 0.000000000000000000 ) ) ;
#2495 = DIRECTION ( 'NONE',  ( 0.000000000000000000, 0.000000000000000000, -1.000000000000000000 ) ) ;
#2496 = VECTOR ( 'NONE', #2353, 1000.000000000000000 ) ;
#2497 = EDGE_LOOP ( 'NONE', ( #4952, #2815, #126, #4242 ) ) ;
#2498 = ORIENTED_EDGE ( 'NONE', *, *, #85, .F. ) ;
#2499 = DIRECTION ( 'NONE',  ( -0.000000000000000000, -0.000000000000000000, 1.000000000000000000 ) ) ;
#2500 = LINE ( 'NONE', #4256, #4240 ) ;
#2501 = AXIS2_PLACEMENT_3D ( 'NONE', #1254, #4857, #1725 ) ;
#2502 = FACE_OUTER_BOUND ( 'NONE', #4362, .T. ) ;
#2503 = CARTESIAN_POINT ( 'NONE',  ( 3.117691453623979925, 1.800000000000000044, -6.500000000000000000 ) ) ;
#2504 = VERTEX_POINT ( 'NONE', #4741 ) ;
#2505 = ORIENTED_EDGE ( 'NONE', *, *, #5165, .F. ) ;
#2506 = AXIS2_PLACEMENT_3D ( 'NONE', #836, #2047, #273 ) ;
#2507 = ORIENTED_EDGE ( 'NONE', *, *, #3999, .F. ) ;
#2508 = ORIENTED_EDGE ( 'NONE', *, *, #990, .T. ) ;
#2509 = AXIS2_PLACEMENT_3D ( 'NONE', #4570, #4103, #2377 ) ;
#2510 = EDGE_CURVE ( 'NONE', #3226, #2563, #4771, .T. ) ;
#2511 = AXIS2_PLACEMENT_3D ( 'NONE', #2222, #4045, #1783 ) ;
#2512 = DIRECTION ( 'NONE',  ( 1.000000000000000000, 0.000000000000000000, 0.000000000000000000 ) ) ;
#2513 = CARTESIAN_POINT ( 'NONE',  ( 4.752648293360449472, 17.61270781032335009, -5.000000000000000000 ) ) ;
#2514 = CARTESIAN_POINT ( 'NONE',  ( -17.91222139392874979, -2.578277445616424579, -5.000000000000000000 ) ) ;
#2515 = CIRCLE ( 'NONE', #3611, 18.52682817102719781 ) ;
#2516 = ORIENTED_EDGE ( 'NONE', *, *, #2081, .T. ) ;
#2517 = CARTESIAN_POINT ( 'NONE',  ( -10.50003296401214037, 14.74869130177516041, 5.000000000000000000 ) ) ;
#2518 = CARTESIAN_POINT ( 'NONE',  ( 17.62937653985285280, -4.690439747858770048, 5.000000000000000000 ) ) ;
#2519 = AXIS2_PLACEMENT_3D ( 'NONE', #1514, #201, #1025 ) ;
#2520 = ORIENTED_EDGE ( 'NONE', *, *, #616, .F. ) ;
#2521 = CARTESIAN_POINT ( 'NONE',  ( -16.52445980553209637, 0.3711837165545124884, 5.002000000000000668 ) ) ;
#2522 = CARTESIAN_POINT ( 'NONE',  ( 1.078460969082649656, -3.600000000000000533, -6.500000000000000000 ) ) ;
#2523 = DIRECTION ( 'NONE',  ( -0.000000000000000000, -0.000000000000000000, 1.000000000000000000 ) ) ;
#2524 = ORIENTED_EDGE ( 'NONE', *, *, #2548, .F. ) ;
#2525 = CARTESIAN_POINT ( 'NONE',  ( -2.639540076345809894, -18.33783493938530285, 5.000000000000000000 ) ) ;
#2526 = CARTESIAN_POINT ( 'NONE',  ( 18.33783493938530285, -2.639540076345814779, 5.000000000000000000 ) ) ;
#2527 = DIRECTION ( 'NONE',  ( 0.000000000000000000, 0.000000000000000000, -1.000000000000000000 ) ) ;
#2528 = CARTESIAN_POINT ( 'NONE',  ( -3.004255121576999699, -17.85354414464755024, -5.000000000000000000 ) ) ;
#2529 = VERTEX_POINT ( 'NONE', #3876 ) ;
#2530 = EDGE_CURVE ( 'NONE', #5171, #3204, #4281, .T. ) ;
#2531 = DIRECTION ( 'NONE',  ( 0.000000000000000000, 0.000000000000000000, 1.000000000000000000 ) ) ;
#2532 = CARTESIAN_POINT ( 'NONE',  ( 17.62937653985285280, 4.690439747858779818, 5.000000000000000000 ) ) ;
#2533 = EDGE_CURVE ( 'NONE', #510, #557, #2922, .T. ) ;
#2534 = DIRECTION ( 'NONE',  ( 0.000000000000000000, 0.000000000000000000, -1.000000000000000000 ) ) ;
#2535 = VERTEX_POINT ( 'NONE', #711 ) ;
#2536 = ORIENTED_EDGE ( 'NONE', *, *, #3858, .T. ) ;
#2537 = DIRECTION ( 'NONE',  ( -0.000000000000000000, 0.000000000000000000, 1.000000000000000000 ) ) ;
#2538 = ORIENTED_EDGE ( 'NONE', *, *, #5278, .F. ) ;
#2539 = VERTEX_POINT ( 'NONE', #3468 ) ;
#2540 = EDGE_CURVE ( 'NONE', #4008, #2504, #1938, .T. ) ;
#2541 = EDGE_CURVE ( 'NONE', #1551, #4494, #2691, .T. ) ;
#2542 = CARTESIAN_POINT ( 'NONE',  ( -14.49619383368293946, -7.940775374758739957, 5.000000000000000000 ) ) ;
#2543 = DIRECTION ( 'NONE',  ( 0.000000000000000000, 0.000000000000000000, 1.000000000000000000 ) ) ;
#2544 = ORIENTED_EDGE ( 'NONE', *, *, #1989, .F. ) ;
#2545 = DIRECTION ( 'NONE',  ( 1.000000000000000000, 0.000000000000000000, 0.000000000000000000 ) ) ;
#2546 = CARTESIAN_POINT ( 'NONE',  ( 11.10037075072115975, 14.83324412511671930, 5.000000000000000000 ) ) ;
#2547 = CARTESIAN_POINT ( 'NONE',  ( 14.74869130177516041, 10.50003296401214037, 5.002000000000000668 ) ) ;
#2548 = EDGE_CURVE ( 'NONE', #3152, #368, #2493, .T. ) ;
#2549 = ORIENTED_EDGE ( 'NONE', *, *, #690, .F. ) ;
#2550 = DIRECTION ( 'NONE',  ( 0.000000000000000000, 0.000000000000000000, 1.000000000000000000 ) ) ;
#2551 = DIRECTION ( 'NONE',  ( 1.000000000000000000, 0.000000000000000000, 0.000000000000000000 ) ) ;
#2552 = CARTESIAN_POINT ( 'NONE',  ( -4.690439747858789588, 17.62937653985285280, 5.002000000000000668 ) ) ;
#2553 = CARTESIAN_POINT ( 'NONE',  ( 17.85354414464755024, 3.004255121577014798, -5.000000000000000000 ) ) ;
#2554 = ORIENTED_EDGE ( 'NONE', *, *, #5705, .F. ) ;
#2555 = CARTESIAN_POINT ( 'NONE',  ( 13.95949521606318022, 11.52853332705895895, 5.002000000000000668 ) ) ;
#2556 = DIRECTION ( 'NONE',  ( -0.7071067811865480168, 0.7071067811865472397, 0.000000000000000000 ) ) ;
#2557 = VECTOR ( 'NONE', #423, 1000.000000000000000 ) ;
#2558 = EDGE_CURVE ( 'NONE', #2975, #2728, #647, .T. ) ;
#2559 = DIRECTION ( 'NONE',  ( 1.000000000000000000, 0.000000000000000000, 0.000000000000000000 ) ) ;
#2560 = CARTESIAN_POINT ( 'NONE',  ( 14.12501011712842036, 8.583684430773400820, -5.000000000000000000 ) ) ;
#2561 = ORIENTED_EDGE ( 'NONE', *, *, #3781, .F. ) ;
#2562 = ORIENTED_EDGE ( 'NONE', *, *, #1621, .T. ) ;
#2563 = VERTEX_POINT ( 'NONE', #3786 ) ;
#2564 = ORIENTED_EDGE ( 'NONE', *, *, #2351, .F. ) ;
#2565 = CIRCLE ( 'NONE', #5322, 16.52862817102735349 ) ;
#2566 = ADVANCED_FACE ( 'NONE', ( #2041 ), #1609, .F. ) ;
#2567 = AXIS2_PLACEMENT_3D ( 'NONE', #4020, #73, #2732 ) ;
#2568 = CARTESIAN_POINT ( 'NONE',  ( 2.078460969082649878, -3.600000000000000089, -6.500000000000000000 ) ) ;
#2569 = DIRECTION ( 'NONE',  ( 0.000000000000000000, 0.000000000000000000, 1.000000000000000000 ) ) ;
#2570 = LINE ( 'NONE', #5306, #413 ) ;
#2571 = ORIENTED_EDGE ( 'NONE', *, *, #3313, .T. ) ;
#2572 = ORIENTED_EDGE ( 'NONE', *, *, #3236, .T. ) ;
#2573 = EDGE_CURVE ( 'NONE', #397, #3258, #5567, .T. ) ;
#2574 = LINE ( 'NONE', #1821, #4071 ) ;
#2575 = EDGE_CURVE ( 'NONE', #2615, #5681, #3496, .T. ) ;
#2576 = ORIENTED_EDGE ( 'NONE', *, *, #2296, .F. ) ;
#2577 = AXIS2_PLACEMENT_3D ( 'NONE', #2060, #5622, #345 ) ;
#2578 = FACE_OUTER_BOUND ( 'NONE', #4332, .T. ) ;
#2579 = CARTESIAN_POINT ( 'NONE',  ( -11.45482623011523948, 14.56126086974063938, -5.000000000000000000 ) ) ;
#2580 = VECTOR ( 'NONE', #4792, 1000.000000000000000 ) ;
#2581 = ORIENTED_EDGE ( 'NONE', *, *, #3993, .T. ) ;
#2582 = CARTESIAN_POINT ( 'NONE',  ( -16.46764093829609976, 7.522724857905799922, 5.000000000000000000 ) ) ;
#2583 = DIRECTION ( 'NONE',  ( 0.000000000000000000, 0.000000000000000000, -1.000000000000000000 ) ) ;
#2584 = CARTESIAN_POINT ( 'NONE',  ( 7.940775374758719529, 14.49619383368293946, 5.000000000000000000 ) ) ;
#2585 = DIRECTION ( 'NONE',  ( -0.000000000000000000, -0.000000000000000000, -1.000000000000000000 ) ) ;
#2586 = EDGE_LOOP ( 'NONE', ( #2561, #3847, #2793, #5703 ) ) ;
#2587 = EDGE_LOOP ( 'NONE', ( #5391, #478, #1067, #694 ) ) ;
#2588 = CIRCLE ( 'NONE', #810, 18.52682817102719781 ) ;
#2589 = CARTESIAN_POINT ( 'NONE',  ( -9.757819552369539906E-16, 2.376571162088224710E-13, -5.000000000000000000 ) ) ;
#2590 = CARTESIAN_POINT ( 'NONE',  ( 11.94702410697802009, 11.42209106089458004, 5.002000000000000668 ) ) ;
#2591 = ORIENTED_EDGE ( 'NONE', *, *, #5710, .T. ) ;
#2592 = ORIENTED_EDGE ( 'NONE', *, *, #4400, .T. ) ;
#2593 = ORIENTED_EDGE ( 'NONE', *, *, #1954, .F. ) ;
#2594 = ORIENTED_EDGE ( 'NONE', *, *, #3808, .T. ) ;
#2595 = EDGE_CURVE ( 'NONE', #5476, #492, #935, .T. ) ;
#2596 = AXIS2_PLACEMENT_3D ( 'NONE', #5330, #1348, #933 ) ;
#2597 = DIRECTION ( 'NONE',  ( -0.000000000000000000, -0.000000000000000000, -1.000000000000000000 ) ) ;
#2598 = ORIENTED_EDGE ( 'NONE', *, *, #3135, .T. ) ;
#2599 = CIRCLE ( 'NONE', #4894, 18.52682817102719781 ) ;
#2600 = CIRCLE ( 'NONE', #1834, 16.52862817102734994 ) ;
#2601 = AXIS2_PLACEMENT_3D ( 'NONE', #1758, #1, #2246 ) ;
#2602 = ORIENTED_EDGE ( 'NONE', *, *, #4790, .F. ) ;
#2603 = DIRECTION ( 'NONE',  ( 0.7071067811865454633, 0.7071067811865495711, 0.000000000000000000 ) ) ;
#2604 = CIRCLE ( 'NONE', #3891, 1.764902496759994444 ) ;
#2605 = ORIENTED_EDGE ( 'NONE', *, *, #5343, .F. ) ;
#2606 = CIRCLE ( 'NONE', #4533, 1.764902496759994888 ) ;
#2607 = EDGE_CURVE ( 'NONE', #5677, #3015, #900, .T. ) ;
#2608 = AXIS2_PLACEMENT_3D ( 'NONE', #1280, #92, #901 ) ;
#2609 = ORIENTED_EDGE ( 'NONE', *, *, #175, .T. ) ;
#2610 = DIRECTION ( 'NONE',  ( 0.000000000000000000, 0.000000000000000000, -1.000000000000000000 ) ) ;
#2611 = DIRECTION ( 'NONE',  ( -0.000000000000000000, -0.000000000000000000, 1.000000000000000000 ) ) ;
#2612 = CARTESIAN_POINT ( 'NONE',  ( -2.639540076345824549, 18.33783493938530285, 5.000000000000000000 ) ) ;
#2613 = ORIENTED_EDGE ( 'NONE', *, *, #4882, .F. ) ;
#2614 = DIRECTION ( 'NONE',  ( -1.000000000000000000, 0.000000000000000000, 0.000000000000000000 ) ) ;
#2615 = VERTEX_POINT ( 'NONE', #4412 ) ;
#2616 = DIRECTION ( 'NONE',  ( -0.000000000000000000, -0.000000000000000000, 1.000000000000000000 ) ) ;
#2617 = DIRECTION ( 'NONE',  ( 0.000000000000000000, 0.000000000000000000, 1.000000000000000000 ) ) ;
#2618 = EDGE_CURVE ( 'NONE', #4396, #5490, #1471, .T. ) ;
#2619 = DIRECTION ( 'NONE',  ( -0.000000000000000000, 0.000000000000000000, 1.000000000000000000 ) ) ;
#2620 = VERTEX_POINT ( 'NONE', #4878 ) ;
#2621 = DIRECTION ( 'NONE',  ( 0.000000000000000000, 0.000000000000000000, 1.000000000000000000 ) ) ;
#2622 = ORIENTED_EDGE ( 'NONE', *, *, #5181, .T. ) ;
#2623 = ORIENTED_EDGE ( 'NONE', *, *, #5563, .T. ) ;
#2624 = EDGE_CURVE ( 'NONE', #2962, #4461, #548, .T. ) ;
#2625 = EDGE_LOOP ( 'NONE', ( #2076, #5682, #179, #1332 ) ) ;
#2626 = VERTEX_POINT ( 'NONE', #2239 ) ;
#2627 = VERTEX_POINT ( 'NONE', #1364 ) ;
#2628 = CARTESIAN_POINT ( 'NONE',  ( -2.196580998991904732, 18.39615160824795126, 5.000000000000000000 ) ) ;
#2629 = ORIENTED_EDGE ( 'NONE', *, *, #870, .F. ) ;
#2630 = EDGE_CURVE ( 'NONE', #5197, #3133, #174, .T. ) ;
#2631 = CARTESIAN_POINT ( 'NONE',  ( -17.02982512410865112, 7.295780857526780849, 5.000000000000000000 ) ) ;
#2632 = DIRECTION ( 'NONE',  ( 1.000000000000000000, 0.000000000000000000, 0.000000000000000000 ) ) ;
#2633 = DIRECTION ( 'NONE',  ( 0.000000000000000000, 0.000000000000000000, 1.000000000000000000 ) ) ;
#2634 = VERTEX_POINT ( 'NONE', #1308 ) ;
#2635 = DIRECTION ( 'NONE',  ( -0.000000000000000000, -0.000000000000000000, 1.000000000000000000 ) ) ;
#2636 = DIRECTION ( 'NONE',  ( -0.4999999999999998890, -0.8660254037844387076, 0.000000000000000000 ) ) ;
#2637 = LINE ( 'NONE', #3578, #828 ) ;
#2638 = CYLINDRICAL_SURFACE ( 'NONE', #4698, 0.4300000000000000488 ) ;
#2639 = DIRECTION ( 'NONE',  ( 0.2588190451025180194, 0.9659258262890689783, 0.000000000000000000 ) ) ;
#2640 = EDGE_LOOP ( 'NONE', ( #2572, #1437, #2756, #2391 ) ) ;
#2641 = LINE ( 'NONE', #396, #1401 ) ;
#2642 = ORIENTED_EDGE ( 'NONE', *, *, #3675, .T. ) ;
#2643 = ORIENTED_EDGE ( 'NONE', *, *, #2397, .T. ) ;
#2644 = EDGE_CURVE ( 'NONE', #394, #2392, #4366, .T. ) ;
#2645 = EDGE_CURVE ( 'NONE', #4310, #1152, #1802, .T. ) ;
#2646 = ORIENTED_EDGE ( 'NONE', *, *, #259, .F. ) ;
#2647 = EDGE_LOOP ( 'NONE', ( #2198, #4825, #84, #1921 ) ) ;
#2648 = DIRECTION ( 'NONE',  ( -1.000000000000000000, 0.000000000000000000, 0.000000000000000000 ) ) ;
#2649 = ORIENTED_EDGE ( 'NONE', *, *, #2842, .F. ) ;
#2650 = ADVANCED_FACE ( 'NONE', ( #4853 ), #433, .T. ) ;
#2651 = VECTOR ( 'NONE', #5477, 1000.000000000000000 ) ;
#2652 = CARTESIAN_POINT ( 'NONE',  ( -11.52853332705895895, -13.95949521606320154, -5.000000000000000000 ) ) ;
#2653 = ORIENTED_EDGE ( 'NONE', *, *, #4476, .T. ) ;
#2654 = FACE_OUTER_BOUND ( 'NONE', #3827, .T. ) ;
#2655 = AXIS2_PLACEMENT_3D ( 'NONE', #1545, #3331, #5088 ) ;
#2656 = VECTOR ( 'NONE', #3826, 1000.000000000000000 ) ;
#2657 = EDGE_LOOP ( 'NONE', ( #3180, #2926, #4768, #3856 ) ) ;
#2658 = DIRECTION ( 'NONE',  ( 0.000000000000000000, 0.000000000000000000, 1.000000000000000000 ) ) ;
#2659 = VERTEX_POINT ( 'NONE', #97 ) ;
#2660 = CIRCLE ( 'NONE', #617, 1.764902496759994888 ) ;
#2661 = CARTESIAN_POINT ( 'NONE',  ( 10.50003296401212083, 14.74869130177516041, 5.002000000000000668 ) ) ;
#2662 = EDGE_CURVE ( 'NONE', #3481, #659, #1281, .T. ) ;
#2663 = ORIENTED_EDGE ( 'NONE', *, *, #3084, .F. ) ;
#2664 = VECTOR ( 'NONE', #5495, 1000.000000000000000 ) ;
#2665 = DIRECTION ( 'NONE',  ( -0.000000000000000000, -0.000000000000000000, 1.000000000000000000 ) ) ;
#2666 = FACE_OUTER_BOUND ( 'NONE', #1848, .T. ) ;
#2667 = CARTESIAN_POINT ( 'NONE',  ( -9.757819552369539906E-16, 2.376571162088224710E-13, -5.000000000000000000 ) ) ;
#2668 = VERTEX_POINT ( 'NONE', #945 ) ;
#2669 = FACE_OUTER_BOUND ( 'NONE', #1276, .T. ) ;
#2670 = EDGE_LOOP ( 'NONE', ( #3059, #445, #2154, #36 ) ) ;
#2671 = ORIENTED_EDGE ( 'NONE', *, *, #5487, .F. ) ;
#2672 = AXIS2_PLACEMENT_3D ( 'NONE', #3375, #1997, #5549 ) ;
#2673 = CARTESIAN_POINT ( 'NONE',  ( 13.95949521606318022, -11.52853332705895895, 5.000000000000000000 ) ) ;
#2674 = DIRECTION ( 'NONE',  ( 0.9659258262890689783, 0.2588190451025180194, 0.000000000000000000 ) ) ;
#2675 = FACE_OUTER_BOUND ( 'NONE', #938, .T. ) ;
#2676 = ORIENTED_EDGE ( 'NONE', *, *, #4495, .F. ) ;
#2677 = ORIENTED_EDGE ( 'NONE', *, *, #2819, .T. ) ;
#2678 = DIRECTION ( 'NONE',  ( 1.000000000000000000, 0.000000000000000000, 0.000000000000000000 ) ) ;
#2679 = ORIENTED_EDGE ( 'NONE', *, *, #203, .F. ) ;
#2680 = CIRCLE ( 'NONE', #4420, 16.52862817102734638 ) ;
#2681 = EDGE_CURVE ( 'NONE', #501, #3401, #563, .T. ) ;
#2682 = DIRECTION ( 'NONE',  ( 0.000000000000000000, 0.000000000000000000, 1.000000000000000000 ) ) ;
#2683 = AXIS2_PLACEMENT_3D ( 'NONE', #3141, #5732, #5285 ) ;
#2684 = AXIS2_PLACEMENT_3D ( 'NONE', #5603, #5150, #749 ) ;
#2685 = CIRCLE ( 'NONE', #355, 1.764902496759995998 ) ;
#2686 = CIRCLE ( 'NONE', #1931, 18.52682817102719781 ) ;
#2687 = CYLINDRICAL_SURFACE ( 'NONE', #3650, 0.4299999999999993272 ) ;
#2688 = CARTESIAN_POINT ( 'NONE',  ( 17.91222139392874979, 2.578277445616414809, 5.000000000000000000 ) ) ;
#2689 = DIRECTION ( 'NONE',  ( -0.8660254037844387076, 0.4999999999999999445, 0.000000000000000000 ) ) ;
#2690 = EDGE_CURVE ( 'NONE', #3401, #4640, #2606, .T. ) ;
#2691 = CIRCLE ( 'NONE', #4070, 0.4299999999999998823 ) ;
#2692 = ORIENTED_EDGE ( 'NONE', *, *, #4455, .F. ) ;
#2693 = AXIS2_PLACEMENT_3D ( 'NONE', #2212, #4451, #3154 ) ;
#2694 = FACE_OUTER_BOUND ( 'NONE', #5326, .T. ) ;
#2695 = CARTESIAN_POINT ( 'NONE',  ( 11.52853332705895895, -13.95949521606318022, 5.002000000000000668 ) ) ;
#2696 = CIRCLE ( 'NONE', #370, 16.52862817102734638 ) ;
#2697 = CARTESIAN_POINT ( 'NONE',  ( -9.149209946963129170, 15.78249345187885133, -5.000000000000000000 ) ) ;
#2698 = LINE ( 'NONE', #1399, #4065 ) ;
#2699 = EDGE_CURVE ( 'NONE', #4025, #778, #4441, .T. ) ;
#2700 = ORIENTED_EDGE ( 'NONE', *, *, #1572, .T. ) ;
#2701 = ORIENTED_EDGE ( 'NONE', *, *, #3884, .T. ) ;
#2702 = EDGE_LOOP ( 'NONE', ( #2269, #2147, #618, #3672 ) ) ;
#2703 = DIRECTION ( 'NONE',  ( 0.000000000000000000, 0.000000000000000000, 1.000000000000000000 ) ) ;
#2704 = FACE_OUTER_BOUND ( 'NONE', #1594, .T. ) ;
#2705 = VERTEX_POINT ( 'NONE', #2725 ) ;
#2706 = DIRECTION ( 'NONE',  ( 0.4999999999999999445, 0.8660254037844387076, 0.000000000000000000 ) ) ;
#2707 = ORIENTED_EDGE ( 'NONE', *, *, #3352, .T. ) ;
#2708 = VERTEX_POINT ( 'NONE', #2 ) ;
#2709 = CARTESIAN_POINT ( 'NONE',  ( -6.891765691606369485E-14, 1.759653278486400105E-14, -5.000000000000000000 ) ) ;
#2710 = ADVANCED_FACE ( 'NONE', ( #1838 ), #882, .T. ) ;
#2711 = CARTESIAN_POINT ( 'NONE',  ( 14.49619383368293946, 7.940775374758730187, 5.002000000000000668 ) ) ;
#2712 = DIRECTION ( 'NONE',  ( -0.000000000000000000, -0.000000000000000000, 1.000000000000000000 ) ) ;
#2713 = EDGE_CURVE ( 'NONE', #1647, #2943, #4905, .T. ) ;
#2714 = CARTESIAN_POINT ( 'NONE',  ( 0.3711837165545154860, 16.52445980553209637, -5.000000000000000000 ) ) ;
#2715 = ORIENTED_EDGE ( 'NONE', *, *, #5020, .T. ) ;
#2716 = DIRECTION ( 'NONE',  ( -0.000000000000000000, 0.000000000000000000, 1.000000000000000000 ) ) ;
#2717 = CARTESIAN_POINT ( 'NONE',  ( -10.84273574818606001, -14.48897067933745930, -5.000000000000000000 ) ) ;
#2718 = ORIENTED_EDGE ( 'NONE', *, *, #2748, .F. ) ;
#2719 = AXIS2_PLACEMENT_3D ( 'NONE', #4299, #1687, #4272 ) ;
#2720 = DIRECTION ( 'NONE',  ( 1.000000000000000000, 0.000000000000000000, 0.000000000000000000 ) ) ;
#2721 = ORIENTED_EDGE ( 'NONE', *, *, #4941, .T. ) ;
#2722 = ADVANCED_FACE ( 'NONE', ( #1810 ), #4481, .T. ) ;
#2723 = CARTESIAN_POINT ( 'NONE',  ( -1.718949636520940016, 18.02275782191794562, -5.000000000000000000 ) ) ;
#2724 = DIRECTION ( 'NONE',  ( 0.4999999999999998890, 0.8660254037844387076, 0.000000000000000000 ) ) ;
#2725 = CARTESIAN_POINT ( 'NONE',  ( -2.578460969082654319, -2.733974596215560382, 6.500000000000000000 ) ) ;
#2726 = CARTESIAN_POINT ( 'NONE',  ( -4.969787286824979393E-14, -5.088617526617949668E-14, 5.000000000000000000 ) ) ;
#2727 = ORIENTED_EDGE ( 'NONE', *, *, #1653, .F. ) ;
#2728 = VERTEX_POINT ( 'NONE', #121 ) ;
#2729 = ORIENTED_EDGE ( 'NONE', *, *, #2360, .F. ) ;
#2730 = ADVANCED_FACE ( 'NONE', ( #2666 ), #1890, .F. ) ;
#2731 = CARTESIAN_POINT ( 'NONE',  ( -7.295780857526789731, 17.02982512410865112, -5.000000000000000000 ) ) ;
#2732 = DIRECTION ( 'NONE',  ( 1.000000000000000000, 0.000000000000000000, 0.000000000000000000 ) ) ;
#2733 = CARTESIAN_POINT ( 'NONE',  ( -7.126448808901090004, 16.63456994411954781, 5.000000000000000000 ) ) ;
#2734 = ORIENTED_EDGE ( 'NONE', *, *, #4322, .F. ) ;
#2735 = ORIENTED_EDGE ( 'NONE', *, *, #5459, .T. ) ;
#2736 = ADVANCED_FACE ( 'NONE', ( #64 ), #3618, .T. ) ;
#2737 = CARTESIAN_POINT ( 'NONE',  ( 15.81469496456674939, 9.093435290907079249, 5.002000000000000668 ) ) ;
#2738 = ADVANCED_FACE ( 'NONE', ( #3187 ), #1315, .T. ) ;
#2739 = AXIS2_PLACEMENT_3D ( 'NONE', #2948, #1147, #3754 ) ;
#2740 = CARTESIAN_POINT ( 'NONE',  ( -9.757819552369539906E-16, 2.376571162088224710E-13, -5.000000000000000000 ) ) ;
#2741 = LINE ( 'NONE', #487, #2301 ) ;
#2742 = FACE_OUTER_BOUND ( 'NONE', #977, .T. ) ;
#2743 = CIRCLE ( 'NONE', #220, 1.764902496759994888 ) ;
#2744 = DIRECTION ( 'NONE',  ( -0.000000000000000000, -0.000000000000000000, -1.000000000000000000 ) ) ;
#2745 = DIRECTION ( 'NONE',  ( -1.000000000000000000, 0.000000000000000000, 0.000000000000000000 ) ) ;
#2746 = DIRECTION ( 'NONE',  ( 0.000000000000000000, 0.000000000000000000, -1.000000000000000000 ) ) ;
#2747 = EDGE_LOOP ( 'NONE', ( #2400, #4532, #752, #2473 ) ) ;
#2748 = EDGE_CURVE ( 'NONE', #296, #5081, #3610, .T. ) ;
#2749 = AXIS2_PLACEMENT_3D ( 'NONE', #5701, #3504, #489 ) ;
#2750 = DIRECTION ( 'NONE',  ( 0.000000000000000000, 0.000000000000000000, -1.000000000000000000 ) ) ;
#2751 = CARTESIAN_POINT ( 'NONE',  ( -18.24264523787019954, 0.03220151268791665577, 5.000000000000000000 ) ) ;
#2752 = DIRECTION ( 'NONE',  ( 0.000000000000000000, 0.000000000000000000, 1.000000000000000000 ) ) ;
#2753 = CYLINDRICAL_SURFACE ( 'NONE', #3240, 1.764902496759994888 ) ;
#2754 = CYLINDRICAL_SURFACE ( 'NONE', #3457, 1.764902496759994444 ) ;
#2755 = CIRCLE ( 'NONE', #5436, 16.52862817102733928 ) ;
#2756 = ORIENTED_EDGE ( 'NONE', *, *, #1721, .F. ) ;
#2757 = CIRCLE ( 'NONE', #3769, 1.764902496759993999 ) ;
#2758 = DIRECTION ( 'NONE',  ( 0.9659258262890680902, 0.2588190451025210170, 0.000000000000000000 ) ) ;
#2759 = DIRECTION ( 'NONE',  ( -0.4999999999999998335, 0.8660254037844388186, 0.000000000000000000 ) ) ;
#2760 = DIRECTION ( 'NONE',  ( -0.9659258262890680902, -0.2588190451025215166, 0.000000000000000000 ) ) ;
#2761 = ORIENTED_EDGE ( 'NONE', *, *, #698, .T. ) ;
#2762 = ORIENTED_EDGE ( 'NONE', *, *, #2533, .F. ) ;
#2763 = EDGE_CURVE ( 'NONE', #167, #3074, #1115, .T. ) ;
#2764 = DIRECTION ( 'NONE',  ( 0.000000000000000000, 0.000000000000000000, 1.000000000000000000 ) ) ;
#2765 = ORIENTED_EDGE ( 'NONE', *, *, #496, .F. ) ;
#2766 = CIRCLE ( 'NONE', #3036, 0.4299999999999997713 ) ;
#2767 = AXIS2_PLACEMENT_3D ( 'NONE', #1140, #700, #4237 ) ;
#2768 = DIRECTION ( 'NONE',  ( 0.000000000000000000, 0.000000000000000000, 1.000000000000000000 ) ) ;
#2769 = DIRECTION ( 'NONE',  ( 0.000000000000000000, 0.000000000000000000, -1.000000000000000000 ) ) ;
#2770 = ORIENTED_EDGE ( 'NONE', *, *, #4257, .F. ) ;
#2771 = VECTOR ( 'NONE', #1182, 1000.000000000000000 ) ;
#2772 = DIRECTION ( 'NONE',  ( 0.4999999999999999445, -0.8660254037844387076, 0.000000000000000000 ) ) ;
#2773 = CARTESIAN_POINT ( 'NONE',  ( 7.940775374758730187, -14.49619383368293946, 5.002000000000000668 ) ) ;
#2774 = ADVANCED_FACE ( 'NONE', ( #3703 ), #4223, .F. ) ;
#2775 = AXIS2_PLACEMENT_3D ( 'NONE', #1546, #184, #1091 ) ;
#2776 = ORIENTED_EDGE ( 'NONE', *, *, #3281, .F. ) ;
#2777 = AXIS2_PLACEMENT_3D ( 'NONE', #2870, #1583, #3303 ) ;
#2778 = CARTESIAN_POINT ( 'NONE',  ( 16.80157748816159824, 6.723256931056099894, 5.002000000000000668 ) ) ;
#2779 = CIRCLE ( 'NONE', #5276, 1.764902496759994444 ) ;
#2780 = SURFACE_STYLE_FILL_AREA ( #1889 ) ;
#2781 = LINE ( 'NONE', #4630, #172 ) ;
#2782 = LINE ( 'NONE', #5447, #2994 ) ;
#2783 = EDGE_CURVE ( 'NONE', #5226, #2668, #739, .T. ) ;
#2784 = CIRCLE ( 'NONE', #1118, 16.52862817102734994 ) ;
#2785 = ORIENTED_EDGE ( 'NONE', *, *, #5616, .F. ) ;
#2786 = ORIENTED_EDGE ( 'NONE', *, *, #2510, .T. ) ;
#2787 = DIRECTION ( 'NONE',  ( 0.000000000000000000, 0.000000000000000000, 1.000000000000000000 ) ) ;
#2788 = DIRECTION ( 'NONE',  ( -0.000000000000000000, -0.000000000000000000, 1.000000000000000000 ) ) ;
#2789 = VECTOR ( 'NONE', #1603, 1000.000000000000000 ) ;
#2790 = ADVANCED_FACE ( 'NONE', ( #712 ), #683, .F. ) ;
#2791 = DIRECTION ( 'NONE',  ( 0.000000000000000000, 0.000000000000000000, -1.000000000000000000 ) ) ;
#2792 = ORIENTED_EDGE ( 'NONE', *, *, #1604, .F. ) ;
#2793 = ORIENTED_EDGE ( 'NONE', *, *, #4795, .T. ) ;
#2794 = EDGE_LOOP ( 'NONE', ( #3628, #3247, #1659, #45 ) ) ;
#2795 = VERTEX_POINT ( 'NONE', #4598 ) ;
#2796 = DIRECTION ( 'NONE',  ( 1.000000000000000000, 0.000000000000000000, 0.000000000000000000 ) ) ;
#2797 = DIRECTION ( 'NONE',  ( -0.000000000000000000, 0.000000000000000000, 1.000000000000000000 ) ) ;
#2798 = FACE_OUTER_BOUND ( 'NONE', #4232, .T. ) ;
#2799 = ORIENTED_EDGE ( 'NONE', *, *, #4812, .F. ) ;
#2800 = CARTESIAN_POINT ( 'NONE',  ( 1.759653278486404839E-14, 6.891765691606369485E-14, -5.000000000000000000 ) ) ;
#2801 = VERTEX_POINT ( 'NONE', #1582 ) ;
#2802 = LINE ( 'NONE', #1878, #3033 ) ;
#2803 = ORIENTED_EDGE ( 'NONE', *, *, #2106, .T. ) ;
#2804 = CARTESIAN_POINT ( 'NONE',  ( -11.10037075072117929, 14.83324412511671930, -5.000000000000000000 ) ) ;
#2805 = DIRECTION ( 'NONE',  ( 1.000000000000000000, 0.000000000000000000, 0.000000000000000000 ) ) ;
#2806 = CARTESIAN_POINT ( 'NONE',  ( -15.78249345187885133, 9.149209946963111406, -5.000000000000000000 ) ) ;
#2807 = EDGE_LOOP ( 'NONE', ( #1593, #1698, #3792, #4551 ) ) ;
#2808 = AXIS2_PLACEMENT_3D ( 'NONE', #1488, #4513, #3670 ) ;
#2809 = EDGE_CURVE ( 'NONE', #215, #5226, #602, .T. ) ;
#2810 = CYLINDRICAL_SURFACE ( 'NONE', #5140, 1.764902496759994888 ) ;
#2811 = FACE_OUTER_BOUND ( 'NONE', #1709, .T. ) ;
#2812 = DIRECTION ( 'NONE',  ( -0.000000000000000000, -0.000000000000000000, -1.000000000000000000 ) ) ;
#2813 = DIRECTION ( 'NONE',  ( -1.000000000000000000, 0.000000000000000000, 0.000000000000000000 ) ) ;
#2814 = CARTESIAN_POINT ( 'NONE',  ( -3.117691453623979925, 1.800000000000000044, 6.500000000000000000 ) ) ;
#2815 = ORIENTED_EDGE ( 'NONE', *, *, #2530, .F. ) ;
#2816 = ORIENTED_EDGE ( 'NONE', *, *, #2618, .T. ) ;
#2817 = ADVANCED_FACE ( 'NONE', ( #4655 ), #231, .F. ) ;
#2818 = FACE_OUTER_BOUND ( 'NONE', #4950, .T. ) ;
#2819 = EDGE_CURVE ( 'NONE', #4668, #1992, #1703, .T. ) ;
#2820 = DIRECTION ( 'NONE',  ( 0.000000000000000000, 0.000000000000000000, 1.000000000000000000 ) ) ;
#2821 = FACE_OUTER_BOUND ( 'NONE', #2138, .T. ) ;
#2822 = DIRECTION ( 'NONE',  ( -0.8660254037844387076, 0.4999999999999999445, 0.000000000000000000 ) ) ;
#2823 = ORIENTED_EDGE ( 'NONE', *, *, #327, .F. ) ;
#2824 = ORIENTED_EDGE ( 'NONE', *, *, #4549, .F. ) ;
#2825 = DIRECTION ( 'NONE',  ( 0.000000000000000000, 0.000000000000000000, 1.000000000000000000 ) ) ;
#2826 = FACE_OUTER_BOUND ( 'NONE', #4359, .T. ) ;
#2827 = VERTEX_POINT ( 'NONE', #4678 ) ;
#2828 = CARTESIAN_POINT ( 'NONE',  ( 9.149209946963118512, 15.78249345187885133, 5.000000000000000000 ) ) ;
#2829 = CARTESIAN_POINT ( 'NONE',  ( 16.05747190671534952, -3.918308969584834767, 5.000000000000000000 ) ) ;
#2830 = CARTESIAN_POINT ( 'NONE',  ( 0.000000000000000000, 0.000000000000000000, -6.500000000000000000 ) ) ;
#2831 = ORIENTED_EDGE ( 'NONE', *, *, #1023, .F. ) ;
#2832 = DIRECTION ( 'NONE',  ( 0.000000000000000000, 0.000000000000000000, -1.000000000000000000 ) ) ;
#2833 = DIRECTION ( 'NONE',  ( 0.000000000000000000, -1.000000000000000000, 0.000000000000000000 ) ) ;
#2834 = AXIS2_PLACEMENT_3D ( 'NONE', #2778, #4999, #1027 ) ;
#2835 = AXIS2_PLACEMENT_3D ( 'NONE', #4143, #5362, #3253 ) ;
#2836 = CARTESIAN_POINT ( 'NONE',  ( 4.690439747858779818, -17.62937653985285280, -5.000000000000000000 ) ) ;
#2837 = CARTESIAN_POINT ( 'NONE',  ( 14.22330004254517810, -11.18896446287262059, 5.000000000000000000 ) ) ;
#2838 = CARTESIAN_POINT ( 'NONE',  ( 17.61270781032335009, -4.752648293360449472, 5.000000000000000000 ) ) ;
#2839 = CYLINDRICAL_SURFACE ( 'NONE', #5695, 18.95497617776954868 ) ;
#2840 = ORIENTED_EDGE ( 'NONE', *, *, #458, .T. ) ;
#2841 = ORIENTED_EDGE ( 'NONE', *, *, #519, .F. ) ;
#2842 = EDGE_CURVE ( 'NONE', #132, #842, #1924, .T. ) ;
#2843 = CIRCLE ( 'NONE', #3569, 16.52862817102735704 ) ;
#2844 = LINE ( 'NONE', #4139, #4516 ) ;
#2845 = AXIS2_PLACEMENT_3D ( 'NONE', #2208, #5374, #4990 ) ;
#2846 = CARTESIAN_POINT ( 'NONE',  ( -9.757819552369539906E-16, 2.376571162088224710E-13, 5.000000000000000000 ) ) ;
#2847 = EDGE_CURVE ( 'NONE', #453, #57, #5407, .T. ) ;
#2848 = DIRECTION ( 'NONE',  ( 1.000000000000000000, 0.000000000000000000, 0.000000000000000000 ) ) ;
#2849 = VERTEX_POINT ( 'NONE', #5479 ) ;
#2850 = ORIENTED_EDGE ( 'NONE', *, *, #100, .F. ) ;
#2851 = VERTEX_POINT ( 'NONE', #3333 ) ;
#2852 = ORIENTED_EDGE ( 'NONE', *, *, #3779, .T. ) ;
#2853 = CARTESIAN_POINT ( 'NONE',  ( 2.145599264782074744, -17.96918455708715001, -5.000000000000000000 ) ) ;
#2854 = CARTESIAN_POINT ( 'NONE',  ( 11.94702410697802009, 11.42209106089458004, 5.000000000000000000 ) ) ;
#2855 = DIRECTION ( 'NONE',  ( 0.000000000000000000, 0.000000000000000000, 1.000000000000000000 ) ) ;
#2856 = DIRECTION ( 'NONE',  ( -0.5000000000000001110, 0.8660254037844385966, 0.000000000000000000 ) ) ;
#2857 = AXIS2_PLACEMENT_3D ( 'NONE', #5692, #1250, #1279 ) ;
#2858 = ORIENTED_EDGE ( 'NONE', *, *, #4934, .T. ) ;
#2859 = CIRCLE ( 'NONE', #3501, 1.764902496759993999 ) ;
#2860 = DIRECTION ( 'NONE',  ( -0.4999999999999998890, -0.8660254037844387076, 0.000000000000000000 ) ) ;
#2861 = CARTESIAN_POINT ( 'NONE',  ( -4.635380845820799678, 15.86533307656285174, 5.002000000000000668 ) ) ;
#2862 = ORIENTED_EDGE ( 'NONE', *, *, #3383, .T. ) ;
#2863 = CARTESIAN_POINT ( 'NONE',  ( 15.81469496456674939, 9.093435290907079249, -5.000000000000000000 ) ) ;
#2864 = CARTESIAN_POINT ( 'NONE',  ( -16.05747190671534952, -3.918308969584854751, 5.000000000000000000 ) ) ;
#2865 = DIRECTION ( 'NONE',  ( 0.4999999999999993894, 0.8660254037844390407, 0.000000000000000000 ) ) ;
#2866 = CIRCLE ( 'NONE', #342, 16.52862817102735349 ) ;
#2867 = DIRECTION ( 'NONE',  ( 0.000000000000000000, 0.000000000000000000, 1.000000000000000000 ) ) ;
#2868 = CARTESIAN_POINT ( 'NONE',  ( -6.723256931056099894, -16.80157748816159824, 5.000000000000000000 ) ) ;
#2869 = CARTESIAN_POINT ( 'NONE',  ( -3.637306695894639841, -0.9000000000000000222, -52.80796289473149585 ) ) ;
#2870 = CARTESIAN_POINT ( 'NONE',  ( 4.969787286824988859E-14, 5.088617526617949668E-14, 5.000000000000000000 ) ) ;
#2871 = AXIS2_PLACEMENT_3D ( 'NONE', #1661, #5621, #4735 ) ;
#2872 = DIRECTION ( 'NONE',  ( -0.000000000000000000, -0.000000000000000000, 1.000000000000000000 ) ) ;
#2873 = ORIENTED_EDGE ( 'NONE', *, *, #5165, .T. ) ;
#2874 = CIRCLE ( 'NONE', #2506, 18.52682817102719781 ) ;
#2875 = CIRCLE ( 'NONE', #4715, 18.52682817102719781 ) ;
#2876 = CIRCLE ( 'NONE', #1837, 1.764902496759994888 ) ;
#2877 = EDGE_CURVE ( 'NONE', #5071, #1128, #4850, .T. ) ;
#2878 = CIRCLE ( 'NONE', #915, 0.4299999999999998823 ) ;
#2879 = DIRECTION ( 'NONE',  ( -0.000000000000000000, 0.000000000000000000, 1.000000000000000000 ) ) ;
#2880 = DIRECTION ( 'NONE',  ( -0.2588190451025215166, 0.9659258262890680902, 0.000000000000000000 ) ) ;
#2881 = VERTEX_POINT ( 'NONE', #5001 ) ;
#2882 = ORIENTED_EDGE ( 'NONE', *, *, #5035, .T. ) ;
#2883 = ORIENTED_EDGE ( 'NONE', *, *, #4238, .T. ) ;
#2884 = ORIENTED_EDGE ( 'NONE', *, *, #4929, .F. ) ;
#2885 = AXIS2_PLACEMENT_3D ( 'NONE', #3523, #2182, #3958 ) ;
#2886 = AXIS2_PLACEMENT_3D ( 'NONE', #5233, #4798, #4743 ) ;
#2887 = DIRECTION ( 'NONE',  ( 0.000000000000000000, 0.000000000000000000, -1.000000000000000000 ) ) ;
#2888 = DIRECTION ( 'NONE',  ( -0.000000000000000000, -0.000000000000000000, 1.000000000000000000 ) ) ;
#2889 = ORIENTED_EDGE ( 'NONE', *, *, #5198, .T. ) ;
#2890 = DIRECTION ( 'NONE',  ( 0.000000000000000000, 0.000000000000000000, -1.000000000000000000 ) ) ;
#2891 = FACE_OUTER_BOUND ( 'NONE', #285, .T. ) ;
#2892 = DIRECTION ( 'NONE',  ( 0.000000000000000000, 0.000000000000000000, -1.000000000000000000 ) ) ;
#2893 = DIRECTION ( 'NONE',  ( 0.000000000000000000, 0.000000000000000000, 1.000000000000000000 ) ) ;
#2894 = EDGE_CURVE ( 'NONE', #1828, #2142, #2363, .T. ) ;
#2895 = EDGE_CURVE ( 'NONE', #3644, #1133, #1049, .T. ) ;
#2896 = DIRECTION ( 'NONE',  ( 0.4999999999999999445, 0.8660254037844387076, 0.000000000000000000 ) ) ;
#2897 = CYLINDRICAL_SURFACE ( 'NONE', #5177, 0.4299999999999997713 ) ;
#2898 = DIRECTION ( 'NONE',  ( 0.000000000000000000, 0.000000000000000000, 1.000000000000000000 ) ) ;
#2899 = DIRECTION ( 'NONE',  ( 0.4999999999999999445, 0.8660254037844387076, 0.000000000000000000 ) ) ;
#2900 = CARTESIAN_POINT ( 'NONE',  ( -18.39615160824795126, -2.196580998991910061, 5.000000000000000000 ) ) ;
#2901 = EDGE_LOOP ( 'NONE', ( #665, #3197, #4988, #3134 ) ) ;
#2902 = VERTEX_POINT ( 'NONE', #4571 ) ;
#2903 = DIRECTION ( 'NONE',  ( -0.000000000000000000, -0.000000000000000000, -1.000000000000000000 ) ) ;
#2904 = CYLINDRICAL_SURFACE ( 'NONE', #4319, 18.52682817102719781 ) ;
#2905 = VERTEX_POINT ( 'NONE', #1149 ) ;
#2906 = ORIENTED_EDGE ( 'NONE', *, *, #5705, .T. ) ;
#2907 = ORIENTED_EDGE ( 'NONE', *, *, #79, .T. ) ;
#2908 = VERTEX_POINT ( 'NONE', #1983 ) ;
#2909 = EDGE_CURVE ( 'NONE', #2180, #779, #4298, .T. ) ;
#2910 = VECTOR ( 'NONE', #2181, 1000.000000000000000 ) ;
#2911 = DIRECTION ( 'NONE',  ( 0.9659258262890680902, 0.2588190451025215166, 0.000000000000000000 ) ) ;
#2912 = DIRECTION ( 'NONE',  ( 1.000000000000000000, 0.000000000000000000, 0.000000000000000000 ) ) ;
#2913 = DIRECTION ( 'NONE',  ( -0.000000000000000000, -0.000000000000000000, -1.000000000000000000 ) ) ;
#2914 = AXIS2_PLACEMENT_3D ( 'NONE', #3668, #5445, #3242 ) ;
#2915 = VERTEX_POINT ( 'NONE', #3787 ) ;
#2916 = DIRECTION ( 'NONE',  ( 1.000000000000000000, 0.000000000000000000, 0.000000000000000000 ) ) ;
#2917 = CARTESIAN_POINT ( 'NONE',  ( -18.39615160824795126, 2.196580998991904732, 5.000000000000000000 ) ) ;
#2918 = EDGE_CURVE ( 'NONE', #3802, #1818, #595, .T. ) ;
#2919 = DIRECTION ( 'NONE',  ( -0.8660254037844387076, -0.4999999999999999445, 0.000000000000000000 ) ) ;
#2920 = CARTESIAN_POINT ( 'NONE',  ( -12.87672824649239978, -12.92226806246459958, -5.000000000000000000 ) ) ;
#2921 = VECTOR ( 'NONE', #4095, 1000.000000000000000 ) ;
#2922 = LINE ( 'NONE', #5594, #5182 ) ;
#2923 = DIRECTION ( 'NONE',  ( 0.000000000000000000, 0.000000000000000000, 1.000000000000000000 ) ) ;
#2924 = DIRECTION ( 'NONE',  ( 0.000000000000000000, 0.000000000000000000, 1.000000000000000000 ) ) ;
#2925 = ORIENTED_EDGE ( 'NONE', *, *, #3104, .F. ) ;
#2926 = ORIENTED_EDGE ( 'NONE', *, *, #685, .F. ) ;
#2927 = EDGE_CURVE ( 'NONE', #4866, #4326, #3955, .T. ) ;
#2928 = DIRECTION ( 'NONE',  ( 0.000000000000000000, 0.000000000000000000, 1.000000000000000000 ) ) ;
#2929 = CIRCLE ( 'NONE', #3483, 1.764902496759995332 ) ;
#2930 = DIRECTION ( 'NONE',  ( 0.000000000000000000, 0.000000000000000000, 1.000000000000000000 ) ) ;
#2931 = DIRECTION ( 'NONE',  ( -0.000000000000000000, -0.000000000000000000, 1.000000000000000000 ) ) ;
#2932 = ORIENTED_EDGE ( 'NONE', *, *, #2575, .F. ) ;
#2933 = CIRCLE ( 'NONE', #5047, 16.52862817102734638 ) ;
#2934 = EDGE_LOOP ( 'NONE', ( #3140, #772, #2935, #4198 ) ) ;
#2935 = ORIENTED_EDGE ( 'NONE', *, *, #1324, .T. ) ;
#2936 = AXIS2_PLACEMENT_3D ( 'NONE', #2959, #2472, #5038 ) ;
#2937 = CARTESIAN_POINT ( 'NONE',  ( 17.91222139392874979, 2.578277445616414809, 5.000000000000000000 ) ) ;
#2938 = DIRECTION ( 'NONE',  ( 0.000000000000000000, 0.000000000000000000, 1.000000000000000000 ) ) ;
#2939 = CARTESIAN_POINT ( 'NONE',  ( 10.84273574818606001, -14.48897067933744154, 5.000000000000000000 ) ) ;
#2940 = AXIS2_PLACEMENT_3D ( 'NONE', #4216, #3003, #1145 ) ;
#2941 = EDGE_LOOP ( 'NONE', ( #1873, #5019, #3801, #2252 ) ) ;
#2942 = VECTOR ( 'NONE', #4158, 1000.000000000000000 ) ;
#2943 = VERTEX_POINT ( 'NONE', #5030 ) ;
#2944 = CYLINDRICAL_SURFACE ( 'NONE', #1359, 18.52682817102719781 ) ;
#2945 = ORIENTED_EDGE ( 'NONE', *, *, #327, .T. ) ;
#2946 = DIRECTION ( 'NONE',  ( 0.8660254037844385966, 0.5000000000000001110, 0.000000000000000000 ) ) ;
#2947 = DIRECTION ( 'NONE',  ( -0.7071067811865480168, 0.7071067811865470176, 0.000000000000000000 ) ) ;
#2948 = CARTESIAN_POINT ( 'NONE',  ( -7.112366251504909087E-14, -8.402566836762790512E-16, 5.002000000000000668 ) ) ;
#2949 = EDGE_CURVE ( 'NONE', #2849, #2915, #4409, .T. ) ;
#2950 = DIRECTION ( 'NONE',  ( 0.000000000000000000, 0.000000000000000000, -1.000000000000000000 ) ) ;
#2951 = DIRECTION ( 'NONE',  ( -0.8660254037844387076, -0.4999999999999999445, 0.000000000000000000 ) ) ;
#2952 = CYLINDRICAL_SURFACE ( 'NONE', #5094, 0.4299999999999998823 ) ;
#2953 = CIRCLE ( 'NONE', #993, 0.4299999999999993272 ) ;
#2954 = DIRECTION ( 'NONE',  ( -1.000000000000000000, 0.000000000000000000, 0.000000000000000000 ) ) ;
#2955 = VERTEX_POINT ( 'NONE', #1719 ) ;
#2956 = LINE ( 'NONE', #2469, #3963 ) ;
#2957 = EDGE_CURVE ( 'NONE', #1229, #3463, #805, .T. ) ;
#2958 = LINE ( 'NONE', #1705, #2771 ) ;
#2959 = CARTESIAN_POINT ( 'NONE',  ( -15.81469496456674939, -9.093435290907079249, -5.000000000000000000 ) ) ;
#2960 = ORIENTED_EDGE ( 'NONE', *, *, #85, .T. ) ;
#2961 = VECTOR ( 'NONE', #1350, 1000.000000000000000 ) ;
#2962 = VERTEX_POINT ( 'NONE', #3447 ) ;
#2963 = ORIENTED_EDGE ( 'NONE', *, *, #1598, .T. ) ;
#2964 = VECTOR ( 'NONE', #1781, 1000.000000000000000 ) ;
#2965 = EDGE_CURVE ( 'NONE', #2054, #1912, #3497, .T. ) ;
#2966 = AXIS2_PLACEMENT_3D ( 'NONE', #4599, #1127, #5031 ) ;
#2967 = AXIS2_PLACEMENT_3D ( 'NONE', #680, #1577, #4762 ) ;
#2968 = DIRECTION ( 'NONE',  ( 0.000000000000000000, 0.000000000000000000, -1.000000000000000000 ) ) ;
#2969 = CYLINDRICAL_SURFACE ( 'NONE', #3904, 1.764902496759995110 ) ;
#2970 = CARTESIAN_POINT ( 'NONE',  ( -6.325010817588560208, -16.96375033764019946, -5.000000000000000000 ) ) ;
#2971 = AXIS2_PLACEMENT_3D ( 'NONE', #2100, #3007, #4222 ) ;
#2972 = ORIENTED_EDGE ( 'NONE', *, *, #312, .F. ) ;
#2973 = ORIENTED_EDGE ( 'NONE', *, *, #3972, .F. ) ;
#2974 = VECTOR ( 'NONE', #5145, 1000.000000000000000 ) ;
#2975 = VERTEX_POINT ( 'NONE', #1696 ) ;
#2976 = EDGE_CURVE ( 'NONE', #4364, #1702, #2103, .T. ) ;
#2977 = DIRECTION ( 'NONE',  ( 1.000000000000000000, 0.000000000000000000, 0.000000000000000000 ) ) ;
#2978 = ORIENTED_EDGE ( 'NONE', *, *, #708, .F. ) ;
#2979 = FACE_OUTER_BOUND ( 'NONE', #4147, .T. ) ;
#2980 = DIRECTION ( 'NONE',  ( -0.2588190451025180194, 0.9659258262890689783, 0.000000000000000000 ) ) ;
#2981 = EDGE_CURVE ( 'NONE', #279, #4753, #5540, .T. ) ;
#2982 = ORIENTED_EDGE ( 'NONE', *, *, #2681, .F. ) ;
#2983 = LINE ( 'NONE', #1205, #3090 ) ;
#2984 = CARTESIAN_POINT ( 'NONE',  ( -4.969787286824979393E-14, -5.088617526617949668E-14, 5.002000000000000668 ) ) ;
#2985 = DIRECTION ( 'NONE',  ( 0.000000000000000000, 0.000000000000000000, -1.000000000000000000 ) ) ;
#2986 = DIRECTION ( 'NONE',  ( -0.7071067811865475727, 0.7071067811865475727, 0.000000000000000000 ) ) ;
#2987 = EDGE_LOOP ( 'NONE', ( #2562, #2251, #761, #3934 ) ) ;
#2988 = CARTESIAN_POINT ( 'NONE',  ( -9.757819552369539906E-16, 2.376571162088224710E-13, -5.000000000000000000 ) ) ;
#2989 = EDGE_CURVE ( 'NONE', #2362, #2024, #1734, .T. ) ;
#2990 = CARTESIAN_POINT ( 'NONE',  ( 6.848270805104349773E-14, 1.921978404781390092E-14, 5.002000000000000668 ) ) ;
#2991 = CARTESIAN_POINT ( 'NONE',  ( 18.95497617776954868, 1.165057210878772069E-15, -6.500000000000000000 ) ) ;
#2992 = ORIENTED_EDGE ( 'NONE', *, *, #137, .F. ) ;
#2993 = VERTEX_POINT ( 'NONE', #5232 ) ;
#2994 = VECTOR ( 'NONE', #3643, 1000.000000000000000 ) ;
#2995 = DIRECTION ( 'NONE',  ( -0.2588190451025215721, 0.9659258262890680902, 0.000000000000000000 ) ) ;
#2996 = DIRECTION ( 'NONE',  ( 0.000000000000000000, 0.000000000000000000, 1.000000000000000000 ) ) ;
#2997 = EDGE_CURVE ( 'NONE', #1753, #4819, #294, .T. ) ;
#2998 = VECTOR ( 'NONE', #5742, 1000.000000000000000 ) ;
#2999 = EDGE_CURVE ( 'NONE', #1263, #4775, #520, .T. ) ;
#3000 = DIRECTION ( 'NONE',  ( -0.9659258262890689783, -0.2588190451025180194, 0.000000000000000000 ) ) ;
#3001 = ORIENTED_EDGE ( 'NONE', *, *, #5287, .F. ) ;
#3002 = CARTESIAN_POINT ( 'NONE',  ( 8.583684430773400820, -14.12501011712842036, -5.000000000000000000 ) ) ;
#3003 = DIRECTION ( 'NONE',  ( 0.000000000000000000, 0.000000000000000000, -1.000000000000000000 ) ) ;
#3004 = EDGE_CURVE ( 'NONE', #659, #3151, #718, .T. ) ;
#3005 = ORIENTED_EDGE ( 'NONE', *, *, #869, .T. ) ;
#3006 = CARTESIAN_POINT ( 'NONE',  ( -2.078460969082654763, -3.600000000000000089, 6.500000000000000000 ) ) ;
#3007 = DIRECTION ( 'NONE',  ( 0.000000000000000000, 0.000000000000000000, -1.000000000000000000 ) ) ;
#3008 = CARTESIAN_POINT ( 'NONE',  ( 3.483414762376124725E-14, 6.201502689006168382E-14, 5.002000000000000668 ) ) ;
#3009 = DIRECTION ( 'NONE',  ( 0.000000000000000000, 0.000000000000000000, 1.000000000000000000 ) ) ;
#3010 = EDGE_CURVE ( 'NONE', #3450, #4958, #1207, .T. ) ;
#3011 = EDGE_CURVE ( 'NONE', #4536, #4404, #152, .T. ) ;
#3012 = LINE ( 'NONE', #4252, #3270 ) ;
#3013 = EDGE_LOOP ( 'NONE', ( #2389, #1271, #2087, #5702 ) ) ;
#3014 = DIRECTION ( 'NONE',  ( -0.000000000000000000, -0.000000000000000000, 1.000000000000000000 ) ) ;
#3015 = VERTEX_POINT ( 'NONE', #826 ) ;
#3016 = DIRECTION ( 'NONE',  ( 0.000000000000000000, 0.000000000000000000, 1.000000000000000000 ) ) ;
#3017 = DIRECTION ( 'NONE',  ( 0.000000000000000000, 0.000000000000000000, -1.000000000000000000 ) ) ;
#3018 = EDGE_LOOP ( 'NONE', ( #2729, #5050, #4370, #3573 ) ) ;
#3019 = ORIENTED_EDGE ( 'NONE', *, *, #3622, .T. ) ;
#3020 = ORIENTED_EDGE ( 'NONE', *, *, #5717, .F. ) ;
#3021 = VECTOR ( 'NONE', #2278, 1000.000000000000000 ) ;
#3022 = EDGE_CURVE ( 'NONE', #3346, #2801, #2196, .T. ) ;
#3023 = AXIS2_PLACEMENT_3D ( 'NONE', #1625, #4644, #2912 ) ;
#3024 = DIRECTION ( 'NONE',  ( 0.2588190451025180194, 0.9659258262890689783, 0.000000000000000000 ) ) ;
#3025 = DIRECTION ( 'NONE',  ( 0.000000000000000000, 0.000000000000000000, 1.000000000000000000 ) ) ;
#3026 = ORIENTED_EDGE ( 'NONE', *, *, #2296, .T. ) ;
#3027 = ADVANCED_FACE ( 'NONE', ( #2158 ), #3932, .T. ) ;
#3028 = ORIENTED_EDGE ( 'NONE', *, *, #4873, .F. ) ;
#3029 = ORIENTED_EDGE ( 'NONE', *, *, #2681, .T. ) ;
#3030 = CIRCLE ( 'NONE', #3664, 0.4299999999999998268 ) ;
#3031 = ORIENTED_EDGE ( 'NONE', *, *, #2842, .T. ) ;
#3032 = DIRECTION ( 'NONE',  ( 0.000000000000000000, 0.000000000000000000, -1.000000000000000000 ) ) ;
#3033 = VECTOR ( 'NONE', #960, 1000.000000000000000 ) ;
#3034 = DIRECTION ( 'NONE',  ( 0.000000000000000000, 0.000000000000000000, -1.000000000000000000 ) ) ;
#3035 = CIRCLE ( 'NONE', #5252, 0.4299999999999993272 ) ;
#3036 = AXIS2_PLACEMENT_3D ( 'NONE', #1601, #3293, #2456 ) ;
#3037 = VERTEX_POINT ( 'NONE', #2042 ) ;
#3038 = DIRECTION ( 'NONE',  ( -0.000000000000000000, 0.000000000000000000, 1.000000000000000000 ) ) ;
#3039 = DIRECTION ( 'NONE',  ( 0.000000000000000000, 0.000000000000000000, 1.000000000000000000 ) ) ;
#3040 = DIRECTION ( 'NONE',  ( -0.000000000000000000, -0.000000000000000000, 1.000000000000000000 ) ) ;
#3041 = ORIENTED_EDGE ( 'NONE', *, *, #2909, .T. ) ;
#3042 = DIRECTION ( 'NONE',  ( -0.2588190451025196848, -0.9659258262890685343, 0.000000000000000000 ) ) ;
#3043 = ADVANCED_FACE ( 'NONE', ( #3844 ), #1638, .F. ) ;
#3044 = CIRCLE ( 'NONE', #2298, 0.4299999999999997713 ) ;
#3045 = DIRECTION ( 'NONE',  ( 0.000000000000000000, 0.000000000000000000, -1.000000000000000000 ) ) ;
#3046 = CARTESIAN_POINT ( 'NONE',  ( -16.96375033764019946, -6.325010817588579748, 5.000000000000000000 ) ) ;
#3047 = ORIENTED_EDGE ( 'NONE', *, *, #1738, .T. ) ;
#3048 = DIRECTION ( 'NONE',  ( 1.000000000000000000, 0.000000000000000000, 0.000000000000000000 ) ) ;
#3049 = VERTEX_POINT ( 'NONE', #791 ) ;
#3050 = ORIENTED_EDGE ( 'NONE', *, *, #797, .T. ) ;
#3051 = AXIS2_PLACEMENT_3D ( 'NONE', #2737, #1389, #1440 ) ;
#3052 = CYLINDRICAL_SURFACE ( 'NONE', #2052, 0.4299999999999997713 ) ;
#3053 = CYLINDRICAL_SURFACE ( 'NONE', #1894, 0.4299999999999993272 ) ;
#3054 = ORIENTED_EDGE ( 'NONE', *, *, #1738, .F. ) ;
#3055 = VERTEX_POINT ( 'NONE', #2584 ) ;
#3056 = AXIS2_PLACEMENT_3D ( 'NONE', #3186, #33, #2724 ) ;
#3057 = AXIS2_PLACEMENT_3D ( 'NONE', #1644, #1213, #2559 ) ;
#3058 = ADVANCED_FACE ( 'NONE', ( #5595 ), #1610, .T. ) ;
#3059 = ORIENTED_EDGE ( 'NONE', *, *, #2763, .F. ) ;
#3060 = CARTESIAN_POINT ( 'NONE',  ( 12.92226806246459958, -12.87672824649239978, 5.000000000000000000 ) ) ;
#3061 = AXIS2_PLACEMENT_3D ( 'NONE', #2717, #1334, #4915 ) ;
#3062 = DIRECTION ( 'NONE',  ( -1.000000000000000000, 0.000000000000000000, 0.000000000000000000 ) ) ;
#3063 = DIRECTION ( 'NONE',  ( 0.9659258262890689783, -0.2588190451025180194, 0.000000000000000000 ) ) ;
#3064 = ADVANCED_FACE ( 'NONE', ( #4450 ), #91, .F. ) ;
#3065 = VECTOR ( 'NONE', #2611, 1000.000000000000000 ) ;
#3066 = CIRCLE ( 'NONE', #270, 18.52682817102719781 ) ;
#3067 = EDGE_LOOP ( 'NONE', ( #5189, #3286, #1666, #2727 ) ) ;
#3068 = CARTESIAN_POINT ( 'NONE',  ( -17.91222139392874979, 2.578277445616404595, 5.000000000000000000 ) ) ;
#3069 = DIRECTION ( 'NONE',  ( 0.000000000000000000, 0.000000000000000000, 1.000000000000000000 ) ) ;
#3070 = DIRECTION ( 'NONE',  ( 1.000000000000000000, 0.000000000000000000, 0.000000000000000000 ) ) ;
#3071 = AXIS2_PLACEMENT_3D ( 'NONE', #3109, #764, #425 ) ;
#3072 = ORIENTED_EDGE ( 'NONE', *, *, #2999, .F. ) ;
#3073 = CARTESIAN_POINT ( 'NONE',  ( 18.39615160824795126, -2.196580998991904732, -5.000000000000000000 ) ) ;
#3074 = VERTEX_POINT ( 'NONE', #2006 ) ;
#3075 = CARTESIAN_POINT ( 'NONE',  ( 4.156921938165305086, 1.084202172485504040E-15, -6.500000000000000000 ) ) ;
#3076 = CARTESIAN_POINT ( 'NONE',  ( 7.112366251504909087E-14, 8.402566836762699793E-16, -5.000000000000000000 ) ) ;
#3077 = CARTESIAN_POINT ( 'NONE',  ( -11.52853332705895895, 13.95949521606318022, 5.002000000000000668 ) ) ;
#3078 = ORIENTED_EDGE ( 'NONE', *, *, #1579, .F. ) ;
#3079 = CYLINDRICAL_SURFACE ( 'NONE', #5394, 1.764902496759994888 ) ;
#3080 = ORIENTED_EDGE ( 'NONE', *, *, #283, .T. ) ;
#3081 = ORIENTED_EDGE ( 'NONE', *, *, #1077, .F. ) ;
#3082 = LINE ( 'NONE', #4842, #3202 ) ;
#3083 = CARTESIAN_POINT ( 'NONE',  ( 1.078460969082649656, 3.600000000000000089, 6.500000000000000000 ) ) ;
#3084 = EDGE_CURVE ( 'NONE', #1702, #2098, #4098, .T. ) ;
#3085 = ORIENTED_EDGE ( 'NONE', *, *, #679, .T. ) ;
#3086 = EDGE_CURVE ( 'NONE', #4514, #3226, #3044, .T. ) ;
#3087 = CARTESIAN_POINT ( 'NONE',  ( -16.46764093829609976, -7.522724857905819462, -5.000000000000000000 ) ) ;
#3088 = FACE_OUTER_BOUND ( 'NONE', #3067, .T. ) ;
#3089 = AXIS2_PLACEMENT_3D ( 'NONE', #1866, #3705, #1060 ) ;
#3090 = VECTOR ( 'NONE', #2610, 1000.000000000000000 ) ;
#3091 = ORIENTED_EDGE ( 'NONE', *, *, #3094, .T. ) ;
#3092 = DIRECTION ( 'NONE',  ( 0.000000000000000000, 0.000000000000000000, 1.000000000000000000 ) ) ;
#3093 = LINE ( 'NONE', #3959, #1473 ) ;
#3094 = EDGE_CURVE ( 'NONE', #4661, #639, #2859, .T. ) ;
#3095 = ORIENTED_EDGE ( 'NONE', *, *, #5358, .T. ) ;
#3096 = CARTESIAN_POINT ( 'NONE',  ( 11.94702410697802009, -11.42209106089456050, -5.000000000000000000 ) ) ;
#3097 = DIRECTION ( 'NONE',  ( 0.000000000000000000, 0.000000000000000000, 1.000000000000000000 ) ) ;
#3098 = CARTESIAN_POINT ( 'NONE',  ( 6.891765691606369485E-14, -1.759653278486404839E-14, 5.002000000000000668 ) ) ;
#3099 = DIRECTION ( 'NONE',  ( -0.4999999999999999445, -0.8660254037844387076, 0.000000000000000000 ) ) ;
#3100 = VERTEX_POINT ( 'NONE', #1932 ) ;
#3101 = ADVANCED_FACE ( 'NONE', ( #3710 ), #5485, .T. ) ;
#3102 = ORIENTED_EDGE ( 'NONE', *, *, #4339, .T. ) ;
#3103 = ORIENTED_EDGE ( 'NONE', *, *, #5072, .T. ) ;
#3104 = EDGE_CURVE ( 'NONE', #5607, #1805, #5162, .T. ) ;
#3105 = DIRECTION ( 'NONE',  ( 0.000000000000000000, 0.000000000000000000, 1.000000000000000000 ) ) ;
#3106 = CARTESIAN_POINT ( 'NONE',  ( 6.201502689006168382E-14, -3.483414762376119677E-14, 5.002000000000000668 ) ) ;
#3107 = DIRECTION ( 'NONE',  ( -0.2588190451025196848, -0.9659258262890685343, 0.000000000000000000 ) ) ;
#3108 = AXIS2_PLACEMENT_3D ( 'NONE', #2836, #1922, #5592 ) ;
#3109 = CARTESIAN_POINT ( 'NONE',  ( -6.201502689006168382E-14, 3.483414762376119677E-14, 5.000000000000000000 ) ) ;
#3110 = VERTEX_POINT ( 'NONE', #4833 ) ;
#3111 = AXIS2_PLACEMENT_3D ( 'NONE', #4269, #282, #3834 ) ;
#3112 = ADVANCED_FACE ( 'NONE', ( #362 ), #4720, .T. ) ;
#3113 = ADVANCED_FACE ( 'NONE', ( #3882 ), #861, .F. ) ;
#3114 = DIRECTION ( 'NONE',  ( 1.000000000000000000, 0.000000000000000000, 0.000000000000000000 ) ) ;
#3115 = CARTESIAN_POINT ( 'NONE',  ( 16.05747190671534952, -3.918308969584834767, -5.000000000000000000 ) ) ;
#3116 = CARTESIAN_POINT ( 'NONE',  ( -1.759653278486400105E-14, -6.891765691606369485E-14, 5.002000000000000668 ) ) ;
#3117 = CIRCLE ( 'NONE', #612, 0.4299999999999993272 ) ;
#3118 = ADVANCED_FACE ( 'NONE', ( #391 ), #2638, .T. ) ;
#3119 = DIRECTION ( 'NONE',  ( -0.000000000000000000, -0.000000000000000000, 1.000000000000000000 ) ) ;
#3120 = ORIENTED_EDGE ( 'NONE', *, *, #3167, .F. ) ;
#3121 = CYLINDRICAL_SURFACE ( 'NONE', #3980, 1.764902496759994888 ) ;
#3122 = VERTEX_POINT ( 'NONE', #1675 ) ;
#3123 = VECTOR ( 'NONE', #5587, 1000.000000000000000 ) ;
#3124 = CARTESIAN_POINT ( 'NONE',  ( 0.03220151268792225546, -18.24264523787019954, -5.000000000000000000 ) ) ;
#3125 = ORIENTED_EDGE ( 'NONE', *, *, #1329, .T. ) ;
#3126 = EDGE_CURVE ( 'NONE', #4321, #598, #2588, .T. ) ;
#3127 = LINE ( 'NONE', #4102, #2174 ) ;
#3128 = AXIS2_PLACEMENT_3D ( 'NONE', #649, #2913, #1538 ) ;
#3129 = CARTESIAN_POINT ( 'NONE',  ( 16.46764093829609976, -7.522724857905809692, 5.000000000000000000 ) ) ;
#3130 = DIRECTION ( 'NONE',  ( -1.000000000000000000, 0.000000000000000000, 0.000000000000000000 ) ) ;
#3131 = CARTESIAN_POINT ( 'NONE',  ( 2.639540076345814779, -18.33783493938530285, 5.000000000000000000 ) ) ;
#3132 = ORIENTED_EDGE ( 'NONE', *, *, #5552, .T. ) ;
#3133 = VERTEX_POINT ( 'NONE', #661 ) ;
#3134 = ORIENTED_EDGE ( 'NONE', *, *, #2927, .F. ) ;
#3135 = EDGE_CURVE ( 'NONE', #1819, #838, #2953, .T. ) ;
#3136 = AXIS2_PLACEMENT_3D ( 'NONE', #5634, #3473, #4682 ) ;
#3137 = ADVANCED_FACE ( 'NONE', ( #2818 ), #4109, .F. ) ;
#3138 = DIRECTION ( 'NONE',  ( 0.000000000000000000, 0.000000000000000000, 1.000000000000000000 ) ) ;
#3139 = CYLINDRICAL_SURFACE ( 'NONE', #607, 1.764902496759995110 ) ;
#3140 = ORIENTED_EDGE ( 'NONE', *, *, #4611, .F. ) ;
#3141 = CARTESIAN_POINT ( 'NONE',  ( 15.81469496456674939, 9.093435290907079249, 5.000000000000000000 ) ) ;
#3142 = ORIENTED_EDGE ( 'NONE', *, *, #2236, .T. ) ;
#3143 = VERTEX_POINT ( 'NONE', #1462 ) ;
#3144 = VECTOR ( 'NONE', #198, 1000.000000000000000 ) ;
#3145 = DIRECTION ( 'NONE',  ( 0.000000000000000000, 0.000000000000000000, -1.000000000000000000 ) ) ;
#3146 = CIRCLE ( 'NONE', #730, 1.764902496759995332 ) ;
#3147 = DIRECTION ( 'NONE',  ( 0.5000000000000005551, -0.8660254037844383745, 0.000000000000000000 ) ) ;
#3148 = VECTOR ( 'NONE', #1589, 1000.000000000000000 ) ;
#3149 = CIRCLE ( 'NONE', #3697, 1.764902496759994888 ) ;
#3150 = AXIS2_PLACEMENT_3D ( 'NONE', #2667, #3966, #1759 ) ;
#3151 = VERTEX_POINT ( 'NONE', #1431 ) ;
#3152 = VERTEX_POINT ( 'NONE', #5420 ) ;
#3153 = DIRECTION ( 'NONE',  ( 1.000000000000000000, -2.086548053801609656E-16, 0.000000000000000000 ) ) ;
#3154 = DIRECTION ( 'NONE',  ( 0.2588190451025196848, 0.9659258262890685343, 0.000000000000000000 ) ) ;
#3155 = VERTEX_POINT ( 'NONE', #1964 ) ;
#3156 = ADVANCED_FACE ( 'NONE', ( #5512 ), #568, .T. ) ;
#3157 = EDGE_CURVE ( 'NONE', #4461, #2626, #3762, .T. ) ;
#3158 = CIRCLE ( 'NONE', #2693, 1.764902496759993999 ) ;
#3159 = CARTESIAN_POINT ( 'NONE',  ( -6.723256931056099894, -16.80157748816159824, -5.000000000000000000 ) ) ;
#3160 = ORIENTED_EDGE ( 'NONE', *, *, #4296, .T. ) ;
#3161 = LINE ( 'NONE', #5323, #3655 ) ;
#3162 = PLANE ( 'NONE',  #3056 ) ;
#3163 = DIRECTION ( 'NONE',  ( 0.000000000000000000, 0.000000000000000000, 1.000000000000000000 ) ) ;
#3164 = ORIENTED_EDGE ( 'NONE', *, *, #5027, .F. ) ;
#3165 = VERTEX_POINT ( 'NONE', #127 ) ;
#3166 = VERTEX_POINT ( 'NONE', #5484 ) ;
#3167 = EDGE_CURVE ( 'NONE', #3864, #2241, #2844, .T. ) ;
#3168 = EDGE_CURVE ( 'NONE', #3226, #1158, #5348, .T. ) ;
#3169 = CARTESIAN_POINT ( 'NONE',  ( -16.46764093829609976, 7.522724857905799922, 5.002000000000000668 ) ) ;
#3170 = CARTESIAN_POINT ( 'NONE',  ( -2.196580998991904732, -18.39615160824795126, 5.000000000000000000 ) ) ;
#3171 = EDGE_LOOP ( 'NONE', ( #2507, #5251, #1097, #3183 ) ) ;
#3172 = ORIENTED_EDGE ( 'NONE', *, *, #3352, .F. ) ;
#3173 = EDGE_LOOP ( 'NONE', ( #591, #4437, #166, #4713 ) ) ;
#3174 = ORIENTED_EDGE ( 'NONE', *, *, #1946, .T. ) ;
#3175 = EDGE_CURVE ( 'NONE', #1442, #2090, #2415, .T. ) ;
#3176 = DIRECTION ( 'NONE',  ( 0.000000000000000000, 0.000000000000000000, -1.000000000000000000 ) ) ;
#3177 = LINE ( 'NONE', #4058, #1455 ) ;
#3178 = CARTESIAN_POINT ( 'NONE',  ( 9.093435290907079249, -15.81469496456674939, -5.000000000000000000 ) ) ;
#3179 = CIRCLE ( 'NONE', #4652, 18.52682817102719781 ) ;
#3180 = ORIENTED_EDGE ( 'NONE', *, *, #5172, .F. ) ;
#3181 = DIRECTION ( 'NONE',  ( 0.000000000000000000, 0.000000000000000000, -1.000000000000000000 ) ) ;
#3182 = DIRECTION ( 'NONE',  ( -1.000000000000000000, -1.224646799147349263E-16, 0.000000000000000000 ) ) ;
#3183 = ORIENTED_EDGE ( 'NONE', *, *, #2595, .F. ) ;
#3184 = CARTESIAN_POINT ( 'NONE',  ( 7.940775374758730187, -14.49619383368293946, -5.000000000000000000 ) ) ;
#3185 = EDGE_CURVE ( 'NONE', #4520, #3758, #2401, .T. ) ;
#3186 = CARTESIAN_POINT ( 'NONE',  ( 2.598076211353315124, -2.700000000000000178, -52.80796289473149585 ) ) ;
#3187 = FACE_OUTER_BOUND ( 'NONE', #637, .T. ) ;
#3188 = DIRECTION ( 'NONE',  ( -0.7071067811865480168, 0.7071067811865472397, 0.000000000000000000 ) ) ;
#3189 = DIRECTION ( 'NONE',  ( 1.000000000000000000, 0.000000000000000000, 0.000000000000000000 ) ) ;
#3190 = VERTEX_POINT ( 'NONE', #540 ) ;
#3191 = VERTEX_POINT ( 'NONE', #5034 ) ;
#3192 = ADVANCED_FACE ( 'NONE', ( #2323 ), #4634, .T. ) ;
#3193 = CARTESIAN_POINT ( 'NONE',  ( 7.126448808901080234, -16.63456994411954781, 5.000000000000000000 ) ) ;
#3194 = ORIENTED_EDGE ( 'NONE', *, *, #2185, .F. ) ;
#3195 = DIRECTION ( 'NONE',  ( 1.000000000000000000, 0.000000000000000000, 0.000000000000000000 ) ) ;
#3196 = EDGE_LOOP ( 'NONE', ( #2175, #4867, #5356, #4783 ) ) ;
#3197 = ORIENTED_EDGE ( 'NONE', *, *, #3716, .T. ) ;
#3198 = CARTESIAN_POINT ( 'NONE',  ( -3.004255121577025012, 17.85354414464755024, -5.000000000000000000 ) ) ;
#3199 = CARTESIAN_POINT ( 'NONE',  ( -17.85354414464755024, 3.004255121576999699, 5.002000000000000668 ) ) ;
#3200 = CARTESIAN_POINT ( 'NONE',  ( -14.56126086974061984, -11.45482623011523948, -5.000000000000000000 ) ) ;
#3201 = ORIENTED_EDGE ( 'NONE', *, *, #3086, .F. ) ;
#3202 = VECTOR ( 'NONE', #5333, 1000.000000000000000 ) ;
#3203 = CARTESIAN_POINT ( 'NONE',  ( -15.86533307656285174, -4.635380845820789908, -5.000000000000000000 ) ) ;
#3204 = VERTEX_POINT ( 'NONE', #1063 ) ;
#3205 = CIRCLE ( 'NONE', #5527, 1.764902496759994888 ) ;
#3206 = CARTESIAN_POINT ( 'NONE',  ( -14.12501011712842036, -8.583684430773411478, -5.000000000000000000 ) ) ;
#3207 = CYLINDRICAL_SURFACE ( 'NONE', #5678, 0.4299999999999997713 ) ;
#3208 = ADVANCED_FACE ( 'NONE', ( #5007 ), #1036, .T. ) ;
#3209 = ORIENTED_EDGE ( 'NONE', *, *, #4278, .F. ) ;
#3210 = AXIS2_PLACEMENT_3D ( 'NONE', #4685, #2534, #5577 ) ;
#3211 = CARTESIAN_POINT ( 'NONE',  ( -1.718949636520935131, -18.02275782191794562, 5.002000000000000668 ) ) ;
#3212 = DIRECTION ( 'NONE',  ( 1.000000000000000000, 0.000000000000000000, 0.000000000000000000 ) ) ;
#3213 = CARTESIAN_POINT ( 'NONE',  ( -2.145599264782074744, 17.96918455708715001, 5.002000000000000668 ) ) ;
#3214 = CIRCLE ( 'NONE', #2285, 0.4299999999999997713 ) ;
#3215 = EDGE_LOOP ( 'NONE', ( #2160, #2361, #3852, #3576 ) ) ;
#3216 = ORIENTED_EDGE ( 'NONE', *, *, #4614, .F. ) ;
#3217 = EDGE_CURVE ( 'NONE', #5108, #3985, #3394, .T. ) ;
#3218 = DIRECTION ( 'NONE',  ( 1.000000000000000000, 0.000000000000000000, 0.000000000000000000 ) ) ;
#3219 = AXIS2_PLACEMENT_3D ( 'NONE', #2268, #5229, #1248 ) ;
#3220 = DIRECTION ( 'NONE',  ( 0.000000000000000000, 0.000000000000000000, -1.000000000000000000 ) ) ;
#3221 = CARTESIAN_POINT ( 'NONE',  ( 4.752648293360460130, -17.61270781032335009, 5.000000000000000000 ) ) ;
#3222 = ORIENTED_EDGE ( 'NONE', *, *, #3010, .T. ) ;
#3223 = AXIS2_PLACEMENT_3D ( 'NONE', #1474, #5106, #1138 ) ;
#3224 = CARTESIAN_POINT ( 'NONE',  ( -4.635380845820799678, 15.86533307656285174, -5.000000000000000000 ) ) ;
#3225 = ORIENTED_EDGE ( 'NONE', *, *, #2558, .F. ) ;
#3226 = VERTEX_POINT ( 'NONE', #2071 ) ;
#3227 = ADVANCED_FACE ( 'NONE', ( #2046 ), #3911, .T. ) ;
#3228 = CARTESIAN_POINT ( 'NONE',  ( 14.49619383368293946, 7.940775374758730187, -5.000000000000000000 ) ) ;
#3229 = VERTEX_POINT ( 'NONE', #3848 ) ;
#3230 = CIRCLE ( 'NONE', #248, 1.764902496759994888 ) ;
#3231 = AXIS2_PLACEMENT_3D ( 'NONE', #2152, #4386, #3062 ) ;
#3232 = DIRECTION ( 'NONE',  ( -0.000000000000000000, -0.000000000000000000, 1.000000000000000000 ) ) ;
#3233 = ORIENTED_EDGE ( 'NONE', *, *, #5184, .T. ) ;
#3234 = ORIENTED_EDGE ( 'NONE', *, *, #1324, .F. ) ;
#3235 = AXIS2_PLACEMENT_3D ( 'NONE', #4949, #1009, #4433 ) ;
#3236 = EDGE_CURVE ( 'NONE', #567, #5408, #2956, .T. ) ;
#3237 = CARTESIAN_POINT ( 'NONE',  ( -4.752648293360439702, -17.61270781032335009, -5.000000000000000000 ) ) ;
#3238 = DIRECTION ( 'NONE',  ( 0.000000000000000000, 0.000000000000000000, -1.000000000000000000 ) ) ;
#3239 = ORIENTED_EDGE ( 'NONE', *, *, #3967, .F. ) ;
#3240 = AXIS2_PLACEMENT_3D ( 'NONE', #442, #2318, #4968 ) ;
#3241 = FACE_OUTER_BOUND ( 'NONE', #2331, .T. ) ;
#3242 = DIRECTION ( 'NONE',  ( 0.4999999999999999445, -0.8660254037844387076, 0.000000000000000000 ) ) ;
#3243 = DIRECTION ( 'NONE',  ( 0.000000000000000000, 0.000000000000000000, 1.000000000000000000 ) ) ;
#3244 = EDGE_CURVE ( 'NONE', #4085, #2229, #5649, .T. ) ;
#3245 = CYLINDRICAL_SURFACE ( 'NONE', #288, 0.4299999999999998823 ) ;
#3246 = ORIENTED_EDGE ( 'NONE', *, *, #1187, .T. ) ;
#3247 = ORIENTED_EDGE ( 'NONE', *, *, #3217, .F. ) ;
#3248 = EDGE_CURVE ( 'NONE', #2668, #606, #747, .T. ) ;
#3249 = CARTESIAN_POINT ( 'NONE',  ( -11.18896446287262059, -14.22330004254519942, -5.000000000000000000 ) ) ;
#3250 = VECTOR ( 'NONE', #4302, 1000.000000000000000 ) ;
#3251 = DIRECTION ( 'NONE',  ( 1.000000000000000000, 0.000000000000000000, 0.000000000000000000 ) ) ;
#3252 = EDGE_CURVE ( 'NONE', #4415, #2955, #4972, .T. ) ;
#3253 = DIRECTION ( 'NONE',  ( 0.000000000000000000, -1.000000000000000000, 0.000000000000000000 ) ) ;
#3254 = ORIENTED_EDGE ( 'NONE', *, *, #845, .T. ) ;
#3255 = VERTEX_POINT ( 'NONE', #3366 ) ;
#3256 = CARTESIAN_POINT ( 'NONE',  ( -2.078460969082654763, 3.600000000000000089, 6.500000000000000000 ) ) ;
#3257 = CARTESIAN_POINT ( 'NONE',  ( -16.63456994411954781, 7.126448808901069576, 5.000000000000000000 ) ) ;
#3258 = VERTEX_POINT ( 'NONE', #297 ) ;
#3259 = EDGE_LOOP ( 'NONE', ( #2294, #2679, #2421, #5620 ) ) ;
#3260 = CARTESIAN_POINT ( 'NONE',  ( -16.46764093829609976, -7.522724857905819462, 5.000000000000000000 ) ) ;
#3261 = DIRECTION ( 'NONE',  ( 0.000000000000000000, 0.000000000000000000, 1.000000000000000000 ) ) ;
#3262 = DIRECTION ( 'NONE',  ( -0.000000000000000000, -0.000000000000000000, 1.000000000000000000 ) ) ;
#3263 = ADVANCED_FACE ( 'NONE', ( #5180 ), #5236, .T. ) ;
#3264 = EDGE_LOOP ( 'NONE', ( #4580, #1407, #4373, #523 ) ) ;
#3265 = LINE ( 'NONE', #3633, #3308 ) ;
#3266 = CARTESIAN_POINT ( 'NONE',  ( -14.48897067933744154, -10.84273574818606001, 5.002000000000000668 ) ) ;
#3267 = FACE_OUTER_BOUND ( 'NONE', #5199, .T. ) ;
#3268 = EDGE_CURVE ( 'NONE', #5408, #667, #2680, .T. ) ;
#3269 = CARTESIAN_POINT ( 'NONE',  ( -18.95497617776954868, 3.486372301280752233E-15, -6.500000000000000000 ) ) ;
#3270 = VECTOR ( 'NONE', #2069, 1000.000000000000000 ) ;
#3271 = CARTESIAN_POINT ( 'NONE',  ( -16.80157748816159824, -6.723256931056110552, 5.002000000000000668 ) ) ;
#3272 = AXIS2_PLACEMENT_3D ( 'NONE', #37, #2621, #5244 ) ;
#3273 = CARTESIAN_POINT ( 'NONE',  ( 14.56126086974063938, 11.45482623011523948, -5.000000000000000000 ) ) ;
#3274 = CARTESIAN_POINT ( 'NONE',  ( 6.325010817588570866, 16.96375033764019946, 5.002000000000000668 ) ) ;
#3275 = DIRECTION ( 'NONE',  ( 0.8660254037844383745, 0.5000000000000003331, 0.000000000000000000 ) ) ;
#3276 = DIRECTION ( 'NONE',  ( 0.4999999999999998890, -0.8660254037844387076, 0.000000000000000000 ) ) ;
#3277 = DIRECTION ( 'NONE',  ( 0.000000000000000000, 0.000000000000000000, -1.000000000000000000 ) ) ;
#3278 = VECTOR ( 'NONE', #2499, 1000.000000000000000 ) ;
#3279 = ORIENTED_EDGE ( 'NONE', *, *, #5234, .F. ) ;
#3280 = DIRECTION ( 'NONE',  ( 0.000000000000000000, 0.000000000000000000, -1.000000000000000000 ) ) ;
#3281 = EDGE_CURVE ( 'NONE', #339, #5639, #688, .T. ) ;
#3282 = DIRECTION ( 'NONE',  ( 0.000000000000000000, 0.000000000000000000, 1.000000000000000000 ) ) ;
#3283 = DIRECTION ( 'NONE',  ( 0.000000000000000000, 0.000000000000000000, 1.000000000000000000 ) ) ;
#3284 = VERTEX_POINT ( 'NONE', #1211 ) ;
#3285 = ORIENTED_EDGE ( 'NONE', *, *, #5428, .T. ) ;
#3286 = ORIENTED_EDGE ( 'NONE', *, *, #5221, .T. ) ;
#3287 = EDGE_CURVE ( 'NONE', #1128, #453, #1549, .T. ) ;
#3288 = CYLINDRICAL_SURFACE ( 'NONE', #3881, 1.764902496759995998 ) ;
#3289 = FACE_OUTER_BOUND ( 'NONE', #3949, .T. ) ;
#3290 = ORIENTED_EDGE ( 'NONE', *, *, #428, .F. ) ;
#3291 = CIRCLE ( 'NONE', #404, 1.764902496759994444 ) ;
#3292 = DIRECTION ( 'NONE',  ( 0.000000000000000000, 0.000000000000000000, 1.000000000000000000 ) ) ;
#3293 = DIRECTION ( 'NONE',  ( 0.000000000000000000, 0.000000000000000000, 1.000000000000000000 ) ) ;
#3294 = DIRECTION ( 'NONE',  ( 0.000000000000000000, 0.000000000000000000, -1.000000000000000000 ) ) ;
#3295 = LINE ( 'NONE', #3726, #4227 ) ;
#3296 = CARTESIAN_POINT ( 'NONE',  ( -15.78249345187885133, 9.149209946963111406, 5.000000000000000000 ) ) ;
#3297 = AXIS2_PLACEMENT_3D ( 'NONE', #3866, #5618, #252 ) ;
#3298 = EDGE_CURVE ( 'NONE', #1551, #1468, #237, .T. ) ;
#3299 = APPLICATION_CONTEXT ( 'automotive_design' ) ;
#3300 = CIRCLE ( 'NONE', #4026, 16.52862817102735349 ) ;
#3301 = CARTESIAN_POINT ( 'NONE',  ( -14.83324412511671930, -11.10037075072117929, -5.000000000000000000 ) ) ;
#3302 = DIRECTION ( 'NONE',  ( 0.000000000000000000, 0.000000000000000000, 1.000000000000000000 ) ) ;
#3303 = DIRECTION ( 'NONE',  ( 0.7071067811865475727, -0.7071067811865475727, 0.000000000000000000 ) ) ;
#3304 = DIRECTION ( 'NONE',  ( 1.000000000000000000, 0.000000000000000000, 0.000000000000000000 ) ) ;
#3305 = ORIENTED_EDGE ( 'NONE', *, *, #4221, .F. ) ;
#3306 = ORIENTED_EDGE ( 'NONE', *, *, #4821, .T. ) ;
#3307 = AXIS2_PLACEMENT_3D ( 'NONE', #3712, #663, #2880 ) ;
#3308 = VECTOR ( 'NONE', #619, 1000.000000000000000 ) ;
#3309 = DIRECTION ( 'NONE',  ( 0.000000000000000000, 0.000000000000000000, -1.000000000000000000 ) ) ;
#3310 = FACE_OUTER_BOUND ( 'NONE', #3629, .T. ) ;
#3311 = ORIENTED_EDGE ( 'NONE', *, *, #4795, .F. ) ;
#3312 = ORIENTED_EDGE ( 'NONE', *, *, #5698, .T. ) ;
#3313 = EDGE_CURVE ( 'NONE', #3143, #4667, #4149, .T. ) ;
#3314 = ORIENTED_EDGE ( 'NONE', *, *, #5367, .F. ) ;
#3315 = ORIENTED_EDGE ( 'NONE', *, *, #1721, .T. ) ;
#3316 = ADVANCED_FACE ( 'NONE', ( #4776, #3420 ), #1586, .F. ) ;
#3317 = AXIS2_PLACEMENT_3D ( 'NONE', #5583, #1599, #1197 ) ;
#3318 = AXIS2_PLACEMENT_3D ( 'NONE', #5132, #3350, #2796 ) ;
#3319 = DIRECTION ( 'NONE',  ( 0.000000000000000000, 0.000000000000000000, 1.000000000000000000 ) ) ;
#3320 = EDGE_CURVE ( 'NONE', #1819, #2078, #2500, .T. ) ;
#3321 = ORIENTED_EDGE ( 'NONE', *, *, #1498, .F. ) ;
#3322 = EDGE_CURVE ( 'NONE', #3917, #399, #4610, .T. ) ;
#3323 = LINE ( 'NONE', #5077, #1064 ) ;
#3324 = AXIS2_PLACEMENT_3D ( 'NONE', #3637, #5405, #2459 ) ;
#3325 = DIRECTION ( 'NONE',  ( 0.000000000000000000, 0.000000000000000000, -1.000000000000000000 ) ) ;
#3326 = ORIENTED_EDGE ( 'NONE', *, *, #312, .T. ) ;
#3327 = DIRECTION ( 'NONE',  ( -1.000000000000000000, 0.000000000000000000, 0.000000000000000000 ) ) ;
#3328 = CARTESIAN_POINT ( 'NONE',  ( 11.42209106089458004, -11.94702410697802009, 5.002000000000000668 ) ) ;
#3329 = DIRECTION ( 'NONE',  ( 0.000000000000000000, 0.000000000000000000, 1.000000000000000000 ) ) ;
#3330 = AXIS2_PLACEMENT_3D ( 'NONE', #5401, #5314, #1331 ) ;
#3331 = DIRECTION ( 'NONE',  ( 0.000000000000000000, 0.000000000000000000, 1.000000000000000000 ) ) ;
#3332 = LINE ( 'NONE', #4597, #1664 ) ;
#3333 = CARTESIAN_POINT ( 'NONE',  ( -3.918308969584830326, -16.05747190671534952, -5.000000000000000000 ) ) ;
#3334 = DIRECTION ( 'NONE',  ( 0.2588190451025206285, 0.9659258262890683122, 0.000000000000000000 ) ) ;
#3335 = ADVANCED_FACE ( 'NONE', ( #1613 ), #5668, .F. ) ;
#3336 = ORIENTED_EDGE ( 'NONE', *, *, #1377, .T. ) ;
#3337 = VECTOR ( 'NONE', #3534, 1000.000000000000000 ) ;
#3338 = DIRECTION ( 'NONE',  ( 1.000000000000000000, 0.000000000000000000, 0.000000000000000000 ) ) ;
#3339 = DIRECTION ( 'NONE',  ( 1.000000000000000000, 0.000000000000000000, 0.000000000000000000 ) ) ;
#3340 = DIRECTION ( 'NONE',  ( -0.000000000000000000, -0.000000000000000000, -1.000000000000000000 ) ) ;
#3341 = AXIS2_PLACEMENT_3D ( 'NONE', #63, #1313, #4886 ) ;
#3342 = CIRCLE ( 'NONE', #3150, 18.52682817102719781 ) ;
#3343 = LINE ( 'NONE', #1990, #539 ) ;
#3344 = DIRECTION ( 'NONE',  ( -0.000000000000000000, -0.000000000000000000, 1.000000000000000000 ) ) ;
#3345 = EDGE_LOOP ( 'NONE', ( #2049, #1014, #3312, #4091 ) ) ;
#3346 = VERTEX_POINT ( 'NONE', #3935 ) ;
#3347 = ORIENTED_EDGE ( 'NONE', *, *, #4495, .T. ) ;
#3348 = VECTOR ( 'NONE', #3543, 1000.000000000000000 ) ;
#3349 = AXIS2_PLACEMENT_3D ( 'NONE', #3545, #2658, #2308 ) ;
#3350 = DIRECTION ( 'NONE',  ( 0.000000000000000000, 0.000000000000000000, 1.000000000000000000 ) ) ;
#3351 = DIRECTION ( 'NONE',  ( 0.000000000000000000, 0.000000000000000000, -1.000000000000000000 ) ) ;
#3352 = EDGE_CURVE ( 'NONE', #4958, #5581, #2107, .T. ) ;
#3353 = AXIS2_PLACEMENT_3D ( 'NONE', #706, #2007, #1767 ) ;
#3354 = CARTESIAN_POINT ( 'NONE',  ( -2.639540076345824549, 18.33783493938530285, 5.000000000000000000 ) ) ;
#3355 = VERTEX_POINT ( 'NONE', #3073 ) ;
#3356 = CARTESIAN_POINT ( 'NONE',  ( 17.02982512410865112, -7.295780857526780849, 5.000000000000000000 ) ) ;
#3357 = DIRECTION ( 'NONE',  ( 0.7071067811865454633, 0.7071067811865495711, 0.000000000000000000 ) ) ;
#3358 = DIRECTION ( 'NONE',  ( 0.000000000000000000, 0.000000000000000000, -1.000000000000000000 ) ) ;
#3359 = ADVANCED_FACE ( 'NONE', ( #5719 ), #5747, .F. ) ;
#3360 = CYLINDRICAL_SURFACE ( 'NONE', #4586, 0.4299999999999998823 ) ;
#3361 = CARTESIAN_POINT ( 'NONE',  ( 16.80157748816159824, -6.723256931056099894, -5.000000000000000000 ) ) ;
#3362 = DIRECTION ( 'NONE',  ( 0.7071067811865475727, -0.7071067811865475727, 0.000000000000000000 ) ) ;
#3363 = DIRECTION ( 'NONE',  ( 0.000000000000000000, 0.000000000000000000, 1.000000000000000000 ) ) ;
#3364 = EDGE_LOOP ( 'NONE', ( #4318, #4946, #1626, #1335 ) ) ;
#3365 = ORIENTED_EDGE ( 'NONE', *, *, #3268, .F. ) ;
#3366 = CARTESIAN_POINT ( 'NONE',  ( -1.078460969082654541, 3.600000000000000089, -6.500000000000000000 ) ) ;
#3367 = ADVANCED_FACE ( 'NONE', ( #2694 ), #3500, .F. ) ;
#3368 = EDGE_CURVE ( 'NONE', #38, #4494, #4040, .T. ) ;
#3369 = CARTESIAN_POINT ( 'NONE',  ( -4.635380845820769480, -15.86533307656285174, -5.000000000000000000 ) ) ;
#3370 = DIRECTION ( 'NONE',  ( -1.000000000000000000, 0.000000000000000000, 0.000000000000000000 ) ) ;
#3371 = ORIENTED_EDGE ( 'NONE', *, *, #1015, .F. ) ;
#3372 = ORIENTED_EDGE ( 'NONE', *, *, #1682, .T. ) ;
#3373 = ORIENTED_EDGE ( 'NONE', *, *, #5684, .F. ) ;
#3374 = AXIS2_PLACEMENT_3D ( 'NONE', #3361, #5660, #2127 ) ;
#3375 = CARTESIAN_POINT ( 'NONE',  ( 16.80157748816159824, 6.723256931056099894, -5.000000000000000000 ) ) ;
#3376 = DIRECTION ( 'NONE',  ( 0.7071067811865472397, 0.7071067811865480168, 0.000000000000000000 ) ) ;
#3377 = ORIENTED_EDGE ( 'NONE', *, *, #2819, .F. ) ;
#3378 = ADVANCED_FACE ( 'NONE', ( #3527 ), #4831, .F. ) ;
#3379 = EDGE_CURVE ( 'NONE', #2668, #639, #5253, .T. ) ;
#3380 = LINE ( 'NONE', #2521, #5551 ) ;
#3381 = CARTESIAN_POINT ( 'NONE',  ( -11.45482623011521994, -14.56126086974063938, 5.000000000000000000 ) ) ;
#3382 = DIRECTION ( 'NONE',  ( 0.000000000000000000, 0.000000000000000000, 1.000000000000000000 ) ) ;
#3383 = EDGE_CURVE ( 'NONE', #2110, #2626, #1739, .T. ) ;
#3384 = AXIS2_PLACEMENT_3D ( 'NONE', #2083, #1511, #3434 ) ;
#3385 = EDGE_CURVE ( 'NONE', #3658, #829, #906, .T. ) ;
#3386 = CARTESIAN_POINT ( 'NONE',  ( 10.84273574818606001, -14.48897067933744154, 5.002000000000000668 ) ) ;
#3387 = AXIS2_PLACEMENT_3D ( 'NONE', #4507, #996, #95 ) ;
#3388 = DIRECTION ( 'NONE',  ( 0.000000000000000000, 0.000000000000000000, 1.000000000000000000 ) ) ;
#3389 = DIRECTION ( 'NONE',  ( 1.000000000000000000, 0.000000000000000000, 0.000000000000000000 ) ) ;
#3390 = LINE ( 'NONE', #5715, #2974 ) ;
#3391 = ORIENTED_EDGE ( 'NONE', *, *, #3928, .T. ) ;
#3392 = EDGE_CURVE ( 'NONE', #2445, #3165, #530, .T. ) ;
#3393 = ORIENTED_EDGE ( 'NONE', *, *, #4688, .T. ) ;
#3394 = LINE ( 'NONE', #272, #4331 ) ;
#3395 = DIRECTION ( 'NONE',  ( -0.2588190451025210170, 0.9659258262890680902, 0.000000000000000000 ) ) ;
#3396 = LINE ( 'NONE', #2048, #2656 ) ;
#3397 = ORIENTED_EDGE ( 'NONE', *, *, #5648, .F. ) ;
#3398 = ORIENTED_EDGE ( 'NONE', *, *, #5080, .T. ) ;
#3399 = CARTESIAN_POINT ( 'NONE',  ( 4.156921938165305086, 1.084202172485504040E-15, 6.500000000000000000 ) ) ;
#3400 = CIRCLE ( 'NONE', #4121, 1.764902496759993999 ) ;
#3401 = VERTEX_POINT ( 'NONE', #5295 ) ;
#3402 = ADVANCED_FACE ( 'NONE', ( #858 ), #1312, .T. ) ;
#3403 = ORIENTED_EDGE ( 'NONE', *, *, #2261, .F. ) ;
#3404 = VECTOR ( 'NONE', #3017, 1000.000000000000000 ) ;
#3405 = DIRECTION ( 'NONE',  ( 0.000000000000000000, 0.000000000000000000, -1.000000000000000000 ) ) ;
#3406 = DIRECTION ( 'NONE',  ( 0.2588190451025180194, -0.9659258262890689783, 0.000000000000000000 ) ) ;
#3407 = CARTESIAN_POINT ( 'NONE',  ( -6.883008709270060699, -17.20080094608644927, 5.000000000000000000 ) ) ;
#3408 = AXIS2_PLACEMENT_3D ( 'NONE', #1244, #705, #3357 ) ;
#3409 = ORIENTED_EDGE ( 'NONE', *, *, #903, .T. ) ;
#3410 = CYLINDRICAL_SURFACE ( 'NONE', #1905, 18.52682817102719781 ) ;
#3411 = CARTESIAN_POINT ( 'NONE',  ( -11.94702410697802009, 11.42209106089456050, 5.002000000000000668 ) ) ;
#3412 = APPLICATION_CONTEXT ( 'automotive_design' ) ;
#3413 = AXIS2_PLACEMENT_3D ( 'NONE', #160, #1869, #4548 ) ;
#3414 = VERTEX_POINT ( 'NONE', #5265 ) ;
#3415 = DIRECTION ( 'NONE',  ( -0.4999999999999998890, 0.8660254037844387076, 0.000000000000000000 ) ) ;
#3416 = CARTESIAN_POINT ( 'NONE',  ( 16.63456994411954781, -7.126448808901080234, 5.000000000000000000 ) ) ;
#3417 = CARTESIAN_POINT ( 'NONE',  ( 14.83324412511671930, 11.10037075072115975, 5.000000000000000000 ) ) ;
#3418 = AXIS2_PLACEMENT_3D ( 'NONE', #835, #2616, #774 ) ;
#3419 = ORIENTED_EDGE ( 'NONE', *, *, #1888, .F. ) ;
#3420 = FACE_OUTER_BOUND ( 'NONE', #1337, .T. ) ;
#3421 = AXIS2_PLACEMENT_3D ( 'NONE', #2733, #573, #3626 ) ;
#3422 = CARTESIAN_POINT ( 'NONE',  ( 0.3711837165545154860, 16.52445980553209637, 5.002000000000000668 ) ) ;
#3423 = CARTESIAN_POINT ( 'NONE',  ( 0.000000000000000000, 1.165057210878772069E-15, -6.500000000000000000 ) ) ;
#3424 = ORIENTED_EDGE ( 'NONE', *, *, #4821, .F. ) ;
#3425 = ORIENTED_EDGE ( 'NONE', *, *, #2957, .F. ) ;
#3426 = EDGE_CURVE ( 'NONE', #5124, #3513, #986, .T. ) ;
#3427 = AXIS2_PLACEMENT_3D ( 'NONE', #1676, #775, #2639 ) ;
#3428 = CIRCLE ( 'NONE', #349, 1.764902496759994888 ) ;
#3429 = EDGE_LOOP ( 'NONE', ( #4041, #5069, #2906, #3867 ) ) ;
#3430 = ORIENTED_EDGE ( 'NONE', *, *, #5035, .F. ) ;
#3431 = VECTOR ( 'NONE', #1450, 1000.000000000000000 ) ;
#3432 = CIRCLE ( 'NONE', #1748, 0.4300000000000000488 ) ;
#3433 = ADVANCED_FACE ( 'NONE', ( #467 ), #1368, .T. ) ;
#3434 = DIRECTION ( 'NONE',  ( 1.000000000000000000, 0.000000000000000000, 0.000000000000000000 ) ) ;
#3435 = LINE ( 'NONE', #5107, #5429 ) ;
#3436 = AXIS2_PLACEMENT_3D ( 'NONE', #4457, #3579, #4044 ) ;
#3437 = ORIENTED_EDGE ( 'NONE', *, *, #1681, .T. ) ;
#3438 = CIRCLE ( 'NONE', #3349, 0.4299999999999993272 ) ;
#3439 = EDGE_CURVE ( 'NONE', #5677, #1936, #389, .T. ) ;
#3440 = AXIS2_PLACEMENT_3D ( 'NONE', #1634, #2037, #4704 ) ;
#3441 = ORIENTED_EDGE ( 'NONE', *, *, #990, .F. ) ;
#3442 = DIRECTION ( 'NONE',  ( 0.000000000000000000, 0.000000000000000000, 1.000000000000000000 ) ) ;
#3443 = CARTESIAN_POINT ( 'NONE',  ( -14.83324412511674062, 11.10037075072115975, 5.000000000000000000 ) ) ;
#3444 = EDGE_CURVE ( 'NONE', #3355, #842, #5263, .T. ) ;
#3445 = ORIENTED_EDGE ( 'NONE', *, *, #5055, .F. ) ;
#3446 = CARTESIAN_POINT ( 'NONE',  ( -9.757819552369539906E-16, 2.376571162088224710E-13, 5.000000000000000000 ) ) ;
#3447 = CARTESIAN_POINT ( 'NONE',  ( -14.56126086974061984, -11.45482623011523948, 5.000000000000000000 ) ) ;
#3448 = CARTESIAN_POINT ( 'NONE',  ( 6.723256931056099894, -16.80157748816159824, 5.002000000000000668 ) ) ;
#3449 = CARTESIAN_POINT ( 'NONE',  ( -9.757819552369539906E-16, 2.376571162088224710E-13, 5.000000000000000000 ) ) ;
#3450 = VERTEX_POINT ( 'NONE', #3986 ) ;
#3451 = CARTESIAN_POINT ( 'NONE',  ( -2.145599264782074744, -17.96918455708715001, 5.000000000000000000 ) ) ;
#3452 = CARTESIAN_POINT ( 'NONE',  ( -17.02982512410865112, -7.295780857526789731, 5.000000000000000000 ) ) ;
#3453 = CYLINDRICAL_SURFACE ( 'NONE', #5147, 0.4299999999999998823 ) ;
#3454 = VERTEX_POINT ( 'NONE', #5770 ) ;
#3455 = ORIENTED_EDGE ( 'NONE', *, *, #2645, .T. ) ;
#3456 = EDGE_LOOP ( 'NONE', ( #1293, #777, #3663, #4997 ) ) ;
#3457 = AXIS2_PLACEMENT_3D ( 'NONE', #5061, #5384, #2381 ) ;
#3458 = CARTESIAN_POINT ( 'NONE',  ( 16.52445980553209637, 0.3711837165545214812, 5.002000000000000668 ) ) ;
#3459 = ORIENTED_EDGE ( 'NONE', *, *, #4830, .T. ) ;
#3460 = ORIENTED_EDGE ( 'NONE', *, *, #3185, .T. ) ;
#3461 = VERTEX_POINT ( 'NONE', #1779 ) ;
#3462 = CIRCLE ( 'NONE', #2355, 1.764902496759995998 ) ;
#3463 = VERTEX_POINT ( 'NONE', #3548 ) ;
#3464 = DIRECTION ( 'NONE',  ( -0.7071067811865475727, -0.7071067811865475727, 0.000000000000000000 ) ) ;
#3465 = DIRECTION ( 'NONE',  ( 0.000000000000000000, 0.000000000000000000, 1.000000000000000000 ) ) ;
#3466 = VERTEX_POINT ( 'NONE', #5320 ) ;
#3467 = CARTESIAN_POINT ( 'NONE',  ( -11.45482623011523948, 14.56126086974063938, 5.000000000000000000 ) ) ;
#3468 = CARTESIAN_POINT ( 'NONE',  ( 5.156921938165305086, 1.084202172485504040E-15, 6.500000000000000000 ) ) ;
#3469 = DIRECTION ( 'NONE',  ( 0.000000000000000000, 0.000000000000000000, 1.000000000000000000 ) ) ;
#3470 = DIRECTION ( 'NONE',  ( 0.000000000000000000, 0.000000000000000000, 1.000000000000000000 ) ) ;
#3471 = ORIENTED_EDGE ( 'NONE', *, *, #4383, .F. ) ;
#3472 = EDGE_CURVE ( 'NONE', #4506, #1457, #4039, .T. ) ;
#3473 = DIRECTION ( 'NONE',  ( 0.000000000000000000, 0.000000000000000000, 1.000000000000000000 ) ) ;
#3474 = ORIENTED_EDGE ( 'NONE', *, *, #5430, .T. ) ;
#3475 = CARTESIAN_POINT ( 'NONE',  ( -4.752648293360469900, 17.61270781032335009, -5.000000000000000000 ) ) ;
#3476 = DIRECTION ( 'NONE',  ( -0.000000000000000000, -0.000000000000000000, 1.000000000000000000 ) ) ;
#3477 = ORIENTED_EDGE ( 'NONE', *, *, #2236, .F. ) ;
#3478 = ORIENTED_EDGE ( 'NONE', *, *, #3248, .T. ) ;
#3479 = DIRECTION ( 'NONE',  ( -0.2588190451025215166, 0.9659258262890680902, 0.000000000000000000 ) ) ;
#3480 = ORIENTED_EDGE ( 'NONE', *, *, #40, .F. ) ;
#3481 = VERTEX_POINT ( 'NONE', #887 ) ;
#3482 = EDGE_CURVE ( 'NONE', #1584, #636, #4980, .T. ) ;
#3483 = AXIS2_PLACEMENT_3D ( 'NONE', #4479, #942, #1452 ) ;
#3484 = AXIS2_PLACEMENT_3D ( 'NONE', #2357, #2255, #2759 ) ;
#3485 = ORIENTED_EDGE ( 'NONE', *, *, #4190, .F. ) ;
#3486 = ORIENTED_EDGE ( 'NONE', *, *, #4760, .F. ) ;
#3487 = AXIS2_PLACEMENT_3D ( 'NONE', #588, #2892, #5473 ) ;
#3488 = VERTEX_POINT ( 'NONE', #1446 ) ;
#3489 = EDGE_CURVE ( 'NONE', #2035, #2975, #2741, .T. ) ;
#3490 = CARTESIAN_POINT ( 'NONE',  ( 14.49619383368293946, -7.940775374758719529, -5.000000000000000000 ) ) ;
#3491 = ORIENTED_EDGE ( 'NONE', *, *, #5290, .F. ) ;
#3492 = AXIS2_PLACEMENT_3D ( 'NONE', #180, #1052, #2772 ) ;
#3493 = AXIS2_PLACEMENT_3D ( 'NONE', #3060, #4443, #3464 ) ;
#3494 = VERTEX_POINT ( 'NONE', #4500 ) ;
#3495 = CARTESIAN_POINT ( 'NONE',  ( -2.196580998991904732, -18.39615160824795126, 5.000000000000000000 ) ) ;
#3496 = LINE ( 'NONE', #464, #2030 ) ;
#3497 = LINE ( 'NONE', #853, #624 ) ;
#3498 = CARTESIAN_POINT ( 'NONE',  ( 11.18896446287262059, 14.22330004254517810, 5.000000000000000000 ) ) ;
#3499 = ORIENTED_EDGE ( 'NONE', *, *, #203, .T. ) ;
#3500 = CYLINDRICAL_SURFACE ( 'NONE', #633, 1.764902496759994888 ) ;
#3501 = AXIS2_PLACEMENT_3D ( 'NONE', #2020, #162, #3797 ) ;
#3502 = DIRECTION ( 'NONE',  ( 0.4999999999999999445, -0.8660254037844387076, 0.000000000000000000 ) ) ;
#3503 = DIRECTION ( 'NONE',  ( -0.9659258262890689783, -0.2588190451025180194, 0.000000000000000000 ) ) ;
#3504 = DIRECTION ( 'NONE',  ( 0.000000000000000000, 0.000000000000000000, -1.000000000000000000 ) ) ;
#3505 = ORIENTED_EDGE ( 'NONE', *, *, #5004, .T. ) ;
#3506 = DIRECTION ( 'NONE',  ( -1.000000000000000000, 0.000000000000000000, 0.000000000000000000 ) ) ;
#3507 = VERTEX_POINT ( 'NONE', #3541 ) ;
#3508 = ORIENTED_EDGE ( 'NONE', *, *, #4567, .T. ) ;
#3509 = AXIS2_PLACEMENT_3D ( 'NONE', #438, #4453, #4802 ) ;
#3510 = VECTOR ( 'NONE', #2712, 1000.000000000000000 ) ;
#3511 = CIRCLE ( 'NONE', #5082, 16.52862817102735704 ) ;
#3512 = DIRECTION ( 'NONE',  ( 0.000000000000000000, 0.000000000000000000, -1.000000000000000000 ) ) ;
#3513 = VERTEX_POINT ( 'NONE', #2339 ) ;
#3514 = VERTEX_POINT ( 'NONE', #4561 ) ;
#3515 = CIRCLE ( 'NONE', #3976, 1.764902496759997108 ) ;
#3516 = CIRCLE ( 'NONE', #4625, 1.764902496759994888 ) ;
#3517 = DIRECTION ( 'NONE',  ( 0.2588190451025215166, -0.9659258262890680902, 0.000000000000000000 ) ) ;
#3518 = DIRECTION ( 'NONE',  ( 0.000000000000000000, 0.000000000000000000, 1.000000000000000000 ) ) ;
#3519 = DIRECTION ( 'NONE',  ( 0.000000000000000000, 0.000000000000000000, -1.000000000000000000 ) ) ;
#3520 = CIRCLE ( 'NONE', #4266, 1.764902496759994888 ) ;
#3521 = EDGE_CURVE ( 'NONE', #5449, #1457, #2304, .T. ) ;
#3522 = ORIENTED_EDGE ( 'NONE', *, *, #100, .T. ) ;
#3523 = CARTESIAN_POINT ( 'NONE',  ( -14.22330004254517810, -11.18896446287264013, 5.000000000000000000 ) ) ;
#3524 = DIRECTION ( 'NONE',  ( 0.000000000000000000, 0.000000000000000000, 1.000000000000000000 ) ) ;
#3525 = VERTEX_POINT ( 'NONE', #3634 ) ;
#3526 = ADVANCED_FACE ( 'NONE', ( #586 ), #522, .F. ) ;
#3527 = FACE_OUTER_BOUND ( 'NONE', #4327, .T. ) ;
#3528 = VERTEX_POINT ( 'NONE', #145 ) ;
#3529 = LINE ( 'NONE', #4394, #2207 ) ;
#3530 = CARTESIAN_POINT ( 'NONE',  ( 0.03220151268792000032, 18.24264523787019954, -5.000000000000000000 ) ) ;
#3531 = ORIENTED_EDGE ( 'NONE', *, *, #2201, .T. ) ;
#3532 = ORIENTED_EDGE ( 'NONE', *, *, #5331, .T. ) ;
#3533 = ORIENTED_EDGE ( 'NONE', *, *, #2116, .T. ) ;
#3534 = DIRECTION ( 'NONE',  ( 0.000000000000000000, 0.000000000000000000, -1.000000000000000000 ) ) ;
#3535 = ORIENTED_EDGE ( 'NONE', *, *, #973, .F. ) ;
#3536 = LINE ( 'NONE', #289, #3250 ) ;
#3537 = ORIENTED_EDGE ( 'NONE', *, *, #4455, .T. ) ;
#3538 = AXIS2_PLACEMENT_3D ( 'NONE', #3213, #124, #3189 ) ;
#3539 = FACE_OUTER_BOUND ( 'NONE', #1526, .T. ) ;
#3540 = DIRECTION ( 'NONE',  ( -0.000000000000000000, -0.000000000000000000, 1.000000000000000000 ) ) ;
#3541 = CARTESIAN_POINT ( 'NONE',  ( 16.52445980553209637, -0.3711837165545144868, -5.000000000000000000 ) ) ;
#3542 = DIRECTION ( 'NONE',  ( 0.000000000000000000, 0.000000000000000000, -1.000000000000000000 ) ) ;
#3543 = DIRECTION ( 'NONE',  ( 0.000000000000000000, 0.000000000000000000, -1.000000000000000000 ) ) ;
#3544 = EDGE_CURVE ( 'NONE', #4284, #1134, #4885, .T. ) ;
#3545 = CARTESIAN_POINT ( 'NONE',  ( 11.18896446287262059, 14.22330004254517810, -5.000000000000000000 ) ) ;
#3546 = ORIENTED_EDGE ( 'NONE', *, *, #1388, .F. ) ;
#3547 = EDGE_CURVE ( 'NONE', #779, #3514, #811, .T. ) ;
#3548 = CARTESIAN_POINT ( 'NONE',  ( 18.95497617776954868, 1.165057210878772069E-15, 5.000000000000000000 ) ) ;
#3549 = EDGE_LOOP ( 'NONE', ( #3707, #1789, #3898, #5726 ) ) ;
#3550 = FACE_OUTER_BOUND ( 'NONE', #208, .T. ) ;
#3551 = DIRECTION ( 'NONE',  ( 0.8660254037844385966, -0.5000000000000001110, 0.000000000000000000 ) ) ;
#3552 = CARTESIAN_POINT ( 'NONE',  ( -9.757819552369539906E-16, 2.376571162088224710E-13, 5.000000000000000000 ) ) ;
#3553 = DIRECTION ( 'NONE',  ( 0.000000000000000000, 0.000000000000000000, 1.000000000000000000 ) ) ;
#3554 = ORIENTED_EDGE ( 'NONE', *, *, #3622, .F. ) ;
#3555 = ORIENTED_EDGE ( 'NONE', *, *, #1005, .T. ) ;
#3556 = ORIENTED_EDGE ( 'NONE', *, *, #4322, .T. ) ;
#3557 = EDGE_CURVE ( 'NONE', #1647, #2708, #5651, .T. ) ;
#3558 = AXIS2_PLACEMENT_3D ( 'NONE', #2830, #2968, #4896 ) ;
#3559 = DIRECTION ( 'NONE',  ( 0.000000000000000000, 0.000000000000000000, -1.000000000000000000 ) ) ;
#3560 = ORIENTED_EDGE ( 'NONE', *, *, #4215, .T. ) ;
#3561 = CARTESIAN_POINT ( 'NONE',  ( -2.578277445616424579, 17.91222139392874979, -5.000000000000000000 ) ) ;
#3562 = CIRCLE ( 'NONE', #4023, 0.4299999999999998823 ) ;
#3563 = ORIENTED_EDGE ( 'NONE', *, *, #5170, .F. ) ;
#3564 = ORIENTED_EDGE ( 'NONE', *, *, #5506, .F. ) ;
#3565 = AXIS2_PLACEMENT_3D ( 'NONE', #2514, #644, #5550 ) ;
#3566 = CARTESIAN_POINT ( 'NONE',  ( -17.61270781032335009, -4.752648293360460130, 5.002000000000000668 ) ) ;
#3567 = ADVANCED_FACE ( 'NONE', ( #1797 ), #1119, .T. ) ;
#3568 = CYLINDRICAL_SURFACE ( 'NONE', #3231, 18.52682817102719781 ) ;
#3569 = AXIS2_PLACEMENT_3D ( 'NONE', #622, #149, #558 ) ;
#3570 = CIRCLE ( 'NONE', #4499, 0.4299999999999997713 ) ;
#3571 = FACE_OUTER_BOUND ( 'NONE', #3737, .T. ) ;
#3572 = DIRECTION ( 'NONE',  ( 0.000000000000000000, 0.000000000000000000, -1.000000000000000000 ) ) ;
#3573 = ORIENTED_EDGE ( 'NONE', *, *, #4756, .F. ) ;
#3574 = AXIS2_PLACEMENT_3D ( 'NONE', #456, #1301, #2603 ) ;
#3575 = DIRECTION ( 'NONE',  ( -0.9659258262890689783, 0.2588190451025180194, 0.000000000000000000 ) ) ;
#3576 = ORIENTED_EDGE ( 'NONE', *, *, #2173, .F. ) ;
#3577 = CARTESIAN_POINT ( 'NONE',  ( 6.883008709270060699, -17.20080094608644927, 5.000000000000000000 ) ) ;
#3578 = CARTESIAN_POINT ( 'NONE',  ( -18.39615160824795126, 2.196580998991904732, 5.000000000000000000 ) ) ;
#3579 = DIRECTION ( 'NONE',  ( 0.000000000000000000, 0.000000000000000000, 1.000000000000000000 ) ) ;
#3580 = DIRECTION ( 'NONE',  ( 0.000000000000000000, 0.000000000000000000, 1.000000000000000000 ) ) ;
#3581 = AXIS2_PLACEMENT_3D ( 'NONE', #1176, #3069, #4827 ) ;
#3582 = EDGE_LOOP ( 'NONE', ( #3936, #4320, #424, #1929 ) ) ;
#3583 = ORIENTED_EDGE ( 'NONE', *, *, #3383, .F. ) ;
#3584 = ORIENTED_EDGE ( 'NONE', *, *, #3630, .T. ) ;
#3585 = AXIS2_PLACEMENT_3D ( 'NONE', #246, #2480, #4643 ) ;
#3586 = CARTESIAN_POINT ( 'NONE',  ( 0.000000000000000000, 1.165057210878772069E-15, -6.500000000000000000 ) ) ;
#3587 = PRODUCT_RELATED_PRODUCT_CATEGORY ( 'part', '', ( #3919 ) ) ;
#3588 = AXIS2_PLACEMENT_3D ( 'NONE', #1704, #5239, #4749 ) ;
#3589 = EDGE_CURVE ( 'NONE', #2905, #5676, #254, .T. ) ;
#3590 = DIRECTION ( 'NONE',  ( 0.000000000000000000, 0.000000000000000000, 1.000000000000000000 ) ) ;
#3591 = DIRECTION ( 'NONE',  ( 0.4999999999999998890, 0.8660254037844387076, 0.000000000000000000 ) ) ;
#3592 = DIRECTION ( 'NONE',  ( 0.000000000000000000, 0.000000000000000000, -1.000000000000000000 ) ) ;
#3593 = ORIENTED_EDGE ( 'NONE', *, *, #3814, .F. ) ;
#3594 = FACE_OUTER_BOUND ( 'NONE', #4616, .T. ) ;
#3595 =( NAMED_UNIT ( * ) PLANE_ANGLE_UNIT ( ) SI_UNIT ( $, .RADIAN. ) );
#3596 = EDGE_LOOP ( 'NONE', ( #4557, #1222, #4493, #5042 ) ) ;
#3597 = ORIENTED_EDGE ( 'NONE', *, *, #5043, .T. ) ;
#3598 = CIRCLE ( 'NONE', #5744, 16.52862817102734994 ) ;
#3599 = CARTESIAN_POINT ( 'NONE',  ( 4.635380845820789908, -15.86533307656285174, 5.000000000000000000 ) ) ;
#3600 = AXIS2_PLACEMENT_3D ( 'NONE', #5256, #3518, #1743 ) ;
#3601 = CARTESIAN_POINT ( 'NONE',  ( 2.578277445616414809, 17.91222139392874979, -5.000000000000000000 ) ) ;
#3602 = CIRCLE ( 'NONE', #1558, 0.4299999999999997713 ) ;
#3603 = AXIS2_PLACEMENT_3D ( 'NONE', #4022, #4490, #1042 ) ;
#3604 = ADVANCED_FACE ( 'NONE', ( #3723 ), #223, .F. ) ;
#3605 = CARTESIAN_POINT ( 'NONE',  ( -2.145599264782074744, -17.96918455708715001, -5.000000000000000000 ) ) ;
#3606 = CIRCLE ( 'NONE', #2027, 0.4300000000000000488 ) ;
#3607 = DIRECTION ( 'NONE',  ( -0.2588190451025180194, -0.9659258262890689783, 0.000000000000000000 ) ) ;
#3608 = DIRECTION ( 'NONE',  ( -0.000000000000000000, -0.000000000000000000, 1.000000000000000000 ) ) ;
#3609 = DIRECTION ( 'NONE',  ( 0.000000000000000000, 0.000000000000000000, -1.000000000000000000 ) ) ;
#3610 = CIRCLE ( 'NONE', #1752, 18.52682817102719781 ) ;
#3611 = AXIS2_PLACEMENT_3D ( 'NONE', #4414, #4474, #5767 ) ;
#3612 = DIRECTION ( 'NONE',  ( 0.000000000000000000, 0.000000000000000000, 1.000000000000000000 ) ) ;
#3613 = ADVANCED_FACE ( 'NONE', ( #2891 ), #4213, .T. ) ;
#3614 = ORIENTED_EDGE ( 'NONE', *, *, #1507, .F. ) ;
#3615 = CARTESIAN_POINT ( 'NONE',  ( 9.149209946963129170, -15.78249345187885133, -5.000000000000000000 ) ) ;
#3616 = AXIS2_PLACEMENT_3D ( 'NONE', #3840, #3778, #1146 ) ;
#3617 = DIRECTION ( 'NONE',  ( 0.000000000000000000, 0.000000000000000000, 1.000000000000000000 ) ) ;
#3618 = CYLINDRICAL_SURFACE ( 'NONE', #833, 18.52682817102719781 ) ;
#3619 = DIRECTION ( 'NONE',  ( 0.000000000000000000, 0.000000000000000000, -1.000000000000000000 ) ) ;
#3620 = ORIENTED_EDGE ( 'NONE', *, *, #4660, .T. ) ;
#3621 = LINE ( 'NONE', #187, #1773 ) ;
#3622 = EDGE_CURVE ( 'NONE', #4958, #3414, #3598, .T. ) ;
#3623 = ORIENTED_EDGE ( 'NONE', *, *, #841, .F. ) ;
#3624 = CARTESIAN_POINT ( 'NONE',  ( -7.295780857526780849, -17.02982512410865112, 5.000000000000000000 ) ) ;
#3625 = CARTESIAN_POINT ( 'NONE',  ( 0.000000000000000000, 1.165057210878772069E-15, 5.000000000000000000 ) ) ;
#3626 = DIRECTION ( 'NONE',  ( 0.8660254037844387076, 0.4999999999999999445, 0.000000000000000000 ) ) ;
#3627 = DIRECTION ( 'NONE',  ( -0.000000000000000000, -0.000000000000000000, -1.000000000000000000 ) ) ;
#3628 = ORIENTED_EDGE ( 'NONE', *, *, #4314, .T. ) ;
#3629 = EDGE_LOOP ( 'NONE', ( #1730, #4811, #107, #4424 ) ) ;
#3630 = EDGE_CURVE ( 'NONE', #279, #368, #5499, .T. ) ;
#3631 = DIRECTION ( 'NONE',  ( 0.000000000000000000, 0.000000000000000000, 1.000000000000000000 ) ) ;
#3632 = ORIENTED_EDGE ( 'NONE', *, *, #2573, .T. ) ;
#3633 = CARTESIAN_POINT ( 'NONE',  ( -3.117691453623979925, -1.800000000000000044, -6.500000000000000000 ) ) ;
#3634 = CARTESIAN_POINT ( 'NONE',  ( -6.883008709270070469, 17.20080094608644927, -5.000000000000000000 ) ) ;
#3635 = FACE_OUTER_BOUND ( 'NONE', #2382, .T. ) ;
#3636 = CARTESIAN_POINT ( 'NONE',  ( 17.02982512410865112, 7.295780857526789731, 5.000000000000000000 ) ) ;
#3637 = CARTESIAN_POINT ( 'NONE',  ( 9.093435290907070367, 15.81469496456674939, 5.002000000000000668 ) ) ;
#3638 = DIRECTION ( 'NONE',  ( 0.000000000000000000, 0.000000000000000000, 1.000000000000000000 ) ) ;
#3639 = ORIENTED_EDGE ( 'NONE', *, *, #4732, .F. ) ;
#3640 = CYLINDRICAL_SURFACE ( 'NONE', #2834, 0.4299999999999997713 ) ;
#3641 = DIRECTION ( 'NONE',  ( -0.5000000000000001110, -0.8660254037844385966, 0.000000000000000000 ) ) ;
#3642 = DIRECTION ( 'NONE',  ( 0.7071067811865480168, -0.7071067811865470176, 0.000000000000000000 ) ) ;
#3643 = DIRECTION ( 'NONE',  ( 0.000000000000000000, 0.000000000000000000, -1.000000000000000000 ) ) ;
#3644 = VERTEX_POINT ( 'NONE', #1915 ) ;
#3645 = CARTESIAN_POINT ( 'NONE',  ( -9.757819552369539906E-16, 2.376571162088224710E-13, 5.000000000000000000 ) ) ;
#3646 = DIRECTION ( 'NONE',  ( -6.123233995736784525E-17, 1.000000000000000000, 0.000000000000000000 ) ) ;
#3647 = APPLICATION_PROTOCOL_DEFINITION ( 'draft international standard', 'automotive_design', 1998, #3299 ) ;
#3648 = VERTEX_POINT ( 'NONE', #5137 ) ;
#3649 = ORIENTED_EDGE ( 'NONE', *, *, #1181, .F. ) ;
#3650 = AXIS2_PLACEMENT_3D ( 'NONE', #462, #4005, #23 ) ;
#3651 = FACE_OUTER_BOUND ( 'NONE', #3345, .T. ) ;
#3652 = CARTESIAN_POINT ( 'NONE',  ( 14.48897067933745930, -10.84273574818606001, 5.000000000000000000 ) ) ;
#3653 = DIRECTION ( 'NONE',  ( 0.000000000000000000, 0.000000000000000000, -1.000000000000000000 ) ) ;
#3654 = ORIENTED_EDGE ( 'NONE', *, *, #5450, .T. ) ;
#3655 = VECTOR ( 'NONE', #4454, 1000.000000000000000 ) ;
#3656 = EDGE_CURVE ( 'NONE', #4734, #2539, #1510, .T. ) ;
#3657 = CARTESIAN_POINT ( 'NONE',  ( 2.078460969082649878, -3.600000000000000089, -6.500000000000000000 ) ) ;
#3658 = VERTEX_POINT ( 'NONE', #4591 ) ;
#3659 = EDGE_CURVE ( 'NONE', #1901, #443, #3691, .T. ) ;
#3660 = AXIS2_PLACEMENT_3D ( 'NONE', #3747, #4669, #1191 ) ;
#3661 = DIRECTION ( 'NONE',  ( -0.000000000000000000, -0.000000000000000000, 1.000000000000000000 ) ) ;
#3662 = DIRECTION ( 'NONE',  ( 1.000000000000000000, 0.000000000000000000, 0.000000000000000000 ) ) ;
#3663 = ORIENTED_EDGE ( 'NONE', *, *, #3094, .F. ) ;
#3664 = AXIS2_PLACEMENT_3D ( 'NONE', #240, #3283, #1615 ) ;
#3665 = EDGE_CURVE ( 'NONE', #3284, #3155, #2018, .T. ) ;
#3666 = DIRECTION ( 'NONE',  ( -0.4999999999999999445, -0.8660254037844387076, 0.000000000000000000 ) ) ;
#3667 = DIRECTION ( 'NONE',  ( -0.5000000000000005551, -0.8660254037844383745, 0.000000000000000000 ) ) ;
#3668 = CARTESIAN_POINT ( 'NONE',  ( 14.48897067933745930, 10.84273574818606001, -5.000000000000000000 ) ) ;
#3669 = CYLINDRICAL_SURFACE ( 'NONE', #2209, 1.764902496759993999 ) ;
#3670 = DIRECTION ( 'NONE',  ( 1.000000000000000000, 0.000000000000000000, 0.000000000000000000 ) ) ;
#3671 = AXIS2_PLACEMENT_3D ( 'NONE', #1860, #4097, #117 ) ;
#3672 = ORIENTED_EDGE ( 'NONE', *, *, #2607, .F. ) ;
#3673 = ORIENTED_EDGE ( 'NONE', *, *, #1472, .T. ) ;
#3674 = DIRECTION ( 'NONE',  ( 0.000000000000000000, 0.000000000000000000, 1.000000000000000000 ) ) ;
#3675 = EDGE_CURVE ( 'NONE', #4085, #4188, #3380, .T. ) ;
#3676 = AXIS2_PLACEMENT_3D ( 'NONE', #1486, #2898, #3275 ) ;
#3677 = DIRECTION ( 'NONE',  ( 0.000000000000000000, 0.000000000000000000, -1.000000000000000000 ) ) ;
#3678 = DIRECTION ( 'NONE',  ( 0.000000000000000000, 0.000000000000000000, 1.000000000000000000 ) ) ;
#3679 = ORIENTED_EDGE ( 'NONE', *, *, #2999, .T. ) ;
#3680 = CARTESIAN_POINT ( 'NONE',  ( 18.24264523787019954, -0.03220151268791890398, -5.000000000000000000 ) ) ;
#3681 = ORIENTED_EDGE ( 'NONE', *, *, #555, .F. ) ;
#3682 = ORIENTED_EDGE ( 'NONE', *, *, #3544, .F. ) ;
#3683 = EDGE_CURVE ( 'NONE', #4932, #296, #2766, .T. ) ;
#3684 = CARTESIAN_POINT ( 'NONE',  ( 2.578460969082652987, -2.733974596215562602, -6.500000000000000000 ) ) ;
#3685 = AXIS2_PLACEMENT_3D ( 'NONE', #4577, #2928, #2016 ) ;
#3686 = CARTESIAN_POINT ( 'NONE',  ( -16.52445980553209637, 0.3711837165545124884, -5.000000000000000000 ) ) ;
#3687 = VERTEX_POINT ( 'NONE', #1977 ) ;
#3688 = ADVANCED_FACE ( 'NONE', ( #3776 ), #2944, .T. ) ;
#3689 = VECTOR ( 'NONE', #4645, 1000.000000000000000 ) ;
#3690 = CARTESIAN_POINT ( 'NONE',  ( -12.92226806246459958, 12.87672824649239978, 5.000000000000000000 ) ) ;
#3691 = LINE ( 'NONE', #5110, #4521 ) ;
#3692 = CYLINDRICAL_SURFACE ( 'NONE', #1056, 1.764902496759994888 ) ;
#3693 = ORIENTED_EDGE ( 'NONE', *, *, #2645, .F. ) ;
#3694 = CIRCLE ( 'NONE', #5462, 18.52682817102719781 ) ;
#3695 = DIRECTION ( 'NONE',  ( 0.000000000000000000, 0.000000000000000000, 1.000000000000000000 ) ) ;
#3696 = DIRECTION ( 'NONE',  ( 0.5000000000000005551, -0.8660254037844383745, 0.000000000000000000 ) ) ;
#3697 = AXIS2_PLACEMENT_3D ( 'NONE', #640, #1939, #1072 ) ;
#3698 = ORIENTED_EDGE ( 'NONE', *, *, #3683, .T. ) ;
#3699 = EDGE_CURVE ( 'NONE', #4806, #132, #3230, .T. ) ;
#3700 = CIRCLE ( 'NONE', #1568, 16.52862817102734283 ) ;
#3701 = CARTESIAN_POINT ( 'NONE',  ( -4.156921938165305086, 1.301042606982603940E-15, -6.500000000000000000 ) ) ;
#3702 = DIRECTION ( 'NONE',  ( 0.000000000000000000, 0.000000000000000000, -1.000000000000000000 ) ) ;
#3703 = FACE_OUTER_BOUND ( 'NONE', #1438, .T. ) ;
#3704 = FACE_OUTER_BOUND ( 'NONE', #5242, .T. ) ;
#3705 = DIRECTION ( 'NONE',  ( 0.000000000000000000, 0.000000000000000000, 1.000000000000000000 ) ) ;
#3706 = ORIENTED_EDGE ( 'NONE', *, *, #1422, .T. ) ;
#3707 = ORIENTED_EDGE ( 'NONE', *, *, #3004, .F. ) ;
#3708 = DIRECTION ( 'NONE',  ( 1.000000000000000000, 0.000000000000000000, 0.000000000000000000 ) ) ;
#3709 = VECTOR ( 'NONE', #3812, 1000.000000000000000 ) ;
#3710 = FACE_OUTER_BOUND ( 'NONE', #3013, .T. ) ;
#3711 = DIRECTION ( 'NONE',  ( -1.000000000000000000, 0.000000000000000000, 0.000000000000000000 ) ) ;
#3712 = CARTESIAN_POINT ( 'NONE',  ( -17.61270781032335009, -4.752648293360460130, -5.000000000000000000 ) ) ;
#3713 = ORIENTED_EDGE ( 'NONE', *, *, #4278, .T. ) ;
#3714 = VERTEX_POINT ( 'NONE', #2829 ) ;
#3715 = ORIENTED_EDGE ( 'NONE', *, *, #3392, .F. ) ;
#3716 = EDGE_CURVE ( 'NONE', #3488, #1768, #518, .T. ) ;
#3717 = PRODUCT_DEFINITION_FORMATION_WITH_SPECIFIED_SOURCE ( 'ANY', '', #3919, .NOT_KNOWN. ) ;
#3718 = DIRECTION ( 'NONE',  ( 0.000000000000000000, 0.000000000000000000, -1.000000000000000000 ) ) ;
#3719 = DIRECTION ( 'NONE',  ( -1.000000000000000000, 0.000000000000000000, 0.000000000000000000 ) ) ;
#3720 = EDGE_CURVE ( 'NONE', #2035, #2615, #2866, .T. ) ;
#3721 = VERTEX_POINT ( 'NONE', #2854 ) ;
#3722 = CARTESIAN_POINT ( 'NONE',  ( -14.74869130177517995, 10.50003296401212083, -5.000000000000000000 ) ) ;
#3723 = FACE_OUTER_BOUND ( 'NONE', #234, .T. ) ;
#3724 = ORIENTED_EDGE ( 'NONE', *, *, #2981, .F. ) ;
#3725 = LINE ( 'NONE', #1512, #4523 ) ;
#3726 = CARTESIAN_POINT ( 'NONE',  ( -14.56126086974061984, -11.45482623011523948, 5.000000000000000000 ) ) ;
#3727 = CARTESIAN_POINT ( 'NONE',  ( 1.718949636520940016, 18.02275782191794562, 5.000000000000000000 ) ) ;
#3728 = EDGE_CURVE ( 'NONE', #482, #984, #1099, .T. ) ;
#3729 = CARTESIAN_POINT ( 'NONE',  ( -0.03220151268792000032, 18.24264523787019954, 5.002000000000000668 ) ) ;
#3730 = DIRECTION ( 'NONE',  ( 0.000000000000000000, 0.000000000000000000, -1.000000000000000000 ) ) ;
#3731 = CARTESIAN_POINT ( 'NONE',  ( -9.757819552369539906E-16, 2.376571162088224710E-13, -5.000000000000000000 ) ) ;
#3732 = DIRECTION ( 'NONE',  ( -0.2588190451025195737, -0.9659258262890685343, 0.000000000000000000 ) ) ;
#3733 = DIRECTION ( 'NONE',  ( 1.000000000000000000, 0.000000000000000000, 0.000000000000000000 ) ) ;
#3734 = EDGE_CURVE ( 'NONE', #4806, #1374, #1826, .T. ) ;
#3735 = CIRCLE ( 'NONE', #1143, 0.4299999999999998823 ) ;
#3736 = ORIENTED_EDGE ( 'NONE', *, *, #428, .T. ) ;
#3737 = EDGE_LOOP ( 'NONE', ( #1945, #2156, #3142, #3623 ) ) ;
#3738 = CARTESIAN_POINT ( 'NONE',  ( 1.078460969082649656, -3.600000000000000533, -6.500000000000000000 ) ) ;
#3739 = CARTESIAN_POINT ( 'NONE',  ( 3.004255121577014798, -17.85354414464755024, -5.000000000000000000 ) ) ;
#3740 = CARTESIAN_POINT ( 'NONE',  ( 6.883008709270060699, 17.20080094608644927, -5.000000000000000000 ) ) ;
#3741 = ORIENTED_EDGE ( 'NONE', *, *, #3167, .T. ) ;
#3742 = ORIENTED_EDGE ( 'NONE', *, *, #259, .T. ) ;
#3743 = ORIENTED_EDGE ( 'NONE', *, *, #375, .F. ) ;
#3744 = ORIENTED_EDGE ( 'NONE', *, *, #4543, .F. ) ;
#3745 = EDGE_CURVE ( 'NONE', #3258, #3968, #5419, .T. ) ;
#3746 = CYLINDRICAL_SURFACE ( 'NONE', #4132, 1.764902496759994888 ) ;
#3747 = CARTESIAN_POINT ( 'NONE',  ( -9.757819552369539906E-16, 2.376571162088224710E-13, -5.000000000000000000 ) ) ;
#3748 = ORIENTED_EDGE ( 'NONE', *, *, #4400, .F. ) ;
#3749 = DIRECTION ( 'NONE',  ( 0.000000000000000000, 0.000000000000000000, -1.000000000000000000 ) ) ;
#3750 = ORIENTED_EDGE ( 'NONE', *, *, #4635, .F. ) ;
#3751 = DIRECTION ( 'NONE',  ( -0.000000000000000000, -0.000000000000000000, -1.000000000000000000 ) ) ;
#3752 = CARTESIAN_POINT ( 'NONE',  ( -1.718949636520935131, -18.02275782191794562, -5.000000000000000000 ) ) ;
#3753 = CIRCLE ( 'NONE', #2265, 0.4299999999999993272 ) ;
#3754 = DIRECTION ( 'NONE',  ( 1.836970198721027715E-16, -1.000000000000000000, 0.000000000000000000 ) ) ;
#3755 = CARTESIAN_POINT ( 'NONE',  ( -18.33783493938530285, -2.639540076345824549, 5.000000000000000000 ) ) ;
#3756 = DIRECTION ( 'NONE',  ( -0.9659258262890680902, -0.2588190451025215166, 0.000000000000000000 ) ) ;
#3757 = DIRECTION ( 'NONE',  ( 0.000000000000000000, 1.000000000000000000, 0.000000000000000000 ) ) ;
#3758 = VERTEX_POINT ( 'NONE', #4235 ) ;
#3759 = ORIENTED_EDGE ( 'NONE', *, *, #1230, .T. ) ;
#3760 = AXIS2_PLACEMENT_3D ( 'NONE', #5053, #4068, #4162 ) ;
#3761 = ADVANCED_FACE ( 'NONE', ( #1533 ), #3746, .F. ) ;
#3762 = LINE ( 'NONE', #5538, #2496 ) ;
#3763 = CIRCLE ( 'NONE', #1724, 18.52682817102719781 ) ;
#3764 = CARTESIAN_POINT ( 'NONE',  ( -14.49619383368293946, 7.940775374758710647, -5.000000000000000000 ) ) ;
#3765 = FACE_OUTER_BOUND ( 'NONE', #3429, .T. ) ;
#3766 = ORIENTED_EDGE ( 'NONE', *, *, #274, .F. ) ;
#3767 = VERTEX_POINT ( 'NONE', #138 ) ;
#3768 = EDGE_CURVE ( 'NONE', #3255, #5639, #872, .T. ) ;
#3769 = AXIS2_PLACEMENT_3D ( 'NONE', #2518, #1142, #674 ) ;
#3770 = AXIS2_PLACEMENT_3D ( 'NONE', #939, #832, #2614 ) ;
#3771 = DIRECTION ( 'NONE',  ( -0.000000000000000000, -0.000000000000000000, -1.000000000000000000 ) ) ;
#3772 = DIRECTION ( 'NONE',  ( -0.000000000000000000, -0.000000000000000000, 1.000000000000000000 ) ) ;
#3773 = DIRECTION ( 'NONE',  ( -0.8660254037844387076, -0.4999999999999999445, 0.000000000000000000 ) ) ;
#3774 = EDGE_CURVE ( 'NONE', #2881, #4368, #4411, .T. ) ;
#3775 = AXIS2_PLACEMENT_3D ( 'NONE', #328, #3821, #5601 ) ;
#3776 = FACE_OUTER_BOUND ( 'NONE', #4016, .T. ) ;
#3777 = DIRECTION ( 'NONE',  ( -0.9659258262890689783, 0.2588190451025182970, 0.000000000000000000 ) ) ;
#3778 = DIRECTION ( 'NONE',  ( 0.000000000000000000, 0.000000000000000000, 1.000000000000000000 ) ) ;
#3779 = EDGE_CURVE ( 'NONE', #510, #1971, #4146, .T. ) ;
#3780 = VECTOR ( 'NONE', #2636, 1000.000000000000000 ) ;
#3781 = EDGE_CURVE ( 'NONE', #3886, #1468, #3872, .T. ) ;
#3782 = CIRCLE ( 'NONE', #3421, 0.4299999999999998823 ) ;
#3783 = AXIS2_PLACEMENT_3D ( 'NONE', #1465, #2879, #634 ) ;
#3784 = DIRECTION ( 'NONE',  ( 0.000000000000000000, 0.000000000000000000, 1.000000000000000000 ) ) ;
#3785 = CARTESIAN_POINT ( 'NONE',  ( 14.74869130177516041, -10.50003296401212083, 5.000000000000000000 ) ) ;
#3786 = CARTESIAN_POINT ( 'NONE',  ( 18.33783493938530285, -2.639540076345809894, -5.000000000000000000 ) ) ;
#3787 = CARTESIAN_POINT ( 'NONE',  ( 11.45482623011523948, -14.56126086974063938, 5.000000000000000000 ) ) ;
#3788 = DIRECTION ( 'NONE',  ( 1.000000000000000000, 0.000000000000000000, 0.000000000000000000 ) ) ;
#3789 = AXIS2_PLACEMENT_3D ( 'NONE', #2751, #1341, #531 ) ;
#3790 = CARTESIAN_POINT ( 'NONE',  ( -14.12501011712842036, 8.583684430773379503, 5.000000000000000000 ) ) ;
#3791 = ORIENTED_EDGE ( 'NONE', *, *, #4948, .T. ) ;
#3792 = ORIENTED_EDGE ( 'NONE', *, *, #192, .T. ) ;
#3793 = ADVANCED_FACE ( 'NONE', ( #578 ), #1908, .T. ) ;
#3794 = CIRCLE ( 'NONE', #1464, 16.52862817102734638 ) ;
#3795 = VECTOR ( 'NONE', #2270, 1000.000000000000000 ) ;
#3796 = AXIS2_PLACEMENT_3D ( 'NONE', #186, #1958, #3732 ) ;
#3797 = DIRECTION ( 'NONE',  ( -0.9659258262890685343, 0.2588190451025196848, 0.000000000000000000 ) ) ;
#3798 = DIRECTION ( 'NONE',  ( 1.000000000000000000, 0.000000000000000000, 0.000000000000000000 ) ) ;
#3799 = DIRECTION ( 'NONE',  ( -0.000000000000000000, -0.000000000000000000, -1.000000000000000000 ) ) ;
#3800 = ORIENTED_EDGE ( 'NONE', *, *, #740, .F. ) ;
#3801 = ORIENTED_EDGE ( 'NONE', *, *, #1377, .F. ) ;
#3802 = VERTEX_POINT ( 'NONE', #3260 ) ;
#3803 = ORIENTED_EDGE ( 'NONE', *, *, #458, .F. ) ;
#3804 = VECTOR ( 'NONE', #1057, 1000.000000000000000 ) ;
#3805 = CIRCLE ( 'NONE', #745, 18.52682817102719781 ) ;
#3806 = DIRECTION ( 'NONE',  ( -0.8660254037844387076, 0.4999999999999998890, 0.000000000000000000 ) ) ;
#3807 = FACE_OUTER_BOUND ( 'NONE', #5417, .T. ) ;
#3808 = EDGE_CURVE ( 'NONE', #4475, #1641, #5016, .T. ) ;
#3809 = DIRECTION ( 'NONE',  ( -0.000000000000000000, -0.000000000000000000, 1.000000000000000000 ) ) ;
#3810 = EDGE_LOOP ( 'NONE', ( #3315, #3233, #2383, #3830 ) ) ;
#3811 = DIRECTION ( 'NONE',  ( 0.000000000000000000, 0.000000000000000000, 1.000000000000000000 ) ) ;
#3812 = DIRECTION ( 'NONE',  ( 0.000000000000000000, 0.000000000000000000, -1.000000000000000000 ) ) ;
#3813 = FACE_OUTER_BOUND ( 'NONE', #1985, .T. ) ;
#3814 = EDGE_CURVE ( 'NONE', #4053, #5676, #717, .T. ) ;
#3815 = FACE_OUTER_BOUND ( 'NONE', #3264, .T. ) ;
#3816 = CARTESIAN_POINT ( 'NONE',  ( 3.117691453623979925, 1.800000000000000044, 6.500000000000000000 ) ) ;
#3817 = CARTESIAN_POINT ( 'NONE',  ( 9.093435290907079249, -15.81469496456674939, 5.002000000000000668 ) ) ;
#3818 = CARTESIAN_POINT ( 'NONE',  ( -11.18896446287262059, 14.22330004254517810, -5.000000000000000000 ) ) ;
#3819 = ORIENTED_EDGE ( 'NONE', *, *, #2232, .F. ) ;
#3820 = ORIENTED_EDGE ( 'NONE', *, *, #2949, .F. ) ;
#3821 = DIRECTION ( 'NONE',  ( 0.000000000000000000, 0.000000000000000000, 1.000000000000000000 ) ) ;
#3822 = ADVANCED_FACE ( 'NONE', ( #781 ), #2969, .F. ) ;
#3823 = EDGE_CURVE ( 'NONE', #457, #4782, #850, .T. ) ;
#3824 = AXIS2_PLACEMENT_3D ( 'NONE', #4838, #5, #4397 ) ;
#3825 = DIRECTION ( 'NONE',  ( 0.000000000000000000, 0.000000000000000000, -1.000000000000000000 ) ) ;
#3826 = DIRECTION ( 'NONE',  ( 0.000000000000000000, 0.000000000000000000, -1.000000000000000000 ) ) ;
#3827 = EDGE_LOOP ( 'NONE', ( #1352, #2223, #1530, #2439 ) ) ;
#3828 = ORIENTED_EDGE ( 'NONE', *, *, #4155, .T. ) ;
#3829 = ORIENTED_EDGE ( 'NONE', *, *, #1028, .T. ) ;
#3830 = ORIENTED_EDGE ( 'NONE', *, *, #4462, .F. ) ;
#3831 = VECTOR ( 'NONE', #352, 1000.000000000000000 ) ;
#3832 = ADVANCED_FACE ( 'NONE', ( #1624 ), #5249, .T. ) ;
#3833 = CARTESIAN_POINT ( 'NONE',  ( 8.402566836762750083E-16, -7.112366251504909087E-14, 5.002000000000000668 ) ) ;
#3834 = DIRECTION ( 'NONE',  ( -1.000000000000000000, 0.000000000000000000, 0.000000000000000000 ) ) ;
#3835 = ADVANCED_FACE ( 'NONE', ( #1735 ), #3052, .T. ) ;
#3836 = DIRECTION ( 'NONE',  ( 0.000000000000000000, 0.000000000000000000, -1.000000000000000000 ) ) ;
#3837 = ORIENTED_EDGE ( 'NONE', *, *, #2219, .F. ) ;
#3838 = DIRECTION ( 'NONE',  ( 0.7071067811865475727, 0.7071067811865475727, 0.000000000000000000 ) ) ;
#3839 = DIRECTION ( 'NONE',  ( 0.9659258262890689783, -0.2588190451025180194, 0.000000000000000000 ) ) ;
#3840 = CARTESIAN_POINT ( 'NONE',  ( -9.757819552369539906E-16, 2.376571162088224710E-13, -5.000000000000000000 ) ) ;
#3841 = VERTEX_POINT ( 'NONE', #4694 ) ;
#3842 = DIRECTION ( 'NONE',  ( -1.000000000000000000, 0.000000000000000000, 0.000000000000000000 ) ) ;
#3843 = LINE ( 'NONE', #4249, #360 ) ;
#3844 = FACE_OUTER_BOUND ( 'NONE', #1018, .T. ) ;
#3845 = FACE_OUTER_BOUND ( 'NONE', #3259, .T. ) ;
#3846 = CARTESIAN_POINT ( 'NONE',  ( -18.95497617776954868, 3.486372301280752233E-15, -6.500000000000000000 ) ) ;
#3847 = ORIENTED_EDGE ( 'NONE', *, *, #4578, .T. ) ;
#3848 = CARTESIAN_POINT ( 'NONE',  ( 8.583684430773390162, 14.12501011712842036, -5.000000000000000000 ) ) ;
#3849 = AXIS2_PLACEMENT_3D ( 'NONE', #2451, #4210, #219 ) ;
#3850 = CARTESIAN_POINT ( 'NONE',  ( 16.52445980553209637, -0.3711837165545144868, 5.000000000000000000 ) ) ;
#3851 = DIRECTION ( 'NONE',  ( 1.000000000000000000, 0.000000000000000000, 0.000000000000000000 ) ) ;
#3852 = ORIENTED_EDGE ( 'NONE', *, *, #3665, .T. ) ;
#3853 = EDGE_LOOP ( 'NONE', ( #3682, #4108, #5557, #2831 ) ) ;
#3854 = AXIS2_PLACEMENT_3D ( 'NONE', #5404, #3695, #4538 ) ;
#3855 = ORIENTED_EDGE ( 'NONE', *, *, #5563, .F. ) ;
#3856 = ORIENTED_EDGE ( 'NONE', *, *, #4578, .F. ) ;
#3857 = EDGE_CURVE ( 'NONE', #3155, #3015, #5645, .T. ) ;
#3858 = EDGE_CURVE ( 'NONE', #925, #3110, #4377, .T. ) ;
#3859 = AXIS2_PLACEMENT_3D ( 'NONE', #4736, #3811, #1662 ) ;
#3860 = DIRECTION ( 'NONE',  ( -0.000000000000000000, -0.000000000000000000, -1.000000000000000000 ) ) ;
#3861 = DIRECTION ( 'NONE',  ( 0.9659258262890685343, -0.2588190451025196848, 0.000000000000000000 ) ) ;
#3862 = LINE ( 'NONE', #4758, #3689 ) ;
#3863 = AXIS2_PLACEMENT_3D ( 'NONE', #176, #2369, #2402 ) ;
#3864 = VERTEX_POINT ( 'NONE', #2542 ) ;
#3865 = EDGE_CURVE ( 'NONE', #4485, #4819, #5112, .T. ) ;
#3866 = CARTESIAN_POINT ( 'NONE',  ( -18.24264523787019954, -0.03220151268792335181, 5.000000000000000000 ) ) ;
#3867 = ORIENTED_EDGE ( 'NONE', *, *, #2354, .T. ) ;
#3868 = AXIS2_PLACEMENT_3D ( 'NONE', #743, #3908, #2551 ) ;
#3869 = CARTESIAN_POINT ( 'NONE',  ( -9.757819552369539906E-16, 2.376571162088224710E-13, 5.000000000000000000 ) ) ;
#3870 = CARTESIAN_POINT ( 'NONE',  ( -15.86533307656285174, -4.635380845820789908, 5.002000000000000668 ) ) ;
#3871 = LINE ( 'NONE', #1663, #182 ) ;
#3872 = CIRCLE ( 'NONE', #3318, 18.52682817102719781 ) ;
#3873 = AXIS2_PLACEMENT_3D ( 'NONE', #600, #5097, #1130 ) ;
#3874 = ORIENTED_EDGE ( 'NONE', *, *, #5591, .T. ) ;
#3875 = DIRECTION ( 'NONE',  ( 0.000000000000000000, 0.000000000000000000, -1.000000000000000000 ) ) ;
#3876 = CARTESIAN_POINT ( 'NONE',  ( -17.20080094608644927, -6.883008709270070469, 5.000000000000000000 ) ) ;
#3877 = CYLINDRICAL_SURFACE ( 'NONE', #1754, 0.4299999999999997713 ) ;
#3878 = VECTOR ( 'NONE', #3809, 1000.000000000000000 ) ;
#3879 = ORIENTED_EDGE ( 'NONE', *, *, #2336, .T. ) ;
#3880 = DIRECTION ( 'NONE',  ( 0.000000000000000000, 0.000000000000000000, 1.000000000000000000 ) ) ;
#3881 = AXIS2_PLACEMENT_3D ( 'NONE', #1854, #614, #4088 ) ;
#3882 = FACE_OUTER_BOUND ( 'NONE', #2420, .T. ) ;
#3883 = CARTESIAN_POINT ( 'NONE',  ( -14.22330004254519942, 11.18896446287262059, -5.000000000000000000 ) ) ;
#3884 = EDGE_CURVE ( 'NONE', #3454, #2122, #5297, .T. ) ;
#3885 = CARTESIAN_POINT ( 'NONE',  ( -11.52853332705895895, 13.95949521606318022, 5.000000000000000000 ) ) ;
#3886 = VERTEX_POINT ( 'NONE', #3892 ) ;
#3887 = CIRCLE ( 'NONE', #4161, 1.764902496759994888 ) ;
#3888 = ORIENTED_EDGE ( 'NONE', *, *, #2918, .F. ) ;
#3889 = ORIENTED_EDGE ( 'NONE', *, *, #4835, .T. ) ;
#3890 = CIRCLE ( 'NONE', #1463, 1.764902496759995998 ) ;
#3891 = AXIS2_PLACEMENT_3D ( 'NONE', #299, #4750, #5637 ) ;
#3892 = CARTESIAN_POINT ( 'NONE',  ( 11.45482623011523948, 14.56126086974063938, 5.000000000000000000 ) ) ;
#3893 = EDGE_CURVE ( 'NONE', #692, #4661, #2145, .T. ) ;
#3894 = AXIS2_PLACEMENT_3D ( 'NONE', #4077, #96, #3641 ) ;
#3895 = EDGE_CURVE ( 'NONE', #4782, #1585, #2407, .T. ) ;
#3896 = ORIENTED_EDGE ( 'NONE', *, *, #4788, .F. ) ;
#3897 = VECTOR ( 'NONE', #3040, 1000.000000000000000 ) ;
#3898 = ORIENTED_EDGE ( 'NONE', *, *, #511, .T. ) ;
#3899 = AXIS2_PLACEMENT_3D ( 'NONE', #2806, #653, #150 ) ;
#3900 = ORIENTED_EDGE ( 'NONE', *, *, #873, .T. ) ;
#3901 = ADVANCED_FACE ( 'NONE', ( #4712 ), #5121, .T. ) ;
#3902 = CARTESIAN_POINT ( 'NONE',  ( -8.583684430773411478, 14.12501011712842036, -5.000000000000000000 ) ) ;
#3903 = DIRECTION ( 'NONE',  ( 0.000000000000000000, 0.000000000000000000, 1.000000000000000000 ) ) ;
#3904 = AXIS2_PLACEMENT_3D ( 'NONE', #1219, #5218, #728 ) ;
#3905 = ORIENTED_EDGE ( 'NONE', *, *, #4529, .T. ) ;
#3906 = DIRECTION ( 'NONE',  ( -0.4999999999999998890, -0.8660254037844387076, 0.000000000000000000 ) ) ;
#3907 = DIRECTION ( 'NONE',  ( -0.000000000000000000, -0.000000000000000000, 1.000000000000000000 ) ) ;
#3908 = DIRECTION ( 'NONE',  ( 0.000000000000000000, 0.000000000000000000, 1.000000000000000000 ) ) ;
#3909 = CARTESIAN_POINT ( 'NONE',  ( 7.126448808901080234, 16.63456994411954781, 5.002000000000000668 ) ) ;
#3910 = ORIENTED_EDGE ( 'NONE', *, *, #283, .F. ) ;
#3911 = CYLINDRICAL_SURFACE ( 'NONE', #1267, 0.4299999999999998268 ) ;
#3912 = EDGE_CURVE ( 'NONE', #1749, #598, #3012, .T. ) ;
#3913 = DIRECTION ( 'NONE',  ( 0.4999999999999999445, -0.8660254037844387076, 0.000000000000000000 ) ) ;
#3914 = DIRECTION ( 'NONE',  ( 0.7071067811865475727, -0.7071067811865475727, 0.000000000000000000 ) ) ;
#3915 = ORIENTED_EDGE ( 'NONE', *, *, #2965, .F. ) ;
#3916 = EDGE_LOOP ( 'NONE', ( #2146, #4120, #687, #1239 ) ) ;
#3917 = VERTEX_POINT ( 'NONE', #3790 ) ;
#3918 = EDGE_LOOP ( 'NONE', ( #4145, #4861, #3474, #3791 ) ) ;
#3919 = PRODUCT ( 'transfer motor pully', 'transfer motor pully', '', ( #2293 ) ) ;
#3920 = VECTOR ( 'NONE', #4924, 1000.000000000000000 ) ;
#3921 = DIRECTION ( 'NONE',  ( 0.000000000000000000, 0.000000000000000000, -1.000000000000000000 ) ) ;
#3922 = ORIENTED_EDGE ( 'NONE', *, *, #4141, .T. ) ;
#3923 = CIRCLE ( 'NONE', #5598, 1.000000000000000222 ) ;
#3924 = EDGE_CURVE ( 'NONE', #1229, #4775, #771, .T. ) ;
#3925 = VERTEX_POINT ( 'NONE', #2553 ) ;
#3926 = CYLINDRICAL_SURFACE ( 'NONE', #714, 0.4299999999999998823 ) ;
#3927 = FACE_OUTER_BOUND ( 'NONE', #3196, .T. ) ;
#3928 = EDGE_CURVE ( 'NONE', #2908, #4536, #269, .T. ) ;
#3929 = AXIS2_PLACEMENT_3D ( 'NONE', #1453, #4195, #3362 ) ;
#3930 = ORIENTED_EDGE ( 'NONE', *, *, #4585, .F. ) ;
#3931 = CYLINDRICAL_SURFACE ( 'NONE', #5498, 0.4299999999999998823 ) ;
#3932 = CYLINDRICAL_SURFACE ( 'NONE', #895, 16.52862817102735349 ) ;
#3933 = DIRECTION ( 'NONE',  ( 0.7071067811865475727, 0.7071067811865475727, 0.000000000000000000 ) ) ;
#3934 = ORIENTED_EDGE ( 'NONE', *, *, #1069, .F. ) ;
#3935 = CARTESIAN_POINT ( 'NONE',  ( 7.295780857526789731, -17.02982512410865112, -5.000000000000000000 ) ) ;
#3936 = ORIENTED_EDGE ( 'NONE', *, *, #818, .F. ) ;
#3937 = AXIS2_PLACEMENT_3D ( 'NONE', #2568, #587, #4267 ) ;
#3938 = DIRECTION ( 'NONE',  ( 0.9659258262890680902, -0.2588190451025215166, 0.000000000000000000 ) ) ;
#3939 = DIRECTION ( 'NONE',  ( -0.000000000000000000, -0.000000000000000000, 1.000000000000000000 ) ) ;
#3940 = DIRECTION ( 'NONE',  ( 1.000000000000000000, 0.000000000000000000, 0.000000000000000000 ) ) ;
#3941 = ORIENTED_EDGE ( 'NONE', *, *, #583, .T. ) ;
#3942 = DIRECTION ( 'NONE',  ( 0.000000000000000000, 1.000000000000000000, 0.000000000000000000 ) ) ;
#3943 = ORIENTED_EDGE ( 'NONE', *, *, #1920, .T. ) ;
#3944 = ORIENTED_EDGE ( 'NONE', *, *, #2017, .F. ) ;
#3945 = AXIS2_PLACEMENT_3D ( 'NONE', #5280, #4380, #2172 ) ;
#3946 = CIRCLE ( 'NONE', #1164, 16.52862817102735349 ) ;
#3947 = ORIENTED_EDGE ( 'NONE', *, *, #1645, .T. ) ;
#3948 = ORIENTED_EDGE ( 'NONE', *, *, #1682, .F. ) ;
#3949 = EDGE_LOOP ( 'NONE', ( #2344, #5454, #2593, #3614 ) ) ;
#3950 = VERTEX_POINT ( 'NONE', #4774 ) ;
#3951 = DIRECTION ( 'NONE',  ( -0.000000000000000000, 0.000000000000000000, 1.000000000000000000 ) ) ;
#3952 = CIRCLE ( 'NONE', #4323, 1.000000000000000000 ) ;
#3953 = EDGE_CURVE ( 'NONE', #4326, #1768, #793, .T. ) ;
#3954 = CIRCLE ( 'NONE', #5156, 0.4299999999999998268 ) ;
#3955 = CIRCLE ( 'NONE', #3676, 16.52862817102733928 ) ;
#3956 = EDGE_LOOP ( 'NONE', ( #899, #5608, #2884, #1817 ) ) ;
#3957 = LINE ( 'NONE', #110, #2998 ) ;
#3958 = DIRECTION ( 'NONE',  ( -0.7071067811865475727, 0.7071067811865475727, 0.000000000000000000 ) ) ;
#3959 = CARTESIAN_POINT ( 'NONE',  ( -18.02275782191794562, 1.718949636520935131, 5.002000000000000668 ) ) ;
#3960 = ORIENTED_EDGE ( 'NONE', *, *, #2161, .T. ) ;
#3961 = DIRECTION ( 'NONE',  ( 0.000000000000000000, 0.000000000000000000, 1.000000000000000000 ) ) ;
#3962 = ORIENTED_EDGE ( 'NONE', *, *, #5063, .T. ) ;
#3963 = VECTOR ( 'NONE', #1700, 1000.000000000000000 ) ;
#3964 = CARTESIAN_POINT ( 'NONE',  ( 1.078460969082649656, 3.600000000000000089, -6.500000000000000000 ) ) ;
#3965 = DIRECTION ( 'NONE',  ( 0.000000000000000000, 1.000000000000000000, 0.000000000000000000 ) ) ;
#3966 = DIRECTION ( 'NONE',  ( 0.000000000000000000, 0.000000000000000000, 1.000000000000000000 ) ) ;
#3967 = EDGE_CURVE ( 'NONE', #4261, #934, #5093, .T. ) ;
#3968 = VERTEX_POINT ( 'NONE', #278 ) ;
#3969 = CYLINDRICAL_SURFACE ( 'NONE', #4841, 18.52682817102719781 ) ;
#3970 = VERTEX_POINT ( 'NONE', #2051 ) ;
#3971 = ORIENTED_EDGE ( 'NONE', *, *, #668, .T. ) ;
#3972 = EDGE_CURVE ( 'NONE', #2539, #3152, #5689, .T. ) ;
#3973 = DIRECTION ( 'NONE',  ( 0.000000000000000000, 0.000000000000000000, -1.000000000000000000 ) ) ;
#3974 = CARTESIAN_POINT ( 'NONE',  ( 3.656921938165306418, -0.8660254037844381525, -6.500000000000000000 ) ) ;
#3975 = ORIENTED_EDGE ( 'NONE', *, *, #480, .F. ) ;
#3976 = AXIS2_PLACEMENT_3D ( 'NONE', #1231, #436, #2215 ) ;
#3977 = AXIS2_PLACEMENT_3D ( 'NONE', #1957, #185, #3756 ) ;
#3978 = FACE_OUTER_BOUND ( 'NONE', #1198, .T. ) ;
#3979 = ADVANCED_FACE ( 'NONE', ( #1292 ), #1345, .T. ) ;
#3980 = AXIS2_PLACEMENT_3D ( 'NONE', #4389, #2240, #4007 ) ;
#3981 = AXIS2_PLACEMENT_3D ( 'NONE', #5503, #1122, #2833 ) ;
#3982 = LINE ( 'NONE', #4876, #1982 ) ;
#3983 = CARTESIAN_POINT ( 'NONE',  ( -2.578277445616409924, -17.91222139392874979, 5.002000000000000668 ) ) ;
#3984 = CARTESIAN_POINT ( 'NONE',  ( -9.757819552369539906E-16, 2.376571162088224710E-13, -5.000000000000000000 ) ) ;
#3985 = VERTEX_POINT ( 'NONE', #4890 ) ;
#3986 = CARTESIAN_POINT ( 'NONE',  ( -0.3711837165545134876, -16.52445980553209637, 5.000000000000000000 ) ) ;
#3987 = ADVANCED_FACE ( 'NONE', ( #2669 ), #3969, .T. ) ;
#3988 = DIRECTION ( 'NONE',  ( -0.000000000000000000, -0.000000000000000000, 1.000000000000000000 ) ) ;
#3989 = DIRECTION ( 'NONE',  ( 0.000000000000000000, 0.000000000000000000, 1.000000000000000000 ) ) ;
#3990 = DIRECTION ( 'NONE',  ( 1.000000000000000000, 0.000000000000000000, 0.000000000000000000 ) ) ;
#3991 = ORIENTED_EDGE ( 'NONE', *, *, #5710, .F. ) ;
#3992 = EDGE_LOOP ( 'NONE', ( #3174, #3455, #333, #504 ) ) ;
#3993 = EDGE_CURVE ( 'NONE', #914, #4633, #1141, .T. ) ;
#3994 = DIRECTION ( 'NONE',  ( 0.000000000000000000, 0.000000000000000000, 1.000000000000000000 ) ) ;
#3995 = DIRECTION ( 'NONE',  ( -0.7071067811865472397, -0.7071067811865480168, 0.000000000000000000 ) ) ;
#3996 = CARTESIAN_POINT ( 'NONE',  ( -7.126448808901090004, 16.63456994411954781, 5.000000000000000000 ) ) ;
#3997 = ORIENTED_EDGE ( 'NONE', *, *, #496, .T. ) ;
#3998 = AXIS2_PLACEMENT_3D ( 'NONE', #3399, #2537, #3048 ) ;
#3999 = EDGE_CURVE ( 'NONE', #598, #5476, #4468, .T. ) ;
#4000 = CYLINDRICAL_SURFACE ( 'NONE', #4691, 16.52862817102734638 ) ;
#4001 = CARTESIAN_POINT ( 'NONE',  ( -3.004255121577025012, 17.85354414464755024, 5.002000000000000668 ) ) ;
#4002 = EDGE_CURVE ( 'NONE', #3049, #2362, #2641, .T. ) ;
#4003 = EDGE_CURVE ( 'NONE', #215, #956, #4484, .T. ) ;
#4004 = DIRECTION ( 'NONE',  ( 0.000000000000000000, 0.000000000000000000, 1.000000000000000000 ) ) ;
#4005 = DIRECTION ( 'NONE',  ( 0.000000000000000000, 0.000000000000000000, 1.000000000000000000 ) ) ;
#4006 = CARTESIAN_POINT ( 'NONE',  ( -2.145599264782074744, 17.96918455708715001, -5.000000000000000000 ) ) ;
#4007 = DIRECTION ( 'NONE',  ( 0.000000000000000000, 1.000000000000000000, 0.000000000000000000 ) ) ;
#4008 = VERTEX_POINT ( 'NONE', #948 ) ;
#4009 = ADVANCED_FACE ( 'NONE', ( #2284 ), #3079, .F. ) ;
#4010 = DIRECTION ( 'NONE',  ( -1.000000000000000000, 0.000000000000000000, 0.000000000000000000 ) ) ;
#4011 = ORIENTED_EDGE ( 'NONE', *, *, #797, .F. ) ;
#4012 = CARTESIAN_POINT ( 'NONE',  ( 6.325010817588579748, -16.96375033764019946, -5.000000000000000000 ) ) ;
#4013 = DIRECTION ( 'NONE',  ( 1.000000000000000000, 0.000000000000000000, 0.000000000000000000 ) ) ;
#4014 = DIRECTION ( 'NONE',  ( -0.000000000000000000, -0.000000000000000000, -1.000000000000000000 ) ) ;
#4015 = CARTESIAN_POINT ( 'NONE',  ( 14.49619383368293946, -7.940775374758719529, 5.002000000000000668 ) ) ;
#4016 = EDGE_LOOP ( 'NONE', ( #4338, #2214, #1649, #3478 ) ) ;
#4017 = VERTEX_POINT ( 'NONE', #1261 ) ;
#4018 = AXIS2_PLACEMENT_3D ( 'NONE', #5437, #3542, #4501 ) ;
#4019 = CARTESIAN_POINT ( 'NONE',  ( 10.50003296401212083, 14.74869130177516041, -5.000000000000000000 ) ) ;
#4020 = CARTESIAN_POINT ( 'NONE',  ( -9.757819552369539906E-16, 2.376571162088224710E-13, 5.000000000000000000 ) ) ;
#4021 = ORIENTED_EDGE ( 'NONE', *, *, #3656, .F. ) ;
#4022 = CARTESIAN_POINT ( 'NONE',  ( -12.87672824649239978, 12.92226806246459958, 5.002000000000000668 ) ) ;
#4023 = AXIS2_PLACEMENT_3D ( 'NONE', #2009, #3784, #4247 ) ;
#4024 = ORIENTED_EDGE ( 'NONE', *, *, #2274, .F. ) ;
#4025 = VERTEX_POINT ( 'NONE', #2224 ) ;
#4026 = AXIS2_PLACEMENT_3D ( 'NONE', #1010, #5423, #1435 ) ;
#4027 = CARTESIAN_POINT ( 'NONE',  ( -9.149209946963129170, 15.78249345187885133, 5.000000000000000000 ) ) ;
#4028 = DIRECTION ( 'NONE',  ( 0.7071067811865475727, -0.7071067811865475727, 0.000000000000000000 ) ) ;
#4029 = EDGE_CURVE ( 'NONE', #4782, #934, #857, .T. ) ;
#4030 = CIRCLE ( 'NONE', #3854, 1.764902496759994888 ) ;
#4031 = CARTESIAN_POINT ( 'NONE',  ( 3.004255121577009469, 17.85354414464755024, 5.002000000000000668 ) ) ;
#4032 = AXIS2_PLACEMENT_3D ( 'NONE', #3657, #5497, #521 ) ;
#4033 = ORIENTED_EDGE ( 'NONE', *, *, #2088, .T. ) ;
#4034 = EDGE_CURVE ( 'NONE', #1468, #38, #1691, .T. ) ;
#4035 = CARTESIAN_POINT ( 'NONE',  ( -17.62937653985285280, 4.690439747858770048, 5.000000000000000000 ) ) ;
#4036 = CARTESIAN_POINT ( 'NONE',  ( -7.522724857905819462, 16.46764093829609976, 5.000000000000000000 ) ) ;
#4037 = ORIENTED_EDGE ( 'NONE', *, *, #1793, .T. ) ;
#4038 = AXIS2_PLACEMENT_3D ( 'NONE', #5224, #3032, #4848 ) ;
#4039 = CIRCLE ( 'NONE', #1257, 0.4299999999999998823 ) ;
#4040 = LINE ( 'NONE', #2661, #1726 ) ;
#4041 = ORIENTED_EDGE ( 'NONE', *, *, #5351, .F. ) ;
#4042 = DIRECTION ( 'NONE',  ( -0.8660254037844390407, -0.4999999999999993894, 0.000000000000000000 ) ) ;
#4043 = FACE_OUTER_BOUND ( 'NONE', #2111, .T. ) ;
#4044 = DIRECTION ( 'NONE',  ( -0.7071067811865475727, -0.7071067811865475727, 0.000000000000000000 ) ) ;
#4045 = DIRECTION ( 'NONE',  ( 0.000000000000000000, 0.000000000000000000, 1.000000000000000000 ) ) ;
#4046 = ORIENTED_EDGE ( 'NONE', *, *, #3823, .F. ) ;
#4047 = CARTESIAN_POINT ( 'NONE',  ( 17.61270781032335009, 4.752648293360449472, 5.002000000000000668 ) ) ;
#4048 = EDGE_LOOP ( 'NONE', ( #722, #3620, #2643, #5271 ) ) ;
#4049 = VECTOR ( 'NONE', #4716, 1000.000000000000000 ) ;
#4050 = LINE ( 'NONE', #128, #3337 ) ;
#4051 = CARTESIAN_POINT ( 'NONE',  ( 13.95949521606318022, -11.52853332705895895, -5.000000000000000000 ) ) ;
#4052 = ORIENTED_EDGE ( 'NONE', *, *, #286, .F. ) ;
#4053 = VERTEX_POINT ( 'NONE', #2192 ) ;
#4054 = AXIS2_PLACEMENT_3D ( 'NONE', #461, #4004, #22 ) ;
#4055 = CARTESIAN_POINT ( 'NONE',  ( -11.94702410697802009, 11.42209106089456050, 5.000000000000000000 ) ) ;
#4056 = AXIS2_PLACEMENT_3D ( 'NONE', #2356, #3138, #1434 ) ;
#4057 = DIRECTION ( 'NONE',  ( -0.5000000000000001110, -0.8660254037844385966, 0.000000000000000000 ) ) ;
#4058 = CARTESIAN_POINT ( 'NONE',  ( -7.511572993685800087E-16, -3.600000000000000089, 6.500000000000000000 ) ) ;
#4059 = CIRCLE ( 'NONE', #168, 0.4299999999999998823 ) ;
#4060 = AXIS2_PLACEMENT_3D ( 'NONE', #4083, #569, #1816 ) ;
#4061 = VECTOR ( 'NONE', #2665, 1000.000000000000000 ) ;
#4062 = CARTESIAN_POINT ( 'NONE',  ( -11.10037075072117929, 14.83324412511671930, 5.000000000000000000 ) ) ;
#4063 = ADVANCED_FACE ( 'NONE', ( #5416 ), #2839, .T. ) ;
#4064 = CARTESIAN_POINT ( 'NONE',  ( 7.940775374758719529, 14.49619383368293946, 5.002000000000000668 ) ) ;
#4065 = VECTOR ( 'NONE', #913, 1000.000000000000000 ) ;
#4066 = CARTESIAN_POINT ( 'NONE',  ( 2.145599264782074744, -17.96918455708715001, 5.002000000000000668 ) ) ;
#4067 = DIRECTION ( 'NONE',  ( 0.5000000000000013323, -0.8660254037844379305, 0.000000000000000000 ) ) ;
#4068 = DIRECTION ( 'NONE',  ( 0.000000000000000000, 0.000000000000000000, 1.000000000000000000 ) ) ;
#4069 = CARTESIAN_POINT ( 'NONE',  ( 1.078460969082649656, 3.600000000000000089, -6.500000000000000000 ) ) ;
#4070 = AXIS2_PLACEMENT_3D ( 'NONE', #230, #5231, #2010 ) ;
#4071 = VECTOR ( 'NONE', #4870, 1000.000000000000000 ) ;
#4072 = AXIS2_PLACEMENT_3D ( 'NONE', #4309, #2924, #4679 ) ;
#4073 = ORIENTED_EDGE ( 'NONE', *, *, #1701, .F. ) ;
#4074 = ADVANCED_FACE ( 'NONE', ( #4600 ), #2348, .T. ) ;
#4075 = CARTESIAN_POINT ( 'NONE',  ( 7.295780857526780849, 17.02982512410865112, 5.000000000000000000 ) ) ;
#4076 = VECTOR ( 'NONE', #2523, 1000.000000000000000 ) ;
#4077 = CARTESIAN_POINT ( 'NONE',  ( 15.81469496456674939, -9.093435290907070367, -5.000000000000000000 ) ) ;
#4078 = LINE ( 'NONE', #3131, #736 ) ;
#4079 = DIRECTION ( 'NONE',  ( 0.000000000000000000, 0.000000000000000000, 1.000000000000000000 ) ) ;
#4080 = ORIENTED_EDGE ( 'NONE', *, *, #5642, .F. ) ;
#4081 = EDGE_CURVE ( 'NONE', #2448, #846, #631, .T. ) ;
#4082 = ADVANCED_FACE ( 'NONE', ( #2438 ), #3245, .T. ) ;
#4083 = CARTESIAN_POINT ( 'NONE',  ( -6.201502689006168382E-14, 3.483414762376119677E-14, 5.002000000000000668 ) ) ;
#4084 = ORIENTED_EDGE ( 'NONE', *, *, #1507, .T. ) ;
#4085 = VERTEX_POINT ( 'NONE', #1892 ) ;
#4086 = ORIENTED_EDGE ( 'NONE', *, *, #4363, .T. ) ;
#4087 = EDGE_CURVE ( 'NONE', #2659, #1522, #2349, .T. ) ;
#4088 = DIRECTION ( 'NONE',  ( 0.7071067811865480168, -0.7071067811865470176, 0.000000000000000000 ) ) ;
#4089 = CARTESIAN_POINT ( 'NONE',  ( 17.62937653985285280, 4.690439747858779818, -5.000000000000000000 ) ) ;
#4090 = CYLINDRICAL_SURFACE ( 'NONE', #437, 1.764902496759995998 ) ;
#4091 = ORIENTED_EDGE ( 'NONE', *, *, #2140, .F. ) ;
#4092 = EDGE_CURVE ( 'NONE', #4321, #987, #2782, .T. ) ;
#4093 = CARTESIAN_POINT ( 'NONE',  ( -18.02275782191794562, -1.718949636520940016, 5.000000000000000000 ) ) ;
#4094 = AXIS2_PLACEMENT_3D ( 'NONE', #4197, #1841, #2412 ) ;
#4095 = DIRECTION ( 'NONE',  ( -0.000000000000000000, -0.000000000000000000, 1.000000000000000000 ) ) ;
#4096 = VERTEX_POINT ( 'NONE', #5510 ) ;
#4097 = DIRECTION ( 'NONE',  ( 0.000000000000000000, 0.000000000000000000, -1.000000000000000000 ) ) ;
#4098 = LINE ( 'NONE', #5388, #430 ) ;
#4099 = FACE_BOUND ( 'NONE', #5364, .T. ) ;
#4100 = ADVANCED_FACE ( 'NONE', ( #1427 ), #2754, .F. ) ;
#4101 = ORIENTED_EDGE ( 'NONE', *, *, #2540, .F. ) ;
#4102 = CARTESIAN_POINT ( 'NONE',  ( 17.20080094608644927, 6.883008709270060699, 5.000000000000000000 ) ) ;
#4103 = DIRECTION ( 'NONE',  ( 0.000000000000000000, 0.000000000000000000, 1.000000000000000000 ) ) ;
#4104 = DIRECTION ( 'NONE',  ( 0.4999999999999993894, -0.8660254037844390407, 0.000000000000000000 ) ) ;
#4105 = CARTESIAN_POINT ( 'NONE',  ( 17.62937653985285280, -4.690439747858770048, 5.002000000000000668 ) ) ;
#4106 = DIRECTION ( 'NONE',  ( -0.4999999999999999445, 0.8660254037844387076, 0.000000000000000000 ) ) ;
#4107 = ORIENTED_EDGE ( 'NONE', *, *, #4621, .T. ) ;
#4108 = ORIENTED_EDGE ( 'NONE', *, *, #2475, .F. ) ;
#4109 = CYLINDRICAL_SURFACE ( 'NONE', #1357, 1.000000000000000000 ) ;
#4110 = LINE ( 'NONE', #3169, #348 ) ;
#4111 = ORIENTED_EDGE ( 'NONE', *, *, #2261, .T. ) ;
#4112 = ORIENTED_EDGE ( 'NONE', *, *, #1896, .T. ) ;
#4113 = DIRECTION ( 'NONE',  ( 1.000000000000000000, 0.000000000000000000, 0.000000000000000000 ) ) ;
#4114 = ORIENTED_EDGE ( 'NONE', *, *, #3322, .T. ) ;
#4115 = EDGE_LOOP ( 'NONE', ( #1044, #5448, #1041, #2374, #1079, #4581, #5309, #547, #4292, #4791, #3216, #4275, #1688, #5188, #1776, #1760, #1833, #2671, #4263, #3290, #5040, #676, #5357, #5275, #3477, #3855, #3554, #2707, #4752, #4860, #3419, #512, #2359, #3091, #5350, #1994, #2132, #1655, #5762, #2139, #638, #2520, #1616, #1824, #3365, #4086, #3583, #2605, #4291, #1733, #2972, #3050, #4374, #3896, #959, #1020, #3564, #4174, #4759, #1428, #1694, #4046, #304, #4822, #319, #2554, #214, #1763, #3054, #3532, #190, #2058, #1402, #387, #4293, #60, #2126, #3948, #2446, #1490, #1376, #4568, #3001, #3164, #3377, #4073, #4328, #1986, #335, #863, #2070, #5741, #1650, #5580, #5489, #574, #2258, #5579, #2330, #3336, #1612, #4796, #3321, #599, #1478, #5643, #431, #5076, #5697, #4642, #2423, #24, #5771, #3311, #1034, #1363, #5041, #2907, #5614, #5136, #1505, #2544, #435, #4486, #5243, #2785, #2350, #2225, #5425, #3125, #2538, #3234, #715, #566, #3486, #4786, #5315, #2692, #130, #2505, #4207, #4665, #723, #2267 ) ) ;
#4116 = EDGE_CURVE ( 'NONE', #3687, #4284, #3179, .T. ) ;
#4117 = AXIS2_PLACEMENT_3D ( 'NONE', #3701, #2491, #625 ) ;
#4118 = CARTESIAN_POINT ( 'NONE',  ( -11.42209106089458004, 11.94702410697802009, -5.000000000000000000 ) ) ;
#4119 = ADVANCED_FACE ( 'NONE', ( #1927 ), #1959, .F. ) ;
#4120 = ORIENTED_EDGE ( 'NONE', *, *, #4092, .T. ) ;
#4121 = AXIS2_PLACEMENT_3D ( 'NONE', #196, #1139, #5646 ) ;
#4122 = CARTESIAN_POINT ( 'NONE',  ( 11.94702410697802009, -11.42209106089456050, 5.000000000000000000 ) ) ;
#4123 = DIRECTION ( 'NONE',  ( 1.000000000000000000, 0.000000000000000000, 0.000000000000000000 ) ) ;
#4124 = DIRECTION ( 'NONE',  ( -0.000000000000000000, 0.000000000000000000, 1.000000000000000000 ) ) ;
#4125 = CIRCLE ( 'NONE', #2655, 18.52682817102719781 ) ;
#4126 = CARTESIAN_POINT ( 'NONE',  ( -17.91222139392874979, 2.578277445616404595, 5.002000000000000668 ) ) ;
#4127 = DIRECTION ( 'NONE',  ( 0.000000000000000000, 0.000000000000000000, 1.000000000000000000 ) ) ;
#4128 = ORIENTED_EDGE ( 'NONE', *, *, #1598, .F. ) ;
#4129 = AXIS2_PLACEMENT_3D ( 'NONE', #3423, #2619, #5377 ) ;
#4130 = DIRECTION ( 'NONE',  ( 0.000000000000000000, 0.000000000000000000, 1.000000000000000000 ) ) ;
#4131 = ADVANCED_FACE ( 'NONE', ( #5032 ), #99, .F. ) ;
#4132 = AXIS2_PLACEMENT_3D ( 'NONE', #5521, #2887, #2364 ) ;
#4133 = CARTESIAN_POINT ( 'NONE',  ( -17.62937653985285280, -4.690439747858789588, 5.000000000000000000 ) ) ;
#4134 = DIRECTION ( 'NONE',  ( -0.000000000000000000, -0.000000000000000000, -1.000000000000000000 ) ) ;
#4135 = DIRECTION ( 'NONE',  ( 0.000000000000000000, 0.000000000000000000, 1.000000000000000000 ) ) ;
#4136 = AXIS2_PLACEMENT_3D ( 'NONE', #5138, #3442, #4650 ) ;
#4137 = EDGE_LOOP ( 'NONE', ( #976, #3425 ) ) ;
#4138 = EDGE_LOOP ( 'NONE', ( #4459, #1320, #804, #803 ) ) ;
#4139 = CARTESIAN_POINT ( 'NONE',  ( -14.49619383368293946, -7.940775374758739957, 5.002000000000000668 ) ) ;
#4140 = AXIS2_PLACEMENT_3D ( 'NONE', #932, #5435, #1391 ) ;
#4141 = EDGE_CURVE ( 'NONE', #2445, #2077, #108, .T. ) ;
#4142 = CARTESIAN_POINT ( 'NONE',  ( 0.3711837165545224804, -16.52445980553209637, 5.002000000000000668 ) ) ;
#4143 = CARTESIAN_POINT ( 'NONE',  ( -18.24264523787019954, -0.03220151268792335181, 5.002000000000000668 ) ) ;
#4144 = ORIENTED_EDGE ( 'NONE', *, *, #4116, .T. ) ;
#4145 = ORIENTED_EDGE ( 'NONE', *, *, #4087, .F. ) ;
#4146 = CIRCLE ( 'NONE', #2672, 0.4299999999999997713 ) ;
#4147 = EDGE_LOOP ( 'NONE', ( #545, #1179, #4696, #5104 ) ) ;
#4148 = EDGE_LOOP ( 'NONE', ( #3028, #5724, #4399, #3279 ) ) ;
#4149 = CIRCLE ( 'NONE', #1643, 16.52862817102735349 ) ;
#4150 = ADVANCED_FACE ( 'NONE', ( #1032 ), #157, .T. ) ;
#4151 = CARTESIAN_POINT ( 'NONE',  ( -9.757819552369539906E-16, 2.376571162088224710E-13, 5.000000000000000000 ) ) ;
#4152 = CARTESIAN_POINT ( 'NONE',  ( 15.81469496456674939, -9.093435290907070367, 5.000000000000000000 ) ) ;
#4153 = VECTOR ( 'NONE', #1879, 1000.000000000000000 ) ;
#4154 = ORIENTED_EDGE ( 'NONE', *, *, #286, .T. ) ;
#4155 = EDGE_CURVE ( 'NONE', #5096, #2795, #4945, .T. ) ;
#4156 = AXIS2_PLACEMENT_3D ( 'NONE', #2396, #4469, #5464 ) ;
#4157 = EDGE_CURVE ( 'NONE', #1702, #3970, #1306, .T. ) ;
#4158 = DIRECTION ( 'NONE',  ( 0.000000000000000000, 0.000000000000000000, -1.000000000000000000 ) ) ;
#4159 = DIRECTION ( 'NONE',  ( -0.000000000000000000, -0.000000000000000000, 1.000000000000000000 ) ) ;
#4160 = CARTESIAN_POINT ( 'NONE',  ( -4.156921938165305086, 1.301042606982603940E-15, 6.500000000000000000 ) ) ;
#4161 = AXIS2_PLACEMENT_3D ( 'NONE', #1846, #3590, #5305 ) ;
#4162 = DIRECTION ( 'NONE',  ( 1.000000000000000000, 0.000000000000000000, 0.000000000000000000 ) ) ;
#4163 = CARTESIAN_POINT ( 'NONE',  ( -9.757819552369539906E-16, 2.376571162088224710E-13, -5.000000000000000000 ) ) ;
#4164 = STYLED_ITEM ( 'NONE', ( #4544 ), #2453 ) ;
#4165 = EDGE_CURVE ( 'NONE', #659, #3525, #3621, .T. ) ;
#4166 = CARTESIAN_POINT ( 'NONE',  ( 4.156921938165305086, 1.084202172485504040E-15, -6.500000000000000000 ) ) ;
#4167 = AXIS2_PLACEMENT_3D ( 'NONE', #2984, #2066, #5118 ) ;
#4168 = LINE ( 'NONE', #3274, #2315 ) ;
#4169 = DIRECTION ( 'NONE',  ( 0.4999999999999998890, -0.8660254037844387076, 0.000000000000000000 ) ) ;
#4170 = DIRECTION ( 'NONE',  ( 0.000000000000000000, 0.000000000000000000, 1.000000000000000000 ) ) ;
#4171 = AXIS2_PLACEMENT_3D ( 'NONE', #311, #4789, #3000 ) ;
#4172 = DIRECTION ( 'NONE',  ( -0.4999999999999998890, -0.8660254037844387076, 0.000000000000000000 ) ) ;
#4173 = VERTEX_POINT ( 'NONE', #4969 ) ;
#4174 = ORIENTED_EDGE ( 'NONE', *, *, #905, .T. ) ;
#4175 = AXIS2_PLACEMENT_3D ( 'NONE', #4844, #2094, #2648 ) ;
#4176 = CARTESIAN_POINT ( 'NONE',  ( -11.18896446287262059, -14.22330004254519942, 5.002000000000000668 ) ) ;
#4177 = DIRECTION ( 'NONE',  ( -1.000000000000000000, 0.000000000000000000, 0.000000000000000000 ) ) ;
#4178 = ORIENTED_EDGE ( 'NONE', *, *, #708, .T. ) ;
#4179 = ORIENTED_EDGE ( 'NONE', *, *, #2461, .F. ) ;
#4180 = ORIENTED_EDGE ( 'NONE', *, *, #2454, .F. ) ;
#4181 = ADVANCED_FACE ( 'NONE', ( #5481 ), #969, .F. ) ;
#4182 = ADVANCED_FACE ( 'NONE', ( #1910 ), #1017, .T. ) ;
#4183 = DIRECTION ( 'NONE',  ( 1.000000000000000000, 0.000000000000000000, 0.000000000000000000 ) ) ;
#4184 = DIRECTION ( 'NONE',  ( 0.2588190451025210170, -0.9659258262890680902, 0.000000000000000000 ) ) ;
#4185 = EDGE_LOOP ( 'NONE', ( #4024, #2770, #3632, #2050 ) ) ;
#4186 = EDGE_CURVE ( 'NONE', #779, #167, #5397, .T. ) ;
#4187 = CARTESIAN_POINT ( 'NONE',  ( -3.628951489128790042E-14, 6.117477020638539264E-14, -5.000000000000000000 ) ) ;
#4188 = VERTEX_POINT ( 'NONE', #3686 ) ;
#4189 = DIRECTION ( 'NONE',  ( 0.7071067811865475727, 0.7071067811865475727, 0.000000000000000000 ) ) ;
#4190 = EDGE_CURVE ( 'NONE', #4368, #4396, #383, .T. ) ;
#4191 = DIRECTION ( 'NONE',  ( 0.2588190451025215166, -0.9659258262890680902, 0.000000000000000000 ) ) ;
#4192 = DIRECTION ( 'NONE',  ( 0.000000000000000000, -1.000000000000000000, 0.000000000000000000 ) ) ;
#4193 = DIRECTION ( 'NONE',  ( 1.000000000000000000, 0.000000000000000000, 0.000000000000000000 ) ) ;
#4194 = DIRECTION ( 'NONE',  ( 0.9659258262890680902, -0.2588190451025210170, 0.000000000000000000 ) ) ;
#4195 = DIRECTION ( 'NONE',  ( 0.000000000000000000, 0.000000000000000000, 1.000000000000000000 ) ) ;
#4196 = DIRECTION ( 'NONE',  ( 0.2588190451025196848, 0.9659258262890685343, 0.000000000000000000 ) ) ;
#4197 = CARTESIAN_POINT ( 'NONE',  ( 2.078460969082649878, 3.600000000000000089, -6.500000000000000000 ) ) ;
#4198 = ORIENTED_EDGE ( 'NONE', *, *, #4439, .T. ) ;
#4199 = ORIENTED_EDGE ( 'NONE', *, *, #3439, .F. ) ;
#4200 = EDGE_CURVE ( 'NONE', #984, #2801, #3957, .T. ) ;
#4201 = CARTESIAN_POINT ( 'NONE',  ( 2.078460969082649878, -3.600000000000000089, -6.500000000000000000 ) ) ;
#4202 = CARTESIAN_POINT ( 'NONE',  ( 14.83324412511671930, -11.10037075072115975, 5.000000000000000000 ) ) ;
#4203 = ADVANCED_FACE ( 'NONE', ( #983 ), #4527, .F. ) ;
#4204 = LINE ( 'NONE', #1183, #1716 ) ;
#4205 = EDGE_LOOP ( 'NONE', ( #2576, #276, #4602, #2104 ) ) ;
#4206 = ORIENTED_EDGE ( 'NONE', *, *, #5072, .F. ) ;
#4207 = ORIENTED_EDGE ( 'NONE', *, *, #4141, .F. ) ;
#4208 = DIRECTION ( 'NONE',  ( 0.2588190451025196848, 0.9659258262890685343, 0.000000000000000000 ) ) ;
#4209 = EDGE_CURVE ( 'NONE', #1641, #510, #860, .T. ) ;
#4210 = DIRECTION ( 'NONE',  ( 0.000000000000000000, 0.000000000000000000, 1.000000000000000000 ) ) ;
#4211 = ADVANCED_FACE ( 'NONE', ( #2798 ), #3931, .T. ) ;
#4212 = CIRCLE ( 'NONE', #4303, 1.764902496759997108 ) ;
#4213 = CYLINDRICAL_SURFACE ( 'NONE', #5074, 0.4299999999999998823 ) ;
#4214 = ORIENTED_EDGE ( 'NONE', *, *, #5358, .F. ) ;
#4215 = EDGE_CURVE ( 'NONE', #5708, #1818, #3735, .T. ) ;
#4216 = CARTESIAN_POINT ( 'NONE',  ( -17.62937653985285280, 4.690439747858770048, 5.002000000000000668 ) ) ;
#4217 = CARTESIAN_POINT ( 'NONE',  ( -15.78249345187885133, -9.149209946963129170, 5.002000000000000668 ) ) ;
#4218 = CIRCLE ( 'NONE', #3297, 1.764902496759994888 ) ;
#4219 = AXIS2_PLACEMENT_3D ( 'NONE', #670, #3319, #2055 ) ;
#4220 = CARTESIAN_POINT ( 'NONE',  ( 14.48897067933745930, -10.84273574818606001, 5.000000000000000000 ) ) ;
#4221 = EDGE_CURVE ( 'NONE', #947, #794, #1718, .T. ) ;
#4222 = DIRECTION ( 'NONE',  ( -1.000000000000000000, 0.000000000000000000, 0.000000000000000000 ) ) ;
#4223 = CYLINDRICAL_SURFACE ( 'NONE', #3977, 1.764902496759994888 ) ;
#4224 = DIRECTION ( 'NONE',  ( -0.000000000000000000, -0.000000000000000000, 1.000000000000000000 ) ) ;
#4225 = ORIENTED_EDGE ( 'NONE', *, *, #480, .T. ) ;
#4226 = DIRECTION ( 'NONE',  ( 0.000000000000000000, 0.000000000000000000, 1.000000000000000000 ) ) ;
#4227 = VECTOR ( 'NONE', #3661, 1000.000000000000000 ) ;
#4228 = CARTESIAN_POINT ( 'NONE',  ( 17.91222139392874979, -2.578277445616414809, 5.000000000000000000 ) ) ;
#4229 = FACE_OUTER_BOUND ( 'NONE', #4270, .T. ) ;
#4230 = DIRECTION ( 'NONE',  ( 0.000000000000000000, 0.000000000000000000, 1.000000000000000000 ) ) ;
#4231 = EDGE_LOOP ( 'NONE', ( #4378, #5511, #3649, #1722 ) ) ;
#4232 = EDGE_LOOP ( 'NONE', ( #877, #3194, #2163, #3693 ) ) ;
#4233 = VERTEX_POINT ( 'NONE', #1249 ) ;
#4234 = CIRCLE ( 'NONE', #5442, 16.52862817102734283 ) ;
#4235 = CARTESIAN_POINT ( 'NONE',  ( 7.295780857526780849, 17.02982512410865112, -5.000000000000000000 ) ) ;
#4236 = CARTESIAN_POINT ( 'NONE',  ( 6.848270805104349773E-14, 1.921978404781390092E-14, 5.000000000000000000 ) ) ;
#4237 = DIRECTION ( 'NONE',  ( 0.9659258262890680902, 0.2588190451025215166, 0.000000000000000000 ) ) ;
#4238 = EDGE_CURVE ( 'NONE', #4953, #3165, #4381, .T. ) ;
#4239 = DIRECTION ( 'NONE',  ( 0.9659258262890680902, -0.2588190451025210170, 0.000000000000000000 ) ) ;
#4240 = VECTOR ( 'NONE', #4312, 1000.000000000000000 ) ;
#4241 = FACE_OUTER_BOUND ( 'NONE', #1043, .T. ) ;
#4242 = ORIENTED_EDGE ( 'NONE', *, *, #4296, .F. ) ;
#4243 = DIRECTION ( 'NONE',  ( 0.000000000000000000, 0.000000000000000000, 1.000000000000000000 ) ) ;
#4244 = FACE_OUTER_BOUND ( 'NONE', #1120, .T. ) ;
#4245 = AXIS2_PLACEMENT_3D ( 'NONE', #2217, #1806, #4369 ) ;
#4246 = AXIS2_PLACEMENT_3D ( 'NONE', #363, #4371, #3503 ) ;
#4247 = DIRECTION ( 'NONE',  ( 0.8660254037844387076, 0.4999999999999999445, 0.000000000000000000 ) ) ;
#4248 = CARTESIAN_POINT ( 'NONE',  ( -16.52445980553209637, -0.3711837165545234796, 5.002000000000000668 ) ) ;
#4249 = CARTESIAN_POINT ( 'NONE',  ( -10.50003296401212083, -14.74869130177517995, 5.002000000000000668 ) ) ;
#4250 = DIRECTION ( 'NONE',  ( -0.7071067811865475727, -0.7071067811865475727, 0.000000000000000000 ) ) ;
#4251 = CYLINDRICAL_SURFACE ( 'NONE', #2324, 0.4299999999999998823 ) ;
#4252 = CARTESIAN_POINT ( 'NONE',  ( 2.196580998991910061, 18.39615160824795126, 5.000000000000000000 ) ) ;
#4253 = ORIENTED_EDGE ( 'NONE', *, *, #2713, .F. ) ;
#4254 = VERTEX_POINT ( 'NONE', #790 ) ;
#4255 = CIRCLE ( 'NONE', #1563, 1.764902496759993999 ) ;
#4256 = CARTESIAN_POINT ( 'NONE',  ( -11.52853332705895895, -13.95949521606320154, 5.002000000000000668 ) ) ;
#4257 = EDGE_CURVE ( 'NONE', #397, #3970, #5173, .T. ) ;
#4258 = CIRCLE ( 'NONE', #5279, 16.52862817102734994 ) ;
#4259 = CYLINDRICAL_SURFACE ( 'NONE', #2413, 18.52682817102719781 ) ;
#4260 = CARTESIAN_POINT ( 'NONE',  ( -0.03220151268791780069, -18.24264523787019954, 5.000000000000000000 ) ) ;
#4261 = VERTEX_POINT ( 'NONE', #320 ) ;
#4262 = ORIENTED_EDGE ( 'NONE', *, *, #4635, .T. ) ;
#4263 = ORIENTED_EDGE ( 'NONE', *, *, #5632, .F. ) ;
#4264 = EDGE_LOOP ( 'NONE', ( #3593, #5215, #3372, #44 ) ) ;
#4265 = VECTOR ( 'NONE', #2890, 1000.000000000000000 ) ;
#4266 = AXIS2_PLACEMENT_3D ( 'NONE', #923, #3627, #2760 ) ;
#4267 = DIRECTION ( 'NONE',  ( 1.000000000000000000, 0.000000000000000000, 0.000000000000000000 ) ) ;
#4268 = DIRECTION ( 'NONE',  ( 0.4999999999999998890, 0.8660254037844387076, 0.000000000000000000 ) ) ;
#4269 = CARTESIAN_POINT ( 'NONE',  ( -9.757819552369539906E-16, 2.376571162088224710E-13, 5.000000000000000000 ) ) ;
#4270 = EDGE_LOOP ( 'NONE', ( #3201, #475, #74, #1631 ) ) ;
#4271 = EDGE_CURVE ( 'NONE', #3143, #1559, #3462, .T. ) ;
#4272 = DIRECTION ( 'NONE',  ( -0.8660254037844387076, 0.4999999999999998890, 0.000000000000000000 ) ) ;
#4273 = ORIENTED_EDGE ( 'NONE', *, *, #2430, .T. ) ;
#4274 = CARTESIAN_POINT ( 'NONE',  ( -14.83324412511674062, 11.10037075072115975, 5.000000000000000000 ) ) ;
#4275 = ORIENTED_EDGE ( 'NONE', *, *, #3426, .F. ) ;
#4276 = CARTESIAN_POINT ( 'NONE',  ( -2.578277445616409924, -17.91222139392874979, 5.000000000000000000 ) ) ;
#4277 = CARTESIAN_POINT ( 'NONE',  ( -3.918308969584830326, -16.05747190671534952, 5.000000000000000000 ) ) ;
#4278 = EDGE_CURVE ( 'NONE', #4261, #5607, #1224, .T. ) ;
#4279 = VERTEX_POINT ( 'NONE', #1226 ) ;
#4280 = CARTESIAN_POINT ( 'NONE',  ( 0.3711837165545154860, 16.52445980553209637, 5.000000000000000000 ) ) ;
#4281 = LINE ( 'NONE', #2128, #4818 ) ;
#4282 = DIRECTION ( 'NONE',  ( 0.000000000000000000, 0.000000000000000000, -1.000000000000000000 ) ) ;
#4283 = FACE_OUTER_BOUND ( 'NONE', #1436, .T. ) ;
#4284 = VERTEX_POINT ( 'NONE', #3467 ) ;
#4285 = AXIS2_PLACEMENT_3D ( 'NONE', #1096, #565, #1002 ) ;
#4286 = DIRECTION ( 'NONE',  ( -0.000000000000000000, -0.000000000000000000, 1.000000000000000000 ) ) ;
#4287 = AXIS2_PLACEMENT_3D ( 'NONE', #2920, #5568, #4677 ) ;
#4288 = DIRECTION ( 'NONE',  ( 0.2588190451025215721, -0.9659258262890680902, 0.000000000000000000 ) ) ;
#4289 = CARTESIAN_POINT ( 'NONE',  ( 2.639540076345814779, 18.33783493938530285, -5.000000000000000000 ) ) ;
#4290 = EDGE_LOOP ( 'NONE', ( #5523, #2023, #5483, #5433 ) ) ;
#4291 = ORIENTED_EDGE ( 'NONE', *, *, #17, .F. ) ;
#4292 = ORIENTED_EDGE ( 'NONE', *, *, #1230, .F. ) ;
#4293 = ORIENTED_EDGE ( 'NONE', *, *, #3313, .F. ) ;
#4294 = CARTESIAN_POINT ( 'NONE',  ( 17.96918455708715001, 2.145599264782074744, -5.000000000000000000 ) ) ;
#4295 = CARTESIAN_POINT ( 'NONE',  ( 3.483414762376124725E-14, 6.201502689006168382E-14, 5.000000000000000000 ) ) ;
#4296 = EDGE_CURVE ( 'NONE', #1451, #3100, #1637, .T. ) ;
#4297 = ORIENTED_EDGE ( 'NONE', *, *, #4383, .T. ) ;
#4298 = CIRCLE ( 'NONE', #2171, 1.764902496759995998 ) ;
#4299 = CARTESIAN_POINT ( 'NONE',  ( -3.483414762376119677E-14, -6.201502689006168382E-14, -5.000000000000000000 ) ) ;
#4300 = ORIENTED_EDGE ( 'NONE', *, *, #5670, .T. ) ;
#4301 = CYLINDRICAL_SURFACE ( 'NONE', #5248, 1.764902496759995998 ) ;
#4302 = DIRECTION ( 'NONE',  ( 0.000000000000000000, 0.000000000000000000, -1.000000000000000000 ) ) ;
#4303 = AXIS2_PLACEMENT_3D ( 'NONE', #2404, #4992, #4562 ) ;
#4304 = ORIENTED_EDGE ( 'NONE', *, *, #4614, .T. ) ;
#4305 = CARTESIAN_POINT ( 'NONE',  ( -15.81469496456679913, 9.093435290907059709, -5.000000000000000000 ) ) ;
#4306 = CIRCLE ( 'NONE', #4770, 1.764902496759994888 ) ;
#4307 = FACE_OUTER_BOUND ( 'NONE', #2640, .T. ) ;
#4308 = DIRECTION ( 'NONE',  ( 0.000000000000000000, 0.000000000000000000, 1.000000000000000000 ) ) ;
#4309 = CARTESIAN_POINT ( 'NONE',  ( -1.759653278486400105E-14, -6.891765691606369485E-14, -5.000000000000000000 ) ) ;
#4310 = VERTEX_POINT ( 'NONE', #3785 ) ;
#4311 = DIRECTION ( 'NONE',  ( 0.000000000000000000, 0.000000000000000000, -1.000000000000000000 ) ) ;
#4312 = DIRECTION ( 'NONE',  ( -0.000000000000000000, -0.000000000000000000, 1.000000000000000000 ) ) ;
#4313 = CIRCLE ( 'NONE', #3660, 18.52682817102719781 ) ;
#4314 = EDGE_CURVE ( 'NONE', #2705, #3985, #3923, .T. ) ;
#4315 = DIRECTION ( 'NONE',  ( 0.000000000000000000, 0.000000000000000000, 1.000000000000000000 ) ) ;
#4316 = CARTESIAN_POINT ( 'NONE',  ( -10.50003296401214037, 14.74869130177516041, 5.002000000000000668 ) ) ;
#4317 = ORIENTED_EDGE ( 'NONE', *, *, #1187, .F. ) ;
#4318 = ORIENTED_EDGE ( 'NONE', *, *, #2164, .F. ) ;
#4319 = AXIS2_PLACEMENT_3D ( 'NONE', #1590, #1495, #2443 ) ;
#4320 = ORIENTED_EDGE ( 'NONE', *, *, #1852, .T. ) ;
#4321 = VERTEX_POINT ( 'NONE', #4769 ) ;
#4322 = EDGE_CURVE ( 'NONE', #2230, #2445, #2983, .T. ) ;
#4323 = AXIS2_PLACEMENT_3D ( 'NONE', #4564, #5440, #1448 ) ;
#4324 = DIRECTION ( 'NONE',  ( 1.000000000000000000, 0.000000000000000000, 0.000000000000000000 ) ) ;
#4325 = FACE_OUTER_BOUND ( 'NONE', #1617, .T. ) ;
#4326 = VERTEX_POINT ( 'NONE', #2099 ) ;
#4327 = EDGE_LOOP ( 'NONE', ( #5456, #4466, #1319, #3078 ) ) ;
#4328 = ORIENTED_EDGE ( 'NONE', *, *, #3716, .F. ) ;
#4329 = ORIENTED_EDGE ( 'NONE', *, *, #5730, .T. ) ;
#4330 = FACE_OUTER_BOUND ( 'NONE', #864, .T. ) ;
#4331 = VECTOR ( 'NONE', #716, 1000.000000000000000 ) ;
#4332 = EDGE_LOOP ( 'NONE', ( #3533, #5385, #2676, #5155 ) ) ;
#4333 = CARTESIAN_POINT ( 'NONE',  ( 14.56126086974063938, -11.45482623011523948, 5.000000000000000000 ) ) ;
#4334 = FACE_OUTER_BOUND ( 'NONE', #4845, .T. ) ;
#4335 = AXIS2_PLACEMENT_3D ( 'NONE', #643, #4587, #613 ) ;
#4336 = ORIENTED_EDGE ( 'NONE', *, *, #4271, .F. ) ;
#4337 = CARTESIAN_POINT ( 'NONE',  ( -4.969787286824979393E-14, -5.088617526617949668E-14, -5.000000000000000000 ) ) ;
#4338 = ORIENTED_EDGE ( 'NONE', *, *, #4449, .F. ) ;
#4339 = EDGE_CURVE ( 'NONE', #1286, #1900, #292, .T. ) ;
#4340 = AXIS2_PLACEMENT_3D ( 'NONE', #2939, #2452, #3773 ) ;
#4341 = CARTESIAN_POINT ( 'NONE',  ( 4.635380845820779250, 15.86533307656285174, 5.000000000000000000 ) ) ;
#4342 = DIRECTION ( 'NONE',  ( 0.4999999999999999445, -0.8660254037844387076, 0.000000000000000000 ) ) ;
#4343 = EDGE_LOOP ( 'NONE', ( #4837, #3047, #5647, #4554 ) ) ;
#4344 = VERTEX_POINT ( 'NONE', #2582 ) ;
#4345 = CIRCLE ( 'NONE', #3783, 1.000000000000000000 ) ;
#4346 = VECTOR ( 'NONE', #102, 1000.000000000000000 ) ;
#4347 = EDGE_LOOP ( 'NONE', ( #3102, #5337, #4883, #2992 ) ) ;
#4348 = EDGE_CURVE ( 'NONE', #3074, #3514, #767, .T. ) ;
#4349 = ORIENTED_EDGE ( 'NONE', *, *, #2644, .T. ) ;
#4350 = CARTESIAN_POINT ( 'NONE',  ( -16.96375033764019946, -6.325010817588579748, 5.002000000000000668 ) ) ;
#4351 = AXIS2_PLACEMENT_3D ( 'NONE', #1851, #5393, #2393 ) ;
#4352 = AXIS2_PLACEMENT_3D ( 'NONE', #3883, #3016, #4778 ) ;
#4353 = CARTESIAN_POINT ( 'NONE',  ( -16.80157748816159824, 6.723256931056099894, -5.000000000000000000 ) ) ;
#4354 = DIRECTION ( 'NONE',  ( 0.000000000000000000, 0.000000000000000000, -1.000000000000000000 ) ) ;
#4355 = AXIS2_PLACEMENT_3D ( 'NONE', #3068, #2211, #852 ) ;
#4356 = EDGE_CURVE ( 'NONE', #949, #922, #290, .T. ) ;
#4357 = CIRCLE ( 'NONE', #834, 0.4299999999999993272 ) ;
#4358 = VECTOR ( 'NONE', #5441, 1000.000000000000000 ) ;
#4359 = EDGE_LOOP ( 'NONE', ( #439, #4037, #1499, #2889 ) ) ;
#4360 = LINE ( 'NONE', #1242, #2580 ) ;
#4361 = DIRECTION ( 'NONE',  ( 0.2588190451025180194, -0.9659258262890689783, 0.000000000000000000 ) ) ;
#4362 = EDGE_LOOP ( 'NONE', ( #2718, #5006, #5457, #1717 ) ) ;
#4363 = EDGE_CURVE ( 'NONE', #5408, #2626, #1314, .T. ) ;
#4364 = VERTEX_POINT ( 'NONE', #4280 ) ;
#4365 = DIRECTION ( 'NONE',  ( -0.000000000000000000, -0.000000000000000000, 1.000000000000000000 ) ) ;
#4366 = LINE ( 'NONE', #2631, #3795 ) ;
#4367 = DIRECTION ( 'NONE',  ( -0.4999999999999999445, -0.8660254037844387076, 0.000000000000000000 ) ) ;
#4368 = VERTEX_POINT ( 'NONE', #1695 ) ;
#4369 = DIRECTION ( 'NONE',  ( -0.8660254037844390407, 0.4999999999999993894, 0.000000000000000000 ) ) ;
#4370 = ORIENTED_EDGE ( 'NONE', *, *, #3972, .T. ) ;
#4371 = DIRECTION ( 'NONE',  ( 0.000000000000000000, 0.000000000000000000, 1.000000000000000000 ) ) ;
#4372 = FACE_OUTER_BOUND ( 'NONE', #1386, .T. ) ;
#4373 = ORIENTED_EDGE ( 'NONE', *, *, #1094, .T. ) ;
#4374 = ORIENTED_EDGE ( 'NONE', *, *, #4215, .F. ) ;
#4375 = DIRECTION ( 'NONE',  ( -0.000000000000000000, -0.000000000000000000, 1.000000000000000000 ) ) ;
#4376 = ADVANCED_FACE ( 'NONE', ( #2065 ), #5230, .F. ) ;
#4377 = CIRCLE ( 'NONE', #5588, 1.764902496759994888 ) ;
#4378 = ORIENTED_EDGE ( 'NONE', *, *, #2316, .T. ) ;
#4379 = EDGE_LOOP ( 'NONE', ( #664, #3748, #2761, #2765 ) ) ;
#4380 = DIRECTION ( 'NONE',  ( 0.000000000000000000, 0.000000000000000000, -1.000000000000000000 ) ) ;
#4381 = CIRCLE ( 'NONE', #3374, 0.4299999999999997713 ) ;
#4382 = ADVANCED_FACE ( 'NONE', ( #5142 ), #710, .T. ) ;
#4383 = EDGE_CURVE ( 'NONE', #2229, #457, #2492, .T. ) ;
#4384 = EDGE_LOOP ( 'NONE', ( #2609, #4329, #789, #2064 ) ) ;
#4385 = DIRECTION ( 'NONE',  ( 0.000000000000000000, 0.000000000000000000, -1.000000000000000000 ) ) ;
#4386 = DIRECTION ( 'NONE',  ( 0.000000000000000000, 0.000000000000000000, -1.000000000000000000 ) ) ;
#4387 = VERTEX_POINT ( 'NONE', #2040 ) ;
#4388 = DIRECTION ( 'NONE',  ( -0.8660254037844387076, 0.4999999999999998890, 0.000000000000000000 ) ) ;
#4389 = CARTESIAN_POINT ( 'NONE',  ( 18.24264523787019954, -0.03220151268791890398, 5.002000000000000668 ) ) ;
#4390 = ORIENTED_EDGE ( 'NONE', *, *, #1163, .F. ) ;
#4391 = DIRECTION ( 'NONE',  ( -1.000000000000000000, 0.000000000000000000, 0.000000000000000000 ) ) ;
#4392 = CARTESIAN_POINT ( 'NONE',  ( 17.96918455708715001, -2.145599264782074744, -5.000000000000000000 ) ) ;
#4393 = ADVANCED_FACE ( 'NONE', ( #3815 ), #1174, .T. ) ;
#4394 = CARTESIAN_POINT ( 'NONE',  ( -3.918308969584830326, -16.05747190671534952, 5.002000000000000668 ) ) ;
#4395 = CARTESIAN_POINT ( 'NONE',  ( 16.63456994411954781, -7.126448808901080234, -5.000000000000000000 ) ) ;
#4396 = VERTEX_POINT ( 'NONE', #2414 ) ;
#4397 = DIRECTION ( 'NONE',  ( 0.8660254037844387076, -0.4999999999999999445, 0.000000000000000000 ) ) ;
#4398 = ORIENTED_EDGE ( 'NONE', *, *, #2185, .T. ) ;
#4399 = ORIENTED_EDGE ( 'NONE', *, *, #2877, .T. ) ;
#4400 = EDGE_CURVE ( 'NONE', #636, #1133, #4840, .T. ) ;
#4401 = CIRCLE ( 'NONE', #4219, 0.4299999999999998823 ) ;
#4402 = ORIENTED_EDGE ( 'NONE', *, *, #3084, .T. ) ;
#4403 = DIRECTION ( 'NONE',  ( -0.4999999999999993894, -0.8660254037844390407, 0.000000000000000000 ) ) ;
#4404 = VERTEX_POINT ( 'NONE', #1961 ) ;
#4405 = VECTOR ( 'NONE', #1991, 1000.000000000000000 ) ;
#4406 = LINE ( 'NONE', #5738, #5734 ) ;
#4407 = CIRCLE ( 'NONE', #3859, 0.4299999999999998823 ) ;
#4408 = CIRCLE ( 'NONE', #5341, 1.764902496759995332 ) ;
#4409 = CIRCLE ( 'NONE', #894, 18.52682817102719781 ) ;
#4410 = DIRECTION ( 'NONE',  ( -0.4999999999999999445, 0.8660254037844387076, 0.000000000000000000 ) ) ;
#4411 = CIRCLE ( 'NONE', #5065, 1.764902496759993999 ) ;
#4412 = CARTESIAN_POINT ( 'NONE',  ( -7.940775374758719529, -14.49619383368293946, 5.000000000000000000 ) ) ;
#4413 = DIRECTION ( 'NONE',  ( 0.000000000000000000, 0.000000000000000000, 1.000000000000000000 ) ) ;
#4414 = CARTESIAN_POINT ( 'NONE',  ( -9.757819552369539906E-16, 2.376571162088224710E-13, 5.000000000000000000 ) ) ;
#4415 = VERTEX_POINT ( 'NONE', #1137 ) ;
#4416 = DIRECTION ( 'NONE',  ( 0.000000000000000000, 0.000000000000000000, 1.000000000000000000 ) ) ;
#4417 = EDGE_CURVE ( 'NONE', #3514, #5302, #1404, .T. ) ;
#4418 = CARTESIAN_POINT ( 'NONE',  ( 17.62937653985285280, -4.690439747858770048, -5.000000000000000000 ) ) ;
#4419 = ORIENTED_EDGE ( 'NONE', *, *, #2461, .T. ) ;
#4420 = AXIS2_PLACEMENT_3D ( 'NONE', #4337, #2531, #2556 ) ;
#4421 = DIRECTION ( 'NONE',  ( 0.000000000000000000, 0.000000000000000000, 1.000000000000000000 ) ) ;
#4422 = CARTESIAN_POINT ( 'NONE',  ( -9.757819552369539906E-16, 2.376571162088224710E-13, 5.000000000000000000 ) ) ;
#4423 = CARTESIAN_POINT ( 'NONE',  ( -6.891765691606369485E-14, 1.759653278486400105E-14, 5.000000000000000000 ) ) ;
#4424 = ORIENTED_EDGE ( 'NONE', *, *, #4200, .F. ) ;
#4425 = CARTESIAN_POINT ( 'NONE',  ( -9.757819552369539906E-16, 2.376571162088224710E-13, 5.000000000000000000 ) ) ;
#4426 = VERTEX_POINT ( 'NONE', #341 ) ;
#4427 = ORIENTED_EDGE ( 'NONE', *, *, #2360, .T. ) ;
#4428 = EDGE_CURVE ( 'NONE', #2975, #5681, #5210, .T. ) ;
#4429 = CIRCLE ( 'NONE', #2302, 16.52862817102735704 ) ;
#4430 = CIRCLE ( 'NONE', #2684, 0.4299999999999997713 ) ;
#4431 = CYLINDRICAL_SURFACE ( 'NONE', #601, 16.52862817102734994 ) ;
#4432 = EDGE_CURVE ( 'NONE', #1004, #4640, #950, .T. ) ;
#4433 = DIRECTION ( 'NONE',  ( 0.2588190451025210170, -0.9659258262890680902, 0.000000000000000000 ) ) ;
#4434 = EDGE_LOOP ( 'NONE', ( #4419, #125, #2803, #1236 ) ) ;
#4435 = CARTESIAN_POINT ( 'NONE',  ( -12.87672824649239978, -12.92226806246459958, 5.000000000000000000 ) ) ;
#4436 = ORIENTED_EDGE ( 'NONE', *, *, #4934, .F. ) ;
#4437 = ORIENTED_EDGE ( 'NONE', *, *, #3298, .F. ) ;
#4438 = AXIS2_PLACEMENT_3D ( 'NONE', #2221, #4421, #3502 ) ;
#4439 = EDGE_CURVE ( 'NONE', #907, #5197, #2574, .T. ) ;
#4440 = CIRCLE ( 'NONE', #78, 16.52862817102734638 ) ;
#4441 = CIRCLE ( 'NONE', #1844, 1.764902496759993555 ) ;
#4442 = EDGE_CURVE ( 'NONE', #3687, #1992, #1361, .T. ) ;
#4443 = DIRECTION ( 'NONE',  ( 0.000000000000000000, 0.000000000000000000, 1.000000000000000000 ) ) ;
#4444 = CARTESIAN_POINT ( 'NONE',  ( 16.80157748816159824, 6.723256931056099894, 5.000000000000000000 ) ) ;
#4445 = ADVANCED_FACE ( 'NONE', ( #648 ), #13, .T. ) ;
#4446 = CIRCLE ( 'NONE', #2519, 1.764902496759994888 ) ;
#4447 = DIRECTION ( 'NONE',  ( -0.7071067811865475727, -0.7071067811865475727, 0.000000000000000000 ) ) ;
#4448 = CARTESIAN_POINT ( 'NONE',  ( -1.921978404781394825E-14, 6.848270805104349773E-14, 5.002000000000000668 ) ) ;
#4449 = EDGE_CURVE ( 'NONE', #3461, #606, #1379, .T. ) ;
#4450 = FACE_OUTER_BOUND ( 'NONE', #2352, .T. ) ;
#4451 = DIRECTION ( 'NONE',  ( 0.000000000000000000, 0.000000000000000000, 1.000000000000000000 ) ) ;
#4452 = ORIENTED_EDGE ( 'NONE', *, *, #5635, .T. ) ;
#4453 = DIRECTION ( 'NONE',  ( 0.000000000000000000, 0.000000000000000000, -1.000000000000000000 ) ) ;
#4454 = DIRECTION ( 'NONE',  ( 0.000000000000000000, 0.000000000000000000, -1.000000000000000000 ) ) ;
#4455 = EDGE_CURVE ( 'NONE', #2563, #3355, #2875, .T. ) ;
#4456 = DIRECTION ( 'NONE',  ( 0.8660254037844388186, 0.4999999999999998335, 0.000000000000000000 ) ) ;
#4457 = CARTESIAN_POINT ( 'NONE',  ( 11.18896446287262059, -14.22330004254519942, 5.000000000000000000 ) ) ;
#4458 = CARTESIAN_POINT ( 'NONE',  ( -0.3711837165545134876, -16.52445980553209637, -5.000000000000000000 ) ) ;
#4459 = ORIENTED_EDGE ( 'NONE', *, *, #4116, .F. ) ;
#4460 = ORIENTED_EDGE ( 'NONE', *, *, #870, .T. ) ;
#4461 = VERTEX_POINT ( 'NONE', #1541 ) ;
#4462 = EDGE_CURVE ( 'NONE', #1383, #2078, #5467, .T. ) ;
#4463 = CARTESIAN_POINT ( 'NONE',  ( -7.522724857905809692, -16.46764093829609976, -5.000000000000000000 ) ) ;
#4464 = DIRECTION ( 'NONE',  ( 0.000000000000000000, 0.000000000000000000, 1.000000000000000000 ) ) ;
#4465 = SHAPE_DEFINITION_REPRESENTATION ( #1264, #5733 ) ;
#4466 = ORIENTED_EDGE ( 'NONE', *, *, #4847, .T. ) ;
#4467 = ORIENTED_EDGE ( 'NONE', *, *, #4428, .T. ) ;
#4468 = CIRCLE ( 'NONE', #3272, 0.4299999999999998268 ) ;
#4469 = DIRECTION ( 'NONE',  ( 0.000000000000000000, 0.000000000000000000, -1.000000000000000000 ) ) ;
#4470 = DIRECTION ( 'NONE',  ( 0.000000000000000000, 0.000000000000000000, -1.000000000000000000 ) ) ;
#4471 = DIRECTION ( 'NONE',  ( -0.000000000000000000, 0.000000000000000000, 1.000000000000000000 ) ) ;
#4472 = CARTESIAN_POINT ( 'NONE',  ( -14.48897067933744154, -10.84273574818606001, -5.000000000000000000 ) ) ;
#4473 = CARTESIAN_POINT ( 'NONE',  ( 17.85354414464755024, -3.004255121577005028, 5.002000000000000668 ) ) ;
#4474 = DIRECTION ( 'NONE',  ( 0.000000000000000000, 0.000000000000000000, 1.000000000000000000 ) ) ;
#4475 = VERTEX_POINT ( 'NONE', #340 ) ;
#4476 = EDGE_CURVE ( 'NONE', #2142, #1395, #3428, .T. ) ;
#4477 = DIRECTION ( 'NONE',  ( -0.8660254037844383745, -0.5000000000000005551, 0.000000000000000000 ) ) ;
#4478 = EDGE_LOOP ( 'NONE', ( #4843, #4107, #5191, #324 ) ) ;
#4479 = CARTESIAN_POINT ( 'NONE',  ( 9.093435290907079249, -15.81469496456674939, 5.000000000000000000 ) ) ;
#4480 = CARTESIAN_POINT ( 'NONE',  ( 12.92226806246459958, 12.87672824649239978, -5.000000000000000000 ) ) ;
#4481 = CYLINDRICAL_SURFACE ( 'NONE', #5089, 18.52682817102719781 ) ;
#4482 = DIRECTION ( 'NONE',  ( 0.000000000000000000, 0.000000000000000000, 1.000000000000000000 ) ) ;
#4483 = ORIENTED_EDGE ( 'NONE', *, *, #2894, .T. ) ;
#4484 = LINE ( 'NONE', #1813, #3920 ) ;
#4485 = VERTEX_POINT ( 'NONE', #1188 ) ;
#4486 = ORIENTED_EDGE ( 'NONE', *, *, #1954, .T. ) ;
#4487 = ADVANCED_FACE ( 'NONE', ( #5687 ), #2386, .T. ) ;
#4488 = AXIS2_PLACEMENT_3D ( 'NONE', #4448, #2210, #2340 ) ;
#4489 = CARTESIAN_POINT ( 'NONE',  ( 11.45482623011523948, 14.56126086974063938, 5.000000000000000000 ) ) ;
#4490 = DIRECTION ( 'NONE',  ( 0.000000000000000000, 0.000000000000000000, -1.000000000000000000 ) ) ;
#4491 = AXIS2_PLACEMENT_3D ( 'NONE', #4626, #4130, #4193 ) ;
#4492 = DIRECTION ( 'NONE',  ( 0.000000000000000000, 0.000000000000000000, -1.000000000000000000 ) ) ;
#4493 = ORIENTED_EDGE ( 'NONE', *, *, #1112, .T. ) ;
#4494 = VERTEX_POINT ( 'NONE', #4019 ) ;
#4495 = EDGE_CURVE ( 'NONE', #1307, #925, #5361, .T. ) ;
#4496 = CIRCLE ( 'NONE', #3565, 0.4299999999999993272 ) ;
#4497 = CARTESIAN_POINT ( 'NONE',  ( 6.883008709270060699, 17.20080094608644927, 5.000000000000000000 ) ) ;
#4498 = FACE_OUTER_BOUND ( 'NONE', #3215, .T. ) ;
#4499 = AXIS2_PLACEMENT_3D ( 'NONE', #2124, #3903, #3839 ) ;
#4500 = CARTESIAN_POINT ( 'NONE',  ( 18.02275782191794562, 1.718949636520940016, 5.000000000000000000 ) ) ;
#4501 = DIRECTION ( 'NONE',  ( -1.000000000000000000, 0.000000000000000000, 0.000000000000000000 ) ) ;
#4502 = ADVANCED_FACE ( 'NONE', ( #1323 ), #449, .T. ) ;
#4503 = CARTESIAN_POINT ( 'NONE',  ( 13.95949521606318022, 11.52853332705895895, 5.000000000000000000 ) ) ;
#4504 = DIRECTION ( 'NONE',  ( -1.000000000000000000, 0.000000000000000000, 0.000000000000000000 ) ) ;
#4505 = AXIS2_PLACEMENT_3D ( 'NONE', #1479, #4471, #4560 ) ;
#4506 = VERTEX_POINT ( 'NONE', #2731 ) ;
#4507 = CARTESIAN_POINT ( 'NONE',  ( -15.81469496456679913, 9.093435290907059709, 5.002000000000000668 ) ) ;
#4508 = DIRECTION ( 'NONE',  ( 0.7071067811865480168, -0.7071067811865470176, 0.000000000000000000 ) ) ;
#4509 = CARTESIAN_POINT ( 'NONE',  ( 15.78249345187885133, 9.149209946963129170, 5.000000000000000000 ) ) ;
#4510 = AXIS2_PLACEMENT_3D ( 'NONE', #4709, #2101, #2632 ) ;
#4511 = CARTESIAN_POINT ( 'NONE',  ( 6.325010817588579748, -16.96375033764019946, 5.000000000000000000 ) ) ;
#4512 = ADVANCED_FACE ( 'NONE', ( #2704 ), #4550, .T. ) ;
#4513 = DIRECTION ( 'NONE',  ( 0.000000000000000000, 0.000000000000000000, 1.000000000000000000 ) ) ;
#4514 = VERTEX_POINT ( 'NONE', #4517 ) ;
#4515 = ADVANCED_FACE ( 'NONE', ( #477 ), #921, .T. ) ;
#4516 = VECTOR ( 'NONE', #5064, 1000.000000000000000 ) ;
#4517 = CARTESIAN_POINT ( 'NONE',  ( 17.85354414464755024, -3.004255121577005028, 5.000000000000000000 ) ) ;
#4518 = CARTESIAN_POINT ( 'NONE',  ( 18.02275782191794562, -1.718949636520935131, -5.000000000000000000 ) ) ;
#4519 = ORIENTED_EDGE ( 'NONE', *, *, #690, .T. ) ;
#4520 = VERTEX_POINT ( 'NONE', #2254 ) ;
#4521 = VECTOR ( 'NONE', #621, 1000.000000000000000 ) ;
#4522 = DIRECTION ( 'NONE',  ( -0.000000000000000000, -0.000000000000000000, 1.000000000000000000 ) ) ;
#4523 = VECTOR ( 'NONE', #5052, 1000.000000000000000 ) ;
#4524 = CIRCLE ( 'NONE', #5554, 0.4299999999999993272 ) ;
#4525 = EDGE_CURVE ( 'NONE', #4936, #1785, #1564, .T. ) ;
#4526 = DIRECTION ( 'NONE',  ( -0.2588190451025182970, 0.9659258262890689783, 0.000000000000000000 ) ) ;
#4527 = CYLINDRICAL_SURFACE ( 'NONE', #1501, 1.764902496759997108 ) ;
#4528 = AXIS2_PLACEMENT_3D ( 'NONE', #1371, #498, #2279 ) ;
#4529 = EDGE_CURVE ( 'NONE', #934, #3950, #2312, .T. ) ;
#4530 = AXIS2_PLACEMENT_3D ( 'NONE', #416, #4859, #3642 ) ;
#4531 = AXIS2_PLACEMENT_3D ( 'NONE', #4927, #3220, #2758 ) ;
#4532 = ORIENTED_EDGE ( 'NONE', *, *, #1856, .T. ) ;
#4533 = AXIS2_PLACEMENT_3D ( 'NONE', #2247, #3989, #532 ) ;
#4534 = LINE ( 'NONE', #1417, #326 ) ;
#4535 = CIRCLE ( 'NONE', #2125, 16.52862817102735349 ) ;
#4536 = VERTEX_POINT ( 'NONE', #43 ) ;
#4537 = EDGE_CURVE ( 'NONE', #4188, #2955, #3887, .T. ) ;
#4538 = DIRECTION ( 'NONE',  ( 0.9659258262890680902, -0.2588190451025215166, 0.000000000000000000 ) ) ;
#4539 = FACE_OUTER_BOUND ( 'NONE', #1935, .T. ) ;
#4540 = CIRCLE ( 'NONE', #5192, 0.4299999999999997713 ) ;
#4541 = ORIENTED_EDGE ( 'NONE', *, *, #4186, .T. ) ;
#4542 = CARTESIAN_POINT ( 'NONE',  ( -16.63456994411954781, -7.126448808901090004, 5.000000000000000000 ) ) ;
#4543 = EDGE_CURVE ( 'NONE', #453, #924, #1870, .T. ) ;
#4544 = PRESENTATION_STYLE_ASSIGNMENT (( #1029 ) ) ;
#4545 = CYLINDRICAL_SURFACE ( 'NONE', #4808, 1.764902496759994888 ) ;
#4546 = CARTESIAN_POINT ( 'NONE',  ( 12.92226806246459958, -12.87672824649239978, 5.002000000000000668 ) ) ;
#4547 = ORIENTED_EDGE ( 'NONE', *, *, #131, .T. ) ;
#4548 = DIRECTION ( 'NONE',  ( 0.7071067811865475727, -0.7071067811865475727, 0.000000000000000000 ) ) ;
#4549 = EDGE_CURVE ( 'NONE', #606, #5438, #1930, .T. ) ;
#4550 = CYLINDRICAL_SURFACE ( 'NONE', #4060, 16.52862817102735349 ) ;
#4551 = ORIENTED_EDGE ( 'NONE', *, *, #821, .F. ) ;
#4552 = CARTESIAN_POINT ( 'NONE',  ( 0.000000000000000000, 0.000000000000000000, 0.000000000000000000 ) ) ;
#4553 = ORIENTED_EDGE ( 'NONE', *, *, #1116, .F. ) ;
#4554 = ORIENTED_EDGE ( 'NONE', *, *, #5033, .F. ) ;
#4555 = LINE ( 'NONE', #515, #2664 ) ;
#4556 = CARTESIAN_POINT ( 'NONE',  ( -16.63456994411954781, -7.126448808901090004, -5.000000000000000000 ) ) ;
#4557 = ORIENTED_EDGE ( 'NONE', *, *, #3953, .T. ) ;
#4558 = EDGE_CURVE ( 'NONE', #1395, #3525, #3602, .T. ) ;
#4559 = EDGE_CURVE ( 'NONE', #3461, #5226, #1381, .T. ) ;
#4560 = DIRECTION ( 'NONE',  ( 1.000000000000000000, 0.000000000000000000, 0.000000000000000000 ) ) ;
#4561 = CARTESIAN_POINT ( 'NONE',  ( 14.56126086974063938, -11.45482623011523948, -5.000000000000000000 ) ) ;
#4562 = DIRECTION ( 'NONE',  ( 0.7071067811865475727, -0.7071067811865475727, 0.000000000000000000 ) ) ;
#4563 = DIRECTION ( 'NONE',  ( 1.000000000000000000, 0.000000000000000000, 0.000000000000000000 ) ) ;
#4564 = CARTESIAN_POINT ( 'NONE',  ( 4.156921938165305086, 1.084202172485504040E-15, 6.500000000000000000 ) ) ;
#4565 = CARTESIAN_POINT ( 'NONE',  ( 0.000000000000000000, 0.000000000000000000, 5.000000000000000000 ) ) ;
#4566 = EDGE_CURVE ( 'NONE', #4173, #4344, #4110, .T. ) ;
#4567 = EDGE_CURVE ( 'NONE', #5081, #984, #4059, .T. ) ;
#4568 = ORIENTED_EDGE ( 'NONE', *, *, #40, .T. ) ;
#4569 = DIRECTION ( 'NONE',  ( 0.000000000000000000, 0.000000000000000000, 1.000000000000000000 ) ) ;
#4570 = CARTESIAN_POINT ( 'NONE',  ( -9.757819552369539906E-16, 2.376571162088224710E-13, -5.000000000000000000 ) ) ;
#4571 = CARTESIAN_POINT ( 'NONE',  ( -3.004255121577025012, 17.85354414464755024, 5.000000000000000000 ) ) ;
#4572 = FACE_OUTER_BOUND ( 'NONE', #5228, .T. ) ;
#4573 = DIRECTION ( 'NONE',  ( -0.9659258262890689783, -0.2588190451025180194, 0.000000000000000000 ) ) ;
#4574 = ORIENTED_EDGE ( 'NONE', *, *, #1300, .T. ) ;
#4575 = EDGE_CURVE ( 'NONE', #3191, #1641, #908, .T. ) ;
#4576 = ORIENTED_EDGE ( 'NONE', *, *, #818, .T. ) ;
#4577 = CARTESIAN_POINT ( 'NONE',  ( 14.22330004254517810, -11.18896446287262059, 5.002000000000000668 ) ) ;
#4578 = EDGE_CURVE ( 'NONE', #3886, #5123, #975, .T. ) ;
#4579 = DIRECTION ( 'NONE',  ( 1.000000000000000000, 0.000000000000000000, 0.000000000000000000 ) ) ;
#4580 = ORIENTED_EDGE ( 'NONE', *, *, #3924, .F. ) ;
#4581 = ORIENTED_EDGE ( 'NONE', *, *, #4417, .F. ) ;
#4582 = ORIENTED_EDGE ( 'NONE', *, *, #2630, .T. ) ;
#4583 = ORIENTED_EDGE ( 'NONE', *, *, #3385, .F. ) ;
#4584 = CARTESIAN_POINT ( 'NONE',  ( -14.49619383368293946, -7.940775374758739957, -5.000000000000000000 ) ) ;
#4585 = EDGE_CURVE ( 'NONE', #1648, #167, #440, .T. ) ;
#4586 = AXIS2_PLACEMENT_3D ( 'NONE', #3386, #229, #2919 ) ;
#4587 = DIRECTION ( 'NONE',  ( 0.000000000000000000, 0.000000000000000000, 1.000000000000000000 ) ) ;
#4588 = CARTESIAN_POINT ( 'NONE',  ( 5.088617526617949668E-14, -4.969787286824988859E-14, 5.002000000000000668 ) ) ;
#4589 = EDGE_LOOP ( 'NONE', ( #3246, #4483, #2498, #4101 ) ) ;
#4590 = CARTESIAN_POINT ( 'NONE',  ( 4.635380845820779250, 15.86533307656285174, -5.000000000000000000 ) ) ;
#4591 = CARTESIAN_POINT ( 'NONE',  ( -11.10037075072115975, -14.83324412511671930, -5.000000000000000000 ) ) ;
#4592 = CIRCLE ( 'NONE', #704, 18.95497617776954868 ) ;
#4593 = DIRECTION ( 'NONE',  ( 0.2588190451025182970, 0.9659258262890689783, 0.000000000000000000 ) ) ;
#4594 = CYLINDRICAL_SURFACE ( 'NONE', #843, 0.4299999999999998268 ) ;
#4595 = AXIS2_PLACEMENT_3D ( 'NONE', #3601, #1302, #3063 ) ;
#4596 = CARTESIAN_POINT ( 'NONE',  ( -10.50003296401212083, -14.74869130177517995, 5.000000000000000000 ) ) ;
#4597 = CARTESIAN_POINT ( 'NONE',  ( -7.511572993685800087E-16, -3.600000000000000089, -6.500000000000000000 ) ) ;
#4598 = CARTESIAN_POINT ( 'NONE',  ( -3.656921938165305086, 0.8660254037844402619, 6.500000000000000000 ) ) ;
#4599 = CARTESIAN_POINT ( 'NONE',  ( -9.149209946963118512, -15.78249345187885133, 5.002000000000000668 ) ) ;
#4600 = FACE_OUTER_BOUND ( 'NONE', #1252, .T. ) ;
#4601 = CIRCLE ( 'NONE', #985, 1.764902496759995998 ) ;
#4602 = ORIENTED_EDGE ( 'NONE', *, *, #1444, .T. ) ;
#4603 = CARTESIAN_POINT ( 'NONE',  ( 17.02982512410865112, 7.295780857526789731, 5.000000000000000000 ) ) ;
#4604 = CYLINDRICAL_SURFACE ( 'NONE', #3210, 1.764902496759993999 ) ;
#4605 = ORIENTED_EDGE ( 'NONE', *, *, #1708, .T. ) ;
#4606 = EDGE_CURVE ( 'NONE', #4053, #395, #4050, .T. ) ;
#4607 = ORIENTED_EDGE ( 'NONE', *, *, #5172, .T. ) ;
#4608 = VERTEX_POINT ( 'NONE', #4202 ) ;
#4609 = FACE_BOUND ( 'NONE', #902, .T. ) ;
#4610 = CIRCLE ( 'NONE', #3775, 1.764902496759995998 ) ;
#4611 = EDGE_CURVE ( 'NONE', #1753, #5197, #4706, .T. ) ;
#4612 = CARTESIAN_POINT ( 'NONE',  ( -4.690439747858770048, -17.62937653985285280, 5.002000000000000668 ) ) ;
#4613 = AXIS2_PLACEMENT_3D ( 'NONE', #1083, #3325, #735 ) ;
#4614 = EDGE_CURVE ( 'NONE', #3513, #5130, #4524, .T. ) ;
#4615 = CARTESIAN_POINT ( 'NONE',  ( 4.969787286824988859E-14, 5.088617526617949668E-14, -5.000000000000000000 ) ) ;
#4616 = EDGE_LOOP ( 'NONE', ( #5640, #5062, #4649, #4723 ) ) ;
#4617 = PRODUCT_DEFINITION ( 'UNKNOWN', '', #3717, #2259 ) ;
#4618 = AXIS2_PLACEMENT_3D ( 'NONE', #2263, #1046, #109 ) ;
#4619 = CYLINDRICAL_SURFACE ( 'NONE', #3317, 0.4299999999999997713 ) ;
#4620 = CARTESIAN_POINT ( 'NONE',  ( 8.402566836762750083E-16, -7.112366251504909087E-14, -5.000000000000000000 ) ) ;
#4621 = EDGE_CURVE ( 'NONE', #5681, #215, #251, .T. ) ;
#4622 = VECTOR ( 'NONE', #3939, 1000.000000000000000 ) ;
#4623 = CARTESIAN_POINT ( 'NONE',  ( 3.918308969584840096, 16.05747190671534952, 5.000000000000000000 ) ) ;
#4624 = CARTESIAN_POINT ( 'NONE',  ( 18.02275782191794562, 1.718949636520940016, 5.002000000000000668 ) ) ;
#4625 = AXIS2_PLACEMENT_3D ( 'NONE', #3530, #1373, #3212 ) ;
#4626 = CARTESIAN_POINT ( 'NONE',  ( 2.145599264782080073, 17.96918455708715001, -5.000000000000000000 ) ) ;
#4627 = VECTOR ( 'NONE', #4914, 1000.000000000000000 ) ;
#4628 = CARTESIAN_POINT ( 'NONE',  ( 1.718949636520940016, -18.02275782191794562, -5.000000000000000000 ) ) ;
#4629 = DIRECTION ( 'NONE',  ( -0.8660254037844387076, -0.4999999999999998890, 0.000000000000000000 ) ) ;
#4630 = CARTESIAN_POINT ( 'NONE',  ( -3.117691453623979925, -1.800000000000000044, 6.500000000000000000 ) ) ;
#4631 = DIRECTION ( 'NONE',  ( -0.000000000000000000, -0.000000000000000000, 1.000000000000000000 ) ) ;
#4632 = CIRCLE ( 'NONE', #5565, 1.764902496759993999 ) ;
#4633 = VERTEX_POINT ( 'NONE', #4603 ) ;
#4634 = CYLINDRICAL_SURFACE ( 'NONE', #3413, 0.4299999999999993272 ) ;
#4635 = EDGE_CURVE ( 'NONE', #819, #3414, #1524, .T. ) ;
#4636 = AXIS2_PLACEMENT_3D ( 'NONE', #2433, #4963, #118 ) ;
#4637 = DIRECTION ( 'NONE',  ( -0.2588190451025206285, -0.9659258262890683122, 0.000000000000000000 ) ) ;
#4638 = DIRECTION ( 'NONE',  ( 0.000000000000000000, 0.000000000000000000, 1.000000000000000000 ) ) ;
#4639 = ORIENTED_EDGE ( 'NONE', *, *, #3385, .T. ) ;
#4640 = VERTEX_POINT ( 'NONE', #3739 ) ;
#4641 = ORIENTED_EDGE ( 'NONE', *, *, #1595, .F. ) ;
#4642 = ORIENTED_EDGE ( 'NONE', *, *, #4847, .F. ) ;
#4643 = DIRECTION ( 'NONE',  ( 1.000000000000000000, 0.000000000000000000, 0.000000000000000000 ) ) ;
#4644 = DIRECTION ( 'NONE',  ( -0.000000000000000000, 0.000000000000000000, 1.000000000000000000 ) ) ;
#4645 = DIRECTION ( 'NONE',  ( 0.000000000000000000, 0.000000000000000000, -1.000000000000000000 ) ) ;
#4646 = EDGE_LOOP ( 'NONE', ( #106, #2858, #5491, #672 ) ) ;
#4647 = EDGE_CURVE ( 'NONE', #339, #2795, #4663, .T. ) ;
#4648 = CARTESIAN_POINT ( 'NONE',  ( 2.578460969082652987, 2.733974596215562602, -6.500000000000000000 ) ) ;
#4649 = ORIENTED_EDGE ( 'NONE', *, *, #5615, .T. ) ;
#4650 = DIRECTION ( 'NONE',  ( 1.000000000000000000, 0.000000000000000000, 0.000000000000000000 ) ) ;
#4651 = CARTESIAN_POINT ( 'NONE',  ( 10.50003296401214037, -14.74869130177516041, -5.000000000000000000 ) ) ;
#4652 = AXIS2_PLACEMENT_3D ( 'NONE', #2319, #4079, #3304 ) ;
#4653 = CARTESIAN_POINT ( 'NONE',  ( 11.10037075072115975, -14.83324412511671930, 5.000000000000000000 ) ) ;
#4654 = LINE ( 'NONE', #594, #5555 ) ;
#4655 = FACE_OUTER_BOUND ( 'NONE', #605, .T. ) ;
#4656 = LINE ( 'NONE', #2437, #4714 ) ;
#4657 = DIRECTION ( 'NONE',  ( 0.000000000000000000, 0.000000000000000000, -1.000000000000000000 ) ) ;
#4658 = AXIS2_PLACEMENT_3D ( 'NONE', #4740, #2550, #3906 ) ;
#4659 = ORIENTED_EDGE ( 'NONE', *, *, #3444, .T. ) ;
#4660 = EDGE_CURVE ( 'NONE', #1184, #1106, #3343, .T. ) ;
#4661 = VERTEX_POINT ( 'NONE', #3369 ) ;
#4662 = DIRECTION ( 'NONE',  ( -0.2588190451025206285, -0.9659258262890683122, 0.000000000000000000 ) ) ;
#4663 = LINE ( 'NONE', #1154, #3148 ) ;
#4664 = LINE ( 'NONE', #1969, #1807 ) ;
#4665 = ORIENTED_EDGE ( 'NONE', *, *, #3392, .T. ) ;
#4666 = ORIENTED_EDGE ( 'NONE', *, *, #9, .F. ) ;
#4667 = VERTEX_POINT ( 'NONE', #3764 ) ;
#4668 = VERTEX_POINT ( 'NONE', #1039 ) ;
#4669 = DIRECTION ( 'NONE',  ( 0.000000000000000000, 0.000000000000000000, 1.000000000000000000 ) ) ;
#4670 = ADVANCED_FACE ( 'NONE', ( #4684 ), #2471, .F. ) ;
#4671 = VERTEX_POINT ( 'NONE', #1554 ) ;
#4672 = CARTESIAN_POINT ( 'NONE',  ( -6.117477020638539264E-14, -3.628951489128790042E-14, 5.000000000000000000 ) ) ;
#4673 = DIRECTION ( 'NONE',  ( 0.000000000000000000, 0.000000000000000000, 1.000000000000000000 ) ) ;
#4674 = CIRCLE ( 'NONE', #5520, 0.4299999999999998823 ) ;
#4675 = CIRCLE ( 'NONE', #3023, 1.000000000000000000 ) ;
#4676 = DIRECTION ( 'NONE',  ( -0.8660254037844387076, -0.4999999999999998890, 0.000000000000000000 ) ) ;
#4677 = DIRECTION ( 'NONE',  ( -0.7071067811865480168, 0.7071067811865470176, 0.000000000000000000 ) ) ;
#4678 = CARTESIAN_POINT ( 'NONE',  ( 11.42209106089458004, -11.94702410697802009, -5.000000000000000000 ) ) ;
#4679 = DIRECTION ( 'NONE',  ( -0.9659258262890683122, 0.2588190451025206285, 0.000000000000000000 ) ) ;
#4680 = ORIENTED_EDGE ( 'NONE', *, *, #2260, .T. ) ;
#4681 = VECTOR ( 'NONE', #3608, 1000.000000000000000 ) ;
#4682 = DIRECTION ( 'NONE',  ( -1.836970198721027715E-16, 1.000000000000000000, 0.000000000000000000 ) ) ;
#4683 = VECTOR ( 'NONE', #5740, 1000.000000000000000 ) ;
#4684 = FACE_OUTER_BOUND ( 'NONE', #796, .T. ) ;
#4685 = CARTESIAN_POINT ( 'NONE',  ( 17.61270781032335009, -4.752648293360449472, 5.002000000000000668 ) ) ;
#4686 = ORIENTED_EDGE ( 'NONE', *, *, #4948, .F. ) ;
#4687 = ORIENTED_EDGE ( 'NONE', *, *, #3168, .T. ) ;
#4688 = EDGE_CURVE ( 'NONE', #280, #1904, #1108, .T. ) ;
#4689 = ORIENTED_EDGE ( 'NONE', *, *, #4209, .T. ) ;
#4690 = ORIENTED_EDGE ( 'NONE', *, *, #1275, .F. ) ;
#4691 = AXIS2_PLACEMENT_3D ( 'NONE', #4823, #5288, #19 ) ;
#4692 = ADVANCED_FACE ( 'NONE', ( #1933 ), #5101, .F. ) ;
#4693 = CARTESIAN_POINT ( 'NONE',  ( 0.03220151268792225546, -18.24264523787019954, 5.002000000000000668 ) ) ;
#4694 = CARTESIAN_POINT ( 'NONE',  ( 8.583684430773390162, 14.12501011712842036, 5.000000000000000000 ) ) ;
#4695 = DIRECTION ( 'NONE',  ( 0.8660254037844387076, -0.4999999999999998890, 0.000000000000000000 ) ) ;
#4696 = ORIENTED_EDGE ( 'NONE', *, *, #317, .F. ) ;
#4697 = CARTESIAN_POINT ( 'NONE',  ( 11.52853332705895895, 13.95949521606318022, 5.000000000000000000 ) ) ;
#4698 = AXIS2_PLACEMENT_3D ( 'NONE', #415, #5672, #3965 ) ;
#4699 = ORIENTED_EDGE ( 'NONE', *, *, #3895, .T. ) ;
#4700 = CARTESIAN_POINT ( 'NONE',  ( -9.757819552369539906E-16, 2.376571162088224710E-13, 5.000000000000000000 ) ) ;
#4701 = VERTEX_POINT ( 'NONE', #720 ) ;
#4702 = CARTESIAN_POINT ( 'NONE',  ( -14.22330004254519942, 11.18896446287262059, 5.000000000000000000 ) ) ;
#4703 = DIRECTION ( 'NONE',  ( 0.000000000000000000, 0.000000000000000000, -1.000000000000000000 ) ) ;
#4704 = DIRECTION ( 'NONE',  ( -0.9659258262890689783, -0.2588190451025180194, 0.000000000000000000 ) ) ;
#4705 = CIRCLE ( 'NONE', #1926, 0.4299999999999997713 ) ;
#4706 = CIRCLE ( 'NONE', #2120, 18.52682817102719781 ) ;
#4707 = CYLINDRICAL_SURFACE ( 'NONE', #2470, 1.764902496759994888 ) ;
#4708 = CARTESIAN_POINT ( 'NONE',  ( -16.05747190671534952, -3.918308969584854751, 5.002000000000000668 ) ) ;
#4709 = CARTESIAN_POINT ( 'NONE',  ( 2.078460969082649878, 3.600000000000000089, -6.500000000000000000 ) ) ;
#4710 = CARTESIAN_POINT ( 'NONE',  ( -16.05747190671534952, 3.918308969584830326, 5.000000000000000000 ) ) ;
#4711 = AXIS2_PLACEMENT_3D ( 'NONE', #5207, #1672, #4391 ) ;
#4712 = FACE_OUTER_BOUND ( 'NONE', #1238, .T. ) ;
#4713 = ORIENTED_EDGE ( 'NONE', *, *, #3368, .F. ) ;
#4714 = VECTOR ( 'NONE', #4224, 1000.000000000000000 ) ;
#4715 = AXIS2_PLACEMENT_3D ( 'NONE', #788, #350, #5526 ) ;
#4716 = DIRECTION ( 'NONE',  ( 0.4999999999999998890, 0.8660254037844387076, 0.000000000000000000 ) ) ;
#4717 = AXIS2_PLACEMENT_3D ( 'NONE', #4509, #5414, #4104 ) ;
#4718 = ADVANCED_FACE ( 'NONE', ( #4229 ), #5066, .T. ) ;
#4719 = AXIS2_PLACEMENT_3D ( 'NONE', #963, #2746, #4504 ) ;
#4720 = CYLINDRICAL_SURFACE ( 'NONE', #3588, 16.52862817102735349 ) ;
#4721 = CARTESIAN_POINT ( 'NONE',  ( -7.295780857526789731, 17.02982512410865112, 5.000000000000000000 ) ) ;
#4722 = CYLINDRICAL_SURFACE ( 'NONE', #419, 0.4299999999999998823 ) ;
#4723 = ORIENTED_EDGE ( 'NONE', *, *, #1340, .F. ) ;
#4724 = ORIENTED_EDGE ( 'NONE', *, *, #503, .T. ) ;
#4725 = ORIENTED_EDGE ( 'NONE', *, *, #2282, .T. ) ;
#4726 = ORIENTED_EDGE ( 'NONE', *, *, #222, .T. ) ;
#4727 = CIRCLE ( 'NONE', #3353, 16.52862817102735349 ) ;
#4728 = ADVANCED_FACE ( 'NONE', ( #2502 ), #4259, .T. ) ;
#4729 = DIRECTION ( 'NONE',  ( 0.000000000000000000, 0.000000000000000000, 1.000000000000000000 ) ) ;
#4730 = VERTEX_POINT ( 'NONE', #5452 ) ;
#4731 = EDGE_LOOP ( 'NONE', ( #1013, #2786, #3537, #4111 ) ) ;
#4732 = EDGE_CURVE ( 'NONE', #339, #3166, #4345, .T. ) ;
#4733 = DIRECTION ( 'NONE',  ( -0.8660254037844385966, 0.5000000000000001110, 0.000000000000000000 ) ) ;
#4734 = VERTEX_POINT ( 'NONE', #5009 ) ;
#4735 = DIRECTION ( 'NONE',  ( 1.000000000000000000, 0.000000000000000000, 0.000000000000000000 ) ) ;
#4736 = CARTESIAN_POINT ( 'NONE',  ( 16.63456994411954781, 7.126448808901080234, -5.000000000000000000 ) ) ;
#4737 = CYLINDRICAL_SURFACE ( 'NONE', #2332, 1.764902496759995110 ) ;
#4738 = ADVANCED_FACE ( 'NONE', ( #2821 ), #603, .T. ) ;
#4739 = ORIENTED_EDGE ( 'NONE', *, *, #1317, .T. ) ;
#4740 = CARTESIAN_POINT ( 'NONE',  ( 6.201502689006168382E-14, -3.483414762376119677E-14, 5.000000000000000000 ) ) ;
#4741 = CARTESIAN_POINT ( 'NONE',  ( -4.635380845820799678, 15.86533307656285174, 5.000000000000000000 ) ) ;
#4742 = DIRECTION ( 'NONE',  ( 1.000000000000000000, 0.000000000000000000, 0.000000000000000000 ) ) ;
#4743 = DIRECTION ( 'NONE',  ( 0.2588190451025180194, -0.9659258262890689783, 0.000000000000000000 ) ) ;
#4744 = ORIENTED_EDGE ( 'NONE', *, *, #5665, .T. ) ;
#4745 = EDGE_CURVE ( 'NONE', #2230, #3714, #5266, .T. ) ;
#4746 = ADVANCED_FACE ( 'NONE', ( #662 ), #2442, .T. ) ;
#4747 = CARTESIAN_POINT ( 'NONE',  ( 0.000000000000000000, 0.000000000000000000, -5.000000000000000000 ) ) ;
#4748 = VECTOR ( 'NONE', #4365, 1000.000000000000000 ) ;
#4749 = DIRECTION ( 'NONE',  ( -0.4999999999999998890, 0.8660254037844387076, 0.000000000000000000 ) ) ;
#4750 = DIRECTION ( 'NONE',  ( -0.000000000000000000, -0.000000000000000000, -1.000000000000000000 ) ) ;
#4751 = CARTESIAN_POINT ( 'NONE',  ( -9.757819552369539906E-16, 2.376571162088224710E-13, 5.000000000000000000 ) ) ;
#4752 = ORIENTED_EDGE ( 'NONE', *, *, #1645, .F. ) ;
#4753 = VERTEX_POINT ( 'NONE', #1234 ) ;
#4754 = EDGE_LOOP ( 'NONE', ( #4052, #1403, #1556, #5105 ) ) ;
#4755 = VERTEX_POINT ( 'NONE', #3452 ) ;
#4756 = EDGE_CURVE ( 'NONE', #4426, #3152, #2958, .T. ) ;
#4757 = DIRECTION ( 'NONE',  ( 0.000000000000000000, 0.000000000000000000, 1.000000000000000000 ) ) ;
#4758 = CARTESIAN_POINT ( 'NONE',  ( 4.635380845820779250, 15.86533307656285174, 5.002000000000000668 ) ) ;
#4759 = ORIENTED_EDGE ( 'NONE', *, *, #590, .F. ) ;
#4760 = EDGE_CURVE ( 'NONE', #3507, #3037, #2600, .T. ) ;
#4761 = ORIENTED_EDGE ( 'NONE', *, *, #4566, .T. ) ;
#4762 = DIRECTION ( 'NONE',  ( -0.7071067811865485719, 0.7071067811865465735, 0.000000000000000000 ) ) ;
#4763 = EDGE_LOOP ( 'NONE', ( #3441, #3305, #3947, #3743 ) ) ;
#4764 = ADVANCED_FACE ( 'NONE', ( #4834 ), #862, .T. ) ;
#4765 = CARTESIAN_POINT ( 'NONE',  ( -11.42209106089458004, 11.94702410697802009, 5.000000000000000000 ) ) ;
#4766 = CARTESIAN_POINT ( 'NONE',  ( 6.325010817588570866, 16.96375033764019946, 5.000000000000000000 ) ) ;
#4767 = CIRCLE ( 'NONE', #5612, 1.000000000000000000 ) ;
#4768 = ORIENTED_EDGE ( 'NONE', *, *, #5386, .T. ) ;
#4769 = CARTESIAN_POINT ( 'NONE',  ( 2.639540076345814779, 18.33783493938530285, 5.000000000000000000 ) ) ;
#4770 = AXIS2_PLACEMENT_3D ( 'NONE', #5444, #5380, #4919 ) ;
#4771 = LINE ( 'NONE', #2526, #550 ) ;
#4772 = DIRECTION ( 'NONE',  ( 0.000000000000000000, 0.000000000000000000, -1.000000000000000000 ) ) ;
#4773 = CARTESIAN_POINT ( 'NONE',  ( 18.33783493938530285, 2.639540076345814779, 5.000000000000000000 ) ) ;
#4774 = CARTESIAN_POINT ( 'NONE',  ( -18.33783493938530285, -2.639540076345824549, -5.000000000000000000 ) ) ;
#4775 = VERTEX_POINT ( 'NONE', #1258 ) ;
#4776 = FACE_BOUND ( 'NONE', #4115, .T. ) ;
#4777 = CIRCLE ( 'NONE', #3849, 0.4299999999999997713 ) ;
#4778 = DIRECTION ( 'NONE',  ( 0.7071067811865475727, 0.7071067811865475727, 0.000000000000000000 ) ) ;
#4779 = DIRECTION ( 'NONE',  ( 0.000000000000000000, 0.000000000000000000, 1.000000000000000000 ) ) ;
#4780 = ORIENTED_EDGE ( 'NONE', *, *, #758, .F. ) ;
#4781 = AXIS2_PLACEMENT_3D ( 'NONE', #1917, #1482, #4191 ) ;
#4782 = VERTEX_POINT ( 'NONE', #4804 ) ;
#4783 = ORIENTED_EDGE ( 'NONE', *, *, #5004, .F. ) ;
#4784 = AXIS2_PLACEMENT_3D ( 'NONE', #1795, #3519, #3147 ) ;
#4785 = EDGE_CURVE ( 'NONE', #5516, #666, #5240, .T. ) ;
#4786 = ORIENTED_EDGE ( 'NONE', *, *, #308, .T. ) ;
#4787 = AXIS2_PLACEMENT_3D ( 'NONE', #2002, #5556, #651 ) ;
#4788 = EDGE_CURVE ( 'NONE', #3767, #5708, #3694, .T. ) ;
#4789 = DIRECTION ( 'NONE',  ( 0.000000000000000000, 0.000000000000000000, 1.000000000000000000 ) ) ;
#4790 = EDGE_CURVE ( 'NONE', #4506, #3151, #1614, .T. ) ;
#4791 = ORIENTED_EDGE ( 'NONE', *, *, #2219, .T. ) ;
#4792 = DIRECTION ( 'NONE',  ( 0.000000000000000000, 0.000000000000000000, -1.000000000000000000 ) ) ;
#4793 = ORIENTED_EDGE ( 'NONE', *, *, #1531, .F. ) ;
#4794 = VECTOR ( 'NONE', #2385, 1000.000000000000000 ) ;
#4795 = EDGE_CURVE ( 'NONE', #5123, #1551, #2874, .T. ) ;
#4796 = ORIENTED_EDGE ( 'NONE', *, *, #2447, .F. ) ;
#4797 = DIRECTION ( 'NONE',  ( 0.8660254037844387076, 0.4999999999999998890, 0.000000000000000000 ) ) ;
#4798 = DIRECTION ( 'NONE',  ( 0.000000000000000000, 0.000000000000000000, 1.000000000000000000 ) ) ;
#4799 = VECTOR ( 'NONE', #4159, 1000.000000000000000 ) ;
#4800 = VERTEX_POINT ( 'NONE', #4341 ) ;
#4801 = AXIS2_PLACEMENT_3D ( 'NONE', #4908, #928, #402 ) ;
#4802 = DIRECTION ( 'NONE',  ( -0.7071067811865475727, 0.7071067811865475727, 0.000000000000000000 ) ) ;
#4803 = AXIS2_PLACEMENT_3D ( 'NONE', #211, #5486, #689 ) ;
#4804 = CARTESIAN_POINT ( 'NONE',  ( -18.02275782191794562, -1.718949636520940016, -5.000000000000000000 ) ) ;
#4805 = DIRECTION ( 'NONE',  ( -0.000000000000000000, 0.000000000000000000, 1.000000000000000000 ) ) ;
#4806 = VERTEX_POINT ( 'NONE', #3850 ) ;
#4807 = ORIENTED_EDGE ( 'NONE', *, *, #2847, .T. ) ;
#4808 = AXIS2_PLACEMENT_3D ( 'NONE', #657, #1548, #2012 ) ;
#4809 = AXIS2_PLACEMENT_3D ( 'NONE', #2227, #3559, #3995 ) ;
#4810 = ORIENTED_EDGE ( 'NONE', *, *, #5234, .T. ) ;
#4811 = ORIENTED_EDGE ( 'NONE', *, *, #1045, .F. ) ;
#4812 = EDGE_CURVE ( 'NONE', #1497, #1648, #3511, .T. ) ;
#4813 = CIRCLE ( 'NONE', #1274, 1.764902496759993555 ) ;
#4814 = EDGE_CURVE ( 'NONE', #1828, #1960, #1745, .T. ) ;
#4815 = AXIS2_PLACEMENT_3D ( 'NONE', #5325, #533, #3990 ) ;
#4816 = DIRECTION ( 'NONE',  ( -0.000000000000000000, -0.000000000000000000, -1.000000000000000000 ) ) ;
#4817 = FACE_OUTER_BOUND ( 'NONE', #4754, .T. ) ;
#4818 = VECTOR ( 'NONE', #1175, 1000.000000000000000 ) ;
#4819 = VERTEX_POINT ( 'NONE', #1727 ) ;
#4820 = ORIENTED_EDGE ( 'NONE', *, *, #1116, .T. ) ;
#4821 = EDGE_CURVE ( 'NONE', #1522, #884, #1193, .T. ) ;
#4822 = ORIENTED_EDGE ( 'NONE', *, *, #4537, .T. ) ;
#4823 = CARTESIAN_POINT ( 'NONE',  ( -6.848270805104349773E-14, -1.921978404781390092E-14, 5.002000000000000668 ) ) ;
#4824 = EDGE_CURVE ( 'NONE', #4364, #1591, #1289, .T. ) ;
#4825 = ORIENTED_EDGE ( 'NONE', *, *, #3521, .T. ) ;
#4826 = DIRECTION ( 'NONE',  ( 1.000000000000000000, 0.000000000000000000, 0.000000000000000000 ) ) ;
#4827 = DIRECTION ( 'NONE',  ( 0.2588190451025180194, 0.9659258262890689783, 0.000000000000000000 ) ) ;
#4828 = DIRECTION ( 'NONE',  ( -0.000000000000000000, -0.000000000000000000, 1.000000000000000000 ) ) ;
#4829 = ORIENTED_EDGE ( 'NONE', *, *, #4647, .F. ) ;
#4830 = EDGE_CURVE ( 'NONE', #1904, #1333, #4430, .T. ) ;
#4831 = CYLINDRICAL_SURFACE ( 'NONE', #4245, 1.764902496759995110 ) ;
#4832 = FACE_OUTER_BOUND ( 'NONE', #1784, .T. ) ;
#4833 = CARTESIAN_POINT ( 'NONE',  ( 3.004255121577009469, 17.85354414464755024, -5.000000000000000000 ) ) ;
#4834 = FACE_OUTER_BOUND ( 'NONE', #2807, .T. ) ;
#4835 = EDGE_CURVE ( 'NONE', #4475, #557, #831, .T. ) ;
#4836 = DIRECTION ( 'NONE',  ( 0.2588190451025196848, 0.9659258262890685343, 0.000000000000000000 ) ) ;
#4837 = ORIENTED_EDGE ( 'NONE', *, *, #3659, .T. ) ;
#4838 = CARTESIAN_POINT ( 'NONE',  ( 10.84273574818606001, 14.48897067933745930, 5.000000000000000000 ) ) ;
#4839 = ORIENTED_EDGE ( 'NONE', *, *, #175, .F. ) ;
#4840 = LINE ( 'NONE', #4350, #3278 ) ;
#4841 = AXIS2_PLACEMENT_3D ( 'NONE', #1761, #5272, #3506 ) ;
#4842 = CARTESIAN_POINT ( 'NONE',  ( 6.325010817588579748, -16.96375033764019946, 5.002000000000000668 ) ) ;
#4843 = ORIENTED_EDGE ( 'NONE', *, *, #2575, .T. ) ;
#4844 = CARTESIAN_POINT ( 'NONE',  ( 0.000000000000000000, 1.165057210878772069E-15, -5.000000000000000000 ) ) ;
#4845 = EDGE_LOOP ( 'NONE', ( #2960, #2653, #66, #1366 ) ) ;
#4846 = AXIS2_PLACEMENT_3D ( 'NONE', #4089, #1876, #2157 ) ;
#4847 = EDGE_CURVE ( 'NONE', #1814, #4520, #2604, .T. ) ;
#4848 = DIRECTION ( 'NONE',  ( 0.7071067811865480168, -0.7071067811865470176, 0.000000000000000000 ) ) ;
#4849 = EDGE_CURVE ( 'NONE', #5154, #5108, #1660, .T. ) ;
#4850 = CIRCLE ( 'NONE', #2914, 0.4299999999999998823 ) ;
#4851 = LINE ( 'NONE', #4001, #5530 ) ;
#4852 = EDGE_LOOP ( 'NONE', ( #916, #1186, #2592, #5376 ) ) ;
#4853 = FACE_OUTER_BOUND ( 'NONE', #724, .T. ) ;
#4854 = DIRECTION ( 'NONE',  ( 1.000000000000000000, 0.000000000000000000, 0.000000000000000000 ) ) ;
#4855 = ORIENTED_EDGE ( 'NONE', *, *, #3157, .F. ) ;
#4856 = CARTESIAN_POINT ( 'NONE',  ( 9.093435290907070367, 15.81469496456674939, -5.000000000000000000 ) ) ;
#4857 = DIRECTION ( 'NONE',  ( 0.000000000000000000, 0.000000000000000000, 1.000000000000000000 ) ) ;
#4858 = DIRECTION ( 'NONE',  ( 0.000000000000000000, 0.000000000000000000, -1.000000000000000000 ) ) ;
#4859 = DIRECTION ( 'NONE',  ( -0.000000000000000000, -0.000000000000000000, -1.000000000000000000 ) ) ;
#4860 = ORIENTED_EDGE ( 'NONE', *, *, #1920, .F. ) ;
#4861 = ORIENTED_EDGE ( 'NONE', *, *, #841, .T. ) ;
#4862 = AXIS2_PLACEMENT_3D ( 'NONE', #4751, #2137, #2745 ) ;
#4863 = CARTESIAN_POINT ( 'NONE',  ( 14.56126086974063938, 11.45482623011523948, 5.000000000000000000 ) ) ;
#4864 = LINE ( 'NONE', #890, #1622 ) ;
#4865 = CARTESIAN_POINT ( 'NONE',  ( -9.757819552369539906E-16, 2.376571162088224710E-13, -5.000000000000000000 ) ) ;
#4866 = VERTEX_POINT ( 'NONE', #2108 ) ;
#4867 = ORIENTED_EDGE ( 'NONE', *, *, #2264, .T. ) ;
#4868 = VECTOR ( 'NONE', #393, 1000.000000000000000 ) ;
#4869 = EDGE_CURVE ( 'NONE', #2634, #395, #4987, .T. ) ;
#4870 = DIRECTION ( 'NONE',  ( -0.000000000000000000, -0.000000000000000000, 1.000000000000000000 ) ) ;
#4871 = CARTESIAN_POINT ( 'NONE',  ( 14.74869130177516041, 10.50003296401214037, 5.000000000000000000 ) ) ;
#4872 = CIRCLE ( 'NONE', #1078, 1.764902496759994444 ) ;
#4873 = EDGE_CURVE ( 'NONE', #1762, #4017, #2878, .T. ) ;
#4874 = AXIS2_PLACEMENT_3D ( 'NONE', #1689, #1794, #5764 ) ;
#4875 = CARTESIAN_POINT ( 'NONE',  ( 14.22330004254517810, -11.18896446287262059, -5.000000000000000000 ) ) ;
#4876 = CARTESIAN_POINT ( 'NONE',  ( 8.583684430773390162, 14.12501011712842036, 5.002000000000000668 ) ) ;
#4877 = EDGE_LOOP ( 'NONE', ( #426, #5515, #410, #582 ) ) ;
#4878 = CARTESIAN_POINT ( 'NONE',  ( 6.325010817588570866, 16.96375033764019946, -5.000000000000000000 ) ) ;
#4879 = CARTESIAN_POINT ( 'NONE',  ( -7.126448808901080234, -16.63456994411954781, 5.000000000000000000 ) ) ;
#4880 = ORIENTED_EDGE ( 'NONE', *, *, #298, .F. ) ;
#4881 = DIRECTION ( 'NONE',  ( 0.000000000000000000, 0.000000000000000000, -1.000000000000000000 ) ) ;
#4882 = EDGE_CURVE ( 'NONE', #5585, #2962, #5366, .T. ) ;
#4883 = ORIENTED_EDGE ( 'NONE', *, *, #1469, .F. ) ;
#4884 = DIRECTION ( 'NONE',  ( 0.000000000000000000, 0.000000000000000000, -1.000000000000000000 ) ) ;
#4885 = CIRCLE ( 'NONE', #3330, 0.4299999999999993272 ) ;
#4886 = DIRECTION ( 'NONE',  ( 0.8660254037844387076, 0.4999999999999998890, 0.000000000000000000 ) ) ;
#4887 = DIRECTION ( 'NONE',  ( 0.2588190451025206285, 0.9659258262890683122, 0.000000000000000000 ) ) ;
#4888 = DIRECTION ( 'NONE',  ( 0.000000000000000000, 0.000000000000000000, -1.000000000000000000 ) ) ;
#4889 = ORIENTED_EDGE ( 'NONE', *, *, #1103, .F. ) ;
#4890 = CARTESIAN_POINT ( 'NONE',  ( -1.078460969082654541, -3.599999999999999645, 6.500000000000000000 ) ) ;
#4891 = EDGE_CURVE ( 'NONE', #3401, #1429, #4440, .T. ) ;
#4892 = ORIENTED_EDGE ( 'NONE', *, *, #610, .T. ) ;
#4893 = ADVANCED_FACE ( 'NONE', ( #883 ), #5383, .T. ) ;
#4894 = AXIS2_PLACEMENT_3D ( 'NONE', #2486, #784, #2545 ) ;
#4895 = AXIS2_PLACEMENT_3D ( 'NONE', #1898, #5513, #4579 ) ;
#4896 = DIRECTION ( 'NONE',  ( 1.000000000000000000, 0.000000000000000000, 0.000000000000000000 ) ) ;
#4897 = CARTESIAN_POINT ( 'NONE',  ( -6.723256931056110552, 16.80157748816159824, -5.000000000000000000 ) ) ;
#4898 = CARTESIAN_POINT ( 'NONE',  ( -9.093435290907070367, -15.81469496456674939, 5.002000000000000668 ) ) ;
#4899 = EDGE_LOOP ( 'NONE', ( #3741, #3326, #3397, #5347 ) ) ;
#4900 = EDGE_LOOP ( 'NONE', ( #4726, #3285, #4916, #143 ) ) ;
#4901 = ORIENTED_EDGE ( 'NONE', *, *, #1406, .F. ) ;
#4902 = AXIS2_PLACEMENT_3D ( 'NONE', #2853, #5458, #5014 ) ;
#4903 = EDGE_CURVE ( 'NONE', #2098, #397, #3516, .T. ) ;
#4904 = CIRCLE ( 'NONE', #5667, 0.4299999999999998823 ) ;
#4905 = CIRCLE ( 'NONE', #4717, 1.764902496759995110 ) ;
#4906 = CARTESIAN_POINT ( 'NONE',  ( -9.757819552369539906E-16, 2.376571162088224710E-13, 5.000000000000000000 ) ) ;
#4907 = AXIS2_PLACEMENT_3D ( 'NONE', #2552, #1639, #1150 ) ;
#4908 = CARTESIAN_POINT ( 'NONE',  ( -9.757819552369539906E-16, 2.376571162088224710E-13, -5.000000000000000000 ) ) ;
#4909 = CARTESIAN_POINT ( 'NONE',  ( 2.639540076345814779, -18.33783493938530285, 5.000000000000000000 ) ) ;
#4910 = EDGE_CURVE ( 'NONE', #4279, #778, #1316, .T. ) ;
#4911 = AXIS2_PLACEMENT_3D ( 'NONE', #1201, #4673, #2980 ) ;
#4912 = ORIENTED_EDGE ( 'NONE', *, *, #4903, .T. ) ;
#4913 = ORIENTED_EDGE ( 'NONE', *, *, #1406, .T. ) ;
#4914 = DIRECTION ( 'NONE',  ( 0.000000000000000000, 0.000000000000000000, -1.000000000000000000 ) ) ;
#4915 = DIRECTION ( 'NONE',  ( -0.8660254037844387076, 0.4999999999999999445, 0.000000000000000000 ) ) ;
#4916 = ORIENTED_EDGE ( 'NONE', *, *, #4537, .F. ) ;
#4917 = DIRECTION ( 'NONE',  ( 1.000000000000000000, 0.000000000000000000, 0.000000000000000000 ) ) ;
#4918 = ORIENTED_EDGE ( 'NONE', *, *, #2462, .T. ) ;
#4919 = DIRECTION ( 'NONE',  ( 0.000000000000000000, -1.000000000000000000, 0.000000000000000000 ) ) ;
#4920 = CARTESIAN_POINT ( 'NONE',  ( 18.39615160824795126, -2.196580998991904732, 5.000000000000000000 ) ) ;
#4921 = DIRECTION ( 'NONE',  ( 0.000000000000000000, 0.000000000000000000, -1.000000000000000000 ) ) ;
#4922 = DIRECTION ( 'NONE',  ( 0.000000000000000000, 1.000000000000000000, 0.000000000000000000 ) ) ;
#4923 = ORIENTED_EDGE ( 'NONE', *, *, #2949, .T. ) ;
#4924 = DIRECTION ( 'NONE',  ( -0.000000000000000000, -0.000000000000000000, 1.000000000000000000 ) ) ;
#4925 = ORIENTED_EDGE ( 'NONE', *, *, #4543, .T. ) ;
#4926 = VECTOR ( 'NONE', #4657, 1000.000000000000000 ) ;
#4927 = CARTESIAN_POINT ( 'NONE',  ( 1.921978404781390092E-14, -6.848270805104349773E-14, 5.002000000000000668 ) ) ;
#4928 = CARTESIAN_POINT ( 'NONE',  ( -11.10037075072115975, -14.83324412511671930, 5.000000000000000000 ) ) ;
#4929 = EDGE_CURVE ( 'NONE', #922, #1785, #5750, .T. ) ;
#4930 = ORIENTED_EDGE ( 'NONE', *, *, #4087, .T. ) ;
#4931 = ORIENTED_EDGE ( 'NONE', *, *, #3004, .T. ) ;
#4932 = VERTEX_POINT ( 'NONE', #4511 ) ;
#4933 = FACE_OUTER_BOUND ( 'NONE', #4, .T. ) ;
#4934 = EDGE_CURVE ( 'NONE', #4753, #1713, #2698, .T. ) ;
#4935 = CARTESIAN_POINT ( 'NONE',  ( 10.84273574818606001, -14.48897067933744154, -5.000000000000000000 ) ) ;
#4936 = VERTEX_POINT ( 'NONE', #4944 ) ;
#4937 = ADVANCED_FACE ( 'NONE', ( #500 ), #2753, .F. ) ;
#4938 = CYLINDRICAL_SURFACE ( 'NONE', #2749, 16.52862817102735349 ) ;
#4939 = LINE ( 'NONE', #4069, #262 ) ;
#4940 = ORIENTED_EDGE ( 'NONE', *, *, #2313, .F. ) ;
#4941 = EDGE_CURVE ( 'NONE', #1912, #1362, #3794, .T. ) ;
#4942 = CARTESIAN_POINT ( 'NONE',  ( -3.656921938165305086, 0.8660254037844402619, -6.500000000000000000 ) ) ;
#4943 = CARTESIAN_POINT ( 'NONE',  ( 4.690439747858779818, 17.62937653985285280, 5.000000000000000000 ) ) ;
#4944 = CARTESIAN_POINT ( 'NONE',  ( 14.12501011712842036, -8.583684430773390162, -5.000000000000000000 ) ) ;
#4945 = LINE ( 'NONE', #2814, #1038 ) ;
#4946 = ORIENTED_EDGE ( 'NONE', *, *, #5494, .F. ) ;
#4947 = ORIENTED_EDGE ( 'NONE', *, *, #845, .F. ) ;
#4948 = EDGE_CURVE ( 'NONE', #1004, #1522, #4078, .T. ) ;
#4949 = CARTESIAN_POINT ( 'NONE',  ( 6.848270805104349773E-14, 1.921978404781390092E-14, -5.000000000000000000 ) ) ;
#4950 = EDGE_LOOP ( 'NONE', ( #5365, #2850, #255, #3829 ) ) ;
#4951 = VECTOR ( 'NONE', #1578, 1000.000000000000000 ) ;
#4952 = ORIENTED_EDGE ( 'NONE', *, *, #1416, .F. ) ;
#4953 = VERTEX_POINT ( 'NONE', #35 ) ;
#4954 = CIRCLE ( 'NONE', #2567, 18.52682817102719781 ) ;
#4955 = CARTESIAN_POINT ( 'NONE',  ( -9.757819552369539906E-16, 2.376571162088224710E-13, 5.000000000000000000 ) ) ;
#4956 = ORIENTED_EDGE ( 'NONE', *, *, #2130, .F. ) ;
#4957 = CIRCLE ( 'NONE', #1532, 1.000000000000000000 ) ;
#4958 = VERTEX_POINT ( 'NONE', #4458 ) ;
#4959 = DIRECTION ( 'NONE',  ( 0.8660254037844388186, 0.4999999999999998335, 0.000000000000000000 ) ) ;
#4960 = CIRCLE ( 'NONE', #1535, 1.764902496759995998 ) ;
#4961 = ORIENTED_EDGE ( 'NONE', *, *, #5684, .T. ) ;
#4962 = CYLINDRICAL_SURFACE ( 'NONE', #3487, 1.764902496759994888 ) ;
#4963 = DIRECTION ( 'NONE',  ( -0.000000000000000000, -0.000000000000000000, -1.000000000000000000 ) ) ;
#4964 = CARTESIAN_POINT ( 'NONE',  ( -14.83324412511671930, -11.10037075072117929, 5.000000000000000000 ) ) ;
#4965 = AXIS2_PLACEMENT_3D ( 'NONE', #3566, #3145, #3517 ) ;
#4966 = EDGE_LOOP ( 'NONE', ( #2925, #4180, #751, #5619 ) ) ;
#4967 = LINE ( 'NONE', #2695, #3021 ) ;
#4968 = DIRECTION ( 'NONE',  ( -1.000000000000000000, 0.000000000000000000, 0.000000000000000000 ) ) ;
#4969 = CARTESIAN_POINT ( 'NONE',  ( -16.46764093829609976, 7.522724857905799922, -5.000000000000000000 ) ) ;
#4970 = ORIENTED_EDGE ( 'NONE', *, *, #2927, .T. ) ;
#4971 = ORIENTED_EDGE ( 'NONE', *, *, #3808, .F. ) ;
#4972 = CIRCLE ( 'NONE', #58, 0.4299999999999998268 ) ;
#4973 = DIRECTION ( 'NONE',  ( 0.000000000000000000, 0.000000000000000000, -1.000000000000000000 ) ) ;
#4974 = DIRECTION ( 'NONE',  ( 0.000000000000000000, 0.000000000000000000, -1.000000000000000000 ) ) ;
#4975 = ORIENTED_EDGE ( 'NONE', *, *, #2489, .F. ) ;
#4976 = EDGE_LOOP ( 'NONE', ( #3531, #135, #3172, #2045 ) ) ;
#4977 = ORIENTED_EDGE ( 'NONE', *, *, #5318, .T. ) ;
#4978 = EDGE_CURVE ( 'NONE', #3049, #3122, #4904, .T. ) ;
#4979 = ORIENTED_EDGE ( 'NONE', *, *, #1674, .T. ) ;
#4980 = CIRCLE ( 'NONE', #2596, 1.764902496759995332 ) ;
#4981 = EDGE_CURVE ( 'NONE', #5677, #4734, #1008, .T. ) ;
#4982 = CIRCLE ( 'NONE', #4618, 1.764902496759995110 ) ;
#4983 = VECTOR ( 'NONE', #3825, 1000.000000000000000 ) ;
#4984 = CYLINDRICAL_SURFACE ( 'NONE', #904, 16.52862817102735704 ) ;
#4985 = CIRCLE ( 'NONE', #2416, 0.4300000000000000488 ) ;
#4986 = ORIENTED_EDGE ( 'NONE', *, *, #1305, .F. ) ;
#4987 = CIRCLE ( 'NONE', #4352, 0.4299999999999993272 ) ;
#4988 = ORIENTED_EDGE ( 'NONE', *, *, #3953, .F. ) ;
#4989 = AXIS2_PLACEMENT_3D ( 'NONE', #2837, #3302, #4250 ) ;
#4990 = DIRECTION ( 'NONE',  ( -0.7071067811865475727, 0.7071067811865475727, 0.000000000000000000 ) ) ;
#4991 = CIRCLE ( 'NONE', #1665, 18.52682817102719781 ) ;
#4992 = DIRECTION ( 'NONE',  ( 0.000000000000000000, 0.000000000000000000, 1.000000000000000000 ) ) ;
#4993 = ORIENTED_EDGE ( 'NONE', *, *, #2976, .F. ) ;
#4994 = DIRECTION ( 'NONE',  ( -0.9659258262890685343, 0.2588190451025196848, 0.000000000000000000 ) ) ;
#4995 = DIRECTION ( 'NONE',  ( 0.000000000000000000, 0.000000000000000000, 1.000000000000000000 ) ) ;
#4996 = AXIS2_PLACEMENT_3D ( 'NONE', #4435, #2061, #2947 ) ;
#4997 = ORIENTED_EDGE ( 'NONE', *, *, #3893, .F. ) ;
#4998 = ADVANCED_FACE ( 'NONE', ( #1865 ), #472, .T. ) ;
#4999 = DIRECTION ( 'NONE',  ( 0.000000000000000000, 0.000000000000000000, 1.000000000000000000 ) ) ;
#5000 =( NAMED_UNIT ( * ) PLANE_ANGLE_UNIT ( ) SI_UNIT ( $, .RADIAN. ) );
#5001 = CARTESIAN_POINT ( 'NONE',  ( -16.05747190671534952, 3.918308969584830326, -5.000000000000000000 ) ) ;
#5002 = CARTESIAN_POINT ( 'NONE',  ( -9.757819552369539906E-16, 2.376571162088224710E-13, 5.000000000000000000 ) ) ;
#5003 = DIRECTION ( 'NONE',  ( 0.7071067811865475727, 0.7071067811865475727, 0.000000000000000000 ) ) ;
#5004 = EDGE_CURVE ( 'NONE', #367, #241, #5466, .T. ) ;
#5005 = ORIENTED_EDGE ( 'NONE', *, *, #3489, .T. ) ;
#5006 = ORIENTED_EDGE ( 'NONE', *, *, #1887, .T. ) ;
#5007 = FACE_OUTER_BOUND ( 'NONE', #2670, .T. ) ;
#5008 = EDGE_CURVE ( 'NONE', #2943, #2627, #5415, .T. ) ;
#5009 = CARTESIAN_POINT ( 'NONE',  ( 5.156921938165305086, 1.084202172485504040E-15, -6.500000000000000000 ) ) ;
#5010 = LINE ( 'NONE', #1040, #2082 ) ;
#5011 = VERTEX_POINT ( 'NONE', #2190 ) ;
#5012 = ORIENTED_EDGE ( 'NONE', *, *, #5609, .T. ) ;
#5013 = ORIENTED_EDGE ( 'NONE', *, *, #1054, .T. ) ;
#5014 = DIRECTION ( 'NONE',  ( -1.000000000000000000, 0.000000000000000000, 0.000000000000000000 ) ) ;
#5015 = VECTOR ( 'NONE', #2063, 1000.000000000000000 ) ;
#5016 = LINE ( 'NONE', #169, #5735 ) ;
#5017 = FACE_OUTER_BOUND ( 'NONE', #957, .T. ) ;
#5018 = DIRECTION ( 'NONE',  ( -0.4999999999999999445, 0.8660254037844387076, 0.000000000000000000 ) ) ;
#5019 = ORIENTED_EDGE ( 'NONE', *, *, #2595, .T. ) ;
#5020 = EDGE_CURVE ( 'NONE', #567, #1383, #5273, .T. ) ;
#5021 = DIRECTION ( 'NONE',  ( -0.000000000000000000, -0.000000000000000000, -1.000000000000000000 ) ) ;
#5022 = AXIS2_PLACEMENT_3D ( 'NONE', #3446, #5117, #1667 ) ;
#5023 = CARTESIAN_POINT ( 'NONE',  ( 18.24264523787019954, 0.03220151268792115218, 5.000000000000000000 ) ) ;
#5024 = PLANE ( 'NONE',  #3558 ) ;
#5025 = CYLINDRICAL_SURFACE ( 'NONE', #5051, 0.4299999999999993272 ) ;
#5026 = DIRECTION ( 'NONE',  ( 1.000000000000000000, 0.000000000000000000, 0.000000000000000000 ) ) ;
#5027 = EDGE_CURVE ( 'NONE', #1992, #1384, #3342, .T. ) ;
#5028 = DIRECTION ( 'NONE',  ( 0.000000000000000000, 0.000000000000000000, -1.000000000000000000 ) ) ;
#5029 = FILL_AREA_STYLE_COLOUR ( '', #5749 ) ;
#5030 = CARTESIAN_POINT ( 'NONE',  ( 16.46764093829609976, 7.522724857905819462, 5.000000000000000000 ) ) ;
#5031 = DIRECTION ( 'NONE',  ( 0.8660254037844390407, -0.4999999999999993894, 0.000000000000000000 ) ) ;
#5032 = FACE_OUTER_BOUND ( 'NONE', #4646, .T. ) ;
#5033 = EDGE_CURVE ( 'NONE', #1901, #5190, #3700, .T. ) ;
#5034 = CARTESIAN_POINT ( 'NONE',  ( 16.05747190671534952, 3.918308969584845425, -5.000000000000000000 ) ) ;
#5035 = EDGE_CURVE ( 'NONE', #1648, #2180, #1984, .T. ) ;
#5036 = DIRECTION ( 'NONE',  ( 0.000000000000000000, 0.000000000000000000, 1.000000000000000000 ) ) ;
#5037 = CARTESIAN_POINT ( 'NONE',  ( -9.757819552369539906E-16, 2.376571162088224710E-13, 5.000000000000000000 ) ) ;
#5038 = DIRECTION ( 'NONE',  ( -0.4999999999999998335, 0.8660254037844388186, 0.000000000000000000 ) ) ;
#5039 = ORIENTED_EDGE ( 'NONE', *, *, #17, .T. ) ;
#5040 = ORIENTED_EDGE ( 'NONE', *, *, #4891, .F. ) ;
#5041 = ORIENTED_EDGE ( 'NONE', *, *, #2096, .F. ) ;
#5042 = ORIENTED_EDGE ( 'NONE', *, *, #1587, .F. ) ;
#5043 = EDGE_CURVE ( 'NONE', #3074, #4608, #2686, .T. ) ;
#5044 = CIRCLE ( 'NONE', #3108, 1.764902496759994888 ) ;
#5045 = DIRECTION ( 'NONE',  ( 0.000000000000000000, 0.000000000000000000, 1.000000000000000000 ) ) ;
#5046 = ORIENTED_EDGE ( 'NONE', *, *, #4081, .T. ) ;
#5047 = AXIS2_PLACEMENT_3D ( 'NONE', #5611, #2543, #3376 ) ;
#5048 = DIRECTION ( 'NONE',  ( 0.000000000000000000, 0.000000000000000000, 1.000000000000000000 ) ) ;
#5049 = CARTESIAN_POINT ( 'NONE',  ( -9.149209946963118512, -15.78249345187885133, 5.000000000000000000 ) ) ;
#5050 = ORIENTED_EDGE ( 'NONE', *, *, #3656, .T. ) ;
#5051 = AXIS2_PLACEMENT_3D ( 'NONE', #4126, #2372, #4593 ) ;
#5052 = DIRECTION ( 'NONE',  ( -0.000000000000000000, -0.000000000000000000, 1.000000000000000000 ) ) ;
#5053 = CARTESIAN_POINT ( 'NONE',  ( -9.757819552369539906E-16, 2.376571162088224710E-13, 5.000000000000000000 ) ) ;
#5054 = CARTESIAN_POINT ( 'NONE',  ( 11.18896446287262059, 14.22330004254517810, 5.002000000000000668 ) ) ;
#5055 = EDGE_CURVE ( 'NONE', #1585, #4261, #3606, .T. ) ;
#5056 = CIRCLE ( 'NONE', #707, 1.764902496759993555 ) ;
#5057 = DIRECTION ( 'NONE',  ( -0.000000000000000000, -0.000000000000000000, 1.000000000000000000 ) ) ;
#5058 =( NAMED_UNIT ( * ) SI_UNIT ( $, .STERADIAN. ) SOLID_ANGLE_UNIT ( ) );
#5059 = DIRECTION ( 'NONE',  ( 1.000000000000000000, 0.000000000000000000, 0.000000000000000000 ) ) ;
#5060 = FACE_OUTER_BOUND ( 'NONE', #4852, .T. ) ;
#5061 = CARTESIAN_POINT ( 'NONE',  ( -9.093435290907079249, 15.81469496456674939, 5.002000000000000668 ) ) ;
#5062 = ORIENTED_EDGE ( 'NONE', *, *, #1772, .T. ) ;
#5063 = EDGE_CURVE ( 'NONE', #5190, #4396, #4255, .T. ) ;
#5064 = DIRECTION ( 'NONE',  ( 0.000000000000000000, 0.000000000000000000, -1.000000000000000000 ) ) ;
#5065 = AXIS2_PLACEMENT_3D ( 'NONE', #5463, #3771, #4208 ) ;
#5066 = CYLINDRICAL_SURFACE ( 'NONE', #1460, 0.4299999999999997713 ) ;
#5067 = EDGE_CURVE ( 'NONE', #3721, #367, #1375, .T. ) ;
#5068 = CARTESIAN_POINT ( 'NONE',  ( 3.918308969584840096, 16.05747190671534952, -5.000000000000000000 ) ) ;
#5069 = ORIENTED_EDGE ( 'NONE', *, *, #2144, .T. ) ;
#5070 = ORIENTED_EDGE ( 'NONE', *, *, #4190, .T. ) ;
#5071 = VERTEX_POINT ( 'NONE', #232 ) ;
#5072 = EDGE_CURVE ( 'NONE', #501, #1880, #444, .T. ) ;
#5073 = LINE ( 'NONE', #1110, #701 ) ;
#5074 = AXIS2_PLACEMENT_3D ( 'NONE', #3266, #5584, #2034 ) ;
#5075 = EDGE_CURVE ( 'NONE', #1877, #2705, #2781, .T. ) ;
#5076 = ORIENTED_EDGE ( 'NONE', *, *, #2081, .F. ) ;
#5077 = CARTESIAN_POINT ( 'NONE',  ( -17.85354414464755024, -3.004255121577025012, 5.002000000000000668 ) ) ;
#5078 = AXIS2_PLACEMENT_3D ( 'NONE', #46, #5045, #139 ) ;
#5079 = CARTESIAN_POINT ( 'NONE',  ( -2.598076211353315124, 2.700000000000000178, -52.80796289473149585 ) ) ;
#5080 = EDGE_CURVE ( 'NONE', #3513, #2915, #4656, .T. ) ;
#5081 = VERTEX_POINT ( 'NONE', #1059 ) ;
#5082 = AXIS2_PLACEMENT_3D ( 'NONE', #5269, #2617, #330 ) ;
#5083 = CYLINDRICAL_SURFACE ( 'NONE', #2203, 16.52862817102734638 ) ;
#5084 = DIRECTION ( 'NONE',  ( -0.000000000000000000, -0.000000000000000000, 1.000000000000000000 ) ) ;
#5085 = CARTESIAN_POINT ( 'NONE',  ( -18.33783493938530285, 2.639540076345805009, 5.000000000000000000 ) ) ;
#5086 = AXIS2_PLACEMENT_3D ( 'NONE', #967, #3617, #3551 ) ;
#5087 = AXIS2_PLACEMENT_3D ( 'NONE', #2726, #2281, #3188 ) ;
#5088 = DIRECTION ( 'NONE',  ( 1.000000000000000000, 0.000000000000000000, 0.000000000000000000 ) ) ;
#5089 = AXIS2_PLACEMENT_3D ( 'NONE', #4422, #499, #1342 ) ;
#5090 = DIRECTION ( 'NONE',  ( -1.000000000000000000, 2.086548053801609656E-16, 0.000000000000000000 ) ) ;
#5091 = DIRECTION ( 'NONE',  ( -0.7071067811865470176, -0.7071067811865480168, 0.000000000000000000 ) ) ;
#5092 = CYLINDRICAL_SURFACE ( 'NONE', #2966, 1.764902496759995110 ) ;
#5093 = LINE ( 'NONE', #2900, #4926 ) ;
#5094 = AXIS2_PLACEMENT_3D ( 'NONE', #323, #2102, #4367 ) ;
#5095 = ORIENTED_EDGE ( 'NONE', *, *, #4788, .T. ) ;
#5096 = VERTEX_POINT ( 'NONE', #564 ) ;
#5097 = DIRECTION ( 'NONE',  ( 0.000000000000000000, 0.000000000000000000, 1.000000000000000000 ) ) ;
#5098 = AXIS2_PLACEMENT_3D ( 'NONE', #2199, #1298, #1575 ) ;
#5099 = ADVANCED_FACE ( 'NONE', ( #5060 ), #4545, .F. ) ;
#5100 = EDGE_CURVE ( 'NONE', #3714, #4514, #2311, .T. ) ;
#5101 = CYLINDRICAL_SURFACE ( 'NONE', #4895, 1.000000000000000222 ) ;
#5102 = CARTESIAN_POINT ( 'NONE',  ( -2.196580998991904732, -18.39615160824795126, -5.000000000000000000 ) ) ;
#5103 = ORIENTED_EDGE ( 'NONE', *, *, #1627, .F. ) ;
#5104 = ORIENTED_EDGE ( 'NONE', *, *, #5591, .F. ) ;
#5105 = ORIENTED_EDGE ( 'NONE', *, *, #1506, .F. ) ;
#5106 = DIRECTION ( 'NONE',  ( 0.000000000000000000, 0.000000000000000000, 1.000000000000000000 ) ) ;
#5107 = CARTESIAN_POINT ( 'NONE',  ( 16.96375033764019946, -6.325010817588570866, 5.002000000000000668 ) ) ;
#5108 = VERTEX_POINT ( 'NONE', #2347 ) ;
#5109 = ADVANCED_FACE ( 'NONE', ( #4572 ), #3669, .F. ) ;
#5110 = CARTESIAN_POINT ( 'NONE',  ( -15.86533307656285174, 4.635380845820769480, 5.002000000000000668 ) ) ;
#5111 = CARTESIAN_POINT ( 'NONE',  ( -11.94702410697802009, 11.42209106089456050, -5.000000000000000000 ) ) ;
#5112 = CIRCLE ( 'NONE', #2235, 0.4300000000000000488 ) ;
#5113 = FACE_OUTER_BOUND ( 'NONE', #5398, .T. ) ;
#5114 = ADVANCED_FACE ( 'NONE', ( #1891 ), #5092, .F. ) ;
#5115 = AXIS2_PLACEMENT_3D ( 'NONE', #1400, #1456, #4573 ) ;
#5116 = CARTESIAN_POINT ( 'NONE',  ( 3.628951489128790042E-14, -6.117477020638539264E-14, 5.000000000000000000 ) ) ;
#5117 = DIRECTION ( 'NONE',  ( 0.000000000000000000, 0.000000000000000000, 1.000000000000000000 ) ) ;
#5118 = DIRECTION ( 'NONE',  ( 0.7071067811865480168, -0.7071067811865472397, 0.000000000000000000 ) ) ;
#5119 = DIRECTION ( 'NONE',  ( -0.2588190451025214611, 0.9659258262890680902, 0.000000000000000000 ) ) ;
#5120 = DIRECTION ( 'NONE',  ( -0.9659258262890680902, -0.2588190451025210170, 0.000000000000000000 ) ) ;
#5121 = CYLINDRICAL_SURFACE ( 'NONE', #1491, 18.52682817102719781 ) ;
#5122 = VECTOR ( 'NONE', #3262, 1000.000000000000000 ) ;
#5123 = VERTEX_POINT ( 'NONE', #156 ) ;
#5124 = VERTEX_POINT ( 'NONE', #5480 ) ;
#5125 = DIRECTION ( 'NONE',  ( 0.4999999999999998890, 0.8660254037844387076, 0.000000000000000000 ) ) ;
#5126 = DIRECTION ( 'NONE',  ( 0.9659258262890689783, -0.2588190451025180194, 0.000000000000000000 ) ) ;
#5127 = DIRECTION ( 'NONE',  ( -0.2588190451025180194, -0.9659258262890689783, 0.000000000000000000 ) ) ;
#5128 = CARTESIAN_POINT ( 'NONE',  ( -18.39615160824795126, -2.196580998991910061, -5.000000000000000000 ) ) ;
#5129 = ORIENTED_EDGE ( 'NONE', *, *, #2895, .T. ) ;
#5130 = VERTEX_POINT ( 'NONE', #1454 ) ;
#5131 = ORIENTED_EDGE ( 'NONE', *, *, #4034, .T. ) ;
#5132 = CARTESIAN_POINT ( 'NONE',  ( -9.757819552369539906E-16, 2.376571162088224710E-13, 5.000000000000000000 ) ) ;
#5133 = CARTESIAN_POINT ( 'NONE',  ( -3.656921938165305974, -0.8660254037844383745, -6.500000000000000000 ) ) ;
#5134 = AXIS2_PLACEMENT_3D ( 'NONE', #2426, #697, #4183 ) ;
#5135 = AXIS2_PLACEMENT_3D ( 'NONE', #1218, #5157, #2995 ) ;
#5136 = ORIENTED_EDGE ( 'NONE', *, *, #3287, .F. ) ;
#5137 = CARTESIAN_POINT ( 'NONE',  ( 18.95497617776954868, 1.165057210878772069E-15, -6.500000000000000000 ) ) ;
#5138 = CARTESIAN_POINT ( 'NONE',  ( -0.03220151268792000032, 18.24264523787019954, -5.000000000000000000 ) ) ;
#5139 = DIRECTION ( 'NONE',  ( 0.4999999999999999445, 0.8660254037844387076, 0.000000000000000000 ) ) ;
#5140 = AXIS2_PLACEMENT_3D ( 'NONE', #561, #4884, #909 ) ;
#5141 = DIRECTION ( 'NONE',  ( -0.4999999999999999445, -0.8660254037844387076, 0.000000000000000000 ) ) ;
#5142 = FACE_OUTER_BOUND ( 'NONE', #2283, .T. ) ;
#5143 = CARTESIAN_POINT ( 'NONE',  ( -1.039230484541326049, -3.600000000000000089, -52.80796289473149585 ) ) ;
#5144 = DIRECTION ( 'NONE',  ( -0.4999999999999999445, -0.8660254037844387076, 0.000000000000000000 ) ) ;
#5145 = DIRECTION ( 'NONE',  ( -1.000000000000000000, 0.000000000000000000, 0.000000000000000000 ) ) ;
#5146 = ORIENTED_EDGE ( 'NONE', *, *, #1946, .F. ) ;
#5147 = AXIS2_PLACEMENT_3D ( 'NONE', #2074, #1646, #4342 ) ;
#5148 = CARTESIAN_POINT ( 'NONE',  ( -6.891765691606369485E-14, 1.759653278486400105E-14, 5.002000000000000668 ) ) ;
#5149 = CIRCLE ( 'NONE', #3408, 1.764902496759994666 ) ;
#5150 = DIRECTION ( 'NONE',  ( 0.000000000000000000, 0.000000000000000000, 1.000000000000000000 ) ) ;
#5151 = EDGE_CURVE ( 'NONE', #846, #2659, #3432, .T. ) ;
#5152 = CARTESIAN_POINT ( 'NONE',  ( 14.49619383368293946, -7.940775374758719529, 5.000000000000000000 ) ) ;
#5153 = ORIENTED_EDGE ( 'NONE', *, *, #994, .F. ) ;
#5154 = VERTEX_POINT ( 'NONE', #1031 ) ;
#5155 = ORIENTED_EDGE ( 'NONE', *, *, #2430, .F. ) ;
#5156 = AXIS2_PLACEMENT_3D ( 'NONE', #3605, #2768, #1508 ) ;
#5157 = DIRECTION ( 'NONE',  ( 0.000000000000000000, 0.000000000000000000, 1.000000000000000000 ) ) ;
#5158 = DIRECTION ( 'NONE',  ( 0.9659258262890680902, -0.2588190451025215166, 0.000000000000000000 ) ) ;
#5159 = ADVANCED_FACE ( 'NONE', ( #3704 ), #629, .T. ) ;
#5160 = LINE ( 'NONE', #5133, #5624 ) ;
#5161 = ORIENTED_EDGE ( 'NONE', *, *, #503, .F. ) ;
#5162 = CIRCLE ( 'NONE', #527, 0.4299999999999993272 ) ;
#5163 = CARTESIAN_POINT ( 'NONE',  ( -0.3711837165545204820, 16.52445980553209637, 5.000000000000000000 ) ) ;
#5164 = ORIENTED_EDGE ( 'NONE', *, *, #4363, .F. ) ;
#5165 = EDGE_CURVE ( 'NONE', #2077, #216, #650, .T. ) ;
#5166 = ADVANCED_FACE ( 'NONE', ( #1520 ), #5509, .T. ) ;
#5167 = DIRECTION ( 'NONE',  ( 0.000000000000000000, 0.000000000000000000, -1.000000000000000000 ) ) ;
#5168 = DIRECTION ( 'NONE',  ( 0.9659258262890685343, -0.2588190451025196848, 0.000000000000000000 ) ) ;
#5169 = CIRCLE ( 'NONE', #2683, 1.764902496759995332 ) ;
#5170 = EDGE_CURVE ( 'NONE', #692, #5438, #4632, .T. ) ;
#5171 = VERTEX_POINT ( 'NONE', #2528 ) ;
#5172 = EDGE_CURVE ( 'NONE', #241, #3886, #5758, .T. ) ;
#5173 = LINE ( 'NONE', #5628, #4748 ) ;
#5174 = DIRECTION ( 'NONE',  ( -0.8660254037844385966, 0.5000000000000001110, 0.000000000000000000 ) ) ;
#5175 = CARTESIAN_POINT ( 'NONE',  ( 0.000000000000000000, 1.165057210878772069E-15, 5.000000000000000000 ) ) ;
#5176 = CARTESIAN_POINT ( 'NONE',  ( -7.295780857526780849, -17.02982512410865112, -5.000000000000000000 ) ) ;
#5177 = AXIS2_PLACEMENT_3D ( 'NONE', #2868, #2409, #1956 ) ;
#5178 = ORIENTED_EDGE ( 'NONE', *, *, #3857, .F. ) ;
#5179 = VECTOR ( 'NONE', #4888, 1000.000000000000000 ) ;
#5180 = FACE_OUTER_BOUND ( 'NONE', #4343, .T. ) ;
#5181 = EDGE_CURVE ( 'NONE', #2078, #1344, #4357, .T. ) ;
#5182 = VECTOR ( 'NONE', #3907, 1000.000000000000000 ) ;
#5183 = DIRECTION ( 'NONE',  ( 0.9659258262890680902, 0.2588190451025215166, 0.000000000000000000 ) ) ;
#5184 = EDGE_CURVE ( 'NONE', #667, #1819, #361, .T. ) ;
#5185 = CIRCLE ( 'NONE', #2886, 0.4299999999999997713 ) ;
#5186 = DIRECTION ( 'NONE',  ( 1.000000000000000000, 0.000000000000000000, 0.000000000000000000 ) ) ;
#5187 = LINE ( 'NONE', #2991, #2179 ) ;
#5188 = ORIENTED_EDGE ( 'NONE', *, *, #1620, .F. ) ;
#5189 = ORIENTED_EDGE ( 'NONE', *, *, #3893, .T. ) ;
#5190 = VERTEX_POINT ( 'NONE', #4710 ) ;
#5191 = ORIENTED_EDGE ( 'NONE', *, *, #4003, .T. ) ;
#5192 = AXIS2_PLACEMENT_3D ( 'NONE', #678, #1087, #559 ) ;
#5193 = ADVANCED_FACE ( 'NONE', ( #3845 ), #3877, .T. ) ;
#5194 = DIRECTION ( 'NONE',  ( -0.8660254037844383745, 0.5000000000000005551, 0.000000000000000000 ) ) ;
#5195 = DIRECTION ( 'NONE',  ( 0.000000000000000000, 1.000000000000000000, 0.000000000000000000 ) ) ;
#5196 = DIRECTION ( 'NONE',  ( -1.836970198721027715E-16, 1.000000000000000000, 0.000000000000000000 ) ) ;
#5197 = VERTEX_POINT ( 'NONE', #4773 ) ;
#5198 = EDGE_CURVE ( 'NONE', #3968, #2122, #770, .T. ) ;
#5199 = EDGE_LOOP ( 'NONE', ( #3222, #3019, #3750, #4214 ) ) ;
#5200 = DIRECTION ( 'NONE',  ( 0.000000000000000000, 0.000000000000000000, -1.000000000000000000 ) ) ;
#5201 = CARTESIAN_POINT ( 'NONE',  ( -7.940775374758719529, -14.49619383368293946, -5.000000000000000000 ) ) ;
#5202 = ORIENTED_EDGE ( 'NONE', *, *, #2164, .T. ) ;
#5203 = DIRECTION ( 'NONE',  ( 0.000000000000000000, 0.000000000000000000, -1.000000000000000000 ) ) ;
#5204 = DIRECTION ( 'NONE',  ( 0.000000000000000000, 0.000000000000000000, 1.000000000000000000 ) ) ;
#5205 = DIRECTION ( 'NONE',  ( 0.000000000000000000, 0.000000000000000000, -1.000000000000000000 ) ) ;
#5206 = ORIENTED_EDGE ( 'NONE', *, *, #2178, .F. ) ;
#5207 = CARTESIAN_POINT ( 'NONE',  ( 0.03220151268792225546, -18.24264523787019954, 5.000000000000000000 ) ) ;
#5208 = VECTOR ( 'NONE', #4631, 1000.000000000000000 ) ;
#5209 = CARTESIAN_POINT ( 'NONE',  ( -17.96918455708715001, 2.145599264782074744, -5.000000000000000000 ) ) ;
#5210 = CIRCLE ( 'NONE', #2719, 16.52862817102735349 ) ;
#5211 = DIRECTION ( 'NONE',  ( -0.2588190451025182970, 0.9659258262890689783, 0.000000000000000000 ) ) ;
#5212 = DIRECTION ( 'NONE',  ( -0.000000000000000000, -0.000000000000000000, -1.000000000000000000 ) ) ;
#5213 = LINE ( 'NONE', #4473, #506 ) ;
#5214 = ORIENTED_EDGE ( 'NONE', *, *, #5525, .F. ) ;
#5215 = ORIENTED_EDGE ( 'NONE', *, *, #4606, .T. ) ;
#5216 = ORIENTED_EDGE ( 'NONE', *, *, #3489, .F. ) ;
#5217 = ADVANCED_FACE ( 'NONE', ( #4334 ), #1720, .F. ) ;
#5218 = DIRECTION ( 'NONE',  ( 0.000000000000000000, 0.000000000000000000, -1.000000000000000000 ) ) ;
#5219 = DIRECTION ( 'NONE',  ( 0.9659258262890689783, 0.2588190451025182970, 0.000000000000000000 ) ) ;
#5220 = ORIENTED_EDGE ( 'NONE', *, *, #2149, .T. ) ;
#5221 = EDGE_CURVE ( 'NONE', #4661, #2851, #1941, .T. ) ;
#5222 = ORIENTED_EDGE ( 'NONE', *, *, #2274, .T. ) ;
#5223 = EDGE_LOOP ( 'NONE', ( #5214, #4940, #2883, #1467 ) ) ;
#5224 = CARTESIAN_POINT ( 'NONE',  ( -12.92226806246458182, -12.87672824649239978, 5.002000000000000668 ) ) ;
#5225 = DIRECTION ( 'NONE',  ( -0.5000000000000003331, 0.8660254037844383745, 0.000000000000000000 ) ) ;
#5226 = VERTEX_POINT ( 'NONE', #5176 ) ;
#5227 = AXIS2_PLACEMENT_3D ( 'NONE', #3833, #3294, #146 ) ;
#5228 = EDGE_LOOP ( 'NONE', ( #2014, #1831, #3715, #2734 ) ) ;
#5229 = DIRECTION ( 'NONE',  ( 0.000000000000000000, 0.000000000000000000, -1.000000000000000000 ) ) ;
#5230 = PLANE ( 'NONE',  #2059 ) ;
#5231 = DIRECTION ( 'NONE',  ( 0.000000000000000000, 0.000000000000000000, 1.000000000000000000 ) ) ;
#5232 = CARTESIAN_POINT ( 'NONE',  ( 11.52853332705895895, -13.95949521606318022, 5.000000000000000000 ) ) ;
#5233 = CARTESIAN_POINT ( 'NONE',  ( 17.91222139392874979, 2.578277445616414809, -5.000000000000000000 ) ) ;
#5234 = EDGE_CURVE ( 'NONE', #4017, #1128, #713, .T. ) ;
#5235 = ORIENTED_EDGE ( 'NONE', *, *, #308, .F. ) ;
#5236 = CYLINDRICAL_SURFACE ( 'NONE', #1919, 16.52862817102734283 ) ;
#5237 = EDGE_LOOP ( 'NONE', ( #1636, #2295, #1680, #5652 ) ) ;
#5238 = CIRCLE ( 'NONE', #3484, 1.764902496759993555 ) ;
#5239 = DIRECTION ( 'NONE',  ( 0.000000000000000000, 0.000000000000000000, -1.000000000000000000 ) ) ;
#5240 = LINE ( 'NONE', #392, #4622 ) ;
#5241 = DIRECTION ( 'NONE',  ( -0.000000000000000000, -0.000000000000000000, 1.000000000000000000 ) ) ;
#5242 = EDGE_LOOP ( 'NONE', ( #5161, #209, #3971, #4780 ) ) ;
#5243 = ORIENTED_EDGE ( 'NONE', *, *, #1444, .F. ) ;
#5244 = DIRECTION ( 'NONE',  ( 1.000000000000000000, 0.000000000000000000, 0.000000000000000000 ) ) ;
#5245 = CIRCLE ( 'NONE', #1169, 1.764902496759994888 ) ;
#5246 = ORIENTED_EDGE ( 'NONE', *, *, #1015, .T. ) ;
#5247 = EDGE_LOOP ( 'NONE', ( #4553, #3744, #4807, #5206 ) ) ;
#5248 = AXIS2_PLACEMENT_3D ( 'NONE', #5561, #5200, #2946 ) ;
#5249 = CYLINDRICAL_SURFACE ( 'NONE', #1304, 18.52682817102719781 ) ;
#5250 = DIRECTION ( 'NONE',  ( 0.000000000000000000, 0.000000000000000000, -1.000000000000000000 ) ) ;
#5251 = ORIENTED_EDGE ( 'NONE', *, *, #3912, .F. ) ;
#5252 = AXIS2_PLACEMENT_3D ( 'NONE', #1504, #2764, #958 ) ;
#5253 = CIRCLE ( 'NONE', #799, 0.4299999999999997713 ) ;
#5254 = ORIENTED_EDGE ( 'NONE', *, *, #4830, .F. ) ;
#5255 = DIRECTION ( 'NONE',  ( 0.000000000000000000, 0.000000000000000000, -1.000000000000000000 ) ) ;
#5256 = CARTESIAN_POINT ( 'NONE',  ( -15.78249345187885133, -9.149209946963129170, 5.000000000000000000 ) ) ;
#5257 = AXIS2_PLACEMENT_3D ( 'NONE', #3124, #2162, #4010 ) ;
#5258 = ADVANCED_FACE ( 'NONE', ( #4283 ), #4251, .T. ) ;
#5259 = ORIENTED_EDGE ( 'NONE', *, *, #4157, .T. ) ;
#5260 = DIRECTION ( 'NONE',  ( -0.9659258262890680902, 0.2588190451025215166, 0.000000000000000000 ) ) ;
#5261 = DIRECTION ( 'NONE',  ( 0.8660254037844385966, 0.5000000000000001110, 0.000000000000000000 ) ) ;
#5262 = LINE ( 'NONE', #465, #918 ) ;
#5263 = CIRCLE ( 'NONE', #1651, 0.4299999999999998268 ) ;
#5264 = ORIENTED_EDGE ( 'NONE', *, *, #5625, .F. ) ;
#5265 = CARTESIAN_POINT ( 'NONE',  ( 0.3711837165545224804, -16.52445980553209637, -5.000000000000000000 ) ) ;
#5266 = CIRCLE ( 'NONE', #642, 16.52862817102734283 ) ;
#5267 = VECTOR ( 'NONE', #2635, 1000.000000000000000 ) ;
#5268 = LINE ( 'NONE', #5381, #2964 ) ;
#5269 = CARTESIAN_POINT ( 'NONE',  ( 5.088617526617949668E-14, -4.969787286824988859E-14, 5.000000000000000000 ) ) ;
#5270 = CYLINDRICAL_SURFACE ( 'NONE', #4862, 18.52682817102719781 ) ;
#5271 = ORIENTED_EDGE ( 'NONE', *, *, #2062, .F. ) ;
#5272 = DIRECTION ( 'NONE',  ( 0.000000000000000000, 0.000000000000000000, -1.000000000000000000 ) ) ;
#5273 = CIRCLE ( 'NONE', #5087, 16.52862817102734638 ) ;
#5274 = ORIENTED_EDGE ( 'NONE', *, *, #881, .T. ) ;
#5275 = ORIENTED_EDGE ( 'NONE', *, *, #5430, .F. ) ;
#5276 = AXIS2_PLACEMENT_3D ( 'NONE', #1125, #2317, #3667 ) ;
#5277 = EDGE_CURVE ( 'NONE', #3229, #1814, #4535, .T. ) ;
#5278 = EDGE_CURVE ( 'NONE', #907, #3925, #5185, .T. ) ;
#5279 = AXIS2_PLACEMENT_3D ( 'NONE', #434, #1830, #1309 ) ;
#5280 = CARTESIAN_POINT ( 'NONE',  ( 12.87672824649239978, -12.92226806246459958, 5.002000000000000668 ) ) ;
#5281 = CARTESIAN_POINT ( 'NONE',  ( -9.757819552369539906E-16, 2.376571162088224710E-13, 5.000000000000000000 ) ) ;
#5282 = DIRECTION ( 'NONE',  ( 0.9659258262890689783, 0.2588190451025182970, 0.000000000000000000 ) ) ;
#5283 = ORIENTED_EDGE ( 'NONE', *, *, #821, .T. ) ;
#5284 = ORIENTED_EDGE ( 'NONE', *, *, #1962, .F. ) ;
#5285 = DIRECTION ( 'NONE',  ( 0.5000000000000013323, -0.8660254037844379305, 0.000000000000000000 ) ) ;
#5286 = VECTOR ( 'NONE', #4492, 1000.000000000000000 ) ;
#5287 = EDGE_CURVE ( 'NONE', #1384, #3466, #447, .T. ) ;
#5288 = DIRECTION ( 'NONE',  ( 0.000000000000000000, 0.000000000000000000, -1.000000000000000000 ) ) ;
#5289 = DIRECTION ( 'NONE',  ( 0.9659258262890683122, -0.2588190451025206285, 0.000000000000000000 ) ) ;
#5290 = EDGE_CURVE ( 'NONE', #5606, #5727, #3390, .T. ) ;
#5291 = ORIENTED_EDGE ( 'NONE', *, *, #3781, .T. ) ;
#5292 = DIRECTION ( 'NONE',  ( 0.9659258262890689783, 0.2588190451025180194, 0.000000000000000000 ) ) ;
#5293 = CARTESIAN_POINT ( 'NONE',  ( -9.757819552369539906E-16, 2.376571162088224710E-13, -5.000000000000000000 ) ) ;
#5294 = ORIENTED_EDGE ( 'NONE', *, *, #1212, .F. ) ;
#5295 = CARTESIAN_POINT ( 'NONE',  ( 3.918308969584845425, -16.05747190671534952, -5.000000000000000000 ) ) ;
#5296 = ADVANCED_FACE ( 'NONE', ( #827 ), #2952, .T. ) ;
#5297 = CIRCLE ( 'NONE', #1035, 18.52682817102719781 ) ;
#5298 = DIRECTION ( 'NONE',  ( 0.000000000000000000, 0.000000000000000000, -1.000000000000000000 ) ) ;
#5299 = DIRECTION ( 'NONE',  ( -0.000000000000000000, -0.000000000000000000, 1.000000000000000000 ) ) ;
#5300 = ORIENTED_EDGE ( 'NONE', *, *, #2630, .F. ) ;
#5301 = DIRECTION ( 'NONE',  ( 0.000000000000000000, 0.000000000000000000, 1.000000000000000000 ) ) ;
#5302 = VERTEX_POINT ( 'NONE', #744 ) ;
#5303 = VERTEX_POINT ( 'NONE', #295 ) ;
#5304 = VECTOR ( 'NONE', #2950, 1000.000000000000000 ) ;
#5305 = DIRECTION ( 'NONE',  ( 0.000000000000000000, 1.000000000000000000, 0.000000000000000000 ) ) ;
#5306 = CARTESIAN_POINT ( 'NONE',  ( -6.325010817588560208, -16.96375033764019946, 5.002000000000000668 ) ) ;
#5307 = ORIENTED_EDGE ( 'NONE', *, *, #298, .T. ) ;
#5308 = LINE ( 'NONE', #866, #4076 ) ;
#5309 = ORIENTED_EDGE ( 'NONE', *, *, #3547, .F. ) ;
#5310 = ORIENTED_EDGE ( 'NONE', *, *, #2976, .T. ) ;
#5311 = DIRECTION ( 'NONE',  ( 0.000000000000000000, 0.000000000000000000, 1.000000000000000000 ) ) ;
#5312 = AXIS2_PLACEMENT_3D ( 'NONE', #4133, #2812, #5119 ) ;
#5313 = ADVANCED_FACE ( 'NONE', ( #5663 ), #1669, .T. ) ;
#5314 = DIRECTION ( 'NONE',  ( 0.000000000000000000, 0.000000000000000000, 1.000000000000000000 ) ) ;
#5315 = ORIENTED_EDGE ( 'NONE', *, *, #3444, .F. ) ;
#5316 = ORIENTED_EDGE ( 'NONE', *, *, #3011, .T. ) ;
#5317 = DIRECTION ( 'NONE',  ( -0.000000000000000000, 0.000000000000000000, 1.000000000000000000 ) ) ;
#5318 = EDGE_CURVE ( 'NONE', #3658, #2728, #2320, .T. ) ;
#5319 = ORIENTED_EDGE ( 'NONE', *, *, #4432, .T. ) ;
#5320 = CARTESIAN_POINT ( 'NONE',  ( -11.52853332705895895, 13.95949521606318022, -5.000000000000000000 ) ) ;
#5321 = ORIENTED_EDGE ( 'NONE', *, *, #3720, .T. ) ;
#5322 = AXIS2_PLACEMENT_3D ( 'NONE', #5116, #2435, #4676 ) ;
#5323 = CARTESIAN_POINT ( 'NONE',  ( 8.583684430773400820, -14.12501011712842036, 5.002000000000000668 ) ) ;
#5324 = CARTESIAN_POINT ( 'NONE',  ( -9.757819552369539906E-16, 2.376571162088224710E-13, 5.000000000000000000 ) ) ;
#5325 = CARTESIAN_POINT ( 'NONE',  ( 4.156921938165305086, 1.084202172485504040E-15, -6.500000000000000000 ) ) ;
#5326 = EDGE_LOOP ( 'NONE', ( #4262, #2623, #5046, #1500 ) ) ;
#5327 = EDGE_LOOP ( 'NONE', ( #5300, #473, #867, #1849 ) ) ;
#5328 = AXIS2_PLACEMENT_3D ( 'NONE', #3996, #4757, #14 ) ;
#5329 = DIRECTION ( 'NONE',  ( 1.000000000000000000, 0.000000000000000000, 0.000000000000000000 ) ) ;
#5330 = CARTESIAN_POINT ( 'NONE',  ( -17.62937653985285280, -4.690439747858789588, -5.000000000000000000 ) ) ;
#5331 = EDGE_CURVE ( 'NONE', #443, #4730, #3158, .T. ) ;
#5332 = CIRCLE ( 'NONE', #4781, 1.764902496759994888 ) ;
#5333 = DIRECTION ( 'NONE',  ( -0.000000000000000000, -0.000000000000000000, 1.000000000000000000 ) ) ;
#5334 = CARTESIAN_POINT ( 'NONE',  ( 3.918308969584840096, 16.05747190671534952, 5.002000000000000668 ) ) ;
#5335 = DIRECTION ( 'NONE',  ( 0.000000000000000000, 0.000000000000000000, 1.000000000000000000 ) ) ;
#5336 = ORIENTED_EDGE ( 'NONE', *, *, #5372, .T. ) ;
#5337 = ORIENTED_EDGE ( 'NONE', *, *, #5506, .T. ) ;
#5338 = AXIS2_PLACEMENT_3D ( 'NONE', #3237, #3751, #4994 ) ;
#5339 = EDGE_CURVE ( 'NONE', #1713, #5606, #5371, .T. ) ;
#5340 = DIRECTION ( 'NONE',  ( 0.2588190451025206285, 0.9659258262890683122, 0.000000000000000000 ) ) ;
#5341 = AXIS2_PLACEMENT_3D ( 'NONE', #3178, #5021, #1048 ) ;
#5342 = EDGE_CURVE ( 'NONE', #1591, #2098, #4258, .T. ) ;
#5343 = EDGE_CURVE ( 'NONE', #502, #2110, #4991, .T. ) ;
#5344 = CYLINDRICAL_SURFACE ( 'NONE', #217, 0.4300000000000000488 ) ;
#5345 = DIRECTION ( 'NONE',  ( 0.000000000000000000, 0.000000000000000000, 1.000000000000000000 ) ) ;
#5346 = CYLINDRICAL_SURFACE ( 'NONE', #1576, 0.4299999999999998823 ) ;
#5347 = ORIENTED_EDGE ( 'NONE', *, *, #1472, .F. ) ;
#5348 = CIRCLE ( 'NONE', #726, 18.52682817102719781 ) ;
#5349 = DIRECTION ( 'NONE',  ( -0.000000000000000000, -0.000000000000000000, 1.000000000000000000 ) ) ;
#5350 = ORIENTED_EDGE ( 'NONE', *, *, #3379, .F. ) ;
#5351 = EDGE_CURVE ( 'NONE', #5490, #5666, #2515, .T. ) ;
#5352 = CARTESIAN_POINT ( 'NONE',  ( 2.578460969082652987, 2.733974596215562602, 6.500000000000000000 ) ) ;
#5353 = DIRECTION ( 'NONE',  ( 0.000000000000000000, 0.000000000000000000, 1.000000000000000000 ) ) ;
#5354 = DIRECTION ( 'NONE',  ( 0.000000000000000000, 0.000000000000000000, 1.000000000000000000 ) ) ;
#5355 = ORIENTED_EDGE ( 'NONE', *, *, #1300, .F. ) ;
#5356 = ORIENTED_EDGE ( 'NONE', *, *, #685, .T. ) ;
#5357 = ORIENTED_EDGE ( 'NONE', *, *, #4432, .F. ) ;
#5358 = EDGE_CURVE ( 'NONE', #3450, #819, #2784, .T. ) ;
#5359 = AXIS2_PLACEMENT_3D ( 'NONE', #4702, #2004, #3838 ) ;
#5360 = VECTOR ( 'NONE', #5722, 1000.000000000000000 ) ;
#5361 = LINE ( 'NONE', #5334, #4346 ) ;
#5362 = DIRECTION ( 'NONE',  ( 0.000000000000000000, 0.000000000000000000, -1.000000000000000000 ) ) ;
#5363 = DIRECTION ( 'NONE',  ( -0.000000000000000000, 0.000000000000000000, 1.000000000000000000 ) ) ;
#5364 = EDGE_LOOP ( 'NONE', ( #780, #4576, #115, #307, #5754, #1678, #1496, #4687, #3409, #6, #725, #1135, #5202, #970, #4582, #1157, #734, #3889, #2327, #2581, #3026, #4253, #5537, #5694, #731, #632, #4820, #809, #5468, #3505, #4607, #5291, #5131, #243, #4519, #1569, #4979, #3393, #3459, #2191, #4273, #4680, #1872, #1210, #537, #3535, #5310, #5259, #5222, #2701, #4154, #4956, #757, #7, #1070, #4931, #1995, #5284, #4970, #1299, #4225, #4144, #5720, #2792, #3085, #1085, #1114, #2184, #4724, #893, #4961, #2735, #1707, #5675, #5316, #3371, #1855, #3962, #2816, #5543, #3654, #1798, #1843, #753, #1732, #3713, #5761, #646, #1217, #5129, #4300, #2367, #5307, #840, #3673, #1022, #4452, #2200, #1791, #466, #2715, #468, #2622, #3706, #3254, #271, #5321, #2477, #5336, #1489, #159, #3563, #608, #4892, #1310, #5683, #2508, #158, #3095, #5274, #5426, #4930, #3306, #2629, #3103, #5418, #3698, #1710, #3508, #1243, #2840, #224, #1540, #4923, #5711, #1061, #301, #1893, #452, #3597, #2273, #5146, #1185, #4918 ) ) ;
#5365 = ORIENTED_EDGE ( 'NONE', *, *, #1978, .F. ) ;
#5366 = CIRCLE ( 'NONE', #2511, 18.52682817102719781 ) ;
#5367 = EDGE_CURVE ( 'NONE', #1880, #1429, #1775, .T. ) ;
#5368 = AXIS2_PLACEMENT_3D ( 'NONE', #3098, #4858, #4887 ) ;
#5369 = FACE_OUTER_BOUND ( 'NONE', #2747, .T. ) ;
#5370 = ORIENTED_EDGE ( 'NONE', *, *, #1729, .T. ) ;
#5371 = CIRCLE ( 'NONE', #1380, 1.000000000000000000 ) ;
#5372 = EDGE_CURVE ( 'NONE', #956, #3461, #82, .T. ) ;
#5373 = CIRCLE ( 'NONE', #3616, 18.52682817102719781 ) ;
#5374 = DIRECTION ( 'NONE',  ( 0.000000000000000000, 0.000000000000000000, -1.000000000000000000 ) ) ;
#5375 = CARTESIAN_POINT ( 'NONE',  ( 10.50003296401212083, 14.74869130177516041, 5.000000000000000000 ) ) ;
#5376 = ORIENTED_EDGE ( 'NONE', *, *, #2895, .F. ) ;
#5377 = DIRECTION ( 'NONE',  ( 1.000000000000000000, 0.000000000000000000, 0.000000000000000000 ) ) ;
#5378 = DIRECTION ( 'NONE',  ( 1.000000000000000000, 0.000000000000000000, 0.000000000000000000 ) ) ;
#5379 = ORIENTED_EDGE ( 'NONE', *, *, #5043, .F. ) ;
#5380 = DIRECTION ( 'NONE',  ( 0.000000000000000000, 0.000000000000000000, 1.000000000000000000 ) ) ;
#5381 = CARTESIAN_POINT ( 'NONE',  ( 17.85354414464755024, 3.004255121577014798, 5.002000000000000668 ) ) ;
#5382 = DIRECTION ( 'NONE',  ( 0.000000000000000000, 0.000000000000000000, -1.000000000000000000 ) ) ;
#5383 = CYLINDRICAL_SURFACE ( 'NONE', #1113, 0.4300000000000000488 ) ;
#5384 = DIRECTION ( 'NONE',  ( 0.000000000000000000, 0.000000000000000000, -1.000000000000000000 ) ) ;
#5385 = ORIENTED_EDGE ( 'NONE', *, *, #221, .T. ) ;
#5386 = EDGE_CURVE ( 'NONE', #400, #5123, #3438, .T. ) ;
#5387 = DIRECTION ( 'NONE',  ( -0.000000000000000000, -0.000000000000000000, 1.000000000000000000 ) ) ;
#5388 = CARTESIAN_POINT ( 'NONE',  ( -0.3711837165545204820, 16.52445980553209637, 5.002000000000000668 ) ) ;
#5389 =( LENGTH_UNIT ( ) NAMED_UNIT ( * ) SI_UNIT ( .MILLI., .METRE. ) );
#5390 = ORIENTED_EDGE ( 'NONE', *, *, #1247, .T. ) ;
#5391 = ORIENTED_EDGE ( 'NONE', *, *, #2548, .T. ) ;
#5392 = EDGE_CURVE ( 'NONE', #949, #4936, #5262, .T. ) ;
#5393 = DIRECTION ( 'NONE',  ( 0.000000000000000000, 0.000000000000000000, 1.000000000000000000 ) ) ;
#5394 = AXIS2_PLACEMENT_3D ( 'NONE', #4047, #67, #3479 ) ;
#5395 = EDGE_CURVE ( 'NONE', #2286, #5606, #4939, .T. ) ;
#5396 = FACE_OUTER_BOUND ( 'NONE', #4966, .T. ) ;
#5397 = LINE ( 'NONE', #5712, #5122 ) ;
#5398 = EDGE_LOOP ( 'NONE', ( #4725, #5443, #235, #886 ) ) ;
#5399 = EDGE_LOOP ( 'NONE', ( #1225, #4547, #2516, #3555 ) ) ;
#5400 = DIRECTION ( 'NONE',  ( 0.000000000000000000, 0.000000000000000000, 1.000000000000000000 ) ) ;
#5401 = CARTESIAN_POINT ( 'NONE',  ( -11.18896446287262059, 14.22330004254517810, 5.000000000000000000 ) ) ;
#5402 = DIRECTION ( 'NONE',  ( 0.000000000000000000, 0.000000000000000000, 1.000000000000000000 ) ) ;
#5403 = CARTESIAN_POINT ( 'NONE',  ( 2.145599264782080073, 17.96918455708715001, 5.000000000000000000 ) ) ;
#5404 = CARTESIAN_POINT ( 'NONE',  ( 4.690439747858779818, 17.62937653985285280, -5.000000000000000000 ) ) ;
#5405 = DIRECTION ( 'NONE',  ( 0.000000000000000000, 0.000000000000000000, -1.000000000000000000 ) ) ;
#5406 = CARTESIAN_POINT ( 'NONE',  ( -6.848270805104349773E-14, -1.921978404781390092E-14, -5.000000000000000000 ) ) ;
#5407 = CIRCLE ( 'NONE', #3929, 0.4299999999999993272 ) ;
#5408 = VERTEX_POINT ( 'NONE', #854 ) ;
#5409 = CYLINDRICAL_SURFACE ( 'NONE', #3387, 1.764902496759995110 ) ;
#5410 = ADVANCED_FACE ( 'NONE', ( #27 ), #3121, .F. ) ;
#5411 = ADVANCED_FACE ( 'NONE', ( #409 ), #2183, .T. ) ;
#5412 = VECTOR ( 'NONE', #1126, 1000.000000000000000 ) ;
#5413 = LINE ( 'NONE', #562, #5469 ) ;
#5414 = DIRECTION ( 'NONE',  ( 0.000000000000000000, 0.000000000000000000, 1.000000000000000000 ) ) ;
#5415 = LINE ( 'NONE', #3, #5179 ) ;
#5416 = FACE_OUTER_BOUND ( 'NONE', #1934, .T. ) ;
#5417 = EDGE_LOOP ( 'NONE', ( #1369, #2945, #1318, #5390 ) ) ;
#5418 = ORIENTED_EDGE ( 'NONE', *, *, #5717, .T. ) ;
#5419 = CIRCLE ( 'NONE', #5134, 18.52682817102719781 ) ;
#5420 = CARTESIAN_POINT ( 'NONE',  ( 3.656921938165307306, 0.8660254037844373753, 6.500000000000000000 ) ) ;
#5421 = AXIS2_PLACEMENT_3D ( 'NONE', #5766, #1447, #3607 ) ;
#5422 = DIRECTION ( 'NONE',  ( 1.000000000000000000, 0.000000000000000000, 0.000000000000000000 ) ) ;
#5423 = DIRECTION ( 'NONE',  ( 0.000000000000000000, 0.000000000000000000, 1.000000000000000000 ) ) ;
#5424 = ORIENTED_EDGE ( 'NONE', *, *, #626, .T. ) ;
#5425 = ORIENTED_EDGE ( 'NONE', *, *, #4575, .F. ) ;
#5426 = ORIENTED_EDGE ( 'NONE', *, *, #5151, .T. ) ;
#5427 = LINE ( 'NONE', #2555, #1007 ) ;
#5428 = EDGE_CURVE ( 'NONE', #2474, #2955, #3093, .T. ) ;
#5429 = VECTOR ( 'NONE', #756, 1000.000000000000000 ) ;
#5430 = EDGE_CURVE ( 'NONE', #995, #1004, #2216, .T. ) ;
#5431 = CYLINDRICAL_SURFACE ( 'NONE', #3051, 1.764902496759995998 ) ;
#5432 = DIRECTION ( 'NONE',  ( -0.4999999999999999445, -0.8660254037844387076, 0.000000000000000000 ) ) ;
#5433 = ORIENTED_EDGE ( 'NONE', *, *, #4559, .F. ) ;
#5434 = ADVANCED_FACE ( 'NONE', ( #1751 ), #5346, .T. ) ;
#5435 = DIRECTION ( 'NONE',  ( 0.000000000000000000, 0.000000000000000000, 1.000000000000000000 ) ) ;
#5436 = AXIS2_PLACEMENT_3D ( 'NONE', #4672, #3465, #5225 ) ;
#5437 = CARTESIAN_POINT ( 'NONE',  ( -9.757819552369539906E-16, 2.376571162088224710E-13, 5.000000000000000000 ) ) ;
#5438 = VERTEX_POINT ( 'NONE', #2272 ) ;
#5439 = DIRECTION ( 'NONE',  ( 0.000000000000000000, 0.000000000000000000, 1.000000000000000000 ) ) ;
#5440 = DIRECTION ( 'NONE',  ( -0.000000000000000000, 0.000000000000000000, 1.000000000000000000 ) ) ;
#5441 = DIRECTION ( 'NONE',  ( -0.000000000000000000, -0.000000000000000000, 1.000000000000000000 ) ) ;
#5442 = AXIS2_PLACEMENT_3D ( 'NONE', #486, #3292, #144 ) ;
#5443 = ORIENTED_EDGE ( 'NONE', *, *, #1303, .T. ) ;
#5444 = CARTESIAN_POINT ( 'NONE',  ( 18.24264523787019954, 0.03220151268792115218, -5.000000000000000000 ) ) ;
#5445 = DIRECTION ( 'NONE',  ( 0.000000000000000000, 0.000000000000000000, 1.000000000000000000 ) ) ;
#5446 = CARTESIAN_POINT ( 'NONE',  ( 11.94702410697802009, -11.42209106089456050, 5.002000000000000668 ) ) ;
#5447 = CARTESIAN_POINT ( 'NONE',  ( 2.639540076345814779, 18.33783493938530285, 5.000000000000000000 ) ) ;
#5448 = ORIENTED_EDGE ( 'NONE', *, *, #1856, .F. ) ;
#5449 = VERTEX_POINT ( 'NONE', #4036 ) ;
#5450 = EDGE_CURVE ( 'NONE', #5666, #2474, #1019, .T. ) ;
#5451 = DIRECTION ( 'NONE',  ( 0.000000000000000000, 0.000000000000000000, 1.000000000000000000 ) ) ;
#5452 = CARTESIAN_POINT ( 'NONE',  ( -16.96375033764019946, 6.325010817588560208, -5.000000000000000000 ) ) ;
#5453 = ORIENTED_EDGE ( 'NONE', *, *, #4814, .F. ) ;
#5454 = ORIENTED_EDGE ( 'NONE', *, *, #5008, .T. ) ;
#5455 =( NAMED_UNIT ( * ) SI_UNIT ( $, .STERADIAN. ) SOLID_ANGLE_UNIT ( ) );
#5456 = ORIENTED_EDGE ( 'NONE', *, *, #1627, .T. ) ;
#5457 = ORIENTED_EDGE ( 'NONE', *, *, #5487, .T. ) ;
#5458 = DIRECTION ( 'NONE',  ( 0.000000000000000000, 0.000000000000000000, 1.000000000000000000 ) ) ;
#5459 = EDGE_CURVE ( 'NONE', #4387, #4344, #554, .T. ) ;
#5460 = AXIS2_PLACEMENT_3D ( 'NONE', #615, #1944, #3719 ) ;
#5461 = ADVANCED_FACE ( 'NONE', ( #181 ), #3207, .T. ) ;
#5462 = AXIS2_PLACEMENT_3D ( 'NONE', #2589, #2073, #5186 ) ;
#5463 = CARTESIAN_POINT ( 'NONE',  ( -17.61270781032335009, 4.752648293360439702, -5.000000000000000000 ) ) ;
#5464 = DIRECTION ( 'NONE',  ( 0.4999999999999993894, 0.8660254037844390407, 0.000000000000000000 ) ) ;
#5465 = CIRCLE ( 'NONE', #1566, 1.000000000000000000 ) ;
#5466 = CIRCLE ( 'NONE', #4530, 1.764902496759995998 ) ;
#5467 = CIRCLE ( 'NONE', #2967, 1.764902496759994666 ) ;
#5468 = ORIENTED_EDGE ( 'NONE', *, *, #5067, .T. ) ;
#5469 = VECTOR ( 'NONE', #1424, 1000.000000000000000 ) ;
#5470 = DIRECTION ( 'NONE',  ( 0.000000000000000000, 0.000000000000000000, 1.000000000000000000 ) ) ;
#5471 = VECTOR ( 'NONE', #526, 1000.000000000000000 ) ;
#5472 = DIRECTION ( 'NONE',  ( 1.000000000000000000, 0.000000000000000000, 0.000000000000000000 ) ) ;
#5473 = DIRECTION ( 'NONE',  ( 0.000000000000000000, 1.000000000000000000, 0.000000000000000000 ) ) ;
#5474 = DIRECTION ( 'NONE',  ( -0.2588190451025215721, 0.9659258262890680902, 0.000000000000000000 ) ) ;
#5475 = CIRCLE ( 'NONE', #552, 0.4299999999999998823 ) ;
#5476 = VERTEX_POINT ( 'NONE', #3727 ) ;
#5477 = DIRECTION ( 'NONE',  ( 0.000000000000000000, 0.000000000000000000, -1.000000000000000000 ) ) ;
#5478 = LINE ( 'NONE', #3755, #3804 ) ;
#5479 = CARTESIAN_POINT ( 'NONE',  ( 11.10037075072115975, -14.83324412511671930, 5.000000000000000000 ) ) ;
#5480 = CARTESIAN_POINT ( 'NONE',  ( 11.10037075072115975, -14.83324412511671930, -5.000000000000000000 ) ) ;
#5481 = FACE_OUTER_BOUND ( 'NONE', #4231, .T. ) ;
#5482 = ORIENTED_EDGE ( 'NONE', *, *, #1023, .T. ) ;
#5483 = ORIENTED_EDGE ( 'NONE', *, *, #2809, .T. ) ;
#5484 = CARTESIAN_POINT ( 'NONE',  ( -3.656921938165305974, -0.8660254037844383745, -6.500000000000000000 ) ) ;
#5485 = CYLINDRICAL_SURFACE ( 'NONE', #338, 0.4299999999999997713 ) ;
#5486 = DIRECTION ( 'NONE',  ( 0.000000000000000000, 1.000000000000000000, 0.000000000000000000 ) ) ;
#5487 = EDGE_CURVE ( 'NONE', #1260, #3346, #3805, .T. ) ;
#5488 = CARTESIAN_POINT ( 'NONE',  ( 18.33783493938530285, 2.639540076345814779, -5.000000000000000000 ) ) ;
#5489 = ORIENTED_EDGE ( 'NONE', *, *, #2135, .F. ) ;
#5490 = VERTEX_POINT ( 'NONE', #5085 ) ;
#5491 = ORIENTED_EDGE ( 'NONE', *, *, #5339, .T. ) ;
#5492 = ORIENTED_EDGE ( 'NONE', *, *, #4314, .F. ) ;
#5493 = VECTOR ( 'NONE', #2490, 1000.000000000000000 ) ;
#5494 = EDGE_CURVE ( 'NONE', #4485, #3494, #2406, .T. ) ;
#5495 = DIRECTION ( 'NONE',  ( 0.000000000000000000, 0.000000000000000000, -1.000000000000000000 ) ) ;
#5496 = ORIENTED_EDGE ( 'NONE', *, *, #4745, .F. ) ;
#5497 = DIRECTION ( 'NONE',  ( -0.000000000000000000, -0.000000000000000000, 1.000000000000000000 ) ) ;
#5498 = AXIS2_PLACEMENT_3D ( 'NONE', #3652, #140, #5432 ) ;
#5499 = LINE ( 'NONE', #4648, #3878 ) ;
#5500 = CYLINDRICAL_SURFACE ( 'NONE', #3384, 18.95497617776954868 ) ;
#5501 = EDGE_CURVE ( 'NONE', #1374, #3494, #1287, .T. ) ;
#5502 = CARTESIAN_POINT ( 'NONE',  ( 11.42209106089456050, 11.94702410697802009, -5.000000000000000000 ) ) ;
#5503 = CARTESIAN_POINT ( 'NONE',  ( 18.24264523787019954, -0.03220151268791890398, 5.000000000000000000 ) ) ;
#5504 = CARTESIAN_POINT ( 'NONE',  ( -18.02275782191794562, -1.718949636520940016, 5.002000000000000668 ) ) ;
#5505 = LINE ( 'NONE', #4653, #2651 ) ;
#5506 = EDGE_CURVE ( 'NONE', #1900, #1584, #2696, .T. ) ;
#5507 =( LENGTH_UNIT ( ) NAMED_UNIT ( * ) SI_UNIT ( .MILLI., .METRE. ) );
#5508 = DIRECTION ( 'NONE',  ( -0.000000000000000000, -0.000000000000000000, 1.000000000000000000 ) ) ;
#5509 = CYLINDRICAL_SURFACE ( 'NONE', #1284, 18.95497617776954868 ) ;
#5510 = CARTESIAN_POINT ( 'NONE',  ( 11.94702410697802009, 11.42209106089458004, -5.000000000000000000 ) ) ;
#5511 = ORIENTED_EDGE ( 'NONE', *, *, #2425, .T. ) ;
#5512 = FACE_OUTER_BOUND ( 'NONE', #4899, .T. ) ;
#5513 = DIRECTION ( 'NONE',  ( -0.000000000000000000, -0.000000000000000000, 1.000000000000000000 ) ) ;
#5514 = DIRECTION ( 'NONE',  ( -0.8660254037844387076, -0.4999999999999999445, 0.000000000000000000 ) ) ;
#5515 = ORIENTED_EDGE ( 'NONE', *, *, #21, .F. ) ;
#5516 = VERTEX_POINT ( 'NONE', #4651 ) ;
#5517 = ORIENTED_EDGE ( 'NONE', *, *, #357, .F. ) ;
#5518 = ORIENTED_EDGE ( 'NONE', *, *, #5343, .T. ) ;
#5519 = ADVANCED_FACE ( 'NONE', ( #2342 ), #1483, .T. ) ;
#5520 = AXIS2_PLACEMENT_3D ( 'NONE', #4542, #1808, #1836 ) ;
#5521 = CARTESIAN_POINT ( 'NONE',  ( -18.24264523787019954, 0.03220151268791665577, 5.002000000000000668 ) ) ;
#5522 = DIRECTION ( 'NONE',  ( -0.2588190451025215166, 0.9659258262890680902, 0.000000000000000000 ) ) ;
#5523 = ORIENTED_EDGE ( 'NONE', *, *, #5372, .F. ) ;
#5524 = CIRCLE ( 'NONE', #316, 0.4299999999999998823 ) ;
#5525 = EDGE_CURVE ( 'NONE', #3190, #2112, #4540, .T. ) ;
#5526 = DIRECTION ( 'NONE',  ( 1.000000000000000000, 0.000000000000000000, 0.000000000000000000 ) ) ;
#5527 = AXIS2_PLACEMENT_3D ( 'NONE', #4260, #3799, #3370 ) ;
#5528 = CARTESIAN_POINT ( 'NONE',  ( -3.918308969584854751, 16.05747190671534952, 5.002000000000000668 ) ) ;
#5529 = DIRECTION ( 'NONE',  ( -0.2588190451025180194, 0.9659258262890689783, 0.000000000000000000 ) ) ;
#5530 = VECTOR ( 'NONE', #379, 1000.000000000000000 ) ;
#5531 = CARTESIAN_POINT ( 'NONE',  ( 16.96375033764019946, 6.325010817588570866, -5.000000000000000000 ) ) ;
#5532 = CARTESIAN_POINT ( 'NONE',  ( 12.87672824649239978, -12.92226806246459958, -5.000000000000000000 ) ) ;
#5533 = DIRECTION ( 'NONE',  ( 0.000000000000000000, 0.000000000000000000, 1.000000000000000000 ) ) ;
#5534 = CARTESIAN_POINT ( 'NONE',  ( -8.583684430773411478, 14.12501011712842036, 5.002000000000000668 ) ) ;
#5535 = VECTOR ( 'NONE', #982, 1000.000000000000000 ) ;
#5536 = AXIS2_PLACEMENT_3D ( 'NONE', #88, #3119, #4123 ) ;
#5537 = ORIENTED_EDGE ( 'NONE', *, *, #3557, .T. ) ;
#5538 = CARTESIAN_POINT ( 'NONE',  ( -13.95949521606316068, -11.52853332705895895, 5.002000000000000668 ) ) ;
#5539 = CARTESIAN_POINT ( 'NONE',  ( -4.690439747858789588, 17.62937653985285280, -5.000000000000000000 ) ) ;
#5540 = CIRCLE ( 'NONE', #4510, 1.000000000000000000 ) ;
#5541 = DIRECTION ( 'NONE',  ( -0.000000000000000000, -0.000000000000000000, 1.000000000000000000 ) ) ;
#5542 = CARTESIAN_POINT ( 'NONE',  ( 2.639540076345814779, -18.33783493938530285, -5.000000000000000000 ) ) ;
#5543 = ORIENTED_EDGE ( 'NONE', *, *, #5351, .T. ) ;
#5544 = EDGE_LOOP ( 'NONE', ( #538, #4913, #2455, #4639 ) ) ;
#5545 = ADVANCED_FACE ( 'NONE', ( #4539 ), #2460, .F. ) ;
#5546 = ORIENTED_EDGE ( 'NONE', *, *, #2232, .T. ) ;
#5547 = ORIENTED_EDGE ( 'NONE', *, *, #5367, .T. ) ;
#5548 = EDGE_CURVE ( 'NONE', #2504, #3481, #4446, .T. ) ;
#5549 = DIRECTION ( 'NONE',  ( 0.2588190451025180194, -0.9659258262890689783, 0.000000000000000000 ) ) ;
#5550 = DIRECTION ( 'NONE',  ( -0.2588190451025182970, 0.9659258262890689783, 0.000000000000000000 ) ) ;
#5551 = VECTOR ( 'NONE', #675, 1000.000000000000000 ) ;
#5552 = EDGE_CURVE ( 'NONE', #4667, #4173, #5763, .T. ) ;
#5553 = CIRCLE ( 'NONE', #534, 0.4299999999999993272 ) ;
#5554 = AXIS2_PLACEMENT_3D ( 'NONE', #1131, #2930, #5576 ) ;
#5555 = VECTOR ( 'NONE', #3730, 1000.000000000000000 ) ;
#5556 = DIRECTION ( 'NONE',  ( -0.000000000000000000, 0.000000000000000000, 1.000000000000000000 ) ) ;
#5557 = ORIENTED_EDGE ( 'NONE', *, *, #5287, .T. ) ;
#5558 = VECTOR ( 'NONE', #3619, 1000.000000000000000 ) ;
#5559 = CARTESIAN_POINT ( 'NONE',  ( -8.583684430773390162, -14.12501011712842036, 5.000000000000000000 ) ) ;
#5560 = AXIS2_PLACEMENT_3D ( 'NONE', #2325, #3105, #12 ) ;
#5561 = CARTESIAN_POINT ( 'NONE',  ( 9.149209946963129170, -15.78249345187885133, 5.002000000000000668 ) ) ;
#5562 = CARTESIAN_POINT ( 'NONE',  ( -2.578460969082654319, 2.733974596215560382, -6.500000000000000000 ) ) ;
#5563 = EDGE_CURVE ( 'NONE', #3414, #2448, #1387, .T. ) ;
#5564 = CIRCLE ( 'NONE', #2026, 16.52862817102734638 ) ;
#5565 = AXIS2_PLACEMENT_3D ( 'NONE', #2159, #3009, #5693 ) ;
#5566 = CARTESIAN_POINT ( 'NONE',  ( -17.20080094608644927, -6.883008709270070469, 5.000000000000000000 ) ) ;
#5567 = CIRCLE ( 'NONE', #1570, 0.4300000000000000488 ) ;
#5568 = DIRECTION ( 'NONE',  ( 0.000000000000000000, 0.000000000000000000, 1.000000000000000000 ) ) ;
#5569 = DIRECTION ( 'NONE',  ( 1.000000000000000000, 0.000000000000000000, 0.000000000000000000 ) ) ;
#5570 = DIRECTION ( 'NONE',  ( 0.000000000000000000, 0.000000000000000000, -1.000000000000000000 ) ) ;
#5571 = ADVANCED_FACE ( 'NONE', ( #1449 ), #4594, .T. ) ;
#5572 = ORIENTED_EDGE ( 'NONE', *, *, #1620, .T. ) ;
#5573 = CARTESIAN_POINT ( 'NONE',  ( 11.10037075072115975, 14.83324412511671930, 5.000000000000000000 ) ) ;
#5574 = CIRCLE ( 'NONE', #3071, 16.52862817102735349 ) ;
#5575 = CARTESIAN_POINT ( 'NONE',  ( 2.578277445616414809, 17.91222139392874979, 5.002000000000000668 ) ) ;
#5576 = DIRECTION ( 'NONE',  ( -0.7071067811865475727, -0.7071067811865475727, 0.000000000000000000 ) ) ;
#5577 = DIRECTION ( 'NONE',  ( 0.2588190451025196848, 0.9659258262890685343, 0.000000000000000000 ) ) ;
#5578 = ORIENTED_EDGE ( 'NONE', *, *, #3472, .T. ) ;
#5579 = ORIENTED_EDGE ( 'NONE', *, *, #4903, .F. ) ;
#5580 = ORIENTED_EDGE ( 'NONE', *, *, #4814, .T. ) ;
#5581 = VERTEX_POINT ( 'NONE', #3752 ) ;
#5582 = CYLINDRICAL_SURFACE ( 'NONE', #3111, 18.52682817102719781 ) ;
#5583 = CARTESIAN_POINT ( 'NONE',  ( 6.723256931056099894, 16.80157748816159824, 5.000000000000000000 ) ) ;
#5584 = DIRECTION ( 'NONE',  ( 0.000000000000000000, 0.000000000000000000, 1.000000000000000000 ) ) ;
#5585 = VERTEX_POINT ( 'NONE', #1980 ) ;
#5586 = ADVANCED_FACE ( 'NONE', ( #4099, #1883 ), #2373, .F. ) ;
#5587 = DIRECTION ( 'NONE',  ( 0.000000000000000000, 0.000000000000000000, -1.000000000000000000 ) ) ;
#5588 = AXIS2_PLACEMENT_3D ( 'NONE', #2513, #2597, #5158 ) ;
#5589 = LINE ( 'NONE', #2547, #2789 ) ;
#5590 = AXIS2_PLACEMENT_3D ( 'NONE', #4546, #3277, #5003 ) ;
#5591 = EDGE_CURVE ( 'NONE', #482, #332, #1420, .T. ) ;
#5592 = DIRECTION ( 'NONE',  ( -0.9659258262890680902, -0.2588190451025215166, 0.000000000000000000 ) ) ;
#5593 = CARTESIAN_POINT ( 'NONE',  ( 2.598076211353315124, 2.700000000000000178, -52.80796289473149585 ) ) ;
#5594 = CARTESIAN_POINT ( 'NONE',  ( 16.96375033764019946, 6.325010817588570866, 5.002000000000000668 ) ) ;
#5595 = FACE_OUTER_BOUND ( 'NONE', #2497, .T. ) ;
#5596 = DIRECTION ( 'NONE',  ( 0.000000000000000000, 0.000000000000000000, 1.000000000000000000 ) ) ;
#5597 = CARTESIAN_POINT ( 'NONE',  ( -17.20080094608644927, 6.883008709270060699, 5.000000000000000000 ) ) ;
#5598 = AXIS2_PLACEMENT_3D ( 'NONE', #3006, #3038, #742 ) ;
#5599 = ORIENTED_EDGE ( 'NONE', *, *, #4785, .T. ) ;
#5600 = VERTEX_POINT ( 'NONE', #589 ) ;
#5601 = DIRECTION ( 'NONE',  ( 0.5000000000000001110, 0.8660254037844385966, 0.000000000000000000 ) ) ;
#5602 = EDGE_CURVE ( 'NONE', #567, #4461, #455, .T. ) ;
#5603 = CARTESIAN_POINT ( 'NONE',  ( 6.723256931056099894, 16.80157748816159824, 5.000000000000000000 ) ) ;
#5604 = CARTESIAN_POINT ( 'NONE',  ( 7.126448808901080234, -16.63456994411954781, 5.000000000000000000 ) ) ;
#5605 = EDGE_LOOP ( 'NONE', ( #971, #3403, #4659, #2649 ) ) ;
#5606 = VERTEX_POINT ( 'NONE', #3083 ) ;
#5607 = VERTEX_POINT ( 'NONE', #2488 ) ;
#5608 = ORIENTED_EDGE ( 'NONE', *, *, #4525, .T. ) ;
#5609 = EDGE_CURVE ( 'NONE', #332, #2053, #4727, .T. ) ;
#5610 = LINE ( 'NONE', #1084, #1884 ) ;
#5611 = CARTESIAN_POINT ( 'NONE',  ( -5.088617526617949668E-14, 4.969787286824988859E-14, 5.000000000000000000 ) ) ;
#5612 = AXIS2_PLACEMENT_3D ( 'NONE', #4160, #4124, #2512 ) ;
#5613 = ORIENTED_EDGE ( 'NONE', *, *, #4417, .T. ) ;
#5614 = ORIENTED_EDGE ( 'NONE', *, *, #2847, .F. ) ;
#5615 = EDGE_CURVE ( 'NONE', #2634, #4233, #5308, .T. ) ;
#5616 = EDGE_CURVE ( 'NONE', #1971, #193, #5373, .T. ) ;
#5617 = VECTOR ( 'NONE', #2245, 1000.000000000000000 ) ;
#5618 = DIRECTION ( 'NONE',  ( 0.000000000000000000, 0.000000000000000000, 1.000000000000000000 ) ) ;
#5619 = ORIENTED_EDGE ( 'NONE', *, *, #236, .F. ) ;
#5620 = ORIENTED_EDGE ( 'NONE', *, *, #1887, .F. ) ;
#5621 = DIRECTION ( 'NONE',  ( 0.000000000000000000, 0.000000000000000000, 1.000000000000000000 ) ) ;
#5622 = DIRECTION ( 'NONE',  ( 0.000000000000000000, 0.000000000000000000, 1.000000000000000000 ) ) ;
#5623 = DIRECTION ( 'NONE',  ( -0.000000000000000000, -0.000000000000000000, 1.000000000000000000 ) ) ;
#5624 = VECTOR ( 'NONE', #3772, 1000.000000000000000 ) ;
#5625 = EDGE_CURVE ( 'NONE', #5708, #4755, #3871, .T. ) ;
#5626 = VECTOR ( 'NONE', #3476, 1000.000000000000000 ) ;
#5627 = ORIENTED_EDGE ( 'NONE', *, *, #3823, .T. ) ;
#5628 = CARTESIAN_POINT ( 'NONE',  ( -1.718949636520940016, 18.02275782191794562, 5.002000000000000668 ) ) ;
#5629 = DIRECTION ( 'NONE',  ( 0.000000000000000000, 0.000000000000000000, 1.000000000000000000 ) ) ;
#5630 = DIRECTION ( 'NONE',  ( 0.000000000000000000, 0.000000000000000000, 1.000000000000000000 ) ) ;
#5631 = ORIENTED_EDGE ( 'NONE', *, *, #5067, .F. ) ;
#5632 = EDGE_CURVE ( 'NONE', #390, #1260, #1850, .T. ) ;
#5633 = CIRCLE ( 'NONE', #2577, 18.52682817102719781 ) ;
#5634 = CARTESIAN_POINT ( 'NONE',  ( -7.112366251504909087E-14, -8.402566836762790512E-16, 5.000000000000000000 ) ) ;
#5635 = EDGE_CURVE ( 'NONE', #778, #5585, #2033, .T. ) ;
#5636 = CIRCLE ( 'NONE', #4136, 1.764902496759994888 ) ;
#5637 = DIRECTION ( 'NONE',  ( 0.8660254037844383745, -0.5000000000000005551, 0.000000000000000000 ) ) ;
#5638 = CARTESIAN_POINT ( 'NONE',  ( 7.295780857526789731, -17.02982512410865112, 5.000000000000000000 ) ) ;
#5639 = VERTEX_POINT ( 'NONE', #5562 ) ;
#5640 = ORIENTED_EDGE ( 'NONE', *, *, #5642, .T. ) ;
#5641 = ORIENTED_EDGE ( 'NONE', *, *, #405, .T. ) ;
#5642 = EDGE_CURVE ( 'NONE', #2244, #1362, #315, .T. ) ;
#5643 = ORIENTED_EDGE ( 'NONE', *, *, #1181, .T. ) ;
#5644 = CIRCLE ( 'NONE', #4140, 0.4299999999999998823 ) ;
#5645 = LINE ( 'NONE', #1190, #284 ) ;
#5646 = DIRECTION ( 'NONE',  ( -0.9659258262890685343, 0.2588190451025196848, 0.000000000000000000 ) ) ;
#5647 = ORIENTED_EDGE ( 'NONE', *, *, #1896, .F. ) ;
#5648 = EDGE_CURVE ( 'NONE', #4025, #1215, #3536, .T. ) ;
#5649 = CIRCLE ( 'NONE', #3136, 16.52862817102734994 ) ;
#5650 = CYLINDRICAL_SURFACE ( 'NONE', #408, 1.764902496759994888 ) ;
#5651 = CIRCLE ( 'NONE', #4054, 16.52862817102735349 ) ;
#5652 = ORIENTED_EDGE ( 'NONE', *, *, #2644, .F. ) ;
#5653 = DIRECTION ( 'NONE',  ( 0.000000000000000000, 0.000000000000000000, -1.000000000000000000 ) ) ;
#5654 = DIRECTION ( 'NONE',  ( 0.000000000000000000, 0.000000000000000000, 1.000000000000000000 ) ) ;
#5655 = CARTESIAN_POINT ( 'NONE',  ( -4.752648293360439702, -17.61270781032335009, 5.002000000000000668 ) ) ;
#5656 = ADVANCED_FACE ( 'NONE', ( #5113 ), #1326, .F. ) ;
#5657 = CIRCLE ( 'NONE', #2871, 18.52682817102719781 ) ;
#5658 = AXIS2_PLACEMENT_3D ( 'NONE', #4176, #2387, #163 ) ;
#5659 = VERTEX_POINT ( 'NONE', #4277 ) ;
#5660 = DIRECTION ( 'NONE',  ( 0.000000000000000000, 0.000000000000000000, 1.000000000000000000 ) ) ;
#5661 = DIRECTION ( 'NONE',  ( 0.9659258262890680902, 0.2588190451025215721, 0.000000000000000000 ) ) ;
#5662 = CARTESIAN_POINT ( 'NONE',  ( 0.000000000000000000, 1.165057210878772069E-15, 6.500000000000000000 ) ) ;
#5663 = FACE_OUTER_BOUND ( 'NONE', #3549, .T. ) ;
#5664 = AXIS2_PLACEMENT_3D ( 'NONE', #388, #5718, #1311 ) ;
#5665 = EDGE_CURVE ( 'NONE', #5600, #1106, #926, .T. ) ;
#5666 = VERTEX_POINT ( 'NONE', #2917 ) ;
#5667 = AXIS2_PLACEMENT_3D ( 'NONE', #4395, #3580, #3099 ) ;
#5668 = CYLINDRICAL_SURFACE ( 'NONE', #2013, 1.764902496759994444 ) ;
#5669 = AXIS2_PLACEMENT_3D ( 'NONE', #353, #682, #5661 ) ;
#5670 = EDGE_CURVE ( 'NONE', #1133, #2529, #1670, .T. ) ;
#5671 = VECTOR ( 'NONE', #2495, 1000.000000000000000 ) ;
#5672 = DIRECTION ( 'NONE',  ( 0.000000000000000000, 0.000000000000000000, 1.000000000000000000 ) ) ;
#5673 = DIRECTION ( 'NONE',  ( 0.000000000000000000, 0.000000000000000000, 1.000000000000000000 ) ) ;
#5674 = CARTESIAN_POINT ( 'NONE',  ( 7.522724857905809692, 16.46764093829609976, 5.002000000000000668 ) ) ;
#5675 = ORIENTED_EDGE ( 'NONE', *, *, #1212, .T. ) ;
#5676 = VERTEX_POINT ( 'NONE', #3443 ) ;
#5677 = VERTEX_POINT ( 'NONE', #3974 ) ;
#5678 = AXIS2_PLACEMENT_3D ( 'NONE', #3271, #623, #5529 ) ;
#5679 = ADVANCED_FACE ( 'NONE', ( #4244 ), #4737, .F. ) ;
#5680 = CARTESIAN_POINT ( 'NONE',  ( -4.635380845820769480, -15.86533307656285174, 5.002000000000000668 ) ) ;
#5681 = VERTEX_POINT ( 'NONE', #5201 ) ;
#5682 = ORIENTED_EDGE ( 'NONE', *, *, #4002, .F. ) ;
#5683 = ORIENTED_EDGE ( 'NONE', *, *, #1388, .T. ) ;
#5684 = EDGE_CURVE ( 'NONE', #3917, #4387, #5574, .T. ) ;
#5685 = ORIENTED_EDGE ( 'NONE', *, *, #1028, .F. ) ;
#5686 = FACE_OUTER_BOUND ( 'NONE', #4290, .T. ) ;
#5687 = FACE_OUTER_BOUND ( 'NONE', #1129, .T. ) ;
#5688 = FACE_OUTER_BOUND ( 'NONE', #2287, .T. ) ;
#5689 = CIRCLE ( 'NONE', #3998, 1.000000000000000000 ) ;
#5690 = ORIENTED_EDGE ( 'NONE', *, *, #2096, .T. ) ;
#5691 = DIRECTION ( 'NONE',  ( 0.5000000000000001110, 0.8660254037844385966, 0.000000000000000000 ) ) ;
#5692 = CARTESIAN_POINT ( 'NONE',  ( -9.757819552369539906E-16, 2.376571162088224710E-13, 5.000000000000000000 ) ) ;
#5693 = DIRECTION ( 'NONE',  ( -0.9659258262890685343, 0.2588190451025196848, 0.000000000000000000 ) ) ;
#5694 = ORIENTED_EDGE ( 'NONE', *, *, #2140, .T. ) ;
#5695 = AXIS2_PLACEMENT_3D ( 'NONE', #658, #2872, #3733 ) ;
#5696 = DIRECTION ( 'NONE',  ( 0.000000000000000000, 0.000000000000000000, 1.000000000000000000 ) ) ;
#5697 = ORIENTED_EDGE ( 'NONE', *, *, #3185, .F. ) ;
#5698 = EDGE_CURVE ( 'NONE', #5071, #1762, #5589, .T. ) ;
#5699 = VECTOR ( 'NONE', #264, 1000.000000000000000 ) ;
#5700 = DIRECTION ( 'NONE',  ( 0.9659258262890680902, 0.2588190451025215166, 0.000000000000000000 ) ) ;
#5701 = CARTESIAN_POINT ( 'NONE',  ( -3.483414762376119677E-14, -6.201502689006168382E-14, 5.002000000000000668 ) ) ;
#5702 = ORIENTED_EDGE ( 'NONE', *, *, #4092, .F. ) ;
#5703 = ORIENTED_EDGE ( 'NONE', *, *, #3298, .T. ) ;
#5704 = ORIENTED_EDGE ( 'NONE', *, *, #513, .T. ) ;
#5705 = EDGE_CURVE ( 'NONE', #4671, #4415, #3066, .T. ) ;
#5706 = AXIS2_PLACEMENT_3D ( 'NONE', #2011, #1058, #628 ) ;
#5707 = EDGE_CURVE ( 'NONE', #4173, #2392, #5475, .T. ) ;
#5708 = VERTEX_POINT ( 'NONE', #1171 ) ;
#5709 = FACE_OUTER_BOUND ( 'NONE', #3582, .T. ) ;
#5710 = EDGE_CURVE ( 'NONE', #3714, #2077, #104, .T. ) ;
#5711 = ORIENTED_EDGE ( 'NONE', *, *, #1265, .T. ) ;
#5712 = CARTESIAN_POINT ( 'NONE',  ( 13.95949521606318022, -11.52853332705895895, 5.002000000000000668 ) ) ;
#5713 = VECTOR ( 'NONE', #469, 1000.000000000000000 ) ;
#5714 = CARTESIAN_POINT ( 'NONE',  ( -9.757819552369539906E-16, 2.376571162088224710E-13, 5.000000000000000000 ) ) ;
#5715 = CARTESIAN_POINT ( 'NONE',  ( 0.000000000000000000, 3.600000000000000089, 6.500000000000000000 ) ) ;
#5716 = EDGE_LOOP ( 'NONE', ( #351, #3081 ) ) ;
#5717 = EDGE_CURVE ( 'NONE', #1880, #4932, #3520, .T. ) ;
#5718 = DIRECTION ( 'NONE',  ( 0.000000000000000000, 0.000000000000000000, 1.000000000000000000 ) ) ;
#5719 = FACE_OUTER_BOUND ( 'NONE', #1026, .T. ) ;
#5720 = ORIENTED_EDGE ( 'NONE', *, *, #3544, .T. ) ;
#5721 = DIRECTION ( 'NONE',  ( -0.000000000000000000, -0.000000000000000000, -1.000000000000000000 ) ) ;
#5722 = DIRECTION ( 'NONE',  ( -0.000000000000000000, -0.000000000000000000, 1.000000000000000000 ) ) ;
#5723 = LINE ( 'NONE', #3077, #3404 ) ;
#5724 = ORIENTED_EDGE ( 'NONE', *, *, #5698, .F. ) ;
#5725 = CIRCLE ( 'NONE', #3307, 1.764902496759994888 ) ;
#5726 = ORIENTED_EDGE ( 'NONE', *, *, #4790, .T. ) ;
#5727 = VERTEX_POINT ( 'NONE', #955 ) ;
#5728 = CIRCLE ( 'NONE', #981, 18.52682817102719781 ) ;
#5729 = CYLINDRICAL_SURFACE ( 'NONE', #2079, 0.4299999999999993272 ) ;
#5730 = EDGE_CURVE ( 'NONE', #3037, #4485, #1757, .T. ) ;
#5731 = CARTESIAN_POINT ( 'NONE',  ( -9.757819552369539906E-16, 2.376571162088224710E-13, 5.000000000000000000 ) ) ;
#5732 = DIRECTION ( 'NONE',  ( -0.000000000000000000, -0.000000000000000000, -1.000000000000000000 ) ) ;
#5734 = VECTOR ( 'NONE', #1328, 1000.000000000000000 ) ;
#5733 = ADVANCED_BREP_SHAPE_REPRESENTATION ( 'transfer motor pully', ( #2453, #1947 ), #1295 ) ;
#5735 = VECTOR ( 'NONE', #2395, 1000.000000000000000 ) ;
#5736 = ORIENTED_EDGE ( 'NONE', *, *, #2161, .F. ) ;
#5737 = EDGE_CURVE ( 'NONE', #4344, #394, #1853, .T. ) ;
#5738 = CARTESIAN_POINT ( 'NONE',  ( -11.42209106089456050, -11.94702410697803963, 5.002000000000000668 ) ) ;
#5739 = AXIS2_PLACEMENT_3D ( 'NONE', #5662, #2067, #769 ) ;
#5740 = DIRECTION ( 'NONE',  ( -0.000000000000000000, -0.000000000000000000, 1.000000000000000000 ) ) ;
#5741 = ORIENTED_EDGE ( 'NONE', *, *, #4476, .F. ) ;
#5742 = DIRECTION ( 'NONE',  ( 0.000000000000000000, 0.000000000000000000, -1.000000000000000000 ) ) ;
#5743 = DIRECTION ( 'NONE',  ( 0.000000000000000000, 0.000000000000000000, 1.000000000000000000 ) ) ;
#5744 = AXIS2_PLACEMENT_3D ( 'NONE', #4620, #1144, #2431 ) ;
#5745 = EDGE_LOOP ( 'NONE', ( #4880, #5264, #3560, #3888 ) ) ;
#5746 = AXIS2_PLACEMENT_3D ( 'NONE', #5403, #5439, #4563 ) ;
#5747 = CYLINDRICAL_SURFACE ( 'NONE', #2113, 1.764902496759994888 ) ;
#5748 = AXIS2_PLACEMENT_3D ( 'NONE', #1788, #72, #5422 ) ;
#5749 = COLOUR_RGB ( '',0.7921568627450980005, 0.8196078431372548767, 0.9333333333333333481 ) ;
#5750 = LINE ( 'NONE', #4015, #5558 ) ;
#5751 = ORIENTED_EDGE ( 'NONE', *, *, #920, .T. ) ;
#5752 = DIRECTION ( 'NONE',  ( 1.000000000000000000, 0.000000000000000000, 0.000000000000000000 ) ) ;
#5753 = AXIS2_PLACEMENT_3D ( 'NONE', #207, #5533, #5120 ) ;
#5754 = ORIENTED_EDGE ( 'NONE', *, *, #4745, .T. ) ;
#5755 = ORIENTED_EDGE ( 'NONE', *, *, #4891, .T. ) ;
#5756 = AXIS2_PLACEMENT_3D ( 'NONE', #5143, #1206, #3153 ) ;
#5757 = DIRECTION ( 'NONE',  ( 0.8660254037844387076, 0.4999999999999999445, 0.000000000000000000 ) ) ;
#5758 = CIRCLE ( 'NONE', #2031, 0.4299999999999993272 ) ;
#5759 = CYLINDRICAL_SURFACE ( 'NONE', #3945, 1.764902496759997108 ) ;
#5760 = DIRECTION ( 'NONE',  ( 0.000000000000000000, 0.000000000000000000, -1.000000000000000000 ) ) ;
#5761 = ORIENTED_EDGE ( 'NONE', *, *, #3104, .T. ) ;
#5762 = ORIENTED_EDGE ( 'NONE', *, *, #4428, .F. ) ;
#5763 = CIRCLE ( 'NONE', #3899, 1.764902496759995110 ) ;
#5764 = DIRECTION ( 'NONE',  ( 0.2588190451025182970, 0.9659258262890689783, 0.000000000000000000 ) ) ;
#5765 = LINE ( 'NONE', #2205, #347 ) ;
#5766 = CARTESIAN_POINT ( 'NONE',  ( 16.80157748816159824, -6.723256931056099894, 5.000000000000000000 ) ) ;
#5767 = DIRECTION ( 'NONE',  ( 1.000000000000000000, 0.000000000000000000, 0.000000000000000000 ) ) ;
#5768 = ORIENTED_EDGE ( 'NONE', *, *, #1604, .T. ) ;
#5769 = CARTESIAN_POINT ( 'NONE',  ( 15.86533307656285174, -4.635380845820779250, 5.000000000000000000 ) ) ;
#5770 = CARTESIAN_POINT ( 'NONE',  ( -2.196580998991904732, 18.39615160824795126, 5.000000000000000000 ) ) ;
#5771 = ORIENTED_EDGE ( 'NONE', *, *, #2541, .F. ) ;
#5772 = FACE_OUTER_BOUND ( 'NONE', #1928, .T. ) ;
ENDSEC;
END-ISO-10303-21;
