ISO-10303-21;
HEADER;
FILE_DESCRIPTION (( 'STEP AP214' ),
    '1' );
FILE_NAME ('Assem1.STEP',
    '2024-12-29T11:27:37',
    ( '' ),
    ( '' ),
    'SwSTEP 2.0',
    'SolidWorks 2023',
    '' );
FILE_SCHEMA (( 'AUTOMOTIVE_DESIGN' ));
ENDSEC;

DATA;
#1 = CARTESIAN_POINT ( 'NONE',  ( -13.74999999999999645, 28.58475442318690085, 0.6215813643205586603 ) ) ;
#2 = ORIENTED_EDGE ( 'NONE', *, *, #1357, .F. ) ;
#3 = ORIENTED_EDGE ( 'NONE', *, *, #329, .F. ) ;
#4 = CARTESIAN_POINT ( 'NONE',  ( -12.29809120115804966, 32.98127979971804535, 0.3570785227987684496 ) ) ;
#5 = DIRECTION ( 'NONE',  ( 1.000000000000000000, 0.000000000000000000, 0.000000000000000000 ) ) ;
#6 = EDGE_CURVE ( 'NONE', #1168, #1265, #216, .T. ) ;
#7 = VERTEX_POINT ( 'NONE', #852 ) ;
#8 = AXIS2_PLACEMENT_3D ( 'NONE', #375, #1211, #1070 ) ;
#9 = AXIS2_PLACEMENT_3D ( 'NONE', #880, #1292, #662 ) ;
#10 = ADVANCED_FACE ( 'NONE', ( #1059 ), #686, .F. ) ;
#11 = DIRECTION ( 'NONE',  ( 1.000000000000000000, 0.000000000000000000, 0.000000000000000000 ) ) ;
#12 = CARTESIAN_POINT ( 'NONE',  ( -22.48113512633064204, 15.99507132295698320, 3.000000000000000000 ) ) ;
#13 = CIRCLE ( 'NONE', #382, 5.154999999999987814 ) ;
#14 = ADVANCED_FACE ( 'NONE', ( #1143 ), #635, .F. ) ;
#15 = ORIENTED_EDGE ( 'NONE', *, *, #1176, .F. ) ;
#16 = DIRECTION ( 'NONE',  ( 1.000000000000000000, 0.000000000000000000, 0.000000000000000000 ) ) ;
#17 = DIRECTION ( 'NONE',  ( 0.000000000000000000, 0.000000000000000000, -1.000000000000000000 ) ) ;
#18 = ORIENTED_EDGE ( 'NONE', *, *, #637, .F. ) ;
#19 = CARTESIAN_POINT ( 'NONE',  ( -11.55244804671285941, 33.59793473616783643, 0.1871405117516495020 ) ) ;
#20 = CARTESIAN_POINT ( 'NONE',  ( -9.758708272859214716, 29.44999999999999929, -1.734723475976807094E-15 ) ) ;
#21 = VERTEX_POINT ( 'NONE', #319 ) ;
#22 = DIRECTION ( 'NONE',  ( -0.000000000000000000, -0.000000000000000000, -1.000000000000000000 ) ) ;
#23 = CARTESIAN_POINT ( 'NONE',  ( 0.7016584665967612322, -8.972606945378421628, 3.000000000000000000 ) ) ;
#24 = DIRECTION ( 'NONE',  ( 0.000000000000000000, 0.000000000000000000, 1.000000000000000000 ) ) ;
#25 = CARTESIAN_POINT ( 'NONE',  ( 19.73113512633064559, -15.99507132295698320, 3.000000000000000000 ) ) ;
#26 = AXIS2_PLACEMENT_3D ( 'NONE', #148, #1001, #366 ) ;
#27 = ORIENTED_EDGE ( 'NONE', *, *, #234, .T. ) ;
#28 = CARTESIAN_POINT ( 'NONE',  ( -7.508708272859213828, 29.44999999999999929, 2.999999999999999556 ) ) ;
#29 = DIRECTION ( 'NONE',  ( -1.000000000000000000, 0.000000000000000000, 0.000000000000000000 ) ) ;
#30 = ADVANCED_FACE ( 'NONE', ( #758 ), #1063, .F. ) ;
#31 = DIRECTION ( 'NONE',  ( -0.000000000000000000, -0.000000000000000000, -1.000000000000000000 ) ) ;
#32 = LINE ( 'NONE', #769, #1104 ) ;
#33 = AXIS2_PLACEMENT_3D ( 'NONE', #963, #1199, #1066 ) ;
#34 = ORIENTED_EDGE ( 'NONE', *, *, #144, .T. ) ;
#35 = DIRECTION ( 'NONE',  ( 0.000000000000000000, -1.000000000000000000, 0.000000000000000000 ) ) ;
#36 = CARTESIAN_POINT ( 'NONE',  ( 0.000000000000000000, 0.000000000000000000, 3.000000000000000000 ) ) ;
#37 = ORIENTED_EDGE ( 'NONE', *, *, #504, .T. ) ;
#38 = CARTESIAN_POINT ( 'NONE',  ( -9.758708272859214716, 29.44999999999999929, 2.999999999999999556 ) ) ;
#39 = SURFACE_STYLE_USAGE ( .BOTH. , #895 ) ;
#40 = ORIENTED_EDGE ( 'NONE', *, *, #1133, .F. ) ;
#41 = CARTESIAN_POINT ( 'NONE',  ( -22.48113512633064204, 15.99507132295698320, 4.336808689942017736E-16 ) ) ;
#42 = EDGE_CURVE ( 'NONE', #98, #627, #265, .T. ) ;
#43 = DIRECTION ( 'NONE',  ( -0.000000000000000000, -0.000000000000000000, -1.000000000000000000 ) ) ;
#44 = ADVANCED_FACE ( 'NONE', ( #1353 ), #536, .F. ) ;
#45 = FACE_BOUND ( 'NONE', #1080, .T. ) ;
#46 = CARTESIAN_POINT ( 'NONE',  ( -16.98113512633064559, 15.99507132295698320, 0.5499999999999983791 ) ) ;
#47 = EDGE_LOOP ( 'NONE', ( #161, #1029 ) ) ;
#48 = FACE_OUTER_BOUND ( 'NONE', #150, .T. ) ;
#49 = EDGE_LOOP ( 'NONE', ( #15, #330, #311, #247 ) ) ;
#50 = DIRECTION ( 'NONE',  ( -0.7768163435563251173, 0.6297272174392507527, 0.000000000000000000 ) ) ;
#51 = CIRCLE ( 'NONE', #376, 5.000000000000000888 ) ;
#52 = CIRCLE ( 'NONE', #843, 4.700000000000001066 ) ;
#53 = DIRECTION ( 'NONE',  ( 0.000000000000000000, 0.000000000000000000, 1.000000000000000000 ) ) ;
#54 = EDGE_CURVE ( 'NONE', #891, #1269, #933, .T. ) ;
#55 = EDGE_LOOP ( 'NONE', ( #946, #345, #1007, #660, #1011 ) ) ;
#56 = CARTESIAN_POINT ( 'NONE',  ( 19.73113512633064559, -15.99507132295698320, 2.954999999999988081 ) ) ;
#57 = AXIS2_PLACEMENT_3D ( 'NONE', #74, #1124, #1335 ) ;
#58 = VECTOR ( 'NONE', #919, 1000.000000000000000 ) ;
#59 = CIRCLE ( 'NONE', #1185, 5.200000000000000178 ) ;
#60 = PRODUCT_CONTEXT ( 'NONE', #714, 'mechanical' ) ;
#61 = ORIENTED_EDGE ( 'NONE', *, *, #186, .F. ) ;
#62 = ADVANCED_FACE ( 'NONE', ( #695 ), #1274, .F. ) ;
#63 = DIRECTION ( 'NONE',  ( 0.6297272174392508637, 0.7768163435563252284, -0.000000000000000000 ) ) ;
#64 = DIRECTION ( 'NONE',  ( 1.000000000000000000, 0.000000000000000000, 0.000000000000000000 ) ) ;
#65 = EDGE_CURVE ( 'NONE', #1034, #1108, #1042, .T. ) ;
#66 = ORIENTED_EDGE ( 'NONE', *, *, #938, .T. ) ;
#67 = DIRECTION ( 'NONE',  ( -1.000000000000000000, 0.000000000000000000, 0.000000000000000000 ) ) ;
#68 = CONTEXT_DEPENDENT_SHAPE_REPRESENTATION ( #240, #115 ) ;
#69 = VERTEX_POINT ( 'NONE', #449 ) ;
#70 = ADVANCED_FACE ( 'NONE', ( #223 ), #656, .F. ) ;
#71 = DIRECTION ( 'NONE',  ( 0.000000000000000000, 0.000000000000000000, 1.000000000000000000 ) ) ;
#72 = CARTESIAN_POINT ( 'NONE',  ( -8.749999999999998224, 29.44999999999999929, 0.000000000000000000 ) ) ;
#73 = EDGE_LOOP ( 'NONE', ( #1131, #813, #1350, #147, #913 ) ) ;
#74 = CARTESIAN_POINT ( 'NONE',  ( 19.73113512633064559, -15.99507132295698320, 3.000000000000000000 ) ) ;
#75 = EDGE_CURVE ( 'NONE', #1249, #155, #995, .T. ) ;
#76 = ITEM_DEFINED_TRANSFORMATION ( 'NONE', 'NONE', #542,  #1036 ) ;
#77 = ORIENTED_EDGE ( 'NONE', *, *, #42, .F. ) ;
#78 = DIRECTION ( 'NONE',  ( -1.000000000000000000, 0.000000000000000000, 0.000000000000000000 ) ) ;
#79 = CARTESIAN_POINT ( 'NONE',  ( -18.75000000000000000, 26.15007132295698256, 3.000000000000000000 ) ) ;
#80 = ORIENTED_EDGE ( 'NONE', *, *, #920, .F. ) ;
#81 = CARTESIAN_POINT ( 'NONE',  ( 30.75000000003669598, 25.44999999999999929, 0.000000000000000000 ) ) ;
#82 = EDGE_CURVE ( 'NONE', #857, #305, #357, .T. ) ;
#83 = ORIENTED_EDGE ( 'NONE', *, *, #1322, .F. ) ;
#84 = VECTOR ( 'NONE', #1316, 1000.000000000000000 ) ;
#85 = AXIS2_PLACEMENT_3D ( 'NONE', #116, #335, #1302 ) ;
#86 = AXIS2_PLACEMENT_3D ( 'NONE', #1051, #830, #1351 ) ;
#87 = CARTESIAN_POINT ( 'NONE',  ( 42.74999999996329336, 25.44999999999999929, 3.000000000000000000 ) ) ;
#88 = DIRECTION ( 'NONE',  ( -0.000000000000000000, -0.000000000000000000, 1.000000000000000000 ) ) ;
#89 = CARTESIAN_POINT ( 'NONE',  ( 13.75000000000000000, 29.44999999999999929, 2.999999999999999556 ) ) ;
#90 = DIRECTION ( 'NONE',  ( -1.000000000000000000, 0.000000000000000000, 0.000000000000000000 ) ) ;
#91 = ORIENTED_EDGE ( 'NONE', *, *, #236, .F. ) ;
#92 = ADVANCED_FACE ( 'NONE', ( #455 ), #1280, .F. ) ;
#93 = CARTESIAN_POINT ( 'NONE',  ( 19.73113512633064559, -15.99507132295697964, 0.000000000000000000 ) ) ;
#94 = PRODUCT_RELATED_PRODUCT_CATEGORY ( 'part', '', ( #1228 ) ) ;
#95 = CARTESIAN_POINT ( 'NONE',  ( -24.88613512633063252, 15.99507132295698675, 2.954999999999989857 ) ) ;
#96 = ORIENTED_EDGE ( 'NONE', *, *, #882, .F. ) ;
#97 = ADVANCED_FACE ( 'NONE', ( #679 ), #1183, .F. ) ;
#98 = VERTEX_POINT ( 'NONE', #136 ) ;
#99 = DIRECTION ( 'NONE',  ( -1.000000000000000000, 0.000000000000000000, 0.000000000000000000 ) ) ;
#100 = AXIS2_PLACEMENT_3D ( 'NONE', #992, #892, #156 ) ;
#101 = DIRECTION ( 'NONE',  ( 0.000000000000000000, 0.000000000000000000, 1.000000000000000000 ) ) ;
#102 = DIRECTION ( 'NONE',  ( -0.000000000000000000, -0.000000000000000000, -1.000000000000000000 ) ) ;
#103 = EDGE_CURVE ( 'NONE', #888, #254, #32, .T. ) ;
#104 = ORIENTED_EDGE ( 'NONE', *, *, #973, .T. ) ;
#105 = ORIENTED_EDGE ( 'NONE', *, *, #563, .T. ) ;
#106 = CIRCLE ( 'NONE', #675, 16.15231704873122709 ) ;
#107 = VECTOR ( 'NONE', #597, 1000.000000000000000 ) ;
#108 = CARTESIAN_POINT ( 'NONE',  ( -13.74999999999999822, 29.01726152034060746, 0.6909962270608138724 ) ) ;
#109 = EDGE_CURVE ( 'NONE', #137, #1045, #332, .T. ) ;
#110 = VERTEX_POINT ( 'NONE', #687 ) ;
#111 = B_SPLINE_CURVE_WITH_KNOTS ( 'NONE', 3,
 ( #1090, #235, #1279, #128, #779, #789, #678, #1084, #327, #4, #872, #859, #19, #865, #334, #226 ),
 .UNSPECIFIED., .F., .F.,
 ( 4, 2, 2, 2, 2, 2, 2, 4 ),
 ( 1.971615879912574453E-07, 0.001468471864904424178, 0.002202609216562650529, 0.002936746568220876662, 0.003670883919879103230, 0.004405021271537329364, 0.005139158623195556365, 0.005873295974853782499 ),
 .UNSPECIFIED. ) ;
#112 = EDGE_CURVE ( 'NONE', #778, #1101, #525, .T. ) ;
#113 = ORIENTED_EDGE ( 'NONE', *, *, #270, .T. ) ;
#114 = CARTESIAN_POINT ( 'NONE',  ( 36.75000000000000000, 25.44999999999999929, 3.000000000000000000 ) ) ;
#115 = PRODUCT_DEFINITION_SHAPE ( 'NONE', 'NONE',  #1369 ) ;
#116 = CARTESIAN_POINT ( 'NONE',  ( 0.000000000000000000, 0.000000000000000000, 3.000000000000000000 ) ) ;
#117 = ORIENTED_EDGE ( 'NONE', *, *, #169, .T. ) ;
#118 = ORIENTED_EDGE ( 'NONE', *, *, #1261, .F. ) ;
#119 = EDGE_CURVE ( 'NONE', #856, #857, #463, .T. ) ;
#120 = DIRECTION ( 'NONE',  ( -1.000000000000000000, 0.000000000000000000, 0.000000000000000000 ) ) ;
#121 = DIRECTION ( 'NONE',  ( -0.000000000000000000, -0.000000000000000000, -1.000000000000000000 ) ) ;
#122 = ORIENTED_EDGE ( 'NONE', *, *, #1162, .T. ) ;
#123 = DIRECTION ( 'NONE',  ( -0.000000000000000000, -0.000000000000000000, -1.000000000000000000 ) ) ;
#124 = CIRCLE ( 'NONE', #1123, 2.749999999999999112 ) ;
#125 = AXIS2_PLACEMENT_3D ( 'NONE', #454, #31, #966 ) ;
#126 = DIRECTION ( 'NONE',  ( -0.000000000000000000, -0.000000000000000000, -1.000000000000000000 ) ) ;
#127 = ORIENTED_EDGE ( 'NONE', *, *, #575, .T. ) ;
#128 = CARTESIAN_POINT ( 'NONE',  ( -13.46314349936762156, 31.13728757593288421, 0.6368193990192266840 ) ) ;
#129 = VECTOR ( 'NONE', #832, 1000.000000000000000 ) ;
#130 = FACE_OUTER_BOUND ( 'NONE', #404, .T. ) ;
#131 = VECTOR ( 'NONE', #1356, 1000.000000000000000 ) ;
#132 = ORIENTED_EDGE ( 'NONE', *, *, #236, .T. ) ;
#133 = CARTESIAN_POINT ( 'NONE',  ( 16.98113512633064559, -15.99507132295698320, 0.5499999999999983791 ) ) ;
#134 = FACE_OUTER_BOUND ( 'NONE', #801, .T. ) ;
#135 = DIRECTION ( 'NONE',  ( 1.000000000000000000, 0.000000000000000000, 0.000000000000000000 ) ) ;
#136 = CARTESIAN_POINT ( 'NONE',  ( 11.50000000000000000, 29.44999999999999929, 2.999999999999999556 ) ) ;
#137 = VERTEX_POINT ( 'NONE', #866 ) ;
#138 = CARTESIAN_POINT ( 'NONE',  ( -13.74999999999999822, 26.96814779874837953, -1.734723475976807094E-15 ) ) ;
#139 = AXIS2_PLACEMENT_3D ( 'NONE', #416, #423, #1048 ) ;
#140 = DIRECTION ( 'NONE',  ( -1.165157893541940519E-16, 1.410552414990333667E-16, 1.000000000000000000 ) ) ;
#141 = DIRECTION ( 'NONE',  ( -0.000000000000000000, -0.000000000000000000, -1.000000000000000000 ) ) ;
#142 = ORIENTED_EDGE ( 'NONE', *, *, #1050, .F. ) ;
#143 = CARTESIAN_POINT ( 'NONE',  ( 36.75000000000000000, 25.44999999999999929, 3.000000000000000000 ) ) ;
#144 = EDGE_CURVE ( 'NONE', #930, #907, #1058, .T. ) ;
#145 = DIRECTION ( 'NONE',  ( 0.7768163435563246733, -0.6297272174392513078, 0.000000000000000000 ) ) ;
#146 = CIRCLE ( 'NONE', #558, 2.749999999999999112 ) ;
#147 = ORIENTED_EDGE ( 'NONE', *, *, #637, .T. ) ;
#148 = CARTESIAN_POINT ( 'NONE',  ( 36.75000000000000000, 25.44999999999999929, 0.000000000000000000 ) ) ;
#149 = CARTESIAN_POINT ( 'NONE',  ( -13.74999999999999822, 26.15007132295698256, 3.000000000000000000 ) ) ;
#150 = EDGE_LOOP ( 'NONE', ( #3, #791, #1160, #1289 ) ) ;
#151 = CIRCLE ( 'NONE', #350, 16.15231704873122709 ) ;
#152 = DIRECTION ( 'NONE',  ( -0.000000000000000000, -0.000000000000000000, -1.000000000000000000 ) ) ;
#153 = LINE ( 'NONE', #1027, #58 ) ;
#154 = AXIS2_PLACEMENT_3D ( 'NONE', #667, #121, #1287 ) ;
#155 = VERTEX_POINT ( 'NONE', #774 ) ;
#156 = DIRECTION ( 'NONE',  ( -1.000000000000000000, 0.000000000000000000, 0.000000000000000000 ) ) ;
#157 = CARTESIAN_POINT ( 'NONE',  ( 18.45000000000000284, 29.44999999999999929, -1.734723475976807094E-15 ) ) ;
#158 = CARTESIAN_POINT ( 'NONE',  ( 11.50000000000000000, 29.44999999999999929, 2.450000000000000178 ) ) ;
#159 = FACE_BOUND ( 'NONE', #760, .T. ) ;
#160 = CARTESIAN_POINT ( 'NONE',  ( -24.88613512633063252, 15.99507132295698675, 3.000000000000000000 ) ) ;
#161 = ORIENTED_EDGE ( 'NONE', *, *, #557, .T. ) ;
#162 = DIRECTION ( 'NONE',  ( 0.000000000000000000, 0.000000000000000000, -1.000000000000000000 ) ) ;
#163 = EDGE_CURVE ( 'NONE', #733, #1271, #106, .T. ) ;
#164 = PRODUCT_CONTEXT ( 'NONE', #1097, 'mechanical' ) ;
#165 = ORIENTED_EDGE ( 'NONE', *, *, #703, .F. ) ;
#166 = DIRECTION ( 'NONE',  ( 0.000000000000000000, 0.000000000000000000, 1.000000000000000000 ) ) ;
#167 = ADVANCED_FACE ( 'NONE', ( #130 ), #178, .F. ) ;
#168 = ORIENTED_EDGE ( 'NONE', *, *, #112, .F. ) ;
#169 = EDGE_CURVE ( 'NONE', #903, #21, #1192, .T. ) ;
#170 = DIRECTION ( 'NONE',  ( -0.000000000000000000, -0.000000000000000000, -1.000000000000000000 ) ) ;
#171 = CARTESIAN_POINT ( 'NONE',  ( 0.000000000000000000, 0.000000000000000000, 0.000000000000000000 ) ) ;
#172 = ORIENTED_EDGE ( 'NONE', *, *, #557, .F. ) ;
#173 = CARTESIAN_POINT ( 'NONE',  ( 14.53113512633064452, -15.99507132295698320, 3.000000000000000000 ) ) ;
#174 = CARTESIAN_POINT ( 'NONE',  ( -19.73113512633064559, 21.15007132295697900, 0.000000000000000000 ) ) ;
#175 = VERTEX_POINT ( 'NONE', #582 ) ;
#176 = CARTESIAN_POINT ( 'NONE',  ( 14.53113512633064452, -15.99507132295698320, 3.000000000000000000 ) ) ;
#177 = VECTOR ( 'NONE', #1117, 1000.000000000000000 ) ;
#178 = CONICAL_SURFACE ( 'NONE', #786, 5.200000000000000178, 0.7853981633974481680 ) ;
#179 = VECTOR ( 'NONE', #1020, 1000.000000000000000 ) ;
#180 = ORIENTED_EDGE ( 'NONE', *, *, #725, .T. ) ;
#181 = CARTESIAN_POINT ( 'NONE',  ( 36.75000000000000000, 34.45000000000000284, 3.000000000000000000 ) ) ;
#182 = DIRECTION ( 'NONE',  ( 0.000000000000000000, 0.000000000000000000, -1.000000000000000000 ) ) ;
#183 = ORIENTED_EDGE ( 'NONE', *, *, #399, .F. ) ;
#184 = CYLINDRICAL_SURFACE ( 'NONE', #1017, 6.000000000000000888 ) ;
#185 = ORIENTED_EDGE ( 'NONE', *, *, #896, .F. ) ;
#186 = EDGE_CURVE ( 'NONE', #833, #1150, #1127, .T. ) ;
#187 = CARTESIAN_POINT ( 'NONE',  ( 13.75000000000000000, 29.44999999999999929, 0.000000000000000000 ) ) ;
#188 = UNCERTAINTY_MEASURE_WITH_UNIT (LENGTH_MEASURE( 1.000000000000000082E-05 ), #993, 'distance_accuracy_value', 'NONE');
#189 = ADVANCED_FACE ( 'NONE', ( #912, #1339, #1009, #605, #729 ), #372, .F. ) ;
#190 = LINE ( 'NONE', #195, #232 ) ;
#191 = VERTEX_POINT ( 'NONE', #46 ) ;
#192 = CARTESIAN_POINT ( 'NONE',  ( 0.000000000000000000, 0.000000000000000000, 3.000000000000000000 ) ) ;
#193 = EDGE_LOOP ( 'NONE', ( #122, #601, #1134, #383 ) ) ;
#194 = DIRECTION ( 'NONE',  ( -0.000000000000000000, -0.000000000000000000, -1.000000000000000000 ) ) ;
#195 = CARTESIAN_POINT ( 'NONE',  ( 16.98113512633064559, -15.99507132295698320, 3.000000000000000000 ) ) ;
#196 = AXIS2_PLACEMENT_3D ( 'NONE', #1313, #17, #799 ) ;
#197 = VECTOR ( 'NONE', #996, 1000.000000000000000 ) ;
#198 = ORIENTED_EDGE ( 'NONE', *, *, #703, .T. ) ;
#199 = FACE_OUTER_BOUND ( 'NONE', #883, .T. ) ;
#200 = EDGE_CURVE ( 'NONE', #175, #1334, #713, .T. ) ;
#201 = ORIENTED_EDGE ( 'NONE', *, *, #957, .T. ) ;
#202 = VECTOR ( 'NONE', #633, 1000.000000000000000 ) ;
#203 = AXIS2_PLACEMENT_3D ( 'NONE', #1251, #1039, #740 ) ;
#204 = DIRECTION ( 'NONE',  ( -1.000000000000000000, 0.000000000000000000, 0.000000000000000000 ) ) ;
#205 = DIRECTION ( 'NONE',  ( 1.000000000000000000, 0.000000000000000000, 0.000000000000000000 ) ) ;
#206 = EDGE_CURVE ( 'NONE', #1061, #930, #153, .T. ) ;
#207 = CARTESIAN_POINT ( 'NONE',  ( -19.73113512633064559, 15.99507132295698320, 3.000000000000000000 ) ) ;
#208 = MANIFOLD_SOLID_BREP ( 'CSK for M5 Countersunk Flat Head Screw1', #1028 ) ;
#209 = ORIENTED_EDGE ( 'NONE', *, *, #983, .T. ) ;
#210 = FACE_OUTER_BOUND ( 'NONE', #73, .T. ) ;
#211 = CARTESIAN_POINT ( 'NONE',  ( -13.74999999999999822, 26.15007132295698256, 0.000000000000000000 ) ) ;
#212 = ADVANCED_FACE ( 'NONE', ( #1309 ), #902, .T. ) ;
#213 = ORIENTED_EDGE ( 'NONE', *, *, #648, .T. ) ;
#214 = EDGE_LOOP ( 'NONE', ( #816, #297, #696, #198 ) ) ;
#215 = CARTESIAN_POINT ( 'NONE',  ( -22.97737893222997840, 11.99058307192414397, 3.000000000000000000 ) ) ;
#216 = LINE ( 'NONE', #411, #1089 ) ;
#217 = ORIENTED_EDGE ( 'NONE', *, *, #144, .F. ) ;
#218 = CARTESIAN_POINT ( 'NONE',  ( -22.97737893222997840, 11.99058307192414397, 0.000000000000000000 ) ) ;
#219 = VERTEX_POINT ( 'NONE', #263 ) ;
#220 = ORIENTED_EDGE ( 'NONE', *, *, #431, .F. ) ;
#221 = EDGE_CURVE ( 'NONE', #155, #1249, #1018, .T. ) ;
#222 = CYLINDRICAL_SURFACE ( 'NONE', #9, 5.154999999999989591 ) ;
#223 = FACE_OUTER_BOUND ( 'NONE', #770, .T. ) ;
#224 = VERTEX_POINT ( 'NONE', #1207 ) ;
#225 = CARTESIAN_POINT ( 'NONE',  ( 16.99661555379286426, 0.5568007978337239372, 3.000000000000000000 ) ) ;
#226 = CARTESIAN_POINT ( 'NONE',  ( -10.69679298535047174, 34.05543125800289772, -1.734723475976807094E-15 ) ) ;
#227 = CARTESIAN_POINT ( 'NONE',  ( 33.14893260252409135, 0.5568007978337239372, 0.000000000000000000 ) ) ;
#228 = EDGE_CURVE ( 'NONE', #778, #488, #285, .T. ) ;
#229 = EDGE_LOOP ( 'NONE', ( #1263, #1031 ) ) ;
#230 = DIRECTION ( 'NONE',  ( -0.7071067811865471286, 0.000000000000000000, -0.7071067811865479058 ) ) ;
#231 = AXIS2_PLACEMENT_3D ( 'NONE', #459, #1291, #29 ) ;
#232 = VECTOR ( 'NONE', #88, 1000.000000000000000 ) ;
#233 = PLANE ( 'NONE',  #1163 ) ;
#234 = EDGE_CURVE ( 'NONE', #727, #934, #1257, .T. ) ;
#235 = CARTESIAN_POINT ( 'NONE',  ( -13.75000000000000178, 29.94646910128566475, 0.7087082728592150049 ) ) ;
#236 = EDGE_CURVE ( 'NONE', #1092, #739, #634, .T. ) ;
#237 =( GEOMETRIC_REPRESENTATION_CONTEXT ( 3 ) GLOBAL_UNCERTAINTY_ASSIGNED_CONTEXT ( ( #371 ) ) GLOBAL_UNIT_ASSIGNED_CONTEXT ( ( #481, #487, #821 ) ) REPRESENTATION_CONTEXT ( 'NONE', 'WORKASPACE' ) );
#238 = VECTOR ( 'NONE', #255, 1000.000000000000000 ) ;
#239 = CARTESIAN_POINT ( 'NONE',  ( -19.73113512633064559, 15.99507132295698320, 3.000000000000000000 ) ) ;
#240 =( REPRESENTATION_RELATIONSHIP ('NONE','NONE', #1139, #242 ) REPRESENTATION_RELATIONSHIP_WITH_TRANSFORMATION ( #76 )SHAPE_REPRESENTATION_RELATIONSHIP( ) );
#241 = EDGE_CURVE ( 'NONE', #305, #1268, #1107, .T. ) ;
#242 = SHAPE_REPRESENTATION ( 'Robot 1_Odometry_Plat 1', ( #1036 ), #781 ) ;
#243 = ORIENTED_EDGE ( 'NONE', *, *, #82, .T. ) ;
#244 = CARTESIAN_POINT ( 'NONE',  ( 35.46146636254260898, 16.54271752636412174, 0.000000000000000000 ) ) ;
#245 = ADVANCED_FACE ( 'NONE', ( #273 ), #712, .F. ) ;
#246 = CARTESIAN_POINT ( 'NONE',  ( 6.000000000000000888, 7.347880794884120722E-16, 0.000000000000000000 ) ) ;
#247 = ORIENTED_EDGE ( 'NONE', *, *, #253, .F. ) ;
#248 = LINE ( 'NONE', #471, #1250 ) ;
#249 = DIRECTION ( 'NONE',  ( -0.7071067811865474617, 8.659560562354931626E-17, 0.7071067811865476838 ) ) ;
#250 = ORIENTED_EDGE ( 'NONE', *, *, #257, .F. ) ;
#251 = DIRECTION ( 'NONE',  ( 0.000000000000000000, 0.000000000000000000, 1.000000000000000000 ) ) ;
#252 = CARTESIAN_POINT ( 'NONE',  ( 33.14893260252409135, 0.5568007978337239372, 3.000000000000000000 ) ) ;
#253 = EDGE_CURVE ( 'NONE', #400, #727, #540, .T. ) ;
#254 = VERTEX_POINT ( 'NONE', #211 ) ;
#255 = DIRECTION ( 'NONE',  ( -0.000000000000000000, -0.000000000000000000, -1.000000000000000000 ) ) ;
#256 = DIRECTION ( 'NONE',  ( 0.000000000000000000, -0.000000000000000000, -1.000000000000000000 ) ) ;
#257 = EDGE_CURVE ( 'NONE', #739, #750, #1256, .T. ) ;
#258 = ORIENTED_EDGE ( 'NONE', *, *, #281, .F. ) ;
#259 = CARTESIAN_POINT ( 'NONE',  ( -16.98113512633064559, 15.99507132295698320, 3.000000000000000000 ) ) ;
#260 = DIRECTION ( 'NONE',  ( 1.000000000000000000, 0.000000000000000000, 0.000000000000000000 ) ) ;
#261 = CYLINDRICAL_SURFACE ( 'NONE', #1098, 9.000000000000001776 ) ;
#262 = DIRECTION ( 'NONE',  ( 0.7768163435563246733, -0.6297272174392513078, 0.000000000000000000 ) ) ;
#263 = CARTESIAN_POINT ( 'NONE',  ( 16.00000000000000000, 29.44999999999999929, 2.450000000000000178 ) ) ;
#264 = AXIS2_PLACEMENT_3D ( 'NONE', #215, #850, #1033 ) ;
#265 = CIRCLE ( 'NONE', #590, 2.250000000000000444 ) ;
#266 = VECTOR ( 'NONE', #1362, 999.9999999999998863 ) ;
#267 = ORIENTED_EDGE ( 'NONE', *, *, #648, .F. ) ;
#268 = CARTESIAN_POINT ( 'NONE',  ( 11.50000000000000000, 29.44999999999999929, 0.000000000000000000 ) ) ;
#269 = FACE_OUTER_BOUND ( 'NONE', #1327, .T. ) ;
#270 = EDGE_CURVE ( 'NONE', #224, #833, #932, .T. ) ;
#271 = DIRECTION ( 'NONE',  ( 0.7071067811865471286, 8.659560562354927928E-17, -0.7071067811865479058 ) ) ;
#272 = ADVANCED_FACE ( 'NONE', ( #643 ), #1366, .F. ) ;
#273 = FACE_OUTER_BOUND ( 'NONE', #1258, .T. ) ;
#274 = ORIENTED_EDGE ( 'NONE', *, *, #560, .T. ) ;
#275 = CARTESIAN_POINT ( 'NONE',  ( 13.75000000000000000, 29.44999999999999929, -1.734723475976807094E-15 ) ) ;
#276 =( NAMED_UNIT ( * ) SI_UNIT ( $, .STERADIAN. ) SOLID_ANGLE_UNIT ( ) );
#277 = ORIENTED_EDGE ( 'NONE', *, *, #878, .F. ) ;
#278 = DIRECTION ( 'NONE',  ( -1.000000000000000000, 0.000000000000000000, 0.000000000000000000 ) ) ;
#279 = EDGE_CURVE ( 'NONE', #69, #514, #969, .T. ) ;
#280 = DIRECTION ( 'NONE',  ( -1.000000000000000000, 0.000000000000000000, 0.000000000000000000 ) ) ;
#281 = EDGE_CURVE ( 'NONE', #752, #1061, #381, .T. ) ;
#282 = EDGE_LOOP ( 'NONE', ( #1231, #172, #875, #1155 ) ) ;
#283 = LINE ( 'NONE', #291, #1184 ) ;
#284 = AXIS2_PLACEMENT_3D ( 'NONE', #792, #898, #798 ) ;
#285 = B_SPLINE_CURVE_WITH_KNOTS ( 'NONE', 3,
 ( #1220, #621, #1115, #707 ),
 .UNSPECIFIED., .F., .F.,
 ( 4, 4 ),
 ( 1.336372446661398716E-06, 0.0005973766569445552272 ),
 .UNSPECIFIED. ) ;
#286 = ORIENTED_EDGE ( 'NONE', *, *, #75, .F. ) ;
#287 = PRODUCT_RELATED_PRODUCT_CATEGORY ( 'part', '', ( #646 ) ) ;
#288 = DIRECTION ( 'NONE',  ( -1.000000000000000000, 0.000000000000000000, 0.000000000000000000 ) ) ;
#289 = CARTESIAN_POINT ( 'NONE',  ( 15.95461813966269204, -19.56969290424477137, 3.000000000000000000 ) ) ;
#290 = ORIENTED_EDGE ( 'NONE', *, *, #1162, .F. ) ;
#291 = CARTESIAN_POINT ( 'NONE',  ( 13.75000000000000000, 34.45000000000000284, 3.000000000000000000 ) ) ;
#292 = AXIS2_PLACEMENT_3D ( 'NONE', #982, #881, #1175 ) ;
#293 = AXIS2_PLACEMENT_3D ( 'NONE', #93, #409, #1173 ) ;
#294 = EDGE_LOOP ( 'NONE', ( #624, #1172, #723, #213, #180 ) ) ;
#295 = CARTESIAN_POINT ( 'NONE',  ( -9.758708272859214716, 29.44999999999999929, -1.734723475976807094E-15 ) ) ;
#296 = DIRECTION ( 'NONE',  ( -1.000000000000000000, 0.000000000000000000, 0.000000000000000000 ) ) ;
#297 = ORIENTED_EDGE ( 'NONE', *, *, #1278, .T. ) ;
#298 = CYLINDRICAL_SURFACE ( 'NONE', #951, 5.999999999963302244 ) ;
#299 = ORIENTED_EDGE ( 'NONE', *, *, #1278, .F. ) ;
#300 = APPLICATION_CONTEXT ( 'automotive_design' ) ;
#301 = CARTESIAN_POINT ( 'NONE',  ( 19.73113512633064559, -15.99507132295698320, 2.954999999999988081 ) ) ;
#302 = FACE_OUTER_BOUND ( 'NONE', #1157, .T. ) ;
#303 = ORIENTED_EDGE ( 'NONE', *, *, #112, .T. ) ;
#304 = DIRECTION ( 'NONE',  ( 1.000000000000000000, 0.000000000000000000, 0.000000000000000000 ) ) ;
#305 = VERTEX_POINT ( 'NONE', #95 ) ;
#306 = ADVANCED_FACE ( 'NONE', ( #421 ), #956, .F. ) ;
#307 = DIRECTION ( 'NONE',  ( 1.000000000000000000, 0.000000000000000000, 0.000000000000000000 ) ) ;
#308 = DIRECTION ( 'NONE',  ( -1.000000000000000000, 1.778091562876226877E-15, 0.000000000000000000 ) ) ;
#309 = AXIS2_PLACEMENT_3D ( 'NONE', #252, #682, #974 ) ;
#310 = VECTOR ( 'NONE', #1181, 1000.000000000000000 ) ;
#311 = ORIENTED_EDGE ( 'NONE', *, *, #983, .F. ) ;
#312 = CARTESIAN_POINT ( 'NONE',  ( 13.75000000000000000, 29.44999999999999929, -1.734723475976807094E-15 ) ) ;
#313 = ORIENTED_EDGE ( 'NONE', *, *, #560, .F. ) ;
#314 = AXIS2_PLACEMENT_3D ( 'NONE', #811, #1230, #304 ) ;
#315 = CIRCLE ( 'NONE', #706, 2.250000000000000444 ) ;
#316 = AXIS2_PLACEMENT_3D ( 'NONE', #295, #735, #1135 ) ;
#317 = CARTESIAN_POINT ( 'NONE',  ( 16.48489132043131278, -19.99955957398982065, 0.000000000000000000 ) ) ;
#318 = CARTESIAN_POINT ( 'NONE',  ( -13.74999999999999645, 29.23359112734389953, 0.7087082728592140057 ) ) ;
#319 = CARTESIAN_POINT ( 'NONE',  ( -10.73259242481210585, 2.064330361852460882, 3.000000000000000000 ) ) ;
#320 = ORIENTED_EDGE ( 'NONE', *, *, #882, .T. ) ;
#321 = DIRECTION ( 'NONE',  ( -1.000000000000000000, 0.000000000000000000, 0.000000000000000000 ) ) ;
#322 = AXIS2_PLACEMENT_3D ( 'NONE', #1246, #1262, #323 ) ;
#323 = DIRECTION ( 'NONE',  ( 1.000000000000000000, 0.000000000000000000, 0.000000000000000000 ) ) ;
#324 = VERTEX_POINT ( 'NONE', #626 ) ;
#325 = EDGE_LOOP ( 'NONE', ( #18, #1049, #1281, #743, #824 ) ) ;
#326 = CIRCLE ( 'NONE', #26, 5.999999999963298691 ) ;
#327 = CARTESIAN_POINT ( 'NONE',  ( -12.62338242911331143, 32.62108762942121132, 0.4333011529190718969 ) ) ;
#328 = ORIENTED_EDGE ( 'NONE', *, *, #1364, .T. ) ;
#329 = EDGE_CURVE ( 'NONE', #219, #110, #690, .T. ) ;
#330 = ORIENTED_EDGE ( 'NONE', *, *, #1077, .F. ) ;
#331 = PRODUCT_DEFINITION_SHAPE ( 'NONE', 'NONE',  #1368 ) ;
#332 = CIRCLE ( 'NONE', #766, 6.000000000000000888 ) ;
#333 = VECTOR ( 'NONE', #841, 1000.000000000000000 ) ;
#334 = CARTESIAN_POINT ( 'NONE',  ( -10.92096227020814503, 33.96067114394546849, 0.04811093875677953380 ) ) ;
#335 = DIRECTION ( 'NONE',  ( 0.000000000000000000, 0.000000000000000000, 1.000000000000000000 ) ) ;
#336 = ORIENTED_EDGE ( 'NONE', *, *, #395, .T. ) ;
#337 = DIRECTION ( 'NONE',  ( 0.000000000000000000, 0.000000000000000000, 1.000000000000000000 ) ) ;
#338 = CYLINDRICAL_SURFACE ( 'NONE', #125, 5.999999999963302244 ) ;
#339 = DIRECTION ( 'NONE',  ( -0.000000000000000000, -0.000000000000000000, 1.000000000000000000 ) ) ;
#340 = EDGE_LOOP ( 'NONE', ( #764, #365, #453, #583, #916 ) ) ;
#341 = DIRECTION ( 'NONE',  ( -0.000000000000000000, -0.000000000000000000, 1.000000000000000000 ) ) ;
#342 = DIRECTION ( 'NONE',  ( -1.000000000000000000, 0.000000000000000000, 0.000000000000000000 ) ) ;
#343 = EDGE_LOOP ( 'NONE', ( #483, #1126 ) ) ;
#344 = EDGE_CURVE ( 'NONE', #750, #734, #497, .T. ) ;
#345 = ORIENTED_EDGE ( 'NONE', *, *, #513, .T. ) ;
#346 = CARTESIAN_POINT ( 'NONE',  ( -22.44710575146135412, 11.56071640217909291, 3.000000000000000000 ) ) ;
#347 = DIRECTION ( 'NONE',  ( 0.000000000000000000, 0.000000000000000000, 1.000000000000000000 ) ) ;
#348 = ORIENTED_EDGE ( 'NONE', *, *, #234, .F. ) ;
#349 = CARTESIAN_POINT ( 'NONE',  ( 13.75000000000000000, 29.44999999999999929, 2.999999999999999556 ) ) ;
#350 = AXIS2_PLACEMENT_3D ( 'NONE', #469, #43, #572 ) ;
#351 = DIRECTION ( 'NONE',  ( -1.000000000000000000, 0.000000000000000000, 0.000000000000000000 ) ) ;
#352 = CYLINDRICAL_SURFACE ( 'NONE', #1038, 9.000000000000005329 ) ;
#353 = CIRCLE ( 'NONE', #1294, 5.154999999999986038 ) ;
#354 = MECHANICAL_DESIGN_GEOMETRIC_PRESENTATION_REPRESENTATION (  '', ( #1295 ), #237 ) ;
#355 = CIRCLE ( 'NONE', #1128, 2.250000000000000444 ) ;
#356 = PRODUCT_DEFINITION_CONTEXT ( 'detailed design', #300, 'design' ) ;
#357 = LINE ( 'NONE', #990, #406 ) ;
#358 = ORIENTED_EDGE ( 'NONE', *, *, #474, .F. ) ;
#359 = CARTESIAN_POINT ( 'NONE',  ( -22.48113512633064204, 15.99507132295698320, 0.5499999999999983791 ) ) ;
#360 = CARTESIAN_POINT ( 'NONE',  ( 0.000000000000000000, 0.000000000000000000, 0.000000000000000000 ) ) ;
#361 = CARTESIAN_POINT ( 'NONE',  ( -13.74999999999999822, 34.45000000000000284, 3.000000000000000000 ) ) ;
#362 = EDGE_CURVE ( 'NONE', #224, #532, #1148, .T. ) ;
#363 = LINE ( 'NONE', #479, #615 ) ;
#364 = DIRECTION ( 'NONE',  ( 0.000000000000000000, 0.000000000000000000, 1.000000000000000000 ) ) ;
#365 = ORIENTED_EDGE ( 'NONE', *, *, #1314, .F. ) ;
#366 = DIRECTION ( 'NONE',  ( 1.000000000000000000, 0.000000000000000000, 0.000000000000000000 ) ) ;
#367 = ADVANCED_FACE ( 'NONE', ( #302 ), #754, .F. ) ;
#368 = DIRECTION ( 'NONE',  ( 0.000000000000000000, -0.000000000000000000, -1.000000000000000000 ) ) ;
#369 = EDGE_CURVE ( 'NONE', #891, #69, #757, .T. ) ;
#370 = LINE ( 'NONE', #494, #1255 ) ;
#371 = UNCERTAINTY_MEASURE_WITH_UNIT (LENGTH_MEASURE( 1.000000000000000082E-05 ), #481, 'distance_accuracy_value', 'NONE');
#372 = PLANE ( 'NONE',  #472 ) ;
#373 = ORIENTED_EDGE ( 'NONE', *, *, #1067, .T. ) ;
#374 = CARTESIAN_POINT ( 'NONE',  ( -12.00870827285921472, 29.44999999999999929, 2.999999999999999556 ) ) ;
#375 = CARTESIAN_POINT ( 'NONE',  ( 13.75000000000000000, 29.44999999999999929, 0.000000000000000000 ) ) ;
#376 = AXIS2_PLACEMENT_3D ( 'NONE', #839, #941, #1354 ) ;
#377 = CIRCLE ( 'NONE', #677, 2.250000000000000444 ) ;
#378 = CARTESIAN_POINT ( 'NONE',  ( -7.508708272859213828, 29.44999999999999929, 0.000000000000000000 ) ) ;
#379 = EDGE_CURVE ( 'NONE', #110, #1297, #1273, .T. ) ;
#380 = DIRECTION ( 'NONE',  ( -0.000000000000000000, 0.000000000000000000, -1.000000000000000000 ) ) ;
#381 = CIRCLE ( 'NONE', #565, 2.749999999999999112 ) ;
#382 = AXIS2_PLACEMENT_3D ( 'NONE', #884, #251, #1311 ) ;
#383 = ORIENTED_EDGE ( 'NONE', *, *, #510, .F. ) ;
#384 = CARTESIAN_POINT ( 'NONE',  ( 36.75000000000000000, 25.44999999999999929, 3.000000000000000000 ) ) ;
#385 = CARTESIAN_POINT ( 'NONE',  ( 0.000000000000000000, 0.000000000000000000, 0.000000000000000000 ) ) ;
#386 = ORIENTED_EDGE ( 'NONE', *, *, #642, .T. ) ;
#387 = PLANE ( 'NONE',  #787 ) ;
#388 = ADVANCED_FACE ( 'NONE', ( #534 ), #653, .F. ) ;
#389 = EDGE_CURVE ( 'NONE', #324, #888, #1151, .T. ) ;
#390 = ORIENTED_EDGE ( 'NONE', *, *, #1164, .T. ) ;
#391 = CARTESIAN_POINT ( 'NONE',  ( -19.73113512633064559, 15.99507132295698320, 2.954999999999989857 ) ) ;
#392 = APPLICATION_PROTOCOL_DEFINITION ( 'draft international standard', 'automotive_design', 1998, #1097 ) ;
#393 = EDGE_LOOP ( 'NONE', ( #718, #652, #1218, #34 ) ) ;
#394 = CARTESIAN_POINT ( 'NONE',  ( -5.058708272859214539, 29.44999999999999929, -1.734723475976807094E-15 ) ) ;
#395 = EDGE_CURVE ( 'NONE', #752, #907, #190, .T. ) ;
#396 = EDGE_LOOP ( 'NONE', ( #797, #1359, #810, #250, #91 ) ) ;
#397 = CARTESIAN_POINT ( 'NONE',  ( -10.69679298535047174, 34.05543125800289772, -1.734723475976807094E-15 ) ) ;
#398 = VECTOR ( 'NONE', #1102, 1000.000000000000000 ) ;
#399 = EDGE_CURVE ( 'NONE', #1150, #739, #529, .T. ) ;
#400 = VERTEX_POINT ( 'NONE', #768 ) ;
#401 = CYLINDRICAL_SURFACE ( 'NONE', #808, 2.250000000000000444 ) ;
#402 = CIRCLE ( 'NONE', #309, 16.15231704873122709 ) ;
#403 = CARTESIAN_POINT ( 'NONE',  ( 16.13061953460287157, -19.71236867261713144, 2.970257619823425177 ) ) ;
#404 = EDGE_LOOP ( 'NONE', ( #838, #782, #1037, #104, #991, #299 ) ) ;
#405 = FACE_OUTER_BOUND ( 'NONE', #1000, .T. ) ;
#406 = VECTOR ( 'NONE', #249, 1000.000000000000000 ) ;
#407 = EDGE_CURVE ( 'NONE', #465, #1269, #1191, .T. ) ;
#408 = ORIENTED_EDGE ( 'NONE', *, *, #867, .T. ) ;
#409 = DIRECTION ( 'NONE',  ( -0.000000000000000000, 0.000000000000000000, -1.000000000000000000 ) ) ;
#410 = CARTESIAN_POINT ( 'NONE',  ( 35.46146636254260898, 16.54271752636412174, 3.000000000000000000 ) ) ;
#411 = CARTESIAN_POINT ( 'NONE',  ( 4.240104813013434892, -10.07330686391814645, 0.000000000000000000 ) ) ;
#412 = DIRECTION ( 'NONE',  ( -1.000000000000000000, 0.000000000000000000, 0.000000000000000000 ) ) ;
#413 = ORIENTED_EDGE ( 'NONE', *, *, #1077, .T. ) ;
#414 = DIRECTION ( 'NONE',  ( -0.000000000000000000, -0.000000000000000000, -1.000000000000000000 ) ) ;
#415 = DIRECTION ( 'NONE',  ( -1.000000000000000000, -6.938893903907227392E-16, 0.000000000000000000 ) ) ;
#416 = CARTESIAN_POINT ( 'NONE',  ( -9.758708272859214716, 29.44999999999999929, 0.000000000000000000 ) ) ;
#417 = CARTESIAN_POINT ( 'NONE',  ( 4.240104813013437557, -10.07330686391814645, 3.000000000000000000 ) ) ;
#418 = ORIENTED_EDGE ( 'NONE', *, *, #119, .F. ) ;
#419 = EDGE_CURVE ( 'NONE', #324, #1092, #111, .T. ) ;
#420 = CYLINDRICAL_SURFACE ( 'NONE', #203, 5.154999999999987814 ) ;
#421 = FACE_OUTER_BOUND ( 'NONE', #49, .T. ) ;
#422 = AXIS2_PLACEMENT_3D ( 'NONE', #980, #126, #1189 ) ;
#423 = DIRECTION ( 'NONE',  ( -0.000000000000000000, -0.000000000000000000, -1.000000000000000000 ) ) ;
#424 = ADVANCED_FACE ( 'NONE', ( #1174 ), #338, .F. ) ;
#425 = ORIENTED_EDGE ( 'NONE', *, *, #725, .F. ) ;
#426 = AXIS2_PLACEMENT_3D ( 'NONE', #722, #182, #280 ) ;
#427 = VECTOR ( 'NONE', #262, 1000.000000000000114 ) ;
#428 = CARTESIAN_POINT ( 'NONE',  ( -8.749999999999998224, 34.45000000000000284, 0.000000000000000000 ) ) ;
#429 = DIRECTION ( 'NONE',  ( 0.000000000000000000, 0.000000000000000000, 1.000000000000000000 ) ) ;
#430 = ORIENTED_EDGE ( 'NONE', *, *, #399, .T. ) ;
#431 = EDGE_CURVE ( 'NONE', #1265, #465, #1014, .T. ) ;
#432 = ORIENTED_EDGE ( 'NONE', *, *, #959, .F. ) ;
#433 = ORIENTED_EDGE ( 'NONE', *, *, #163, .F. ) ;
#434 = CARTESIAN_POINT ( 'NONE',  ( -13.74999999999999645, 28.37176777210452983, 0.5703380212216790923 ) ) ;
#435 = AXIS2_PLACEMENT_3D ( 'NONE', #25, #790, #1275 ) ;
#436 = ORIENTED_EDGE ( 'NONE', *, *, #460, .F. ) ;
#437 = ORIENTED_EDGE ( 'NONE', *, *, #431, .T. ) ;
#438 = DIRECTION ( 'NONE',  ( -0.7071067811865473507, 0.000000000000000000, -0.7071067811865477948 ) ) ;
#439 = DIRECTION ( 'NONE',  ( 1.000000000000000000, 0.000000000000000000, 0.000000000000000000 ) ) ;
#440 = APPLICATION_CONTEXT ( 'automotive_design' ) ;
#441 = AXIS2_PLACEMENT_3D ( 'NONE', #171, #1306, #490 ) ;
#442 = EDGE_LOOP ( 'NONE', ( #616, #77, #201, #66 ) ) ;
#443 = EDGE_CURVE ( 'NONE', #488, #733, #248, .T. ) ;
#444 = AXIS2_PLACEMENT_3D ( 'NONE', #837, #742, #1136 ) ;
#445 = AXIS2_PLACEMENT_3D ( 'NONE', #1348, #549, #958 ) ;
#446 = CIRCLE ( 'NONE', #566, 4.699999999999999289 ) ;
#447 = LINE ( 'NONE', #1025, #197 ) ;
#448 = ADVANCED_BREP_SHAPE_REPRESENTATION ( '', ( #208, #1036 ), #781 ) ;
#449 = CARTESIAN_POINT ( 'NONE',  ( -8.923646900576807539, -1.169840157383031265, 0.000000000000000000 ) ) ;
#450 = EDGE_LOOP ( 'NONE', ( #457, #868 ) ) ;
#451 = CARTESIAN_POINT ( 'NONE',  ( -12.00870827285921472, 29.44999999999999929, 2.450000000000000178 ) ) ;
#452 = CARTESIAN_POINT ( 'NONE',  ( -14.06536466053520762, 21.15007132295697900, 3.000000000000000000 ) ) ;
#453 = ORIENTED_EDGE ( 'NONE', *, *, #228, .T. ) ;
#454 = CARTESIAN_POINT ( 'NONE',  ( 36.75000000000000000, 25.44999999999999929, 3.000000000000000000 ) ) ;
#455 = FACE_OUTER_BOUND ( 'NONE', #1361, .T. ) ;
#456 = EDGE_CURVE ( 'NONE', #856, #1310, #1073, .T. ) ;
#457 = ORIENTED_EDGE ( 'NONE', *, *, #42, .T. ) ;
#458 = CARTESIAN_POINT ( 'NONE',  ( -18.75000000000000000, 26.15007132295698256, 0.000000000000000000 ) ) ;
#459 = CARTESIAN_POINT ( 'NONE',  ( 33.14893260252409135, 0.5568007978337239372, 3.000000000000000000 ) ) ;
#460 = EDGE_CURVE ( 'NONE', #1092, #588, #670, .T. ) ;
#461 = VECTOR ( 'NONE', #1081, 1000.000000000000000 ) ;
#462 = DIRECTION ( 'NONE',  ( -1.000000000000000000, 0.000000000000000000, 0.000000000000000000 ) ) ;
#463 = LINE ( 'NONE', #12, #1363 ) ;
#464 = EDGE_CURVE ( 'NONE', #1303, #1297, #889, .T. ) ;
#465 = VERTEX_POINT ( 'NONE', #962 ) ;
#466 = CARTESIAN_POINT ( 'NONE',  ( 6.000000000000000888, 7.347880794884120722E-16, 3.000000000000000000 ) ) ;
#467 = EDGE_CURVE ( 'NONE', #1297, #110, #52, .T. ) ;
#468 = SHAPE_DEFINITION_REPRESENTATION ( #506, #242 ) ;
#469 = CARTESIAN_POINT ( 'NONE',  ( 33.14893260252409135, 0.5568007978337239372, 0.000000000000000000 ) ) ;
#470 = ORIENTED_EDGE ( 'NONE', *, *, #419, .T. ) ;
#471 = CARTESIAN_POINT ( 'NONE',  ( 22.97737893222998196, -11.99058307192413864, 3.000000000000000000 ) ) ;
#472 = AXIS2_PLACEMENT_3D ( 'NONE', #1233, #380, #591 ) ;
#473 = DIRECTION ( 'NONE',  ( -1.000000000000000000, 0.000000000000000000, 0.000000000000000000 ) ) ;
#474 = EDGE_CURVE ( 'NONE', #903, #977, #955, .T. ) ;
#475 = ORIENTED_EDGE ( 'NONE', *, *, #279, .F. ) ;
#476 = CARTESIAN_POINT ( 'NONE',  ( -19.73113512633064559, 21.15007132295697545, 0.000000000000000000 ) ) ;
#477 = DIRECTION ( 'NONE',  ( -0.000000000000000000, -0.000000000000000000, 1.000000000000000000 ) ) ;
#478 = LINE ( 'NONE', #1307, #802 ) ;
#479 = CARTESIAN_POINT ( 'NONE',  ( 30.75000000003669598, 25.44999999999999929, 3.000000000000000000 ) ) ;
#480 = ADVANCED_FACE ( 'NONE', ( #551 ), #222, .T. ) ;
#481 =( LENGTH_UNIT ( ) NAMED_UNIT ( * ) SI_UNIT ( .MILLI., .METRE. ) );
#482 = ADVANCED_FACE ( 'NONE', ( #1065 ), #352, .T. ) ;
#483 = ORIENTED_EDGE ( 'NONE', *, *, #1305, .T. ) ;
#484 = CARTESIAN_POINT ( 'NONE',  ( -13.74999999999999822, 34.45000000000000284, 3.000000000000000000 ) ) ;
#485 = CARTESIAN_POINT ( 'NONE',  ( 4.240104813013437557, -10.07330686391814645, 0.000000000000000000 ) ) ;
#486 = DIRECTION ( 'NONE',  ( -0.000000000000000000, -0.000000000000000000, 1.000000000000000000 ) ) ;
#487 =( NAMED_UNIT ( * ) PLANE_ANGLE_UNIT ( ) SI_UNIT ( $, .RADIAN. ) );
#488 = VERTEX_POINT ( 'NONE', #1165 ) ;
#489 = FACE_OUTER_BOUND ( 'NONE', #393, .T. ) ;
#490 = DIRECTION ( 'NONE',  ( 1.000000000000000000, 0.000000000000000000, 0.000000000000000000 ) ) ;
#491 = VERTEX_POINT ( 'NONE', #218 ) ;
#492 = AXIS2_PLACEMENT_3D ( 'NONE', #312, #1044, #90 ) ;
#493 = AXIS2_PLACEMENT_3D ( 'NONE', #114, #555, #11 ) ;
#494 = CARTESIAN_POINT ( 'NONE',  ( 36.75000000000000000, 34.45000000000000284, 3.000000000000000000 ) ) ;
#495 = AXIS2_PLACEMENT_3D ( 'NONE', #391, #1222, #531 ) ;
#496 = PRESENTATION_LAYER_ASSIGNMENT (  '', '', ( #1295 ) ) ;
#497 = CIRCLE ( 'NONE', #1078, 5.000000000000000888 ) ;
#498 = AXIS2_PLACEMENT_3D ( 'NONE', #625, #533, #78 ) ;
#499 = ORIENTED_EDGE ( 'NONE', *, *, #1314, .T. ) ;
#500 = DIRECTION ( 'NONE',  ( -1.000000000000000000, 0.000000000000000000, 0.000000000000000000 ) ) ;
#501 = APPLICATION_PROTOCOL_DEFINITION ( 'draft international standard', 'automotive_design', 1998, #300 ) ;
#502 = ORIENTED_EDGE ( 'NONE', *, *, #1286, .T. ) ;
#503 = LINE ( 'NONE', #1326, #427 ) ;
#504 = EDGE_CURVE ( 'NONE', #715, #818, #1206, .T. ) ;
#505 = DIRECTION ( 'NONE',  ( -1.000000000000000000, -0.000000000000000000, -0.000000000000000000 ) ) ;
#506 = PRODUCT_DEFINITION_SHAPE ( 'NONE', 'NONE',  #1240 ) ;
#507 = EDGE_LOOP ( 'NONE', ( #737, #964 ) ) ;
#508 = CARTESIAN_POINT ( 'NONE',  ( -6.000000000000000888, 0.000000000000000000, 3.000000000000000000 ) ) ;
#509 = ORIENTED_EDGE ( 'NONE', *, *, #973, .F. ) ;
#510 = EDGE_CURVE ( 'NONE', #977, #491, #447, .T. ) ;
#511 = CARTESIAN_POINT ( 'NONE',  ( 0.000000000000000000, 0.000000000000000000, 0.000000000000000000 ) ) ;
#512 = DIRECTION ( 'NONE',  ( 1.000000000000000000, 0.000000000000000000, 0.000000000000000000 ) ) ;
#513 = EDGE_CURVE ( 'NONE', #7, #588, #620, .T. ) ;
#514 = VERTEX_POINT ( 'NONE', #894 ) ;
#515 = DIRECTION ( 'NONE',  ( 1.000000000000000000, 0.000000000000000000, 0.000000000000000000 ) ) ;
#516 = AXIS2_PLACEMENT_3D ( 'NONE', #1194, #1201, #571 ) ;
#517 = EDGE_CURVE ( 'NONE', #970, #7, #377, .T. ) ;
#518 = ORIENTED_EDGE ( 'NONE', *, *, #407, .T. ) ;
#519 = LINE ( 'NONE', #1244, #333 ) ;
#520 = PRODUCT_DEFINITION_FORMATION_WITH_SPECIFIED_SOURCE ( 'ANY', '', #1228, .NOT_KNOWN. ) ;
#521 = DIRECTION ( 'NONE',  ( 0.000000000000000000, 0.000000000000000000, 1.000000000000000000 ) ) ;
#522 = VECTOR ( 'NONE', #1158, 1000.000000000000000 ) ;
#523 = EDGE_LOOP ( 'NONE', ( #1145, #846, #960, #185 ) ) ;
#524 = FACE_OUTER_BOUND ( 'NONE', #953, .T. ) ;
#525 = CIRCLE ( 'NONE', #435, 5.200000000000000178 ) ;
#526 = VECTOR ( 'NONE', #783, 1000.000000000000000 ) ;
#527 = ORIENTED_EDGE ( 'NONE', *, *, #949, .F. ) ;
#528 = CARTESIAN_POINT ( 'NONE',  ( 24.93113512633064488, -15.99507132295698320, 3.000000000000000000 ) ) ;
#529 = LINE ( 'NONE', #939, #559 ) ;
#530 = DIRECTION ( 'NONE',  ( -0.000000000000000000, -0.000000000000000000, -1.000000000000000000 ) ) ;
#531 = DIRECTION ( 'NONE',  ( 1.000000000000000000, 0.000000000000000000, 0.000000000000000000 ) ) ;
#532 = VERTEX_POINT ( 'NONE', #181 ) ;
#533 = DIRECTION ( 'NONE',  ( -0.000000000000000000, -0.000000000000000000, -1.000000000000000000 ) ) ;
#534 = FACE_OUTER_BOUND ( 'NONE', #1005, .T. ) ;
#535 = EDGE_CURVE ( 'NONE', #715, #1108, #363, .T. ) ;
#536 = CYLINDRICAL_SURFACE ( 'NONE', #705, 2.749999999999999112 ) ;
#537 = CIRCLE ( 'NONE', #986, 2.749999999999999112 ) ;
#538 = ORIENTED_EDGE ( 'NONE', *, *, #899, .F. ) ;
#539 = CARTESIAN_POINT ( 'NONE',  ( -18.75000000000000000, 21.15007132295697900, 0.000000000000000000 ) ) ;
#540 = LINE ( 'NONE', #1047, #202 ) ;
#541 =( REPRESENTATION_RELATIONSHIP ('NONE','NONE', #1139, #242 ) REPRESENTATION_RELATIONSHIP_WITH_TRANSFORMATION ( #600 )SHAPE_REPRESENTATION_RELATIONSHIP( ) );
#542 = AXIS2_PLACEMENT_3D ( 'NONE', #1223, #140, #578 ) ;
#543 = EDGE_LOOP ( 'NONE', ( #1068, #921, #274, #1224 ) ) ;
#544 = ORIENTED_EDGE ( 'NONE', *, *, #329, .T. ) ;
#545 = AXIS2_PLACEMENT_3D ( 'NONE', #724, #1216, #515 ) ;
#546 = COLOUR_RGB ( '',0.7921568627450980005, 0.8196078431372548767, 0.9333333333333333481 ) ;
#547 = AXIS2_PLACEMENT_3D ( 'NONE', #1300, #152, #1129 ) ;
#548 = DIRECTION ( 'NONE',  ( 1.000000000000000000, 0.000000000000000000, 0.000000000000000000 ) ) ;
#549 = DIRECTION ( 'NONE',  ( -0.000000000000000000, -0.000000000000000000, -1.000000000000000000 ) ) ;
#550 = ORIENTED_EDGE ( 'NONE', *, *, #767, .F. ) ;
#551 = FACE_OUTER_BOUND ( 'NONE', #214, .T. ) ;
#552 = DIRECTION ( 'NONE',  ( -0.000000000000000000, -0.000000000000000000, -1.000000000000000000 ) ) ;
#553 = VERTEX_POINT ( 'NONE', #1198 ) ;
#554 = ORIENTED_EDGE ( 'NONE', *, *, #535, .T. ) ;
#555 = DIRECTION ( 'NONE',  ( 0.000000000000000000, 0.000000000000000000, 1.000000000000000000 ) ) ;
#556 = CARTESIAN_POINT ( 'NONE',  ( 36.75000000000000000, 25.44999999999999929, 0.000000000000000000 ) ) ;
#557 = EDGE_CURVE ( 'NONE', #936, #897, #355, .T. ) ;
#558 = AXIS2_PLACEMENT_3D ( 'NONE', #1144, #1247, #636 ) ;
#559 = VECTOR ( 'NONE', #1352, 1000.000000000000000 ) ;
#560 = EDGE_CURVE ( 'NONE', #219, #1303, #1365, .T. ) ;
#561 = ORIENTED_EDGE ( 'NONE', *, *, #535, .F. ) ;
#562 = CARTESIAN_POINT ( 'NONE',  ( 1.091468725817184016, -13.95738858169976737, 3.000000000000000000 ) ) ;
#563 = EDGE_CURVE ( 'NONE', #903, #923, #59, .T. ) ;
#564 = LINE ( 'NONE', #452, #697 ) ;
#565 = AXIS2_PLACEMENT_3D ( 'NONE', #736, #1347, #548 ) ;
#566 = AXIS2_PLACEMENT_3D ( 'NONE', #1147, #194, #204 ) ;
#567 = ORIENTED_EDGE ( 'NONE', *, *, #602, .F. ) ;
#568 = DIRECTION ( 'NONE',  ( -0.000000000000000000, -0.000000000000000000, 1.000000000000000000 ) ) ;
#569 = DIRECTION ( 'NONE',  ( 0.000000000000000000, 0.000000000000000000, 1.000000000000000000 ) ) ;
#570 = ORIENTED_EDGE ( 'NONE', *, *, #362, .T. ) ;
#571 = DIRECTION ( 'NONE',  ( -1.000000000000000000, 0.000000000000000000, 0.000000000000000000 ) ) ;
#572 = DIRECTION ( 'NONE',  ( -1.000000000000000000, 0.000000000000000000, 0.000000000000000000 ) ) ;
#573 = CARTESIAN_POINT ( 'NONE',  ( -9.758708272859214716, 29.44999999999999929, -1.734723475976807094E-15 ) ) ;
#574 = CARTESIAN_POINT ( 'NONE',  ( 0.000000000000000000, 0.000000000000000000, 3.000000000000000000 ) ) ;
#575 = EDGE_CURVE ( 'NONE', #69, #465, #1079, .T. ) ;
#576 = EDGE_LOOP ( 'NONE', ( #1193, #598 ) ) ;
#577 = LINE ( 'NONE', #466, #526 ) ;
#578 = DIRECTION ( 'NONE',  ( -1.000000000000000000, -5.551115123125781470E-17, -1.165157893541940519E-16 ) ) ;
#579 = CARTESIAN_POINT ( 'NONE',  ( 9.049999999999998934, 29.44999999999999929, -1.734723475976807094E-15 ) ) ;
#580 = AXIS2_PLACEMENT_3D ( 'NONE', #562, #689, #1298 ) ;
#581 = DIRECTION ( 'NONE',  ( -0.000000000000000000, -0.000000000000000000, -1.000000000000000000 ) ) ;
#582 = CARTESIAN_POINT ( 'NONE',  ( 16.48489132043130923, -19.99955957398982420, 2.954999999999988081 ) ) ;
#583 = ORIENTED_EDGE ( 'NONE', *, *, #443, .T. ) ;
#584 = CIRCLE ( 'NONE', #858, 5.999999999963298691 ) ;
#585 = LINE ( 'NONE', #259, #398 ) ;
#586 = DIRECTION ( 'NONE',  ( 1.000000000000000000, 0.000000000000000000, 0.000000000000000000 ) ) ;
#587 = LINE ( 'NONE', #673, #1248 ) ;
#588 = VERTEX_POINT ( 'NONE', #1114 ) ;
#589 = DIRECTION ( 'NONE',  ( -0.000000000000000000, -0.000000000000000000, -1.000000000000000000 ) ) ;
#590 = AXIS2_PLACEMENT_3D ( 'NONE', #89, #530, #940 ) ;
#591 = DIRECTION ( 'NONE',  ( -1.000000000000000000, 0.000000000000000000, 0.000000000000000000 ) ) ;
#592 = ADVANCED_FACE ( 'NONE', ( #1120 ), #387, .F. ) ;
#593 = ORIENTED_EDGE ( 'NONE', *, *, #389, .T. ) ;
#594 = CARTESIAN_POINT ( 'NONE',  ( -19.73113512633064559, 21.15007132295697545, 3.000000000000000000 ) ) ;
#595 =( LENGTH_UNIT ( ) NAMED_UNIT ( * ) SI_UNIT ( .MILLI., .METRE. ) );
#596 = CARTESIAN_POINT ( 'NONE',  ( -19.73113512633064559, 15.99507132295698320, 4.336808689942017736E-16 ) ) ;
#597 = DIRECTION ( 'NONE',  ( -0.000000000000000000, -0.000000000000000000, -1.000000000000000000 ) ) ;
#598 = ORIENTED_EDGE ( 'NONE', *, *, #379, .F. ) ;
#599 = DIRECTION ( 'NONE',  ( 1.000000000000000000, 0.000000000000000000, 0.000000000000000000 ) ) ;
#600 = ITEM_DEFINED_TRANSFORMATION ( 'NONE', 'NONE', #1180,  #1036 ) ;
#601 = ORIENTED_EDGE ( 'NONE', *, *, #241, .T. ) ;
#602 = EDGE_CURVE ( 'NONE', #532, #1150, #370, .T. ) ;
#603 = CARTESIAN_POINT ( 'NONE',  ( -9.758708272859214716, 29.44999999999999929, 2.450000000000000178 ) ) ;
#604 = EDGE_CURVE ( 'NONE', #1268, #491, #887, .T. ) ;
#605 = FACE_BOUND ( 'NONE', #507, .T. ) ;
#606 = EDGE_CURVE ( 'NONE', #897, #7, #720, .T. ) ;
#607 = EDGE_CURVE ( 'NONE', #627, #219, #694, .T. ) ;
#608 = ORIENTED_EDGE ( 'NONE', *, *, #75, .T. ) ;
#609 = CARTESIAN_POINT ( 'NONE',  ( 42.74999999996329336, 25.44999999999999929, 0.000000000000000000 ) ) ;
#610 = ORIENTED_EDGE ( 'NONE', *, *, #1364, .F. ) ;
#611 =( GEOMETRIC_REPRESENTATION_CONTEXT ( 3 ) GLOBAL_UNCERTAINTY_ASSIGNED_CONTEXT ( ( #1332 ) ) GLOBAL_UNIT_ASSIGNED_CONTEXT ( ( #595, #1321, #276 ) ) REPRESENTATION_CONTEXT ( 'NONE', 'WORKASPACE' ) );
#612 = DIRECTION ( 'NONE',  ( -0.000000000000000000, -0.000000000000000000, -1.000000000000000000 ) ) ;
#613 = CARTESIAN_POINT ( 'NONE',  ( -19.73113512633064559, 15.99507132295698320, 3.000000000000000000 ) ) ;
#614 = AXIS2_PLACEMENT_3D ( 'NONE', #905, #623, #67 ) ;
#615 = VECTOR ( 'NONE', #1315, 1000.000000000000000 ) ;
#616 = ORIENTED_EDGE ( 'NONE', *, *, #607, .F. ) ;
#617 = CYLINDRICAL_SURFACE ( 'NONE', #785, 5.000000000000000888 ) ;
#618 = ORIENTED_EDGE ( 'NONE', *, *, #54, .T. ) ;
#619 = EDGE_CURVE ( 'NONE', #907, #1101, #819, .T. ) ;
#620 = LINE ( 'NONE', #394, #967 ) ;
#621 = CARTESIAN_POINT ( 'NONE',  ( 22.67103931748399859, -11.73750356105636783, 2.970297940515164825 ) ) ;
#622 = ORIENTED_EDGE ( 'NONE', *, *, #1125, .T. ) ;
#623 = DIRECTION ( 'NONE',  ( -0.000000000000000000, -0.000000000000000000, -1.000000000000000000 ) ) ;
#624 = ORIENTED_EDGE ( 'NONE', *, *, #169, .F. ) ;
#625 = CARTESIAN_POINT ( 'NONE',  ( -19.73113512633064559, 15.99507132295698675, 3.000000000000000000 ) ) ;
#626 = CARTESIAN_POINT ( 'NONE',  ( -13.74999999999999822, 29.44999999999999929, 0.7087082728592142278 ) ) ;
#627 = VERTEX_POINT ( 'NONE', #1096 ) ;
#628 = DIRECTION ( 'NONE',  ( -1.000000000000000000, 0.000000000000000000, 0.000000000000000000 ) ) ;
#629 = ORIENTED_EDGE ( 'NONE', *, *, #1324, .T. ) ;
#630 = FACE_OUTER_BOUND ( 'NONE', #543, .T. ) ;
#631 = CIRCLE ( 'NONE', #668, 5.000000000000000888 ) ;
#632 = AXIS2_PLACEMENT_3D ( 'NONE', #772, #568, #135 ) ;
#633 = DIRECTION ( 'NONE',  ( 0.000000000000000000, 0.000000000000000000, -1.000000000000000000 ) ) ;
#634 = CIRCLE ( 'NONE', #702, 5.000000000000000888 ) ;
#635 = CYLINDRICAL_SURFACE ( 'NONE', #139, 2.250000000000000444 ) ;
#636 = DIRECTION ( 'NONE',  ( 1.000000000000000000, 0.000000000000000000, 0.000000000000000000 ) ) ;
#637 = EDGE_CURVE ( 'NONE', #175, #1055, #728, .T. ) ;
#638 = AXIS2_PLACEMENT_3D ( 'NONE', #556, #569, #796 ) ;
#639 = CIRCLE ( 'NONE', #86, 5.154999999999989591 ) ;
#640 = EDGE_LOOP ( 'NONE', ( #1190, #509, #756, #117, #1277, #618, #1208, #629, #610, #168, #499, #978, #570, #622, #1330, #644, #1024 ) ) ;
#641 = FACE_OUTER_BOUND ( 'NONE', #984, .T. ) ;
#642 = EDGE_CURVE ( 'NONE', #1045, #137, #1019, .T. ) ;
#643 = FACE_OUTER_BOUND ( 'NONE', #294, .T. ) ;
#644 = ORIENTED_EDGE ( 'NONE', *, *, #899, .T. ) ;
#645 = ORIENTED_EDGE ( 'NONE', *, *, #918, .F. ) ;
#646 = PRODUCT ( 'Robot 1_Odometry_Plat 1', 'Robot 1_Odometry_Plat 1', '', ( #164 ) ) ;
#647 = FACE_OUTER_BOUND ( 'NONE', #193, .T. ) ;
#648 = EDGE_CURVE ( 'NONE', #491, #514, #503, .T. ) ;
#649 = DIRECTION ( 'NONE',  ( -0.000000000000000000, -0.000000000000000000, 1.000000000000000000 ) ) ;
#650 = ORIENTED_EDGE ( 'NONE', *, *, #464, .F. ) ;
#651 = CIRCLE ( 'NONE', #925, 2.250000000000000444 ) ;
#652 = ORIENTED_EDGE ( 'NONE', *, *, #1110, .F. ) ;
#653 = PLANE ( 'NONE',  #906 ) ;
#654 = EDGE_LOOP ( 'NONE', ( #854, #927, #708, #840 ) ) ;
#655 = ORIENTED_EDGE ( 'NONE', *, *, #602, .T. ) ;
#656 = CONICAL_SURFACE ( 'NONE', #33, 5.200000000000000178, 0.7853981633974481680 ) ;
#657 = ADVANCED_FACE ( 'NONE', ( #917, #704, #1106, #1331, #159, #45 ), #1226, .T. ) ;
#658 = CARTESIAN_POINT ( 'NONE',  ( 1.091468725817184016, -13.95738858169976737, 0.000000000000000000 ) ) ;
#659 = ORIENTED_EDGE ( 'NONE', *, *, #253, .T. ) ;
#660 = ORIENTED_EDGE ( 'NONE', *, *, #389, .F. ) ;
#661 = ORIENTED_EDGE ( 'NONE', *, *, #870, .F. ) ;
#662 = DIRECTION ( 'NONE',  ( -1.000000000000000000, 0.000000000000000000, 0.000000000000000000 ) ) ;
#663 = CARTESIAN_POINT ( 'NONE',  ( 0.000000000000000000, 0.000000000000000000, 0.000000000000000000 ) ) ;
#664 = ORIENTED_EDGE ( 'NONE', *, *, #407, .F. ) ;
#665 = DIRECTION ( 'NONE',  ( -0.000000000000000000, -0.000000000000000000, 1.000000000000000000 ) ) ;
#666 = DIRECTION ( 'NONE',  ( -1.000000000000000000, 0.000000000000000000, 0.000000000000000000 ) ) ;
#667 = CARTESIAN_POINT ( 'NONE',  ( 33.14893260252409135, 0.5568007978337239372, 3.000000000000000000 ) ) ;
#668 = AXIS2_PLACEMENT_3D ( 'NONE', #886, #141, #351 ) ;
#669 = B_SPLINE_CURVE_WITH_KNOTS ( 'NONE', 3,
 ( #1088, #1197, #805, #784 ),
 .UNSPECIFIED., .F., .F.,
 ( 4, 4 ),
 ( 0.001296597879622200626, 0.001977441243340718590 ),
 .UNSPECIFIED. ) ;
#670 = CIRCLE ( 'NONE', #1146, 4.699999999999999289 ) ;
#671 = ORIENTED_EDGE ( 'NONE', *, *, #1305, .F. ) ;
#672 = CARTESIAN_POINT ( 'NONE',  ( -19.04851151115165209, 21.15007132295697900, 3.000000000000000000 ) ) ;
#673 = CARTESIAN_POINT ( 'NONE',  ( -13.74999999999999822, 29.44999999999999929, 3.000000000000000000 ) ) ;
#674 = CONICAL_SURFACE ( 'NONE', #314, 5.200000000000000178, 0.7853981633974481680 ) ;
#675 = AXIS2_PLACEMENT_3D ( 'NONE', #227, #1074, #473 ) ;
#676 = ORIENTED_EDGE ( 'NONE', *, *, #1050, .T. ) ;
#677 = AXIS2_PLACEMENT_3D ( 'NONE', #603, #589, #278 ) ;
#678 = CARTESIAN_POINT ( 'NONE',  ( -13.04560775718961807, 32.02044971022608166, 0.5343645995902324142 ) ) ;
#679 = FACE_OUTER_BOUND ( 'NONE', #654, .T. ) ;
#680 = ORIENTED_EDGE ( 'NONE', *, *, #109, .T. ) ;
#681 = DIRECTION ( 'NONE',  ( 0.7071067811865474617, 0.000000000000000000, 0.7071067811865476838 ) ) ;
#682 = DIRECTION ( 'NONE',  ( -0.000000000000000000, -0.000000000000000000, -1.000000000000000000 ) ) ;
#683 = ADVANCED_FACE ( 'NONE', ( #647 ), #924, .T. ) ;
#684 = CARTESIAN_POINT ( 'NONE',  ( -22.62310714640153364, 11.70339217055145298, 2.970257619823426509 ) ) ;
#685 = EDGE_CURVE ( 'NONE', #897, #936, #315, .T. ) ;
#686 = CONICAL_SURFACE ( 'NONE', #322, 5.200000000000000178, 0.7853981633974481680 ) ;
#687 = CARTESIAN_POINT ( 'NONE',  ( 18.45000000000000284, 29.44999999999999929, -1.734723475976807094E-15 ) ) ;
#688 = ORIENTED_EDGE ( 'NONE', *, *, #221, .T. ) ;
#689 = DIRECTION ( 'NONE',  ( -0.000000000000000000, -0.000000000000000000, -1.000000000000000000 ) ) ;
#690 = LINE ( 'NONE', #157, #1012 ) ;
#691 = DIRECTION ( 'NONE',  ( 0.000000000000000000, 0.000000000000000000, 1.000000000000000000 ) ) ;
#692 = ADVANCED_FACE ( 'NONE', ( #630 ), #401, .F. ) ;
#693 = ORIENTED_EDGE ( 'NONE', *, *, #761, .F. ) ;
#694 = LINE ( 'NONE', #910, #730 ) ;
#695 = FACE_OUTER_BOUND ( 'NONE', #55, .T. ) ;
#696 = ORIENTED_EDGE ( 'NONE', *, *, #949, .T. ) ;
#697 = VECTOR ( 'NONE', #871, 1000.000000000000000 ) ;
#698 = LINE ( 'NONE', #1209, #759 ) ;
#699 = DIRECTION ( 'NONE',  ( 0.7071067811865473507, 8.659560562354931626E-17, -0.7071067811865477948 ) ) ;
#700 = CARTESIAN_POINT ( 'NONE',  ( 15.95461813966269204, -19.56969290424477137, 3.000000000000000000 ) ) ;
#701 = EDGE_CURVE ( 'NONE', #930, #829, #753, .T. ) ;
#702 = AXIS2_PLACEMENT_3D ( 'NONE', #72, #1213, #926 ) ;
#703 = EDGE_CURVE ( 'NONE', #934, #1268, #639, .T. ) ;
#704 = FACE_BOUND ( 'NONE', #229, .T. ) ;
#705 = AXIS2_PLACEMENT_3D ( 'NONE', #207, #339, #5 ) ;
#706 = AXIS2_PLACEMENT_3D ( 'NONE', #943, #1346, #99 ) ;
#707 = CARTESIAN_POINT ( 'NONE',  ( 22.97737893222998196, -11.99058307192413864, 2.954999999999989857 ) ) ;
#708 = ORIENTED_EDGE ( 'NONE', *, *, #1261, .T. ) ;
#709 = DIRECTION ( 'NONE',  ( -0.000000000000000000, -0.000000000000000000, 1.000000000000000000 ) ) ;
#710 = ORIENTED_EDGE ( 'NONE', *, *, #701, .T. ) ;
#711 = DIRECTION ( 'NONE',  ( -0.000000000000000000, -0.000000000000000000, -1.000000000000000000 ) ) ;
#712 = CYLINDRICAL_SURFACE ( 'NONE', #806, 2.749999999999999112 ) ;
#713 = B_SPLINE_CURVE_WITH_KNOTS ( 'NONE', 3,
 ( #1227, #1333, #403, #289 ),
 .UNSPECIFIED., .F., .F.,
 ( 4, 4 ),
 ( 2.569010384104804621E-07, 0.0006843621511472745920 ),
 .UNSPECIFIED. ) ;
#714 = APPLICATION_CONTEXT ( 'automotive_design' ) ;
#715 = VERTEX_POINT ( 'NONE', #937 ) ;
#716 = CARTESIAN_POINT ( 'NONE',  ( 42.74999999996329336, 25.44999999999999929, 3.000000000000000000 ) ) ;
#717 = SHAPE_REPRESENTATION_RELATIONSHIP ( 'NONE' , 'NONE' ,  #242, #448 ) ;
#718 = ORIENTED_EDGE ( 'NONE', *, *, #395, .F. ) ;
#719 = EDGE_CURVE ( 'NONE', #936, #970, #519, .T. ) ;
#720 = LINE ( 'NONE', #378, #238 ) ;
#721 = CIRCLE ( 'NONE', #1288, 5.200000000000000178 ) ;
#722 = CARTESIAN_POINT ( 'NONE',  ( -8.749999999999998224, 29.44999999999999929, 3.000000000000000000 ) ) ;
#723 = ORIENTED_EDGE ( 'NONE', *, *, #510, .T. ) ;
#724 = CARTESIAN_POINT ( 'NONE',  ( 19.73113512633064559, -15.99507132295698320, 4.336808689942017736E-16 ) ) ;
#725 = EDGE_CURVE ( 'NONE', #514, #21, #836, .T. ) ;
#726 = APPLICATION_PROTOCOL_DEFINITION ( 'draft international standard', 'automotive_design', 1998, #440 ) ;
#727 = VERTEX_POINT ( 'NONE', #539 ) ;
#728 = LINE ( 'NONE', #1212, #107 ) ;
#729 = FACE_BOUND ( 'NONE', #1341, .T. ) ;
#730 = VECTOR ( 'NONE', #612, 1000.000000000000000 ) ;
#731 = ORIENTED_EDGE ( 'NONE', *, *, #200, .F. ) ;
#732 = DIRECTION ( 'NONE',  ( -1.000000000000000000, -0.000000000000000000, -0.000000000000000000 ) ) ;
#733 = VERTEX_POINT ( 'NONE', #1338 ) ;
#734 = VERTEX_POINT ( 'NONE', #825 ) ;
#735 = DIRECTION ( 'NONE',  ( -0.000000000000000000, -0.000000000000000000, -1.000000000000000000 ) ) ;
#736 = CARTESIAN_POINT ( 'NONE',  ( 19.73113512633064559, -15.99507132295698320, 4.336808689942017736E-16 ) ) ;
#737 = ORIENTED_EDGE ( 'NONE', *, *, #642, .F. ) ;
#738 = DIRECTION ( 'NONE',  ( -1.000000000000000000, 0.000000000000000000, 0.000000000000000000 ) ) ;
#739 = VERTEX_POINT ( 'NONE', #428 ) ;
#740 = DIRECTION ( 'NONE',  ( -1.000000000000000000, 0.000000000000000000, 0.000000000000000000 ) ) ;
#741 = EDGE_CURVE ( 'NONE', #1161, #1271, #1238, .T. ) ;
#742 = DIRECTION ( 'NONE',  ( -0.000000000000000000, -0.000000000000000000, -1.000000000000000000 ) ) ;
#743 = ORIENTED_EDGE ( 'NONE', *, *, #6, .T. ) ;
#744 = DIRECTION ( 'NONE',  ( -0.000000000000000000, -0.000000000000000000, -1.000000000000000000 ) ) ;
#745 = ORIENTED_EDGE ( 'NONE', *, *, #1067, .F. ) ;
#746 = CARTESIAN_POINT ( 'NONE',  ( -8.749999999999998224, 34.45000000000000284, 3.000000000000000000 ) ) ;
#747 = AXIS2_PLACEMENT_3D ( 'NONE', #658, #24, #666 ) ;
#748 = CARTESIAN_POINT ( 'NONE',  ( -8.923646900576807539, -1.169840157383031265, 3.000000000000000000 ) ) ;
#749 = AXIS2_PLACEMENT_3D ( 'NONE', #275, #170, #500 ) ;
#750 = VERTEX_POINT ( 'NONE', #746 ) ;
#751 = CONICAL_SURFACE ( 'NONE', #316, 4.699999999999999289, 0.7853981633974477239 ) ;
#752 = VERTEX_POINT ( 'NONE', #948 ) ;
#753 = LINE ( 'NONE', #528, #131 ) ;
#754 = CYLINDRICAL_SURFACE ( 'NONE', #444, 6.000000000000000888 ) ;
#755 = ORIENTED_EDGE ( 'NONE', *, *, #186, .T. ) ;
#756 = ORIENTED_EDGE ( 'NONE', *, *, #563, .F. ) ;
#757 = LINE ( 'NONE', #748, #522 ) ;
#758 = FACE_OUTER_BOUND ( 'NONE', #340, .T. ) ;
#759 = VECTOR ( 'NONE', #681, 1000.000000000000000 ) ;
#760 = EDGE_LOOP ( 'NONE', ( #688, #608 ) ) ;
#761 = EDGE_CURVE ( 'NONE', #488, #829, #911, .T. ) ;
#762 = DIRECTION ( 'NONE',  ( -1.000000000000000000, 0.000000000000000000, 0.000000000000000000 ) ) ;
#763 = ADVANCED_FACE ( 'NONE', ( #210 ), #420, .T. ) ;
#764 = ORIENTED_EDGE ( 'NONE', *, *, #741, .F. ) ;
#765 = ORIENTED_EDGE ( 'NONE', *, *, #103, .T. ) ;
#766 = AXIS2_PLACEMENT_3D ( 'NONE', #574, #347, #860 ) ;
#767 = EDGE_CURVE ( 'NONE', #588, #888, #446, .T. ) ;
#768 = CARTESIAN_POINT ( 'NONE',  ( -18.75000000000000000, 21.15007132295697900, 3.000000000000000000 ) ) ;
#769 = CARTESIAN_POINT ( 'NONE',  ( -13.74999999999999822, 34.45000000000000284, 0.000000000000000000 ) ) ;
#770 = EDGE_LOOP ( 'NONE', ( #1137, #217, #710, #693, #862, #303 ) ) ;
#771 = CARTESIAN_POINT ( 'NONE',  ( 19.73113512633064559, -15.99507132295698320, 3.000000000000000000 ) ) ;
#772 = CARTESIAN_POINT ( 'NONE',  ( -19.73113512633064559, 15.99507132295698320, 4.336808689942017736E-16 ) ) ;
#773 = EDGE_CURVE ( 'NONE', #1265, #1055, #849, .T. ) ;
#774 = CARTESIAN_POINT ( 'NONE',  ( -6.000000000000000888, 0.000000000000000000, 0.000000000000000000 ) ) ;
#775 = ORIENTED_EDGE ( 'NONE', *, *, #257, .T. ) ;
#776 = DIRECTION ( 'NONE',  ( 1.000000000000000000, 0.000000000000000000, 0.000000000000000000 ) ) ;
#777 = DIRECTION ( 'NONE',  ( 0.000000000000000000, 0.000000000000000000, -1.000000000000000000 ) ) ;
#778 = VERTEX_POINT ( 'NONE', #1259 ) ;
#779 = CARTESIAN_POINT ( 'NONE',  ( -13.37385868463098859, 31.36816301461472278, 0.6146728669618382046 ) ) ;
#780 = DIRECTION ( 'NONE',  ( -0.000000000000000000, -0.000000000000000000, 1.000000000000000000 ) ) ;
#781 =( GEOMETRIC_REPRESENTATION_CONTEXT ( 3 ) GLOBAL_UNCERTAINTY_ASSIGNED_CONTEXT ( ( #188 ) ) GLOBAL_UNIT_ASSIGNED_CONTEXT ( ( #993, #915, #793 ) ) REPRESENTATION_CONTEXT ( 'NONE', 'WORKASPACE' ) );
#782 = ORIENTED_EDGE ( 'NONE', *, *, #1164, .F. ) ;
#783 = DIRECTION ( 'NONE',  ( -0.000000000000000000, -0.000000000000000000, -1.000000000000000000 ) ) ;
#784 = CARTESIAN_POINT ( 'NONE',  ( -19.04851151115165209, 21.15007132295697900, 3.000000000000000000 ) ) ;
#785 = AXIS2_PLACEMENT_3D ( 'NONE', #817, #1342, #738 ) ;
#786 = AXIS2_PLACEMENT_3D ( 'NONE', #239, #1085, #1293 ) ;
#787 = AXIS2_PLACEMENT_3D ( 'NONE', #1219, #63, #50 ) ;
#788 = ORIENTED_EDGE ( 'NONE', *, *, #6, .F. ) ;
#789 = CARTESIAN_POINT ( 'NONE',  ( -13.16534699200942704, 31.80884069538970138, 0.5635096128954562023 ) ) ;
#790 = DIRECTION ( 'NONE',  ( -0.000000000000000000, -0.000000000000000000, 1.000000000000000000 ) ) ;
#791 = ORIENTED_EDGE ( 'NONE', *, *, #938, .F. ) ;
#792 = CARTESIAN_POINT ( 'NONE',  ( 19.73113512633064559, -15.99507132295698320, 0.5499999999999983791 ) ) ;
#793 =( NAMED_UNIT ( * ) SI_UNIT ( $, .STERADIAN. ) SOLID_ANGLE_UNIT ( ) );
#794 = DIRECTION ( 'NONE',  ( -0.000000000000000000, -0.000000000000000000, -1.000000000000000000 ) ) ;
#795 = DIRECTION ( 'NONE',  ( -0.000000000000000000, -0.000000000000000000, -1.000000000000000000 ) ) ;
#796 = DIRECTION ( 'NONE',  ( 1.000000000000000000, 0.000000000000000000, 0.000000000000000000 ) ) ;
#797 = ORIENTED_EDGE ( 'NONE', *, *, #419, .F. ) ;
#798 = DIRECTION ( 'NONE',  ( 1.000000000000000000, 0.000000000000000000, 0.000000000000000000 ) ) ;
#799 = DIRECTION ( 'NONE',  ( 1.000000000000000000, 0.000000000000000000, 0.000000000000000000 ) ) ;
#800 = CARTESIAN_POINT ( 'NONE',  ( -19.73113512633064559, 15.99507132295698675, 0.000000000000000000 ) ) ;
#801 = EDGE_LOOP ( 'NONE', ( #1186, #1122, #127, #518 ) ) ;
#802 = VECTOR ( 'NONE', #1203, 999.9999999999998863 ) ;
#803 = LINE ( 'NONE', #268, #1225 ) ;
#804 = VECTOR ( 'NONE', #438, 999.9999999999998863 ) ;
#805 = CARTESIAN_POINT ( 'NONE',  ( -19.27341248663170603, 21.15007132295697900, 2.970476400588561550 ) ) ;
#806 = AXIS2_PLACEMENT_3D ( 'NONE', #613, #1021, #64 ) ;
#807 = DIRECTION ( 'NONE',  ( 0.000000000000000000, 0.000000000000000000, 1.000000000000000000 ) ) ;
#808 = AXIS2_PLACEMENT_3D ( 'NONE', #187, #414, #1032 ) ;
#809 = SURFACE_STYLE_FILL_AREA ( #1130 ) ;
#810 = ORIENTED_EDGE ( 'NONE', *, *, #344, .F. ) ;
#811 = CARTESIAN_POINT ( 'NONE',  ( 19.73113512633064559, -15.99507132295698320, 3.000000000000000000 ) ) ;
#812 = ADVANCED_FACE ( 'NONE', ( #641 ), #1153, .F. ) ;
#813 = ORIENTED_EDGE ( 'NONE', *, *, #761, .T. ) ;
#814 = DIRECTION ( 'NONE',  ( 1.000000000000000000, 0.000000000000000000, 0.000000000000000000 ) ) ;
#815 = CARTESIAN_POINT ( 'NONE',  ( 0.000000000000000000, 0.000000000000000000, 0.000000000000000000 ) ) ;
#816 = ORIENTED_EDGE ( 'NONE', *, *, #241, .F. ) ;
#817 = CARTESIAN_POINT ( 'NONE',  ( -13.88122851200836472, -1.819751355929159153, 3.000000000000000000 ) ) ;
#818 = VERTEX_POINT ( 'NONE', #87 ) ;
#819 = LINE ( 'NONE', #173, #179 ) ;
#820 = CIRCLE ( 'NONE', #284, 2.749999999999999112 ) ;
#821 =( NAMED_UNIT ( * ) SI_UNIT ( $, .STERADIAN. ) SOLID_ANGLE_UNIT ( ) );
#822 = ORIENTED_EDGE ( 'NONE', *, *, #369, .F. ) ;
#823 = CARTESIAN_POINT ( 'NONE',  ( 22.48113512633064204, -15.99507132295698320, 4.336808689942017736E-16 ) ) ;
#824 = ORIENTED_EDGE ( 'NONE', *, *, #773, .T. ) ;
#825 = CARTESIAN_POINT ( 'NONE',  ( -13.74999999999999822, 29.44999999999999929, 3.000000000000000000 ) ) ;
#826 = AXIS2_PLACEMENT_3D ( 'NONE', #663, #364, #439 ) ;
#827 = ORIENTED_EDGE ( 'NONE', *, *, #379, .T. ) ;
#828 = DIRECTION ( 'NONE',  ( -0.000000000000000000, -0.000000000000000000, -1.000000000000000000 ) ) ;
#829 = VERTEX_POINT ( 'NONE', #1069 ) ;
#830 = DIRECTION ( 'NONE',  ( 0.000000000000000000, 0.000000000000000000, 1.000000000000000000 ) ) ;
#831 = ADVANCED_FACE ( 'NONE', ( #1232 ), #751, .F. ) ;
#832 = DIRECTION ( 'NONE',  ( -0.000000000000000000, -0.000000000000000000, -1.000000000000000000 ) ) ;
#833 = VERTEX_POINT ( 'NONE', #244 ) ;
#834 = DIRECTION ( 'NONE',  ( -0.000000000000000000, -0.000000000000000000, -1.000000000000000000 ) ) ;
#835 = ORIENTED_EDGE ( 'NONE', *, *, #773, .F. ) ;
#836 = LINE ( 'NONE', #931, #1276 ) ;
#837 = CARTESIAN_POINT ( 'NONE',  ( 0.000000000000000000, 0.000000000000000000, 3.000000000000000000 ) ) ;
#838 = ORIENTED_EDGE ( 'NONE', *, *, #82, .F. ) ;
#839 = CARTESIAN_POINT ( 'NONE',  ( -18.75000000000000000, 26.15007132295698256, 3.000000000000000000 ) ) ;
#840 = ORIENTED_EDGE ( 'NONE', *, *, #270, .F. ) ;
#841 = DIRECTION ( 'NONE',  ( -0.000000000000000000, -0.000000000000000000, -1.000000000000000000 ) ) ;
#842 = CIRCLE ( 'NONE', #1071, 5.200000000000000178 ) ;
#843 = AXIS2_PLACEMENT_3D ( 'NONE', #1170, #975, #762 ) ;
#844 = CARTESIAN_POINT ( 'NONE',  ( -13.74999999999999822, 27.35406457416090120, 0.2037847656505341609 ) ) ;
#845 = VECTOR ( 'NONE', #922, 1000.000000000000000 ) ;
#846 = ORIENTED_EDGE ( 'NONE', *, *, #119, .T. ) ;
#847 = AXIS2_PLACEMENT_3D ( 'NONE', #800, #166, #288 ) ;
#848 = EDGE_LOOP ( 'NONE', ( #80, #664, #220, #788 ) ) ;
#849 = LINE ( 'NONE', #317, #266 ) ;
#850 = DIRECTION ( 'NONE',  ( 0.6297272174392513078, 0.7768163435563246733, -0.000000000000000000 ) ) ;
#851 = EDGE_CURVE ( 'NONE', #1055, #733, #13, .T. ) ;
#852 = CARTESIAN_POINT ( 'NONE',  ( -7.508708272859213828, 29.44999999999999929, 2.450000000000000178 ) ) ;
#853 = ORIENTED_EDGE ( 'NONE', *, *, #221, .F. ) ;
#854 = ORIENTED_EDGE ( 'NONE', *, *, #1182, .F. ) ;
#855 = CARTESIAN_POINT ( 'NONE',  ( -13.74999999999999467, 27.75025699883334696, 0.3798159063103294097 ) ) ;
#856 = VERTEX_POINT ( 'NONE', #41 ) ;
#857 = VERTEX_POINT ( 'NONE', #359 ) ;
#858 = AXIS2_PLACEMENT_3D ( 'NONE', #1299, #691, #1095 ) ;
#859 = CARTESIAN_POINT ( 'NONE',  ( -11.75147876805783298, 33.45617821141050285, 0.2318842536412127897 ) ) ;
#860 = DIRECTION ( 'NONE',  ( 1.000000000000000000, 0.000000000000000000, 0.000000000000000000 ) ) ;
#861 = VECTOR ( 'NONE', #649, 1000.000000000000000 ) ;
#862 = ORIENTED_EDGE ( 'NONE', *, *, #228, .F. ) ;
#863 = AXIS2_PLACEMENT_3D ( 'NONE', #20, #552, #1171 ) ;
#864 = VECTOR ( 'NONE', #123, 1000.000000000000000 ) ;
#865 = CARTESIAN_POINT ( 'NONE',  ( -11.13690806662154564, 33.85019857637464469, 0.09519620484033067265 ) ) ;
#866 = CARTESIAN_POINT ( 'NONE',  ( 6.000000000000000888, 7.347880794884120722E-16, 3.000000000000000000 ) ) ;
#867 = EDGE_CURVE ( 'NONE', #970, #324, #985, .T. ) ;
#868 = ORIENTED_EDGE ( 'NONE', *, *, #997, .T. ) ;
#869 = CARTESIAN_POINT ( 'NONE',  ( -19.73113512633064559, 15.99507132295698320, 0.5499999999999983791 ) ) ;
#870 = EDGE_CURVE ( 'NONE', #137, #1249, #577, .T. ) ;
#871 = DIRECTION ( 'NONE',  ( -1.000000000000000000, -0.000000000000000000, -0.000000000000000000 ) ) ;
#872 = CARTESIAN_POINT ( 'NONE',  ( -12.12365334690546526, 33.14821602284071389, 0.3167104624955093817 ) ) ;
#873 = DIRECTION ( 'NONE',  ( 0.000000000000000000, -1.000000000000000000, 0.000000000000000000 ) ) ;
#874 = PRODUCT_DEFINITION ( 'UNKNOWN', '', #520, #356 ) ;
#875 = ORIENTED_EDGE ( 'NONE', *, *, #719, .T. ) ;
#876 = DIRECTION ( 'NONE',  ( 0.000000000000000000, 0.000000000000000000, 1.000000000000000000 ) ) ;
#877 = CIRCLE ( 'NONE', #580, 5.000000000000000000 ) ;
#878 = EDGE_CURVE ( 'NONE', #191, #923, #698, .T. ) ;
#879 = DIRECTION ( 'NONE',  ( 1.000000000000000000, 0.000000000000000000, 0.000000000000000000 ) ) ;
#880 = CARTESIAN_POINT ( 'NONE',  ( -19.73113512633064559, 15.99507132295698675, 3.000000000000000000 ) ) ;
#881 = DIRECTION ( 'NONE',  ( -0.000000000000000000, -0.000000000000000000, 1.000000000000000000 ) ) ;
#882 = EDGE_CURVE ( 'NONE', #1108, #1034, #326, .T. ) ;
#883 = EDGE_LOOP ( 'NONE', ( #313, #544, #827, #650 ) ) ;
#884 = CARTESIAN_POINT ( 'NONE',  ( 19.73113512633064559, -15.99507132295697964, 0.000000000000000000 ) ) ;
#885 = CARTESIAN_POINT ( 'NONE',  ( 19.73113512633064559, -15.99507132295698320, 3.000000000000000000 ) ) ;
#886 = CARTESIAN_POINT ( 'NONE',  ( -13.88122851200836472, -1.819751355929159153, 3.000000000000000000 ) ) ;
#887 = CIRCLE ( 'NONE', #847, 5.154999999999989591 ) ;
#888 = VERTEX_POINT ( 'NONE', #138 ) ;
#889 = LINE ( 'NONE', #1072, #804 ) ;
#890 = CARTESIAN_POINT ( 'NONE',  ( 36.75000000000000000, 25.44999999999999929, 0.000000000000000000 ) ) ;
#891 = VERTEX_POINT ( 'NONE', #1304 ) ;
#892 = DIRECTION ( 'NONE',  ( -0.000000000000000000, -0.000000000000000000, -1.000000000000000000 ) ) ;
#893 = DIRECTION ( 'NONE',  ( -0.000000000000000000, -0.000000000000000000, 1.000000000000000000 ) ) ;
#894 = CARTESIAN_POINT ( 'NONE',  ( -10.73259242481210585, 2.064330361852460882, 0.000000000000000000 ) ) ;
#895 = SURFACE_SIDE_STYLE ('',( #809 ) ) ;
#896 = EDGE_CURVE ( 'NONE', #1310, #191, #585, .T. ) ;
#897 = VERTEX_POINT ( 'NONE', #28 ) ;
#898 = DIRECTION ( 'NONE',  ( -0.000000000000000000, -0.000000000000000000, 1.000000000000000000 ) ) ;
#899 = EDGE_CURVE ( 'NONE', #734, #1177, #1109, .T. ) ;
#900 = CYLINDRICAL_SURFACE ( 'NONE', #8, 2.250000000000000444 ) ;
#901 = DIRECTION ( 'NONE',  ( -1.000000000000000000, 0.000000000000000000, 0.000000000000000000 ) ) ;
#902 = CYLINDRICAL_SURFACE ( 'NONE', #426, 5.000000000000000888 ) ;
#903 = VERTEX_POINT ( 'NONE', #1187 ) ;
#904 = CONICAL_SURFACE ( 'NONE', #492, 4.700000000000001066, 0.7853981633974480570 ) ;
#905 = CARTESIAN_POINT ( 'NONE',  ( 1.091468725817184016, -13.95738858169976737, 3.000000000000000000 ) ) ;
#906 = AXIS2_PLACEMENT_3D ( 'NONE', #1142, #944, #1057 ) ;
#907 = VERTEX_POINT ( 'NONE', #133 ) ;
#908 = CIRCLE ( 'NONE', #545, 2.749999999999999112 ) ;
#909 = VECTOR ( 'NONE', #505, 1000.000000000000000 ) ;
#910 = CARTESIAN_POINT ( 'NONE',  ( 16.00000000000000000, 29.44999999999999929, 0.000000000000000000 ) ) ;
#911 = CIRCLE ( 'NONE', #1325, 5.154999999999986038 ) ;
#912 = FACE_BOUND ( 'NONE', #450, .T. ) ;
#913 = ORIENTED_EDGE ( 'NONE', *, *, #851, .T. ) ;
#914 = CARTESIAN_POINT ( 'NONE',  ( 16.99661555379286426, 0.5568007978337239372, 3.000000000000000000 ) ) ;
#915 =( NAMED_UNIT ( * ) PLANE_ANGLE_UNIT ( ) SI_UNIT ( $, .RADIAN. ) );
#916 = ORIENTED_EDGE ( 'NONE', *, *, #163, .T. ) ;
#917 = FACE_BOUND ( 'NONE', #343, .T. ) ;
#918 = EDGE_CURVE ( 'NONE', #907, #930, #820, .T. ) ;
#919 = DIRECTION ( 'NONE',  ( -0.000000000000000000, -0.000000000000000000, 1.000000000000000000 ) ) ;
#920 = EDGE_CURVE ( 'NONE', #1269, #1168, #877, .T. ) ;
#921 = ORIENTED_EDGE ( 'NONE', *, *, #607, .T. ) ;
#922 = DIRECTION ( 'NONE',  ( -0.000000000000000000, -0.000000000000000000, -1.000000000000000000 ) ) ;
#923 = VERTEX_POINT ( 'NONE', #971 ) ;
#924 = CYLINDRICAL_SURFACE ( 'NONE', #498, 5.154999999999989591 ) ;
#925 = AXIS2_PLACEMENT_3D ( 'NONE', #349, #744, #412 ) ;
#926 = DIRECTION ( 'NONE',  ( -1.000000000000000000, 0.000000000000000000, 0.000000000000000000 ) ) ;
#927 = ORIENTED_EDGE ( 'NONE', *, *, #741, .T. ) ;
#928 = LINE ( 'NONE', #1030, #177 ) ;
#929 = ORIENTED_EDGE ( 'NONE', *, *, #65, .T. ) ;
#930 = VERTEX_POINT ( 'NONE', #1087 ) ;
#931 = CARTESIAN_POINT ( 'NONE',  ( -10.73259242481210940, 2.064330361852462659, 3.000000000000000000 ) ) ;
#932 = LINE ( 'NONE', #410, #129 ) ;
#933 = CIRCLE ( 'NONE', #85, 9.000000000000001776 ) ;
#934 = VERTEX_POINT ( 'NONE', #476 ) ;
#935 = FACE_OUTER_BOUND ( 'NONE', #848, .T. ) ;
#936 = VERTEX_POINT ( 'NONE', #374 ) ;
#937 = CARTESIAN_POINT ( 'NONE',  ( 30.75000000003669598, 25.44999999999999929, 3.000000000000000000 ) ) ;
#938 = EDGE_CURVE ( 'NONE', #1303, #219, #1267, .T. ) ;
#939 = CARTESIAN_POINT ( 'NONE',  ( -13.74999999999999822, 34.45000000000000284, 0.000000000000000000 ) ) ;
#940 = DIRECTION ( 'NONE',  ( -1.000000000000000000, 0.000000000000000000, 0.000000000000000000 ) ) ;
#941 = DIRECTION ( 'NONE',  ( -0.000000000000000000, -0.000000000000000000, -1.000000000000000000 ) ) ;
#942 = ORIENTED_EDGE ( 'NONE', *, *, #1125, .F. ) ;
#943 = CARTESIAN_POINT ( 'NONE',  ( -9.758708272859214716, 29.44999999999999929, 2.999999999999999556 ) ) ;
#944 = DIRECTION ( 'NONE',  ( 1.000000000000000000, 0.000000000000000000, -0.000000000000000000 ) ) ;
#945 = EDGE_CURVE ( 'NONE', #7, #970, #1337, .T. ) ;
#946 = ORIENTED_EDGE ( 'NONE', *, *, #945, .F. ) ;
#947 = VERTEX_POINT ( 'NONE', #672 ) ;
#948 = CARTESIAN_POINT ( 'NONE',  ( 16.98113512633064559, -15.99507132295698320, 4.336808689942017736E-16 ) ) ;
#949 = EDGE_CURVE ( 'NONE', #553, #934, #979, .T. ) ;
#950 = DIRECTION ( 'NONE',  ( 0.000000000000000000, 0.000000000000000000, 1.000000000000000000 ) ) ;
#951 = AXIS2_PLACEMENT_3D ( 'NONE', #384, #834, #1138 ) ;
#952 = AXIS2_PLACEMENT_3D ( 'NONE', #815, #53, #512 ) ;
#953 = EDGE_LOOP ( 'NONE', ( #142, #1284, #554, #1355 ) ) ;
#954 = ORIENTED_EDGE ( 'NONE', *, *, #504, .F. ) ;
#955 = B_SPLINE_CURVE_WITH_KNOTS ( 'NONE', 3,
 ( #346, #684, #1272, #981 ),
 .UNSPECIFIED., .F., .F.,
 ( 4, 4 ),
 ( 1.531738181650835549E-06, 0.0006856369882905196181 ),
 .UNSPECIFIED. ) ;
#956 = CYLINDRICAL_SURFACE ( 'NONE', #1320, 5.000000000000000888 ) ;
#957 = EDGE_CURVE ( 'NONE', #98, #1303, #803, .T. ) ;
#958 = DIRECTION ( 'NONE',  ( -1.000000000000000000, 0.000000000000000000, 0.000000000000000000 ) ) ;
#959 = EDGE_CURVE ( 'NONE', #857, #191, #537, .T. ) ;
#960 = ORIENTED_EDGE ( 'NONE', *, *, #959, .T. ) ;
#961 = EDGE_LOOP ( 'NONE', ( #1229, #1054, #408, #470, #1336 ) ) ;
#962 = CARTESIAN_POINT ( 'NONE',  ( 0.7016584665967612322, -8.972606945378421628, 0.000000000000000000 ) ) ;
#963 = CARTESIAN_POINT ( 'NONE',  ( 19.73113512633064559, -15.99507132295698320, 3.000000000000000000 ) ) ;
#964 = ORIENTED_EDGE ( 'NONE', *, *, #109, .F. ) ;
#965 = CIRCLE ( 'NONE', #196, 5.154999999999989591 ) ;
#966 = DIRECTION ( 'NONE',  ( -1.000000000000000000, 0.000000000000000000, 0.000000000000000000 ) ) ;
#967 = VECTOR ( 'NONE', #271, 1000.000000000000000 ) ;
#968 = DIRECTION ( 'NONE',  ( 0.000000000000000000, -1.000000000000000000, 0.000000000000000000 ) ) ;
#969 = CIRCLE ( 'NONE', #1040, 5.000000000000000888 ) ;
#970 = VERTEX_POINT ( 'NONE', #451 ) ;
#971 = CARTESIAN_POINT ( 'NONE',  ( -14.53113512633064452, 15.99507132295698320, 3.000000000000000000 ) ) ;
#972 = AXIS2_PLACEMENT_3D ( 'NONE', #771, #665, #1046 ) ;
#973 = EDGE_CURVE ( 'NONE', #923, #947, #721, .T. ) ;
#974 = DIRECTION ( 'NONE',  ( -1.000000000000000000, 0.000000000000000000, 0.000000000000000000 ) ) ;
#975 = DIRECTION ( 'NONE',  ( -0.000000000000000000, -0.000000000000000000, -1.000000000000000000 ) ) ;
#976 = CARTESIAN_POINT ( 'NONE',  ( -19.73113512633064559, 21.15007132295697900, 3.000000000000000000 ) ) ;
#977 = VERTEX_POINT ( 'NONE', #1178 ) ;
#978 = ORIENTED_EDGE ( 'NONE', *, *, #1182, .T. ) ;
#979 = LINE ( 'NONE', #594, #461 ) ;
#980 = CARTESIAN_POINT ( 'NONE',  ( -9.758708272859214716, 29.44999999999999929, 0.000000000000000000 ) ) ;
#981 = CARTESIAN_POINT ( 'NONE',  ( -22.97737893222997840, 11.99058307192414397, 2.954999999999984084 ) ) ;
#982 = CARTESIAN_POINT ( 'NONE',  ( 19.73113512633064559, -15.99507132295698320, 0.5499999999999983791 ) ) ;
#983 = EDGE_CURVE ( 'NONE', #727, #254, #1053, .T. ) ;
#984 = EDGE_LOOP ( 'NONE', ( #258, #336, #1241, #1167 ) ) ;
#985 = LINE ( 'NONE', #1093, #1105 ) ;
#986 = AXIS2_PLACEMENT_3D ( 'NONE', #869, #709, #16 ) ;
#987 = CARTESIAN_POINT ( 'NONE',  ( 0.000000000000000000, 0.000000000000000000, 0.000000000000000000 ) ) ;
#988 = CYLINDRICAL_SURFACE ( 'NONE', #422, 2.250000000000000444 ) ;
#989 = DIRECTION ( 'NONE',  ( -0.000000000000000000, -0.000000000000000000, -1.000000000000000000 ) ) ;
#990 = CARTESIAN_POINT ( 'NONE',  ( -24.93113512633064488, 15.99507132295698320, 3.000000000000000000 ) ) ;
#991 = ORIENTED_EDGE ( 'NONE', *, *, #1286, .F. ) ;
#992 = CARTESIAN_POINT ( 'NONE',  ( -9.758708272859214716, 29.44999999999999929, 2.450000000000000178 ) ) ;
#993 =( LENGTH_UNIT ( ) NAMED_UNIT ( * ) SI_UNIT ( .MILLI., .METRE. ) );
#994 = DIRECTION ( 'NONE',  ( 0.000000000000000000, -1.000000000000000000, 0.000000000000000000 ) ) ;
#995 = CIRCLE ( 'NONE', #826, 6.000000000000000888 ) ;
#996 = DIRECTION ( 'NONE',  ( -0.000000000000000000, -0.000000000000000000, -1.000000000000000000 ) ) ;
#997 = EDGE_CURVE ( 'NONE', #627, #98, #651, .T. ) ;
#998 = FILL_AREA_STYLE_COLOUR ( '', #546 ) ;
#999 = ADVANCED_FACE ( 'NONE', ( #935 ), #1013, .F. ) ;
#1000 = EDGE_LOOP ( 'NONE', ( #661, #680, #373, #286 ) ) ;
#1001 = DIRECTION ( 'NONE',  ( 0.000000000000000000, 0.000000000000000000, 1.000000000000000000 ) ) ;
#1002 = DIRECTION ( 'NONE',  ( 1.000000000000000000, 0.000000000000000000, 0.000000000000000000 ) ) ;
#1003 = CARTESIAN_POINT ( 'NONE',  ( -16.98113512633064559, 15.99507132295698320, 4.336808689942017736E-16 ) ) ;
#1004 = CARTESIAN_POINT ( 'NONE',  ( 0.000000000000000000, 0.000000000000000000, 3.000000000000000000 ) ) ;
#1005 = EDGE_LOOP ( 'NONE', ( #1112, #593, #765, #413, #538 ) ) ;
#1006 = CARTESIAN_POINT ( 'NONE',  ( 36.75000000000000000, 34.45000000000000284, 0.000000000000000000 ) ) ;
#1007 = ORIENTED_EDGE ( 'NONE', *, *, #767, .T. ) ;
#1008 = CARTESIAN_POINT ( 'NONE',  ( -19.73113512633064559, 15.99507132295698320, 3.000000000000000000 ) ) ;
#1009 = FACE_OUTER_BOUND ( 'NONE', #640, .T. ) ;
#1010 = ADVANCED_FACE ( 'NONE', ( #489 ), #1349, .F. ) ;
#1011 = ORIENTED_EDGE ( 'NONE', *, *, #867, .F. ) ;
#1012 = VECTOR ( 'NONE', #699, 999.9999999999998863 ) ;
#1013 = CYLINDRICAL_SURFACE ( 'NONE', #614, 5.000000000000000000 ) ;
#1014 = CIRCLE ( 'NONE', #747, 5.000000000000000000 ) ;
#1015 = APPLICATION_PROTOCOL_DEFINITION ( 'draft international standard', 'automotive_design', 1998, #714 ) ;
#1016 = EDGE_LOOP ( 'NONE', ( #436, #132, #183, #61, #118, #433, #1083, #835, #437, #1367, #1215, #267, #1344, #165, #348, #209, #1116, #550 ) ) ;
#1017 = AXIS2_PLACEMENT_3D ( 'NONE', #192, #828, #628 ) ;
#1018 = CIRCLE ( 'NONE', #952, 6.000000000000000888 ) ;
#1019 = CIRCLE ( 'NONE', #1060, 6.000000000000000888 ) ;
#1020 = DIRECTION ( 'NONE',  ( -0.7071067811865474617, 8.659560562354931626E-17, 0.7071067811865476838 ) ) ;
#1021 = DIRECTION ( 'NONE',  ( -0.000000000000000000, -0.000000000000000000, 1.000000000000000000 ) ) ;
#1022 = EDGE_LOOP ( 'NONE', ( #37, #676, #96, #561 ) ) ;
#1023 = DIRECTION ( 'NONE',  ( -0.000000000000000000, -0.000000000000000000, -1.000000000000000000 ) ) ;
#1024 = ORIENTED_EDGE ( 'NONE', *, *, #1176, .T. ) ;
#1025 = CARTESIAN_POINT ( 'NONE',  ( -22.97737893222997840, 11.99058307192414397, 3.000000000000000000 ) ) ;
#1026 = ADVANCED_FACE ( 'NONE', ( #1132 ), #617, .F. ) ;
#1027 = CARTESIAN_POINT ( 'NONE',  ( 22.48113512633064204, -15.99507132295698320, 3.000000000000000000 ) ) ;
#1028 = CLOSED_SHELL ( 'NONE', ( #44, #10, #812, #1118, #1169, #692, #1195, #62, #424, #367, #683, #97, #189, #657, #763, #30, #482, #1214, #388, #92, #480, #272, #1236, #592, #1113, #1100, #212, #306, #1026, #999, #831, #14, #1343, #1156, #70, #1010, #167, #245 ) ) ;
#1029 = ORIENTED_EDGE ( 'NONE', *, *, #685, .T. ) ;
#1030 = CARTESIAN_POINT ( 'NONE',  ( -13.74999999999999822, 26.15007132295698256, 3.000000000000000000 ) ) ;
#1031 = ORIENTED_EDGE ( 'NONE', *, *, #281, .T. ) ;
#1032 = DIRECTION ( 'NONE',  ( -1.000000000000000000, 0.000000000000000000, 0.000000000000000000 ) ) ;
#1033 = DIRECTION ( 'NONE',  ( -0.7768163435563246733, 0.6297272174392513078, 0.000000000000000000 ) ) ;
#1034 = VERTEX_POINT ( 'NONE', #609 ) ;
#1035 = CARTESIAN_POINT ( 'NONE',  ( -6.000000000000000888, 0.000000000000000000, 3.000000000000000000 ) ) ;
#1036 = AXIS2_PLACEMENT_3D ( 'NONE', #987, #1196, #1002 ) ;
#1037 = ORIENTED_EDGE ( 'NONE', *, *, #878, .T. ) ;
#1038 = AXIS2_PLACEMENT_3D ( 'NONE', #143, #581, #120 ) ;
#1039 = DIRECTION ( 'NONE',  ( -0.000000000000000000, -0.000000000000000000, -1.000000000000000000 ) ) ;
#1040 = AXIS2_PLACEMENT_3D ( 'NONE', #1245, #521, #308 ) ;
#1041 = CARTESIAN_POINT ( 'NONE',  ( -13.74999999999999822, 29.44999999999999929, 0.7087082728592142278 ) ) ;
#1042 = CIRCLE ( 'NONE', #638, 5.999999999963298691 ) ;
#1043 = ORIENTED_EDGE ( 'NONE', *, *, #619, .T. ) ;
#1044 = DIRECTION ( 'NONE',  ( -0.000000000000000000, -0.000000000000000000, -1.000000000000000000 ) ) ;
#1045 = VERTEX_POINT ( 'NONE', #508 ) ;
#1046 = DIRECTION ( 'NONE',  ( 1.000000000000000000, 0.000000000000000000, 0.000000000000000000 ) ) ;
#1047 = CARTESIAN_POINT ( 'NONE',  ( -18.75000000000000000, 21.15007132295697900, 0.000000000000000000 ) ) ;
#1048 = DIRECTION ( 'NONE',  ( -1.000000000000000000, 0.000000000000000000, 0.000000000000000000 ) ) ;
#1049 = ORIENTED_EDGE ( 'NONE', *, *, #200, .T. ) ;
#1050 = EDGE_CURVE ( 'NONE', #818, #1034, #1328, .T. ) ;
#1051 = CARTESIAN_POINT ( 'NONE',  ( -19.73113512633064559, 15.99507132295698675, 0.000000000000000000 ) ) ;
#1052 = CARTESIAN_POINT ( 'NONE',  ( -8.749999999999998224, 29.44999999999999929, 3.000000000000000000 ) ) ;
#1053 = CIRCLE ( 'NONE', #1159, 5.000000000000000888 ) ;
#1054 = ORIENTED_EDGE ( 'NONE', *, *, #517, .F. ) ;
#1055 = VERTEX_POINT ( 'NONE', #1235 ) ;
#1056 = ORIENTED_EDGE ( 'NONE', *, *, #896, .T. ) ;
#1057 = DIRECTION ( 'NONE',  ( -0.000000000000000000, 0.000000000000000000, -1.000000000000000000 ) ) ;
#1058 = CIRCLE ( 'NONE', #292, 2.749999999999999112 ) ;
#1059 = FACE_OUTER_BOUND ( 'NONE', #1086, .T. ) ;
#1060 = AXIS2_PLACEMENT_3D ( 'NONE', #1004, #807, #1204 ) ;
#1061 = VERTEX_POINT ( 'NONE', #823 ) ;
#1062 = DIRECTION ( 'NONE',  ( -0.000000000000000000, -0.000000000000000000, -1.000000000000000000 ) ) ;
#1063 = CYLINDRICAL_SURFACE ( 'NONE', #445, 16.15231704873122709 ) ;
#1064 = EDGE_LOOP ( 'NONE', ( #755, #567, #1243, #113 ) ) ;
#1065 = FACE_OUTER_BOUND ( 'NONE', #1064, .T. ) ;
#1066 = DIRECTION ( 'NONE',  ( 1.000000000000000000, 0.000000000000000000, 0.000000000000000000 ) ) ;
#1067 = EDGE_CURVE ( 'NONE', #1045, #155, #1318, .T. ) ;
#1068 = ORIENTED_EDGE ( 'NONE', *, *, #997, .F. ) ;
#1069 = CARTESIAN_POINT ( 'NONE',  ( 24.88613512633062896, -15.99507132295698320, 2.954999999999988081 ) ) ;
#1070 = DIRECTION ( 'NONE',  ( -1.000000000000000000, 0.000000000000000000, 0.000000000000000000 ) ) ;
#1071 = AXIS2_PLACEMENT_3D ( 'NONE', #885, #477, #586 ) ;
#1072 = CARTESIAN_POINT ( 'NONE',  ( 9.049999999999998934, 29.44999999999999929, -1.734723475976807094E-15 ) ) ;
#1073 = CIRCLE ( 'NONE', #632, 2.749999999999999112 ) ;
#1074 = DIRECTION ( 'NONE',  ( -0.000000000000000000, -0.000000000000000000, -1.000000000000000000 ) ) ;
#1075 = CIRCLE ( 'NONE', #495, 5.154999999999989591 ) ;
#1076 = AXIS2_PLACEMENT_3D ( 'NONE', #890, #1099, #296 ) ;
#1077 = EDGE_CURVE ( 'NONE', #254, #1177, #928, .T. ) ;
#1078 = AXIS2_PLACEMENT_3D ( 'NONE', #1052, #101, #415 ) ;
#1079 = CIRCLE ( 'NONE', #1296, 9.000000000000001776 ) ;
#1080 = EDGE_LOOP ( 'NONE', ( #320, #929 ) ) ;
#1081 = DIRECTION ( 'NONE',  ( -0.000000000000000000, -0.000000000000000000, -1.000000000000000000 ) ) ;
#1082 = FACE_OUTER_BOUND ( 'NONE', #1234, .T. ) ;
#1083 = ORIENTED_EDGE ( 'NONE', *, *, #851, .F. ) ;
#1084 = CARTESIAN_POINT ( 'NONE',  ( -12.77510762798240762, 32.42623357611373081, 0.4693700557211771263 ) ) ;
#1085 = DIRECTION ( 'NONE',  ( -0.000000000000000000, -0.000000000000000000, 1.000000000000000000 ) ) ;
#1086 = EDGE_LOOP ( 'NONE', ( #432, #243, #290, #358, #105, #277 ) ) ;
#1087 = CARTESIAN_POINT ( 'NONE',  ( 22.48113512633064204, -15.99507132295698320, 0.5499999999999983791 ) ) ;
#1088 = CARTESIAN_POINT ( 'NONE',  ( -19.73113512633064559, 21.15007132295697190, 2.954999999999989857 ) ) ;
#1089 = VECTOR ( 'NONE', #102, 1000.000000000000000 ) ;
#1090 = CARTESIAN_POINT ( 'NONE',  ( -13.74999999999999822, 29.44999999999999929, 0.7087082728592142278 ) ) ;
#1091 = CARTESIAN_POINT ( 'NONE',  ( -22.97737893222997840, 11.99058307192414397, 3.000000000000000000 ) ) ;
#1092 = VERTEX_POINT ( 'NONE', #397 ) ;
#1093 = CARTESIAN_POINT ( 'NONE',  ( -14.45870827285921401, 29.44999999999999929, -1.734723475976807094E-15 ) ) ;
#1094 = VECTOR ( 'NONE', #35, 1000.000000000000000 ) ;
#1095 = DIRECTION ( 'NONE',  ( 1.000000000000000000, 0.000000000000000000, 0.000000000000000000 ) ) ;
#1096 = CARTESIAN_POINT ( 'NONE',  ( 16.00000000000000000, 29.44999999999999929, 2.999999999999999556 ) ) ;
#1097 = APPLICATION_CONTEXT ( 'automotive_design' ) ;
#1098 = AXIS2_PLACEMENT_3D ( 'NONE', #36, #794, #342 ) ;
#1099 = DIRECTION ( 'NONE',  ( 0.000000000000000000, 0.000000000000000000, 1.000000000000000000 ) ) ;
#1100 = ADVANCED_FACE ( 'NONE', ( #524 ), #298, .F. ) ;
#1101 = VERTEX_POINT ( 'NONE', #176 ) ;
#1102 = DIRECTION ( 'NONE',  ( -0.000000000000000000, -0.000000000000000000, 1.000000000000000000 ) ) ;
#1103 = FACE_OUTER_BOUND ( 'NONE', #442, .T. ) ;
#1104 = VECTOR ( 'NONE', #968, 1000.000000000000000 ) ;
#1105 = VECTOR ( 'NONE', #230, 1000.000000000000000 ) ;
#1106 = FACE_BOUND ( 'NONE', #576, .T. ) ;
#1107 = LINE ( 'NONE', #160, #84 ) ;
#1108 = VERTEX_POINT ( 'NONE', #81 ) ;
#1109 = LINE ( 'NONE', #484, #1094 ) ;
#1110 = EDGE_CURVE ( 'NONE', #1061, #752, #908, .T. ) ;
#1111 = SHAPE_DEFINITION_REPRESENTATION ( #1340, #1139 ) ;
#1112 = ORIENTED_EDGE ( 'NONE', *, *, #1188, .T. ) ;
#1113 = ADVANCED_FACE ( 'NONE', ( #405 ), #184, .F. ) ;
#1114 = CARTESIAN_POINT ( 'NONE',  ( -5.058708272859214539, 29.44999999999999929, -1.734723475976807094E-15 ) ) ;
#1115 = CARTESIAN_POINT ( 'NONE',  ( 22.82257146516822033, -11.86508818979366886, 2.954999999999992077 ) ) ;
#1116 = ORIENTED_EDGE ( 'NONE', *, *, #103, .F. ) ;
#1117 = DIRECTION ( 'NONE',  ( -0.000000000000000000, -0.000000000000000000, 1.000000000000000000 ) ) ;
#1118 = ADVANCED_FACE ( 'NONE', ( #1242 ), #674, .F. ) ;
#1119 = ORIENTED_EDGE ( 'NONE', *, *, #1264, .F. ) ;
#1120 = FACE_OUTER_BOUND ( 'NONE', #325, .T. ) ;
#1121 = PRESENTATION_STYLE_ASSIGNMENT (( #39 ) ) ;
#1122 = ORIENTED_EDGE ( 'NONE', *, *, #369, .T. ) ;
#1123 = AXIS2_PLACEMENT_3D ( 'NONE', #596, #893, #879 ) ;
#1124 = DIRECTION ( 'NONE',  ( -0.000000000000000000, -0.000000000000000000, 1.000000000000000000 ) ) ;
#1125 = EDGE_CURVE ( 'NONE', #532, #750, #283, .T. ) ;
#1126 = ORIENTED_EDGE ( 'NONE', *, *, #456, .T. ) ;
#1127 = CIRCLE ( 'NONE', #1076, 9.000000000000005329 ) ;
#1128 = AXIS2_PLACEMENT_3D ( 'NONE', #38, #795, #901 ) ;
#1129 = DIRECTION ( 'NONE',  ( -1.000000000000000000, 0.000000000000000000, 0.000000000000000000 ) ) ;
#1130 = FILL_AREA_STYLE ('',( #998 ) ) ;
#1131 = ORIENTED_EDGE ( 'NONE', *, *, #443, .F. ) ;
#1132 = FACE_OUTER_BOUND ( 'NONE', #1221, .T. ) ;
#1133 = EDGE_CURVE ( 'NONE', #829, #175, #353, .T. ) ;
#1134 = ORIENTED_EDGE ( 'NONE', *, *, #604, .T. ) ;
#1135 = DIRECTION ( 'NONE',  ( -1.000000000000000000, 0.000000000000000000, 0.000000000000000000 ) ) ;
#1136 = DIRECTION ( 'NONE',  ( -1.000000000000000000, 0.000000000000000000, 0.000000000000000000 ) ) ;
#1137 = ORIENTED_EDGE ( 'NONE', *, *, #619, .F. ) ;
#1138 = DIRECTION ( 'NONE',  ( -1.000000000000000000, 0.000000000000000000, 0.000000000000000000 ) ) ;
#1139 = SHAPE_REPRESENTATION ( 'Assem1', ( #1205, #1180, #542 ), #611 ) ;
#1140 = ORIENTED_EDGE ( 'NONE', *, *, #701, .F. ) ;
#1141 = DIRECTION ( 'NONE',  ( 0.000000000000000000, 0.000000000000000000, -1.000000000000000000 ) ) ;
#1142 = CARTESIAN_POINT ( 'NONE',  ( -13.74999999999999822, 34.45000000000000284, 3.000000000000000000 ) ) ;
#1143 = FACE_OUTER_BOUND ( 'NONE', #282, .T. ) ;
#1144 = CARTESIAN_POINT ( 'NONE',  ( -19.73113512633064559, 15.99507132295698320, 0.5499999999999983791 ) ) ;
#1145 = ORIENTED_EDGE ( 'NONE', *, *, #456, .F. ) ;
#1146 = AXIS2_PLACEMENT_3D ( 'NONE', #573, #989, #462 ) ;
#1147 = CARTESIAN_POINT ( 'NONE',  ( -9.758708272859214716, 29.44999999999999929, -1.734723475976807094E-15 ) ) ;
#1148 = CIRCLE ( 'NONE', #1254, 9.000000000000005329 ) ;
#1149 = CARTESIAN_POINT ( 'NONE',  ( 13.75000000000000000, 29.44999999999999929, -1.734723475976807094E-15 ) ) ;
#1150 = VERTEX_POINT ( 'NONE', #1006 ) ;
#1151 = B_SPLINE_CURVE_WITH_KNOTS ( 'NONE', 3,
 ( #1041, #318, #108, #1, #434, #855, #844, #1266 ),
 .UNSPECIFIED., .F., .F.,
 ( 4, 2, 2, 4 ),
 ( 0.002547453164908573212, 0.003196671356921268470, 0.003845889548933963294, 0.005144325932959364217 ),
 .UNSPECIFIED. ) ;
#1152 = ORIENTED_EDGE ( 'NONE', *, *, #606, .T. ) ;
#1153 = CYLINDRICAL_SURFACE ( 'NONE', #972, 2.749999999999999112 ) ;
#1154 = DIRECTION ( 'NONE',  ( -1.000000000000000000, 0.000000000000000000, 0.000000000000000000 ) ) ;
#1155 = ORIENTED_EDGE ( 'NONE', *, *, #517, .T. ) ;
#1156 = ADVANCED_FACE ( 'NONE', ( #48 ), #1319, .F. ) ;
#1157 = EDGE_LOOP ( 'NONE', ( #386, #1323, #853, #745 ) ) ;
#1158 = DIRECTION ( 'NONE',  ( -0.000000000000000000, -0.000000000000000000, -1.000000000000000000 ) ) ;
#1159 = AXIS2_PLACEMENT_3D ( 'NONE', #458, #876, #1290 ) ;
#1160 = ORIENTED_EDGE ( 'NONE', *, *, #464, .T. ) ;
#1161 = VERTEX_POINT ( 'NONE', #914 ) ;
#1162 = EDGE_CURVE ( 'NONE', #977, #305, #1075, .T. ) ;
#1163 = AXIS2_PLACEMENT_3D ( 'NONE', #361, #994, #368 ) ;
#1164 = EDGE_CURVE ( 'NONE', #191, #857, #146, .T. ) ;
#1165 = CARTESIAN_POINT ( 'NONE',  ( 22.97737893222998196, -11.99058307192413864, 2.954999999999989857 ) ) ;
#1166 = ORIENTED_EDGE ( 'NONE', *, *, #719, .F. ) ;
#1167 = ORIENTED_EDGE ( 'NONE', *, *, #206, .F. ) ;
#1168 = VERTEX_POINT ( 'NONE', #417 ) ;
#1169 = ADVANCED_FACE ( 'NONE', ( #199 ), #904, .F. ) ;
#1170 = CARTESIAN_POINT ( 'NONE',  ( 13.75000000000000000, 29.44999999999999929, -1.734723475976807094E-15 ) ) ;
#1171 = DIRECTION ( 'NONE',  ( -1.000000000000000000, 0.000000000000000000, 0.000000000000000000 ) ) ;
#1172 = ORIENTED_EDGE ( 'NONE', *, *, #474, .T. ) ;
#1173 = DIRECTION ( 'NONE',  ( -1.000000000000000000, 0.000000000000000000, 0.000000000000000000 ) ) ;
#1174 = FACE_OUTER_BOUND ( 'NONE', #1022, .T. ) ;
#1175 = DIRECTION ( 'NONE',  ( 1.000000000000000000, 0.000000000000000000, 0.000000000000000000 ) ) ;
#1176 = EDGE_CURVE ( 'NONE', #1177, #400, #51, .T. ) ;
#1177 = VERTEX_POINT ( 'NONE', #149 ) ;
#1178 = CARTESIAN_POINT ( 'NONE',  ( -22.97737893222997840, 11.99058307192414397, 2.954999999999984084 ) ) ;
#1179 = CARTESIAN_POINT ( 'NONE',  ( -24.88613512633063252, 15.99507132295698675, 0.000000000000000000 ) ) ;
#1180 = AXIS2_PLACEMENT_3D ( 'NONE', #360, #1329, #1312 ) ;
#1181 = DIRECTION ( 'NONE',  ( 0.000000000000000000, 0.000000000000000000, 1.000000000000000000 ) ) ;
#1182 = EDGE_CURVE ( 'NONE', #1161, #224, #1360, .T. ) ;
#1183 = CYLINDRICAL_SURFACE ( 'NONE', #154, 16.15231704873122709 ) ;
#1184 = VECTOR ( 'NONE', #732, 1000.000000000000000 ) ;
#1185 = AXIS2_PLACEMENT_3D ( 'NONE', #1008, #486, #1308 ) ;
#1186 = ORIENTED_EDGE ( 'NONE', *, *, #54, .F. ) ;
#1187 = CARTESIAN_POINT ( 'NONE',  ( -22.44710575146135412, 11.56071640217909291, 3.000000000000000000 ) ) ;
#1188 = EDGE_CURVE ( 'NONE', #734, #324, #587, .T. ) ;
#1189 = DIRECTION ( 'NONE',  ( -1.000000000000000000, 0.000000000000000000, 0.000000000000000000 ) ) ;
#1190 = ORIENTED_EDGE ( 'NONE', *, *, #1357, .T. ) ;
#1191 = LINE ( 'NONE', #1285, #310 ) ;
#1192 = LINE ( 'NONE', #1091, #1253 ) ;
#1193 = ORIENTED_EDGE ( 'NONE', *, *, #467, .F. ) ;
#1194 = CARTESIAN_POINT ( 'NONE',  ( 13.75000000000000000, 29.44999999999999929, 2.450000000000000178 ) ) ;
#1195 = ADVANCED_FACE ( 'NONE', ( #269 ), #988, .F. ) ;
#1196 = DIRECTION ( 'NONE',  ( 0.000000000000000000, 0.000000000000000000, 1.000000000000000000 ) ) ;
#1197 = CARTESIAN_POINT ( 'NONE',  ( -19.50303974481821712, 21.15007132295697900, 2.954999999999993410 ) ) ;
#1198 = CARTESIAN_POINT ( 'NONE',  ( -19.73113512633064559, 21.15007132295697190, 2.954999999999989857 ) ) ;
#1199 = DIRECTION ( 'NONE',  ( -0.000000000000000000, -0.000000000000000000, 1.000000000000000000 ) ) ;
#1200 = EDGE_LOOP ( 'NONE', ( #645, #1043, #328, #731, #40, #1140 ) ) ;
#1201 = DIRECTION ( 'NONE',  ( -0.000000000000000000, -0.000000000000000000, -1.000000000000000000 ) ) ;
#1202 = DIRECTION ( 'NONE',  ( 0.000000000000000000, 0.000000000000000000, 1.000000000000000000 ) ) ;
#1203 = DIRECTION ( 'NONE',  ( 0.7768163435563251173, -0.6297272174392508637, -0.000000000000000000 ) ) ;
#1204 = DIRECTION ( 'NONE',  ( 1.000000000000000000, 0.000000000000000000, 0.000000000000000000 ) ) ;
#1205 = AXIS2_PLACEMENT_3D ( 'NONE', #385, #1202, #260 ) ;
#1206 = CIRCLE ( 'NONE', #493, 5.999999999963298691 ) ;
#1207 = CARTESIAN_POINT ( 'NONE',  ( 35.46146636254260898, 16.54271752636412174, 3.000000000000000000 ) ) ;
#1208 = ORIENTED_EDGE ( 'NONE', *, *, #920, .T. ) ;
#1209 = CARTESIAN_POINT ( 'NONE',  ( -14.53113512633064452, 15.99507132295698320, 3.000000000000000000 ) ) ;
#1210 = AXIS2_PLACEMENT_3D ( 'NONE', #1149, #1358, #1154 ) ;
#1211 = DIRECTION ( 'NONE',  ( -0.000000000000000000, -0.000000000000000000, -1.000000000000000000 ) ) ;
#1212 = CARTESIAN_POINT ( 'NONE',  ( 16.48489132043131278, -19.99955957398982065, 3.000000000000000000 ) ) ;
#1213 = DIRECTION ( 'NONE',  ( -0.000000000000000000, -0.000000000000000000, -1.000000000000000000 ) ) ;
#1214 = ADVANCED_FACE ( 'NONE', ( #1082 ), #233, .F. ) ;
#1215 = ORIENTED_EDGE ( 'NONE', *, *, #279, .T. ) ;
#1216 = DIRECTION ( 'NONE',  ( -0.000000000000000000, -0.000000000000000000, 1.000000000000000000 ) ) ;
#1217 = CONTEXT_DEPENDENT_SHAPE_REPRESENTATION ( #541, #331 ) ;
#1218 = ORIENTED_EDGE ( 'NONE', *, *, #206, .T. ) ;
#1219 = CARTESIAN_POINT ( 'NONE',  ( 16.48489132043131278, -19.99955957398982065, 3.000000000000000000 ) ) ;
#1220 = CARTESIAN_POINT ( 'NONE',  ( 22.52265054074710093, -11.60788068530795236, 3.000000000000000000 ) ) ;
#1221 = EDGE_LOOP ( 'NONE', ( #1119, #425, #475, #822 ) ) ;
#1222 = DIRECTION ( 'NONE',  ( 0.000000000000000000, 0.000000000000000000, -1.000000000000000000 ) ) ;
#1223 = CARTESIAN_POINT ( 'NONE',  ( 22.09670154640033246, 81.90000000000000568, 4.879286688341480941E-15 ) ) ;
#1224 = ORIENTED_EDGE ( 'NONE', *, *, #957, .F. ) ;
#1225 = VECTOR ( 'NONE', #22, 1000.000000000000000 ) ;
#1226 = PLANE ( 'NONE',  #293 ) ;
#1227 = CARTESIAN_POINT ( 'NONE',  ( 16.48489132043130923, -19.99955957398982420, 2.954999999999988081 ) ) ;
#1228 = PRODUCT ( 'Assem1', 'Assem1', '', ( #60 ) ) ;
#1229 = ORIENTED_EDGE ( 'NONE', *, *, #513, .F. ) ;
#1230 = DIRECTION ( 'NONE',  ( -0.000000000000000000, -0.000000000000000000, 1.000000000000000000 ) ) ;
#1231 = ORIENTED_EDGE ( 'NONE', *, *, #606, .F. ) ;
#1232 = FACE_OUTER_BOUND ( 'NONE', #961, .T. ) ;
#1233 = CARTESIAN_POINT ( 'NONE',  ( 19.73113512633064559, -15.99507132295697964, 3.000000000000000000 ) ) ;
#1234 = EDGE_LOOP ( 'NONE', ( #430, #775, #942, #655 ) ) ;
#1235 = CARTESIAN_POINT ( 'NONE',  ( 16.48489132043131278, -19.99955957398982065, 0.000000000000000000 ) ) ;
#1236 = ADVANCED_FACE ( 'NONE', ( #134 ), #261, .T. ) ;
#1237 = ORIENTED_EDGE ( 'NONE', *, *, #685, .F. ) ;
#1238 = LINE ( 'NONE', #225, #864 ) ;
#1239 = CARTESIAN_POINT ( 'NONE',  ( 36.75000000000000000, 25.44999999999999929, 3.000000000000000000 ) ) ;
#1240 = PRODUCT_DEFINITION ( 'UNKNOWN', '', #1270, #1301 ) ;
#1241 = ORIENTED_EDGE ( 'NONE', *, *, #918, .T. ) ;
#1242 = FACE_OUTER_BOUND ( 'NONE', #1200, .T. ) ;
#1243 = ORIENTED_EDGE ( 'NONE', *, *, #362, .F. ) ;
#1244 = CARTESIAN_POINT ( 'NONE',  ( -12.00870827285921472, 29.44999999999999929, 0.000000000000000000 ) ) ;
#1245 = CARTESIAN_POINT ( 'NONE',  ( -13.88122851200836472, -1.819751355929159153, 0.000000000000000000 ) ) ;
#1246 = CARTESIAN_POINT ( 'NONE',  ( -19.73113512633064559, 15.99507132295698320, 3.000000000000000000 ) ) ;
#1247 = DIRECTION ( 'NONE',  ( -0.000000000000000000, -0.000000000000000000, 1.000000000000000000 ) ) ;
#1248 = VECTOR ( 'NONE', #777, 1000.000000000000000 ) ;
#1249 = VERTEX_POINT ( 'NONE', #246 ) ;
#1250 = VECTOR ( 'NONE', #1062, 1000.000000000000000 ) ;
#1251 = CARTESIAN_POINT ( 'NONE',  ( 19.73113512633064559, -15.99507132295697964, 3.000000000000000000 ) ) ;
#1252 = VECTOR ( 'NONE', #1023, 1000.000000000000000 ) ;
#1253 = VECTOR ( 'NONE', #145, 1000.000000000000114 ) ;
#1254 = AXIS2_PLACEMENT_3D ( 'NONE', #1239, #950, #321 ) ;
#1255 = VECTOR ( 'NONE', #711, 1000.000000000000000 ) ;
#1256 = LINE ( 'NONE', #1260, #861 ) ;
#1257 = LINE ( 'NONE', #174, #909 ) ;
#1258 = EDGE_LOOP ( 'NONE', ( #418, #671, #1056, #390 ) ) ;
#1259 = CARTESIAN_POINT ( 'NONE',  ( 22.52265054074710093, -11.60788068530795236, 3.000000000000000000 ) ) ;
#1260 = CARTESIAN_POINT ( 'NONE',  ( -8.749999999999998224, 34.45000000000000284, 3.000000000000000000 ) ) ;
#1261 = EDGE_CURVE ( 'NONE', #1271, #833, #151, .T. ) ;
#1262 = DIRECTION ( 'NONE',  ( -0.000000000000000000, -0.000000000000000000, 1.000000000000000000 ) ) ;
#1263 = ORIENTED_EDGE ( 'NONE', *, *, #1110, .T. ) ;
#1264 = EDGE_CURVE ( 'NONE', #21, #891, #631, .T. ) ;
#1265 = VERTEX_POINT ( 'NONE', #485 ) ;
#1266 = CARTESIAN_POINT ( 'NONE',  ( -13.74999999999999822, 26.96814779874837953, -1.734723475976807094E-15 ) ) ;
#1267 = CIRCLE ( 'NONE', #516, 2.250000000000000444 ) ;
#1268 = VERTEX_POINT ( 'NONE', #1179 ) ;
#1269 = VERTEX_POINT ( 'NONE', #23 ) ;
#1270 = PRODUCT_DEFINITION_FORMATION_WITH_SPECIFIED_SOURCE ( 'ANY', '', #646, .NOT_KNOWN. ) ;
#1271 = VERTEX_POINT ( 'NONE', #1283 ) ;
#1272 = CARTESIAN_POINT ( 'NONE',  ( -22.79985165659077495, 11.84667034630350813, 2.954999999999862847 ) ) ;
#1273 = CIRCLE ( 'NONE', #1210, 4.700000000000001066 ) ;
#1274 = CONICAL_SURFACE ( 'NONE', #863, 4.699999999999999289, 0.7853981633974477239 ) ;
#1275 = DIRECTION ( 'NONE',  ( 1.000000000000000000, 0.000000000000000000, 0.000000000000000000 ) ) ;
#1276 = VECTOR ( 'NONE', #337, 1000.000000000000000 ) ;
#1277 = ORIENTED_EDGE ( 'NONE', *, *, #1264, .T. ) ;
#1278 = EDGE_CURVE ( 'NONE', #305, #553, #965, .T. ) ;
#1279 = CARTESIAN_POINT ( 'NONE',  ( -13.67765636068087609, 30.43022794754913107, 0.6903081809485894782 ) ) ;
#1280 = PLANE ( 'NONE',  #1345 ) ;
#1281 = ORIENTED_EDGE ( 'NONE', *, *, #1324, .F. ) ;
#1282 = CARTESIAN_POINT ( 'NONE',  ( -19.73113512633064559, 15.99507132295698320, 3.000000000000000000 ) ) ;
#1283 = CARTESIAN_POINT ( 'NONE',  ( 16.99661555379286426, 0.5568007978337239372, 0.000000000000000000 ) ) ;
#1284 = ORIENTED_EDGE ( 'NONE', *, *, #1322, .T. ) ;
#1285 = CARTESIAN_POINT ( 'NONE',  ( 0.7016584665967613432, -8.972606945378423404, 3.000000000000000000 ) ) ;
#1286 = EDGE_CURVE ( 'NONE', #553, #947, #669, .T. ) ;
#1287 = DIRECTION ( 'NONE',  ( -1.000000000000000000, 0.000000000000000000, 0.000000000000000000 ) ) ;
#1288 = AXIS2_PLACEMENT_3D ( 'NONE', #1282, #341, #776 ) ;
#1289 = ORIENTED_EDGE ( 'NONE', *, *, #467, .T. ) ;
#1290 = DIRECTION ( 'NONE',  ( -1.000000000000000000, 0.000000000000000000, 0.000000000000000000 ) ) ;
#1291 = DIRECTION ( 'NONE',  ( -0.000000000000000000, -0.000000000000000000, -1.000000000000000000 ) ) ;
#1292 = DIRECTION ( 'NONE',  ( -0.000000000000000000, -0.000000000000000000, -1.000000000000000000 ) ) ;
#1293 = DIRECTION ( 'NONE',  ( 1.000000000000000000, 0.000000000000000000, 0.000000000000000000 ) ) ;
#1294 = AXIS2_PLACEMENT_3D ( 'NONE', #56, #162, #599 ) ;
#1295 = STYLED_ITEM ( 'NONE', ( #1121 ), #208 ) ;
#1296 = AXIS2_PLACEMENT_3D ( 'NONE', #511, #71, #814 ) ;
#1297 = VERTEX_POINT ( 'NONE', #579 ) ;
#1298 = DIRECTION ( 'NONE',  ( -1.000000000000000000, 0.000000000000000000, 0.000000000000000000 ) ) ;
#1299 = CARTESIAN_POINT ( 'NONE',  ( 36.75000000000000000, 25.44999999999999929, 3.000000000000000000 ) ) ;
#1300 = CARTESIAN_POINT ( 'NONE',  ( 13.75000000000000000, 29.44999999999999929, 2.450000000000000178 ) ) ;
#1301 = PRODUCT_DEFINITION_CONTEXT ( 'detailed design', #440, 'design' ) ;
#1302 = DIRECTION ( 'NONE',  ( 1.000000000000000000, 0.000000000000000000, 0.000000000000000000 ) ) ;
#1303 = VERTEX_POINT ( 'NONE', #158 ) ;
#1304 = CARTESIAN_POINT ( 'NONE',  ( -8.923646900576807539, -1.169840157383031265, 3.000000000000000000 ) ) ;
#1305 = EDGE_CURVE ( 'NONE', #1310, #856, #124, .T. ) ;
#1306 = DIRECTION ( 'NONE',  ( 0.000000000000000000, 0.000000000000000000, 1.000000000000000000 ) ) ;
#1307 = CARTESIAN_POINT ( 'NONE',  ( 16.48489132043131278, -19.99955957398982065, 3.000000000000000000 ) ) ;
#1308 = DIRECTION ( 'NONE',  ( 1.000000000000000000, 0.000000000000000000, 0.000000000000000000 ) ) ;
#1309 = FACE_OUTER_BOUND ( 'NONE', #396, .T. ) ;
#1310 = VERTEX_POINT ( 'NONE', #1003 ) ;
#1311 = DIRECTION ( 'NONE',  ( -1.000000000000000000, 0.000000000000000000, 0.000000000000000000 ) ) ;
#1312 = DIRECTION ( 'NONE',  ( 1.000000000000000000, 0.000000000000000000, 0.000000000000000000 ) ) ;
#1313 = CARTESIAN_POINT ( 'NONE',  ( -19.73113512633064559, 15.99507132295698320, 2.954999999999989857 ) ) ;
#1314 = EDGE_CURVE ( 'NONE', #778, #1161, #402, .T. ) ;
#1315 = DIRECTION ( 'NONE',  ( -0.000000000000000000, -0.000000000000000000, -1.000000000000000000 ) ) ;
#1316 = DIRECTION ( 'NONE',  ( -0.000000000000000000, -0.000000000000000000, -1.000000000000000000 ) ) ;
#1317 = ORIENTED_EDGE ( 'NONE', *, *, #945, .T. ) ;
#1318 = LINE ( 'NONE', #1035, #1252 ) ;
#1319 = CONICAL_SURFACE ( 'NONE', #749, 4.700000000000001066, 0.7853981633974480570 ) ;
#1320 = AXIS2_PLACEMENT_3D ( 'NONE', #79, #429, #205 ) ;
#1321 =( NAMED_UNIT ( * ) PLANE_ANGLE_UNIT ( ) SI_UNIT ( $, .RADIAN. ) );
#1322 = EDGE_CURVE ( 'NONE', #818, #715, #584, .T. ) ;
#1323 = ORIENTED_EDGE ( 'NONE', *, *, #870, .T. ) ;
#1324 = EDGE_CURVE ( 'NONE', #1168, #1334, #478, .T. ) ;
#1325 = AXIS2_PLACEMENT_3D ( 'NONE', #301, #1141, #307 ) ;
#1326 = CARTESIAN_POINT ( 'NONE',  ( -22.97737893222997840, 11.99058307192414397, 0.000000000000000000 ) ) ;
#1327 = EDGE_LOOP ( 'NONE', ( #1237, #1152, #1317, #1166 ) ) ;
#1328 = LINE ( 'NONE', #716, #845 ) ;
#1329 = DIRECTION ( 'NONE',  ( 0.000000000000000000, 0.000000000000000000, 1.000000000000000000 ) ) ;
#1330 = ORIENTED_EDGE ( 'NONE', *, *, #344, .T. ) ;
#1331 = FACE_OUTER_BOUND ( 'NONE', #1016, .T. ) ;
#1332 = UNCERTAINTY_MEASURE_WITH_UNIT (LENGTH_MEASURE( 1.000000000000000082E-05 ), #595, 'distance_accuracy_value', 'NONE');
#1333 = CARTESIAN_POINT ( 'NONE',  ( 16.30736404479210933, -19.85564684836918659, 2.954999999999862847 ) ) ;
#1334 = VERTEX_POINT ( 'NONE', #700 ) ;
#1335 = DIRECTION ( 'NONE',  ( 1.000000000000000000, 0.000000000000000000, 0.000000000000000000 ) ) ;
#1336 = ORIENTED_EDGE ( 'NONE', *, *, #460, .T. ) ;
#1337 = CIRCLE ( 'NONE', #100, 2.250000000000000444 ) ;
#1338 = CARTESIAN_POINT ( 'NONE',  ( 22.97737893222998196, -11.99058307192413864, 0.000000000000000000 ) ) ;
#1339 = FACE_BOUND ( 'NONE', #47, .T. ) ;
#1340 = PRODUCT_DEFINITION_SHAPE ( 'NONE', 'NONE',  #874 ) ;
#1341 = EDGE_LOOP ( 'NONE', ( #954, #83 ) ) ;
#1342 = DIRECTION ( 'NONE',  ( -0.000000000000000000, -0.000000000000000000, -1.000000000000000000 ) ) ;
#1343 = ADVANCED_FACE ( 'NONE', ( #1103 ), #900, .F. ) ;
#1344 = ORIENTED_EDGE ( 'NONE', *, *, #604, .F. ) ;
#1345 = AXIS2_PLACEMENT_3D ( 'NONE', #976, #873, #256 ) ;
#1346 = DIRECTION ( 'NONE',  ( -0.000000000000000000, -0.000000000000000000, -1.000000000000000000 ) ) ;
#1347 = DIRECTION ( 'NONE',  ( -0.000000000000000000, -0.000000000000000000, 1.000000000000000000 ) ) ;
#1348 = CARTESIAN_POINT ( 'NONE',  ( 33.14893260252409135, 0.5568007978337239372, 3.000000000000000000 ) ) ;
#1349 = CYLINDRICAL_SURFACE ( 'NONE', #57, 2.749999999999999112 ) ;
#1350 = ORIENTED_EDGE ( 'NONE', *, *, #1133, .T. ) ;
#1351 = DIRECTION ( 'NONE',  ( -1.000000000000000000, 0.000000000000000000, 0.000000000000000000 ) ) ;
#1352 = DIRECTION ( 'NONE',  ( -1.000000000000000000, -0.000000000000000000, -0.000000000000000000 ) ) ;
#1353 = FACE_OUTER_BOUND ( 'NONE', #523, .T. ) ;
#1354 = DIRECTION ( 'NONE',  ( -1.000000000000000000, 0.000000000000000000, 0.000000000000000000 ) ) ;
#1355 = ORIENTED_EDGE ( 'NONE', *, *, #65, .F. ) ;
#1356 = DIRECTION ( 'NONE',  ( 0.7071067811865474617, 0.000000000000000000, 0.7071067811865476838 ) ) ;
#1357 = EDGE_CURVE ( 'NONE', #400, #947, #564, .T. ) ;
#1358 = DIRECTION ( 'NONE',  ( -0.000000000000000000, -0.000000000000000000, -1.000000000000000000 ) ) ;
#1359 = ORIENTED_EDGE ( 'NONE', *, *, #1188, .F. ) ;
#1360 = CIRCLE ( 'NONE', #231, 16.15231704873122709 ) ;
#1361 = EDGE_LOOP ( 'NONE', ( #527, #502, #2, #659, #27 ) ) ;
#1362 = DIRECTION ( 'NONE',  ( 0.7768163435563251173, -0.6297272174392508637, -0.000000000000000000 ) ) ;
#1363 = VECTOR ( 'NONE', #780, 1000.000000000000000 ) ;
#1364 = EDGE_CURVE ( 'NONE', #1101, #1334, #842, .T. ) ;
#1365 = CIRCLE ( 'NONE', #547, 2.250000000000000444 ) ;
#1366 = PLANE ( 'NONE',  #264 ) ;
#1367 = ORIENTED_EDGE ( 'NONE', *, *, #575, .F. ) ;
#1368 = NEXT_ASSEMBLY_USAGE_OCCURRENCE ( 'NAUO1', ' ', ' ', #874, #1240, $ ) ;
#1369 = NEXT_ASSEMBLY_USAGE_OCCURRENCE ( 'NAUO2', ' ', ' ', #874, #1240, $ ) ;
ENDSEC;
END-ISO-10303-21;
