ISO-10303-21;
HEADER;
FILE_DESCRIPTION (( 'STEP AP214' ),
    '1' );
FILE_NAME ('back right spindexer wall.STEP',
    '2025-11-14T12:07:13',
    ( '' ),
    ( '' ),
    'SwSTEP 2.0',
    'SolidWorks 2025',
    '' );
FILE_SCHEMA (( 'AUTOMOTIVE_DESIGN' ));
ENDSEC;

DATA;
#1 = CARTESIAN_POINT ( 'NONE',  ( 103.1854148532773081, 35.47834836494255484, 110.3286587819858795 ) ) ;
#2 = B_SPLINE_CURVE_WITH_KNOTS ( 'NONE', 3,
 ( #1081, #308, #4342, #719, #1469, #2912 ),
 .UNSPECIFIED., .F., .F.,
 ( 4, 2, 4 ),
 ( 0.000000000000000000, 0.002063130609934113457, 0.004126261219868226915 ),
 .UNSPECIFIED. ) ;
#3 = CARTESIAN_POINT ( 'NONE',  ( 148.0000000000000853, 109.2544883035435390, 162.7764876218309382 ) ) ;
#4 = ORIENTED_EDGE ( 'NONE', *, *, #4127, .F. ) ;
#5 = CARTESIAN_POINT ( 'NONE',  ( 126.5466316138651734, 56.99999999999998579, 138.7212002188447286 ) ) ;
#6 = CARTESIAN_POINT ( 'NONE',  ( 141.4465535962189051, 62.68996082951805704, 150.0938842787629994 ) ) ;
#7 = CARTESIAN_POINT ( 'NONE',  ( 134.4106430749180845, 61.68073316266547579, 151.1708627829522413 ) ) ;
#8 = FACE_OUTER_BOUND ( 'NONE', #1442, .T. ) ;
#9 = DIRECTION ( 'NONE',  ( 0.000000000000000000, -1.387778780781444413E-14, 1.000000000000000000 ) ) ;
#10 = CARTESIAN_POINT ( 'NONE',  ( 141.7549128849713043, 74.99745707153194019, 181.6950170648465530 ) ) ;
#11 = DIRECTION ( 'NONE',  ( 0.000000000000000000, 0.000000000000000000, -1.000000000000000000 ) ) ;
#12 = EDGE_CURVE ( 'NONE', #581, #4088, #2017, .T. ) ;
#13 = CYLINDRICAL_SURFACE ( 'NONE', #812, 2.099999999999990763 ) ;
#14 = CARTESIAN_POINT ( 'NONE',  ( 138.9043767169614227, 77.98831283099126210, 146.5719748671675120 ) ) ;
#15 = FACE_OUTER_BOUND ( 'NONE', #26, .T. ) ;
#16 = LINE ( 'NONE', #3682, #4249 ) ;
#17 = CARTESIAN_POINT ( 'NONE',  ( 146.0000000000000284, 78.04888270868096356, 163.2102051443364701 ) ) ;
#18 = B_SPLINE_CURVE_WITH_KNOTS ( 'NONE', 3,
 ( #2297, #144, #431, #1608, #2699, #843, #1936, #2608, #4151, #863, #2317, #3060 ),
 .UNSPECIFIED., .F., .F.,
 ( 4, 2, 2, 2, 2, 4 ),
 ( 1.387778780781445676E-17, 0.0003795920878578627972, 0.0007591841757157117166, 0.001518368351431351225, 0.002277552527146990951, 0.003036736702862630026 ),
 .UNSPECIFIED. ) ;
#19 = CARTESIAN_POINT ( 'NONE',  ( 147.8311443873259066, 108.7831901696779795, 161.4846844684454084 ) ) ;
#20 = CARTESIAN_POINT ( 'NONE',  ( 148.5020413586892118, 86.85965820001395343, 144.8846879762482445 ) ) ;
#21 = CARTESIAN_POINT ( 'NONE',  ( 132.3821961453787708, 50.51744970202702945, 153.0387205138912066 ) ) ;
#22 = EDGE_LOOP ( 'NONE', ( #2863, #4288, #617 ) ) ;
#23 = CARTESIAN_POINT ( 'NONE',  ( 23.96885550403789011, 15.81711468451252323, 69.18630198517537622 ) ) ;
#24 = CARTESIAN_POINT ( 'NONE',  ( 139.6658685778797349, 50.54085893879986457, 142.7025683499739728 ) ) ;
#25 = ORIENTED_EDGE ( 'NONE', *, *, #56, .F. ) ;
#26 = EDGE_LOOP ( 'NONE', ( #4655, #2217 ) ) ;
#27 = CARTESIAN_POINT ( 'NONE',  ( 148.0000000000000568, 103.5525920148304806, 154.6363128448537907 ) ) ;
#28 = EDGE_LOOP ( 'NONE', ( #4252, #4054, #2815, #1832, #1065, #636 ) ) ;
#29 = CARTESIAN_POINT ( 'NONE',  ( 132.1293344279531539, 55.18420224885171876, 138.9523138268050104 ) ) ;
#30 = AXIS2_PLACEMENT_3D ( 'NONE', #1604, #4486, #3802 ) ;
#31 = CARTESIAN_POINT ( 'NONE',  ( 143.7218316492385384, 61.24807918403728024, 151.5253388106507941 ) ) ;
#32 = CARTESIAN_POINT ( 'NONE',  ( 133.9925986592966751, 62.40188676426510739, 150.4410244002597210 ) ) ;
#33 = CARTESIAN_POINT ( 'NONE',  ( 133.7553498169375530, 62.72570049981847262, 150.0329375106115890 ) ) ;
#34 = CARTESIAN_POINT ( 'NONE',  ( 113.3957979262823841, 35.11672424989659191, 105.0501017527068086 ) ) ;
#35 = CARTESIAN_POINT ( 'NONE',  ( 141.8316384670464174, 76.16641179450817845, 182.0538757903405553 ) ) ;
#36 = DIRECTION ( 'NONE',  ( 0.000000000000000000, 0.000000000000000000, -1.000000000000000000 ) ) ;
#37 = EDGE_LOOP ( 'NONE', ( #2346, #2042, #2866, #3690 ) ) ;
#38 = CIRCLE ( 'NONE', #4107, 2.099999999999990763 ) ;
#39 = CARTESIAN_POINT ( 'NONE',  ( 24.50891327458844060, 139.6207823460934208, 69.18633898724114317 ) ) ;
#40 = ADVANCED_FACE ( 'NONE', ( #1980 ), #1957, .T. ) ;
#41 = CARTESIAN_POINT ( 'NONE',  ( 132.5222850308968532, 57.26214861819759960, 138.7212002188447286 ) ) ;
#42 = DIRECTION ( 'NONE',  ( -0.000000000000000000, -1.000000000000000000, -0.000000000000000000 ) ) ;
#43 = CARTESIAN_POINT ( 'NONE',  ( 112.0706630456233341, 34.39552939848048396, 106.7773193408694681 ) ) ;
#44 = DIRECTION ( 'NONE',  ( 0.000000000000000000, 0.000000000000000000, -1.000000000000000000 ) ) ;
#45 = VECTOR ( 'NONE', #935, 1000.000000000000000 ) ;
#46 = VECTOR ( 'NONE', #3661, 1000.000000000000000 ) ;
#47 = CARTESIAN_POINT ( 'NONE',  ( 1.009719629430382282E-25, 138.9999999999999432, 212.1999999999999602 ) ) ;
#48 = DIRECTION ( 'NONE',  ( 1.000000000000000000, -0.000000000000000000, 2.218880795315036613E-16 ) ) ;
#49 = CARTESIAN_POINT ( 'NONE',  ( 130.2916175218833814, 50.01624547074135307, 144.5029827488502292 ) ) ;
#50 = VERTEX_POINT ( 'NONE', #2334 ) ;
#51 = CARTESIAN_POINT ( 'NONE',  ( 16.85213508215372968, 9.995934886341741432, 67.59881384365183976 ) ) ;
#52 = CARTESIAN_POINT ( 'NONE',  ( 136.1861682992414728, 54.42429670769814720, 136.1123157611718284 ) ) ;
#53 = ORIENTED_EDGE ( 'NONE', *, *, #1901, .F. ) ;
#54 = EDGE_LOOP ( 'NONE', ( #833, #2372, #3716 ) ) ;
#55 = CIRCLE ( 'NONE', #1279, 2.000000000000001776 ) ;
#56 = EDGE_CURVE ( 'NONE', #703, #1497, #3158, .T. ) ;
#57 = AXIS2_PLACEMENT_3D ( 'NONE', #3843, #4217, #4260 ) ;
#58 = ADVANCED_FACE ( 'NONE', ( #4081 ), #1558, .F. ) ;
#59 = CARTESIAN_POINT ( 'NONE',  ( 145.0418857927375313, 103.6185984859482119, 144.8846879762482445 ) ) ;
#60 = CARTESIAN_POINT ( 'NONE',  ( 142.4537770591797141, 60.56901026833383384, 151.9637078383595963 ) ) ;
#61 = CARTESIAN_POINT ( 'NONE',  ( 134.5383957309238099, 61.41016922529554023, 151.3967884977315350 ) ) ;
#62 = VECTOR ( 'NONE', #650, 1000.000000000000000 ) ;
#63 = CARTESIAN_POINT ( 'NONE',  ( 131.2311658707227764, 62.41423210560009949, 150.5140019394564490 ) ) ;
#64 = ORIENTED_EDGE ( 'NONE', *, *, #2973, .F. ) ;
#65 = CARTESIAN_POINT ( 'NONE',  ( 112.3823215575901031, 33.35070106977730831, 104.0045780076475950 ) ) ;
#66 = CARTESIAN_POINT ( 'NONE',  ( 141.6027516492466702, 65.94664748367726759, 146.7396585568858995 ) ) ;
#67 = DIRECTION ( 'NONE',  ( 1.000000000000000000, -0.000000000000000000, 2.218880795315036613E-16 ) ) ;
#68 = ORIENTED_EDGE ( 'NONE', *, *, #3059, .F. ) ;
#69 = CARTESIAN_POINT ( 'NONE',  ( 21.03290830076146989, 144.4801901199280678, 67.94544913329997371 ) ) ;
#70 = ORIENTED_EDGE ( 'NONE', *, *, #3394, .T. ) ;
#71 = CARTESIAN_POINT ( 'NONE',  ( 140.1940052205696645, 78.52732569207330471, 175.1775636678615342 ) ) ;
#72 = CARTESIAN_POINT ( 'NONE',  ( 144.9331920097338298, 34.21009406668320452, 216.6044447408947065 ) ) ;
#73 = CARTESIAN_POINT ( 'NONE',  ( 135.1851800316902938, 33.97797871367851741, 134.3476412937384623 ) ) ;
#74 = CARTESIAN_POINT ( 'NONE',  ( 146.4582663482456724, 14.05136038158258316, 206.4907282871522227 ) ) ;
#75 = EDGE_CURVE ( 'NONE', #382, #50, #3445, .T. ) ;
#76 = LINE ( 'NONE', #1541, #1040 ) ;
#77 = CARTESIAN_POINT ( 'NONE',  ( 133.0842315087169538, 50.59398538868499173, 148.9004587359170841 ) ) ;
#78 = ORIENTED_EDGE ( 'NONE', *, *, #2010, .T. ) ;
#79 = CARTESIAN_POINT ( 'NONE',  ( 24.03422639577600251, 15.72339263250598407, 69.18630352457711297 ) ) ;
#80 = CARTESIAN_POINT ( 'NONE',  ( 137.6603269592131085, 56.40711903444623943, 138.7348661177908866 ) ) ;
#81 = ORIENTED_EDGE ( 'NONE', *, *, #1663, .F. ) ;
#82 = EDGE_CURVE ( 'NONE', #1223, #382, #3016, .T. ) ;
#83 = CARTESIAN_POINT ( 'NONE',  ( 148.0000000000000284, 102.6332631469332881, 152.0510421551910838 ) ) ;
#84 = EDGE_CURVE ( 'NONE', #1424, #292, #3930, .T. ) ;
#85 = CARTESIAN_POINT ( 'NONE',  ( 141.8713270299710985, 65.81441309268349471, 147.3239803173507596 ) ) ;
#86 = CARTESIAN_POINT ( 'NONE',  ( 132.9990383409177070, 63.47166677930704282, 148.7590559510995831 ) ) ;
#87 = CARTESIAN_POINT ( 'NONE',  ( 130.8620103234531200, 63.00297365806437710, 149.7409272479153231 ) ) ;
#88 = CARTESIAN_POINT ( 'NONE',  ( 113.8906059183794497, 34.29516545755627988, 105.5895958526032814 ) ) ;
#89 = CARTESIAN_POINT ( 'NONE',  ( 136.3831598636841420, 60.55073636468564757, 136.4659253546847140 ) ) ;
#90 = CARTESIAN_POINT ( 'NONE',  ( 126.6787771124695041, 138.9999999999999432, 141.1261832367976012 ) ) ;
#91 = ORIENTED_EDGE ( 'NONE', *, *, #4647, .T. ) ;
#92 = CARTESIAN_POINT ( 'NONE',  ( 22.69459102344920964, 143.3898158132474805, 68.08332397229972344 ) ) ;
#93 = VERTEX_POINT ( 'NONE', #3463 ) ;
#94 = CARTESIAN_POINT ( 'NONE',  ( 140.1130236649814549, 77.86333591507222707, 174.8723934959654400 ) ) ;
#95 = CARTESIAN_POINT ( 'NONE',  ( 144.8603751525805023, 33.32344543406055948, 218.5661343206647871 ) ) ;
#96 = CARTESIAN_POINT ( 'NONE',  ( 130.0995837885071751, 94.03512860892247716, 148.1757724452148466 ) ) ;
#97 = DIRECTION ( 'NONE',  ( 0.5185246569183580290, -0.000000000000000000, 0.8550626761633906003 ) ) ;
#98 = EDGE_CURVE ( 'NONE', #1319, #566, #3704, .T. ) ;
#99 = CARTESIAN_POINT ( 'NONE',  ( 1.009719629430382282E-25, 140.9999999999999716, 212.1999999999999602 ) ) ;
#100 = CARTESIAN_POINT ( 'NONE',  ( 142.9515270839396237, 57.48148061503783168, 152.9212002188446604 ) ) ;
#101 = ORIENTED_EDGE ( 'NONE', *, *, #868, .F. ) ;
#102 = CARTESIAN_POINT ( 'NONE',  ( 25.02955882270263999, 15.21415440375627703, 67.36023508444674235 ) ) ;
#103 = CARTESIAN_POINT ( 'NONE',  ( 140.3547287903324445, 47.92135345766581622, 144.1048351829083742 ) ) ;
#104 = CARTESIAN_POINT ( 'NONE',  ( 145.3555236865410052, 87.51342467554552229, 144.8846879762482445 ) ) ;
#105 = EDGE_CURVE ( 'NONE', #1630, #2623, #1643, .T. ) ;
#106 = CARTESIAN_POINT ( 'NONE',  ( 126.8555192825946420, 35.47609886571810733, 138.4065255756795239 ) ) ;
#107 = CARTESIAN_POINT ( 'NONE',  ( 104.7250991102876725, 32.40762558788069470, 111.9118568795404514 ) ) ;
#108 = CARTESIAN_POINT ( 'NONE',  ( 131.4405960972554510, 65.02656290527177418, 150.9747642444315545 ) ) ;
#109 = CARTESIAN_POINT ( 'NONE',  ( 111.6630883166890840, 34.99568027226001021, 106.4428187498021998 ) ) ;
#110 = CARTESIAN_POINT ( 'NONE',  ( 136.1031039690185764, 59.08868202238066658, 135.9637932989725186 ) ) ;
#111 = CARTESIAN_POINT ( 'NONE',  ( 130.7423954796740020, 65.66481520533935168, 149.4973799606205489 ) ) ;
#112 = ORIENTED_EDGE ( 'NONE', *, *, #1343, .F. ) ;
#113 = EDGE_CURVE ( 'NONE', #3862, #3876, #3187, .T. ) ;
#114 = CARTESIAN_POINT ( 'NONE',  ( 23.63255254683788209, 142.5539450397875783, 68.16140748422117213 ) ) ;
#115 = ORIENTED_EDGE ( 'NONE', *, *, #3973, .F. ) ;
#116 = CARTESIAN_POINT ( 'NONE',  ( 141.0555676497320690, 80.35520216527429227, 178.6085291709191836 ) ) ;
#117 = CARTESIAN_POINT ( 'NONE',  ( 144.6693241918088120, 34.74206107193602122, 221.9880045511793014 ) ) ;
#118 = DIRECTION ( 'NONE',  ( -1.000000000000000000, 0.000000000000000000, 0.000000000000000000 ) ) ;
#119 = AXIS2_PLACEMENT_3D ( 'NONE', #592, #3898, #3951 ) ;
#120 = CARTESIAN_POINT ( 'NONE',  ( 148.0000000000000284, 101.1884104874900316, 146.5894746126752182 ) ) ;
#121 = AXIS2_PLACEMENT_3D ( 'NONE', #4125, #1225, #3734 ) ;
#122 = DIRECTION ( 'NONE',  ( 0.000000000000000000, 1.000000000000000000, 0.000000000000000000 ) ) ;
#123 = CARTESIAN_POINT ( 'NONE',  ( 141.0581498609019206, 63.14984950689083121, 149.3960950839991710 ) ) ;
#124 = EDGE_LOOP ( 'NONE', ( #1150, #3189, #1823, #254 ) ) ;
#125 = CARTESIAN_POINT ( 'NONE',  ( 32.33039476579759253, 14.00091964014837487, 69.00097405412788021 ) ) ;
#126 = CIRCLE ( 'NONE', #3632, 156.0000000000000000 ) ;
#127 = LINE ( 'NONE', #1614, #1584 ) ;
#128 = FACE_OUTER_BOUND ( 'NONE', #2563, .T. ) ;
#129 = AXIS2_PLACEMENT_3D ( 'NONE', #1783, #1837, #4380 ) ;
#130 = CARTESIAN_POINT ( 'NONE',  ( 126.8401714100104414, 35.34775360346913686, 138.3687569859997666 ) ) ;
#131 = CARTESIAN_POINT ( 'NONE',  ( 148.0000000000000284, 81.51037264931656523, 161.4847637885254414 ) ) ;
#132 = CARTESIAN_POINT ( 'NONE',  ( 128.4579635059664895, 62.89474184069074170, 141.8502717735134127 ) ) ;
#133 = CARTESIAN_POINT ( 'NONE',  ( 111.6963174044245193, 35.47409139389215937, 103.2966694504736154 ) ) ;
#134 = CARTESIAN_POINT ( 'NONE',  ( 139.1470067719372992, 65.50647436357840547, 141.6719716384175740 ) ) ;
#135 = CARTESIAN_POINT ( 'NONE',  ( 148.0000000000000284, 76.65470979761705905, 178.3779565494662052 ) ) ;
#136 = CARTESIAN_POINT ( 'NONE',  ( 106.4504437418648592, 34.40199198278076409, 111.0295369089873958 ) ) ;
#137 = CARTESIAN_POINT ( 'NONE',  ( 24.17836934681653815, 139.4136169744880078, 69.18630969774520167 ) ) ;
#138 = ORIENTED_EDGE ( 'NONE', *, *, #339, .F. ) ;
#139 = CARTESIAN_POINT ( 'NONE',  ( 141.3782299615820079, 79.99198405342862372, 179.9936590144966715 ) ) ;
#140 = CARTESIAN_POINT ( 'NONE',  ( 57.54128952326322377, 139.1332763791023410, 67.19999999999997442 ) ) ;
#141 = DIRECTION ( 'NONE',  ( -0.7985314644174773546, 0.000000000000000000, 0.6019530715390354336 ) ) ;
#142 = AXIS2_PLACEMENT_3D ( 'NONE', #4331, #1046, #36 ) ;
#143 = PRODUCT_DEFINITION ( 'UNKNOWN', '', #983, #3988 ) ;
#144 = CARTESIAN_POINT ( 'NONE',  ( 148.0000000000000568, 101.0262750190413783, 144.9377426878216397 ) ) ;
#145 = CARTESIAN_POINT ( 'NONE',  ( 24.70629911742381424, 139.7196144824304440, 69.18636284573265982 ) ) ;
#146 = CARTESIAN_POINT ( 'NONE',  ( 135.1642993104169079, 61.13178340660432752, 140.0294755480294384 ) ) ;
#147 = ORIENTED_EDGE ( 'NONE', *, *, #2880, .F. ) ;
#148 = CARTESIAN_POINT ( 'NONE',  ( 24.50891327458862534, 15.37921765390955997, 69.18633898724213793 ) ) ;
#149 = ORIENTED_EDGE ( 'NONE', *, *, #2362, .F. ) ;
#150 = DIRECTION ( 'NONE',  ( -0.000000000000000000, -1.000000000000000000, -0.000000000000000000 ) ) ;
#151 = CARTESIAN_POINT ( 'NONE',  ( 144.3507466379968491, 52.59209870862881075, 153.0476988308000443 ) ) ;
#152 = CARTESIAN_POINT ( 'NONE',  ( 148.0000000000000000, 81.17879911883923683, 161.1560738113603293 ) ) ;
#153 = CARTESIAN_POINT ( 'NONE',  ( 132.3732741686108056, 63.50231552181220707, 153.0187628540916478 ) ) ;
#154 = ADVANCED_FACE ( 'NONE', ( #559 ), #608, .F. ) ;
#155 = CARTESIAN_POINT ( 'NONE',  ( 142.3615153262451827, 65.45911120124004867, 148.4068405743978758 ) ) ;
#156 = DIRECTION ( 'NONE',  ( -0.7985314644174774656, 0.000000000000000000, 0.6019530715390354336 ) ) ;
#157 = CARTESIAN_POINT ( 'NONE',  ( 106.9027214979790159, 34.10018784147231230, 111.4039059161519560 ) ) ;
#158 = CARTESIAN_POINT ( 'NONE',  ( 24.87482536718527726, 139.7192046825340128, 67.33363543592625433 ) ) ;
#159 = CARTESIAN_POINT ( 'NONE',  ( 144.9332389791539697, 39.78853501730444009, 216.6028919620587487 ) ) ;
#160 = CARTESIAN_POINT ( 'NONE',  ( 24.29543471422523027, 15.61630684830716831, 67.23538797498845554 ) ) ;
#161 = CARTESIAN_POINT ( 'NONE',  ( 144.7769518460062557, 33.49024693963463761, 220.2426576438373047 ) ) ;
#162 = CARTESIAN_POINT ( 'NONE',  ( 133.4199513580698522, 93.54349344156018731, 155.4186669328749701 ) ) ;
#163 = EDGE_CURVE ( 'NONE', #3453, #1900, #2065, .T. ) ;
#164 = FACE_BOUND ( 'NONE', #3878, .T. ) ;
#165 = DIRECTION ( 'NONE',  ( -1.000000000000000000, -0.000000000000000000, 5.492589328197047850E-15 ) ) ;
#166 = CARTESIAN_POINT ( 'NONE',  ( 142.9671155802002431, 103.0748212868430898, 144.9467035074933676 ) ) ;
#167 = ORIENTED_EDGE ( 'NONE', *, *, #12, .F. ) ;
#168 = CARTESIAN_POINT ( 'NONE',  ( 23.63255254684773021, 12.44605496022602331, 68.16140748422196793 ) ) ;
#169 = ORIENTED_EDGE ( 'NONE', *, *, #4047, .T. ) ;
#170 = CARTESIAN_POINT ( 'NONE',  ( 140.1466443357890626, 50.16755972850646117, 147.8035174175052759 ) ) ;
#171 = APPLICATION_CONTEXT ( 'automotive_design' ) ;
#172 = CARTESIAN_POINT ( 'NONE',  ( 148.0000000000000284, 87.51360916288089697, 148.3818689321269062 ) ) ;
#173 = CARTESIAN_POINT ( 'NONE',  ( 133.0813458599645003, 61.40686078096975109, 154.6269971407569415 ) ) ;
#174 = VERTEX_POINT ( 'NONE', #3121 ) ;
#175 = CARTESIAN_POINT ( 'NONE',  ( 144.1622181060281207, 84.28650854563591110, 146.3843518547658675 ) ) ;
#176 = CARTESIAN_POINT ( 'NONE',  ( 126.3421809716116258, 49.95083632706914756, 141.0476753202220550 ) ) ;
#177 = CARTESIAN_POINT ( 'NONE',  ( 33.94567197662548352, 13.99999999999996270, 69.19964864939446159 ) ) ;
#178 = CARTESIAN_POINT ( 'NONE',  ( 27.32886689007918690, 140.4073288815488354, 67.77479556942874694 ) ) ;
#179 = CARTESIAN_POINT ( 'NONE',  ( 144.9141107761585943, 40.21203147224731111, 217.1941475769739327 ) ) ;
#180 = DIRECTION ( 'NONE',  ( 0.000000000000000000, 0.000000000000000000, 1.000000000000000000 ) ) ;
#181 = CARTESIAN_POINT ( 'NONE',  ( 132.9035689479553355, 97.39960843870454710, 154.2200158480318635 ) ) ;
#182 = FACE_OUTER_BOUND ( 'NONE', #4228, .T. ) ;
#183 = AXIS2_PLACEMENT_3D ( 'NONE', #2718, #905, #2901 ) ;
#184 = CARTESIAN_POINT ( 'NONE',  ( 128.0848317436338846, 64.04916367293087376, 140.0662639453285863 ) ) ;
#185 = CARTESIAN_POINT ( 'NONE',  ( 139.9361430136899855, 106.5842016856480541, 145.9289197078418283 ) ) ;
#186 = CARTESIAN_POINT ( 'NONE',  ( 135.9962659386817734, 57.82741813792039665, 135.7734595811942597 ) ) ;
#187 = ORIENTED_EDGE ( 'NONE', *, *, #4014, .T. ) ;
#188 = CARTESIAN_POINT ( 'NONE',  ( 28.47311928106444867, 14.38373511943831318, 69.18859910514323985 ) ) ;
#189 = CIRCLE ( 'NONE', #2171, 1.999999999999998224 ) ;
#190 = VERTEX_POINT ( 'NONE', #2804 ) ;
#191 = AXIS2_PLACEMENT_3D ( 'NONE', #3542, #1344, #2454 ) ;
#192 = DIRECTION ( 'NONE',  ( -1.000000000000000000, 0.000000000000000000, 0.000000000000000000 ) ) ;
#193 = CARTESIAN_POINT ( 'NONE',  ( 144.2606277386705642, 55.76929926236873314, 152.8142743990914312 ) ) ;
#194 = AXIS2_PLACEMENT_3D ( 'NONE', #1728, #1751, #701 ) ;
#195 = EDGE_CURVE ( 'NONE', #1030, #3666, #2169, .T. ) ;
#196 = CIRCLE ( 'NONE', #3949, 1.999999999999998224 ) ;
#197 = CARTESIAN_POINT ( 'NONE',  ( 147.6227558730353735, 82.58373434947993985, 158.1017918345154101 ) ) ;
#198 = CARTESIAN_POINT ( 'NONE',  ( 132.3637689530129080, 56.71466625408565676, 152.9214899335092355 ) ) ;
#199 = VERTEX_POINT ( 'NONE', #2086 ) ;
#200 = CARTESIAN_POINT ( 'NONE',  ( 148.0000000000000284, 140.9999999999999716, 234.5153120237517612 ) ) ;
#201 = AXIS2_PLACEMENT_3D ( 'NONE', #2128, #1373, #4248 ) ;
#202 = CARTESIAN_POINT ( 'NONE',  ( 26.60875570141681479, 14.70935887599767078, 69.18704765928990241 ) ) ;
#203 = CARTESIAN_POINT ( 'NONE',  ( 26.28100254075759423, 140.1766440287274804, 67.58154214750065591 ) ) ;
#204 = CARTESIAN_POINT ( 'NONE',  ( 144.6509312783296082, 38.85681958458834373, 222.2561483908947082 ) ) ;
#205 = VECTOR ( 'NONE', #141, 1000.000000000000114 ) ;
#206 = LINE ( 'NONE', #542, #3423 ) ;
#207 = CARTESIAN_POINT ( 'NONE',  ( 132.8210016580496813, 97.54617918788385111, 154.0310284014628337 ) ) ;
#208 = CARTESIAN_POINT ( 'NONE',  ( 140.9763780927202106, 50.78006960713229034, 149.2519152370578297 ) ) ;
#209 = FACE_OUTER_BOUND ( 'NONE', #437, .T. ) ;
#210 = CARTESIAN_POINT ( 'NONE',  ( 141.0185063967374504, 109.4518891646716696, 145.1347304424974709 ) ) ;
#211 = DIRECTION ( 'NONE',  ( 0.6019530715390354336, 0.000000000000000000, 0.7985314644174773546 ) ) ;
#212 = EDGE_LOOP ( 'NONE', ( #2175, #4142, #2598, #3904 ) ) ;
#213 = CARTESIAN_POINT ( 'NONE',  ( 1.225688446771515952E-13, 13.99999999999995737, 234.5153120237525286 ) ) ;
#214 = CARTESIAN_POINT ( 'NONE',  ( 130.8033860786673301, 59.65097809490573866, 135.5123518026531144 ) ) ;
#215 = CARTESIAN_POINT ( 'NONE',  ( 135.3658146688514705, 56.26030862276569877, 152.8923198060616073 ) ) ;
#216 = CARTESIAN_POINT ( 'NONE',  ( 144.2229203464640364, 55.24767823428305746, 152.7229477518397971 ) ) ;
#217 = CARTESIAN_POINT ( 'NONE',  ( 114.4868875206917238, 31.99999999999995737, 106.2341914303274564 ) ) ;
#218 = ADVANCED_FACE ( 'NONE', ( #2046 ), #1265, .F. ) ;
#219 = ADVANCED_FACE ( 'NONE', ( #707 ), #3598, .T. ) ;
#220 = CARTESIAN_POINT ( 'NONE',  ( 148.0000000000000284, 79.85644325924003795, 162.7700372679792906 ) ) ;
#221 = CARTESIAN_POINT ( 'NONE',  ( 147.5534817318898604, 83.09267156948581601, 157.0090747970130280 ) ) ;
#222 = CARTESIAN_POINT ( 'NONE',  ( 134.3968820287755364, 61.69817939097599435, 151.1471868679331294 ) ) ;
#223 = EDGE_LOOP ( 'NONE', ( #1580, #1988, #3293, #4615 ) ) ;
#224 = CARTESIAN_POINT ( 'NONE',  ( 128.0848317436338561, 51.50010306837260998, 141.3310851043431171 ) ) ;
#225 = CARTESIAN_POINT ( 'NONE',  ( 133.7220974501450996, 35.99999999999996447, 135.8167514861150380 ) ) ;
#226 = CARTESIAN_POINT ( 'NONE',  ( 34.05877273185283372, 140.9999999999999716, 69.19999999999998863 ) ) ;
#227 = CARTESIAN_POINT ( 'NONE',  ( 144.9544706734054955, 38.85440786926773171, 215.8358648551767942 ) ) ;
#228 = CARTESIAN_POINT ( 'NONE',  ( 148.0000000000000284, 86.46450227042862480, 152.0510421551910269 ) ) ;
#229 = CARTESIAN_POINT ( 'NONE',  ( 133.3872539943871516, 95.79485010311357485, 155.3418208628986577 ) ) ;
#230 = CARTESIAN_POINT ( 'NONE',  ( 137.5783201847234807, 50.23719318630783448, 143.6206763878439006 ) ) ;
#231 = CYLINDRICAL_SURFACE ( 'NONE', #4716, 156.0000000000000000 ) ;
#232 = CYLINDRICAL_SURFACE ( 'NONE', #3100, 3.700000000000009059 ) ;
#233 = CARTESIAN_POINT ( 'NONE',  ( 125.4748709693914179, -31.74896908357791148, 139.5291203079626428 ) ) ;
#234 = ORIENTED_EDGE ( 'NONE', *, *, #402, .T. ) ;
#235 = DIRECTION ( 'NONE',  ( 0.5143985495795321272, -0.000000000000000000, 0.8575512417287223244 ) ) ;
#236 = EDGE_CURVE ( 'NONE', #4365, #4686, #640, .T. ) ;
#237 = CARTESIAN_POINT ( 'NONE',  ( 23.08318915758460221, 76.65470979761705905, 182.0779565494661938 ) ) ;
#238 = CARTESIAN_POINT ( 'NONE',  ( 135.4587480663807639, 140.9999999999999716, 134.8247612456749778 ) ) ;
#239 = CARTESIAN_POINT ( 'NONE',  ( 24.09090652466237970, 15.92814202293424763, 67.20128196845320190 ) ) ;
#240 = EDGE_CURVE ( 'NONE', #1083, #1176, #2478, .T. ) ;
#241 = CARTESIAN_POINT ( 'NONE',  ( 106.9982399674251496, 34.06350941376852148, 111.4844293811860041 ) ) ;
#242 = CARTESIAN_POINT ( 'NONE',  ( 138.0623832708974987, 60.45326753027261901, 139.5355650782181272 ) ) ;
#243 = ORIENTED_EDGE ( 'NONE', *, *, #1745, .T. ) ;
#244 = CARTESIAN_POINT ( 'NONE',  ( 127.6930670346080632, 48.49742722539834006, 143.5002383078661978 ) ) ;
#245 = CARTESIAN_POINT ( 'NONE',  ( 125.3559499597562734, 35.01693661825736115, 139.3067079509971791 ) ) ;
#246 = CARTESIAN_POINT ( 'NONE',  ( 144.6796505981662335, 39.44469256563773740, 221.8347625939658485 ) ) ;
#247 = CARTESIAN_POINT ( 'NONE',  ( 148.0000000000000568, 83.56180990816255871, 158.7465691999401827 ) ) ;
#248 = CARTESIAN_POINT ( 'NONE',  ( 140.0610447458401779, 76.65470979761705905, 174.6779565494661881 ) ) ;
#249 = CARTESIAN_POINT ( 'NONE',  ( 103.1854148522019159, 140.9999999999999716, 110.3286587808966033 ) ) ;
#250 = ADVANCED_FACE ( 'NONE', ( #8 ), #416, .T. ) ;
#251 = DIRECTION ( 'NONE',  ( 0.000000000000000000, 1.000000000000000000, 0.000000000000000000 ) ) ;
#252 = CARTESIAN_POINT ( 'NONE',  ( 142.4185213378293895, 107.7168158395131741, 147.0030120076059461 ) ) ;
#253 = CARTESIAN_POINT ( 'NONE',  ( 141.7926849096708395, 110.5597211350761739, 147.1547202169357149 ) ) ;
#254 = ORIENTED_EDGE ( 'NONE', *, *, #1921, .T. ) ;
#255 = CYLINDRICAL_SURFACE ( 'NONE', #896, 1.000000000000000888 ) ;
#256 = VERTEX_POINT ( 'NONE', #3623 ) ;
#257 = CARTESIAN_POINT ( 'NONE',  ( 130.9254282848739308, 59.32729007541558275, 135.4203533227471894 ) ) ;
#258 = CIRCLE ( 'NONE', #3936, 2.099999999999990763 ) ;
#259 = ORIENTED_EDGE ( 'NONE', *, *, #82, .F. ) ;
#260 = DIRECTION ( 'NONE',  ( 0.000000000000000000, 0.000000000000000000, 1.000000000000000000 ) ) ;
#261 = CARTESIAN_POINT ( 'NONE',  ( 14.79494911654538924, 10.87261881114683781, 67.42826352090882835 ) ) ;
#262 = CARTESIAN_POINT ( 'NONE',  ( 114.1227104650976258, 34.10975379949328357, 105.8408184158601131 ) ) ;
#263 = AXIS2_PLACEMENT_3D ( 'NONE', #4137, #805, #3696 ) ;
#264 = CARTESIAN_POINT ( 'NONE',  ( 142.9038236311327523, 55.53369900647857094, 154.8022893174116916 ) ) ;
#265 = CARTESIAN_POINT ( 'NONE',  ( 137.9694431769435994, 64.26135615069516405, 139.3954284832270787 ) ) ;
#266 = ORIENTED_EDGE ( 'NONE', *, *, #463, .F. ) ;
#267 = AXIS2_PLACEMENT_3D ( 'NONE', #2565, #1064, #2591 ) ;
#268 = CARTESIAN_POINT ( 'NONE',  ( 128.1992687315263595, 50.85865474816833398, 137.4754008565850540 ) ) ;
#269 = AXIS2_PLACEMENT_3D ( 'NONE', #99, #2658, #504 ) ;
#270 = CARTESIAN_POINT ( 'NONE',  ( -2.822154058264507167E-14, 36.99999999999995737, 221.1467391801446922 ) ) ;
#271 = CARTESIAN_POINT ( 'NONE',  ( 148.0000000000000284, 111.0488827086809636, 163.2102051443364701 ) ) ;
#272 = CARTESIAN_POINT ( 'NONE',  ( 147.8199711323235874, 87.26734991078278370, 145.2618584095413894 ) ) ;
#273 = CARTESIAN_POINT ( 'NONE',  ( 144.1835979108466859, 104.7902570247205176, 146.3815677615395430 ) ) ;
#274 = CARTESIAN_POINT ( 'NONE',  ( 133.4638010031039244, 95.06112832075741892, 155.5218120242634541 ) ) ;
#275 = CARTESIAN_POINT ( 'NONE',  ( 139.8393683485425072, 50.03904268529326771, 147.2808740445101705 ) ) ;
#276 = AXIS2_PLACEMENT_3D ( 'NONE', #2558, #2201, #1522 ) ;
#277 = AXIS2_PLACEMENT_3D ( 'NONE', #1278, #870, #2323 ) ;
#278 = CARTESIAN_POINT ( 'NONE',  ( 24.08318925902430863, 139.0068208018096811, 67.19999999999998863 ) ) ;
#279 = CARTESIAN_POINT ( 'NONE',  ( 144.6727335091713371, 104.3418141252435447, 146.3289369609364314 ) ) ;
#280 = LINE ( 'NONE', #3127, #3858 ) ;
#281 = ORIENTED_EDGE ( 'NONE', *, *, #2975, .T. ) ;
#282 = FACE_OUTER_BOUND ( 'NONE', #2430, .T. ) ;
#283 = ADVANCED_FACE ( 'NONE', ( #3555 ), #371, .T. ) ;
#284 = CARTESIAN_POINT ( 'NONE',  ( 147.7935160278362900, 108.2167545752935069, 160.8617479945945945 ) ) ;
#285 = TOROIDAL_SURFACE ( 'NONE', #753, 154.0000000000000000, 2.000000000000000000 ) ;
#286 = ORIENTED_EDGE ( 'NONE', *, *, #960, .F. ) ;
#287 = CARTESIAN_POINT ( 'NONE',  ( 128.0848317436338561, 62.49989693162738291, 141.3310851043431171 ) ) ;
#288 = CARTESIAN_POINT ( 'NONE',  ( 23.91844722990500571, 15.98644533692000458, 69.18630137933467950 ) ) ;
#289 = DIRECTION ( 'NONE',  ( -2.775557561562888827E-14, -1.000000000000000000, 0.000000000000000000 ) ) ;
#290 = CARTESIAN_POINT ( 'NONE',  ( 104.8271407490159817, 34.56093917259629933, 112.0094968330771223 ) ) ;
#291 = CARTESIAN_POINT ( 'NONE',  ( 137.8924722294490834, 59.69722325674870689, 139.2014408941561783 ) ) ;
#292 = VERTEX_POINT ( 'NONE', #1119 ) ;
#293 = CARTESIAN_POINT ( 'NONE',  ( 144.1381726365319480, 59.42251509435573098, 152.5183469865544339 ) ) ;
#294 = EDGE_CURVE ( 'NONE', #3458, #4473, #3245, .T. ) ;
#295 = CARTESIAN_POINT ( 'NONE',  ( 125.2288649186587008, 34.66511216332902734, 139.0919648278189698 ) ) ;
#296 = CARTESIAN_POINT ( 'NONE',  ( 146.6392887470651658, 100.9775014749862976, 144.8846879762482445 ) ) ;
#297 = CARTESIAN_POINT ( 'NONE',  ( 145.2963414862280160, 15.99999999999995914, 234.5153120237517612 ) ) ;
#298 = CARTESIAN_POINT ( 'NONE',  ( 135.1891007207400719, 33.99124800864628781, 134.3544516389627859 ) ) ;
#299 = CYLINDRICAL_SURFACE ( 'NONE', #1519, 3.700000000000009059 ) ;
#300 = CARTESIAN_POINT ( 'NONE',  ( 146.0000000000000284, 138.9999999999999432, 163.2102051443364985 ) ) ;
#301 = EDGE_CURVE ( 'NONE', #2671, #1497, #4050, .T. ) ;
#302 = CARTESIAN_POINT ( 'NONE',  ( 141.1670969138174314, 80.30907420103298477, 145.1105520643359910 ) ) ;
#303 = CARTESIAN_POINT ( 'NONE',  ( 132.1070149530966376, 34.25952970041273460, 133.2695624485864414 ) ) ;
#304 = CARTESIAN_POINT ( 'NONE',  ( 111.6657474803705554, 34.98993675428157246, 106.4449748442805799 ) ) ;
#305 = EDGE_LOOP ( 'NONE', ( #555, #891, #1897, #4509 ) ) ;
#306 = CARTESIAN_POINT ( 'NONE',  ( 147.3581774439524281, 104.8873549103439018, 154.0123382097729916 ) ) ;
#307 = ORIENTED_EDGE ( 'NONE', *, *, #4069, .T. ) ;
#308 = CARTESIAN_POINT ( 'NONE',  ( 143.5379773966450330, 86.40365056495612350, 144.8846879762482445 ) ) ;
#309 = CARTESIAN_POINT ( 'NONE',  ( 132.0913639731678586, 54.11493856072187469, 152.3416579584833244 ) ) ;
#310 = FACE_OUTER_BOUND ( 'NONE', #3991, .T. ) ;
#311 = CARTESIAN_POINT ( 'NONE',  ( 114.1286311443695638, 32.00000000192917327, 105.8471264136660039 ) ) ;
#312 = ADVANCED_FACE ( 'NONE', ( #4744 ), #1192, .T. ) ;
#313 = CARTESIAN_POINT ( 'NONE',  ( 106.0285143306286386, 34.99537995143945324, 110.6904616859871595 ) ) ;
#314 = CARTESIAN_POINT ( 'NONE',  ( 146.9496660310955178, 85.76847055051794655, 148.0499311600770511 ) ) ;
#315 = ORIENTED_EDGE ( 'NONE', *, *, #3713, .T. ) ;
#316 = CARTESIAN_POINT ( 'NONE',  ( 144.9999999999999716, 36.99999999999995737, 215.3467391801447093 ) ) ;
#317 = CARTESIAN_POINT ( 'NONE',  ( 103.1854148522019017, 35.99999999999996447, 110.3286587808966175 ) ) ;
#318 = CARTESIAN_POINT ( 'NONE',  ( 126.3421809702212926, 35.73473221997668503, 141.0476753177533169 ) ) ;
#319 = CARTESIAN_POINT ( 'NONE',  ( 1.225688446771515952E-13, 138.9999999999999432, 234.5153120237525286 ) ) ;
#320 = CARTESIAN_POINT ( 'NONE',  ( 57.50198662134437910, 15.10712305347601259, 67.40552859268207442 ) ) ;
#321 = CARTESIAN_POINT ( 'NONE',  ( 134.0649404079988471, 32.20364342878603026, 132.4337630757080433 ) ) ;
#322 = DIRECTION ( 'NONE',  ( 0.000000000000000000, -1.000000000000000000, 0.000000000000000000 ) ) ;
#323 = FACE_OUTER_BOUND ( 'NONE', #2267, .T. ) ;
#324 = CARTESIAN_POINT ( 'NONE',  ( 142.4185213378293895, 81.38094957784873884, 147.0030120076059461 ) ) ;
#325 = CARTESIAN_POINT ( 'NONE',  ( 132.5181913070669850, 35.73245291595551265, 134.2196885572800795 ) ) ;
#326 = CARTESIAN_POINT ( 'NONE',  ( 144.9999999999999716, 36.99999999999995737, 219.0467391801447263 ) ) ;
#327 = CARTESIAN_POINT ( 'NONE',  ( 24.14865324216951947, 139.2144940927657331, 67.21088561037210241 ) ) ;
#328 = CARTESIAN_POINT ( 'NONE',  ( 147.8961038938291779, 110.6621480120056162, 162.5739740355356844 ) ) ;
#329 = ORIENTED_EDGE ( 'NONE', *, *, #758, .T. ) ;
#330 = CARTESIAN_POINT ( 'NONE',  ( 144.7427218874929338, 87.15868301881263847, 144.8846879762482445 ) ) ;
#331 = LINE ( 'NONE', #1493, #3474 ) ;
#332 = ORIENTED_EDGE ( 'NONE', *, *, #2685, .F. ) ;
#333 = CARTESIAN_POINT ( 'NONE',  ( 132.5222850308968532, 59.16885617323273294, 138.7212002188447286 ) ) ;
#334 = CARTESIAN_POINT ( 'NONE',  ( 136.8337757003089337, 51.92748228122346177, 137.2820872115931365 ) ) ;
#335 = ORIENTED_EDGE ( 'NONE', *, *, #4014, .F. ) ;
#336 = CARTESIAN_POINT ( 'NONE',  ( 105.7596224860369887, 32.00000000280586221, 113.0033735076174253 ) ) ;
#337 = CARTESIAN_POINT ( 'NONE',  ( 148.0000000000000000, 107.7738742387065685, 161.6684220451684837 ) ) ;
#338 = ORIENTED_EDGE ( 'NONE', *, *, #1512, .T. ) ;
#339 = EDGE_CURVE ( 'NONE', #3505, #3788, #3110, .T. ) ;
#340 = AXIS2_PLACEMENT_3D ( 'NONE', #4752, #2197, #3305 ) ;
#341 = CARTESIAN_POINT ( 'NONE',  ( 146.0000000000000284, 138.9999999999999432, 234.5153120237517328 ) ) ;
#342 = CIRCLE ( 'NONE', #3631, 2.000000000000007105 ) ;
#343 = CARTESIAN_POINT ( 'NONE',  ( 125.3177707286642146, 34.89359806155494681, 139.2421096861737055 ) ) ;
#344 = DIRECTION ( 'NONE',  ( -1.000000000000000000, 0.000000000000000000, 5.492589328197047850E-15 ) ) ;
#345 = DIRECTION ( 'NONE',  ( 2.218880795315033655E-16, 0.000000000000000000, -1.000000000000000000 ) ) ;
#346 = CARTESIAN_POINT ( 'NONE',  ( 140.5471046539780104, 73.43391583254719990, 176.5411444462255304 ) ) ;
#347 = DIRECTION ( 'NONE',  ( 0.000000000000000000, 0.000000000000000000, -1.000000000000000000 ) ) ;
#348 = AXIS2_PLACEMENT_3D ( 'NONE', #4156, #916, #4205 ) ;
#349 = B_SPLINE_CURVE_WITH_KNOTS ( 'NONE', 3,
 ( #1624, #2269, #2695, #4533, #94, #4147, #71, #4441, #3008, #1537, #1153, #860, #2314, #3428, #4487, #498, #2653, #116, #2985, #2605, #4169, #139, #1177, #1605, #3755, #880, #2293, #3402, #3034, #4082, #2335, #2243, #3707, #3804 ),
 .UNSPECIFIED., .F., .F.,
 ( 4, 2, 2, 2, 2, 2, 2, 2, 2, 2, 2, 2, 2, 2, 2, 2, 4 ),
 ( 0.000000000000000000, 0.0007334899226511611310, 0.001466979845302322262, 0.002200469767953483393, 0.002933959690604644524, 0.003667449613255805655, 0.004400939535906966786, 0.005134429458558128351, 0.005867919381209289048, 0.006601409303860449745, 0.007334899226511611310, 0.008068389149162772875, 0.008801879071813933572, 0.009535368994465094269, 0.01026885891711625670, 0.01100234883976741740, 0.01173583876241857810 ),
 .UNSPECIFIED. ) ;
#350 = CARTESIAN_POINT ( 'NONE',  ( 14.51244557910231947, 143.9324717804491343, 67.40484281753531093 ) ) ;
#351 = CARTESIAN_POINT ( 'NONE',  ( 126.5466316138651734, 57.00000000000000000, 138.7212002188447286 ) ) ;
#352 = AXIS2_PLACEMENT_3D ( 'NONE', #3363, #456, #864 ) ;
#353 = CARTESIAN_POINT ( 'NONE',  ( 134.2788470505603868, 57.95028384126380416, 138.7825093649432802 ) ) ;
#354 = CARTESIAN_POINT ( 'NONE',  ( 24.18282443086384959, 139.2603206804991487, 67.21657789255577597 ) ) ;
#355 = AXIS2_PLACEMENT_3D ( 'NONE', #3625, #1758, #2113 ) ;
#356 = CARTESIAN_POINT ( 'NONE',  ( 147.6716759986136367, 106.9154365848787620, 158.8814954865281663 ) ) ;
#357 = ORIENTED_EDGE ( 'NONE', *, *, #929, .F. ) ;
#358 = CARTESIAN_POINT ( 'NONE',  ( 133.7592418621686932, 51.27901984429611559, 150.0395855958221318 ) ) ;
#359 = EDGE_LOOP ( 'NONE', ( #2694, #112, #266, #600, #2094 ) ) ;
#360 = CARTESIAN_POINT ( 'NONE',  ( 21.64350486448804389, 10.85449390693167970, 67.99609152858643313 ) ) ;
#361 = CARTESIAN_POINT ( 'NONE',  ( 137.6504419636071361, 57.12043418605853162, 138.7143161439441883 ) ) ;
#362 = ORIENTED_EDGE ( 'NONE', *, *, #4158, .F. ) ;
#363 = CARTESIAN_POINT ( 'NONE',  ( 104.4150095766445077, 35.70851801503029321, 111.5741144726096508 ) ) ;
#364 = CARTESIAN_POINT ( 'NONE',  ( 9.330272608855290528, 33.99999999999995737, 224.5772376984711798 ) ) ;
#365 = ADVANCED_FACE ( 'NONE', ( #2466 ), #1757, .T. ) ;
#366 = ORIENTED_EDGE ( 'NONE', *, *, #1708, .T. ) ;
#367 = CARTESIAN_POINT ( 'NONE',  ( 129.7482453878397166, 52.49960020922524251, 136.3077433533327962 ) ) ;
#368 =( GEOMETRIC_REPRESENTATION_CONTEXT ( 3 ) GLOBAL_UNCERTAINTY_ASSIGNED_CONTEXT ( ( #4373 ) ) GLOBAL_UNIT_ASSIGNED_CONTEXT ( ( #4071, #2157, #3620 ) ) REPRESENTATION_CONTEXT ( 'NONE', 'WORKASPACE' ) );
#369 = CARTESIAN_POINT ( 'NONE',  ( 138.1785195622023537, 64.00135702091397150, 144.5616166192505148 ) ) ;
#370 = CARTESIAN_POINT ( 'NONE',  ( 128.0848317436338561, 62.49989693162738291, 141.3310851043431171 ) ) ;
#371 = SPHERICAL_SURFACE ( 'NONE', #2557, 2.000000000000000000 ) ;
#372 = CARTESIAN_POINT ( 'NONE',  ( 57.52142269853376177, 15.35023044272317350, 67.30391023531278449 ) ) ;
#373 = CARTESIAN_POINT ( 'NONE',  ( 141.5174010350335720, 73.69469304183478187, 180.6109552555125788 ) ) ;
#374 = DIRECTION ( 'NONE',  ( 1.000000000000000000, 0.000000000000000000, 0.000000000000000000 ) ) ;
#375 = CARTESIAN_POINT ( 'NONE',  ( 23.91926225556110097, 139.0268610589637035, 69.18630137004161895 ) ) ;
#376 = CARTESIAN_POINT ( 'NONE',  ( 141.0185063967433337, 79.64587625269022908, 145.1347304424974709 ) ) ;
#377 = CARTESIAN_POINT ( 'NONE',  ( 145.2963414862280445, 138.9999999999999432, 234.5153120237517612 ) ) ;
#378 = CARTESIAN_POINT ( 'NONE',  ( 141.2259590758897048, 107.6022248618989750, 145.9335972683319937 ) ) ;
#379 = CARTESIAN_POINT ( 'NONE',  ( 135.3919914315557946, 34.94775855061759984, 134.7079904346262538 ) ) ;
#380 = CARTESIAN_POINT ( 'NONE',  ( 147.1856342797301238, 104.1343475922138850, 151.4507755737698176 ) ) ;
#381 = CARTESIAN_POINT ( 'NONE',  ( 129.6621498311147036, 50.25758300143117197, 143.5733434802557440 ) ) ;
#382 = VERTEX_POINT ( 'NONE', #2572 ) ;
#383 = CARTESIAN_POINT ( 'NONE',  ( 24.10497660021109212, 15.64888257420113327, 69.18630602719852618 ) ) ;
#384 = CARTESIAN_POINT ( 'NONE',  ( 139.9364500014683301, 48.05298048412034007, 143.2515387966836613 ) ) ;
#385 = ORIENTED_EDGE ( 'NONE', *, *, #4289, .F. ) ;
#386 = VERTEX_POINT ( 'NONE', #760 ) ;
#387 = CARTESIAN_POINT ( 'NONE',  ( 147.8551386697721455, 79.87321867274630449, 161.8845144948637653 ) ) ;
#388 = ORIENTED_EDGE ( 'NONE', *, *, #651, .F. ) ;
#389 = CARTESIAN_POINT ( 'NONE',  ( 126.5711503430423477, 57.06057503866467329, 138.7027173850475492 ) ) ;
#390 = EDGE_CURVE ( 'NONE', #4067, #174, #3940, .T. ) ;
#391 = CARTESIAN_POINT ( 'NONE',  ( 142.3183108940416730, 60.97783989443583863, 151.7072025910414368 ) ) ;
#392 = CARTESIAN_POINT ( 'NONE',  ( 130.2535365592783023, 63.97252306695023805, 144.4461966249567695 ) ) ;
#393 = CARTESIAN_POINT ( 'NONE',  ( 128.5205005789452457, 65.95163674130763809, 145.0607266884683213 ) ) ;
#394 = DIRECTION ( 'NONE',  ( -1.387778780781444413E-14, 0.000000000000000000, 1.000000000000000000 ) ) ;
#395 = CARTESIAN_POINT ( 'NONE',  ( 141.8367459382939728, 76.40977650905321639, 182.0779565494661938 ) ) ;
#396 = CYLINDRICAL_SURFACE ( 'NONE', #2965, 2.000000000000001776 ) ;
#397 = CARTESIAN_POINT ( 'NONE',  ( 24.41591393448921821, 139.4688471073681910, 67.25564219062101756 ) ) ;
#398 = CARTESIAN_POINT ( 'NONE',  ( 142.8073411385337863, 82.32112466952419538, 146.7981279219168584 ) ) ;
#399 = CARTESIAN_POINT ( 'NONE',  ( 146.0000000000000284, 140.9999999999999716, 163.2102051443364701 ) ) ;
#400 = CARTESIAN_POINT ( 'NONE',  ( 144.9999999999999716, 36.99999999999995737, 216.9467391801447320 ) ) ;
#401 = CARTESIAN_POINT ( 'NONE',  ( 133.6634718958119095, 32.02546692950623708, 131.7628011254522278 ) ) ;
#402 = EDGE_CURVE ( 'NONE', #1589, #2623, #501, .T. ) ;
#403 = CARTESIAN_POINT ( 'NONE',  ( 142.9515270839396521, 57.00000000000210321, 152.9212002188447457 ) ) ;
#404 = CARTESIAN_POINT ( 'NONE',  ( 145.5827905863583283, 85.81838380394187027, 144.8846879762482445 ) ) ;
#405 = CARTESIAN_POINT ( 'NONE',  ( 126.8809256005557984, 64.04916367293087376, 138.4692010164935994 ) ) ;
#406 = ORIENTED_EDGE ( 'NONE', *, *, #2848, .T. ) ;
#407 = CARTESIAN_POINT ( 'NONE',  ( 18.71299965193217574, 9.877557010134175641, 67.75309216977632332 ) ) ;
#408 = CARTESIAN_POINT ( 'NONE',  ( 138.9740363793708866, 48.61590559543590473, 141.3298203607918424 ) ) ;
#409 = EDGE_LOOP ( 'NONE', ( #2075, #1565, #2959 ) ) ;
#410 = FACE_OUTER_BOUND ( 'NONE', #3311, .T. ) ;
#411 = EDGE_LOOP ( 'NONE', ( #3640, #1299, #3526, #1793 ) ) ;
#412 = VECTOR ( 'NONE', #995, 1000.000000000000000 ) ;
#413 = CARTESIAN_POINT ( 'NONE',  ( 140.6624505720193099, 66.10192533624930888, 144.7450111181498755 ) ) ;
#414 = CARTESIAN_POINT ( 'NONE',  ( 103.4669558202043618, 34.23053646984592291, 110.6145738096565481 ) ) ;
#415 = CARTESIAN_POINT ( 'NONE',  ( 129.5459171591999450, 66.13108796435194847, 147.0565724228696070 ) ) ;
#416 = TOROIDAL_SURFACE ( 'NONE', #568, 147.0000000000000000, 2.000000000000000000 ) ;
#417 = CARTESIAN_POINT ( 'NONE',  ( 113.2945737936655632, 35.55308065749496649, 104.9380773553001802 ) ) ;
#418 = CARTESIAN_POINT ( 'NONE',  ( 144.7947507695202773, 56.16574597170261995, 154.1441601712581928 ) ) ;
#419 = DIRECTION ( 'NONE',  ( 1.000000000000000000, 0.000000000000000000, 2.218880795315036613E-16 ) ) ;
#420 = ORIENTED_EDGE ( 'NONE', *, *, #666, .T. ) ;
#421 = AXIS2_PLACEMENT_3D ( 'NONE', #2248, #1673, #978 ) ;
#422 =( BOUNDED_SURFACE ( )  B_SPLINE_SURFACE ( 3, 2, ( 
 ( #3932, #2798, #4664 ),
 ( #2515, #1802, #336 ),
 ( #1451, #1350, #2895 ),
 ( #241, #4348, #3159 ),
 ( #1011, #2459, #3962 ),
 ( #2820, #4634, #4273 ),
 ( #4295, #3909, #646 ),
 ( #676, #2104, #989 ),
 ( #1775, #4684, #3571 ),
 ( #2871, #290, #1396 ),
 ( #2844, #1035, #3592 ),
 ( #313, #2539, #4374 ),
 ( #4015, #725, #2181 ),
 ( #1087, #3644, #1830 ),
 ( #3291, #363, #1 ),
 ( #1475, #3119, #2692 ) ),
 .UNSPECIFIED., .F., .F., .T. ) 
 B_SPLINE_SURFACE_WITH_KNOTS ( ( 4, 2, 2, 2, 2, 2, 2, 4 ),
 ( 3, 3 ),
 ( 0.002707229365462755777, 0.003491751195512397907, 0.004276273025562040038, 0.005060794855611682602, 0.005845316685661324299, 0.006629838515710965996, 0.007414360345760608560, 0.008983404005859892821 ),
 ( 0.000000000000000000, 1.000000000000000000 ),
 .UNSPECIFIED. ) 
 GEOMETRIC_REPRESENTATION_ITEM ( )  RATIONAL_B_SPLINE_SURFACE ( (
 ( 1.000000000000000000, 0.7071067811865475727, 1.000000000000000000),
 ( 1.000000000000000000, 0.7095651310881964102, 1.000000000000000000),
 ( 1.000000000000000000, 0.7120947616438517702, 1.000000000000000000),
 ( 1.000000000000000000, 0.7172711858196558765, 1.000000000000000000),
 ( 1.000000000000000000, 0.7199469107024977221, 1.000000000000000000),
 ( 1.000000000000000000, 0.7252292479742944442, 1.000000000000000000),
 ( 1.000000000000000000, 0.7278233929614398301, 1.000000000000000000),
 ( 1.000000000000000000, 0.7328646885016755208, 1.000000000000000000),
 ( 1.000000000000000000, 0.7353260408374204804, 1.000000000000000000),
 ( 1.000000000000000000, 0.7398311025545070141, 1.000000000000000000),
 ( 1.000000000000000000, 0.7419013999142594074, 1.000000000000000000),
 ( 1.000000000000000000, 0.7456108668430159181, 1.000000000000000000),
 ( 1.000000000000000000, 0.7472232876639983701, 1.000000000000000000),
 ( 1.000000000000000000, 0.7511306454293958934, 1.000000000000000000),
 ( 1.000000000000000000, 0.7525691893734415272, 1.000000000000000000),
 ( 1.000000000000000000, 0.7525466966323389739, 1.000000000000000000) ) ) 
 REPRESENTATION_ITEM ( '' )  SURFACE ( )  );
#423 = CARTESIAN_POINT ( 'NONE',  ( 23.96885550403804288, 139.1828853154869421, 69.18630198517544727 ) ) ;
#424 = ORIENTED_EDGE ( 'NONE', *, *, #3199, .T. ) ;
#425 = CARTESIAN_POINT ( 'NONE',  ( 1.009719629430382282E-25, 140.9999999999999716, 212.1999999999999602 ) ) ;
#426 = CARTESIAN_POINT ( 'NONE',  ( 144.6176415894594243, 36.51834140404059781, 222.7233071746473172 ) ) ;
#427 = DIRECTION ( 'NONE',  ( 0.000000000000000000, 0.000000000000000000, -1.000000000000000000 ) ) ;
#428 = CIRCLE ( 'NONE', #4640, 2.000000000000001776 ) ;
#429 = ADVANCED_FACE ( 'NONE', ( #4526 ), #2066, .T. ) ;
#430 = AXIS2_PLACEMENT_3D ( 'NONE', #1158, #2609, #4086 ) ;
#431 = CARTESIAN_POINT ( 'NONE',  ( 147.9891890913243628, 101.1484076269843371, 144.9696535931547885 ) ) ;
#432 = DIRECTION ( 'NONE',  ( 0.000000000000000000, 0.000000000000000000, -1.000000000000000000 ) ) ;
#433 = CARTESIAN_POINT ( 'NONE',  ( 129.1793101913604573, 49.85571057404170148, 146.3376906109247955 ) ) ;
#434 = VERTEX_POINT ( 'NONE', #405 ) ;
#435 = CARTESIAN_POINT ( 'NONE',  ( 23.94550370883932189, 15.86552342098444868, 69.18630166841455775 ) ) ;
#436 = CARTESIAN_POINT ( 'NONE',  ( 139.9851472043602030, 50.27141558245100583, 143.3494749659115541 ) ) ;
#437 = EDGE_LOOP ( 'NONE', ( #3228, #625, #1676, #147 ) ) ;
#438 = CIRCLE ( 'NONE', #1049, 3.700000000000009059 ) ;
#439 = CARTESIAN_POINT ( 'NONE',  ( 148.0000000000000284, 106.2859747980538430, 159.9130727901163311 ) ) ;
#440 = CARTESIAN_POINT ( 'NONE',  ( 140.9011109614829707, 63.29206026102744431, 149.1185095197902228 ) ) ;
#441 = CARTESIAN_POINT ( 'NONE',  ( 132.0659389713181042, 63.96373917341714588, 147.2415503371231580 ) ) ;
#442 = CARTESIAN_POINT ( 'NONE',  ( 130.5933289381330837, 63.33284998335856386, 149.1840685875964425 ) ) ;
#443 = ORIENTED_EDGE ( 'NONE', *, *, #2776, .T. ) ;
#444 = CARTESIAN_POINT ( 'NONE',  ( 113.5199760210241493, 34.80783898871717952, 105.1864397594788443 ) ) ;
#445 = CARTESIAN_POINT ( 'NONE',  ( 139.0119509856444893, 65.40166210214445641, 141.4061933740046300 ) ) ;
#446 = CARTESIAN_POINT ( 'NONE',  ( 131.9534088793538160, 64.30918217883333909, 152.0882096107894199 ) ) ;
#447 = VERTEX_POINT ( 'NONE', #1523 ) ;
#448 = EDGE_CURVE ( 'NONE', #1743, #1319, #331, .T. ) ;
#449 = CARTESIAN_POINT ( 'NONE',  ( 19.50296712142703015, 145.0045147327948882, 67.81858855077433645 ) ) ;
#450 = EDGE_LOOP ( 'NONE', ( #3181, #2835, #2099, #1863 ) ) ;
#451 = CARTESIAN_POINT ( 'NONE',  ( 24.38443167041239690, 15.54991619631401356, 67.25031634994951446 ) ) ;
#452 = CARTESIAN_POINT ( 'NONE',  ( 144.9065396920394448, 33.67278094107097530, 217.4101050368333574 ) ) ;
#453 = CARTESIAN_POINT ( 'NONE',  ( 133.2485037390019897, 92.62241763418101925, 155.0173087369374514 ) ) ;
#454 = EDGE_CURVE ( 'NONE', #292, #1424, #258, .T. ) ;
#455 = CARTESIAN_POINT ( 'NONE',  ( 146.6913116404899711, 102.7266820233145239, 144.4677955068262918 ) ) ;
#456 = DIRECTION ( 'NONE',  ( 1.000000000000000000, -0.000000000000000000, 2.218880795315036613E-16 ) ) ;
#457 = CARTESIAN_POINT ( 'NONE',  ( 134.8319036047221857, 60.35112486868641213, 139.5575520429898972 ) ) ;
#458 = ORIENTED_EDGE ( 'NONE', *, *, #2273, .F. ) ;
#459 = CARTESIAN_POINT ( 'NONE',  ( 24.41591393448912228, 15.53115289263196175, 67.25564219062096072 ) ) ;
#460 = CARTESIAN_POINT ( 'NONE',  ( 140.6497345137358934, 49.91535991844398978, 144.7172293513121986 ) ) ;
#461 = CARTESIAN_POINT ( 'NONE',  ( 141.0000000000000000, 140.9999999999999716, 145.4542136161390147 ) ) ;
#462 =( BOUNDED_CURVE ( )  B_SPLINE_CURVE ( 3, ( #1717, #4652, #3921, #3516 ),
 .UNSPECIFIED., .F., .F. ) 
 B_SPLINE_CURVE_WITH_KNOTS ( ( 4, 4 ),
 ( 5.397050151299759513, 6.283185307179586232 ),
 .UNSPECIFIED. ) 
 CURVE ( )  GEOMETRIC_REPRESENTATION_ITEM ( )  RATIONAL_B_SPLINE_CURVE ( ( 1.000000000000000000, 0.9356272039290508546, 0.9356272039290508546, 1.000000000000000000 ) ) 
 REPRESENTATION_ITEM ( '' )  );
#463 = EDGE_CURVE ( 'NONE', #4653, #2240, #544, .T. ) ;
#464 = CARTESIAN_POINT ( 'NONE',  ( 140.6795448109099027, 64.08138551016762108, 144.7809372620856436 ) ) ;
#465 = CARTESIAN_POINT ( 'NONE',  ( 104.2674996765651940, 32.82194301331136899, 111.4362411095844720 ) ) ;
#466 = CARTESIAN_POINT ( 'NONE',  ( 131.3431170540518167, 62.19616364556332400, 150.7502200640545595 ) ) ;
#467 = FACE_BOUND ( 'NONE', #1468, .T. ) ;
#468 = CARTESIAN_POINT ( 'NONE',  ( 140.7950229227744501, 66.10421249510825703, 145.0221565044277270 ) ) ;
#469 = CARTESIAN_POINT ( 'NONE',  ( 129.1522725243696641, 66.12565165083277918, 146.2795740059138154 ) ) ;
#470 = VERTEX_POINT ( 'NONE', #1230 ) ;
#471 = CARTESIAN_POINT ( 'NONE',  ( 24.06926755360943915, 139.3153812960678977, 69.18630467230070735 ) ) ;
#472 = CARTESIAN_POINT ( 'NONE',  ( 0.000000000000000000, 15.99999999999995914, 212.1999999999999602 ) ) ;
#473 = DIRECTION ( 'NONE',  ( 0.3181155510108005235, -3.072846764699399363E-14, 0.9480519480519487008 ) ) ;
#474 = CARTESIAN_POINT ( 'NONE',  ( 57.52889833043752077, 139.5218256887065706, 67.26481278368291328 ) ) ;
#475 = CARTESIAN_POINT ( 'NONE',  ( 25.89825501724186907, 140.0808172186075353, 67.51220863157648466 ) ) ;
#476 = CARTESIAN_POINT ( 'NONE',  ( 146.4582799117255831, 14.05136405114022580, 217.9085272358461225 ) ) ;
#477 = CARTESIAN_POINT ( 'NONE',  ( 142.9467229466544609, 138.9999999999999432, 236.5153120237517612 ) ) ;
#478 = CARTESIAN_POINT ( 'NONE',  ( 135.3514757937231821, 61.48173965567717403, 140.2974298545537977 ) ) ;
#479 = VERTEX_POINT ( 'NONE', #1966 ) ;
#480 = CARTESIAN_POINT ( 'NONE',  ( 25.65356804933996671, 14.99696148471581303, 67.46929197438521442 ) ) ;
#481 = ORIENTED_EDGE ( 'NONE', *, *, #1937, .T. ) ;
#482 = VERTEX_POINT ( 'NONE', #505 ) ;
#483 = CARTESIAN_POINT ( 'NONE',  ( 146.6549175882350085, 100.9709176117606546, 144.8846879762482445 ) ) ;
#484 = CARTESIAN_POINT ( 'NONE',  ( 142.9219386104840623, 49.17536931373333431, 149.6748050790406808 ) ) ;
#485 = EDGE_CURVE ( 'NONE', #2897, #3505, #1402, .T. ) ;
#486 = CARTESIAN_POINT ( 'NONE',  ( 128.1992687315191688, 63.14134525183003177, 137.4754008565904826 ) ) ;
#487 = EDGE_CURVE ( 'NONE', #1415, #1848, #2700, .T. ) ;
#488 = CARTESIAN_POINT ( 'NONE',  ( 148.0000000000000284, 83.59147915877949231, 158.6965363854147313 ) ) ;
#489 = CARTESIAN_POINT ( 'NONE',  ( 131.2670754563588389, 65.21693833395104889, 150.6034856719038828 ) ) ;
#490 = CARTESIAN_POINT ( 'NONE',  ( 113.4735683020498271, 34.90931602013075974, 105.1355851646836754 ) ) ;
#491 = CARTESIAN_POINT ( 'NONE',  ( 141.8609168952813491, 65.82012884120857166, 147.3012442868501921 ) ) ;
#492 = CARTESIAN_POINT ( 'NONE',  ( 132.3887963645769332, 63.46753282021290232, 153.0535061392262435 ) ) ;
#493 = AXIS2_PLACEMENT_3D ( 'NONE', #1911, #1152, #859 ) ;
#494 = CARTESIAN_POINT ( 'NONE',  ( 23.93364496726889001, 15.88716122096471217, 69.18630145220056704 ) ) ;
#495 = CARTESIAN_POINT ( 'NONE',  ( 23.95443272593418627, 139.1548136535696756, 69.18630175058565612 ) ) ;
#496 = B_SPLINE_CURVE_WITH_KNOTS ( 'NONE', 3,
 ( #3359, #743, #2222, #379, #1103, #2554, #73, #793, #4031, #3683, #2529, #1179, #1844, #4005, #2628, #401, #1869, #4443 ),
 .UNSPECIFIED., .F., .F.,
 ( 4, 2, 2, 2, 2, 2, 2, 2, 4 ),
 ( 0.000000000000000000, 0.0007954815577701154772, 0.001590963115540230954, 0.002386444673310346432, 0.003181926231080461909, 0.003977407788850577386, 0.004772889346620692863, 0.005568370904390808340, 0.006363852462160923817 ),
 .UNSPECIFIED. ) ;
#497 = ORIENTED_EDGE ( 'NONE', *, *, #1202, .F. ) ;
#498 = CARTESIAN_POINT ( 'NONE',  ( 140.8838195932376607, 80.33088892654215840, 177.8953687845595653 ) ) ;
#499 = CARTESIAN_POINT ( 'NONE',  ( 148.0000000000000284, 140.9999999999999716, 163.2102051443364701 ) ) ;
#500 = CARTESIAN_POINT ( 'NONE',  ( 33.19552076305369326, 140.9905632644538684, 68.99964154964999352 ) ) ;
#501 = CIRCLE ( 'NONE', #3710, 2.000000000000001776 ) ;
#502 = LINE ( 'NONE', #4444, #3170 ) ;
#503 = AXIS2_PLACEMENT_3D ( 'NONE', #1575, #3027, #784 ) ;
#504 = DIRECTION ( 'NONE',  ( 3.019806626980425159E-14, 0.000000000000000000, 1.000000000000000000 ) ) ;
#505 = CARTESIAN_POINT ( 'NONE',  ( 144.9999999999999716, 36.99999999999995737, 221.1467391801447206 ) ) ;
#506 = ORIENTED_EDGE ( 'NONE', *, *, #2555, .T. ) ;
#507 = CARTESIAN_POINT ( 'NONE',  ( 33.19407967079833810, 13.99999999999996092, 69.19734672899205918 ) ) ;
#508 = ORIENTED_EDGE ( 'NONE', *, *, #4363, .F. ) ;
#509 = AXIS2_PLACEMENT_3D ( 'NONE', #539, #1640, #3508 ) ;
#510 = EDGE_CURVE ( 'NONE', #1500, #1900, #1342, .T. ) ;
#511 = FACE_OUTER_BOUND ( 'NONE', #3784, .T. ) ;
#512 = CARTESIAN_POINT ( 'NONE',  ( 144.0663674072541482, 51.56515265358745381, 152.3591672291529449 ) ) ;
#513 = AXIS2_PLACEMENT_3D ( 'NONE', #630, #2087, #2719 ) ;
#514 = AXIS2_PLACEMENT_3D ( 'NONE', #1574, #3699, #3397 ) ;
#515 = EDGE_CURVE ( 'NONE', #470, #1876, #462, .T. ) ;
#516 = DIRECTION ( 'NONE',  ( -0.3998581078393209087, -0.5796530250814087015, -0.7100111718199439981 ) ) ;
#517 = CARTESIAN_POINT ( 'NONE',  ( 132.7617238055465236, 51.50892353196373818, 153.8956471197722351 ) ) ;
#518 = CARTESIAN_POINT ( 'NONE',  ( 144.9999999999999716, 36.99999999999995737, 219.0467391801447263 ) ) ;
#519 = CARTESIAN_POINT ( 'NONE',  ( 126.3421809716116258, 64.04916367293085955, 141.0476753202220550 ) ) ;
#520 = CARTESIAN_POINT ( 'NONE',  ( 32.29295263477261813, 14.03691091071048369, 69.19511886219328289 ) ) ;
#521 = CARTESIAN_POINT ( 'NONE',  ( 25.10030544810882702, 141.5464782288791810, 68.28602106337181965 ) ) ;
#522 = CARTESIAN_POINT ( 'NONE',  ( 133.7220974501450712, 138.9999999999999432, 135.8167514861150380 ) ) ;
#523 = DIRECTION ( 'NONE',  ( 1.000000000000000000, -0.000000000000000000, 2.218880795315036860E-16 ) ) ;
#524 = DIRECTION ( 'NONE',  ( -0.000000000000000000, 1.000000000000000000, -0.000000000000000000 ) ) ;
#525 = CARTESIAN_POINT ( 'NONE',  ( 33.84267804150426429, 140.9995164944551220, 69.14936285686856365 ) ) ;
#526 = CARTESIAN_POINT ( 'NONE',  ( 104.6086619536116018, 138.9999999999999432, 108.9235368330468958 ) ) ;
#527 = CARTESIAN_POINT ( 'NONE',  ( 24.50467391837840125, 139.6299270713843441, 69.18633522593718510 ) ) ;
#528 = CARTESIAN_POINT ( 'NONE',  ( 142.9266802281051127, 57.95858293441997233, 152.8727257566304729 ) ) ;
#529 = ORIENTED_EDGE ( 'NONE', *, *, #1343, .T. ) ;
#530 = CARTESIAN_POINT ( 'NONE',  ( 25.29103935085794674, 15.06325476972113897, 69.18649614371484802 ) ) ;
#531 = FILL_AREA_STYLE ('',( #3065 ) ) ;
#532 = CARTESIAN_POINT ( 'NONE',  ( 142.9038236311327523, 55.85596296109867609, 152.8284235814628857 ) ) ;
#533 = CARTESIAN_POINT ( 'NONE',  ( 147.1259416328898908, 85.18617189847995519, 150.5811193080838279 ) ) ;
#534 = CARTESIAN_POINT ( 'NONE',  ( 132.3558961840968777, 56.42388288412081465, 152.9048020926367428 ) ) ;
#535 = ORIENTED_EDGE ( 'NONE', *, *, #716, .T. ) ;
#536 = CARTESIAN_POINT ( 'NONE',  ( 145.0418857927375313, 85.47916693141368683, 144.8846879762482445 ) ) ;
#537 = CARTESIAN_POINT ( 'NONE',  ( 127.1007975798156053, 65.02022171241635817, 142.4067336539756070 ) ) ;
#538 = ADVANCED_FACE ( 'NONE', ( #2834 ), #4309, .F. ) ;
#539 = CARTESIAN_POINT ( 'NONE',  ( 148.0000000000000284, 15.99999999999995914, 234.5153120237517328 ) ) ;
#540 = CARTESIAN_POINT ( 'NONE',  ( 25.47920349607333890, 141.4099476720329278, 68.31913549394519691 ) ) ;
#541 = CARTESIAN_POINT ( 'NONE',  ( 144.8268473018456746, 40.69998426853940998, 219.2882027983849298 ) ) ;
#542 = CARTESIAN_POINT ( 'NONE',  ( 1.575405364673677768E-15, 57.00000000000000000, 138.7212002188447002 ) ) ;
#543 = CARTESIAN_POINT ( 'NONE',  ( 133.0571545640722206, 92.03373008947130529, 154.5733502222872460 ) ) ;
#544 = B_SPLINE_CURVE_WITH_KNOTS ( 'NONE', 3,
 ( #3285, #3080, #4109, #1588, #3783, #457, #3452, #146, #478, #3760, #1917, #2659, #3738, #887, #4538, #3469, #3408, #3828, #548, #911, #123, #1249, #2678, #3432, #3062, #1273, #3041, #1987, #3809, #1939, #2365, #3386, #2725, #4558, #4519, #528, #100, #2702 ),
 .UNSPECIFIED., .F., .F.,
 ( 4, 2, 2, 2, 2, 2, 2, 2, 2, 2, 2, 2, 2, 2, 2, 2, 2, 2, 4 ),
 ( 0.001143716887351937288, 0.002602747323853050153, 0.003332262542103606694, 0.004061777760354164102, 0.005520808196855302337, 0.006250323415105864082, 0.006979838633356424960, 0.009897899506358751737, 0.01281596037936107851, 0.01573402125236340182, 0.01719305168886455307, 0.01792256690711514430, 0.01865208212536573207, 0.02011111256186694576, 0.02084062778011757516, 0.02157014299836820456, 0.02229965821661883396, 0.02302917343486945989, 0.02448820387137071522 ),
 .UNSPECIFIED. ) ;
#545 = CARTESIAN_POINT ( 'NONE',  ( 23.91823580719018949, 15.99999999999995914, 69.18630136986297430 ) ) ;
#546 = ADVANCED_FACE ( 'NONE', ( #1697 ), #1296, .F. ) ;
#547 = CARTESIAN_POINT ( 'NONE',  ( 140.6058596412108272, 105.4607028121112506, 145.6070169882702032 ) ) ;
#548 = CARTESIAN_POINT ( 'NONE',  ( 140.1659271486725231, 63.86355165922567778, 147.8313800824338387 ) ) ;
#549 = ORIENTED_EDGE ( 'NONE', *, *, #56, .T. ) ;
#550 = CARTESIAN_POINT ( 'NONE',  ( 26.07169593993985757, 14.87671275149885375, 67.54375730154175983 ) ) ;
#551 = CARTESIAN_POINT ( 'NONE',  ( 148.0000000000000284, 88.56450062088202912, 144.8846879762482445 ) ) ;
#552 = CARTESIAN_POINT ( 'NONE',  ( 126.3421809716116258, 138.9999999999999432, 141.0476753202220550 ) ) ;
#553 = CARTESIAN_POINT ( 'NONE',  ( 148.0000000000000284, 81.98829558288829844, 160.9785466594804006 ) ) ;
#554 = CARTESIAN_POINT ( 'NONE',  ( 135.3817030679759057, 56.65210912973386570, 152.9216526540704706 ) ) ;
#555 = ORIENTED_EDGE ( 'NONE', *, *, #651, .T. ) ;
#556 = CARTESIAN_POINT ( 'NONE',  ( 131.4609948189004740, 48.99759254367253192, 151.0186003114140476 ) ) ;
#557 = DIRECTION ( 'NONE',  ( 0.000000000000000000, 1.000000000000000000, 0.000000000000000000 ) ) ;
#558 = CARTESIAN_POINT ( 'NONE',  ( 28.04671785956765717, 140.5533084821630325, 69.18816167654802030 ) ) ;
#559 = FACE_OUTER_BOUND ( 'NONE', #1187, .T. ) ;
#560 = CARTESIAN_POINT ( 'NONE',  ( 141.8891871552510224, 110.7008910693852357, 147.3659150722234017 ) ) ;
#561 = CARTESIAN_POINT ( 'NONE',  ( 133.6654514920610382, 32.02584742660058481, 131.7660853631089708 ) ) ;
#562 = CARTESIAN_POINT ( 'NONE',  ( 140.8691052833355855, 50.67917368832908664, 149.0619678880440517 ) ) ;
#563 = DIRECTION ( 'NONE',  ( 0.4907056874467338736, 0.000000000000000000, 0.8713253860111205285 ) ) ;
#564 = CARTESIAN_POINT ( 'NONE',  ( 142.5936933213028226, 105.8208451126192671, 144.8901507659536207 ) ) ;
#565 = CARTESIAN_POINT ( 'NONE',  ( 142.9181820716126197, 49.17038276799554097, 149.6662238213793046 ) ) ;
#566 = VERTEX_POINT ( 'NONE', #1675 ) ;
#567 = CARTESIAN_POINT ( 'NONE',  ( 24.66400808913211407, 15.30403841547268229, 69.18636028686469785 ) ) ;
#568 = AXIS2_PLACEMENT_3D ( 'NONE', #2521, #655, #3272 ) ;
#569 = ORIENTED_EDGE ( 'NONE', *, *, #595, .T. ) ;
#570 = EDGE_CURVE ( 'NONE', #1589, #2846, #280, .T. ) ;
#571 = VECTOR ( 'NONE', #738, 1000.000000000000000 ) ;
#572 = CARTESIAN_POINT ( 'NONE',  ( 126.9028378260161105, 57.16720769010861858, 138.4526830306555780 ) ) ;
#573 = CARTESIAN_POINT ( 'NONE',  ( 130.8595039692021942, 49.90818109023471294, 145.3598811657326735 ) ) ;
#574 = CARTESIAN_POINT ( 'NONE',  ( 143.8879666165495621, 53.31618619757822586, 151.9186637051357991 ) ) ;
#575 = DIRECTION ( 'NONE',  ( 0.000000000000000000, 0.000000000000000000, -1.000000000000000000 ) ) ;
#576 = VECTOR ( 'NONE', #1499, 1000.000000000000000 ) ;
#577 = AXIS2_PLACEMENT_3D ( 'NONE', #3335, #48, #3635 ) ;
#578 = CARTESIAN_POINT ( 'NONE',  ( 148.0000000000000284, 83.10087241530814595, 159.4851380489731696 ) ) ;
#579 = CARTESIAN_POINT ( 'NONE',  ( 147.2648136683409348, 84.65711564155678559, 152.6086721675756337 ) ) ;
#580 = CARTESIAN_POINT ( 'NONE',  ( 133.0753906032247755, 52.63946374453242782, 154.6154125006854940 ) ) ;
#581 = VERTEX_POINT ( 'NONE', #4603 ) ;
#582 = CARTESIAN_POINT ( 'NONE',  ( 134.3007842503106701, 58.13810806623027361, 138.8130114350303472 ) ) ;
#583 = VECTOR ( 'NONE', #3565, 1000.000000000000000 ) ;
#584 = CARTESIAN_POINT ( 'NONE',  ( 28.34213646307312473, 14.40245326171666918, 69.18845753638073859 ) ) ;
#585 = CARTESIAN_POINT ( 'NONE',  ( 26.90936909251845321, 140.3246113305373513, 67.69634020282536824 ) ) ;
#586 = DIRECTION ( 'NONE',  ( -0.000000000000000000, -1.000000000000000000, -0.000000000000000000 ) ) ;
#587 = CARTESIAN_POINT ( 'NONE',  ( 148.0000000000000284, 82.81179061930809837, 159.9130727901163596 ) ) ;
#588 = CARTESIAN_POINT ( 'NONE',  ( 145.0000000000000000, 76.65470979761705905, 176.2779565494662108 ) ) ;
#589 = CARTESIAN_POINT ( 'NONE',  ( 136.8352423173802208, 50.71993846599503541, 142.4832778687783730 ) ) ;
#590 = DIRECTION ( 'NONE',  ( 0.000000000000000000, 0.000000000000000000, 1.000000000000000000 ) ) ;
#591 = CARTESIAN_POINT ( 'NONE',  ( 141.9644828281424793, 109.7148392962125314, 147.3076505495259312 ) ) ;
#592 = CARTESIAN_POINT ( 'NONE',  ( 1.009719629430382282E-25, 13.99999999999995737, 212.1999999999999602 ) ) ;
#593 = ORIENTED_EDGE ( 'NONE', *, *, #2698, .F. ) ;
#594 = CARTESIAN_POINT ( 'NONE',  ( 133.4752274860283023, 94.54888270868096356, 155.5487542277047623 ) ) ;
#595 = EDGE_CURVE ( 'NONE', #1536, #3788, #1318, .T. ) ;
#596 = CARTESIAN_POINT ( 'NONE',  ( 131.1655603361649582, 60.28069674199547734, 139.5191568496723278 ) ) ;
#597 = CARTESIAN_POINT ( 'NONE',  ( 134.1417478509915497, 51.83012450477131239, 150.6999596010773814 ) ) ;
#598 = CARTESIAN_POINT ( 'NONE',  ( 24.09377356552685256, 15.91593026484025231, 67.20175836843279171 ) ) ;
#599 = LINE ( 'NONE', #1062, #3489 ) ;
#600 = ORIENTED_EDGE ( 'NONE', *, *, #2735, .T. ) ;
#601 = CARTESIAN_POINT ( 'NONE',  ( 146.0000000000000284, 140.9999999999999716, 234.5153120237517328 ) ) ;
#602 = CARTESIAN_POINT ( 'NONE',  ( 138.3461854474694235, 64.76218763969085046, 140.1123831069340611 ) ) ;
#603 = EDGE_LOOP ( 'NONE', ( #2747, #535, #3409 ) ) ;
#604 = EDGE_CURVE ( 'NONE', #1027, #1662, #2780, .T. ) ;
#605 = LINE ( 'NONE', #200, #62 ) ;
#606 = CARTESIAN_POINT ( 'NONE',  ( 144.7858612614159313, 58.04391554316266877, 154.1219751147430657 ) ) ;
#607 = CARTESIAN_POINT ( 'NONE',  ( 28.48672093101713898, 141.0383350090238537, 68.59877208339466392 ) ) ;
#608 = CYLINDRICAL_SURFACE ( 'NONE', #638, 2.099999999999990763 ) ;
#609 = CARTESIAN_POINT ( 'NONE',  ( 144.6897596954732137, 104.3302405494697211, 146.3303635979728767 ) ) ;
#610 = CARTESIAN_POINT ( 'NONE',  ( 133.3009655783940559, 96.25852127414015058, 155.1398156433256190 ) ) ;
#611 = FACE_OUTER_BOUND ( 'NONE', #3213, .T. ) ;
#612 = CARTESIAN_POINT ( 'NONE',  ( 113.7697600551012158, 32.12688916112186632, 105.4642994690131417 ) ) ;
#613 = CARTESIAN_POINT ( 'NONE',  ( 143.2236820514067688, 106.0415690134252600, 146.6302020798209185 ) ) ;
#614 = CARTESIAN_POINT ( 'NONE',  ( 145.0000000000000000, 76.65470979761705905, 178.3779565494662052 ) ) ;
#615 = VERTEX_POINT ( 'NONE', #2810 ) ;
#616 = DIRECTION ( 'NONE',  ( -6.245004513516500491E-14, 0.000000000000000000, 1.000000000000000000 ) ) ;
#617 = ORIENTED_EDGE ( 'NONE', *, *, #4555, .F. ) ;
#618 = CARTESIAN_POINT ( 'NONE',  ( 126.6836355952545858, 34.66934868524079150, 137.9902250023999102 ) ) ;
#619 = ORIENTED_EDGE ( 'NONE', *, *, #1255, .F. ) ;
#620 = DIRECTION ( 'NONE',  ( 0.000000000000000000, 0.000000000000000000, -1.000000000000000000 ) ) ;
#621 = CARTESIAN_POINT ( 'NONE',  ( 23.92143908167133048, 15.95357185621212182, 69.18630138838715027 ) ) ;
#622 = CARTESIAN_POINT ( 'NONE',  ( 110.2459276601228453, 138.9999999999999432, 104.6740243738333902 ) ) ;
#623 = CARTESIAN_POINT ( 'NONE',  ( 131.3183788878187670, 57.00000000000000000, 135.1241372900097701 ) ) ;
#624 = CARTESIAN_POINT ( 'NONE',  ( 137.6746086931296986, 57.83856180185168228, 138.7643660531471710 ) ) ;
#625 = ORIENTED_EDGE ( 'NONE', *, *, #2154, .T. ) ;
#626 = CARTESIAN_POINT ( 'NONE',  ( 132.6512684315348736, 51.18774209370027961, 153.6445334992209553 ) ) ;
#627 = CARTESIAN_POINT ( 'NONE',  ( 148.0000000000000284, 36.99999999999995737, 216.9467391801447320 ) ) ;
#628 = CARTESIAN_POINT ( 'NONE',  ( 124.4756864448527551, 33.97291083130489397, 137.8301936396428573 ) ) ;
#629 = CARTESIAN_POINT ( 'NONE',  ( 146.0000000000000284, 13.99999999999995737, 212.1999999999999602 ) ) ;
#630 = CARTESIAN_POINT ( 'NONE',  ( 146.0000000000000284, 140.9999999999999716, 234.5153120237517612 ) ) ;
#631 = CARTESIAN_POINT ( 'NONE',  ( 131.0073760515386141, 97.79309141569628139, 150.0540752006336334 ) ) ;
#632 = CARTESIAN_POINT ( 'NONE',  ( 110.2459276601228453, 138.9999999999999432, 104.6740243738334044 ) ) ;
#633 = CARTESIAN_POINT ( 'NONE',  ( 24.10611143569036940, 139.1238720714721637, 67.20380896638283730 ) ) ;
#634 = CARTESIAN_POINT ( 'NONE',  ( 141.8877555925543845, 110.7521428002997368, 147.3670419880602935 ) ) ;
#635 = CARTESIAN_POINT ( 'NONE',  ( 139.4002251224291911, 48.32079880166833874, 142.1738067784250461 ) ) ;
#636 = ORIENTED_EDGE ( 'NONE', *, *, #1708, .F. ) ;
#637 = CARTESIAN_POINT ( 'NONE',  ( 143.3309992468850567, 83.23089957329408151, 146.5908950842790546 ) ) ;
#638 = AXIS2_PLACEMENT_3D ( 'NONE', #4643, #3483, #3166 ) ;
#639 = CARTESIAN_POINT ( 'NONE',  ( 126.4818099116915278, 34.24826636240817379, 137.5165414244114288 ) ) ;
#640 = CIRCLE ( 'NONE', #3163, 156.0000000000000000 ) ;
#641 = ORIENTED_EDGE ( 'NONE', *, *, #4013, .T. ) ;
#642 = DIRECTION ( 'NONE',  ( 1.000000000000000000, 0.000000000000000000, 0.000000000000000000 ) ) ;
#643 = CARTESIAN_POINT ( 'NONE',  ( 15.61533708444232538, 10.42027481472653783, 67.49627724698564180 ) ) ;
#644 = DIRECTION ( 'NONE',  ( 0.000000000000000000, 0.000000000000000000, -1.000000000000000000 ) ) ;
#645 = EDGE_CURVE ( 'NONE', #1141, #2897, #3342, .T. ) ;
#646 = CARTESIAN_POINT ( 'NONE',  ( 104.5729723579442805, 32.52603916650600979, 111.7532975488041842 ) ) ;
#647 = CARTESIAN_POINT ( 'NONE',  ( 137.1613016294127192, 62.86164086720899746, 137.8831534294856453 ) ) ;
#648 = ORIENTED_EDGE ( 'NONE', *, *, #3856, .T. ) ;
#649 = AXIS2_PLACEMENT_3D ( 'NONE', #225, #3141, #1330 ) ;
#650 = DIRECTION ( 'NONE',  ( 0.000000000000000000, -1.000000000000000000, 0.000000000000000000 ) ) ;
#651 = EDGE_CURVE ( 'NONE', #174, #2927, #4490, .T. ) ;
#652 = VECTOR ( 'NONE', #4129, 1000.000000000000000 ) ;
#653 = DIRECTION ( 'NONE',  ( 0.000000000000000000, 0.000000000000000000, 1.000000000000000000 ) ) ;
#654 = CARTESIAN_POINT ( 'NONE',  ( 126.7193854595398648, 34.77790309732041152, 138.0757682735423657 ) ) ;
#655 = DIRECTION ( 'NONE',  ( 0.000000000000000000, 1.000000000000000000, 0.000000000000000000 ) ) ;
#656 = DIRECTION ( 'NONE',  ( -0.000000000000000000, -1.000000000000000000, -0.000000000000000000 ) ) ;
#657 = CARTESIAN_POINT ( 'NONE',  ( 141.5599864829329420, 73.84933565453987114, 180.8025250743846186 ) ) ;
#658 = LINE ( 'NONE', #785, #2493 ) ;
#659 = AXIS2_PLACEMENT_3D ( 'NONE', #297, #4745, #2547 ) ;
#660 = CARTESIAN_POINT ( 'NONE',  ( 14.79494911654416889, 144.1273811888536329, 67.42826352090860098 ) ) ;
#661 = CARTESIAN_POINT ( 'NONE',  ( 126.6568901859715766, 56.92983808973924909, 138.6380845382471421 ) ) ;
#662 = PLANE ( 'NONE',  #3871 ) ;
#663 = DIRECTION ( 'NONE',  ( -0.000000000000000000, 1.000000000000000000, -0.000000000000000000 ) ) ;
#664 = VERTEX_POINT ( 'NONE', #4030 ) ;
#665 = CARTESIAN_POINT ( 'NONE',  ( 132.5222850308968532, 57.00000000000000000, 138.7212002188447286 ) ) ;
#666 = EDGE_CURVE ( 'NONE', #434, #2625, #729, .T. ) ;
#667 = ORIENTED_EDGE ( 'NONE', *, *, #645, .T. ) ;
#668 = CARTESIAN_POINT ( 'NONE',  ( 147.8561048685733113, 109.2429772516103981, 161.9006310561782414 ) ) ;
#669 = CIRCLE ( 'NONE', #2501, 1.999999999999989564 ) ;
#670 = EDGE_LOOP ( 'NONE', ( #1107, #281, #4322, #4368, #169 ) ) ;
#671 = CARTESIAN_POINT ( 'NONE',  ( 131.2643269715615872, 49.89500543284791689, 145.9817085314278984 ) ) ;
#672 = CARTESIAN_POINT ( 'NONE',  ( 132.6309951978378194, 62.85498430929925462, 153.5993053853046888 ) ) ;
#673 = PLANE ( 'NONE',  #1435 ) ;
#674 = CARTESIAN_POINT ( 'NONE',  ( 112.8213602007361942, 33.99999999999995737, 107.4174552937588345 ) ) ;
#675 = VERTEX_POINT ( 'NONE', #400 ) ;
#676 = CARTESIAN_POINT ( 'NONE',  ( 106.4444227955183067, 34.40766809049709707, 111.0246278904198931 ) ) ;
#677 = CARTESIAN_POINT ( 'NONE',  ( 136.6040398450413704, 61.36550577900310088, 136.8650038642335289 ) ) ;
#678 = ORIENTED_EDGE ( 'NONE', *, *, #894, .F. ) ;
#679 = CARTESIAN_POINT ( 'NONE',  ( 129.2793932299898643, 51.92806683669761014, 136.6611758842867346 ) ) ;
#680 = DIRECTION ( 'NONE',  ( -0.000000000000000000, -1.000000000000000000, -0.000000000000000000 ) ) ;
#681 = CARTESIAN_POINT ( 'NONE',  ( 126.5707924184377191, 34.40845787508994391, 137.7240805167953965 ) ) ;
#682 = CARTESIAN_POINT ( 'NONE',  ( 146.0000000000000284, 15.99999999999995914, 234.5153120237517328 ) ) ;
#683 = CARTESIAN_POINT ( 'NONE',  ( 131.6796521291620650, 33.99999999999995737, 132.3472028345727551 ) ) ;
#684 = CARTESIAN_POINT ( 'NONE',  ( 140.3069748137466206, 74.19004300888346393, 175.6078673215122308 ) ) ;
#685 = CARTESIAN_POINT ( 'NONE',  ( 128.0848317436338561, 138.9999999999999432, 140.0662639453285863 ) ) ;
#686 = CARTESIAN_POINT ( 'NONE',  ( 24.08637033539809025, 139.0464281437884608, 67.20052840493238477 ) ) ;
#687 = CARTESIAN_POINT ( 'NONE',  ( 142.8373028685541044, 83.58816829419839678, 144.8649311786024043 ) ) ;
#688 = CARTESIAN_POINT ( 'NONE',  ( 131.7935359924827310, 34.01275131358666215, 132.5867375751853672 ) ) ;
#689 = CARTESIAN_POINT ( 'NONE',  ( 112.2458409861378925, 34.24865530364229471, 106.9236430843533725 ) ) ;
#690 = DIRECTION ( 'NONE',  ( 0.1518048436989913041, -1.371695099590217721E-14, -0.9884104863008712494 ) ) ;
#691 = EDGE_CURVE ( 'NONE', #3788, #3956, #4034, .T. ) ;
#692 = CARTESIAN_POINT ( 'NONE',  ( 148.0000000000000284, 105.9968930020441178, 159.4851380489731696 ) ) ;
#693 = ORIENTED_EDGE ( 'NONE', *, *, #390, .F. ) ;
#694 = EDGE_CURVE ( 'NONE', #386, #3812, #1053, .T. ) ;
#695 = CYLINDRICAL_SURFACE ( 'NONE', #577, 7.099999999999995204 ) ;
#696 = CARTESIAN_POINT ( 'NONE',  ( 129.5155340430646334, 49.93131630389304831, 147.0013376396365175 ) ) ;
#697 = EDGE_LOOP ( 'NONE', ( #4314, #3669 ) ) ;
#698 = CARTESIAN_POINT ( 'NONE',  ( 23.91926225556110452, 15.97313894103616683, 69.18630137004161895 ) ) ;
#699 = CARTESIAN_POINT ( 'NONE',  ( 134.6788714694720284, 54.08730548602919441, 139.3417067110414109 ) ) ;
#700 = ORIENTED_EDGE ( 'NONE', *, *, #1864, .F. ) ;
#701 = DIRECTION ( 'NONE',  ( 0.000000000000000000, 0.000000000000000000, -1.000000000000000000 ) ) ;
#702 = CARTESIAN_POINT ( 'NONE',  ( 148.0000000000000284, 110.1273237967873229, 163.1161804044699863 ) ) ;
#703 = VERTEX_POINT ( 'NONE', #2505 ) ;
#704 = DIRECTION ( 'NONE',  ( 0.000000000000000000, -1.000000000000000000, 0.000000000000000000 ) ) ;
#705 = CARTESIAN_POINT ( 'NONE',  ( 142.8921521558282564, 58.29849264548181509, 152.8057409461932252 ) ) ;
#706 = CARTESIAN_POINT ( 'NONE',  ( 125.4429667622860336, 35.42139188000657413, 139.4541477524737445 ) ) ;
#707 = FACE_OUTER_BOUND ( 'NONE', #1471, .T. ) ;
#708 = CYLINDRICAL_SURFACE ( 'NONE', #1815, 2.000000000000005329 ) ;
#709 = CARTESIAN_POINT ( 'NONE',  ( 140.8833485272597557, 72.97887566743754917, 177.8934443361393107 ) ) ;
#710 = CARTESIAN_POINT ( 'NONE',  ( 146.0000000000000568, 13.99999999999995737, 163.2102051443364985 ) ) ;
#711 = FACE_OUTER_BOUND ( 'NONE', #748, .T. ) ;
#712 = CARTESIAN_POINT ( 'NONE',  ( 140.8940217732158828, 78.65946214802141867, 145.1532055793925053 ) ) ;
#713 = DIRECTION ( 'NONE',  ( -0.000000000000000000, -1.000000000000000000, -0.000000000000000000 ) ) ;
#714 = DIRECTION ( 'NONE',  ( 0.6827963413954617478, -4.737851370919123943E-15, 0.7306087572545048037 ) ) ;
#715 = DIRECTION ( 'NONE',  ( 0.000000000000000000, -1.000000000000000000, 0.000000000000000000 ) ) ;
#716 = EDGE_CURVE ( 'NONE', #470, #447, #2395, .T. ) ;
#717 = CARTESIAN_POINT ( 'NONE',  ( 148.0000000000000284, 107.5873927680437419, 161.4847637885286531 ) ) ;
#718 = ORIENTED_EDGE ( 'NONE', *, *, #3442, .F. ) ;
#719 = CARTESIAN_POINT ( 'NONE',  ( 141.9124429413806752, 85.16084757237912584, 145.1509270650157077 ) ) ;
#720 = DIRECTION ( 'NONE',  ( 1.000000000000000000, 0.000000000000000000, 0.000000000000000000 ) ) ;
#721 = ORIENTED_EDGE ( 'NONE', *, *, #1174, .T. ) ;
#722 = CARTESIAN_POINT ( 'NONE',  ( 24.26861366076450821, 15.64888257419530149, 67.23091397882855347 ) ) ;
#723 = CARTESIAN_POINT ( 'NONE',  ( 137.7412122751539982, 55.30559660861855065, 138.9000922738491965 ) ) ;
#724 = ORIENTED_EDGE ( 'NONE', *, *, #84, .T. ) ;
#725 = CARTESIAN_POINT ( 'NONE',  ( 104.5869273478617032, 35.01879820213785877, 111.7553746438401276 ) ) ;
#726 = LINE ( 'NONE', #364, #1650 ) ;
#727 = VERTEX_POINT ( 'NONE', #3328 ) ;
#728 = APPLICATION_PROTOCOL_DEFINITION ( 'draft international standard', 'automotive_design', 1998, #171 ) ;
#729 = CIRCLE ( 'NONE', #4324, 2.000000000000013767 ) ;
#730 = CARTESIAN_POINT ( 'NONE',  ( 139.7994437243269488, 63.58084457058343730, 142.9723475038022116 ) ) ;
#731 = AXIS2_PLACEMENT_3D ( 'NONE', #1180, #3736, #4536 ) ;
#732 = CARTESIAN_POINT ( 'NONE',  ( 126.3421809716116258, 35.99999999999997158, 141.0476753202220834 ) ) ;
#733 = CARTESIAN_POINT ( 'NONE',  ( 148.0000000000000284, 100.5332647964798838, 144.8846879762482445 ) ) ;
#734 = CARTESIAN_POINT ( 'NONE',  ( 57.49010364674072804, 14.99194798763935310, 67.46764452037101023 ) ) ;
#735 = CARTESIAN_POINT ( 'NONE',  ( 134.3320799693150036, 35.77732977174404283, 132.8523337305118446 ) ) ;
#736 = SPHERICAL_SURFACE ( 'NONE', #4741, 2.000000000000000000 ) ;
#737 = AXIS2_PLACEMENT_3D ( 'NONE', #264, #1422, #2489 ) ;
#738 = DIRECTION ( 'NONE',  ( 1.000000000000000000, -0.000000000000000000, 2.218880795315036613E-16 ) ) ;
#739 = CARTESIAN_POINT ( 'NONE',  ( 141.2609252286528090, 80.64192345669526674, 145.0945994404821704 ) ) ;
#740 = VECTOR ( 'NONE', #3714, 1000.000000000000000 ) ;
#741 = CARTESIAN_POINT ( 'NONE',  ( 131.9568848797032672, 34.10035254141572381, 132.9383621294724946 ) ) ;
#742 = CARTESIAN_POINT ( 'NONE',  ( 128.0848317436338846, 64.04916367293087376, 140.0662639453285578 ) ) ;
#743 = CARTESIAN_POINT ( 'NONE',  ( 135.4587480663807355, 35.73323606848949652, 134.8247612456749494 ) ) ;
#744 = EDGE_CURVE ( 'NONE', #2636, #4067, #1853, .T. ) ;
#745 = CARTESIAN_POINT ( 'NONE',  ( 148.0000000000000284, 103.1938420901815476, 153.6871682855385757 ) ) ;
#746 = DIRECTION ( 'NONE',  ( -1.000000000000000000, -0.000000000000000000, -2.218880795315036613E-16 ) ) ;
#747 = CARTESIAN_POINT ( 'NONE',  ( 128.3120634825578179, 48.13358043028387812, 144.6632719362399087 ) ) ;
#748 = EDGE_LOOP ( 'NONE', ( #4387, #2753, #4 ) ) ;
#749 = CARTESIAN_POINT ( 'NONE',  ( 24.13345769807270713, 15.81711468450886215, 67.20835779716824732 ) ) ;
#750 = CARTESIAN_POINT ( 'NONE',  ( 137.5767921881536608, 50.35319706822523500, 138.6562080310681324 ) ) ;
#751 = EDGE_LOOP ( 'NONE', ( #2733, #1186, #2939, #2434 ) ) ;
#752 = EDGE_CURVE ( 'NONE', #1662, #3139, #3658, .T. ) ;
#753 = AXIS2_PLACEMENT_3D ( 'NONE', #2163, #3601, #4747 ) ;
#754 = CARTESIAN_POINT ( 'NONE',  ( 148.0000000000000284, 107.1333847790264002, 161.0060044821726990 ) ) ;
#755 = ORIENTED_EDGE ( 'NONE', *, *, #604, .F. ) ;
#756 = CARTESIAN_POINT ( 'NONE',  ( 131.7164895578706307, 54.43603982425818799, 139.1951282333426718 ) ) ;
#757 = CARTESIAN_POINT ( 'NONE',  ( 143.4417266317424549, 62.03726675283182601, 150.8669191837280437 ) ) ;
#758 = EDGE_CURVE ( 'NONE', #50, #3378, #16, .T. ) ;
#759 = CARTESIAN_POINT ( 'NONE',  ( 103.7557588962300485, 33.56167531023002937, 110.9095095699903339 ) ) ;
#760 = CARTESIAN_POINT ( 'NONE',  ( 145.2963414862280160, 138.9999999999999432, 236.5153120237517612 ) ) ;
#761 = FACE_OUTER_BOUND ( 'NONE', #2961, .T. ) ;
#762 = CARTESIAN_POINT ( 'NONE',  ( 135.2526847513617270, 34.22478896851006880, 134.4650547057135270 ) ) ;
#763 = DIRECTION ( 'NONE',  ( 0.000000000000000000, 0.000000000000000000, -1.000000000000000000 ) ) ;
#764 = EDGE_LOOP ( 'NONE', ( #2509, #3677, #529, #1160, #1524, #2206 ) ) ;
#765 = CARTESIAN_POINT ( 'NONE',  ( 24.16475141797993587, 139.2327183043400680, 67.21356960131009828 ) ) ;
#766 = CARTESIAN_POINT ( 'NONE',  ( 141.8877555925544129, 78.34562261705994501, 147.3670419880602935 ) ) ;
#767 = CARTESIAN_POINT ( 'NONE',  ( 144.9999999999999716, 36.99999999999995737, 219.0467391801447263 ) ) ;
#768 = CARTESIAN_POINT ( 'NONE',  ( 134.2346854713649407, 57.00000000000000000, 138.7212002188447286 ) ) ;
#769 = CARTESIAN_POINT ( 'NONE',  ( 141.1515742524166512, 82.01002377586837611, 145.7753002714603952 ) ) ;
#770 = CARTESIAN_POINT ( 'NONE',  ( 147.8961038961039094, 111.0488827086809636, 162.5739740423148589 ) ) ;
#771 = CARTESIAN_POINT ( 'NONE',  ( 23.08318915758460221, 94.54888270868096356, 148.1487542277046998 ) ) ;
#772 = CARTESIAN_POINT ( 'NONE',  ( 126.7548964302409331, 51.13318713550644645, 141.7805167473798917 ) ) ;
#773 = ORIENTED_EDGE ( 'NONE', *, *, #3135, .T. ) ;
#774 = CARTESIAN_POINT ( 'NONE',  ( 23.95912645786688344, 15.83555990625314713, 69.18630185411743128 ) ) ;
#775 = CARTESIAN_POINT ( 'NONE',  ( 136.3592652681299171, 53.55117414558463906, 136.4229178540059593 ) ) ;
#776 = ORIENTED_EDGE ( 'NONE', *, *, #1073, .F. ) ;
#777 = EDGE_LOOP ( 'NONE', ( #508, #3032 ) ) ;
#778 = CARTESIAN_POINT ( 'NONE',  ( 144.1507304015959789, 102.3573701944514625, 144.8846879762482445 ) ) ;
#779 = EDGE_LOOP ( 'NONE', ( #3477, #2172, #3924, #3899 ) ) ;
#780 = CARTESIAN_POINT ( 'NONE',  ( 139.7964689309678477, 63.97746807797910407, 147.2079865982373974 ) ) ;
#781 = CARTESIAN_POINT ( 'NONE',  ( 148.0000000000000000, 79.68723756709630379, 162.4426012532316292 ) ) ;
#782 = CARTESIAN_POINT ( 'NONE',  ( 130.2931971386596501, 63.98424405104741197, 144.5053342237166873 ) ) ;
#783 = CARTESIAN_POINT ( 'NONE',  ( 112.6434892271000052, 32.98244909411075554, 104.2765091672762878 ) ) ;
#784 = DIRECTION ( 'NONE',  ( 0.000000000000000000, 0.000000000000000000, 1.000000000000000000 ) ) ;
#785 = CARTESIAN_POINT ( 'NONE',  ( 126.8809256005557984, -31.74896908357791148, 138.4692010164935994 ) ) ;
#786 = EDGE_CURVE ( 'NONE', #482, #675, #4106, .T. ) ;
#787 = ORIENTED_EDGE ( 'NONE', *, *, #3931, .F. ) ;
#788 = ADVANCED_FACE ( 'NONE', ( #4058 ), #4698, .T. ) ;
#789 = CARTESIAN_POINT ( 'NONE',  ( 24.00589495012581764, 139.2403795759540230, 69.18630277056207944 ) ) ;
#790 = VERTEX_POINT ( 'NONE', #3249 ) ;
#791 = CARTESIAN_POINT ( 'NONE',  ( 23.08318915758457379, 36.99999999999995737, 222.7467391801447150 ) ) ;
#792 = CARTESIAN_POINT ( 'NONE',  ( 107.3994873164123902, 31.99999999999995737, 111.8289378148673023 ) ) ;
#793 = CARTESIAN_POINT ( 'NONE',  ( 135.0346931781727733, 33.54165886761680326, 134.0869134228733799 ) ) ;
#794 = PLANE ( 'NONE',  #421 ) ;
#795 = CARTESIAN_POINT ( 'NONE',  ( 148.0000000000000284, 138.9999999999999432, 236.5153120237517328 ) ) ;
#796 = CARTESIAN_POINT ( 'NONE',  ( 126.7079307104216923, 49.41331517664446693, 141.6971217002107153 ) ) ;
#797 = ORIENTED_EDGE ( 'NONE', *, *, #570, .F. ) ;
#798 = CARTESIAN_POINT ( 'NONE',  ( 20.77500403236749804, 10.39784148538546837, 67.92406180721523867 ) ) ;
#799 = CARTESIAN_POINT ( 'NONE',  ( 139.5199679355141029, 48.24953285337226561, 142.4126452515659196 ) ) ;
#800 = ORIENTED_EDGE ( 'NONE', *, *, #2735, .F. ) ;
#801 = ORIENTED_EDGE ( 'NONE', *, *, #236, .T. ) ;
#802 = CARTESIAN_POINT ( 'NONE',  ( 147.7680494409618461, 81.21086568799057659, 160.4429061518436583 ) ) ;
#803 = EDGE_CURVE ( 'NONE', #615, #3836, #189, .T. ) ;
#804 = CARTESIAN_POINT ( 'NONE',  ( 141.2369587317157311, 62.95430565366771702, 149.7154688280588175 ) ) ;
#805 = DIRECTION ( 'NONE',  ( 0.7166668416630843641, 0.4410530576790789858, -0.5402414630261127559 ) ) ;
#806 = CARTESIAN_POINT ( 'NONE',  ( 130.4524400216969866, 63.47933772538780772, 148.8938770719843205 ) ) ;
#807 = VECTOR ( 'NONE', #524, 1000.000000000000000 ) ;
#808 = CARTESIAN_POINT ( 'NONE',  ( 111.8469198467898025, 34.67535053472669659, 106.5927695382950731 ) ) ;
#809 = CARTESIAN_POINT ( 'NONE',  ( 141.0677474274383201, 66.08264020051923637, 145.5967585451830928 ) ) ;
#810 = CARTESIAN_POINT ( 'NONE',  ( 147.5535330491961759, 106.0054345953576416, 157.0098763810522371 ) ) ;
#811 = EDGE_CURVE ( 'NONE', #4200, #4653, #1222, .T. ) ;
#812 = AXIS2_PLACEMENT_3D ( 'NONE', #1436, #1050, #4674 ) ;
#813 = CARTESIAN_POINT ( 'NONE',  ( 24.02274340686723875, 139.2627166968549659, 69.18630317846573519 ) ) ;
#814 = ORIENTED_EDGE ( 'NONE', *, *, #236, .F. ) ;
#815 = CARTESIAN_POINT ( 'NONE',  ( 34.05877273185283372, 13.99999999999995737, 69.19999999999998863 ) ) ;
#816 = CARTESIAN_POINT ( 'NONE',  ( 144.8803751335051686, 33.41680435400432003, 218.0934588070102791 ) ) ;
#817 = CARTESIAN_POINT ( 'NONE',  ( 131.7284247565915791, 90.85020073856446743, 151.5973036989626337 ) ) ;
#818 = AXIS2_PLACEMENT_3D ( 'NONE', #2034, #3588, #2435 ) ;
#819 = CARTESIAN_POINT ( 'NONE',  ( 148.0000000000000284, 138.9999999999999432, 163.2102051443364701 ) ) ;
#820 = EDGE_CURVE ( 'NONE', #434, #1231, #3412, .T. ) ;
#821 = CARTESIAN_POINT ( 'NONE',  ( 145.7660827476898078, 85.49915692616949059, 146.4205500115512564 ) ) ;
#822 = CARTESIAN_POINT ( 'NONE',  ( 136.2475276256907080, 54.08172972591654570, 136.2221926378672094 ) ) ;
#823 = EDGE_LOOP ( 'NONE', ( #101, #3517, #2147, #3324 ) ) ;
#824 = CARTESIAN_POINT ( 'NONE',  ( 24.23316056918006822, 15.68461870393555024, 67.22498596474287069 ) ) ;
#825 = CARTESIAN_POINT ( 'NONE',  ( 139.6265906025515733, 49.98263277437234819, 146.9239063277108812 ) ) ;
#826 = AXIS2_PLACEMENT_3D ( 'NONE', #4104, #1539, #2582 ) ;
#827 = DIRECTION ( 'NONE',  ( 0.6792680036517458886, -0.000000000000000000, 0.7338903046198196334 ) ) ;
#828 = B_SPLINE_CURVE_WITH_KNOTS ( 'NONE', 3,
 ( #3780, #1607, #1983, #162, #1626, #1201, #453, #862, #543, #4580, #2741, #4149, #2697, #4126, #3076, #817, #4554, #2721, #2655, #3058, #842, #4171, #908, #2295, #3825, #2002, #2271, #1914, #3383, #96, #3757, #1935 ),
 .UNSPECIFIED., .F., .F.,
 ( 4, 2, 2, 2, 2, 2, 2, 2, 2, 2, 2, 2, 2, 2, 2, 4 ),
 ( 0.01216068392198565475, 0.01292002596238978930, 0.01367936800279392212, 0.01443871004319805668, 0.01519805208360219123, 0.01671673616441046034, 0.01747607820481457755, 0.01823542024521869476, 0.01899476228562281196, 0.01975410432602692917, 0.02051344636643104985, 0.02127278840683516706, 0.02203213044723928427, 0.02279147248764340147, 0.02355081452804751868, 0.02431015656845163589 ),
 .UNSPECIFIED. ) ;
#829 = CARTESIAN_POINT ( 'NONE',  ( 140.7998782338942476, 66.10419367304886862, 145.0323242065776981 ) ) ;
#830 = CARTESIAN_POINT ( 'NONE',  ( 147.8961038961039094, 78.04888270868096356, 162.5739740423148589 ) ) ;
#831 = CIRCLE ( 'NONE', #1666, 2.000000000000001776 ) ;
#832 = CARTESIAN_POINT ( 'NONE',  ( 130.9087826367318996, 65.54229131832508415, 149.8456392478791201 ) ) ;
#833 = ORIENTED_EDGE ( 'NONE', *, *, #4708, .T. ) ;
#834 = CARTESIAN_POINT ( 'NONE',  ( 111.5326740744948353, 35.35324026019343790, 106.3375125387630931 ) ) ;
#835 = CARTESIAN_POINT ( 'NONE',  ( 140.1634810799801301, 74.99472634714140895, 175.0623089536565260 ) ) ;
#836 = CARTESIAN_POINT ( 'NONE',  ( 147.8690902676845553, 109.5414981036165898, 162.1186294343463317 ) ) ;
#837 = ORIENTED_EDGE ( 'NONE', *, *, #240, .T. ) ;
#838 = CARTESIAN_POINT ( 'NONE',  ( 23.20529968636776275, 142.9429809593768823, 68.12578692988978446 ) ) ;
#839 = CARTESIAN_POINT ( 'NONE',  ( 0.000000000000000000, 15.99999999999995914, 67.19999999999998863 ) ) ;
#840 = CARTESIAN_POINT ( 'NONE',  ( 24.09859870675867555, 15.88682047877729531, 67.20255804525464782 ) ) ;
#841 = DIRECTION ( 'NONE',  ( 1.000000000000000000, 0.000000000000000000, -5.492589328197047850E-15 ) ) ;
#842 = CARTESIAN_POINT ( 'NONE',  ( 131.0055447577200312, 91.30687844981763135, 150.0502184140024156 ) ) ;
#843 = CARTESIAN_POINT ( 'NONE',  ( 147.8200967515056163, 101.8297952937634676, 145.2616231295905322 ) ) ;
#844 = CARTESIAN_POINT ( 'NONE',  ( 24.01820672292094727, 139.2598661866306315, 69.18630294467347142 ) ) ;
#845 = CARTESIAN_POINT ( 'NONE',  ( 137.9527950905935256, 49.74572268863329327, 139.3626489449403323 ) ) ;
#846 = ORIENTED_EDGE ( 'NONE', *, *, #3005, .F. ) ;
#847 = CARTESIAN_POINT ( 'NONE',  ( 33.21697715985645516, 13.99999999999996092, 69.00231012773537032 ) ) ;
#848 = EDGE_CURVE ( 'NONE', #2846, #2894, #1982, .T. ) ;
#849 = CARTESIAN_POINT ( 'NONE',  ( 128.4568029056993339, 51.10679660814206926, 141.8486935301695553 ) ) ;
#850 = CARTESIAN_POINT ( 'NONE',  ( 143.9929313370824104, 53.76935220749388122, 152.1695760307974012 ) ) ;
#851 = CARTESIAN_POINT ( 'NONE',  ( 126.3421809716116258, 64.04916367293085955, 141.0476753202220550 ) ) ;
#852 = CARTESIAN_POINT ( 'NONE',  ( 135.3814577245729538, 57.37122881670391195, 152.9212002188448309 ) ) ;
#853 = CARTESIAN_POINT ( 'NONE',  ( 134.1991124329320826, 62.07323518711216082, 150.7999930685708136 ) ) ;
#854 = CARTESIAN_POINT ( 'NONE',  ( 113.3133847577429378, 35.44125285554783034, 104.9589831310467076 ) ) ;
#855 = CARTESIAN_POINT ( 'NONE',  ( 140.0610447458401495, 76.15869708682514272, 174.6779565494661597 ) ) ;
#856 = CARTESIAN_POINT ( 'NONE',  ( 130.9274407391619945, 65.52754532099746143, 149.8848217760005923 ) ) ;
#857 = CARTESIAN_POINT ( 'NONE',  ( 33.50645852482356446, 14.00378107802475647, 69.19834444513260507 ) ) ;
#858 = CARTESIAN_POINT ( 'NONE',  ( 24.12924621015684323, 139.3728338378721787, 69.18630714071311161 ) ) ;
#859 = DIRECTION ( 'NONE',  ( 0.000000000000000000, 0.000000000000000000, 1.000000000000000000 ) ) ;
#860 = CARTESIAN_POINT ( 'NONE',  ( 140.5472342867555540, 79.87599238361742948, 176.5416420949039775 ) ) ;
#861 = CARTESIAN_POINT ( 'NONE',  ( 144.7140544903189721, 34.05836846397548356, 221.3040098474187403 ) ) ;
#862 = CARTESIAN_POINT ( 'NONE',  ( 133.1261930077720024, 92.21835540909930273, 154.7331342073800613 ) ) ;
#863 = CARTESIAN_POINT ( 'NONE',  ( 147.1297027235587507, 102.8237843389799622, 146.1628493130700406 ) ) ;
#864 = DIRECTION ( 'NONE',  ( 2.218880795315033655E-16, 0.000000000000000000, -1.000000000000000000 ) ) ;
#865 = CARTESIAN_POINT ( 'NONE',  ( 141.9124429413807036, 103.9369178449828155, 145.1509270650157362 ) ) ;
#866 = ORIENTED_EDGE ( 'NONE', *, *, #2200, .T. ) ;
#867 = CARTESIAN_POINT ( 'NONE',  ( 26.77092552667513914, 14.67538866945512765, 69.18714689287995157 ) ) ;
#868 = EDGE_CURVE ( 'NONE', #292, #1086, #3447, .T. ) ;
#869 =( LENGTH_UNIT ( ) NAMED_UNIT ( * ) SI_UNIT ( .MILLI., .METRE. ) );
#870 = DIRECTION ( 'NONE',  ( -5.492589328197047850E-15, 0.000000000000000000, -1.000000000000000000 ) ) ;
#871 = CARTESIAN_POINT ( 'NONE',  ( 132.0072922217476048, 59.06834554657454106, 139.0240928605774400 ) ) ;
#872 = CARTESIAN_POINT ( 'NONE',  ( 148.0000000000000284, 88.22046132412880581, 144.7869968342841105 ) ) ;
#873 = CARTESIAN_POINT ( 'NONE',  ( 131.8959203349226357, 53.29037063161447207, 151.9246115744338681 ) ) ;
#874 = FACE_OUTER_BOUND ( 'NONE', #751, .T. ) ;
#875 = CARTESIAN_POINT ( 'NONE',  ( 136.6082290983115684, 61.37928177417169451, 136.8725983342159225 ) ) ;
#876 = CARTESIAN_POINT ( 'NONE',  ( 147.8961038961039094, 111.0488827086809636, 162.5739740423148589 ) ) ;
#877 = CARTESIAN_POINT ( 'NONE',  ( 31.85212679311854345, 14.05859091535053373, 69.19410639645542460 ) ) ;
#878 = CARTESIAN_POINT ( 'NONE',  ( 33.20543491959386273, 140.9999999996705640, 69.09981818261196906 ) ) ;
#879 = DIRECTION ( 'NONE',  ( 1.000000000000000000, 0.000000000000000000, 0.000000000000000000 ) ) ;
#880 = CARTESIAN_POINT ( 'NONE',  ( 141.6360756846341644, 79.12028938849776694, 181.1475618117834756 ) ) ;
#881 = CARTESIAN_POINT ( 'NONE',  ( 144.6296324752862574, 35.80727263416091688, 222.5575071227467561 ) ) ;
#882 = CARTESIAN_POINT ( 'NONE',  ( 33.51915017558144427, 140.9961961460719237, 69.07421307296640123 ) ) ;
#883 = VECTOR ( 'NONE', #2645, 1000.000000000000000 ) ;
#884 = FACE_OUTER_BOUND ( 'NONE', #2811, .T. ) ;
#885 = AXIS2_PLACEMENT_3D ( 'NONE', #1733, #3192, #1067 ) ;
#886 = CARTESIAN_POINT ( 'NONE',  ( 30.53098107577151765, 140.8556831572951467, 69.19138984695943861 ) ) ;
#887 = CARTESIAN_POINT ( 'NONE',  ( 136.6666288743488167, 63.18119948849752632, 142.2255152566821153 ) ) ;
#888 = ORIENTED_EDGE ( 'NONE', *, *, #3615, .F. ) ;
#889 = CARTESIAN_POINT ( 'NONE',  ( 24.71590513179622306, 15.28079531746519137, 69.18636849966237889 ) ) ;
#890 = CIRCLE ( 'NONE', #966, 2.000000000000001776 ) ;
#891 = ORIENTED_EDGE ( 'NONE', *, *, #2590, .F. ) ;
#892 = CARTESIAN_POINT ( 'NONE',  ( 145.3629176709818580, 101.5800498218792569, 144.8846879762482445 ) ) ;
#893 = CARTESIAN_POINT ( 'NONE',  ( 141.9771913411498474, 52.21141576280118812, 151.0684872306694899 ) ) ;
#894 = EDGE_CURVE ( 'NONE', #4341, #933, #1606, .T. ) ;
#895 = AXIS2_PLACEMENT_3D ( 'NONE', #2924, #4405, #9 ) ;
#896 = AXIS2_PLACEMENT_3D ( 'NONE', #1744, #2836, #1341 ) ;
#897 = CARTESIAN_POINT ( 'NONE',  ( 148.0000000000000000, 85.04186583785120490, 153.3631732507764980 ) ) ;
#898 = CARTESIAN_POINT ( 'NONE',  ( 135.3812060366556693, 57.36611930470997578, 152.9207360837612839 ) ) ;
#899 = FACE_OUTER_BOUND ( 'NONE', #2541, .T. ) ;
#900 = CARTESIAN_POINT ( 'NONE',  ( 147.5072071606755912, 105.7097523187670589, 156.2890716074443560 ) ) ;
#901 = EDGE_CURVE ( 'NONE', #1030, #4473, #4022, .T. ) ;
#902 = CARTESIAN_POINT ( 'NONE',  ( 25.32249319031498658, 15.03847190198995420, 69.18648856036996619 ) ) ;
#903 = AXIS2_PLACEMENT_3D ( 'NONE', #3595, #704, #1039 ) ;
#904 = CARTESIAN_POINT ( 'NONE',  ( 25.65356804933993828, 140.0030385152841461, 67.46929197438522863 ) ) ;
#905 = DIRECTION ( 'NONE',  ( -0.6019530715390316589, 0.000000000000000000, -0.7985314644174801302 ) ) ;
#906 = LINE ( 'NONE', #2358, #4572 ) ;
#907 = CARTESIAN_POINT ( 'NONE',  ( 144.9431835952385939, 34.55140094749415169, 216.2623649371926717 ) ) ;
#908 = CARTESIAN_POINT ( 'NONE',  ( 130.7255900004144564, 91.71015716321673494, 149.4635910752918448 ) ) ;
#909 = CARTESIAN_POINT ( 'NONE',  ( 112.6486206611101153, 32.97613115942274931, 104.2818648313685941 ) ) ;
#910 = LINE ( 'NONE', #2318, #740 ) ;
#911 = CARTESIAN_POINT ( 'NONE',  ( 140.8441607544373824, 63.35492642487488979, 149.0164625320417144 ) ) ;
#912 = ORIENTED_EDGE ( 'NONE', *, *, #1571, .T. ) ;
#913 = CARTESIAN_POINT ( 'NONE',  ( 28.58866881009883798, 14.38373511945720473, 68.01770776287091280 ) ) ;
#914 = VERTEX_POINT ( 'NONE', #1267 ) ;
#915 =( BOUNDED_SURFACE ( )  B_SPLINE_SURFACE ( 3, 2, ( 
 ( #1507, #2689, #2955 ),
 ( #1598, #4527, #3420 ),
 ( #4163, #1193, #133 ),
 ( #1860, #417, #4457 ),
 ( #834, #854, #2599 ),
 ( #4479, #3321, #1553 ),
 ( #109, #34, #4139 ),
 ( #4435, #490, #2309 ),
 ( #808, #444, #65 ),
 ( #3026, #1217, #783 ),
 ( #4118, #2261, #1884 ),
 ( #2619, #4096, #3772 ),
 ( #3375, #88, #3001 ),
 ( #2286, #262, #3209 ),
 ( #674, #4707, #311 ),
 ( #2080, #3929, #217 ) ),
 .UNSPECIFIED., .F., .F., .F. ) 
 B_SPLINE_SURFACE_WITH_KNOTS ( ( 4, 2, 2, 2, 2, 2, 2, 4 ),
 ( 3, 3 ),
 ( 0.002670756689375717793, 0.003455052786011245797, 0.004239348882646773800, 0.005023644979282301803, 0.005807941075917829807, 0.006592237172553357810, 0.007376533269188885814, 0.008945125462459941820 ),
 ( 0.000000000000000000, 1.000000000000000000 ),
 .UNSPECIFIED. ) 
 GEOMETRIC_REPRESENTATION_ITEM ( )  RATIONAL_B_SPLINE_SURFACE ( (
 ( 1.000000000000000000, 0.6608239642206624742, 1.000000000000000000),
 ( 1.000000000000000000, 0.6608247964205131719, 1.000000000000000000),
 ( 1.000000000000000000, 0.6612023231857516725, 1.000000000000000000),
 ( 1.000000000000000000, 0.6626661640485677074, 1.000000000000000000),
 ( 1.000000000000000000, 0.6637695910684079381, 1.000000000000000000),
 ( 1.000000000000000000, 0.6665870775293746275, 1.000000000000000000),
 ( 1.000000000000000000, 0.6682882880872477172, 1.000000000000000000),
 ( 1.000000000000000000, 0.6721967892843833114, 1.000000000000000000),
 ( 1.000000000000000000, 0.6744192813835021560, 1.000000000000000000),
 ( 1.000000000000000000, 0.6791057931693491589, 1.000000000000000000),
 ( 1.000000000000000000, 0.6815893260795290454, 1.000000000000000000),
 ( 1.000000000000000000, 0.6867657126889469277, 1.000000000000000000),
 ( 1.000000000000000000, 0.6894091370227377613, 1.000000000000000000),
 ( 1.000000000000000000, 0.6972554388136782411, 1.000000000000000000),
 ( 1.000000000000000000, 0.7025125450605487210, 1.000000000000000000),
 ( 1.000000000000000000, 0.7071067811865510144, 1.000000000000000000) ) ) 
 REPRESENTATION_ITEM ( '' )  SURFACE ( )  );
#916 = DIRECTION ( 'NONE',  ( 0.000000000000000000, 1.000000000000000000, 0.000000000000000000 ) ) ;
#917 = CARTESIAN_POINT ( 'NONE',  ( 141.4407641559697879, 49.87753617725843469, 146.3921119472930172 ) ) ;
#918 = CARTESIAN_POINT ( 'NONE',  ( 148.0000000000000284, 81.87245924169576483, 160.2901504654294627 ) ) ;
#919 = CARTESIAN_POINT ( 'NONE',  ( 133.2482432115039330, 60.60362255145729904, 155.0161507208822229 ) ) ;
#920 = ORIENTED_EDGE ( 'NONE', *, *, #2351, .F. ) ;
#921 = CARTESIAN_POINT ( 'NONE',  ( 131.2858809559993176, 48.80223943539026266, 150.6435324939357372 ) ) ;
#922 = CARTESIAN_POINT ( 'NONE',  ( 25.75142140282045489, 14.91838991074573251, 69.18663032086840303 ) ) ;
#923 = CARTESIAN_POINT ( 'NONE',  ( 23.99838464326174758, 142.2358580574136795, 68.19206079859131364 ) ) ;
#924 = CARTESIAN_POINT ( 'NONE',  ( 144.7022360323651924, 39.78980919757749035, 221.4893936660701002 ) ) ;
#925 = EDGE_CURVE ( 'NONE', #174, #1025, #2936, .T. ) ;
#926 = CARTESIAN_POINT ( 'NONE',  ( 148.0000000000000568, 81.48850057042155015, 161.5067496100554365 ) ) ;
#927 = CARTESIAN_POINT ( 'NONE',  ( 130.3345731455526106, 96.48268926401065926, 148.6551485939938004 ) ) ;
#928 = CARTESIAN_POINT ( 'NONE',  ( 23.08318915758460221, 76.65470979761705905, 178.3779565494661767 ) ) ;
#929 = EDGE_CURVE ( 'NONE', #3812, #2015, #2673, .T. ) ;
#930 = CARTESIAN_POINT ( 'NONE',  ( 132.5181913070670134, 138.9999999999999432, 134.2196885572800795 ) ) ;
#931 = CARTESIAN_POINT ( 'NONE',  ( 139.7497919392509687, 106.9763565353345172, 146.0319601010207009 ) ) ;
#932 = CARTESIAN_POINT ( 'NONE',  ( 138.7261228012416439, 48.83577928138664248, 140.8460528281946722 ) ) ;
#933 = VERTEX_POINT ( 'NONE', #3358 ) ;
#934 = CARTESIAN_POINT ( 'NONE',  ( 24.72069330900268014, 15.35325555785462193, 67.30727600806395117 ) ) ;
#935 = DIRECTION ( 'NONE',  ( 0.000000000000000000, 1.000000000000000000, 0.000000000000000000 ) ) ;
#936 = CARTESIAN_POINT ( 'NONE',  ( 142.6935068732238392, 48.89214901623805787, 149.1552251784166856 ) ) ;
#937 = CARTESIAN_POINT ( 'NONE',  ( 147.4678382297002770, 83.62598897104247442, 155.6807358112363602 ) ) ;
#938 = CARTESIAN_POINT ( 'NONE',  ( 137.8249618131878833, 59.31706350117268300, 139.0677052668208376 ) ) ;
#939 = CARTESIAN_POINT ( 'NONE',  ( 133.5244441108768285, 57.93249117692090522, 155.6648031078227916 ) ) ;
#940 = EDGE_CURVE ( 'NONE', #3876, #3862, #4709, .T. ) ;
#941 = ORIENTED_EDGE ( 'NONE', *, *, #2351, .T. ) ;
#942 = DIRECTION ( 'NONE',  ( 0.000000000000000000, 0.000000000000000000, -1.000000000000000000 ) ) ;
#943 = CARTESIAN_POINT ( 'NONE',  ( 1.009719629430382282E-25, 13.99999999999995737, 212.1999999999999602 ) ) ;
#944 = CARTESIAN_POINT ( 'NONE',  ( 26.72403854248301514, 141.1525076516172703, 68.43098924632577962 ) ) ;
#945 = DIRECTION ( 'NONE',  ( -0.000000000000000000, 1.000000000000000000, 0.000000000000000000 ) ) ;
#946 = CARTESIAN_POINT ( 'NONE',  ( 57.15767664977302331, 13.99999999999995737, 69.19999999999998863 ) ) ;
#947 = CARTESIAN_POINT ( 'NONE',  ( 131.1058856725901194, 97.89955484334186053, 150.2620942194418774 ) ) ;
#948 =( BOUNDED_SURFACE ( )  B_SPLINE_SURFACE ( 3, 2, ( 
 ( #4632, #1703, #3185 ),
 ( #1347, #2797, #4272 ),
 ( #988, #361, #1828 ),
 ( #2893, #80, #3313 ),
 ( #1162, #1545, #3718 ),
 ( #4760, #2994, #52 ),
 ( #4041, #723, #1447 ),
 ( #2537, #2613, #775 ),
 ( #699, #4012, #1496 ),
 ( #4370, #3259, #2152 ),
 ( #3614, #1875, #334 ),
 ( #2971, #4425, #1473 ),
 ( #2177, #2514, #1798 ),
 ( #3639, #3288, #3367 ),
 ( #3339, #1085, #750 ),
 ( #2589, #4066, #2228 ),
 ( #4736, #2562, #1526 ),
 ( #1899, #2916, #1137 ),
 ( #3689, #4471, #408 ),
 ( #4396, #24, #1109 ),
 ( #4090, #4449, #799 ),
 ( #2253, #436, #3986 ),
 ( #2205, #3665, #384 ),
 ( #2941, #1850, #103 ),
 ( #3389, #460, #1567 ),
 ( #1920, #3017, #1185 ),
 ( #3741, #2635, #4112 ),
 ( #825, #2279, #1681 ),
 ( #4588, #917, #3414 ),
 ( #170, #1254, #1234 ),
 ( #2683, #1302, #3767 ),
 ( #4206, #2012, #1593 ),
 ( #3045, #4135, #936 ),
 ( #2750, #1991, #484 ),
 ( #4225, #4179, #1635 ),
 ( #4564, #4523, #4609 ),
 ( #3084, #3473, #2730 ),
 ( #893, #3133, #3437 ),
 ( #2708, #2035, #1658 ),
 ( #1944, #3499, #512 ),
 ( #2387, #1323, #4543 ),
 ( #3855, #574, #151 ),
 ( #4157, #850, #1615 ),
 ( #2303, #2369, #3832 ),
 ( #3066, #216, #2349 ),
 ( #532, #193, #3814 ) ),
 .UNSPECIFIED., .F., .F., .T. ) 
 B_SPLINE_SURFACE_WITH_KNOTS ( ( 4, 2, 2, 2, 2, 2, 2, 2, 2, 2, 2, 2, 2, 2, 2, 2, 2, 2, 2, 2, 2, 2, 4 ),
 ( 3, 3 ),
 ( 0.000000000000000000, 0.001875237838970224540, 0.003750475677940449080, 0.004688094597425560700, 0.005625713516910673187, 0.007500951355880898161, 0.008438570275366010648, 0.009376189194851121400, 0.01125142703382134637, 0.01312666487279157135, 0.01406428379227668383, 0.01500190271176179632, 0.01687714055073202130, 0.01781475947021713205, 0.01875237838970224280, 0.02062761622867246777, 0.02156523514815757853, 0.02250285406764269275, 0.02437809190661291772, 0.02531571082609802847, 0.02625332974558314270, 0.02812856758455336767, 0.03000380542352359264 ),
 ( 0.000000000000000000, 1.000000000000000000 ),
 .UNSPECIFIED. ) 
 GEOMETRIC_REPRESENTATION_ITEM ( )  RATIONAL_B_SPLINE_SURFACE ( (
 ( 1.000000000000000000, 0.5084142022411014539, 1.000000000000000000),
 ( 1.000000000000000000, 0.5054150682956042306, 1.000000000000000000),
 ( 1.000000000000000000, 0.5043446813288167130, 1.000000000000000000),
 ( 1.000000000000000000, 0.5060529998442558908, 1.000000000000000000),
 ( 1.000000000000000000, 0.5089131485247559983, 1.000000000000000000),
 ( 1.000000000000000000, 0.5157140506718078665, 1.000000000000000000),
 ( 1.000000000000000000, 0.5183937553451504199, 1.000000000000000000),
 ( 1.000000000000000000, 0.5245055709058332738, 1.000000000000000000),
 ( 1.000000000000000000, 0.5279520016401529903, 1.000000000000000000),
 ( 1.000000000000000000, 0.5392380408648530521, 1.000000000000000000),
 ( 1.000000000000000000, 0.5478672965610291712, 1.000000000000000000),
 ( 1.000000000000000000, 0.5619765849801917623, 1.000000000000000000),
 ( 1.000000000000000000, 0.5668965039846546317, 1.000000000000000000),
 ( 1.000000000000000000, 0.5769869504746103495, 1.000000000000000000),
 ( 1.000000000000000000, 0.5821276468320504272, 1.000000000000000000),
 ( 1.000000000000000000, 0.5977591700743472014, 1.000000000000000000),
 ( 1.000000000000000000, 0.6084541051200471617, 1.000000000000000000),
 ( 1.000000000000000000, 0.6301536442835022900, 1.000000000000000000),
 ( 1.000000000000000000, 0.6409225513010327058, 1.000000000000000000),
 ( 1.000000000000000000, 0.6567739405222280391, 1.000000000000000000),
 ( 1.000000000000000000, 0.6620148753114678541, 1.000000000000000000),
 ( 1.000000000000000000, 0.6724084230251117233, 1.000000000000000000),
 ( 1.000000000000000000, 0.6775820318814008703, 1.000000000000000000),
 ( 1.000000000000000000, 0.6928122129225163794, 1.000000000000000000),
 ( 1.000000000000000000, 0.7025158250018499473, 1.000000000000000000),
 ( 1.000000000000000000, 0.7164715604387982273, 1.000000000000000000),
 ( 1.000000000000000000, 0.7210233054510641892, 1.000000000000000000),
 ( 1.000000000000000000, 0.7299366909197959608, 1.000000000000000000),
 ( 1.000000000000000000, 0.7343189219415878766, 1.000000000000000000),
 ( 1.000000000000000000, 0.7470296024305700389, 1.000000000000000000),
 ( 1.000000000000000000, 0.7548903543553581175, 1.000000000000000000),
 ( 1.000000000000000000, 0.7658908644722860481, 1.000000000000000000),
 ( 1.000000000000000000, 0.7694252130104025644, 1.000000000000000000),
 ( 1.000000000000000000, 0.7762426578357001228, 1.000000000000000000),
 ( 1.000000000000000000, 0.7795433635687478713, 1.000000000000000000),
 ( 1.000000000000000000, 0.7889395190189595342, 1.000000000000000000),
 ( 1.000000000000000000, 0.7945114197622986651, 1.000000000000000000),
 ( 1.000000000000000000, 0.8019736638522130256, 1.000000000000000000),
 ( 1.000000000000000000, 0.8043106462441940163, 1.000000000000000000),
 ( 1.000000000000000000, 0.8086939752019077776, 1.000000000000000000),
 ( 1.000000000000000000, 0.8107471305697164787, 1.000000000000000000),
 ( 1.000000000000000000, 0.8163400704073894287, 1.000000000000000000),
 ( 1.000000000000000000, 0.8193722602949391476, 1.000000000000000000),
 ( 1.000000000000000000, 0.8241714037157978900, 1.000000000000000000),
 ( 1.000000000000000000, 0.8259408295701963221, 1.000000000000000000),
 ( 1.000000000000000000, 0.8269952009532933745, 1.000000000000000000) ) ) 
 REPRESENTATION_ITEM ( '' )  SURFACE ( )  );
#949 = CARTESIAN_POINT ( 'NONE',  ( 141.7668972533384988, 51.80257700379677033, 150.6790356575924079 ) ) ;
#950 = EDGE_CURVE ( 'NONE', #1556, #3888, #1672, .T. ) ;
#951 = AXIS2_PLACEMENT_3D ( 'NONE', #472, #1711, #3531 ) ;
#952 = B_SPLINE_CURVE_WITH_KNOTS ( 'NONE', 3,
 ( #3877, #4654, #3129, #4605, #1368, #1320, #2768, #2812, #1003, #3923 ),
 .UNSPECIFIED., .F., .F.,
 ( 4, 2, 2, 2, 4 ),
 ( -2.621119107169444016E-05, 0.008538776260278550106, 0.01710376371162879508, 0.02566875116297904005, 0.03423373861432928850 ),
 .UNSPECIFIED. ) ;
#953 = DIRECTION ( 'NONE',  ( -0.000000000000000000, -1.000000000000000000, -0.000000000000000000 ) ) ;
#954 = CARTESIAN_POINT ( 'NONE',  ( 138.9043767169614227, 111.1094525863706508, 146.5719748671675120 ) ) ;
#955 = CARTESIAN_POINT ( 'NONE',  ( 142.6905842376896203, 48.88886421304839303, 149.1486154020449533 ) ) ;
#956 = VERTEX_POINT ( 'NONE', #248 ) ;
#957 = CARTESIAN_POINT ( 'NONE',  ( 133.7220974501450712, 138.9999999999999432, 135.8167514861150380 ) ) ;
#958 = VECTOR ( 'NONE', #4719, 1000.000000000000114 ) ;
#959 = CIRCLE ( 'NONE', #1502, 154.0000000000000000 ) ;
#960 = EDGE_CURVE ( 'NONE', #2777, #1242, #2784, .T. ) ;
#961 = CARTESIAN_POINT ( 'NONE',  ( 127.0298491848907787, 57.61492689653182708, 138.3569386786823259 ) ) ;
#962 = CARTESIAN_POINT ( 'NONE',  ( 129.4328032942684672, 50.37851825783054949, 143.2398254622584375 ) ) ;
#963 = CARTESIAN_POINT ( 'NONE',  ( 24.08733304096402605, 15.94714976542757334, 67.20068830985883324 ) ) ;
#964 = DIRECTION ( 'NONE',  ( 0.000000000000000000, 0.000000000000000000, 1.000000000000000000 ) ) ;
#965 = AXIS2_PLACEMENT_3D ( 'NONE', #4574, #3443, #4549 ) ;
#966 = AXIS2_PLACEMENT_3D ( 'NONE', #3920, #2092, #4265 ) ;
#967 = FACE_OUTER_BOUND ( 'NONE', #54, .T. ) ;
#968 = CARTESIAN_POINT ( 'NONE',  ( 147.6862435252195951, 82.05196563686473610, 159.1154997768670682 ) ) ;
#969 = ORIENTED_EDGE ( 'NONE', *, *, #1901, .T. ) ;
#970 = CARTESIAN_POINT ( 'NONE',  ( 126.8809256005557842, 49.95083632706912624, 138.4692010164936278 ) ) ;
#971 = AXIS2_PLACEMENT_3D ( 'NONE', #1395, #575, #4318 ) ;
#972 = CARTESIAN_POINT ( 'NONE',  ( 105.8125680966896596, 138.9999999999999432, 110.5205997618818543 ) ) ;
#973 = CARTESIAN_POINT ( 'NONE',  ( 24.96739550660732831, 141.6044277823966979, 68.27451311279331492 ) ) ;
#974 = CARTESIAN_POINT ( 'NONE',  ( 144.8496540577776557, 40.70001571573987320, 218.8057579160376918 ) ) ;
#975 = DIRECTION ( 'NONE',  ( -0.000000000000000000, -1.000000000000000000, -0.000000000000000000 ) ) ;
#976 = DIRECTION ( 'NONE',  ( 0.6019530715390324360, 0.000000000000000000, 0.7985314644174796861 ) ) ;
#977 = CARTESIAN_POINT ( 'NONE',  ( 142.9038236311327523, 55.85596296109866188, 152.8284235814629142 ) ) ;
#978 = DIRECTION ( 'NONE',  ( 0.000000000000000000, -0.000000000000000000, 1.000000000000000000 ) ) ;
#979 = CARTESIAN_POINT ( 'NONE',  ( 131.6796521291620650, 33.99999999999995737, 132.3472028345727551 ) ) ;
#980 = DIRECTION ( 'NONE',  ( -0.000000000000000000, 1.387778780781444256E-14, 1.000000000000000000 ) ) ;
#981 = EDGE_LOOP ( 'NONE', ( #406, #1723, #3926, #78 ) ) ;
#982 = DIRECTION ( 'NONE',  ( -0.8683253081178273769, 1.387778780781447884E-14, 0.4959951202200282294 ) ) ;
#983 = PRODUCT_DEFINITION_FORMATION_WITH_SPECIFIED_SOURCE ( 'ANY', '', #1308, .NOT_KNOWN. ) ;
#984 = CARTESIAN_POINT ( 'NONE',  ( 126.5722316835551311, 34.39493172805208587, 137.7266751487683791 ) ) ;
#985 = B_SPLINE_CURVE_WITH_KNOTS ( 'NONE', 3,
 ( #2138, #395, #35, #1784, #2191, #10, #1018, #3942, #4693, #657, #373, #1483, #2925, #4721, #1406, #2523, #3998, #2852, #709, #2162, #2499, #3971, #346, #3274, #1459, #684, #2903, #4381, #835, #3700, #855, #2287 ),
 .UNSPECIFIED., .F., .F.,
 ( 4, 2, 2, 2, 2, 2, 2, 2, 2, 2, 2, 2, 2, 2, 2, 4 ),
 ( 0.01173583876241857810, 0.01246913223598844662, 0.01320242570955831342, 0.01393571918312818195, 0.01466901265669805048, 0.01540230613026791727, 0.01613559960383778580, 0.01686889307740765259, 0.01760218655097752286, 0.01833548002454738965, 0.01906877349811725644, 0.01980206697168712671, 0.02053536044525699350, 0.02126865391882686029, 0.02200194739239673056, 0.02346853433953654394 ),
 .UNSPECIFIED. ) ;
#986 = FACE_BOUND ( 'NONE', #1927, .T. ) ;
#987 = CARTESIAN_POINT ( 'NONE',  ( 12.49928784100545265, 13.63087349855292629, 67.23794439517634203 ) ) ;
#988 = CARTESIAN_POINT ( 'NONE',  ( 134.2239493803388370, 57.16335603263778609, 138.7062999933198455 ) ) ;
#989 = CARTESIAN_POINT ( 'NONE',  ( 104.2734880837559928, 32.81533618155026488, 111.4424381798505124 ) ) ;
#990 = CARTESIAN_POINT ( 'NONE',  ( 139.0904719603771014, 62.78561375486563634, 141.5519417660588317 ) ) ;
#991 = EDGE_LOOP ( 'NONE', ( #776, #1207 ) ) ;
#992 = DIRECTION ( 'NONE',  ( 0.3181155510108296114, 0.000000000000000000, 0.9480519480519389308 ) ) ;
#993 = CARTESIAN_POINT ( 'NONE',  ( 144.7597174445240569, 55.53369900647856383, 154.0568645033521022 ) ) ;
#994 = DIRECTION ( 'NONE',  ( 0.000000000000000000, 0.000000000000000000, 1.000000000000000000 ) ) ;
#995 = DIRECTION ( 'NONE',  ( -0.000000000000000000, -0.000000000000000000, 1.000000000000000000 ) ) ;
#996 = CARTESIAN_POINT ( 'NONE',  ( 148.0000000000000284, 87.48036820674025194, 148.5185159196558686 ) ) ;
#997 = CARTESIAN_POINT ( 'NONE',  ( 133.3897774814888635, 31.99999999999995737, 131.3101535207360087 ) ) ;
#998 = CARTESIAN_POINT ( 'NONE',  ( 135.9021933930610828, 51.68270314408998445, 141.0962286829452523 ) ) ;
#999 = CARTESIAN_POINT ( 'NONE',  ( 24.10046847071708598, 139.1072672866072253, 67.20287094497625446 ) ) ;
#1000 = CARTESIAN_POINT ( 'NONE',  ( 141.6269984043803447, 104.2432158982460777, 145.2440127995928094 ) ) ;
#1001 = CARTESIAN_POINT ( 'NONE',  ( 141.4944878515318010, 109.0976747529693114, 146.5085596301305486 ) ) ;
#1002 = ORIENTED_EDGE ( 'NONE', *, *, #2381, .F. ) ;
#1003 = CARTESIAN_POINT ( 'NONE',  ( 146.1663799031486803, 141.0000000000000568, 226.4670991147667394 ) ) ;
#1004 = ADVANCED_FACE ( 'NONE', ( #2829 ), #2761, .F. ) ;
#1005 = CARTESIAN_POINT ( 'NONE',  ( 129.0239510511277956, 62.34790198360384750, 136.8537346136773465 ) ) ;
#1006 = ORIENTED_EDGE ( 'NONE', *, *, #2975, .F. ) ;
#1007 = DIRECTION ( 'NONE',  ( -0.000000000000000000, 1.000000000000000000, 0.000000000000000000 ) ) ;
#1008 = CARTESIAN_POINT ( 'NONE',  ( 145.2963414862280160, 15.99999999999995914, 236.5153120237517612 ) ) ;
#1009 = CARTESIAN_POINT ( 'NONE',  ( 124.8758087552059237, 32.13012878435213793, 138.5040126771328630 ) ) ;
#1010 = EDGE_CURVE ( 'NONE', #3752, #1231, #2068, .T. ) ;
#1011 = CARTESIAN_POINT ( 'NONE',  ( 106.8988736637775929, 34.10177653497375161, 111.4006687255168089 ) ) ;
#1012 = CARTESIAN_POINT ( 'NONE',  ( 136.9594364119735985, 62.39741337241600405, 137.5122952682207256 ) ) ;
#1013 = ORIENTED_EDGE ( 'NONE', *, *, #2090, .T. ) ;
#1014 = CARTESIAN_POINT ( 'NONE',  ( 125.6526993684364584, 53.08066652272453467, 139.3950687949266296 ) ) ;
#1015 = DIRECTION ( 'NONE',  ( 0.000000000000000000, 1.000000000000000000, -7.709882115452482111E-16 ) ) ;
#1016 = CARTESIAN_POINT ( 'NONE',  ( 124.8825991585886896, 34.16443731998531064, 138.5099685505517755 ) ) ;
#1017 = CARTESIAN_POINT ( 'NONE',  ( 147.3901071655607495, 86.55442822714159945, 145.8384530839193189 ) ) ;
#1018 = CARTESIAN_POINT ( 'NONE',  ( 141.7296004753743546, 74.78038992576918531, 181.5774575692031192 ) ) ;
#1019 = CARTESIAN_POINT ( 'NONE',  ( 140.5406373110281493, 50.40467246823667580, 148.4845319933182566 ) ) ;
#1020 = ORIENTED_EDGE ( 'NONE', *, *, #3835, .F. ) ;
#1021 = CARTESIAN_POINT ( 'NONE',  ( 13.94922675351938857, 143.4605395011645044, 67.35814973422958474 ) ) ;
#1022 = CARTESIAN_POINT ( 'NONE',  ( 132.4975744604267334, 57.52429597708078290, 138.7357337226834204 ) ) ;
#1023 = DIRECTION ( 'NONE',  ( 0.000000000000000000, 0.000000000000000000, 1.000000000000000000 ) ) ;
#1024 = DIRECTION ( 'NONE',  ( 0.000000000000000000, 0.000000000000000000, -1.000000000000000000 ) ) ;
#1025 = VERTEX_POINT ( 'NONE', #1382 ) ;
#1026 = CARTESIAN_POINT ( 'NONE',  ( 141.8891871552510509, 78.04888270868096356, 147.3659150722234585 ) ) ;
#1027 = VERTEX_POINT ( 'NONE', #588 ) ;
#1028 = ORIENTED_EDGE ( 'NONE', *, *, #1303, .F. ) ;
#1029 = CARTESIAN_POINT ( 'NONE',  ( 148.0000000000000568, 105.8589260612387761, 157.9660641079359209 ) ) ;
#1030 = VERTEX_POINT ( 'NONE', #4304 ) ;
#1031 = DIRECTION ( 'NONE',  ( 0.000000000000000000, 1.000000000000000000, 0.000000000000000000 ) ) ;
#1032 = CARTESIAN_POINT ( 'NONE',  ( 133.4251969328258269, 54.74003546458544633, 155.4308389341081806 ) ) ;
#1033 = CARTESIAN_POINT ( 'NONE',  ( 125.5786785124230960, 32.82702358669272513, 139.7083270327435116 ) ) ;
#1034 = CIRCLE ( 'NONE', #2564, 2.099999999999990763 ) ;
#1035 = CARTESIAN_POINT ( 'NONE',  ( 104.7596544081670942, 34.66404462384021201, 111.9380102939712742 ) ) ;
#1036 = CARTESIAN_POINT ( 'NONE',  ( 135.2035462014720792, 61.21116867481295998, 140.0855157195225047 ) ) ;
#1037 = ORIENTED_EDGE ( 'NONE', *, *, #758, .F. ) ;
#1038 = AXIS2_PLACEMENT_3D ( 'NONE', #3548, #4738, #2059 ) ;
#1039 = DIRECTION ( 'NONE',  ( 0.000000000000000000, 0.000000000000000000, -1.000000000000000000 ) ) ;
#1040 = VECTOR ( 'NONE', #3407, 1000.000000000000000 ) ;
#1041 = CARTESIAN_POINT ( 'NONE',  ( 142.9038236311327523, 55.85596296109866188, 152.8284235814629142 ) ) ;
#1042 = CARTESIAN_POINT ( 'NONE',  ( 125.4751021304563352, 35.70604172007493560, 139.5086775490324555 ) ) ;
#1043 = CARTESIAN_POINT ( 'NONE',  ( 146.8391263934976223, 86.04185664822486501, 146.5092920706409814 ) ) ;
#1044 = FACE_OUTER_BOUND ( 'NONE', #2538, .T. ) ;
#1045 = CARTESIAN_POINT ( 'NONE',  ( 132.5181913070669850, 35.99999999999997158, 134.2196885572800795 ) ) ;
#1046 = DIRECTION ( 'NONE',  ( 1.000000000000000000, 0.000000000000000000, -0.000000000000000000 ) ) ;
#1047 = CIRCLE ( 'NONE', #201, 1.999999999999999778 ) ;
#1048 = ADVANCED_FACE ( 'NONE', ( #2048 ), #4683, .T. ) ;
#1049 = AXIS2_PLACEMENT_3D ( 'NONE', #1785, #419, #347 ) ;
#1050 = DIRECTION ( 'NONE',  ( 1.000000000000000000, -0.000000000000000000, 2.218880795315036613E-16 ) ) ;
#1051 = CARTESIAN_POINT ( 'NONE',  ( 131.1951286606237943, 58.33985262362622848, 135.2170464064739974 ) ) ;
#1052 = DIRECTION ( 'NONE',  ( 0.000000000000000000, 0.000000000000000000, -1.000000000000000000 ) ) ;
#1053 = LINE ( 'NONE', #3629, #1414 ) ;
#1054 = DIRECTION ( 'NONE',  ( 0.4959951202200282294, -0.000000000000000000, 0.8683253081178274879 ) ) ;
#1055 = CARTESIAN_POINT ( 'NONE',  ( 148.0000000000000284, 106.2586166168601522, 159.8741079507110214 ) ) ;
#1056 = CIRCLE ( 'NONE', #1822, 156.0000000000000000 ) ;
#1057 = EDGE_LOOP ( 'NONE', ( #920, #2277, #2813, #4275, #3014 ) ) ;
#1058 = FACE_OUTER_BOUND ( 'NONE', #2633, .T. ) ;
#1059 = CARTESIAN_POINT ( 'NONE',  ( 128.1291083751955568, 50.00968497313064631, 144.3154760569721873 ) ) ;
#1060 = ORIENTED_EDGE ( 'NONE', *, *, #4298, .T. ) ;
#1061 = CARTESIAN_POINT ( 'NONE',  ( 128.0848317436338561, 62.49989693162738291, 141.3310851043431171 ) ) ;
#1062 = CARTESIAN_POINT ( 'NONE',  ( 1.009719629430382282E-25, 13.99999999999995737, 69.19999999999998863 ) ) ;
#1063 = CARTESIAN_POINT ( 'NONE',  ( 104.4065134655252649, 138.9999999999999432, 111.5805190533508693 ) ) ;
#1064 = DIRECTION ( 'NONE',  ( 0.7985314644174802412, 0.000000000000000000, -0.6019530715390317699 ) ) ;
#1065 = ORIENTED_EDGE ( 'NONE', *, *, #3973, .T. ) ;
#1066 = CARTESIAN_POINT ( 'NONE',  ( 126.8402046145577771, 56.92989865989898135, 138.4998975183763434 ) ) ;
#1067 = DIRECTION ( 'NONE',  ( 0.000000000000000000, 0.000000000000000000, 1.000000000000000000 ) ) ;
#1068 = CARTESIAN_POINT ( 'NONE',  ( 141.0000000000000000, 94.54888270868096356, 151.8487542277047453 ) ) ;
#1069 = CARTESIAN_POINT ( 'NONE',  ( 145.3556099673753295, 101.5842938685744059, 144.8846879762482729 ) ) ;
#1070 = DIRECTION ( 'NONE',  ( 1.000000000000000000, -0.000000000000000000, 2.218880795315036613E-16 ) ) ;
#1071 = CARTESIAN_POINT ( 'NONE',  ( 132.2002658523394416, 34.40782556126246305, 133.4792737901534565 ) ) ;
#1072 = EDGE_CURVE ( 'NONE', #3777, #956, #985, .T. ) ;
#1073 = EDGE_CURVE ( 'NONE', #675, #482, #1034, .T. ) ;
#1074 = CARTESIAN_POINT ( 'NONE',  ( 23.91844722990500927, 139.0135546630799297, 69.18630137933467950 ) ) ;
#1075 = CARTESIAN_POINT ( 'NONE',  ( 141.6375701424848046, 81.65149380150583625, 145.0292049755080370 ) ) ;
#1076 = CARTESIAN_POINT ( 'NONE',  ( 145.2673169843236280, 103.9376451970386483, 146.3787578234893090 ) ) ;
#1077 = DIRECTION ( 'NONE',  ( 1.000000000000000000, -0.000000000000000000, 2.218880795315036613E-16 ) ) ;
#1078 = CARTESIAN_POINT ( 'NONE',  ( 141.7927667083139340, 78.53762965227329573, 147.1548992330039596 ) ) ;
#1079 = DIRECTION ( 'NONE',  ( 0.000000000000000000, 0.000000000000000000, 1.000000000000000000 ) ) ;
#1080 = ORIENTED_EDGE ( 'NONE', *, *, #3908, .F. ) ;
#1081 = CARTESIAN_POINT ( 'NONE',  ( 144.1507304015959789, 86.74039522291045046, 144.8846879762482445 ) ) ;
#1082 = CARTESIAN_POINT ( 'NONE',  ( 128.4851729452727511, 49.89258262820934675, 144.9925518266840072 ) ) ;
#1083 = VERTEX_POINT ( 'NONE', #2310 ) ;
#1084 = CARTESIAN_POINT ( 'NONE',  ( 23.48293747831543499, 12.30898935878819778, 68.14891477416608723 ) ) ;
#1085 = CARTESIAN_POINT ( 'NONE',  ( 138.4142192544605621, 52.51072990787953643, 140.2230158354790888 ) ) ;
#1086 = VERTEX_POINT ( 'NONE', #3440 ) ;
#1087 = CARTESIAN_POINT ( 'NONE',  ( 105.8557425886924790, 35.47394465147161924, 110.5542133474769599 ) ) ;
#1088 = FACE_OUTER_BOUND ( 'NONE', #2517, .T. ) ;
#1089 = ORIENTED_EDGE ( 'NONE', *, *, #2929, .F. ) ;
#1090 = DIRECTION ( 'NONE',  ( -0.000000000000000000, -1.000000000000000000, -0.000000000000000000 ) ) ;
#1091 = CARTESIAN_POINT ( 'NONE',  ( 139.2655841363240654, 64.08575860871926011, 146.3228727775262428 ) ) ;
#1092 = EDGE_CURVE ( 'NONE', #1848, #1415, #3331, .T. ) ;
#1093 = CARTESIAN_POINT ( 'NONE',  ( 125.3540817140255683, 32.52529128767591260, 139.3206374009958779 ) ) ;
#1094 = CARTESIAN_POINT ( 'NONE',  ( 147.9573410240290627, 87.70767039844558610, 145.0435183110499793 ) ) ;
#1095 = CYLINDRICAL_SURFACE ( 'NONE', #3264, 2.000000000000001776 ) ;
#1096 = CARTESIAN_POINT ( 'NONE',  ( 133.9013237780954739, 34.36840360585200216, 132.1528978530834593 ) ) ;
#1097 = FACE_OUTER_BOUND ( 'NONE', #212, .T. ) ;
#1098 = CARTESIAN_POINT ( 'NONE',  ( 24.09533655142284658, 139.0900104241505915, 67.20201805930557271 ) ) ;
#1099 = EDGE_CURVE ( 'NONE', #933, #3519, #3415, .T. ) ;
#1100 = CARTESIAN_POINT ( 'NONE',  ( 139.7497919392509687, 82.12140888202738154, 146.0319601010207009 ) ) ;
#1101 = LINE ( 'NONE', #3950, #2187 ) ;
#1102 = CARTESIAN_POINT ( 'NONE',  ( 111.4498338032009030, 35.86623277450047453, 106.2710873026683203 ) ) ;
#1103 = CARTESIAN_POINT ( 'NONE',  ( 135.3524220358891910, 34.69517362986999842, 134.6388464135681886 ) ) ;
#1104 = CARTESIAN_POINT ( 'NONE',  ( 148.0000000000000284, 106.8146985892350074, 160.6201741759626600 ) ) ;
#1105 = LINE ( 'NONE', #771, #46 ) ;
#1106 = CARTESIAN_POINT ( 'NONE',  ( 130.9952797028854548, 51.19012131023195877, 150.0191367648610878 ) ) ;
#1107 = ORIENTED_EDGE ( 'NONE', *, *, #1337, .T. ) ;
#1108 = CARTESIAN_POINT ( 'NONE',  ( 19.72620678461628074, 10.04792404653319160, 67.83709794205195465 ) ) ;
#1109 = CARTESIAN_POINT ( 'NONE',  ( 139.3826827721253494, 48.33174215729672341, 142.1388907405673194 ) ) ;
#1110 = EDGE_LOOP ( 'NONE', ( #362, #2982, #1494 ) ) ;
#1111 = EDGE_CURVE ( 'NONE', #566, #1766, #1554, .T. ) ;
#1112 = CARTESIAN_POINT ( 'NONE',  ( 147.8961038961039094, 78.04888270868096356, 162.5739740423148589 ) ) ;
#1113 = ORIENTED_EDGE ( 'NONE', *, *, #4158, .T. ) ;
#1114 = CARTESIAN_POINT ( 'NONE',  ( 126.7166267616375137, 57.05009015716519372, 138.5930536073317114 ) ) ;
#1115 = AXIS2_PLACEMENT_3D ( 'NONE', #2803, #1357, #994 ) ;
#1116 = CARTESIAN_POINT ( 'NONE',  ( 142.3388402161315014, 63.66593477480540741, 148.3550582923502077 ) ) ;
#1117 = CIRCLE ( 'NONE', #3938, 2.000000000000001776 ) ;
#1118 = CARTESIAN_POINT ( 'NONE',  ( 131.2710741428224992, 64.12586620174553786, 145.9886090252260544 ) ) ;
#1119 = CARTESIAN_POINT ( 'NONE',  ( 141.0000000000000000, 94.54888270868096356, 153.9487542277047112 ) ) ;
#1120 = LINE ( 'NONE', #1432, #1209 ) ;
#1121 = CARTESIAN_POINT ( 'NONE',  ( 133.8461781620922579, 34.29615863257829744, 132.0622901825155679 ) ) ;
#1122 = DIRECTION ( 'NONE',  ( 2.218880795315040557E-16, 0.000000000000000000, -1.000000000000000000 ) ) ;
#1123 = ORIENTED_EDGE ( 'NONE', *, *, #2698, .T. ) ;
#1124 = AXIS2_PLACEMENT_3D ( 'NONE', #3186, #2415, #3211 ) ;
#1125 = CARTESIAN_POINT ( 'NONE',  ( 23.98423363219407989, 139.2086980959340394, 69.18630227562192658 ) ) ;
#1126 = CARTESIAN_POINT ( 'NONE',  ( 141.0155207825393973, 84.16893278063672312, 145.4471559278446762 ) ) ;
#1127 = AXIS2_PLACEMENT_3D ( 'NONE', #2021, #3841, #4193 ) ;
#1128 = DIRECTION ( 'NONE',  ( 2.218880795315036613E-16, 0.000000000000000000, -1.000000000000000000 ) ) ;
#1129 = DIRECTION ( 'NONE',  ( -1.000000000000000000, -0.000000000000000000, -2.218880795315036613E-16 ) ) ;
#1130 = CARTESIAN_POINT ( 'NONE',  ( 24.08318915758460221, 139.0570326434753952, 67.19999999999997442 ) ) ;
#1131 = AXIS2_PLACEMENT_3D ( 'NONE', #2431, #2453, #616 ) ;
#1132 = CARTESIAN_POINT ( 'NONE',  ( 147.8033386070861468, 108.3520221674539528, 161.0238209578390070 ) ) ;
#1133 = SPHERICAL_SURFACE ( 'NONE', #430, 2.000000000000000000 ) ;
#1134 = CARTESIAN_POINT ( 'NONE',  ( 129.7478866703237657, 47.92159324585495739, 147.4644679043283588 ) ) ;
#1135 = VERTEX_POINT ( 'NONE', #4119 ) ;
#1136 = CARTESIAN_POINT ( 'NONE',  ( 24.06926755360965942, 15.68461870393263879, 69.18630467230084946 ) ) ;
#1137 = CARTESIAN_POINT ( 'NONE',  ( 138.7051723084055368, 48.85573563226777338, 140.8053307819062070 ) ) ;
#1138 = ORIENTED_EDGE ( 'NONE', *, *, #2381, .T. ) ;
#1139 = ORIENTED_EDGE ( 'NONE', *, *, #1356, .T. ) ;
#1140 = CYLINDRICAL_SURFACE ( 'NONE', #267, 2.000000000000005329 ) ;
#1141 = VERTEX_POINT ( 'NONE', #1995 ) ;
#1142 = CARTESIAN_POINT ( 'NONE',  ( 130.3438236848343479, 53.40226274643868720, 135.8587814761956736 ) ) ;
#1143 = ADVANCED_FACE ( 'NONE', ( #899 ), #1292, .T. ) ;
#1144 = CARTESIAN_POINT ( 'NONE',  ( 143.0712049489266917, 64.63157485174905048, 150.0152049387044144 ) ) ;
#1145 = CARTESIAN_POINT ( 'NONE',  ( 104.1253608187047064, 32.99120065565532656, 111.2894320601448044 ) ) ;
#1146 = DIRECTION ( 'NONE',  ( 1.000000000000000000, 0.000000000000000000, 1.387778780781444413E-14 ) ) ;
#1147 = FACE_BOUND ( 'NONE', #3954, .T. ) ;
#1148 = CARTESIAN_POINT ( 'NONE',  ( 136.0449502795354988, 58.45870188770358311, 135.8601578241169818 ) ) ;
#1149 = FACE_OUTER_BOUND ( 'NONE', #3730, .T. ) ;
#1150 = ORIENTED_EDGE ( 'NONE', *, *, #1663, .T. ) ;
#1151 = CARTESIAN_POINT ( 'NONE',  ( 24.19836884324374182, 139.2766073674903282, 67.21917558212342669 ) ) ;
#1152 = DIRECTION ( 'NONE',  ( 0.000000000000000000, 1.000000000000000000, 0.000000000000000000 ) ) ;
#1153 = CARTESIAN_POINT ( 'NONE',  ( 140.4440071367594385, 79.60899356755734857, 176.1372156716379322 ) ) ;
#1154 = DIRECTION ( 'NONE',  ( -0.7306087572545049147, 0.000000000000000000, 0.6827963413954618588 ) ) ;
#1155 = CARTESIAN_POINT ( 'NONE',  ( 141.0000000000000284, 83.59764801021192682, 145.4542136161390147 ) ) ;
#1156 = CARTESIAN_POINT ( 'NONE',  ( 142.9476046180436128, 56.61863664216663494, 152.9135599973460558 ) ) ;
#1157 = ADVANCED_FACE ( 'NONE', ( #1487 ), #2227, .T. ) ;
#1158 = CARTESIAN_POINT ( 'NONE',  ( 104.6086619536115876, 138.9999999999999432, 108.9235368330468958 ) ) ;
#1159 = CARTESIAN_POINT ( 'NONE',  ( 133.5988456046535475, 51.08730282468501827, 149.7658390457609414 ) ) ;
#1160 = ORIENTED_EDGE ( 'NONE', *, *, #4242, .T. ) ;
#1161 = CARTESIAN_POINT ( 'NONE',  ( 24.20322812796099754, 15.56734028557889538, 69.18631118244744016 ) ) ;
#1162 = CARTESIAN_POINT ( 'NONE',  ( 134.3098238545710785, 55.69458092167820240, 138.8254180450976207 ) ) ;
#1163 = ORIENTED_EDGE ( 'NONE', *, *, #195, .T. ) ;
#1164 = B_SPLINE_CURVE_WITH_KNOTS ( 'NONE', 3,
 ( #551, #4522, #1233, #104, #1943, #3413 ),
 .UNSPECIFIED., .F., .F.,
 ( 4, 2, 4 ),
 ( 0.000000000000000000, 0.002160292173891672184, 0.004320584347783344367 ),
 .UNSPECIFIED. ) ;
#1165 = CARTESIAN_POINT ( 'NONE',  ( 147.8051892668755158, 80.71886869532814046, 161.0544173367509586 ) ) ;
#1166 = ADVANCED_FACE ( 'NONE', ( #4290 ), #2256, .T. ) ;
#1167 = CARTESIAN_POINT ( 'NONE',  ( 140.4245245917950626, 63.66296673614528601, 148.2840615775339188 ) ) ;
#1168 = CARTESIAN_POINT ( 'NONE',  ( 135.3015984516293031, 58.48511772940693731, 152.7741722893867404 ) ) ;
#1169 = CARTESIAN_POINT ( 'NONE',  ( 129.5246665199630058, 64.08837847132794252, 147.0169559590869426 ) ) ;
#1170 = FACE_OUTER_BOUND ( 'NONE', #3215, .T. ) ;
#1171 = CARTESIAN_POINT ( 'NONE',  ( 144.0833756540941977, 62.38002255745053048, 152.4001391925266660 ) ) ;
#1172 = DIRECTION ( 'NONE',  ( 0.6019530715390367659, 0.000000000000000000, 0.7985314644174762444 ) ) ;
#1173 = ORIENTED_EDGE ( 'NONE', *, *, #4748, .T. ) ;
#1174 = EDGE_CURVE ( 'NONE', #3739, #581, #2858, .T. ) ;
#1175 = CARTESIAN_POINT ( 'NONE',  ( 20.77500403234880011, 144.6021585146195321, 67.92406180721354758 ) ) ;
#1176 = VERTEX_POINT ( 'NONE', #1321 ) ;
#1177 = CARTESIAN_POINT ( 'NONE',  ( 141.4272384544154875, 79.87842882301433178, 180.2097117779129007 ) ) ;
#1178 = CARTESIAN_POINT ( 'NONE',  ( 57.39261114634054906, 140.6036515143225358, 67.97679283910534309 ) ) ;
#1179 = CARTESIAN_POINT ( 'NONE',  ( 134.4294396007342982, 32.51987214668373127, 133.0496702137982936 ) ) ;
#1180 = CARTESIAN_POINT ( 'NONE',  ( 145.2963414862280729, 15.99999999999995914, 234.5153120237517612 ) ) ;
#1181 = CARTESIAN_POINT ( 'NONE',  ( 31.85212679311853634, 140.9414090846493934, 69.19410639645542460 ) ) ;
#1182 = CARTESIAN_POINT ( 'NONE',  ( 136.1940640906250337, 54.37730367919465380, 136.1264471767652537 ) ) ;
#1183 = ORIENTED_EDGE ( 'NONE', *, *, #1174, .F. ) ;
#1184 = CARTESIAN_POINT ( 'NONE',  ( 24.02274340686694032, 15.73728330314403223, 69.18630317846556466 ) ) ;
#1185 = CARTESIAN_POINT ( 'NONE',  ( 141.0372000074079892, 47.91321286401777257, 145.5321046101234401 ) ) ;
#1186 = ORIENTED_EDGE ( 'NONE', *, *, #1111, .F. ) ;
#1187 = EDGE_LOOP ( 'NONE', ( #1826, #1718, #4310, #4607 ) ) ;
#1188 = CARTESIAN_POINT ( 'NONE',  ( 128.0848317436338846, 140.9999999999999716, 140.0662639453285578 ) ) ;
#1189 = CARTESIAN_POINT ( 'NONE',  ( 139.4002512053806129, 64.06640730397876382, 146.5460775357731791 ) ) ;
#1190 = CARTESIAN_POINT ( 'NONE',  ( 103.2034109173323486, 35.47630404179381003, 110.3468773892853534 ) ) ;
#1191 = CARTESIAN_POINT ( 'NONE',  ( 132.7144210178855133, 63.66486465476296530, 148.2901112136302402 ) ) ;
#1192 = TOROIDAL_SURFACE ( 'NONE', #4177, 154.0000000000000000, 2.000000000000000000 ) ;
#1193 = CARTESIAN_POINT ( 'NONE',  ( 113.2698775747060580, 35.77527011693901926, 104.9106008948804742 ) ) ;
#1194 = CARTESIAN_POINT ( 'NONE',  ( 137.6141109123397257, 63.71072588584017637, 138.7260512929945264 ) ) ;
#1195 = CARTESIAN_POINT ( 'NONE',  ( 133.2543062727163488, 60.56839805617008210, 155.0303074847520008 ) ) ;
#1196 = AXIS2_PLACEMENT_3D ( 'NONE', #2764, #953, #590 ) ;
#1197 = CARTESIAN_POINT ( 'NONE',  ( 24.25336485361206940, 139.4688471073644109, 69.18631451670617594 ) ) ;
#1198 = EDGE_LOOP ( 'NONE', ( #2587, #1138, #4399, #1418 ) ) ;
#1199 = CARTESIAN_POINT ( 'NONE',  ( 24.18283269521773704, 15.73966863511936509, 67.21657927021813350 ) ) ;
#1200 = CARTESIAN_POINT ( 'NONE',  ( 57.49010022732619518, 140.0080833419343946, 67.46766239269426535 ) ) ;
#1201 = CARTESIAN_POINT ( 'NONE',  ( 133.3017255844646627, 92.84308210478270951, 155.1415936644326621 ) ) ;
#1202 = EDGE_CURVE ( 'NONE', #3777, #664, #2769, .T. ) ;
#1203 = AXIS2_PLACEMENT_3D ( 'NONE', #1610, #122, #1938 ) ;
#1204 = DIRECTION ( 'NONE',  ( 0.000000000000000000, 0.000000000000000000, 1.000000000000000000 ) ) ;
#1205 = LINE ( 'NONE', #477, #4566 ) ;
#1206 = CARTESIAN_POINT ( 'NONE',  ( 137.4832350901897655, 50.51871479827578781, 138.4815146280584202 ) ) ;
#1207 = ORIENTED_EDGE ( 'NONE', *, *, #786, .F. ) ;
#1208 = CARTESIAN_POINT ( 'NONE',  ( 24.68630846944102686, 13.25135171755051822, 68.25034177247266598 ) ) ;
#1209 = VECTOR ( 'NONE', #656, 1000.000000000000000 ) ;
#1210 = ORIENTED_EDGE ( 'NONE', *, *, #4079, .T. ) ;
#1211 = CARTESIAN_POINT ( 'NONE',  ( 128.2678606424752275, 51.29308949433021070, 141.5846539531692940 ) ) ;
#1212 = CARTESIAN_POINT ( 'NONE',  ( 127.5715222409980498, 63.62415480945325896, 137.9486119258533279 ) ) ;
#1213 = CARTESIAN_POINT ( 'NONE',  ( 104.5670455434169384, 32.53097428614013609, 111.7471275629746543 ) ) ;
#1214 = AXIS2_PLACEMENT_3D ( 'NONE', #4299, #2043, #3527 ) ;
#1215 = CARTESIAN_POINT ( 'NONE',  ( 131.5487363460249526, 61.73789369257148252, 151.1854879409846717 ) ) ;
#1216 = B_SPLINE_CURVE_WITH_KNOTS ( 'NONE', 3,
 ( #815, #1243, #3056, #3733, #4513, #1890, #1981, #1912, #3357, #3446, #1224, #2672, #1959, #451, #160, #1199, #1559, #840, #3778, #3381 ),
 .UNSPECIFIED., .F., .F.,
 ( 4, 2, 2, 2, 2, 2, 2, 2, 2, 4 ),
 ( -2.113881754782483832E-05, 0.002636264264673865865, 0.005293667346895547174, 0.006622368888006387178, 0.007951070429117228916, 0.009279771970228068920, 0.009944122740783494993, 0.01027629812606120976, 0.01044238581870008016, 0.01060847351133895056 ),
 .UNSPECIFIED. ) ;
#1217 = CARTESIAN_POINT ( 'NONE',  ( 113.6253680260586236, 34.61917220035842746, 105.3015144098489202 ) ) ;
#1218 = CARTESIAN_POINT ( 'NONE',  ( 144.1576812609459353, 62.12976919436614054, 152.5795678993457045 ) ) ;
#1219 = CARTESIAN_POINT ( 'NONE',  ( 131.4595407639400264, 65.00435697053110573, 151.0154519536497162 ) ) ;
#1220 = ORIENTED_EDGE ( 'NONE', *, *, #515, .F. ) ;
#1221 = CARTESIAN_POINT ( 'NONE',  ( 24.29270788439694684, 139.3728338378677449, 67.23494848266840052 ) ) ;
#1222 = B_SPLINE_CURVE_WITH_KNOTS ( 'NONE', 3,
 ( #768, #2221, #2885, #353, #3779 ),
 .UNSPECIFIED., .F., .F.,
 ( 4, 1, 4 ),
 ( 0.000000000000000000, 0.0005718584436759686441, 0.001143716887351937288 ),
 .UNSPECIFIED. ) ;
#1223 = VERTEX_POINT ( 'NONE', #3903 ) ;
#1224 = CARTESIAN_POINT ( 'NONE',  ( 25.47451650562686609, 15.03907863991735283, 67.43719250641049712 ) ) ;
#1225 = DIRECTION ( 'NONE',  ( -0.000000000000000000, -1.000000000000000000, -0.000000000000000000 ) ) ;
#1226 = CARTESIAN_POINT ( 'NONE',  ( 29.74130967624990873, 140.7707965064270752, 68.24761322120349405 ) ) ;
#1227 = EDGE_CURVE ( 'NONE', #1025, #190, #4485, .T. ) ;
#1228 = CARTESIAN_POINT ( 'NONE',  ( 146.1663799031424844, 13.99999999999984723, 197.9329008852334653 ) ) ;
#1229 = CARTESIAN_POINT ( 'NONE',  ( 28.34213646307312828, 140.5975467382832562, 69.18845753638075280 ) ) ;
#1230 = CARTESIAN_POINT ( 'NONE',  ( 126.8809256005557984, 49.95083632706914045, 138.4692010164936278 ) ) ;
#1231 = VERTEX_POINT ( 'NONE', #851 ) ;
#1232 = CARTESIAN_POINT ( 'NONE',  ( 26.28100254075692632, 14.82335597127323545, 67.58154214750004485 ) ) ;
#1233 = CARTESIAN_POINT ( 'NONE',  ( 146.6391987833872008, 88.12022750435299656, 144.8846879762482729 ) ) ;
#1234 = CARTESIAN_POINT ( 'NONE',  ( 141.9667306258000963, 48.24292866589397732, 147.5328506106675377 ) ) ;
#1235 = DIRECTION ( 'NONE',  ( 0.000000000000000000, 0.000000000000000000, 1.000000000000000000 ) ) ;
#1236 = CARTESIAN_POINT ( 'NONE',  ( 147.8221340905360819, 80.46290069687481150, 161.3349758123826518 ) ) ;
#1237 = CARTESIAN_POINT ( 'NONE',  ( 127.0993428880977945, 64.98979233176858372, 142.4080321007610621 ) ) ;
#1238 = CARTESIAN_POINT ( 'NONE',  ( 137.8529086530513723, 64.09170724149142018, 139.1750711285050670 ) ) ;
#1239 = CARTESIAN_POINT ( 'NONE',  ( 133.0899197187396226, 61.36925441314685514, 154.6468792978170939 ) ) ;
#1240 = CARTESIAN_POINT ( 'NONE',  ( 106.2194152795611330, 34.66836476613762841, 110.8426879597481189 ) ) ;
#1241 = CARTESIAN_POINT ( 'NONE',  ( 29.75466277622990674, 140.7820364096300239, 69.19016218884510749 ) ) ;
#1242 = VERTEX_POINT ( 'NONE', #3768 ) ;
#1243 = CARTESIAN_POINT ( 'NONE',  ( 33.19642715243166009, 13.99999999999995737, 68.99750648985309454 ) ) ;
#1244 = CARTESIAN_POINT ( 'NONE',  ( 144.6159268291912383, 36.99999999999995737, 222.7467391801447434 ) ) ;
#1245 = FACE_OUTER_BOUND ( 'NONE', #777, .T. ) ;
#1246 = EDGE_CURVE ( 'NONE', #3139, #3365, #38, .T. ) ;
#1247 = CARTESIAN_POINT ( 'NONE',  ( 141.0000000000000000, 94.54888270868096356, 155.5487542277047623 ) ) ;
#1248 = CARTESIAN_POINT ( 'NONE',  ( 23.98386916608884789, 139.2140368138932729, 69.18630222159521281 ) ) ;
#1249 = CARTESIAN_POINT ( 'NONE',  ( 141.3613109855329810, 62.78669531063529519, 149.9408832097373079 ) ) ;
#1250 = EDGE_LOOP ( 'NONE', ( #2532, #4627, #4591, #3829 ) ) ;
#1251 = CARTESIAN_POINT ( 'NONE',  ( 26.90936909251986009, 14.67538866946097009, 67.69634020282660458 ) ) ;
#1252 =( BOUNDED_SURFACE ( )  B_SPLINE_SURFACE ( 3, 2, ( 
 ( #4068, #59, #778 ),
 ( #2230, #4452, #3831 ),
 ( #1634, #1253, #892 ),
 ( #3019, #1971, #483 ),
 ( #3745, #2637, #4563 ),
 ( #2348, #4113, #2322 ) ),
 .UNSPECIFIED., .F., .F., .T. ) 
 B_SPLINE_SURFACE_WITH_KNOTS ( ( 4, 2, 4 ),
 ( 3, 3 ),
 ( 0.000000000000000000, 0.002142582335523948982, 0.004285164671047897965 ),
 ( 0.000000000000000000, 1.000000000000000000 ),
 .UNSPECIFIED. ) 
 GEOMETRIC_REPRESENTATION_ITEM ( )  RATIONAL_B_SPLINE_SURFACE ( (
 ( 1.000000000000000000, 0.7915064991456057797, 1.000000000000000000),
 ( 1.000000000000000000, 0.7848425955212147143, 1.000000000000000000),
 ( 1.000000000000000000, 0.7778415067448253284, 1.000000000000000000),
 ( 1.000000000000000000, 0.7631881610276388672, 1.000000000000000000),
 ( 1.000000000000000000, 0.7555356176305849658, 1.000000000000000000),
 ( 1.000000000000000000, 0.7475419047825876406, 1.000000000000000000) ) ) 
 REPRESENTATION_ITEM ( '' )  SURFACE ( )  );
#1253 = CARTESIAN_POINT ( 'NONE',  ( 146.1424129917205619, 102.9993400075587289, 144.8846879762384106 ) ) ;
#1254 = CARTESIAN_POINT ( 'NONE',  ( 141.7742758264568863, 49.96541068118130369, 147.1113668593125965 ) ) ;
#1255 = EDGE_CURVE ( 'NONE', #4758, #2179, #1953, .T. ) ;
#1256 = ADVANCED_FACE ( 'NONE', ( #4060 ), #1774, .T. ) ;
#1257 = CARTESIAN_POINT ( 'NONE',  ( 147.7935160278349542, 80.88101084206731173, 160.8617479945918660 ) ) ;
#1258 = CARTESIAN_POINT ( 'NONE',  ( 133.5392848660908385, 57.46925150321988696, 155.6999168332574754 ) ) ;
#1259 = CARTESIAN_POINT ( 'NONE',  ( 144.2796130449295902, 85.02033310548485190, 144.7946084044181418 ) ) ;
#1260 = CARTESIAN_POINT ( 'NONE',  ( 147.8228163599211769, 108.6463095469038223, 161.3463199856743984 ) ) ;
#1261 = AXIS2_PLACEMENT_3D ( 'NONE', #522, #879, #3426 ) ;
#1262 = CARTESIAN_POINT ( 'NONE',  ( 107.1986664937925866, 34.01273254502947907, 111.6551843696245641 ) ) ;
#1263 = AXIS2_PLACEMENT_3D ( 'NONE', #4670, #1380, #3219 ) ;
#1264 = CARTESIAN_POINT ( 'NONE',  ( 24.87193874823571349, 139.7858455962426092, 69.18639568602134204 ) ) ;
#1265 = PLANE ( 'NONE',  #183 ) ;
#1266 = CARTESIAN_POINT ( 'NONE',  ( 142.0187520853926060, 109.3293896182144636, 147.2666346757125382 ) ) ;
#1267 = CARTESIAN_POINT ( 'NONE',  ( 145.2963414862280445, 13.99999999999995737, 234.5153120237517612 ) ) ;
#1268 = CARTESIAN_POINT ( 'NONE',  ( 133.7220974501450996, 140.9999999999999716, 135.8167514861150380 ) ) ;
#1269 = TOROIDAL_SURFACE ( 'NONE', #4492, 147.0000000000000000, 2.000000000000000000 ) ;
#1270 = DIRECTION ( 'NONE',  ( 0.000000000000000000, 0.000000000000000000, 1.000000000000000000 ) ) ;
#1271 = CIRCLE ( 'NONE', #737, 2.000000000000013323 ) ;
#1272 = DIRECTION ( 'NONE',  ( -0.000000000000000000, -1.000000000000000000, 0.000000000000000000 ) ) ;
#1273 = CARTESIAN_POINT ( 'NONE',  ( 142.0030314892938179, 61.75216619951414287, 151.1155259575045591 ) ) ;
#1274 = ORIENTED_EDGE ( 'NONE', *, *, #3994, .T. ) ;
#1275 = CARTESIAN_POINT ( 'NONE',  ( 25.47920349607159096, 13.59005232796208773, 68.31913549394369056 ) ) ;
#1276 = ORIENTED_EDGE ( 'NONE', *, *, #3908, .T. ) ;
#1277 = AXIS2_PLACEMENT_3D ( 'NONE', #4029, #2962, #1438 ) ;
#1278 = CARTESIAN_POINT ( 'NONE',  ( 148.0000000000000284, 140.9999999999999716, 236.5153120237517328 ) ) ;
#1279 = AXIS2_PLACEMENT_3D ( 'NONE', #17, #715, #2886 ) ;
#1280 = AXIS2_PLACEMENT_3D ( 'NONE', #3351, #2926, #763 ) ;
#1281 = EDGE_CURVE ( 'NONE', #3812, #914, #1720, .T. ) ;
#1282 = CARTESIAN_POINT ( 'NONE',  ( 148.0000000000000284, 82.28306682813656892, 160.6201741759690833 ) ) ;
#1283 = B_SPLINE_CURVE_WITH_KNOTS ( 'NONE', 3,
 ( #3102, #1363, #3148, #612, #1649, #2742, #3078, #1715, #909, #4263, #3873, #3514, #3807, #4581, #4219, #4556, #3171, #2363 ),
 .UNSPECIFIED., .F., .F.,
 ( 4, 2, 2, 2, 2, 2, 2, 2, 4 ),
 ( 0.000000000000000000, 0.0007947986484238221119, 0.001589597296847644224, 0.002384395945271466227, 0.003179194593695288448, 0.003973993242119110668, 0.004768791890542932455, 0.005563590538966755109, 0.006358389187390576895 ),
 .UNSPECIFIED. ) ;
#1284 = CARTESIAN_POINT ( 'NONE',  ( 132.6425943311587048, 51.16371201625609899, 153.6248771592694595 ) ) ;
#1285 = ORIENTED_EDGE ( 'NONE', *, *, #2530, .T. ) ;
#1286 = CARTESIAN_POINT ( 'NONE',  ( 129.7554390473638932, 47.92278549010941191, 147.4795934033008962 ) ) ;
#1287 = CARTESIAN_POINT ( 'NONE',  ( 106.1521915968156691, 34.76843088037490048, 110.7888969002486448 ) ) ;
#1288 = CARTESIAN_POINT ( 'NONE',  ( 30.69186723114687965, 140.8621683076506486, 68.44580045080715536 ) ) ;
#1289 = CARTESIAN_POINT ( 'NONE',  ( 144.9658512634342742, 37.24461676695378287, 215.3467391801446809 ) ) ;
#1290 = CARTESIAN_POINT ( 'NONE',  ( 143.3309992468850567, 105.8668658440678456, 146.5908950842790830 ) ) ;
#1291 = CARTESIAN_POINT ( 'NONE',  ( 133.5299848413765176, 34.04034759932919485, 131.5413906131371391 ) ) ;
#1292 =( BOUNDED_SURFACE ( )  B_SPLINE_SURFACE ( 3, 2, ( 
 ( #4185, #536, #2712 ),
 ( #3459, #1259, #3817 ),
 ( #175, #3069, #4547 ),
 ( #2906, #3224, #1462 ),
 ( #2883, #687, #1787 ),
 ( #4359, #2503, #2930 ),
 ( #4412, #2855, #1126 ),
 ( #1817, #4384, #2832 ),
 ( #398, #4307, #1841 ),
 ( #2551, #1075, #2526 ),
 ( #324, #4028, #1100 ),
 ( #2142, #739, #3657 ),
 ( #2579, #302, #1866 ),
 ( #2195, #376, #4056 ),
 ( #3303, #4002, #3604 ),
 ( #1437, #712, #3975 ),
 ( #766, #2219, #4334 ),
 ( #2165, #3278, #14 ) ),
 .UNSPECIFIED., .F., .F., .T. ) 
 B_SPLINE_SURFACE_WITH_KNOTS ( ( 4, 2, 2, 2, 2, 2, 2, 2, 4 ),
 ( 3, 3 ),
 ( 0.000000000000000000, 0.002525838634468045244, 0.003157298293085056447, 0.003788757951702068083, 0.005051677268936090488, 0.006314596586170112893, 0.007577515903404136166, 0.008840435220638157704, 0.01010335453787218098 ),
 ( 0.000000000000000000, 1.000000000000000000 ),
 .UNSPECIFIED. ) 
 GEOMETRIC_REPRESENTATION_ITEM ( )  RATIONAL_B_SPLINE_SURFACE ( (
 ( 1.000000000000000000, 0.7915064991456057797, 1.000000000000000000),
 ( 1.000000000000000000, 0.7817859300909631992, 1.000000000000000000),
 ( 1.000000000000000000, 0.7673952149742656603, 1.000000000000000000),
 ( 1.000000000000000000, 0.7462223161650169967, 1.000000000000000000),
 ( 1.000000000000000000, 0.7418278857890358013, 1.000000000000000000),
 ( 1.000000000000000000, 0.7329547489338007482, 1.000000000000000000),
 ( 1.000000000000000000, 0.7284591059098868282, 1.000000000000000000),
 ( 1.000000000000000000, 0.7149343808005411693, 1.000000000000000000),
 ( 1.000000000000000000, 0.7058658754372567623, 1.000000000000000000),
 ( 1.000000000000000000, 0.6883902727222287465, 1.000000000000000000),
 ( 1.000000000000000000, 0.6799496462093924665, 1.000000000000000000),
 ( 1.000000000000000000, 0.6647058377687146136, 1.000000000000000000),
 ( 1.000000000000000000, 0.6579644654537226689, 1.000000000000000000),
 ( 1.000000000000000000, 0.6468672572148834732, 1.000000000000000000),
 ( 1.000000000000000000, 0.6425131361929731222, 1.000000000000000000),
 ( 1.000000000000000000, 0.6367024397893542575, 1.000000000000000000),
 ( 1.000000000000000000, 0.6352479510638882054, 1.000000000000000000),
 ( 1.000000000000000000, 0.6354094943427046616, 1.000000000000000000) ) ) 
 REPRESENTATION_ITEM ( '' )  SURFACE ( )  );
#1293 = CARTESIAN_POINT ( 'NONE',  ( 28.45299643925971722, 140.5965580011443592, 67.99099513653499116 ) ) ;
#1294 = CARTESIAN_POINT ( 'NONE',  ( 0.000000000000000000, 140.9999999999999716, 212.1999999999999602 ) ) ;
#1295 = CARTESIAN_POINT ( 'NONE',  ( 143.3163125011585350, 105.8989679167935094, 146.5984734710701787 ) ) ;
#1296 = PLANE ( 'NONE',  #119 ) ;
#1297 = EDGE_LOOP ( 'NONE', ( #1060, #2061, #149, #1932 ) ) ;
#1298 = CARTESIAN_POINT ( 'NONE',  ( 30.61241653847773136, 14.13783169234862491, 69.19153895362946116 ) ) ;
#1299 = ORIENTED_EDGE ( 'NONE', *, *, #2090, .F. ) ;
#1300 = EDGE_CURVE ( 'NONE', #1630, #933, #3787, .T. ) ;
#1301 = FACE_BOUND ( 'NONE', #3609, .T. ) ;
#1302 = CARTESIAN_POINT ( 'NONE',  ( 141.9913094164732286, 50.07180994325368317, 147.5856138039087568 ) ) ;
#1303 = EDGE_CURVE ( 'NONE', #3771, #2674, #502, .T. ) ;
#1304 = CARTESIAN_POINT ( 'NONE',  ( 147.5209990142009246, 83.30727883388802013, 156.5021522368377873 ) ) ;
#1305 = CARTESIAN_POINT ( 'NONE',  ( 132.0984917487093924, 59.90361169321433010, 152.3568336976682929 ) ) ;
#1306 = ORIENTED_EDGE ( 'NONE', *, *, #2426, .F. ) ;
#1307 = CARTESIAN_POINT ( 'NONE',  ( 132.7695291550720640, 51.53300318166448335, 153.9134335246566536 ) ) ;
#1308 = PRODUCT ( 'back right spindexer wall', 'back right spindexer wall', '', ( #4606 ) ) ;
#1309 = CARTESIAN_POINT ( 'NONE',  ( 24.22124125150729057, 15.55018993165352015, 69.18631151529346823 ) ) ;
#1310 = CARTESIAN_POINT ( 'NONE',  ( 33.19407967079855837, 140.9999999999999716, 69.19734672896262850 ) ) ;
#1311 = CARTESIAN_POINT ( 'NONE',  ( 144.7772228333887483, 40.51142154184265820, 220.2377861514607673 ) ) ;
#1312 = CARTESIAN_POINT ( 'NONE',  ( 148.0000000000000284, 81.32389117865538708, 161.6684220451685405 ) ) ;
#1313 = CARTESIAN_POINT ( 'NONE',  ( 132.6450969497916503, 97.79998298006647417, 153.6310150893885691 ) ) ;
#1314 = CARTESIAN_POINT ( 'NONE',  ( 141.1863932769773271, 51.00180938212684367, 149.6263347683673999 ) ) ;
#1315 = ADVANCED_FACE ( 'NONE', ( #2630 ), #1880, .T. ) ;
#1316 = DIRECTION ( 'NONE',  ( 0.000000000000000000, 0.000000000000000000, -1.000000000000000000 ) ) ;
#1317 = CARTESIAN_POINT ( 'NONE',  ( 140.8774138295211742, 110.7678104761272380, 145.1554454509534366 ) ) ;
#1318 = LINE ( 'NONE', #4239, #1878 ) ;
#1319 = VERTEX_POINT ( 'NONE', #819 ) ;
#1320 = CARTESIAN_POINT ( 'NONE',  ( 146.5000038736839088, 140.9364906729227869, 215.0540483952479178 ) ) ;
#1321 = CARTESIAN_POINT ( 'NONE',  ( 148.0000000000000284, 88.19804811596283400, 144.9159810578379677 ) ) ;
#1322 = CARTESIAN_POINT ( 'NONE',  ( 146.0000000000000284, 13.99999999999995737, 234.5153120237517328 ) ) ;
#1323 = CARTESIAN_POINT ( 'NONE',  ( 143.6998739070791942, 52.68279554273058807, 151.4734872859530128 ) ) ;
#1324 = CARTESIAN_POINT ( 'NONE',  ( 126.3421809716116258, 35.99999999999996447, 141.0476753202220550 ) ) ;
#1325 = CARTESIAN_POINT ( 'NONE',  ( 147.5976991834833711, 82.77187225885985811, 157.7055215335208800 ) ) ;
#1326 = CARTESIAN_POINT ( 'NONE',  ( 147.6429057302106855, 82.42310976079906482, 158.4221641310018356 ) ) ;
#1327 = CARTESIAN_POINT ( 'NONE',  ( 133.4218374399987965, 59.29179776281870318, 155.4229357181372677 ) ) ;
#1328 = ORIENTED_EDGE ( 'NONE', *, *, #940, .F. ) ;
#1329 = DIRECTION ( 'NONE',  ( 0.9480519480519389308, 0.000000000000000000, -0.3181155510108296669 ) ) ;
#1330 = DIRECTION ( 'NONE',  ( -4.163336342344333240E-14, 0.000000000000000000, -1.000000000000000000 ) ) ;
#1331 = CARTESIAN_POINT ( 'NONE',  ( 146.0000000000000284, 138.9999999999999432, 236.5153120237517328 ) ) ;
#1332 = CARTESIAN_POINT ( 'NONE',  ( 144.7141416023376053, 39.94263544708122282, 221.3026101158358756 ) ) ;
#1333 = CARTESIAN_POINT ( 'NONE',  ( 144.1507304015959789, 140.9999999999999716, 153.8846879762482445 ) ) ;
#1334 = CARTESIAN_POINT ( 'NONE',  ( 133.4752274860283592, 94.80313493203173891, 155.5487542277048192 ) ) ;
#1335 = CARTESIAN_POINT ( 'NONE',  ( 134.9350378628937506, 53.38931137351142553, 139.7035878492472989 ) ) ;
#1336 = DIRECTION ( 'NONE',  ( -6.046034409312121325E-15, 1.000000000000000000, 3.404954703236716194E-15 ) ) ;
#1337 = EDGE_CURVE ( 'NONE', #2917, #3470, #3712, .T. ) ;
#1338 = CARTESIAN_POINT ( 'NONE',  ( 142.9614173024764909, 106.4767355206167565, 146.7285000549266272 ) ) ;
#1339 = CARTESIAN_POINT ( 'NONE',  ( 142.5740774589011153, 48.76176786764966664, 148.8855626931101312 ) ) ;
#1340 = VERTEX_POINT ( 'NONE', #1247 ) ;
#1341 = DIRECTION ( 'NONE',  ( 0.000000000000000000, 0.000000000000000000, -1.000000000000000000 ) ) ;
#1342 = CIRCLE ( 'NONE', #1641, 2.000000000000001776 ) ;
#1343 = EDGE_CURVE ( 'NONE', #2240, #4740, #4714, .T. ) ;
#1344 = DIRECTION ( 'NONE',  ( 0.000000000000000000, 1.000000000000000000, 0.000000000000000000 ) ) ;
#1345 = CARTESIAN_POINT ( 'NONE',  ( 135.1318676132629548, 54.46557240313546799, 152.4635332482687886 ) ) ;
#1346 = CARTESIAN_POINT ( 'NONE',  ( 24.08637033539808314, 15.95357185621154628, 67.20052840493238477 ) ) ;
#1347 = CARTESIAN_POINT ( 'NONE',  ( 134.2438843686516350, 57.65093666794599159, 138.7338963148291953 ) ) ;
#1348 = VECTOR ( 'NONE', #1401, 1000.000000000000000 ) ;
#1349 = AXIS2_PLACEMENT_3D ( 'NONE', #3868, #1669, #180 ) ;
#1350 = CARTESIAN_POINT ( 'NONE',  ( 105.7599198374132641, 33.98487912449947856, 113.0036893995743128 ) ) ;
#1351 = CARTESIAN_POINT ( 'NONE',  ( 137.4918468407647083, 63.49674607579191843, 138.4975838962471357 ) ) ;
#1352 = EDGE_LOOP ( 'NONE', ( #1183, #1113, #70 ) ) ;
#1353 = CYLINDRICAL_SURFACE ( 'NONE', #3435, 2.099999999999990763 ) ;
#1354 = AXIS2_PLACEMENT_3D ( 'NONE', #957, #1054, #982 ) ;
#1355 = SPHERICAL_SURFACE ( 'NONE', #885, 2.000000000000000000 ) ;
#1356 = EDGE_CURVE ( 'NONE', #3956, #4734, #18, .T. ) ;
#1357 = DIRECTION ( 'NONE',  ( -0.000000000000000000, -1.000000000000000000, -0.000000000000000000 ) ) ;
#1358 = CARTESIAN_POINT ( 'NONE',  ( 148.0000000000000284, 140.9999999999999716, 234.5153120237517328 ) ) ;
#1359 = CARTESIAN_POINT ( 'NONE',  ( 148.0000000000000853, 80.24056621339514095, 162.5416891050801667 ) ) ;
#1360 = CARTESIAN_POINT ( 'NONE',  ( 131.3099027551845950, 98.07240162796182403, 150.6957979573790283 ) ) ;
#1361 = CARTESIAN_POINT ( 'NONE',  ( 138.3419433110186390, 49.95881452455522975, 144.8217681566760575 ) ) ;
#1362 = TOROIDAL_SURFACE ( 'NONE', #1214, 165.0000000000000000, 9.000000000000000000 ) ;
#1363 = CARTESIAN_POINT ( 'NONE',  ( 114.3057950912029952, 31.99999999999996447, 106.0385367291971619 ) ) ;
#1364 = ADVANCED_FACE ( 'NONE', ( #4172 ), #2787, .F. ) ;
#1365 = CARTESIAN_POINT ( 'NONE',  ( 141.9025416294696527, 110.4024372969330585, 147.3552362421115447 ) ) ;
#1366 = DIRECTION ( 'NONE',  ( 0.7985314644174773546, 0.000000000000000000, -0.6019530715390354336 ) ) ;
#1367 = ORIENTED_EDGE ( 'NONE', *, *, #3117, .F. ) ;
#1368 = CARTESIAN_POINT ( 'NONE',  ( 146.4999961257764483, 140.9364926734238850, 209.3451563061675813 ) ) ;
#1369 = CARTESIAN_POINT ( 'NONE',  ( 126.1412117176354997, 60.36898479599742728, 139.0268159179654504 ) ) ;
#1370 = ORIENTED_EDGE ( 'NONE', *, *, #3290, .F. ) ;
#1371 = CARTESIAN_POINT ( 'NONE',  ( 135.2551907835232896, 55.16188876221305293, 152.6888969502859652 ) ) ;
#1372 = CARTESIAN_POINT ( 'NONE',  ( 23.92889380023708057, 15.91593026484169116, 69.18630144821342753 ) ) ;
#1373 = DIRECTION ( 'NONE',  ( 0.7985314644174705823, 0.000000000000000000, -0.6019530715390445375 ) ) ;
#1374 = CARTESIAN_POINT ( 'NONE',  ( 132.5181913070670134, -31.74896908357791148, 134.2196885572800795 ) ) ;
#1375 = CARTESIAN_POINT ( 'NONE',  ( 136.6891032778821113, 61.63331595780874750, 137.0193897325566752 ) ) ;
#1376 = EDGE_LOOP ( 'NONE', ( #2178, #4350, #814, #1276 ) ) ;
#1377 = CARTESIAN_POINT ( 'NONE',  ( 133.3142881434672802, 53.88751939294427729, 155.1708766445229912 ) ) ;
#1378 = DIRECTION ( 'NONE',  ( -0.000000000000000000, -1.000000000000000000, -0.000000000000000000 ) ) ;
#1379 = CARTESIAN_POINT ( 'NONE',  ( 126.8758591860598415, 35.73696537064118672, 138.4566593660651961 ) ) ;
#1380 = DIRECTION ( 'NONE',  ( 9.069051613968292034E-15, 1.000000000000000000, -5.107432054855136612E-15 ) ) ;
#1381 = CARTESIAN_POINT ( 'NONE',  ( 110.2459276601228453, 140.9999999999999716, 104.6740243738333902 ) ) ;
#1382 = CARTESIAN_POINT ( 'NONE',  ( 126.0600325341223993, 33.99999999999995737, 136.5834132118091304 ) ) ;
#1383 = PLANE ( 'NONE',  #57 ) ;
#1384 = PRODUCT_DEFINITION_SHAPE ( 'NONE', 'NONE',  #143 ) ;
#1385 = CARTESIAN_POINT ( 'NONE',  ( -1.575405364673677768E-15, 57.00000000000000000, 152.9212002188446888 ) ) ;
#1386 = CARTESIAN_POINT ( 'NONE',  ( 143.6351557437830309, 104.6181935603326707, 144.8061002041685299 ) ) ;
#1387 = CARTESIAN_POINT ( 'NONE',  ( 144.7597174445240569, 55.53369900647857094, 154.0568645033521022 ) ) ;
#1388 = ORIENTED_EDGE ( 'NONE', *, *, #4184, .F. ) ;
#1389 = CARTESIAN_POINT ( 'NONE',  ( 141.8891871552510509, 78.39687434797663457, 147.3659150722234585 ) ) ;
#1390 = ADVANCED_FACE ( 'NONE', ( #1870 ), #794, .T. ) ;
#1391 = CARTESIAN_POINT ( 'NONE',  ( 148.0000000000000284, 104.2324194993433224, 156.2436219101479935 ) ) ;
#1392 = VERTEX_POINT ( 'NONE', #2402 ) ;
#1393 = DIRECTION ( 'NONE',  ( 0.000000000000000000, 0.000000000000000000, 1.000000000000000000 ) ) ;
#1394 = FACE_OUTER_BOUND ( 'NONE', #2280, .T. ) ;
#1395 = CARTESIAN_POINT ( 'NONE',  ( 141.0000000000000000, 102.0488827086809493, 144.8846879762482445 ) ) ;
#1396 = CARTESIAN_POINT ( 'NONE',  ( 103.8751088350801126, 33.35256307996785807, 111.0318454175911000 ) ) ;
#1397 = CARTESIAN_POINT ( 'NONE',  ( 135.8425098284730268, 62.22602915750213270, 141.0096794345170395 ) ) ;
#1398 = ORIENTED_EDGE ( 'NONE', *, *, #2622, .T. ) ;
#1399 = EDGE_CURVE ( 'NONE', #1392, #2007, #1283, .T. ) ;
#1400 = CARTESIAN_POINT ( 'NONE',  ( 132.5222850308968532, 56.73785138180254251, 138.7212002188447286 ) ) ;
#1401 = DIRECTION ( 'NONE',  ( -0.000000000000000000, 1.000000000000000000, -0.000000000000000000 ) ) ;
#1402 = B_SPLINE_CURVE_WITH_KNOTS ( 'NONE', 3,
 ( #4153, #2299, #865, #166, #1629, #2319 ),
 .UNSPECIFIED., .F., .F.,
 ( 4, 2, 4 ),
 ( 0.000000000000000000, 0.002092480813226145139, 0.004184961626452290279 ),
 .UNSPECIFIED. ) ;
#1403 = CARTESIAN_POINT ( 'NONE',  ( 126.2415224674584238, 34.70611137401970581, 140.8691645343735388 ) ) ;
#1404 =( BOUNDED_SURFACE ( )  B_SPLINE_SURFACE ( 3, 2, ( 
 ( #2484, #2457, #4247 ),
 ( #3590, #3569, #2513 ),
 ( #1771, #3906, #288 ),
 ( #4631, #3959, #698 ),
 ( #3613, #987, #2771 ),
 ( #1346, #2436, #621 ),
 ( #963, #1797, #3156 ),
 ( #1749, #3258, #4735 ),
 ( #239, #2412, #2817 ),
 ( #598, #2079, #1372 ),
 ( #3545, #261, #1725 ),
 ( #4662, #3183, #4293 ),
 ( #3928, #643, #3208 ),
 ( #4089, #3366, #2612 ),
 ( #3338, #51, #435 ),
 ( #4040, #3688, #1874 ),
 ( #3638, #3717, #774 ),
 ( #749, #407, #23 ),
 ( #1898, #1495, #2536 ),
 ( #2561, #4470, #2940 ),
 ( #4424, #1108, #2204 ),
 ( #3664, #2226, #3312 ),
 ( #1919, #2993, #1525 ),
 ( #2892, #798, #1184 ),
 ( #4111, #3388, #79 ),
 ( #2278, #4011, #1544 ),
 ( #824, #360, #1136 ),
 ( #722, #4759, #383 ),
 ( #2634, #2252, #2588 ),
 ( #2970, #2176, #3740 ),
 ( #4448, #3287, #1161 ),
 ( #459, #2915, #1446 ),
 ( #1472, #4395, #1849 ),
 ( #4369, #1084, #1827 ),
 ( #4065, #168, #1631 ),
 ( #2301, #3015, #148 ),
 ( #934, #3850, #3434 ),
 ( #3410, #4560, #567 ),
 ( #2727, #3762, #889 ),
 ( #102, #1654, #1989 ),
 ( #2704, #1208, #2344 ),
 ( #3454, #3082, #3830 ),
 ( #2680, #3811, #530 ),
 ( #480, #2367, #4176 ),
 ( #4155, #1275, #1613 ),
 ( #550, #3064, #2661 ),
 ( #1232, #3106, #4540 ),
 ( #1251, #4521, #867 ),
 ( #3471, #2321, #4201 ),
 ( #2385, #3785, #1941 ),
 ( #913, #2008, #188 ),
 ( #2746, #2030, #4585 ),
 ( #1566, #4132, #1298 ),
 ( #4223, #125, #4496 ),
 ( #847, #1590, #507 ),
 ( #3043, #1968, #3539 ) ),
 .UNSPECIFIED., .F., .F., .F. ) 
 B_SPLINE_SURFACE_WITH_KNOTS ( ( 4, 2, 2, 2, 2, 2, 2, 2, 2, 2, 2, 2, 2, 2, 2, 2, 2, 2, 2, 2, 2, 2, 2, 2, 2, 2, 2, 4 ),
 ( 3, 3 ),
 ( 3.726944967918921492E-20, 1.002006595059124460E-05, 2.004013190118245194E-05, 3.006019785177365758E-05, 4.008026380236486322E-05, 5.010032975295607225E-05, 6.012039570354727451E-05, 8.016052760472968579E-05, 0.0001002006595059120903, 0.0001202407914070945084, 0.0001402809233082769264, 0.0001603210552094593445, 0.0002004013190118241806, 0.0002404815828141889896, 0.0003206421104189186347, 0.0004008026380236482528, 0.0004809631656283779250, 0.0006412842208378372695, 0.0008016052760472965055, 0.0009619263312567558500, 0.001282568441675674539, 0.001603210552094593011, 0.001923852662513511700, 0.002565136883351349078, 0.003847705325027023400, 0.005130273766702698156, 0.007695410650054046800, 0.01026054753340539631 ),
 ( 0.000000000000000000, 1.000000000000000000 ),
 .UNSPECIFIED. ) 
 GEOMETRIC_REPRESENTATION_ITEM ( )  RATIONAL_B_SPLINE_SURFACE ( (
 ( 1.000000000000000000, 0.08276058886023647532, 1.000000000000000000),
 ( 1.000000000000000000, 0.08276033506149278740, 1.000000000000000000),
 ( 1.000000000000000000, 0.08297128815116569522, 1.000000000000000000),
 ( 1.000000000000000000, 0.08377465557899735349, 1.000000000000000000),
 ( 1.000000000000000000, 0.08436749917224475870, 1.000000000000000000),
 ( 1.000000000000000000, 0.08588593344430628385, 1.000000000000000000),
 ( 1.000000000000000000, 0.08681182452967607655, 1.000000000000000000),
 ( 1.000000000000000000, 0.08894384756167623973, 1.000000000000000000),
 ( 1.000000000000000000, 0.09015634602500972872, 1.000000000000000000),
 ( 1.000000000000000000, 0.09274975165932393406, 1.000000000000000000),
 ( 1.000000000000000000, 0.09413567397170291562, 1.000000000000000000),
 ( 1.000000000000000000, 0.09703205224264307982, 1.000000000000000000),
 ( 1.000000000000000000, 0.09854308407134132475, 1.000000000000000000),
 ( 1.000000000000000000, 0.1032047703025702201, 1.000000000000000000),
 ( 1.000000000000000000, 0.1064896948190395681, 1.000000000000000000),
 ( 1.000000000000000000, 0.1131624098898515313, 1.000000000000000000),
 ( 1.000000000000000000, 0.1165158059523119932, 1.000000000000000000),
 ( 1.000000000000000000, 0.1231744547548320329, 1.000000000000000000),
 ( 1.000000000000000000, 0.1264811220427976834, 1.000000000000000000),
 ( 1.000000000000000000, 0.1330145178180952292, 1.000000000000000000),
 ( 1.000000000000000000, 0.1362418504870401559, 1.000000000000000000),
 ( 1.000000000000000000, 0.1426046998897318729, 1.000000000000000000),
 ( 1.000000000000000000, 0.1457404849410396663, 1.000000000000000000),
 ( 1.000000000000000000, 0.1550064065901193000, 1.000000000000000000),
 ( 1.000000000000000000, 0.1609338093906879652, 1.000000000000000000),
 ( 1.000000000000000000, 0.1723389338083625155, 1.000000000000000000),
 ( 1.000000000000000000, 0.1778232633228719328, 1.000000000000000000),
 ( 1.000000000000000000, 0.1937333445138560151, 1.000000000000000000),
 ( 1.000000000000000000, 0.2036222969956850426, 1.000000000000000000),
 ( 1.000000000000000000, 0.2223764072412352244, 1.000000000000000000),
 ( 1.000000000000000000, 0.2312384329532687910, 1.000000000000000000),
 ( 1.000000000000000000, 0.2481868938555377713, 1.000000000000000000),
 ( 1.000000000000000000, 0.2562740664914245903, 1.000000000000000000),
 ( 1.000000000000000000, 0.2796021683357497456, 1.000000000000000000),
 ( 1.000000000000000000, 0.2938539918647115057, 1.000000000000000000),
 ( 1.000000000000000000, 0.3206582548307861380, 1.000000000000000000),
 ( 1.000000000000000000, 0.3331985669028574293, 1.000000000000000000),
 ( 1.000000000000000000, 0.3570371639088404381, 1.000000000000000000),
 ( 1.000000000000000000, 0.3683310325456946033, 1.000000000000000000),
 ( 1.000000000000000000, 0.4007739771122701966, 1.000000000000000000),
 ( 1.000000000000000000, 0.4205065380600576663, 1.000000000000000000),
 ( 1.000000000000000000, 0.4574733678768799772, 1.000000000000000000),
 ( 1.000000000000000000, 0.4746898205127875747, 1.000000000000000000),
 ( 1.000000000000000000, 0.5072740273546983980, 1.000000000000000000),
 ( 1.000000000000000000, 0.5226356153582524255, 1.000000000000000000),
 ( 1.000000000000000000, 0.5664952766553902341, 1.000000000000000000),
 ( 1.000000000000000000, 0.5928260952855572974, 1.000000000000000000),
 ( 1.000000000000000000, 0.6658952082142551854, 1.000000000000000000),
 ( 1.000000000000000000, 0.7068134601988372845, 1.000000000000000000),
 ( 1.000000000000000000, 0.7790373332568553133, 1.000000000000000000),
 ( 1.000000000000000000, 0.8101983971803757845, 1.000000000000000000),
 ( 1.000000000000000000, 0.8922416101298523694, 1.000000000000000000),
 ( 1.000000000000000000, 0.9318876661334981604, 1.000000000000000000),
 ( 1.000000000000000000, 0.9858232891504279394, 1.000000000000000000),
 ( 1.000000000000000000, 0.9998956927148797691, 1.000000000000000000),
 ( 1.000000000000000000, 1.000000000000000000, 1.000000000000000000) ) ) 
 REPRESENTATION_ITEM ( '' )  SURFACE ( )  );
#1405 = CARTESIAN_POINT ( 'NONE',  ( 57.44579141990173099, 14.67167769687589463, 67.69915283033935793 ) ) ;
#1406 = CARTESIAN_POINT ( 'NONE',  ( 141.2224923566843131, 73.06804024513922968, 179.3174004720376331 ) ) ;
#1407 = CARTESIAN_POINT ( 'NONE',  ( 135.5857010459468768, 52.14485002127639746, 140.6361477455005513 ) ) ;
#1408 = CARTESIAN_POINT ( 'NONE',  ( 24.08318915758460221, 138.9999999999999432, 67.19999999999998863 ) ) ;
#1409 = CARTESIAN_POINT ( 'NONE',  ( 126.8402046145671704, 57.07010134009002655, 138.4998975183717107 ) ) ;
#1410 = FACE_OUTER_BOUND ( 'NONE', #3368, .T. ) ;
#1411 = CARTESIAN_POINT ( 'NONE',  ( 141.1515735696717115, 107.0877364694222393, 145.7752988211008187 ) ) ;
#1412 = CARTESIAN_POINT ( 'NONE',  ( 144.1835979108466574, 84.30750839264140950, 146.3815677615395430 ) ) ;
#1413 = CARTESIAN_POINT ( 'NONE',  ( 147.8701751156266084, 109.5699695311974011, 162.1368561988989256 ) ) ;
#1414 = VECTOR ( 'NONE', #4386, 1000.000000000000000 ) ;
#1415 = VERTEX_POINT ( 'NONE', #2723 ) ;
#1416 = CARTESIAN_POINT ( 'NONE',  ( 147.3268322365067888, 88.37691598674307158, 144.8846879762482445 ) ) ;
#1417 = CARTESIAN_POINT ( 'NONE',  ( 135.2621386461164832, 58.78810594696580694, 152.7016491649079626 ) ) ;
#1418 = ORIENTED_EDGE ( 'NONE', *, *, #925, .T. ) ;
#1419 = FACE_OUTER_BOUND ( 'NONE', #4045, .T. ) ;
#1420 = DIRECTION ( 'NONE',  ( 1.000000000000000000, -0.000000000000000000, -0.000000000000000000 ) ) ;
#1421 = AXIS2_PLACEMENT_3D ( 'NONE', #526, #3125, #3826 ) ;
#1422 = DIRECTION ( 'NONE',  ( -0.06458398268365025952, -0.9848724238419008792, -0.1607955780999504869 ) ) ;
#1423 = CARTESIAN_POINT ( 'NONE',  ( 139.3848607318350616, 63.15892268148334665, 142.1386165307538647 ) ) ;
#1424 = VERTEX_POINT ( 'NONE', #1627 ) ;
#1425 = AXIS2_PLACEMENT_3D ( 'NONE', #2729, #827, #3083 ) ;
#1426 = CARTESIAN_POINT ( 'NONE',  ( 130.8033860786663922, 54.34902190509395581, 135.5123518026538250 ) ) ;
#1427 = AXIS2_PLACEMENT_3D ( 'NONE', #4366, #746, #4008 ) ;
#1428 = DIRECTION ( 'NONE',  ( 1.000000000000000000, -0.000000000000000000, 2.218880795315036613E-16 ) ) ;
#1429 = LINE ( 'NONE', #2876, #3793 ) ;
#1430 = EDGE_CURVE ( 'NONE', #790, #2777, #959, .T. ) ;
#1431 = DIRECTION ( 'NONE',  ( 1.387778780781444256E-14, -0.000000000000000000, -1.000000000000000000 ) ) ;
#1432 = CARTESIAN_POINT ( 'NONE',  ( 57.54128952326322377, 140.9999999999999716, 67.19999999999998863 ) ) ;
#1433 = CARTESIAN_POINT ( 'NONE',  ( 134.1312813526119214, 34.80897868086621827, 132.5288608732275009 ) ) ;
#1434 = CARTESIAN_POINT ( 'NONE',  ( 34.05877273185283372, 140.9999999999999716, 69.19999999999998863 ) ) ;
#1435 = AXIS2_PLACEMENT_3D ( 'NONE', #2841, #4317, #4271 ) ;
#1436 = CARTESIAN_POINT ( 'NONE',  ( -2.775557561562891351E-14, 36.99999999999995737, 219.0467391801446979 ) ) ;
#1437 = CARTESIAN_POINT ( 'NONE',  ( 141.9025416294699369, 78.69532812043175340, 147.3552362421114026 ) ) ;
#1438 = DIRECTION ( 'NONE',  ( 0.000000000000000000, 0.000000000000000000, 1.000000000000000000 ) ) ;
#1439 = DIRECTION ( 'NONE',  ( 0.8167003446594324201, 0.5770619958316128839, -4.004171965052513073E-15 ) ) ;
#1440 = CARTESIAN_POINT ( 'NONE',  ( 23.08318915758460221, 76.65470979761705905, 174.6779565494661597 ) ) ;
#1441 = CARTESIAN_POINT ( 'NONE',  ( 148.0000000000000284, 108.2797029386365040, 162.1128892245271800 ) ) ;
#1442 = EDGE_LOOP ( 'NONE', ( #1851, #167, #3687, #3116 ) ) ;
#1443 = LINE ( 'NONE', #2889, #2339 ) ;
#1444 = CARTESIAN_POINT ( 'NONE',  ( 130.3478862238630143, 48.07949720689563833, 148.6764500246520697 ) ) ;
#1445 = VERTEX_POINT ( 'NONE', #4236 ) ;
#1446 = CARTESIAN_POINT ( 'NONE',  ( 24.25336485361196637, 15.53115289263577914, 69.18631451670623278 ) ) ;
#1447 = CARTESIAN_POINT ( 'NONE',  ( 136.2385207822860878, 54.12939344912317097, 136.2060472269039337 ) ) ;
#1448 = ORIENTED_EDGE ( 'NONE', *, *, #1246, .T. ) ;
#1449 =( BOUNDED_CURVE ( )  B_SPLINE_CURVE ( 3, ( #1061, #2867, #333, #3985 ),
 .UNSPECIFIED., .F., .T. ) 
 B_SPLINE_CURVE_WITH_KNOTS ( ( 4, 4 ),
 ( 5.397050151299758625, 6.283185307179586232 ),
 .UNSPECIFIED. ) 
 CURVE ( )  GEOMETRIC_REPRESENTATION_ITEM ( )  RATIONAL_B_SPLINE_CURVE ( ( 1.000000000000000000, 0.9356272039290507436, 0.9356272039290507436, 1.000000000000000000 ) ) 
 REPRESENTATION_ITEM ( '' )  );
#1450 = VERTEX_POINT ( 'NONE', #545 ) ;
#1451 = CARTESIAN_POINT ( 'NONE',  ( 107.1971709449807832, 34.01291885343231769, 111.6538971608907929 ) ) ;
#1452 = CARTESIAN_POINT ( 'NONE',  ( 148.0000000000000568, 102.3612747216684511, 151.1724746707916722 ) ) ;
#1453 = ORIENTED_EDGE ( 'NONE', *, *, #595, .F. ) ;
#1454 = ADVANCED_FACE ( 'NONE', ( #209 ), #2025, .F. ) ;
#1455 = CARTESIAN_POINT ( 'NONE',  ( 139.9730457903050365, 65.97357026654663059, 143.3237758224856861 ) ) ;
#1456 = CARTESIAN_POINT ( 'NONE',  ( 124.8762405537689233, 32.10429482555362313, 138.5036473965353991 ) ) ;
#1457 = DIRECTION ( 'NONE',  ( 0.000000000000000000, -1.000000000000000000, 0.000000000000000000 ) ) ;
#1458 = CARTESIAN_POINT ( 'NONE',  ( 57.34990263703221558, 14.24896644628712572, 68.19958079271880536 ) ) ;
#1459 = CARTESIAN_POINT ( 'NONE',  ( 140.3959290212719679, 73.85181481559322947, 175.9506624943385020 ) ) ;
#1460 = CYLINDRICAL_SURFACE ( 'NONE', #2420, 2.000000000000001776 ) ;
#1461 = LINE ( 'NONE', #1385, #571 ) ;
#1462 = CARTESIAN_POINT ( 'NONE',  ( 141.6269984043775878, 84.85454951911435728, 145.2440127995935484 ) ) ;
#1463 = CARTESIAN_POINT ( 'NONE',  ( 132.4965442203243811, 35.46695899672878483, 134.1676638648161770 ) ) ;
#1464 = CARTESIAN_POINT ( 'NONE',  ( 141.0343888177276881, 106.0351572521174717, 145.5267799142878005 ) ) ;
#1465 = CARTESIAN_POINT ( 'NONE',  ( 141.8891871552510509, 78.04888270868096356, 147.3659150722234585 ) ) ;
#1466 = EDGE_CURVE ( 'NONE', #2846, #4341, #3478, .T. ) ;
#1467 = CARTESIAN_POINT ( 'NONE',  ( 147.8221340905364798, 108.6348647204856377, 161.3349758123824813 ) ) ;
#1468 = EDGE_LOOP ( 'NONE', ( #724, #2611 ) ) ;
#1469 = CARTESIAN_POINT ( 'NONE',  ( 141.4260441860067772, 84.67534958912906973, 145.2949876566098908 ) ) ;
#1470 = CARTESIAN_POINT ( 'NONE',  ( 130.7087939393676663, 49.92654540843101785, 145.1307186737249424 ) ) ;
#1471 = EDGE_LOOP ( 'NONE', ( #4430, #3337, #2535, #3573 ) ) ;
#1472 = CARTESIAN_POINT ( 'NONE',  ( 24.44101245418175239, 15.51401128708786992, 67.25987052392608234 ) ) ;
#1473 = CARTESIAN_POINT ( 'NONE',  ( 137.1343535945301255, 51.21786302997569607, 137.8345979540631561 ) ) ;
#1474 = EDGE_LOOP ( 'NONE', ( #4064, #3550 ) ) ;
#1475 = CARTESIAN_POINT ( 'NONE',  ( 105.8125680966896454, 35.99999999999997158, 110.5205997618818685 ) ) ;
#1476 = CARTESIAN_POINT ( 'NONE',  ( 148.0000000000000000, 101.6173972106217036, 148.5185159196558971 ) ) ;
#1477 = VERTEX_POINT ( 'NONE', #3536 ) ;
#1478 = CARTESIAN_POINT ( 'NONE',  ( 130.9521515309169502, 53.48869906434063637, 139.6446730814373609 ) ) ;
#1479 = CARTESIAN_POINT ( 'NONE',  ( 141.0201519395939158, 64.14456158883758974, 145.4961875203129864 ) ) ;
#1480 = CARTESIAN_POINT ( 'NONE',  ( 133.1755026768876746, 63.33068208223761530, 149.0526712819153374 ) ) ;
#1481 = DIRECTION ( 'NONE',  ( 1.000000000000000000, 0.000000000000000000, 0.000000000000000000 ) ) ;
#1482 = CARTESIAN_POINT ( 'NONE',  ( 103.2026073224471929, 138.9999999999999432, 109.9834561245159108 ) ) ;
#1483 = CARTESIAN_POINT ( 'NONE',  ( 141.4269583467346081, 73.43024035474046229, 180.2084699276395554 ) ) ;
#1484 = CARTESIAN_POINT ( 'NONE',  ( 133.7220974501450712, 138.9999999999999432, 135.8167514861150380 ) ) ;
#1485 = VERTEX_POINT ( 'NONE', #1985 ) ;
#1486 = CARTESIAN_POINT ( 'NONE',  ( 12.10329027430208093, 139.9935843806309208, 67.20511478969497432 ) ) ;
#1487 = FACE_OUTER_BOUND ( 'NONE', #2479, .T. ) ;
#1488 = CARTESIAN_POINT ( 'NONE',  ( 146.8391263934976223, 103.0559087691370479, 146.5092920706409814 ) ) ;
#1489 = CARTESIAN_POINT ( 'NONE',  ( 141.0000000000000000, 104.9523290404547140, 145.4542136161390147 ) ) ;
#1490 = CARTESIAN_POINT ( 'NONE',  ( 141.1180880049024893, 82.27206192964604270, 145.7042143115398858 ) ) ;
#1491 = CARTESIAN_POINT ( 'NONE',  ( 148.0000000000000000, 108.0676306459269398, 161.3196878082266039 ) ) ;
#1492 = CARTESIAN_POINT ( 'NONE',  ( 144.1507304015959789, 102.3573701944514625, 146.8846879762482445 ) ) ;
#1493 = CARTESIAN_POINT ( 'NONE',  ( 148.0000000000000284, 140.9999999999999716, 163.2102051443364701 ) ) ;
#1494 = ORIENTED_EDGE ( 'NONE', *, *, #1512, .F. ) ;
#1495 = CARTESIAN_POINT ( 'NONE',  ( 18.99807413975161907, 9.909925586099012307, 67.77672746869826881 ) ) ;
#1496 = CARTESIAN_POINT ( 'NONE',  ( 136.4279477222823402, 53.26682815835045659, 136.5465816528215441 ) ) ;
#1497 = VERTEX_POINT ( 'NONE', #930 ) ;
#1498 = AXIS2_PLACEMENT_3D ( 'NONE', #233, #211, #1366 ) ;
#1499 = DIRECTION ( 'NONE',  ( 1.000000000000000000, -0.000000000000000000, 2.218880795315036860E-16 ) ) ;
#1500 = VERTEX_POINT ( 'NONE', #2070 ) ;
#1501 = CARTESIAN_POINT ( 'NONE',  ( 132.0072922217424036, 54.93165445342408049, 139.0240928605779231 ) ) ;
#1502 = AXIS2_PLACEMENT_3D ( 'NONE', #1294, #251, #1270 ) ;
#1503 = CARTESIAN_POINT ( 'NONE',  ( 143.6789175748992307, 63.50615700000754060, 151.4330489068256895 ) ) ;
#1504 = VECTOR ( 'NONE', #4499, 1000.000000000000000 ) ;
#1505 = CARTESIAN_POINT ( 'NONE',  ( 128.8420600790375374, 63.24697789326869213, 142.3894310284897813 ) ) ;
#1506 = CARTESIAN_POINT ( 'NONE',  ( 127.4305363452955078, 63.56599013975674239, 143.0114332410778388 ) ) ;
#1507 = CARTESIAN_POINT ( 'NONE',  ( 111.4498338032008746, 35.99999999999996447, 106.2710873026683771 ) ) ;
#1508 = CARTESIAN_POINT ( 'NONE',  ( 134.6594745858928661, 32.81565112308366849, 133.4416672566021020 ) ) ;
#1509 = CARTESIAN_POINT ( 'NONE',  ( 128.0848317436338561, 138.9999999999999432, 140.0662639453285578 ) ) ;
#1510 = EDGE_LOOP ( 'NONE', ( #3706, #1698, #4611, #3642 ) ) ;
#1511 = VECTOR ( 'NONE', #713, 1000.000000000000000 ) ;
#1512 = EDGE_CURVE ( 'NONE', #3356, #2124, #3020, .T. ) ;
#1513 = CARTESIAN_POINT ( 'NONE',  ( 24.03422639577595632, 139.2766073674937388, 69.18630352457711297 ) ) ;
#1514 = EDGE_LOOP ( 'NONE', ( #4240, #2602, #2577 ) ) ;
#1515 = AXIS2_PLACEMENT_3D ( 'NONE', #3570, #4347, #644 ) ;
#1516 = CARTESIAN_POINT ( 'NONE',  ( 132.4098426552025103, 34.98723031546087014, 133.9627821596475599 ) ) ;
#1517 = CARTESIAN_POINT ( 'NONE',  ( 111.7829015012972746, 34.77254004774971463, 106.5403829971544525 ) ) ;
#1518 = LINE ( 'NONE', #1440, #2345 ) ;
#1519 = AXIS2_PLACEMENT_3D ( 'NONE', #928, #3558, #4600 ) ;
#1520 = ADVANCED_FACE ( 'NONE', ( #4650 ), #3846, .T. ) ;
#1521 = CARTESIAN_POINT ( 'NONE',  ( 148.0000000000000568, 103.3374020956846380, 150.7423245823093794 ) ) ;
#1522 = DIRECTION ( 'NONE',  ( -0.6019530715390367659, 0.000000000000000000, -0.7985314644174762444 ) ) ;
#1523 = CARTESIAN_POINT ( 'NONE',  ( 126.3421809716116258, 49.95083632706914756, 141.0476753202220550 ) ) ;
#1524 = ORIENTED_EDGE ( 'NONE', *, *, #3238, .F. ) ;
#1525 = CARTESIAN_POINT ( 'NONE',  ( 24.00589495012597396, 15.75962042404630381, 69.18630277056216471 ) ) ;
#1526 = CARTESIAN_POINT ( 'NONE',  ( 138.1807904845197186, 49.43950919822901824, 139.7956302496958187 ) ) ;
#1527 = ADVANCED_FACE ( 'NONE', ( #164, #884 ), #231, .T. ) ;
#1528 = CARTESIAN_POINT ( 'NONE',  ( 143.8459926098241510, 60.81841314012191901, 151.8194855696805803 ) ) ;
#1529 = CARTESIAN_POINT ( 'NONE',  ( 131.8678918496311780, 64.02047200247218939, 146.9266284484972118 ) ) ;
#1530 = B_SPLINE_CURVE_WITH_KNOTS ( 'NONE', 3,
 ( #1026, #1389, #4628, #2095, #2476, #2053, #3953, #2121, #3583, #1765, #3227, #637, #4699, #1412, #3518, #2793 ),
 .UNSPECIFIED., .F., .F.,
 ( 4, 2, 2, 2, 2, 2, 2, 4 ),
 ( 0.000000000000000000, 0.001043673039441598812, 0.002087346078883197623, 0.003131019118324796652, 0.004174692157766395247, 0.005218365197207994709, 0.006262038236649593304, 0.008349384315532778350 ),
 .UNSPECIFIED. ) ;
#1531 = FACE_BOUND ( 'NONE', #1474, .T. ) ;
#1532 = CARTESIAN_POINT ( 'NONE',  ( 144.6218568023839737, 59.91664542352885547, 153.7145386123079049 ) ) ;
#1533 = CARTESIAN_POINT ( 'NONE',  ( 130.1622079123577294, 65.96799704781732032, 148.3016093300521163 ) ) ;
#1534 = ORIENTED_EDGE ( 'NONE', *, *, #645, .F. ) ;
#1535 = CARTESIAN_POINT ( 'NONE',  ( 24.10497660021144384, 139.3511174257974687, 69.18630602719881040 ) ) ;
#1536 = VERTEX_POINT ( 'NONE', #2340 ) ;
#1537 = CARTESIAN_POINT ( 'NONE',  ( 140.3958272777040293, 79.45725340515548396, 175.9502689707315426 ) ) ;
#1538 = CARTESIAN_POINT ( 'NONE',  ( 144.9572313397080734, 35.35710089827765046, 215.7227336468358203 ) ) ;
#1539 = DIRECTION ( 'NONE',  ( 0.000000000000000000, 0.000000000000000000, 1.000000000000000000 ) ) ;
#1540 = CARTESIAN_POINT ( 'NONE',  ( 146.0000000000000284, 13.99999999999995737, 195.0827572313765188 ) ) ;
#1541 = CARTESIAN_POINT ( 'NONE',  ( 111.4498338032009030, -31.74896908357791148, 106.2710873026683487 ) ) ;
#1542 = CARTESIAN_POINT ( 'NONE',  ( 128.5189424535557521, 48.04899067383258426, 145.0577538312383297 ) ) ;
#1543 = EDGE_LOOP ( 'NONE', ( #4423, #3567, #4010, #4737 ) ) ;
#1544 = CARTESIAN_POINT ( 'NONE',  ( 24.05748190530626474, 15.69706436420923978, 69.18630424513391119 ) ) ;
#1545 = CARTESIAN_POINT ( 'NONE',  ( 137.6762448741156390, 56.04430862642984579, 138.7680693171178063 ) ) ;
#1546 = ORIENTED_EDGE ( 'NONE', *, *, #2441, .F. ) ;
#1547 = CARTESIAN_POINT ( 'NONE',  ( 148.0000000000000568, 106.8398302079094435, 160.6514072691783213 ) ) ;
#1548 = CARTESIAN_POINT ( 'NONE',  ( 141.6120074884725000, 65.94295204367928420, 146.7596518260654364 ) ) ;
#1549 = EDGE_CURVE ( 'NONE', #1135, #4341, #2401, .T. ) ;
#1550 = CARTESIAN_POINT ( 'NONE',  ( 111.4498338032009030, 138.9999999999999432, 106.2710873026683487 ) ) ;
#1551 = CARTESIAN_POINT ( 'NONE',  ( 131.7761742810573651, 64.58580768333614230, 151.7004158065926731 ) ) ;
#1552 = ORIENTED_EDGE ( 'NONE', *, *, #2997, .F. ) ;
#1553 = CARTESIAN_POINT ( 'NONE',  ( 111.9678953609080168, 34.22135004609201303, 103.5758727665344594 ) ) ;
#1554 = LINE ( 'NONE', #1885, #883 ) ;
#1555 = CARTESIAN_POINT ( 'NONE',  ( 133.4676933964247212, 58.81861949487419139, 155.5309588558415328 ) ) ;
#1556 = VERTEX_POINT ( 'NONE', #2050 ) ;
#1557 = CARTESIAN_POINT ( 'NONE',  ( 24.56051278737518828, 139.6467444421487301, 69.18634553644852758 ) ) ;
#1558 = CYLINDRICAL_SURFACE ( 'NONE', #30, 3.700000000000009059 ) ;
#1559 = CARTESIAN_POINT ( 'NONE',  ( 24.14865889217419692, 15.78549672836891737, 67.21088655098287745 ) ) ;
#1560 = CARTESIAN_POINT ( 'NONE',  ( 144.9139961973219499, 33.78621915343315862, 217.1974189783874749 ) ) ;
#1561 = CARTESIAN_POINT ( 'NONE',  ( 26.74468228737218567, 140.2896569134657057, 67.66585834783300868 ) ) ;
#1562 = DIRECTION ( 'NONE',  ( 0.8550626761633904893, 0.000000000000000000, -0.5185246569183580290 ) ) ;
#1563 = CARTESIAN_POINT ( 'NONE',  ( 26.60875570141681479, 140.2906411240022067, 69.18704765928985978 ) ) ;
#1564 = CARTESIAN_POINT ( 'NONE',  ( 135.9753528015531003, 56.86981484757149730, 135.7362585106392316 ) ) ;
#1565 = ORIENTED_EDGE ( 'NONE', *, *, #3883, .T. ) ;
#1566 = CARTESIAN_POINT ( 'NONE',  ( 30.69186723114670201, 14.13783169234912584, 68.44580045080770958 ) ) ;
#1567 = CARTESIAN_POINT ( 'NONE',  ( 140.6299093569786294, 47.88683262521674067, 144.6749761878717209 ) ) ;
#1568 = SURFACE_STYLE_FILL_AREA ( #531 ) ;
#1569 = VECTOR ( 'NONE', #2242, 1000.000000000000000 ) ;
#1570 = CARTESIAN_POINT ( 'NONE',  ( 130.9521515309220376, 60.51130093565890888, 139.6446730814370483 ) ) ;
#1571 = EDGE_CURVE ( 'NONE', #3862, #4712, #1695, .T. ) ;
#1572 = CARTESIAN_POINT ( 'NONE',  ( 105.0577573673279659, 32.20583226234703034, 112.2603899789627775 ) ) ;
#1573 = CARTESIAN_POINT ( 'NONE',  ( 126.9177954904461672, 63.07179129480748969, 142.0741449791936759 ) ) ;
#1574 = CARTESIAN_POINT ( 'NONE',  ( 1.009719629430382282E-25, 140.9999999999999716, 212.1999999999999602 ) ) ;
#1575 = CARTESIAN_POINT ( 'NONE',  ( 1.009719629430382282E-25, 13.99999999999995737, 212.1999999999999602 ) ) ;
#1576 = CARTESIAN_POINT ( 'NONE',  ( 147.8052467069646809, 108.3797194748403996, 161.0553665204202787 ) ) ;
#1577 = ORIENTED_EDGE ( 'NONE', *, *, #2786, .T. ) ;
#1578 = AXIS2_PLACEMENT_3D ( 'NONE', #1645, #2806, #976 ) ;
#1579 = CARTESIAN_POINT ( 'NONE',  ( 24.56752307117484690, 139.5650008762917764, 67.28124341026929756 ) ) ;
#1580 = ORIENTED_EDGE ( 'NONE', *, *, #2595, .F. ) ;
#1581 = CARTESIAN_POINT ( 'NONE',  ( 146.0000000000000284, 138.9999999999999432, 163.2102051443364701 ) ) ;
#1582 = CARTESIAN_POINT ( 'NONE',  ( 148.0000000000000284, 15.99999999999995914, 236.5153120237517328 ) ) ;
#1583 = CARTESIAN_POINT ( 'NONE',  ( 24.86486253732314111, 139.7193878941507137, 67.33179345597513077 ) ) ;
#1584 = VECTOR ( 'NONE', #1923, 1000.000000000000114 ) ;
#1585 = CIRCLE ( 'NONE', #1277, 145.0000000000000000 ) ;
#1586 = CARTESIAN_POINT ( 'NONE',  ( 148.0000000000000284, 101.5841562544938341, 148.3818689321269062 ) ) ;
#1587 = CARTESIAN_POINT ( 'NONE',  ( 126.3421809716116258, 35.99999999999996447, 141.0476753202220550 ) ) ;
#1588 = CARTESIAN_POINT ( 'NONE',  ( 134.6212707664165578, 59.72487660315257330, 139.2607861675021468 ) ) ;
#1589 = VERTEX_POINT ( 'NONE', #2788 ) ;
#1590 = CARTESIAN_POINT ( 'NONE',  ( 33.20543491959183768, 14.00000000099105613, 69.09981818262971842 ) ) ;
#1591 = B_SPLINE_CURVE_WITH_KNOTS ( 'NONE', 3,
 ( #3306, #1155, #4753, #1490, #769, #4362, #2607, #4059, #4388, #2909, #1078, #1465 ),
 .UNSPECIFIED., .F., .F.,
 ( 4, 2, 2, 2, 2, 4 ),
 ( 0.000000000000000000, 0.001623047582917361157, 0.002434571374376041410, 0.003246095165834722313, 0.004869142748752055064, 0.006492190331669388248 ),
 .UNSPECIFIED. ) ;
#1592 = AXIS2_PLACEMENT_3D ( 'NONE', #4345, #4681, #3233 ) ;
#1593 = CARTESIAN_POINT ( 'NONE',  ( 142.5765157183784879, 48.76426760704496388, 148.8910471504293866 ) ) ;
#1594 = CARTESIAN_POINT ( 'NONE',  ( 148.0000000000000284, 76.65470979761705905, 178.3779565494662052 ) ) ;
#1595 = CARTESIAN_POINT ( 'NONE',  ( 147.3016660562041125, 84.47573412391855641, 153.1651488689944074 ) ) ;
#1596 = AXIS2_PLACEMENT_3D ( 'NONE', #3244, #3701, #2879 ) ;
#1597 = CARTESIAN_POINT ( 'NONE',  ( 129.0528661742281713, 63.38159100281050229, 142.6927602164523705 ) ) ;
#1598 = CARTESIAN_POINT ( 'NONE',  ( 111.4498338035019742, 35.86740807259417352, 106.2710873024414013 ) ) ;
#1599 = CARTESIAN_POINT ( 'NONE',  ( 137.4991364229453552, 63.50989751759697555, 138.5111827871066907 ) ) ;
#1600 = CARTESIAN_POINT ( 'NONE',  ( 147.8961038961038810, 110.8483161103415000, 162.5739740423148305 ) ) ;
#1601 = EDGE_CURVE ( 'NONE', #1319, #790, #1117, .T. ) ;
#1602 = CARTESIAN_POINT ( 'NONE',  ( 106.6227509668238014, 34.25913086629931570, 111.1708329516485350 ) ) ;
#1603 = CARTESIAN_POINT ( 'NONE',  ( 24.71590513179638293, 139.7192046825349223, 69.18636849966232205 ) ) ;
#1604 = CARTESIAN_POINT ( 'NONE',  ( 23.08318915758457379, 36.99999999999995737, 219.0467391801446979 ) ) ;
#1605 = CARTESIAN_POINT ( 'NONE',  ( 141.5174383748308458, 79.61454851865997284, 180.6111261169340594 ) ) ;
#1606 = LINE ( 'NONE', #4464, #3789 ) ;
#1607 = CARTESIAN_POINT ( 'NONE',  ( 133.4752274860283023, 94.29486488758467999, 155.5487542277047623 ) ) ;
#1608 = CARTESIAN_POINT ( 'NONE',  ( 147.9507010175188952, 101.3856017442005708, 145.0498648692361030 ) ) ;
#1609 = ADVANCED_FACE ( 'NONE', ( #2502 ), #3333, .T. ) ;
#1610 = CARTESIAN_POINT ( 'NONE',  ( 24.08318915758460221, 15.99999999999995914, 68.19999999999998863 ) ) ;
#1611 = CARTESIAN_POINT ( 'NONE',  ( 136.0587843241342796, 55.28243647884084311, 135.8845930435944354 ) ) ;
#1612 = ORIENTED_EDGE ( 'NONE', *, *, #448, .T. ) ;
#1613 = CARTESIAN_POINT ( 'NONE',  ( 25.60719082452407491, 14.96575127686742768, 69.18659709454858842 ) ) ;
#1614 = CARTESIAN_POINT ( 'NONE',  ( 104.4065134655252649, 35.99999999999996447, 111.5805190533508693 ) ) ;
#1615 = CARTESIAN_POINT ( 'NONE',  ( 144.4659715821003090, 53.13942891599447194, 153.3302889596631360 ) ) ;
#1616 = CARTESIAN_POINT ( 'NONE',  ( 148.0000000000000000, 81.03013477143663579, 161.3196878082266039 ) ) ;
#1617 = CARTESIAN_POINT ( 'NONE',  ( 132.7514070332873075, 62.50835563978019138, 153.8725945444498961 ) ) ;
#1618 = CARTESIAN_POINT ( 'NONE',  ( 136.1966175451852621, 59.68923223389223409, 136.1306448272882790 ) ) ;
#1619 = CARTESIAN_POINT ( 'NONE',  ( 146.0000000000000284, 138.9999999999999432, 234.5153120237517328 ) ) ;
#1620 = B_SPLINE_CURVE_WITH_KNOTS ( 'NONE', 3,
 ( #2847, #1856, #1779, #4376 ),
 .UNSPECIFIED., .F., .F.,
 ( 4, 4 ),
 ( 0.000000000000000000, 0.0003677862087095331006 ),
 .UNSPECIFIED. ) ;
#1621 = CARTESIAN_POINT ( 'NONE',  ( 29.65161877174127980, 14.22839197428223557, 69.19000681292013155 ) ) ;
#1622 = CARTESIAN_POINT ( 'NONE',  ( 24.68630846944007118, 141.7486482824490395, 68.25034177247648870 ) ) ;
#1623 = CARTESIAN_POINT ( 'NONE',  ( 144.8603959368370511, 40.67666926517674852, 218.5657517190144574 ) ) ;
#1624 = CARTESIAN_POINT ( 'NONE',  ( 140.0610447458401779, 76.65470979761705905, 174.6779565494661881 ) ) ;
#1625 = DIRECTION ( 'NONE',  ( -0.000000000000000000, -0.000000000000000000, 1.000000000000000000 ) ) ;
#1626 = CARTESIAN_POINT ( 'NONE',  ( 133.3869855495498484, 93.30172018044805782, 155.3411936165134080 ) ) ;
#1627 = CARTESIAN_POINT ( 'NONE',  ( 141.0000000000000000, 94.54888270868096356, 149.7487542277047226 ) ) ;
#1628 = CARTESIAN_POINT ( 'NONE',  ( 33.94567197662557589, 140.9999999999999716, 69.19964864937163895 ) ) ;
#1629 = CARTESIAN_POINT ( 'NONE',  ( 143.5379773966450330, 102.6941148524058178, 144.8846879762482729 ) ) ;
#1630 = VERTEX_POINT ( 'NONE', #3223 ) ;
#1631 = CARTESIAN_POINT ( 'NONE',  ( 24.40613121227630700, 15.43499912370293004, 69.18632752491879501 ) ) ;
#1632 = EDGE_CURVE ( 'NONE', #4469, #2240, #1461, .T. ) ;
#1633 = ADVANCED_FACE ( 'NONE', ( #323 ), #13, .F. ) ;
#1634 = CARTESIAN_POINT ( 'NONE',  ( 146.2979532386762571, 103.3016558011981374, 146.4647530583617936 ) ) ;
#1635 = CARTESIAN_POINT ( 'NONE',  ( 143.0339880494221632, 49.33170208025413217, 149.9316174714702470 ) ) ;
#1636 = CARTESIAN_POINT ( 'NONE',  ( 146.8192859357505142, 86.11654722272250240, 146.2196795046352520 ) ) ;
#1637 = CARTESIAN_POINT ( 'NONE',  ( 131.6424073821160619, 61.49681800794650854, 151.3845667691225287 ) ) ;
#1638 = ORIENTED_EDGE ( 'NONE', *, *, #3472, .T. ) ;
#1639 = CARTESIAN_POINT ( 'NONE',  ( 126.9135318395423582, 55.24983958187922184, 138.4446216146954214 ) ) ;
#1640 = DIRECTION ( 'NONE',  ( 1.000000000000000000, 0.000000000000000000, -5.492589328197047850E-15 ) ) ;
#1641 = AXIS2_PLACEMENT_3D ( 'NONE', #2120, #980, #4221 ) ;
#1642 = CARTESIAN_POINT ( 'NONE',  ( 25.29103935085760924, 139.9367452302792287, 69.18649614371450696 ) ) ;
#1643 = LINE ( 'NONE', #629, #412 ) ;
#1644 = CYLINDRICAL_SURFACE ( 'NONE', #4648, 9.000000000000007105 ) ;
#1645 = CARTESIAN_POINT ( 'NONE',  ( 124.2709648263133460, 35.99999999999996447, 137.9320573791276843 ) ) ;
#1646 = CARTESIAN_POINT ( 'NONE',  ( 30.60500695768308432, 140.8550913836838276, 68.42731310781881859 ) ) ;
#1647 = ADVANCED_FACE ( 'NONE', ( #711 ), #2748, .T. ) ;
#1648 = VECTOR ( 'NONE', #2359, 1000.000000000000000 ) ;
#1649 = CARTESIAN_POINT ( 'NONE',  ( 113.5950947290162958, 32.20263395713492827, 105.2784685167776786 ) ) ;
#1650 = VECTOR ( 'NONE', #1854, 1000.000000000000114 ) ;
#1651 = CARTESIAN_POINT ( 'NONE',  ( 142.5360980554491164, 107.3959618716180131, 146.9352343528279619 ) ) ;
#1652 = CARTESIAN_POINT ( 'NONE',  ( 144.0623632028393217, 51.55238037221556624, 152.3495262943568207 ) ) ;
#1653 = VERTEX_POINT ( 'NONE', #1331 ) ;
#1654 = CARTESIAN_POINT ( 'NONE',  ( 24.53508920402661175, 13.16160592183553213, 68.23743083318518643 ) ) ;
#1655 = ADVANCED_FACE ( 'NONE', ( #2781 ), #3540, .T. ) ;
#1656 = VECTOR ( 'NONE', #2456, 1000.000000000000000 ) ;
#1657 = DIRECTION ( 'NONE',  ( 1.000000000000000000, 0.000000000000000000, 2.218880795315036613E-16 ) ) ;
#1658 = CARTESIAN_POINT ( 'NONE',  ( 143.9058709210204654, 51.08855658865488891, 151.9742264550050095 ) ) ;
#1659 = AXIS2_PLACEMENT_3D ( 'NONE', #1268, #2360, #4195 ) ;
#1660 = CARTESIAN_POINT ( 'NONE',  ( 148.0000000000000000, 83.03605778096915913, 158.3668707586741107 ) ) ;
#1661 = CARTESIAN_POINT ( 'NONE',  ( 134.6411706744665366, 61.15681500638415002, 151.5797792685949901 ) ) ;
#1662 = VERTEX_POINT ( 'NONE', #3165 ) ;
#1663 = EDGE_CURVE ( 'NONE', #2124, #1747, #1429, .T. ) ;
#1664 = CARTESIAN_POINT ( 'NONE',  ( 132.9839013899155873, 52.26839975313660602, 154.4042071197100654 ) ) ;
#1665 = CARTESIAN_POINT ( 'NONE',  ( 33.83753304582667454, 14.00048043766488703, 69.19931965822189568 ) ) ;
#1666 = AXIS2_PLACEMENT_3D ( 'NONE', #1484, #1862, #2904 ) ;
#1667 = CARTESIAN_POINT ( 'NONE',  ( 24.19743921784777996, 142.0775474950113164, 68.20882649004194320 ) ) ;
#1668 = DIRECTION ( 'NONE',  ( 1.000000000000000000, 0.000000000000000000, -5.492589328197047850E-15 ) ) ;
#1669 = DIRECTION ( 'NONE',  ( -1.000000000000000000, 0.000000000000000000, 0.000000000000000000 ) ) ;
#1670 = CARTESIAN_POINT ( 'NONE',  ( 144.9658512634342458, 36.51088029473979191, 215.3467391801446809 ) ) ;
#1671 = DIRECTION ( 'NONE',  ( 0.000000000000000000, 1.000000000000000000, 0.000000000000000000 ) ) ;
#1672 = B_SPLINE_CURVE_WITH_KNOTS ( 'NONE', 3,
 ( #3196, #3824, #1713, #2740, #4216, #927, #3145, #3123, #3894, #631, #947, #1360, #3168, #4599, #1737, #2379, #2088, #3917, #2399, #4645, #1313, #207, #181, #3533, #4622, #3842, #610, #229, #3557, #274, #1334, #4672 ),
 .UNSPECIFIED., .F., .F.,
 ( 4, 2, 2, 2, 2, 2, 2, 2, 2, 2, 2, 2, 2, 2, 2, 4 ),
 ( 1.387778780781445676E-17, 0.0007600427451241000606, 0.001520085490248186243, 0.003040170980496347333, 0.003800213725620456284, 0.004560256470744565235, 0.005320299215868674186, 0.006080341960992783137, 0.006840384706116892088, 0.007600427451241001907, 0.008360470196365111725, 0.009120512941489218942, 0.009880555686613327893, 0.01064059843173743684, 0.01140064117686154753, 0.01216068392198565475 ),
 .UNSPECIFIED. ) ;
#1673 = DIRECTION ( 'NONE',  ( 0.000000000000000000, 1.000000000000000000, 0.000000000000000000 ) ) ;
#1674 = CARTESIAN_POINT ( 'NONE',  ( 138.9257077649685073, 110.2587827610082485, 146.5564658860537861 ) ) ;
#1675 = CARTESIAN_POINT ( 'NONE',  ( 147.8961038961039094, 138.9999999999999432, 162.5739740423148589 ) ) ;
#1676 = ORIENTED_EDGE ( 'NONE', *, *, #3267, .F. ) ;
#1677 = DIRECTION ( 'NONE',  ( 0.9884104863008713604, 0.000000000000000000, 0.1518048436989913041 ) ) ;
#1678 = DIRECTION ( 'NONE',  ( 0.000000000000000000, 0.000000000000000000, 1.000000000000000000 ) ) ;
#1679 = CARTESIAN_POINT ( 'NONE',  ( 130.4832993730636304, 60.95722257796177246, 139.9204281330611934 ) ) ;
#1680 = CARTESIAN_POINT ( 'NONE',  ( 144.9999999999999716, 36.99999999999995737, 219.0467391801447263 ) ) ;
#1681 = CARTESIAN_POINT ( 'NONE',  ( 141.4399229480418114, 48.00590961243231902, 146.3908203351961390 ) ) ;
#1682 = CARTESIAN_POINT ( 'NONE',  ( 125.9432440919847096, 33.56832131776214112, 140.3437553052933708 ) ) ;
#1683 = CARTESIAN_POINT ( 'NONE',  ( 147.8311443873253381, 80.31457524768572398, 161.4846844684423957 ) ) ;
#1684 = CARTESIAN_POINT ( 'NONE',  ( 134.6320740996341954, 59.76167359819164915, 139.2759550771570787 ) ) ;
#1685 = CARTESIAN_POINT ( 'NONE',  ( 135.0861500143238061, 59.81161759479063988, 152.3798897837266964 ) ) ;
#1686 = ORIENTED_EDGE ( 'NONE', *, *, #4061, .F. ) ;
#1687 = CARTESIAN_POINT ( 'NONE',  ( 141.0000000000000000, 94.54888270868096356, 151.8487542277047169 ) ) ;
#1688 = EDGE_CURVE ( 'NONE', #3587, #1340, #1801, .T. ) ;
#1689 = CARTESIAN_POINT ( 'NONE',  ( 111.6776929544101336, 35.99999999999996447, 103.2775831319351312 ) ) ;
#1690 = CARTESIAN_POINT ( 'NONE',  ( 26.77092552667461689, 140.3246113305419840, 69.18714689288209740 ) ) ;
#1691 = CARTESIAN_POINT ( 'NONE',  ( 144.9474778425724821, 39.25676715637296610, 216.1047085075893506 ) ) ;
#1692 = CARTESIAN_POINT ( 'NONE',  ( 148.0000000000000284, 86.73649069569343339, 151.1724746707917006 ) ) ;
#1693 = CARTESIAN_POINT ( 'NONE',  ( 144.9638012847715913, 36.02499698109059523, 215.4450881575233439 ) ) ;
#1694 = CARTESIAN_POINT ( 'NONE',  ( 141.2894053860724171, 51.12313847444433890, 149.8113071052115401 ) ) ;
#1695 = LINE ( 'NONE', #3896, #4638 ) ;
#1696 = DIRECTION ( 'NONE',  ( 1.000000000000000000, -0.000000000000000000, 2.218880795315036860E-16 ) ) ;
#1697 = FACE_OUTER_BOUND ( 'NONE', #4451, .T. ) ;
#1698 = ORIENTED_EDGE ( 'NONE', *, *, #2706, .T. ) ;
#1699 = LINE ( 'NONE', #4338, #1969 ) ;
#1700 = CARTESIAN_POINT ( 'NONE',  ( 130.5125834147894750, 60.28620247876918370, 135.7315661536626976 ) ) ;
#1701 = FACE_OUTER_BOUND ( 'NONE', #1198, .T. ) ;
#1702 = PLANE ( 'NONE',  #3643 ) ;
#1703 = CARTESIAN_POINT ( 'NONE',  ( 137.6746086931296986, 57.83856180185168228, 138.7643660531471710 ) ) ;
#1704 = SPHERICAL_SURFACE ( 'NONE', #1038, 2.000000000000000000 ) ;
#1705 = CARTESIAN_POINT ( 'NONE',  ( 138.3632105423068310, 61.35986585718777064, 140.1233533634031403 ) ) ;
#1706 = EDGE_LOOP ( 'NONE', ( #4637, #3353, #3754, #4391, #3849, #2888 ) ) ;
#1707 = CARTESIAN_POINT ( 'NONE',  ( 132.3924533106350907, 50.54057992713264014, 153.0616877142213355 ) ) ;
#1708 = EDGE_CURVE ( 'NONE', #1450, #3771, #2477, .T. ) ;
#1709 = DIRECTION ( 'NONE',  ( -0.000000000000000000, 1.000000000000000000, 0.000000000000000000 ) ) ;
#1710 = CARTESIAN_POINT ( 'NONE',  ( 126.7770781161641196, 34.99545789611106983, 138.2148361665230993 ) ) ;
#1711 = DIRECTION ( 'NONE',  ( 0.000000000000000000, 1.000000000000000000, 0.000000000000000000 ) ) ;
#1712 = CARTESIAN_POINT ( 'NONE',  ( 142.4323139549734094, 107.6772119566734176, 146.9949236276378031 ) ) ;
#1713 = CARTESIAN_POINT ( 'NONE',  ( 130.0993389082644001, 95.05809315570991203, 148.1752756907625042 ) ) ;
#1714 = CARTESIAN_POINT ( 'NONE',  ( 139.0980385551515326, 49.89160040281573316, 146.0454343903030292 ) ) ;
#1715 = CARTESIAN_POINT ( 'NONE',  ( 112.7908015640594073, 32.81176006468038509, 104.4304091502501564 ) ) ;
#1716 = CARTESIAN_POINT ( 'NONE',  ( 141.6375701424848046, 107.4462716158590325, 145.0292049755080370 ) ) ;
#1717 = CARTESIAN_POINT ( 'NONE',  ( 126.8809256005557984, 49.95083632706914045, 138.4692010164936278 ) ) ;
#1718 = ORIENTED_EDGE ( 'NONE', *, *, #868, .T. ) ;
#1719 = CARTESIAN_POINT ( 'NONE',  ( 130.9413657400266970, 52.87171065775464740, 139.6510167364130268 ) ) ;
#1720 = CIRCLE ( 'NONE', #731, 2.000000000000001776 ) ;
#1721 =( GEOMETRIC_REPRESENTATION_CONTEXT ( 3 ) GLOBAL_UNCERTAINTY_ASSIGNED_CONTEXT ( ( #3263 ) ) GLOBAL_UNIT_ASSIGNED_CONTEXT ( ( #869, #2682, #3044 ) ) REPRESENTATION_CONTEXT ( 'NONE', 'WORKASPACE' ) );
#1722 = CARTESIAN_POINT ( 'NONE',  ( 126.8307786437050737, 59.01406597435020274, 138.5070030519250111 ) ) ;
#1723 = ORIENTED_EDGE ( 'NONE', *, *, #1430, .T. ) ;
#1724 = CARTESIAN_POINT ( 'NONE',  ( 129.6343977011160291, 50.27157759265387682, 143.5328852244409177 ) ) ;
#1725 = CARTESIAN_POINT ( 'NONE',  ( 23.93046766332172126, 15.90998957584751494, 69.18630149021130649 ) ) ;
#1726 = CARTESIAN_POINT ( 'NONE',  ( 104.6086619536115876, 138.9999999999999432, 110.9235368330469100 ) ) ;
#1727 = CIRCLE ( 'NONE', #2032, 145.0000000000000000 ) ;
#1728 = CARTESIAN_POINT ( 'NONE',  ( 1.009719629430382282E-25, 138.9999999999999432, 69.19999999999998863 ) ) ;
#1729 = CARTESIAN_POINT ( 'NONE',  ( 139.4178497177205998, 65.69021626019930693, 142.2088841467515010 ) ) ;
#1730 = ORIENTED_EDGE ( 'NONE', *, *, #1300, .T. ) ;
#1731 = CARTESIAN_POINT ( 'NONE',  ( 130.3579040936301965, 48.08377511920900815, 148.6969543251598509 ) ) ;
#1732 = CIRCLE ( 'NONE', #4428, 1.999999999999996669 ) ;
#1733 = CARTESIAN_POINT ( 'NONE',  ( 110.2459276601228169, 138.9999999999999432, 104.6740243738334044 ) ) ;
#1734 = CARTESIAN_POINT ( 'NONE',  ( 126.8809256008672008, 35.86736610997311203, 138.4692010162588645 ) ) ;
#1735 = CARTESIAN_POINT ( 'NONE',  ( 147.1263731395111733, 86.27745380930437591, 146.1657399785391647 ) ) ;
#1736 = SPHERICAL_SURFACE ( 'NONE', #895, 2.000000000000000000 ) ;
#1737 = CARTESIAN_POINT ( 'NONE',  ( 131.7313818749838106, 98.24804498584310863, 151.6037282099876222 ) ) ;
#1738 = CARTESIAN_POINT ( 'NONE',  ( 136.1250730424116853, 51.41007132621035680, 141.4234252607500935 ) ) ;
#1739 = ADVANCED_FACE ( 'NONE', ( #3914 ), #1269, .T. ) ;
#1740 = CARTESIAN_POINT ( 'NONE',  ( 24.11026843965547783, 139.1344765790119595, 67.20450006451362412 ) ) ;
#1741 = CARTESIAN_POINT ( 'NONE',  ( 143.6171417522817251, 105.4806098636596516, 146.5104074132654546 ) ) ;
#1742 = CARTESIAN_POINT ( 'NONE',  ( 140.3662549614917339, 47.91944958635528451, 144.1286364991757409 ) ) ;
#1743 = VERTEX_POINT ( 'NONE', #271 ) ;
#1744 = CARTESIAN_POINT ( 'NONE',  ( 24.08318915758460221, 140.9999999999999716, 68.19999999999998863 ) ) ;
#1745 = EDGE_CURVE ( 'NONE', #2150, #2927, #3216, .T. ) ;
#1746 = CARTESIAN_POINT ( 'NONE',  ( 148.0000000000000284, 104.6219541108446123, 157.0767003958161752 ) ) ;
#1747 = VERTEX_POINT ( 'NONE', #2571 ) ;
#1748 = CARTESIAN_POINT ( 'NONE',  ( 128.0848317436338561, 138.9999999999999432, 140.0662639453285863 ) ) ;
#1749 = CARTESIAN_POINT ( 'NONE',  ( 24.08959754408196474, 15.93444602642455088, 67.20106451875555820 ) ) ;
#1750 = CARTESIAN_POINT ( 'NONE',  ( 111.6776929544101478, 138.9999999999999432, 103.2775831319351312 ) ) ;
#1751 = DIRECTION ( 'NONE',  ( 1.000000000000000000, 0.000000000000000000, 0.000000000000000000 ) ) ;
#1752 = CARTESIAN_POINT ( 'NONE',  ( 136.0449502795354704, 58.45870188770358311, 135.8601578241170103 ) ) ;
#1753 = ORIENTED_EDGE ( 'NONE', *, *, #2837, .F. ) ;
#1754 = CARTESIAN_POINT ( 'NONE',  ( 131.1212998208877991, 55.32827348031280934, 135.2727004399436339 ) ) ;
#1755 = CARTESIAN_POINT ( 'NONE',  ( 144.5365562798549490, 60.47065970735519613, 153.5035478913166287 ) ) ;
#1756 = CARTESIAN_POINT ( 'NONE',  ( 103.1854148522019017, 35.99999999999996447, 110.3286587808966175 ) ) ;
#1757 = SPHERICAL_SURFACE ( 'NONE', #1263, 2.000000000000000000 ) ;
#1758 = DIRECTION ( 'NONE',  ( 1.000000000000000000, 0.000000000000000000, 0.000000000000000000 ) ) ;
#1759 = CARTESIAN_POINT ( 'NONE',  ( 134.0497051803958755, 34.62013600711738803, 132.3959240686872363 ) ) ;
#1760 = CARTESIAN_POINT ( 'NONE',  ( 142.6224913221487043, 54.02547564113154266, 152.2853894954125451 ) ) ;
#1761 = DIRECTION ( 'NONE',  ( 0.000000000000000000, 1.000000000000000000, 0.000000000000000000 ) ) ;
#1762 = CARTESIAN_POINT ( 'NONE',  ( 131.1212998208874581, 58.67172651968702013, 135.2727004399438613 ) ) ;
#1763 = FACE_OUTER_BOUND ( 'NONE', #2660, .T. ) ;
#1764 = DIRECTION ( 'NONE',  ( 0.6019530715390367659, 0.000000000000000000, 0.7985314644174762444 ) ) ;
#1765 = CARTESIAN_POINT ( 'NONE',  ( 142.8242961922147174, 82.35555547007187727, 146.7902534264847247 ) ) ;
#1766 = VERTEX_POINT ( 'NONE', #2259 ) ;
#1767 = CARTESIAN_POINT ( 'NONE',  ( 148.0000000000000284, 111.0488827086809636, 163.2102051443364701 ) ) ;
#1768 = VERTEX_POINT ( 'NONE', #1550 ) ;
#1769 = CARTESIAN_POINT ( 'NONE',  ( 133.7220974501450712, 140.9999999999999716, 135.8167514861150664 ) ) ;
#1770 = CARTESIAN_POINT ( 'NONE',  ( 132.1917583754367058, 54.68055806719258527, 152.5557367994067022 ) ) ;
#1771 = CARTESIAN_POINT ( 'NONE',  ( 24.08339912389202908, 15.98644533692016445, 67.20003486513611790 ) ) ;
#1772 = DIRECTION ( 'NONE',  ( 1.000000000000000000, 0.000000000000000000, 0.000000000000000000 ) ) ;
#1773 = EDGE_CURVE ( 'NONE', #470, #1796, #2327, .T. ) ;
#1774 =( BOUNDED_SURFACE ( )  B_SPLINE_SURFACE ( 3, 2, ( 
 ( #1767, #2935, #770 ),
 ( #3608, #2480, #328 ),
 ( #4364, #4419, #2862 ),
 ( #2123, #2508, #1413 ),
 ( #4754, #2531, #668 ),
 ( #1441, #3308, #19 ),
 ( #2170, #3633, #1467 ),
 ( #4006, #1491, #1132 ),
 ( #717, #2584, #284 ),
 ( #1792, #3566, #4340 ),
 ( #1104, #3253, #4678 ),
 ( #1055, #3980, #4730 ),
 ( #692, #3282, #356 ),
 ( #2146, #1821, #3586 ),
 ( #2910, #1029, #4390 ),
 ( #1746, #2556, #3205 ),
 ( #1391, #2838, #2887 ),
 ( #4312, #4036, #306 ),
 ( #745, #2199, #3660 ),
 ( #3229, #4702, #380 ),
 ( #3011, #1521, #4466 ),
 ( #1586, #1964, #1894 ),
 ( #120, #3362, #3711 ),
 ( #2676, #3758, #455 ) ),
 .UNSPECIFIED., .F., .F., .T. ) 
 B_SPLINE_SURFACE_WITH_KNOTS ( ( 4, 2, 2, 2, 2, 2, 2, 2, 2, 2, 2, 4 ),
 ( 3, 3 ),
 ( 0.000000000000000000, 0.001394326496662185539, 0.002788652993324371079, 0.003485816241655463957, 0.004182979489986556401, 0.005577305986648742157, 0.006971632483310927914, 0.008365958979973112802, 0.01115461197329748431, 0.01394326496662185583, 0.01673191795994622560, 0.02230922394659496863 ),
 ( 0.000000000000000000, 1.000000000000000000 ),
 .UNSPECIFIED. ) 
 GEOMETRIC_REPRESENTATION_ITEM ( )  RATIONAL_B_SPLINE_SURFACE ( (
 ( 1.000000000000000000, 0.9869275424396536378, 1.000000000000000000),
 ( 1.000000000000000000, 0.9869268964687526458, 1.000000000000000000),
 ( 1.000000000000000000, 0.9862173584328473019, 1.000000000000000000),
 ( 1.000000000000000000, 0.9836388771215627269, 1.000000000000000000),
 ( 1.000000000000000000, 0.9818506632156652758, 1.000000000000000000),
 ( 1.000000000000000000, 0.9786660429261568872, 1.000000000000000000),
 ( 1.000000000000000000, 0.9775146906851350792, 1.000000000000000000),
 ( 1.000000000000000000, 0.9751082500823067267, 1.000000000000000000),
 ( 1.000000000000000000, 0.9738484057309990671, 1.000000000000000000),
 ( 1.000000000000000000, 0.9699250630484277380, 1.000000000000000000),
 ( 1.000000000000000000, 0.9671191852560504509, 1.000000000000000000),
 ( 1.000000000000000000, 0.9612050083161499670, 1.000000000000000000),
 ( 1.000000000000000000, 0.9580862447233677859, 1.000000000000000000),
 ( 1.000000000000000000, 0.9516823108410423782, 1.000000000000000000),
 ( 1.000000000000000000, 0.9483861200350721665, 1.000000000000000000),
 ( 1.000000000000000000, 0.9382406410074214387, 1.000000000000000000),
 ( 1.000000000000000000, 0.9311361936037173548, 1.000000000000000000),
 ( 1.000000000000000000, 0.9162965756263575789, 1.000000000000000000),
 ( 1.000000000000000000, 0.9085600522479672092, 1.000000000000000000),
 ( 1.000000000000000000, 0.8924535978846875883, 1.000000000000000000),
 ( 1.000000000000000000, 0.8840589927127368020, 1.000000000000000000),
 ( 1.000000000000000000, 0.8580965348847939822, 1.000000000000000000),
 ( 1.000000000000000000, 0.8397602709794039777, 1.000000000000000000),
 ( 1.000000000000000000, 0.8202608793076046068, 1.000000000000000000) ) ) 
 REPRESENTATION_ITEM ( '' )  SURFACE ( )  );
#1775 = CARTESIAN_POINT ( 'NONE',  ( 106.3620508075181732, 34.49195904943320556, 110.9577403676525762 ) ) ;
#1776 = B_SPLINE_CURVE_WITH_KNOTS ( 'NONE', 3,
 ( #1831, #3315, #1476, #1452, #83, #4092, #27, #3645, #2516, #1879, #3720, #4044, #439, #1547, #754, #2155, #337, #2182, #4349, #3990, #3, #702, #2896, #3618 ),
 .UNSPECIFIED., .F., .F.,
 ( 4, 2, 2, 2, 2, 2, 2, 2, 2, 2, 2, 4 ),
 ( 3.171668117239424622E-05, 0.005538808184051936118, 0.008292353935491662137, 0.01104589968693138642, 0.01379944543837111071, 0.01517621831409097545, 0.01655299118981084019, 0.01792976406553070320, 0.01861815050339063124, 0.01930653694125056274, 0.02068330981697044310, 0.02206008269269031999 ),
 .UNSPECIFIED. ) ;
#1777 = CARTESIAN_POINT ( 'NONE',  ( 147.0571884246707839, 85.44043042038813951, 149.5811053848298400 ) ) ;
#1778 = ORIENTED_EDGE ( 'NONE', *, *, #487, .F. ) ;
#1779 = CARTESIAN_POINT ( 'NONE',  ( 148.0000000000000284, 88.44145903204388048, 144.8846879762482445 ) ) ;
#1780 = CARTESIAN_POINT ( 'NONE',  ( 144.7982505313647437, 57.73239940127957226, 154.1528907579777581 ) ) ;
#1781 = CARTESIAN_POINT ( 'NONE',  ( 126.8013351292748609, 35.11046154107356188, 138.2738565846670724 ) ) ;
#1782 = CARTESIAN_POINT ( 'NONE',  ( 148.0000000000000284, 88.19804811596283400, 144.9159810578379677 ) ) ;
#1783 = CARTESIAN_POINT ( 'NONE',  ( 104.6086619536115876, 138.9999999999999432, 108.9235368330468958 ) ) ;
#1784 = CARTESIAN_POINT ( 'NONE',  ( 141.8109183942014511, 75.68288547903269148, 181.9565560938520150 ) ) ;
#1785 = CARTESIAN_POINT ( 'NONE',  ( 144.9999999999999716, 36.99999999999995737, 219.0467391801447263 ) ) ;
#1786 = CARTESIAN_POINT ( 'NONE',  ( 24.08733304096401184, 139.0528502345723609, 67.20068830985883324 ) ) ;
#1787 = CARTESIAN_POINT ( 'NONE',  ( 141.4652567930191651, 84.68570401206704901, 145.2931735073590573 ) ) ;
#1788 = DIRECTION ( 'NONE',  ( -0.000000000000000000, 1.000000000000000000, -0.000000000000000000 ) ) ;
#1789 = DIRECTION ( 'NONE',  ( 0.000000000000000000, -0.000000000000000000, 1.000000000000000000 ) ) ;
#1790 = CARTESIAN_POINT ( 'NONE',  ( 24.29541890379764979, 139.3836790904284726, 67.23538532848189675 ) ) ;
#1791 = EDGE_CURVE ( 'NONE', #4469, #2625, #2361, .T. ) ;
#1792 = CARTESIAN_POINT ( 'NONE',  ( 148.0000000000000284, 107.1094698344768545, 160.9785466594739773 ) ) ;
#1793 = ORIENTED_EDGE ( 'NONE', *, *, #4647, .F. ) ;
#1794 = CARTESIAN_POINT ( 'NONE',  ( 146.1424129917214429, 86.09842540979369119, 144.8846879762678554 ) ) ;
#1795 = CARTESIAN_POINT ( 'NONE',  ( 141.0000000000000000, 94.54888270868096356, 151.8487542277047169 ) ) ;
#1796 = VERTEX_POINT ( 'NONE', #2977 ) ;
#1797 = CARTESIAN_POINT ( 'NONE',  ( 13.14694362243724512, 12.46268964088047682, 67.29163741842302215 ) ) ;
#1798 = CARTESIAN_POINT ( 'NONE',  ( 137.2406449692383603, 50.99000120397855795, 138.0308692369328867 ) ) ;
#1799 = ORIENTED_EDGE ( 'NONE', *, *, #2880, .T. ) ;
#1800 = ADVANCED_FACE ( 'NONE', ( #2283 ), #2714, .T. ) ;
#1801 = CIRCLE ( 'NONE', #3251, 3.700000000000009059 ) ;
#1802 = CARTESIAN_POINT ( 'NONE',  ( 105.8494849750099149, 33.98614265540851420, 113.0995285649405844 ) ) ;
#1803 = CARTESIAN_POINT ( 'NONE',  ( 142.9515270839396521, 57.00000000000210321, 152.9212002188447457 ) ) ;
#1804 = VERTEX_POINT ( 'NONE', #2325 ) ;
#1805 = CIRCLE ( 'NONE', #2641, 2.000000000000001776 ) ;
#1806 = VECTOR ( 'NONE', #3568, 1000.000000000000000 ) ;
#1807 = LINE ( 'NONE', #270, #4416 ) ;
#1808 = EDGE_CURVE ( 'NONE', #2625, #1231, #342, .T. ) ;
#1809 = CARTESIAN_POINT ( 'NONE',  ( 126.2838817825796554, 34.05214741275309365, 137.0695561853729885 ) ) ;
#1810 = DIRECTION ( 'NONE',  ( 0.000000000000000000, 0.000000000000000000, -1.000000000000000000 ) ) ;
#1811 = B_SPLINE_CURVE_WITH_KNOTS ( 'NONE', 3,
 ( #946, #3599, #4023, #1458, #2137, #1405, #3195, #734, #320, #372, #2214, #3299, #2902, #2190 ),
 .UNSPECIFIED., .F., .F.,
 ( 4, 2, 2, 2, 2, 2, 4 ),
 ( -1.468151220348893311E-05, 0.0007793925138281565176, 0.001573466539859801972, 0.001970503552875623073, 0.002367540565891443956, 0.002764577578907264840, 0.003161614591923090928 ),
 .UNSPECIFIED. ) ;
#1812 = DIRECTION ( 'NONE',  ( 0.000000000000000000, 0.000000000000000000, -1.000000000000000000 ) ) ;
#1813 = CARTESIAN_POINT ( 'NONE',  ( 134.2277374424260188, 35.11668486790157573, 132.6850819787851776 ) ) ;
#1814 = DIRECTION ( 'NONE',  ( 0.000000000000000000, 1.000000000000000000, 0.000000000000000000 ) ) ;
#1815 = AXIS2_PLACEMENT_3D ( 'NONE', #1482, #4671, #3674 ) ;
#1816 = CARTESIAN_POINT ( 'NONE',  ( 23.93046766332171771, 139.0900104241523820, 69.18630149021130649 ) ) ;
#1817 = CARTESIAN_POINT ( 'NONE',  ( 142.9614173024764909, 82.62102989674514220, 146.7285000549266272 ) ) ;
#1818 = CARTESIAN_POINT ( 'NONE',  ( 132.2399394838209616, 34.48605660505975834, 133.5695733420429292 ) ) ;
#1819 = CARTESIAN_POINT ( 'NONE',  ( 111.4498338032009030, 35.99999999999996447, 106.2710873026683487 ) ) ;
#1820 = CARTESIAN_POINT ( 'NONE',  ( 104.6086619536116018, 140.9999999999999716, 108.9235368330468958 ) ) ;
#1821 = CARTESIAN_POINT ( 'NONE',  ( 148.0000000000000284, 106.0617076364057283, 158.3668707586740823 ) ) ;
#1822 = AXIS2_PLACEMENT_3D ( 'NONE', #4713, #1090, #2950 ) ;
#1823 = ORIENTED_EDGE ( 'NONE', *, *, #2881, .T. ) ;
#1824 = CARTESIAN_POINT ( 'NONE',  ( 144.1507304015959789, 86.74039522291045046, 144.8846879762482445 ) ) ;
#1825 = CARTESIAN_POINT ( 'NONE',  ( 130.8668702804115185, 51.00342794551541203, 149.7510295261386943 ) ) ;
#1826 = ORIENTED_EDGE ( 'NONE', *, *, #454, .F. ) ;
#1827 = CARTESIAN_POINT ( 'NONE',  ( 24.35494486292611427, 15.46478230616842353, 69.18632259227301518 ) ) ;
#1828 = CARTESIAN_POINT ( 'NONE',  ( 135.9671175540942727, 57.20937181647067149, 135.7216105743767969 ) ) ;
#1829 = ORIENTED_EDGE ( 'NONE', *, *, #3295, .F. ) ;
#1830 = CARTESIAN_POINT ( 'NONE',  ( 103.2593707586600402, 34.94788930291769447, 110.4034279038374962 ) ) ;
#1831 = CARTESIAN_POINT ( 'NONE',  ( 148.0000000000000284, 100.8997173013990931, 144.9159810578379961 ) ) ;
#1832 = ORIENTED_EDGE ( 'NONE', *, *, #3764, .F. ) ;
#1833 = CARTESIAN_POINT ( 'NONE',  ( 129.9616541930919311, 52.79516333068134060, 136.1468704365607607 ) ) ;
#1834 = CARTESIAN_POINT ( 'NONE',  ( 139.6926118886320864, 63.48457883910532473, 142.7564927130607657 ) ) ;
#1835 = CARTESIAN_POINT ( 'NONE',  ( 147.8904920618786036, 78.80905362338853593, 162.4789430608553289 ) ) ;
#1836 = DIRECTION ( 'NONE',  ( 0.000000000000000000, 0.000000000000000000, 1.000000000000000000 ) ) ;
#1837 = DIRECTION ( 'NONE',  ( 0.7025609739248548369, -0.000000000000000000, 0.7116235507048368492 ) ) ;
#1838 = CARTESIAN_POINT ( 'NONE',  ( 132.0614592248672921, 34.20188557612502223, 133.1681625955272068 ) ) ;
#1839 = CARTESIAN_POINT ( 'NONE',  ( 128.0848317436338846, 140.9999999999999716, 140.0662639453285578 ) ) ;
#1840 = CARTESIAN_POINT ( 'NONE',  ( 23.93563534255272884, 139.1072672866092717, 69.18630154239168917 ) ) ;
#1841 = CARTESIAN_POINT ( 'NONE',  ( 140.3638488362630312, 83.27051177197780873, 145.7166696363435108 ) ) ;
#1842 = LINE ( 'NONE', #4413, #1511 ) ;
#1843 = CARTESIAN_POINT ( 'NONE',  ( 148.0000000000000284, 100.5332647964798838, 144.8846879762482445 ) ) ;
#1844 = CARTESIAN_POINT ( 'NONE',  ( 134.3109192721493628, 32.39865780812870355, 132.8486467486544313 ) ) ;
#1845 = DIRECTION ( 'NONE',  ( -1.000000000000000000, 0.000000000000000000, 0.000000000000000000 ) ) ;
#1846 = FACE_OUTER_BOUND ( 'NONE', #1057, .T. ) ;
#1847 = CARTESIAN_POINT ( 'NONE',  ( 127.4321570259851200, 50.40889738295279443, 143.0115646849326367 ) ) ;
#1848 = VERTEX_POINT ( 'NONE', #3989 ) ;
#1849 = CARTESIAN_POINT ( 'NONE',  ( 24.27865247182496589, 15.51401128708617172, 69.18631639189179339 ) ) ;
#1850 = CARTESIAN_POINT ( 'NONE',  ( 140.4253557373827448, 50.00097632493309163, 144.2516198467349682 ) ) ;
#1851 = ORIENTED_EDGE ( 'NONE', *, *, #2794, .F. ) ;
#1852 = EDGE_LOOP ( 'NONE', ( #3202, #259, #2109, #2839 ) ) ;
#1853 = B_SPLINE_CURVE_WITH_KNOTS ( 'NONE', 3,
 ( #1819, #1102, #2144, #4004, #2528, #1868, #304, #1517, #2963, #43, #689, #3226, #2553, #4442 ),
 .UNSPECIFIED., .F., .F.,
 ( 4, 2, 2, 2, 2, 2, 4 ),
 ( 0.000000000000000000, 0.0003953184168517283456, 0.0007906368337034566911, 0.001185955250555184928, 0.001581273667406913382, 0.002371910501110369857, 0.003162547334813826765 ),
 .UNSPECIFIED. ) ;
#1854 = DIRECTION ( 'NONE',  ( 0.7985314644174773546, -0.000000000000000000, -0.6019530715390354336 ) ) ;
#1855 = ORIENTED_EDGE ( 'NONE', *, *, #3267, .T. ) ;
#1856 = CARTESIAN_POINT ( 'NONE',  ( 148.0000000000000284, 88.31930915263484394, 144.8951301934208971 ) ) ;
#1857 = CARTESIAN_POINT ( 'NONE',  ( 142.9286794929200539, 63.00166480380794809, 149.6829226240396054 ) ) ;
#1858 = CARTESIAN_POINT ( 'NONE',  ( 148.0000000000000284, 78.47744847166144666, 162.8836065045527732 ) ) ;
#1859 = CARTESIAN_POINT ( 'NONE',  ( 130.9209540261788334, 64.11877045966603816, 145.4500125715734384 ) ) ;
#1860 = CARTESIAN_POINT ( 'NONE',  ( 111.5015235122656918, 35.48064084193678980, 106.3125088948216188 ) ) ;
#1861 = CARTESIAN_POINT ( 'NONE',  ( 135.4053444436895859, 34.94821187327717382, 134.7310739359736829 ) ) ;
#1862 = DIRECTION ( 'NONE',  ( 0.000000000000000000, 1.000000000000000000, 0.000000000000000000 ) ) ;
#1863 = ORIENTED_EDGE ( 'NONE', *, *, #3354, .F. ) ;
#1864 = EDGE_CURVE ( 'NONE', #1804, #1086, #2026, .T. ) ;
#1865 = CARTESIAN_POINT ( 'NONE',  ( 24.27865247182491615, 139.4859887129138940, 69.18631639189173654 ) ) ;
#1866 = CARTESIAN_POINT ( 'NONE',  ( 139.3050081256281771, 80.91511490654487204, 146.2995761053329318 ) ) ;
#1867 = DIRECTION ( 'NONE',  ( 0.000000000000000000, 0.000000000000000000, 1.000000000000000000 ) ) ;
#1868 = CARTESIAN_POINT ( 'NONE',  ( 111.6158412934898791, 35.10506447658947593, 106.4045949069831067 ) ) ;
#1869 = CARTESIAN_POINT ( 'NONE',  ( 133.5280270864830641, 31.99999999999995737, 131.5381312565054657 ) ) ;
#1870 = FACE_OUTER_BOUND ( 'NONE', #981, .T. ) ;
#1871 = DIRECTION ( 'NONE',  ( -0.7985314644174881238, 0.000000000000000000, 0.6019530715390213338 ) ) ;
#1872 = CARTESIAN_POINT ( 'NONE',  ( 131.7811742358204299, 49.42175432472087238, 151.7113313762264681 ) ) ;
#1873 = ORIENTED_EDGE ( 'NONE', *, *, #2681, .F. ) ;
#1874 = CARTESIAN_POINT ( 'NONE',  ( 23.95443272593411521, 15.84518634643002777, 69.18630175058562770 ) ) ;
#1875 = CARTESIAN_POINT ( 'NONE',  ( 137.9975927102764217, 53.79503290754428235, 139.4085400791862810 ) ) ;
#1876 = VERTEX_POINT ( 'NONE', #623 ) ;
#1877 = ORIENTED_EDGE ( 'NONE', *, *, #4596, .F. ) ;
#1878 = VECTOR ( 'NONE', #663, 1000.000000000000000 ) ;
#1879 = CARTESIAN_POINT ( 'NONE',  ( 148.0000000000000853, 105.3066562005895577, 158.3491688239392658 ) ) ;
#1880 = TOROIDAL_SURFACE ( 'NONE', #4253, 147.0000000000000000, 2.000000000000000000 ) ;
#1881 = CARTESIAN_POINT ( 'NONE',  ( 144.3668268618766888, 61.30260765852488447, 153.0878887225334211 ) ) ;
#1882 = CARTESIAN_POINT ( 'NONE',  ( 103.5533055013141848, 33.99792418374130420, 110.7025425173812607 ) ) ;
#1883 = CARTESIAN_POINT ( 'NONE',  ( 130.1563400870558667, 63.73205006797243044, 148.2890233837313474 ) ) ;
#1884 = CARTESIAN_POINT ( 'NONE',  ( 112.7856900803647733, 32.81723334278545678, 104.4250589285060471 ) ) ;
#1885 = CARTESIAN_POINT ( 'NONE',  ( 147.8961038961039378, 140.9999999999999716, 162.5739740423148589 ) ) ;
#1886 = CARTESIAN_POINT ( 'NONE',  ( 144.1507304015959789, 108.9652230982083552, 144.8846879762482445 ) ) ;
#1887 = CARTESIAN_POINT ( 'NONE',  ( 23.97389190751413324, 139.1917014940536035, 69.18630209769214900 ) ) ;
#1888 = ORIENTED_EDGE ( 'NONE', *, *, #2290, .F. ) ;
#1889 = CIRCLE ( 'NONE', #1515, 2.000000000000001776 ) ;
#1890 = CARTESIAN_POINT ( 'NONE',  ( 28.45322218074379705, 14.40340825397459845, 67.99103937139173581 ) ) ;
#1891 = CARTESIAN_POINT ( 'NONE',  ( 57.15767664977302331, 140.9999999999999716, 69.20000000000001705 ) ) ;
#1892 = DIRECTION ( 'NONE',  ( -1.000000000000000000, 0.000000000000000000, 0.000000000000000000 ) ) ;
#1893 = CIRCLE ( 'NONE', #4577, 1.999999999999996447 ) ;
#1894 = CARTESIAN_POINT ( 'NONE',  ( 146.9441203431327381, 103.3050156099731538, 147.9677055588781798 ) ) ;
#1895 = CARTESIAN_POINT ( 'NONE',  ( 23.93364496726885804, 139.1128387790351724, 69.18630145220055283 ) ) ;
#1896 = CARTESIAN_POINT ( 'NONE',  ( 129.1353586977168675, 47.90349370084650360, 146.2510586049742756 ) ) ;
#1897 = ORIENTED_EDGE ( 'NONE', *, *, #3856, .F. ) ;
#1898 = CARTESIAN_POINT ( 'NONE',  ( 24.13845893409675014, 15.80829850594882302, 67.20919024282157750 ) ) ;
#1899 = CARTESIAN_POINT ( 'NONE',  ( 136.9269008684767073, 50.64568384485000507, 142.6218675297035361 ) ) ;
#1900 = VERTEX_POINT ( 'NONE', #601 ) ;
#1901 = EDGE_CURVE ( 'NONE', #1497, #1485, #2082, .T. ) ;
#1902 = AXIS2_PLACEMENT_3D ( 'NONE', #90, #156, #1172 ) ;
#1903 = CARTESIAN_POINT ( 'NONE',  ( 147.8312702597813200, 80.31193316797416060, 161.4867900228002213 ) ) ;
#1904 = CARTESIAN_POINT ( 'NONE',  ( 140.5470505449832217, 63.58045939194327190, 148.4969758098634429 ) ) ;
#1905 = CARTESIAN_POINT ( 'NONE',  ( 130.0470209026648831, 63.90495283089686751, 144.1393781267350960 ) ) ;
#1906 = CARTESIAN_POINT ( 'NONE',  ( 133.5937766849723403, 62.91859720388212907, 149.7572050330468016 ) ) ;
#1907 = CARTESIAN_POINT ( 'NONE',  ( 141.0000000000000000, 0.000000000000000000, 0.000000000000000000 ) ) ;
#1908 = CARTESIAN_POINT ( 'NONE',  ( 144.7597174445240569, 55.53369900647857094, 154.0568645033521022 ) ) ;
#1909 = CARTESIAN_POINT ( 'NONE',  ( 132.7639111445613764, 62.47016073899386868, 153.9010649734200058 ) ) ;
#1910 = CARTESIAN_POINT ( 'NONE',  ( 22.09484423477839954, 143.8561600020948390, 68.03353436942758492 ) ) ;
#1911 = CARTESIAN_POINT ( 'NONE',  ( 1.009719629430382282E-25, 138.9999999999999432, 212.1999999999999602 ) ) ;
#1912 = CARTESIAN_POINT ( 'NONE',  ( 27.17056811399966776, 14.62320760255907182, 67.74502541612467610 ) ) ;
#1913 = CARTESIAN_POINT ( 'NONE',  ( 144.9473624544516781, 34.73750929000515697, 216.1090211468869597 ) ) ;
#1914 = CARTESIAN_POINT ( 'NONE',  ( 130.1888146488360576, 93.29915426636073050, 148.3573438000139504 ) ) ;
#1915 = CARTESIAN_POINT ( 'NONE',  ( 146.2915533450597536, 14.01954571230125346, 223.6144229494359763 ) ) ;
#1916 = CARTESIAN_POINT ( 'NONE',  ( 105.9382698019033739, 31.99999999999995737, 113.1945304976582207 ) ) ;
#1917 = CARTESIAN_POINT ( 'NONE',  ( 135.7606254110299915, 62.11293435108643735, 140.8902615277270911 ) ) ;
#1918 = VERTEX_POINT ( 'NONE', #3235 ) ;
#1919 = CARTESIAN_POINT ( 'NONE',  ( 24.17023748190069554, 15.75962042404943730, 67.21448395561394307 ) ) ;
#1920 = CARTESIAN_POINT ( 'NONE',  ( 139.2290307765395880, 49.91030893779989697, 146.2625089102502898 ) ) ;
#1921 = EDGE_CURVE ( 'NONE', #1768, #2124, #2438, .T. ) ;
#1922 = ADVANCED_FACE ( 'NONE', ( #967 ), #1704, .T. ) ;
#1923 = DIRECTION ( 'NONE',  ( 0.7985314644174801302, 0.000000000000000000, -0.6019530715390316589 ) ) ;
#1924 = CARTESIAN_POINT ( 'NONE',  ( 140.2494175139022161, 66.05600378454481358, 143.8881928879322345 ) ) ;
#1925 = CARTESIAN_POINT ( 'NONE',  ( 105.2318545365799167, 32.12844285666155031, 112.4436892600681119 ) ) ;
#1926 = CARTESIAN_POINT ( 'NONE',  ( 131.9355491392313695, 64.33857388013343837, 152.0490111926993961 ) ) ;
#1927 = EDGE_LOOP ( 'NONE', ( #3493, #1448 ) ) ;
#1928 = CYLINDRICAL_SURFACE ( 'NONE', #514, 145.0000000000000000 ) ;
#1929 = CARTESIAN_POINT ( 'NONE',  ( 136.9654508231105865, 62.41233694581337232, 137.5233159588517822 ) ) ;
#1930 = CARTESIAN_POINT ( 'NONE',  ( 129.5602747524049505, 66.13038839644300992, 147.0850708255178745 ) ) ;
#1931 = CARTESIAN_POINT ( 'NONE',  ( 23.09730727003457673, 143.0405128383870874, 68.11679968691379372 ) ) ;
#1932 = ORIENTED_EDGE ( 'NONE', *, *, #1399, .T. ) ;
#1933 = DIRECTION ( 'NONE',  ( 0.9480519480519487008, 0.000000000000000000, -0.3181155510108005235 ) ) ;
#1934 = CARTESIAN_POINT ( 'NONE',  ( 144.6159268291912667, 36.75842108516339124, 222.7467391801447718 ) ) ;
#1935 = CARTESIAN_POINT ( 'NONE',  ( 130.0862710473977302, 94.54888270868097777, 148.1487542277047282 ) ) ;
#1936 = CARTESIAN_POINT ( 'NONE',  ( 147.7275759432596374, 102.0266791512066078, 145.3924937363519803 ) ) ;
#1937 = EDGE_CURVE ( 'NONE', #4740, #1848, #1271, .T. ) ;
#1938 = DIRECTION ( 'NONE',  ( 0.000000000000000000, 0.000000000000000000, 1.000000000000000000 ) ) ;
#1939 = CARTESIAN_POINT ( 'NONE',  ( 142.5528815123952313, 60.22179437008387737, 152.1524813020961915 ) ) ;
#1940 = ORIENTED_EDGE ( 'NONE', *, *, #752, .T. ) ;
#1941 = CARTESIAN_POINT ( 'NONE',  ( 28.04671785956601937, 14.44669151784111882, 69.18816167655243987 ) ) ;
#1942 = ORIENTED_EDGE ( 'NONE', *, *, #2590, .T. ) ;
#1943 = CARTESIAN_POINT ( 'NONE',  ( 144.7392226361526468, 87.15621052851838613, 144.8846879762482445 ) ) ;
#1944 = CARTESIAN_POINT ( 'NONE',  ( 142.2193626969528850, 52.75962459766153501, 151.5208283438697379 ) ) ;
#1945 = ADVANCED_FACE ( 'NONE', ( #3524 ), #2129, .T. ) ;
#1946 = CARTESIAN_POINT ( 'NONE',  ( 129.2793932299867663, 62.07193316330314303, 136.6611758842890367 ) ) ;
#1947 = CARTESIAN_POINT ( 'NONE',  ( 148.0000000000000284, 85.53844485745192117, 151.6251123573399866 ) ) ;
#1948 = CARTESIAN_POINT ( 'NONE',  ( 126.5224989963991078, 64.31416660136410712, 141.3678584291039897 ) ) ;
#1949 = AXIS2_PLACEMENT_3D ( 'NONE', #3429, #2336, #3035 ) ;
#1950 = FACE_OUTER_BOUND ( 'NONE', #3237, .T. ) ;
#1951 = CARTESIAN_POINT ( 'NONE',  ( 140.2477232346200537, 66.05540254780964915, 143.8847486484892784 ) ) ;
#1952 = CARTESIAN_POINT ( 'NONE',  ( 147.8846960646747561, 110.0792998238866716, 162.3813354821521386 ) ) ;
#1953 = CIRCLE ( 'NONE', #2180, 2.099999999999990763 ) ;
#1954 = ADVANCED_FACE ( 'NONE', ( #3265 ), #422, .T. ) ;
#1955 = CARTESIAN_POINT ( 'NONE',  ( 105.8572866897956715, 35.46632633469987894, 110.5554178120619326 ) ) ;
#1956 = CARTESIAN_POINT ( 'NONE',  ( 20.30314927658571378, 144.7798106352473724, 67.88493548494351160 ) ) ;
#1957 = SPHERICAL_SURFACE ( 'NONE', #1261, 2.000000000000000000 ) ;
#1958 = EDGE_CURVE ( 'NONE', #1450, #3519, #4545, .T. ) ;
#1959 = CARTESIAN_POINT ( 'NONE',  ( 24.66531889477895589, 15.37011784538144177, 67.29773410540191492 ) ) ;
#1960 = CARTESIAN_POINT ( 'NONE',  ( 57.44578514933334645, 140.3283597248183412, 67.69918557911253743 ) ) ;
#1961 = CARTESIAN_POINT ( 'NONE',  ( 125.4748709693914179, 35.99999999999996447, 139.5291203079626428 ) ) ;
#1962 = COLOUR_RGB ( '',0.7921568627450980005, 0.8196078431372548767, 0.9333333333333333481 ) ;
#1963 = CIRCLE ( 'NONE', #4500, 1.999999999999998224 ) ;
#1964 = CARTESIAN_POINT ( 'NONE',  ( 148.0000000000000284, 102.7410861809041762, 148.0643175135488150 ) ) ;
#1965 = FACE_OUTER_BOUND ( 'NONE', #3646, .T. ) ;
#1966 = CARTESIAN_POINT ( 'NONE',  ( 144.9999999999999716, 36.99999999999995737, 222.7467391801447434 ) ) ;
#1967 = EDGE_LOOP ( 'NONE', ( #2343, #721, #2566, #3436, #81 ) ) ;
#1968 = CARTESIAN_POINT ( 'NONE',  ( 34.05877273185283372, 13.99999999999996092, 69.19999999999998863 ) ) ;
#1969 = VECTOR ( 'NONE', #2506, 1000.000000000000114 ) ;
#1970 = EDGE_LOOP ( 'NONE', ( #3230, #1388, #1006, #2942 ) ) ;
#1971 = CARTESIAN_POINT ( 'NONE',  ( 147.2975458971445164, 102.5403610473792781, 144.8846879762582205 ) ) ;
#1972 = DIRECTION ( 'NONE',  ( 0.000000000000000000, 0.000000000000000000, 1.000000000000000000 ) ) ;
#1973 = CARTESIAN_POINT ( 'NONE',  ( 147.3581774439499554, 84.21041050702029906, 154.0123382097611682 ) ) ;
#1974 = CARTESIAN_POINT ( 'NONE',  ( 134.4721473565049337, 52.44641267198311141, 151.2794182300939099 ) ) ;
#1975 = DIRECTION ( 'NONE',  ( -1.000000000000000000, -0.000000000000000000, -2.218880795315036613E-16 ) ) ;
#1976 = CARTESIAN_POINT ( 'NONE',  ( 146.9496748536211896, 103.3293166866719304, 148.0500541234615923 ) ) ;
#1977 = CARTESIAN_POINT ( 'NONE',  ( 27.04034790268618949, 14.62221900230148286, 69.18732325208944189 ) ) ;
#1978 = CARTESIAN_POINT ( 'NONE',  ( 24.97641253446540333, 139.8262052490123892, 69.18641723135789334 ) ) ;
#1979 = B_SPLINE_CURVE_WITH_KNOTS ( 'NONE', 3,
 ( #3907, #4294, #2037, #1009, #2414, #3500, #3591, #1033, #3961, #3234, #1682, #3546, #2868, #3157, #3134, #2437, #4610, #1324 ),
 .UNSPECIFIED., .F., .F.,
 ( 4, 2, 2, 2, 2, 2, 2, 2, 4 ),
 ( 0.000000000000000000, 0.0007844494981353859102, 0.001568898996270771820, 0.002353348494406157839, 0.003137797992541543641, 0.003922247490676929876, 0.004706696988812315678, 0.005491146486947701480, 0.006275595985083087282 ),
 .UNSPECIFIED. ) ;
#1980 = FACE_OUTER_BOUND ( 'NONE', #4703, .T. ) ;
#1981 = CARTESIAN_POINT ( 'NONE',  ( 28.02473662508840491, 14.46957333085699382, 67.90759814463528699 ) ) ;
#1982 = LINE ( 'NONE', #499, #807 ) ;
#1983 = CARTESIAN_POINT ( 'NONE',  ( 133.4642510967770193, 94.04297176209692566, 155.5228715931551449 ) ) ;
#1984 = ADVANCED_FACE ( 'NONE', ( #2756 ), #4618, .F. ) ;
#1985 = CARTESIAN_POINT ( 'NONE',  ( 132.5181913070670134, 35.99999999999996447, 134.2196885572800795 ) ) ;
#1986 = CARTESIAN_POINT ( 'NONE',  ( 33.17541408910906142, 140.9906176125630282, 69.19740758754825549 ) ) ;
#1987 = CARTESIAN_POINT ( 'NONE',  ( 142.3684789615505792, 60.83323071568479889, 151.8019902750802430 ) ) ;
#1988 = ORIENTED_EDGE ( 'NONE', *, *, #4501, .F. ) ;
#1989 = CARTESIAN_POINT ( 'NONE',  ( 24.87193874823613982, 15.21415440375675843, 69.18639568602121415 ) ) ;
#1990 = PRESENTATION_STYLE_ASSIGNMENT (( #3813 ) ) ;
#1991 = CARTESIAN_POINT ( 'NONE',  ( 142.6095617598605259, 50.60161669480660862, 148.9609535996821990 ) ) ;
#1992 = CARTESIAN_POINT ( 'NONE',  ( 148.0000000000000284, 80.99934913849477880, 161.9619750734589729 ) ) ;
#1993 = CARTESIAN_POINT ( 'NONE',  ( 132.0318252317493375, 53.83327790853494577, 152.2145913321460853 ) ) ;
#1994 = ORIENTED_EDGE ( 'NONE', *, *, #3822, .F. ) ;
#1995 = CARTESIAN_POINT ( 'NONE',  ( 141.8891871552510509, 111.0488827086809493, 147.3659150722234585 ) ) ;
#1996 = CARTESIAN_POINT ( 'NONE',  ( 147.7681082497119291, 107.8875960400473275, 160.4438693513387761 ) ) ;
#1997 = DIRECTION ( 'NONE',  ( -7.105427357601001859E-15, 0.000000000000000000, 1.000000000000000000 ) ) ;
#1998 = CARTESIAN_POINT ( 'NONE',  ( 27.17464765956024664, 141.1103473982343814, 68.47281706995214279 ) ) ;
#1999 = CARTESIAN_POINT ( 'NONE',  ( 144.9632464637255680, 37.95834380998772417, 215.4648721441210171 ) ) ;
#2000 = CARTESIAN_POINT ( 'NONE',  ( 142.9793895016769625, 106.4438954822133212, 146.7209417217455325 ) ) ;
#2001 = CARTESIAN_POINT ( 'NONE',  ( 131.6796521291620650, 33.99999999999995737, 132.3472028345727551 ) ) ;
#2002 = CARTESIAN_POINT ( 'NONE',  ( 130.3464447775656083, 92.62358420550488347, 148.6796986935122789 ) ) ;
#2003 = ADVANCED_FACE ( 'NONE', ( #2736 ), #3819, .T. ) ;
#2004 = DIRECTION ( 'NONE',  ( 0.000000000000000000, -2.775557561562888511E-14, -1.000000000000000000 ) ) ;
#2005 = CARTESIAN_POINT ( 'NONE',  ( 142.8073411385348663, 106.7766407478353585, 146.7981279219163753 ) ) ;
#2006 = CARTESIAN_POINT ( 'NONE',  ( 136.0449502795354988, 58.45870188770358311, 135.8601578241169818 ) ) ;
#2007 = VERTEX_POINT ( 'NONE', #1689 ) ;
#2008 = CARTESIAN_POINT ( 'NONE',  ( 28.48672093101676239, 13.96166499098022129, 68.59877208339159438 ) ) ;
#2009 = APPLICATION_PROTOCOL_DEFINITION ( 'draft international standard', 'automotive_design', 1998, #3535 ) ;
#2010 = EDGE_CURVE ( 'NONE', #1242, #2156, #4255, .T. ) ;
#2011 = CYLINDRICAL_SURFACE ( 'NONE', #3559, 2.000000000000001776 ) ;
#2012 = CARTESIAN_POINT ( 'NONE',  ( 142.3060954610848228, 50.30644063775495312, 148.2822468459122831 ) ) ;
#2013 = CARTESIAN_POINT ( 'NONE',  ( 147.6956252949890143, 81.96819132905383753, 159.2663434670372453 ) ) ;
#2014 = CARTESIAN_POINT ( 'NONE',  ( 132.3634922014558981, 57.30027395297330628, 152.9209030225424897 ) ) ;
#2015 = VERTEX_POINT ( 'NONE', #3094 ) ;
#2016 = CARTESIAN_POINT ( 'NONE',  ( 128.5207121255415075, 48.04826205855993493, 145.0611276336126707 ) ) ;
#2017 = CIRCLE ( 'NONE', #493, 145.0000000000000000 ) ;
#2018 = CARTESIAN_POINT ( 'NONE',  ( 106.3681160786124025, 34.48538378912107305, 110.9626561691447648 ) ) ;
#2019 = CARTESIAN_POINT ( 'NONE',  ( 32.33039476579737226, 140.9990803598537070, 69.00097405412786600 ) ) ;
#2020 = CARTESIAN_POINT ( 'NONE',  ( 141.0000000000000000, 94.54888270868096356, 151.8487542277047169 ) ) ;
#2021 = CARTESIAN_POINT ( 'NONE',  ( 145.0000000000000000, 76.65470979761705905, 178.3779565494662052 ) ) ;
#2022 = CARTESIAN_POINT ( 'NONE',  ( 131.9045765473948109, 34.06353585775497095, 132.8247612063346992 ) ) ;
#2023 = CARTESIAN_POINT ( 'NONE',  ( 140.3128274792511831, 50.25905464045921178, 148.0895101787460248 ) ) ;
#2024 = AXIS2_PLACEMENT_3D ( 'NONE', #3384, #97, #1562 ) ;
#2025 = CYLINDRICAL_SURFACE ( 'NONE', #2711, 2.099999999999990763 ) ;
#2026 = CIRCLE ( 'NONE', #1124, 2.099999999999990763 ) ;
#2027 = CARTESIAN_POINT ( 'NONE',  ( 139.4337270102155060, 107.7772645583245890, 146.2176498625156285 ) ) ;
#2028 = CARTESIAN_POINT ( 'NONE',  ( 143.9014530442324542, 51.07636685502280471, 151.9636695495548793 ) ) ;
#2029 = ORIENTED_EDGE ( 'NONE', *, *, #3361, .F. ) ;
#2030 = CARTESIAN_POINT ( 'NONE',  ( 29.73937535114331965, 13.99307758835097459, 68.72374951771899987 ) ) ;
#2031 = ORIENTED_EDGE ( 'NONE', *, *, #3005, .T. ) ;
#2032 = AXIS2_PLACEMENT_3D ( 'NONE', #2078, #3544, #260 ) ;
#2033 = CARTESIAN_POINT ( 'NONE',  ( 130.2278571942060807, 61.17253891028398982, 140.0706662625864851 ) ) ;
#2034 = CARTESIAN_POINT ( 'NONE',  ( 148.0000000000000284, 140.9999999999999716, 162.8846879762482160 ) ) ;
#2035 = CARTESIAN_POINT ( 'NONE',  ( 143.4866561245725052, 52.09195381369241318, 150.9726304389546385 ) ) ;
#2036 = CIRCLE ( 'NONE', #4729, 2.000000000000001776 ) ;
#2037 = CARTESIAN_POINT ( 'NONE',  ( 124.6135651661616777, 32.02614893963337295, 138.0614436589318075 ) ) ;
#2038 = EDGE_CURVE ( 'NONE', #1445, #93, #4723, .T. ) ;
#2039 = CARTESIAN_POINT ( 'NONE',  ( 147.6716759986097998, 82.18232883247574705, 158.8814954865295590 ) ) ;
#2040 = CARTESIAN_POINT ( 'NONE',  ( 147.3646056505300521, 84.20503758947828032, 154.1006217636537201 ) ) ;
#2041 = CARTESIAN_POINT ( 'NONE',  ( 132.5683530215451356, 63.02161020518429524, 153.4577033712964749 ) ) ;
#2042 = ORIENTED_EDGE ( 'NONE', *, *, #4013, .F. ) ;
#2043 = DIRECTION ( 'NONE',  ( 0.000000000000000000, -1.000000000000000000, 0.000000000000000000 ) ) ;
#2044 = DIRECTION ( 'NONE',  ( -0.000000000000000000, -1.000000000000000000, -0.000000000000000000 ) ) ;
#2045 = CARTESIAN_POINT ( 'NONE',  ( 29.73937535114411546, 141.0069224116413125, 68.72374951771358553 ) ) ;
#2046 = FACE_OUTER_BOUND ( 'NONE', #124, .T. ) ;
#2047 = CARTESIAN_POINT ( 'NONE',  ( 141.9055634797302332, 110.3529596557348214, 147.3528578921161341 ) ) ;
#2048 = FACE_OUTER_BOUND ( 'NONE', #670, .T. ) ;
#2049 = CARTESIAN_POINT ( 'NONE',  ( 136.5908713815152566, 50.92892999910024088, 142.1158208584722331 ) ) ;
#2050 = CARTESIAN_POINT ( 'NONE',  ( 130.0862710473977302, 94.54888270868097777, 148.1487542277047282 ) ) ;
#2051 = FACE_OUTER_BOUND ( 'NONE', #3029, .T. ) ;
#2052 = ORIENTED_EDGE ( 'NONE', *, *, #1791, .T. ) ;
#2053 = CARTESIAN_POINT ( 'NONE',  ( 142.1490255070356454, 80.43724375843801511, 147.1745202260551366 ) ) ;
#2054 = CARTESIAN_POINT ( 'NONE',  ( 129.9616541930877531, 61.20483666931854572, 136.1468704365639155 ) ) ;
#2055 = CARTESIAN_POINT ( 'NONE',  ( 134.8760931325551837, 53.48411108268908265, 152.0001419869448398 ) ) ;
#2056 = DIRECTION ( 'NONE',  ( 0.000000000000000000, 1.000000000000000000, 0.000000000000000000 ) ) ;
#2057 = DIRECTION ( 'NONE',  ( 0.000000000000000000, -1.000000000000000000, -0.000000000000000000 ) ) ;
#2058 = EDGE_CURVE ( 'NONE', #1747, #2150, #2184, .T. ) ;
#2059 = DIRECTION ( 'NONE',  ( 1.000000000000000000, 0.000000000000000000, 0.000000000000000000 ) ) ;
#2060 = CARTESIAN_POINT ( 'NONE',  ( 135.4028234034995251, 61.57336814923389312, 140.3711569652654418 ) ) ;
#2061 = ORIENTED_EDGE ( 'NONE', *, *, #744, .T. ) ;
#2062 = CARTESIAN_POINT ( 'NONE',  ( 129.4031748745982497, 52.20840095736777897, 140.5557025619948774 ) ) ;
#2063 = CARTESIAN_POINT ( 'NONE',  ( 144.6255196994803214, 59.88922277740200428, 153.7236053525886916 ) ) ;
#2064 = CARTESIAN_POINT ( 'NONE',  ( 25.34082300075239402, 139.9016763977527660, 67.41429836925222219 ) ) ;
#2065 = LINE ( 'NONE', #1358, #3624 ) ;
#2066 =( BOUNDED_SURFACE ( )  B_SPLINE_SURFACE ( 3, 2, ( 
 ( #2643, #4434, #4117 ),
 ( #3673, #1573, #1948 ),
 ( #132, #2687, #3396 ),
 ( #2954, #1506, #1237 ),
 ( #1597, #3770, #2597 ),
 ( #3000, #2308, #3320 ),
 ( #4478, #4074, #4456 ),
 ( #4505, #3419, #2978 ),
 ( #782, #2235, #393 ),
 ( #1859, #2260, #3697 ),
 ( #4161, #1169, #415 ),
 ( #3374, #3725, #3048 ),
 ( #2618, #1883, #2666 ),
 ( #4095, #806, #3348 ),
 ( #1191, #442, #832 ),
 ( #3748, #87, #489 ),
 ( #2284, #2213, #108 ),
 ( #1906, #63, #1551 ),
 ( #33, #466, #1926 ),
 ( #3025, #1215, #4138 ),
 ( #853, #1637, #153 ),
 ( #222, #4614, #2041 ),
 ( #2371, #2865, #672 ),
 ( #2752, #2391, #1617 ),
 ( #1661, #4183, #3796 ),
 ( #3068, #1305, #173 ),
 ( #1685, #2126, #919 ),
 ( #1417, #3504, #1327 ),
 ( #4546, #4705, #2326 ),
 ( #3476, #3834, #939 ),
 ( #898, #2014, #1258 ),
 ( #554, #198, #3861 ),
 ( #3589, #534, #2483 ),
 ( #3457, #2353, #2775 ),
 ( #2710, #4316, #1032 ),
 ( #3138, #3115, #3958 ),
 ( #4590, #1770, #4227 ),
 ( #3816, #309, #580 ),
 ( #3089, #1993, #4568 ),
 ( #3232, #873, #517 ),
 ( #1974, #3439, #1284 ),
 ( #2732, #4209, #21 ),
 ( #2610, #2913, #3336 ),
 ( #358, #3715, #4733 ),
 ( #1159, #4393, #1872 ),
 ( #2511, #1106, #3611 ),
 ( #77, #1825, #3256 ),
 ( #3983, #2559, #2968 ),
 ( #4446, #3662, #1444 ),
 ( #2224, #4422, #1134 ),
 ( #4343, #696, #2890 ),
 ( #4757, #433, #1896 ),
 ( #1470, #4367, #2586 ),
 ( #49, #3364, #1542 ),
 ( #4038, #1082, #747 ),
 ( #381, #1059, #3636 ),
 ( #2534, #2149, #4063 ),
 ( #2202, #1847, #4009 ),
 ( #3310, #4087, #796 ),
 ( #2938, #772, #3686 ) ),
 .UNSPECIFIED., .F., .F., .T. ) 
 B_SPLINE_SURFACE_WITH_KNOTS ( ( 4, 2, 2, 2, 2, 2, 2, 2, 2, 2, 2, 2, 2, 2, 2, 2, 2, 2, 2, 2, 2, 2, 2, 2, 2, 2, 2, 2, 2, 4 ),
 ( 3, 3 ),
 ( 0.009871743569665523618, 0.01123863982002018883, 0.01260553607037485577, 0.01397243232072952271, 0.01533932857108418965, 0.01807312107179352353, 0.01944001732214819048, 0.02080691357250285742, 0.02217380982285752089, 0.02354070607321218783, 0.02490760232356685477, 0.02559105044874418824, 0.02627449857392152172, 0.02900829107463085560, 0.03037518732498552254, 0.03174208357534018948, 0.03310897982569485642, 0.03447587607604951643, 0.03584277232640418337, 0.03720966857675885031, 0.03857656482711351725, 0.03994346107746818419, 0.04131035732782285114, 0.04267725357817751808, 0.04541104607888685196, 0.04677794232924151890, 0.04814483857959618585, 0.04951173482995085279, 0.05087863108030551973, 0.05361242358101485361 ),
 ( 0.000000000000000000, 1.000000000000000000 ),
 .UNSPECIFIED. ) 
 GEOMETRIC_REPRESENTATION_ITEM ( )  RATIONAL_B_SPLINE_SURFACE ( (
 ( 1.000000000000000000, 0.8094218517453387607, 1.000000000000000000),
 ( 1.000000000000000000, 0.8035838774069580248, 1.000000000000000000),
 ( 1.000000000000000000, 0.7974645705235517967, 1.000000000000000000),
 ( 1.000000000000000000, 0.7846768314903765917, 1.000000000000000000),
 ( 1.000000000000000000, 0.7781293230999645205, 1.000000000000000000),
 ( 1.000000000000000000, 0.7647487388351567050, 1.000000000000000000),
 ( 1.000000000000000000, 0.7579155466645300931, 1.000000000000000000),
 ( 1.000000000000000000, 0.7439686092805400941, 1.000000000000000000),
 ( 1.000000000000000000, 0.7368156363882873983, 1.000000000000000000),
 ( 1.000000000000000000, 0.7154354608120976344, 1.000000000000000000),
 ( 1.000000000000000000, 0.7011692294185473129, 1.000000000000000000),
 ( 1.000000000000000000, 0.6797786458159258416, 1.000000000000000000),
 ( 1.000000000000000000, 0.6726618150426496578, 1.000000000000000000),
 ( 1.000000000000000000, 0.6588429256929401179, 1.000000000000000000),
 ( 1.000000000000000000, 0.6520891716569801044, 1.000000000000000000),
 ( 1.000000000000000000, 0.6389023728990965711, 1.000000000000000000),
 ( 1.000000000000000000, 0.6324692044735170660, 1.000000000000000000),
 ( 1.000000000000000000, 0.6199492004291465852, 1.000000000000000000),
 ( 1.000000000000000000, 0.6139622799792781027, 1.000000000000000000),
 ( 1.000000000000000000, 0.6027023425701556469, 1.000000000000000000),
 ( 1.000000000000000000, 0.5974008154876612187, 1.000000000000000000),
 ( 1.000000000000000000, 0.5899576683091205531, 1.000000000000000000),
 ( 1.000000000000000000, 0.5875617547719196310, 1.000000000000000000),
 ( 1.000000000000000000, 0.5829468420943610951, 1.000000000000000000),
 ( 1.000000000000000000, 0.5807223695753539472, 1.000000000000000000),
 ( 1.000000000000000000, 0.5702544868137950917, 1.000000000000000000),
 ( 1.000000000000000000, 0.5637729640534379083, 1.000000000000000000),
 ( 1.000000000000000000, 0.5570180980575460961, 1.000000000000000000),
 ( 1.000000000000000000, 0.5553077392625868081, 1.000000000000000000),
 ( 1.000000000000000000, 0.5530152574387824371, 1.000000000000000000),
 ( 1.000000000000000000, 0.5524353926906218071, 1.000000000000000000),
 ( 1.000000000000000000, 0.5524162451777701044, 1.000000000000000000),
 ( 1.000000000000000000, 0.5529656952355643806, 1.000000000000000000),
 ( 1.000000000000000000, 0.5551917119974627557, 1.000000000000000000),
 ( 1.000000000000000000, 0.5568871496455993775, 1.000000000000000000),
 ( 1.000000000000000000, 0.5612947471681577483, 1.000000000000000000),
 ( 1.000000000000000000, 0.5640123709104635230, 1.000000000000000000),
 ( 1.000000000000000000, 0.5704668724981222239, 1.000000000000000000),
 ( 1.000000000000000000, 0.5742347547094382998, 1.000000000000000000),
 ( 1.000000000000000000, 0.5825544070328917412, 1.000000000000000000),
 ( 1.000000000000000000, 0.5871239001812829095, 1.000000000000000000),
 ( 1.000000000000000000, 0.5970614496274928573, 1.000000000000000000),
 ( 1.000000000000000000, 0.6024732470751171798, 1.000000000000000000),
 ( 1.000000000000000000, 0.6138179920435457015, 1.000000000000000000),
 ( 1.000000000000000000, 0.6197615875700680510, 1.000000000000000000),
 ( 1.000000000000000000, 0.6321674287467183850, 1.000000000000000000),
 ( 1.000000000000000000, 0.6386629085544276441, 1.000000000000000000),
 ( 1.000000000000000000, 0.6587029668020008000, 1.000000000000000000),
 ( 1.000000000000000000, 0.6725436122415709983, 1.000000000000000000),
 ( 1.000000000000000000, 0.6939608046144594145, 1.000000000000000000),
 ( 1.000000000000000000, 0.7011995662473227142, 1.000000000000000000),
 ( 1.000000000000000000, 0.7155269819514864515, 1.000000000000000000),
 ( 1.000000000000000000, 0.7226616460304512435, 1.000000000000000000),
 ( 1.000000000000000000, 0.7368690041094757559, 1.000000000000000000),
 ( 1.000000000000000000, 0.7439516730562958369, 1.000000000000000000),
 ( 1.000000000000000000, 0.7580070182079692298, 1.000000000000000000),
 ( 1.000000000000000000, 0.7648586338097924653, 1.000000000000000000),
 ( 1.000000000000000000, 0.7848915821895463552, 1.000000000000000000),
 ( 1.000000000000000000, 0.7975739182794510107, 1.000000000000000000),
 ( 1.000000000000000000, 0.8094218517453400930, 1.000000000000000000) ) ) 
 REPRESENTATION_ITEM ( '' )  SURFACE ( )  );
#2067 = CARTESIAN_POINT ( 'NONE',  ( 148.0000000000000284, 78.04888270868096356, 163.2102051443364701 ) ) ;
#2068 = LINE ( 'NONE', #4281, #1648 ) ;
#2069 = CARTESIAN_POINT ( 'NONE',  ( 134.5123092466611183, 54.64284312952415945, 139.1077200278121211 ) ) ;
#2070 = CARTESIAN_POINT ( 'NONE',  ( 148.0000000000000284, 138.9999999999999432, 234.5153120237517612 ) ) ;
#2071 = CARTESIAN_POINT ( 'NONE',  ( 141.4972738386840945, 107.7824335540437914, 145.0537565458459710 ) ) ;
#2072 = CARTESIAN_POINT ( 'NONE',  ( 141.8891871552510509, 111.0488827086809493, 147.3659150722234585 ) ) ;
#2073 = ORIENTED_EDGE ( 'NONE', *, *, #1303, .T. ) ;
#2074 = CARTESIAN_POINT ( 'NONE',  ( 145.2963414862280445, 15.99999999999995914, 234.5153120237517328 ) ) ;
#2075 = ORIENTED_EDGE ( 'NONE', *, *, #105, .T. ) ;
#2076 = CARTESIAN_POINT ( 'NONE',  ( 126.7756245449540273, 34.98908266685523927, 138.2113110395879403 ) ) ;
#2077 = ORIENTED_EDGE ( 'NONE', *, *, #4218, .T. ) ;
#2078 = CARTESIAN_POINT ( 'NONE',  ( 1.009719629430382282E-25, 31.99999999999995737, 212.1999999999999602 ) ) ;
#2079 = CARTESIAN_POINT ( 'NONE',  ( 14.51244557910268362, 11.06752821955003618, 67.40484281753529672 ) ) ;
#2080 = CARTESIAN_POINT ( 'NONE',  ( 113.0191069114520843, 33.99999999999995737, 107.5927274376309555 ) ) ;
#2081 = EDGE_CURVE ( 'NONE', #1747, #174, #3845, .T. ) ;
#2082 = LINE ( 'NONE', #1374, #3172 ) ;
#2083 = CARTESIAN_POINT ( 'NONE',  ( 136.0781729292313855, 62.52432046770635310, 141.3553300479642019 ) ) ;
#2084 = EDGE_LOOP ( 'NONE', ( #420, #3902, #2203 ) ) ;
#2085 = CARTESIAN_POINT ( 'NONE',  ( 124.8169162253938680, 34.11183601264912113, 138.4000079258065625 ) ) ;
#2086 = CARTESIAN_POINT ( 'NONE',  ( 135.4587480663807355, 138.9999999999999432, 134.8247612456750062 ) ) ;
#2087 = DIRECTION ( 'NONE',  ( 0.000000000000000000, -1.000000000000000000, 0.000000000000000000 ) ) ;
#2088 = CARTESIAN_POINT ( 'NONE',  ( 132.0497720021373027, 98.22844225445449240, 152.3007520472998806 ) ) ;
#2089 = CARTESIAN_POINT ( 'NONE',  ( 142.0955835012385364, 52.46506223214954190, 151.2890356124721336 ) ) ;
#2090 = EDGE_CURVE ( 'NONE', #2015, #1653, #3217, .T. ) ;
#2091 = CARTESIAN_POINT ( 'NONE',  ( 23.94550370883920820, 139.1344765790156259, 69.18630166841452933 ) ) ;
#2092 = DIRECTION ( 'NONE',  ( 0.000000000000000000, 1.000000000000000000, 0.000000000000000000 ) ) ;
#2093 = CARTESIAN_POINT ( 'NONE',  ( 139.9509159032638195, 48.04762806560466259, 143.2809159010977851 ) ) ;
#2094 = ORIENTED_EDGE ( 'NONE', *, *, #1092, .F. ) ;
#2095 = CARTESIAN_POINT ( 'NONE',  ( 141.9703706019476215, 79.42994032121094961, 147.3031925673433022 ) ) ;
#2096 = VECTOR ( 'NONE', #4524, 1000.000000000000000 ) ;
#2097 = AXIS2_PLACEMENT_3D ( 'NONE', #2796, #642, #2770 ) ;
#2098 = CARTESIAN_POINT ( 'NONE',  ( 126.8001391854487707, 35.10423765363709236, 138.2709428906662197 ) ) ;
#2099 = ORIENTED_EDGE ( 'NONE', *, *, #3615, .T. ) ;
#2100 = CARTESIAN_POINT ( 'NONE',  ( 146.0000000000000284, 140.9999999999999716, 162.8846879762482160 ) ) ;
#2101 = CARTESIAN_POINT ( 'NONE',  ( 144.1507304015959789, 86.74039522291045046, 144.8846879762482445 ) ) ;
#2102 = DIRECTION ( 'NONE',  ( 1.000000000000000000, -2.775557561562888511E-14, -0.000000000000000000 ) ) ;
#2103 = VECTOR ( 'NONE', #523, 1000.000000000000000 ) ;
#2104 = CARTESIAN_POINT ( 'NONE',  ( 105.0556411183250418, 34.29695576057241624, 112.2520937002334165 ) ) ;
#2105 = CARTESIAN_POINT ( 'NONE',  ( 137.6930209097571662, 58.20306953112764603, 138.8022918265766918 ) ) ;
#2106 = ORIENTED_EDGE ( 'NONE', *, *, #1255, .T. ) ;
#2107 = CARTESIAN_POINT ( 'NONE',  ( 130.4832993730688031, 53.04277742203873203, 139.9204281330608808 ) ) ;
#2108 = AXIS2_PLACEMENT_3D ( 'NONE', #2957, #322, #2239 ) ;
#2109 = ORIENTED_EDGE ( 'NONE', *, *, #4636, .F. ) ;
#2110 = CARTESIAN_POINT ( 'NONE',  ( 144.0569114823107384, 59.90749993742677759, 152.3226495209728739 ) ) ;
#2111 = DIRECTION ( 'NONE',  ( 0.000000000000000000, -1.000000000000000000, 0.000000000000000000 ) ) ;
#2112 = CARTESIAN_POINT ( 'NONE',  ( 146.9862393145077988, 86.15358157767977332, 146.3352140576556621 ) ) ;
#2113 = DIRECTION ( 'NONE',  ( 0.000000000000000000, 0.000000000000000000, 1.000000000000000000 ) ) ;
#2114 = CARTESIAN_POINT ( 'NONE',  ( 134.1666465126839682, 34.90832351915072707, 132.5862616550574842 ) ) ;
#2115 = CARTESIAN_POINT ( 'NONE',  ( 141.0000000000000000, 94.54888270868096356, 151.8487542277047453 ) ) ;
#2116 = ADVANCED_FACE ( 'NONE', ( #2495 ), #3944, .T. ) ;
#2117 = CARTESIAN_POINT ( 'NONE',  ( 15.34646539598704962, 144.4502986587862381, 67.47398658421698769 ) ) ;
#2118 = CARTESIAN_POINT ( 'NONE',  ( 132.3252059639640947, 58.30431409777873597, 138.8371121270349420 ) ) ;
#2119 = FACE_OUTER_BOUND ( 'NONE', #1250, .T. ) ;
#2120 = CARTESIAN_POINT ( 'NONE',  ( 146.0000000000000284, 138.9999999999999432, 234.5153120237517612 ) ) ;
#2121 = CARTESIAN_POINT ( 'NONE',  ( 142.4323139549733810, 81.42055346068852373, 146.9949236276378883 ) ) ;
#2122 = ORIENTED_EDGE ( 'NONE', *, *, #75, .F. ) ;
#2123 = CARTESIAN_POINT ( 'NONE',  ( 148.0000000000000284, 109.2413221581218892, 162.7700372679792906 ) ) ;
#2124 = VERTEX_POINT ( 'NONE', #972 ) ;
#2125 = CARTESIAN_POINT ( 'NONE',  ( 134.5417905183705898, 52.59768597527317269, 151.4028152108803624 ) ) ;
#2126 = CARTESIAN_POINT ( 'NONE',  ( 132.1960493171303597, 59.34834556513162340, 152.5649518054058547 ) ) ;
#2127 = CARTESIAN_POINT ( 'NONE',  ( 141.8367459382939444, 76.65470979761705905, 182.0779565494661938 ) ) ;
#2128 = CARTESIAN_POINT ( 'NONE',  ( 110.2459276601228169, 138.9999999999999432, 104.6740243738334044 ) ) ;
#2129 = CYLINDRICAL_SURFACE ( 'NONE', #194, 2.000000000000001776 ) ;
#2130 = CARTESIAN_POINT ( 'NONE',  ( 146.8391263934976223, 86.04185664822486501, 146.5092920706409814 ) ) ;
#2131 = EDGE_LOOP ( 'NONE', ( #3698, #1940, #4679, #332 ) ) ;
#2132 = CARTESIAN_POINT ( 'NONE',  ( 131.3183788878210123, 56.66400670062007094, 135.1241372900080648 ) ) ;
#2133 = DIRECTION ( 'NONE',  ( 0.000000000000000000, 1.000000000000000000, 0.000000000000000000 ) ) ;
#2134 = EDGE_CURVE ( 'NONE', #447, #2919, #4641, .T. ) ;
#2135 = CARTESIAN_POINT ( 'NONE',  ( 125.0086120632490321, 34.29768066116920266, 138.7212894348344605 ) ) ;
#2136 = CARTESIAN_POINT ( 'NONE',  ( 134.3187906946878627, 138.9999999999999432, 132.8623515201223313 ) ) ;
#2137 = CARTESIAN_POINT ( 'NONE',  ( 57.39262059280576267, 14.39638747930324492, 67.97674354525088347 ) ) ;
#2138 = CARTESIAN_POINT ( 'NONE',  ( 141.8367459382939444, 76.65470979761705905, 182.0779565494661938 ) ) ;
#2139 = FACE_OUTER_BOUND ( 'NONE', #223, .T. ) ;
#2140 = CARTESIAN_POINT ( 'NONE',  ( 23.92240847458142383, 139.0528502345734978, 69.18630141006553913 ) ) ;
#2141 = EDGE_CURVE ( 'NONE', #1500, #1653, #1805, .T. ) ;
#2142 = CARTESIAN_POINT ( 'NONE',  ( 142.2197322918745783, 80.72566119527000694, 147.1262980131039342 ) ) ;
#2143 = DIRECTION ( 'NONE',  ( -1.000000000000000000, 0.000000000000000000, 0.000000000000000000 ) ) ;
#2144 = CARTESIAN_POINT ( 'NONE',  ( 111.4605439183071525, 35.73486025417356871, 106.2796497946308705 ) ) ;
#2145 = CARTESIAN_POINT ( 'NONE',  ( 24.08318915758459866, 138.9999999999999432, 68.20000000000000284 ) ) ;
#2146 = CARTESIAN_POINT ( 'NONE',  ( 148.0000000000000284, 105.5062862585921266, 158.6965363854147313 ) ) ;
#2147 = ORIENTED_EDGE ( 'NONE', *, *, #3693, .T. ) ;
#2148 = CARTESIAN_POINT ( 'NONE',  ( 145.2673169843236280, 85.16012022032326456, 146.3787578234893090 ) ) ;
#2149 = CARTESIAN_POINT ( 'NONE',  ( 127.9523069106095932, 50.09196630144322171, 143.9824314278909583 ) ) ;
#2150 = VERTEX_POINT ( 'NONE', #317 ) ;
#2151 = DIRECTION ( 'NONE',  ( 0.000000000000000000, -0.000000000000000000, 1.000000000000000000 ) ) ;
#2152 = CARTESIAN_POINT ( 'NONE',  ( 136.6558479959442707, 52.43822483876582652, 136.9585372429710617 ) ) ;
#2153 = ORIENTED_EDGE ( 'NONE', *, *, #3472, .F. ) ;
#2154 = EDGE_CURVE ( 'NONE', #482, #4758, #1807, .T. ) ;
#2155 = CARTESIAN_POINT ( 'NONE',  ( 147.9999999999999716, 107.6092648469403343, 161.5067496100554365 ) ) ;
#2156 = VERTEX_POINT ( 'NONE', #4352 ) ;
#2157 =( NAMED_UNIT ( * ) PLANE_ANGLE_UNIT ( ) SI_UNIT ( $, .RADIAN. ) );
#2158 = CARTESIAN_POINT ( 'NONE',  ( 144.7478943916339631, 58.66426522165436097, 154.0274148333521964 ) ) ;
#2159 = CARTESIAN_POINT ( 'NONE',  ( 126.0820252593947686, 33.99091579185200374, 140.5875434846698226 ) ) ;
#2160 = CARTESIAN_POINT ( 'NONE',  ( 147.5121789202335663, 86.71333695443775014, 145.6815281097348986 ) ) ;
#2161 = CARTESIAN_POINT ( 'NONE',  ( 145.2963414862280445, 138.9999999999999432, 234.5153120237517328 ) ) ;
#2162 = CARTESIAN_POINT ( 'NONE',  ( 140.7689566682950613, 73.07109802690180800, 177.4270436647880729 ) ) ;
#2163 = CARTESIAN_POINT ( 'NONE',  ( 0.000000000000000000, 15.99999999999995914, 212.1999999999999602 ) ) ;
#2164 = CARTESIAN_POINT ( 'NONE',  ( 24.09090652466238680, 139.0718579770656333, 67.20128196845320190 ) ) ;
#2165 = CARTESIAN_POINT ( 'NONE',  ( 141.8892974801805735, 77.99932553602576490, 147.3658282224021434 ) ) ;
#2166 = DIRECTION ( 'NONE',  ( 0.000000000000000000, 0.000000000000000000, -1.000000000000000000 ) ) ;
#2167 = CARTESIAN_POINT ( 'NONE',  ( 148.0000000000000284, 100.7784562647270690, 144.8951301934208118 ) ) ;
#2168 = FACE_OUTER_BOUND ( 'NONE', #2651, .T. ) ;
#2169 = CIRCLE ( 'NONE', #4319, 156.0000000000000000 ) ;
#2170 = CARTESIAN_POINT ( 'NONE',  ( 148.0000000000000284, 108.0984162788655567, 161.9619750734589729 ) ) ;
#2171 = AXIS2_PLACEMENT_3D ( 'NONE', #4727, #1439, #4361 ) ;
#2172 = ORIENTED_EDGE ( 'NONE', *, *, #1430, .F. ) ;
#2173 = CARTESIAN_POINT ( 'NONE',  ( 143.3195205136263155, 138.9999999999999432, 234.2117023363537385 ) ) ;
#2174 = DIRECTION ( 'NONE',  ( 0.000000000000000000, 0.000000000000000000, -1.000000000000000000 ) ) ;
#2175 = ORIENTED_EDGE ( 'NONE', *, *, #4150, .F. ) ;
#2176 = CARTESIAN_POINT ( 'NONE',  ( 22.69459102345891210, 11.61018418676165531, 68.08332397230074662 ) ) ;
#2177 = CARTESIAN_POINT ( 'NONE',  ( 135.4811495209552561, 52.31088006003709268, 140.4849301856865225 ) ) ;
#2178 = ORIENTED_EDGE ( 'NONE', *, *, #2905, .T. ) ;
#2179 = VERTEX_POINT ( 'NONE', #627 ) ;
#2180 = AXIS2_PLACEMENT_3D ( 'NONE', #2684, #1845, #1079 ) ;
#2181 = CARTESIAN_POINT ( 'NONE',  ( 103.4690055987076960, 34.22435843680715095, 110.6166607389995988 ) ) ;
#2182 = CARTESIAN_POINT ( 'NONE',  ( 148.0000000000000000, 108.1180421193010801, 161.9786671082260909 ) ) ;
#2183 = ORIENTED_EDGE ( 'NONE', *, *, #4351, .T. ) ;
#2184 = CIRCLE ( 'NONE', #965, 2.000000000000001776 ) ;
#2185 = ADVANCED_FACE ( 'NONE', ( #2443 ), #1355, .T. ) ;
#2186 = EDGE_CURVE ( 'NONE', #1766, #1141, #126, .T. ) ;
#2187 = VECTOR ( 'NONE', #3304, 1000.000000000000000 ) ;
#2188 = CARTESIAN_POINT ( 'NONE',  ( 139.5572839169295207, 65.77131444695353935, 142.4872934328250267 ) ) ;
#2189 = CARTESIAN_POINT ( 'NONE',  ( 124.3449300506649564, 31.99999999999995737, 137.6122103109682087 ) ) ;
#2190 = CARTESIAN_POINT ( 'NONE',  ( 57.54128952326322377, 15.99999999999995914, 67.19999999999998863 ) ) ;
#2191 = CARTESIAN_POINT ( 'NONE',  ( 141.7953875554940453, 75.44679307393136014, 181.8837109974349175 ) ) ;
#2192 = DIRECTION ( 'NONE',  ( 1.000000000000000000, -0.000000000000000000, 2.218880795315036860E-16 ) ) ;
#2193 = CIRCLE ( 'NONE', #129, 2.000000000000001332 ) ;
#2194 = CARTESIAN_POINT ( 'NONE',  ( 12.33312259429693825, 140.9292810460849523, 67.22416870440483194 ) ) ;
#2195 = CARTESIAN_POINT ( 'NONE',  ( 142.0115091513691254, 79.72261445935536983, 147.2719845295876837 ) ) ;
#2196 = SPHERICAL_SURFACE ( 'NONE', #3721, 2.000000000000000000 ) ;
#2197 = DIRECTION ( 'NONE',  ( 8.385494200300842896E-15, 1.000000000000000000, -6.321196114577799430E-15 ) ) ;
#2198 = DIRECTION ( 'NONE',  ( 1.000000000000000000, -0.000000000000000000, 2.218880795315036860E-16 ) ) ;
#2199 = CARTESIAN_POINT ( 'NONE',  ( 148.0000000000000000, 104.0558995795233983, 153.3631732507764980 ) ) ;
#2200 = EDGE_CURVE ( 'NONE', #93, #1485, #2715, .T. ) ;
#2201 = DIRECTION ( 'NONE',  ( 0.7985314644174762444, 1.943562721812996612E-14, -0.6019530715390367659 ) ) ;
#2202 = CARTESIAN_POINT ( 'NONE',  ( 128.8475378581495079, 50.74769490547453898, 142.3970625618701717 ) ) ;
#2203 = ORIENTED_EDGE ( 'NONE', *, *, #820, .F. ) ;
#2204 = CARTESIAN_POINT ( 'NONE',  ( 23.98953951193643164, 15.78312282014493206, 69.18630240213968818 ) ) ;
#2205 = CARTESIAN_POINT ( 'NONE',  ( 138.1423929501665100, 50.01935839955692842, 144.5059784365577684 ) ) ;
#2206 = ORIENTED_EDGE ( 'NONE', *, *, #3884, .T. ) ;
#2207 = DIRECTION ( 'NONE',  ( 0.000000000000000000, 0.000000000000000000, -1.000000000000000000 ) ) ;
#2208 = ADVANCED_FACE ( 'NONE', ( #3993 ), #3021, .T. ) ;
#2209 = ORIENTED_EDGE ( 'NONE', *, *, #1632, .F. ) ;
#2210 = CARTESIAN_POINT ( 'NONE',  ( 146.8391263934976223, 103.0559087691370479, 146.5092920706409814 ) ) ;
#2211 = CARTESIAN_POINT ( 'NONE',  ( 141.0742280861524023, 66.08174694896482038, 145.6104771599467256 ) ) ;
#2212 = CARTESIAN_POINT ( 'NONE',  ( 132.4493749442978299, 63.80893919584694629, 147.8582089967191280 ) ) ;
#2213 = CARTESIAN_POINT ( 'NONE',  ( 130.9893899452659412, 62.81898640539422018, 150.0068155377888104 ) ) ;
#2214 = CARTESIAN_POINT ( 'NONE',  ( 57.52889917871384995, 15.47819190945270940, 67.26480834713147772 ) ) ;
#2215 = CARTESIAN_POINT ( 'NONE',  ( 132.5181913072302393, 35.73927707457733050, 134.2196885571570135 ) ) ;
#2216 = LINE ( 'NONE', #1886, #4659 ) ;
#2217 = ORIENTED_EDGE ( 'NONE', *, *, #2555, .F. ) ;
#2218 = CARTESIAN_POINT ( 'NONE',  ( 22.84375520115817793, 143.2624378656156807, 68.09571748090782251 ) ) ;
#2219 = CARTESIAN_POINT ( 'NONE',  ( 140.8774138295211742, 78.32995494123461810, 145.1554454509534366 ) ) ;
#2220 = CYLINDRICAL_SURFACE ( 'NONE', #2265, 2.000000000000001776 ) ;
#2221 = CARTESIAN_POINT ( 'NONE',  ( 134.2346854713649407, 57.19155889164179740, 138.7212002188447286 ) ) ;
#2222 = CARTESIAN_POINT ( 'NONE',  ( 135.4453704812260639, 35.46944403767999887, 134.8013274953253813 ) ) ;
#2223 = CARTESIAN_POINT ( 'NONE',  ( 134.3007842503106701, 58.45870188770358311, 136.8388737494488225 ) ) ;
#2224 = CARTESIAN_POINT ( 'NONE',  ( 131.5375126933337810, 49.91684747746153761, 146.4066488937055226 ) ) ;
#2225 = ORIENTED_EDGE ( 'NONE', *, *, #1281, .F. ) ;
#2226 = CARTESIAN_POINT ( 'NONE',  ( 20.12514770196682790, 10.16035846493105055, 67.87017606506263689 ) ) ;
#2227 =( BOUNDED_SURFACE ( )  B_SPLINE_SURFACE ( 3, 2, ( 
 ( #3680, #351, #3326 ),
 ( #41, #4750, #3247 ),
 ( #1022, #2472, #4725 ),
 ( #3948, #661, #1051 ),
 ( #2118, #3580, #1762 ),
 ( #4696, #1409, #257 ),
 ( #871, #572, #214 ),
 ( #2324, #4629, #1700 ),
 ( #3853, #961, #3416 ),
 ( #596, #2306, #2054 ),
 ( #1570, #4269, #4658 ),
 ( #1679, #3131, #1946 ),
 ( #2033, #1722, #1005 ),
 ( #2814, #3180, #486 ),
 ( #2410, #1369, #1212 ),
 ( #3879, #4136, #3497 ) ),
 .UNSPECIFIED., .F., .F., .T. ) 
 B_SPLINE_SURFACE_WITH_KNOTS ( ( 4, 2, 2, 2, 2, 2, 2, 4 ),
 ( 3, 3 ),
 ( 0.000000000000000000, 0.1107668944849785064, 0.2215337889699570129, 0.3323006834549355193, 0.4430675779399140257, 0.5538344724248924766, 0.6646013669098710386, 0.8861351558798280514 ),
 ( 0.000000000000000000, 1.000000000000000000 ),
 .UNSPECIFIED. ) 
 GEOMETRIC_REPRESENTATION_ITEM ( )  RATIONAL_B_SPLINE_SURFACE ( (
 ( 1.000000000000000000, 0.3173866219475260375, 1.000000000000000000),
 ( 1.000000000000000000, 0.3173833592721737040, 1.000000000000000000),
 ( 1.000000000000000000, 0.3186816401691534573, 1.000000000000000000),
 ( 1.000000000000000000, 0.3237547255361430398, 1.000000000000000000),
 ( 1.000000000000000000, 0.3275305611825803931, 1.000000000000000000),
 ( 1.000000000000000000, 0.3372752453539825668, 1.000000000000000000),
 ( 1.000000000000000000, 0.3432411484671726298, 1.000000000000000000),
 ( 1.000000000000000000, 0.3569770209027429142, 1.000000000000000000),
 ( 1.000000000000000000, 0.3647447508692617801, 1.000000000000000000),
 ( 1.000000000000000000, 0.3816788423474811176, 1.000000000000000000),
 ( 1.000000000000000000, 0.3908440752189406009, 1.000000000000000000),
 ( 1.000000000000000000, 0.4102024730845167388, 1.000000000000000000),
 ( 1.000000000000000000, 0.4203953415707964991, 1.000000000000000000),
 ( 1.000000000000000000, 0.4520419293567066732, 1.000000000000000000),
 ( 1.000000000000000000, 0.4745518075714565964, 1.000000000000000000),
 ( 1.000000000000000000, 0.4974938461091548692, 1.000000000000000000) ) ) 
 REPRESENTATION_ITEM ( '' )  SURFACE ( )  );
#2228 = CARTESIAN_POINT ( 'NONE',  ( 137.9309508378774183, 49.77685898715622415, 139.3212984146477424 ) ) ;
#2229 = ORIENTED_EDGE ( 'NONE', *, *, #75, .T. ) ;
#2230 = CARTESIAN_POINT ( 'NONE',  ( 145.7707948045787418, 103.5954054642219120, 146.4209448408454364 ) ) ;
#2231 = ORIENTED_EDGE ( 'NONE', *, *, #98, .T. ) ;
#2232 = EDGE_CURVE ( 'NONE', #1083, #4686, #4188, .T. ) ;
#2233 = CARTESIAN_POINT ( 'NONE',  ( 142.2482197163417652, 65.53985877427129481, 148.1567581371111544 ) ) ;
#2234 = CARTESIAN_POINT ( 'NONE',  ( 135.2537382339978933, 58.84871557447858237, 152.6862295472888320 ) ) ;
#2235 = CARTESIAN_POINT ( 'NONE',  ( 128.6627765779143999, 64.14054198023256959, 145.3335771356355792 ) ) ;
#2236 = ORIENTED_EDGE ( 'NONE', *, *, #3678, .F. ) ;
#2237 = FACE_BOUND ( 'NONE', #697, .T. ) ;
#2238 = CARTESIAN_POINT ( 'NONE',  ( 136.6938095026879978, 61.64761254560251302, 137.0279446317802012 ) ) ;
#2239 = DIRECTION ( 'NONE',  ( 0.000000000000000000, 0.000000000000000000, -1.000000000000000000 ) ) ;
#2240 = VERTEX_POINT ( 'NONE', #1803 ) ;
#2241 = CARTESIAN_POINT ( 'NONE',  ( 24.35494486292608585, 139.5352176938310151, 69.18632259227312886 ) ) ;
#2242 = DIRECTION ( 'NONE',  ( -1.000000000000000000, 0.000000000000000000, 0.000000000000000000 ) ) ;
#2243 = CARTESIAN_POINT ( 'NONE',  ( 141.8314555320679631, 77.14856687090419030, 182.0530152936190689 ) ) ;
#2244 = CARTESIAN_POINT ( 'NONE',  ( 148.0000000000000284, 100.6563063853180324, 144.8846879762482445 ) ) ;
#2245 = CARTESIAN_POINT ( 'NONE',  ( 24.08318915758460221, 138.9999999999999432, 67.19999999999998863 ) ) ;
#2246 = EDGE_CURVE ( 'NONE', #1025, #3470, #726, .T. ) ;
#2247 = ADVANCED_FACE ( 'NONE', ( #410 ), #1140, .F. ) ;
#2248 = CARTESIAN_POINT ( 'NONE',  ( 1.009719629430382282E-25, 140.9999999999999716, 212.1999999999999602 ) ) ;
#2249 = DIRECTION ( 'NONE',  ( -0.000000000000000000, -0.000000000000000000, 1.000000000000000000 ) ) ;
#2250 = DIRECTION ( 'NONE',  ( -0.000000000000000000, 1.000000000000000000, -0.000000000000000000 ) ) ;
#2251 = ORIENTED_EDGE ( 'NONE', *, *, #811, .T. ) ;
#2252 = CARTESIAN_POINT ( 'NONE',  ( 22.32427399314065752, 11.31633035910240359, 68.05257532265559917 ) ) ;
#2253 = CARTESIAN_POINT ( 'NONE',  ( 138.0042982826976470, 50.06402905659798108, 144.2878824502583086 ) ) ;
#2254 = ORIENTED_EDGE ( 'NONE', *, *, #803, .F. ) ;
#2255 = CARTESIAN_POINT ( 'NONE',  ( 147.7960932937820928, 80.84564343401987685, 160.9042602829745761 ) ) ;
#2256 = TOROIDAL_SURFACE ( 'NONE', #191, 154.0000000000000000, 2.000000000000000000 ) ;
#2257 = CARTESIAN_POINT ( 'NONE',  ( 143.9031475833309344, 60.59441805231956124, 151.9555133797064457 ) ) ;
#2258 = AXIS2_PLACEMENT_3D ( 'NONE', #4315, #1031, #3905 ) ;
#2259 = CARTESIAN_POINT ( 'NONE',  ( 147.8961038961039094, 111.0488827086809636, 162.5739740423148589 ) ) ;
#2260 = CARTESIAN_POINT ( 'NONE',  ( 129.1900556136441480, 64.16869759903050863, 146.3553514365478634 ) ) ;
#2261 = CARTESIAN_POINT ( 'NONE',  ( 113.6845571080934434, 34.53082922030311153, 105.3659651673833224 ) ) ;
#2262 = CARTESIAN_POINT ( 'NONE',  ( 138.3529342923879994, 64.76994519902096670, 140.1253423067925894 ) ) ;
#2263 = CARTESIAN_POINT ( 'NONE',  ( 131.2860121455566116, 65.19730312065267697, 150.6438533490572240 ) ) ;
#2264 = ORIENTED_EDGE ( 'NONE', *, *, #4417, .T. ) ;
#2265 = AXIS2_PLACEMENT_3D ( 'NONE', #399, #42, #1052 ) ;
#2266 = CARTESIAN_POINT ( 'NONE',  ( 24.13845893409704146, 139.1917014940500792, 67.20919024282147802 ) ) ;
#2267 = EDGE_LOOP ( 'NONE', ( #4656, #4267, #1799, #619 ) ) ;
#2268 = AXIS2_PLACEMENT_3D ( 'NONE', #2161, #3749, #394 ) ;
#2269 = CARTESIAN_POINT ( 'NONE',  ( 140.0610447458401779, 76.90278259383437387, 174.6779565494662165 ) ) ;
#2270 = CARTESIAN_POINT ( 'NONE',  ( 57.20732930016939832, 141.0000000000000000, 68.94199099855448765 ) ) ;
#2271 = CARTESIAN_POINT ( 'NONE',  ( 130.2859687442704342, 92.84344670627113771, 148.5558442690484924 ) ) ;
#2272 = CIRCLE ( 'NONE', #4192, 1.999999999999993783 ) ;
#2273 = EDGE_CURVE ( 'NONE', #3956, #1743, #1776, .T. ) ;
#2274 = CARTESIAN_POINT ( 'NONE',  ( 146.1663799026903519, 13.99999999999984368, 226.4670991147399661 ) ) ;
#2275 = CARTESIAN_POINT ( 'NONE',  ( 133.3897774814888635, 31.99999999999995737, 131.3101535207360087 ) ) ;
#2276 = CARTESIAN_POINT ( 'NONE',  ( 136.6713818330896686, 52.39024414092671833, 136.9867393707741314 ) ) ;
#2277 = ORIENTED_EDGE ( 'NONE', *, *, #4717, .F. ) ;
#2278 = CARTESIAN_POINT ( 'NONE',  ( 24.22145903741477113, 15.69706436420580786, 67.22303085234698017 ) ) ;
#2279 = CARTESIAN_POINT ( 'NONE',  ( 141.3274056563931822, 49.86058500752905331, 146.1492525248023640 ) ) ;
#2280 = EDGE_LOOP ( 'NONE', ( #3564, #1753, #3105 ) ) ;
#2281 = DIRECTION ( 'NONE',  ( 0.000000000000000000, 0.000000000000000000, -1.000000000000000000 ) ) ;
#2282 = CARTESIAN_POINT ( 'NONE',  ( 138.9947515898758468, 64.10327198647824787, 145.8775695658922871 ) ) ;
#2283 = FACE_OUTER_BOUND ( 'NONE', #2995, .T. ) ;
#2284 = CARTESIAN_POINT ( 'NONE',  ( 133.2535698364896461, 63.26248314547130747, 149.1832281205598463 ) ) ;
#2285 = ORIENTED_EDGE ( 'NONE', *, *, #752, .F. ) ;
#2286 = CARTESIAN_POINT ( 'NONE',  ( 112.6174661243200035, 34.05217172581639318, 107.2404624130904978 ) ) ;
#2287 = CARTESIAN_POINT ( 'NONE',  ( 140.0610447458401779, 76.65470979761705905, 174.6779565494661881 ) ) ;
#2288 = CARTESIAN_POINT ( 'NONE',  ( 126.7068398762347954, 64.58508168738804045, 141.6951847519680712 ) ) ;
#2289 = ORIENTED_EDGE ( 'NONE', *, *, #3655, .T. ) ;
#2290 = EDGE_CURVE ( 'NONE', #3128, #1876, #4565, .T. ) ;
#2291 = CARTESIAN_POINT ( 'NONE',  ( 19.72620678461562704, 144.9520759534667036, 67.83709794205195465 ) ) ;
#2292 = ORIENTED_EDGE ( 'NONE', *, *, #339, .T. ) ;
#2293 = CARTESIAN_POINT ( 'NONE',  ( 141.6701044590870993, 78.93302161445151910, 181.3033832804786698 ) ) ;
#2294 = CARTESIAN_POINT ( 'NONE',  ( 144.8145450115413553, 33.32446415204839951, 219.5350888508939136 ) ) ;
#2295 = CARTESIAN_POINT ( 'NONE',  ( 130.5589393435609509, 92.04135723445968154, 149.1175123888645828 ) ) ;
#2296 = ADVANCED_FACE ( 'NONE', ( #3668 ), #2540, .T. ) ;
#2297 = CARTESIAN_POINT ( 'NONE',  ( 148.0000000000000284, 100.8997173013990931, 144.9159810578379961 ) ) ;
#2298 = CARTESIAN_POINT ( 'NONE',  ( 33.83753304582668164, 140.9995195623349957, 69.19931965822179620 ) ) ;
#2299 = CARTESIAN_POINT ( 'NONE',  ( 141.4260441860066919, 104.4224158282328148, 145.2949876566098908 ) ) ;
#2300 = ORIENTED_EDGE ( 'NONE', *, *, #2362, .T. ) ;
#2301 = CARTESIAN_POINT ( 'NONE',  ( 24.66950314700747882, 15.37921765390725071, 67.29855788422969454 ) ) ;
#2302 = CARTESIAN_POINT ( 'NONE',  ( 128.8404695859289575, 50.77596955326475836, 142.3901507281658212 ) ) ;
#2303 = CARTESIAN_POINT ( 'NONE',  ( 142.7953755535010032, 54.89082238115577894, 152.6179390150579422 ) ) ;
#2304 = B_SPLINE_CURVE_WITH_KNOTS ( 'NONE', 3,
 ( #876, #1600, #3052, #3003, #1952, #836, #2981, #2330, #1260, #1576, #4186, #1996, #3441, #2621, #2354, #4098, #3798, #810, #900, #3728, #4481, #4141, #1976, #3070 ),
 .UNSPECIFIED., .F., .F.,
 ( 4, 2, 2, 2, 2, 2, 2, 2, 2, 2, 2, 4 ),
 ( 0.000000000000000000, 0.0005922210586088379235, 0.001184442117217675847, 0.002368884234435349526, 0.002961105293044143105, 0.003553326351652936685, 0.004737768468870522977, 0.005922210586088110136, 0.007106652703305697295, 0.009475536937740796153, 0.01421330540661097652, 0.01895107387548115863 ),
 .UNSPECIFIED. ) ;
#2305 = EDGE_CURVE ( 'NONE', #3888, #1340, #2947, .T. ) ;
#2306 = CARTESIAN_POINT ( 'NONE',  ( 127.0398675582177219, 58.02258055420409733, 138.3493865772664151 ) ) ;
#2307 = CARTESIAN_POINT ( 'NONE',  ( 146.9441203431383087, 85.79274980739303658, 147.9677055588757923 ) ) ;
#2308 = CARTESIAN_POINT ( 'NONE',  ( 127.9551634791516079, 63.90952639518622647, 143.9877926997336033 ) ) ;
#2309 = CARTESIAN_POINT ( 'NONE',  ( 112.2623700844943784, 33.55626863298768114, 103.8801847039056128 ) ) ;
#2310 = CARTESIAN_POINT ( 'NONE',  ( 146.8391263934976223, 86.04185664822486501, 146.5092920706409814 ) ) ;
#2311 = FACE_OUTER_BOUND ( 'NONE', #2792, .T. ) ;
#2312 = CARTESIAN_POINT ( 'NONE',  ( 105.9813222390591960, 35.10337082637185091, 110.6531608063725969 ) ) ;
#2313 = CARTESIAN_POINT ( 'NONE',  ( 22.32427399315187344, 143.6836696408867056, 68.05257532265682130 ) ) ;
#2314 = CARTESIAN_POINT ( 'NONE',  ( 140.6007719796909328, 79.98742943828456475, 176.7532146345172634 ) ) ;
#2315 = CARTESIAN_POINT ( 'NONE',  ( 144.7898372080346405, 33.41883446794083312, 220.0076255430875563 ) ) ;
#2316 = LINE ( 'NONE', #1961, #205 ) ;
#2317 = CARTESIAN_POINT ( 'NONE',  ( 146.9877706627232499, 102.9487931652965784, 146.3347319195291050 ) ) ;
#2318 = CARTESIAN_POINT ( 'NONE',  ( -2.728961064861275851E-14, 36.99999999999995737, 216.9467391801447036 ) ) ;
#2319 = CARTESIAN_POINT ( 'NONE',  ( 144.1507304015959789, 102.3573701944514625, 144.8846879762482445 ) ) ;
#2320 = ORIENTED_EDGE ( 'NONE', *, *, #1921, .F. ) ;
#2321 = CARTESIAN_POINT ( 'NONE',  ( 27.17464765956387751, 13.88965260177104000, 68.47281706995232753 ) ) ;
#2322 = CARTESIAN_POINT ( 'NONE',  ( 148.0249563832173578, 100.5262824691251211, 144.8846879762482445 ) ) ;
#2323 = DIRECTION ( 'NONE',  ( -1.000000000000000000, 0.000000000000000000, 5.492589328197047850E-15 ) ) ;
#2324 = CARTESIAN_POINT ( 'NONE',  ( 131.7164895578653443, 59.56396017574325441, 139.1951282333431834 ) ) ;
#2325 = CARTESIAN_POINT ( 'NONE',  ( 148.0000000000000284, 94.54888270868096356, 149.7487542277047226 ) ) ;
#2326 = CARTESIAN_POINT ( 'NONE',  ( 133.4656915637697523, 58.84288732174441350, 155.5262420677736372 ) ) ;
#2327 = CIRCLE ( 'NONE', #263, 2.000000000000007994 ) ;
#2328 = ADVANCED_FACE ( 'NONE', ( #1088 ), #1252, .T. ) ;
#2329 = DIRECTION ( 'NONE',  ( 0.000000000000000000, 0.000000000000000000, -1.000000000000000000 ) ) ;
#2330 = CARTESIAN_POINT ( 'NONE',  ( 147.8313253250855155, 108.7867734465362304, 161.4877058331719013 ) ) ;
#2331 = AXIS2_PLACEMENT_3D ( 'NONE', #3461, #2044, #1997 ) ;
#2332 = CARTESIAN_POINT ( 'NONE',  ( 24.13152503603097188, 15.61669041526288915, 69.18630675835980526 ) ) ;
#2333 = CARTESIAN_POINT ( 'NONE',  ( 125.4833670798516181, 35.99999999999997158, 139.5227157265334199 ) ) ;
#2334 = CARTESIAN_POINT ( 'NONE',  ( 24.08318915758460221, 15.99999999999995914, 67.19999999999998863 ) ) ;
#2335 = CARTESIAN_POINT ( 'NONE',  ( 141.8107763301798059, 77.62853877604081276, 181.9558901294244038 ) ) ;
#2336 = DIRECTION ( 'NONE',  ( 3.435314181507010923E-15, 1.000000000000000000, 6.099942453990628636E-15 ) ) ;
#2337 = CARTESIAN_POINT ( 'NONE',  ( 28.02453178063029782, 140.5303930191522852, 67.90755861509029501 ) ) ;
#2338 = CIRCLE ( 'NONE', #3179, 2.000000000000001776 ) ;
#2339 = VECTOR ( 'NONE', #2533, 1000.000000000000000 ) ;
#2340 = CARTESIAN_POINT ( 'NONE',  ( 148.0000000000000284, 88.56450062088202912, 144.8846879762482445 ) ) ;
#2341 = CARTESIAN_POINT ( 'NONE',  ( 24.13152503603098964, 139.3833095847369634, 69.18630675835980526 ) ) ;
#2342 = CARTESIAN_POINT ( 'NONE',  ( 136.4404801611900666, 53.21755357330830805, 136.5691817441763760 ) ) ;
#2343 = ORIENTED_EDGE ( 'NONE', *, *, #3946, .T. ) ;
#2344 = CARTESIAN_POINT ( 'NONE',  ( 24.97641253446551346, 15.17379475098734076, 69.18641723135782229 ) ) ;
#2345 = VECTOR ( 'NONE', #2198, 1000.000000000000000 ) ;
#2346 = ORIENTED_EDGE ( 'NONE', *, *, #4127, .T. ) ;
#2347 = MANIFOLD_SOLID_BREP ( 'Fillet4', #4245 ) ;
#2348 = CARTESIAN_POINT ( 'NONE',  ( 148.5581645850499513, 102.4394825126807262, 146.6494123786243051 ) ) ;
#2349 = CARTESIAN_POINT ( 'NONE',  ( 144.7184395553377669, 54.91230257304347617, 153.9540944080644920 ) ) ;
#2350 = CIRCLE ( 'NONE', #903, 2.000000000000001776 ) ;
#2351 = EDGE_CURVE ( 'NONE', #1536, #3836, #1164, .T. ) ;
#2352 = CARTESIAN_POINT ( 'NONE',  ( 148.0000000000000284, 80.71887680177680124, 161.6336935630965286 ) ) ;
#2353 = CARTESIAN_POINT ( 'NONE',  ( 132.3234402375969694, 55.83809382206507621, 152.8359077733660172 ) ) ;
#2354 = CARTESIAN_POINT ( 'NONE',  ( 147.6863015886940786, 107.0463239663123574, 159.1164330233228554 ) ) ;
#2355 = CARTESIAN_POINT ( 'NONE',  ( 23.91823580719018949, 15.99999999999995914, 69.18630136986297430 ) ) ;
#2356 = CARTESIAN_POINT ( 'NONE',  ( 26.07169593994019863, 140.1232872484974905, 67.54375730153948609 ) ) ;
#2357 = DIRECTION ( 'NONE',  ( 1.000000000000000000, 0.000000000000000000, 0.000000000000000000 ) ) ;
#2358 = CARTESIAN_POINT ( 'NONE',  ( 147.8961038961039378, 140.9999999999999716, 162.5739740423148589 ) ) ;
#2359 = DIRECTION ( 'NONE',  ( -0.000000000000000000, -1.000000000000000000, -0.000000000000000000 ) ) ;
#2360 = DIRECTION ( 'NONE',  ( -0.000000000000000000, -1.000000000000000000, -0.000000000000000000 ) ) ;
#2361 = B_SPLINE_CURVE_WITH_KNOTS ( 'NONE', 3,
 ( #3347, #852, #4433, #1168, #2234, #3024, #2642, #61, #7, #3650, #32, #3395, #2617, #1480, #86, #4094, #2212, #441, #1529, #1118, #3724, #392, #1905, #3373, #2999, #1505, #4477, #370 ),
 .UNSPECIFIED., .F., .F.,
 ( 4, 2, 2, 2, 2, 2, 2, 2, 2, 2, 2, 2, 2, 4 ),
 ( 0.01799983409630506390, 0.01912592953368999829, 0.02025202497107492922, 0.02250421584584479454, 0.02363031128322971852, 0.02475640672061464598, 0.02588250215799957343, 0.02700859759538450089, 0.02813469303276942834, 0.02926078847015435233, 0.03151297934492416214, 0.03263907478230904796, 0.03376517021969392685, 0.03601736109446367767 ),
 .UNSPECIFIED. ) ;
#2362 = EDGE_CURVE ( 'NONE', #1392, #4067, #2944, .T. ) ;
#2363 = CARTESIAN_POINT ( 'NONE',  ( 111.6776929544101336, 35.99999999999996447, 103.2775831319351312 ) ) ;
#2364 = CARTESIAN_POINT ( 'NONE',  ( 141.1670969138232294, 108.7886912163289281, 145.1105520643359910 ) ) ;
#2365 = CARTESIAN_POINT ( 'NONE',  ( 142.6067371985099612, 60.01088285699921698, 152.2554796055265740 ) ) ;
#2366 = ORIENTED_EDGE ( 'NONE', *, *, #4289, .T. ) ;
#2367 = CARTESIAN_POINT ( 'NONE',  ( 25.35542567781227419, 13.54999348518914282, 68.30826896446640717 ) ) ;
#2368 = FACE_OUTER_BOUND ( 'NONE', #3702, .T. ) ;
#2369 = CARTESIAN_POINT ( 'NONE',  ( 144.1601829291288084, 54.73206581925634850, 152.5711830963490172 ) ) ;
#2370 = CARTESIAN_POINT ( 'NONE',  ( 148.0000000000000284, 80.04884537581607162, 162.2039766363483295 ) ) ;
#2371 = CARTESIAN_POINT ( 'NONE',  ( 134.4603882350178310, 61.56817457083598555, 151.2591914314990618 ) ) ;
#2372 = ORIENTED_EDGE ( 'NONE', *, *, #4475, .T. ) ;
#2373 = CARTESIAN_POINT ( 'NONE',  ( 133.5394753715936531, 57.45639105815042313, 155.7003671029504517 ) ) ;
#2374 =( BOUNDED_CURVE ( )  B_SPLINE_CURVE ( 3, ( #665, #4311, #1719, #3176 ),
 .UNSPECIFIED., .F., .T. ) 
 B_SPLINE_CURVE_WITH_KNOTS ( ( 4, 4 ),
 ( 0.000000000000000000, 0.8861351558798280514 ),
 .UNSPECIFIED. ) 
 CURVE ( )  GEOMETRIC_REPRESENTATION_ITEM ( )  RATIONAL_B_SPLINE_CURVE ( ( 1.000000000000000000, 0.9356272039290507436, 0.9356272039290507436, 1.000000000000000000 ) ) 
 REPRESENTATION_ITEM ( '' )  );
#2375 = CARTESIAN_POINT ( 'NONE',  ( 33.17541408910906142, 14.00938238743687947, 69.19740758754824128 ) ) ;
#2376 = CARTESIAN_POINT ( 'NONE',  ( 25.50165084017949724, 140.0030385152826966, 69.18656095795651595 ) ) ;
#2377 = CARTESIAN_POINT ( 'NONE',  ( 144.6176997584274488, 37.48703421366882793, 222.7225077065314167 ) ) ;
#2378 = CARTESIAN_POINT ( 'NONE',  ( 148.0000000000000000, 82.25793520945246939, 160.6514072691783497 ) ) ;
#2379 = CARTESIAN_POINT ( 'NONE',  ( 131.9438615567253805, 98.24967479453746932, 152.0677913008216819 ) ) ;
#2380 = CARTESIAN_POINT ( 'NONE',  ( 142.0163201586252342, 52.29282389002810305, 151.1412505764601235 ) ) ;
#2381 = EDGE_CURVE ( 'NONE', #3470, #4067, #3252, .T. ) ;
#2382 = CARTESIAN_POINT ( 'NONE',  ( 141.0155207825393973, 104.9288326367251898, 145.4471559278446762 ) ) ;
#2383 = CARTESIAN_POINT ( 'NONE',  ( 139.8118454159933606, 48.10360384053729632, 142.9992541007211742 ) ) ;
#2384 = ORIENTED_EDGE ( 'NONE', *, *, #1571, .F. ) ;
#2385 = CARTESIAN_POINT ( 'NONE',  ( 28.16851027285966680, 14.44669151784164107, 67.93547834774770422 ) ) ;
#2386 = LINE ( 'NONE', #4292, #1656 ) ;
#2387 = CARTESIAN_POINT ( 'NONE',  ( 142.2943265424960373, 52.95611364530277854, 151.6619578249049596 ) ) ;
#2388 = PLANE ( 'NONE',  #3722 ) ;
#2389 = CARTESIAN_POINT ( 'NONE',  ( 148.0000000000000000, 86.64713927492950063, 146.2847428286257241 ) ) ;
#2390 = CARTESIAN_POINT ( 'NONE',  ( 137.6066982677515966, 63.69815004699165684, 138.7121697978238615 ) ) ;
#2391 = CARTESIAN_POINT ( 'NONE',  ( 131.8886522332722393, 60.72623625675039705, 151.9091173675220716 ) ) ;
#2392 = ORIENTED_EDGE ( 'NONE', *, *, #1688, .T. ) ;
#2393 = CARTESIAN_POINT ( 'NONE',  ( 133.2451785312952950, 53.46986836309900326, 155.0093911416787762 ) ) ;
#2394 = CARTESIAN_POINT ( 'NONE',  ( 27.90700743885373925, 14.46858297322992115, 69.18802819858554187 ) ) ;
#2395 = CIRCLE ( 'NONE', #340, 2.000000000000001776 ) ;
#2396 = CARTESIAN_POINT ( 'NONE',  ( 28.04918713235274552, 141.0547128356616611, 68.55616224620362686 ) ) ;
#2397 = CARTESIAN_POINT ( 'NONE',  ( 144.6296082614022964, 38.19206857371187169, 222.5578518183516792 ) ) ;
#2398 = CARTESIAN_POINT ( 'NONE',  ( 148.0000000000000568, 84.83232040372686811, 156.3158360912813691 ) ) ;
#2399 = CARTESIAN_POINT ( 'NONE',  ( 132.3552694294486116, 98.07994705153362247, 152.9788852504589727 ) ) ;
#2400 = CARTESIAN_POINT ( 'NONE',  ( 142.8637354108802242, 55.37899535241384541, 152.7505512799172607 ) ) ;
#2401 = CIRCLE ( 'NONE', #1196, 154.0000000000000000 ) ;
#2402 = CARTESIAN_POINT ( 'NONE',  ( 114.4868875206917380, 31.99999999999995737, 106.2341914303274422 ) ) ;
#2403 = ADVANCED_FACE ( 'NONE', ( #2368 ), #2011, .T. ) ;
#2404 = CARTESIAN_POINT ( 'NONE',  ( 140.8940217732159113, 110.4383032693405369, 145.1532055793865936 ) ) ;
#2405 = CARTESIAN_POINT ( 'NONE',  ( 143.8164775313104258, 50.85077893471547839, 151.7609921893136686 ) ) ;
#2406 = ORIENTED_EDGE ( 'NONE', *, *, #1808, .F. ) ;
#2407 = CARTESIAN_POINT ( 'NONE',  ( 131.3183788878187670, 59.77980157414334172, 135.1241372900097133 ) ) ;
#2408 = ORIENTED_EDGE ( 'NONE', *, *, #2837, .T. ) ;
#2409 = CIRCLE ( 'NONE', #276, 2.000000000000013767 ) ;
#2410 = CARTESIAN_POINT ( 'NONE',  ( 128.7754398833472180, 62.16829108801373849, 140.9249044351860789 ) ) ;
#2411 = CARTESIAN_POINT ( 'NONE',  ( 132.9992486172355939, 50.52832033077717000, 148.7593815614083326 ) ) ;
#2412 = CARTESIAN_POINT ( 'NONE',  ( 13.94922675352009378, 11.53946049883498048, 67.35814973422969842 ) ) ;
#2413 = AXIS2_PLACEMENT_3D ( 'NONE', #2458, #3857, #2842 ) ;
#2414 = CARTESIAN_POINT ( 'NONE',  ( 125.0030594626235541, 32.20764942838781053, 138.7201228305733878 ) ) ;
#2415 = DIRECTION ( 'NONE',  ( 1.000000000000000000, 0.000000000000000000, 0.000000000000000000 ) ) ;
#2416 = CARTESIAN_POINT ( 'NONE',  ( 147.7074879737530182, 81.85480255896760582, 159.4578664366454746 ) ) ;
#2417 = ORIENTED_EDGE ( 'NONE', *, *, #3713, .F. ) ;
#2418 = CARTESIAN_POINT ( 'NONE',  ( 126.4900819620016250, 54.19270115843926305, 138.7638287665344592 ) ) ;
#2419 = CARTESIAN_POINT ( 'NONE',  ( 142.9448065615377743, 56.34357578484956974, 152.9080338781733701 ) ) ;
#2420 = AXIS2_PLACEMENT_3D ( 'NONE', #4407, #4382, #3999 ) ;
#2421 = CARTESIAN_POINT ( 'NONE',  ( 24.53508920402638083, 141.8383940781612296, 68.23743083318731806 ) ) ;
#2422 = CARTESIAN_POINT ( 'NONE',  ( 144.6159268291912667, 37.24163513543209802, 222.7467391801448002 ) ) ;
#2423 = CARTESIAN_POINT ( 'NONE',  ( 142.1490255070356739, 108.6605216589238978, 147.1745202260551082 ) ) ;
#2424 = CARTESIAN_POINT ( 'NONE',  ( 144.9658512634342458, 36.99999999999995737, 215.3467391801447093 ) ) ;
#2425 = CARTESIAN_POINT ( 'NONE',  ( 134.4108439325965207, 55.09020517243510540, 138.9661983732032411 ) ) ;
#2426 = EDGE_CURVE ( 'NONE', #256, #2897, #4134, .T. ) ;
#2427 = DIRECTION ( 'NONE',  ( 0.000000000000000000, 1.000000000000000000, -2.775557561562888827E-14 ) ) ;
#2428 = CARTESIAN_POINT ( 'NONE',  ( 141.8892974801805735, 111.0984398813361480, 147.3658282224021434 ) ) ;
#2429 = CARTESIAN_POINT ( 'NONE',  ( 141.1779751886334964, 47.93634847193666104, 145.8307454775774090 ) ) ;
#2430 = EDGE_LOOP ( 'NONE', ( #1037, #2408, #68, #307 ) ) ;
#2431 = CARTESIAN_POINT ( 'NONE',  ( 104.6086619536115734, 138.9999999999999432, 108.9235368330469242 ) ) ;
#2432 = ADVANCED_FACE ( 'NONE', ( #511 ), #2996, .T. ) ;
#2433 = CARTESIAN_POINT ( 'NONE',  ( 126.7174846572337827, 34.77168249168040148, 138.0712089635477753 ) ) ;
#2434 = ORIENTED_EDGE ( 'NONE', *, *, #448, .F. ) ;
#2435 = DIRECTION ( 'NONE',  ( 0.000000000000000000, 0.000000000000000000, 1.000000000000000000 ) ) ;
#2436 = CARTESIAN_POINT ( 'NONE',  ( 12.90755606980008707, 12.82605770490214603, 67.27179131190965222 ) ) ;
#2437 = CARTESIAN_POINT ( 'NONE',  ( 126.3296258733424793, 35.47795745484783936, 141.0253686714153787 ) ) ;
#2438 = LINE ( 'NONE', #1063, #3023 ) ;
#2439 = CARTESIAN_POINT ( 'NONE',  ( 138.9092590826928983, 62.50300240553281128, 141.1941575566747531 ) ) ;
#2440 = ORIENTED_EDGE ( 'NONE', *, *, #1227, .F. ) ;
#2441 = EDGE_CURVE ( 'NONE', #1747, #2636, #127, .T. ) ;
#2442 = FACE_OUTER_BOUND ( 'NONE', #4438, .T. ) ;
#2443 = FACE_OUTER_BOUND ( 'NONE', #3584, .T. ) ;
#2444 = CARTESIAN_POINT ( 'NONE',  ( 126.2794108369614321, 34.96098059271707825, 140.9363136585084533 ) ) ;
#2445 = CARTESIAN_POINT ( 'NONE',  ( 144.8805912329710281, 40.58197268798576118, 218.0882416653936389 ) ) ;
#2446 = CARTESIAN_POINT ( 'NONE',  ( 148.0000000000000284, 87.88122841239709260, 146.7270460531950675 ) ) ;
#2447 = CARTESIAN_POINT ( 'NONE',  ( 126.6787771124695041, 140.9999999999999716, 141.1261832367976012 ) ) ;
#2448 = CARTESIAN_POINT ( 'NONE',  ( 142.2460612226097680, 52.82839819908809176, 151.5710369873721959 ) ) ;
#2449 = CARTESIAN_POINT ( 'NONE',  ( 23.94131767659089505, 139.1238720714680142, 69.18630157699115557 ) ) ;
#2450 = CARTESIAN_POINT ( 'NONE',  ( 142.4792875657767297, 105.9785396678093150, 144.9038051562199314 ) ) ;
#2451 = CARTESIAN_POINT ( 'NONE',  ( 141.0440391304210266, 47.91417048136921863, 145.5465846789483066 ) ) ;
#2452 = EDGE_LOOP ( 'NONE', ( #1367, #3616, #912, #2183 ) ) ;
#2453 = DIRECTION ( 'NONE',  ( -0.000000000000000000, -1.000000000000000000, 0.000000000000000000 ) ) ;
#2454 = DIRECTION ( 'NONE',  ( 0.000000000000000000, 0.000000000000000000, 1.000000000000000000 ) ) ;
#2455 = ORIENTED_EDGE ( 'NONE', *, *, #4264, .T. ) ;
#2456 = DIRECTION ( 'NONE',  ( -0.000000000000000000, -1.000000000000000000, -0.000000000000000000 ) ) ;
#2457 = CARTESIAN_POINT ( 'NONE',  ( 12.04159457879230821, 15.99999999999995914, 67.19999999999997442 ) ) ;
#2458 = CARTESIAN_POINT ( 'NONE',  ( 145.2963414862280445, 138.9999999999999432, 234.5153120237517612 ) ) ;
#2459 = CARTESIAN_POINT ( 'NONE',  ( 105.4881694840554616, 34.03410423159957077, 112.7131574471305839 ) ) ;
#2460 = CARTESIAN_POINT ( 'NONE',  ( 139.4853613475405325, 63.27377587155420002, 142.3397014453574343 ) ) ;
#2461 = ORIENTED_EDGE ( 'NONE', *, *, #2685, .T. ) ;
#2462 = CARTESIAN_POINT ( 'NONE',  ( 126.8307786437046474, 54.98593402565187205, 138.5070030519314912 ) ) ;
#2463 = CARTESIAN_POINT ( 'NONE',  ( 142.9418627040324736, 57.57143249989674416, 152.9023846315685660 ) ) ;
#2464 = CARTESIAN_POINT ( 'NONE',  ( 125.6721680422755441, 32.98209604875280831, 139.8706150374196113 ) ) ;
#2465 = EDGE_CURVE ( 'NONE', #1796, #4469, #4133, .T. ) ;
#2466 = FACE_OUTER_BOUND ( 'NONE', #603, .T. ) ;
#2467 = SPHERICAL_SURFACE ( 'NONE', #355, 2.000000000000000000 ) ;
#2468 = CARTESIAN_POINT ( 'NONE',  ( 132.3186713595257800, 34.67648935016673306, 133.7503380460016729 ) ) ;
#2469 = DIRECTION ( 'NONE',  ( 0.7158826471436543493, 0.000000000000000000, -0.6982206209491339521 ) ) ;
#2470 = AXIS2_PLACEMENT_3D ( 'NONE', #319, #344, #4379 ) ;
#2471 = CARTESIAN_POINT ( 'NONE',  ( 24.08480821111334436, 139.0334335013003511, 67.20026890982596512 ) ) ;
#2472 = CARTESIAN_POINT ( 'NONE',  ( 126.5711503430377007, 56.93942496132468278, 138.7027173850522672 ) ) ;
#2473 = CARTESIAN_POINT ( 'NONE',  ( 132.5181913070670134, 35.99999999999996447, 134.2196885572800795 ) ) ;
#2474 = CARTESIAN_POINT ( 'NONE',  ( 142.2164764353721296, 48.41967972368554740, 148.0843547229964940 ) ) ;
#2475 = ORIENTED_EDGE ( 'NONE', *, *, #515, .T. ) ;
#2476 = CARTESIAN_POINT ( 'NONE',  ( 142.0187520853925776, 79.76837579914746357, 147.2666346757125382 ) ) ;
#2477 = CIRCLE ( 'NONE', #1115, 145.0000000000000000 ) ;
#2478 = B_SPLINE_CURVE_WITH_KNOTS ( 'NONE', 3,
 ( #1043, #4354, #2112, #1735, #3996, #1017, #2160, #2850, #272, #1094, #3298, #1782 ),
 .UNSPECIFIED., .F., .F.,
 ( 4, 2, 2, 2, 2, 4 ),
 ( -8.817462679703214060E-06, 0.0003687103511243574661, 0.0007462381649284181243, 0.001501293792536605685, 0.002256349420144793463, 0.003011405047752981241 ),
 .UNSPECIFIED. ) ;
#2479 = EDGE_LOOP ( 'NONE', ( #1888, #1020, #4091, #787 ) ) ;
#2480 = CARTESIAN_POINT ( 'NONE',  ( 148.0000000000000284, 110.6203169456980504, 162.8836065045527732 ) ) ;
#2481 = EDGE_LOOP ( 'NONE', ( #1328, #2992, #506, #2384 ) ) ;
#2482 = CARTESIAN_POINT ( 'NONE',  ( 133.1783204276483445, 50.67180115123736783, 149.0573854567226704 ) ) ;
#2483 = CARTESIAN_POINT ( 'NONE',  ( 133.5257130064668445, 56.09874716583479426, 155.6678029283463616 ) ) ;
#2484 = CARTESIAN_POINT ( 'NONE',  ( 24.08318915758460221, 15.99999999999995914, 67.19999999999998863 ) ) ;
#2485 = LINE ( 'NONE', #3523, #4043 ) ;
#2486 = CIRCLE ( 'NONE', #3262, 2.000000000000008438 ) ;
#2487 = EDGE_CURVE ( 'NONE', #1743, #1766, #428, .T. ) ;
#2488 = VECTOR ( 'NONE', #1892, 1000.000000000000000 ) ;
#2489 = DIRECTION ( 'NONE',  ( 0.000000000000000000, 0.1611319773100461650, -0.9869328679743900601 ) ) ;
#2490 = CARTESIAN_POINT ( 'NONE',  ( 139.0073488505052808, 65.39796910905208449, 141.3971530152118135 ) ) ;
#2491 = ORIENTED_EDGE ( 'NONE', *, *, #1399, .F. ) ;
#2492 = CARTESIAN_POINT ( 'NONE',  ( 126.9028378260058361, 56.83279230989124642, 138.4526830306555212 ) ) ;
#2493 = VECTOR ( 'NONE', #3627, 1000.000000000000000 ) ;
#2494 = EDGE_CURVE ( 'NONE', #1086, #1804, #2567, .T. ) ;
#2495 = FACE_OUTER_BOUND ( 'NONE', #305, .T. ) ;
#2496 = CARTESIAN_POINT ( 'NONE',  ( 126.6115299456820651, 34.49104802453748420, 137.8196108825211184 ) ) ;
#2497 = CARTESIAN_POINT ( 'NONE',  ( 144.7392777688899059, 101.9415159332980636, 144.8846879762482445 ) ) ;
#2498 = LINE ( 'NONE', #4720, #4339 ) ;
#2499 = CARTESIAN_POINT ( 'NONE',  ( 140.7114163378395517, 73.14074063379055701, 177.1950078626051663 ) ) ;
#2500 = FACE_OUTER_BOUND ( 'NONE', #1852, .T. ) ;
#2501 = AXIS2_PLACEMENT_3D ( 'NONE', #4616, #992, #1329 ) ;
#2502 = FACE_OUTER_BOUND ( 'NONE', #779, .T. ) ;
#2503 = CARTESIAN_POINT ( 'NONE',  ( 142.5936933213028510, 83.27692030474263163, 144.8901507659506649 ) ) ;
#2504 = CARTESIAN_POINT ( 'NONE',  ( 0.000000000000000000, 15.99999999999995914, 69.19999999999998863 ) ) ;
#2505 = CARTESIAN_POINT ( 'NONE',  ( 133.7220974501450996, 138.9999999999999432, 133.8167514861150380 ) ) ;
#2506 = DIRECTION ( 'NONE',  ( 0.7985314644174801302, -0.000000000000000000, -0.6019530715390316589 ) ) ;
#2507 = ADVANCED_FACE ( 'NONE', ( #1301, #986, #2816, #4680 ), #3207, .F. ) ;
#2508 = CARTESIAN_POINT ( 'NONE',  ( 148.0000000000000000, 109.4105278502623833, 162.4426012532316292 ) ) ;
#2509 = ORIENTED_EDGE ( 'NONE', *, *, #2465, .T. ) ;
#2510 = CARTESIAN_POINT ( 'NONE',  ( 147.2975458971454259, 86.55740436999296605, 144.8846879762282356 ) ) ;
#2511 = CARTESIAN_POINT ( 'NONE',  ( 133.2617979775614003, 50.74508769902459449, 149.1970312970977943 ) ) ;
#2512 = ORIENTED_EDGE ( 'NONE', *, *, #2290, .T. ) ;
#2513 = CARTESIAN_POINT ( 'NONE',  ( 23.91823590655443965, 15.99317919819021760, 69.18630138648110517 ) ) ;
#2514 = CARTESIAN_POINT ( 'NONE',  ( 138.2174603139308147, 53.04747911692553686, 139.8385774830955768 ) ) ;
#2515 = CARTESIAN_POINT ( 'NONE',  ( 107.2977647302154054, 33.99999999999995737, 111.7404588387350941 ) ) ;
#2516 = CARTESIAN_POINT ( 'NONE',  ( 148.0000000000000568, 104.6540356675725718, 157.1414438686064727 ) ) ;
#2517 = EDGE_LOOP ( 'NONE', ( #3063, #3667, #3761, #3433, #138 ) ) ;
#2518 = CARTESIAN_POINT ( 'NONE',  ( 126.6568901859669438, 57.07016191027134511, 138.6380845382517180 ) ) ;
#2519 = CARTESIAN_POINT ( 'NONE',  ( 133.7220974501450996, 35.99999999999996447, 135.8167514861150380 ) ) ;
#2520 = CARTESIAN_POINT ( 'NONE',  ( 126.4814843871173196, 34.26264564336118212, 137.5173163271402359 ) ) ;
#2521 = CARTESIAN_POINT ( 'NONE',  ( 1.009719629430382282E-25, 138.9999999999999432, 212.1999999999999602 ) ) ;
#2522 = DIRECTION ( 'NONE',  ( -0.000000000000000000, -1.000000000000000000, -0.000000000000000000 ) ) ;
#2523 = CARTESIAN_POINT ( 'NONE',  ( 141.1127711506100013, 72.97717995726071649, 178.8496848988545196 ) ) ;
#2524 = FACE_OUTER_BOUND ( 'NONE', #22, .T. ) ;
#2525 = CARTESIAN_POINT ( 'NONE',  ( 12.90755606980436099, 142.1739422951027336, 67.27179131190996486 ) ) ;
#2526 = CARTESIAN_POINT ( 'NONE',  ( 139.9361430136899855, 82.51356373171678626, 145.9289197078418283 ) ) ;
#2527 = CARTESIAN_POINT ( 'NONE',  ( 145.2963414862280445, 15.99999999999995914, 234.5153120237517612 ) ) ;
#2528 = CARTESIAN_POINT ( 'NONE',  ( 111.5339566285376094, 35.34845794303615207, 106.3385433947388634 ) ) ;
#2529 = CARTESIAN_POINT ( 'NONE',  ( 134.6533772221745267, 32.80671113693293250, 133.4312438888696875 ) ) ;
#2530 = EDGE_CURVE ( 'NONE', #1445, #199, #4224, .T. ) ;
#2531 = CARTESIAN_POINT ( 'NONE',  ( 148.0000000000000284, 109.0489200415426296, 162.2039766363419346 ) ) ;
#2532 = ORIENTED_EDGE ( 'NONE', *, *, #2305, .F. ) ;
#2533 = DIRECTION ( 'NONE',  ( 1.000000000000000000, -0.000000000000000000, 2.218880795315036613E-16 ) ) ;
#2534 = CARTESIAN_POINT ( 'NONE',  ( 129.4557685434329244, 50.36535097652663495, 143.2730750732604577 ) ) ;
#2535 = ORIENTED_EDGE ( 'NONE', *, *, #4593, .F. ) ;
#2536 = CARTESIAN_POINT ( 'NONE',  ( 23.97389190751386323, 15.80829850594533958, 69.18630209769202111 ) ) ;
#2537 = CARTESIAN_POINT ( 'NONE',  ( 134.6110695595237985, 54.30915784986447647, 139.2464587559309166 ) ) ;
#2538 = EDGE_LOOP ( 'NONE', ( #3765, #1028, #2153, #4497 ) ) ;
#2539 = CARTESIAN_POINT ( 'NONE',  ( 104.6391866985890573, 34.89350512882283084, 111.8105679118458369 ) ) ;
#2540 = SPHERICAL_SURFACE ( 'NONE', #4035, 2.000000000000000000 ) ;
#2541 = EDGE_LOOP ( 'NONE', ( #335, #3108, #2254, #1080 ) ) ;
#2542 = ADVANCED_FACE ( 'NONE', ( #1701 ), #2840, .T. ) ;
#2543 = CARTESIAN_POINT ( 'NONE',  ( 132.3990348037019089, 55.95462048046798742, 138.7936897492722608 ) ) ;
#2544 = CARTESIAN_POINT ( 'NONE',  ( 141.6927019681840534, 64.06697872039640629, 146.9341803061502389 ) ) ;
#2545 = CARTESIAN_POINT ( 'NONE',  ( 124.6163224772157463, 33.99483413281167543, 138.0646567357252934 ) ) ;
#2546 = CARTESIAN_POINT ( 'NONE',  ( 0.000000000000000000, 140.9999999999999716, 212.1999999999999602 ) ) ;
#2547 = DIRECTION ( 'NONE',  ( 0.000000000000000000, 0.000000000000000000, -1.000000000000000000 ) ) ;
#2548 = CARTESIAN_POINT ( 'NONE',  ( 134.4352556661207814, 32.52625034363413903, 133.0595482306725614 ) ) ;
#2549 = CYLINDRICAL_SURFACE ( 'NONE', #4202, 3.700000000000009059 ) ;
#2550 = CARTESIAN_POINT ( 'NONE',  ( 23.93383823066010407, 139.1016094641138352, 69.18630150107031795 ) ) ;
#2551 = CARTESIAN_POINT ( 'NONE',  ( 142.5360980554501680, 81.70180354574625881, 146.9352343528274787 ) ) ;
#2552 = CARTESIAN_POINT ( 'NONE',  ( 132.0589790489858899, 34.19906768950472298, 133.1626733174267088 ) ) ;
#2553 = CARTESIAN_POINT ( 'NONE',  ( 112.8190371427225216, 33.99999999999995737, 107.4153962588919455 ) ) ;
#2554 = CARTESIAN_POINT ( 'NONE',  ( 135.2494604270340801, 34.21187783035199459, 134.4594433333818699 ) ) ;
#2555 = EDGE_CURVE ( 'NONE', #479, #4712, #3341, .T. ) ;
#2556 = CARTESIAN_POINT ( 'NONE',  ( 148.0000000000000568, 105.2821710750183257, 156.7444800828363896 ) ) ;
#2557 = AXIS2_PLACEMENT_3D ( 'NONE', #4404, #1481, #2923 ) ;
#2558 = CARTESIAN_POINT ( 'NONE',  ( 133.7220974501450996, 138.9999999999999432, 135.8167514861150380 ) ) ;
#2559 = CARTESIAN_POINT ( 'NONE',  ( 130.4628554532331464, 50.50613113028495604, 148.9135976310224123 ) ) ;
#2560 = ORIENTED_EDGE ( 'NONE', *, *, #4184, .T. ) ;
#2561 = CARTESIAN_POINT ( 'NONE',  ( 24.14872829648886565, 15.79130190406304024, 67.21090018931917598 ) ) ;
#2562 = CARTESIAN_POINT ( 'NONE',  ( 138.7965555769364414, 51.68967201945647361, 140.9718726741418209 ) ) ;
#2563 = EDGE_LOOP ( 'NONE', ( #3206, #2614, #1013, #3042 ) ) ;
#2564 = AXIS2_PLACEMENT_3D ( 'NONE', #518, #1975, #2329 ) ;
#2565 = CARTESIAN_POINT ( 'NONE',  ( 105.6104196086033369, 35.99999999999996447, 113.1775819821858278 ) ) ;
#2566 = ORIENTED_EDGE ( 'NONE', *, *, #4207, .F. ) ;
#2567 = CIRCLE ( 'NONE', #2097, 2.099999999999990763 ) ;
#2568 = CARTESIAN_POINT ( 'NONE',  ( 132.5222850308968532, 56.99999999999999289, 138.7212002188447286 ) ) ;
#2569 = CIRCLE ( 'NONE', #1127, 3.700000000000009059 ) ;
#2570 = CARTESIAN_POINT ( 'NONE',  ( 141.2106440781979586, 66.05694457266903896, 145.9002718140507966 ) ) ;
#2571 = CARTESIAN_POINT ( 'NONE',  ( 105.8125680966896596, 35.99999999999996447, 110.5205997618818543 ) ) ;
#2572 = CARTESIAN_POINT ( 'NONE',  ( 57.54128952326322377, 15.99999999999995914, 67.19999999999998863 ) ) ;
#2573 = CARTESIAN_POINT ( 'NONE',  ( 148.0000000000000284, 76.65470979761705905, 176.2779565494662108 ) ) ;
#2574 = CARTESIAN_POINT ( 'NONE',  ( 131.9588202368877603, 34.10182171396641593, 132.9425759106881912 ) ) ;
#2575 = CYLINDRICAL_SURFACE ( 'NONE', #1280, 3.700000000000009059 ) ;
#2576 = AXIS2_PLACEMENT_3D ( 'NONE', #3941, #4051, #1812 ) ;
#2577 = ORIENTED_EDGE ( 'NONE', *, *, #2141, .F. ) ;
#2578 = CARTESIAN_POINT ( 'NONE',  ( 23.98953951193638900, 139.2168771798549471, 69.18630240213968818 ) ) ;
#2579 = CARTESIAN_POINT ( 'NONE',  ( 142.1391375059627364, 80.39398177966829451, 147.1813121278350707 ) ) ;
#2580 = CARTESIAN_POINT ( 'NONE',  ( 132.4353485326703321, 35.10420194892942192, 134.0228769982320500 ) ) ;
#2581 = DIRECTION ( 'NONE',  ( 0.000000000000000000, 0.000000000000000000, -1.000000000000000000 ) ) ;
#2582 = DIRECTION ( 'NONE',  ( 1.000000000000000000, 0.000000000000000000, -0.000000000000000000 ) ) ;
#2583 = AXIS2_PLACEMENT_3D ( 'NONE', #4053, #67, #1122 ) ;
#2584 = CARTESIAN_POINT ( 'NONE',  ( 148.0000000000000284, 107.9189662985210845, 161.1560738113635125 ) ) ;
#2585 = DIRECTION ( 'NONE',  ( 0.000000000000000000, -0.1602969107366563062, 0.9870688427907572393 ) ) ;
#2586 = CARTESIAN_POINT ( 'NONE',  ( 128.9304430014197180, 47.93402298820525687, 145.8513703425261383 ) ) ;
#2587 = ORIENTED_EDGE ( 'NONE', *, *, #2246, .T. ) ;
#2588 = CARTESIAN_POINT ( 'NONE',  ( 24.12924621015705640, 15.62716616212900611, 69.18630714071339582 ) ) ;
#2589 = CARTESIAN_POINT ( 'NONE',  ( 136.1626053142384478, 51.36436250671744119, 141.4788406277972115 ) ) ;
#2590 = EDGE_CURVE ( 'NONE', #727, #2927, #1727, .T. ) ;
#2591 = DIRECTION ( 'NONE',  ( -0.6019530715390324360, 0.000000000000000000, -0.7985314644174796861 ) ) ;
#2592 = ORIENTED_EDGE ( 'NONE', *, *, #691, .T. ) ;
#2593 = CARTESIAN_POINT ( 'NONE',  ( 148.0000000000000284, 36.99999999999995737, 221.1467391801447206 ) ) ;
#2594 = CARTESIAN_POINT ( 'NONE',  ( 142.3723369157348770, 65.43410992482647259, 148.4331922364733600 ) ) ;
#2595 = EDGE_CURVE ( 'NONE', #703, #93, #2386, .T. ) ;
#2596 = CARTESIAN_POINT ( 'NONE',  ( 103.8703227812829084, 33.36045242104022179, 111.0269327692311947 ) ) ;
#2597 = CARTESIAN_POINT ( 'NONE',  ( 127.2970448657036684, 65.17922227105601962, 142.7691760488953605 ) ) ;
#2598 = ORIENTED_EDGE ( 'NONE', *, *, #1688, .F. ) ;
#2599 = CARTESIAN_POINT ( 'NONE',  ( 111.8243597151987672, 34.70648052075068080, 103.4281140042649412 ) ) ;
#2600 = CARTESIAN_POINT ( 'NONE',  ( 143.6666257106377600, 63.53409588565539678, 151.4039872159237916 ) ) ;
#2601 = DIRECTION ( 'NONE',  ( 0.4907056874467444207, -1.209206881862426158E-14, 0.8713253860111147553 ) ) ;
#2602 = ORIENTED_EDGE ( 'NONE', *, *, #4593, .T. ) ;
#2603 = CARTESIAN_POINT ( 'NONE',  ( 24.23316056917978401, 139.3153812960650839, 67.22498596474299859 ) ) ;
#2604 = CARTESIAN_POINT ( 'NONE',  ( 133.7220974501450712, 138.9999999999999432, 135.8167514861150380 ) ) ;
#2605 = CARTESIAN_POINT ( 'NONE',  ( 141.2228999844232362, 80.24095208537130475, 179.3191478824325316 ) ) ;
#2606 = DIRECTION ( 'NONE',  ( -0.7166668416630911365, 0.4410530576790734902, 0.5402414630261084261 ) ) ;
#2607 = CARTESIAN_POINT ( 'NONE',  ( 141.2669285119156939, 81.24223868139401361, 146.0209590886143758 ) ) ;
#2608 = CARTESIAN_POINT ( 'NONE',  ( 147.5116469399630716, 102.3852026080592736, 145.6822246392291618 ) ) ;
#2609 = DIRECTION ( 'NONE',  ( 1.000000000000000000, 0.000000000000000000, 0.000000000000000000 ) ) ;
#2610 = CARTESIAN_POINT ( 'NONE',  ( 134.0637621368669272, 51.70590782489320247, 150.5642980643595479 ) ) ;
#2611 = ORIENTED_EDGE ( 'NONE', *, *, #454, .T. ) ;
#2612 = CARTESIAN_POINT ( 'NONE',  ( 23.94131767659093413, 15.87612792853187749, 69.18630157699115557 ) ) ;
#2613 = CARTESIAN_POINT ( 'NONE',  ( 137.7879333518431508, 54.93111271811602592, 138.9938653276505818 ) ) ;
#2614 = ORIENTED_EDGE ( 'NONE', *, *, #929, .T. ) ;
#2615 = CARTESIAN_POINT ( 'NONE',  ( 147.8690449898344923, 79.55741958467152131, 162.1178689200737892 ) ) ;
#2616 = CARTESIAN_POINT ( 'NONE',  ( 144.3038261118521461, 61.57436527328595588, 152.9341733845776616 ) ) ;
#2617 = CARTESIAN_POINT ( 'NONE',  ( 133.5179895331600051, 63.00196299597838845, 149.6286115510668253 ) ) ;
#2618 = CARTESIAN_POINT ( 'NONE',  ( 132.1407827496319953, 63.93849383179031776, 147.3611596461587965 ) ) ;
#2619 = CARTESIAN_POINT ( 'NONE',  ( 112.2454363855480466, 34.26277070939966762, 106.9240625374399656 ) ) ;
#2620 = CARTESIAN_POINT ( 'NONE',  ( 143.0579441610246363, 64.65102667030173222, 149.9847103974230151 ) ) ;
#2621 = CARTESIAN_POINT ( 'NONE',  ( 147.7075464937246920, 107.2435237311463823, 159.4588115605633618 ) ) ;
#2622 = EDGE_CURVE ( 'NONE', #1900, #1918, #3132, .T. ) ;
#2623 = VERTEX_POINT ( 'NONE', #1322 ) ;
#2624 = CARTESIAN_POINT ( 'NONE',  ( 24.22145903741475692, 139.3029356357941708, 67.22303085234696596 ) ) ;
#2625 = VERTEX_POINT ( 'NONE', #287 ) ;
#2626 = CARTESIAN_POINT ( 'NONE',  ( 132.5222850308968532, 57.00000000000000000, 138.7212002188447286 ) ) ;
#2627 = CARTESIAN_POINT ( 'NONE',  ( 144.7514244526640255, 33.67596319321929599, 220.6897141719543924 ) ) ;
#2628 = CARTESIAN_POINT ( 'NONE',  ( 133.9290359562424726, 32.12531665310302031, 132.2057501450413497 ) ) ;
#2629 = EDGE_CURVE ( 'NONE', #1242, #2671, #4427, .T. ) ;
#2630 = FACE_OUTER_BOUND ( 'NONE', #3261, .T. ) ;
#2631 = CARTESIAN_POINT ( 'NONE',  ( 141.0000000000000000, 104.9523290404547140, 145.4542136161390147 ) ) ;
#2632 = CARTESIAN_POINT ( 'NONE',  ( 136.8510913960706148, 51.88115515168193070, 137.3137035846961282 ) ) ;
#2633 = EDGE_LOOP ( 'NONE', ( #2209, #2052, #3254, #4162, #2251, #3387 ) ) ;
#2634 = CARTESIAN_POINT ( 'NONE',  ( 24.29270788439720974, 15.62716616213352694, 67.23494848266811630 ) ) ;
#2635 = CARTESIAN_POINT ( 'NONE',  ( 141.1019852849831580, 49.85089894964028900, 145.6693705621789547 ) ) ;
#2636 = VERTEX_POINT ( 'NONE', #3982 ) ;
#2637 = CARTESIAN_POINT ( 'NONE',  ( 147.8948968866328073, 102.3630731264338465, 144.8846879762482160 ) ) ;
#2638 = ADVANCED_FACE ( 'NONE', ( #1058 ), #695, .F. ) ;
#2639 = AXIS2_PLACEMENT_3D ( 'NONE', #3332, #4085, #2966 ) ;
#2640 = CARTESIAN_POINT ( 'NONE',  ( 141.1343302878403847, 64.14971535169712524, 145.7379732400204944 ) ) ;
#2641 = AXIS2_PLACEMENT_3D ( 'NONE', #341, #1378, #653 ) ;
#2642 = CARTESIAN_POINT ( 'NONE',  ( 134.8863154513338998, 60.54025268780686986, 152.0166598395744302 ) ) ;
#2643 = CARTESIAN_POINT ( 'NONE',  ( 128.0848317436338561, 62.49989693162738291, 141.3310851043431171 ) ) ;
#2644 = CYLINDRICAL_SURFACE ( 'NONE', #3033, 2.000000000000001776 ) ;
#2645 = DIRECTION ( 'NONE',  ( -0.000000000000000000, -1.000000000000000000, -0.000000000000000000 ) ) ;
#2646 = CARTESIAN_POINT ( 'NONE',  ( 132.6445599133475071, 62.81770332124040834, 153.6300191819328518 ) ) ;
#2647 = ORIENTED_EDGE ( 'NONE', *, *, #4561, .F. ) ;
#2648 = EDGE_CURVE ( 'NONE', #1556, #3587, #1105, .T. ) ;
#2649 = AXIS2_PLACEMENT_3D ( 'NONE', #2527, #3279, #4003 ) ;
#2650 = CARTESIAN_POINT ( 'NONE',  ( 18.71299965191766645, 145.1224429898661015, 67.75309216977500171 ) ) ;
#2651 = EDGE_LOOP ( 'NONE', ( #4210, #2229, #329, #3663 ) ) ;
#2652 = CIRCLE ( 'NONE', #2268, 2.000000000000001776 ) ;
#2653 = CARTESIAN_POINT ( 'NONE',  ( 140.9411962754224987, 80.35420111257951703, 178.1318437554662069 ) ) ;
#2654 = CARTESIAN_POINT ( 'NONE',  ( 57.34989074948411769, 140.7510702898851491, 68.19964277980962208 ) ) ;
#2655 = CARTESIAN_POINT ( 'NONE',  ( 131.3068328363215471, 91.02756731539457746, 150.6892480045860054 ) ) ;
#2656 = CARTESIAN_POINT ( 'NONE',  ( 142.9515270839396237, 56.80966347533721006, 152.9212002188447741 ) ) ;
#2657 = ADVANCED_FACE ( 'NONE', ( #1846 ), #3694, .T. ) ;
#2658 = DIRECTION ( 'NONE',  ( -0.000000000000000000, -1.000000000000000000, -0.000000000000000000 ) ) ;
#2659 = CARTESIAN_POINT ( 'NONE',  ( 135.9784417470690983, 62.40201443660592417, 141.2087719992642860 ) ) ;
#2660 = EDGE_LOOP ( 'NONE', ( #773, #2122, #2029, #4078 ) ) ;
#2661 = CARTESIAN_POINT ( 'NONE',  ( 25.92396309818280287, 14.87671275150014338, 69.18671694270375383 ) ) ;
#2662 = ORIENTED_EDGE ( 'NONE', *, *, #3037, .T. ) ;
#2663 = CIRCLE ( 'NONE', #3191, 2.099999999999990763 ) ;
#2664 = CARTESIAN_POINT ( 'NONE',  ( 126.8809256005557984, 35.99999999999996447, 138.4692010164935994 ) ) ;
#2665 = CARTESIAN_POINT ( 'NONE',  ( 105.7585081175255795, 31.99999999999996447, 113.0021811061004939 ) ) ;
#2666 = CARTESIAN_POINT ( 'NONE',  ( 130.3429489707678783, 65.89299913651323948, 148.6712102037145655 ) ) ;
#2667 = DIRECTION ( 'NONE',  ( 0.000000000000000000, 0.000000000000000000, -1.000000000000000000 ) ) ;
#2668 = CARTESIAN_POINT ( 'NONE',  ( 144.5316362184449588, 60.50006548164634523, 153.4914160221368036 ) ) ;
#2669 = CARTESIAN_POINT ( 'NONE',  ( 128.3203175673220073, 65.87008638757396284, 144.6789649003836473 ) ) ;
#2670 = CARTESIAN_POINT ( 'NONE',  ( 24.15399698778630366, 139.2168771798516218, 67.21177772196521971 ) ) ;
#2671 = VERTEX_POINT ( 'NONE', #3284 ) ;
#2672 = CARTESIAN_POINT ( 'NONE',  ( 24.86491027459384640, 15.28059061050918643, 67.33180162717069095 ) ) ;
#2673 = LINE ( 'NONE', #1582, #4326 ) ;
#2674 = VERTEX_POINT ( 'NONE', #2173 ) ;
#2675 = CARTESIAN_POINT ( 'NONE',  ( 32.97970511690363082, 140.9849761559100898, 68.95039431366507188 ) ) ;
#2676 = CARTESIAN_POINT ( 'NONE',  ( 148.0000000000000284, 100.8773040932331071, 144.7869968342841105 ) ) ;
#2677 = CARTESIAN_POINT ( 'NONE',  ( 33.61681313372874769, 140.9976297577225353, 69.19866433937825434 ) ) ;
#2678 = CARTESIAN_POINT ( 'NONE',  ( 141.4593802602970811, 62.65633651120266734, 150.1183452143493184 ) ) ;
#2679 = ORIENTED_EDGE ( 'NONE', *, *, #1010, .T. ) ;
#2680 = CARTESIAN_POINT ( 'NONE',  ( 25.44494087028943952, 15.06325476972204491, 67.43253149770005450 ) ) ;
#2681 = EDGE_CURVE ( 'NONE', #3505, #1477, #1963, .T. ) ;
#2682 =( NAMED_UNIT ( * ) PLANE_ANGLE_UNIT ( ) SI_UNIT ( $, .RADIAN. ) );
#2683 = CARTESIAN_POINT ( 'NONE',  ( 140.3939500982531285, 50.30578245384722891, 148.2295942144873777 ) ) ;
#2684 = CARTESIAN_POINT ( 'NONE',  ( 148.0000000000000284, 36.99999999999995737, 219.0467391801447263 ) ) ;
#2685 = EDGE_CURVE ( 'NONE', #1027, #3365, #1443, .T. ) ;
#2686 = CARTESIAN_POINT ( 'NONE',  ( 148.0000000000000284, 86.84612926814679668, 144.5497880899264942 ) ) ;
#2687 = CARTESIAN_POINT ( 'NONE',  ( 127.0855437488992692, 63.25184544472285353, 142.3789297459876764 ) ) ;
#2688 = B_SPLINE_CURVE_WITH_KNOTS ( 'NONE', 3,
 ( #3061, #4108, #1895, #1248, #844, #2341, #4198, #527, #145, #4173, #3759, #1563, #3737, #3012, #1229, #4152, #886, #1181, #3808, #3040, #1986, #4493, #2677, #2298, #1628, #3451 ),
 .UNSPECIFIED., .F., .F.,
 ( 4, 2, 2, 2, 2, 2, 2, 2, 2, 2, 2, 2, 4 ),
 ( 0.000000000000000000, 0.0001696519449795369961, 0.0003393038899590739921, 0.0006786077799181552484, 0.001357215559836272550, 0.002714431119672496961, 0.004071646679508721806, 0.005428862239344947084, 0.008143293359017372487, 0.009500508918853595164, 0.01017911669877171778, 0.01051842058873077995, 0.01085772447868984039 ),
 .UNSPECIFIED. ) ;
#2689 = CARTESIAN_POINT ( 'NONE',  ( 113.2637224657307513, 35.99999999999995737, 104.9037324763483099 ) ) ;
#2690 = CARTESIAN_POINT ( 'NONE',  ( 139.9728763074531628, 65.97332410250513135, 143.3234609679813616 ) ) ;
#2691 = CARTESIAN_POINT ( 'NONE',  ( 133.5250887922218226, 57.91543391362070281, 155.6663280178117930 ) ) ;
#2692 = CARTESIAN_POINT ( 'NONE',  ( 103.1854148522019159, 35.99999999999997868, 110.3286587808966033 ) ) ;
#2693 = CARTESIAN_POINT ( 'NONE',  ( 34.05877273185283372, 140.9999999999999716, 69.19999999999998863 ) ) ;
#2694 = ORIENTED_EDGE ( 'NONE', *, *, #1937, .F. ) ;
#2695 = CARTESIAN_POINT ( 'NONE',  ( 140.0676671753035691, 77.14646639943963180, 174.7026519590949363 ) ) ;
#2696 = CARTESIAN_POINT ( 'NONE',  ( 57.54128952326322377, 138.9999999999999432, 67.19999999999998863 ) ) ;
#2697 = CARTESIAN_POINT ( 'NONE',  ( 132.2525234070844249, 90.95278027040744462, 152.7497467488960581 ) ) ;
#2698 = EDGE_CURVE ( 'NONE', #1662, #1027, #2949, .T. ) ;
#2699 = CARTESIAN_POINT ( 'NONE',  ( 147.9226092171208506, 101.5015313575788127, 145.0987398789648353 ) ) ;
#2700 = B_SPLINE_CURVE_WITH_KNOTS ( 'NONE', 3,
 ( #2006, #4199, #186, #2991, #1564, #4468, #1611, #1182, #822, #4174, #2342, #2276, #2632, #3013, #4494, #1206, #4130, #845, #3848, #932, #3104, #635, #2744, #2383, #2093, #1742, #4626, #2451, #2429, #3201, #2791, #3150, #2474, #1339, #955, #565, #3563, #3538, #3875, #2405, #2028, #1652, #4583, #3492, #3174, #4266, #4676, #1387 ),
 .UNSPECIFIED., .F., .F.,
 ( 4, 2, 2, 2, 2, 2, 2, 2, 2, 2, 2, 2, 2, 2, 2, 2, 2, 2, 2, 2, 2, 2, 2, 4 ),
 ( 0.05968892915278963679, 0.06064403842799347827, 0.06159914770319732669, 0.06350936625360502352, 0.06446447552880887888, 0.06541958480401273424, 0.06732980335442044495, 0.06828491262962430031, 0.06924002190482814179, 0.07115024045523579699, 0.07306045900564346607, 0.07401556828084729367, 0.07497067755605112127, 0.07688089610645872096, 0.07783600538166249305, 0.07879111465686626514, 0.08070133320727375381, 0.08165644248247749815, 0.08261155175768124248, 0.08452177030808875891, 0.08547687958329248936, 0.08643198885849621982, 0.08834220740890363910, 0.09025242595931104450 ),
 .UNSPECIFIED. ) ;
#2701 = CARTESIAN_POINT ( 'NONE',  ( 128.0848317436338561, 35.99999999999996447, 140.0662639453285578 ) ) ;
#2702 = CARTESIAN_POINT ( 'NONE',  ( 142.9515270839396521, 57.00000000000210321, 152.9212002188447457 ) ) ;
#2703 = ORIENTED_EDGE ( 'NONE', *, *, #2759, .F. ) ;
#2704 = CARTESIAN_POINT ( 'NONE',  ( 25.13313420410531052, 15.17379475098934272, 67.37815052026047624 ) ) ;
#2705 = DIRECTION ( 'NONE',  ( 1.000000000000000000, 0.000000000000000000, 0.000000000000000000 ) ) ;
#2706 = EDGE_CURVE ( 'NONE', #3836, #256, #2, .T. ) ;
#2707 = AXIS2_PLACEMENT_3D ( 'NONE', #2020, #2357, #4191 ) ;
#2708 = CARTESIAN_POINT ( 'NONE',  ( 142.0609238578823579, 52.38777492101105793, 151.2243404295998346 ) ) ;
#2709 = CARTESIAN_POINT ( 'NONE',  ( 148.0000000000000284, 84.86534591801859051, 156.2436219101607264 ) ) ;
#2710 = CARTESIAN_POINT ( 'NONE',  ( 135.2655444767788993, 55.23673096679436867, 152.7079004617692135 ) ) ;
#2711 = AXIS2_PLACEMENT_3D ( 'NONE', #3449, #4197, #3467 ) ;
#2712 = CARTESIAN_POINT ( 'NONE',  ( 144.1507304015959789, 86.74039522291045046, 144.8846879762482445 ) ) ;
#2713 = DIRECTION ( 'NONE',  ( 0.000000000000000000, 0.000000000000000000, -1.000000000000000000 ) ) ;
#2714 =( BOUNDED_SURFACE ( )  B_SPLINE_SURFACE ( 3, 2, ( 
 ( #830, #3672, #3747 ),
 ( #4073, #1858, #3319 ),
 ( #1835, #3297, #2922 ),
 ( #4403, #781, #220 ),
 ( #4226, #2370, #3502 ),
 ( #1683, #2773, #4208 ),
 ( #1236, #2352, #1992 ),
 ( #3136, #1616, #3833 ),
 ( #1257, #152, #131 ),
 ( #4567, #4160, #553 ),
 ( #4525, #918, #1282 ),
 ( #2013, #3475, #3438 ),
 ( #2039, #4612, #578 ),
 ( #197, #1660, #488 ),
 ( #1325, #3067, #2731 ),
 ( #1304, #4250, #3769 ),
 ( #937, #4544, #2709 ),
 ( #1973, #4182, #3114 ),
 ( #1595, #897, #3088 ),
 ( #3815, #1947, #4589 ),
 ( #533, #3418, #2751 ),
 ( #2307, #3456, #172 ),
 ( #1636, #2389, #3859 ),
 ( #3047, #2686, #872 ) ),
 .UNSPECIFIED., .F., .F., .T. ) 
 B_SPLINE_SURFACE_WITH_KNOTS ( ( 4, 2, 2, 2, 2, 2, 2, 2, 2, 2, 2, 4 ),
 ( 3, 3 ),
 ( -1.626303258728256651E-19, 0.001394326496662185756, 0.002788652993324371512, 0.003485816241655464390, 0.004182979489986557269, 0.005577305986648743025, 0.006971632483310928781, 0.008365958979973114537, 0.01115461197329748605, 0.01394326496662185756, 0.01673191795994622907, 0.02230922394659497210 ),
 ( 0.000000000000000000, 1.000000000000000000 ),
 .UNSPECIFIED. ) 
 GEOMETRIC_REPRESENTATION_ITEM ( )  RATIONAL_B_SPLINE_SURFACE ( (
 ( 1.000000000000000000, 0.9869275424396536378, 1.000000000000000000),
 ( 1.000000000000000000, 0.9869268964687526458, 1.000000000000000000),
 ( 1.000000000000000000, 0.9862173584328473019, 1.000000000000000000),
 ( 1.000000000000000000, 0.9836388771215627269, 1.000000000000000000),
 ( 1.000000000000000000, 0.9818506632156652758, 1.000000000000000000),
 ( 1.000000000000000000, 0.9786660429261568872, 1.000000000000000000),
 ( 1.000000000000000000, 0.9775146906851350792, 1.000000000000000000),
 ( 1.000000000000000000, 0.9751082500823067267, 1.000000000000000000),
 ( 1.000000000000000000, 0.9738484057309991782, 1.000000000000000000),
 ( 1.000000000000000000, 0.9699250630484278490, 1.000000000000000000),
 ( 1.000000000000000000, 0.9671191852558702617, 1.000000000000000000),
 ( 1.000000000000000000, 0.9612050083163314884, 1.000000000000000000),
 ( 1.000000000000000000, 0.9580862447234193002, 1.000000000000000000),
 ( 1.000000000000000000, 0.9516823108409906418, 1.000000000000000000),
 ( 1.000000000000000000, 0.9483861200345604647, 1.000000000000000000),
 ( 1.000000000000000000, 0.9382406410084456194, 1.000000000000000000),
 ( 1.000000000000000000, 0.9311361936037176879, 1.000000000000000000),
 ( 1.000000000000000000, 0.9162965756263579120, 1.000000000000000000),
 ( 1.000000000000000000, 0.9085600522479672092, 1.000000000000000000),
 ( 1.000000000000000000, 0.8924535978846875883, 1.000000000000000000),
 ( 1.000000000000000000, 0.8840589927127368020, 1.000000000000000000),
 ( 1.000000000000000000, 0.8580965348847939822, 1.000000000000000000),
 ( 1.000000000000000000, 0.8397602709794054210, 1.000000000000000000),
 ( 1.000000000000000000, 0.8202608793076046068, 1.000000000000000000) ) ) 
 REPRESENTATION_ITEM ( '' )  SURFACE ( )  );
#2715 = CIRCLE ( 'NONE', #2860, 2.000000000000001776 ) ;
#2716 = CARTESIAN_POINT ( 'NONE',  ( 107.2984995541652182, 33.99999999999995026, 111.7410979933455621 ) ) ;
#2717 = CARTESIAN_POINT ( 'NONE',  ( 25.60719082452423123, 140.0342487231341124, 69.18659709454755102 ) ) ;
#2718 = CARTESIAN_POINT ( 'NONE',  ( 104.4065134655252649, -31.74896908357791148, 111.5805190533508693 ) ) ;
#2719 = DIRECTION ( 'NONE',  ( 0.000000000000000000, 0.000000000000000000, -1.000000000000000000 ) ) ;
#2720 = CARTESIAN_POINT ( 'NONE',  ( 144.8897047334754120, 33.48742912779310643, 217.8589665365479107 ) ) ;
#2721 = CARTESIAN_POINT ( 'NONE',  ( 131.4125419968339088, 90.96111887232409288, 150.9153674831813987 ) ) ;
#2722 = VECTOR ( 'NONE', #2249, 1000.000000000000000 ) ;
#2723 = CARTESIAN_POINT ( 'NONE',  ( 136.0449502795354988, 58.45870188770358311, 135.8601578241169818 ) ) ;
#2724 = CARTESIAN_POINT ( 'NONE',  ( 146.0000000000000284, 140.9999999999999716, 162.8846879762482160 ) ) ;
#2725 = CARTESIAN_POINT ( 'NONE',  ( 142.7459752857739943, 59.35656279778010003, 152.5229444208007692 ) ) ;
#2726 = ORIENTED_EDGE ( 'NONE', *, *, #2595, .T. ) ;
#2727 = CARTESIAN_POINT ( 'NONE',  ( 24.87482536718531279, 15.28079531746543118, 67.33363543592643907 ) ) ;
#2728 = ORIENTED_EDGE ( 'NONE', *, *, #1337, .F. ) ;
#2729 = CARTESIAN_POINT ( 'NONE',  ( 113.0191069114520843, 31.99999999999995737, 107.5927274376309413 ) ) ;
#2730 = CARTESIAN_POINT ( 'NONE',  ( 143.5531278861578244, 50.21937273697777471, 151.1368309493872744 ) ) ;
#2731 = CARTESIAN_POINT ( 'NONE',  ( 148.0000000000000284, 83.82142549205562432, 158.2954776842380795 ) ) ;
#2732 = CARTESIAN_POINT ( 'NONE',  ( 134.2081574714331111, 51.94218603129274214, 150.8157792071230006 ) ) ;
#2733 = ORIENTED_EDGE ( 'NONE', *, *, #2487, .T. ) ;
#2734 = CARTESIAN_POINT ( 'NONE',  ( 129.1399325421315325, 47.90292935569830490, 146.2600002640124046 ) ) ;
#2735 = EDGE_CURVE ( 'NONE', #4653, #1415, #2486, .T. ) ;
#2736 = FACE_OUTER_BOUND ( 'NONE', #3964, .T. ) ;
#2737 = CARTESIAN_POINT ( 'NONE',  ( 32.33211035547824963, 140.9712654211438405, 69.19511302074045034 ) ) ;
#2738 = CARTESIAN_POINT ( 'NONE',  ( 144.8898577564592074, 40.51109517173357233, 217.8549786224494369 ) ) ;
#2739 = CARTESIAN_POINT ( 'NONE',  ( 148.0000000000000284, 81.96438063833554111, 161.0060044821726137 ) ) ;
#2740 = CARTESIAN_POINT ( 'NONE',  ( 130.1500838122519212, 95.55236579612031278, 148.2784935181819890 ) ) ;
#2741 = CARTESIAN_POINT ( 'NONE',  ( 132.6467617705116311, 91.27345927805504289, 153.6332156229536849 ) ) ;
#2742 = CARTESIAN_POINT ( 'NONE',  ( 113.2603345118438227, 32.39955554632474843, 104.9239259318409694 ) ) ;
#2743 = CARTESIAN_POINT ( 'NONE',  ( 142.4696529041420661, 103.4251177962774477, 145.0155375274531480 ) ) ;
#2744 = CARTESIAN_POINT ( 'NONE',  ( 139.5367952414902675, 48.24010942635542420, 142.4463038586729056 ) ) ;
#2745 = ORIENTED_EDGE ( 'NONE', *, *, #485, .F. ) ;
#2746 = CARTESIAN_POINT ( 'NONE',  ( 29.84985773050134483, 14.21796359033334944, 68.27002439449806559 ) ) ;
#2747 = ORIENTED_EDGE ( 'NONE', *, *, #1773, .F. ) ;
#2748 =( BOUNDED_SURFACE ( )  B_SPLINE_SURFACE ( 3, 2, ( 
 ( #4749, #2882, #1408 ),
 ( #2831, #3947, #278 ),
 ( #1074, #1486, #2854 ),
 ( #375, #2194, #3974 ),
 ( #4358, #3656, #2471 ),
 ( #4283, #2525, #686 ),
 ( #2140, #3603, #1786 ),
 ( #3579, #4000, #4306 ),
 ( #3277, #1021, #2164 ),
 ( #4724, #350, #4383 ),
 ( #1816, #660, #1098 ),
 ( #2550, #2117, #4027 ),
 ( #1840, #3302, #999 ),
 ( #2449, #3919, #633 ),
 ( #2091, #3560, #1740 ),
 ( #495, #4411, #3031 ),
 ( #3705, #3355, #2983 ),
 ( #423, #2650, #4484 ),
 ( #1887, #3731, #2266 ),
 ( #1125, #449, #3379 ),
 ( #2578, #2291, #2670 ),
 ( #3425, #4100, #765 ),
 ( #789, #1956, #4055 ),
 ( #813, #1175, #3006 ),
 ( #1513, #69, #1151 ),
 ( #3753, #4461, #2624 ),
 ( #471, #4145, #2603 ),
 ( #1535, #1910, #4511 ),
 ( #858, #2313, #1221 ),
 ( #137, #92, #3776 ),
 ( #2928, #2218, #3679 ),
 ( #1197, #1931, #397 ),
 ( #1865, #838, #4080 ),
 ( #2241, #3400, #4122 ),
 ( #3325, #114, #1579 ),
 ( #39, #2960, #4439 ),
 ( #1557, #923, #3444 ),
 ( #4231, #1667, #3120 ),
 ( #1603, #4531, #158 ),
 ( #1264, #2421, #3054 ),
 ( #1978, #1622, #3072 ),
 ( #4550, #973, #2064 ),
 ( #1642, #521, #3095 ),
 ( #2376, #3891, #904 ),
 ( #2717, #540, #4190 ),
 ( #2757, #3839, #2356 ),
 ( #4213, #3801, #203 ),
 ( #1690, #944, #585 ),
 ( #3820, #1998, #178 ),
 ( #558, #2396, #4595 ),
 ( #4575, #607, #3462 ),
 ( #1241, #2045, #3530 ),
 ( #3142, #3509, #1288 ),
 ( #2737, #2019, #3482 ),
 ( #1310, #878, #3866 ),
 ( #226, #4619, #2693 ) ),
 .UNSPECIFIED., .F., .F., .T. ) 
 B_SPLINE_SURFACE_WITH_KNOTS ( ( 4, 2, 2, 2, 2, 2, 2, 2, 2, 2, 2, 2, 2, 2, 2, 2, 2, 2, 2, 2, 2, 2, 2, 2, 2, 2, 2, 4 ),
 ( 3, 3 ),
 ( -4.370690007832189750E-19, 1.002006595058858831E-05, 2.004013190117761369E-05, 3.006019785176663737E-05, 4.008026380235566106E-05, 5.010032975294468813E-05, 6.012039570353370843E-05, 8.016052760471175580E-05, 0.0001002006595058898099, 0.0001202407914070678505, 0.0001402809233082458911, 0.0001603210552094239453, 0.0002004013190117800536, 0.0002404815828141361347, 0.0003206421104188483242, 0.0004008026380235605408, 0.0004809631656282727032, 0.0006412842208376970821, 0.0008016052760471215153, 0.0009619263312565458400, 0.001282568441675394598, 0.001603210552094243464, 0.001923852662513092114, 0.002565136883350789630, 0.003847705325026184661, 0.005130273766701580127, 0.007695410650052370190, 0.01026054753340316025 ),
 ( 0.000000000000000000, 1.000000000000000000 ),
 .UNSPECIFIED. ) 
 GEOMETRIC_REPRESENTATION_ITEM ( )  RATIONAL_B_SPLINE_SURFACE ( (
 ( 1.000000000000000000, 0.08276058886023647532, 1.000000000000000000),
 ( 1.000000000000000000, 0.08276033506148913754, 1.000000000000000000),
 ( 1.000000000000000000, 0.08297128815116823486, 1.000000000000000000),
 ( 1.000000000000000000, 0.08377465557899303750, 1.000000000000000000),
 ( 1.000000000000000000, 0.08436749917222864659, 1.000000000000000000),
 ( 1.000000000000000000, 0.08588593344432239596, 1.000000000000000000),
 ( 1.000000000000000000, 0.08681182452968091989, 1.000000000000000000),
 ( 1.000000000000000000, 0.08894384756167758588, 1.000000000000000000),
 ( 1.000000000000000000, 0.09015634602500709194, 1.000000000000000000),
 ( 1.000000000000000000, 0.09274975165932079768, 1.000000000000000000),
 ( 1.000000000000000000, 0.09413567397168898232, 1.000000000000000000),
 ( 1.000000000000000000, 0.09703205224264860318, 1.000000000000000000),
 ( 1.000000000000000000, 0.09854308407131960601, 1.000000000000000000),
 ( 1.000000000000000000, 0.1032047703025620045, 1.000000000000000000),
 ( 1.000000000000000000, 0.1064896948190940107, 1.000000000000000000),
 ( 1.000000000000000000, 0.1131624098897812125, 1.000000000000000000),
 ( 1.000000000000000000, 0.1165158059524617901, 1.000000000000000000),
 ( 1.000000000000000000, 0.1231744547546698848, 1.000000000000000000),
 ( 1.000000000000000000, 0.1264811220424179594, 1.000000000000000000),
 ( 1.000000000000000000, 0.1330145178183472221, 1.000000000000000000),
 ( 1.000000000000000000, 0.1362418504870327451, 1.000000000000000000),
 ( 1.000000000000000000, 0.1426046998897049778, 1.000000000000000000),
 ( 1.000000000000000000, 0.1457404849412125558, 1.000000000000000000),
 ( 1.000000000000000000, 0.1550064065897490961, 1.000000000000000000),
 ( 1.000000000000000000, 0.1609338093905988143, 1.000000000000000000),
 ( 1.000000000000000000, 0.1723389338084196920, 1.000000000000000000),
 ( 1.000000000000000000, 0.1778232633231805471, 1.000000000000000000),
 ( 1.000000000000000000, 0.1937333445132342069, 1.000000000000000000),
 ( 1.000000000000000000, 0.2036222969963104867, 1.000000000000000000),
 ( 1.000000000000000000, 0.2223764072405907399, 1.000000000000000000),
 ( 1.000000000000000000, 0.2312384329531642357, 1.000000000000000000),
 ( 1.000000000000000000, 0.2481868938556565374, 1.000000000000000000),
 ( 1.000000000000000000, 0.2562740664915588717, 1.000000000000000000),
 ( 1.000000000000000000, 0.2796021683353962506, 1.000000000000000000),
 ( 1.000000000000000000, 0.2938539918632451786, 1.000000000000000000),
 ( 1.000000000000000000, 0.3206582548322905457, 1.000000000000000000),
 ( 1.000000000000000000, 0.3331985669038731168, 1.000000000000000000),
 ( 1.000000000000000000, 0.3570371639078155357, 1.000000000000000000),
 ( 1.000000000000000000, 0.3683310325454822731, 1.000000000000000000),
 ( 1.000000000000000000, 0.4007739771126264117, 1.000000000000000000),
 ( 1.000000000000000000, 0.4205065380602074909, 1.000000000000000000),
 ( 1.000000000000000000, 0.4574733678767533562, 1.000000000000000000),
 ( 1.000000000000000000, 0.4746898205130044568, 1.000000000000000000),
 ( 1.000000000000000000, 0.5072740273544679157, 1.000000000000000000),
 ( 1.000000000000000000, 0.5226356153594264864, 1.000000000000000000),
 ( 1.000000000000000000, 0.5664952766530161332, 1.000000000000000000),
 ( 1.000000000000000000, 0.5928260952862632882, 1.000000000000000000),
 ( 1.000000000000000000, 0.6658952082128606342, 1.000000000000000000),
 ( 1.000000000000000000, 0.7068134601954910723, 1.000000000000000000),
 ( 1.000000000000000000, 0.7790373332602139600, 1.000000000000000000),
 ( 1.000000000000000000, 0.8101983971809159080, 1.000000000000000000),
 ( 1.000000000000000000, 0.8922416101287529155, 1.000000000000000000),
 ( 1.000000000000000000, 0.9318876661334570821, 1.000000000000000000),
 ( 1.000000000000000000, 0.9858232891504691286, 1.000000000000000000),
 ( 1.000000000000000000, 0.9998956927148500151, 1.000000000000000000),
 ( 1.000000000000000000, 1.000000000000000000, 1.000000000000000000) ) ) 
 REPRESENTATION_ITEM ( '' )  SURFACE ( )  );
#2749 = CARTESIAN_POINT ( 'NONE',  ( 135.3029124115602997, 55.52675003688201372, 152.7765873465644404 ) ) ;
#2750 = CARTESIAN_POINT ( 'NONE',  ( 141.0896060642245686, 50.89506836544759238, 149.4532870821751658 ) ) ;
#2751 = CARTESIAN_POINT ( 'NONE',  ( 148.0000000000000284, 86.77223616277048279, 151.0530498632732872 ) ) ;
#2752 = CARTESIAN_POINT ( 'NONE',  ( 134.5824609234331888, 61.29772802679742938, 151.4753580824189783 ) ) ;
#2753 = ORIENTED_EDGE ( 'NONE', *, *, #2794, .T. ) ;
#2754 = B_SPLINE_CURVE_WITH_KNOTS ( 'NONE', 3,
 ( #2245, #1130, #2987, #327, #354, #1790, #4728, #3036, #1583, #4489, #475, #1561, #3448, #2337, #1293, #1226, #1646, #3099, #3466, #2675, #500, #882, #3806, #525, #3010, #3735 ),
 .UNSPECIFIED., .F., .F.,
 ( 4, 2, 2, 2, 2, 2, 2, 2, 2, 2, 2, 2, 4 ),
 ( 0.000000000000000000, 0.0001701758350622126323, 0.0003403516701244252646, 0.0006807033402487887297, 0.001361406680497509805, 0.002722813360994927670, 0.004084220041492344667, 0.005445626721989762532, 0.008168440082984588721, 0.009529846763481999647, 0.01021055010373070511, 0.01055090177385504917, 0.01089125344397939149 ),
 .UNSPECIFIED. ) ;
#2755 = CARTESIAN_POINT ( 'NONE',  ( 133.4691252526949938, 55.19884678443976611, 155.5343328384583970 ) ) ;
#2756 = FACE_OUTER_BOUND ( 'NONE', #409, .T. ) ;
#2757 = CARTESIAN_POINT ( 'NONE',  ( 25.92396309818241207, 140.1232872484964673, 69.18671694270578598 ) ) ;
#2758 = CARTESIAN_POINT ( 'NONE',  ( 144.6427993548438167, 38.64063431566587070, 222.3719848078942789 ) ) ;
#2759 = EDGE_CURVE ( 'NONE', #1497, #2777, #2409, .T. ) ;
#2760 = CARTESIAN_POINT ( 'NONE',  ( 104.6086619536115876, 140.9999999999999716, 108.9235368330468958 ) ) ;
#2761 = CYLINDRICAL_SURFACE ( 'NONE', #1578, 2.000000000000005329 ) ;
#2762 = CARTESIAN_POINT ( 'NONE',  ( 138.8478601765424969, 49.89063386313961956, 145.6366183167847623 ) ) ;
#2763 = ADVANCED_FACE ( 'NONE', ( #2967 ), #1133, .T. ) ;
#2764 = CARTESIAN_POINT ( 'NONE',  ( 0.000000000000000000, 13.99999999999995737, 212.1999999999999602 ) ) ;
#2765 = CARTESIAN_POINT ( 'NONE',  ( 142.1391375059627364, 108.7037836376936184, 147.1813121278350707 ) ) ;
#2766 = DIRECTION ( 'NONE',  ( 0.000000000000000000, 0.000000000000000000, -1.000000000000000000 ) ) ;
#2767 = ORIENTED_EDGE ( 'NONE', *, *, #2134, .T. ) ;
#2768 = CARTESIAN_POINT ( 'NONE',  ( 146.4582663482456724, 140.9486396184173316, 217.9092717128476124 ) ) ;
#2769 = LINE ( 'NONE', #237, #2096 ) ;
#2770 = DIRECTION ( 'NONE',  ( 0.000000000000000000, 0.000000000000000000, -1.000000000000000000 ) ) ;
#2771 = CARTESIAN_POINT ( 'NONE',  ( 23.91986610254290824, 15.96656649869890998, 69.18630138983185418 ) ) ;
#2772 = CARTESIAN_POINT ( 'NONE',  ( 141.0000000000000000, 94.54888270868096356, 148.1487542277047282 ) ) ;
#2773 = CARTESIAN_POINT ( 'NONE',  ( 148.0000000000000000, 80.55544644420645284, 161.7847915442343663 ) ) ;
#2774 = CARTESIAN_POINT ( 'NONE',  ( 137.3590792823393940, 63.63460618831457083, 143.2832206611736012 ) ) ;
#2775 = CARTESIAN_POINT ( 'NONE',  ( 133.4686663611028621, 55.19245274481662022, 155.5332510247655193 ) ) ;
#2776 = EDGE_CURVE ( 'NONE', #1319, #1500, #4445, .T. ) ;
#2777 = VERTEX_POINT ( 'NONE', #1769 ) ;
#2778 = CARTESIAN_POINT ( 'NONE',  ( 147.8961038961039094, 78.04888270868096356, 162.5739740423148589 ) ) ;
#2779 = CARTESIAN_POINT ( 'NONE',  ( 144.2263011559879260, 58.65713717086733681, 152.7311544527605918 ) ) ;
#2780 = CIRCLE ( 'NONE', #2934, 2.099999999999990763 ) ;
#2781 = FACE_OUTER_BOUND ( 'NONE', #4070, .T. ) ;
#2782 = CARTESIAN_POINT ( 'NONE',  ( 144.9658512634342458, 36.99999999999995737, 215.3467391801447093 ) ) ;
#2783 = DIRECTION ( 'NONE',  ( 1.000000000000000000, -0.000000000000000000, 2.218880795315036613E-16 ) ) ;
#2784 = LINE ( 'NONE', #2447, #3554 ) ;
#2785 = CARTESIAN_POINT ( 'NONE',  ( 134.3062795987651441, 55.79208386233660377, 138.8206266529747666 ) ) ;
#2786 = EDGE_CURVE ( 'NONE', #2919, #190, #2338, .T. ) ;
#2787 = TOROIDAL_SURFACE ( 'NONE', #2639, 165.0000000000000000, 9.000000000000000000 ) ;
#2788 = CARTESIAN_POINT ( 'NONE',  ( 148.0000000000000284, 15.99999999999995914, 234.5153120237517612 ) ) ;
#2789 = AXIS2_PLACEMENT_3D ( 'NONE', #1188, #150, #2281 ) ;
#2790 = CARTESIAN_POINT ( 'NONE',  ( 23.08318915758460221, 76.65470979761705905, 178.3779565494661767 ) ) ;
#2791 = CARTESIAN_POINT ( 'NONE',  ( 141.5768061244411626, 48.05649505386775644, 146.6858420416530180 ) ) ;
#2792 = EDGE_LOOP ( 'NONE', ( #2703, #2948, #4701, #286 ) ) ;
#2793 = CARTESIAN_POINT ( 'NONE',  ( 145.2673169843236280, 85.16012022032327877, 146.3787578234893090 ) ) ;
#2794 = EDGE_CURVE ( 'NONE', #4088, #4426, #2688, .T. ) ;
#2795 = CARTESIAN_POINT ( 'NONE',  ( 126.2832944825357231, 34.05203219680897320, 137.0682774994021429 ) ) ;
#2796 = CARTESIAN_POINT ( 'NONE',  ( 148.0000000000000284, 94.54888270868096356, 151.8487542277047169 ) ) ;
#2797 = CARTESIAN_POINT ( 'NONE',  ( 137.6559963494985084, 57.47009213299126174, 138.7260280548091202 ) ) ;
#2798 = CARTESIAN_POINT ( 'NONE',  ( 105.9382698019033882, 33.99999999999995737, 113.1945304976582065 ) ) ;
#2799 = CARTESIAN_POINT ( 'NONE',  ( 134.4493252048906129, 59.09233945860033543, 139.0196992300244574 ) ) ;
#2800 = ORIENTED_EDGE ( 'NONE', *, *, #1791, .F. ) ;
#2801 = CARTESIAN_POINT ( 'NONE',  ( 127.8971541384487693, 48.35879291335088936, 143.8807869949435769 ) ) ;
#2802 = CARTESIAN_POINT ( 'NONE',  ( 144.2984546824599192, 56.29257409341888518, 152.9058905980441523 ) ) ;
#2803 = CARTESIAN_POINT ( 'NONE',  ( 1.009719629430382282E-25, 15.99999999999995914, 212.1999999999999602 ) ) ;
#2804 = CARTESIAN_POINT ( 'NONE',  ( 126.8809256005557984, 35.99999999999996447, 138.4692010164935994 ) ) ;
#2805 = CARTESIAN_POINT ( 'NONE',  ( 148.0000000000000568, 84.44372974978936952, 157.1414438686064727 ) ) ;
#2806 = DIRECTION ( 'NONE',  ( -0.7985314644174774656, 0.000000000000000000, 0.6019530715390354336 ) ) ;
#2807 = CARTESIAN_POINT ( 'NONE',  ( 134.2794003765497735, 56.03236255136197741, 138.7832817351980452 ) ) ;
#2808 = CARTESIAN_POINT ( 'NONE',  ( 146.0000000000000284, 15.99999999999995914, 163.2102051443364701 ) ) ;
#2809 = CARTESIAN_POINT ( 'NONE',  ( 140.8791689910401317, 111.0958144002833023, 145.1552012882019653 ) ) ;
#2810 = CARTESIAN_POINT ( 'NONE',  ( 145.2673169843236280, 85.16012022032327877, 146.3787578234893090 ) ) ;
#2811 = EDGE_LOOP ( 'NONE', ( #801, #2891, #4371, #718, #1163, #2031, #2491, #2914, #3742, #1285, #1173, #4586, #3390, #667, #1306, #187 ) ) ;
#2812 = CARTESIAN_POINT ( 'NONE',  ( 146.2915177443762502, 140.9804600003822088, 223.6153609386048231 ) ) ;
#2813 = ORIENTED_EDGE ( 'NONE', *, *, #240, .F. ) ;
#2814 = CARTESIAN_POINT ( 'NONE',  ( 129.4031748745968002, 61.79159904263728720, 140.5557025619988281 ) ) ;
#2815 = ORIENTED_EDGE ( 'NONE', *, *, #1300, .F. ) ;
#2816 = FACE_OUTER_BOUND ( 'NONE', #4520, .T. ) ;
#2817 = CARTESIAN_POINT ( 'NONE',  ( 23.92600680354838261, 15.92814202293280701, 69.18630144997158027 ) ) ;
#2818 = PLANE ( 'NONE',  #971 ) ;
#2819 = ORIENTED_EDGE ( 'NONE', *, *, #811, .F. ) ;
#2820 = CARTESIAN_POINT ( 'NONE',  ( 106.7082148795242063, 34.20180254086645988, 111.2414762601450064 ) ) ;
#2821 = CARTESIAN_POINT ( 'NONE',  ( 137.7235492821863829, 58.56635113327014608, 138.8647713536230697 ) ) ;
#2822 = ORIENTED_EDGE ( 'NONE', *, *, #3507, .F. ) ;
#2823 = CARTESIAN_POINT ( 'NONE',  ( 133.5395905364136695, 56.54914474443595651, 155.7006393010609031 ) ) ;
#2824 = EDGE_CURVE ( 'NONE', #1653, #386, #1205, .T. ) ;
#2825 = DIRECTION ( 'NONE',  ( 0.000000000000000000, 0.000000000000000000, 1.000000000000000000 ) ) ;
#2826 = CARTESIAN_POINT ( 'NONE',  ( 125.9385597058950736, 33.55580619501105133, 140.3355428540963601 ) ) ;
#2827 = CARTESIAN_POINT ( 'NONE',  ( 144.1507304015959789, 102.3573701944514625, 144.8846879762482445 ) ) ;
#2828 = FACE_OUTER_BOUND ( 'NONE', #3851, .T. ) ;
#2829 = FACE_OUTER_BOUND ( 'NONE', #1970, .T. ) ;
#2830 = DIRECTION ( 'NONE',  ( 0.000000000000000000, 0.000000000000000000, -1.000000000000000000 ) ) ;
#2831 = CARTESIAN_POINT ( 'NONE',  ( 23.91823590655443965, 139.0068208018096527, 69.18630138648110517 ) ) ;
#2832 = CARTESIAN_POINT ( 'NONE',  ( 140.6058596412108272, 83.63706260525064806, 145.6070169882702032 ) ) ;
#2833 = CARTESIAN_POINT ( 'NONE',  ( 142.9669589851989144, 105.3553291736348712, 144.8532996441552712 ) ) ;
#2834 = FACE_OUTER_BOUND ( 'NONE', #4375, .T. ) ;
#2835 = ORIENTED_EDGE ( 'NONE', *, *, #848, .F. ) ;
#2836 = DIRECTION ( 'NONE',  ( -0.000000000000000000, -1.000000000000000000, -0.000000000000000000 ) ) ;
#2837 = EDGE_CURVE ( 'NONE', #50, #1450, #4114, .T. ) ;
#2838 = CARTESIAN_POINT ( 'NONE',  ( 148.0000000000126761, 104.9439509029254367, 155.9122178753719936 ) ) ;
#2839 = ORIENTED_EDGE ( 'NONE', *, *, #1549, .F. ) ;
#2840 = PLANE ( 'NONE',  #2258 ) ;
#2841 = CARTESIAN_POINT ( 'NONE',  ( 1.009719629430382282E-25, 140.9999999999999716, 212.1999999999999602 ) ) ;
#2842 = DIRECTION ( 'NONE',  ( 0.9884104863008692510, 0.000000000000000000, 0.1518048436990048766 ) ) ;
#2843 = ADVANCED_FACE ( 'NONE', ( #3782 ), #4537, .F. ) ;
#2844 = CARTESIAN_POINT ( 'NONE',  ( 106.1469199046912024, 34.77688106351195074, 110.7846861657015722 ) ) ;
#2845 = CARTESIAN_POINT ( 'NONE',  ( 135.7291308555742546, 62.06888979535168716, 140.8444017332560634 ) ) ;
#2846 = VERTEX_POINT ( 'NONE', #3079 ) ;
#2847 = CARTESIAN_POINT ( 'NONE',  ( 148.0000000000000284, 88.19804811596283400, 144.9159810578379677 ) ) ;
#2848 = EDGE_CURVE ( 'NONE', #2156, #790, #4557, .T. ) ;
#2849 = CARTESIAN_POINT ( 'NONE',  ( 103.1854148522018875, 35.73678182335035558, 110.3286587808966033 ) ) ;
#2850 = CARTESIAN_POINT ( 'NONE',  ( 147.7278390534800678, 87.07163267366995285, 145.3921233593309239 ) ) ;
#2851 = CARTESIAN_POINT ( 'NONE',  ( 0.000000000000000000, 76.65470979761705905, 178.3779565494661767 ) ) ;
#2852 = CARTESIAN_POINT ( 'NONE',  ( 140.9407972883091134, 72.95519685390739539, 178.1301779213142424 ) ) ;
#2853 = AXIS2_PLACEMENT_3D ( 'NONE', #2857, #1789, #3977 ) ;
#2854 = CARTESIAN_POINT ( 'NONE',  ( 24.08339912389203619, 139.0135546630797876, 67.20003486513611790 ) ) ;
#2855 = CARTESIAN_POINT ( 'NONE',  ( 142.4792875657767581, 83.11922574955111997, 144.9038051562199598 ) ) ;
#2856 = CARTESIAN_POINT ( 'NONE',  ( 132.3499827878051747, 34.76927330301921870, 133.8229937610205695 ) ) ;
#2857 = CARTESIAN_POINT ( 'NONE',  ( 146.0000000000000284, 138.9999999999999432, 212.1999999999999602 ) ) ;
#2858 = CIRCLE ( 'NONE', #4178, 2.000000000000001776 ) ;
#2859 =( BOUNDED_CURVE ( )  B_SPLINE_CURVE ( 3, ( #4268, #2407, #3152, #4241 ),
 .UNSPECIFIED., .F., .T. ) 
 B_SPLINE_CURVE_WITH_KNOTS ( ( 4, 4 ),
 ( 0.000000000000000000, 0.8861351558798266081 ),
 .UNSPECIFIED. ) 
 CURVE ( )  GEOMETRIC_REPRESENTATION_ITEM ( )  RATIONAL_B_SPLINE_CURVE ( ( 1.000000000000000000, 0.9356272039290508546, 0.9356272039290508546, 1.000000000000000000 ) ) 
 REPRESENTATION_ITEM ( '' )  );
#2860 = AXIS2_PLACEMENT_3D ( 'NONE', #2519, #1709, #4300 ) ;
#2861 = B_SPLINE_CURVE_WITH_KNOTS ( 'NONE', 3,
 ( #519, #2288, #537, #3028, #3399, #2669, #3460, #469, #1930, #1533, #4508, #111, #856, #2263, #1219, #3774, #446, #4120, #492, #4529, #2646, #1909, #3422, #1239, #1195, #3377, #1555, #2691, #2373, #2823, #3837, #2755, #3190, #1377, #2393, #4592, #1664, #1307, #626, #1707, #3140, #3889, #3863, #556, #921, #4571, #1731, #1286, #4276, #2734, #4254, #2016, #3162, #2801, #244, #4639, #3118, #176 ),
 .UNSPECIFIED., .F., .F.,
 ( 4, 2, 2, 2, 2, 2, 2, 2, 2, 2, 2, 2, 2, 2, 2, 2, 2, 2, 2, 2, 2, 2, 2, 2, 2, 2, 2, 2, 4 ),
 ( 0.000000000000000000, 0.002742842005523814155, 0.004114263008285713209, 0.005485684011047613565, 0.008228526016571412541, 0.009599947019333275600, 0.01097136802209513692, 0.01234278902485699998, 0.01371421002761886131, 0.01508563103038072437, 0.01577134153176162901, 0.01645705203314254753, 0.01919989403866615915, 0.02057131504142796843, 0.02194273604418977772, 0.02331415704695159047, 0.02468557804971339975, 0.02605699905247520903, 0.02742842005523701832, 0.02879984105799882760, 0.03017126206076063688, 0.03154268306352244616, 0.03291410406628425545, 0.03565694607180799197, 0.03702836707456989146, 0.03839978807733179095, 0.03977120908009369737, 0.04114263008285559686, 0.04388547208837929869 ),
 .UNSPECIFIED. ) ;
#2862 = CARTESIAN_POINT ( 'NONE',  ( 147.8904920618786036, 110.2887117939733912, 162.4789430608553289 ) ) ;
#2863 = ORIENTED_EDGE ( 'NONE', *, *, #2629, .T. ) ;
#2864 = CARTESIAN_POINT ( 'NONE',  ( 147.9658795041495409, 86.49909256523586976, 146.6016033465259056 ) ) ;
#2865 = CARTESIAN_POINT ( 'NONE',  ( 131.8111368873753975, 60.99040870183024765, 151.7438474765426406 ) ) ;
#2866 = ORIENTED_EDGE ( 'NONE', *, *, #901, .F. ) ;
#2867 = CARTESIAN_POINT ( 'NONE',  ( 130.9413657400266970, 61.12828934224536681, 139.6510167364130268 ) ) ;
#2868 = CARTESIAN_POINT ( 'NONE',  ( 126.1452856786975047, 34.23221004201322870, 140.6991136964315956 ) ) ;
#2869 = CIRCLE ( 'NONE', #1349, 2.099999999999990763 ) ;
#2870 = AXIS2_PLACEMENT_3D ( 'NONE', #622, #2057, #964 ) ;
#2871 = CARTESIAN_POINT ( 'NONE',  ( 106.2137627272309288, 34.67628154014896324, 110.8381519548730694 ) ) ;
#2872 = CARTESIAN_POINT ( 'NONE',  ( 134.9366788769294203, 60.61500475847472558, 139.7058715140997549 ) ) ;
#2873 = ORIENTED_EDGE ( 'NONE', *, *, #3649, .T. ) ;
#2874 = CIRCLE ( 'NONE', #2108, 2.000000000000001776 ) ;
#2875 = CARTESIAN_POINT ( 'NONE',  ( 142.9296322709004698, 57.81448355563916408, 152.8785728786915854 ) ) ;
#2876 = CARTESIAN_POINT ( 'NONE',  ( 105.8125680966896596, -31.74896908357791148, 110.5205997618818543 ) ) ;
#2877 = DIRECTION ( 'NONE',  ( 0.000000000000000000, 0.000000000000000000, 1.000000000000000000 ) ) ;
#2878 = CARTESIAN_POINT ( 'NONE',  ( 132.4972516982821276, 35.47410593665067324, 134.1693598267199548 ) ) ;
#2879 = DIRECTION ( 'NONE',  ( 0.000000000000000000, 0.000000000000000000, -1.000000000000000000 ) ) ;
#2880 = EDGE_CURVE ( 'NONE', #675, #2179, #910, .T. ) ;
#2881 = EDGE_CURVE ( 'NONE', #2636, #1768, #76, .T. ) ;
#2882 = CARTESIAN_POINT ( 'NONE',  ( 12.04159457879230821, 138.9999999999999432, 67.19999999999998863 ) ) ;
#2883 = CARTESIAN_POINT ( 'NONE',  ( 143.5128121157369208, 83.47900922967920678, 146.5386246877868359 ) ) ;
#2884 = CARTESIAN_POINT ( 'NONE',  ( 132.3160157071889387, 34.66915983994443451, 133.7442004350629929 ) ) ;
#2885 = CARTESIAN_POINT ( 'NONE',  ( 134.2458432357933589, 57.57278001966250258, 138.7366785460921221 ) ) ;
#2886 = DIRECTION ( 'NONE',  ( 0.000000000000000000, 0.000000000000000000, -1.000000000000000000 ) ) ;
#2887 = CARTESIAN_POINT ( 'NONE',  ( 147.4678382296978043, 105.4717764463171363, 155.6807358112245936 ) ) ;
#2888 = ORIENTED_EDGE ( 'NONE', *, *, #2848, .F. ) ;
#2889 = CARTESIAN_POINT ( 'NONE',  ( 4.659649670161549992E-16, 76.65470979761705905, 176.2779565494661824 ) ) ;
#2890 = CARTESIAN_POINT ( 'NONE',  ( 129.5434387575859034, 47.89706976676193761, 147.0563033596332616 ) ) ;
#2891 = ORIENTED_EDGE ( 'NONE', *, *, #3354, .T. ) ;
#2892 = CARTESIAN_POINT ( 'NONE',  ( 24.18696713647922181, 15.73728330313775636, 67.21727330441528636 ) ) ;
#2893 = CARTESIAN_POINT ( 'NONE',  ( 134.2561139441808677, 56.18766700228871258, 138.7509381647619762 ) ) ;
#2894 = VERTEX_POINT ( 'NONE', #2990 ) ;
#2895 = CARTESIAN_POINT ( 'NONE',  ( 105.5834010668383343, 32.02583770666441154, 112.8158488054161381 ) ) ;
#2896 = CARTESIAN_POINT ( 'NONE',  ( 148.0000000000000284, 110.5792697433058862, 163.2102051443364417 ) ) ;
#2897 = VERTEX_POINT ( 'NONE', #2631 ) ;
#2898 = CARTESIAN_POINT ( 'NONE',  ( 126.5466316138651877, 57.03074992733618842, 138.7212002188353495 ) ) ;
#2899 = CARTESIAN_POINT ( 'NONE',  ( 140.7925831274573056, 64.11046794405191918, 145.0172871288141607 ) ) ;
#2900 = CARTESIAN_POINT ( 'NONE',  ( 126.1720475011198488, 33.99999999999995737, 136.8232281495832865 ) ) ;
#2901 = DIRECTION ( 'NONE',  ( -0.7985314644174801302, 0.000000000000000000, 0.6019530715390316589 ) ) ;
#2902 = CARTESIAN_POINT ( 'NONE',  ( 57.54128952326320245, 15.86672821346915541, 67.19999999999996021 ) ) ;
#2903 = CARTESIAN_POINT ( 'NONE',  ( 140.2665981075812738, 74.37499893644019267, 175.4535520781437299 ) ) ;
#2904 = DIRECTION ( 'NONE',  ( 0.000000000000000000, 0.000000000000000000, 1.000000000000000000 ) ) ;
#2905 = EDGE_CURVE ( 'NONE', #615, #1083, #4420, .T. ) ;
#2906 = CARTESIAN_POINT ( 'NONE',  ( 143.6171417522780871, 83.61715555369875119, 146.5104074132644030 ) ) ;
#2907 = CARTESIAN_POINT ( 'NONE',  ( 146.2904932283180415, 103.3055522534465069, 146.4641351835464036 ) ) ;
#2908 = CARTESIAN_POINT ( 'NONE',  ( 141.3974458527287368, 108.6072622519480291, 146.3000417710352679 ) ) ;
#2909 = CARTESIAN_POINT ( 'NONE',  ( 141.6921292617471124, 79.02401111599127148, 146.9359521955308310 ) ) ;
#2910 = CARTESIAN_POINT ( 'NONE',  ( 148.0000000000000284, 105.2763399253094718, 158.2954776842381079 ) ) ;
#2911 = ORIENTED_EDGE ( 'NONE', *, *, #3945, .T. ) ;
#2912 = CARTESIAN_POINT ( 'NONE',  ( 141.0000000000000000, 84.14543637690721312, 145.4542136161390147 ) ) ;
#2913 = CARTESIAN_POINT ( 'NONE',  ( 131.5528685401874611, 52.27204697408960499, 151.1942534452294069 ) ) ;
#2914 = ORIENTED_EDGE ( 'NONE', *, *, #3822, .T. ) ;
#2915 = CARTESIAN_POINT ( 'NONE',  ( 23.09730727003324802, 11.95948716161138670, 68.11679968691360898 ) ) ;
#2916 = CARTESIAN_POINT ( 'NONE',  ( 139.1609412172052771, 51.11532078273616975, 141.6920095987797481 ) ) ;
#2917 = VERTEX_POINT ( 'NONE', #2275 ) ;
#2918 = DIRECTION ( 'NONE',  ( 0.000000000000000000, 0.000000000000000000, 1.000000000000000000 ) ) ;
#2919 = VERTEX_POINT ( 'NONE', #1587 ) ;
#2920 = CARTESIAN_POINT ( 'NONE',  ( 127.0398675582177361, 55.97741944579271944, 138.3493865772663582 ) ) ;
#2921 = CARTESIAN_POINT ( 'NONE',  ( 142.6139475236208227, 65.19611933434897821, 148.9753998594850657 ) ) ;
#2922 = CARTESIAN_POINT ( 'NONE',  ( 148.0000000000000284, 78.97798049302220136, 163.1145418202036979 ) ) ;
#2923 = DIRECTION ( 'NONE',  ( 0.000000000000000000, -1.387778780781444413E-14, -1.000000000000000000 ) ) ;
#2924 = CARTESIAN_POINT ( 'NONE',  ( 146.0000000000000284, 138.9999999999999432, 163.2102051443364985 ) ) ;
#2925 = CARTESIAN_POINT ( 'NONE',  ( 141.3788001443068367, 73.31860388384329497, 179.9961584627374123 ) ) ;
#2926 = DIRECTION ( 'NONE',  ( 1.000000000000000000, -0.000000000000000000, 2.218880795315036860E-16 ) ) ;
#2927 = VERTEX_POINT ( 'NONE', #1916 ) ;
#2928 = CARTESIAN_POINT ( 'NONE',  ( 24.20322812796080925, 139.4326597144207653, 69.18631118244746858 ) ) ;
#2929 = EDGE_CURVE ( 'NONE', #1918, #3453, #3030, .T. ) ;
#2930 = CARTESIAN_POINT ( 'NONE',  ( 141.1598733682311320, 84.34322300993366639, 145.3946547856495783 ) ) ;
#2931 = FACE_OUTER_BOUND ( 'NONE', #4131, .T. ) ;
#2932 = CARTESIAN_POINT ( 'NONE',  ( -4.659649670161549992E-16, 76.65470979761705905, 180.4779565494661711 ) ) ;
#2933 = DIRECTION ( 'NONE',  ( -0.000000000000000000, -1.000000000000000000, -0.000000000000000000 ) ) ;
#2934 = AXIS2_PLACEMENT_3D ( 'NONE', #614, #3582, #2766 ) ;
#2935 = CARTESIAN_POINT ( 'NONE',  ( 147.9999999999999716, 111.0488827086809636, 162.8836065119653824 ) ) ;
#2936 = CIRCLE ( 'NONE', #121, 147.0000000000000000 ) ;
#2937 = CARTESIAN_POINT ( 'NONE',  ( 148.5581645850499513, 86.65828290468118666, 146.6494123786243051 ) ) ;
#2938 = CARTESIAN_POINT ( 'NONE',  ( 128.0848317436337993, 51.50010306837250340, 141.3310851043430034 ) ) ;
#2939 = ORIENTED_EDGE ( 'NONE', *, *, #98, .F. ) ;
#2940 = CARTESIAN_POINT ( 'NONE',  ( 23.98423363219427884, 15.79130190406652368, 69.18630227562205448 ) ) ;
#2941 = CARTESIAN_POINT ( 'NONE',  ( 138.5553091904583596, 49.91666039032968882, 145.1632017873652671 ) ) ;
#2942 = ORIENTED_EDGE ( 'NONE', *, *, #2246, .F. ) ;
#2943 = ORIENTED_EDGE ( 'NONE', *, *, #570, .T. ) ;
#2944 = CIRCLE ( 'NONE', #1425, 1.999999999999999778 ) ;
#2945 = ADVANCED_FACE ( 'NONE', ( #1965 ), #4196, .T. ) ;
#2946 = ADVANCED_FACE ( 'NONE', ( #2051 ), #232, .F. ) ;
#2947 = LINE ( 'NONE', #3343, #576 ) ;
#2948 = ORIENTED_EDGE ( 'NONE', *, *, #301, .F. ) ;
#2949 = CIRCLE ( 'NONE', #1427, 2.099999999999990763 ) ;
#2950 = DIRECTION ( 'NONE',  ( -1.421085471520200372E-14, 0.000000000000000000, 1.000000000000000000 ) ) ;
#2951 = CIRCLE ( 'NONE', #1592, 156.0000000000000000 ) ;
#2952 = CARTESIAN_POINT ( 'NONE',  ( 144.1666006459565779, 62.09835817477093656, 152.6011435250790385 ) ) ;
#2953 = CARTESIAN_POINT ( 'NONE',  ( 103.2751647543814926, 34.96080295553171879, 110.4196337426496228 ) ) ;
#2954 = CARTESIAN_POINT ( 'NONE',  ( 128.8524372727238188, 63.23379401677748035, 142.4071020593418950 ) ) ;
#2955 = CARTESIAN_POINT ( 'NONE',  ( 111.6776929544101193, 35.99999999999996447, 103.2775831319351454 ) ) ;
#2956 = CARTESIAN_POINT ( 'NONE',  ( 132.4369677017968456, 35.11239448424895215, 134.0266973826985293 ) ) ;
#2957 = CARTESIAN_POINT ( 'NONE',  ( 110.2459276601228311, 35.99999999999996447, 104.6740243738334044 ) ) ;
#2958 = CIRCLE ( 'NONE', #2870, 2.000000000000001776 ) ;
#2959 = ORIENTED_EDGE ( 'NONE', *, *, #3764, .T. ) ;
#2960 = CARTESIAN_POINT ( 'NONE',  ( 23.88803250418516910, 142.3289703533620525, 68.18279513080655363 ) ) ;
#2961 = EDGE_LOOP ( 'NONE', ( #2873, #4660, #4460, #846 ) ) ;
#2962 = DIRECTION ( 'NONE',  ( 0.000000000000000000, 1.000000000000000000, 0.000000000000000000 ) ) ;
#2963 = CARTESIAN_POINT ( 'NONE',  ( 111.8505952534590620, 34.67015130456510263, 106.5957864397646517 ) ) ;
#2964 = DIRECTION ( 'NONE',  ( 0.000000000000000000, 0.7746333706517365414, 0.6324105795072765268 ) ) ;
#2965 = AXIS2_PLACEMENT_3D ( 'NONE', #1839, #3301, #11 ) ;
#2966 = DIRECTION ( 'NONE',  ( 0.000000000000000000, 7.709882115452482111E-16, 1.000000000000000000 ) ) ;
#2967 = FACE_OUTER_BOUND ( 'NONE', #1110, .T. ) ;
#2968 = CARTESIAN_POINT ( 'NONE',  ( 130.7291216716943723, 48.29353738174096122, 149.4654952777339645 ) ) ;
#2969 = EDGE_LOOP ( 'NONE', ( #1210, #1877, #2406, #2800, #4099 ) ) ;
#2970 = CARTESIAN_POINT ( 'NONE',  ( 24.34147292830302334, 15.58638302550605204, 67.24312659202566067 ) ) ;
#2971 = CARTESIAN_POINT ( 'NONE',  ( 135.3762208560919191, 52.48866236408617425, 140.3337587146761791 ) ) ;
#2972 = ORIENTED_EDGE ( 'NONE', *, *, #2081, .F. ) ;
#2973 = EDGE_CURVE ( 'NONE', #2671, #3752, #890, .T. ) ;
#2974 = CARTESIAN_POINT ( 'NONE',  ( 147.8846626348472739, 79.01982058305024736, 162.3807718894112497 ) ) ;
#2975 = EDGE_CURVE ( 'NONE', #3470, #1485, #4018, .T. ) ;
#2976 = CARTESIAN_POINT ( 'NONE',  ( 143.6551852239693687, 61.45254560566083057, 151.3680749687526941 ) ) ;
#2977 = CARTESIAN_POINT ( 'NONE',  ( 128.0848317436338561, 51.50010306837261709, 141.3310851043431171 ) ) ;
#2978 = CARTESIAN_POINT ( 'NONE',  ( 128.3115584510464373, 65.86604779056523284, 144.6623346554625584 ) ) ;
#2979 = FACE_OUTER_BOUND ( 'NONE', #1297, .T. ) ;
#2980 = CARTESIAN_POINT ( 'NONE',  ( 143.2704045375024009, 64.31514600424949890, 150.4760524821812169 ) ) ;
#2981 = CARTESIAN_POINT ( 'NONE',  ( 147.8551885366101430, 109.2256059069504062, 161.8853489638407268 ) ) ;
#2982 = ORIENTED_EDGE ( 'NONE', *, *, #3946, .F. ) ;
#2983 = CARTESIAN_POINT ( 'NONE',  ( 24.12379648372019858, 139.1644400937435364, 67.20675010139410688 ) ) ;
#2984 = ORIENTED_EDGE ( 'NONE', *, *, #2929, .T. ) ;
#2985 = CARTESIAN_POINT ( 'NONE',  ( 141.1129771429256436, 80.33215826369935542, 178.8505532602426626 ) ) ;
#2986 = CARTESIAN_POINT ( 'NONE',  ( 141.0000000000000000, 94.54888270868096356, 153.9487542277047112 ) ) ;
#2987 = CARTESIAN_POINT ( 'NONE',  ( 24.09859716821156539, 139.1131741498572865, 67.20255778990721751 ) ) ;
#2988 = DIRECTION ( 'NONE',  ( 0.000000000000000000, 1.000000000000000000, 0.000000000000000000 ) ) ;
#2989 = ADVANCED_FACE ( 'NONE', ( #1763 ), #4336, .T. ) ;
#2990 = CARTESIAN_POINT ( 'NONE',  ( 148.0000000000000284, 78.04888270868096356, 163.2102051443364701 ) ) ;
#2991 = CARTESIAN_POINT ( 'NONE',  ( 135.9759512261513237, 57.19070046227795956, 135.7373220597438888 ) ) ;
#2992 = ORIENTED_EDGE ( 'NONE', *, *, #3117, .T. ) ;
#2993 = CARTESIAN_POINT ( 'NONE',  ( 20.30314927657606461, 10.22018936474975348, 67.88493548494263052 ) ) ;
#2994 = CARTESIAN_POINT ( 'NONE',  ( 137.7223336981270165, 55.49038219951231099, 138.8618833299114783 ) ) ;
#2995 = EDGE_LOOP ( 'NONE', ( #837, #1829, #1686, #3268 ) ) ;
#2996 = CYLINDRICAL_SURFACE ( 'NONE', #2789, 2.000000000000001776 ) ;
#2997 = EDGE_CURVE ( 'NONE', #2674, #3752, #1585, .T. ) ;
#2998 = CARTESIAN_POINT ( 'NONE',  ( 140.0524638628766354, 63.87717944558911398, 147.6426419745916121 ) ) ;
#2999 = CARTESIAN_POINT ( 'NONE',  ( 129.4390227120557597, 63.62501885006553692, 143.2488339191139062 ) ) ;
#3000 = CARTESIAN_POINT ( 'NONE',  ( 129.4590890112981469, 63.63652009143126520, 143.2778870938539910 ) ) ;
#3001 = CARTESIAN_POINT ( 'NONE',  ( 113.2564856345164515, 32.40214862518242001, 104.9198597960697867 ) ) ;
#3002 = CARTESIAN_POINT ( 'NONE',  ( 139.5593196113190686, 65.77238603183226928, 142.4913761265623862 ) ) ;
#3003 = CARTESIAN_POINT ( 'NONE',  ( 147.8889188298219040, 110.2684575971115066, 162.4525962064942064 ) ) ;
#3004 = ORIENTED_EDGE ( 'NONE', *, *, #1246, .F. ) ;
#3005 = EDGE_CURVE ( 'NONE', #3666, #2007, #1842, .T. ) ;
#3006 = CARTESIAN_POINT ( 'NONE',  ( 24.18696713647956642, 139.2627166968611903, 67.21727330441518689 ) ) ;
#3007 = ORIENTED_EDGE ( 'NONE', *, *, #940, .T. ) ;
#3008 = CARTESIAN_POINT ( 'NONE',  ( 140.3069272236600114, 79.11916009384361814, 175.6076853732948564 ) ) ;
#3009 = DIRECTION ( 'NONE',  ( 1.000000000000000000, 0.000000000000000000, 0.000000000000000000 ) ) ;
#3010 = CARTESIAN_POINT ( 'NONE',  ( 33.94832627374404410, 140.9999999999999432, 69.17406528021641066 ) ) ;
#3011 = CARTESIAN_POINT ( 'NONE',  ( 148.0000000000000284, 102.3255292545850210, 151.0530498632732872 ) ) ;
#3012 = CARTESIAN_POINT ( 'NONE',  ( 27.90700743885374635, 140.5314170267700433, 69.18802819858555608 ) ) ;
#3013 = CARTESIAN_POINT ( 'NONE',  ( 137.1538941072915634, 51.17485515887074143, 137.8706384866654844 ) ) ;
#3014 = ORIENTED_EDGE ( 'NONE', *, *, #803, .T. ) ;
#3015 = CARTESIAN_POINT ( 'NONE',  ( 23.88803250417720392, 12.67102964662599085, 68.18279513080588572 ) ) ;
#3016 = CIRCLE ( 'NONE', #951, 156.0000000000000000 ) ;
#3017 = CARTESIAN_POINT ( 'NONE',  ( 140.9893066197483051, 49.85829071558076464, 145.4310539705834344 ) ) ;
#3018 = VECTOR ( 'NONE', #1077, 1000.000000000000000 ) ;
#3019 = CARTESIAN_POINT ( 'NONE',  ( 147.3954498523928578, 102.8032749022094094, 146.5550780202248689 ) ) ;
#3020 = CIRCLE ( 'NONE', #1421, 2.000000000000005329 ) ;
#3021 =( BOUNDED_SURFACE ( )  B_SPLINE_SURFACE ( 3, 2, ( 
 ( #1041, #3967, #993 ),
 ( #2419, #2802, #3913 ),
 ( #3621, #3890, #3596 ),
 ( #2463, #3574, #1780 ),
 ( #2875, #3164, #606 ),
 ( #705, #3553, #2158 ),
 ( #4742, #2779, #3937 ),
 ( #4668, #293, #2063 ),
 ( #3529, #2110, #1755 ),
 ( #4689, #2257, #1881 ),
 ( #60, #1528, #2616 ),
 ( #391, #31, #2952 ),
 ( #4093, #2976, #4377 ),
 ( #3746, #757, #3695 ),
 ( #4116, #3723, #1503 ),
 ( #6, #1857, #4402 ),
 ( #804, #4432, #1144 ),
 ( #440, #4048, #4476 ),
 ( #3671, #1116, #2921 ),
 ( #1904, #4453, #2594 ),
 ( #1167, #3372, #2233 ),
 ( #2998, #2544, #85 ),
 ( #780, #3296, #1548 ),
 ( #1189, #2640, #2570 ),
 ( #1091, #1479, #2211 ),
 ( #2282, #2899, #829 ),
 ( #4072, #464, #413 ),
 ( #3318, #3346, #1924 ),
 ( #369, #3393, #1455 ),
 ( #4019, #730, #2188 ),
 ( #3648, #1834, #1729 ),
 ( #2774, #2460, #3549 ),
 ( #4321, #1423, #2490 ),
 ( #4685, #990, #3525 ),
 ( #4274, #2439, #602 ),
 ( #3137, #3212, #265 ),
 ( #2083, #4665, #4296 ),
 ( #1397, #3236, #2390 ),
 ( #2845, #1705, #1351 ),
 ( #2060, #3160, #647 ),
 ( #1036, #242, #1012 ),
 ( #2872, #3963, #1375 ),
 ( #3860, #291, #677 ),
 ( #3593, #938, #3188 ),
 ( #1684, #4635, #4711 ),
 ( #2799, #2821, #3910 ),
 ( #3933, #2105, #4613 ),
 ( #3572, #624, #1752 ) ),
 .UNSPECIFIED., .F., .F., .F. ) 
 B_SPLINE_SURFACE_WITH_KNOTS ( ( 4, 2, 2, 2, 2, 2, 2, 2, 2, 2, 2, 2, 2, 2, 2, 2, 2, 2, 2, 2, 2, 2, 2, 4 ),
 ( 3, 3 ),
 ( 0.03000380542352358224, 0.03187904326249380721, 0.03281666218197891449, 0.03375428110146402871, 0.03562951894043425716, 0.03656713785991937138, 0.03750475677940447866, 0.03937999461837470017, 0.04125523245734492861, 0.04219285137683004283, 0.04313047029631515705, 0.04500570813528537856, 0.04594332705477048584, 0.04688094597425560006, 0.04875618381322582851, 0.04969380273271094273, 0.05063142165219605695, 0.05250665949116627845, 0.05344427841065138574, 0.05438189733013649996, 0.05625713516910672840, 0.05719475408859184262, 0.05813237300807695684, 0.06000761084704717835 ),
 ( 0.000000000000000000, 1.000000000000000000 ),
 .UNSPECIFIED. ) 
 GEOMETRIC_REPRESENTATION_ITEM ( )  RATIONAL_B_SPLINE_SURFACE ( (
 ( 1.000000000000000000, 0.8269952009532933745, 1.000000000000000000),
 ( 1.000000000000000000, 0.8280614118955881287, 1.000000000000000000),
 ( 1.000000000000000000, 0.8284325261219038783, 1.000000000000000000),
 ( 1.000000000000000000, 0.8279827777180824855, 1.000000000000000000),
 ( 1.000000000000000000, 0.8276659520495287525, 1.000000000000000000),
 ( 1.000000000000000000, 0.8266919454649618304, 1.000000000000000000),
 ( 1.000000000000000000, 0.8260297399550801112, 1.000000000000000000),
 ( 1.000000000000000000, 0.8235357006622662235, 1.000000000000000000),
 ( 1.000000000000000000, 0.8212274744785695857, 1.000000000000000000),
 ( 1.000000000000000000, 0.8167494423482376531, 1.000000000000000000),
 ( 1.000000000000000000, 0.8150771010821127316, 1.000000000000000000),
 ( 1.000000000000000000, 0.8114018669990676891, 1.000000000000000000),
 ( 1.000000000000000000, 0.8094124505576726358, 1.000000000000000000),
 ( 1.000000000000000000, 0.8029761291528204614, 1.000000000000000000),
 ( 1.000000000000000000, 0.7980537608303637231, 1.000000000000000000),
 ( 1.000000000000000000, 0.7868295153603390713, 1.000000000000000000),
 ( 1.000000000000000000, 0.7806777715336642443, 1.000000000000000000),
 ( 1.000000000000000000, 0.7705516743276981106, 1.000000000000000000),
 ( 1.000000000000000000, 0.7670257512066761540, 1.000000000000000000),
 ( 1.000000000000000000, 0.7596473617430515857, 1.000000000000000000),
 ( 1.000000000000000000, 0.7558079508538354530, 1.000000000000000000),
 ( 1.000000000000000000, 0.7439848226811180965, 1.000000000000000000),
 ( 1.000000000000000000, 0.7356362691477823512, 1.000000000000000000),
 ( 1.000000000000000000, 0.7223180897641509057, 1.000000000000000000),
 ( 1.000000000000000000, 0.7177265838685350507, 1.000000000000000000),
 ( 1.000000000000000000, 0.7083503539157883777, 1.000000000000000000),
 ( 1.000000000000000000, 0.7035835262492181608, 1.000000000000000000),
 ( 1.000000000000000000, 0.6890360438728546644, 1.000000000000000000),
 ( 1.000000000000000000, 0.6790083329610853147, 1.000000000000000000),
 ( 1.000000000000000000, 0.6634299662890723592, 1.000000000000000000),
 ( 1.000000000000000000, 0.6581222183515504920, 1.000000000000000000),
 ( 1.000000000000000000, 0.6474875916185041103, 1.000000000000000000),
 ( 1.000000000000000000, 0.6421555348888585701, 1.000000000000000000),
 ( 1.000000000000000000, 0.6261276533078526940, 1.000000000000000000),
 ( 1.000000000000000000, 0.6153958216554296090, 1.000000000000000000),
 ( 1.000000000000000000, 0.5993408079032932489, 1.000000000000000000),
 ( 1.000000000000000000, 0.5939675686446866942, 1.000000000000000000),
 ( 1.000000000000000000, 0.5834603756239044037, 1.000000000000000000),
 ( 1.000000000000000000, 0.5783212311035474951, 1.000000000000000000),
 ( 1.000000000000000000, 0.5633091596856512062, 1.000000000000000000),
 ( 1.000000000000000000, 0.5538306777370201051, 1.000000000000000000),
 ( 1.000000000000000000, 0.5408169707517347380, 1.000000000000000000),
 ( 1.000000000000000000, 0.5366617947456978621, 1.000000000000000000),
 ( 1.000000000000000000, 0.5290516370750139030, 1.000000000000000000),
 ( 1.000000000000000000, 0.5255747470916144470, 1.000000000000000000),
 ( 1.000000000000000000, 0.5162245041256997569, 1.000000000000000000),
 ( 1.000000000000000000, 0.5114264477150055610, 1.000000000000000000),
 ( 1.000000000000000000, 0.5084142022411014539, 1.000000000000000000) ) ) 
 REPRESENTATION_ITEM ( '' )  SURFACE ( )  );
#3022 = CARTESIAN_POINT ( 'NONE',  ( 126.8757612548075713, 35.73454355901419177, 138.4564167205161596 ) ) ;
#3023 = VECTOR ( 'NONE', #4320, 1000.000000000000114 ) ;
#3024 = CARTESIAN_POINT ( 'NONE',  ( 135.0658781587681574, 59.90207447938866636, 152.3429692686461294 ) ) ;
#3025 = CARTESIAN_POINT ( 'NONE',  ( 134.0576310516413230, 62.30339862005163809, 150.5536774037147723 ) ) ;
#3026 = CARTESIAN_POINT ( 'NONE',  ( 111.9935112788339922, 34.49122454721729270, 106.7136630236165047 ) ) ;
#3027 = DIRECTION ( 'NONE',  ( 0.000000000000000000, 1.000000000000000000, 0.000000000000000000 ) ) ;
#3028 = CARTESIAN_POINT ( 'NONE',  ( 127.7038679932702081, 65.51043530181911478, 143.5203065475281505 ) ) ;
#3029 = EDGE_LOOP ( 'NONE', ( #3594, #3763, #3612, #3401 ) ) ;
#3030 = CIRCLE ( 'NONE', #269, 147.0000000000000000 ) ;
#3031 = CARTESIAN_POINT ( 'NONE',  ( 24.11913540942829215, 139.1548136535733420, 67.20597475555193512 ) ) ;
#3032 = ORIENTED_EDGE ( 'NONE', *, *, #3334, .F. ) ;
#3033 = AXIS2_PLACEMENT_3D ( 'NONE', #3726, #3050, #2667 ) ;
#3034 = CARTESIAN_POINT ( 'NONE',  ( 141.7546631758569049, 78.31456920032026403, 181.6938541172295913 ) ) ;
#3035 = DIRECTION ( 'NONE',  ( 0.000000000000000000, 6.938893903907222067E-15, -1.000000000000000000 ) ) ;
#3036 = CARTESIAN_POINT ( 'NONE',  ( 24.66528168694229706, 139.6298625323065323, 67.29772778946762912 ) ) ;
#3037 = EDGE_CURVE ( 'NONE', #434, #2671, #4057, .T. ) ;
#3038 = EDGE_CURVE ( 'NONE', #4734, #1477, #3602, .T. ) ;
#3039 = CARTESIAN_POINT ( 'NONE',  ( 146.0000000000000284, 13.99999999999995737, 229.3172427686234300 ) ) ;
#3040 = CARTESIAN_POINT ( 'NONE',  ( 32.95476466206860522, 140.9850604788324802, 69.19681350764923877 ) ) ;
#3041 = CARTESIAN_POINT ( 'NONE',  ( 142.1599019657278689, 61.40497669316339824, 151.4087050285450289 ) ) ;
#3042 = ORIENTED_EDGE ( 'NONE', *, *, #2824, .T. ) ;
#3043 = CARTESIAN_POINT ( 'NONE',  ( 34.05877273185283372, 13.99999999999996092, 69.19999999999998863 ) ) ;
#3044 =( NAMED_UNIT ( * ) SI_UNIT ( $, .STERADIAN. ) SOLID_ANGLE_UNIT ( ) );
#3045 = CARTESIAN_POINT ( 'NONE',  ( 140.8641029389229686, 50.67409428760701218, 149.0530978291118345 ) ) ;
#3046 = DIRECTION ( 'NONE',  ( -1.000000000000000000, 0.000000000000000000, 0.000000000000000000 ) ) ;
#3047 = CARTESIAN_POINT ( 'NONE',  ( 146.6913116404899711, 86.37108339404737478, 144.4677955068262918 ) ) ;
#3048 = CARTESIAN_POINT ( 'NONE',  ( 130.1452109464849229, 65.97407529601240128, 148.2670134439683238 ) ) ;
#3049 = ADVANCED_FACE ( 'NONE', ( #1410 ), #3327, .T. ) ;
#3050 = DIRECTION ( 'NONE',  ( -0.000000000000000000, -1.000000000000000000, -0.000000000000000000 ) ) ;
#3051 = CARTESIAN_POINT ( 'NONE',  ( 144.7977837099565193, 57.74739295377445103, 154.1517261233492775 ) ) ;
#3052 = CARTESIAN_POINT ( 'NONE',  ( 147.8945952157004058, 110.6523415008025495, 162.5484550197178919 ) ) ;
#3053 = CARTESIAN_POINT ( 'NONE',  ( 106.7132421716805482, 34.19875473610279215, 111.2456505621106260 ) ) ;
#3054 = CARTESIAN_POINT ( 'NONE',  ( 25.02955882270260446, 139.7858455962445134, 67.36023508444711183 ) ) ;
#3055 = ORIENTED_EDGE ( 'NONE', *, *, #2487, .F. ) ;
#3056 = CARTESIAN_POINT ( 'NONE',  ( 32.33244044594131594, 14.03018376053455363, 68.80221029015039846 ) ) ;
#3057 = CARTESIAN_POINT ( 'NONE',  ( 57.53876845661687156, 139.2642574678718290, 67.21318858412148245 ) ) ;
#3058 = CARTESIAN_POINT ( 'NONE',  ( 131.1036335387827023, 91.20052652520092806, 150.2573310756179694 ) ) ;
#3059 = EDGE_CURVE ( 'NONE', #4088, #1450, #1101, .T. ) ;
#3060 = CARTESIAN_POINT ( 'NONE',  ( 146.8391263934976223, 103.0559087691370479, 146.5092920706409814 ) ) ;
#3061 = CARTESIAN_POINT ( 'NONE',  ( 23.91823580719018949, 138.9999999999999432, 69.18630136986297430 ) ) ;
#3062 = CARTESIAN_POINT ( 'NONE',  ( 141.7414740312485435, 62.22547545999950813, 150.6331798915629463 ) ) ;
#3063 = ORIENTED_EDGE ( 'NONE', *, *, #2681, .T. ) ;
#3064 = CARTESIAN_POINT ( 'NONE',  ( 25.83160166773529554, 13.68964319974859478, 68.35028922449694733 ) ) ;
#3065 = FILL_AREA_STYLE_COLOUR ( '', #1962 ) ;
#3066 = CARTESIAN_POINT ( 'NONE',  ( 142.8630753551438204, 55.37114204367622250, 152.7492691064215649 ) ) ;
#3067 = CARTESIAN_POINT ( 'NONE',  ( 148.0000000000000284, 83.23883935612938956, 157.9660641079360914 ) ) ;
#3068 = CARTESIAN_POINT ( 'NONE',  ( 134.9169506306131154, 60.43831994985656308, 152.0720765281936053 ) ) ;
#3069 = CARTESIAN_POINT ( 'NONE',  ( 143.6351557438066493, 84.47957185702976801, 144.8061002041685015 ) ) ;
#3070 = CARTESIAN_POINT ( 'NONE',  ( 146.8391263934976223, 103.0559087691370479, 146.5092920706409814 ) ) ;
#3071 = CARTESIAN_POINT ( 'NONE',  ( 24.01820672292093306, 15.74013381336922279, 69.18630294467348563 ) ) ;
#3072 = CARTESIAN_POINT ( 'NONE',  ( 25.13313420410527144, 139.8262052490122187, 67.37815052026124363 ) ) ;
#3073 = CARTESIAN_POINT ( 'NONE',  ( 144.9274955613624627, 39.94166468735391362, 216.7893400807338082 ) ) ;
#3074 = CARTESIAN_POINT ( 'NONE',  ( 148.0000000000000000, 79.84327711381847337, 162.7764876218308814 ) ) ;
#3075 = CARTESIAN_POINT ( 'NONE',  ( 144.8265142433642438, 33.30029913068104719, 219.2950949390809399 ) ) ;
#3076 = CARTESIAN_POINT ( 'NONE',  ( 131.9402144551302740, 90.84767502486447199, 152.0597930054858864 ) ) ;
#3077 = ADVANCED_FACE ( 'NONE', ( #2931 ), #2196, .T. ) ;
#3078 = CARTESIAN_POINT ( 'NONE',  ( 113.0981426466006354, 32.52189310097850949, 104.7529909244808550 ) ) ;
#3079 = CARTESIAN_POINT ( 'NONE',  ( 148.0000000000000284, 15.99999999999995914, 163.2102051443364701 ) ) ;
#3080 = CARTESIAN_POINT ( 'NONE',  ( 134.3567544689570354, 58.61731977319883669, 138.8908339261128333 ) ) ;
#3081 = ORIENTED_EDGE ( 'NONE', *, *, #1281, .T. ) ;
#3082 = CARTESIAN_POINT ( 'NONE',  ( 24.96739550660644014, 13.39557221760341932, 68.27451311279689605 ) ) ;
#3083 = DIRECTION ( 'NONE',  ( -0.7338903046198165248, 0.000000000000000000, 0.6792680036517494413 ) ) ;
#3084 = CARTESIAN_POINT ( 'NONE',  ( 141.7127031695721655, 51.70962048732697269, 150.5793642068492204 ) ) ;
#3085 = ADVANCED_FACE ( 'NONE', ( #15, #4751 ), #662, .F. ) ;
#3086 = AXIS2_PLACEMENT_3D ( 'NONE', #792, #714, #1154 ) ;
#3087 = ADVANCED_FACE ( 'NONE', ( #3681 ), #2220, .T. ) ;
#3088 = CARTESIAN_POINT ( 'NONE',  ( 148.0000000000000284, 85.90392332719318347, 153.6871682855385757 ) ) ;
#3089 = CARTESIAN_POINT ( 'NONE',  ( 134.8120732664192190, 53.29026357113654200, 151.8849164670771756 ) ) ;
#3090 = ORIENTED_EDGE ( 'NONE', *, *, #3641, .T. ) ;
#3091 = AXIS2_PLACEMENT_3D ( 'NONE', #2808, #2004, #2427 ) ;
#3092 = CARTESIAN_POINT ( 'NONE',  ( 127.5715222409798741, 50.37584519058049892, 137.9486119258670271 ) ) ;
#3093 = AXIS2_PLACEMENT_3D ( 'NONE', #1680, #1657, #620 ) ;
#3094 = CARTESIAN_POINT ( 'NONE',  ( 146.0000000000000284, 15.99999999999995914, 236.5153120237517328 ) ) ;
#3095 = CARTESIAN_POINT ( 'NONE',  ( 25.44494087028941109, 139.9367452302778077, 67.43253149769998345 ) ) ;
#3096 = CARTESIAN_POINT ( 'NONE',  ( 144.9432169123454912, 39.44722554039271500, 216.2611685164333437 ) ) ;
#3097 = CARTESIAN_POINT ( 'NONE',  ( 142.5509249736601021, 107.3582984870602104, 146.9271203991727646 ) ) ;
#3098 = CARTESIAN_POINT ( 'NONE',  ( 133.4612470149956778, 34.01332134627874382, 131.4280089202871977 ) ) ;
#3099 = CARTESIAN_POINT ( 'NONE',  ( 31.90027203782982923, 140.9411204159700901, 68.70841704718777976 ) ) ;
#3100 = AXIS2_PLACEMENT_3D ( 'NONE', #2790, #1696, #4625 ) ;
#3101 = AXIS2_PLACEMENT_3D ( 'NONE', #2145, #2933, #44 ) ;
#3102 = CARTESIAN_POINT ( 'NONE',  ( 114.4868875206917380, 31.99999999999995737, 106.2341914303274422 ) ) ;
#3103 = CARTESIAN_POINT ( 'NONE',  ( 141.9665232085421849, 106.7853934964627740, 144.9753448189678977 ) ) ;
#3104 = CARTESIAN_POINT ( 'NONE',  ( 138.9935506056695544, 48.60006242687262557, 141.3681223234458741 ) ) ;
#3105 = ORIENTED_EDGE ( 'NONE', *, *, #3135, .F. ) ;
#3106 = CARTESIAN_POINT ( 'NONE',  ( 26.06583712650873252, 13.73861899770433403, 68.37125777782523528 ) ) ;
#3107 = AXIS2_PLACEMENT_3D ( 'NONE', #3404, #118, #4515 ) ;
#3108 = ORIENTED_EDGE ( 'NONE', *, *, #2706, .F. ) ;
#3109 = ADVANCED_FACE ( 'NONE', ( #2119 ), #3605, .F. ) ;
#3110 = B_SPLINE_CURVE_WITH_KNOTS ( 'NONE', 3,
 ( #2827, #2497, #1069, #296, #3194, #733 ),
 .UNSPECIFIED., .F., .F.,
 ( 4, 2, 4 ),
 ( 0.000000000000000000, 0.002129802628420449876, 0.004259605256840899752 ),
 .UNSPECIFIED. ) ;
#3111 = CARTESIAN_POINT ( 'NONE',  ( 134.7715686976633833, 53.17348752343507812, 151.8122432798080581 ) ) ;
#3112 = DIRECTION ( 'NONE',  ( 0.000000000000000000, 1.000000000000000000, 0.000000000000000000 ) ) ;
#3113 = CIRCLE ( 'NONE', #3276, 2.000000000000001776 ) ;
#3114 = CARTESIAN_POINT ( 'NONE',  ( 148.0000000000000284, 85.57963890686662012, 154.5489601374681001 ) ) ;
#3115 = CARTESIAN_POINT ( 'NONE',  ( 132.2327705049562212, 54.96517197901083307, 152.6430897925856129 ) ) ;
#3116 = ORIENTED_EDGE ( 'NONE', *, *, #3199, .F. ) ;
#3117 = EDGE_CURVE ( 'NONE', #3876, #479, #3628, .T. ) ;
#3118 = CARTESIAN_POINT ( 'NONE',  ( 126.7073160613907703, 49.41421849094277263, 141.6960302938589109 ) ) ;
#3119 = CARTESIAN_POINT ( 'NONE',  ( 104.4150095759854935, 35.99999999999996447, 111.5741144719216607 ) ) ;
#3120 = CARTESIAN_POINT ( 'NONE',  ( 24.82335379523766505, 139.6959615845261169, 67.32481468756822096 ) ) ;
#3121 = CARTESIAN_POINT ( 'NONE',  ( 107.3994873164124044, 33.99999999999995737, 111.8289378148673023 ) ) ;
#3122 = CARTESIAN_POINT ( 'NONE',  ( 148.0000000000000000, 78.51849567405605512, 163.2102051443364417 ) ) ;
#3123 = CARTESIAN_POINT ( 'NONE',  ( 130.7266951145137170, 97.38957033258168394, 149.4658926122295952 ) ) ;
#3124 = CARTESIAN_POINT ( 'NONE',  ( 142.7978359191822619, 54.90885637720570855, 152.6227189105519813 ) ) ;
#3125 = DIRECTION ( 'NONE',  ( 0.7985314644174797971, 5.540925110524557775E-15, -0.6019530715390323250 ) ) ;
#3126 = CARTESIAN_POINT ( 'NONE',  ( 138.9018955769575143, 110.6862001428347639, 146.5737549093772145 ) ) ;
#3127 = CARTESIAN_POINT ( 'NONE',  ( 148.0000000000000284, 15.99999999999995914, 162.8846879762482160 ) ) ;
#3128 = VERTEX_POINT ( 'NONE', #2626 ) ;
#3129 = CARTESIAN_POINT ( 'NONE',  ( 146.2915533450597536, 140.9804542876986773, 200.7855770505638020 ) ) ;
#3130 = CARTESIAN_POINT ( 'NONE',  ( 0.000000000000000000, 0.000000000000000000, 0.000000000000000000 ) ) ;
#3131 = CARTESIAN_POINT ( 'NONE',  ( 126.9135318395368586, 58.75016041812163081, 138.4446216146953361 ) ) ;
#3132 = LINE ( 'NONE', #2100, #1806 ) ;
#3133 = CARTESIAN_POINT ( 'NONE',  ( 143.4103406149308455, 51.91037458652083103, 150.7944901135391547 ) ) ;
#3134 = CARTESIAN_POINT ( 'NONE',  ( 126.2803327009864063, 34.96850074663520758, 140.9379477492627188 ) ) ;
#3135 = EDGE_CURVE ( 'NONE', #3519, #50, #1216, .T. ) ;
#3136 = CARTESIAN_POINT ( 'NONE',  ( 147.8033386070865447, 80.74574324990949492, 161.0238209578388364 ) ) ;
#3137 = CARTESIAN_POINT ( 'NONE',  ( 136.2006041618865027, 62.66545370018339156, 141.5359368636470379 ) ) ;
#3138 = CARTESIAN_POINT ( 'NONE',  ( 135.1507218979491256, 54.55927876963077239, 152.4979238011853226 ) ) ;
#3139 = VERTEX_POINT ( 'NONE', #4463 ) ;
#3140 = CARTESIAN_POINT ( 'NONE',  ( 132.2507108714291064, 50.23678893182854921, 152.7451311460552574 ) ) ;
#3141 = DIRECTION ( 'NONE',  ( -0.000000000000000000, 1.000000000000000000, 0.000000000000000000 ) ) ;
#3142 = CARTESIAN_POINT ( 'NONE',  ( 30.61241653847786637, 140.8621683076512454, 69.19153895362966011 ) ) ;
#3143 = CARTESIAN_POINT ( 'NONE',  ( 144.9616466875856702, 38.19347588453828024, 215.5361114661875206 ) ) ;
#3144 = DIRECTION ( 'NONE',  ( 0.000000000000000000, 0.000000000000000000, -1.000000000000000000 ) ) ;
#3145 = CARTESIAN_POINT ( 'NONE',  ( 130.4761866486728650, 96.89241074317115476, 148.9456491707173313 ) ) ;
#3146 = CARTESIAN_POINT ( 'NONE',  ( 138.0845473388899904, 50.02896138375302115, 144.4131939188171714 ) ) ;
#3147 = EDGE_CURVE ( 'NONE', #956, #3777, #349, .T. ) ;
#3148 = CARTESIAN_POINT ( 'NONE',  ( 114.1261451485473799, 32.02546571111135876, 105.8454464333167095 ) ) ;
#3149 = CARTESIAN_POINT ( 'NONE',  ( 144.1622181060135404, 104.8112568717400563, 146.3843518547616895 ) ) ;
#3150 = CARTESIAN_POINT ( 'NONE',  ( 141.9673517931732647, 48.24357175006154108, 147.5342538403158130 ) ) ;
#3151 = EDGE_LOOP ( 'NONE', ( #4291, #4761, #888 ) ) ;
#3152 = CARTESIAN_POINT ( 'NONE',  ( 129.7374595969486393, 62.29118774851165341, 136.3158739533719199 ) ) ;
#3153 = B_SPLINE_CURVE_WITH_KNOTS ( 'NONE', 3,
 ( #977, #2400, #3124, #1760, #4235, #4305, #2448, #2089, #2380, #949, #3169, #1694, #1314, #208, #562, #1019, #2023, #275, #3486, #1714, #2762, #1361, #3146, #230, #3870, #589, #2049, #1738, #998, #1407, #4623, #3222, #3513, #3578, #1335, #3895, #3197, #2069, #2425, #2785, #2807, #4282, #3943, #3918 ),
 .UNSPECIFIED., .F., .F.,
 ( 4, 2, 2, 2, 2, 2, 2, 2, 2, 2, 2, 2, 2, 2, 2, 2, 2, 2, 2, 2, 2, 4 ),
 ( 0.02564175719830305913, 0.02710074075947183775, 0.02855972432064061636, 0.02928921610122499353, 0.03001870788180937069, 0.03147769144297814237, 0.03220718322356257851, 0.03293667500414701466, 0.03439565856531592164, 0.03585464212648482862, 0.03731362568765374255, 0.03877260924882264259, 0.04023159280999155651, 0.04169057637116046350, 0.04314955993232937048, 0.04387905171291378581, 0.04460854349349820114, 0.04533803527408261647, 0.04606752705466703179, 0.04752651061583583469, 0.04825600239642025696, 0.04898549417700467229 ),
 .UNSPECIFIED. ) ;
#3154 = CARTESIAN_POINT ( 'NONE',  ( 126.1733079477257746, 33.99999999999997158, 136.8259266632235267 ) ) ;
#3155 = CARTESIAN_POINT ( 'NONE',  ( 133.5191958101987666, 50.99941866160307313, 149.6306646385003774 ) ) ;
#3156 = CARTESIAN_POINT ( 'NONE',  ( 23.92240847458142738, 15.94714976542643825, 69.18630141006553913 ) ) ;
#3157 = CARTESIAN_POINT ( 'NONE',  ( 126.2430030453403305, 34.71531115576908633, 140.8717866251353712 ) ) ;
#3158 = CIRCLE ( 'NONE', #4401, 2.000000000000001776 ) ;
#3159 = CARTESIAN_POINT ( 'NONE',  ( 105.2357239801682596, 32.12701882773734496, 112.4477745216750577 ) ) ;
#3160 = CARTESIAN_POINT ( 'NONE',  ( 138.1690427868864504, 60.82227749532168559, 139.7439717034207547 ) ) ;
#3161 = ORIENTED_EDGE ( 'NONE', *, *, #3038, .T. ) ;
#3162 = CARTESIAN_POINT ( 'NONE',  ( 128.3129029500332194, 48.13312273635339977, 144.6648547874534074 ) ) ;
#3163 = AXIS2_PLACEMENT_3D ( 'NONE', #4302, #1457, #1810 ) ;
#3164 = CARTESIAN_POINT ( 'NONE',  ( 144.2844713787245610, 57.87666637868300512, 152.8720386429871496 ) ) ;
#3165 = CARTESIAN_POINT ( 'NONE',  ( 145.0000000000000000, 76.65470979761705905, 180.4779565494661995 ) ) ;
#3166 = DIRECTION ( 'NONE',  ( 0.000000000000000000, 0.000000000000000000, -1.000000000000000000 ) ) ;
#3167 = CARTESIAN_POINT ( 'NONE',  ( 148.0000000000000284, 78.97044162057457584, 163.1161804044699295 ) ) ;
#3168 = CARTESIAN_POINT ( 'NONE',  ( 131.4154199755379011, 98.13823847066878159, 150.9215393503110931 ) ) ;
#3169 = CARTESIAN_POINT ( 'NONE',  ( 141.5851909887707052, 51.51083199161903536, 150.3458937992456868 ) ) ;
#3170 = VECTOR ( 'NONE', #2988, 1000.000000000000000 ) ;
#3171 = CARTESIAN_POINT ( 'NONE',  ( 111.6776929544101620, 35.73325683009275622, 103.2775831319351596 ) ) ;
#3172 = VECTOR ( 'NONE', #3886, 1000.000000000000000 ) ;
#3173 = CARTESIAN_POINT ( 'NONE',  ( 139.0252454964699780, 109.4183852045337204, 146.4865054262019726 ) ) ;
#3174 = CARTESIAN_POINT ( 'NONE',  ( 144.4639288187801753, 53.12844357642389781, 153.3252694310516802 ) ) ;
#3175 = EDGE_LOOP ( 'NONE', ( #2300, #1002, #2728, #1994 ) ) ;
#3176 = CARTESIAN_POINT ( 'NONE',  ( 128.0848317436338561, 51.50010306837261709, 141.3310851043431171 ) ) ;
#3177 = PRODUCT_RELATED_PRODUCT_CATEGORY ( 'part', '', ( #1308 ) ) ;
#3178 = EDGE_LOOP ( 'NONE', ( #1139, #2647, #3055, #458 ) ) ;
#3179 = AXIS2_PLACEMENT_3D ( 'NONE', #2701, #1272, #432 ) ;
#3180 = CARTESIAN_POINT ( 'NONE',  ( 126.4900819620014545, 59.80729884155531551, 138.7638287665461121 ) ) ;
#3181 = ORIENTED_EDGE ( 'NONE', *, *, #4061, .T. ) ;
#3182 = CARTESIAN_POINT ( 'NONE',  ( 131.4668757755495108, 49.90888254131655799, 146.2963794385378264 ) ) ;
#3183 = CARTESIAN_POINT ( 'NONE',  ( 15.34646539598751502, 10.54970134121223246, 67.47398658421694506 ) ) ;
#3184 = CIRCLE ( 'NONE', #1131, 2.000000000000001776 ) ;
#3185 = CARTESIAN_POINT ( 'NONE',  ( 136.0449502795354704, 58.45870188770358311, 135.8601578241170103 ) ) ;
#3186 = CARTESIAN_POINT ( 'NONE',  ( 148.0000000000000284, 94.54888270868096356, 151.8487542277047169 ) ) ;
#3187 = B_SPLINE_CURVE_WITH_KNOTS ( 'NONE', 3,
 ( #2782, #1289, #4232, #1999, #3143, #4257, #227, #1691, #3096, #159, #3073, #179, #4576, #2738, #2445, #1623, #974, #541, #4551, #4620, #1311, #3892, #4214, #1332, #924, #246, #3821, #204, #2758, #2397, #3915, #2377, #2422, #3840 ),
 .UNSPECIFIED., .F., .F.,
 ( 4, 2, 2, 2, 2, 2, 2, 2, 2, 2, 2, 2, 2, 2, 2, 2, 4 ),
 ( 0.000000000000000000, 0.0007234343902862391037, 0.001446868780572478207, 0.002170303170858717094, 0.002893737561144956415, 0.003617171951431195735, 0.004340606341717434188, 0.005064040732003673509, 0.005787475122289912829, 0.006510909512576152150, 0.007234343902862391470, 0.007957778293148630791, 0.008681212683434868377, 0.009404647073721107697, 0.01012808146400734702, 0.01085151585429358634, 0.01157495024457982566 ),
 .UNSPECIFIED. ) ;
#3188 = CARTESIAN_POINT ( 'NONE',  ( 136.4499944449312636, 60.81915422461142384, 136.5863480531470486 ) ) ;
#3189 = ORIENTED_EDGE ( 'NONE', *, *, #2441, .T. ) ;
#3190 = CARTESIAN_POINT ( 'NONE',  ( 133.4261981674532933, 54.75003984810528834, 155.4331965276086009 ) ) ;
#3191 = AXIS2_PLACEMENT_3D ( 'NONE', #135, #4459, #3818 ) ;
#3192 = DIRECTION ( 'NONE',  ( 1.000000000000000000, 0.000000000000000000, 0.000000000000000000 ) ) ;
#3193 = CARTESIAN_POINT ( 'NONE',  ( 1.009719629430382282E-25, 15.99999999999995914, 212.1999999999999602 ) ) ;
#3194 = CARTESIAN_POINT ( 'NONE',  ( 147.3066664684293414, 100.7279968588104282, 144.8846879762482445 ) ) ;
#3195 = CARTESIAN_POINT ( 'NONE',  ( 57.46204933097477152, 14.77420994681460087, 67.61423106571713504 ) ) ;
#3196 = CARTESIAN_POINT ( 'NONE',  ( 130.0862710473977302, 94.54888270868097777, 148.1487542277047282 ) ) ;
#3197 = CARTESIAN_POINT ( 'NONE',  ( 134.7073837960363392, 54.00011387534147644, 139.3818730462329825 ) ) ;
#3198 = DIRECTION ( 'NONE',  ( 0.000000000000000000, 0.000000000000000000, 1.000000000000000000 ) ) ;
#3199 = EDGE_CURVE ( 'NONE', #4426, #3356, #3487, .T. ) ;
#3200 = CARTESIAN_POINT ( 'NONE',  ( 145.2673169843236280, 103.9376451970386483, 146.3787578234893090 ) ) ;
#3201 = CARTESIAN_POINT ( 'NONE',  ( 141.4440468658755776, 48.00734796298540630, 146.3996942983657448 ) ) ;
#3202 = ORIENTED_EDGE ( 'NONE', *, *, #3361, .T. ) ;
#3203 = CARTESIAN_POINT ( 'NONE',  ( 126.0600325341223993, 31.99999999999995737, 136.5834132118091304 ) ) ;
#3204 = ORIENTED_EDGE ( 'NONE', *, *, #1466, .F. ) ;
#3205 = CARTESIAN_POINT ( 'NONE',  ( 147.5209990141958372, 105.7904865834728270, 156.5021522368221554 ) ) ;
#3206 = ORIENTED_EDGE ( 'NONE', *, *, #694, .T. ) ;
#3207 = PLANE ( 'NONE',  #818 ) ;
#3208 = CARTESIAN_POINT ( 'NONE',  ( 23.93563534255275016, 15.89273271339056848, 69.18630154239168917 ) ) ;
#3209 = CARTESIAN_POINT ( 'NONE',  ( 113.7610817844472564, 32.10434345167489312, 105.4542443323496599 ) ) ;
#3210 = EDGE_CURVE ( 'NONE', #566, #790, #196, .T. ) ;
#3211 = DIRECTION ( 'NONE',  ( 0.000000000000000000, 0.000000000000000000, -1.000000000000000000 ) ) ;
#3212 = CARTESIAN_POINT ( 'NONE',  ( 138.6614519359009705, 62.03818184498089749, 140.7070979395663528 ) ) ;
#3213 = EDGE_LOOP ( 'NONE', ( #497, #4203, #1274, #3289 ) ) ;
#3214 = CARTESIAN_POINT ( 'NONE',  ( 132.4975744604268186, 56.47570402291906078, 138.7357337226834488 ) ) ;
#3215 = EDGE_LOOP ( 'NONE', ( #3314, #3543, #3283, #366, #2073, #4532, #2679, #3922, #2767, #2417, #1942, #4688 ) ) ;
#3216 = B_SPLINE_CURVE_WITH_KNOTS ( 'NONE', 3,
 ( #1756, #2849, #1190, #2953, #4504, #414, #1882, #759, #2596, #1145, #465, #1213, #107, #1572, #1925, #4049, #2665, #4455 ),
 .UNSPECIFIED., .F., .F.,
 ( 4, 2, 2, 2, 2, 2, 2, 2, 4 ),
 ( 0.000000000000000000, 0.0007851715431478969737, 0.001570343086295793947, 0.002355514629443691138, 0.003140686172591587895, 0.003925857715739484652, 0.004711029258887382276, 0.005496200802035279033, 0.006281372345183175790 ),
 .UNSPECIFIED. ) ;
#3217 = LINE ( 'NONE', #3270, #1348 ) ;
#3218 = CARTESIAN_POINT ( 'NONE',  ( 126.4337439576806190, 34.20098978030205927, 137.4080287918795023 ) ) ;
#3219 = DIRECTION ( 'NONE',  ( 0.4907056874467338736, 0.000000000000000000, 0.8713253860111205285 ) ) ;
#3220 = CARTESIAN_POINT ( 'NONE',  ( 24.08318915758460221, 138.9999999999999432, 67.19999999999998863 ) ) ;
#3221 = CARTESIAN_POINT ( 'NONE',  ( 134.3126484163760210, 35.55072017185565869, 132.8215046146065106 ) ) ;
#3222 = CARTESIAN_POINT ( 'NONE',  ( 135.2873257308155814, 52.64926625935611071, 140.2060471865175941 ) ) ;
#3223 = CARTESIAN_POINT ( 'NONE',  ( 146.0000000000000284, 13.99999999999995737, 229.3172427686234300 ) ) ;
#3224 = CARTESIAN_POINT ( 'NONE',  ( 142.9669589851930596, 83.74243624372708439, 144.8532996441552996 ) ) ;
#3225 = CARTESIAN_POINT ( 'NONE',  ( 126.8809256005557984, -31.74896908357791148, 138.4692010164935994 ) ) ;
#3226 = CARTESIAN_POINT ( 'NONE',  ( 112.6182790678189036, 34.05212185520966273, 107.2411762133512099 ) ) ;
#3227 = CARTESIAN_POINT ( 'NONE',  ( 142.9793895016769909, 82.65386993514863434, 146.7209417217455325 ) ) ;
#3228 = ORIENTED_EDGE ( 'NONE', *, *, #1073, .T. ) ;
#3229 = CARTESIAN_POINT ( 'NONE',  ( 148.0000000000000284, 102.5977842328817218, 151.9404771076137024 ) ) ;
#3230 = ORIENTED_EDGE ( 'NONE', *, *, #1227, .T. ) ;
#3231 = CARTESIAN_POINT ( 'NONE',  ( 145.3629176709818580, 87.51771559547769641, 144.8846879762482445 ) ) ;
#3232 = CARTESIAN_POINT ( 'NONE',  ( 134.5929199958966365, 52.71575352512962098, 151.4935922410233502 ) ) ;
#3233 = DIRECTION ( 'NONE',  ( 0.000000000000000000, 0.000000000000000000, 1.000000000000000000 ) ) ;
#3234 = CARTESIAN_POINT ( 'NONE',  ( 125.8603359528026289, 33.36251347123645417, 140.1985468294197688 ) ) ;
#3235 = CARTESIAN_POINT ( 'NONE',  ( 146.0000000000000284, 140.9999999999999716, 229.3172427686234300 ) ) ;
#3236 = CARTESIAN_POINT ( 'NONE',  ( 138.4324105127756468, 61.53388073768329036, 140.2585795048236434 ) ) ;
#3237 = EDGE_LOOP ( 'NONE', ( #2392, #2077 ) ) ;
#3238 = EDGE_CURVE ( 'NONE', #3128, #4200, #206, .T. ) ;
#3239 = CARTESIAN_POINT ( 'NONE',  ( 130.9254282848736182, 54.67270992458459489, 135.4203533227474736 ) ) ;
#3240 = CARTESIAN_POINT ( 'NONE',  ( 126.3421809716116542, 140.9999999999999716, 141.0476753202220550 ) ) ;
#3241 = CARTESIAN_POINT ( 'NONE',  ( 125.1776622022408105, 34.55977808487106273, 139.0056218129898866 ) ) ;
#3242 = FACE_OUTER_BOUND ( 'NONE', #4372, .T. ) ;
#3243 = CARTESIAN_POINT ( 'NONE',  ( 135.4587480663807355, 35.99999999999997868, 134.8247612456750062 ) ) ;
#3244 = CARTESIAN_POINT ( 'NONE',  ( 145.0000000000000000, 76.65470979761705905, 178.3779565494662052 ) ) ;
#3245 = CIRCLE ( 'NONE', #3330, 154.0000000000000000 ) ;
#3246 = CARTESIAN_POINT ( 'NONE',  ( 0.000000000000000000, 138.9999999999999432, 212.1999999999999602 ) ) ;
#3247 = CARTESIAN_POINT ( 'NONE',  ( 131.3183788878210123, 57.33599329938035538, 135.1241372900080648 ) ) ;
#3248 = CARTESIAN_POINT ( 'NONE',  ( 131.9030423472141251, 34.06265086127478270, 132.8214517568889903 ) ) ;
#3249 = CARTESIAN_POINT ( 'NONE',  ( 146.0000000000000284, 140.9999999999999716, 163.2102051443364985 ) ) ;
#3250 = CARTESIAN_POINT ( 'NONE',  ( 24.08318915758459511, 140.9999999999999716, 69.19999999999998863 ) ) ;
#3251 = AXIS2_PLACEMENT_3D ( 'NONE', #1068, #4353, #4642 ) ;
#3252 = CIRCLE ( 'NONE', #348, 154.0000000000000000 ) ;
#3253 = CARTESIAN_POINT ( 'NONE',  ( 147.9999999999999716, 107.2253061756789805, 160.2901504654230109 ) ) ;
#3254 = ORIENTED_EDGE ( 'NONE', *, *, #3835, .T. ) ;
#3255 = CARTESIAN_POINT ( 'NONE',  ( 145.0418857927375313, 85.47916693141368683, 144.8846879762482445 ) ) ;
#3256 = CARTESIAN_POINT ( 'NONE',  ( 131.2735616922460338, 48.78947423100562020, 150.6172724330737935 ) ) ;
#3257 = ORIENTED_EDGE ( 'NONE', *, *, #3883, .F. ) ;
#3258 = CARTESIAN_POINT ( 'NONE',  ( 13.66835044751643125, 11.81973785771381280, 67.33486400803366223 ) ) ;
#3259 = CARTESIAN_POINT ( 'NONE',  ( 137.9138096946419978, 54.17256013233520662, 139.2438323303305197 ) ) ;
#3260 = ORIENTED_EDGE ( 'NONE', *, *, #2010, .F. ) ;
#3261 = EDGE_LOOP ( 'NONE', ( #4447, #1552, #2236, #1089, #3541, #3260 ) ) ;
#3262 = AXIS2_PLACEMENT_3D ( 'NONE', #2223, #4392, #2585 ) ;
#3263 = UNCERTAINTY_MEASURE_WITH_UNIT (LENGTH_MEASURE( 1.000000000000000082E-05 ), #869, 'distance_accuracy_value', 'NONE');
#3264 = AXIS2_PLACEMENT_3D ( 'NONE', #1381, #2522, #3576 ) ;
#3265 = FACE_OUTER_BOUND ( 'NONE', #4146, .T. ) ;
#3266 = DIRECTION ( 'NONE',  ( -0.000000000000000000, -1.000000000000000000, -0.000000000000000000 ) ) ;
#3267 = EDGE_CURVE ( 'NONE', #2179, #4758, #2869, .T. ) ;
#3268 = ORIENTED_EDGE ( 'NONE', *, *, #2232, .F. ) ;
#3269 = ADVANCED_FACE ( 'NONE', ( #4644 ), #1644, .T. ) ;
#3270 = CARTESIAN_POINT ( 'NONE',  ( 146.0000000000000284, 140.9999999999999716, 236.5153120237517328 ) ) ;
#3271 = CARTESIAN_POINT ( 'NONE',  ( 125.4186415027542267, 35.28082287878274315, 139.4128861404071529 ) ) ;
#3272 = DIRECTION ( 'NONE',  ( 0.000000000000000000, 0.000000000000000000, 1.000000000000000000 ) ) ;
#3273 = CARTESIAN_POINT ( 'NONE',  ( 145.2963414862280445, 140.9999999999999716, 234.5153120237517612 ) ) ;
#3274 = CARTESIAN_POINT ( 'NONE',  ( 140.4450121356174179, 73.69767456641491776, 176.1411429431343834 ) ) ;
#3275 = CARTESIAN_POINT ( 'NONE',  ( 135.3814577245729538, 56.99999999999897682, 152.9212002188447457 ) ) ;
#3276 = AXIS2_PLACEMENT_3D ( 'NONE', #1619, #4548, #2713 ) ;
#3277 = CARTESIAN_POINT ( 'NONE',  ( 23.92600680354838616, 139.0718579770670829, 69.18630144997158027 ) ) ;
#3278 = CARTESIAN_POINT ( 'NONE',  ( 140.8791689910401317, 78.00195101707859635, 145.1552012882019653 ) ) ;
#3279 = DIRECTION ( 'NONE',  ( 1.000000000000000000, 0.000000000000000000, 0.000000000000000000 ) ) ;
#3280 = CARTESIAN_POINT ( 'NONE',  ( 141.2669273736166531, 107.8555198335172207, 146.0209566593699719 ) ) ;
#3281 = DIRECTION ( 'NONE',  ( -0.000000000000000000, -1.000000000000000000, -0.000000000000000000 ) ) ;
#3282 = CARTESIAN_POINT ( 'NONE',  ( 148.0000000000000000, 106.4963204523519380, 159.1550091293592573 ) ) ;
#3283 = ORIENTED_EDGE ( 'NONE', *, *, #3059, .T. ) ;
#3284 = CARTESIAN_POINT ( 'NONE',  ( 126.8809256005557984, 138.9999999999999432, 138.4692010164935994 ) ) ;
#3285 = CARTESIAN_POINT ( 'NONE',  ( 134.3007842503106701, 58.13810806623027361, 138.8130114350303472 ) ) ;
#3286 = ORIENTED_EDGE ( 'NONE', *, *, #1549, .T. ) ;
#3287 = CARTESIAN_POINT ( 'NONE',  ( 22.84375520115990454, 11.73756213438559648, 68.09571748090800725 ) ) ;
#3288 = CARTESIAN_POINT ( 'NONE',  ( 138.3455529758827254, 52.68617728166145753, 140.0888500374502996 ) ) ;
#3289 = ORIENTED_EDGE ( 'NONE', *, *, #4363, .T. ) ;
#3290 = EDGE_CURVE ( 'NONE', #1477, #1141, #3391, .T. ) ;
#3291 = CARTESIAN_POINT ( 'NONE',  ( 105.8125680968558129, 35.73917418245984834, 110.5205997617566283 ) ) ;
#3292 = CARTESIAN_POINT ( 'NONE',  ( 146.0000000000000284, 138.9999999999999432, 234.5153120237517328 ) ) ;
#3293 = ORIENTED_EDGE ( 'NONE', *, *, #2530, .F. ) ;
#3294 = CARTESIAN_POINT ( 'NONE',  ( 132.3252059639644074, 55.69568590222208115, 138.8371121270347999 ) ) ;
#3295 = EDGE_CURVE ( 'NONE', #2894, #1176, #4243, .T. ) ;
#3296 = CARTESIAN_POINT ( 'NONE',  ( 141.4705182241090711, 64.12834202261356609, 146.4545400044206360 ) ) ;
#3297 = CARTESIAN_POINT ( 'NONE',  ( 148.0000000000000000, 78.89176791159397339, 162.7875722822944624 ) ) ;
#3298 = CARTESIAN_POINT ( 'NONE',  ( 148.0000000000000000, 87.94442113095539071, 144.9595922789031590 ) ) ;
#3299 = CARTESIAN_POINT ( 'NONE',  ( 57.53876862866754038, 15.73575156061936298, 67.21318768400796273 ) ) ;
#3300 = CARTESIAN_POINT ( 'NONE',  ( 134.2529097810416943, 35.22443689717953674, 132.7256044244062139 ) ) ;
#3301 = DIRECTION ( 'NONE',  ( -0.000000000000000000, -1.000000000000000000, -0.000000000000000000 ) ) ;
#3302 = CARTESIAN_POINT ( 'NONE',  ( 15.61533708443901958, 144.5797251852723377, 67.49627724698527231 ) ) ;
#3303 = CARTESIAN_POINT ( 'NONE',  ( 141.9644828281421951, 79.38292612114646829, 147.3076505495260733 ) ) ;
#3304 = DIRECTION ( 'NONE',  ( -0.000000000000000000, -1.000000000000000000, -0.000000000000000000 ) ) ;
#3305 = DIRECTION ( 'NONE',  ( -1.000000000000000000, 6.938893903907222067E-15, 0.000000000000000000 ) ) ;
#3306 = CARTESIAN_POINT ( 'NONE',  ( 141.0000000000000000, 84.14543637690721312, 145.4542136161390147 ) ) ;
#3307 = ADVANCED_FACE ( 'NONE', ( #4621 ), #4552, .T. ) ;
#3308 = CARTESIAN_POINT ( 'NONE',  ( 148.0000000000000000, 108.5423189731571085, 161.7847915442375495 ) ) ;
#3309 = CARTESIAN_POINT ( 'NONE',  ( 145.7707948045800492, 85.50235995314086779, 146.4209448408455501 ) ) ;
#3310 = CARTESIAN_POINT ( 'NONE',  ( 128.4556530775986118, 51.08068815576899624, 141.8448222206714320 ) ) ;
#3311 = EDGE_LOOP ( 'NONE', ( #3637, #693, #3634, #1546 ) ) ;
#3312 = CARTESIAN_POINT ( 'NONE',  ( 24.00037001112178814, 15.76728169566312232, 69.18630262675750942 ) ) ;
#3313 = CARTESIAN_POINT ( 'NONE',  ( 135.9996998395750154, 55.95884080575907404, 135.7795658959486218 ) ) ;
#3314 = ORIENTED_EDGE ( 'NONE', *, *, #4207, .T. ) ;
#3315 = CARTESIAN_POINT ( 'NONE',  ( 148.0000000000000568, 101.2165370049648629, 146.7270460531951244 ) ) ;
#3316 = ORIENTED_EDGE ( 'NONE', *, *, #3641, .F. ) ;
#3317 = CARTESIAN_POINT ( 'NONE',  ( 142.9038236311327523, 55.85596296109866188, 152.8284235814629142 ) ) ;
#3318 = CARTESIAN_POINT ( 'NONE',  ( 138.4513480586044238, 64.06567328228528879, 144.9963402169223627 ) ) ;
#3319 = CARTESIAN_POINT ( 'NONE',  ( 148.0000000000000284, 78.52155844928832096, 163.2102051368912043 ) ) ;
#3320 = CARTESIAN_POINT ( 'NONE',  ( 127.6977408615161664, 65.50596237085947848, 143.5089239789088822 ) ) ;
#3321 = CARTESIAN_POINT ( 'NONE',  ( 113.3641599921632661, 35.22287735885073801, 105.0151762129977442 ) ) ;
#3322 = CARTESIAN_POINT ( 'NONE',  ( 132.1096840951414890, 34.26312517209640163, 133.2755191081471651 ) ) ;
#3323 = DIRECTION ( 'NONE',  ( 0.000000000000000000, 0.000000000000000000, 1.000000000000000000 ) ) ;
#3324 = ORIENTED_EDGE ( 'NONE', *, *, #1864, .T. ) ;
#3325 = CARTESIAN_POINT ( 'NONE',  ( 24.40613121227639937, 139.5650008762939649, 69.18632752491977556 ) ) ;
#3326 = CARTESIAN_POINT ( 'NONE',  ( 131.3183788878187670, 57.00000000000000000, 135.1241372900097701 ) ) ;
#3327 = SPHERICAL_SURFACE ( 'NONE', #2649, 2.000000000000000000 ) ;
#3328 = CARTESIAN_POINT ( 'NONE',  ( 124.3449300506649564, 31.99999999999995737, 137.6122103109682087 ) ) ;
#3329 = DIRECTION ( 'NONE',  ( 0.3998581078393235733, -0.5796530250814110330, 0.7100111718199405564 ) ) ;
#3330 = AXIS2_PLACEMENT_3D ( 'NONE', #2546, #4691, #2877 ) ;
#3331 = B_SPLINE_CURVE_WITH_KNOTS ( 'NONE', 3,
 ( #1908, #3350, #418, #4076, #4480, #3051, #4140, #4528, #3750, #1532, #2668, #3773, #4507, #1218, #1171, #4436, #2600, #2980, #2620, #4097, #155, #491, #66, #4458, #809, #468, #3727, #1951, #2690, #3002, #3421, #134, #445, #3797, #2262, #4164, #1238, #1194, #1599, #3376, #1929, #2238, #875, #3398, #89, #1618, #110, #1148 ),
 .UNSPECIFIED., .F., .F.,
 ( 4, 2, 2, 2, 2, 2, 2, 2, 2, 2, 2, 2, 2, 2, 2, 2, 2, 2, 2, 2, 2, 2, 2, 4 ),
 ( 0.02910085582752060598, 0.03005673311893522145, 0.03101261041034983693, 0.03196848770176444893, 0.03292436499317906440, 0.03483611957600833003, 0.03579199686742298714, 0.03674787415883764424, 0.03865962874166696539, 0.04057138332449627960, 0.04248313790732559381, 0.04439489249015490802, 0.04535076978156956512, 0.04630664707298422222, 0.04821840165581349480, 0.04917427894722811027, 0.05013015623864273268, 0.05204191082147205383, 0.05299778811288674563, 0.05395366540430143742, 0.05586541998713084878, 0.05682129727854554752, 0.05777717456996024625, 0.05968892915278963679 ),
 .UNSPECIFIED. ) ;
#3332 = CARTESIAN_POINT ( 'NONE',  ( 0.000000000000000000, 111.0488827086810062, 212.1999999999999602 ) ) ;
#3333 = TOROIDAL_SURFACE ( 'NONE', #4410, 154.0000000000000000, 2.000000000000000000 ) ;
#3334 = EDGE_CURVE ( 'NONE', #664, #4559, #2569, .T. ) ;
#3335 = CARTESIAN_POINT ( 'NONE',  ( 0.000000000000000000, 57.00000000000000000, 145.8212002188446945 ) ) ;
#3336 = CARTESIAN_POINT ( 'NONE',  ( 132.2397653730361071, 50.21461425480693919, 152.7207849307053209 ) ) ;
#3337 = ORIENTED_EDGE ( 'NONE', *, *, #2824, .F. ) ;
#3338 = CARTESIAN_POINT ( 'NONE',  ( 24.11026843965559152, 15.86552342098809731, 67.20450006451360991 ) ) ;
#3339 = CARTESIAN_POINT ( 'NONE',  ( 135.8129871601386469, 51.81403287727906104, 140.9665767323659793 ) ) ;
#3340 = ORIENTED_EDGE ( 'NONE', *, *, #105, .F. ) ;
#3341 = CIRCLE ( 'NONE', #3093, 3.700000000000009059 ) ;
#3342 = B_SPLINE_CURVE_WITH_KNOTS ( 'NONE', 3,
 ( #2072, #253, #4285, #1001, #2908, #3280, #378, #1411, #3606, #1464, #4337, #1489 ),
 .UNSPECIFIED., .F., .F.,
 ( 4, 2, 2, 2, 2, 4 ),
 ( -1.897366630219053167E-05, 0.001605450834318226721, 0.003229875334938644201, 0.004042087585248847412, 0.004854299835559051923, 0.006478724336179480028 ),
 .UNSPECIFIED. ) ;
#3343 = CARTESIAN_POINT ( 'NONE',  ( 23.08318915758460221, 94.54888270868096356, 155.5487542277047339 ) ) ;
#3344 = AXIS2_PLACEMENT_3D ( 'NONE', #425, #4102, #4124 ) ;
#3345 = AXIS2_PLACEMENT_3D ( 'NONE', #1820, #3281, #427 ) ;
#3346 = CARTESIAN_POINT ( 'NONE',  ( 140.3408270749071676, 63.95978297147046732, 144.0768683680715867 ) ) ;
#3347 = CARTESIAN_POINT ( 'NONE',  ( 135.3814577245729538, 56.99999999999897682, 152.9212002188447457 ) ) ;
#3348 = CARTESIAN_POINT ( 'NONE',  ( 130.7240079873709249, 65.67724234758317436, 149.4590626855591040 ) ) ;
#3349 = DIRECTION ( 'NONE',  ( 1.000000000000000000, 0.000000000000000000, 0.000000000000000000 ) ) ;
#3350 = CARTESIAN_POINT ( 'NONE',  ( 144.7805366239263947, 55.84711047512517013, 154.1086982839345012 ) ) ;
#3351 = CARTESIAN_POINT ( 'NONE',  ( 23.08318915758457379, 36.99999999999995737, 219.0467391801446979 ) ) ;
#3352 = CIRCLE ( 'NONE', #3107, 2.000000000000001776 ) ;
#3353 = ORIENTED_EDGE ( 'NONE', *, *, #2622, .F. ) ;
#3354 = EDGE_CURVE ( 'NONE', #4686, #1223, #906, .T. ) ;
#3355 = CARTESIAN_POINT ( 'NONE',  ( 18.06358258733049027, 145.1428866176142378, 67.69925035683738201 ) ) ;
#3356 = VERTEX_POINT ( 'NONE', #2760 ) ;
#3357 = CARTESIAN_POINT ( 'NONE',  ( 26.74482460491236679, 14.71031156320741218, 67.66588453720979146 ) ) ;
#3358 = CARTESIAN_POINT ( 'NONE',  ( 146.0000000000000284, 13.99999999999995737, 195.0827572313765188 ) ) ;
#3359 = CARTESIAN_POINT ( 'NONE',  ( 135.4587480663807355, 35.99999999999996447, 134.8247612456750062 ) ) ;
#3360 = AXIS2_PLACEMENT_3D ( 'NONE', #3130, #1678, #2705 ) ;
#3361 = EDGE_CURVE ( 'NONE', #1135, #382, #1811, .T. ) ;
#3362 = CARTESIAN_POINT ( 'NONE',  ( 148.0000000000000284, 102.4506261424190541, 146.2847428286262925 ) ) ;
#3363 = CARTESIAN_POINT ( 'NONE',  ( 0.000000000000000000, 76.65470979761705905, 178.3779565494661767 ) ) ;
#3364 = CARTESIAN_POINT ( 'NONE',  ( 128.6614389006759041, 49.85969931817871981, 145.3310073748084790 ) ) ;
#3365 = VERTEX_POINT ( 'NONE', #2573 ) ;
#3366 = CARTESIAN_POINT ( 'NONE',  ( 16.37758997299638253, 10.11224915427220772, 67.55947159220039566 ) ) ;
#3367 = CARTESIAN_POINT ( 'NONE',  ( 137.4621980541050732, 50.55710836022950616, 138.4422973794907819 ) ) ;
#3368 = EDGE_LOOP ( 'NONE', ( #115, #2225, #1638 ) ) ;
#3369 = CARTESIAN_POINT ( 'NONE',  ( 147.8888386308482552, 78.83336533164958837, 162.4512426386262689 ) ) ;
#3370 = ADVANCED_FACE ( 'NONE', ( #2828 ), #3652, .F. ) ;
#3371 =( BOUNDED_SURFACE ( )  B_SPLINE_SURFACE ( 3, 2, ( 
 ( #224, #1014, #970 ),
 ( #3912, #3551, #3092 ),
 ( #2062, #2418, #268 ),
 ( #4211, #2462, #3935 ),
 ( #2107, #1639, #679 ),
 ( #1478, #3647, #367 ),
 ( #4323, #2920, #1833 ),
 ( #3992, #4431, #1142 ),
 ( #756, #4400, #3670 ),
 ( #1501, #2492, #1426 ),
 ( #29, #1066, #3239 ),
 ( #3294, #1114, #1754 ),
 ( #2543, #2518, #3965 ),
 ( #3214, #389, #4687 ),
 ( #1400, #2898, #2132 ),
 ( #2568, #5, #4046 ) ),
 .UNSPECIFIED., .F., .F., .T. ) 
 B_SPLINE_SURFACE_WITH_KNOTS ( ( 4, 2, 2, 2, 2, 2, 2, 4 ),
 ( 3, 3 ),
 ( 5.397050151299757736, 5.618583940269715526, 5.729350834754693977, 5.840117729239672428, 5.950884623724650879, 6.061651518209629330, 6.172418412694607781, 6.283185307179586232 ),
 ( 0.000000000000000000, 1.000000000000000000 ),
 .UNSPECIFIED. ) 
 GEOMETRIC_REPRESENTATION_ITEM ( )  RATIONAL_B_SPLINE_SURFACE ( (
 ( 1.000000000000000000, 0.4974938461091548692, 1.000000000000000000),
 ( 1.000000000000000000, 0.4745518075721324447, 1.000000000000000000),
 ( 1.000000000000000000, 0.4520419293558091134, 1.000000000000000000),
 ( 1.000000000000000000, 0.4203953415712466390, 1.000000000000000000),
 ( 1.000000000000000000, 0.4102024730845531542, 1.000000000000000000),
 ( 1.000000000000000000, 0.3908440752189066281, 1.000000000000000000),
 ( 1.000000000000000000, 0.3816788423473294611, 1.000000000000000000),
 ( 1.000000000000000000, 0.3647447508694151019, 1.000000000000000000),
 ( 1.000000000000000000, 0.3569770209027347541, 1.000000000000000000),
 ( 1.000000000000000000, 0.3432411484671795687, 1.000000000000000000),
 ( 1.000000000000000000, 0.3372752453537453676, 1.000000000000000000),
 ( 1.000000000000000000, 0.3275305611828175922, 1.000000000000000000),
 ( 1.000000000000000000, 0.3237547255362516752, 1.000000000000000000),
 ( 1.000000000000000000, 0.3186816401690457101, 1.000000000000000000),
 ( 1.000000000000000000, 0.3173833592722544172, 1.000000000000000000),
 ( 1.000000000000000000, 0.3173866219475260375, 1.000000000000000000) ) ) 
 REPRESENTATION_ITEM ( '' )  SURFACE ( )  );
#3372 = CARTESIAN_POINT ( 'NONE',  ( 142.0200856665367155, 63.89766749063549156, 147.6502699969587695 ) ) ;
#3373 = CARTESIAN_POINT ( 'NONE',  ( 129.6403084225282214, 63.73126828918366726, 143.5415234072222859 ) ) ;
#3374 = CARTESIAN_POINT ( 'NONE',  ( 131.9403173043663458, 64.00175105540566278, 147.0414475141946866 ) ) ;
#3375 = CARTESIAN_POINT ( 'NONE',  ( 112.3363736727247328, 34.20107431260171182, 107.0008399267723007 ) ) ;
#3376 = CARTESIAN_POINT ( 'NONE',  ( 137.1680029060828190, 62.87614603953490899, 137.8955171209661899 ) ) ;
#3377 = CARTESIAN_POINT ( 'NONE',  ( 133.4247953004319243, 59.26386662954183038, 155.4298936968973521 ) ) ;
#3378 = VERTEX_POINT ( 'NONE', #3220 ) ;
#3379 = CARTESIAN_POINT ( 'NONE',  ( 24.14872829648865249, 139.2086980959375637, 67.21090018931923282 ) ) ;
#3380 = DIRECTION ( 'NONE',  ( 0.000000000000000000, 1.000000000000000000, 0.000000000000000000 ) ) ;
#3381 = CARTESIAN_POINT ( 'NONE',  ( 24.08318915758460221, 15.99999999999995914, 67.19999999999998863 ) ) ;
#3382 = CARTESIAN_POINT ( 'NONE',  ( 57.50198397576843234, 139.8929053799485871, 67.40554242286876274 ) ) ;
#3383 = CARTESIAN_POINT ( 'NONE',  ( 130.1511547075566000, 93.53718319122044988, 148.2806731557710407 ) ) ;
#3384 = CARTESIAN_POINT ( 'NONE',  ( 131.6796521291620650, 31.99999999999995737, 132.3472028345727551 ) ) ;
#3385 = CARTESIAN_POINT ( 'NONE',  ( 146.8391263934976223, 86.04185664822486501, 146.5092920706409814 ) ) ;
#3386 = CARTESIAN_POINT ( 'NONE',  ( 142.7032835801619228, 59.57826646360717149, 152.4407099323424006 ) ) ;
#3387 = ORIENTED_EDGE ( 'NONE', *, *, #463, .T. ) ;
#3388 = CARTESIAN_POINT ( 'NONE',  ( 21.03290830076449680, 10.51980988007377604, 67.94544913330027214 ) ) ;
#3389 = CARTESIAN_POINT ( 'NONE',  ( 138.8269618011283910, 49.88972655386078969, 145.6023340603641998 ) ) ;
#3390 = ORIENTED_EDGE ( 'NONE', *, *, #2186, .T. ) ;
#3391 = B_SPLINE_CURVE_WITH_KNOTS ( 'NONE', 3,
 ( #3556, #609, #273, #4598, #1290, #2000, #3916, #3097, #1712, #4258, #2423, #1266, #4578, #2047, #560, #3464 ),
 .UNSPECIFIED., .F., .F.,
 ( 4, 2, 2, 2, 2, 2, 2, 4 ),
 ( 0.000000000000000000, 0.002057140407001067667, 0.003085710610501607356, 0.004114280814002147478, 0.005142851017502687166, 0.006171421221003225988, 0.007199991424503766543, 0.008228561628004305364 ),
 .UNSPECIFIED. ) ;
#3392 = CARTESIAN_POINT ( 'NONE',  ( 128.0848317436338561, 51.50010306837261709, 141.3310851043431171 ) ) ;
#3393 = CARTESIAN_POINT ( 'NONE',  ( 140.1200456796718754, 63.83269978659856037, 143.6237373866256064 ) ) ;
#3394 = EDGE_CURVE ( 'NONE', #3356, #581, #2193, .T. ) ;
#3395 = CARTESIAN_POINT ( 'NONE',  ( 133.6831940099173721, 62.81446921012793894, 149.9096111431041436 ) ) ;
#3396 = CARTESIAN_POINT ( 'NONE',  ( 126.7102361112906408, 64.55523249963434296, 141.7040581986762220 ) ) ;
#3397 = DIRECTION ( 'NONE',  ( 0.000000000000000000, 0.000000000000000000, -1.000000000000000000 ) ) ;
#3398 = CARTESIAN_POINT ( 'NONE',  ( 136.4531242225122583, 60.83128661960880379, 136.5919938828512556 ) ) ;
#3399 = CARTESIAN_POINT ( 'NONE',  ( 127.9076602280807577, 65.64769072719464305, 143.9004792368214680 ) ) ;
#3400 = CARTESIAN_POINT ( 'NONE',  ( 23.48293747831307599, 142.6910106412159962, 68.14891477416537668 ) ) ;
#3401 = ORIENTED_EDGE ( 'NONE', *, *, #3994, .F. ) ;
#3402 = CARTESIAN_POINT ( 'NONE',  ( 141.7292338100660629, 78.53163301654545592, 181.5757660377718423 ) ) ;
#3403 = CARTESIAN_POINT ( 'NONE',  ( 144.6796399675010889, 34.55574068473810456, 221.8348815115607522 ) ) ;
#3404 = CARTESIAN_POINT ( 'NONE',  ( 104.6086619536115876, 138.9999999999999432, 108.9235368330468958 ) ) ;
#3405 = ADVANCED_FACE ( 'NONE', ( #1044 ), #3970, .T. ) ;
#3406 = DIRECTION ( 'NONE',  ( 0.000000000000000000, 1.000000000000000000, 0.000000000000000000 ) ) ;
#3407 = DIRECTION ( 'NONE',  ( -0.000000000000000000, 1.000000000000000000, -0.000000000000000000 ) ) ;
#3408 = CARTESIAN_POINT ( 'NONE',  ( 138.6789255025152272, 64.13324991109230666, 145.3566908476148569 ) ) ;
#3409 = ORIENTED_EDGE ( 'NONE', *, *, #4079, .F. ) ;
#3410 = CARTESIAN_POINT ( 'NONE',  ( 24.82335379523715346, 15.30403841547115817, 67.32481468756915888 ) ) ;
#3411 = AXIS2_PLACEMENT_3D ( 'NONE', #4597, #945, #4279 ) ;
#3412 = CIRCLE ( 'NONE', #1949, 2.000000000000001776 ) ;
#3413 = CARTESIAN_POINT ( 'NONE',  ( 144.1507304015959789, 86.74039522291045046, 144.8846879762482445 ) ) ;
#3414 = CARTESIAN_POINT ( 'NONE',  ( 141.5735872524452361, 48.05512827588481173, 146.6788767178517503 ) ) ;
#3415 = CIRCLE ( 'NONE', #503, 147.0000000000000000 ) ;
#3416 = CARTESIAN_POINT ( 'NONE',  ( 130.3438236848385543, 60.59773725356141938, 135.8587814761925188 ) ) ;
#3417 = ADVANCED_FACE ( 'NONE', ( #761 ), #1095, .T. ) ;
#3418 = CARTESIAN_POINT ( 'NONE',  ( 148.0000000000127613, 85.76036332167093690, 150.7423245823093794 ) ) ;
#3419 = CARTESIAN_POINT ( 'NONE',  ( 128.4847069574078091, 64.10717656399634734, 144.9916770915651227 ) ) ;
#3420 = CARTESIAN_POINT ( 'NONE',  ( 111.6776929564415184, 35.73481614521815430, 103.2775831340179451 ) ) ;
#3421 = CARTESIAN_POINT ( 'NONE',  ( 139.4206238914051710, 65.69187627812280539, 142.2144163995676251 ) ) ;
#3422 = CARTESIAN_POINT ( 'NONE',  ( 132.8211801885007048, 62.28946609928134137, 154.0316914427183690 ) ) ;
#3423 = VECTOR ( 'NONE', #2783, 1000.000000000000000 ) ;
#3424 = CARTESIAN_POINT ( 'NONE',  ( 106.0327733427029813, 34.98634115801844047, 110.6938364707315969 ) ) ;
#3425 = CARTESIAN_POINT ( 'NONE',  ( 24.00037001112180945, 139.2327183043367143, 69.18630262675750942 ) ) ;
#3426 = DIRECTION ( 'NONE',  ( 0.000000000000000000, 0.000000000000000000, 1.000000000000000000 ) ) ;
#3427 = CIRCLE ( 'NONE', #1354, 1.999999999999996891 ) ;
#3428 = CARTESIAN_POINT ( 'NONE',  ( 140.7112217721513616, 80.16834103008585544, 177.1942327405889728 ) ) ;
#3429 = CARTESIAN_POINT ( 'NONE',  ( 128.0848317436338561, 64.04916367293085955, 140.0662639453285578 ) ) ;
#3430 = CYLINDRICAL_SURFACE ( 'NONE', #1659, 2.000000000000001776 ) ;
#3431 = CARTESIAN_POINT ( 'NONE',  ( 146.5000038736839088, 14.06350932707712964, 209.3459516047519742 ) ) ;
#3432 = CARTESIAN_POINT ( 'NONE',  ( 141.6494107047788873, 62.37590488563758129, 150.4643935705083493 ) ) ;
#3433 = ORIENTED_EDGE ( 'NONE', *, *, #691, .F. ) ;
#3434 = CARTESIAN_POINT ( 'NONE',  ( 24.56051278737556132, 15.35325555785308715, 69.18634553644925234 ) ) ;
#3435 = AXIS2_PLACEMENT_3D ( 'NONE', #1687, #4229, #942 ) ;
#3436 = ORIENTED_EDGE ( 'NONE', *, *, #2058, .F. ) ;
#3437 = CARTESIAN_POINT ( 'NONE',  ( 143.8210509689081675, 50.86251879472640525, 151.7718767187036804 ) ) ;
#3438 = CARTESIAN_POINT ( 'NONE',  ( 148.0000000000000284, 82.83914880049206886, 159.8741079507045129 ) ) ;
#3439 = CARTESIAN_POINT ( 'NONE',  ( 131.8197506049597507, 53.02769906050964721, 151.7621127785173769 ) ) ;
#3440 = CARTESIAN_POINT ( 'NONE',  ( 148.0000000000000284, 94.54888270868096356, 153.9487542277047112 ) ) ;
#3441 = CARTESIAN_POINT ( 'NONE',  ( 147.7484135745666549, 107.6639787676773636, 160.1219466840739472 ) ) ;
#3442 = EDGE_CURVE ( 'NONE', #1030, #382, #1120, .T. ) ;
#3443 = DIRECTION ( 'NONE',  ( 0.000000000000000000, -1.000000000000000000, 0.000000000000000000 ) ) ;
#3444 = CARTESIAN_POINT ( 'NONE',  ( 24.72069330900209039, 139.6467444421479058, 67.30727600806488908 ) ) ;
#3445 = LINE ( 'NONE', #839, #1569 ) ;
#3446 = CARTESIAN_POINT ( 'NONE',  ( 25.89835580648539093, 14.91915432381408024, 67.51222657283666706 ) ) ;
#3447 = LINE ( 'NONE', #2986, #4026 ) ;
#3448 = CARTESIAN_POINT ( 'NONE',  ( 27.17040498119121494, 140.3767598601462225, 67.74499490929160572 ) ) ;
#3449 = CARTESIAN_POINT ( 'NONE',  ( -2.775557561562891351E-14, 36.99999999999995737, 219.0467391801446979 ) ) ;
#3450 = ADVANCED_FACE ( 'NONE', ( #3997 ), #1736, .T. ) ;
#3451 = CARTESIAN_POINT ( 'NONE',  ( 34.05877273185283372, 140.9999999999999716, 69.19999999999998863 ) ) ;
#3452 = CARTESIAN_POINT ( 'NONE',  ( 134.9117077062875865, 60.55388361631902683, 139.6704816887001073 ) ) ;
#3453 = VERTEX_POINT ( 'NONE', #3273 ) ;
#3454 = CARTESIAN_POINT ( 'NONE',  ( 25.34082300075242955, 15.09832360224552694, 67.41429836925300378 ) ) ;
#3455 = PLANE ( 'NONE',  #277 ) ;
#3456 = CARTESIAN_POINT ( 'NONE',  ( 147.9999999999738520, 86.35667923647081068, 148.0643175135488150 ) ) ;
#3457 = CARTESIAN_POINT ( 'NONE',  ( 135.3096134832975679, 55.58971587779468848, 152.7889065238838384 ) ) ;
#3458 = VERTEX_POINT ( 'NONE', #4692 ) ;
#3459 = CARTESIAN_POINT ( 'NONE',  ( 144.6727335091587179, 84.75595129210977063, 146.3289369609353798 ) ) ;
#3460 = CARTESIAN_POINT ( 'NONE',  ( 128.5302916687451784, 65.95527792648989873, 145.0794581449911789 ) ) ;
#3461 = CARTESIAN_POINT ( 'NONE',  ( 1.009719629430382282E-25, 140.9999999999999716, 212.1999999999999602 ) ) ;
#3462 = CARTESIAN_POINT ( 'NONE',  ( 28.58866881009890548, 140.6162648805456001, 68.01770776287534659 ) ) ;
#3463 = CARTESIAN_POINT ( 'NONE',  ( 133.7220974501450996, 35.99999999999996447, 133.8167514861150380 ) ) ;
#3464 = CARTESIAN_POINT ( 'NONE',  ( 141.8891871552510509, 111.0488827086809493, 147.3659150722234585 ) ) ;
#3465 = CARTESIAN_POINT ( 'NONE',  ( 131.7377440502502282, 33.99999999999995737, 132.4686029014701774 ) ) ;
#3466 = CARTESIAN_POINT ( 'NONE',  ( 32.33210360716362430, 140.9628978456161121, 68.80406389353166219 ) ) ;
#3467 = DIRECTION ( 'NONE',  ( 2.218880795315031683E-16, 0.000000000000000000, -1.000000000000000000 ) ) ;
#3468 = CARTESIAN_POINT ( 'NONE',  ( 145.0418857927375313, 103.6185984859482119, 144.8846879762482445 ) ) ;
#3469 = CARTESIAN_POINT ( 'NONE',  ( 138.1724909204976370, 64.03352448569208377, 144.5468386458355212 ) ) ;
#3470 = VERTEX_POINT ( 'NONE', #683 ) ;
#3471 = CARTESIAN_POINT ( 'NONE',  ( 27.32886689007911585, 14.59267111844622100, 67.77479556943411865 ) ) ;
#3472 = EDGE_CURVE ( 'NONE', #3812, #3771, #3872, .T. ) ;
#3473 = CARTESIAN_POINT ( 'NONE',  ( 143.1693197359627732, 51.39657801970896145, 150.2349788251055429 ) ) ;
#3474 = VECTOR ( 'NONE', #2250, 1000.000000000000000 ) ;
#3475 = CARTESIAN_POINT ( 'NONE',  ( 148.0000000000000284, 82.36875160246147232, 159.5440501486475853 ) ) ;
#3476 = CARTESIAN_POINT ( 'NONE',  ( 135.3661605814010329, 57.72754806113922399, 152.8929617789320332 ) ) ;
#3477 = ORIENTED_EDGE ( 'NONE', *, *, #3901, .T. ) ;
#3478 = CIRCLE ( 'NONE', #3091, 2.000000000000001776 ) ;
#3479 = FACE_OUTER_BOUND ( 'NONE', #823, .T. ) ;
#3480 = AXIS2_PLACEMENT_3D ( 'NONE', #943, #557, #3865 ) ;
#3481 = CARTESIAN_POINT ( 'NONE',  ( 24.50467391837841902, 15.37007292861550312, 69.18633522593718510 ) ) ;
#3482 = CARTESIAN_POINT ( 'NONE',  ( 32.37541514827189815, 140.9712654211444658, 68.81192731940889473 ) ) ;
#3483 = DIRECTION ( 'NONE',  ( 1.000000000000000000, 0.000000000000000000, 0.000000000000000000 ) ) ;
#3484 = DIRECTION ( 'NONE',  ( -0.000000000000000000, -1.000000000000000000, -0.000000000000000000 ) ) ;
#3485 = CARTESIAN_POINT ( 'NONE',  ( 133.6623367919079897, 34.11879148621333258, 131.7596048708502678 ) ) ;
#3486 = CARTESIAN_POINT ( 'NONE',  ( 139.5928067047928494, 49.96520590280250929, 146.8658522216353788 ) ) ;
#3487 = CIRCLE ( 'NONE', #3344, 147.0000000000000000 ) ;
#3488 = ADVANCED_FACE ( 'NONE', ( #3242 ), #708, .T. ) ;
#3489 = VECTOR ( 'NONE', #1420, 1000.000000000000000 ) ;
#3490 = CARTESIAN_POINT ( 'NONE',  ( 0.000000000000000000, 140.9999999999999716, 212.1999999999999602 ) ) ;
#3491 = CARTESIAN_POINT ( 'NONE',  ( 141.2609252286528942, 108.4558419606695452, 145.0945994404821988 ) ) ;
#3492 = CARTESIAN_POINT ( 'NONE',  ( 144.3480028486769982, 52.57996416176741405, 153.0409933962349953 ) ) ;
#3493 = ORIENTED_EDGE ( 'NONE', *, *, #4573, .T. ) ;
#3494 = DIRECTION ( 'NONE',  ( 0.8575512417287205480, 0.000000000000000000, -0.5143985495795351248 ) ) ;
#3495 = AXIS2_PLACEMENT_3D ( 'NONE', #2115, #4694, #2830 ) ;
#3496 = ADVANCED_FACE ( 'NONE', ( #4303 ), #2467, .T. ) ;
#3497 = CARTESIAN_POINT ( 'NONE',  ( 126.8809256005557842, 64.04916367293087376, 138.4692010164936278 ) ) ;
#3498 = CARTESIAN_POINT ( 'NONE',  ( 133.9930038951942493, 51.59861097659203466, 150.4417168583629802 ) ) ;
#3499 = CARTESIAN_POINT ( 'NONE',  ( 143.6312531755802979, 52.47761545864005939, 151.3117295037824874 ) ) ;
#3500 = CARTESIAN_POINT ( 'NONE',  ( 125.2448265552826001, 32.40852835492194828, 139.1329715604404669 ) ) ;
#3501 = AXIS2_PLACEMENT_3D ( 'NONE', #1509, #2601, #4077 ) ;
#3502 = CARTESIAN_POINT ( 'NONE',  ( 148.0000000000000284, 80.25610048923788042, 162.5320933426332886 ) ) ;
#3503 = CARTESIAN_POINT ( 'NONE',  ( 147.5071586298176669, 83.38831096823039957, 156.2883205568955418 ) ) ;
#3504 = CARTESIAN_POINT ( 'NONE',  ( 132.2967762198354365, 58.47772094048932701, 152.7792732116625416 ) ) ;
#3505 = VERTEX_POINT ( 'NONE', #4329 ) ;
#3506 = EDGE_CURVE ( 'NONE', #3378, #1030, #2498, .T. ) ;
#3507 = EDGE_CURVE ( 'NONE', #386, #2674, #2652, .T. ) ;
#3508 = DIRECTION ( 'NONE',  ( 0.000000000000000000, 0.000000000000000000, -1.000000000000000000 ) ) ;
#3509 = CARTESIAN_POINT ( 'NONE',  ( 30.62208314926192898, 141.0024706939952353, 68.81541182738841655 ) ) ;
#3510 = DIRECTION ( 'NONE',  ( 0.000000000000000000, 0.000000000000000000, 1.000000000000000000 ) ) ;
#3511 = CARTESIAN_POINT ( 'NONE',  ( 148.0000000000000000, 83.07262261702298645, 159.5279093967725998 ) ) ;
#3512 = CARTESIAN_POINT ( 'NONE',  ( 133.9327154702132248, 32.12707171571207709, 132.2119054285820141 ) ) ;
#3513 = CARTESIAN_POINT ( 'NONE',  ( 135.1942522152485822, 52.82680972952068288, 140.0727664014830225 ) ) ;
#3514 = CARTESIAN_POINT ( 'NONE',  ( 112.0589118569981650, 33.98330300106401580, 103.6697156063827379 ) ) ;
#3515 = CARTESIAN_POINT ( 'NONE',  ( 140.9649494968181216, 109.7797571299994672, 145.1428216560246369 ) ) ;
#3516 = CARTESIAN_POINT ( 'NONE',  ( 131.3183788878187670, 57.00000000000000000, 135.1241372900097701 ) ) ;
#3517 = ORIENTED_EDGE ( 'NONE', *, *, #84, .F. ) ;
#3518 = CARTESIAN_POINT ( 'NONE',  ( 144.6897596954731569, 84.76752486789214913, 146.3303635979728483 ) ) ;
#3519 = VERTEX_POINT ( 'NONE', #4506 ) ;
#3520 = CARTESIAN_POINT ( 'NONE',  ( 104.6086619536115734, 138.9999999999999432, 108.9235368330469242 ) ) ;
#3521 = CARTESIAN_POINT ( 'NONE',  ( 135.3814577245729254, 56.62913572361190262, 152.9212002188446604 ) ) ;
#3522 = CARTESIAN_POINT ( 'NONE',  ( 1.009719629430382282E-25, 140.9999999999999716, 212.1999999999999602 ) ) ;
#3523 = CARTESIAN_POINT ( 'NONE',  ( 141.0000000000000000, 94.54888270868096356, 149.7487542277047226 ) ) ;
#3524 = FACE_OUTER_BOUND ( 'NONE', #37, .T. ) ;
#3525 = CARTESIAN_POINT ( 'NONE',  ( 138.6061686128907127, 65.04520003033468356, 140.6131665398972359 ) ) ;
#3526 = ORIENTED_EDGE ( 'NONE', *, *, #4708, .F. ) ;
#3527 = DIRECTION ( 'NONE',  ( 0.000000000000000000, 0.000000000000000000, -1.000000000000000000 ) ) ;
#3528 = ADVANCED_FACE ( 'NONE', ( #874 ), #2644, .T. ) ;
#3529 = CARTESIAN_POINT ( 'NONE',  ( 142.6835235071315253, 59.70787735407359520, 152.4022497411635015 ) ) ;
#3530 = CARTESIAN_POINT ( 'NONE',  ( 29.84985773050113878, 140.7820364096607193, 68.27002439448919802 ) ) ;
#3531 = DIRECTION ( 'NONE',  ( 0.000000000000000000, 0.000000000000000000, 1.000000000000000000 ) ) ;
#3532 = CARTESIAN_POINT ( 'NONE',  ( 147.9999999999999716, 80.97972329806086123, 161.9786671082261478 ) ) ;
#3533 = CARTESIAN_POINT ( 'NONE',  ( 133.0573463565161774, 97.06357649785287833, 154.5737925772614290 ) ) ;
#3534 = FACE_BOUND ( 'NONE', #4472, .T. ) ;
#3535 = APPLICATION_CONTEXT ( 'automotive_design' ) ;
#3536 = CARTESIAN_POINT ( 'NONE',  ( 145.2673169843236280, 103.9376451970386483, 146.3787578234893090 ) ) ;
#3537 = CARTESIAN_POINT ( 'NONE',  ( 131.7373562374222047, 33.99999999999995026, 132.4677924529042627 ) ) ;
#3538 = CARTESIAN_POINT ( 'NONE',  ( 143.3518947356587887, 49.82843790143470386, 150.6652472973100032 ) ) ;
#3539 = CARTESIAN_POINT ( 'NONE',  ( 34.05877273185283372, 13.99999999999996092, 69.19999999999998863 ) ) ;
#3540 =( BOUNDED_SURFACE ( )  B_SPLINE_SURFACE ( 3, 2, ( 
 ( #4167, #2333, #732 ),
 ( #1734, #3597, #318 ),
 ( #1379, #1042, #4743 ),
 ( #4669, #706, #2444 ),
 ( #4327, #3271, #1403 ),
 ( #1781, #245, #3995 ),
 ( #1710, #343, #2159 ),
 ( #654, #295, #2826 ),
 ( #4718, #3241, #4278 ),
 ( #2496, #3968, #2464 ),
 ( #681, #2135, #4301 ),
 ( #2520, #1016, #1093 ),
 ( #3218, #2085, #3939 ),
 ( #1809, #2545, #1456 ),
 ( #2900, #628, #4020 ),
 ( #4378, #3622, #2189 ) ),
 .UNSPECIFIED., .F., .F., .F. ) 
 B_SPLINE_SURFACE_WITH_KNOTS ( ( 4, 2, 2, 2, 2, 2, 2, 4 ),
 ( 3, 3 ),
 ( 0.002669249746003226481, 0.003453792979213144397, 0.004238336212423062313, 0.005022879445632980229, 0.005807422678842898145, 0.006591965912052816061, 0.007376509145262733977, 0.008945595611682569809 ),
 ( 0.000000000000000000, 1.000000000000000000 ),
 .UNSPECIFIED. ) 
 GEOMETRIC_REPRESENTATION_ITEM ( )  RATIONAL_B_SPLINE_SURFACE ( (
 ( 1.000000000000000000, 0.7525466966323398621, 1.000000000000000000),
 ( 1.000000000000000000, 0.7525457465214557828, 1.000000000000000000),
 ( 1.000000000000000000, 0.7521989100756041324, 1.000000000000000000),
 ( 1.000000000000000000, 0.7508473971925175849, 1.000000000000000000),
 ( 1.000000000000000000, 0.7498268832621939328, 1.000000000000000000),
 ( 1.000000000000000000, 0.7472027832734324804, 1.000000000000000000),
 ( 1.000000000000000000, 0.7456109653596242337, 1.000000000000000000),
 ( 1.000000000000000000, 0.7419199696119859189, 1.000000000000000000),
 ( 1.000000000000000000, 0.7398060148498372124, 1.000000000000000000),
 ( 1.000000000000000000, 0.7353008424149031219, 1.000000000000000000),
 ( 1.000000000000000000, 0.7328913141513886398, 1.000000000000000000),
 ( 1.000000000000000000, 0.7278112577749809020, 1.000000000000000000),
 ( 1.000000000000000000, 0.7251898503146991803, 1.000000000000000000),
 ( 1.000000000000000000, 0.7173189225527106805, 1.000000000000000000),
 ( 1.000000000000000000, 0.7119223769805885782, 1.000000000000000000),
 ( 1.000000000000000000, 0.7071067811865475727, 1.000000000000000000) ) ) 
 REPRESENTATION_ITEM ( '' )  SURFACE ( )  );
#3541 = ORIENTED_EDGE ( 'NONE', *, *, #3979, .F. ) ;
#3542 = CARTESIAN_POINT ( 'NONE',  ( 0.000000000000000000, 31.99999999999995737, 212.1999999999999602 ) ) ;
#3543 = ORIENTED_EDGE ( 'NONE', *, *, #12, .T. ) ;
#3544 = DIRECTION ( 'NONE',  ( 0.000000000000000000, 1.000000000000000000, 0.000000000000000000 ) ) ;
#3545 = CARTESIAN_POINT ( 'NONE',  ( 24.09533655142285369, 15.90998957584931617, 67.20201805930557271 ) ) ;
#3546 = CARTESIAN_POINT ( 'NONE',  ( 126.0853667978759347, 34.00284014187506187, 140.5934296765730664 ) ) ;
#3547 = ADVANCED_FACE ( 'NONE', ( #467, #1950 ), #2388, .F. ) ;
#3548 = CARTESIAN_POINT ( 'NONE',  ( 146.0000000000000284, 15.99999999999995914, 234.5153120237517328 ) ) ;
#3549 = CARTESIAN_POINT ( 'NONE',  ( 139.1429634288234922, 65.50350934007629178, 141.6639890088695779 ) ) ;
#3550 = ORIENTED_EDGE ( 'NONE', *, *, #1072, .T. ) ;
#3551 = CARTESIAN_POINT ( 'NONE',  ( 126.1412117175587042, 53.63101520405459866, 139.0268159179494489 ) ) ;
#3552 = ADVANCED_FACE ( 'NONE', ( #1147, #1531, #2237, #1170 ), #1928, .F. ) ;
#3553 = CARTESIAN_POINT ( 'NONE',  ( 144.2498295770830055, 58.39687268675213971, 152.7881109385558602 ) ) ;
#3554 = VECTOR ( 'NONE', #4259, 1000.000000000000114 ) ;
#3555 = FACE_OUTER_BOUND ( 'NONE', #3151, .T. ) ;
#3556 = CARTESIAN_POINT ( 'NONE',  ( 145.2673169843236280, 103.9376451970386483, 146.3787578234893090 ) ) ;
#3557 = CARTESIAN_POINT ( 'NONE',  ( 133.4197422226847607, 95.55535105984793631, 155.4181758337988413 ) ) ;
#3558 = DIRECTION ( 'NONE',  ( 1.000000000000000000, -0.000000000000000000, 2.218880795315036860E-16 ) ) ;
#3559 = AXIS2_PLACEMENT_3D ( 'NONE', #3790, #4474, #192 ) ;
#3560 = CARTESIAN_POINT ( 'NONE',  ( 16.85213508215951350, 145.0040651136584131, 67.59881384365236556 ) ) ;
#3561 = AXIS2_PLACEMENT_3D ( 'NONE', #1748, #1871, #3685 ) ;
#3562 = CARTESIAN_POINT ( 'NONE',  ( 144.2796130449420957, 104.0774323118695435, 144.7946084044196482 ) ) ;
#3563 = CARTESIAN_POINT ( 'NONE',  ( 143.0298623151748814, 49.32575951347144638, 149.9221438653892449 ) ) ;
#3564 = ORIENTED_EDGE ( 'NONE', *, *, #1958, .F. ) ;
#3565 = DIRECTION ( 'NONE',  ( -1.000000000000000000, -0.000000000000000000, 5.492589328197047850E-15 ) ) ;
#3566 = CARTESIAN_POINT ( 'NONE',  ( 148.0000000000000000, 107.4892073962526950, 160.6488771084436564 ) ) ;
#3567 = ORIENTED_EDGE ( 'NONE', *, *, #294, .F. ) ;
#3568 = DIRECTION ( 'NONE',  ( 0.000000000000000000, 0.000000000000000000, -1.000000000000000000 ) ) ;
#3569 = CARTESIAN_POINT ( 'NONE',  ( 12.04162941636037232, 15.49851936517081796, 67.20000288815276690 ) ) ;
#3570 = CARTESIAN_POINT ( 'NONE',  ( 146.0000000000000284, 15.99999999999995914, 163.2102051443364701 ) ) ;
#3571 = CARTESIAN_POINT ( 'NONE',  ( 104.1310816466998688, 32.98391809919658613, 111.2953342396981071 ) ) ;
#3572 = CARTESIAN_POINT ( 'NONE',  ( 134.3007842503106701, 58.13810806623027361, 138.8130114350303472 ) ) ;
#3573 = ORIENTED_EDGE ( 'NONE', *, *, #163, .F. ) ;
#3574 = CARTESIAN_POINT ( 'NONE',  ( 144.2957913043692599, 57.61506623940330485, 152.8995090276149540 ) ) ;
#3575 = DIRECTION ( 'NONE',  ( 0.000000000000000000, 1.000000000000000000, 0.000000000000000000 ) ) ;
#3576 = DIRECTION ( 'NONE',  ( 0.000000000000000000, 0.000000000000000000, -1.000000000000000000 ) ) ;
#3577 = CARTESIAN_POINT ( 'NONE',  ( 132.2428285419449878, 34.49213830619661536, 133.5761661308393968 ) ) ;
#3578 = CARTESIAN_POINT ( 'NONE',  ( 135.0181097828693737, 53.19683427602342363, 139.8215386565413780 ) ) ;
#3579 = CARTESIAN_POINT ( 'NONE',  ( 23.92468872297088822, 139.0655539735741968, 69.18630141715182447 ) ) ;
#3580 = CARTESIAN_POINT ( 'NONE',  ( 126.7166267616278219, 56.94990984284604707, 138.5930536073364294 ) ) ;
#3581 = CARTESIAN_POINT ( 'NONE',  ( 23.08318915758460221, 94.54888270868096356, 151.8487542277047169 ) ) ;
#3582 = DIRECTION ( 'NONE',  ( -1.000000000000000000, -0.000000000000000000, -2.218880795315036613E-16 ) ) ;
#3583 = CARTESIAN_POINT ( 'NONE',  ( 142.5509249736601021, 81.73946693030171673, 146.9271203991727930 ) ) ;
#3584 = EDGE_LOOP ( 'NONE', ( #2455, #3090, #3911 ) ) ;
#3585 = ADVANCED_FACE ( 'NONE', ( #2979 ), #915, .T. ) ;
#3586 = CARTESIAN_POINT ( 'NONE',  ( 147.6227558730315366, 106.5140310678894195, 158.1017918345168027 ) ) ;
#3587 = VERTEX_POINT ( 'NONE', #2772 ) ;
#3588 = DIRECTION ( 'NONE',  ( -1.000000000000000000, 0.000000000000000000, 0.000000000000000000 ) ) ;
#3589 = CARTESIAN_POINT ( 'NONE',  ( 135.3674469789972079, 56.29682471183443226, 152.8953345809231905 ) ) ;
#3590 = CARTESIAN_POINT ( 'NONE',  ( 24.08318925902430863, 15.99317919819010569, 67.19999999999998863 ) ) ;
#3591 = CARTESIAN_POINT ( 'NONE',  ( 125.3610082535704038, 32.53328656947792297, 139.3325535223964380 ) ) ;
#3592 = CARTESIAN_POINT ( 'NONE',  ( 103.7599344413711719, 33.55376212638714861, 110.9137855402425004 ) ) ;
#3593 = CARTESIAN_POINT ( 'NONE',  ( 134.7006355418427859, 59.97977966972597841, 139.3723354674745281 ) ) ;
#3594 = ORIENTED_EDGE ( 'NONE', *, *, #1072, .F. ) ;
#3595 = CARTESIAN_POINT ( 'NONE',  ( 146.0000000000000284, 15.99999999999995914, 234.5153120237517612 ) ) ;
#3596 = CARTESIAN_POINT ( 'NONE',  ( 144.8158360588130620, 56.79384871436924698, 154.1967706090128161 ) ) ;
#3597 = CARTESIAN_POINT ( 'NONE',  ( 125.4833670789533642, 35.85182895733703390, 139.5227157250130006 ) ) ;
#3598 = CYLINDRICAL_SURFACE ( 'NONE', #2470, 2.000000000000001776 ) ;
#3599 = CARTESIAN_POINT ( 'NONE',  ( 57.20769775421197778, 13.99999999999996092, 68.94007640874079357 ) ) ;
#3600 = CARTESIAN_POINT ( 'NONE',  ( 134.7653917338900555, 32.98427661272351230, 133.6231286368277722 ) ) ;
#3601 = DIRECTION ( 'NONE',  ( 0.000000000000000000, 1.000000000000000000, 0.000000000000000000 ) ) ;
#3602 = B_SPLINE_CURVE_WITH_KNOTS ( 'NONE', 3,
 ( #1488, #2907, #4360, #1076 ),
 .UNSPECIFIED., .F., .F.,
 ( 4, 4 ),
 ( 0.000000000000000000, 0.001806954104767461572 ),
 .UNSPECIFIED. ) ;
#3603 = CARTESIAN_POINT ( 'NONE',  ( 13.14694362243810488, 142.5373103591208519, 67.29163741842312163 ) ) ;
#3604 = CARTESIAN_POINT ( 'NONE',  ( 139.0252454964699780, 79.67938021282526506, 146.4865054262019726 ) ) ;
#3605 = CYLINDRICAL_SURFACE ( 'NONE', #4335, 3.700000000000009059 ) ;
#3606 = CARTESIAN_POINT ( 'NONE',  ( 141.1180874651759325, 106.8256989252254670, 145.7042131664125009 ) ) ;
#3607 = CARTESIAN_POINT ( 'NONE',  ( 113.0191069114520843, 33.99999999999995737, 107.5927274376309413 ) ) ;
#3608 = CARTESIAN_POINT ( 'NONE',  ( 148.0000000000000284, 110.5762069680737056, 163.2102051368912043 ) ) ;
#3609 = EDGE_LOOP ( 'NONE', ( #1855, #2106 ) ) ;
#3610 = CARTESIAN_POINT ( 'NONE',  ( 146.6549175882350085, 88.12684780560620368, 144.8846879762482445 ) ) ;
#3611 = CARTESIAN_POINT ( 'NONE',  ( 131.4487122908541892, 48.98314057186468773, 150.9922149402171101 ) ) ;
#3612 = ORIENTED_EDGE ( 'NONE', *, *, #3334, .T. ) ;
#3613 = CARTESIAN_POINT ( 'NONE',  ( 24.08480821111335146, 15.96656649869948552, 67.20026890982596512 ) ) ;
#3614 = CARTESIAN_POINT ( 'NONE',  ( 135.0794965247575874, 53.04232134021682299, 139.9082055686329227 ) ) ;
#3615 = EDGE_CURVE ( 'NONE', #2846, #1223, #1889, .T. ) ;
#3616 = ORIENTED_EDGE ( 'NONE', *, *, #113, .F. ) ;
#3617 = EDGE_CURVE ( 'NONE', #3453, #386, #2036, .T. ) ;
#3618 = CARTESIAN_POINT ( 'NONE',  ( 148.0000000000000284, 111.0488827086809636, 163.2102051443364701 ) ) ;
#3619 = ORIENTED_EDGE ( 'NONE', *, *, #848, .T. ) ;
#3620 =( NAMED_UNIT ( * ) SI_UNIT ( $, .STERADIAN. ) SOLID_ANGLE_UNIT ( ) );
#3621 = CARTESIAN_POINT ( 'NONE',  ( 142.9592227760219032, 56.83915668923857112, 152.9361816373130125 ) ) ;
#3622 = CARTESIAN_POINT ( 'NONE',  ( 124.3449300506649564, 33.99999999999995737, 137.6122103109682087 ) ) ;
#3623 = CARTESIAN_POINT ( 'NONE',  ( 141.0000000000000000, 84.14543637690721312, 145.4542136161390147 ) ) ;
#3624 = VECTOR ( 'NONE', #1668, 1000.000000000000000 ) ;
#3625 = CARTESIAN_POINT ( 'NONE',  ( 104.6086619536115876, 138.9999999999999432, 108.9235368330468958 ) ) ;
#3626 = CARTESIAN_POINT ( 'NONE',  ( 134.9548658517017259, 33.35297870000327691, 133.9489954993384515 ) ) ;
#3627 = DIRECTION ( 'NONE',  ( -0.000000000000000000, 1.000000000000000000, -0.000000000000000000 ) ) ;
#3628 = LINE ( 'NONE', #791, #2103 ) ;
#3629 = CARTESIAN_POINT ( 'NONE',  ( 145.2963414862280160, 140.9999999999999716, 236.5153120237517612 ) ) ;
#3630 = PLANE ( 'NONE',  #826 ) ;
#3631 = AXIS2_PLACEMENT_3D ( 'NONE', #3795, #516, #4710 ) ;
#3632 = AXIS2_PLACEMENT_3D ( 'NONE', #4325, #1015, #4256 ) ;
#3633 = CARTESIAN_POINT ( 'NONE',  ( 148.0000000000000284, 108.3788886155835058, 161.6336935630965286 ) ) ;
#3634 = ORIENTED_EDGE ( 'NONE', *, *, #744, .F. ) ;
#3635 = DIRECTION ( 'NONE',  ( 2.218880795315040557E-16, 0.000000000000000000, -1.000000000000000000 ) ) ;
#3636 = CARTESIAN_POINT ( 'NONE',  ( 127.8980389490057235, 48.35831060722998131, 143.8824553594843394 ) ) ;
#3637 = ORIENTED_EDGE ( 'NONE', *, *, #2081, .T. ) ;
#3638 = CARTESIAN_POINT ( 'NONE',  ( 24.12379648372042240, 15.83555990625681531, 67.20675010139406425 ) ) ;
#3639 = CARTESIAN_POINT ( 'NONE',  ( 135.6998621815760941, 51.97312850104832194, 140.8018191204256198 ) ) ;
#3640 = ORIENTED_EDGE ( 'NONE', *, *, #2141, .T. ) ;
#3641 = EDGE_CURVE ( 'NONE', #3458, #1768, #1047, .T. ) ;
#3642 = ORIENTED_EDGE ( 'NONE', *, *, #485, .T. ) ;
#3643 = AXIS2_PLACEMENT_3D ( 'NONE', #3522, #2056, #2151 ) ;
#3644 = CARTESIAN_POINT ( 'NONE',  ( 104.4608544143183906, 35.41166255009439823, 111.6223393238549448 ) ) ;
#3645 = CARTESIAN_POINT ( 'NONE',  ( 148.0000000000000568, 104.2654450136350874, 156.3158360912813407 ) ) ;
#3646 = EDGE_LOOP ( 'NONE', ( #1534, #1370, #1873, #2745 ) ) ;
#3647 = CARTESIAN_POINT ( 'NONE',  ( 127.0197199444015581, 55.74708110961430663, 138.3645743545401103 ) ) ;
#3648 = CARTESIAN_POINT ( 'NONE',  ( 137.6304413879669539, 63.78027862069168918, 143.7029081391329441 ) ) ;
#3649 = EDGE_CURVE ( 'NONE', #3666, #1768, #2958, .T. ) ;
#3650 = CARTESIAN_POINT ( 'NONE',  ( 134.1381386530212581, 62.17561927779800612, 150.6936859890830078 ) ) ;
#3651 = DIRECTION ( 'NONE',  ( 0.000000000000000000, 1.000000000000000000, 0.000000000000000000 ) ) ;
#3652 = CYLINDRICAL_SURFACE ( 'NONE', #4187, 2.099999999999990763 ) ;
#3653 = CARTESIAN_POINT ( 'NONE',  ( 135.4587480655935963, 35.47855414917673755, 134.8247612442970365 ) ) ;
#3654 = DIRECTION ( 'NONE',  ( 0.000000000000000000, 0.000000000000000000, -1.000000000000000000 ) ) ;
#3655 = EDGE_CURVE ( 'NONE', #3519, #1135, #599, .T. ) ;
#3656 = CARTESIAN_POINT ( 'NONE',  ( 12.49928784100102064, 141.3691265014417979, 67.23794439517600097 ) ) ;
#3657 = CARTESIAN_POINT ( 'NONE',  ( 139.4337270102155060, 81.32050085903732395, 146.2176498625156285 ) ) ;
#3658 = LINE ( 'NONE', #2932, #3018 ) ;
#3659 = CYLINDRICAL_SURFACE ( 'NONE', #3345, 2.000000000000001776 ) ;
#3660 = CARTESIAN_POINT ( 'NONE',  ( 147.3016660561982292, 104.6220312934491403, 153.1651488689968232 ) ) ;
#3661 = DIRECTION ( 'NONE',  ( 1.000000000000000000, -0.000000000000000000, 2.218880795315036860E-16 ) ) ;
#3662 = CARTESIAN_POINT ( 'NONE',  ( 130.1679354593249798, 50.24855623059334420, 148.3094887442056518 ) ) ;
#3663 = ORIENTED_EDGE ( 'NONE', *, *, #3506, .T. ) ;
#3664 = CARTESIAN_POINT ( 'NONE',  ( 24.16475141797991455, 15.76728169565979520, 67.21356960131011249 ) ) ;
#3665 = CARTESIAN_POINT ( 'NONE',  ( 140.0950787564480038, 50.19474439685573941, 143.5737617674679711 ) ) ;
#3666 = VERTEX_POINT ( 'NONE', #1750 ) ;
#3667 = ORIENTED_EDGE ( 'NONE', *, *, #3038, .F. ) ;
#3668 = FACE_OUTER_BOUND ( 'NONE', #1514, .T. ) ;
#3669 = ORIENTED_EDGE ( 'NONE', *, *, #4150, .T. ) ;
#3670 = CARTESIAN_POINT ( 'NONE',  ( 130.5125834147904698, 53.71379752123120710, 135.7315661536619587 ) ) ;
#3671 = CARTESIAN_POINT ( 'NONE',  ( 140.7855635810473700, 63.39477442565515020, 148.9145933182571753 ) ) ;
#3672 = CARTESIAN_POINT ( 'NONE',  ( 147.9999999999999716, 78.04888270868093514, 162.8836065119653824 ) ) ;
#3673 = CARTESIAN_POINT ( 'NONE',  ( 128.2676384662428859, 62.70665921442257229, 141.5843461490430286 ) ) ;
#3674 = DIRECTION ( 'NONE',  ( -0.6019530715390324360, 0.000000000000000000, -0.7985314644174796861 ) ) ;
#3675 = CARTESIAN_POINT ( 'NONE',  ( 134.0030331343127443, 34.52994909995764061, 132.3196312985459144 ) ) ;
#3676 = CARTESIAN_POINT ( 'NONE',  ( 57.15767664977302331, 140.9999999999999716, 69.20000000000001705 ) ) ;
#3677 = ORIENTED_EDGE ( 'NONE', *, *, #1632, .T. ) ;
#3678 = EDGE_CURVE ( 'NONE', #3453, #2674, #4502, .T. ) ;
#3679 = CARTESIAN_POINT ( 'NONE',  ( 24.36614897483570275, 139.4326597144170137, 67.24727101918847438 ) ) ;
#3680 = CARTESIAN_POINT ( 'NONE',  ( 132.5222850308968532, 57.00000000000000000, 138.7212002188447286 ) ) ;
#3681 = FACE_OUTER_BOUND ( 'NONE', #450, .T. ) ;
#3682 = CARTESIAN_POINT ( 'NONE',  ( 24.08318915758460221, 140.9999999999999716, 67.19999999999998863 ) ) ;
#3683 = CARTESIAN_POINT ( 'NONE',  ( 134.7594064109397607, 32.97413346754481722, 133.6128628499439799 ) ) ;
#3684 = CARTESIAN_POINT ( 'NONE',  ( 142.9038236311327523, 55.85596296109866188, 152.8284235814629142 ) ) ;
#3685 = DIRECTION ( 'NONE',  ( 0.6019530715390278841, 0.000000000000000000, 0.7985314644174830168 ) ) ;
#3686 = CARTESIAN_POINT ( 'NONE',  ( 126.3421809716115689, 49.95083632706901966, 141.0476753202219413 ) ) ;
#3687 = ORIENTED_EDGE ( 'NONE', *, *, #3394, .F. ) ;
#3688 = CARTESIAN_POINT ( 'NONE',  ( 17.69417265141311546, 9.871171247635293966, 67.66862376281720515 ) ) ;
#3689 = CARTESIAN_POINT ( 'NONE',  ( 137.1923179643032427, 50.45856370626397336, 143.0258383000207232 ) ) ;
#3690 = ORIENTED_EDGE ( 'NONE', *, *, #3506, .F. ) ;
#3691 = CARTESIAN_POINT ( 'NONE',  ( 147.8945528371856710, 78.44962700694205182, 162.5477386016272874 ) ) ;
#3692 = ORIENTED_EDGE ( 'NONE', *, *, #3617, .F. ) ;
#3693 = EDGE_CURVE ( 'NONE', #1424, #1804, #2485, .T. ) ;
#3694 =( BOUNDED_SURFACE ( )  B_SPLINE_SURFACE ( 3, 2, ( 
 ( #1824, #3255, #2148 ),
 ( #330, #404, #3309 ),
 ( #3231, #1794, #4037 ),
 ( #3610, #2510, #4704 ),
 ( #1416, #4421, #2864 ),
 ( #4732, #20, #2937 ) ),
 .UNSPECIFIED., .F., .F., .T. ) 
 B_SPLINE_SURFACE_WITH_KNOTS ( ( 4, 2, 4 ),
 ( 3, 3 ),
 ( 0.000000000000000000, 0.002142582335523948549, 0.004285164671047897098 ),
 ( 0.000000000000000000, 1.000000000000000000 ),
 .UNSPECIFIED. ) 
 GEOMETRIC_REPRESENTATION_ITEM ( )  RATIONAL_B_SPLINE_SURFACE ( (
 ( 1.000000000000000000, 0.7915064991456057797, 1.000000000000000000),
 ( 1.000000000000000000, 0.7848425955203207627, 1.000000000000000000),
 ( 1.000000000000000000, 0.7778415067460147103, 1.000000000000000000),
 ( 1.000000000000000000, 0.7631881610264494853, 1.000000000000000000),
 ( 1.000000000000000000, 0.7555356176314746985, 1.000000000000000000),
 ( 1.000000000000000000, 0.7475419047825896390, 1.000000000000000000) ) ) 
 REPRESENTATION_ITEM ( '' )  SURFACE ( )  );
#3695 = CARTESIAN_POINT ( 'NONE',  ( 143.8566946529013535, 63.06851671304840323, 151.8558272304347554 ) ) ;
#3696 = DIRECTION ( 'NONE',  ( 0.6019530715390523090, -1.387778780781440154E-14, 0.7985314644174646981 ) ) ;
#3697 = CARTESIAN_POINT ( 'NONE',  ( 129.1397165564443981, 66.12405791344437489, 146.2550383488318460 ) ) ;
#3698 = ORIENTED_EDGE ( 'NONE', *, *, #604, .T. ) ;
#3699 = DIRECTION ( 'NONE',  ( -0.000000000000000000, -1.000000000000000000, -0.000000000000000000 ) ) ;
#3700 = CARTESIAN_POINT ( 'NONE',  ( 140.0883022272965661, 75.66666814106704919, 174.7793415621790700 ) ) ;
#3701 = DIRECTION ( 'NONE',  ( 1.000000000000000000, 0.000000000000000000, 2.218880795315036613E-16 ) ) ;
#3702 = EDGE_LOOP ( 'NONE', ( #1730, #678, #3204, #797, #234, #3340 ) ) ;
#3703 = ADVANCED_FACE ( 'NONE', ( #4682 ), #2818, .T. ) ;
#3704 = CIRCLE ( 'NONE', #3411, 2.000000000000001776 ) ;
#3705 = CARTESIAN_POINT ( 'NONE',  ( 23.95912645786668449, 139.1644400937471744, 69.18630185411736022 ) ) ;
#3706 = ORIENTED_EDGE ( 'NONE', *, *, #4417, .F. ) ;
#3707 = CARTESIAN_POINT ( 'NONE',  ( 141.8367459382940012, 76.89970870372862066, 182.0779565494662222 ) ) ;
#3708 = CARTESIAN_POINT ( 'NONE',  ( 144.9544093002510863, 35.14116776572873135, 215.8383448495527546 ) ) ;
#3709 = FACE_OUTER_BOUND ( 'NONE', #1967, .T. ) ;
#3710 = AXIS2_PLACEMENT_3D ( 'NONE', #682, #1431, #1146 ) ;
#3711 = CARTESIAN_POINT ( 'NONE',  ( 146.8192859357478142, 102.9812181946400926, 146.2196795046334046 ) ) ;
#3712 = CIRCLE ( 'NONE', #2024, 2.000000000000005329 ) ;
#3713 = EDGE_CURVE ( 'NONE', #727, #2919, #1979, .T. ) ;
#3714 = DIRECTION ( 'NONE',  ( 1.000000000000000000, -0.000000000000000000, 2.218880795315036613E-16 ) ) ;
#3715 = CARTESIAN_POINT ( 'NONE',  ( 131.3458287402957581, 51.80918559275360735, 150.7559430333439821 ) ) ;
#3716 = ORIENTED_EDGE ( 'NONE', *, *, #402, .F. ) ;
#3717 = CARTESIAN_POINT ( 'NONE',  ( 18.06358258731542676, 9.857113382385112033, 67.69925035683601777 ) ) ;
#3718 = CARTESIAN_POINT ( 'NONE',  ( 136.0541072811871857, 55.32685723776206999, 135.8762657664932192 ) ) ;
#3719 = ORIENTED_EDGE ( 'NONE', *, *, #1601, .F. ) ;
#3720 = CARTESIAN_POINT ( 'NONE',  ( 148.0000000000000284, 105.5359555091993968, 158.7465691999401827 ) ) ;
#3721 = AXIS2_PLACEMENT_3D ( 'NONE', #377, #3976, #1023 ) ;
#3722 = AXIS2_PLACEMENT_3D ( 'NONE', #1907, #3349, #4075 ) ;
#3723 = CARTESIAN_POINT ( 'NONE',  ( 143.2815687908012876, 62.38687912566736316, 150.4941377342375119 ) ) ;
#3724 = CARTESIAN_POINT ( 'NONE',  ( 130.8674397867034997, 64.11280251050300194, 145.3685506236675167 ) ) ;
#3725 = CARTESIAN_POINT ( 'NONE',  ( 130.0003418896160667, 63.83953571265242743, 147.9727053945344153 ) ) ;
#3726 = CARTESIAN_POINT ( 'NONE',  ( 146.0000000000000284, 140.9999999999999716, 163.2102051443364701 ) ) ;
#3727 = CARTESIAN_POINT ( 'NONE',  ( 140.6583949231426516, 66.10167718127982539, 144.7365632540566764 ) ) ;
#3728 = CARTESIAN_POINT ( 'NONE',  ( 147.3646451190730318, 104.8929143378144744, 154.1012149422693653 ) ) ;
#3729 = VECTOR ( 'NONE', #1671, 1000.000000000000000 ) ;
#3730 = EDGE_LOOP ( 'NONE', ( #4168, #4408, #64, #3987 ) ) ;
#3731 = CARTESIAN_POINT ( 'NONE',  ( 18.99807413972149917, 145.0900744139061374, 67.77672746869569664 ) ) ;
#3732 = ORIENTED_EDGE ( 'NONE', *, *, #716, .F. ) ;
#3733 = CARTESIAN_POINT ( 'NONE',  ( 30.60533761551087650, 14.14487868148766303, 68.42738265349198912 ) ) ;
#3734 = DIRECTION ( 'NONE',  ( -8.881784197001252323E-15, 0.000000000000000000, 1.000000000000000000 ) ) ;
#3735 = CARTESIAN_POINT ( 'NONE',  ( 34.05877273185283372, 140.9999999999999716, 69.19999999999998863 ) ) ;
#3736 = DIRECTION ( 'NONE',  ( 1.000000000000000000, 0.000000000000000000, 2.775557561562888511E-14 ) ) ;
#3737 = CARTESIAN_POINT ( 'NONE',  ( 27.04034790268618238, 140.3777809976984940, 69.18732325208944189 ) ) ;
#3738 = CARTESIAN_POINT ( 'NONE',  ( 136.0916267559942128, 62.53968297329562631, 141.3751571863425056 ) ) ;
#3739 = VERTEX_POINT ( 'NONE', #1726 ) ;
#3740 = CARTESIAN_POINT ( 'NONE',  ( 24.17836934681638894, 15.58638302551057464, 69.18630969774490325 ) ) ;
#3741 = CARTESIAN_POINT ( 'NONE',  ( 139.3621517837632382, 49.92739988917300309, 146.4828128050111502 ) ) ;
#3742 = ORIENTED_EDGE ( 'NONE', *, *, #4047, .F. ) ;
#3743 = ADVANCED_FACE ( 'NONE', ( #3882 ), #948, .T. ) ;
#3744 = ADVANCED_FACE ( 'NONE', ( #128 ), #3455, .F. ) ;
#3745 = CARTESIAN_POINT ( 'NONE',  ( 147.9658795041509052, 102.5986728521255742, 146.6016033465253656 ) ) ;
#3746 = CARTESIAN_POINT ( 'NONE',  ( 142.0123780546911121, 61.73477677590998525, 151.1331473384759079 ) ) ;
#3747 = CARTESIAN_POINT ( 'NONE',  ( 148.0000000000000284, 78.04888270868096356, 163.2102051443364701 ) ) ;
#3748 = CARTESIAN_POINT ( 'NONE',  ( 133.0776558075237119, 63.41101782118872876, 148.8895536637532189 ) ) ;
#3749 = DIRECTION ( 'NONE',  ( -0.000000000000000000, -1.000000000000000000, -0.000000000000000000 ) ) ;
#3750 = CARTESIAN_POINT ( 'NONE',  ( 144.7200505540365896, 58.99784726233284715, 153.9581367716292846 ) ) ;
#3751 = CYLINDRICAL_SURFACE ( 'NONE', #1902, 2.000000000000013767 ) ;
#3752 = VERTEX_POINT ( 'NONE', #552 ) ;
#3753 = CARTESIAN_POINT ( 'NONE',  ( 24.05748190530622921, 139.3029356357907886, 69.18630424513388277 ) ) ;
#3754 = ORIENTED_EDGE ( 'NONE', *, *, #510, .F. ) ;
#3755 = CARTESIAN_POINT ( 'NONE',  ( 141.5592047674875573, 79.46333770043848688, 180.7989904879966048 ) ) ;
#3756 = CARTESIAN_POINT ( 'NONE',  ( 57.52142132542150676, 139.6497913888348990, 67.30391741618120705 ) ) ;
#3757 = CARTESIAN_POINT ( 'NONE',  ( 130.0862710473977870, 94.29193035047636329, 148.1487542277046998 ) ) ;
#3758 = CARTESIAN_POINT ( 'NONE',  ( 148.0000000000000284, 102.2516361492151162, 144.5497880899264942 ) ) ;
#3759 = CARTESIAN_POINT ( 'NONE',  ( 25.75142140282043002, 140.0816100892542124, 69.18663032086838882 ) ) ;
#3760 = CARTESIAN_POINT ( 'NONE',  ( 135.6554100935741758, 61.96091295659768861, 140.7372696546323141 ) ) ;
#3761 = ORIENTED_EDGE ( 'NONE', *, *, #1356, .F. ) ;
#3762 = CARTESIAN_POINT ( 'NONE',  ( 24.28813530772633200, 12.99000128564170886, 68.21649080249312647 ) ) ;
#3763 = ORIENTED_EDGE ( 'NONE', *, *, #1202, .T. ) ;
#3764 = EDGE_CURVE ( 'NONE', #914, #1630, #4649, .T. ) ;
#3765 = ORIENTED_EDGE ( 'NONE', *, *, #3507, .T. ) ;
#3766 = CARTESIAN_POINT ( 'NONE',  ( 129.0358409214110509, 50.63071893473312457, 142.6684593783288904 ) ) ;
#3767 = CARTESIAN_POINT ( 'NONE',  ( 142.2172481515342213, 48.42008737013248520, 148.0860412280314620 ) ) ;
#3768 = CARTESIAN_POINT ( 'NONE',  ( 128.0848317436338561, 140.9999999999999716, 140.0662639453285863 ) ) ;
#3769 = CARTESIAN_POINT ( 'NONE',  ( 148.0000000000000284, 84.47581130651089154, 157.0767003958161467 ) ) ;
#3770 = CARTESIAN_POINT ( 'NONE',  ( 127.6048124565862310, 63.69654287167128359, 143.3337998399449589 ) ) ;
#3771 = VERTEX_POINT ( 'NONE', #4706 ) ;
#3772 = CARTESIAN_POINT ( 'NONE',  ( 113.0936039850378023, 32.52554141975251412, 104.7482129160081001 ) ) ;
#3773 = CARTESIAN_POINT ( 'NONE',  ( 144.3598756933314178, 61.33381045836996748, 153.0709105856298038 ) ) ;
#3774 = CARTESIAN_POINT ( 'NONE',  ( 131.7948753111607800, 64.55825130624916142, 151.7411659125173458 ) ) ;
#3775 = CARTESIAN_POINT ( 'NONE',  ( 105.8125680966896596, 35.99999999999996447, 110.5205997618818543 ) ) ;
#3776 = CARTESIAN_POINT ( 'NONE',  ( 24.34147292830322229, 139.4136169744924416, 67.24312659202539066 ) ) ;
#3777 = VERTEX_POINT ( 'NONE', #2127 ) ;
#3778 = CARTESIAN_POINT ( 'NONE',  ( 24.08318915758460577, 15.94296462641909784, 67.19999999999998863 ) ) ;
#3779 = CARTESIAN_POINT ( 'NONE',  ( 134.3007842503106701, 58.13810806623027361, 138.8130114350303472 ) ) ;
#3780 = CARTESIAN_POINT ( 'NONE',  ( 133.4752274860283023, 94.54888270868096356, 155.5487542277047623 ) ) ;
#3781 = CARTESIAN_POINT ( 'NONE',  ( 146.2915177443762502, 14.01953999961771480, 200.7846390613949836 ) ) ;
#3782 = FACE_OUTER_BOUND ( 'NONE', #2131, .T. ) ;
#3783 = CARTESIAN_POINT ( 'NONE',  ( 134.6869140035603607, 59.93702702415064465, 139.3530321152911711 ) ) ;
#3784 = EDGE_LOOP ( 'NONE', ( #4039, #3952, #3732, #385 ) ) ;
#3785 = CARTESIAN_POINT ( 'NONE',  ( 28.04918713235324290, 13.94528716433343263, 68.55616224620381161 ) ) ;
#3786 = VECTOR ( 'NONE', #3969, 1000.000000000000114 ) ;
#3787 = B_SPLINE_CURVE_WITH_KNOTS ( 'NONE', 3,
 ( #3039, #2274, #1915, #476, #4516, #3431, #74, #3781, #1228, #1540 ),
 .UNSPECIFIED., .F., .F.,
 ( 4, 2, 2, 2, 4 ),
 ( -2.621119107169444016E-05, 0.008538776260278543168, 0.01710376371162878120, 0.02566875116297901924, 0.03423373861432926074 ),
 .UNSPECIFIED. ) ;
#3788 = VERTEX_POINT ( 'NONE', #3881 ) ;
#3789 = VECTOR ( 'NONE', #1625, 1000.000000000000000 ) ;
#3790 = CARTESIAN_POINT ( 'NONE',  ( 146.0000000000000284, 15.99999999999995914, 162.8846879762482160 ) ) ;
#3791 = CARTESIAN_POINT ( 'NONE',  ( 1.009719629430382282E-25, 13.99999999999995737, 212.1999999999999602 ) ) ;
#3792 = ADVANCED_FACE ( 'NONE', ( #310 ), #1702, .T. ) ;
#3793 = VECTOR ( 'NONE', #2111, 1000.000000000000000 ) ;
#3794 = AXIS2_PLACEMENT_3D ( 'NONE', #4715, #2133, #2825 ) ;
#3795 = CARTESIAN_POINT ( 'NONE',  ( 128.0848317436338561, 64.04916367293087376, 140.0662639453285578 ) ) ;
#3796 = CARTESIAN_POINT ( 'NONE',  ( 132.8093180122699266, 62.32774881095748043, 154.0046092568416896 ) ) ;
#3797 = CARTESIAN_POINT ( 'NONE',  ( 138.6122308038761162, 65.05121838075137930, 140.6249221774147031 ) ) ;
#3798 = CARTESIAN_POINT ( 'NONE',  ( 147.6208745911409039, 106.5010941246248848, 158.0721566113102199 ) ) ;
#3799 = ADVANCED_FACE ( 'NONE', ( #1419 ), #673, .T. ) ;
#3800 = CARTESIAN_POINT ( 'NONE',  ( 30.53098107577153897, 14.14431684270476453, 69.19138984695943861 ) ) ;
#3801 = CARTESIAN_POINT ( 'NONE',  ( 26.06583712650856199, 141.2613810022963037, 68.37125777782370051 ) ) ;
#3802 = DIRECTION ( 'NONE',  ( 0.000000000000000000, 0.000000000000000000, -1.000000000000000000 ) ) ;
#3803 = AXIS2_PLACEMENT_3D ( 'NONE', #3791, #3112, #1972 ) ;
#3804 = CARTESIAN_POINT ( 'NONE',  ( 141.8367459382939444, 76.65470979761705905, 182.0779565494661938 ) ) ;
#3805 = CARTESIAN_POINT ( 'NONE',  ( 144.6507602092681850, 35.14713455904681183, 222.2586264514285972 ) ) ;
#3806 = CARTESIAN_POINT ( 'NONE',  ( 33.62700671010469478, 140.9976152976580295, 69.09918604052251112 ) ) ;
#3807 = CARTESIAN_POINT ( 'NONE',  ( 111.9705921123301238, 34.21357679659929119, 103.5786518082779679 ) ) ;
#3808 = CARTESIAN_POINT ( 'NONE',  ( 32.29295263477261102, 140.9630890892894399, 69.19511886219331132 ) ) ;
#3809 = CARTESIAN_POINT ( 'NONE',  ( 142.4338420177787725, 60.63286385875446172, 151.9259016285779182 ) ) ;
#3810 = ORIENTED_EDGE ( 'NONE', *, *, #3945, .F. ) ;
#3811 = CARTESIAN_POINT ( 'NONE',  ( 25.10030544810937059, 13.45352177111872649, 68.28602106337187649 ) ) ;
#3812 = VERTEX_POINT ( 'NONE', #1008 ) ;
#3813 = SURFACE_STYLE_USAGE ( .BOTH. , #4542 ) ;
#3814 = CARTESIAN_POINT ( 'NONE',  ( 144.7597174445240569, 55.53369900647857804, 154.0568645033521022 ) ) ;
#3815 = CARTESIAN_POINT ( 'NONE',  ( 147.1856342797242121, 84.96341782514225827, 151.4507755737722334 ) ) ;
#3816 = CARTESIAN_POINT ( 'NONE',  ( 134.9109132321686957, 53.59782336109974921, 152.0629132933030689 ) ) ;
#3817 = CARTESIAN_POINT ( 'NONE',  ( 143.2517919433479676, 86.24637443168694517, 144.8846879762482445 ) ) ;
#3818 = DIRECTION ( 'NONE',  ( 0.000000000000000000, 0.000000000000000000, 1.000000000000000000 ) ) ;
#3819 = CYLINDRICAL_SURFACE ( 'NONE', #509, 2.000000000000001776 ) ;
#3820 = CARTESIAN_POINT ( 'NONE',  ( 27.19562748599985724, 140.4073288815489491, 69.18743557007746858 ) ) ;
#3821 = CARTESIAN_POINT ( 'NONE',  ( 144.6693130687139615, 39.25747293383606262, 221.9881508148459091 ) ) ;
#3822 = EDGE_CURVE ( 'NONE', #1392, #2917, #2951, .T. ) ;
#3823 = CARTESIAN_POINT ( 'NONE',  ( 148.0000000000000284, 88.19804811596283400, 144.9159810578379677 ) ) ;
#3824 = CARTESIAN_POINT ( 'NONE',  ( 130.0862710473978154, 94.80607217706861434, 148.1487542277047567 ) ) ;
#3825 = CARTESIAN_POINT ( 'NONE',  ( 130.4828440119589175, 92.22361283167022350, 148.9603624079901465 ) ) ;
#3826 = DIRECTION ( 'NONE',  ( 0.6019530715390324360, 0.000000000000000000, 0.7985314644174796861 ) ) ;
#3827 = CARTESIAN_POINT ( 'NONE',  ( 139.1007622115529898, 109.0032105689582949, 146.4339988974002438 ) ) ;
#3828 = CARTESIAN_POINT ( 'NONE',  ( 139.6852450860439490, 64.04802806859453312, 147.0146505087029709 ) ) ;
#3829 = ORIENTED_EDGE ( 'NONE', *, *, #4218, .F. ) ;
#3830 = CARTESIAN_POINT ( 'NONE',  ( 25.18596059583575197, 15.09832360224754844, 69.18646745615100713 ) ) ;
#3831 = CARTESIAN_POINT ( 'NONE',  ( 144.7427218874911148, 101.9390823985505392, 144.8846879762482445 ) ) ;
#3832 = CARTESIAN_POINT ( 'NONE',  ( 144.6498609502127977, 54.29668784083279576, 153.7835849249794933 ) ) ;
#3833 = CARTESIAN_POINT ( 'NONE',  ( 148.0000000000000284, 81.34504559260560086, 161.6482280555120212 ) ) ;
#3834 = CARTESIAN_POINT ( 'NONE',  ( 132.3551825232162003, 57.59614646188018128, 152.9032887293776355 ) ) ;
#3835 = EDGE_CURVE ( 'NONE', #2625, #3128, #1449, .T. ) ;
#3836 = VERTEX_POINT ( 'NONE', #2101 ) ;
#3837 = CARTESIAN_POINT ( 'NONE',  ( 133.5255859703377723, 56.09763055982685387, 155.6675038419483883 ) ) ;
#3838 = CARTESIAN_POINT ( 'NONE',  ( 33.61681313372874769, 14.00237024227739191, 69.19866433937831118 ) ) ;
#3839 = CARTESIAN_POINT ( 'NONE',  ( 25.83160166773342681, 141.3103568002599388, 68.35028922449421884 ) ) ;
#3840 = CARTESIAN_POINT ( 'NONE',  ( 144.6159268291912383, 36.99999999999995737, 222.7467391801447434 ) ) ;
#3841 = DIRECTION ( 'NONE',  ( 1.000000000000000000, 0.000000000000000000, 2.218880795315036613E-16 ) ) ;
#3842 = CARTESIAN_POINT ( 'NONE',  ( 133.2483496625606278, 96.47571191312341909, 155.0169528242223294 ) ) ;
#3843 = CARTESIAN_POINT ( 'NONE',  ( 145.0000000000000000, 76.65470979761705905, 178.3779565494662052 ) ) ;
#3844 = ADVANCED_FACE ( 'NONE', ( #1394 ), #1404, .T. ) ;
#3845 = B_SPLINE_CURVE_WITH_KNOTS ( 'NONE', 3,
 ( #3775, #4144, #1955, #2312, #3424, #1287, #1240, #2018, #136, #1602, #3053, #157, #4530, #1262, #2716, #4277 ),
 .UNSPECIFIED., .F., .F.,
 ( 4, 2, 2, 2, 2, 2, 2, 4 ),
 ( 0.000000000000000000, 0.0007987208171578024122, 0.001198081225736708985, 0.001597441634315615450, 0.001996802042894522348, 0.002396162451473428379, 0.002795522860052335277, 0.003194883268631241741 ),
 .UNSPECIFIED. ) ;
#3846 = SPHERICAL_SURFACE ( 'NONE', #4032, 2.000000000000000000 ) ;
#3847 = CARTESIAN_POINT ( 'NONE',  ( 142.1541613283324637, 106.4597021745336320, 144.9460705880414935 ) ) ;
#3848 = CARTESIAN_POINT ( 'NONE',  ( 138.2026031181401322, 49.41212360142990434, 139.8372788251310794 ) ) ;
#3849 = ORIENTED_EDGE ( 'NONE', *, *, #1601, .T. ) ;
#3850 = CARTESIAN_POINT ( 'NONE',  ( 23.99838464325756959, 12.76414194257898771, 68.19206079858936675 ) ) ;
#3851 = EDGE_LOOP ( 'NONE', ( #2285, #1123, #2461, #3004 ) ) ;
#3852 = ADVANCED_FACE ( 'NONE', ( #282 ), #255, .T. ) ;
#3853 = CARTESIAN_POINT ( 'NONE',  ( 131.5477298279174931, 59.80702576926252334, 139.2943841443283475 ) ) ;
#3854 = CARTESIAN_POINT ( 'NONE',  ( 130.0434721587706122, 50.09624825920113267, 144.1341123412558431 ) ) ;
#3855 = CARTESIAN_POINT ( 'NONE',  ( 142.5000960401862358, 53.56086822329604757, 152.0511470623010553 ) ) ;
#3856 = EDGE_CURVE ( 'NONE', #1025, #727, #4262, .T. ) ;
#3857 = DIRECTION ( 'NONE',  ( -0.1518048436990048489, 0.000000000000000000, 0.9884104863008692510 ) ) ;
#3858 = VECTOR ( 'NONE', #1024, 1000.000000000000000 ) ;
#3859 = CARTESIAN_POINT ( 'NONE',  ( 148.0000000000000284, 87.90935492988394628, 146.5894746126789130 ) ) ;
#3860 = CARTESIAN_POINT ( 'NONE',  ( 134.8527060008225362, 60.40605395946776923, 139.5869608998282558 ) ) ;
#3861 = CARTESIAN_POINT ( 'NONE',  ( 133.5397751350763542, 56.55411170148982336, 155.7010756096275088 ) ) ;
#3862 = VERTEX_POINT ( 'NONE', #3900 ) ;
#3863 = CARTESIAN_POINT ( 'NONE',  ( 131.7932195413553700, 49.43953084139410947, 151.7375810147030393 ) ) ;
#3864 = VECTOR ( 'NONE', #680, 1000.000000000000000 ) ;
#3865 = DIRECTION ( 'NONE',  ( 0.000000000000000000, -0.000000000000000000, 1.000000000000000000 ) ) ;
#3866 = CARTESIAN_POINT ( 'NONE',  ( 33.21697715985926180, 140.9999999999999716, 69.00231012772357531 ) ) ;
#3867 = CARTESIAN_POINT ( 'NONE',  ( 0.000000000000000000, 138.9999999999999432, 212.1999999999999602 ) ) ;
#3868 = CARTESIAN_POINT ( 'NONE',  ( 148.0000000000000284, 36.99999999999995737, 219.0467391801447263 ) ) ;
#3869 = CARTESIAN_POINT ( 'NONE',  ( 133.5290588996244310, 32.00000000280774515, 131.5398327472526887 ) ) ;
#3870 = CARTESIAN_POINT ( 'NONE',  ( 137.3282570562495835, 50.37498668088635156, 143.2346780349986091 ) ) ;
#3871 = AXIS2_PLACEMENT_3D ( 'NONE', #767, #4385, #1128 ) ;
#3872 = CIRCLE ( 'NONE', #659, 2.000000000000001776 ) ;
#3873 = CARTESIAN_POINT ( 'NONE',  ( 112.2667541829177082, 33.54819936118138912, 103.8847274740710702 ) ) ;
#3874 = CARTESIAN_POINT ( 'NONE',  ( 141.1598733682302509, 104.7545424074297387, 145.3946547856498910 ) ) ;
#3875 = CARTESIAN_POINT ( 'NONE',  ( 143.5482783756948209, 50.20931556193066569, 151.1254285811968998 ) ) ;
#3876 = VERTEX_POINT ( 'NONE', #4287 ) ;
#3877 = CARTESIAN_POINT ( 'NONE',  ( 146.0000000000000284, 140.9999999999999716, 195.0827572313765188 ) ) ;
#3878 = EDGE_LOOP ( 'NONE', ( #3981, #4440 ) ) ;
#3879 = CARTESIAN_POINT ( 'NONE',  ( 128.0848317436338561, 62.49989693162738291, 141.3310851043431171 ) ) ;
#3880 = CARTESIAN_POINT ( 'NONE',  ( 130.6563450731612477, 49.93506648297475436, 145.0513310321483971 ) ) ;
#3881 = CARTESIAN_POINT ( 'NONE',  ( 148.0000000000000284, 100.5332647964798838, 144.8846879762482445 ) ) ;
#3882 = FACE_OUTER_BOUND ( 'NONE', #3934, .T. ) ;
#3883 = EDGE_CURVE ( 'NONE', #2623, #914, #4677, .T. ) ;
#3884 = EDGE_CURVE ( 'NONE', #3128, #1796, #2374, .T. ) ;
#3885 = CIRCLE ( 'NONE', #3501, 2.000000000000007550 ) ;
#3886 = DIRECTION ( 'NONE',  ( 0.000000000000000000, -1.000000000000000000, 0.000000000000000000 ) ) ;
#3887 = CARTESIAN_POINT ( 'NONE',  ( 147.7483546773492833, 81.43443368844066299, 160.1209865351450503 ) ) ;
#3888 = VERTEX_POINT ( 'NONE', #594 ) ;
#3889 = CARTESIAN_POINT ( 'NONE',  ( 131.9511566691618043, 49.68683818262386609, 152.0832451798301861 ) ) ;
#3890 = CARTESIAN_POINT ( 'NONE',  ( 144.3118427134740216, 56.82712030308034912, 152.9384597401170538 ) ) ;
#3891 = CARTESIAN_POINT ( 'NONE',  ( 25.35542567781282131, 141.4500065148126851, 68.30826896446636454 ) ) ;
#3892 = CARTESIAN_POINT ( 'NONE',  ( 144.7516765874632085, 40.32616798865859664, 220.6854217740660431 ) ) ;
#3893 = CARTESIAN_POINT ( 'NONE',  ( 148.0000000000000568, 80.79932966467836764, 162.1277901582953973 ) ) ;
#3894 = CARTESIAN_POINT ( 'NONE',  ( 130.8179005281097886, 97.53861854383985985, 149.6562117353343808 ) ) ;
#3895 = CARTESIAN_POINT ( 'NONE',  ( 134.7798499402296670, 53.79030399275301733, 139.4840001270717380 ) ) ;
#3896 = CARTESIAN_POINT ( 'NONE',  ( 23.08318915758457379, 36.99999999999995737, 215.3467391801446809 ) ) ;
#3897 = CARTESIAN_POINT ( 'NONE',  ( 139.3050081256281771, 108.1826505108170267, 146.2995761053329318 ) ) ;
#3898 = DIRECTION ( 'NONE',  ( 0.000000000000000000, 1.000000000000000000, 0.000000000000000000 ) ) ;
#3899 = ORIENTED_EDGE ( 'NONE', *, *, #4748, .F. ) ;
#3900 = CARTESIAN_POINT ( 'NONE',  ( 144.9658512634342458, 36.99999999999995737, 215.3467391801447093 ) ) ;
#3901 = EDGE_CURVE ( 'NONE', #199, #2777, #3427, .T. ) ;
#3902 = ORIENTED_EDGE ( 'NONE', *, *, #1808, .T. ) ;
#3903 = CARTESIAN_POINT ( 'NONE',  ( 147.8961038961039094, 15.99999999999995914, 162.5739740423148589 ) ) ;
#3904 = ORIENTED_EDGE ( 'NONE', *, *, #2648, .F. ) ;
#3905 = DIRECTION ( 'NONE',  ( 0.000000000000000000, -0.000000000000000000, 1.000000000000000000 ) ) ;
#3906 = CARTESIAN_POINT ( 'NONE',  ( 12.10329027430182514, 15.00641561937148971, 67.20511478969491748 ) ) ;
#3907 = CARTESIAN_POINT ( 'NONE',  ( 124.3449300506649564, 31.99999999999995737, 137.6122103109682087 ) ) ;
#3908 = EDGE_CURVE ( 'NONE', #4365, #615, #1530, .T. ) ;
#3909 = CARTESIAN_POINT ( 'NONE',  ( 105.2228210699736337, 34.16478949426831946, 112.4300497387834668 ) ) ;
#3910 = CARTESIAN_POINT ( 'NONE',  ( 136.1954203373427674, 59.68173085531154953, 136.1285079192778937 ) ) ;
#3911 = ORIENTED_EDGE ( 'NONE', *, *, #3649, .F. ) ;
#3912 = CARTESIAN_POINT ( 'NONE',  ( 128.7754398833454843, 51.83170891198382435, 140.9249044351890348 ) ) ;
#3913 = CARTESIAN_POINT ( 'NONE',  ( 144.8012325307190906, 56.15866619852645414, 154.1602251511042141 ) ) ;
#3914 = FACE_OUTER_BOUND ( 'NONE', #28, .T. ) ;
#3915 = CARTESIAN_POINT ( 'NONE',  ( 144.6245561149645482, 37.96131887325340415, 222.6278483112360220 ) ) ;
#3916 = CARTESIAN_POINT ( 'NONE',  ( 142.8242961922146890, 106.7422099472900356, 146.7902534264847247 ) ) ;
#3917 = CARTESIAN_POINT ( 'NONE',  ( 132.2550282991277015, 98.14354464151800528, 152.7553225199056612 ) ) ;
#3918 = CARTESIAN_POINT ( 'NONE',  ( 134.2346854713649407, 57.00000000000000000, 138.7212002188447286 ) ) ;
#3919 = CARTESIAN_POINT ( 'NONE',  ( 16.37758997299529540, 144.8877508457276519, 67.55947159220052356 ) ) ;
#3920 = CARTESIAN_POINT ( 'NONE',  ( 128.0848317436338846, 138.9999999999999432, 140.0662639453285578 ) ) ;
#3921 = CARTESIAN_POINT ( 'NONE',  ( 131.3183788878187670, 54.22019842585665117, 135.1241372900097133 ) ) ;
#3922 = ORIENTED_EDGE ( 'NONE', *, *, #4596, .T. ) ;
#3923 = CARTESIAN_POINT ( 'NONE',  ( 146.0000000000000284, 140.9999999999999716, 229.3172427686234300 ) ) ;
#3924 = ORIENTED_EDGE ( 'NONE', *, *, #3210, .F. ) ;
#3925 = DIRECTION ( 'NONE',  ( -0.000000000000000000, -1.000000000000000000, 0.000000000000000000 ) ) ;
#3926 = ORIENTED_EDGE ( 'NONE', *, *, #960, .T. ) ;
#3927 = CARTESIAN_POINT ( 'NONE',  ( 132.4490801045354260, 50.16639460357708913, 147.8544308150293034 ) ) ;
#3928 = CARTESIAN_POINT ( 'NONE',  ( 24.10046847071710729, 15.89273271339263616, 67.20287094497625446 ) ) ;
#3929 = CARTESIAN_POINT ( 'NONE',  ( 114.4868875206917238, 33.99999999999994316, 106.2341914303274564 ) ) ;
#3930 = CIRCLE ( 'NONE', #2707, 2.099999999999990763 ) ;
#3931 = EDGE_CURVE ( 'NONE', #1876, #434, #2859, .T. ) ;
#3932 = CARTESIAN_POINT ( 'NONE',  ( 107.3994873164124044, 33.99999999999995737, 111.8289378148672881 ) ) ;
#3933 = CARTESIAN_POINT ( 'NONE',  ( 134.3577964572053531, 58.62624116705652000, 138.8922827327339178 ) ) ;
#3934 = EDGE_LOOP ( 'NONE', ( #4286, #481, #1778, #800, #2819 ) ) ;
#3935 = CARTESIAN_POINT ( 'NONE',  ( 129.0239510511241576, 51.65209801639696252, 136.8537346136800466 ) ) ;
#3936 = AXIS2_PLACEMENT_3D ( 'NONE', #1795, #720, #2174 ) ;
#3937 = CARTESIAN_POINT ( 'NONE',  ( 144.7221216233961911, 58.97483205644291360, 153.9632853549492211 ) ) ;
#3938 = AXIS2_PLACEMENT_3D ( 'NONE', #300, #4695, #4333 ) ;
#3939 = CARTESIAN_POINT ( 'NONE',  ( 125.2381101029685624, 32.40197956058047879, 139.1214618488371286 ) ) ;
#3940 = LINE ( 'NONE', #4328, #3786 ) ;
#3941 = CARTESIAN_POINT ( 'NONE',  ( 145.2963414862280160, 140.9999999999999716, 234.5153120237517328 ) ) ;
#3942 = CARTESIAN_POINT ( 'NONE',  ( 141.6699663858136660, 74.37534682544901443, 181.3027447808447903 ) ) ;
#3943 = CARTESIAN_POINT ( 'NONE',  ( 134.2346854713649975, 56.75563771332591045, 138.7212002188447286 ) ) ;
#3944 = TOROIDAL_SURFACE ( 'NONE', #3794, 147.0000000000000000, 2.000000000000000000 ) ;
#3945 = EDGE_CURVE ( 'NONE', #3356, #3458, #1699, .T. ) ;
#3946 = EDGE_CURVE ( 'NONE', #2124, #3739, #3184, .T. ) ;
#3947 = CARTESIAN_POINT ( 'NONE',  ( 12.04162941636037232, 139.5014806348219452, 67.20000288815266742 ) ) ;
#3948 = CARTESIAN_POINT ( 'NONE',  ( 132.3990348037019942, 58.04537951953221864, 138.7936897492722892 ) ) ;
#3949 = AXIS2_PLACEMENT_3D ( 'NONE', #1581, #473, #1933 ) ;
#3950 = CARTESIAN_POINT ( 'NONE',  ( 23.91823580719018949, 140.9999999999999716, 69.18630136986297430 ) ) ;
#3951 = DIRECTION ( 'NONE',  ( 0.000000000000000000, -0.000000000000000000, 1.000000000000000000 ) ) ;
#3952 = ORIENTED_EDGE ( 'NONE', *, *, #2134, .F. ) ;
#3953 = CARTESIAN_POINT ( 'NONE',  ( 142.2309087882099732, 80.76767673671839987, 147.1189553203932689 ) ) ;
#3954 = EDGE_LOOP ( 'NONE', ( #4483, #3007 ) ) ;
#3955 = CIRCLE ( 'NONE', #3101, 1.000000000000000888 ) ;
#3956 = VERTEX_POINT ( 'NONE', #3978 ) ;
#3957 = CARTESIAN_POINT ( 'NONE',  ( 130.2486130075137396, 50.02897940516973563, 144.4388630562597768 ) ) ;
#3958 = CARTESIAN_POINT ( 'NONE',  ( 133.3119365660555502, 53.87175166238198898, 155.1653754838649775 ) ) ;
#3959 = CARTESIAN_POINT ( 'NONE',  ( 12.33312259429737523, 14.07071895391056060, 67.22416870440487457 ) ) ;
#3960 = CIRCLE ( 'NONE', #3495, 3.700000000000009059 ) ;
#3961 = CARTESIAN_POINT ( 'NONE',  ( 125.6783686783601013, 32.99309332272044770, 139.8813919438862285 ) ) ;
#3962 = CARTESIAN_POINT ( 'NONE',  ( 105.0624801712166061, 32.20355307079952212, 112.2653565421848043 ) ) ;
#3963 = CARTESIAN_POINT ( 'NONE',  ( 137.9315626902345855, 59.88982373155004524, 139.2785326696323409 ) ) ;
#3964 = EDGE_LOOP ( 'NONE', ( #3081, #3257, #4175, #357 ) ) ;
#3965 = CARTESIAN_POINT ( 'NONE',  ( 131.1951286606236806, 55.66014737637438259, 135.2170464064740543 ) ) ;
#3966 = CIRCLE ( 'NONE', #142, 2.000000000000001776 ) ;
#3967 = CARTESIAN_POINT ( 'NONE',  ( 144.2606277386705642, 55.76929926236872603, 152.8142743990914596 ) ) ;
#3968 = CARTESIAN_POINT ( 'NONE',  ( 125.0678058779445365, 34.37671316488611950, 138.8207396408742227 ) ) ;
#3969 = DIRECTION ( 'NONE',  ( -0.7985314644174801302, -0.000000000000000000, 0.6019530715390316589 ) ) ;
#3970 = CYLINDRICAL_SURFACE ( 'NONE', #2576, 2.000000000000001776 ) ;
#3971 = CARTESIAN_POINT ( 'NONE',  ( 140.6004450770042240, 73.32254487307842794, 176.7519111024553808 ) ) ;
#3972 = FACE_OUTER_BOUND ( 'NONE', #2481, .T. ) ;
#3973 = EDGE_CURVE ( 'NONE', #914, #3771, #1732, .T. ) ;
#3974 = CARTESIAN_POINT ( 'NONE',  ( 24.08420852627311604, 139.0268610589638456, 67.20016931889880141 ) ) ;
#3975 = CARTESIAN_POINT ( 'NONE',  ( 138.9257077649685073, 78.83898265635659186, 146.5564658860537861 ) ) ;
#3976 = DIRECTION ( 'NONE',  ( 1.000000000000000000, 0.000000000000000000, 0.000000000000000000 ) ) ;
#3977 = DIRECTION ( 'NONE',  ( 1.000000000000000000, 0.000000000000000000, 0.000000000000000000 ) ) ;
#3978 = CARTESIAN_POINT ( 'NONE',  ( 148.0000000000000284, 100.8997173013990931, 144.9159810578379961 ) ) ;
#3979 = EDGE_CURVE ( 'NONE', #2156, #1918, #952, .T. ) ;
#3980 = CARTESIAN_POINT ( 'NONE',  ( 148.0000000000000000, 106.7290138148874235, 159.5440501486540370 ) ) ;
#3981 = ORIENTED_EDGE ( 'NONE', *, *, #487, .T. ) ;
#3982 = CARTESIAN_POINT ( 'NONE',  ( 111.4498338032009030, 35.99999999999996447, 106.2710873026683487 ) ) ;
#3983 = CARTESIAN_POINT ( 'NONE',  ( 132.5322819705619111, 50.20704565017293675, 147.9894243914201581 ) ) ;
#3984 = ORIENTED_EDGE ( 'NONE', *, *, #301, .T. ) ;
#3985 = CARTESIAN_POINT ( 'NONE',  ( 132.5222850308968532, 57.00000000000000000, 138.7212002188447286 ) ) ;
#3986 = CARTESIAN_POINT ( 'NONE',  ( 139.7965618967855619, 48.11023442474017031, 142.9683770423596343 ) ) ;
#3987 = ORIENTED_EDGE ( 'NONE', *, *, #3037, .F. ) ;
#3988 = PRODUCT_DEFINITION_CONTEXT ( 'detailed design', #3535, 'design' ) ;
#3989 = CARTESIAN_POINT ( 'NONE',  ( 144.7597174445240569, 55.53369900647857094, 154.0568645033521022 ) ) ;
#3990 = CARTESIAN_POINT ( 'NONE',  ( 148.0000000000000568, 108.8571992039668856, 162.5416891050801951 ) ) ;
#3991 = EDGE_LOOP ( 'NONE', ( #641, #424, #2911, #4297 ) ) ;
#3992 = CARTESIAN_POINT ( 'NONE',  ( 131.5477298279113541, 54.19297423073871300, 139.2943841443277790 ) ) ;
#3993 = FACE_OUTER_BOUND ( 'NONE', #359, .T. ) ;
#3994 = EDGE_CURVE ( 'NONE', #956, #4559, #1518, .T. ) ;
#3995 = CARTESIAN_POINT ( 'NONE',  ( 126.1426059888231777, 34.22092308178341824, 140.6943845738350944 ) ) ;
#3996 = CARTESIAN_POINT ( 'NONE',  ( 147.1941147482876602, 86.34344173218759977, 146.0825924465506773 ) ) ;
#3997 = FACE_OUTER_BOUND ( 'NONE', #4512, .T. ) ;
#3998 = CARTESIAN_POINT ( 'NONE',  ( 141.0561523644783506, 72.95423747357627065, 178.6109690990257093 ) ) ;
#3999 = DIRECTION ( 'NONE',  ( 0.000000000000000000, 0.000000000000000000, -1.000000000000000000 ) ) ;
#4000 = CARTESIAN_POINT ( 'NONE',  ( 13.66835044751610617, 143.1802621422842492, 67.33486400803364802 ) ) ;
#4001 = ADVANCED_FACE ( 'NONE', ( #3709 ), #3659, .T. ) ;
#4002 = CARTESIAN_POINT ( 'NONE',  ( 140.9649494968181216, 79.31800828736248832, 145.1428216560188389 ) ) ;
#4003 = DIRECTION ( 'NONE',  ( 0.000000000000000000, 0.000000000000000000, -1.000000000000000000 ) ) ;
#4004 = CARTESIAN_POINT ( 'NONE',  ( 111.5023304695187818, 35.47667982975247725, 106.3131564697497566 ) ) ;
#4005 = CARTESIAN_POINT ( 'NONE',  ( 134.0604423885453116, 32.20082241143132507, 132.4262067773057368 ) ) ;
#4006 = CARTESIAN_POINT ( 'NONE',  ( 148.0000000000000284, 107.7527198247579605, 161.6482280555120212 ) ) ;
#4007 = ORIENTED_EDGE ( 'NONE', *, *, #3678, .T. ) ;
#4008 = DIRECTION ( 'NONE',  ( 0.000000000000000000, 0.000000000000000000, -1.000000000000000000 ) ) ;
#4009 = CARTESIAN_POINT ( 'NONE',  ( 127.0945101321094342, 48.98648220284179899, 142.3953396445459703 ) ) ;
#4010 = ORIENTED_EDGE ( 'NONE', *, *, #4264, .F. ) ;
#4011 = CARTESIAN_POINT ( 'NONE',  ( 21.46387119737965321, 10.74707381529145778, 67.98119148222990304 ) ) ;
#4012 = CARTESIAN_POINT ( 'NONE',  ( 137.8157366034837423, 54.74128388867932671, 139.0493524067223916 ) ) ;
#4013 = EDGE_CURVE ( 'NONE', #4473, #4426, #4465, .T. ) ;
#4014 = EDGE_CURVE ( 'NONE', #256, #4365, #1591, .T. ) ;
#4015 = CARTESIAN_POINT ( 'NONE',  ( 105.9778096586253895, 35.11217921839715217, 110.6503869653205783 ) ) ;
#4016 = CARTESIAN_POINT ( 'NONE',  ( 132.5222850308968532, 57.00000000000000000, 136.7212002188447286 ) ) ;
#4017 = ORIENTED_EDGE ( 'NONE', *, *, #2273, .T. ) ;
#4018 = B_SPLINE_CURVE_WITH_KNOTS ( 'NONE', 3,
 ( #979, #3537, #688, #3248, #741, #2552, #303, #4726, #1818, #2884, #2856, #1516, #2580, #1463, #325, #2473 ),
 .UNSPECIFIED., .F., .F.,
 ( 4, 2, 2, 2, 2, 2, 2, 4 ),
 ( 0.000000000000000000, 0.0003955306494070116754, 0.0007910612988140233509, 0.001186591948221034972, 0.001582122597628046702, 0.001977653247035058431, 0.002373183896442069944, 0.003164245195256093404 ),
 .UNSPECIFIED. ) ;
#4019 = CARTESIAN_POINT ( 'NONE',  ( 137.7680879692874782, 63.84355303015958327, 143.9173436937722954 ) ) ;
#4020 = CARTESIAN_POINT ( 'NONE',  ( 124.6091741646373663, 32.00000000194951610, 138.0527303478963290 ) ) ;
#4021 = CARTESIAN_POINT ( 'NONE',  ( 0.000000000000000000, 138.9999999999999432, 212.1999999999999602 ) ) ;
#4022 = B_SPLINE_CURVE_WITH_KNOTS ( 'NONE', 3,
 ( #2696, #140, #3057, #474, #3756, #3382, #1200, #4534, #1960, #1178, #2654, #4514, #2270, #1891 ),
 .UNSPECIFIED., .F., .F.,
 ( 4, 2, 2, 2, 2, 2, 4 ),
 ( 0.000000000000000000, 0.0003941124496187306037, 0.0007882248992374612075, 0.001182337348856191865, 0.001576449798474922415, 0.002364674697712322582, 0.003152899596949722966 ),
 .UNSPECIFIED. ) ;
#4023 = CARTESIAN_POINT ( 'NONE',  ( 57.25803497383697760, 14.05201614479697980, 68.67816094780681624 ) ) ;
#4024 = CARTESIAN_POINT ( 'NONE',  ( 132.3524443760584859, 34.77710214899814645, 133.8287169539006811 ) ) ;
#4025 = CARTESIAN_POINT ( 'NONE',  ( 23.08318915758460221, 94.54888270868096356, 151.8487542277047169 ) ) ;
#4026 = VECTOR ( 'NONE', #3009, 1000.000000000000000 ) ;
#4027 = CARTESIAN_POINT ( 'NONE',  ( 24.09868379556024465, 139.1016094641156542, 67.20257434966931953 ) ) ;
#4028 = CARTESIAN_POINT ( 'NONE',  ( 141.4972738386840660, 81.31533186331508034, 145.0537565458459710 ) ) ;
#4029 = CARTESIAN_POINT ( 'NONE',  ( 1.009719629430382282E-25, 138.9999999999999432, 212.1999999999999602 ) ) ;
#4030 = CARTESIAN_POINT ( 'NONE',  ( 145.0000000000000000, 76.65470979761705905, 182.0779565494661938 ) ) ;
#4031 = CARTESIAN_POINT ( 'NONE',  ( 134.9494880623489337, 33.34109755827406474, 133.9397200785707014 ) ) ;
#4032 = AXIS2_PLACEMENT_3D ( 'NONE', #184, #1336, #563 ) ;
#4033 = ADVANCED_BREP_SHAPE_REPRESENTATION ( 'back right spindexer wall', ( #2347, #3360 ), #368 ) ;
#4034 = B_SPLINE_CURVE_WITH_KNOTS ( 'NONE', 3,
 ( #1843, #2244, #2167, #4083 ),
 .UNSPECIFIED., .F., .F.,
 ( 4, 4 ),
 ( 0.000000000000000000, 0.0003677862087095536462 ),
 .UNSPECIFIED. ) ;
#4035 = AXIS2_PLACEMENT_3D ( 'NONE', #3292, #4429, #2918 ) ;
#4036 = CARTESIAN_POINT ( 'NONE',  ( 147.9999999999871818, 104.3302794991353295, 154.2224868780953102 ) ) ;
#4037 = CARTESIAN_POINT ( 'NONE',  ( 146.2979532386744097, 85.79610961616270970, 146.4647530583626178 ) ) ;
#4038 = CARTESIAN_POINT ( 'NONE',  ( 130.0818850477807587, 50.08224407179393012, 144.1909548944902326 ) ) ;
#4039 = ORIENTED_EDGE ( 'NONE', *, *, #2786, .F. ) ;
#4040 = CARTESIAN_POINT ( 'NONE',  ( 24.11913540942822465, 15.84518634642637025, 67.20597475555194933 ) ) ;
#4041 = CARTESIAN_POINT ( 'NONE',  ( 134.4918730799894320, 54.76029598776469953, 139.0794213201651814 ) ) ;
#4042 = ORIENTED_EDGE ( 'NONE', *, *, #3210, .T. ) ;
#4043 = VECTOR ( 'NONE', #1772, 1000.000000000000000 ) ;
#4044 = CARTESIAN_POINT ( 'NONE',  ( 148.0000000000000568, 106.0251428003389691, 159.5279093967726283 ) ) ;
#4045 = EDGE_LOOP ( 'NONE', ( #4110, #1398, #2984 ) ) ;
#4046 = CARTESIAN_POINT ( 'NONE',  ( 131.3183788878187670, 56.99999999999999289, 135.1241372900097701 ) ) ;
#4047 = EDGE_CURVE ( 'NONE', #1445, #2917, #496, .T. ) ;
#4048 = CARTESIAN_POINT ( 'NONE',  ( 142.4415522997047674, 63.57269084260151004, 148.5841542519138159 ) ) ;
#4049 = CARTESIAN_POINT ( 'NONE',  ( 105.5813071135277141, 32.02615418870727382, 112.8136210044419272 ) ) ;
#4050 = LINE ( 'NONE', #2136, #958 ) ;
#4051 = DIRECTION ( 'NONE',  ( -0.000000000000000000, -1.000000000000000000, -0.000000000000000000 ) ) ;
#4052 = CARTESIAN_POINT ( 'NONE',  ( 134.3164292549676020, 32.40377115139693842, 132.8579705839467806 ) ) ;
#4053 = CARTESIAN_POINT ( 'NONE',  ( 0.000000000000000000, 57.00000000000000000, 145.8212002188446945 ) ) ;
#4054 = ORIENTED_EDGE ( 'NONE', *, *, #1099, .F. ) ;
#4055 = CARTESIAN_POINT ( 'NONE',  ( 24.17023748190052146, 139.2403795759509251, 67.21448395561399991 ) ) ;
#4056 = CARTESIAN_POINT ( 'NONE',  ( 139.1007622115529898, 80.09455484840360384, 146.4339988974002438 ) ) ;
#4057 = LINE ( 'NONE', #3225, #4181 ) ;
#4058 = FACE_OUTER_BOUND ( 'NONE', #1706, .T. ) ;
#4059 = CARTESIAN_POINT ( 'NONE',  ( 141.3974474674159580, 80.49049455783975304, 146.3000452332058501 ) ) ;
#4060 = FACE_OUTER_BOUND ( 'NONE', #3178, .T. ) ;
#4061 = EDGE_CURVE ( 'NONE', #4686, #2894, #55, .T. ) ;
#4062 = DIRECTION ( 'NONE',  ( 0.8167003446594329752, -0.5770619958316119957, 0.000000000000000000 ) ) ;
#4063 = CARTESIAN_POINT ( 'NONE',  ( 127.6944655700923477, 48.49643575862157263, 143.5028403714258900 ) ) ;
#4064 = ORIENTED_EDGE ( 'NONE', *, *, #3147, .T. ) ;
#4065 = CARTESIAN_POINT ( 'NONE',  ( 24.56752307117471190, 15.43499912370524640, 67.28124341027016442 ) ) ;
#4066 = CARTESIAN_POINT ( 'NONE',  ( 138.6323233737635121, 52.00641966151304985, 140.6498001282533608 ) ) ;
#4067 = VERTEX_POINT ( 'NONE', #3607 ) ;
#4068 = CARTESIAN_POINT ( 'NONE',  ( 145.2673169843236280, 103.9376451970386483, 146.3787578234893090 ) ) ;
#4069 = EDGE_CURVE ( 'NONE', #4088, #3378, #3955, .T. ) ;
#4070 = EDGE_LOOP ( 'NONE', ( #315, #1577, #2440, #648 ) ) ;
#4071 =( LENGTH_UNIT ( ) NAMED_UNIT ( * ) SI_UNIT ( .MILLI., .METRE. ) );
#4072 = CARTESIAN_POINT ( 'NONE',  ( 138.8590858210916679, 64.10150218550617751, 145.6562761516381102 ) ) ;
#4073 = CARTESIAN_POINT ( 'NONE',  ( 147.8961038938291779, 78.43561740535635352, 162.5739740355356844 ) ) ;
#4074 = CARTESIAN_POINT ( 'NONE',  ( 128.1314110981789156, 63.99115782998738666, 144.3198437104892662 ) ) ;
#4075 = DIRECTION ( 'NONE',  ( 0.000000000000000000, 0.000000000000000000, -1.000000000000000000 ) ) ;
#4076 = CARTESIAN_POINT ( 'NONE',  ( 144.8094191257584669, 56.80122619513291227, 154.1807573206230586 ) ) ;
#4077 = DIRECTION ( 'NONE',  ( -0.8713253860111147553, 0.000000000000000000, 0.4907056874467445318 ) ) ;
#4078 = ORIENTED_EDGE ( 'NONE', *, *, #3655, .F. ) ;
#4079 = EDGE_CURVE ( 'NONE', #1796, #447, #1893, .T. ) ;
#4080 = CARTESIAN_POINT ( 'NONE',  ( 24.44101245418170976, 139.4859887129122740, 67.25987052392616761 ) ) ;
#4081 = FACE_OUTER_BOUND ( 'NONE', #2452, .T. ) ;
#4082 = CARTESIAN_POINT ( 'NONE',  ( 141.7954799243536002, 77.86176594561690933, 181.8841404254511929 ) ) ;
#4083 = CARTESIAN_POINT ( 'NONE',  ( 148.0000000000000284, 100.8997173013990931, 144.9159810578379961 ) ) ;
#4084 = CARTESIAN_POINT ( 'NONE',  ( 23.91823580719018949, 138.9999999999999432, 69.18630136986297430 ) ) ;
#4085 = DIRECTION ( 'NONE',  ( 0.000000000000000000, 1.000000000000000000, -7.709882115452482111E-16 ) ) ;
#4086 = DIRECTION ( 'NONE',  ( 0.000000000000000000, 0.000000000000000000, 1.000000000000000000 ) ) ;
#4087 = CARTESIAN_POINT ( 'NONE',  ( 127.0878213071230505, 50.71426256480720696, 142.3806193063854550 ) ) ;
#4088 = VERTEX_POINT ( 'NONE', #4084 ) ;
#4089 = CARTESIAN_POINT ( 'NONE',  ( 24.10611143569040848, 15.87612792852775101, 67.20380896638283730 ) ) ;
#4090 = CARTESIAN_POINT ( 'NONE',  ( 137.7312503979058818, 50.17271244610510195, 143.8598483983872711 ) ) ;
#4091 = ORIENTED_EDGE ( 'NONE', *, *, #666, .F. ) ;
#4092 = CARTESIAN_POINT ( 'NONE',  ( 148.0000000000000568, 103.2288030263928249, 153.7821890751120577 ) ) ;
#4093 = CARTESIAN_POINT ( 'NONE',  ( 142.2455321072953041, 61.17339640416795987, 151.5700249494780962 ) ) ;
#4094 = CARTESIAN_POINT ( 'NONE',  ( 132.6359758620831997, 63.71080676810089471, 148.1618282813827534 ) ) ;
#4095 = CARTESIAN_POINT ( 'NONE',  ( 132.5270977527569869, 63.77015611733985168, 147.9843363306998185 ) ) ;
#4096 = CARTESIAN_POINT ( 'NONE',  ( 113.8178283912226334, 34.36802030945004560, 105.5107139451848752 ) ) ;
#4097 = CARTESIAN_POINT ( 'NONE',  ( 142.6046680856889282, 65.22248412273589224, 148.9526578575678002 ) ) ;
#4098 = CARTESIAN_POINT ( 'NONE',  ( 147.6429618094668683, 106.6751090579421941, 158.4230569976816128 ) ) ;
#4099 = ORIENTED_EDGE ( 'NONE', *, *, #2465, .F. ) ;
#4100 = CARTESIAN_POINT ( 'NONE',  ( 20.12514770196513325, 144.8396415350690916, 67.87017606506243794 ) ) ;
#4101 = ORIENTED_EDGE ( 'NONE', *, *, #3295, .T. ) ;
#4102 = DIRECTION ( 'NONE',  ( -0.000000000000000000, -1.000000000000000000, -0.000000000000000000 ) ) ;
#4103 = CARTESIAN_POINT ( 'NONE',  ( 144.8495846025589913, 33.29970633538137292, 218.8073777358403618 ) ) ;
#4104 = CARTESIAN_POINT ( 'NONE',  ( 0.000000000000000000, 140.9999999999999716, 67.19999999999998863 ) ) ;
#4105 = ADVANCED_FACE ( 'NONE', ( #2168 ), #3630, .F. ) ;
#4106 = CIRCLE ( 'NONE', #4633, 2.099999999999990763 ) ;
#4107 = AXIS2_PLACEMENT_3D ( 'NONE', #1594, #3046, #1235 ) ;
#4108 = CARTESIAN_POINT ( 'NONE',  ( 23.91823580719018238, 139.0568530084173631, 69.18630136986300272 ) ) ;
#4109 = CARTESIAN_POINT ( 'NONE',  ( 134.4456657766745593, 59.07275394590521245, 139.0146128808625292 ) ) ;
#4110 = ORIENTED_EDGE ( 'NONE', *, *, #163, .T. ) ;
#4111 = CARTESIAN_POINT ( 'NONE',  ( 24.19836884324380222, 15.72339263250940888, 67.21917558212346933 ) ) ;
#4112 = CARTESIAN_POINT ( 'NONE',  ( 141.1720498588744874, 47.93511816760468491, 145.8181329703216420 ) ) ;
#4113 = CARTESIAN_POINT ( 'NONE',  ( 148.5020413586891834, 102.2381072173479453, 144.8846879762482445 ) ) ;
#4114 = CIRCLE ( 'NONE', #1203, 1.000000000000000888 ) ;
#4115 = AXIS2_PLACEMENT_3D ( 'NONE', #3203, #235, #3494 ) ;
#4116 = CARTESIAN_POINT ( 'NONE',  ( 141.8368801701597874, 62.07623238510029751, 150.8075163028678958 ) ) ;
#4117 = CARTESIAN_POINT ( 'NONE',  ( 126.3421809716116258, 64.04916367293087376, 141.0476753202220834 ) ) ;
#4118 = CARTESIAN_POINT ( 'NONE',  ( 112.0732116647508718, 34.40861667186927519, 106.7798156523657980 ) ) ;
#4119 = CARTESIAN_POINT ( 'NONE',  ( 57.15767664977302331, 13.99999999999995737, 69.19999999999998863 ) ) ;
#4120 = CARTESIAN_POINT ( 'NONE',  ( 132.2501054267078473, 63.76416655080337392, 152.7438054253136670 ) ) ;
#4121 = ORIENTED_EDGE ( 'NONE', *, *, #894, .T. ) ;
#4122 = CARTESIAN_POINT ( 'NONE',  ( 24.51672937880617908, 139.5352176938342268, 67.27264645893872341 ) ) ;
#4123 = DIRECTION ( 'NONE',  ( 0.000000000000000000, 0.000000000000000000, 1.000000000000000000 ) ) ;
#4124 = DIRECTION ( 'NONE',  ( 0.000000000000000000, 0.000000000000000000, 1.000000000000000000 ) ) ;
#4125 = CARTESIAN_POINT ( 'NONE',  ( 1.009719629430382282E-25, 33.99999999999995737, 212.1999999999999602 ) ) ;
#4126 = CARTESIAN_POINT ( 'NONE',  ( 132.0466391179373886, 90.86844301603828455, 152.2938429139456389 ) ) ;
#4127 = EDGE_CURVE ( 'NONE', #3378, #4426, #2754, .T. ) ;
#4128 = CARTESIAN_POINT ( 'NONE',  ( 142.9316463627337157, 56.23515715028712947, 152.8825046772039116 ) ) ;
#4129 = DIRECTION ( 'NONE',  ( 0.000000000000000000, 0.000000000000000000, -1.000000000000000000 ) ) ;
#4130 = CARTESIAN_POINT ( 'NONE',  ( 137.5981040266217406, 50.31659773698414284, 138.6960877654440480 ) ) ;
#4131 = EDGE_LOOP ( 'NONE', ( #2822, #3692, #4007 ) ) ;
#4132 = CARTESIAN_POINT ( 'NONE',  ( 30.62208314926178332, 13.99752930600238265, 68.81541182738841655 ) ) ;
#4133 = B_SPLINE_CURVE_WITH_KNOTS ( 'NONE', 3,
 ( #3392, #1211, #849, #2302, #3766, #962, #1724, #3854, #3957, #3880, #573, #671, #3182, #4661, #3927, #2411, #2482, #3155, #4630, #3498, #597, #4246, #2125, #3111, #2055, #4270, #1345, #1371, #2749, #215, #3521, #4608 ),
 .UNSPECIFIED., .F., .F.,
 ( 4, 2, 2, 2, 2, 2, 2, 2, 2, 2, 2, 2, 2, 2, 2, 4 ),
 ( 0.000000000000000000, 0.001124989631019033317, 0.002249979262038066634, 0.003374968893057099517, 0.004499958524076133268, 0.005624948155095167018, 0.006749937786114199034, 0.008999917048152334190, 0.01012490667917142519, 0.01124989631019051792, 0.01237488594120960718, 0.01349987557222869818, 0.01462486520324779091, 0.01574985483426688190, 0.01687484446528597290, 0.01799983409630506390 ),
 .UNSPECIFIED. ) ;
#4134 = LINE ( 'NONE', #461, #1504 ) ;
#4135 = CARTESIAN_POINT ( 'NONE',  ( 142.4086439098065853, 50.39635975571618332, 148.5106530917912266 ) ) ;
#4136 = CARTESIAN_POINT ( 'NONE',  ( 125.6526993684364584, 60.91933347727545822, 139.3950687949266296 ) ) ;
#4137 = CARTESIAN_POINT ( 'NONE',  ( 128.0848317436338846, 49.95083632706914045, 140.0662639453285578 ) ) ;
#4138 = CARTESIAN_POINT ( 'NONE',  ( 132.2337177039246399, 63.79731372420715019, 152.7073577375714137 ) ) ;
#4139 = CARTESIAN_POINT ( 'NONE',  ( 112.0556124378394571, 33.99136054415109243, 103.6663100970546481 ) ) ;
#4140 = CARTESIAN_POINT ( 'NONE',  ( 144.7850866198511710, 58.06093243650765601, 154.1200430668357342 ) ) ;
#4141 = CARTESIAN_POINT ( 'NONE',  ( 147.0572056468998596, 103.6573873939694437, 149.5813506838778721 ) ) ;
#4142 = ORIENTED_EDGE ( 'NONE', *, *, #2305, .T. ) ;
#4143 = ADVANCED_FACE ( 'NONE', ( #182 ), #3430, .T. ) ;
#4144 = CARTESIAN_POINT ( 'NONE',  ( 105.8125680966896596, 35.73211567966077951, 110.5205997618818543 ) ) ;
#4145 = CARTESIAN_POINT ( 'NONE',  ( 21.64350486449625777, 144.1455060930618686, 67.99609152858732841 ) ) ;
#4146 = EDGE_LOOP ( 'NONE', ( #4397, #243, #388, #2972 ) ) ;
#4147 = CARTESIAN_POINT ( 'NONE',  ( 140.1633623612202655, 78.31400229391587686, 175.0618597737989433 ) ) ;
#4148 = CARTESIAN_POINT ( 'NONE',  ( 144.6427200081948001, 35.36189996877978814, 222.3731063282118328 ) ) ;
#4149 = CARTESIAN_POINT ( 'NONE',  ( 132.3529766801507606, 91.01617316600756169, 152.9737602576268785 ) ) ;
#4150 = EDGE_CURVE ( 'NONE', #3888, #1556, #828, .T. ) ;
#4151 = CARTESIAN_POINT ( 'NONE',  ( 147.3908930017136640, 102.5423695505515838, 145.8374524951065894 ) ) ;
#4152 = CARTESIAN_POINT ( 'NONE',  ( 29.65161877174127270, 140.7716080257176543, 69.19000681292011734 ) ) ;
#4153 = CARTESIAN_POINT ( 'NONE',  ( 141.0000000000000000, 104.9523290404547140, 145.4542136161390147 ) ) ;
#4154 = ORIENTED_EDGE ( 'NONE', *, *, #4501, .T. ) ;
#4155 = CARTESIAN_POINT ( 'NONE',  ( 25.75808452135726867, 14.96575127686807960, 67.48782065530194529 ) ) ;
#4156 = CARTESIAN_POINT ( 'NONE',  ( 0.000000000000000000, 33.99999999999995737, 212.1999999999999602 ) ) ;
#4157 = CARTESIAN_POINT ( 'NONE',  ( 142.6138437412183464, 53.98790607746768444, 152.2688027727888596 ) ) ;
#4158 = EDGE_CURVE ( 'NONE', #3739, #3356, #3352, .T. ) ;
#4159 = DIRECTION ( 'NONE',  ( 0.000000000000000000, 0.000000000000000000, 1.000000000000000000 ) ) ;
#4160 = CARTESIAN_POINT ( 'NONE',  ( 148.0000000000000284, 81.60855802111242951, 160.6488771084501934 ) ) ;
#4161 = CARTESIAN_POINT ( 'NONE',  ( 131.3327573958808614, 64.12425544416394985, 146.0840111414350986 ) ) ;
#4162 = ORIENTED_EDGE ( 'NONE', *, *, #3238, .T. ) ;
#4163 = CARTESIAN_POINT ( 'NONE',  ( 111.4603600955879585, 35.73704569696654687, 106.2795029220960288 ) ) ;
#4164 = CARTESIAN_POINT ( 'NONE',  ( 137.9767981594637547, 64.27171514111645934, 139.4093697864256569 ) ) ;
#4165 = CARTESIAN_POINT ( 'NONE',  ( 145.0000000000000000, 76.65470979761705905, 174.6779565494661881 ) ) ;
#4166 = CARTESIAN_POINT ( 'NONE',  ( 23.98386916608886921, 15.78596318610659210, 69.18630222159521281 ) ) ;
#4167 = CARTESIAN_POINT ( 'NONE',  ( 126.8809256005557842, 35.99999999999997158, 138.4692010164936278 ) ) ;
#4168 = ORIENTED_EDGE ( 'NONE', *, *, #820, .T. ) ;
#4169 = CARTESIAN_POINT ( 'NONE',  ( 141.2759294506700485, 80.17313060357787435, 179.5478321608841554 ) ) ;
#4170 = CARTESIAN_POINT ( 'NONE',  ( 144.6244998887473514, 36.04124103308636506, 222.6286281321677620 ) ) ;
#4171 = CARTESIAN_POINT ( 'NONE',  ( 130.8169220943558457, 91.56071982356156980, 149.6541687862938090 ) ) ;
#4172 = FACE_OUTER_BOUND ( 'NONE', #4539, .T. ) ;
#4173 = CARTESIAN_POINT ( 'NONE',  ( 25.32249319031497592, 139.9615280980099215, 69.18648856036998041 ) ) ;
#4174 = CARTESIAN_POINT ( 'NONE',  ( 136.3705435228984015, 53.50251806247598552, 136.4432124827090433 ) ) ;
#4175 = ORIENTED_EDGE ( 'NONE', *, *, #4475, .F. ) ;
#4176 = CARTESIAN_POINT ( 'NONE',  ( 25.50165084017921302, 14.99696148471672430, 69.18656095795620331 ) ) ;
#4177 = AXIS2_PLACEMENT_3D ( 'NONE', #4021, #3651, #1836 ) ;
#4178 = AXIS2_PLACEMENT_3D ( 'NONE', #3520, #3925, #4159 ) ;
#4179 = CARTESIAN_POINT ( 'NONE',  ( 142.7085811012242118, 50.71756433575243506, 149.1842985774666772 ) ) ;
#4180 = PRESENTATION_LAYER_ASSIGNMENT (  '', '', ( #4332 ) ) ;
#4181 = VECTOR ( 'NONE', #1788, 1000.000000000000000 ) ;
#4182 = CARTESIAN_POINT ( 'NONE',  ( 148.0000000000000284, 84.76748591822656920, 154.2224868780824352 ) ) ;
#4183 = CARTESIAN_POINT ( 'NONE',  ( 131.9254487143280130, 60.59082759970585386, 151.9876171432399019 ) ) ;
#4184 = EDGE_CURVE ( 'NONE', #1485, #190, #2316, .T. ) ;
#4185 = CARTESIAN_POINT ( 'NONE',  ( 145.2673169843236280, 85.16012022032326456, 146.3787578234893090 ) ) ;
#4186 = CARTESIAN_POINT ( 'NONE',  ( 147.7961511770341474, 108.2529107596969311, 160.9052146766263149 ) ) ;
#4187 = AXIS2_PLACEMENT_3D ( 'NONE', #2851, #1070, #345 ) ;
#4188 = B_SPLINE_CURVE_WITH_KNOTS ( 'NONE', 3,
 ( #2130, #314, #1777, #579, #2040, #3503, #221, #4251, #1326, #968, #2416, #3887, #802, #2255, #1165, #4739, #1903, #387, #2615, #2974, #3369, #3691, #4398, #1112 ),
 .UNSPECIFIED., .F., .F.,
 ( 4, 2, 2, 2, 2, 2, 2, 2, 2, 2, 2, 4 ),
 ( 2.775557561562891351E-17, 0.004703273015484066288, 0.009406546030968104821, 0.01175818253871012235, 0.01293400079258113546, 0.01410981904645214682, 0.01528563730032315819, 0.01587354642725866474, 0.01646145555419417303, 0.01763727380806518960, 0.01822518293500069789, 0.01881309206193620617 ),
 .UNSPECIFIED. ) ;
#4189 = CARTESIAN_POINT ( 'NONE',  ( 24.70629911742382490, 15.28038551756942809, 69.18636284573264561 ) ) ;
#4190 = CARTESIAN_POINT ( 'NONE',  ( 25.75808452135705906, 140.0342487231336008, 67.48782065530302532 ) ) ;
#4191 = DIRECTION ( 'NONE',  ( 0.000000000000000000, 0.000000000000000000, -1.000000000000000000 ) ) ;
#4192 = AXIS2_PLACEMENT_3D ( 'NONE', #632, #4673, #2469 ) ;
#4193 = DIRECTION ( 'NONE',  ( 0.000000000000000000, 0.000000000000000000, -1.000000000000000000 ) ) ;
#4194 = CARTESIAN_POINT ( 'NONE',  ( 144.9273082365594405, 34.05399904820909995, 216.7951950587840031 ) ) ;
#4195 = DIRECTION ( 'NONE',  ( 0.000000000000000000, 0.000000000000000000, -1.000000000000000000 ) ) ;
#4196 =( BOUNDED_SURFACE ( )  B_SPLINE_SURFACE ( 3, 2, ( 
 ( #4284, #3468, #3200 ),
 ( #4675, #3562, #279 ),
 ( #2743, #1386, #3149 ),
 ( #1000, #2833, #1741 ),
 ( #4602, #4308, #4651 ),
 ( #3874, #564, #1295 ),
 ( #2382, #2450, #613 ),
 ( #547, #3847, #1338 ),
 ( #4220, #3103, #2005 ),
 ( #185, #1716, #1651 ),
 ( #931, #2071, #252 ),
 ( #2027, #3491, #4582 ),
 ( #3897, #2364, #2765 ),
 ( #3827, #210, #4238 ),
 ( #3173, #3515, #591 ),
 ( #1674, #2404, #1365 ),
 ( #3126, #1317, #634 ),
 ( #954, #2809, #2428 ) ),
 .UNSPECIFIED., .F., .F., .T. ) 
 B_SPLINE_SURFACE_WITH_KNOTS ( ( 4, 2, 2, 2, 2, 2, 2, 2, 4 ),
 ( 3, 3 ),
 ( 0.000000000000000000, 0.002525838634468046111, 0.003157298293085057314, 0.003788757951702068950, 0.005051677268936092223, 0.006314596586170114628, 0.007577515903404137901, 0.008840435220638161173, 0.01010335453787218445 ),
 ( 0.000000000000000000, 1.000000000000000000 ),
 .UNSPECIFIED. ) 
 GEOMETRIC_REPRESENTATION_ITEM ( )  RATIONAL_B_SPLINE_SURFACE ( (
 ( 1.000000000000000000, 0.7915064991456057797, 1.000000000000000000),
 ( 1.000000000000000000, 0.7817859300904288489, 1.000000000000000000),
 ( 1.000000000000000000, 0.7673952149749738716, 1.000000000000000000),
 ( 1.000000000000000000, 0.7462223161648399161, 1.000000000000000000),
 ( 1.000000000000000000, 0.7418278857890122646, 1.000000000000000000),
 ( 1.000000000000000000, 0.7329547489338242849, 1.000000000000000000),
 ( 1.000000000000000000, 0.7284591059097580423, 1.000000000000000000),
 ( 1.000000000000000000, 0.7149343808007985190, 1.000000000000000000),
 ( 1.000000000000000000, 0.7058658754372567623, 1.000000000000000000),
 ( 1.000000000000000000, 0.6883902727222287465, 1.000000000000000000),
 ( 1.000000000000000000, 0.6799496462091800808, 1.000000000000000000),
 ( 1.000000000000000000, 0.6647058377689269992, 1.000000000000000000),
 ( 1.000000000000000000, 0.6579644654537226689, 1.000000000000000000),
 ( 1.000000000000000000, 0.6468672572148834732, 1.000000000000000000),
 ( 1.000000000000000000, 0.6425131361930435103, 1.000000000000000000),
 ( 1.000000000000000000, 0.6367024397892838694, 1.000000000000000000),
 ( 1.000000000000000000, 0.6352479510639387206, 1.000000000000000000),
 ( 1.000000000000000000, 0.6354094943427046616, 1.000000000000000000) ) ) 
 REPRESENTATION_ITEM ( '' )  SURFACE ( )  );
#4197 = DIRECTION ( 'NONE',  ( 1.000000000000000000, -0.000000000000000000, 2.218880795315036613E-16 ) ) ;
#4198 = CARTESIAN_POINT ( 'NONE',  ( 24.22124125150726570, 139.4498100683462667, 69.18631151529345402 ) ) ;
#4199 = CARTESIAN_POINT ( 'NONE',  ( 136.0158967970898800, 58.14396490460520539, 135.8083817205503010 ) ) ;
#4200 = VERTEX_POINT ( 'NONE', #4535 ) ;
#4201 = CARTESIAN_POINT ( 'NONE',  ( 27.19562748600153412, 14.59267111844676101, 69.18743557007304901 ) ) ;
#4202 = AXIS2_PLACEMENT_3D ( 'NONE', #4025, #2192, #3654 ) ;
#4203 = ORIENTED_EDGE ( 'NONE', *, *, #3147, .F. ) ;
#4204 = ADVANCED_FACE ( 'NONE', ( #1245, #3534 ), #1383, .F. ) ;
#4205 = DIRECTION ( 'NONE',  ( 0.000000000000000000, 0.000000000000000000, 1.000000000000000000 ) ) ;
#4206 = CARTESIAN_POINT ( 'NONE',  ( 140.7486116707351584, 50.57431868230600003, 148.8496234309808983 ) ) ;
#4207 = EDGE_CURVE ( 'NONE', #2150, #581, #4646, .T. ) ;
#4208 = CARTESIAN_POINT ( 'NONE',  ( 148.0000000000000284, 80.81806247872704319, 162.1128892245239683 ) ) ;
#4209 = CARTESIAN_POINT ( 'NONE',  ( 131.6483754194283335, 52.51916747775352690, 151.3972557810040485 ) ) ;
#4210 = ORIENTED_EDGE ( 'NONE', *, *, #3442, .T. ) ;
#4211 = CARTESIAN_POINT ( 'NONE',  ( 130.2278571942053702, 52.82746108971348065, 140.0706662625884746 ) ) ;
#4212 = CARTESIAN_POINT ( 'NONE',  ( 23.91823580719017883, 15.94314699158256410, 69.18630136986298851 ) ) ;
#4213 = CARTESIAN_POINT ( 'NONE',  ( 26.13549875960299929, 140.1766440287251783, 69.18681214476875141 ) ) ;
#4214 = CARTESIAN_POINT ( 'NONE',  ( 144.7387886229195431, 40.21035395210969909, 220.9019169492786148 ) ) ;
#4215 = CARTESIAN_POINT ( 'NONE',  ( 148.0000000000000284, 83.79110921677242629, 158.3491688239392658 ) ) ;
#4216 = CARTESIAN_POINT ( 'NONE',  ( 130.1884596771644738, 95.79675121774563706, 148.3566194410217349 ) ) ;
#4217 = DIRECTION ( 'NONE',  ( 1.000000000000000000, 0.000000000000000000, 2.218880795315036613E-16 ) ) ;
#4218 = EDGE_CURVE ( 'NONE', #1340, #3587, #3960, .T. ) ;
#4219 = CARTESIAN_POINT ( 'NONE',  ( 111.7701596522793750, 34.95592625699109846, 103.3724566382693268 ) ) ;
#4220 = CARTESIAN_POINT ( 'NONE',  ( 140.3638488362630312, 105.8272536453811767, 145.7166696363435108 ) ) ;
#4221 = DIRECTION ( 'NONE',  ( 0.000000000000000000, -1.000000000000000000, 1.387778780781444413E-14 ) ) ;
#4222 = ORIENTED_EDGE ( 'NONE', *, *, #2759, .T. ) ;
#4223 = CARTESIAN_POINT ( 'NONE',  ( 32.37541514827208999, 14.02873457885561415, 68.81192731940834051 ) ) ;
#4224 = LINE ( 'NONE', #238, #45 ) ;
#4225 = CARTESIAN_POINT ( 'NONE',  ( 141.2002189718148486, 51.01704228233365512, 149.6510883429618275 ) ) ;
#4226 = CARTESIAN_POINT ( 'NONE',  ( 147.8561048685744765, 79.85478816574797634, 161.9006310561843520 ) ) ;
#4227 = CARTESIAN_POINT ( 'NONE',  ( 133.2420071249050295, 53.45174700312539073, 155.0019944491610318 ) ) ;
#4228 = EDGE_LOOP ( 'NONE', ( #25, #2726, #866, #53 ) ) ;
#4229 = DIRECTION ( 'NONE',  ( 1.000000000000000000, 0.000000000000000000, 0.000000000000000000 ) ) ;
#4230 = CARTESIAN_POINT ( 'NONE',  ( 34.05877273185283372, 13.99999999999995737, 69.19999999999998863 ) ) ;
#4231 = CARTESIAN_POINT ( 'NONE',  ( 24.66400808913240894, 139.6959615845253211, 69.18636028686543682 ) ) ;
#4232 = CARTESIAN_POINT ( 'NONE',  ( 144.9653355250873972, 37.48514198145003462, 215.3707588238683854 ) ) ;
#4233 = CARTESIAN_POINT ( 'NONE',  ( 148.0000000000000853, 85.86896239096910222, 153.7821890751121146 ) ) ;
#4234 = CARTESIAN_POINT ( 'NONE',  ( 133.3897774814888635, 33.99999999999995737, 131.3101535207360087 ) ) ;
#4235 = CARTESIAN_POINT ( 'NONE',  ( 142.5132330605553932, 53.60887060192020925, 152.0762470721994930 ) ) ;
#4236 = CARTESIAN_POINT ( 'NONE',  ( 135.4587480663807355, 35.99999999999996447, 134.8247612456750062 ) ) ;
#4237 = ADVANCED_FACE ( 'NONE', ( #611 ), #299, .F. ) ;
#4238 = CARTESIAN_POINT ( 'NONE',  ( 142.0115091513691254, 109.3751509580065431, 147.2719845295876837 ) ) ;
#4239 = CARTESIAN_POINT ( 'NONE',  ( 148.0000000000000284, 102.0488827086809493, 144.8846879762482445 ) ) ;
#4240 = ORIENTED_EDGE ( 'NONE', *, *, #510, .T. ) ;
#4241 = CARTESIAN_POINT ( 'NONE',  ( 126.8809256005557984, 64.04916367293087376, 138.4692010164935994 ) ) ;
#4242 = EDGE_CURVE ( 'NONE', #4740, #4200, #3153, .T. ) ;
#4243 = B_SPLINE_CURVE_WITH_KNOTS ( 'NONE', 3,
 ( #2067, #3122, #3167, #3074, #1359, #3893, #3532, #1312, #926, #2739, #2378, #587, #3511, #247, #4215, #2805, #2398, #4280, #4233, #228, #1692, #996, #2446, #3823 ),
 .UNSPECIFIED., .F., .F.,
 ( 4, 2, 2, 2, 2, 2, 2, 2, 2, 2, 2, 4 ),
 ( 0.000000000000000000, 0.001383379888940370218, 0.002766759777880740435, 0.003458449722350924894, 0.004150139666821110219, 0.005533519555761480871, 0.006916899444701849788, 0.008300279333642220439, 0.01106703911152298082, 0.01383379888940373947, 0.01660055866728449986, 0.02213407822304595124 ),
 .UNSPECIFIED. ) ;
#4244 = CARTESIAN_POINT ( 'NONE',  ( 126.0600325341223993, 33.99999999999995737, 136.5834132118091304 ) ) ;
#4245 = CLOSED_SHELL ( 'NONE', ( #3743, #4143, #4700, #3496, #154, #2946, #4313, #4454, #1454, #2843, #4510, #3799, #1984, #3109, #3792, #2507, #1527, #4105, #3552, #3744, #1390, #546, #3370, #1633, #2638, #3852, #58, #3085, #4237, #4204, #538, #218, #2542, #3547, #3703, #4617, #4657, #1364, #3269, #250, #1647, #2763, #1945, #4001, #3488, #312, #1954, #2185, #2116, #2247, #3417, #2432, #1655, #3585, #365, #1004, #1166, #429, #1157, #1048, #2945, #1520, #4409, #2328, #4517, #4570, #40, #1256, #4389, #1609, #3528, #1315, #3450, #3077, #219, #788, #3405, #2296, #3844, #3049, #2003, #3307, #1143, #2989, #1739, #1922, #2657, #4482, #2403, #1800, #283, #3087, #2208 ) ) ;
#4246 = CARTESIAN_POINT ( 'NONE',  ( 134.4157702103022700, 52.32941506032689460, 151.1798886840559817 ) ) ;
#4247 = CARTESIAN_POINT ( 'NONE',  ( 23.91823580719018949, 15.99999999999995914, 69.18630136986298851 ) ) ;
#4248 = DIRECTION ( 'NONE',  ( -0.6019530715390478681, 0.000000000000000000, -0.7985314644174680287 ) ) ;
#4249 = VECTOR ( 'NONE', #4414, 1000.000000000000000 ) ;
#4250 = CARTESIAN_POINT ( 'NONE',  ( 148.0000000000000284, 83.81559434233027162, 156.7444800828372422 ) ) ;
#4251 = CARTESIAN_POINT ( 'NONE',  ( 147.6208196339985648, 82.59709424893901542, 158.0712857352837375 ) ) ;
#4252 = ORIENTED_EDGE ( 'NONE', *, *, #1958, .T. ) ;
#4253 = AXIS2_PLACEMENT_3D ( 'NONE', #47, #3406, #1204 ) ;
#4254 = CARTESIAN_POINT ( 'NONE',  ( 128.9340688643351314, 47.93324724100082790, 145.8584028382400675 ) ) ;
#4255 = CIRCLE ( 'NONE', #2331, 147.0000000000000000 ) ;
#4256 = DIRECTION ( 'NONE',  ( 0.000000000000000000, 8.006416042969879049E-16, 1.000000000000000000 ) ) ;
#4257 = CARTESIAN_POINT ( 'NONE',  ( 144.9572477136497923, 38.64178996855395098, 215.7220711768495676 ) ) ;
#4258 = CARTESIAN_POINT ( 'NONE',  ( 142.2309087882099448, 108.3300886806434846, 147.1189553203932405 ) ) ;
#4259 = DIRECTION ( 'NONE',  ( -0.7985314644174773546, -0.000000000000000000, 0.6019530715390354336 ) ) ;
#4260 = DIRECTION ( 'NONE',  ( 2.218880795315036613E-16, 0.000000000000000000, -1.000000000000000000 ) ) ;
#4261 = AXIS2_PLACEMENT_3D ( 'NONE', #2504, #2143, #1867 ) ;
#4262 = CIRCLE ( 'NONE', #4115, 1.999999999999995115 ) ;
#4263 = CARTESIAN_POINT ( 'NONE',  ( 112.3871117077786437, 33.34306356181836861, 104.0095533001690455 ) ) ;
#4264 = EDGE_CURVE ( 'NONE', #3666, #3458, #2272, .T. ) ;
#4265 = DIRECTION ( 'NONE',  ( 0.000000000000000000, 0.000000000000000000, 1.000000000000000000 ) ) ;
#4266 = CARTESIAN_POINT ( 'NONE',  ( 144.6490641567167756, 54.28983168892331435, 153.7816050553433058 ) ) ;
#4267 = ORIENTED_EDGE ( 'NONE', *, *, #786, .T. ) ;
#4268 = CARTESIAN_POINT ( 'NONE',  ( 131.3183788878187670, 57.00000000000000000, 135.1241372900097701 ) ) ;
#4269 = CARTESIAN_POINT ( 'NONE',  ( 127.0197199444071856, 58.25291889038491178, 138.3645743545402240 ) ) ;
#4270 = CARTESIAN_POINT ( 'NONE',  ( 135.0560259873984421, 54.13016192368579738, 152.3254162106594549 ) ) ;
#4271 = DIRECTION ( 'NONE',  ( 0.000000000000000000, -0.000000000000000000, 1.000000000000000000 ) ) ;
#4272 = CARTESIAN_POINT ( 'NONE',  ( 135.9873109330785610, 57.83429363460468409, 135.7574389580652507 ) ) ;
#4273 = CARTESIAN_POINT ( 'NONE',  ( 104.7307912813487718, 32.40360508088099323, 111.9178028743362034 ) ) ;
#4274 = CARTESIAN_POINT ( 'NONE',  ( 136.5725164032072314, 63.05621233388339419, 142.0881474766234760 ) ) ;
#4275 = ORIENTED_EDGE ( 'NONE', *, *, #2905, .F. ) ;
#4276 = CARTESIAN_POINT ( 'NONE',  ( 129.5499473069945111, 47.89747314319193094, 147.0692323481191579 ) ) ;
#4277 = CARTESIAN_POINT ( 'NONE',  ( 107.3994873164124044, 33.99999999999995737, 111.8289378148673023 ) ) ;
#4278 = CARTESIAN_POINT ( 'NONE',  ( 125.8550423610526110, 33.35027292763773232, 140.1892920336929649 ) ) ;
#4279 = DIRECTION ( 'NONE',  ( 0.000000000000000000, 0.000000000000000000, 1.000000000000000000 ) ) ;
#4280 = CARTESIAN_POINT ( 'NONE',  ( 148.0000000000000284, 85.54517340253146074, 154.6363128448537623 ) ) ;
#4281 = CARTESIAN_POINT ( 'NONE',  ( 126.3421809716116542, 140.9999999999999716, 141.0476753202220550 ) ) ;
#4282 = CARTESIAN_POINT ( 'NONE',  ( 134.2437073022084633, 56.51404528514262893, 138.7337135818505658 ) ) ;
#4283 = CARTESIAN_POINT ( 'NONE',  ( 23.92143908167133759, 139.0464281437878924, 69.18630138838715027 ) ) ;
#4284 = CARTESIAN_POINT ( 'NONE',  ( 144.1507304015959789, 102.3573701944514625, 144.8846879762482445 ) ) ;
#4285 = CARTESIAN_POINT ( 'NONE',  ( 141.6921267773552984, 110.0737422140843904, 146.9359468041918433 ) ) ;
#4286 = ORIENTED_EDGE ( 'NONE', *, *, #4242, .F. ) ;
#4287 = CARTESIAN_POINT ( 'NONE',  ( 144.6159268291912383, 36.99999999999995737, 222.7467391801447434 ) ) ;
#4288 = ORIENTED_EDGE ( 'NONE', *, *, #2973, .T. ) ;
#4289 = EDGE_CURVE ( 'NONE', #190, #470, #658, .T. ) ;
#4290 = FACE_OUTER_BOUND ( 'NONE', #3175, .T. ) ;
#4291 = ORIENTED_EDGE ( 'NONE', *, *, #1466, .T. ) ;
#4292 = CARTESIAN_POINT ( 'NONE',  ( 133.7220974501450996, 140.9999999999999716, 133.8167514861150380 ) ) ;
#4293 = CARTESIAN_POINT ( 'NONE',  ( 23.93383823066010052, 15.89839053588604223, 69.18630150107031795 ) ) ;
#4294 = CARTESIAN_POINT ( 'NONE',  ( 124.4803328383862322, 31.99999999999995737, 137.8379396191842829 ) ) ;
#4295 = CARTESIAN_POINT ( 'NONE',  ( 106.6172885937635186, 34.26301958353099053, 111.1663271936211004 ) ) ;
#4296 = CARTESIAN_POINT ( 'NONE',  ( 137.8454219283645443, 64.08046707827557498, 139.1609402486104159 ) ) ;
#4297 = ORIENTED_EDGE ( 'NONE', *, *, #294, .T. ) ;
#4298 = EDGE_CURVE ( 'NONE', #2007, #2636, #2874, .T. ) ;
#4299 = CARTESIAN_POINT ( 'NONE',  ( 0.000000000000000000, 78.04888270868096356, 212.1999999999999602 ) ) ;
#4300 = DIRECTION ( 'NONE',  ( 0.000000000000000000, 0.000000000000000000, -1.000000000000000000 ) ) ;
#4301 = CARTESIAN_POINT ( 'NONE',  ( 125.5721298215619584, 32.81691574922642474, 139.6969827711942003 ) ) ;
#4302 = CARTESIAN_POINT ( 'NONE',  ( 0.000000000000000000, 78.04888270868096356, 212.1999999999999602 ) ) ;
#4303 = FACE_OUTER_BOUND ( 'NONE', #1352, .T. ) ;
#4304 = CARTESIAN_POINT ( 'NONE',  ( 57.54128952326322377, 138.9999999999999432, 67.19999999999998863 ) ) ;
#4305 = CARTESIAN_POINT ( 'NONE',  ( 142.3172754682514096, 53.01984355606766997, 151.7052631956380822 ) ) ;
#4306 = CARTESIAN_POINT ( 'NONE',  ( 24.08959754408196474, 139.0655539735753337, 67.20106451875555820 ) ) ;
#4307 = CARTESIAN_POINT ( 'NONE',  ( 141.9665232085421849, 82.31237192089623989, 144.9753448189678977 ) ) ;
#4308 = CARTESIAN_POINT ( 'NONE',  ( 142.8373028685541044, 105.5095971231635019, 144.8649311785995337 ) ) ;
#4309 = PLANE ( 'NONE',  #1498 ) ;
#4310 = ORIENTED_EDGE ( 'NONE', *, *, #2494, .T. ) ;
#4311 = CARTESIAN_POINT ( 'NONE',  ( 132.5222850308968532, 54.83114382676727416, 138.7212002188447286 ) ) ;
#4312 = CARTESIAN_POINT ( 'NONE',  ( 148.0000000000000284, 103.5181265104952928, 154.5489601374808899 ) ) ;
#4313 = ADVANCED_FACE ( 'NONE', ( #3972 ), #2575, .F. ) ;
#4314 = ORIENTED_EDGE ( 'NONE', *, *, #950, .T. ) ;
#4315 = CARTESIAN_POINT ( 'NONE',  ( 1.009719629430382282E-25, 33.99999999999995737, 212.1999999999999602 ) ) ;
#4316 = CARTESIAN_POINT ( 'NONE',  ( 132.2987003538308386, 55.54314833701192811, 152.7833622825033615 ) ) ;
#4317 = DIRECTION ( 'NONE',  ( 0.000000000000000000, 1.000000000000000000, 0.000000000000000000 ) ) ;
#4318 = DIRECTION ( 'NONE',  ( -1.000000000000000000, 0.000000000000000000, -0.000000000000000000 ) ) ;
#4319 = AXIS2_PLACEMENT_3D ( 'NONE', #3867, #586, #3510 ) ;
#4320 = DIRECTION ( 'NONE',  ( -0.7985314644174801302, 0.000000000000000000, 0.6019530715390316589 ) ) ;
#4321 = CARTESIAN_POINT ( 'NONE',  ( 137.2252033523900536, 63.55226161255485096, 143.0776990526435100 ) ) ;
#4322 = ORIENTED_EDGE ( 'NONE', *, *, #2200, .F. ) ;
#4323 = CARTESIAN_POINT ( 'NONE',  ( 131.1655603361710973, 53.71930325800329342, 139.5191568496729246 ) ) ;
#4324 = AXIS2_PLACEMENT_3D ( 'NONE', #742, #2606, #1764 ) ;
#4325 = CARTESIAN_POINT ( 'NONE',  ( 0.000000000000000000, 111.0488827086810062, 212.1999999999999602 ) ) ;
#4326 = VECTOR ( 'NONE', #841, 1000.000000000000000 ) ;
#4327 = CARTESIAN_POINT ( 'NONE',  ( 126.8408618356838531, 35.35305568682795752, 138.3704528303861707 ) ) ;
#4328 = CARTESIAN_POINT ( 'NONE',  ( -9.330272608855141314, 33.99999999999995737, 199.8227623015288543 ) ) ;
#4329 = CARTESIAN_POINT ( 'NONE',  ( 144.1507304015959789, 102.3573701944514625, 144.8846879762482445 ) ) ;
#4330 = CARTESIAN_POINT ( 'NONE',  ( 135.0396383167273200, 33.55420429736110322, 134.0954646860986372 ) ) ;
#4331 = CARTESIAN_POINT ( 'NONE',  ( 146.0000000000000284, 15.99999999999995914, 234.5153120237517328 ) ) ;
#4332 = STYLED_ITEM ( 'NONE', ( #1990 ), #2347 ) ;
#4333 = DIRECTION ( 'NONE',  ( -1.000000000000000000, 0.000000000000000000, 2.775557561562888827E-14 ) ) ;
#4334 = CARTESIAN_POINT ( 'NONE',  ( 138.9018955769575427, 78.41156527452486102, 146.5737549093771861 ) ) ;
#4335 = AXIS2_PLACEMENT_3D ( 'NONE', #3581, #4697, #2166 ) ;
#4336 = CYLINDRICAL_SURFACE ( 'NONE', #4261, 2.000000000000001776 ) ;
#4337 = CARTESIAN_POINT ( 'NONE',  ( 141.0000000000000284, 105.5001160461713567, 145.4542136161390431 ) ) ;
#4338 = CARTESIAN_POINT ( 'NONE',  ( 112.0465270477436661, 140.9999999999999716, 103.3166873366756420 ) ) ;
#4339 = VECTOR ( 'NONE', #4355, 1000.000000000000000 ) ;
#4340 = CARTESIAN_POINT ( 'NONE',  ( 147.7629911478230724, 107.8257267209734067, 160.3599861357145926 ) ) ;
#4341 = VERTEX_POINT ( 'NONE', #710 ) ;
#4342 = CARTESIAN_POINT ( 'NONE',  ( 142.9671155802002431, 86.02294413051882316, 144.9467035074934529 ) ) ;
#4343 = CARTESIAN_POINT ( 'NONE',  ( 131.3302448094057695, 49.89771377391200957, 146.0837983174769761 ) ) ;
#4344 = ORIENTED_EDGE ( 'NONE', *, *, #2186, .F. ) ;
#4345 = CARTESIAN_POINT ( 'NONE',  ( 0.000000000000000000, 31.99999999999995737, 212.1999999999999602 ) ) ;
#4346 = CIRCLE ( 'NONE', #1596, 3.700000000000009059 ) ;
#4347 = DIRECTION ( 'NONE',  ( -0.000000000000000000, 1.000000000000000000, -0.000000000000000000 ) ) ;
#4348 = CARTESIAN_POINT ( 'NONE',  ( 105.5797388191409425, 34.00871793487034722, 112.8110126917470240 ) ) ;
#4349 = CARTESIAN_POINT ( 'NONE',  ( 148.0000000000000000, 108.2984357526835311, 162.1277901582953689 ) ) ;
#4350 = ORIENTED_EDGE ( 'NONE', *, *, #2232, .T. ) ;
#4351 = EDGE_CURVE ( 'NONE', #4712, #479, #438, .T. ) ;
#4352 = CARTESIAN_POINT ( 'NONE',  ( 146.0000000000000284, 140.9999999999999716, 195.0827572313765188 ) ) ;
#4353 = DIRECTION ( 'NONE',  ( -1.000000000000000000, -0.000000000000000000, -0.000000000000000000 ) ) ;
#4354 = CARTESIAN_POINT ( 'NONE',  ( 146.9130443541466775, 86.09512319545240189, 146.4224866361975330 ) ) ;
#4355 = DIRECTION ( 'NONE',  ( 1.000000000000000000, -0.000000000000000000, -0.000000000000000000 ) ) ;
#4356 = CARTESIAN_POINT ( 'NONE',  ( 132.4118123777165295, 34.99562400400551354, 133.9674091909430445 ) ) ;
#4357 = CYLINDRICAL_SURFACE ( 'NONE', #2583, 7.099999999999995204 ) ;
#4358 = CARTESIAN_POINT ( 'NONE',  ( 23.91986610254290113, 139.0334335013008911, 69.18630138983185418 ) ) ;
#4359 = CARTESIAN_POINT ( 'NONE',  ( 143.3163125011577961, 83.19879750056900036, 146.5984734710675923 ) ) ;
#4360 = CARTESIAN_POINT ( 'NONE',  ( 145.7660827476898078, 103.5986084911924223, 146.4205500115512564 ) ) ;
#4361 = DIRECTION ( 'NONE',  ( -0.5770619958316158815, 0.8167003446594303107, 0.000000000000000000 ) ) ;
#4362 = CARTESIAN_POINT ( 'NONE',  ( 141.2259600564452739, 81.49553422330265562, 145.9335993576122803 ) ) ;
#4363 = EDGE_CURVE ( 'NONE', #4559, #664, #4346, .T. ) ;
#4364 = CARTESIAN_POINT ( 'NONE',  ( 148.0000000000000284, 110.1197849243397258, 163.1145418202036979 ) ) ;
#4365 = VERTEX_POINT ( 'NONE', #4722 ) ;
#4366 = CARTESIAN_POINT ( 'NONE',  ( 145.0000000000000000, 76.65470979761705905, 178.3779565494662052 ) ) ;
#4367 = CARTESIAN_POINT ( 'NONE',  ( 129.0084129166046978, 49.84083039262704773, 146.0033371255528039 ) ) ;
#4368 = ORIENTED_EDGE ( 'NONE', *, *, #2038, .F. ) ;
#4369 = CARTESIAN_POINT ( 'NONE',  ( 24.51672937880622172, 15.46478230616506266, 67.27264645893886552 ) ) ;
#4370 = CARTESIAN_POINT ( 'NONE',  ( 134.9038499446353114, 53.44081278660247847, 139.6590018953963011 ) ) ;
#4371 = ORIENTED_EDGE ( 'NONE', *, *, #82, .T. ) ;
#4372 = EDGE_LOOP ( 'NONE', ( #338, #2320, #3316, #3810 ) ) ;
#4373 = UNCERTAINTY_MEASURE_WITH_UNIT (LENGTH_MEASURE( 1.000000000000000082E-05 ), #4071, 'distance_accuracy_value', 'NONE');
#4374 = CARTESIAN_POINT ( 'NONE',  ( 103.5561441268857550, 33.99075990351573040, 110.7054373454552945 ) ) ;
#4375 = EDGE_LOOP ( 'NONE', ( #2560, #2366, #2475, #4755, #2662, #3984, #969 ) ) ;
#4376 = CARTESIAN_POINT ( 'NONE',  ( 148.0000000000000284, 88.56450062088202912, 144.8846879762482445 ) ) ;
#4377 = CARTESIAN_POINT ( 'NONE',  ( 144.0928766800686276, 62.34900102492915863, 152.4230409272281577 ) ) ;
#4378 = CARTESIAN_POINT ( 'NONE',  ( 126.0600325341223993, 33.99999999999995737, 136.5834132118091304 ) ) ;
#4379 = DIRECTION ( 'NONE',  ( 5.492589328197043905E-15, 0.000000000000000000, 1.000000000000000000 ) ) ;
#4380 = DIRECTION ( 'NONE',  ( 0.7116235507048369602, 0.000000000000000000, -0.7025609739248548369 ) ) ;
#4381 = CARTESIAN_POINT ( 'NONE',  ( 140.1946891829322226, 74.77767150013512776, 175.1801525604379322 ) ) ;
#4382 = DIRECTION ( 'NONE',  ( -0.000000000000000000, -1.000000000000000000, -0.000000000000000000 ) ) ;
#4383 = CARTESIAN_POINT ( 'NONE',  ( 24.09377356552684546, 139.0840697351596589, 67.20175836843279171 ) ) ;
#4384 = CARTESIAN_POINT ( 'NONE',  ( 142.1541613283323500, 82.63806324283110882, 144.9460705880415503 ) ) ;
#4385 = DIRECTION ( 'NONE',  ( 1.000000000000000000, 0.000000000000000000, 2.218880795315036613E-16 ) ) ;
#4386 = DIRECTION ( 'NONE',  ( 0.000000000000000000, -1.000000000000000000, 0.000000000000000000 ) ) ;
#4387 = ORIENTED_EDGE ( 'NONE', *, *, #4069, .F. ) ;
#4388 = CARTESIAN_POINT ( 'NONE',  ( 141.4944897864514815, 80.00008092629478540, 146.5085637953966682 ) ) ;
#4389 = ADVANCED_FACE ( 'NONE', ( #2524 ), #736, .T. ) ;
#4390 = CARTESIAN_POINT ( 'NONE',  ( 147.5976991834859291, 106.3258931585025948, 157.7055215335287244 ) ) ;
#4391 = ORIENTED_EDGE ( 'NONE', *, *, #2776, .F. ) ;
#4392 = DIRECTION ( 'NONE',  ( 0.08958683062519326445, 0.9830998545024870472, 0.1596523593803803320 ) ) ;
#4393 = CARTESIAN_POINT ( 'NONE',  ( 131.2346777607966715, 51.59244529931245182, 150.5214051355312677 ) ) ;
#4394 = EDGE_LOOP ( 'NONE', ( #1453, #941, #2264, #2292 ) ) ;
#4395 = CARTESIAN_POINT ( 'NONE',  ( 23.20529968636675733, 12.05701904062096652, 68.12578692988940077 ) ) ;
#4396 = CARTESIAN_POINT ( 'NONE',  ( 137.5957253006615701, 50.23685377111022632, 143.6489980304633889 ) ) ;
#4397 = ORIENTED_EDGE ( 'NONE', *, *, #2058, .T. ) ;
#4398 = CARTESIAN_POINT ( 'NONE',  ( 147.8961038961038810, 78.24955633191946447, 162.5739740423148589 ) ) ;
#4399 = ORIENTED_EDGE ( 'NONE', *, *, #390, .T. ) ;
#4400 = CARTESIAN_POINT ( 'NONE',  ( 126.9974067977132961, 56.55811673273527873, 138.3813945648714423 ) ) ;
#4401 = AXIS2_PLACEMENT_3D ( 'NONE', #2604, #3380, #4123 ) ;
#4402 = CARTESIAN_POINT ( 'NONE',  ( 143.2835218248090428, 64.29276669760189122, 150.5065151402971253 ) ) ;
#4403 = CARTESIAN_POINT ( 'NONE',  ( 147.8701751156266084, 79.52779588616452600, 162.1368561988989256 ) ) ;
#4404 = CARTESIAN_POINT ( 'NONE',  ( 146.0000000000000284, 15.99999999999995914, 163.2102051443364985 ) ) ;
#4405 = DIRECTION ( 'NONE',  ( 1.000000000000000000, 0.000000000000000000, -0.000000000000000000 ) ) ;
#4406 = CARTESIAN_POINT ( 'NONE',  ( 133.7265705039848456, 34.17113937503096821, 131.8654553406687739 ) ) ;
#4407 = CARTESIAN_POINT ( 'NONE',  ( 133.7220974501450996, 140.9999999999999716, 135.8167514861150380 ) ) ;
#4408 = ORIENTED_EDGE ( 'NONE', *, *, #1010, .F. ) ;
#4409 = ADVANCED_FACE ( 'NONE', ( #2139 ), #1460, .T. ) ;
#4410 = AXIS2_PLACEMENT_3D ( 'NONE', #3246, #1761, #3198 ) ;
#4411 = CARTESIAN_POINT ( 'NONE',  ( 17.69417265140612727, 145.1288287523642282, 67.66862376281660829 ) ) ;
#4412 = CARTESIAN_POINT ( 'NONE',  ( 143.2236820514067688, 83.05619640393665293, 146.6302020798209185 ) ) ;
#4413 = CARTESIAN_POINT ( 'NONE',  ( 111.6776929544101620, 140.9999999999999716, 103.2775831319351170 ) ) ;
#4414 = DIRECTION ( 'NONE',  ( -0.000000000000000000, 1.000000000000000000, -0.000000000000000000 ) ) ;
#4415 = CARTESIAN_POINT ( 'NONE',  ( 128.0848317436338561, 49.95083632706914756, 140.0662639453285578 ) ) ;
#4416 = VECTOR ( 'NONE', #1428, 1000.000000000000000 ) ;
#4417 = EDGE_CURVE ( 'NONE', #3836, #3505, #2216, .T. ) ;
#4418 = AXIS2_PLACEMENT_3D ( 'NONE', #4016, #3266, #2207 ) ;
#4419 = CARTESIAN_POINT ( 'NONE',  ( 148.0000000000000000, 110.2059975057712222, 162.7875722822944624 ) ) ;
#4420 = B_SPLINE_CURVE_WITH_KNOTS ( 'NONE', 3,
 ( #4467, #821, #4518, #3385 ),
 .UNSPECIFIED., .F., .F.,
 ( 4, 4 ),
 ( 0.000000000000000000, 0.001806954104767461572 ),
 .UNSPECIFIED. ) ;
#4421 = CARTESIAN_POINT ( 'NONE',  ( 147.8948968866301641, 86.73469229093744559, 144.8846879762482445 ) ) ;
#4422 = CARTESIAN_POINT ( 'NONE',  ( 129.6817579499902422, 49.99360107094191363, 147.3325691928511390 ) ) ;
#4423 = ORIENTED_EDGE ( 'NONE', *, *, #901, .T. ) ;
#4424 = CARTESIAN_POINT ( 'NONE',  ( 24.15399698778634985, 15.78312282014825918, 67.21177772196520550 ) ) ;
#4425 = CARTESIAN_POINT ( 'NONE',  ( 138.1586736978268561, 53.23231899794748045, 139.7237181968223467 ) ) ;
#4426 = VERTEX_POINT ( 'NONE', #1434 ) ;
#4427 = CIRCLE ( 'NONE', #3561, 1.999999999999996891 ) ;
#4428 = AXIS2_PLACEMENT_3D ( 'NONE', #2074, #690, #1677 ) ;
#4429 = DIRECTION ( 'NONE',  ( 1.000000000000000000, 0.000000000000000000, 0.000000000000000000 ) ) ;
#4430 = ORIENTED_EDGE ( 'NONE', *, *, #3617, .T. ) ;
#4431 = CARTESIAN_POINT ( 'NONE',  ( 127.0298491848908498, 56.38507310347136325, 138.3569386786822406 ) ) ;
#4432 = CARTESIAN_POINT ( 'NONE',  ( 142.7397472251328736, 63.25859904139355194, 149.2533728711717345 ) ) ;
#4433 = CARTESIAN_POINT ( 'NONE',  ( 135.3654169627916417, 57.74769299886894913, 152.8915856725083984 ) ) ;
#4434 = CARTESIAN_POINT ( 'NONE',  ( 126.7548964302409900, 62.86681286449346118, 141.7805167473800054 ) ) ;
#4435 = CARTESIAN_POINT ( 'NONE',  ( 111.7794729566432608, 34.77813431630932683, 106.5375818534547818 ) ) ;
#4436 = CARTESIAN_POINT ( 'NONE',  ( 143.8455643043663486, 63.09784760738197917, 151.8292819336522541 ) ) ;
#4437 = FACE_OUTER_BOUND ( 'NONE', #764, .T. ) ;
#4438 = EDGE_LOOP ( 'NONE', ( #4666, #2512, #1220, #4450 ) ) ;
#4439 = CARTESIAN_POINT ( 'NONE',  ( 24.66950314700724434, 139.6207823460956092, 67.29855788423063245 ) ) ;
#4440 = ORIENTED_EDGE ( 'NONE', *, *, #1092, .T. ) ;
#4441 = CARTESIAN_POINT ( 'NONE',  ( 140.2657616011273376, 78.93031639660193832, 175.4503603526773929 ) ) ;
#4442 = CARTESIAN_POINT ( 'NONE',  ( 113.0191069114520843, 33.99999999999995737, 107.5927274376309413 ) ) ;
#4443 = CARTESIAN_POINT ( 'NONE',  ( 133.3897774814888635, 31.99999999999995737, 131.3101535207360087 ) ) ;
#4444 = CARTESIAN_POINT ( 'NONE',  ( 143.3195205136263155, 140.9999999999999716, 234.2117023363537385 ) ) ;
#4445 = LINE ( 'NONE', #795, #2722 ) ;
#4446 = CARTESIAN_POINT ( 'NONE',  ( 132.1457881028707391, 50.04004727146148213, 147.3653042471621291 ) ) ;
#4447 = ORIENTED_EDGE ( 'NONE', *, *, #4555, .T. ) ;
#4448 = CARTESIAN_POINT ( 'NONE',  ( 24.36614897483588393, 15.56734028558268967, 67.24727101918853123 ) ) ;
#4449 = CARTESIAN_POINT ( 'NONE',  ( 139.7707569423768348, 50.44417100875472926, 142.9143025080968243 ) ) ;
#4450 = ORIENTED_EDGE ( 'NONE', *, *, #1773, .T. ) ;
#4451 = EDGE_LOOP ( 'NONE', ( #3286, #4121, #4562, #2289 ) ) ;
#4452 = CARTESIAN_POINT ( 'NONE',  ( 145.5827905863544061, 103.2793816134225011, 144.8846879762482445 ) ) ;
#4453 = CARTESIAN_POINT ( 'NONE',  ( 142.1279691211470038, 63.82872982980452292, 147.8877885987936054 ) ) ;
#4454 = ADVANCED_FACE ( 'NONE', ( #4437 ), #4357, .F. ) ;
#4455 = CARTESIAN_POINT ( 'NONE',  ( 105.9382698019033739, 31.99999999999995737, 113.1945304976582207 ) ) ;
#4456 = CARTESIAN_POINT ( 'NONE',  ( 127.9007395146733757, 65.64325237496306897, 143.8875333198491830 ) ) ;
#4457 = CARTESIAN_POINT ( 'NONE',  ( 111.7691958824148344, 34.96128168391459212, 103.3714670764705232 ) ) ;
#4458 = CARTESIAN_POINT ( 'NONE',  ( 141.2034286554479081, 66.05843642833194451, 145.8849140084425358 ) ) ;
#4459 = DIRECTION ( 'NONE',  ( -1.000000000000000000, 0.000000000000000000, 0.000000000000000000 ) ) ;
#4460 = ORIENTED_EDGE ( 'NONE', *, *, #4298, .F. ) ;
#4461 = CARTESIAN_POINT ( 'NONE',  ( 21.46387119738096771, 144.2529261847073485, 67.98119148222997410 ) ) ;
#4462 = ORIENTED_EDGE ( 'NONE', *, *, #2494, .F. ) ;
#4463 = CARTESIAN_POINT ( 'NONE',  ( 148.0000000000000284, 76.65470979761705905, 180.4779565494661995 ) ) ;
#4464 = CARTESIAN_POINT ( 'NONE',  ( 146.0000000000000284, 13.99999999999995737, 212.1999999999999602 ) ) ;
#4465 = LINE ( 'NONE', #3250, #2488 ) ;
#4466 = CARTESIAN_POINT ( 'NONE',  ( 147.1259416328926761, 103.9115935188797977, 150.5811193080826627 ) ) ;
#4467 = CARTESIAN_POINT ( 'NONE',  ( 145.2673169843236280, 85.16012022032327877, 146.3787578234893090 ) ) ;
#4468 = CARTESIAN_POINT ( 'NONE',  ( 136.0021425944286477, 55.91581861920073493, 135.7839117858078453 ) ) ;
#4469 = VERTEX_POINT ( 'NONE', #3275 ) ;
#4470 = CARTESIAN_POINT ( 'NONE',  ( 19.50296712140913158, 9.995485267201937418, 67.81858855077283010 ) ) ;
#4471 = CARTESIAN_POINT ( 'NONE',  ( 139.3560733712609476, 50.86211545079330421, 142.0800507549820111 ) ) ;
#4472 = EDGE_LOOP ( 'NONE', ( #755, #593 ) ) ;
#4473 = VERTEX_POINT ( 'NONE', #3676 ) ;
#4474 = DIRECTION ( 'NONE',  ( 0.000000000000000000, 0.000000000000000000, -1.000000000000000000 ) ) ;
#4475 = EDGE_CURVE ( 'NONE', #2015, #2623, #3966, .T. ) ;
#4476 = CARTESIAN_POINT ( 'NONE',  ( 142.7309955194663473, 65.06447160222938919, 149.2401514962880356 ) ) ;
#4477 = CARTESIAN_POINT ( 'NONE',  ( 128.4506348425964291, 62.91363600448075744, 141.8378699415361268 ) ) ;
#4478 = CARTESIAN_POINT ( 'NONE',  ( 129.6648876459478004, 63.74363646829696251, 143.5773600525920415 ) ) ;
#4479 = CARTESIAN_POINT ( 'NONE',  ( 111.6136410821083729, 35.11067502322787703, 106.4028165782499400 ) ) ;
#4480 = CARTESIAN_POINT ( 'NONE',  ( 144.8099495111871704, 57.11753974137090495, 154.1820821647189064 ) ) ;
#4481 = CARTESIAN_POINT ( 'NONE',  ( 147.2648461596808147, 104.4407849378848425, 152.6091517873182113 ) ) ;
#4482 = ADVANCED_FACE ( 'NONE', ( #2500 ), #285, .T. ) ;
#4483 = ORIENTED_EDGE ( 'NONE', *, *, #113, .T. ) ;
#4484 = CARTESIAN_POINT ( 'NONE',  ( 24.13345769807288121, 139.1828853154905801, 67.20835779716820468 ) ) ;
#4485 = B_SPLINE_CURVE_WITH_KNOTS ( 'NONE', 3,
 ( #4244, #3154, #2795, #639, #984, #618, #2433, #2076, #2098, #130, #106, #3022, #4503, #2664 ),
 .UNSPECIFIED., .F., .F.,
 ( 4, 2, 2, 2, 2, 2, 4 ),
 ( 0.000000000000000000, 0.0007979838656474642390, 0.001595967731294928478, 0.001994959664118639998, 0.002393951596942351517, 0.002792943529766063037, 0.003191935462589774557 ),
 .UNSPECIFIED. ) ;
#4486 = DIRECTION ( 'NONE',  ( 1.000000000000000000, -0.000000000000000000, 2.218880795315036860E-16 ) ) ;
#4487 = CARTESIAN_POINT ( 'NONE',  ( 140.7687448046963823, 80.23818545949748682, 177.4261760498274612 ) ) ;
#4488 = CARTESIAN_POINT ( 'NONE',  ( 144.7387864920223990, 33.78961171046758949, 220.9019680041723177 ) ) ;
#4489 = CARTESIAN_POINT ( 'NONE',  ( 25.47443690085964363, 139.9608949872539085, 67.43717858050735003 ) ) ;
#4490 = CIRCLE ( 'NONE', #3086, 1.999999999999994227 ) ;
#4491 = CARTESIAN_POINT ( 'NONE',  ( 142.9196716163581868, 56.04452148447111171, 152.8592086618828603 ) ) ;
#4492 = AXIS2_PLACEMENT_3D ( 'NONE', #3193, #3575, #4690 ) ;
#4493 = CARTESIAN_POINT ( 'NONE',  ( 33.50645852482357867, 140.9962189219751849, 69.19834444513261928 ) ) ;
#4494 = CARTESIAN_POINT ( 'NONE',  ( 137.2609332803436075, 50.94811147311144595, 138.0684196080603101 ) ) ;
#4495 = ORIENTED_EDGE ( 'NONE', *, *, #3901, .F. ) ;
#4496 = CARTESIAN_POINT ( 'NONE',  ( 32.33211035547839884, 14.02873457885610442, 69.19511302074064929 ) ) ;
#4497 = ORIENTED_EDGE ( 'NONE', *, *, #694, .F. ) ;
#4498 = MECHANICAL_DESIGN_GEOMETRIC_PRESENTATION_REPRESENTATION (  '', ( #4332 ), #1721 ) ;
#4499 = DIRECTION ( 'NONE',  ( 0.000000000000000000, 1.000000000000000000, 0.000000000000000000 ) ) ;
#4500 = AXIS2_PLACEMENT_3D ( 'NONE', #1492, #4062, #4756 ) ;
#4501 = EDGE_CURVE ( 'NONE', #199, #703, #831, .T. ) ;
#4502 = CIRCLE ( 'NONE', #2413, 2.000000000000000888 ) ;
#4503 = CARTESIAN_POINT ( 'NONE',  ( 126.8809256005557842, 35.86606491082563508, 138.4692010164935709 ) ) ;
#4504 = CARTESIAN_POINT ( 'NONE',  ( 103.3284267046247891, 34.71046583709707534, 110.4736710791113978 ) ) ;
#4505 = CARTESIAN_POINT ( 'NONE',  ( 130.0813730503336956, 63.91746585865374897, 144.1902135228250188 ) ) ;
#4506 = CARTESIAN_POINT ( 'NONE',  ( 34.05877273185283372, 13.99999999999995737, 69.19999999999998863 ) ) ;
#4507 = CARTESIAN_POINT ( 'NONE',  ( 144.2961237404944654, 61.60612332194674678, 152.9154179919505907 ) ) ;
#4508 = CARTESIAN_POINT ( 'NONE',  ( 130.3605119687734089, 65.88488989755248326, 148.7072488010988138 ) ) ;
#4509 = ORIENTED_EDGE ( 'NONE', *, *, #925, .F. ) ;
#4510 = ADVANCED_FACE ( 'NONE', ( #1097 ), #2549, .F. ) ;
#4511 = CARTESIAN_POINT ( 'NONE',  ( 24.26861366076498072, 139.3511174258032099, 67.23091397882831188 ) ) ;
#4512 = EDGE_LOOP ( 'NONE', ( #2231, #4042, #3719 ) ) ;
#4513 = CARTESIAN_POINT ( 'NONE',  ( 29.74159823947701042, 14.22917089822330716, 68.24767216133010095 ) ) ;
#4514 = CARTESIAN_POINT ( 'NONE',  ( 57.25801836914730103, 140.9480081985664413, 68.67824738963460618 ) ) ;
#4515 = DIRECTION ( 'NONE',  ( 0.000000000000000000, 0.000000000000000000, 1.000000000000000000 ) ) ;
#4516 = CARTESIAN_POINT ( 'NONE',  ( 146.4999961257764483, 14.06350732657602087, 215.0548436938323107 ) ) ;
#4517 = ADVANCED_FACE ( 'NONE', ( #1149 ), #396, .T. ) ;
#4518 = CARTESIAN_POINT ( 'NONE',  ( 146.2904932283180415, 85.79221316391542018, 146.4641351835464036 ) ) ;
#4519 = CARTESIAN_POINT ( 'NONE',  ( 142.8514551959424637, 58.66760787808489397, 152.7267999305280455 ) ) ;
#4520 = EDGE_LOOP ( 'NONE', ( #4101, #4604, #569, #2592, #4017, #1612, #443, #91, #2943, #3619 ) ) ;
#4521 = CARTESIAN_POINT ( 'NONE',  ( 26.72403854248137023, 13.84749234838106347, 68.43098924632298008 ) ) ;
#4522 = CARTESIAN_POINT ( 'NONE',  ( 147.3067276746889434, 88.36978574915401907, 144.8846879762482445 ) ) ;
#4523 = CARTESIAN_POINT ( 'NONE',  ( 142.9934150114088709, 51.09834473361871687, 149.8306328045886744 ) ) ;
#4524 = DIRECTION ( 'NONE',  ( 1.000000000000000000, -0.000000000000000000, 2.218880795315036860E-16 ) ) ;
#4525 = CARTESIAN_POINT ( 'NONE',  ( 147.7412430960427798, 81.51321517025358787, 160.0049582575599629 ) ) ;
#4526 = FACE_OUTER_BOUND ( 'NONE', #2969, .T. ) ;
#4527 = CARTESIAN_POINT ( 'NONE',  ( 113.2637224664207309, 35.88663949983895662, 104.9037324770787620 ) ) ;
#4528 = CARTESIAN_POINT ( 'NONE',  ( 144.7463281964004977, 58.68522235126272335, 154.0235169631580732 ) ) ;
#4529 = CARTESIAN_POINT ( 'NONE',  ( 132.5824260543910782, 62.98488912058178357, 153.4894763585529915 ) ) ;
#4530 = CARTESIAN_POINT ( 'NONE',  ( 107.0012564203708649, 34.06255265045011527, 111.4869862096940949 ) ) ;
#4531 = CARTESIAN_POINT ( 'NONE',  ( 24.28813530772620766, 142.0099987143602220, 68.21649080249200381 ) ) ;
#4532 = ORIENTED_EDGE ( 'NONE', *, *, #2997, .T. ) ;
#4533 = CARTESIAN_POINT ( 'NONE',  ( 140.0934839500203566, 77.62545275220156782, 174.7992212276568864 ) ) ;
#4534 = CARTESIAN_POINT ( 'NONE',  ( 57.46204404943620148, 140.2258262528588659, 67.61425865672443081 ) ) ;
#4535 = CARTESIAN_POINT ( 'NONE',  ( 134.2346854713649407, 57.00000000000000000, 138.7212002188447286 ) ) ;
#4536 = DIRECTION ( 'NONE',  ( -2.775557561562888827E-14, 0.000000000000000000, 1.000000000000000000 ) ) ;
#4537 = CYLINDRICAL_SURFACE ( 'NONE', #352, 2.099999999999990763 ) ;
#4538 = CARTESIAN_POINT ( 'NONE',  ( 137.1551286924578221, 63.55207152188996389, 142.9637847989886268 ) ) ;
#4539 = EDGE_LOOP ( 'NONE', ( #4344, #4569, #3161, #4731 ) ) ;
#4540 = CARTESIAN_POINT ( 'NONE',  ( 26.13549875960277191, 14.82335597127617000, 69.18681214476981722 ) ) ;
#4541 = SHAPE_DEFINITION_REPRESENTATION ( #1384, #4033 ) ;
#4542 = SURFACE_SIDE_STYLE ('',( #1568 ) ) ;
#4543 = CARTESIAN_POINT ( 'NONE',  ( 144.1423048093386114, 51.81699072853803045, 152.5424006400572807 ) ) ;
#4544 = CARTESIAN_POINT ( 'NONE',  ( 148.0000000000000284, 84.15381451443644778, 155.9122178753846129 ) ) ;
#4545 = B_SPLINE_CURVE_WITH_KNOTS ( 'NONE', 3,
 ( #2355, #4212, #494, #4166, #3071, #2332, #1309, #3481, #4189, #902, #922, #202, #1977, #2394, #584, #1621, #3800, #877, #520, #4594, #2375, #857, #3838, #1665, #177, #4230 ),
 .UNSPECIFIED., .F., .F.,
 ( 4, 2, 2, 2, 2, 2, 2, 2, 2, 2, 2, 2, 4 ),
 ( 0.000000000000000000, 0.0001696519449795530694, 0.0003393038899591061387, 0.0006786077799182083743, 0.001357215559836404172, 0.002714431119672795767, 0.004071646679509186711, 0.005428862239345578523, 0.008143293359018371688, 0.009500508918854769572, 0.01017911669877297719, 0.01051842058873207232, 0.01085772447869116572 ),
 .UNSPECIFIED. ) ;
#4546 = CARTESIAN_POINT ( 'NONE',  ( 135.3065976542751230, 58.43785714111614027, 152.7833625686996299 ) ) ;
#4547 = CARTESIAN_POINT ( 'NONE',  ( 142.4696529041530653, 85.67264762109036269, 145.0155375274501353 ) ) ;
#4548 = DIRECTION ( 'NONE',  ( 1.000000000000000000, 0.000000000000000000, 0.000000000000000000 ) ) ;
#4549 = DIRECTION ( 'NONE',  ( 0.000000000000000000, 0.000000000000000000, -1.000000000000000000 ) ) ;
#4550 = CARTESIAN_POINT ( 'NONE',  ( 25.18596059583578750, 139.9016763977526239, 69.18646745615090765 ) ) ;
#4551 = CARTESIAN_POINT ( 'NONE',  ( 144.8146438455318901, 40.67584440917682542, 219.5331635561779535 ) ) ;
#4552 = CYLINDRICAL_SURFACE ( 'NONE', #513, 2.000000000000001776 ) ;
#4553 = CARTESIAN_POINT ( 'NONE',  ( 144.7019332285793212, 34.21455076521505845, 221.4940670741782753 ) ) ;
#4554 = CARTESIAN_POINT ( 'NONE',  ( 131.6228795436439327, 90.87294086861474796, 151.3684295991749593 ) ) ;
#4555 = EDGE_CURVE ( 'NONE', #1242, #3752, #3885, .T. ) ;
#4556 = CARTESIAN_POINT ( 'NONE',  ( 111.6965322434587051, 35.47117624173496608, 103.2968895410632655 ) ) ;
#4557 = LINE ( 'NONE', #2724, #652 ) ;
#4558 = CARTESIAN_POINT ( 'NONE',  ( 142.8199875521937372, 58.90199351050218723, 152.6658466125119276 ) ) ;
#4559 = VERTEX_POINT ( 'NONE', #4165 ) ;
#4560 = CARTESIAN_POINT ( 'NONE',  ( 24.19743921785118346, 12.92245250499497899, 68.20882649004367693 ) ) ;
#4561 = EDGE_CURVE ( 'NONE', #1766, #4734, #2304, .T. ) ;
#4562 = ORIENTED_EDGE ( 'NONE', *, *, #1099, .T. ) ;
#4563 = CARTESIAN_POINT ( 'NONE',  ( 147.3268322365064762, 100.7208494306138959, 144.8846879762482445 ) ) ;
#4564 = CARTESIAN_POINT ( 'NONE',  ( 141.5187715340540251, 51.41123080699297532, 150.2247173683332164 ) ) ;
#4565 = CIRCLE ( 'NONE', #4418, 2.000000000000001776 ) ;
#4566 = VECTOR ( 'NONE', #165, 1000.000000000000000 ) ;
#4567 = CARTESIAN_POINT ( 'NONE',  ( 147.7629911478258293, 81.27203869639072309, 160.3599861357200780 ) ) ;
#4568 = CARTESIAN_POINT ( 'NONE',  ( 132.9778953987786849, 52.24526739423657062, 154.3903796248945071 ) ) ;
#4569 = ORIENTED_EDGE ( 'NONE', *, *, #4561, .T. ) ;
#4570 = ADVANCED_FACE ( 'NONE', ( #2311 ), #3751, .T. ) ;
#4571 = CARTESIAN_POINT ( 'NONE',  ( 130.7403122589907127, 48.30079122368983491, 149.4887915018890965 ) ) ;
#4572 = VECTOR ( 'NONE', #3484, 1000.000000000000000 ) ;
#4573 = EDGE_CURVE ( 'NONE', #3365, #3139, #2663, .T. ) ;
#4574 = CARTESIAN_POINT ( 'NONE',  ( 104.6086619536116018, 35.99999999999996447, 108.9235368330468958 ) ) ;
#4575 = CARTESIAN_POINT ( 'NONE',  ( 28.47311928106489631, 140.6162648805609194, 69.18859910514433409 ) ) ;
#4576 = CARTESIAN_POINT ( 'NONE',  ( 144.9065557645924969, 40.32683090108642432, 217.4095835102631327 ) ) ;
#4577 = AXIS2_PLACEMENT_3D ( 'NONE', #4415, #3329, #2964 ) ;
#4578 = CARTESIAN_POINT ( 'NONE',  ( 141.9703706019476783, 109.6678250961509633, 147.3031925673433875 ) ) ;
#4579 = CARTESIAN_POINT ( 'NONE',  ( 131.7943138227799693, 34.01292371340132803, 132.5883841323245917 ) ) ;
#4580 = CARTESIAN_POINT ( 'NONE',  ( 132.8266611337336940, 91.53017881019952995, 154.0430857659509627 ) ) ;
#4581 = CARTESIAN_POINT ( 'NONE',  ( 111.8258992039358191, 34.69997466346927695, 103.4296959266716129 ) ) ;
#4582 = CARTESIAN_POINT ( 'NONE',  ( 142.2197322918745783, 108.3721042220918918, 147.1262980131039342 ) ) ;
#4583 = CARTESIAN_POINT ( 'NONE',  ( 144.1385922367566366, 51.80418664724295041, 152.5334287461354563 ) ) ;
#4584 = EDGE_LOOP ( 'NONE', ( #700, #4462 ) ) ;
#4585 = CARTESIAN_POINT ( 'NONE',  ( 29.75466277623085887, 14.21796359037116098, 69.19016218884729597 ) ) ;
#4586 = ORIENTED_EDGE ( 'NONE', *, *, #1111, .T. ) ;
#4587 = CARTESIAN_POINT ( 'NONE',  ( 146.0000000000000284, 111.0488827086809636, 163.2102051443364701 ) ) ;
#4588 = CARTESIAN_POINT ( 'NONE',  ( 139.7585412619976069, 50.02103414923092117, 147.1457722398035628 ) ) ;
#4589 = CARTESIAN_POINT ( 'NONE',  ( 148.0000000000000284, 86.49998118446738715, 151.9404771076137024 ) ) ;
#4590 = CARTESIAN_POINT ( 'NONE',  ( 135.0798279129007824, 54.23158282663327867, 152.3686924365072457 ) ) ;
#4591 = ORIENTED_EDGE ( 'NONE', *, *, #2648, .T. ) ;
#4592 = CARTESIAN_POINT ( 'NONE',  ( 133.0804010768987666, 52.66135898051928876, 154.6270011842877636 ) ) ;
#4593 = EDGE_CURVE ( 'NONE', #1900, #1653, #3113, .T. ) ;
#4594 = CARTESIAN_POINT ( 'NONE',  ( 32.95476466206859811, 14.01493952116745412, 69.19681350764915351 ) ) ;
#4595 = CARTESIAN_POINT ( 'NONE',  ( 28.16851027285956022, 140.5533084821631746, 67.93547834775310434 ) ) ;
#4596 = EDGE_CURVE ( 'NONE', #1231, #447, #2861, .T. ) ;
#4597 = CARTESIAN_POINT ( 'NONE',  ( 146.0000000000000284, 138.9999999999999432, 163.2102051443364701 ) ) ;
#4598 = CARTESIAN_POINT ( 'NONE',  ( 143.5293637222639518, 105.5859621398302295, 146.5297042655966209 ) ) ;
#4599 = CARTESIAN_POINT ( 'NONE',  ( 131.6256861043677020, 98.22560514018100264, 151.3745028421720633 ) ) ;
#4600 = DIRECTION ( 'NONE',  ( 0.000000000000000000, 0.000000000000000000, -1.000000000000000000 ) ) ;
#4601 = DIRECTION ( 'NONE',  ( -0.000000000000000000, -1.000000000000000000, -0.000000000000000000 ) ) ;
#4602 = CARTESIAN_POINT ( 'NONE',  ( 141.4652567930200462, 104.4120614052934144, 145.2931735073587731 ) ) ;
#4603 = CARTESIAN_POINT ( 'NONE',  ( 103.1854148522019017, 138.9999999999999432, 110.3286587808966175 ) ) ;
#4604 = ORIENTED_EDGE ( 'NONE', *, *, #4717, .T. ) ;
#4605 = CARTESIAN_POINT ( 'NONE',  ( 146.4582799117255831, 140.9486359488596747, 206.4914727641535990 ) ) ;
#4606 = PRODUCT_CONTEXT ( 'NONE', #171, 'mechanical' ) ;
#4607 = ORIENTED_EDGE ( 'NONE', *, *, #3693, .F. ) ;
#4608 = CARTESIAN_POINT ( 'NONE',  ( 135.3814577245729538, 56.99999999999897682, 152.9212002188447457 ) ) ;
#4609 = CARTESIAN_POINT ( 'NONE',  ( 143.3566776577703763, 49.83692962570422225, 150.6763803804399799 ) ) ;
#4610 = CARTESIAN_POINT ( 'NONE',  ( 126.3421809716116826, 35.73682418088242940, 141.0476753202221118 ) ) ;
#4611 = ORIENTED_EDGE ( 'NONE', *, *, #2426, .T. ) ;
#4612 = CARTESIAN_POINT ( 'NONE',  ( 148.0000000000000000, 82.60144496499715672, 159.1550091293592288 ) ) ;
#4613 = CARTESIAN_POINT ( 'NONE',  ( 136.1027023054771519, 59.08433077941587896, 135.9630774958616826 ) ) ;
#4614 = CARTESIAN_POINT ( 'NONE',  ( 131.7703916573064760, 61.11955108608432852, 151.6570201010302981 ) ) ;
#4615 = ORIENTED_EDGE ( 'NONE', *, *, #2038, .T. ) ;
#4616 = CARTESIAN_POINT ( 'NONE',  ( 146.0000000000000568, 15.99999999999995914, 163.2102051443364985 ) ) ;
#4617 = ADVANCED_FACE ( 'NONE', ( #3479 ), #1353, .F. ) ;
#4618 = PLANE ( 'NONE',  #3480 ) ;
#4619 = CARTESIAN_POINT ( 'NONE',  ( 34.05877273185283372, 140.9999999999999716, 69.19999999999998863 ) ) ;
#4620 = CARTESIAN_POINT ( 'NONE',  ( 144.7898549786638398, 40.58130201333084131, 220.0073206100028358 ) ) ;
#4621 = FACE_OUTER_BOUND ( 'NONE', #411, .T. ) ;
#4622 = CARTESIAN_POINT ( 'NONE',  ( 133.1269553912802053, 96.87703556856389753, 154.7349034600015329 ) ) ;
#4623 = CARTESIAN_POINT ( 'NONE',  ( 135.4828634598492272, 52.30850935263851653, 140.4874638957640798 ) ) ;
#4624 = DIRECTION ( 'NONE',  ( 1.000000000000000000, -0.000000000000000000, 2.218880795315036860E-16 ) ) ;
#4625 = DIRECTION ( 'NONE',  ( 0.000000000000000000, 0.000000000000000000, -1.000000000000000000 ) ) ;
#4626 = CARTESIAN_POINT ( 'NONE',  ( 140.6395292436752982, 47.88646962222146186, 144.6950534638039585 ) ) ;
#4627 = ORIENTED_EDGE ( 'NONE', *, *, #950, .F. ) ;
#4628 = CARTESIAN_POINT ( 'NONE',  ( 141.9055634797302048, 78.74480576162710577, 147.3528578921161341 ) ) ;
#4629 = CARTESIAN_POINT ( 'NONE',  ( 126.9974067977033485, 57.44188326726487759, 138.3813945648714139 ) ) ;
#4630 = CARTESIAN_POINT ( 'NONE',  ( 133.6821794306923437, 51.18422059038865513, 149.9078721235855483 ) ) ;
#4631 = CARTESIAN_POINT ( 'NONE',  ( 24.08420852627312314, 15.97313894103600695, 67.20016931889880141 ) ) ;
#4632 = CARTESIAN_POINT ( 'NONE',  ( 134.3007842503106701, 58.13810806623027361, 138.8130114350303472 ) ) ;
#4633 = AXIS2_PLACEMENT_3D ( 'NONE', #326, #1129, #2581 ) ;
#4634 = CARTESIAN_POINT ( 'NONE',  ( 105.3095330148277355, 34.11249496434795958, 112.5224880024387204 ) ) ;
#4635 = CARTESIAN_POINT ( 'NONE',  ( 137.7965003885301201, 59.12914409539627769, 139.0109792430854725 ) ) ;
#4636 = EDGE_CURVE ( 'NONE', #4341, #1223, #669, .T. ) ;
#4637 = ORIENTED_EDGE ( 'NONE', *, *, #3979, .T. ) ;
#4638 = VECTOR ( 'NONE', #4624, 1000.000000000000000 ) ;
#4639 = CARTESIAN_POINT ( 'NONE',  ( 127.0924956518405509, 48.98843118731915069, 142.3916620307398944 ) ) ;
#4640 = AXIS2_PLACEMENT_3D ( 'NONE', #4587, #1007, #1393 ) ;
#4641 = LINE ( 'NONE', #3240, #3864 ) ;
#4642 = DIRECTION ( 'NONE',  ( 0.000000000000000000, 0.000000000000000000, -1.000000000000000000 ) ) ;
#4643 = CARTESIAN_POINT ( 'NONE',  ( 141.0000000000000000, 94.54888270868096356, 151.8487542277047169 ) ) ;
#4644 = FACE_OUTER_BOUND ( 'NONE', #1510, .T. ) ;
#4645 = CARTESIAN_POINT ( 'NONE',  ( 132.5508863062902947, 97.90789947288052986, 153.4180272758972876 ) ) ;
#4646 = LINE ( 'NONE', #249, #3729 ) ;
#4647 = EDGE_CURVE ( 'NONE', #1500, #1589, #605, .T. ) ;
#4648 = AXIS2_PLACEMENT_3D ( 'NONE', #1333, #975, #3144 ) ;
#4649 = CIRCLE ( 'NONE', #3803, 147.0000000000000000 ) ;
#4650 = FACE_OUTER_BOUND ( 'NONE', #2084, .T. ) ;
#4651 = CARTESIAN_POINT ( 'NONE',  ( 143.5128121157361534, 105.6187561876821235, 146.5386246877842211 ) ) ;
#4652 = CARTESIAN_POINT ( 'NONE',  ( 129.7374595969486393, 51.70881225148835370, 136.3158739533719199 ) ) ;
#4653 = VERTEX_POINT ( 'NONE', #582 ) ;
#4654 = CARTESIAN_POINT ( 'NONE',  ( 146.1663799026903519, 141.0000000000000284, 197.9329008852598122 ) ) ;
#4655 = ORIENTED_EDGE ( 'NONE', *, *, #4351, .F. ) ;
#4656 = ORIENTED_EDGE ( 'NONE', *, *, #2154, .F. ) ;
#4657 = ADVANCED_FACE ( 'NONE', ( #4667 ), #1362, .F. ) ;
#4658 = CARTESIAN_POINT ( 'NONE',  ( 129.7482453878427293, 61.50039979077406826, 136.3077433533304941 ) ) ;
#4659 = VECTOR ( 'NONE', #1814, 1000.000000000000000 ) ;
#4660 = ORIENTED_EDGE ( 'NONE', *, *, #2881, .F. ) ;
#4661 = CARTESIAN_POINT ( 'NONE',  ( 132.0660197784179388, 50.01417630144658233, 147.2379696663633979 ) ) ;
#4662 = CARTESIAN_POINT ( 'NONE',  ( 24.09868379556023754, 15.89839053588423390, 67.20257434966931953 ) ) ;
#4663 = CARTESIAN_POINT ( 'NONE',  ( 145.2963414862280160, 138.9999999999999432, 234.5153120237517612 ) ) ;
#4664 = CARTESIAN_POINT ( 'NONE',  ( 105.9382698019033882, 31.99999999999995737, 113.1945304976582065 ) ) ;
#4665 = CARTESIAN_POINT ( 'NONE',  ( 138.5815733222674169, 61.87297683620911215, 140.5505346510001630 ) ) ;
#4666 = ORIENTED_EDGE ( 'NONE', *, *, #3884, .F. ) ;
#4667 = FACE_OUTER_BOUND ( 'NONE', #1376, .T. ) ;
#4668 = CARTESIAN_POINT ( 'NONE',  ( 142.7713463699427336, 59.25422876024943974, 152.5717417301038381 ) ) ;
#4669 = CARTESIAN_POINT ( 'NONE',  ( 126.8559525740122496, 35.48049029633765628, 138.4075922879477787 ) ) ;
#4670 = CARTESIAN_POINT ( 'NONE',  ( 128.0848317436338561, 49.95083632706912624, 140.0662639453285863 ) ) ;
#4671 = DIRECTION ( 'NONE',  ( 0.7985314644174802412, 0.000000000000000000, -0.6019530715390317699 ) ) ;
#4672 = CARTESIAN_POINT ( 'NONE',  ( 133.4752274860283023, 94.54888270868096356, 155.5487542277047623 ) ) ;
#4673 = DIRECTION ( 'NONE',  ( 0.6982206209491339521, 9.689757620572522442E-15, 0.7158826471436543493 ) ) ;
#4674 = DIRECTION ( 'NONE',  ( 2.218880795315031683E-16, 0.000000000000000000, -1.000000000000000000 ) ) ;
#4675 = CARTESIAN_POINT ( 'NONE',  ( 143.2517919433562099, 102.8513909856704345, 144.8846879762482445 ) ) ;
#4676 = CARTESIAN_POINT ( 'NONE',  ( 144.7181125407819593, 54.90737970096057552, 153.9532802356897605 ) ) ;
#4677 = LINE ( 'NONE', #213, #583 ) ;
#4678 = CARTESIAN_POINT ( 'NONE',  ( 147.7412430960388008, 107.5845502471128867, 160.0049582575549891 ) ) ;
#4679 = ORIENTED_EDGE ( 'NONE', *, *, #4573, .F. ) ;
#4680 = FACE_BOUND ( 'NONE', #4584, .T. ) ;
#4681 = DIRECTION ( 'NONE',  ( -0.000000000000000000, -1.000000000000000000, -0.000000000000000000 ) ) ;
#4682 = FACE_OUTER_BOUND ( 'NONE', #4394, .T. ) ;
#4683 =( BOUNDED_SURFACE ( )  B_SPLINE_SURFACE ( 3, 2, ( 
 ( #2001, #4234, #997 ),
 ( #3465, #3098, #3869 ),
 ( #4579, #1291, #561 ),
 ( #2022, #3485, #3512 ),
 ( #2574, #4406, #321 ),
 ( #1838, #1121, #4052 ),
 ( #3322, #1096, #2548 ),
 ( #1071, #3675, #1508 ),
 ( #3577, #1759, #3600 ),
 ( #2468, #1433, #3626 ),
 ( #4024, #2114, #4330 ),
 ( #4356, #1813, #298 ),
 ( #2956, #3300, #762 ),
 ( #2878, #3221, #1861 ),
 ( #2215, #735, #3653 ),
 ( #1045, #4746, #3243 ) ),
 .UNSPECIFIED., .F., .F., .T. ) 
 B_SPLINE_SURFACE_WITH_KNOTS ( ( 4, 2, 2, 2, 2, 2, 2, 4 ),
 ( 3, 3 ),
 ( 0.004054191430734861365, 0.004838499458758968759, 0.005622807486783076153, 0.006407115514807183547, 0.007191423542831290941, 0.007975731570855397468, 0.008760039598879505729, 0.01032865565492772052 ),
 ( 0.000000000000000000, 1.000000000000000000 ),
 .UNSPECIFIED. ) 
 GEOMETRIC_REPRESENTATION_ITEM ( )  RATIONAL_B_SPLINE_SURFACE ( (
 ( 1.000000000000000000, 0.7071067811865475727, 1.000000000000000000),
 ( 1.000000000000000000, 0.7047597479734610815, 1.000000000000000000),
 ( 1.000000000000000000, 0.7023206012621820982, 1.000000000000000000),
 ( 1.000000000000000000, 0.6972731788185522195, 1.000000000000000000),
 ( 1.000000000000000000, 0.6946357976958574820, 1.000000000000000000),
 ( 1.000000000000000000, 0.6893697911856964122, 1.000000000000000000),
 ( 1.000000000000000000, 0.6867540312634696775, 1.000000000000000000),
 ( 1.000000000000000000, 0.6816165077867588629, 1.000000000000000000),
 ( 1.000000000000000000, 0.6790796904190284922, 1.000000000000000000),
 ( 1.000000000000000000, 0.6743931723444290816, 1.000000000000000000),
 ( 1.000000000000000000, 0.6722165694413735348, 1.000000000000000000),
 ( 1.000000000000000000, 0.6682880692569963532, 1.000000000000000000),
 ( 1.000000000000000000, 0.6665650869249007959, 1.000000000000000000),
 ( 1.000000000000000000, 0.6623697530145603585, 1.000000000000000000),
 ( 1.000000000000000000, 0.6607968467153246817, 1.000000000000000000),
 ( 1.000000000000000000, 0.6608239642206594766, 1.000000000000000000) ) ) 
 REPRESENTATION_ITEM ( '' )  SURFACE ( )  );
#4684 = CARTESIAN_POINT ( 'NONE',  ( 104.9746253303715378, 34.37759616417935149, 112.1659953750841510 ) ) ;
#4685 = CARTESIAN_POINT ( 'NONE',  ( 136.8291664512505861, 63.27702419949640955, 142.4738593709228383 ) ) ;
#4686 = VERTEX_POINT ( 'NONE', #2778 ) ;
#4687 = CARTESIAN_POINT ( 'NONE',  ( 131.2936683173488746, 56.32801501529070975, 135.1427647385908983 ) ) ;
#4688 = ORIENTED_EDGE ( 'NONE', *, *, #1745, .F. ) ;
#4689 = CARTESIAN_POINT ( 'NONE',  ( 142.5159701071896166, 60.35697960171459187, 152.0821019988322860 ) ) ;
#4690 = DIRECTION ( 'NONE',  ( 0.000000000000000000, 0.000000000000000000, 1.000000000000000000 ) ) ;
#4691 = DIRECTION ( 'NONE',  ( 0.000000000000000000, 1.000000000000000000, 0.000000000000000000 ) ) ;
#4692 = CARTESIAN_POINT ( 'NONE',  ( 110.2459276601228169, 140.9999999999999716, 104.6740243738334044 ) ) ;
#4693 = CARTESIAN_POINT ( 'NONE',  ( 141.6360671667047484, 74.18932935729264955, 181.1475333942454142 ) ) ;
#4694 = DIRECTION ( 'NONE',  ( -1.000000000000000000, -0.000000000000000000, -0.000000000000000000 ) ) ;
#4695 = DIRECTION ( 'NONE',  ( 2.775557561562888511E-14, -0.000000000000000000, 1.000000000000000000 ) ) ;
#4696 = CARTESIAN_POINT ( 'NONE',  ( 132.1293344279534665, 58.81579775114747122, 138.9523138268048115 ) ) ;
#4697 = DIRECTION ( 'NONE',  ( 1.000000000000000000, -0.000000000000000000, 2.218880795315036860E-16 ) ) ;
#4698 = CYLINDRICAL_SURFACE ( 'NONE', #2853, 2.000000000000001776 ) ;
#4699 = CARTESIAN_POINT ( 'NONE',  ( 143.5293637222639234, 83.51180327753166921, 146.5297042655966209 ) ) ;
#4700 = ADVANCED_FACE ( 'NONE', ( #2442 ), #3371, .T. ) ;
#4701 = ORIENTED_EDGE ( 'NONE', *, *, #2629, .F. ) ;
#4702 = CARTESIAN_POINT ( 'NONE',  ( 148.0000000000000284, 103.5593205598970741, 151.6251123573399866 ) ) ;
#4703 = EDGE_LOOP ( 'NONE', ( #4154, #549, #4222, #4495 ) ) ;
#4704 = CARTESIAN_POINT ( 'NONE',  ( 147.3954498523947052, 86.29449051515352664, 146.5550780202240162 ) ) ;
#4705 = CARTESIAN_POINT ( 'NONE',  ( 132.3217430157795889, 58.18487964876165819, 152.8323034421695752 ) ) ;
#4706 = CARTESIAN_POINT ( 'NONE',  ( 143.3195205136263155, 15.99999999999995914, 234.2117023363537385 ) ) ;
#4707 = CARTESIAN_POINT ( 'NONE',  ( 114.3022998031295430, 34.02626383808348720, 106.0347603729741763 ) ) ;
#4708 = EDGE_CURVE ( 'NONE', #1589, #2015, #2350, .T. ) ;
#4709 = B_SPLINE_CURVE_WITH_KNOTS ( 'NONE', 3,
 ( #1244, #1934, #426, #4170, #881, #4148, #3805, #117, #3403, #4553, #861, #4488, #2627, #161, #2315, #2294, #3075, #4103, #95, #816, #2720, #452, #1560, #4194, #72, #907, #1913, #3708, #1538, #1693, #1670, #2424 ),
 .UNSPECIFIED., .F., .F.,
 ( 4, 2, 2, 2, 2, 2, 2, 2, 2, 2, 2, 2, 2, 2, 2, 4 ),
 ( 0.01157495024457982566, 0.01229821631533667761, 0.01302148238609352957, 0.01374474845685038152, 0.01446801452760723347, 0.01519128059836408542, 0.01591454666912093738, 0.01663781273987778933, 0.01736107881063464128, 0.01808434488139149324, 0.01880761095214834519, 0.01953087702290519714, 0.02025414309366204910, 0.02097740916441890105, 0.02170067523517575300, 0.02314720737668943609 ),
 .UNSPECIFIED. ) ;
#4710 = DIRECTION ( 'NONE',  ( 0.000000000000000000, 0.7746333706517394280, -0.6324105795072731961 ) ) ;
#4711 = CARTESIAN_POINT ( 'NONE',  ( 136.3805425944740648, 60.53960982307316385, 136.4612139739482188 ) ) ;
#4712 = VERTEX_POINT ( 'NONE', #316 ) ;
#4713 = CARTESIAN_POINT ( 'NONE',  ( 0.000000000000000000, 138.9999999999999432, 212.1999999999999602 ) ) ;
#4714 = B_SPLINE_CURVE_WITH_KNOTS ( 'NONE', 3,
 ( #403, #2656, #1156, #4128, #4491, #3684 ),
 .UNSPECIFIED., .F., .F.,
 ( 4, 2, 4 ),
 ( 0.02448820387137071522, 0.02506498053483688718, 0.02564175719830305913 ),
 .UNSPECIFIED. ) ;
#4715 = CARTESIAN_POINT ( 'NONE',  ( 1.009719629430382282E-25, 31.99999999999995737, 212.1999999999999602 ) ) ;
#4716 = AXIS2_PLACEMENT_3D ( 'NONE', #3490, #4601, #1316 ) ;
#4717 = EDGE_CURVE ( 'NONE', #1176, #1536, #1620, .T. ) ;
#4718 = CARTESIAN_POINT ( 'NONE',  ( 126.6856906426184537, 34.67513646365773639, 137.9951213106202204 ) ) ;
#4719 = DIRECTION ( 'NONE',  ( 0.7985314644174773546, -0.000000000000000000, -0.6019530715390354336 ) ) ;
#4720 = CARTESIAN_POINT ( 'NONE',  ( 57.54128952326322377, 138.9999999999999432, 67.19999999999998863 ) ) ;
#4721 = CARTESIAN_POINT ( 'NONE',  ( 141.2762781181880030, 73.13674910082151825, 179.5493372031535557 ) ) ;
#4722 = CARTESIAN_POINT ( 'NONE',  ( 141.8891871552510509, 78.04888270868096356, 147.3659150722234585 ) ) ;
#4723 = CIRCLE ( 'NONE', #649, 2.000000000000001776 ) ;
#4724 = CARTESIAN_POINT ( 'NONE',  ( 23.92889380023707702, 139.0840697351582094, 69.18630144821342753 ) ) ;
#4725 = CARTESIAN_POINT ( 'NONE',  ( 131.2936683173487609, 57.67198498470874313, 135.1427647385909552 ) ) ;
#4726 = CARTESIAN_POINT ( 'NONE',  ( 132.1973726507859794, 34.40257540415945670, 133.4727213351809780 ) ) ;
#4727 = CARTESIAN_POINT ( 'NONE',  ( 144.1507304015959789, 86.74039522291046467, 146.8846879762482445 ) ) ;
#4728 = CARTESIAN_POINT ( 'NONE',  ( 24.38440993889025421, 139.4500677953243724, 67.25031269872481232 ) ) ;
#4729 = AXIS2_PLACEMENT_3D ( 'NONE', #4663, #2102, #289 ) ;
#4730 = CARTESIAN_POINT ( 'NONE',  ( 147.6956252949929649, 107.1295740883035137, 159.2663434670423612 ) ) ;
#4731 = ORIENTED_EDGE ( 'NONE', *, *, #3290, .T. ) ;
#4732 = CARTESIAN_POINT ( 'NONE',  ( 148.0249563832173578, 88.57148294823679180, 144.8846879762482445 ) ) ;
#4733 = CARTESIAN_POINT ( 'NONE',  ( 131.9393882314548421, 49.66747613809769746, 152.0574160491545967 ) ) ;
#4734 = VERTEX_POINT ( 'NONE', #2210 ) ;
#4735 = CARTESIAN_POINT ( 'NONE',  ( 23.92468872297089888, 15.93444602642568597, 69.18630141715182447 ) ) ;
#4736 = CARTESIAN_POINT ( 'NONE',  ( 136.4092418886418443, 51.10115552839474162, 141.8441790527934927 ) ) ;
#4737 = ORIENTED_EDGE ( 'NONE', *, *, #195, .F. ) ;
#4738 = DIRECTION ( 'NONE',  ( 0.000000000000000000, 1.000000000000000000, 0.000000000000000000 ) ) ;
#4739 = CARTESIAN_POINT ( 'NONE',  ( 147.8227602148027700, 80.45235626850715960, 161.3453882112717110 ) ) ;
#4740 = VERTEX_POINT ( 'NONE', #3317 ) ;
#4741 = AXIS2_PLACEMENT_3D ( 'NONE', #685, #374, #3323 ) ;
#4742 = CARTESIAN_POINT ( 'NONE',  ( 142.8667098077401363, 58.54080303311943823, 152.7563473342866587 ) ) ;
#4743 = CARTESIAN_POINT ( 'NONE',  ( 126.3294261814050259, 35.47393074124068590, 141.0250137127830214 ) ) ;
#4744 = FACE_OUTER_BOUND ( 'NONE', #1543, .T. ) ;
#4745 = DIRECTION ( 'NONE',  ( -0.000000000000000000, -1.000000000000000000, 0.000000000000000000 ) ) ;
#4746 = CARTESIAN_POINT ( 'NONE',  ( 134.3320799695968617, 35.99999999999997158, 132.8523337309599981 ) ) ;
#4747 = DIRECTION ( 'NONE',  ( 0.000000000000000000, 0.000000000000000000, 1.000000000000000000 ) ) ;
#4748 = EDGE_CURVE ( 'NONE', #199, #566, #1056, .T. ) ;
#4749 = CARTESIAN_POINT ( 'NONE',  ( 23.91823580719018949, 138.9999999999999432, 69.18630136986298851 ) ) ;
#4750 = CARTESIAN_POINT ( 'NONE',  ( 126.5466316138651734, 56.96925007267169150, 138.7212002188353210 ) ) ;
#4751 = FACE_BOUND ( 'NONE', #991, .T. ) ;
#4752 = CARTESIAN_POINT ( 'NONE',  ( 128.0848317436338846, 49.95083632706912624, 140.0662639453285578 ) ) ;
#4753 = CARTESIAN_POINT ( 'NONE',  ( 141.0343889859730382, 83.06260550560544687, 145.5267802690365215 ) ) ;
#4754 = CARTESIAN_POINT ( 'NONE',  ( 148.0000000000000284, 108.8416649281207924, 162.5320933426268084 ) ) ;
#4755 = ORIENTED_EDGE ( 'NONE', *, *, #3931, .T. ) ;
#4756 = DIRECTION ( 'NONE',  ( 0.5770619958316158815, 0.8167003446594303107, 0.000000000000000000 ) ) ;
#4757 = CARTESIAN_POINT ( 'NONE',  ( 130.9165360590735929, 49.90272585466160393, 145.4468646680409165 ) ) ;
#4758 = VERTEX_POINT ( 'NONE', #2593 ) ;
#4759 = CARTESIAN_POINT ( 'NONE',  ( 22.09484423479224802, 11.14383999791590618, 68.03353436942903443 ) ) ;
#4760 = CARTESIAN_POINT ( 'NONE',  ( 134.4401917825516080, 54.99038534341498519, 139.0072277555763662 ) ) ;
#4761 = ORIENTED_EDGE ( 'NONE', *, *, #4636, .T. ) ;
ENDSEC;
END-ISO-10303-21;
