ISO-10303-21;
HEADER;
FILE_DESCRIPTION (( 'STEP AP214' ),
    '1' );
FILE_NAME ('front wall.STEP',
    '2025-11-14T12:36:33',
    ( '' ),
    ( '' ),
    'SwSTEP 2.0',
    'SolidWorks 2025',
    '' );
FILE_SCHEMA (( 'AUTOMOTIVE_DESIGN' ));
ENDSEC;

DATA;
#1 = B_SPLINE_CURVE_WITH_KNOTS ( 'NONE', 3,
 ( #245, #5565, #4812, #982, #3299, #9444, #2547, #5615, #8686, #1789, #6941, #5770, #5070, #2701, #6581, #7340 ),
 .UNSPECIFIED., .F., .F.,
 ( 4, 2, 2, 2, 2, 2, 2, 4 ),
 ( 0.000000000000000000, 0.001729627456419553051, 0.002594441184629370234, 0.003459254912839187634, 0.004324068641049005034, 0.005188882369258822000, 0.006053696097468639833, 0.006918509825678456800 ),
 .UNSPECIFIED. ) ;
#2 = VERTEX_POINT ( 'NONE', #5786 ) ;
#3 = CARTESIAN_POINT ( 'NONE',  ( -93.87172936769897547, 140.9999999999999716, 334.4896633360762053 ) ) ;
#4 = CARTESIAN_POINT ( 'NONE',  ( -122.7154492375724004, 141.0000000000000000, 305.4861751434213488 ) ) ;
#5 = CARTESIAN_POINT ( 'NONE',  ( 130.3976429688061671, 86.24920640270397598, 275.6154488447168660 ) ) ;
#6 = EDGE_CURVE ( 'NONE', #2860, #6564, #9298, .T. ) ;
#7 = CARTESIAN_POINT ( 'NONE',  ( -80.88435374146614265, 40.71203036556414645, 332.5441785871894922 ) ) ;
#8 = VERTEX_POINT ( 'NONE', #1304 ) ;
#9 = LINE ( 'NONE', #7012, #2650 ) ;
#10 = ORIENTED_EDGE ( 'NONE', *, *, #2278, .F. ) ;
#11 = LINE ( 'NONE', #5386, #910 ) ;
#12 = CARTESIAN_POINT ( 'NONE',  ( 1.009719629430382282E-25, 15.99999999999995914, 212.1999999999999602 ) ) ;
#13 = CARTESIAN_POINT ( 'NONE',  ( 73.54079135842437154, 15.49465759536806964, 359.3353448211855721 ) ) ;
#14 = AXIS2_PLACEMENT_3D ( 'NONE', #8372, #5356, #6018 ) ;
#15 = CYLINDRICAL_SURFACE ( 'NONE', #715, 2.000000000000001776 ) ;
#16 = DIRECTION ( 'NONE',  ( 0.000000000000000000, -0.000000000000000000, -1.000000000000000000 ) ) ;
#17 = CARTESIAN_POINT ( 'NONE',  ( 33.98921100076194080, 13.41421356237304785, 356.6142135623730383 ) ) ;
#18 = EDGE_CURVE ( 'NONE', #5175, #6363, #8821, .T. ) ;
#19 = DIRECTION ( 'NONE',  ( -0.7947073130990243151, -3.469446951953628388E-15, -0.6069928224509160142 ) ) ;
#20 = ORIENTED_EDGE ( 'NONE', *, *, #6898, .F. ) ;
#21 = CARTESIAN_POINT ( 'NONE',  ( 1.009719629430382282E-25, 138.9999999999999432, 212.1999999999999602 ) ) ;
#22 = EDGE_CURVE ( 'NONE', #7300, #4750, #4864, .T. ) ;
#23 = VECTOR ( 'NONE', #9328, 1000.000000000000000 ) ;
#24 = ORIENTED_EDGE ( 'NONE', *, *, #2111, .T. ) ;
#25 = CARTESIAN_POINT ( 'NONE',  ( -79.99999999996911981, 18.49847829684798839, 347.2555441290918452 ) ) ;
#26 = CARTESIAN_POINT ( 'NONE',  ( 31.75701728209685015, 14.33127499869071997, 354.6014010264173066 ) ) ;
#27 = CARTESIAN_POINT ( 'NONE',  ( -89.93579669122914311, 13.99999999999995381, 337.3692430855466569 ) ) ;
#28 = CARTESIAN_POINT ( 'NONE',  ( -141.4529712308191733, 87.15493271257520291, 244.0756479145605340 ) ) ;
#29 = CARTESIAN_POINT ( 'NONE',  ( -33.60948035020218327, 15.09706126387901115, 353.4521013536530063 ) ) ;
#30 = CIRCLE ( 'NONE', #513, 1.999999999999979794 ) ;
#31 = CARTESIAN_POINT ( 'NONE',  ( 93.37801023041400583, 13.99999999999995737, 330.3040242275516221 ) ) ;
#32 = DIRECTION ( 'NONE',  ( -0.000000000000000000, 1.000000000000000000, -0.000000000000000000 ) ) ;
#33 = CARTESIAN_POINT ( 'NONE',  ( -77.99999999996857980, 15.99999999999418954, 349.3669342390994643 ) ) ;
#34 = DIRECTION ( 'NONE',  ( 0.000000000000000000, 0.000000000000000000, 1.000000000000000000 ) ) ;
#35 = ADVANCED_FACE ( 'NONE', ( #4114 ), #7089, .T. ) ;
#36 = DIRECTION ( 'NONE',  ( -0.9480519480519487008, 0.000000000000000000, -0.3181155510108005235 ) ) ;
#37 = VERTEX_POINT ( 'NONE', #1592 ) ;
#38 = CARTESIAN_POINT ( 'NONE',  ( 14.15471276382510979, 13.64729485387364072, 356.9256883679080943 ) ) ;
#39 = CARTESIAN_POINT ( 'NONE',  ( 94.53274016371955213, 140.9346206356973141, 334.4327054892028173 ) ) ;
#40 = AXIS2_PLACEMENT_3D ( 'NONE', #9661, #7439, #4974 ) ;
#41 = CARTESIAN_POINT ( 'NONE',  ( -79.99999999996916245, 40.82247969747277239, 334.2040982918403529 ) ) ;
#42 = CARTESIAN_POINT ( 'NONE',  ( 74.73764783882505469, 16.91281810558278664, 356.5699111073399763 ) ) ;
#43 = VECTOR ( 'NONE', #3959, 1000.000000000000000 ) ;
#44 = CIRCLE ( 'NONE', #3418, 2.000000000000001776 ) ;
#45 = CARTESIAN_POINT ( 'NONE',  ( -131.4847071750128009, 86.67313357791789485, 273.3295497627997861 ) ) ;
#46 = EDGE_LOOP ( 'NONE', ( #6130, #8196, #8872 ) ) ;
#47 = CARTESIAN_POINT ( 'NONE',  ( -59.17157287522455533, 37.00000000000105160, 356.2716343860013239 ) ) ;
#48 = ADVANCED_FACE ( 'NONE', ( #5460 ), #3242, .F. ) ;
#49 = ORIENTED_EDGE ( 'NONE', *, *, #729, .F. ) ;
#50 = CARTESIAN_POINT ( 'NONE',  ( 148.0000000012751116, 138.9999999999999432, 291567.4688076491002 ) ) ;
#51 = CYLINDRICAL_SURFACE ( 'NONE', #4932, 2.000000000000001776 ) ;
#52 = CARTESIAN_POINT ( 'NONE',  ( -22.69321356044924798, 13.47278084400833187, 356.7103686460893073 ) ) ;
#53 = CIRCLE ( 'NONE', #1806, 2.000000000000002220 ) ;
#54 = VECTOR ( 'NONE', #9139, 1000.000000000000114 ) ;
#55 = VERTEX_POINT ( 'NONE', #889 ) ;
#56 = LINE ( 'NONE', #9264, #3722 ) ;
#57 = AXIS2_PLACEMENT_3D ( 'NONE', #5001, #9536, #3443 ) ;
#58 = EDGE_CURVE ( 'NONE', #9076, #7409, #1979, .T. ) ;
#59 = DIRECTION ( 'NONE',  ( -1.000000000000000000, 0.000000000000000000, 0.000000000000000000 ) ) ;
#60 = LINE ( 'NONE', #654, #8743 ) ;
#61 = ORIENTED_EDGE ( 'NONE', *, *, #5715, .F. ) ;
#62 = LINE ( 'NONE', #6908, #6511 ) ;
#63 = VERTEX_POINT ( 'NONE', #979 ) ;
#64 = CARTESIAN_POINT ( 'NONE',  ( -140.1304895565185404, 54.65020910779735175, 249.4623469170077215 ) ) ;
#65 = CARTESIAN_POINT ( 'NONE',  ( 85.86771718779868934, 14.15902170556239881, 330.5494370262691746 ) ) ;
#66 = DIRECTION ( 'NONE',  ( -0.000000000000000000, 1.000000000000000000, -0.000000000000000000 ) ) ;
#67 = AXIS2_PLACEMENT_3D ( 'NONE', #6313, #1674, #2579 ) ;
#68 = EDGE_CURVE ( 'NONE', #5412, #9004, #7041, .T. ) ;
#69 = AXIS2_PLACEMENT_3D ( 'NONE', #6088, #7605, #3877 ) ;
#70 = CARTESIAN_POINT ( 'NONE',  ( -144.3301361214170697, 90.48867622237239061, 271.4014777961210712 ) ) ;
#71 = CARTESIAN_POINT ( 'NONE',  ( 136.6090003527885415, 62.38582045183375158, 260.8108769218320617 ) ) ;
#72 = CARTESIAN_POINT ( 'NONE',  ( 1.102402867994748847, 13.66231426846371377, 357.1965002782564511 ) ) ;
#73 = ORIENTED_EDGE ( 'NONE', *, *, #9718, .F. ) ;
#74 = VECTOR ( 'NONE', #8969, 1000.000000000000000 ) ;
#75 = PLANE ( 'NONE',  #4713 ) ;
#76 = EDGE_LOOP ( 'NONE', ( #649, #3483, #137, #2837, #7592, #3513 ) ) ;
#77 = DIRECTION ( 'NONE',  ( 0.000000000000000000, 0.000000000000000000, -1.000000000000000000 ) ) ;
#78 = CARTESIAN_POINT ( 'NONE',  ( -59.17157287522525877, 6.790919744893550991, 384.4189410606531396 ) ) ;
#79 = CYLINDRICAL_SURFACE ( 'NONE', #4630, 0.6499999999999839240 ) ;
#80 = CIRCLE ( 'NONE', #9739, 0.6499999999999839240 ) ;
#81 = CARTESIAN_POINT ( 'NONE',  ( -29.19527642180863936, 36.99999999999995026, 356.2716343860031429 ) ) ;
#82 = DIRECTION ( 'NONE',  ( 1.000000000000000000, 0.000000000000000000, 0.000000000000000000 ) ) ;
#83 = CARTESIAN_POINT ( 'NONE',  ( -145.9999999999969305, 15.99999999999995914, 261.1897948556726874 ) ) ;
#84 = AXIS2_PLACEMENT_3D ( 'NONE', #233, #4610, #2430 ) ;
#85 = CARTESIAN_POINT ( 'NONE',  ( -141.4490522833081343, 96.44289785261851478, 244.0992070783105703 ) ) ;
#86 = CARTESIAN_POINT ( 'NONE',  ( -117.0858108445261507, 13.99999999999995737, 301.0814541897230470 ) ) ;
#87 = CARTESIAN_POINT ( 'NONE',  ( 147.8187359700305308, 52.99922564917376633, 262.0565988196452736 ) ) ;
#88 = VERTEX_POINT ( 'NONE', #3964 ) ;
#89 = CARTESIAN_POINT ( 'NONE',  ( -147.8961038961008114, 52.69664822365111689, 261.8260259576944122 ) ) ;
#90 = CARTESIAN_POINT ( 'NONE',  ( 3.946494540434482001, 13.97210429976499313, 357.1697182850348327 ) ) ;
#91 = FACE_OUTER_BOUND ( 'NONE', #9386, .T. ) ;
#92 = ADVANCED_FACE ( 'NONE', ( #5416 ), #8485, .T. ) ;
#93 = FACE_OUTER_BOUND ( 'NONE', #9353, .T. ) ;
#94 = CARTESIAN_POINT ( 'NONE',  ( -9.839436160638728168, 15.99999999999995914, 356.8726170951183008 ) ) ;
#95 = DIRECTION ( 'NONE',  ( 0.000000000000000000, 0.000000000000000000, 1.000000000000000000 ) ) ;
#96 = VERTEX_POINT ( 'NONE', #2440 ) ;
#97 = DIRECTION ( 'NONE',  ( 0.000000000000000000, 0.000000000000000000, 1.000000000000000000 ) ) ;
#98 = VERTEX_POINT ( 'NONE', #5509 ) ;
#99 = FACE_OUTER_BOUND ( 'NONE', #9740, .T. ) ;
#100 = CARTESIAN_POINT ( 'NONE',  ( 2.584662421513338693, 15.66197845501935504, 357.1831029124805355 ) ) ;
#101 = DIRECTION ( 'NONE',  ( 0.7947073130986229694, 0.000000000000000000, -0.6069928224514415938 ) ) ;
#102 = CARTESIAN_POINT ( 'NONE',  ( -74.16735074495082358, 13.43641040984713442, 360.2543837396588629 ) ) ;
#103 = EDGE_CURVE ( 'NONE', #2622, #6363, #3258, .T. ) ;
#104 = ORIENTED_EDGE ( 'NONE', *, *, #5031, .F. ) ;
#105 = DIRECTION ( 'NONE',  ( -0.000000000000000000, 1.000000000000000000, 0.000000000000000000 ) ) ;
#106 =( BOUNDED_SURFACE ( )  B_SPLINE_SURFACE ( 3, 2, ( 
 ( #7713, #3119, #7166 ),
 ( #1614, #1762, #3271 ),
 ( #2414, #6206, #266 ),
 ( #9271, #4692, #7760 ) ),
 .UNSPECIFIED., .F., .F., .T. ) 
 B_SPLINE_SURFACE_WITH_KNOTS ( ( 4, 4 ),
 ( 3, 3 ),
 ( 6.083248576146750963, 6.283185307179586232 ),
 ( 0.000000000000000000, 1.000000000000000000 ),
 .UNSPECIFIED. ) 
 GEOMETRIC_REPRESENTATION_ITEM ( )  RATIONAL_B_SPLINE_SURFACE ( (
 ( 1.000000000000000000, 0.3545569421073657135, 1.000000000000000000),
 ( 1.000000000000000000, 0.3474155025042900968, 1.000000000000000000),
 ( 1.000000000000000000, 0.3436470343142103423, 1.000000000000000000),
 ( 1.000000000000000000, 0.3436610376553069779, 1.000000000000000000) ) ) 
 REPRESENTATION_ITEM ( '' )  SURFACE ( )  );
#107 = DIRECTION ( 'NONE',  ( 0.000000000000000000, 0.000000000000000000, 1.000000000000000000 ) ) ;
#108 = CARTESIAN_POINT ( 'NONE',  ( -89.50628086271555617, 13.99999999999995737, 328.6387779885129703 ) ) ;
#109 = ORIENTED_EDGE ( 'NONE', *, *, #1807, .T. ) ;
#110 = DIRECTION ( 'NONE',  ( 0.000000000000000000, 0.000000000000000000, 1.000000000000000000 ) ) ;
#111 = ORIENTED_EDGE ( 'NONE', *, *, #6084, .T. ) ;
#112 = CARTESIAN_POINT ( 'NONE',  ( -142.4704339797502826, 91.10016038200862454, 246.6143706788495820 ) ) ;
#113 = LINE ( 'NONE', #803, #2696 ) ;
#114 = DIRECTION ( 'NONE',  ( 2.636779683484744259E-13, 0.000000000000000000, 1.000000000000000000 ) ) ;
#115 = VECTOR ( 'NONE', #9412, 1000.000000000000000 ) ;
#116 = CARTESIAN_POINT ( 'NONE',  ( 73.54079135842144410, 15.31602388522993685, 359.4863028860949044 ) ) ;
#117 = EDGE_CURVE ( 'NONE', #5972, #8563, #1948, .T. ) ;
#118 = CARTESIAN_POINT ( 'NONE',  ( 142.3264788883060419, 93.61099639289200525, 276.0689044045047922 ) ) ;
#119 = EDGE_LOOP ( 'NONE', ( #6323, #6122, #5559, #3186 ) ) ;
#120 = CARTESIAN_POINT ( 'NONE',  ( 139.2261179681310921, 63.21340838410831253, 252.7123507267554032 ) ) ;
#121 = CARTESIAN_POINT ( 'NONE',  ( 2.828329416802669805, 13.92542005435768537, 357.1837664308903300 ) ) ;
#122 = CARTESIAN_POINT ( 'NONE',  ( -115.9760226517641257, 14.05856521889016442, 301.7288488378223974 ) ) ;
#123 = VERTEX_POINT ( 'NONE', #2181 ) ;
#124 = CARTESIAN_POINT ( 'NONE',  ( -80.87100357553303809, 19.80195665570467867, 345.6012094289052357 ) ) ;
#125 = EDGE_CURVE ( 'NONE', #3154, #8706, #8399, .T. ) ;
#126 = DIRECTION ( 'NONE',  ( 0.000000000000000000, 0.000000000000000000, 1.000000000000000000 ) ) ;
#127 = CARTESIAN_POINT ( 'NONE',  ( 122.3240216452302036, 14.08025239193414890, 306.6769527474412484 ) ) ;
#128 = AXIS2_PLACEMENT_3D ( 'NONE', #9416, #955, #217 ) ;
#129 = CARTESIAN_POINT ( 'NONE',  ( -140.4184978586590375, 91.47677333370516806, 248.3614234919176340 ) ) ;
#130 = CARTESIAN_POINT ( 'NONE',  ( 79.53557729104154816, 39.71161587185895314, 334.8234229417276424 ) ) ;
#131 = DIRECTION ( 'NONE',  ( 0.000000000000000000, -0.000000000000000000, -1.000000000000000000 ) ) ;
#132 = VECTOR ( 'NONE', #8793, 1000.000000000000000 ) ;
#133 = CARTESIAN_POINT ( 'NONE',  ( -1.419115530494030608, 11.99999999999995914, 357.1999999999999886 ) ) ;
#134 = CARTESIAN_POINT ( 'NONE',  ( -145.9999999999968736, 92.76320896812782735, 243.2465577364812077 ) ) ;
#135 = DIRECTION ( 'NONE',  ( 0.9931150134400259510, 0.000000000000000000, -0.1171433740337767399 ) ) ;
#136 = CARTESIAN_POINT ( 'NONE',  ( 34.00727154922233808, 13.18187374699749626, 356.8465533777486485 ) ) ;
#137 = ORIENTED_EDGE ( 'NONE', *, *, #738, .F. ) ;
#138 = CARTESIAN_POINT ( 'NONE',  ( -140.7527220132992056, 88.90145764553648178, 247.0383913700765390 ) ) ;
#139 = CARTESIAN_POINT ( 'NONE',  ( -147.7476221921672845, 53.32663892705652131, 262.2667172048234079 ) ) ;
#140 = DIRECTION ( 'NONE',  ( -0.8476146798897298273, -1.472744828583807186E-14, 0.5306122448977510508 ) ) ;
#141 = DIRECTION ( 'NONE',  ( 1.000000000000000000, 0.000000000000000000, 0.000000000000000000 ) ) ;
#142 = CARTESIAN_POINT ( 'NONE',  ( 115.9760226517307302, 140.9414347810879633, 301.7288488377271847 ) ) ;
#143 = FACE_OUTER_BOUND ( 'NONE', #76, .T. ) ;
#144 = ORIENTED_EDGE ( 'NONE', *, *, #7806, .T. ) ;
#145 = DIRECTION ( 'NONE',  ( -0.7947073130986069822, 0.000000000000000000, 0.6069928224514624659 ) ) ;
#146 = CARTESIAN_POINT ( 'NONE',  ( 141.4966089985692577, 96.48626226905467718, 243.8859963335613941 ) ) ;
#147 = VERTEX_POINT ( 'NONE', #9038 ) ;
#148 = CARTESIAN_POINT ( 'NONE',  ( 121.0044252407799661, 13.99999999999995737, 302.7155414760817962 ) ) ;
#149 = EDGE_CURVE ( 'NONE', #609, #5077, #3608, .T. ) ;
#150 = CARTESIAN_POINT ( 'NONE',  ( 21.40217723613654144, 15.29310084978262907, 355.6610518035930681 ) ) ;
#151 = FACE_OUTER_BOUND ( 'NONE', #5728, .T. ) ;
#152 = CARTESIAN_POINT ( 'NONE',  ( -76.96185795800853668, 13.39395860398502869, 356.6315409115654802 ) ) ;
#153 = ORIENTED_EDGE ( 'NONE', *, *, #6713, .T. ) ;
#154 = ORIENTED_EDGE ( 'NONE', *, *, #7371, .F. ) ;
#155 = LINE ( 'NONE', #303, #8535 ) ;
#156 = DIRECTION ( 'NONE',  ( 0.000000000000000000, 1.000000000000000000, 0.000000000000000000 ) ) ;
#157 = CARTESIAN_POINT ( 'NONE',  ( -33.68347715692270583, 14.47265117374578125, 353.9606352208007252 ) ) ;
#158 = ORIENTED_EDGE ( 'NONE', *, *, #5769, .T. ) ;
#159 = EDGE_CURVE ( 'NONE', #6564, #1972, #5189, .T. ) ;
#160 = CARTESIAN_POINT ( 'NONE',  ( -295029.4662074455991, 140.9999999999999716, 374387.1183712410275 ) ) ;
#161 = ORIENTED_EDGE ( 'NONE', *, *, #9033, .T. ) ;
#162 = CARTESIAN_POINT ( 'NONE',  ( -15.84447942186945824, 14.54350648593817574, 356.4592617229105826 ) ) ;
#163 = DIRECTION ( 'NONE',  ( -0.6069928224509250070, 0.000000000000000000, 0.7947073130990175427 ) ) ;
#164 = CARTESIAN_POINT ( 'NONE',  ( 76.95500492078963362, 13.29091974489349681, 356.7275883647907335 ) ) ;
#165 =( BOUNDED_CURVE ( )  B_SPLINE_CURVE ( 3, ( #6127, #2997, #6795, #4672 ),
 .UNSPECIFIED., .F., .T. ) 
 B_SPLINE_CURVE_WITH_KNOTS ( ( 4, 4 ),
 ( 2.439967433937550556, 4.010763760730645444 ),
 .UNSPECIFIED. ) 
 CURVE ( )  GEOMETRIC_REPRESENTATION_ITEM ( )  RATIONAL_B_SPLINE_CURVE ( ( 1.000000000000000000, 0.8047378541247898198, 0.8047378541247898198, 1.000000000000000000 ) ) 
 REPRESENTATION_ITEM ( '' )  );
#166 = CARTESIAN_POINT ( 'NONE',  ( -81.99999999996916245, 138.9999999999999432, 342.5533658944219724 ) ) ;
#167 = CARTESIAN_POINT ( 'NONE',  ( 135.9879429722329860, 60.19849771589377951, 262.5219020488752903 ) ) ;
#168 = CARTESIAN_POINT ( 'NONE',  ( 5.656329897518102889, 13.84996826539874881, 357.1410364958196055 ) ) ;
#169 = CARTESIAN_POINT ( 'NONE',  ( 94.45672752870133593, 14.01461230190235341, 334.1759888589938896 ) ) ;
#170 = ORIENTED_EDGE ( 'NONE', *, *, #7144, .F. ) ;
#171 = EDGE_CURVE ( 'NONE', #8390, #7097, #7434, .T. ) ;
#172 = VERTEX_POINT ( 'NONE', #723 ) ;
#173 = CARTESIAN_POINT ( 'NONE',  ( 136.6070289867145107, 51.60462112805374346, 260.8173213837580420 ) ) ;
#174 = CARTESIAN_POINT ( 'NONE',  ( 114.1263075472759283, 14.04373192186988639, 304.1640986442905046 ) ) ;
#175 = DIRECTION ( 'NONE',  ( 6.938893903907222067E-15, 0.000000000000000000, 1.000000000000000000 ) ) ;
#176 = CARTESIAN_POINT ( 'NONE',  ( 77.26689023736273043, 5.499999999999952927, 359.2000000000001023 ) ) ;
#177 = B_SPLINE_CURVE_WITH_KNOTS ( 'NONE', 3,
 ( #7421, #8119, #1177, #3645, #1225, #4299 ),
 .UNSPECIFIED., .F., .F.,
 ( 4, 2, 4 ),
 ( 0.001572331798094289386, 0.001878441091272174072, 0.002184550384450058974 ),
 .UNSPECIFIED. ) ;
#178 = CARTESIAN_POINT ( 'NONE',  ( 79.87856136564036547, 40.29958823854446592, 334.3670670534633587 ) ) ;
#179 = PLANE ( 'NONE',  #5639 ) ;
#180 = AXIS2_PLACEMENT_3D ( 'NONE', #5464, #5420, #6995 ) ;
#181 = DIRECTION ( 'NONE',  ( 0.000000000000000000, 0.000000000000000000, -1.000000000000000000 ) ) ;
#182 = CARTESIAN_POINT ( 'NONE',  ( -143.3340831547360210, 96.37497296086979759, 244.2764890415267018 ) ) ;
#183 = EDGE_CURVE ( 'NONE', #1510, #3160, #2074, .T. ) ;
#184 = VERTEX_POINT ( 'NONE', #3697 ) ;
#185 = CARTESIAN_POINT ( 'NONE',  ( -148.0000000000245848, 57.00000000000000711, 256.1787997811547370 ) ) ;
#186 = ORIENTED_EDGE ( 'NONE', *, *, #8982, .F. ) ;
#187 = CARTESIAN_POINT ( 'NONE',  ( -33.95381717568849922, 13.91271399508076989, 355.7860507071959546 ) ) ;
#188 = CARTESIAN_POINT ( 'NONE',  ( 24.00803082088625828, 13.68100050651417021, 356.4955045702824350 ) ) ;
#189 = DIRECTION ( 'NONE',  ( 0.000000000000000000, 0.000000000000000000, -1.000000000000000000 ) ) ;
#190 = CIRCLE ( 'NONE', #9681, 2.000000000000001776 ) ;
#191 = CARTESIAN_POINT ( 'NONE',  ( -120.7638024623814772, 140.9999999999999716, 302.1117197486524333 ) ) ;
#192 = EDGE_CURVE ( 'NONE', #5179, #2490, #6777, .T. ) ;
#193 = CARTESIAN_POINT ( 'NONE',  ( -114.2686704100515698, 140.9842906104389328, 304.2119941531108793 ) ) ;
#194 = ORIENTED_EDGE ( 'NONE', *, *, #5790, .T. ) ;
#195 = CARTESIAN_POINT ( 'NONE',  ( -147.8961038961008114, 140.9999999999999716, 261.8260259576944122 ) ) ;
#196 = CARTESIAN_POINT ( 'NONE',  ( -122.3240216452302036, 140.9197476080657623, 306.6769527474412484 ) ) ;
#197 = CIRCLE ( 'NONE', #8874, 147.0000000000000000 ) ;
#198 = CARTESIAN_POINT ( 'NONE',  ( -93.87172936769897547, 140.8806638096942550, 335.1396633360761825 ) ) ;
#199 = ORIENTED_EDGE ( 'NONE', *, *, #9351, .T. ) ;
#200 = DIRECTION ( 'NONE',  ( -0.000000000000000000, 1.000000000000000000, -0.000000000000000000 ) ) ;
#201 = CARTESIAN_POINT ( 'NONE',  ( 1.118950367308277682, 15.40762171796619739, 357.2049217157822909 ) ) ;
#202 = CARTESIAN_POINT ( 'NONE',  ( -8.455849394826380205, 13.51553029085936153, 357.1338476923948519 ) ) ;
#203 = ORIENTED_EDGE ( 'NONE', *, *, #7385, .T. ) ;
#204 = CIRCLE ( 'NONE', #5514, 0.6499999999999839240 ) ;
#205 = CIRCLE ( 'NONE', #9352, 1.999999999999999334 ) ;
#206 = EDGE_CURVE ( 'NONE', #4949, #7409, #53, .T. ) ;
#207 = EDGE_CURVE ( 'NONE', #8051, #7893, #4502, .T. ) ;
#208 = ORIENTED_EDGE ( 'NONE', *, *, #1109, .F. ) ;
#209 = CYLINDRICAL_SURFACE ( 'NONE', #1473, 2.000000000000001776 ) ;
#210 = CARTESIAN_POINT ( 'NONE',  ( 78.21903366206015562, 38.99999999999995026, 336.5251249794307569 ) ) ;
#211 = VERTEX_POINT ( 'NONE', #5256 ) ;
#212 = AXIS2_PLACEMENT_3D ( 'NONE', #4987, #9864, #2937 ) ;
#213 = CARTESIAN_POINT ( 'NONE',  ( 116.1858755124853815, 140.9999999999999716, 308.8228570679731888 ) ) ;
#214 = CIRCLE ( 'NONE', #2783, 2.000000000000001776 ) ;
#215 = ORIENTED_EDGE ( 'NONE', *, *, #9210, .F. ) ;
#216 = CARTESIAN_POINT ( 'NONE',  ( -22.72278169270598625, 14.80646820743038816, 355.5888875870813308 ) ) ;
#217 = DIRECTION ( 'NONE',  ( -7.975740119433594601E-16, 0.000000000000000000, 1.000000000000000000 ) ) ;
#218 = FACE_OUTER_BOUND ( 'NONE', #2707, .T. ) ;
#219 = ADVANCED_FACE ( 'NONE', ( #6058 ), #376, .T. ) ;
#220 = EDGE_CURVE ( 'NONE', #7309, #964, #3029, .T. ) ;
#221 = CARTESIAN_POINT ( 'NONE',  ( 122.3240216452302178, 140.9197476080657623, 306.6769527474412484 ) ) ;
#222 = CARTESIAN_POINT ( 'NONE',  ( 136.5469545239902232, 62.23119037969004808, 260.9848324880393307 ) ) ;
#223 = CARTESIAN_POINT ( 'NONE',  ( 7.095577652469151175, 11.99999999999995914, 357.1999999999999886 ) ) ;
#224 = CARTESIAN_POINT ( 'NONE',  ( 94.37817959882499963, 13.99999999999995559, 334.0596460880488507 ) ) ;
#225 = VERTEX_POINT ( 'NONE', #1535 ) ;
#226 = ORIENTED_EDGE ( 'NONE', *, *, #2755, .T. ) ;
#227 = CARTESIAN_POINT ( 'NONE',  ( 139.2255029736594736, 50.78501792656070535, 252.7145068073002392 ) ) ;
#228 = CARTESIAN_POINT ( 'NONE',  ( -79.80528247757835913, 22.04695951781904384, 346.2414745094737896 ) ) ;
#229 = VECTOR ( 'NONE', #8463, 1000.000000000000000 ) ;
#230 = DIRECTION ( 'NONE',  ( 0.000000000000000000, -1.000000000000000000, 0.000000000000000000 ) ) ;
#231 = CARTESIAN_POINT ( 'NONE',  ( 86.12827063230193403, 140.9999999999999716, 331.1591708579985607 ) ) ;
#232 = EDGE_CURVE ( 'NONE', #6843, #1302, #3086, .T. ) ;
#233 = CARTESIAN_POINT ( 'NONE',  ( -115.5426391678579847, 140.9999999999999716, 308.7293316430789218 ) ) ;
#234 = FACE_OUTER_BOUND ( 'NONE', #6943, .T. ) ;
#235 = CIRCLE ( 'NONE', #9726, 0.6499999999999839240 ) ;
#236 = CARTESIAN_POINT ( 'NONE',  ( -141.4963469172473367, 96.48612307272766486, 243.8871818294889238 ) ) ;
#237 = DIRECTION ( 'NONE',  ( 0.000000000000000000, 0.000000000000000000, 1.000000000000000000 ) ) ;
#238 = ORIENTED_EDGE ( 'NONE', *, *, #7968, .F. ) ;
#239 = CARTESIAN_POINT ( 'NONE',  ( -142.8669005392702900, 89.81456048142493387, 245.5729772501049695 ) ) ;
#240 = CARTESIAN_POINT ( 'NONE',  ( -23.06171081957756996, 13.82608575294788267, 356.3624763030329632 ) ) ;
#241 = AXIS2_PLACEMENT_3D ( 'NONE', #6243, #8703, #260 ) ;
#242 = CARTESIAN_POINT ( 'NONE',  ( 6.520165573459645536, 14.14990507535021713, 357.0997740779893661 ) ) ;
#243 = CIRCLE ( 'NONE', #1039, 2.000000000000001776 ) ;
#244 = EDGE_CURVE ( 'NONE', #7656, #1958, #4067, .T. ) ;
#245 = CARTESIAN_POINT ( 'NONE',  ( 79.01298701295537796, 36.99999999999995026, 346.7100289320113689 ) ) ;
#246 = VECTOR ( 'NONE', #2168, 1000.000000000000000 ) ;
#247 = DIRECTION ( 'NONE',  ( -0.000000000000000000, 1.000000000000000000, 0.000000000000000000 ) ) ;
#248 = VERTEX_POINT ( 'NONE', #769 ) ;
#249 = CARTESIAN_POINT ( 'NONE',  ( 59.99999999996840927, 38.99999999999995737, 356.2716343860032566 ) ) ;
#250 = CARTESIAN_POINT ( 'NONE',  ( -122.6179306687165536, 140.8494143382950483, 306.6257950019577265 ) ) ;
#251 = CARTESIAN_POINT ( 'NONE',  ( -93.35076012443974491, 140.9938369952546680, 334.8783676550358450 ) ) ;
#252 = ORIENTED_EDGE ( 'NONE', *, *, #171, .F. ) ;
#253 = CARTESIAN_POINT ( 'NONE',  ( -129.4463281701274298, 92.85732531494029729, 277.5351934497389834 ) ) ;
#254 = CARTESIAN_POINT ( 'NONE',  ( 30.56254149797684860, 15.25466624111406588, 354.1043202375986425 ) ) ;
#255 = EDGE_CURVE ( 'NONE', #8351, #2864, #3133, .T. ) ;
#256 = CARTESIAN_POINT ( 'NONE',  ( -34.05877273185289056, 12.17349558903453577, 357.1999999999999886 ) ) ;
#257 = ORIENTED_EDGE ( 'NONE', *, *, #6059, .F. ) ;
#258 = ORIENTED_EDGE ( 'NONE', *, *, #5267, .F. ) ;
#259 = DIRECTION ( 'NONE',  ( -0.000000000000000000, 1.000000000000000000, 0.000000000000000000 ) ) ;
#260 = DIRECTION ( 'NONE',  ( 0.000000000000000000, 0.000000000000000000, 1.000000000000000000 ) ) ;
#261 = EDGE_LOOP ( 'NONE', ( #2114, #765, #2158, #5990 ) ) ;
#262 = CARTESIAN_POINT ( 'NONE',  ( 140.5298015402699150, 90.23189718835867268, 247.9267524443495176 ) ) ;
#263 = ORIENTED_EDGE ( 'NONE', *, *, #1997, .T. ) ;
#264 = CARTESIAN_POINT ( 'NONE',  ( -23.03955713943327410, 14.74127119263704699, 355.5777334376742829 ) ) ;
#265 = EDGE_LOOP ( 'NONE', ( #3382, #5096, #3091, #8013, #1923, #8457 ) ) ;
#266 = CARTESIAN_POINT ( 'NONE',  ( -9.664509824340671074, 33.53476735677052289, 357.1999999999999886 ) ) ;
#267 = CARTESIAN_POINT ( 'NONE',  ( 80.96202531642488509, 15.99999999999995914, 345.5459802793566269 ) ) ;
#268 = CARTESIAN_POINT ( 'NONE',  ( -142.9443858061668209, 93.70444513334797421, 274.6737255530312041 ) ) ;
#269 = ORIENTED_EDGE ( 'NONE', *, *, #8367, .F. ) ;
#270 = PLANE ( 'NONE',  #1654 ) ;
#271 = CIRCLE ( 'NONE', #7823, 1.999999999999986233 ) ;
#272 = CARTESIAN_POINT ( 'NONE',  ( 14.19115530493847110, 11.99999999999996092, 357.1999999999999886 ) ) ;
#273 = LINE ( 'NONE', #3222, #4252 ) ;
#274 = ORIENTED_EDGE ( 'NONE', *, *, #2278, .T. ) ;
#275 = DIRECTION ( 'NONE',  ( -0.7947073130978858924, 0.000000000000000000, 0.6069928224524065996 ) ) ;
#276 = ORIENTED_EDGE ( 'NONE', *, *, #3777, .T. ) ;
#277 = DIRECTION ( 'NONE',  ( 0.000000000000000000, -1.000000000000000000, 0.000000000000000000 ) ) ;
#278 = EDGE_CURVE ( 'NONE', #8260, #7023, #6965, .T. ) ;
#279 = DIRECTION ( 'NONE',  ( -7.975740119433594601E-16, 0.000000000000000000, 1.000000000000000000 ) ) ;
#280 = CARTESIAN_POINT ( 'NONE',  ( -59.17157287522046261, 38.99999999999995737, 356.2716343860031429 ) ) ;
#281 = LINE ( 'NONE', #2690, #6940 ) ;
#282 = CARTESIAN_POINT ( 'NONE',  ( -12.55235392492866353, 14.72952968553196662, 356.7130810347262582 ) ) ;
#283 = CARTESIAN_POINT ( 'NONE',  ( 141.1317411293832436, 88.71677338777010391, 278.6668654112536387 ) ) ;
#284 = CARTESIAN_POINT ( 'NONE',  ( -141.4529712308191733, 98.37148522368046599, 244.0756479145605340 ) ) ;
#285 = CARTESIAN_POINT ( 'NONE',  ( -86.54584657645362711, 13.99999999999995737, 334.6992852076964482 ) ) ;
#286 = ORIENTED_EDGE ( 'NONE', *, *, #3166, .T. ) ;
#287 = CARTESIAN_POINT ( 'NONE',  ( -33.85954752427878844, 14.03945360742170756, 354.8118807318416543 ) ) ;
#288 = CARTESIAN_POINT ( 'NONE',  ( 16.32123653476137548, 14.09511685410591220, 356.5977934752772853 ) ) ;
#289 = EDGE_CURVE ( 'NONE', #6204, #9178, #3284, .T. ) ;
#290 = CARTESIAN_POINT ( 'NONE',  ( -120.3743826293553525, 14.10300423622254051, 309.2804275214436416 ) ) ;
#291 = LINE ( 'NONE', #1995, #880 ) ;
#292 = CIRCLE ( 'NONE', #8474, 2.000000000000001776 ) ;
#293 = CARTESIAN_POINT ( 'NONE',  ( -132.1307461240718624, 88.01083941089294171, 271.9201058341249109 ) ) ;
#294 = ORIENTED_EDGE ( 'NONE', *, *, #9450, .F. ) ;
#295 = DIRECTION ( 'NONE',  ( 0.000000000000000000, 2.775557561562888827E-14, -1.000000000000000000 ) ) ;
#296 = CARTESIAN_POINT ( 'NONE',  ( -148.0000000000245848, 89.97422520020263903, 275.1247880754171433 ) ) ;
#297 = EDGE_LOOP ( 'NONE', ( #9624, #9808, #3891, #827, #8304, #2855 ) ) ;
#298 = CARTESIAN_POINT ( 'NONE',  ( -129.7415538064773841, 93.26027168236996090, 276.9470391815639800 ) ) ;
#299 = ADVANCED_FACE ( 'NONE', ( #6365 ), #1838, .T. ) ;
#300 = CARTESIAN_POINT ( 'NONE',  ( 4.748528740342390364, 15.42830650254547642, 357.1371942582104566 ) ) ;
#301 = CARTESIAN_POINT ( 'NONE',  ( 79.35942979170647504, 39.52781274959083646, 343.3507400416402788 ) ) ;
#302 = ORIENTED_EDGE ( 'NONE', *, *, #7905, .T. ) ;
#303 = CARTESIAN_POINT ( 'NONE',  ( 143.4040466960482263, 140.9999999999999716, 242.5153120237258406 ) ) ;
#304 = CARTESIAN_POINT ( 'NONE',  ( -33.76057974012942964, 14.19851763148905910, 354.3796149655968293 ) ) ;
#305 = EDGE_LOOP ( 'NONE', ( #6740, #9851, #8603 ) ) ;
#306 = EDGE_CURVE ( 'NONE', #8855, #1396, #5079, .T. ) ;
#307 = CARTESIAN_POINT ( 'NONE',  ( 140.7979993009521991, 93.69477675322231391, 246.8877045016126033 ) ) ;
#308 = ORIENTED_EDGE ( 'NONE', *, *, #3431, .F. ) ;
#309 = CARTESIAN_POINT ( 'NONE',  ( -11.27004537985561150, 14.40598421814888752, 356.8522563694991732 ) ) ;
#310 = ORIENTED_EDGE ( 'NONE', *, *, #7474, .F. ) ;
#311 = LINE ( 'NONE', #9584, #9284 ) ;
#312 = DIRECTION ( 'NONE',  ( -0.000000000000000000, -1.000000000000000000, -0.000000000000000000 ) ) ;
#313 = CARTESIAN_POINT ( 'NONE',  ( 114.3850335511374539, 140.9948977471785838, 304.3038023417666977 ) ) ;
#314 = EDGE_LOOP ( 'NONE', ( #5090, #5796, #8061, #2767, #6236 ) ) ;
#315 = LINE ( 'NONE', #8159, #2137 ) ;
#316 = CARTESIAN_POINT ( 'NONE',  ( 5.871706503430070612, 13.56952176283284928, 357.1672136598104998 ) ) ;
#317 = DIRECTION ( 'NONE',  ( 0.000000000000000000, 0.000000000000000000, 1.000000000000000000 ) ) ;
#318 = ORIENTED_EDGE ( 'NONE', *, *, #749, .T. ) ;
#319 = CARTESIAN_POINT ( 'NONE',  ( 122.5750880969538201, 140.9999999999999716, 305.4273982154603004 ) ) ;
#320 = ORIENTED_EDGE ( 'NONE', *, *, #3349, .T. ) ;
#321 = CARTESIAN_POINT ( 'NONE',  ( 139.5543510002970038, 51.58233188324173568, 251.5662707388078161 ) ) ;
#322 = CARTESIAN_POINT ( 'NONE',  ( -73.73432483013971250, 26.43337104381446423, 349.8379773025911845 ) ) ;
#323 = PLANE ( 'NONE',  #7456 ) ;
#324 = DIRECTION ( 'NONE',  ( 0.000000000000000000, 0.000000000000000000, 1.000000000000000000 ) ) ;
#325 = CARTESIAN_POINT ( 'NONE',  ( 0.000000000000000000, 140.9999999999999716, 212.1999999999999602 ) ) ;
#326 = DIRECTION ( 'NONE',  ( -0.000000000000000000, 1.000000000000000000, 0.000000000000000000 ) ) ;
#327 = ADVANCED_FACE ( 'NONE', ( #6162 ), #2334, .T. ) ;
#328 = CARTESIAN_POINT ( 'NONE',  ( -122.3240216452302036, 13.99999999999995737, 306.0269527474412143 ) ) ;
#329 = CARTESIAN_POINT ( 'NONE',  ( 143.9328583564251858, 87.42761921300571260, 272.3611949726638386 ) ) ;
#330 = CARTESIAN_POINT ( 'NONE',  ( -80.82842712472236713, 22.04695951781238250, 347.9599549519055586 ) ) ;
#331 = FACE_OUTER_BOUND ( 'NONE', #8024, .T. ) ;
#332 = ORIENTED_EDGE ( 'NONE', *, *, #9495, .T. ) ;
#333 = CARTESIAN_POINT ( 'NONE',  ( -20.15089521465345612, 13.58493515467340806, 356.7355019409940269 ) ) ;
#334 = CARTESIAN_POINT ( 'NONE',  ( 29.83978902646526876, 13.76249831589864137, 356.1788188537403812 ) ) ;
#335 = CARTESIAN_POINT ( 'NONE',  ( -93.87172936769897547, 13.99999999999995737, 333.8396633360762280 ) ) ;
#336 = DIRECTION ( 'NONE',  ( 0.000000000000000000, -0.000000000000000000, 1.000000000000000000 ) ) ;
#337 = AXIS2_PLACEMENT_3D ( 'NONE', #1901, #2601, #8083 ) ;
#338 = EDGE_CURVE ( 'NONE', #5621, #3040, #7715, .T. ) ;
#339 = CARTESIAN_POINT ( 'NONE',  ( -137.5714627030930330, 63.87244523334834412, 258.0182283214708718 ) ) ;
#340 = ORIENTED_EDGE ( 'NONE', *, *, #3750, .T. ) ;
#341 = LINE ( 'NONE', #5466, #9521 ) ;
#342 = CARTESIAN_POINT ( 'NONE',  ( -122.8506018580713146, 140.8193940868671348, 306.4364742234658934 ) ) ;
#343 = ORIENTED_EDGE ( 'NONE', *, *, #9126, .F. ) ;
#344 = DIRECTION ( 'NONE',  ( 0.000000000000000000, 1.000000000000000000, 0.000000000000000000 ) ) ;
#345 = TOROIDAL_SURFACE ( 'NONE', #9177, 154.0000000000000000, 2.000000000000000000 ) ;
#346 = CARTESIAN_POINT ( 'NONE',  ( 79.99999999996879296, 40.99999999999995026, 342.5533658944221997 ) ) ;
#347 = EDGE_LOOP ( 'NONE', ( #996, #2723, #1607, #6450 ) ) ;
#348 = EDGE_CURVE ( 'NONE', #9827, #4750, #6807, .T. ) ;
#349 = AXIS2_PLACEMENT_3D ( 'NONE', #9204, #9152, #6997 ) ;
#350 = DIRECTION ( 'NONE',  ( 0.000000000000000000, 0.000000000000000000, -1.000000000000000000 ) ) ;
#351 = CARTESIAN_POINT ( 'NONE',  ( 86.12827063230193403, 13.99999999999995737, 331.1591708579985607 ) ) ;
#352 = EDGE_LOOP ( 'NONE', ( #3864, #161, #7839, #7506 ) ) ;
#353 = CARTESIAN_POINT ( 'NONE',  ( -85.56704945700926146, 140.8559116484433957, 330.8069182854485462 ) ) ;
#354 = CARTESIAN_POINT ( 'NONE',  ( 140.9739587518757844, 90.37619663328337083, 246.1573523828537304 ) ) ;
#355 = EDGE_LOOP ( 'NONE', ( #170, #5574, #6613, #8433, #5994, #9447 ) ) ;
#356 = CARTESIAN_POINT ( 'NONE',  ( -33.66408990811194002, 14.58577828736139814, 353.8402225233363083 ) ) ;
#357 = ORIENTED_EDGE ( 'NONE', *, *, #6016, .T. ) ;
#358 = DIRECTION ( 'NONE',  ( 1.000000000000000000, 0.000000000000000000, 0.000000000000000000 ) ) ;
#359 = CARTESIAN_POINT ( 'NONE',  ( -89.93578092465318718, 141.0000000000000000, 337.3692023869113541 ) ) ;
#360 = AXIS2_PLACEMENT_3D ( 'NONE', #881, #9291, #2589 ) ;
#361 = EDGE_CURVE ( 'NONE', #8059, #6893, #8567, .T. ) ;
#362 = ORIENTED_EDGE ( 'NONE', *, *, #2692, .T. ) ;
#363 = AXIS2_PLACEMENT_3D ( 'NONE', #3547, #3653, #8275 ) ;
#364 = CIRCLE ( 'NONE', #837, 0.6499999999999839240 ) ;
#365 = CARTESIAN_POINT ( 'NONE',  ( -94.44501250635239842, 140.8439030382190538, 334.8237148612687406 ) ) ;
#366 = CARTESIAN_POINT ( 'NONE',  ( 22.70584848790164756, 11.99999999999995914, 357.1999999999999886 ) ) ;
#367 = CARTESIAN_POINT ( 'NONE',  ( 86.64923987557818919, 140.9948977471786122, 330.7704665390616583 ) ) ;
#368 = VERTEX_POINT ( 'NONE', #9376 ) ;
#369 = DIRECTION ( 'NONE',  ( 0.000000000000000000, 0.000000000000000000, -1.000000000000000000 ) ) ;
#370 = ORIENTED_EDGE ( 'NONE', *, *, #9591, .F. ) ;
#371 = LINE ( 'NONE', #3440, #2683 ) ;
#372 = CARTESIAN_POINT ( 'NONE',  ( 132.3757698985333491, 90.23580429031467531, 271.3747880754172002 ) ) ;
#373 = DIRECTION ( 'NONE',  ( 1.000000000000000000, 0.000000000000000000, 7.975740119433573893E-16 ) ) ;
#374 = ADVANCED_FACE ( 'NONE', ( #2480 ), #2731, .F. ) ;
#375 = CARTESIAN_POINT ( 'NONE',  ( 86.12827063230193403, 140.9999999999999716, 331.1591708579985607 ) ) ;
#376 = TOROIDAL_SURFACE ( 'NONE', #8395, 154.0000000000000000, 2.000000000000000000 ) ;
#377 = CARTESIAN_POINT ( 'NONE',  ( -71.75505721354548427, 13.99999999999927880, 356.3715728752521841 ) ) ;
#378 = CARTESIAN_POINT ( 'NONE',  ( -114.3850335512113645, 14.00510225281460741, 304.3038023418249622 ) ) ;
#379 = CARTESIAN_POINT ( 'NONE',  ( -5.855269455602811313, 14.47065235937671623, 357.1090473335393085 ) ) ;
#380 = CARTESIAN_POINT ( 'NONE',  ( 143.2460653957176646, 86.39564496961713758, 273.9788251765295968 ) ) ;
#381 = CARTESIAN_POINT ( 'NONE',  ( 1.009719629430382282E-25, 15.99999999999995914, 212.1999999999999602 ) ) ;
#382 = AXIS2_PLACEMENT_3D ( 'NONE', #9080, #2218, #6721 ) ;
#383 = CARTESIAN_POINT ( 'NONE',  ( -77.99999999996879296, 13.99999999999995737, 347.2555441290919589 ) ) ;
#384 = CARTESIAN_POINT ( 'NONE',  ( 79.99999999996879296, 138.9999999999999432, 342.5533658944221997 ) ) ;
#385 = CYLINDRICAL_SURFACE ( 'NONE', #1809, 0.6499999999999839240 ) ;
#386 = CARTESIAN_POINT ( 'NONE',  ( -25.89304988698838628, 13.82755575090491362, 356.2115204136915168 ) ) ;
#387 = CARTESIAN_POINT ( 'NONE',  ( 20.32245182757819890, 13.94382503373290838, 356.4142303894686279 ) ) ;
#388 = AXIS2_PLACEMENT_3D ( 'NONE', #7714, #8409, #8613 ) ;
#389 = DIRECTION ( 'NONE',  ( -1.460819769243638766E-15, -0.000000000000000000, 1.000000000000000000 ) ) ;
#390 = CARTESIAN_POINT ( 'NONE',  ( -140.1062986653294331, 59.56178038424522470, 249.5528351327677683 ) ) ;
#391 = CIRCLE ( 'NONE', #8261, 0.6499999999999839240 ) ;
#392 = LINE ( 'NONE', #442, #1318 ) ;
#393 = CARTESIAN_POINT ( 'NONE',  ( 33.85954752427836212, 14.03945360742171466, 354.8118807318416543 ) ) ;
#394 = ORIENTED_EDGE ( 'NONE', *, *, #9393, .F. ) ;
#395 = VECTOR ( 'NONE', #3105, 1000.000000000000000 ) ;
#396 = CARTESIAN_POINT ( 'NONE',  ( -73.54473830627645725, 15.99999999999784173, 355.1999999999974307 ) ) ;
#397 = CARTESIAN_POINT ( 'NONE',  ( -12.94658817481286661, 12.53474144698940407, 357.1989602967229303 ) ) ;
#398 = CARTESIAN_POINT ( 'NONE',  ( -73.07140106648418509, 12.00000000000402878, 357.1999999999999318 ) ) ;
#399 = EDGE_LOOP ( 'NONE', ( #9775, #4089, #2356, #3755, #4243, #5360 ) ) ;
#400 = EDGE_CURVE ( 'NONE', #4653, #9407, #536, .T. ) ;
#401 = CIRCLE ( 'NONE', #2954, 2.000000000000001776 ) ;
#402 = AXIS2_PLACEMENT_3D ( 'NONE', #687, #739, #5315 ) ;
#403 = ORIENTED_EDGE ( 'NONE', *, *, #5758, .T. ) ;
#404 = CARTESIAN_POINT ( 'NONE',  ( -80.13038394773958828, 41.00500850102793748, 346.0850276903952363 ) ) ;
#405 = EDGE_LOOP ( 'NONE', ( #4688, #3809, #8489, #8241, #2760, #3578, #4830, #854, #8533, #2380, #3519, #3679, #8467, #7673, #8607 ) ) ;
#406 = CIRCLE ( 'NONE', #3942, 2.000000000000001776 ) ;
#407 = EDGE_LOOP ( 'NONE', ( #1502, #2456, #9633, #9921 ) ) ;
#408 = CARTESIAN_POINT ( 'NONE',  ( -12.70191395495940689, 13.93468649222172395, 356.8799207010728765 ) ) ;
#409 = CARTESIAN_POINT ( 'NONE',  ( 119.7134399979684645, 14.08437241643339810, 309.9857586946546917 ) ) ;
#410 = B_SPLINE_CURVE_WITH_KNOTS ( 'NONE', 3,
 ( #3494, #6720, #2918, #1976 ),
 .UNSPECIFIED., .F., .F.,
 ( 4, 4 ),
 ( 0.000000000000000000, 0.002914656965084382045 ),
 .UNSPECIFIED. ) ;
#411 = CARTESIAN_POINT ( 'NONE',  ( -78.59963835588153813, 38.96782170107180576, 334.0510353561776355 ) ) ;
#412 = EDGE_CURVE ( 'NONE', #4872, #1860, #3912, .T. ) ;
#413 = PRODUCT_DEFINITION_FORMATION_WITH_SPECIFIED_SOURCE ( 'ANY', '', #3791, .NOT_KNOWN. ) ;
#414 = ORIENTED_EDGE ( 'NONE', *, *, #5858, .T. ) ;
#415 = CARTESIAN_POINT ( 'NONE',  ( -85.65227669939177702, 14.16174623763050633, 330.6975682997605190 ) ) ;
#416 = CARTESIAN_POINT ( 'NONE',  ( 6.064287173566036415, 12.57863359596675679, 357.2013756507041649 ) ) ;
#417 = DIRECTION ( 'NONE',  ( -0.000000000000000000, 1.000000000000000000, -0.000000000000000000 ) ) ;
#418 = VERTEX_POINT ( 'NONE', #6415 ) ;
#419 = CARTESIAN_POINT ( 'NONE',  ( 143.4040466960721005, 140.9999999999999716, 244.5153120237258690 ) ) ;
#420 = ORIENTED_EDGE ( 'NONE', *, *, #7168, .T. ) ;
#421 = CARTESIAN_POINT ( 'NONE',  ( -137.1402158381526704, 50.60309335788711849, 259.2931120495930486 ) ) ;
#422 = CARTESIAN_POINT ( 'NONE',  ( 91.12906653857638162, 14.11998125210901200, 337.1916584650988966 ) ) ;
#423 = DIRECTION ( 'NONE',  ( -0.000000000000000000, -1.000000000000000000, -1.082467449004358960E-12 ) ) ;
#424 = EDGE_CURVE ( 'NONE', #88, #9257, #8092, .T. ) ;
#425 = DIRECTION ( 'NONE',  ( -0.000000000000000000, 1.000000000000000000, -0.000000000000000000 ) ) ;
#426 = DIRECTION ( 'NONE',  ( -1.000000000000000000, 0.000000000000000000, 0.000000000000000000 ) ) ;
#427 = CARTESIAN_POINT ( 'NONE',  ( -143.4040466960718732, 98.37148522368045178, 242.5153120237268922 ) ) ;
#428 = CARTESIAN_POINT ( 'NONE',  ( -2.826611360352648372, 14.09024927322191800, 357.1838179313467663 ) ) ;
#429 = CARTESIAN_POINT ( 'NONE',  ( 141.4163460607821605, 87.62642858725202188, 278.0592536154962886 ) ) ;
#430 = DIRECTION ( 'NONE',  ( 0.000000000000000000, 0.000000000000000000, 1.000000000000000000 ) ) ;
#431 = FACE_OUTER_BOUND ( 'NONE', #8263, .T. ) ;
#432 = CARTESIAN_POINT ( 'NONE',  ( 116.7877566173056039, 14.03064730116690662, 300.8785716004890674 ) ) ;
#433 = EDGE_LOOP ( 'NONE', ( #2117, #5717, #6385, #1555 ) ) ;
#434 = CARTESIAN_POINT ( 'NONE',  ( -34.01611804082776302, 13.99999999999995737, 355.1999999999999318 ) ) ;
#435 = CARTESIAN_POINT ( 'NONE',  ( 29.61765242537300580, 14.39076528138058642, 354.9087914392375183 ) ) ;
#436 = LINE ( 'NONE', #3454, #5426 ) ;
#437 = AXIS2_PLACEMENT_3D ( 'NONE', #9797, #5947, #5145 ) ;
#438 = CARTESIAN_POINT ( 'NONE',  ( 1.009719629430382282E-25, 140.9999999999999716, 212.1999999999999602 ) ) ;
#439 = CYLINDRICAL_SURFACE ( 'NONE', #5503, 2.000000000000001776 ) ;
#440 = ADVANCED_FACE ( 'NONE', ( #8780 ), #2580, .F. ) ;
#441 = CARTESIAN_POINT ( 'NONE',  ( -137.1401228111589035, 63.38526581716891428, 259.2917429415652464 ) ) ;
#442 = CARTESIAN_POINT ( 'NONE',  ( 79.99999999996879296, 38.99999999999995026, 334.2040982918406371 ) ) ;
#443 = CARTESIAN_POINT ( 'NONE',  ( 113.9824199850091162, 140.9246211041343315, 304.1640986442904477 ) ) ;
#444 = ORIENTED_EDGE ( 'NONE', *, *, #2904, .T. ) ;
#445 = CARTESIAN_POINT ( 'NONE',  ( -87.42793026049059790, 140.9942077594241141, 330.1894719417095985 ) ) ;
#446 = CARTESIAN_POINT ( 'NONE',  ( -6.669795924123626207, 12.32976123338268692, 357.1999999999999886 ) ) ;
#447 = CARTESIAN_POINT ( 'NONE',  ( 86.12827063230537306, 140.8876550398222776, 330.5091708579985834 ) ) ;
#448 = AXIS2_PLACEMENT_3D ( 'NONE', #5181, #9011, #562 ) ;
#449 = ORIENTED_EDGE ( 'NONE', *, *, #1640, .T. ) ;
#450 = CARTESIAN_POINT ( 'NONE',  ( -83.06493506490380696, 40.99999999999996447, 344.2462667501936835 ) ) ;
#451 = EDGE_CURVE ( 'NONE', #4949, #9076, #692, .T. ) ;
#452 = CIRCLE ( 'NONE', #1731, 2.000000000000001776 ) ;
#453 = EDGE_LOOP ( 'NONE', ( #8649, #7609, #932, #9317 ) ) ;
#454 = CARTESIAN_POINT ( 'NONE',  ( 141.3534301350293845, 96.31562234032281822, 244.5238699806382101 ) ) ;
#455 = CARTESIAN_POINT ( 'NONE',  ( 88.85250715990335380, 14.05862634257703370, 328.6947917236947205 ) ) ;
#456 = CARTESIAN_POINT ( 'NONE',  ( -14.15471276382541177, 13.64729485387362473, 356.9256883679116186 ) ) ;
#457 = ORIENTED_EDGE ( 'NONE', *, *, #1508, .F. ) ;
#458 = CARTESIAN_POINT ( 'NONE',  ( 113.4663578453762227, 14.16718158174401054, 304.3925942121030630 ) ) ;
#459 = ORIENTED_EDGE ( 'NONE', *, *, #125, .F. ) ;
#460 = ORIENTED_EDGE ( 'NONE', *, *, #5526, .T. ) ;
#461 = ADVANCED_FACE ( 'NONE', ( #4958 ), #323, .F. ) ;
#462 = LINE ( 'NONE', #5698, #7775 ) ;
#463 = DIRECTION ( 'NONE',  ( 1.000000000000000000, 8.088905766426376234E-27, 2.775557561562888827E-14 ) ) ;
#464 = DIRECTION ( 'NONE',  ( 2.081668171172166620E-14, 0.000000000000000000, 1.000000000000000000 ) ) ;
#465 = VERTEX_POINT ( 'NONE', #1977 ) ;
#466 = LINE ( 'NONE', #3535, #1844 ) ;
#467 = ORIENTED_EDGE ( 'NONE', *, *, #7927, .F. ) ;
#468 = DIRECTION ( 'NONE',  ( 0.000000000000000000, 0.000000000000000000, -1.000000000000000000 ) ) ;
#469 = LINE ( 'NONE', #6667, #6380 ) ;
#470 = CARTESIAN_POINT ( 'NONE',  ( -93.45415342343717668, 13.99999999999995737, 330.9495489862993054 ) ) ;
#471 = CYLINDRICAL_SURFACE ( 'NONE', #2207, 2.000000000000001776 ) ;
#472 = DIRECTION ( 'NONE',  ( 0.000000000000000000, 0.000000000000000000, -1.000000000000000000 ) ) ;
#473 = DIRECTION ( 'NONE',  ( 0.000000000000000000, 1.000000000000000000, 0.000000000000000000 ) ) ;
#474 = EDGE_CURVE ( 'NONE', #988, #6602, #850, .T. ) ;
#475 = CARTESIAN_POINT ( 'NONE',  ( 115.5886033795466830, 140.9942077594218972, 302.7783265879537566 ) ) ;
#476 = CARTESIAN_POINT ( 'NONE',  ( -11906.79003019442825, 140.9999999999999716, -14630.30390467736288 ) ) ;
#477 = LINE ( 'NONE', #1382, #3808 ) ;
#478 = FACE_OUTER_BOUND ( 'NONE', #6516, .T. ) ;
#479 = ORIENTED_EDGE ( 'NONE', *, *, #914, .T. ) ;
#480 = FACE_OUTER_BOUND ( 'NONE', #7472, .T. ) ;
#481 = DIRECTION ( 'NONE',  ( -3.909236002201258302E-15, 0.000000000000000000, -1.000000000000000000 ) ) ;
#482 = CARTESIAN_POINT ( 'NONE',  ( 22.72278169270544623, 14.80646820743040237, 355.5888875870804213 ) ) ;
#483 = CARTESIAN_POINT ( 'NONE',  ( 1.009719629430382282E-25, 140.9999999999999716, 244.5153120237268922 ) ) ;
#484 = CARTESIAN_POINT ( 'NONE',  ( 1.009719629430382282E-25, 13.99999999999995737, 212.1999999999999602 ) ) ;
#485 = EDGE_CURVE ( 'NONE', #7414, #3866, #8410, .T. ) ;
#486 =( LENGTH_UNIT ( ) NAMED_UNIT ( * ) SI_UNIT ( .MILLI., .METRE. ) );
#487 = CARTESIAN_POINT ( 'NONE',  ( -135.7239158829313510, 57.95859806623543875, 263.2296865212225612 ) ) ;
#488 = DIRECTION ( 'NONE',  ( -1.000000000000000000, 0.000000000000000000, 0.000000000000000000 ) ) ;
#489 = CARTESIAN_POINT ( 'NONE',  ( 79.99162270496869098, 19.01668311578889714, 347.1006252960347638 ) ) ;
#490 = ORIENTED_EDGE ( 'NONE', *, *, #8290, .F. ) ;
#491 = CARTESIAN_POINT ( 'NONE',  ( -120.2235141975196200, 140.9830668219184133, 308.9102466804632172 ) ) ;
#492 = CARTESIAN_POINT ( 'NONE',  ( 2.812263215040144093, 15.99999999999995914, 357.1795522108644718 ) ) ;
#493 = CARTESIAN_POINT ( 'NONE',  ( 79.99999999996879296, 40.99999999999995026, 342.5533658944221997 ) ) ;
#494 = CARTESIAN_POINT ( 'NONE',  ( -81.99999999996916245, 140.9999999999999716, 334.2040982918403529 ) ) ;
#495 = VECTOR ( 'NONE', #1484, 1000.000000000000000 ) ;
#496 = ADVANCED_FACE ( 'NONE', ( #8722 ), #1828, .T. ) ;
#497 = CARTESIAN_POINT ( 'NONE',  ( -94.44490903984127783, 14.15610487997636824, 334.8237907826499509 ) ) ;
#498 = ORIENTED_EDGE ( 'NONE', *, *, #761, .F. ) ;
#499 = AXIS2_PLACEMENT_3D ( 'NONE', #1183, #8019, #4054 ) ;
#500 = ORIENTED_EDGE ( 'NONE', *, *, #348, .T. ) ;
#501 = CARTESIAN_POINT ( 'NONE',  ( -90.49371913728549544, 140.8767977190229317, 337.6600562055618866 ) ) ;
#502 = EDGE_LOOP ( 'NONE', ( #2925, #2607, #9278, #6761, #7460 ) ) ;
#503 = CARTESIAN_POINT ( 'NONE',  ( -14.57202937603818960, 13.70197982892292110, 356.8897851764369875 ) ) ;
#504 = CARTESIAN_POINT ( 'NONE',  ( 113.3307877719304457, 14.07356890398557070, 304.9508016224365292 ) ) ;
#505 = ORIENTED_EDGE ( 'NONE', *, *, #8340, .F. ) ;
#506 = EDGE_CURVE ( 'NONE', #4868, #7036, #7301, .T. ) ;
#507 = CIRCLE ( 'NONE', #6129, 0.6499999999999839240 ) ;
#508 = ORIENTED_EDGE ( 'NONE', *, *, #2971, .F. ) ;
#509 = CARTESIAN_POINT ( 'NONE',  ( -30.82163489686953639, 15.99999999999995914, 353.9150555372263511 ) ) ;
#510 = CARTESIAN_POINT ( 'NONE',  ( -9.813253070624325503, 34.82568710166408010, 360.7275883647905630 ) ) ;
#511 = VERTEX_POINT ( 'NONE', #2781 ) ;
#512 = CARTESIAN_POINT ( 'NONE',  ( 116.5930016322708553, 140.9999999999999716, 301.5052926970773228 ) ) ;
#513 = AXIS2_PLACEMENT_3D ( 'NONE', #5084, #8912, #9828 ) ;
#514 = ORIENTED_EDGE ( 'NONE', *, *, #1259, .T. ) ;
#515 = DIRECTION ( 'NONE',  ( -0.000000000000000000, 1.000000000000000000, 0.000000000000000000 ) ) ;
#516 = CARTESIAN_POINT ( 'NONE',  ( 117.2534118096191236, 36.99999999999995737, 280.2277991837536320 ) ) ;
#517 = CARTESIAN_POINT ( 'NONE',  ( -76.11455250167698239, 13.86565589147494570, 357.3422608905149218 ) ) ;
#518 = ADVANCED_FACE ( 'NONE', ( #5856 ), #1178, .F. ) ;
#519 = ADVANCED_FACE ( 'NONE', ( #4906 ), #7966, .T. ) ;
#520 = AXIS2_PLACEMENT_3D ( 'NONE', #6476, #1840, #8787 ) ;
#521 = PRODUCT_CONTEXT ( 'NONE', #8324, 'mechanical' ) ;
#522 = VECTOR ( 'NONE', #7579, 1000.000000000000000 ) ;
#523 = DIRECTION ( 'NONE',  ( 0.000000000000000000, 1.000000000000000000, -0.000000000000000000 ) ) ;
#524 = CARTESIAN_POINT ( 'NONE',  ( -2.828329416802969565, 13.92542005435767827, 357.1837664308916942 ) ) ;
#525 = CARTESIAN_POINT ( 'NONE',  ( 140.9206202524828200, 88.25033329353463785, 246.3531602707682282 ) ) ;
#526 = ORIENTED_EDGE ( 'NONE', *, *, #4362, .F. ) ;
#527 = CARTESIAN_POINT ( 'NONE',  ( 33.99139813135113997, 14.00099683960170616, 355.2792663913160141 ) ) ;
#528 = CARTESIAN_POINT ( 'NONE',  ( 77.26689023736270201, 5.499999999999944045, 359.2000000000001023 ) ) ;
#529 = EDGE_LOOP ( 'NONE', ( #7995, #2510, #3685, #1451 ) ) ;
#530 = DIRECTION ( 'NONE',  ( -0.000000000000000000, 1.000000000000000000, -0.000000000000000000 ) ) ;
#531 = DIRECTION ( 'NONE',  ( -0.000000000000000000, 1.000000000000000000, 0.000000000000000000 ) ) ;
#532 = CARTESIAN_POINT ( 'NONE',  ( 28.82672822820298819, 14.57964362506120004, 354.8460342525222018 ) ) ;
#533 = CARTESIAN_POINT ( 'NONE',  ( -119.7134399979684929, 13.99999999999995737, 309.3357586946546576 ) ) ;
#534 = EDGE_CURVE ( 'NONE', #6391, #993, #4559, .T. ) ;
#535 = DIRECTION ( 'NONE',  ( -0.000000000000000000, -1.000000000000000000, -0.000000000000000000 ) ) ;
#536 = CIRCLE ( 'NONE', #6650, 2.000000000000001776 ) ;
#537 = CARTESIAN_POINT ( 'NONE',  ( 142.9299669171292351, 89.68797551679023172, 245.4026846847371814 ) ) ;
#538 = DIRECTION ( 'NONE',  ( -0.6069928224509152370, 0.000000000000000000, 0.7947073130990250922 ) ) ;
#539 = FACE_OUTER_BOUND ( 'NONE', #8735, .T. ) ;
#540 = CARTESIAN_POINT ( 'NONE',  ( -147.9999999999968736, 92.76320896812782735, 243.2465577364812077 ) ) ;
#541 = CARTESIAN_POINT ( 'NONE',  ( 80.96202531963182025, 18.82603952366457278, 345.5459802774095692 ) ) ;
#542 = ORIENTED_EDGE ( 'NONE', *, *, #4729, .F. ) ;
#543 = CARTESIAN_POINT ( 'NONE',  ( 111.7844301505943889, 5.499999999999952927, 382.8913526958626221 ) ) ;
#544 = CARTESIAN_POINT ( 'NONE',  ( 10.78626665201871404, 15.71096534891400864, 356.8057857302295588 ) ) ;
#545 = CARTESIAN_POINT ( 'NONE',  ( 82.82341634136697905, 39.61221596705087222, 344.3979567258427892 ) ) ;
#546 = VERTEX_POINT ( 'NONE', #470 ) ;
#547 = TOROIDAL_SURFACE ( 'NONE', #5052, 154.0000000000000000, 2.000000000000000000 ) ;
#548 = EDGE_CURVE ( 'NONE', #3359, #9076, #3538, .T. ) ;
#549 = CIRCLE ( 'NONE', #6169, 2.000000000000001776 ) ;
#550 = CARTESIAN_POINT ( 'NONE',  ( 128.8704303556057198, 88.70758911779232392, 278.6637160072215806 ) ) ;
#551 = AXIS2_PLACEMENT_3D ( 'NONE', #5700, #6515, #4142 ) ;
#552 = CARTESIAN_POINT ( 'NONE',  ( -144.2873916484388701, 90.98863618573970768, 271.5055796477985268 ) ) ;
#553 = CARTESIAN_POINT ( 'NONE',  ( -82.45320190459034393, 38.86975941182592464, 344.6292432966284878 ) ) ;
#554 = VECTOR ( 'NONE', #2191, 1000.000000000000000 ) ;
#555 = ADVANCED_FACE ( 'NONE', ( #2637 ), #5903, .F. ) ;
#556 = CARTESIAN_POINT ( 'NONE',  ( 141.4963469172742805, 89.04029486354359335, 243.8871818294911975 ) ) ;
#557 = ORIENTED_EDGE ( 'NONE', *, *, #6831, .F. ) ;
#558 = CARTESIAN_POINT ( 'NONE',  ( -91.15161251049708824, 140.9106101603238983, 337.0706497005518258 ) ) ;
#559 = ORIENTED_EDGE ( 'NONE', *, *, #2293, .F. ) ;
#560 = CARTESIAN_POINT ( 'NONE',  ( -24.22806896410681077, 14.54212639653423444, 355.5438985188449692 ) ) ;
#561 = ORIENTED_EDGE ( 'NONE', *, *, #673, .T. ) ;
#562 = DIRECTION ( 'NONE',  ( 0.000000000000000000, -0.6454598724467768278, -0.7637941823953561249 ) ) ;
#563 = CARTESIAN_POINT ( 'NONE',  ( 145.9999999999983800, 92.76320896812782735, 243.2465577364812077 ) ) ;
#564 = EDGE_LOOP ( 'NONE', ( #3823, #2391, #252, #5288 ) ) ;
#565 = AXIS2_PLACEMENT_3D ( 'NONE', #2014, #5232, #8965 ) ;
#566 = CIRCLE ( 'NONE', #9912, 2.000000000000001776 ) ;
#567 = VERTEX_POINT ( 'NONE', #4445 ) ;
#568 = CARTESIAN_POINT ( 'NONE',  ( -145.9999999999968168, 140.9999999999999716, 212.1999999999997613 ) ) ;
#569 = CARTESIAN_POINT ( 'NONE',  ( -86.32898214256323399, 14.07098733580606975, 330.5091708579996066 ) ) ;
#570 = ORIENTED_EDGE ( 'NONE', *, *, #6116, .T. ) ;
#571 = CARTESIAN_POINT ( 'NONE',  ( 1.009719629430382282E-25, 38.99999999999995737, 212.1999999999999602 ) ) ;
#572 = ORIENTED_EDGE ( 'NONE', *, *, #4736, .F. ) ;
#573 = CARTESIAN_POINT ( 'NONE',  ( 22.45601718566395633, 15.99999999999995914, 355.4786105161899741 ) ) ;
#574 = DIRECTION ( 'NONE',  ( 0.6069928224509152370, 0.000000000000000000, -0.7947073130990250922 ) ) ;
#575 = CARTESIAN_POINT ( 'NONE',  ( 122.3240216452302036, 13.99999999999995737, 306.0269527474412143 ) ) ;
#576 = CARTESIAN_POINT ( 'NONE',  ( 80.63915038536748625, 20.75025888462909052, 345.7415201957924751 ) ) ;
#577 = CARTESIAN_POINT ( 'NONE',  ( 0.000000000000000000, 140.9999999999999716, 212.1999999999999602 ) ) ;
#578 = DIRECTION ( 'NONE',  ( -0.000000000000000000, 1.000000000000000000, -0.000000000000000000 ) ) ;
#579 = ORIENTED_EDGE ( 'NONE', *, *, #7477, .F. ) ;
#580 = DIRECTION ( 'NONE',  ( -0.5980066445183062074, 0.000000000000000000, 0.8014911435018831076 ) ) ;
#581 = ADVANCED_FACE ( 'NONE', ( #2120 ), #5948, .T. ) ;
#582 = CYLINDRICAL_SURFACE ( 'NONE', #8385, 0.6499999999917127624 ) ;
#583 = CARTESIAN_POINT ( 'NONE',  ( 22.90408548662518839, 14.37592491523505700, 355.8284772509035179 ) ) ;
#584 = CARTESIAN_POINT ( 'NONE',  ( 120.1980531126530138, 140.8216855067205415, 309.7893181325042633 ) ) ;
#585 = CARTESIAN_POINT ( 'NONE',  ( -113.3307877719304457, 140.9264310960143405, 304.9508016224365292 ) ) ;
#586 = CARTESIAN_POINT ( 'NONE',  ( -148.0000000000245848, 89.97422520020263903, 275.1247880754171433 ) ) ;
#587 = FACE_OUTER_BOUND ( 'NONE', #8403, .T. ) ;
#588 = B_SPLINE_CURVE_WITH_KNOTS ( 'NONE', 3,
 ( #8500, #2254, #3111, #6903, #6806, #9117 ),
 .UNSPECIFIED., .F., .F.,
 ( 4, 2, 4 ),
 ( 0.001626161058546253882, 0.001932110140646498908, 0.002238059222746743935 ),
 .UNSPECIFIED. ) ;
#589 = FACE_OUTER_BOUND ( 'NONE', #3210, .T. ) ;
#590 = CARTESIAN_POINT ( 'NONE',  ( 79.99999999996359179, 18.49847829689160150, 347.2555441290951421 ) ) ;
#591 = EDGE_CURVE ( 'NONE', #2490, #1302, #5197, .T. ) ;
#592 = CIRCLE ( 'NONE', #4127, 0.6499999999999839240 ) ;
#593 = EDGE_LOOP ( 'NONE', ( #4588, #1919, #3778, #4684 ) ) ;
#594 = DIRECTION ( 'NONE',  ( 0.000000000000000000, 1.000000000000000000, 0.000000000000000000 ) ) ;
#595 = DIRECTION ( 'NONE',  ( -0.000000000000000000, 1.000000000000000000, 0.000000000000000000 ) ) ;
#596 = EDGE_LOOP ( 'NONE', ( #9310, #5237, #2462, #6373 ) ) ;
#597 = CARTESIAN_POINT ( 'NONE',  ( 72.12657779604991504, 13.29091974489351990, 356.7275883647906767 ) ) ;
#598 = CARTESIAN_POINT ( 'NONE',  ( 132.3757698985333491, 89.97422520020263903, 271.3747880754171433 ) ) ;
#599 = ORIENTED_EDGE ( 'NONE', *, *, #7695, .T. ) ;
#600 = CARTESIAN_POINT ( 'NONE',  ( -79.69805478652628494, 39.93487970571757728, 342.9314324852352911 ) ) ;
#601 = EDGE_CURVE ( 'NONE', #6401, #225, #4236, .T. ) ;
#602 = VERTEX_POINT ( 'NONE', #5146 ) ;
#603 = CYLINDRICAL_SURFACE ( 'NONE', #5702, 2.000000000000015099 ) ;
#604 = CARTESIAN_POINT ( 'NONE',  ( -8.683702209814260442, 13.91354031702602434, 357.0526423145979038 ) ) ;
#605 = CARTESIAN_POINT ( 'NONE',  ( -141.4174035719541962, 87.62339676454540438, 278.0569859442991287 ) ) ;
#606 = AXIS2_PLACEMENT_3D ( 'NONE', #7377, #7182, #8064 ) ;
#607 = FACE_OUTER_BOUND ( 'NONE', #593, .T. ) ;
#608 = ORIENTED_EDGE ( 'NONE', *, *, #2052, .T. ) ;
#609 = VERTEX_POINT ( 'NONE', #8356 ) ;
#610 = ADVANCED_FACE ( 'NONE', ( #8214 ), #7521, .F. ) ;
#611 = LINE ( 'NONE', #568, #9707 ) ;
#612 = CARTESIAN_POINT ( 'NONE',  ( -34.02833947450075414, 12.80706240268524887, 357.0378958640002907 ) ) ;
#613 = ORIENTED_EDGE ( 'NONE', *, *, #8094, .F. ) ;
#614 = DIRECTION ( 'NONE',  ( -0.6069928224509152370, 0.000000000000000000, 0.7947073130990250922 ) ) ;
#615 = ORIENTED_EDGE ( 'NONE', *, *, #7769, .T. ) ;
#616 = CARTESIAN_POINT ( 'NONE',  ( -62.59148560968538533, 38.99999999999995737, 352.9078776766142482 ) ) ;
#617 = CARTESIAN_POINT ( 'NONE',  ( -433194.0190388342598, 13.99999999999995737, 63270.19578480727068 ) ) ;
#618 = CARTESIAN_POINT ( 'NONE',  ( 59.17157287522113762, 36.99999999999995737, 356.2716343860032566 ) ) ;
#619 = DIRECTION ( 'NONE',  ( 0.000000000000000000, 0.000000000000000000, 1.000000000000000000 ) ) ;
#620 = CARTESIAN_POINT ( 'NONE',  ( 140.7500124745937455, 96.61262821170072357, 247.0493311053444643 ) ) ;
#621 = VERTEX_POINT ( 'NONE', #8266 ) ;
#622 = FACE_OUTER_BOUND ( 'NONE', #5455, .T. ) ;
#623 = CARTESIAN_POINT ( 'NONE',  ( 116.4313047987110252, 14.10631249737861381, 300.8510291298312040 ) ) ;
#624 = CARTESIAN_POINT ( 'NONE',  ( 32.44063537501667582, 13.86630719823909708, 355.9210052626254992 ) ) ;
#625 = CARTESIAN_POINT ( 'NONE',  ( -92.57206975859320153, 140.9945597024179733, 335.4593622381626119 ) ) ;
#626 = EDGE_CURVE ( 'NONE', #2325, #2615, #6328, .T. ) ;
#627 = ADVANCED_FACE ( 'NONE', ( #6046 ), #1373, .T. ) ;
#628 = CARTESIAN_POINT ( 'NONE',  ( 81.99999999996879296, 138.9999999999999432, 342.5533658944221997 ) ) ;
#629 = DIRECTION ( 'NONE',  ( 2.180799023016986143E-16, 0.7637941823953527942, -0.6454598724467808246 ) ) ;
#630 = FACE_OUTER_BOUND ( 'NONE', #5373, .T. ) ;
#631 = DIRECTION ( 'NONE',  ( 0.000000000000000000, 0.000000000000000000, 1.000000000000000000 ) ) ;
#632 = LINE ( 'NONE', #4465, #7302 ) ;
#633 = ORIENTED_EDGE ( 'NONE', *, *, #2755, .F. ) ;
#634 = CARTESIAN_POINT ( 'NONE',  ( 119.3306198777807765, 14.00805457350504746, 309.8708976940619095 ) ) ;
#635 = CARTESIAN_POINT ( 'NONE',  ( 80.26689660655824810, 40.60095430253547732, 345.9835689929924456 ) ) ;
#636 = EDGE_LOOP ( 'NONE', ( #8491, #7694, #6465 ) ) ;
#637 = EDGE_CURVE ( 'NONE', #1332, #8923, #6863, .T. ) ;
#638 = EDGE_CURVE ( 'NONE', #7571, #3378, #6816, .T. ) ;
#639 = CARTESIAN_POINT ( 'NONE',  ( 72.13445488640154224, 13.39902208338310707, 356.6310777229350037 ) ) ;
#640 = DIRECTION ( 'NONE',  ( -0.000000000000000000, 1.000000000000000000, -0.000000000000000000 ) ) ;
#641 = ORIENTED_EDGE ( 'NONE', *, *, #68, .T. ) ;
#642 = CARTESIAN_POINT ( 'NONE',  ( -117.2362379767809557, 13.99999999999995737, 301.5988181219696571 ) ) ;
#643 = VERTEX_POINT ( 'NONE', #3732 ) ;
#644 = DIRECTION ( 'NONE',  ( 4.382459307730909397E-15, 0.000000000000000000, 1.000000000000000000 ) ) ;
#645 = CARTESIAN_POINT ( 'NONE',  ( -39455.48737069794151, 140.9999999999999716, 334095.6756388372742 ) ) ;
#646 = ORIENTED_EDGE ( 'NONE', *, *, #1587, .T. ) ;
#647 = CARTESIAN_POINT ( 'NONE',  ( -141.6552921263531175, 87.09834844270068288, 277.5438299669546609 ) ) ;
#648 = DIRECTION ( 'NONE',  ( -0.000000000000000000, 1.000000000000000000, -0.000000000000000000 ) ) ;
#649 = ORIENTED_EDGE ( 'NONE', *, *, #5653, .F. ) ;
#650 = B_SPLINE_CURVE_WITH_KNOTS ( 'NONE', 3,
 ( #2873, #1926, #5000, #8062, #422, #5100, #5196, #9691, #6568, #8166 ),
 .UNSPECIFIED., .F., .F.,
 ( 4, 2, 2, 2, 4 ),
 ( 0.000000000000000000, 0.0003624275965598249948, 0.0007248551931196499896, 0.001087282789679474984, 0.001449710386239299979 ),
 .UNSPECIFIED. ) ;
#651 = ADVANCED_FACE ( 'NONE', ( #5998 ), #7476, .F. ) ;
#652 = EDGE_LOOP ( 'NONE', ( #9576, #570, #7261, #357, #2673, #8452, #8689, #3530, #5140, #340 ) ) ;
#653 = CARTESIAN_POINT ( 'NONE',  ( 61.94357362501267517, 37.77380492536318712, 355.6915911444032190 ) ) ;
#654 = CARTESIAN_POINT ( 'NONE',  ( -77.39838647123013970, 13.99999999999995737, 350.1545986945503159 ) ) ;
#655 = ORIENTED_EDGE ( 'NONE', *, *, #7844, .T. ) ;
#656 = CARTESIAN_POINT ( 'NONE',  ( 73.54473830626007214, 13.99999999999995737, 355.1999999999999886 ) ) ;
#657 = ORIENTED_EDGE ( 'NONE', *, *, #5653, .T. ) ;
#658 = DIRECTION ( 'NONE',  ( -0.000000000000000000, 1.000000000000000000, -0.000000000000000000 ) ) ;
#659 = DIRECTION ( 'NONE',  ( 0.000000000000000000, 0.000000000000000000, 1.000000000000000000 ) ) ;
#660 = VECTOR ( 'NONE', #4305, 1000.000000000000000 ) ;
#661 = EDGE_CURVE ( 'NONE', #4189, #9372, #9798, .T. ) ;
#662 =( NAMED_UNIT ( * ) SI_UNIT ( $, .STERADIAN. ) SOLID_ANGLE_UNIT ( ) );
#663 = DIRECTION ( 'NONE',  ( 3.378674827220644093E-16, -0.000000000000000000, -1.000000000000000000 ) ) ;
#664 = LINE ( 'NONE', #3597, #6291 ) ;
#665 = CARTESIAN_POINT ( 'NONE',  ( -143.4040466960718732, 13.99999999999995737, 244.5153120237268922 ) ) ;
#666 = CARTESIAN_POINT ( 'NONE',  ( -113.9824199850091162, 140.9999999999999716, 304.8140986442904250 ) ) ;
#667 = CARTESIAN_POINT ( 'NONE',  ( 140.3837801606122184, 92.43908159861703666, 248.4959263253728636 ) ) ;
#668 = ORIENTED_EDGE ( 'NONE', *, *, #5703, .T. ) ;
#669 = B_SPLINE_CURVE_WITH_KNOTS ( 'NONE', 3,
 ( #7095, #4, #2311, #9214, #8640, #2501, #342, #250, #9561, #196 ),
 .UNSPECIFIED., .F., .F.,
 ( 4, 2, 2, 2, 4 ),
 ( 0.000000000000000000, 0.0004499120203529782661, 0.0008998240407059565323, 0.001349736061058934853, 0.001799648081411913065 ),
 .UNSPECIFIED. ) ;
#670 = CARTESIAN_POINT ( 'NONE',  ( -1.156482317316857952E-13, 33.53476735677050868, 357.1999999999999886 ) ) ;
#671 = ORIENTED_EDGE ( 'NONE', *, *, #7646, .T. ) ;
#672 = DIRECTION ( 'NONE',  ( -0.000000000000000000, 1.000000000000000000, -0.000000000000000000 ) ) ;
#673 = EDGE_CURVE ( 'NONE', #3674, #2658, #9510, .T. ) ;
#674 = CARTESIAN_POINT ( 'NONE',  ( 33.67317059803713875, 14.52769359475495392, 353.8977676915750976 ) ) ;
#675 = CIRCLE ( 'NONE', #5656, 2.000000000000001776 ) ;
#676 = CARTESIAN_POINT ( 'NONE',  ( -119.7134399979684929, 13.99999999999995737, 309.3357586946546576 ) ) ;
#677 = CARTESIAN_POINT ( 'NONE',  ( 86.54584657642888601, 13.99999999999995737, 334.6992852076993472 ) ) ;
#678 = DIRECTION ( 'NONE',  ( 0.000000000000000000, -1.000000000000000000, 0.000000000000000000 ) ) ;
#679 = FACE_OUTER_BOUND ( 'NONE', #9586, .T. ) ;
#680 = AXIS2_PLACEMENT_3D ( 'NONE', #9331, #3183, #5453 ) ;
#681 = LINE ( 'NONE', #9922, #8894 ) ;
#682 = ORIENTED_EDGE ( 'NONE', *, *, #8080, .T. ) ;
#683 = CARTESIAN_POINT ( 'NONE',  ( 8.683702209813993989, 13.91354031702605276, 357.0526423145943227 ) ) ;
#684 = CARTESIAN_POINT ( 'NONE',  ( 82.45617499162133868, 38.87434554435536427, 344.6273925086285885 ) ) ;
#685 = DIRECTION ( 'NONE',  ( -0.000000000000000000, 1.000000000000000000, -0.000000000000000000 ) ) ;
#686 = STYLED_ITEM ( 'NONE', ( #4268 ), #5355 ) ;
#687 = CARTESIAN_POINT ( 'NONE',  ( 111.7844301505944031, 13.99999999999995559, 357.2000000000000455 ) ) ;
#688 = ORIENTED_EDGE ( 'NONE', *, *, #7781, .T. ) ;
#689 = DIRECTION ( 'NONE',  ( 0.6069928224509231196, 0.000000000000000000, -0.7947073130990188750 ) ) ;
#690 = EDGE_LOOP ( 'NONE', ( #3947, #9458, #6390, #1529, #7252, #9564 ) ) ;
#691 = VERTEX_POINT ( 'NONE', #9902 ) ;
#692 = CIRCLE ( 'NONE', #7918, 2.000000000000001776 ) ;
#693 = CARTESIAN_POINT ( 'NONE',  ( -89.99472524344378144, 14.00641019046306468, 328.2004769198414351 ) ) ;
#694 = EDGE_CURVE ( 'NONE', #7582, #1515, #3590, .T. ) ;
#695 = DIRECTION ( 'NONE',  ( 0.000000000000000000, 1.000000000000000000, -0.000000000000000000 ) ) ;
#696 = CARTESIAN_POINT ( 'NONE',  ( 130.0679322514897933, 93.54675837469579847, 276.2889456892135058 ) ) ;
#697 = EDGE_LOOP ( 'NONE', ( #8095, #657, #6280, #1369 ) ) ;
#698 = CIRCLE ( 'NONE', #4727, 147.0000000000000000 ) ;
#699 = EDGE_LOOP ( 'NONE', ( #5681, #5842, #3740, #9782 ) ) ;
#700 = FACE_OUTER_BOUND ( 'NONE', #2164, .T. ) ;
#701 = CARTESIAN_POINT ( 'NONE',  ( 60.58816272573034212, 38.99999999999995737, 354.4169595669463888 ) ) ;
#702 = DIRECTION ( 'NONE',  ( 0.000000000000000000, 1.000000000000000000, 0.000000000000000000 ) ) ;
#703 = ORIENTED_EDGE ( 'NONE', *, *, #5257, .F. ) ;
#704 = AXIS2_PLACEMENT_3D ( 'NONE', #7195, #4160, #7243 ) ;
#705 = EDGE_CURVE ( 'NONE', #1610, #4027, #8167, .T. ) ;
#706 = DIRECTION ( 'NONE',  ( 0.000000000000000000, 0.000000000000000000, 1.000000000000000000 ) ) ;
#707 = ORIENTED_EDGE ( 'NONE', *, *, #6533, .T. ) ;
#708 = CARTESIAN_POINT ( 'NONE',  ( -142.3571441144672463, 93.62321530031545080, 246.9029739386593576 ) ) ;
#709 = DIRECTION ( 'NONE',  ( 0.000000000000000000, 0.000000000000000000, -1.000000000000000000 ) ) ;
#710 = CARTESIAN_POINT ( 'NONE',  ( -89.88761138879748103, 140.9999999999999716, 337.2448612251479858 ) ) ;
#711 = DIRECTION ( 'NONE',  ( -1.000000000000000000, 0.000000000000000000, 0.000000000000000000 ) ) ;
#712 = CARTESIAN_POINT ( 'NONE',  ( -120.7178382359763447, 140.9945597024162680, 308.0627248224676578 ) ) ;
#713 = VECTOR ( 'NONE', #8932, 1000.000000000000000 ) ;
#714 = CARTESIAN_POINT ( 'NONE',  ( -145.9999999999969020, 13.99999999999995737, 244.5153120237268922 ) ) ;
#715 = AXIS2_PLACEMENT_3D ( 'NONE', #6096, #5485, #9276 ) ;
#716 = CARTESIAN_POINT ( 'NONE',  ( 141.1100763446225699, 97.80911744116150430, 245.5619879899042530 ) ) ;
#717 = EDGE_LOOP ( 'NONE', ( #7933, #3599, #5242, #8966 ) ) ;
#718 = DIRECTION ( 'NONE',  ( 0.000000000000000000, -1.000000000000000000, 0.000000000000000000 ) ) ;
#719 = ADVANCED_FACE ( 'NONE', ( #3215 ), #2859, .T. ) ;
#720 = PLANE ( 'NONE',  #8303 ) ;
#721 = VECTOR ( 'NONE', #9555, 1000.000000000000000 ) ;
#722 = CARTESIAN_POINT ( 'NONE',  ( -148.0000000000245848, 98.37148522368045178, 244.5153120237268922 ) ) ;
#723 = CARTESIAN_POINT ( 'NONE',  ( -115.5426391678579847, 140.9999999999999716, 309.3793316430788991 ) ) ;
#724 = DIRECTION ( 'NONE',  ( 1.000000000000000000, 0.000000000000000000, 0.000000000000000000 ) ) ;
#725 = CARTESIAN_POINT ( 'NONE',  ( 79.99999999996879296, 140.9999999999999716, 342.5533658944459603 ) ) ;
#726 = CYLINDRICAL_SURFACE ( 'NONE', #2746, 2.000000000000001776 ) ;
#727 = DIRECTION ( 'NONE',  ( -0.8401823493733310277, -0.5423039920575084549, 0.000000000000000000 ) ) ;
#728 = CARTESIAN_POINT ( 'NONE',  ( 87.21910220580753048, 140.9999999999999716, 335.6016304062166000 ) ) ;
#729 = EDGE_CURVE ( 'NONE', #8059, #5188, #5437, .T. ) ;
#730 = ORIENTED_EDGE ( 'NONE', *, *, #7118, .F. ) ;
#731 = CARTESIAN_POINT ( 'NONE',  ( 93.87172936769897547, 13.99999999999995737, 335.1396633360761825 ) ) ;
#732 = ORIENTED_EDGE ( 'NONE', *, *, #661, .T. ) ;
#733 = CARTESIAN_POINT ( 'NONE',  ( -33.96816890435410130, 13.67718397029128852, 356.3009584079212573 ) ) ;
#734 = CARTESIAN_POINT ( 'NONE',  ( 142.3276934226316541, 92.32795539234612647, 246.9774483352154277 ) ) ;
#735 = EDGE_LOOP ( 'NONE', ( #9960, #6895, #7542, #9532 ) ) ;
#736 = CARTESIAN_POINT ( 'NONE',  ( -79.89116162838784874, 40.32800860999900294, 334.3501624419615723 ) ) ;
#737 = CARTESIAN_POINT ( 'NONE',  ( 73.32342438655545891, 13.99999999999995914, 355.3448779820515142 ) ) ;
#738 = EDGE_CURVE ( 'NONE', #7921, #3651, #5845, .T. ) ;
#739 = DIRECTION ( 'NONE',  ( 7.975740119433571921E-16, 0.000000000000000000, -1.000000000000000000 ) ) ;
#740 = ORIENTED_EDGE ( 'NONE', *, *, #5187, .T. ) ;
#741 = DIRECTION ( 'NONE',  ( 0.000000000000000000, -1.000000000000000000, -0.000000000000000000 ) ) ;
#742 = EDGE_LOOP ( 'NONE', ( #6662, #9035, #9306, #8272 ) ) ;
#743 = CARTESIAN_POINT ( 'NONE',  ( -77.23718361233065366, 38.87376692886827101, 334.9173231919057798 ) ) ;
#744 = DIRECTION ( 'NONE',  ( 0.000000000000000000, 0.000000000000000000, 1.000000000000000000 ) ) ;
#745 = CARTESIAN_POINT ( 'NONE',  ( -4.447245289620111564, 13.34900038631845298, 357.1939037143010296 ) ) ;
#746 = ORIENTED_EDGE ( 'NONE', *, *, #4736, .T. ) ;
#747 = AXIS2_PLACEMENT_3D ( 'NONE', #5808, #8128, #5865 ) ;
#748 = AXIS2_PLACEMENT_3D ( 'NONE', #5051, #9641, #8213 ) ;
#749 = EDGE_CURVE ( 'NONE', #7597, #988, #8907, .T. ) ;
#750 = EDGE_LOOP ( 'NONE', ( #8589, #8638, #7993, #4231, #5490, #2661, #5885, #8164, #869, #6310, #7987, #579, #4751, #7843, #2092, #73 ) ) ;
#751 = DIRECTION ( 'NONE',  ( 0.000000000000000000, -1.000000000000000000, 0.000000000000000000 ) ) ;
#752 = DIRECTION ( 'NONE',  ( 2.042810365310287719E-14, 0.000000000000000000, 1.000000000000000000 ) ) ;
#753 = CARTESIAN_POINT ( 'NONE',  ( 130.5110908175093130, 86.22569396508139050, 275.3816659309263173 ) ) ;
#754 = LINE ( 'NONE', #798, #6013 ) ;
#755 = ORIENTED_EDGE ( 'NONE', *, *, #4729, .T. ) ;
#756 = EDGE_LOOP ( 'NONE', ( #7221, #2992, #8984, #7735 ) ) ;
#757 = CARTESIAN_POINT ( 'NONE',  ( -142.4357227273486899, 91.29340422884686745, 246.7031309789094280 ) ) ;
#758 = CARTESIAN_POINT ( 'NONE',  ( -33.96981562121634113, 13.99999999999995737, 355.2097889366492041 ) ) ;
#759 = CARTESIAN_POINT ( 'NONE',  ( 72.28982900405534906, 12.79713738529811806, 357.0380006464018265 ) ) ;
#760 = TOROIDAL_SURFACE ( 'NONE', #7523, 5.749999999999976907, 2.000000000000000000 ) ;
#761 = EDGE_CURVE ( 'NONE', #4653, #3310, #5389, .T. ) ;
#762 = CARTESIAN_POINT ( 'NONE',  ( 144.3410698873660181, 90.23366358894274697, 271.3747880754172002 ) ) ;
#763 = CARTESIAN_POINT ( 'NONE',  ( 7.070530795397201196, 13.81372136950210283, 357.1110868932884159 ) ) ;
#764 = CARTESIAN_POINT ( 'NONE',  ( -116.0602371292843600, 14.02455749665656271, 301.8884407034788637 ) ) ;
#765 = ORIENTED_EDGE ( 'NONE', *, *, #3466, .T. ) ;
#766 = DIRECTION ( 'NONE',  ( 1.000000000000000000, -0.000000000000000000, -0.000000000000000000 ) ) ;
#767 = DIRECTION ( 'NONE',  ( 0.000000000000000000, 0.000000000000000000, 1.000000000000000000 ) ) ;
#768 = CARTESIAN_POINT ( 'NONE',  ( 33.89684310663438538, 14.01797040589271859, 354.9435528521453875 ) ) ;
#769 = CARTESIAN_POINT ( 'NONE',  ( 33.66408990811153501, 14.58577828736142656, 353.8402225233363083 ) ) ;
#770 = CARTESIAN_POINT ( 'NONE',  ( 80.96202531642488509, 18.49847829689354128, 345.5459802793566269 ) ) ;
#771 = B_SPLINE_CURVE_WITH_KNOTS ( 'NONE', 3,
 ( #2724, #4340, #7317, #415, #5793, #1969, #6608, #6407, #5044, #8111 ),
 .UNSPECIFIED., .F., .F.,
 ( 4, 2, 2, 2, 4 ),
 ( 0.0006114683874161311794, 0.001004515680196071655, 0.001397562972976012022, 0.001790610265755952606, 0.002183657558535893189 ),
 .UNSPECIFIED. ) ;
#772 = EDGE_CURVE ( 'NONE', #907, #5445, #9364, .T. ) ;
#773 = CARTESIAN_POINT ( 'NONE',  ( -33.66408990811194712, 14.58577828736140525, 353.8402225233362515 ) ) ;
#774 = CARTESIAN_POINT ( 'NONE',  ( -113.5535392351732469, 13.99999999999995559, 305.3243767774222306 ) ) ;
#775 = CARTESIAN_POINT ( 'NONE',  ( -90.10339329904581973, 140.9999999999999716, 328.8955984282324607 ) ) ;
#776 = DIRECTION ( 'NONE',  ( 0.000000000000000000, -0.000000000000000000, 1.000000000000000000 ) ) ;
#777 = CARTESIAN_POINT ( 'NONE',  ( -119.0702036534563604, 13.99999999999995737, 309.2422332697763068 ) ) ;
#778 = CARTESIAN_POINT ( 'NONE',  ( 80.03177038148982092, 21.85318027894216897, 346.1066286998798205 ) ) ;
#779 = SPHERICAL_SURFACE ( 'NONE', #1480, 2.000000000000000000 ) ;
#780 = VERTEX_POINT ( 'NONE', #7853 ) ;
#781 = DIRECTION ( 'NONE',  ( -0.5306122448977510508, 3.469446951953636277E-15, -0.8476146798897297163 ) ) ;
#782 = ORIENTED_EDGE ( 'NONE', *, *, #5187, .F. ) ;
#783 = CARTESIAN_POINT ( 'NONE',  ( -79.99999999996916245, 40.99999999999995737, 334.2040982918403529 ) ) ;
#784 = EDGE_CURVE ( 'NONE', #3878, #4379, #1994, .T. ) ;
#785 = FACE_OUTER_BOUND ( 'NONE', #9203, .T. ) ;
#786 = CARTESIAN_POINT ( 'NONE',  ( 81.99999999996879296, 138.9999999999999432, 342.5533658944221997 ) ) ;
#787 = ORIENTED_EDGE ( 'NONE', *, *, #4426, .T. ) ;
#788 = DIRECTION ( 'NONE',  ( 1.021571712433561642E-12, 0.7637941823960053833, -0.6454598724460084425 ) ) ;
#789 = EDGE_LOOP ( 'NONE', ( #5754, #2245, #5959 ) ) ;
#790 = CARTESIAN_POINT ( 'NONE',  ( -231836.5622561928467, 13.99999999999995737, -99415.74149622027471 ) ) ;
#791 = CARTESIAN_POINT ( 'NONE',  ( 140.9853415168058746, 88.04785100917983698, 246.0852364850513254 ) ) ;
#792 = SPHERICAL_SURFACE ( 'NONE', #3485, 2.000000000000000000 ) ;
#793 = EDGE_CURVE ( 'NONE', #3425, #2975, #3884, .T. ) ;
#794 = CARTESIAN_POINT ( 'NONE',  ( -27.70858817598344714, 12.92265989740940491, 356.9938518584179405 ) ) ;
#795 = ORIENTED_EDGE ( 'NONE', *, *, #58, .F. ) ;
#796 = VERTEX_POINT ( 'NONE', #8508 ) ;
#797 = LINE ( 'NONE', #2312, #1052 ) ;
#798 = CARTESIAN_POINT ( 'NONE',  ( -113.9824199850091162, 13.99999999999995737, 304.1640986442904477 ) ) ;
#799 = ORIENTED_EDGE ( 'NONE', *, *, #8290, .T. ) ;
#800 = DIRECTION ( 'NONE',  ( -0.1171433740337897156, 0.000000000000000000, 0.9931150134400242857 ) ) ;
#801 = ORIENTED_EDGE ( 'NONE', *, *, #506, .F. ) ;
#802 = CARTESIAN_POINT ( 'NONE',  ( -142.7547577188985599, 90.07817899680391349, 245.8727352920450073 ) ) ;
#803 = CARTESIAN_POINT ( 'NONE',  ( 79.99999999996879296, 40.99999999999995026, 346.1253523423124534 ) ) ;
#804 = LINE ( 'NONE', #2969, #4609 ) ;
#805 = CARTESIAN_POINT ( 'NONE',  ( 74.33465214617122285, 13.14670171185829517, 360.2801680915976590 ) ) ;
#806 = VECTOR ( 'NONE', #6869, 1000.000000000000000 ) ;
#807 = LINE ( 'NONE', #2419, #9905 ) ;
#808 = VERTEX_POINT ( 'NONE', #7016 ) ;
#809 = DIRECTION ( 'NONE',  ( 0.6069928224509152370, -2.469608044379535240E-17, -0.7947073130990250922 ) ) ;
#810 = CARTESIAN_POINT ( 'NONE',  ( -122.5750880969538201, 13.99999999999995737, 305.4273982154603004 ) ) ;
#811 = VERTEX_POINT ( 'NONE', #4746 ) ;
#812 = AXIS2_PLACEMENT_3D ( 'NONE', #3900, #6982, #8626 ) ;
#813 = ORIENTED_EDGE ( 'NONE', *, *, #5989, .F. ) ;
#814 = CARTESIAN_POINT ( 'NONE',  ( -145.9999999999969305, 140.9999999999999716, 261.1897948556726874 ) ) ;
#815 = ADVANCED_FACE ( 'NONE', ( #218 ), #4789, .F. ) ;
#816 = CARTESIAN_POINT ( 'NONE',  ( -119.0702036534563604, 13.99999999999995737, 309.2422332697763068 ) ) ;
#817 = DIRECTION ( 'NONE',  ( 0.000000000000000000, 0.000000000000000000, -1.000000000000000000 ) ) ;
#818 = ADVANCED_FACE ( 'NONE', ( #3992 ), #5637, .T. ) ;
#819 = PLANE ( 'NONE',  #9957 ) ;
#820 = CARTESIAN_POINT ( 'NONE',  ( 79.06763817361760971, 39.21467211901702399, 333.7487007009939362 ) ) ;
#821 = VECTOR ( 'NONE', #7160, 1000.000000000000000 ) ;
#822 = CARTESIAN_POINT ( 'NONE',  ( -77.99999999996879296, 13.99999999999995737, 349.3669342391178247 ) ) ;
#823 = CARTESIAN_POINT ( 'NONE',  ( 143.4040466960726690, 98.37148522368129022, 244.5153120237232258 ) ) ;
#824 = CARTESIAN_POINT ( 'NONE',  ( 85.65227669939177702, 140.8382537623693622, 330.6975682997605190 ) ) ;
#825 = DIRECTION ( 'NONE',  ( 6.938893903907222067E-15, -1.000000000000000000, 0.000000000000000000 ) ) ;
#826 = LINE ( 'NONE', #731, #834 ) ;
#827 = ORIENTED_EDGE ( 'NONE', *, *, #3793, .T. ) ;
#828 = CARTESIAN_POINT ( 'NONE',  ( -147.4550565649477107, 55.46488845151034042, 263.1216133554666499 ) ) ;
#829 = CARTESIAN_POINT ( 'NONE',  ( 31.15653414736118521, 13.41440740261576359, 356.6140197221303652 ) ) ;
#830 = ADVANCED_FACE ( 'NONE', ( #5745 ), #7167, .T. ) ;
#831 = AXIS2_PLACEMENT_3D ( 'NONE', #2232, #7687, #3902 ) ;
#832 = CARTESIAN_POINT ( 'NONE',  ( -119.1887568811446556, 140.9999999999999716, 309.7194351559082293 ) ) ;
#833 = CARTESIAN_POINT ( 'NONE',  ( 74.95895186863451443, 16.91281810558092857, 356.2801680916041960 ) ) ;
#834 = VECTOR ( 'NONE', #5456, 1000.000000000000000 ) ;
#835 = B_SPLINE_CURVE_WITH_KNOTS ( 'NONE', 3,
 ( #2442, #7693, #3812, #3965, #8528, #832 ),
 .UNSPECIFIED., .F., .F.,
 ( 4, 2, 4 ),
 ( 0.001623121566129071512, 0.001930335691286156827, 0.002237549816443242141 ),
 .UNSPECIFIED. ) ;
#836 = CARTESIAN_POINT ( 'NONE',  ( -2.121648140060570231, 14.63718333483351230, 357.1896054180645592 ) ) ;
#837 = AXIS2_PLACEMENT_3D ( 'NONE', #7488, #8841, #2884 ) ;
#838 = CARTESIAN_POINT ( 'NONE',  ( 29.19527642180831251, 38.29091974489354300, 357.7992227507939447 ) ) ;
#839 = ORIENTED_EDGE ( 'NONE', *, *, #159, .F. ) ;
#840 = DIRECTION ( 'NONE',  ( 0.000000000000000000, 0.000000000000000000, 1.000000000000000000 ) ) ;
#841 = ORIENTED_EDGE ( 'NONE', *, *, #8627, .F. ) ;
#842 = CYLINDRICAL_SURFACE ( 'NONE', #6658, 2.000000000000016431 ) ;
#843 = EDGE_CURVE ( 'NONE', #1161, #6711, #7132, .T. ) ;
#844 = CARTESIAN_POINT ( 'NONE',  ( 78.58111989905948747, 37.35459286335424167, 334.0609080110123159 ) ) ;
#845 = DIRECTION ( 'NONE',  ( -0.6069928224514459236, 5.620383070351132509E-15, -0.7947073130986196388 ) ) ;
#846 = EDGE_LOOP ( 'NONE', ( #2476, #3492, #8190, #3332, #4100 ) ) ;
#847 = VECTOR ( 'NONE', #7678, 1000.000000000000000 ) ;
#848 = AXIS2_PLACEMENT_3D ( 'NONE', #4602, #580, #2223 ) ;
#849 = EDGE_CURVE ( 'NONE', #3819, #98, #5366, .T. ) ;
#850 = CIRCLE ( 'NONE', #1185, 1.999999999999993561 ) ;
#851 = CIRCLE ( 'NONE', #3241, 154.0000000000000000 ) ;
#852 = CARTESIAN_POINT ( 'NONE',  ( 77.26689023736271622, 5.499999999999952927, 359.2000000000001023 ) ) ;
#853 = DIRECTION ( 'NONE',  ( -0.000000000000000000, 1.000000000000000000, -0.000000000000000000 ) ) ;
#854 = ORIENTED_EDGE ( 'NONE', *, *, #1112, .F. ) ;
#855 = DIRECTION ( 'NONE',  ( 3.378674827220644093E-16, -0.000000000000000000, 1.000000000000000000 ) ) ;
#856 = ORIENTED_EDGE ( 'NONE', *, *, #5021, .F. ) ;
#857 = CARTESIAN_POINT ( 'NONE',  ( -139.2261179681310921, 50.78659161589170878, 252.7123507267554032 ) ) ;
#858 = DIRECTION ( 'NONE',  ( 0.000000000000000000, 1.000000000000000000, 0.000000000000000000 ) ) ;
#859 = CARTESIAN_POINT ( 'NONE',  ( 91.01468838057871835, 14.00616300474526454, 336.6213518866477443 ) ) ;
#860 = DIRECTION ( 'NONE',  ( 0.000000000000000000, -1.000000000000000000, 0.000000000000000000 ) ) ;
#861 = AXIS2_PLACEMENT_3D ( 'NONE', #543, #5969, #3619 ) ;
#862 = VECTOR ( 'NONE', #3304, 999.9999999999998863 ) ;
#863 = CARTESIAN_POINT ( 'NONE',  ( 143.2481665412393284, 93.55122410683016199, 273.9739515363112901 ) ) ;
#864 = ORIENTED_EDGE ( 'NONE', *, *, #1754, .T. ) ;
#865 = CARTESIAN_POINT ( 'NONE',  ( 138.9166369349852630, 63.67916701670959867, 253.7598069509041636 ) ) ;
#866 = PLANE ( 'NONE',  #4361 ) ;
#867 = VERTEX_POINT ( 'NONE', #267 ) ;
#868 = CIRCLE ( 'NONE', #9079, 0.6499999999999839240 ) ;
#869 = ORIENTED_EDGE ( 'NONE', *, *, #8295, .F. ) ;
#870 = DIRECTION ( 'NONE',  ( 0.8401823493733311388, 0.5423039920575081219, 0.000000000000000000 ) ) ;
#871 = CARTESIAN_POINT ( 'NONE',  ( 33.27960840118200991, 14.02577255723414673, 355.0261403837503735 ) ) ;
#872 = CARTESIAN_POINT ( 'NONE',  ( 86.64923987557818919, 13.99999999999995737, 330.7704665390616583 ) ) ;
#873 = FACE_OUTER_BOUND ( 'NONE', #4828, .T. ) ;
#874 = AXIS2_PLACEMENT_3D ( 'NONE', #2069, #2915, #3727 ) ;
#875 = AXIS2_PLACEMENT_3D ( 'NONE', #1402, #7647, #2897 ) ;
#876 = CARTESIAN_POINT ( 'NONE',  ( 79.59572410132518883, 39.72937766197266285, 333.4043942363389306 ) ) ;
#877 = DIRECTION ( 'NONE',  ( 0.000000000000000000, 0.000000000000000000, 1.000000000000000000 ) ) ;
#878 = CARTESIAN_POINT ( 'NONE',  ( 141.1719920492622578, 89.61045927380830278, 245.3150265746352829 ) ) ;
#879 = EDGE_CURVE ( 'NONE', #7023, #867, #8574, .T. ) ;
#880 = VECTOR ( 'NONE', #9658, 1000.000000000000000 ) ;
#881 = CARTESIAN_POINT ( 'NONE',  ( -122.3240216452302036, 140.9999999999999716, 306.0269527474412143 ) ) ;
#882 = EDGE_LOOP ( 'NONE', ( #6032, #896, #8652, #1108, #6362, #5395, #9499, #4771, #4222, #6118 ) ) ;
#883 = CARTESIAN_POINT ( 'NONE',  ( 147.4880796370992186, 55.08308829078148960, 263.0260126792331903 ) ) ;
#884 = ORIENTED_EDGE ( 'NONE', *, *, #159, .T. ) ;
#885 = CARTESIAN_POINT ( 'NONE',  ( -142.5471189859038077, 90.74886591774389899, 246.4167108657910603 ) ) ;
#886 = CARTESIAN_POINT ( 'NONE',  ( -34.02590146634430823, 13.99999999999995914, 355.2078290556738125 ) ) ;
#887 = B_SPLINE_CURVE_WITH_KNOTS ( 'NONE', 3,
 ( #6862, #2264, #3065, #3017 ),
 .UNSPECIFIED., .F., .F.,
 ( 4, 4 ),
 ( 0.000000000000000000, 0.002914656965084160001 ),
 .UNSPECIFIED. ) ;
#888 = CARTESIAN_POINT ( 'NONE',  ( 33.98921100076194790, 13.41421356237304963, 356.6142135623729814 ) ) ;
#889 = CARTESIAN_POINT ( 'NONE',  ( -121.9214080791437453, 140.9938369952527353, 306.5372490499980813 ) ) ;
#890 = DIRECTION ( 'NONE',  ( 0.3701888898133480210, 0.000000000000000000, 0.9289565037496431144 ) ) ;
#891 = CARTESIAN_POINT ( 'NONE',  ( 116.6979071127685472, 140.9514614821076179, 300.8576587965912381 ) ) ;
#892 = ADVANCED_FACE ( 'NONE', ( #1065 ), #3573, .T. ) ;
#893 = CARTESIAN_POINT ( 'NONE',  ( 19.59249667864294864, 35.98821543130949152, 359.7451700580480747 ) ) ;
#894 = VERTEX_POINT ( 'NONE', #3103 ) ;
#895 = FACE_OUTER_BOUND ( 'NONE', #882, .T. ) ;
#896 = ORIENTED_EDGE ( 'NONE', *, *, #1288, .T. ) ;
#897 = CARTESIAN_POINT ( 'NONE',  ( -90.10339329913622919, 13.99999999999995737, 328.8955984282598024 ) ) ;
#898 = CARTESIAN_POINT ( 'NONE',  ( 13.99730077549243745, 14.79640682535167073, 356.5789632283136825 ) ) ;
#899 = CARTESIAN_POINT ( 'NONE',  ( -5.871706503430385915, 13.56952176283280487, 357.1672136598126599 ) ) ;
#900 = B_SPLINE_CURVE_WITH_KNOTS ( 'NONE', 3,
 ( #7268, #8870, #5093, #1874, #5749, #5847 ),
 .UNSPECIFIED., .F., .F.,
 ( 4, 2, 4 ),
 ( 0.000000000000000000, 0.5000000000000000000, 1.000000000000000000 ),
 .UNSPECIFIED. ) ;
#901 = EDGE_CURVE ( 'NONE', #5126, #2105, #4577, .T. ) ;
#902 = CARTESIAN_POINT ( 'NONE',  ( 81.99999999996879296, 15.99999999999995914, 347.2555441290919589 ) ) ;
#903 = CARTESIAN_POINT ( 'NONE',  ( 132.2803753483366904, 88.70248687088995609, 271.5878342694011849 ) ) ;
#904 = CARTESIAN_POINT ( 'NONE',  ( -34.05877273185287635, 13.99999999999995737, 355.1999999999999318 ) ) ;
#905 = ORIENTED_EDGE ( 'NONE', *, *, #2148, .T. ) ;
#906 = LINE ( 'NONE', #4785, #6185 ) ;
#907 = VERTEX_POINT ( 'NONE', #897 ) ;
#908 = CARTESIAN_POINT ( 'NONE',  ( -5.646457927665212040, 14.18593349462339859, 357.1242978785663240 ) ) ;
#909 = CARTESIAN_POINT ( 'NONE',  ( -91.01468838058721644, 14.00616300474638543, 336.6213518866592267 ) ) ;
#910 = VECTOR ( 'NONE', #658, 1000.000000000000000 ) ;
#911 = CIRCLE ( 'NONE', #8624, 2.000000000000013323 ) ;
#912 = DIRECTION ( 'NONE',  ( -0.000000000000000000, 1.000000000000000000, -0.000000000000000000 ) ) ;
#913 = EDGE_CURVE ( 'NONE', #4228, #7300, #3921, .T. ) ;
#914 = EDGE_CURVE ( 'NONE', #2622, #4155, #2450, .T. ) ;
#915 = VECTOR ( 'NONE', #3990, 1000.000000000000114 ) ;
#916 = CARTESIAN_POINT ( 'NONE',  ( 143.7018429856202886, 93.01062683391008079, 272.9110291051323429 ) ) ;
#917 = CARTESIAN_POINT ( 'NONE',  ( 140.2190856941902268, 57.95691924081754820, 249.1271984654668472 ) ) ;
#918 = CARTESIAN_POINT ( 'NONE',  ( -1.587676647730349474E-13, 13.38173052416927256, 357.1969402916283798 ) ) ;
#919 = CARTESIAN_POINT ( 'NONE',  ( -77.99999999996879296, 15.99999999999995914, 349.3669342390924726 ) ) ;
#920 = ORIENTED_EDGE ( 'NONE', *, *, #7290, .T. ) ;
#921 = CARTESIAN_POINT ( 'NONE',  ( 136.2605533918852529, 52.61187492826473289, 261.7796242057439144 ) ) ;
#922 = CARTESIAN_POINT ( 'NONE',  ( 1.009719629430382282E-25, 36.99999999999995026, 212.1999999999999602 ) ) ;
#923 = CARTESIAN_POINT ( 'NONE',  ( -113.9824199850091162, 140.9999999999999716, 304.8140986442904250 ) ) ;
#924 = ADVANCED_FACE ( 'NONE', ( #99 ), #842, .T. ) ;
#925 = CARTESIAN_POINT ( 'NONE',  ( -141.1095033770961891, 97.80777853618408813, 245.5644121575231509 ) ) ;
#926 = CARTESIAN_POINT ( 'NONE',  ( 80.64478092301949630, 39.59917647817916730, 332.7049300866679573 ) ) ;
#927 = CARTESIAN_POINT ( 'NONE',  ( 28477.43130670966275, 13.99999999999995737, 241026.2008564928256 ) ) ;
#928 = VECTOR ( 'NONE', #4980, 1000.000000000000114 ) ;
#929 = PLANE ( 'NONE',  #1142 ) ;
#930 = CARTESIAN_POINT ( 'NONE',  ( -77.99999999996879296, 13.99999999999995737, 346.1253523422766989 ) ) ;
#931 = FACE_OUTER_BOUND ( 'NONE', #6445, .T. ) ;
#932 = ORIENTED_EDGE ( 'NONE', *, *, #2085, .F. ) ;
#933 = CARTESIAN_POINT ( 'NONE',  ( 23.06171081957722535, 13.82608575294817754, 356.3624763030306895 ) ) ;
#934 = DIRECTION ( 'NONE',  ( 0.2331850067088546696, 0.9724323897558079244, 0.000000000000000000 ) ) ;
#935 = EDGE_CURVE ( 'NONE', #2917, #225, #9382, .T. ) ;
#936 = DIRECTION ( 'NONE',  ( 0.000000000000000000, 0.000000000000000000, 1.000000000000000000 ) ) ;
#937 = CARTESIAN_POINT ( 'NONE',  ( -86.12827063230193403, 140.9999999999999716, 331.1591708579985607 ) ) ;
#938 = ORIENTED_EDGE ( 'NONE', *, *, #9534, .F. ) ;
#939 = DIRECTION ( 'NONE',  ( 0.000000000000000000, -0.000000000000000000, 1.000000000000000000 ) ) ;
#940 = CARTESIAN_POINT ( 'NONE',  ( 120.1205661178693447, 13.99999999999995737, 302.0181943237741393 ) ) ;
#941 = ORIENTED_EDGE ( 'NONE', *, *, #3330, .F. ) ;
#942 = DIRECTION ( 'NONE',  ( -0.8014911435019074215, 0.000000000000000000, -0.5980066445182735668 ) ) ;
#943 = CARTESIAN_POINT ( 'NONE',  ( 14.07494652413605429, 14.53037242618519365, 356.6227796864502011 ) ) ;
#944 = CARTESIAN_POINT ( 'NONE',  ( -14.06258316851445933, 13.39733699339042516, 357.0392534995566507 ) ) ;
#945 = EDGE_CURVE ( 'NONE', #8, #780, #6135, .T. ) ;
#946 = ORIENTED_EDGE ( 'NONE', *, *, #5677, .F. ) ;
#947 = B_SPLINE_CURVE_WITH_KNOTS ( 'NONE', 3,
 ( #9860, #6113, #2139, #1391, #4508, #3803 ),
 .UNSPECIFIED., .F., .F.,
 ( 4, 2, 4 ),
 ( 0.000000000000000000, 0.5000000000000000000, 1.000000000000000000 ),
 .UNSPECIFIED. ) ;
#948 = ADVANCED_FACE ( 'NONE', ( #5374 ), #4628, .F. ) ;
#949 = CARTESIAN_POINT ( 'NONE',  ( 1.009719629430382282E-25, 13.99999999999995737, 212.1999999999999602 ) ) ;
#950 = CARTESIAN_POINT ( 'NONE',  ( -33.80794842757429564, 14.10461534974446884, 354.5988111884395266 ) ) ;
#951 = VERTEX_POINT ( 'NONE', #1647 ) ;
#952 = DIRECTION ( 'NONE',  ( -0.000000000000000000, 1.000000000000000000, -0.000000000000000000 ) ) ;
#953 = ORIENTED_EDGE ( 'NONE', *, *, #3050, .T. ) ;
#954 = CARTESIAN_POINT ( 'NONE',  ( -2.826611360352648372, 14.09024927322191623, 357.1838179313467663 ) ) ;
#955 = DIRECTION ( 'NONE',  ( -1.000000000000000000, 4.930380657631323784E-32, -7.975740119433572907E-16 ) ) ;
#956 = DIRECTION ( 'NONE',  ( -0.3701888898134161887, -0.000000000000000000, 0.9289565037496160249 ) ) ;
#957 = EDGE_CURVE ( 'NONE', #8706, #2789, #4728, .T. ) ;
#958 = CARTESIAN_POINT ( 'NONE',  ( -143.2460653957176646, 93.55280543078814048, 273.9788251765295968 ) ) ;
#959 = ORIENTED_EDGE ( 'NONE', *, *, #5981, .T. ) ;
#960 = SPHERICAL_SURFACE ( 'NONE', #1829, 2.000000000000000000 ) ;
#961 = CARTESIAN_POINT ( 'NONE',  ( 147.9999999999984084, 57.00000000000000711, 249.0787997811547143 ) ) ;
#962 = DIRECTION ( 'NONE',  ( 0.000000000000000000, -1.000000000000000000, 1.265654248072678456E-11 ) ) ;
#963 = ORIENTED_EDGE ( 'NONE', *, *, #761, .T. ) ;
#964 = VERTEX_POINT ( 'NONE', #148 ) ;
#965 = CARTESIAN_POINT ( 'NONE',  ( 135.7054022982014772, 57.00000000000000711, 263.2787997811547029 ) ) ;
#966 = DIRECTION ( 'NONE',  ( -0.5064935064933127062, 0.000000000000000000, -0.8622437752051960169 ) ) ;
#967 = DIRECTION ( 'NONE',  ( 0.000000000000000000, 0.000000000000000000, 1.000000000000000000 ) ) ;
#968 = EDGE_CURVE ( 'NONE', #8238, #9673, #6283, .T. ) ;
#969 = CARTESIAN_POINT ( 'NONE',  ( -140.9206202524826494, 97.27608464272059052, 246.3531602707688251 ) ) ;
#970 = CARTESIAN_POINT ( 'NONE',  ( 80.88435374146581580, 40.99999999999994316, 332.5441785871897196 ) ) ;
#971 = DIRECTION ( 'NONE',  ( -0.000000000000000000, 1.000000000000000000, -0.000000000000000000 ) ) ;
#972 = AXIS2_PLACEMENT_3D ( 'NONE', #2657, #4320, #6430 ) ;
#973 = ADVANCED_FACE ( 'NONE', ( #6847 ), #3049, .F. ) ;
#974 = DIRECTION ( 'NONE',  ( 0.000000000000000000, 0.000000000000000000, 1.000000000000000000 ) ) ;
#975 = DIRECTION ( 'NONE',  ( -0.000000000000000000, -1.000000000000000000, -0.000000000000000000 ) ) ;
#976 = VERTEX_POINT ( 'NONE', #2999 ) ;
#977 = CARTESIAN_POINT ( 'NONE',  ( -23.67660544364498421, 13.85784547472865214, 356.2849174899722016 ) ) ;
#978 = CARTESIAN_POINT ( 'NONE',  ( 7.823200081367685854, 14.19985427695803004, 357.0503451829179085 ) ) ;
#979 = CARTESIAN_POINT ( 'NONE',  ( -88.98531161943931522, 140.9948977471786122, 329.0274823074498727 ) ) ;
#980 = DIRECTION ( 'NONE',  ( -1.000000000000000000, 0.000000000000000000, -7.975740119433571921E-16 ) ) ;
#981 = AXIS2_PLACEMENT_3D ( 'NONE', #3889, #2472, #9229 ) ;
#982 = CARTESIAN_POINT ( 'NONE',  ( 80.69935200940780362, 37.35440818523390760, 345.7053923959194890 ) ) ;
#983 = DIRECTION ( 'NONE',  ( -0.000000000000000000, 1.000000000000000000, -0.000000000000000000 ) ) ;
#984 = VERTEX_POINT ( 'NONE', #6079 ) ;
#985 = DIRECTION ( 'NONE',  ( 0.000000000000000000, 1.000000000000000000, 0.000000000000000000 ) ) ;
#986 = CARTESIAN_POINT ( 'NONE',  ( -115.5886033796415262, 140.9942077594311343, 302.7783265880286763 ) ) ;
#987 = AXIS2_PLACEMENT_3D ( 'NONE', #5371, #3149, #9256 ) ;
#988 = VERTEX_POINT ( 'NONE', #2302 ) ;
#989 = LINE ( 'NONE', #4219, #5520 ) ;
#990 = CARTESIAN_POINT ( 'NONE',  ( 4.617994530567943734, 14.43337151432546861, 357.1443481639258266 ) ) ;
#991 = CARTESIAN_POINT ( 'NONE',  ( 79.83802356563965930, 40.19803147776364938, 342.7566897480172656 ) ) ;
#992 = CARTESIAN_POINT ( 'NONE',  ( -72.39553173148638621, 12.64443131788041264, 357.0978522087008287 ) ) ;
#993 = VERTEX_POINT ( 'NONE', #8448 ) ;
#994 = CIRCLE ( 'NONE', #2613, 7.099999999999995204 ) ;
#995 = AXIS2_PLACEMENT_3D ( 'NONE', #1438, #9919, #6879 ) ;
#996 = ORIENTED_EDGE ( 'NONE', *, *, #7107, .T. ) ;
#997 = CYLINDRICAL_SURFACE ( 'NONE', #4053, 0.6499999999999839240 ) ;
#998 = EDGE_CURVE ( 'NONE', #9151, #7072, #7702, .T. ) ;
#999 = CARTESIAN_POINT ( 'NONE',  ( 146.0000000000150351, 87.15493271257436447, 242.5153120237258690 ) ) ;
#1000 = ORIENTED_EDGE ( 'NONE', *, *, #4644, .F. ) ;
#1001 = CARTESIAN_POINT ( 'NONE',  ( 142.3271927863366955, 93.18622970010196127, 246.9787101452986349 ) ) ;
#1002 = CIRCLE ( 'NONE', #3088, 0.6499999999999839240 ) ;
#1003 = EDGE_LOOP ( 'NONE', ( #4698, #884, #4442, #1748, #7890, #3638, #3347, #7407, #505, #4977, #5271, #8007, #5397, #755, #2253 ) ) ;
#1004 = DIRECTION ( 'NONE',  ( 0.000000000000000000, 1.000000000000000000, 0.000000000000000000 ) ) ;
#1005 = ORIENTED_EDGE ( 'NONE', *, *, #2582, .T. ) ;
#1006 = DIRECTION ( 'NONE',  ( 0.000000000000000000, 0.000000000000000000, -1.000000000000000000 ) ) ;
#1007 = B_SPLINE_CURVE_WITH_KNOTS ( 'NONE', 3,
 ( #1279, #8886, #1985, #2694 ),
 .UNSPECIFIED., .F., .F.,
 ( 4, 4 ),
 ( 0.000000000000000000, 0.002914656965084224186 ),
 .UNSPECIFIED. ) ;
#1008 = DIRECTION ( 'NONE',  ( 1.000000000000000000, 0.000000000000000000, 0.000000000000000000 ) ) ;
#1009 = AXIS2_PLACEMENT_3D ( 'NONE', #9852, #766, #3842 ) ;
#1010 = CARTESIAN_POINT ( 'NONE',  ( 145.9999999999984936, 140.9999999999999716, 261.1897948556680831 ) ) ;
#1011 = CARTESIAN_POINT ( 'NONE',  ( 140.7531871820250728, 88.89932004090347561, 247.0365140988656094 ) ) ;
#1012 = ORIENTED_EDGE ( 'NONE', *, *, #2443, .F. ) ;
#1013 = EDGE_CURVE ( 'NONE', #6143, #2099, #6947, .T. ) ;
#1014 = CARTESIAN_POINT ( 'NONE',  ( 137.7923924097958093, 64.00675607766530106, 257.3476556081025137 ) ) ;
#1015 = CARTESIAN_POINT ( 'NONE',  ( 4.447245289619790931, 13.34900038631847607, 357.1939037143000064 ) ) ;
#1016 = DIRECTION ( 'NONE',  ( -0.000000000000000000, 1.000000000000000000, -0.000000000000000000 ) ) ;
#1017 = EDGE_LOOP ( 'NONE', ( #9426, #153, #3437, #5880 ) ) ;
#1018 = CARTESIAN_POINT ( 'NONE',  ( 79.97824402790548959, 19.39717621524845015, 346.9924735410160110 ) ) ;
#1019 = ORIENTED_EDGE ( 'NONE', *, *, #7211, .F. ) ;
#1020 = CARTESIAN_POINT ( 'NONE',  ( 135.9506104669226261, 54.00946715650388796, 262.6226265073890431 ) ) ;
#1021 = CARTESIAN_POINT ( 'NONE',  ( -62.12338168795154303, 38.93962640654369523, 355.2967695220722248 ) ) ;
#1022 = AXIS2_PLACEMENT_3D ( 'NONE', #2750, #2849, #5926 ) ;
#1023 = CARTESIAN_POINT ( 'NONE',  ( -148.0000000000245848, 98.37148522368045178, 242.5153120237268922 ) ) ;
#1024 = DIRECTION ( 'NONE',  ( -1.000000000000000000, -1.040834085586041027E-14, 8.795781004952416830E-15 ) ) ;
#1025 = CARTESIAN_POINT ( 'NONE',  ( -73.07140106647158007, 11.99999999999995737, 357.1999999999999318 ) ) ;
#1026 = B_SPLINE_CURVE_WITH_KNOTS ( 'NONE', 3,
 ( #7084, #87, #2392, #8524, #7784, #883, #2489, #4805, #2646, #5010 ),
 .UNSPECIFIED., .F., .F.,
 ( 4, 2, 2, 2, 4 ),
 ( 0.0004973025897900766167, 0.001656595410925564265, 0.002815888232061051696, 0.003975181053196539561, 0.005134473874332027427 ),
 .UNSPECIFIED. ) ;
#1027 = CARTESIAN_POINT ( 'NONE',  ( 81.99999999996879296, 140.9999999999999716, 342.5533658944221997 ) ) ;
#1028 = VECTOR ( 'NONE', #6588, 1000.000000000000114 ) ;
#1029 = CARTESIAN_POINT ( 'NONE',  ( -11.24382536149158263, 15.99999999999995914, 356.7702689059630643 ) ) ;
#1030 = EDGE_CURVE ( 'NONE', #7150, #3023, #6508, .T. ) ;
#1031 = CARTESIAN_POINT ( 'NONE',  ( 142.2224137173691645, 86.40528280070617484, 276.3002633950811173 ) ) ;
#1032 = CARTESIAN_POINT ( 'NONE',  ( 80.88435374146581580, 140.9999999999999716, 332.5441785871897196 ) ) ;
#1033 = CARTESIAN_POINT ( 'NONE',  ( 0.000000000000000000, 140.9999999999999716, 212.1999999999999602 ) ) ;
#1034 = ORIENTED_EDGE ( 'NONE', *, *, #18, .F. ) ;
#1035 = CARTESIAN_POINT ( 'NONE',  ( -20.53273052648577135, 13.63275250198733168, 356.6836602004430574 ) ) ;
#1036 = CIRCLE ( 'NONE', #2315, 2.000000000000001776 ) ;
#1037 = CARTESIAN_POINT ( 'NONE',  ( 31.98005439026966457, 13.76120625397934916, 356.1450389285002416 ) ) ;
#1038 = CARTESIAN_POINT ( 'NONE',  ( 111.7844301505943889, 5.499999999999952927, 384.8913526958626221 ) ) ;
#1039 = AXIS2_PLACEMENT_3D ( 'NONE', #3822, #6133, #3977 ) ;
#1040 = LINE ( 'NONE', #8134, #721 ) ;
#1041 = AXIS2_PLACEMENT_3D ( 'NONE', #1401, #2295, #7543 ) ;
#1042 = EDGE_CURVE ( 'NONE', #4126, #5433, #9887, .T. ) ;
#1043 = CARTESIAN_POINT ( 'NONE',  ( -131.1786492482749509, 86.39419913017681552, 273.9836672653594292 ) ) ;
#1044 = ORIENTED_EDGE ( 'NONE', *, *, #3273, .T. ) ;
#1045 = CARTESIAN_POINT ( 'NONE',  ( -80.96202531642475719, 18.82730821123203313, 345.5459802793567974 ) ) ;
#1046 = DIRECTION ( 'NONE',  ( 0.000000000000000000, 0.000000000000000000, 1.000000000000000000 ) ) ;
#1047 = ORIENTED_EDGE ( 'NONE', *, *, #8685, .F. ) ;
#1048 = CARTESIAN_POINT ( 'NONE',  ( -122.9679436572654225, 14.07853513597806305, 305.8550030637944133 ) ) ;
#1049 = CARTESIAN_POINT ( 'NONE',  ( 1.275691506623033211, 15.65872649004238681, 357.1999999999999886 ) ) ;
#1050 = CARTESIAN_POINT ( 'NONE',  ( 82.91389033382888840, 39.88210266076112731, 344.3411813744697838 ) ) ;
#1051 = CARTESIAN_POINT ( 'NONE',  ( -72.11869933997952842, 13.32165350212197374, 356.7067736226242118 ) ) ;
#1052 = VECTOR ( 'NONE', #4586, 1000.000000000000000 ) ;
#1053 = ORIENTED_EDGE ( 'NONE', *, *, #5302, .T. ) ;
#1054 = EDGE_CURVE ( 'NONE', #9004, #3060, #2468, .T. ) ;
#1055 = AXIS2_PLACEMENT_3D ( 'NONE', #7913, #6417, #7184 ) ;
#1056 = EDGE_LOOP ( 'NONE', ( #3471, #2290, #2026, #7458 ) ) ;
#1057 = DIRECTION ( 'NONE',  ( 0.000000000000000000, 0.000000000000000000, 1.000000000000000000 ) ) ;
#1058 = LINE ( 'NONE', #6295, #9558 ) ;
#1059 = ORIENTED_EDGE ( 'NONE', *, *, #2266, .T. ) ;
#1060 = CARTESIAN_POINT ( 'NONE',  ( 140.3907683946505358, 93.41184075723103319, 248.4689303225485730 ) ) ;
#1061 = ORIENTED_EDGE ( 'NONE', *, *, #7869, .F. ) ;
#1062 = CARTESIAN_POINT ( 'NONE',  ( -33.67317059803753665, 14.52769359475490596, 353.8977676915749839 ) ) ;
#1063 = VERTEX_POINT ( 'NONE', #8851 ) ;
#1064 = CARTESIAN_POINT ( 'NONE',  ( -122.0833988668251067, 13.99999999999995737, 305.4231310200145231 ) ) ;
#1065 = FACE_OUTER_BOUND ( 'NONE', #1056, .T. ) ;
#1066 = EDGE_CURVE ( 'NONE', #6401, #5308, #4023, .T. ) ;
#1067 = EDGE_CURVE ( 'NONE', #6213, #1612, #235, .T. ) ;
#1068 = CARTESIAN_POINT ( 'NONE',  ( -141.1317411293832436, 91.23167701263517415, 278.6668654112536387 ) ) ;
#1069 = ORIENTED_EDGE ( 'NONE', *, *, #1949, .T. ) ;
#1070 = CARTESIAN_POINT ( 'NONE',  ( -94.53019833624075829, 140.8995671480510055, 334.5712880628158246 ) ) ;
#1071 = CIRCLE ( 'NONE', #1552, 0.6499999999999839240 ) ;
#1072 = CARTESIAN_POINT ( 'NONE',  ( 14.06258316851402412, 13.39733699339068806, 357.0392534995536380 ) ) ;
#1073 = FACE_OUTER_BOUND ( 'NONE', #9680, .T. ) ;
#1074 = ORIENTED_EDGE ( 'NONE', *, *, #1470, .T. ) ;
#1075 = CARTESIAN_POINT ( 'NONE',  ( 147.9999999999983800, 15.99999999999995914, 242.5153120237268922 ) ) ;
#1076 = ORIENTED_EDGE ( 'NONE', *, *, #7183, .T. ) ;
#1077 = CARTESIAN_POINT ( 'NONE',  ( 137.0009194152534064, 50.82772374113102387, 259.6951957287201367 ) ) ;
#1078 = DIRECTION ( 'NONE',  ( 0.2198320545831729533, -0.000000000000000000, 0.9755377326263403592 ) ) ;
#1079 = DIRECTION ( 'NONE',  ( -0.9540844266321795164, -0.2287852459140116979, 0.1933396444343756793 ) ) ;
#1080 =( BOUNDED_CURVE ( )  B_SPLINE_CURVE ( 3, ( #9176, #9032, #6871, #670 ),
 .UNSPECIFIED., .F., .T. ) 
 B_SPLINE_CURVE_WITH_KNOTS ( ( 4, 4 ),
 ( 6.083248576146751851, 6.283185307179586232 ),
 .UNSPECIFIED. ) 
 CURVE ( )  GEOMETRIC_REPRESENTATION_ITEM ( )  RATIONAL_B_SPLINE_CURVE ( ( 1.000000000000000000, 0.9966715486391564127, 0.9966715486391564127, 1.000000000000000000 ) ) 
 REPRESENTATION_ITEM ( '' )  );
#1081 = CARTESIAN_POINT ( 'NONE',  ( -1.140530837077991088E-13, 11.99999999999995737, 355.1999999999999318 ) ) ;
#1082 = B_SPLINE_CURVE_WITH_KNOTS ( 'NONE', 3,
 ( #2876, #9027, #2122, #5203 ),
 .UNSPECIFIED., .F., .F.,
 ( 4, 4 ),
 ( 0.000000000000000000, 0.002914656965084416306 ),
 .UNSPECIFIED. ) ;
#1083 = EDGE_CURVE ( 'NONE', #8563, #4876, #9759, .T. ) ;
#1084 = CARTESIAN_POINT ( 'NONE',  ( 90.09199548601698382, 140.9999999999999716, 328.3569298378167787 ) ) ;
#1085 = FACE_OUTER_BOUND ( 'NONE', #2647, .T. ) ;
#1086 = CARTESIAN_POINT ( 'NONE',  ( -1.406131330131225488, 15.99999999999995914, 357.1999999999999886 ) ) ;
#1087 = CARTESIAN_POINT ( 'NONE',  ( 143.7838670579366465, 87.08936898751782962, 272.7164165252307839 ) ) ;
#1088 = DIRECTION ( 'NONE',  ( -1.000000000000000000, 0.000000000000000000, -1.460819769243638766E-15 ) ) ;
#1089 = CARTESIAN_POINT ( 'NONE',  ( -86.20441382542384190, 13.99999999999995737, 331.8046956167345911 ) ) ;
#1090 = CIRCLE ( 'NONE', #6722, 0.6499999999999839240 ) ;
#1091 = EDGE_LOOP ( 'NONE', ( #8930, #6888, #9942 ) ) ;
#1092 = CARTESIAN_POINT ( 'NONE',  ( -142.7489404465749203, 90.09326099326338522, 245.8881734282543050 ) ) ;
#1093 = CARTESIAN_POINT ( 'NONE',  ( 10.49357548686294095, 14.00482684387933396, 356.9641284052892161 ) ) ;
#1094 = FACE_OUTER_BOUND ( 'NONE', #297, .T. ) ;
#1095 = EDGE_CURVE ( 'NONE', #6175, #4379, #989, .T. ) ;
#1096 = FACE_OUTER_BOUND ( 'NONE', #7648, .T. ) ;
#1097 = VECTOR ( 'NONE', #2652, 1000.000000000000000 ) ;
#1098 = CARTESIAN_POINT ( 'NONE',  ( -135.7054022982014772, 57.00000000000000711, 263.2787997811547029 ) ) ;
#1099 = ORIENTED_EDGE ( 'NONE', *, *, #3153, .F. ) ;
#1100 = CARTESIAN_POINT ( 'NONE',  ( 1.009719629430382282E-25, 140.9999999999999716, 212.1999999999999602 ) ) ;
#1101 = DIRECTION ( 'NONE',  ( 1.000000000000000000, -0.000000000000000000, -0.000000000000000000 ) ) ;
#1102 = CARTESIAN_POINT ( 'NONE',  ( 115.5426391678579847, 13.99999999999995737, 308.7293316430789218 ) ) ;
#1103 = ORIENTED_EDGE ( 'NONE', *, *, #7564, .T. ) ;
#1104 = CARTESIAN_POINT ( 'NONE',  ( -122.6161921533638832, 14.15030701529043355, 306.6269886438477101 ) ) ;
#1105 = CARTESIAN_POINT ( 'NONE',  ( 12.33476223025447993, 14.93502353230560153, 356.7267453265587847 ) ) ;
#1106 = CARTESIAN_POINT ( 'NONE',  ( -22.70584848790198151, 11.99999999999995914, 357.1999999999999886 ) ) ;
#1107 = CARTESIAN_POINT ( 'NONE',  ( -119.7134399979682371, 14.08437241643335014, 309.9857586946546917 ) ) ;
#1108 = ORIENTED_EDGE ( 'NONE', *, *, #2509, .F. ) ;
#1109 = EDGE_CURVE ( 'NONE', #2602, #7785, #3007, .T. ) ;
#1110 = ORIENTED_EDGE ( 'NONE', *, *, #2944, .F. ) ;
#1111 = LINE ( 'NONE', #3420, #2598 ) ;
#1112 = EDGE_CURVE ( 'NONE', #6646, #5775, #2533, .T. ) ;
#1113 = CARTESIAN_POINT ( 'NONE',  ( -78.86236249113278518, 39.18159986305609266, 343.9581603607193756 ) ) ;
#1114 = ORIENTED_EDGE ( 'NONE', *, *, #6049, .T. ) ;
#1115 = CARTESIAN_POINT ( 'NONE',  ( 140.9397653600640012, 94.96258520162453465, 246.3005062967852439 ) ) ;
#1116 = ORIENTED_EDGE ( 'NONE', *, *, #5275, .T. ) ;
#1117 = CARTESIAN_POINT ( 'NONE',  ( -147.9999999999969020, 138.9999999999999432, 261.1897948556726874 ) ) ;
#1118 = DIRECTION ( 'NONE',  ( 0.6069928224514556936, -2.405636893479589977E-17, 0.7947073130986123113 ) ) ;
#1119 = DIRECTION ( 'NONE',  ( 0.000000000000000000, 0.000000000000000000, 1.000000000000000000 ) ) ;
#1120 = ORIENTED_EDGE ( 'NONE', *, *, #5111, .F. ) ;
#1121 = CARTESIAN_POINT ( 'NONE',  ( -94.26941706898760742, 140.9999999999999716, 333.9755189086594100 ) ) ;
#1122 = CARTESIAN_POINT ( 'NONE',  ( 28.38231060987709498, 11.99999999999995737, 357.1999999999999886 ) ) ;
#1123 = CARTESIAN_POINT ( 'NONE',  ( 145.9999999999983800, 87.15493271257436447, 244.5153120237232258 ) ) ;
#1124 = VERTEX_POINT ( 'NONE', #9717 ) ;
#1125 = DIRECTION ( 'NONE',  ( 0.000000000000000000, -1.000000000000000000, 0.000000000000000000 ) ) ;
#1126 = ORIENTED_EDGE ( 'NONE', *, *, #6366, .T. ) ;
#1127 = CARTESIAN_POINT ( 'NONE',  ( 140.1815822452062719, 55.34962472276617973, 249.2692108898391723 ) ) ;
#1128 = LINE ( 'NONE', #7180, #3102 ) ;
#1129 = DIRECTION ( 'NONE',  ( 0.2331850067088489797, -0.9724323897558092566, 0.000000000000000000 ) ) ;
#1130 = CARTESIAN_POINT ( 'NONE',  ( -113.9824199850091162, 13.99999999999995737, 304.8140986442904250 ) ) ;
#1131 = CARTESIAN_POINT ( 'NONE',  ( 90.05194589926395565, 140.9999999999999716, 328.2737019416588851 ) ) ;
#1132 = CARTESIAN_POINT ( 'NONE',  ( -155083.2021446296130, 13.99999999999995737, 389166.7397409625119 ) ) ;
#1133 = CARTESIAN_POINT ( 'NONE',  ( -7.054222968591767895, 14.23735817717541963, 357.0775320800827330 ) ) ;
#1134 = CARTESIAN_POINT ( 'NONE',  ( 93.87172936769563591, 140.8806638096949939, 335.1396633360761825 ) ) ;
#1135 = ADVANCED_FACE ( 'NONE', ( #2190 ), #8239, .F. ) ;
#1136 = DIRECTION ( 'NONE',  ( 0.000000000000000000, 0.000000000000000000, -1.000000000000000000 ) ) ;
#1137 = ORIENTED_EDGE ( 'NONE', *, *, #5723, .F. ) ;
#1138 = CARTESIAN_POINT ( 'NONE',  ( -30.70215335873964335, 13.86346470147391585, 355.9514675667612096 ) ) ;
#1139 = CARTESIAN_POINT ( 'NONE',  ( 15.34834039164644004, 14.05565762511336203, 356.6816302616979897 ) ) ;
#1140 = CARTESIAN_POINT ( 'NONE',  ( -120.1160535641386389, 14.00616300474721143, 308.8254623921638995 ) ) ;
#1141 = PLANE ( 'NONE',  #2163 ) ;
#1142 = AXIS2_PLACEMENT_3D ( 'NONE', #3956, #7134, #776 ) ;
#1143 = DIRECTION ( 'NONE',  ( 1.000000000000000000, -0.000000000000000000, -0.000000000000000000 ) ) ;
#1144 = CARTESIAN_POINT ( 'NONE',  ( -132.3153012073380808, 88.94351719602498463, 271.5099024846914517 ) ) ;
#1145 = DIRECTION ( 'NONE',  ( -0.8401823493733310277, -0.5423039920575084549, 0.000000000000000000 ) ) ;
#1146 = CARTESIAN_POINT ( 'NONE',  ( 80.09700908426891885, 19.62914295707522072, 346.0704033595932856 ) ) ;
#1147 = EDGE_CURVE ( 'NONE', #4762, #3651, #1446, .T. ) ;
#1148 = FACE_OUTER_BOUND ( 'NONE', #7346, .T. ) ;
#1149 = ORIENTED_EDGE ( 'NONE', *, *, #3181, .F. ) ;
#1150 = CARTESIAN_POINT ( 'NONE',  ( -122.5750880969538201, 13.99999999999995737, 305.4273982154603004 ) ) ;
#1151 = VECTOR ( 'NONE', #8067, 1000.000000000000000 ) ;
#1152 = CARTESIAN_POINT ( 'NONE',  ( 79.99999999996879296, 40.85636574061955173, 342.5533658967823385 ) ) ;
#1153 = FACE_OUTER_BOUND ( 'NONE', #7837, .T. ) ;
#1154 = ORIENTED_EDGE ( 'NONE', *, *, #1954, .T. ) ;
#1155 = VECTOR ( 'NONE', #7049, 1000.000000000000000 ) ;
#1156 = ORIENTED_EDGE ( 'NONE', *, *, #1708, .F. ) ;
#1157 = CARTESIAN_POINT ( 'NONE',  ( -79.45180096815546733, 39.61834899498501272, 343.2368530498359860 ) ) ;
#1158 = EDGE_CURVE ( 'NONE', #8390, #8353, #8910, .T. ) ;
#1159 = VERTEX_POINT ( 'NONE', #8955 ) ;
#1160 = CARTESIAN_POINT ( 'NONE',  ( 140.8067779914188407, 96.85712919659027875, 246.8195244487500020 ) ) ;
#1161 = VERTEX_POINT ( 'NONE', #5266 ) ;
#1162 = CARTESIAN_POINT ( 'NONE',  ( -33.70633101977459489, 14.37015411730390824, 354.0933773918508791 ) ) ;
#1163 = DIRECTION ( 'NONE',  ( -0.000000000000000000, 1.000000000000000000, -0.000000000000000000 ) ) ;
#1164 = CARTESIAN_POINT ( 'NONE',  ( -79.42140037711718037, 37.88028121320443375, 333.5148462519690611 ) ) ;
#1165 = VECTOR ( 'NONE', #6690, 1000.000000000000000 ) ;
#1166 = ADVANCED_FACE ( 'NONE', ( #5168 ), #3705, .T. ) ;
#1167 = ORIENTED_EDGE ( 'NONE', *, *, #5367, .F. ) ;
#1168 = AXIS2_PLACEMENT_3D ( 'NONE', #5687, #7537, #3703 ) ;
#1169 = VECTOR ( 'NONE', #6115, 1000.000000000000114 ) ;
#1170 = CARTESIAN_POINT ( 'NONE',  ( -147.9610609580551284, 52.44260831882223073, 261.6324401083705880 ) ) ;
#1171 = CARTESIAN_POINT ( 'NONE',  ( 11.31765975372622890, 13.71090266881897435, 357.0036314914559625 ) ) ;
#1172 = CARTESIAN_POINT ( 'NONE',  ( -33.98921100076227475, 13.41421356237304607, 356.6142135623730383 ) ) ;
#1173 = ORIENTED_EDGE ( 'NONE', *, *, #2256, .T. ) ;
#1174 = CYLINDRICAL_SURFACE ( 'NONE', #7940, 2.000000000000001776 ) ;
#1175 = ORIENTED_EDGE ( 'NONE', *, *, #5638, .F. ) ;
#1176 = CARTESIAN_POINT ( 'NONE',  ( -137.0013926390883796, 50.81505758149749141, 259.6950654848170643 ) ) ;
#1177 = CARTESIAN_POINT ( 'NONE',  ( 86.32831419755464708, 14.06773494251493517, 330.5326191299893708 ) ) ;
#1178 = CYLINDRICAL_SURFACE ( 'NONE', #9721, 3.749999999999975575 ) ;
#1179 = CYLINDRICAL_SURFACE ( 'NONE', #6231, 2.000000000000001776 ) ;
#1180 = VECTOR ( 'NONE', #230, 1000.000000000000000 ) ;
#1181 = VECTOR ( 'NONE', #6112, 1000.000000000000000 ) ;
#1182 = CARTESIAN_POINT ( 'NONE',  ( 88.85109959843998695, 140.9207958520869113, 328.6041981159849001 ) ) ;
#1183 = CARTESIAN_POINT ( 'NONE',  ( -59.17157287522525877, 5.500000000000002665, 382.8913526958624516 ) ) ;
#1184 = DIRECTION ( 'NONE',  ( -0.000000000000000000, 1.000000000000000000, -0.000000000000000000 ) ) ;
#1185 = AXIS2_PLACEMENT_3D ( 'NONE', #1774, #5651, #1227 ) ;
#1186 = DIRECTION ( 'NONE',  ( 1.000000000000000000, 0.000000000000000000, 0.000000000000000000 ) ) ;
#1187 = VERTEX_POINT ( 'NONE', #7443 ) ;
#1188 = FACE_OUTER_BOUND ( 'NONE', #6665, .T. ) ;
#1189 = CARTESIAN_POINT ( 'NONE',  ( 23.53519042734023259, 14.31692852650863657, 355.8057346465972159 ) ) ;
#1190 = CARTESIAN_POINT ( 'NONE',  ( -115.5426391678579847, 13.99999999999995737, 308.7293316430789218 ) ) ;
#1191 = VECTOR ( 'NONE', #7253, 1000.000000000000000 ) ;
#1192 = EDGE_CURVE ( 'NONE', #1861, #172, #8140, .T. ) ;
#1193 = PLANE ( 'NONE',  #5071 ) ;
#1194 =( BOUNDED_SURFACE ( )  B_SPLINE_SURFACE ( 3, 2, ( 
 ( #2398, #6233, #8488 ),
 ( #8588, #7742, #6279 ),
 ( #893, #1643, #1598 ),
 ( #838, #3970, #7795 ) ),
 .UNSPECIFIED., .F., .F., .T. ) 
 B_SPLINE_SURFACE_WITH_KNOTS ( ( 4, 4 ),
 ( 3, 3 ),
 ( 0.000000000000000000, 0.1999367310328345748 ),
 ( 0.000000000000000000, 1.000000000000000000 ),
 .UNSPECIFIED. ) 
 GEOMETRIC_REPRESENTATION_ITEM ( )  RATIONAL_B_SPLINE_SURFACE ( (
 ( 1.000000000000000000, 0.3436610376553069779, 1.000000000000000000),
 ( 1.000000000000000000, 0.3436470343142254413, 1.000000000000000000),
 ( 1.000000000000000000, 0.3474155025042642286, 1.000000000000000000),
 ( 1.000000000000000000, 0.3545569421073729854, 1.000000000000000000) ) ) 
 REPRESENTATION_ITEM ( '' )  SURFACE ( )  );
#1195 = CARTESIAN_POINT ( 'NONE',  ( 74.95895186863451443, 16.91281810558094278, 356.2801680916041960 ) ) ;
#1196 = CYLINDRICAL_SURFACE ( 'NONE', #972, 7.099999999999995204 ) ;
#1197 = AXIS2_PLACEMENT_3D ( 'NONE', #1804, #7258, #9356 ) ;
#1198 = CARTESIAN_POINT ( 'NONE',  ( 59.17157287522111631, 3.499999999999952927, 382.8913526958626221 ) ) ;
#1199 = CARTESIAN_POINT ( 'NONE',  ( 114.1267847556048167, 140.9563730364692731, 304.1640986442904477 ) ) ;
#1200 = EDGE_LOOP ( 'NONE', ( #8289, #787, #7442, #2592 ) ) ;
#1201 = CIRCLE ( 'NONE', #7475, 0.6499999999999839240 ) ;
#1202 = CYLINDRICAL_SURFACE ( 'NONE', #1022, 2.000000000000049294 ) ;
#1203 = CARTESIAN_POINT ( 'NONE',  ( 80.08601351702220938, 41.03135700935036567, 346.1155300993470973 ) ) ;
#1204 = CARTESIAN_POINT ( 'NONE',  ( 147.4006655782689563, 57.00000000000005684, 263.2787997811549872 ) ) ;
#1205 = EDGE_CURVE ( 'NONE', #4690, #4189, #6787, .T. ) ;
#1206 = CIRCLE ( 'NONE', #5068, 1.999999999999991784 ) ;
#1207 = ORIENTED_EDGE ( 'NONE', *, *, #2692, .F. ) ;
#1208 = CARTESIAN_POINT ( 'NONE',  ( -78.83321105131518891, 39.17761669691017090, 343.9927689241467874 ) ) ;
#1209 = CARTESIAN_POINT ( 'NONE',  ( 143.3340831547465086, 89.15144497538618396, 244.2764890415288903 ) ) ;
#1210 = ORIENTED_EDGE ( 'NONE', *, *, #2443, .T. ) ;
#1211 = CARTESIAN_POINT ( 'NONE',  ( -79.99999999996879296, 15.99999999999995914, 349.3669342390924726 ) ) ;
#1212 = CIRCLE ( 'NONE', #5710, 0.6499999999999839240 ) ;
#1213 = CARTESIAN_POINT ( 'NONE',  ( 142.3772285761043577, 93.81549319273264587, 246.8521232831536452 ) ) ;
#1214 = ORIENTED_EDGE ( 'NONE', *, *, #9112, .F. ) ;
#1215 = CARTESIAN_POINT ( 'NONE',  ( -21.75552862266497911, 14.49801048933297309, 355.8727261656096061 ) ) ;
#1216 = CARTESIAN_POINT ( 'NONE',  ( -78.26630471823563084, 38.86858975398106963, 334.2648210200314907 ) ) ;
#1217 = ADVANCED_FACE ( 'NONE', ( #1397 ), #2048, .T. ) ;
#1218 = EDGE_LOOP ( 'NONE', ( #6836, #8642, #4499, #9724, #6225, #9116, #9342, #3854, #4617, #599, #3729, #6552, #4485, #7701, #2070, #9022, #5690, #2342, #4329, #8754 ) ) ;
#1219 = FACE_OUTER_BOUND ( 'NONE', #1298, .T. ) ;
#1220 = CARTESIAN_POINT ( 'NONE',  ( 15.61027083543232941, 11.99999999999995914, 357.1999999999999886 ) ) ;
#1221 = DIRECTION ( 'NONE',  ( 1.000000000000000000, -0.000000000000000000, 7.975740119433571921E-16 ) ) ;
#1222 = ORIENTED_EDGE ( 'NONE', *, *, #4678, .T. ) ;
#1223 = CARTESIAN_POINT ( 'NONE',  ( -77.26689023737806394, 5.499999999999952927, 359.1999999999999886 ) ) ;
#1224 = CARTESIAN_POINT ( 'NONE',  ( -135.8819280206299993, 54.44529465628954057, 262.8074223705762620 ) ) ;
#1225 = CARTESIAN_POINT ( 'NONE',  ( 86.58745049696634055, 14.01249659620662946, 330.6876520081968351 ) ) ;
#1226 = ADVANCED_FACE ( 'NONE', ( #9051 ), #1202, .T. ) ;
#1227 = DIRECTION ( 'NONE',  ( 0.4101879364737534006, 0.000000000000000000, 0.9120010179662103589 ) ) ;
#1228 = FACE_OUTER_BOUND ( 'NONE', #1785, .T. ) ;
#1229 = EDGE_CURVE ( 'NONE', #1912, #63, #5654, .T. ) ;
#1230 = CARTESIAN_POINT ( 'NONE',  ( -1.184617445362766262E-13, 34.82568710166408721, 360.7275883647906767 ) ) ;
#1231 = LINE ( 'NONE', #5906, #6354 ) ;
#1232 = DIRECTION ( 'NONE',  ( -0.000000000000000000, -1.000000000000000000, -0.000000000000000000 ) ) ;
#1233 = CARTESIAN_POINT ( 'NONE',  ( -119.1887568811446556, 13.99999999999995737, 309.7194351559082293 ) ) ;
#1234 = CARTESIAN_POINT ( 'NONE',  ( -140.4403554133567127, 94.37996934343101429, 248.2765695368917420 ) ) ;
#1235 = CARTESIAN_POINT ( 'NONE',  ( 116.0596200872144266, 14.02475422885381917, 301.8874729168836666 ) ) ;
#1236 = DIRECTION ( 'NONE',  ( 0.000000000000000000, 0.000000000000000000, 1.000000000000000000 ) ) ;
#1237 = CARTESIAN_POINT ( 'NONE',  ( 33.95451595732716044, 13.86761219734886730, 355.9177044229368789 ) ) ;
#1238 = AXIS2_PLACEMENT_3D ( 'NONE', #6003, #2175, #5248 ) ;
#1239 = DIRECTION ( 'NONE',  ( -0.000000000000000000, 1.000000000000000000, -0.000000000000000000 ) ) ;
#1240 = CIRCLE ( 'NONE', #9432, 0.6499999999999839240 ) ;
#1241 = DIRECTION ( 'NONE',  ( 0.6069928224509151260, -0.000000000000000000, -0.7947073130990249812 ) ) ;
#1242 = CARTESIAN_POINT ( 'NONE',  ( 91.01468838057871835, 13.99999999999995737, 336.6213518866477443 ) ) ;
#1243 = CARTESIAN_POINT ( 'NONE',  ( -135.7950403932300389, 58.88580828309438431, 263.0401146109280148 ) ) ;
#1244 = DIRECTION ( 'NONE',  ( 0.000000000000000000, 0.000000000000000000, -1.000000000000000000 ) ) ;
#1245 = CARTESIAN_POINT ( 'NONE',  ( 80.02109002705118712, 20.45198282719605487, 346.1146874600352703 ) ) ;
#1246 = ORIENTED_EDGE ( 'NONE', *, *, #3345, .T. ) ;
#1247 = CARTESIAN_POINT ( 'NONE',  ( 142.9343203334613861, 89.67986842203195863, 245.3908552589641658 ) ) ;
#1248 = CARTESIAN_POINT ( 'NONE',  ( 15.04739857023641747, 15.74599867406856291, 356.4249272512597031 ) ) ;
#1249 = CARTESIAN_POINT ( 'NONE',  ( 79.99994081809917645, 37.08849040386625262, 346.1265197973731915 ) ) ;
#1250 = DIRECTION ( 'NONE',  ( 0.000000000000000000, 0.000000000000000000, 1.000000000000000000 ) ) ;
#1251 = AXIS2_PLACEMENT_3D ( 'NONE', #3178, #7128, #6263 ) ;
#1252 = CARTESIAN_POINT ( 'NONE',  ( -142.5291598074490764, 93.69937085227337548, 275.6153132191965938 ) ) ;
#1253 = ORIENTED_EDGE ( 'NONE', *, *, #7716, .T. ) ;
#1254 = CARTESIAN_POINT ( 'NONE',  ( -79.16089760926307406, 39.36655706286769885, 343.5943372812399730 ) ) ;
#1255 = AXIS2_PLACEMENT_3D ( 'NONE', #2192, #8240, #9868 ) ;
#1256 = ORIENTED_EDGE ( 'NONE', *, *, #2322, .F. ) ;
#1257 = EDGE_CURVE ( 'NONE', #1753, #511, #2406, .T. ) ;
#1258 = DIRECTION ( 'NONE',  ( 0.000000000000000000, 0.000000000000000000, -1.000000000000000000 ) ) ;
#1259 = EDGE_CURVE ( 'NONE', #2213, #5443, #3601, .T. ) ;
#1260 = CARTESIAN_POINT ( 'NONE',  ( 89.02285111850508770, 14.15870042510397298, 328.1949635331515651 ) ) ;
#1261 = CARTESIAN_POINT ( 'NONE',  ( -23.79220446743278217, 14.60909375635743146, 355.5552416819776340 ) ) ;
#1262 = DIRECTION ( 'NONE',  ( -8.947009472043193434E-15, 0.000000000000000000, 1.000000000000000000 ) ) ;
#1263 = ORIENTED_EDGE ( 'NONE', *, *, #8759, .T. ) ;
#1264 = ORIENTED_EDGE ( 'NONE', *, *, #5677, .T. ) ;
#1265 = CARTESIAN_POINT ( 'NONE',  ( -93.87172936769897547, 140.8806638096942550, 335.1396633360761825 ) ) ;
#1266 = SPHERICAL_SURFACE ( 'NONE', #4200, 2.000000000000000000 ) ;
#1267 = CARTESIAN_POINT ( 'NONE',  ( 147.9999999999984936, 52.20045919826718261, 261.4210267122942923 ) ) ;
#1268 = EDGE_LOOP ( 'NONE', ( #4416, #2715, #5701, #6477 ) ) ;
#1269 = ADVANCED_FACE ( 'NONE', ( #7789 ), #4682, .T. ) ;
#1270 = CARTESIAN_POINT ( 'NONE',  ( 15.45347430335457162, 15.99999999999995914, 356.3810705270927883 ) ) ;
#1271 = ORIENTED_EDGE ( 'NONE', *, *, #1630, .T. ) ;
#1272 = CARTESIAN_POINT ( 'NONE',  ( -62.05106729553349254, 38.99999999999995737, 353.2239525584158173 ) ) ;
#1273 = CARTESIAN_POINT ( 'NONE',  ( 88.98531161940533707, 140.9948977471745479, 329.0274823074042843 ) ) ;
#1274 = CARTESIAN_POINT ( 'NONE',  ( 93.35076012442273452, 13.99999999999995737, 334.8783676550131077 ) ) ;
#1275 = DIRECTION ( 'NONE',  ( -0.000000000000000000, 1.000000000000000000, -0.000000000000000000 ) ) ;
#1276 = CYLINDRICAL_SURFACE ( 'NONE', #8251, 2.000000000000001776 ) ;
#1277 = LINE ( 'NONE', #1474, #5629 ) ;
#1278 = ORIENTED_EDGE ( 'NONE', *, *, #4093, .T. ) ;
#1279 = CARTESIAN_POINT ( 'NONE',  ( 114.3850335511374539, 14.00510225282134513, 304.3038023417666977 ) ) ;
#1280 = CARTESIAN_POINT ( 'NONE',  ( -140.4953743834077216, 94.99358545109035390, 248.0617076426408971 ) ) ;
#1281 = ADVANCED_FACE ( 'NONE', ( #7573 ), #547, .T. ) ;
#1282 = EDGE_LOOP ( 'NONE', ( #6282, #9869, #6030, #276, #403, #5570, #668, #4034, #4527, #8536, #3881, #4584, #4226 ) ) ;
#1283 = DIRECTION ( 'NONE',  ( -0.7947073130990256473, 0.000000000000000000, -0.6069928224509143488 ) ) ;
#1284 = CARTESIAN_POINT ( 'NONE',  ( -33.99139813135150234, 14.00099683960170260, 355.2792663913159004 ) ) ;
#1285 = CARTESIAN_POINT ( 'NONE',  ( 33.95818486062067620, 13.80147810226400651, 356.0671252156120659 ) ) ;
#1286 = FACE_OUTER_BOUND ( 'NONE', #8223, .T. ) ;
#1287 = CARTESIAN_POINT ( 'NONE',  ( 76.93877551017328642, 36.99999999999995026, 335.1041285840111073 ) ) ;
#1288 = EDGE_CURVE ( 'NONE', #225, #9743, #698, .T. ) ;
#1289 = CARTESIAN_POINT ( 'NONE',  ( -136.3689859171787759, 61.74467203563725093, 261.4810712853218320 ) ) ;
#1290 = DIRECTION ( 'NONE',  ( -0.000000000000000000, 1.000000000000000000, 0.000000000000000000 ) ) ;
#1291 = CARTESIAN_POINT ( 'NONE',  ( 34.05877273185254950, 13.99999999999995737, 355.1999999999999886 ) ) ;
#1292 = ORIENTED_EDGE ( 'NONE', *, *, #1229, .T. ) ;
#1293 = CARTESIAN_POINT ( 'NONE',  ( 119.5131290454516773, 14.03883558776664131, 309.9624966904783037 ) ) ;
#1294 = CARTESIAN_POINT ( 'NONE',  ( 80.20675945085024239, 40.89326532376583856, 346.0311842449266351 ) ) ;
#1295 = LINE ( 'NONE', #5680, #928 ) ;
#1296 = AXIS2_PLACEMENT_3D ( 'NONE', #8637, #4867, #8532 ) ;
#1297 = DIRECTION ( 'NONE',  ( -0.000000000000000000, -1.000000000000000000, -0.000000000000000000 ) ) ;
#1298 = EDGE_LOOP ( 'NONE', ( #6037, #4022, #9269, #2317, #1864, #286, #9549, #9103, #1770, #5784, #2633, #3262, #4436, #4674, #4239 ) ) ;
#1299 = CARTESIAN_POINT ( 'NONE',  ( -80.20784099750007101, 40.89129200126635766, 346.0304134813573000 ) ) ;
#1300 = VECTOR ( 'NONE', #7817, 1000.000000000000000 ) ;
#1301 = CARTESIAN_POINT ( 'NONE',  ( 141.5432329502936568, 89.01539292627472832, 243.6750979887271455 ) ) ;
#1302 = VERTEX_POINT ( 'NONE', #816 ) ;
#1303 = DIRECTION ( 'NONE',  ( 1.000000000000000000, 0.000000000000000000, 0.000000000000000000 ) ) ;
#1304 = CARTESIAN_POINT ( 'NONE',  ( -147.8961038961008114, 61.30335177634889021, 261.8260259576944122 ) ) ;
#1305 = CARTESIAN_POINT ( 'NONE',  ( -20.26009002027855743, 14.17465775277635665, 356.2341125454003645 ) ) ;
#1306 = ORIENTED_EDGE ( 'NONE', *, *, #3733, .T. ) ;
#1307 = CARTESIAN_POINT ( 'NONE',  ( -144.3410698873660181, 89.71478681146253109, 271.3747880754172002 ) ) ;
#1308 = DIRECTION ( 'NONE',  ( -0.000000000000000000, -1.000000000000000000, 0.000000000000000000 ) ) ;
#1309 = VERTEX_POINT ( 'NONE', #6976 ) ;
#1310 = AXIS2_PLACEMENT_3D ( 'NONE', #47, #788, #5317 ) ;
#1311 = EDGE_CURVE ( 'NONE', #6537, #55, #3506, .T. ) ;
#1312 = ADVANCED_FACE ( 'NONE', ( #6922 ), #6161, .T. ) ;
#1313 = ORIENTED_EDGE ( 'NONE', *, *, #7781, .F. ) ;
#1314 = CARTESIAN_POINT ( 'NONE',  ( -33.59389733753419449, 15.60196397545447233, 353.2773005486105831 ) ) ;
#1315 = CARTESIAN_POINT ( 'NONE',  ( -86.12827063230537306, 14.11234496017763007, 330.5091708579985834 ) ) ;
#1316 = ORIENTED_EDGE ( 'NONE', *, *, #5904, .T. ) ;
#1317 = DIRECTION ( 'NONE',  ( 0.000000000000000000, 0.000000000000000000, -1.000000000000000000 ) ) ;
#1318 = VECTOR ( 'NONE', #8329, 1000.000000000000000 ) ;
#1319 = EDGE_LOOP ( 'NONE', ( #9333, #320, #5627, #6447 ) ) ;
#1320 = CARTESIAN_POINT ( 'NONE',  ( -120.1160535641386389, 14.00616300474721143, 308.8254623921638995 ) ) ;
#1321 = DIRECTION ( 'NONE',  ( 5.551115123125754303E-14, 0.6454598724467757176, 0.7637941823953570131 ) ) ;
#1322 = CARTESIAN_POINT ( 'NONE',  ( 81.99999999996879296, 138.9999999999999432, 342.5533658944221997 ) ) ;
#1323 = CARTESIAN_POINT ( 'NONE',  ( -74.75898141657592078, 16.91281810558537302, 356.5419800518000670 ) ) ;
#1324 = EDGE_CURVE ( 'NONE', #8059, #7156, #4553, .T. ) ;
#1325 = VECTOR ( 'NONE', #3251, 999.9999999999998863 ) ;
#1326 = CARTESIAN_POINT ( 'NONE',  ( -115.3020163895584744, 13.99999999999995737, 308.1255099156100528 ) ) ;
#1327 = CARTESIAN_POINT ( 'NONE',  ( 80.94546369028408606, 19.15599881052304099, 345.5560415645509238 ) ) ;
#1328 = CARTESIAN_POINT ( 'NONE',  ( -147.8961038961008114, 52.69664822365111689, 261.8260259576944122 ) ) ;
#1329 = CARTESIAN_POINT ( 'NONE',  ( 141.1762036325659722, 97.95562211629031424, 245.2812703629151656 ) ) ;
#1330 = ORIENTED_EDGE ( 'NONE', *, *, #6059, .T. ) ;
#1331 = CARTESIAN_POINT ( 'NONE',  ( -9.679739423404942755, 33.53476735677052289, 357.1999999999999318 ) ) ;
#1332 = VERTEX_POINT ( 'NONE', #78 ) ;
#1333 = CARTESIAN_POINT ( 'NONE',  ( 116.6983162430262837, 14.04845453049407311, 300.8577315006536423 ) ) ;
#1334 = CARTESIAN_POINT ( 'NONE',  ( 30.70215335873941598, 13.86346470147399579, 355.9514675667606980 ) ) ;
#1335 = DIRECTION ( 'NONE',  ( -0.000000000000000000, 1.000000000000000000, 0.000000000000000000 ) ) ;
#1336 = AXIS2_PLACEMENT_3D ( 'NONE', #586, #9043, #4507 ) ;
#1337 = EDGE_CURVE ( 'NONE', #9673, #6252, #6336, .T. ) ;
#1338 = AXIS2_PLACEMENT_3D ( 'NONE', #4148, #7181, #9481 ) ;
#1339 = CARTESIAN_POINT ( 'NONE',  ( -143.4040466960482263, 140.9999999999999716, 242.5153120237268922 ) ) ;
#1340 = FACE_OUTER_BOUND ( 'NONE', #5225, .T. ) ;
#1341 = DIRECTION ( 'NONE',  ( 1.000000000000000000, -0.000000000000000000, 1.460819769243638766E-15 ) ) ;
#1342 = DIRECTION ( 'NONE',  ( 0.000000000000000000, 0.000000000000000000, 1.000000000000000000 ) ) ;
#1343 = VERTEX_POINT ( 'NONE', #9965 ) ;
#1344 = ORIENTED_EDGE ( 'NONE', *, *, #7599, .T. ) ;
#1345 = CARTESIAN_POINT ( 'NONE',  ( 79.45522244191845118, 39.62189851201987523, 343.2326288453140251 ) ) ;
#1346 = AXIS2_PLACEMENT_3D ( 'NONE', #8661, #1008, #7896 ) ;
#1347 = ADVANCED_FACE ( 'NONE', ( #8472 ), #4930, .F. ) ;
#1348 = CARTESIAN_POINT ( 'NONE',  ( 128.7613009995558002, 89.71481544767681271, 278.8747880754170865 ) ) ;
#1349 = AXIS2_PLACEMENT_3D ( 'NONE', #108, #4587, #8350 ) ;
#1350 = CARTESIAN_POINT ( 'NONE',  ( -94.45727549528733391, 14.01494627978645902, 334.1777094913450128 ) ) ;
#1351 = DIRECTION ( 'NONE',  ( 0.000000000000000000, 0.000000000000000000, 1.000000000000000000 ) ) ;
#1352 = VECTOR ( 'NONE', #5278, 1000.000000000000000 ) ;
#1353 = CARTESIAN_POINT ( 'NONE',  ( 79.43845934573526790, 39.58937483639400767, 334.9523108132157745 ) ) ;
#1354 = ORIENTED_EDGE ( 'NONE', *, *, #3966, .F. ) ;
#1355 = CARTESIAN_POINT ( 'NONE',  ( -89.85646090695634314, 14.03068002444554807, 328.0837467493209942 ) ) ;
#1356 = CARTESIAN_POINT ( 'NONE',  ( 90.05193354453683696, 13.99999999999995914, 328.2736762670382973 ) ) ;
#1357 = CARTESIAN_POINT ( 'NONE',  ( -31.92260956046528975, 14.27963227861302187, 354.6461496512359304 ) ) ;
#1358 = CARTESIAN_POINT ( 'NONE',  ( -80.88435374146619949, 140.9999999999999716, 332.5441785871894353 ) ) ;
#1359 = CARTESIAN_POINT ( 'NONE',  ( 130.1781538616323246, 93.61196003934679766, 276.0648026826107184 ) ) ;
#1360 = AXIS2_PLACEMENT_3D ( 'NONE', #1464, #5097, #5193 ) ;
#1361 = ORIENTED_EDGE ( 'NONE', *, *, #3204, .F. ) ;
#1362 = CIRCLE ( 'NONE', #565, 2.000000000000001776 ) ;
#1363 = AXIS2_PLACEMENT_3D ( 'NONE', #2844, #6779, #4459 ) ;
#1364 = VERTEX_POINT ( 'NONE', #4957 ) ;
#1365 = DIRECTION ( 'NONE',  ( -1.460819769243638766E-15, -0.000000000000000000, 1.000000000000000000 ) ) ;
#1366 = CARTESIAN_POINT ( 'NONE',  ( -86.52582888303676611, 14.01987086316949060, 330.6050623275208409 ) ) ;
#1367 = ORIENTED_EDGE ( 'NONE', *, *, #3041, .T. ) ;
#1368 = DIRECTION ( 'NONE',  ( 0.000000000000000000, -1.000000000000000000, 0.000000000000000000 ) ) ;
#1369 = ORIENTED_EDGE ( 'NONE', *, *, #8971, .F. ) ;
#1370 = LINE ( 'NONE', #5902, #5404 ) ;
#1371 = DIRECTION ( 'NONE',  ( 0.9186345175357107928, 0.000000000000000000, -0.3951083689216566275 ) ) ;
#1372 = ADVANCED_FACE ( 'NONE', ( #7909 ), #8566, .T. ) ;
#1373 = CYLINDRICAL_SURFACE ( 'NONE', #7773, 1.999999999999997335 ) ;
#1374 = EDGE_CURVE ( 'NONE', #2436, #643, #1128, .T. ) ;
#1375 = DIRECTION ( 'NONE',  ( -0.2198320545831891348, -0.000000000000000000, 0.9755377326263366955 ) ) ;
#1376 = CARTESIAN_POINT ( 'NONE',  ( 88.98531161940533707, 140.9948977471745479, 329.0274823074042843 ) ) ;
#1377 = CARTESIAN_POINT ( 'NONE',  ( 113.8385492846508953, 140.8929778387871465, 304.1640986442904477 ) ) ;
#1378 = CARTESIAN_POINT ( 'NONE',  ( 80.02418431803987175, 21.83780583442094780, 346.1109484528025177 ) ) ;
#1379 = CARTESIAN_POINT ( 'NONE',  ( 135.7232272028666671, 57.94707035115492744, 263.2315188430192734 ) ) ;
#1380 = CARTESIAN_POINT ( 'NONE',  ( 140.9201146066825743, 97.27449895544752678, 246.3552528723089097 ) ) ;
#1381 = ORIENTED_EDGE ( 'NONE', *, *, #2379, .T. ) ;
#1382 = CARTESIAN_POINT ( 'NONE',  ( -350243.6044305261457, 13.99999999999995737, -50640.24670471889112 ) ) ;
#1383 = LINE ( 'NONE', #4550, #2296 ) ;
#1384 = DIRECTION ( 'NONE',  ( -1.000000000000000000, 0.000000000000000000, -1.460819769243638766E-15 ) ) ;
#1385 = EDGE_CURVE ( 'NONE', #4872, #465, #8740, .T. ) ;
#1386 = CARTESIAN_POINT ( 'NONE',  ( 21.94288376137491881, 14.08556493332092430, 356.1584118651262543 ) ) ;
#1387 = CARTESIAN_POINT ( 'NONE',  ( -93.35076012443974491, 140.9938369952546680, 334.8783676550358450 ) ) ;
#1388 = EDGE_CURVE ( 'NONE', #465, #8855, #5684, .T. ) ;
#1389 = CARTESIAN_POINT ( 'NONE',  ( -2.826611360352648372, 14.09024927322191800, 357.1838179313467663 ) ) ;
#1390 = LINE ( 'NONE', #725, #1181 ) ;
#1391 = CARTESIAN_POINT ( 'NONE',  ( 33.60948035020175695, 15.09706126387906266, 353.4521013536529495 ) ) ;
#1392 = DIRECTION ( 'NONE',  ( -0.000000000000000000, 1.000000000000000000, 0.000000000000000000 ) ) ;
#1393 = CARTESIAN_POINT ( 'NONE',  ( -86.12827063230193403, 13.99999999999995737, 331.1591708579985607 ) ) ;
#1394 = LINE ( 'NONE', #6785, #4238 ) ;
#1395 = AXIS2_PLACEMENT_3D ( 'NONE', #8224, #7384, #5763 ) ;
#1396 = VERTEX_POINT ( 'NONE', #2635 ) ;
#1397 = FACE_OUTER_BOUND ( 'NONE', #1566, .T. ) ;
#1398 = ADVANCED_FACE ( 'NONE', ( #6414 ), #5708, .F. ) ;
#1399 = CARTESIAN_POINT ( 'NONE',  ( -148.0000000004224603, 138.9999999999999432, 291567.4688076514285 ) ) ;
#1400 = ORIENTED_EDGE ( 'NONE', *, *, #4011, .F. ) ;
#1401 = CARTESIAN_POINT ( 'NONE',  ( -113.9824199850091162, 13.99999999999995737, 304.8140986442904250 ) ) ;
#1402 = CARTESIAN_POINT ( 'NONE',  ( -145.9999999999969020, 138.9999999999999432, 261.1897948556727442 ) ) ;
#1403 = ORIENTED_EDGE ( 'NONE', *, *, #4528, .F. ) ;
#1404 = CARTESIAN_POINT ( 'NONE',  ( -81.99999999996916245, 138.9999999999999432, 334.2040982918403529 ) ) ;
#1405 = ORIENTED_EDGE ( 'NONE', *, *, #7670, .T. ) ;
#1406 = CARTESIAN_POINT ( 'NONE',  ( -88.89250386877036192, 14.02455749667078244, 328.8709809431765052 ) ) ;
#1407 = EDGE_CURVE ( 'NONE', #9407, #6810, #9554, .T. ) ;
#1408 = DIRECTION ( 'NONE',  ( -0.6069928224509213432, 0.000000000000000000, 0.7947073130990204293 ) ) ;
#1409 = CARTESIAN_POINT ( 'NONE',  ( -144.0004244270991478, 87.61509744244578712, 272.1991819671999906 ) ) ;
#1410 = CIRCLE ( 'NONE', #8313, 1.999999999999995781 ) ;
#1411 = DIRECTION ( 'NONE',  ( 0.000000000000000000, 0.000000000000000000, 1.000000000000000000 ) ) ;
#1412 = ORIENTED_EDGE ( 'NONE', *, *, #3018, .F. ) ;
#1413 = AXIS2_PLACEMENT_3D ( 'NONE', #2076, #1375, #7565 ) ;
#1414 = EDGE_CURVE ( 'NONE', #976, #7597, #3928, .T. ) ;
#1415 = ORIENTED_EDGE ( 'NONE', *, *, #348, .F. ) ;
#1416 = CARTESIAN_POINT ( 'NONE',  ( -33.66408990811194002, 14.58577828736139814, 353.8402225233363083 ) ) ;
#1417 = PLANE ( 'NONE',  #3107 ) ;
#1418 = EDGE_LOOP ( 'NONE', ( #6746, #8918, #5491, #5834, #8249, #3643, #1531, #7466, #7555 ) ) ;
#1419 = CARTESIAN_POINT ( 'NONE',  ( 22.45601718566395633, 15.99999999999995914, 355.4786105161899741 ) ) ;
#1420 = ORIENTED_EDGE ( 'NONE', *, *, #6152, .F. ) ;
#1421 = CARTESIAN_POINT ( 'NONE',  ( -138.6498863433112376, 50.06476364380057476, 254.6412934545860765 ) ) ;
#1422 = CARTESIAN_POINT ( 'NONE',  ( 5.676462121975289321, 11.99999999999995914, 357.1999999999999886 ) ) ;
#1423 = CARTESIAN_POINT ( 'NONE',  ( 91.08776997567623823, 140.9842212185434107, 336.7193010512028764 ) ) ;
#1424 = CARTESIAN_POINT ( 'NONE',  ( 113.3841622132060252, 140.8412781080070317, 304.5214019825397145 ) ) ;
#1425 = CARTESIAN_POINT ( 'NONE',  ( -1.522939453766362151E-13, 14.00530734089621987, 357.1965594745366843 ) ) ;
#1426 = CARTESIAN_POINT ( 'NONE',  ( 140.3837812090740442, 93.08740926060409038, 248.4959222701783403 ) ) ;
#1427 = ORIENTED_EDGE ( 'NONE', *, *, #1158, .F. ) ;
#1428 = DIRECTION ( 'NONE',  ( 0.000000000000000000, 0.000000000000000000, -1.000000000000000000 ) ) ;
#1429 = CARTESIAN_POINT ( 'NONE',  ( -79.99999999996916245, 138.9999999999999432, 334.2040982918403529 ) ) ;
#1430 = CARTESIAN_POINT ( 'NONE',  ( 33.71887832374090266, 14.32269948187120256, 354.1632520336756329 ) ) ;
#1431 = CARTESIAN_POINT ( 'NONE',  ( -145.9999999999968736, 98.37148522368045178, 244.5153120237268922 ) ) ;
#1432 = CARTESIAN_POINT ( 'NONE',  ( -116.4307536478884515, 14.10644129251231327, 300.8511406450615482 ) ) ;
#1433 = CARTESIAN_POINT ( 'NONE',  ( -5.646457927665212040, 14.18593349462339681, 357.1242978785663240 ) ) ;
#1434 = EDGE_CURVE ( 'NONE', #3866, #5443, #4411, .T. ) ;
#1435 = EDGE_CURVE ( 'NONE', #4180, #5832, #3859, .T. ) ;
#1436 = CARTESIAN_POINT ( 'NONE',  ( -115.3020163895056669, 13.99999999999995737, 308.1255099156310848 ) ) ;
#1437 = CYLINDRICAL_SURFACE ( 'NONE', #14, 2.000000000000001776 ) ;
#1438 = CARTESIAN_POINT ( 'NONE',  ( 73.54473830626007214, 15.99999999999995914, 355.1999999999999886 ) ) ;
#1439 = CARTESIAN_POINT ( 'NONE',  ( -1.156482317316857952E-13, 33.53476735677050868, 357.1999999999999886 ) ) ;
#1440 = VERTEX_POINT ( 'NONE', #7075 ) ;
#1441 = CARTESIAN_POINT ( 'NONE',  ( -86.12827063227956614, 140.8876550398169627, 330.5091708579985834 ) ) ;
#1442 = EDGE_LOOP ( 'NONE', ( #6716, #1114, #7859, #6900 ) ) ;
#1443 = CARTESIAN_POINT ( 'NONE',  ( 10.49871568305238867, 13.79819422326087341, 357.0125594026656017 ) ) ;
#1444 = CARTESIAN_POINT ( 'NONE',  ( 80.26314465212516325, 40.47912071169738368, 345.9826193207726988 ) ) ;
#1445 = CARTESIAN_POINT ( 'NONE',  ( 73.66608299409473659, 16.18048560563191174, 358.5917333761301506 ) ) ;
#1446 = B_SPLINE_CURVE_WITH_KNOTS ( 'NONE', 3,
 ( #9665, #7499, #1293, #634, #4273, #7540 ),
 .UNSPECIFIED., .F., .F.,
 ( 4, 2, 4 ),
 ( 0.001623121566125569973, 0.001930335691282671984, 0.002237549816439773995 ),
 .UNSPECIFIED. ) ;
#1447 = EDGE_CURVE ( 'NONE', #4868, #6043, #3281, .T. ) ;
#1448 = CARTESIAN_POINT ( 'NONE',  ( 88.98531161940533707, 14.00510225282537036, 329.0274823074042843 ) ) ;
#1449 = ORIENTED_EDGE ( 'NONE', *, *, #2559, .F. ) ;
#1450 = SPHERICAL_SURFACE ( 'NONE', #7745, 2.000000000000000000 ) ;
#1451 = ORIENTED_EDGE ( 'NONE', *, *, #8279, .F. ) ;
#1452 = ORIENTED_EDGE ( 'NONE', *, *, #3637, .T. ) ;
#1453 = LINE ( 'NONE', #6706, #3120 ) ;
#1454 = FACE_OUTER_BOUND ( 'NONE', #7848, .T. ) ;
#1455 = CARTESIAN_POINT ( 'NONE',  ( -141.7436112118937501, 86.94789897574347037, 277.3521112834287123 ) ) ;
#1456 = CYLINDRICAL_SURFACE ( 'NONE', #6510, 0.6499999999999839240 ) ;
#1457 = ORIENTED_EDGE ( 'NONE', *, *, #9956, .F. ) ;
#1458 = EDGE_CURVE ( 'NONE', #5143, #7877, #2153, .T. ) ;
#1459 = CIRCLE ( 'NONE', #2095, 2.000000000000000000 ) ;
#1460 = ORIENTED_EDGE ( 'NONE', *, *, #8397, .T. ) ;
#1461 = DIRECTION ( 'NONE',  ( -0.000000000000000000, 1.000000000000000000, 0.000000000000000000 ) ) ;
#1462 = DIRECTION ( 'NONE',  ( -0.000000000000000000, 1.000000000000000000, -0.000000000000000000 ) ) ;
#1463 = ORIENTED_EDGE ( 'NONE', *, *, #5895, .F. ) ;
#1464 = CARTESIAN_POINT ( 'NONE',  ( -113.9824199850091162, 13.99999999999995737, 304.8140986442904250 ) ) ;
#1465 = ORIENTED_EDGE ( 'NONE', *, *, #6692, .F. ) ;
#1466 = CARTESIAN_POINT ( 'NONE',  ( -142.5525424915820167, 94.79946452505329546, 246.4026704797417722 ) ) ;
#1467 = CARTESIAN_POINT ( 'NONE',  ( -32.44063537501696004, 13.86630719823908642, 355.9210052626255560 ) ) ;
#1468 = CARTESIAN_POINT ( 'NONE',  ( 2.838231060987561172, 11.99999999999995914, 357.1999999999999886 ) ) ;
#1469 = DIRECTION ( 'NONE',  ( 0.000000000000000000, -0.000000000000000000, -1.000000000000000000 ) ) ;
#1470 = EDGE_CURVE ( 'NONE', #6213, #6175, #4049, .T. ) ;
#1471 = CARTESIAN_POINT ( 'NONE',  ( -76.20448587318051636, 13.42674145931981933, 357.5954289381360809 ) ) ;
#1472 = B_SPLINE_CURVE_WITH_KNOTS ( 'NONE', 3,
 ( #4833, #1714, #3883, #3321, #6249, #5537 ),
 .UNSPECIFIED., .F., .F.,
 ( 4, 2, 4 ),
 ( 0.000000000000000000, 0.5000000000000000000, 1.000000000000000000 ),
 .UNSPECIFIED. ) ;
#1473 = AXIS2_PLACEMENT_3D ( 'NONE', #2457, #7106, #2560 ) ;
#1474 = CARTESIAN_POINT ( 'NONE',  ( 147.9999999999984084, 140.9999999999999716, 244.5153120237364419 ) ) ;
#1475 = ORIENTED_EDGE ( 'NONE', *, *, #6290, .F. ) ;
#1476 = CARTESIAN_POINT ( 'NONE',  ( 60.44318584202975586, 37.91281810558092502, 357.5385027678857455 ) ) ;
#1477 = FACE_OUTER_BOUND ( 'NONE', #1442, .T. ) ;
#1478 = CARTESIAN_POINT ( 'NONE',  ( -122.0374982706668590, 140.9822019299677720, 306.6288418868706458 ) ) ;
#1479 = EDGE_CURVE ( 'NONE', #9973, #9935, #4846, .T. ) ;
#1480 = AXIS2_PLACEMENT_3D ( 'NONE', #6174, #9246, #4663 ) ;
#1481 = VECTOR ( 'NONE', #6984, 1000.000000000000000 ) ;
#1482 = FACE_BOUND ( 'NONE', #2562, .T. ) ;
#1483 = FACE_OUTER_BOUND ( 'NONE', #265, .T. ) ;
#1484 = DIRECTION ( 'NONE',  ( 0.000000000000000000, -1.000000000000000000, 0.000000000000000000 ) ) ;
#1485 = CARTESIAN_POINT ( 'NONE',  ( 89.88761138879748103, 13.99999999999995737, 337.2448612251479858 ) ) ;
#1486 = VECTOR ( 'NONE', #9439, 1000.000000000000000 ) ;
#1487 = CARTESIAN_POINT ( 'NONE',  ( 79.52880316658325910, 21.01450458878873206, 346.8308615918380724 ) ) ;
#1488 = CIRCLE ( 'NONE', #680, 0.6499999999917127624 ) ;
#1489 = LINE ( 'NONE', #7734, #8549 ) ;
#1490 = ORIENTED_EDGE ( 'NONE', *, *, #673, .F. ) ;
#1491 = CARTESIAN_POINT ( 'NONE',  ( -33.95938523713097368, 13.79141237007469911, 356.0928077015162785 ) ) ;
#1492 = B_SPLINE_CURVE_WITH_KNOTS ( 'NONE', 3,
 ( #5337, #7562, #7612, #5436, #2171, #9952, #8311, #7666, #1422, #1468, #5291, #4541 ),
 .UNSPECIFIED., .F., .F.,
 ( 4, 2, 2, 2, 2, 4 ),
 ( 0.000000000000000000, 0.5000000000000000000, 0.6250000000000000000, 0.7500000000000000000, 0.8750000000000000000, 1.000000000000000000 ),
 .UNSPECIFIED. ) ;
#1493 = CARTESIAN_POINT ( 'NONE',  ( 2.826611360352335289, 14.09024927322193044, 357.1838179313455726 ) ) ;
#1494 = CARTESIAN_POINT ( 'NONE',  ( -78.21913433582167841, 38.99999999999994316, 336.5249989345857671 ) ) ;
#1495 = PRODUCT_DEFINITION ( 'UNKNOWN', '', #413, #5974 ) ;
#1496 = ADVANCED_FACE ( 'NONE', ( #4478 ), #1456, .F. ) ;
#1497 = CARTESIAN_POINT ( 'NONE',  ( 76.12484497898766733, 13.68478213610548089, 357.4816364922692742 ) ) ;
#1498 = CIRCLE ( 'NONE', #5351, 2.000000000000006217 ) ;
#1499 = CYLINDRICAL_SURFACE ( 'NONE', #3455, 0.6499999999999839240 ) ;
#1500 = ORIENTED_EDGE ( 'NONE', *, *, #6592, .T. ) ;
#1501 = DIRECTION ( 'NONE',  ( 0.000000000000000000, 1.000000000000000000, 0.000000000000000000 ) ) ;
#1502 = ORIENTED_EDGE ( 'NONE', *, *, #4578, .T. ) ;
#1503 = VECTOR ( 'NONE', #7114, 1000.000000000000000 ) ;
#1504 = CARTESIAN_POINT ( 'NONE',  ( -77.57250871823080729, 38.80982446602325098, 334.7063068493388869 ) ) ;
#1505 = VECTOR ( 'NONE', #2923, 1000.000000000000000 ) ;
#1506 = CARTESIAN_POINT ( 'NONE',  ( -120.1205661178785391, 13.99999999999995737, 302.0181943237108726 ) ) ;
#1507 = ORIENTED_EDGE ( 'NONE', *, *, #7133, .T. ) ;
#1508 = EDGE_CURVE ( 'NONE', #1852, #6213, #2205, .T. ) ;
#1509 = AXIS2_PLACEMENT_3D ( 'NONE', #9769, #9101, #4418 ) ;
#1510 = VERTEX_POINT ( 'NONE', #4526 ) ;
#1511 = DIRECTION ( 'NONE',  ( 0.000000000000000000, 0.000000000000000000, 1.000000000000000000 ) ) ;
#1512 = CARTESIAN_POINT ( 'NONE',  ( -18.35099754816038242, 15.20755536282882225, 356.0754431810311189 ) ) ;
#1513 = CARTESIAN_POINT ( 'NONE',  ( 132.3757698985333491, 89.97422520020263903, 271.3747880754171433 ) ) ;
#1514 = FACE_OUTER_BOUND ( 'NONE', #1568, .T. ) ;
#1515 = VERTEX_POINT ( 'NONE', #2953 ) ;
#1516 = AXIS2_PLACEMENT_3D ( 'NONE', #4969, #6427, #9494 ) ;
#1517 = FACE_OUTER_BOUND ( 'NONE', #4887, .T. ) ;
#1518 = ORIENTED_EDGE ( 'NONE', *, *, #4057, .F. ) ;
#1519 = CARTESIAN_POINT ( 'NONE',  ( -139.8239098035192853, 52.58656104895105443, 250.5972766802642582 ) ) ;
#1520 = FACE_BOUND ( 'NONE', #9898, .T. ) ;
#1521 = CARTESIAN_POINT ( 'NONE',  ( 143.4040466960721005, 138.9999999999999432, 244.5153120237258690 ) ) ;
#1522 = AXIS2_PLACEMENT_3D ( 'NONE', #2049, #2145, #6696 ) ;
#1523 = CARTESIAN_POINT ( 'NONE',  ( 72.92043361367035459, 12.11694565320209449, 357.2000000000000455 ) ) ;
#1524 = EDGE_CURVE ( 'NONE', #643, #6401, #4434, .T. ) ;
#1525 = CIRCLE ( 'NONE', #4105, 0.6499999999999839240 ) ;
#1526 = CARTESIAN_POINT ( 'NONE',  ( 141.6552921263531175, 92.85010195770453834, 277.5438299669546609 ) ) ;
#1527 = DIRECTION ( 'NONE',  ( -0.000000000000000000, 1.000000000000000000, 0.000000000000000000 ) ) ;
#1528 = DIRECTION ( 'NONE',  ( -0.000000000000000000, 1.000000000000000000, -0.000000000000000000 ) ) ;
#1529 = ORIENTED_EDGE ( 'NONE', *, *, #7754, .T. ) ;
#1530 = DIRECTION ( 'NONE',  ( 0.000000000000000000, 1.000000000000000000, 0.000000000000000000 ) ) ;
#1531 = ORIENTED_EDGE ( 'NONE', *, *, #968, .T. ) ;
#1532 = CARTESIAN_POINT ( 'NONE',  ( -80.08935198655612453, 19.90416244601766849, 346.0746101048375181 ) ) ;
#1533 = VECTOR ( 'NONE', #535, 1000.000000000000000 ) ;
#1534 = CARTESIAN_POINT ( 'NONE',  ( 31.06091907476125868, 14.62520868732797652, 354.3993573411039506 ) ) ;
#1535 = CARTESIAN_POINT ( 'NONE',  ( -81.99999999996916245, 140.9999999999999716, 334.2040982918403529 ) ) ;
#1536 = EDGE_CURVE ( 'NONE', #9639, #4664, #8265, .T. ) ;
#1537 = CARTESIAN_POINT ( 'NONE',  ( -140.4395127756010027, 94.36822653209142686, 248.2798455724566793 ) ) ;
#1538 = CARTESIAN_POINT ( 'NONE',  ( 78.26512686484657877, 38.86835601423681652, 334.2655738258129077 ) ) ;
#1539 = CARTESIAN_POINT ( 'NONE',  ( -92.78089779403823911, 13.99999999999995737, 330.0472037877003118 ) ) ;
#1540 = DIRECTION ( 'NONE',  ( -0.000000000000000000, 1.000000000000000000, -0.000000000000000000 ) ) ;
#1541 = EDGE_CURVE ( 'NONE', #3651, #2410, #3448, .T. ) ;
#1542 = CARTESIAN_POINT ( 'NONE',  ( -87.21910220579162853, 140.9999999999999716, 335.6016304062652011 ) ) ;
#1543 = CARTESIAN_POINT ( 'NONE',  ( 85.99925477905740934, 140.8610706691017072, 330.5091708579979013 ) ) ;
#1544 = DIRECTION ( 'NONE',  ( 0.000000000000000000, 0.000000000000000000, 1.000000000000000000 ) ) ;
#1545 = CARTESIAN_POINT ( 'NONE',  ( -148.0000000000245848, 89.97422520020263903, 275.1247880754171433 ) ) ;
#1546 = ORIENTED_EDGE ( 'NONE', *, *, #2626, .F. ) ;
#1547 = CARTESIAN_POINT ( 'NONE',  ( 143.4040466960726690, 96.42078043914094110, 244.0740061846825313 ) ) ;
#1548 = ORIENTED_EDGE ( 'NONE', *, *, #8971, .T. ) ;
#1549 = CARTESIAN_POINT ( 'NONE',  ( -115.5426391678579847, 13.99999999999995737, 309.3793316430788991 ) ) ;
#1550 = EDGE_LOOP ( 'NONE', ( #2057, #449, #2065, #9670 ) ) ;
#1551 = CARTESIAN_POINT ( 'NONE',  ( 128.8302585365522646, 88.95061123343840848, 278.7414759533133974 ) ) ;
#1552 = AXIS2_PLACEMENT_3D ( 'NONE', #6949, #7703, #744 ) ;
#1553 = ADVANCED_FACE ( 'NONE', ( #607 ), #2642, .T. ) ;
#1554 = DIRECTION ( 'NONE',  ( 1.000000000000000000, 0.000000000000000000, 0.000000000000000000 ) ) ;
#1555 = ORIENTED_EDGE ( 'NONE', *, *, #6216, .F. ) ;
#1556 = DIRECTION ( 'NONE',  ( -1.000000000000000000, 1.883734178877572779E-12, -8.326672684699645505E-12 ) ) ;
#1557 = ORIENTED_EDGE ( 'NONE', *, *, #2914, .F. ) ;
#1558 = CARTESIAN_POINT ( 'NONE',  ( -76.93877551017359906, 36.99999999999995737, 335.1041285840109367 ) ) ;
#1559 = CARTESIAN_POINT ( 'NONE',  ( 78.80526382387124329, 37.46695531806135904, 333.9160358117399028 ) ) ;
#1560 = DIRECTION ( 'NONE',  ( -0.7947073131035418125, 0.000000000000000000, 0.6069928224450016341 ) ) ;
#1561 = AXIS2_PLACEMENT_3D ( 'NONE', #9179, #6975, #767 ) ;
#1562 = ORIENTED_EDGE ( 'NONE', *, *, #901, .T. ) ;
#1563 = EDGE_CURVE ( 'NONE', #1159, #2464, #9631, .T. ) ;
#1564 = CARTESIAN_POINT ( 'NONE',  ( 131.9255874512278695, 87.41585366791659339, 272.3720690487941738 ) ) ;
#1565 = DIRECTION ( 'NONE',  ( -0.1438852690975688797, 0.000000000000000000, -0.9895943761646588399 ) ) ;
#1566 = EDGE_LOOP ( 'NONE', ( #4191, #9073, #1415, #269 ) ) ;
#1567 = CARTESIAN_POINT ( 'NONE',  ( -89.89660670089850214, 13.99999999999995737, 336.7532357657367470 ) ) ;
#1568 = EDGE_LOOP ( 'NONE', ( #5893, #8347, #7700, #6488 ) ) ;
#1569 = CARTESIAN_POINT ( 'NONE',  ( -142.3274541956714359, 92.33298102219376347, 246.9780519405132679 ) ) ;
#1570 = CARTESIAN_POINT ( 'NONE',  ( -90.73290327204303196, 14.16863402566353258, 337.6264327218329413 ) ) ;
#1571 = CARTESIAN_POINT ( 'NONE',  ( 76.67942685858461971, 13.96528560790114604, 356.5185031879527742 ) ) ;
#1572 = VECTOR ( 'NONE', #1118, 999.9999999999998863 ) ;
#1573 = CARTESIAN_POINT ( 'NONE',  ( 141.0459297997913097, 90.48525081729367514, 278.8486986734203583 ) ) ;
#1574 = ORIENTED_EDGE ( 'NONE', *, *, #2097, .F. ) ;
#1575 = EDGE_CURVE ( 'NONE', #7373, #9743, #868, .T. ) ;
#1576 = DIRECTION ( 'NONE',  ( 0.000000000000000000, -0.7637941823953369180, 0.6454598724467995874 ) ) ;
#1577 = CARTESIAN_POINT ( 'NONE',  ( 141.1768443246427864, 87.56945408528868313, 245.2785386233098563 ) ) ;
#1578 = CARTESIAN_POINT ( 'NONE',  ( -116.0112279832816853, 14.15872145276517102, 301.2015696622293035 ) ) ;
#1579 = VERTEX_POINT ( 'NONE', #5182 ) ;
#1580 = CARTESIAN_POINT ( 'NONE',  ( 79.99999999996879296, 18.49847829689354128, 347.2555441290919589 ) ) ;
#1581 = CARTESIAN_POINT ( 'NONE',  ( -79.52839140202971180, 21.01493450562238152, 346.8310373858737421 ) ) ;
#1582 = CARTESIAN_POINT ( 'NONE',  ( 32.95050090673346688, 14.05712092807968894, 354.9320221325577904 ) ) ;
#1583 = CARTESIAN_POINT ( 'NONE',  ( -63.16894221695440592, 38.99999999999995737, 352.6481567667980244 ) ) ;
#1584 = CARTESIAN_POINT ( 'NONE',  ( -141.1100763446224562, 87.71730049509453409, 245.5619879899049920 ) ) ;
#1585 = LINE ( 'NONE', #5450, #5226 ) ;
#1586 = CARTESIAN_POINT ( 'NONE',  ( -113.3309244610468483, 14.07342696138259441, 304.9514098024097848 ) ) ;
#1587 = EDGE_CURVE ( 'NONE', #951, #1124, #4735, .T. ) ;
#1588 = CARTESIAN_POINT ( 'NONE',  ( 85.46593308343616968, 140.9392665240719680, 331.1816991693160617 ) ) ;
#1589 = DIRECTION ( 'NONE',  ( 0.2146664121553413518, -0.2155089323888073061, 0.9526144191397639682 ) ) ;
#1590 = ORIENTED_EDGE ( 'NONE', *, *, #6890, .F. ) ;
#1591 = CARTESIAN_POINT ( 'NONE',  ( 142.4713823854987993, 91.09539021094236944, 246.6119351201429026 ) ) ;
#1592 = CARTESIAN_POINT ( 'NONE',  ( 72.12657779604995767, 13.29091974489353589, 356.7275883647906767 ) ) ;
#1593 = CARTESIAN_POINT ( 'NONE',  ( -78.85556667394175179, 39.17857924680652815, 335.7126948080608599 ) ) ;
#1594 = ORIENTED_EDGE ( 'NONE', *, *, #4399, .T. ) ;
#1595 = EDGE_CURVE ( 'NONE', #2778, #4126, #1834, .T. ) ;
#1596 = LINE ( 'NONE', #4016, #6840 ) ;
#1597 = B_SPLINE_CURVE_WITH_KNOTS ( 'NONE', 3,
 ( #9221, #5290, #1570, #8355, #3503, #9655, #2742, #8507, #2466, #909 ),
 .UNSPECIFIED., .F., .F.,
 ( 4, 2, 2, 2, 4 ),
 ( 0.0007887631372346286598, 0.001151087158602135622, 0.001513411179969642367, 0.001875735201337149112, 0.002238059222704656074 ),
 .UNSPECIFIED. ) ;
#1598 = CARTESIAN_POINT ( 'NONE',  ( 19.32591749911193801, 34.69729213755498876, 356.2309508873338473 ) ) ;
#1599 = ORIENTED_EDGE ( 'NONE', *, *, #7833, .T. ) ;
#1600 = DIRECTION ( 'NONE',  ( 0.000000000000000000, 0.000000000000000000, -1.000000000000000000 ) ) ;
#1601 = ORIENTED_EDGE ( 'NONE', *, *, #7658, .T. ) ;
#1602 = CARTESIAN_POINT ( 'NONE',  ( -147.4557136461677374, 58.54369539274208023, 263.1197112448799658 ) ) ;
#1603 = CARTESIAN_POINT ( 'NONE',  ( 0.000000000000000000, 13.99999999999995737, 212.1999999999999602 ) ) ;
#1604 = CARTESIAN_POINT ( 'NONE',  ( -13.85417397927061600, 13.17228389477971184, 357.1199284472210138 ) ) ;
#1605 = CARTESIAN_POINT ( 'NONE',  ( -76.80157546936261781, 12.97286310334650850, 357.1972466300826454 ) ) ;
#1606 = EDGE_LOOP ( 'NONE', ( #459, #2154, #61 ) ) ;
#1607 = ORIENTED_EDGE ( 'NONE', *, *, #2559, .T. ) ;
#1608 = CARTESIAN_POINT ( 'NONE',  ( -143.4040466960718732, 87.15493271257520291, 244.5153120237268922 ) ) ;
#1609 = CARTESIAN_POINT ( 'NONE',  ( -79.97934683207350304, 38.43682172646624196, 333.1476691025380887 ) ) ;
#1610 = VERTEX_POINT ( 'NONE', #1506 ) ;
#1611 = CARTESIAN_POINT ( 'NONE',  ( -141.4529712308191733, 87.15493271257520291, 244.0756479145605340 ) ) ;
#1612 = VERTEX_POINT ( 'NONE', #3201 ) ;
#1613 = CARTESIAN_POINT ( 'NONE',  ( -142.3567442031871906, 91.90742886549098500, 246.9039865459207306 ) ) ;
#1614 = CARTESIAN_POINT ( 'NONE',  ( -19.59249667865022104, 35.98821543130210898, 359.7451700580542706 ) ) ;
#1615 = CARTESIAN_POINT ( 'NONE',  ( 92.57206975857620534, 14.00544029757984532, 335.4593622381397608 ) ) ;
#1616 = CARTESIAN_POINT ( 'NONE',  ( 119.7134399979684929, 13.99999999999995737, 309.3357586946546576 ) ) ;
#1617 = EDGE_CURVE ( 'NONE', #8761, #3433, #4101, .T. ) ;
#1618 = AXIS2_PLACEMENT_3D ( 'NONE', #6171, #5452, #7686 ) ;
#1619 = CARTESIAN_POINT ( 'NONE',  ( 143.7843201693136166, 92.85819356192301655, 272.7153400340779967 ) ) ;
#1620 = ORIENTED_EDGE ( 'NONE', *, *, #3083, .T. ) ;
#1621 = DIRECTION ( 'NONE',  ( 0.000000000000000000, 0.000000000000000000, 1.000000000000000000 ) ) ;
#1622 = ORIENTED_EDGE ( 'NONE', *, *, #4331, .F. ) ;
#1623 = CARTESIAN_POINT ( 'NONE',  ( 79.41421356231901996, 21.13414141222228437, 346.8797868603186316 ) ) ;
#1624 = AXIS2_PLACEMENT_3D ( 'NONE', #1680, #971, #6876 ) ;
#1625 = ORIENTED_EDGE ( 'NONE', *, *, #6183, .F. ) ;
#1626 = DIRECTION ( 'NONE',  ( -1.827922934579468451E-16, 0.7637941823953526832, -0.6454598724467808246 ) ) ;
#1627 = CARTESIAN_POINT ( 'NONE',  ( 32.42274317135213124, 14.03489491931168764, 355.1602098573562785 ) ) ;
#1628 = CARTESIAN_POINT ( 'NONE',  ( 122.8506018580713146, 14.18060591313277286, 306.4364742234658934 ) ) ;
#1629 = CARTESIAN_POINT ( 'NONE',  ( -140.4938200413143647, 90.54790138824466794, 248.0677918762726790 ) ) ;
#1630 = EDGE_CURVE ( 'NONE', #37, #5798, #4282, .T. ) ;
#1631 = DIRECTION ( 'NONE',  ( 0.000000000000000000, -1.000000000000000000, 0.000000000000000000 ) ) ;
#1632 = AXIS2_PLACEMENT_3D ( 'NONE', #1792, #4816, #3973 ) ;
#1633 = CARTESIAN_POINT ( 'NONE',  ( -141.3545030455723861, 96.31730312684524620, 244.5191303149519229 ) ) ;
#1634 = CARTESIAN_POINT ( 'NONE',  ( 145.9999999999984936, 13.99999999999995737, 261.1897948556680831 ) ) ;
#1635 = CARTESIAN_POINT ( 'NONE',  ( 117.2362379767727703, 13.99999999999995737, 301.5988181220258753 ) ) ;
#1636 = VERTEX_POINT ( 'NONE', #8451 ) ;
#1637 = CARTESIAN_POINT ( 'NONE',  ( 7.842305037598882755, 13.86582555736464606, 357.0860036006821474 ) ) ;
#1638 = CIRCLE ( 'NONE', #4537, 2.000000000000001776 ) ;
#1639 = CARTESIAN_POINT ( 'NONE',  ( 45451.35083163177478, 13.99999999999995737, 114055.2382945854479 ) ) ;
#1640 = EDGE_CURVE ( 'NONE', #3062, #2200, #6193, .T. ) ;
#1641 = CARTESIAN_POINT ( 'NONE',  ( 67.76966001148015550, 32.08879839582520788, 352.8679995966051592 ) ) ;
#1642 = VECTOR ( 'NONE', #6682, 1000.000000000000114 ) ;
#1643 = CARTESIAN_POINT ( 'NONE',  ( 18.28120119813286948, 39.99529076867110433, 356.3589092099066988 ) ) ;
#1644 = EDGE_LOOP ( 'NONE', ( #6097, #6187, #801, #4047 ) ) ;
#1645 = SPHERICAL_SURFACE ( 'NONE', #3231, 2.000000000000000000 ) ;
#1646 = EDGE_LOOP ( 'NONE', ( #6424, #500, #1264, #9768 ) ) ;
#1647 = CARTESIAN_POINT ( 'NONE',  ( -79.58941462617585216, 15.99999999999995914, 350.5809198840078125 ) ) ;
#1648 = CARTESIAN_POINT ( 'NONE',  ( 33.66408990811154922, 14.58577828736143900, 353.8402225233362515 ) ) ;
#1649 = CARTESIAN_POINT ( 'NONE',  ( 86.62198976941226647, 13.99999999999995737, 335.9948099664350707 ) ) ;
#1650 = EDGE_CURVE ( 'NONE', #6458, #9673, #243, .T. ) ;
#1651 = CIRCLE ( 'NONE', #3594, 2.000000000000001776 ) ;
#1652 = ORIENTED_EDGE ( 'NONE', *, *, #6128, .F. ) ;
#1653 = AXIS2_PLACEMENT_3D ( 'NONE', #6520, #373, #5053 ) ;
#1654 = AXIS2_PLACEMENT_3D ( 'NONE', #4186, #6561, #1920 ) ;
#1655 = CARTESIAN_POINT ( 'NONE',  ( 132.3162811786640987, 88.95171432639585873, 271.5077152939202847 ) ) ;
#1656 = ADVANCED_FACE ( 'NONE', ( #151 ), #6603, .T. ) ;
#1657 = CARTESIAN_POINT ( 'NONE',  ( -33.89684310663468381, 14.01797040589271504, 354.9435528521453875 ) ) ;
#1658 = ORIENTED_EDGE ( 'NONE', *, *, #8037, .T. ) ;
#1659 = CARTESIAN_POINT ( 'NONE',  ( -93.49262380066817002, 14.03071568020044424, 335.0270654217190440 ) ) ;
#1660 = ORIENTED_EDGE ( 'NONE', *, *, #6026, .F. ) ;
#1661 = CARTESIAN_POINT ( 'NONE',  ( -1.414529833966644556, 13.96462494741997418, 357.1965467634302627 ) ) ;
#1662 = DIRECTION ( 'NONE',  ( 3.378674827220644093E-16, -0.000000000000000000, -1.000000000000000000 ) ) ;
#1663 = CARTESIAN_POINT ( 'NONE',  ( 76.23235152924918623, 14.13785291669458744, 356.9580064781321767 ) ) ;
#1664 = AXIS2_PLACEMENT_3D ( 'NONE', #8750, #2662, #6386 ) ;
#1665 = AXIS2_PLACEMENT_3D ( 'NONE', #4871, #1855, #6384 ) ;
#1666 = CARTESIAN_POINT ( 'NONE',  ( 142.8447822607929822, 93.72493850474128863, 274.9011507643710388 ) ) ;
#1667 = LINE ( 'NONE', #3484, #9546 ) ;
#1668 = CARTESIAN_POINT ( 'NONE',  ( 140.9816648808065622, 88.05869569551022380, 246.1005325825977081 ) ) ;
#1669 = EDGE_LOOP ( 'NONE', ( #1460, #8552, #959, #10 ) ) ;
#1670 = VECTOR ( 'NONE', #3093, 1000.000000000000000 ) ;
#1671 = EDGE_CURVE ( 'NONE', #976, #1719, #5782, .T. ) ;
#1672 = ORIENTED_EDGE ( 'NONE', *, *, #9738, .F. ) ;
#1673 = CARTESIAN_POINT ( 'NONE',  ( 138.3008862683587381, 49.89743747705070831, 255.7670936544485585 ) ) ;
#1674 = DIRECTION ( 'NONE',  ( 0.8547819248676729043, 0.000000000000000000, 0.5189873417719513826 ) ) ;
#1675 = CARTESIAN_POINT ( 'NONE',  ( 122.8306257997529656, 14.01846075889863741, 305.5936127267244160 ) ) ;
#1676 = CARTESIAN_POINT ( 'NONE',  ( -140.5279376878985431, 95.27916553464883975, 247.9340768643280910 ) ) ;
#1677 = CIRCLE ( 'NONE', #7315, 0.6499999999917127624 ) ;
#1678 = CIRCLE ( 'NONE', #7321, 0.6499999999999839240 ) ;
#1679 = CARTESIAN_POINT ( 'NONE',  ( 79.41627994934121659, 37.87624623892873643, 333.5181962386075156 ) ) ;
#1680 = CARTESIAN_POINT ( 'NONE',  ( -115.5426391678579847, 13.99999999999995737, 308.7293316430789218 ) ) ;
#1681 = CARTESIAN_POINT ( 'NONE',  ( 142.8680900268865628, 89.81210571636017903, 245.5697708683843530 ) ) ;
#1682 = DIRECTION ( 'NONE',  ( -1.000000000000000000, 4.930380657631323784E-32, -7.975740119433573893E-16 ) ) ;
#1683 = EDGE_CURVE ( 'NONE', #9795, #2869, #5696, .T. ) ;
#1684 = DIRECTION ( 'NONE',  ( 0.000000000000000000, 0.000000000000000000, -1.000000000000000000 ) ) ;
#1685 = FACE_OUTER_BOUND ( 'NONE', #4903, .T. ) ;
#1686 = ADVANCED_FACE ( 'NONE', ( #8090 ), #2481, .T. ) ;
#1687 = VERTEX_POINT ( 'NONE', #6025 ) ;
#1688 = LINE ( 'NONE', #4761, #9199 ) ;
#1689 = ORIENTED_EDGE ( 'NONE', *, *, #8596, .T. ) ;
#1690 = CARTESIAN_POINT ( 'NONE',  ( -140.9397653600547642, 90.56383273463173111, 246.3005062967856418 ) ) ;
#1691 = CARTESIAN_POINT ( 'NONE',  ( 30.12050011763726687, 13.79911275648882096, 356.1041485325080203 ) ) ;
#1692 = DIRECTION ( 'NONE',  ( 0.000000000000000000, 1.000000000000000000, -0.000000000000000000 ) ) ;
#1693 = FACE_OUTER_BOUND ( 'NONE', #2270, .T. ) ;
#1694 = DIRECTION ( 'NONE',  ( -0.000000000000000000, 1.000000000000000000, 0.000000000000000000 ) ) ;
#1695 = CARTESIAN_POINT ( 'NONE',  ( -129.4473257621832829, 87.08945949395186403, 277.5332177168535281 ) ) ;
#1696 = ORIENTED_EDGE ( 'NONE', *, *, #638, .F. ) ;
#1697 = CARTESIAN_POINT ( 'NONE',  ( -80.52727289941296362, 21.04625972192726024, 345.8090936739046128 ) ) ;
#1698 = SPHERICAL_SURFACE ( 'NONE', #7450, 2.000000000000000000 ) ;
#1699 = ADVANCED_FACE ( 'NONE', ( #2094 ), #5170, .T. ) ;
#1700 = CARTESIAN_POINT ( 'NONE',  ( 113.6848775212756522, 13.99999999999995737, 305.3919987068232444 ) ) ;
#1701 = ORIENTED_EDGE ( 'NONE', *, *, #2822, .T. ) ;
#1702 = DIRECTION ( 'NONE',  ( -2.180799023016986143E-16, -0.7637941823953527942, 0.6454598724467808246 ) ) ;
#1703 = CARTESIAN_POINT ( 'NONE',  ( 27.73457704118228762, 15.69029042804116081, 354.5669857768584166 ) ) ;
#1704 = DIRECTION ( 'NONE',  ( -0.6069928224449996357, -0.000000000000000000, -0.7947073131035433669 ) ) ;
#1705 = EDGE_LOOP ( 'NONE', ( #1925, #4519, #6462, #4538 ) ) ;
#1706 = ORIENTED_EDGE ( 'NONE', *, *, #1949, .F. ) ;
#1707 = CARTESIAN_POINT ( 'NONE',  ( -145.9999999999968736, 140.9999999999999716, 244.5153120237364419 ) ) ;
#1708 = EDGE_CURVE ( 'NONE', #7199, #7085, #5224, .T. ) ;
#1709 = CARTESIAN_POINT ( 'NONE',  ( -79.83561523769219548, 40.19246723199855609, 342.7597046287287981 ) ) ;
#1710 = ORIENTED_EDGE ( 'NONE', *, *, #1798, .T. ) ;
#1711 = CARTESIAN_POINT ( 'NONE',  ( 1.009719629430382282E-25, 13.99999999999995737, 212.1999999999999602 ) ) ;
#1712 = ORIENTED_EDGE ( 'NONE', *, *, #1192, .F. ) ;
#1713 = CARTESIAN_POINT ( 'NONE',  ( -3.946494540434775100, 13.97210429976498247, 357.1697182850366517 ) ) ;
#1714 = CARTESIAN_POINT ( 'NONE',  ( -1.652655455993694473E-13, 12.34251940653939883, 357.1999999999999886 ) ) ;
#1715 = AXIS2_PLACEMENT_3D ( 'NONE', #7324, #8212, #468 ) ;
#1716 = CARTESIAN_POINT ( 'NONE',  ( 93.79558617457350067, 13.99999999999995737, 333.8441385773405727 ) ) ;
#1717 = EDGE_CURVE ( 'NONE', #5323, #3355, #5950, .T. ) ;
#1718 = CARTESIAN_POINT ( 'NONE',  ( -144.1716955386534096, 91.70094384314715796, 271.7863585864140532 ) ) ;
#1719 = VERTEX_POINT ( 'NONE', #493 ) ;
#1720 = CARTESIAN_POINT ( 'NONE',  ( 136.8015406140874006, 62.80976773006783986, 260.2664039972448791 ) ) ;
#1721 = CARTESIAN_POINT ( 'NONE',  ( 11.31765975372622890, 13.71090266881897435, 357.0036314914559625 ) ) ;
#1722 = CARTESIAN_POINT ( 'NONE',  ( 94.26941706898760742, 13.99999999999995737, 333.9755189086594100 ) ) ;
#1723 = ORIENTED_EDGE ( 'NONE', *, *, #2182, .F. ) ;
#1724 = ORIENTED_EDGE ( 'NONE', *, *, #6071, .T. ) ;
#1725 = CARTESIAN_POINT ( 'NONE',  ( 139.8618521465374158, 52.78821379041640682, 250.4580900907848502 ) ) ;
#1726 = DIRECTION ( 'NONE',  ( -0.9755377326263403592, 0.000000000000000000, 0.2198320545831729256 ) ) ;
#1727 = CARTESIAN_POINT ( 'NONE',  ( -63.49639977392181578, 38.99999999993224264, 354.5248349190913473 ) ) ;
#1728 = CARTESIAN_POINT ( 'NONE',  ( 143.4040466960721290, 87.15493271257436447, 244.5153120237258406 ) ) ;
#1729 = CARTESIAN_POINT ( 'NONE',  ( 79.99999999996879296, 40.99999999999995026, 334.2040982918406371 ) ) ;
#1730 = LINE ( 'NONE', #2280, #8696 ) ;
#1731 = AXIS2_PLACEMENT_3D ( 'NONE', #8854, #7446, #8805 ) ;
#1732 = CARTESIAN_POINT ( 'NONE',  ( 141.4529712308194291, 87.15493271257496133, 244.0756479145594824 ) ) ;
#1733 = CARTESIAN_POINT ( 'NONE',  ( -140.8816260565299672, 94.57496342218807683, 246.5426858554572789 ) ) ;
#1734 = CYLINDRICAL_SURFACE ( 'NONE', #5831, 0.6499999999999839240 ) ;
#1735 = CARTESIAN_POINT ( 'NONE',  ( 90.49371913728549544, 140.9999999999999716, 337.0100562055619093 ) ) ;
#1736 = ORIENTED_EDGE ( 'NONE', *, *, #3890, .F. ) ;
#1737 = CARTESIAN_POINT ( 'NONE',  ( -143.1259581614635579, 89.37358680287330515, 244.8641698350361366 ) ) ;
#1738 = CARTESIAN_POINT ( 'NONE',  ( -21.96607319299925365, 14.01131206057882039, 356.2271762606301877 ) ) ;
#1739 = CARTESIAN_POINT ( 'NONE',  ( 12.66920925379919005, 14.17800949310872305, 356.8082232782526262 ) ) ;
#1740 = CARTESIAN_POINT ( 'NONE',  ( 111.7844301505944031, 5.499999999999952927, 359.2000000000001023 ) ) ;
#1741 = DIRECTION ( 'NONE',  ( 0.5324675324673266985, 0.000000000000000000, 0.8464504278858606678 ) ) ;
#1742 = EDGE_CURVE ( 'NONE', #8933, #6587, #9736, .T. ) ;
#1743 = CARTESIAN_POINT ( 'NONE',  ( 116.2513158289345654, 140.8499132246190300, 300.9224070823516968 ) ) ;
#1744 = CARTESIAN_POINT ( 'NONE',  ( -129.8507323472699113, 86.57593839262594315, 276.7278797777423733 ) ) ;
#1745 = VERTEX_POINT ( 'NONE', #8336 ) ;
#1746 = PLANE ( 'NONE',  #4063 ) ;
#1747 = DIRECTION ( 'NONE',  ( 0.000000000000000000, 0.000000000000000000, -1.000000000000000000 ) ) ;
#1748 = ORIENTED_EDGE ( 'NONE', *, *, #8948, .T. ) ;
#1749 = CARTESIAN_POINT ( 'NONE',  ( -130.0646329329308912, 93.54459933011763439, 276.2956422732244732 ) ) ;
#1750 = CARTESIAN_POINT ( 'NONE',  ( 14.31932587245843536, 15.55815094137171606, 356.5223821012613143 ) ) ;
#1751 = CARTESIAN_POINT ( 'NONE',  ( -2.604733164867157225, 12.34075976429594235, 357.1999999999999886 ) ) ;
#1752 = CARTESIAN_POINT ( 'NONE',  ( -73.65055253016120673, 14.68542292875181232, 359.8754999342870633 ) ) ;
#1753 = VERTEX_POINT ( 'NONE', #8905 ) ;
#1754 = EDGE_CURVE ( 'NONE', #6711, #8869, #1201, .T. ) ;
#1755 = EDGE_LOOP ( 'NONE', ( #7273, #420, #8704, #2143, #3101, #7504, #2711, #3641, #2513, #4832, #9790, #3319, #3292, #6679, #7593 ) ) ;
#1756 = FACE_OUTER_BOUND ( 'NONE', #5736, .T. ) ;
#1757 = ORIENTED_EDGE ( 'NONE', *, *, #1259, .F. ) ;
#1758 = CARTESIAN_POINT ( 'NONE',  ( 140.4194201316588533, 91.46061463908358746, 248.3578437867447235 ) ) ;
#1759 = ORIENTED_EDGE ( 'NONE', *, *, #8367, .T. ) ;
#1760 = CARTESIAN_POINT ( 'NONE',  ( -11.79087118600046580, 14.36130983248212090, 356.8236809815522861 ) ) ;
#1761 = EDGE_LOOP ( 'NONE', ( #5844, #8954, #4280, #5136 ) ) ;
#1762 = CARTESIAN_POINT ( 'NONE',  ( -18.28120119957124956, 39.99529076406081884, 356.3589092076835527 ) ) ;
#1763 = CARTESIAN_POINT ( 'NONE',  ( -89.88761138879748103, 140.9999999999999716, 337.2448612251479858 ) ) ;
#1764 = EDGE_CURVE ( 'NONE', #9004, #8051, #7934, .T. ) ;
#1765 = CARTESIAN_POINT ( 'NONE',  ( -94.13988638110805596, 14.17114483271891245, 335.0970536838335647 ) ) ;
#1766 = EDGE_LOOP ( 'NONE', ( #7930, #3294, #633, #1817 ) ) ;
#1767 = DIRECTION ( 'NONE',  ( -1.000000000000000000, -0.000000000000000000, -9.375481869179546269E-12 ) ) ;
#1768 = CARTESIAN_POINT ( 'NONE',  ( 10.87216315311493631, 12.31150226098600697, 357.1999999999999886 ) ) ;
#1769 = CYLINDRICAL_SURFACE ( 'NONE', #1831, 0.6499999999999839240 ) ;
#1770 = ORIENTED_EDGE ( 'NONE', *, *, #9126, .T. ) ;
#1771 = FACE_OUTER_BOUND ( 'NONE', #4121, .T. ) ;
#1772 = CARTESIAN_POINT ( 'NONE',  ( 138.4421085594225076, 49.93787058324762995, 255.3161496781251572 ) ) ;
#1773 = DIRECTION ( 'NONE',  ( -0.1171433740337050750, -0.000000000000000000, 0.9931150134400341667 ) ) ;
#1774 = CARTESIAN_POINT ( 'NONE',  ( 63.16894221695827838, 36.99999999999995026, 352.6481567667962622 ) ) ;
#1775 =( BOUNDED_SURFACE ( )  B_SPLINE_SURFACE ( 3, 2, ( 
 ( #284, #4009, #8628 ),
 ( #7972, #236, #182 ),
 ( #7083, #85, #5608 ),
 ( #4055, #1633, #3343 ),
 ( #3138, #8523, #2434 ),
 ( #8575, #3235, #7135 ),
 ( #6223, #1784, #6320 ),
 ( #9384, #2388, #4856 ),
 ( #6422, #4710, #9487 ),
 ( #3957, #5659, #8731 ),
 ( #7827, #6267, #5501 ),
 ( #5556, #1733, #7334 ),
 ( #1280, #3450, #2739 ),
 ( #1234, #8839, #5286 ),
 ( #1933, #7430, #6625 ),
 ( #8070, #5809, #9700 ),
 ( #8887, #2786, #5866 ),
 ( #7236, #6478, #2593 ),
 ( #5661, #9550, #3238 ),
 ( #7240, #6324, #4013 ),
 ( #8736, #2648, #3295 ),
 ( #7138, #5718, #7086 ),
 ( #1842, #3961, #6271 ),
 ( #7786, #1690, #885 ),
 ( #4059, #7039, #5611 ),
 ( #138, #9387, #3187 ),
 ( #4914, #7976, #1092 ),
 ( #4156, #2437, #239 ),
 ( #5507, #2491, #9441 ),
 ( #8579, #4763, #7830 ),
 ( #5560, #8631, #1737 ),
 ( #2543, #4860, #6578 ),
 ( #4204, #8789, #9810 ),
 ( #9603, #3549, #1990 ) ),
 .UNSPECIFIED., .F., .F., .T. ) 
 B_SPLINE_SURFACE_WITH_KNOTS ( ( 4, 2, 2, 2, 2, 2, 2, 2, 2, 2, 2, 2, 2, 2, 2, 2, 4 ),
 ( 3, 3 ),
 ( 0.008400488903491333190, 0.009376445247884161727, 0.01035240159227699200, 0.01132835793666982227, 0.01230431428106265254, 0.01328027062545548281, 0.01425622696984831309, 0.01523218331424114336, 0.01620813965863397363, 0.01718409600302680390, 0.01816005234741963417, 0.01913600869181246444, 0.02011196503620529472, 0.02108792138059812499, 0.02206387772499095526, 0.02303983406938378553, 0.02401579041377661580 ),
 ( 0.000000000000000000, 1.000000000000000000 ),
 .UNSPECIFIED. ) 
 GEOMETRIC_REPRESENTATION_ITEM ( )  RATIONAL_B_SPLINE_SURFACE ( (
 ( 1.000000000000000000, 0.7240533767092317552, 1.000000000000000000),
 ( 1.000000000000000000, 0.7283125778105035142, 1.000000000000000000),
 ( 1.000000000000000000, 0.7325514800446679686, 1.000000000000000000),
 ( 1.000000000000000000, 0.7409563096343012578, 1.000000000000000000),
 ( 1.000000000000000000, 0.7451405118483778178, 1.000000000000000000),
 ( 1.000000000000000000, 0.7530967026201857983, 1.000000000000000000),
 ( 1.000000000000000000, 0.7569063993331760498, 1.000000000000000000),
 ( 1.000000000000000000, 0.7641449696532446323, 1.000000000000000000),
 ( 1.000000000000000000, 0.7675946476573451971, 1.000000000000000000),
 ( 1.000000000000000000, 0.7738137958438520148, 1.000000000000000000),
 ( 1.000000000000000000, 0.7766135426295609490, 1.000000000000000000),
 ( 1.000000000000000000, 0.7815523396681470780, 1.000000000000000000),
 ( 1.000000000000000000, 0.7837026275333127678, 1.000000000000000000),
 ( 1.000000000000000000, 0.7871382798712662776, 1.000000000000000000),
 ( 1.000000000000000000, 0.7884451473767086771, 1.000000000000000000),
 ( 1.000000000000000000, 0.7902135655537088077, 1.000000000000000000),
 ( 1.000000000000000000, 0.7906678582028920932, 1.000000000000000000),
 ( 1.000000000000000000, 0.7906712602485170827, 1.000000000000000000),
 ( 1.000000000000000000, 0.7902335187213294088, 1.000000000000000000),
 ( 1.000000000000000000, 0.7884816540153158915, 1.000000000000000000),
 ( 1.000000000000000000, 0.7871527627412043815, 1.000000000000000000),
 ( 1.000000000000000000, 0.7837304884264318927, 1.000000000000000000),
 ( 1.000000000000000000, 0.7816318892506969318, 1.000000000000000000),
 ( 1.000000000000000000, 0.7766854908440995464, 1.000000000000000000),
 ( 1.000000000000000000, 0.7738321969600160388, 1.000000000000000000),
 ( 1.000000000000000000, 0.7676237132567639287, 1.000000000000000000),
 ( 1.000000000000000000, 0.7642460147816854121, 1.000000000000000000),
 ( 1.000000000000000000, 0.7569796388287064470, 1.000000000000000000),
 ( 1.000000000000000000, 0.7531029079792497249, 1.000000000000000000),
 ( 1.000000000000000000, 0.7451547103459754684, 1.000000000000000000),
 ( 1.000000000000000000, 0.7410513790442079252, 1.000000000000000000),
 ( 1.000000000000000000, 0.7326203545496379199, 1.000000000000000000),
 ( 1.000000000000000000, 0.7282890997766441332, 1.000000000000000000),
 ( 1.000000000000000000, 0.7240533767092296458, 1.000000000000000000) ) ) 
 REPRESENTATION_ITEM ( '' )  SURFACE ( )  );
#1776 = AXIS2_PLACEMENT_3D ( 'NONE', #476, #4108, #1783 ) ;
#1777 = CARTESIAN_POINT ( 'NONE',  ( -81.94478217287598909, 38.22690420544314804, 344.9445055494645089 ) ) ;
#1778 = EDGE_CURVE ( 'NONE', #8353, #6270, #835, .T. ) ;
#1779 = CARTESIAN_POINT ( 'NONE',  ( -120.7638024623814772, 13.99999999999995737, 302.1117197486524333 ) ) ;
#1780 = DIRECTION ( 'NONE',  ( 0.000000000000000000, 0.000000000000000000, 1.000000000000000000 ) ) ;
#1781 = CARTESIAN_POINT ( 'NONE',  ( -6.026822923442828994, 15.44025149445945821, 357.0934509694000667 ) ) ;
#1782 = AXIS2_PLACEMENT_3D ( 'NONE', #5500, #3340, #7233 ) ;
#1783 = DIRECTION ( 'NONE',  ( 0.6194054863512280518, 0.000000000000000000, 0.7850712346519891360 ) ) ;
#1784 = CARTESIAN_POINT ( 'NONE',  ( -141.1719920492710401, 95.91595866244605872, 245.3150265746415641 ) ) ;
#1785 = EDGE_LOOP ( 'NONE', ( #4218, #2938, #7073, #7171 ) ) ;
#1786 = CARTESIAN_POINT ( 'NONE',  ( -32.95050090673392873, 14.05712092807968183, 354.9320221325575631 ) ) ;
#1787 = CARTESIAN_POINT ( 'NONE',  ( 21.93607245818424190, 13.75643320324225094, 356.5039994203264655 ) ) ;
#1788 = CIRCLE ( 'NONE', #5169, 2.000000000000001776 ) ;
#1789 = CARTESIAN_POINT ( 'NONE',  ( 82.44964889396172225, 38.86404747731701548, 344.6314571423170037 ) ) ;
#1790 = CARTESIAN_POINT ( 'NONE',  ( -129.7446111183711821, 86.68472297025486739, 276.9409163583134728 ) ) ;
#1791 = EDGE_LOOP ( 'NONE', ( #8158, #2129, #7621, #6311 ) ) ;
#1792 = CARTESIAN_POINT ( 'NONE',  ( -77.99999999996879296, 15.99999999999995914, 347.2555441290919589 ) ) ;
#1793 = DIRECTION ( 'NONE',  ( -0.000000000000000000, 1.000000000000000000, -0.000000000000000000 ) ) ;
#1794 = AXIS2_PLACEMENT_3D ( 'NONE', #8690, #4071, #6281 ) ;
#1795 = CARTESIAN_POINT ( 'NONE',  ( 141.4529712308200260, 98.37148522368129022, 244.0756479145569244 ) ) ;
#1796 = ORIENTED_EDGE ( 'NONE', *, *, #2075, .T. ) ;
#1797 = CARTESIAN_POINT ( 'NONE',  ( -122.9325892324253715, 14.17140097365112617, 306.2994620065130107 ) ) ;
#1798 = EDGE_CURVE ( 'NONE', #2665, #643, #3615, .T. ) ;
#1799 = CARTESIAN_POINT ( 'NONE',  ( 2.294593924113543792, 15.41197509852726810, 357.1929548005799120 ) ) ;
#1800 = CARTESIAN_POINT ( 'NONE',  ( 79.99999999996879296, 40.99999999999996447, 346.1742927248212709 ) ) ;
#1801 = ORIENTED_EDGE ( 'NONE', *, *, #9632, .T. ) ;
#1802 = CIRCLE ( 'NONE', #1794, 2.000000000000001776 ) ;
#1803 = CARTESIAN_POINT ( 'NONE',  ( -116.0598518628293192, 140.8369223811518509, 301.1222230321688471 ) ) ;
#1804 = CARTESIAN_POINT ( 'NONE',  ( 145.9999999999983800, 92.76320896812782735, 243.2465577364812077 ) ) ;
#1805 = ORIENTED_EDGE ( 'NONE', *, *, #3050, .F. ) ;
#1806 = AXIS2_PLACEMENT_3D ( 'NONE', #1431, #7624, #9855 ) ;
#1807 = EDGE_CURVE ( 'NONE', #2946, #5323, #2803, .T. ) ;
#1808 = CARTESIAN_POINT ( 'NONE',  ( 140.9406212577642634, 90.55893097778447043, 246.2969267387221066 ) ) ;
#1809 = AXIS2_PLACEMENT_3D ( 'NONE', #2036, #530, #5764 ) ;
#1810 = ORIENTED_EDGE ( 'NONE', *, *, #9889, .F. ) ;
#1811 = CARTESIAN_POINT ( 'NONE',  ( -93.35076012443974491, 13.99999999999995737, 334.8783676550358450 ) ) ;
#1812 = FACE_OUTER_BOUND ( 'NONE', #9752, .T. ) ;
#1813 = CARTESIAN_POINT ( 'NONE',  ( -79.69493531128827613, 39.92987486350550341, 334.6121108938368138 ) ) ;
#1814 = AXIS2_PLACEMENT_3D ( 'NONE', #8120, #8063, #4249 ) ;
#1815 = CIRCLE ( 'NONE', #5190, 1.999999999999986677 ) ;
#1816 = CARTESIAN_POINT ( 'NONE',  ( 90.23614448242146580, 14.06180382104467164, 337.6206282067369671 ) ) ;
#1817 = ORIENTED_EDGE ( 'NONE', *, *, #8219, .F. ) ;
#1818 = CARTESIAN_POINT ( 'NONE',  ( 0.000000000000000000, 36.99999999999995026, 212.1999999999999602 ) ) ;
#1819 = CARTESIAN_POINT ( 'NONE',  ( 4.779641295063187023, 12.58455659592631903, 357.1996446289449523 ) ) ;
#1820 = LINE ( 'NONE', #4841, #5694 ) ;
#1821 = EDGE_LOOP ( 'NONE', ( #6559, #5660, #2564, #9653, #7538 ) ) ;
#1822 = EDGE_CURVE ( 'NONE', #63, #6646, #6989, .T. ) ;
#1823 = CARTESIAN_POINT ( 'NONE',  ( 79.41421356231901996, 21.13414141222228437, 346.8797868603186316 ) ) ;
#1824 = ORIENTED_EDGE ( 'NONE', *, *, #9008, .F. ) ;
#1825 = CARTESIAN_POINT ( 'NONE',  ( 135.9890975912447004, 53.79538620867674581, 262.5187810834169113 ) ) ;
#1826 = CARTESIAN_POINT ( 'NONE',  ( -73.64756716163854833, 26.00553272294186513, 350.3131185707439954 ) ) ;
#1827 = VECTOR ( 'NONE', #7051, 1000.000000000000000 ) ;
#1828 = CYLINDRICAL_SURFACE ( 'NONE', #1653, 2.000000000000001776 ) ;
#1829 = AXIS2_PLACEMENT_3D ( 'NONE', #3944, #8511, #1576 ) ;
#1830 = CARTESIAN_POINT ( 'NONE',  ( -80.92253413095330927, 37.46313768308866798, 345.5701899395800751 ) ) ;
#1831 = AXIS2_PLACEMENT_3D ( 'NONE', #3381, #9589, #3279 ) ;
#1832 = DIRECTION ( 'NONE',  ( -0.000000000000000000, 1.000000000000000000, -0.000000000000000000 ) ) ;
#1833 = CARTESIAN_POINT ( 'NONE',  ( 93.79558617457350067, 13.99999999999995737, 333.8441385773405727 ) ) ;
#1834 = CIRCLE ( 'NONE', #5527, 1.999999999999997780 ) ;
#1835 = CARTESIAN_POINT ( 'NONE',  ( -13.61816926614537415, 15.73393652299291645, 356.5665498062931533 ) ) ;
#1836 = CARTESIAN_POINT ( 'NONE',  ( 141.0955764937385197, 88.95834579569719835, 278.7435316675739614 ) ) ;
#1837 = DIRECTION ( 'NONE',  ( 0.000000000000000000, 0.000000000000000000, -1.000000000000000000 ) ) ;
#1838 =( BOUNDED_SURFACE ( )  B_SPLINE_SURFACE ( 3, 2, ( 
 ( #7774, #9429, #1583 ),
 ( #3951, #1727, #2427 ),
 ( #4703, #2530, #4799 ),
 ( #4607, #4050, #4655 ),
 ( #4004, #9282, #5601 ),
 ( #3846, #8672, #8517 ) ),
 .UNSPECIFIED., .F., .F., .T. ) 
 B_SPLINE_SURFACE_WITH_KNOTS ( ( 4, 2, 4 ),
 ( 3, 3 ),
 ( 0.002894396625963298157, 0.004769305619046320874, 0.006644214612129343590 ),
 ( 0.000000000000000000, 1.000000000000000000 ),
 .UNSPECIFIED. ) 
 GEOMETRIC_REPRESENTATION_ITEM ( )  RATIONAL_B_SPLINE_SURFACE ( (
 ( 1.000000000000000000, 0.7071067811871523112, 1.000000000000000000),
 ( 1.000000000000000000, 0.7354212465090691486, 1.000000000000000000),
 ( 1.000000000000000000, 0.7615438800183080836, 1.000000000000000000),
 ( 1.000000000000000000, 0.8103876904592453023, 1.000000000000000000),
 ( 1.000000000000000000, 0.8333294004855433812, 1.000000000000000000),
 ( 1.000000000000000000, 0.8533490062082934591, 1.000000000000000000) ) ) 
 REPRESENTATION_ITEM ( '' )  SURFACE ( )  );
#1839 = ADVANCED_FACE ( 'NONE', ( #91 ), #3042, .F. ) ;
#1840 = DIRECTION ( 'NONE',  ( -0.000000000000000000, 1.000000000000000000, -0.000000000000000000 ) ) ;
#1841 = ORIENTED_EDGE ( 'NONE', *, *, #9261, .F. ) ;
#1842 = CARTESIAN_POINT ( 'NONE',  ( -140.5285280750287029, 90.24211560308586400, 247.9317622208437513 ) ) ;
#1843 = CARTESIAN_POINT ( 'NONE',  ( -23.25549909703843454, 13.59140635375357853, 356.6167328900456255 ) ) ;
#1844 = VECTOR ( 'NONE', #9687, 1000.000000000000227 ) ;
#1845 = CARTESIAN_POINT ( 'NONE',  ( 18.15797081291336923, 13.84058633454972487, 356.6358360710596571 ) ) ;
#1846 = CARTESIAN_POINT ( 'NONE',  ( 145.9999999999983800, 96.42078043914094110, 244.0740061846825313 ) ) ;
#1847 = AXIS2_PLACEMENT_3D ( 'NONE', #9801, #5247, #5859 ) ;
#1848 = LINE ( 'NONE', #2654, #6356 ) ;
#1849 = ADVANCED_FACE ( 'NONE', ( #7791 ), #6229, .T. ) ;
#1850 = TOROIDAL_SURFACE ( 'NONE', #7947, 154.0000000000000000, 2.000000000000000000 ) ;
#1851 = CARTESIAN_POINT ( 'NONE',  ( -139.8618521465373874, 61.21178620958363581, 250.4580900907849639 ) ) ;
#1852 = VERTEX_POINT ( 'NONE', #5510 ) ;
#1853 = CARTESIAN_POINT ( 'NONE',  ( -115.4284676586658094, 15.99999999999995914, 300.3635920804545094 ) ) ;
#1854 = DIRECTION ( 'NONE',  ( -0.000000000000000000, 1.000000000000000000, -0.000000000000000000 ) ) ;
#1855 = DIRECTION ( 'NONE',  ( 0.000000000000000000, 1.000000000000000000, 0.000000000000000000 ) ) ;
#1856 = ORIENTED_EDGE ( 'NONE', *, *, #1871, .T. ) ;
#1857 = CARTESIAN_POINT ( 'NONE',  ( -86.12827063230193403, 13.99999999999995737, 331.1591708579985607 ) ) ;
#1858 = CARTESIAN_POINT ( 'NONE',  ( 33.62776714840921954, 14.81811705778738819, 353.6100418503813216 ) ) ;
#1859 = CARTESIAN_POINT ( 'NONE',  ( -9.933808713457210615, 11.99999999999995914, 357.1999999999999886 ) ) ;
#1860 = VERTEX_POINT ( 'NONE', #3191 ) ;
#1861 = VERTEX_POINT ( 'NONE', #1549 ) ;
#1862 = DIRECTION ( 'NONE',  ( -0.6069928224449996357, -0.000000000000000000, -0.7947073131035433669 ) ) ;
#1863 = CARTESIAN_POINT ( 'NONE',  ( -33.67317059803753665, 14.52769359475490596, 353.8977676915749839 ) ) ;
#1864 = ORIENTED_EDGE ( 'NONE', *, *, #8832, .F. ) ;
#1865 = FACE_OUTER_BOUND ( 'NONE', #1669, .T. ) ;
#1866 = CARTESIAN_POINT ( 'NONE',  ( 140.3837535064999997, 93.08764953224807925, 248.4960294169773647 ) ) ;
#1867 = ORIENTED_EDGE ( 'NONE', *, *, #6743, .T. ) ;
#1868 = LINE ( 'NONE', #4940, #915 ) ;
#1869 = DIRECTION ( 'NONE',  ( 0.000000000000000000, 0.000000000000000000, -1.000000000000000000 ) ) ;
#1870 = CARTESIAN_POINT ( 'NONE',  ( -79.79800828609279506, 38.23143011968419813, 333.2674548860010759 ) ) ;
#1871 = EDGE_CURVE ( 'NONE', #6999, #2377, #8585, .T. ) ;
#1872 = CARTESIAN_POINT ( 'NONE',  ( 89.88761138879748103, 13.99999999999995737, 337.2448612251479858 ) ) ;
#1873 = VERTEX_POINT ( 'NONE', #8486 ) ;
#1874 = CARTESIAN_POINT ( 'NONE',  ( -1.408810568206502965E-13, 14.62662817220120814, 357.1973292566195255 ) ) ;
#1875 = AXIS2_PLACEMENT_3D ( 'NONE', #381, #4258, #430 ) ;
#1876 = CARTESIAN_POINT ( 'NONE',  ( 34.05192214765793324, 12.39803087335089238, 357.1780902999711316 ) ) ;
#1877 = LINE ( 'NONE', #4188, #3762 ) ;
#1878 = EDGE_LOOP ( 'NONE', ( #3148, #782, #5598, #20 ) ) ;
#1879 = AXIS2_PLACEMENT_3D ( 'NONE', #7572, #6215, #2977 ) ;
#1880 = CARTESIAN_POINT ( 'NONE',  ( 120.1160535641414242, 13.99999999999995737, 308.8254623921660595 ) ) ;
#1881 = ORIENTED_EDGE ( 'NONE', *, *, #6864, .F. ) ;
#1882 = CARTESIAN_POINT ( 'NONE',  ( 138.9162194555861447, 50.32035971671434282, 253.7611979622392369 ) ) ;
#1883 = DIRECTION ( 'NONE',  ( -0.1438852690977445725, 0.000000000000000000, 0.9895943761646333048 ) ) ;
#1884 = CARTESIAN_POINT ( 'NONE',  ( -145.9999999999968736, 98.37148522367829173, 244.5153120237364419 ) ) ;
#1885 = CARTESIAN_POINT ( 'NONE',  ( -143.4040466960718732, 140.9999999999999716, 244.5153120237268922 ) ) ;
#1886 = EDGE_CURVE ( 'NONE', #7571, #6204, #2475, .T. ) ;
#1887 = CARTESIAN_POINT ( 'NONE',  ( -399999.9999999973807, 138.9999999999999432, 244.5153120201457568 ) ) ;
#1888 = CARTESIAN_POINT ( 'NONE',  ( 143.4040466960721005, 98.37148522368069337, 244.5153120237258406 ) ) ;
#1889 = FACE_OUTER_BOUND ( 'NONE', #846, .T. ) ;
#1890 = DIRECTION ( 'NONE',  ( 0.000000000000000000, 0.000000000000000000, -1.000000000000000000 ) ) ;
#1891 = DIRECTION ( 'NONE',  ( 0.000000000000000000, 1.000000000000000000, 0.000000000000000000 ) ) ;
#1892 = AXIS2_PLACEMENT_3D ( 'NONE', #5003, #6522, #7327 ) ;
#1893 = EDGE_LOOP ( 'NONE', ( #8309, #6066, #6321, #2103, #8925, #9682 ) ) ;
#1894 = CARTESIAN_POINT ( 'NONE',  ( -32.42274317135249362, 14.03489491931161304, 355.1602098573562785 ) ) ;
#1895 = CARTESIAN_POINT ( 'NONE',  ( 20.53273052648540187, 13.63275250198746491, 356.6836602004410111 ) ) ;
#1896 = DIRECTION ( 'NONE',  ( 0.000000000000000000, 1.000000000000000000, 0.000000000000000000 ) ) ;
#1897 = B_SPLINE_CURVE_WITH_KNOTS ( 'NONE', 3,
 ( #8218, #9906, #1327, #4401, #7480, #576, #4448, #6724, #5952, #1378, #3156, #7602 ),
 .UNSPECIFIED., .F., .F.,
 ( 4, 2, 2, 2, 2, 4 ),
 ( 0.000000000000000000, 0.0009863040126366004468, 0.001972608025273200894, 0.002958912037909801340, 0.003452064044228078145, 0.003945216050546354949 ),
 .UNSPECIFIED. ) ;
#1898 = EDGE_CURVE ( 'NONE', #964, #3488, #4667, .T. ) ;
#1899 = DIRECTION ( 'NONE',  ( -1.000000000000000000, 0.000000000000000000, -1.362715387962093563E-14 ) ) ;
#1900 = LINE ( 'NONE', #1242, #3259 ) ;
#1901 = CARTESIAN_POINT ( 'NONE',  ( -122.3240216452302036, 13.99999999999995737, 306.0269527474412143 ) ) ;
#1902 = DIRECTION ( 'NONE',  ( -0.3951083689216852712, 0.000000000000000000, 0.9186345175356984694 ) ) ;
#1903 = DIRECTION ( 'NONE',  ( -0.000000000000000000, 1.000000000000000000, 0.000000000000000000 ) ) ;
#1904 = VERTEX_POINT ( 'NONE', #3143 ) ;
#1905 = CARTESIAN_POINT ( 'NONE',  ( -130.8482242612016080, 93.70514969016645068, 274.6804540163288380 ) ) ;
#1906 = EDGE_CURVE ( 'NONE', #6810, #4598, #9296, .T. ) ;
#1907 = CARTESIAN_POINT ( 'NONE',  ( 77.99999999996877875, 38.99999999999995737, 344.9855413816009673 ) ) ;
#1908 = FACE_OUTER_BOUND ( 'NONE', #4573, .T. ) ;
#1909 = ORIENTED_EDGE ( 'NONE', *, *, #9509, .F. ) ;
#1910 = EDGE_LOOP ( 'NONE', ( #7163, #3305, #6805, #7411 ) ) ;
#1911 = DIRECTION ( 'NONE',  ( 0.000000000000000000, -1.000000000000000000, 0.000000000000000000 ) ) ;
#1912 = VERTEX_POINT ( 'NONE', #9148 ) ;
#1913 = CARTESIAN_POINT ( 'NONE',  ( -85.59286691824769377, 140.9999999999999716, 331.5509873876328584 ) ) ;
#1914 = CARTESIAN_POINT ( 'NONE',  ( 142.4668526002873250, 94.40740029302047276, 246.6235510256440762 ) ) ;
#1915 = ORIENTED_EDGE ( 'NONE', *, *, #7655, .T. ) ;
#1916 = CARTESIAN_POINT ( 'NONE',  ( -21.00895794958120177, 14.04923968159590331, 356.2686488401092220 ) ) ;
#1917 = CYLINDRICAL_SURFACE ( 'NONE', #6393, 0.6499999999999839240 ) ;
#1918 = CARTESIAN_POINT ( 'NONE',  ( -80.88435373761753056, 40.70976488952587857, 332.5441785897762088 ) ) ;
#1919 = ORIENTED_EDGE ( 'NONE', *, *, #626, .F. ) ;
#1920 = DIRECTION ( 'NONE',  ( 0.000000000000000000, -0.000000000000000000, 1.000000000000000000 ) ) ;
#1921 = CARTESIAN_POINT ( 'NONE',  ( 90.49371913728549544, 13.99999999999995737, 337.0100562055619093 ) ) ;
#1922 = CARTESIAN_POINT ( 'NONE',  ( 111.7844301505944031, 3.499999999999952927, 359.2000000000001023 ) ) ;
#1923 = ORIENTED_EDGE ( 'NONE', *, *, #4350, .F. ) ;
#1924 = CARTESIAN_POINT ( 'NONE',  ( 79.82093182004371101, 20.30493893032149089, 346.8300777724323325 ) ) ;
#1925 = ORIENTED_EDGE ( 'NONE', *, *, #6574, .T. ) ;
#1926 = CARTESIAN_POINT ( 'NONE',  ( 91.08779833998715958, 14.01578251351629589, 336.7193390670747704 ) ) ;
#1927 = ADVANCED_FACE ( 'NONE', ( #1693 ), #4766, .T. ) ;
#1928 = DIRECTION ( 'NONE',  ( 0.000000000000000000, 0.000000000000000000, -1.000000000000000000 ) ) ;
#1929 = CARTESIAN_POINT ( 'NONE',  ( -400000.0000000000000, 140.9999999999999716, 242.5153120237268922 ) ) ;
#1930 = LINE ( 'NONE', #5760, #7266 ) ;
#1931 = CARTESIAN_POINT ( 'NONE',  ( -1.470897749487057685E-13, 14.33076648870617298, 357.1966611633901039 ) ) ;
#1932 = CARTESIAN_POINT ( 'NONE',  ( 92.78089779401017267, 13.99999999999995737, 330.0472037877655680 ) ) ;
#1933 = CARTESIAN_POINT ( 'NONE',  ( -140.4194201316615533, 94.06580329716690869, 248.3578437867340938 ) ) ;
#1934 = DIRECTION ( 'NONE',  ( -0.000000000000000000, 1.000000000000000000, 0.000000000000000000 ) ) ;
#1935 = CARTESIAN_POINT ( 'NONE',  ( 77.26689023736271622, 5.499999999999952927, 357.2000000000000455 ) ) ;
#1936 = CARTESIAN_POINT ( 'NONE',  ( -32.48144116043260254, 13.98112457404508291, 355.4860347685200281 ) ) ;
#1937 = CARTESIAN_POINT ( 'NONE',  ( 32.48144116043236096, 13.98112457404512732, 355.4860347685198008 ) ) ;
#1938 = EDGE_CURVE ( 'NONE', #3316, #3378, #9901, .T. ) ;
#1939 = CARTESIAN_POINT ( 'NONE',  ( -89.77560813562844544, 140.9515454695047936, 328.0405393317731750 ) ) ;
#1940 = CARTESIAN_POINT ( 'NONE',  ( 60.15512075293575833, 38.99999999999995737, 354.9839211507020877 ) ) ;
#1941 = AXIS2_PLACEMENT_3D ( 'NONE', #3499, #6575, #5060 ) ;
#1942 = FILL_AREA_STYLE_COLOUR ( '', #5035 ) ;
#1943 = CARTESIAN_POINT ( 'NONE',  ( -136.2605533918852814, 61.38812507173528843, 261.7796242057439144 ) ) ;
#1944 = FACE_OUTER_BOUND ( 'NONE', #6946, .T. ) ;
#1945 = CARTESIAN_POINT ( 'NONE',  ( 80.81142322846092441, 20.13018960872539509, 345.6373416006688331 ) ) ;
#1946 = ORIENTED_EDGE ( 'NONE', *, *, #1083, .F. ) ;
#1947 = CARTESIAN_POINT ( 'NONE',  ( -93.87172936769897547, 13.99999999999995737, 335.1396633360761825 ) ) ;
#1948 = B_SPLINE_CURVE_WITH_KNOTS ( 'NONE', 3,
 ( #2979, #9812, #2886, #584, #2930, #9136, #8323, #2275, #4555, #4457 ),
 .UNSPECIFIED., .F., .F.,
 ( 4, 2, 2, 2, 4 ),
 ( 0.0006149445947856289245, 0.001020723251761821966, 0.001426501908738015117, 0.001832280565714208050, 0.002238059222690400984 ),
 .UNSPECIFIED. ) ;
#1949 = EDGE_CURVE ( 'NONE', #2789, #2215, #8749, .T. ) ;
#1950 = CARTESIAN_POINT ( 'NONE',  ( 9.839436160638301843, 15.99999999999995914, 356.8726170951184145 ) ) ;
#1951 = CIRCLE ( 'NONE', #2751, 2.000000000000001776 ) ;
#1952 = CARTESIAN_POINT ( 'NONE',  ( 79.99999999996880717, 40.82722578777697464, 342.5533658944221997 ) ) ;
#1953 = DIRECTION ( 'NONE',  ( -0.2146664121553385485, -0.2155089323888045028, -0.9526144191397650784 ) ) ;
#1954 = EDGE_CURVE ( 'NONE', #98, #2778, #4810, .T. ) ;
#1955 = VERTEX_POINT ( 'NONE', #3244 ) ;
#1956 = CARTESIAN_POINT ( 'NONE',  ( -79.92996621766886278, 39.67908989490337035, 346.1702002395323916 ) ) ;
#1957 = CARTESIAN_POINT ( 'NONE',  ( 79.97532274125812535, 40.64550240986524443, 334.2372988127577287 ) ) ;
#1958 = VERTEX_POINT ( 'NONE', #9391 ) ;
#1959 = ADVANCED_FACE ( 'NONE', ( #4064 ), #2495, .F. ) ;
#1960 = CARTESIAN_POINT ( 'NONE',  ( 140.7767538912768543, 93.23165527976127009, 246.9748267964807837 ) ) ;
#1961 = ORIENTED_EDGE ( 'NONE', *, *, #8583, .F. ) ;
#1962 = CARTESIAN_POINT ( 'NONE',  ( -11.46205580678978819, 14.04835227021406574, 356.9089268516795528 ) ) ;
#1963 = DIRECTION ( 'NONE',  ( 0.2146664121553041038, -0.2155089323895153508, -0.9526144191396122007 ) ) ;
#1964 = CARTESIAN_POINT ( 'NONE',  ( -79.86975723949984740, 40.23798614333073687, 333.2244142171713293 ) ) ;
#1965 = CIRCLE ( 'NONE', #3243, 1.999999999999986677 ) ;
#1966 = ADVANCED_FACE ( 'NONE', ( #6651 ), #9779, .F. ) ;
#1967 = ORIENTED_EDGE ( 'NONE', *, *, #4800, .T. ) ;
#1968 = VECTOR ( 'NONE', #1854, 1000.000000000000000 ) ;
#1969 = CARTESIAN_POINT ( 'NONE',  ( -85.47511270431327546, 14.09307658495003679, 331.0474728712504771 ) ) ;
#1970 = CARTESIAN_POINT ( 'NONE',  ( 4.631951092288736582, 13.59493649195598231, 357.1792932938255944 ) ) ;
#1971 = CARTESIAN_POINT ( 'NONE',  ( -86.64923987557818919, 14.00510225282130605, 330.7704665390616583 ) ) ;
#1972 = VERTEX_POINT ( 'NONE', #4380 ) ;
#1973 = DIRECTION ( 'NONE',  ( -0.9289565037496161359, 0.000000000000000000, 0.3701888898134161887 ) ) ;
#1974 = EDGE_LOOP ( 'NONE', ( #7661, #6701, #238, #2815 ) ) ;
#1975 = CARTESIAN_POINT ( 'NONE',  ( -60.58676581726795973, 38.99999999999995026, 354.4187884562108479 ) ) ;
#1976 = CARTESIAN_POINT ( 'NONE',  ( 120.1160535641414242, 14.00616300474748854, 308.8254623921660595 ) ) ;
#1977 = CARTESIAN_POINT ( 'NONE',  ( -79.92405063288096301, 13.99999999999995737, 343.8364164296212380 ) ) ;
#1978 = FACE_OUTER_BOUND ( 'NONE', #1766, .T. ) ;
#1979 = CIRCLE ( 'NONE', #4391, 2.000000000000001776 ) ;
#1980 = DIRECTION ( 'NONE',  ( 0.000000000000000000, 0.000000000000000000, 1.000000000000000000 ) ) ;
#1981 = CARTESIAN_POINT ( 'NONE',  ( -79.99999999996146016, 18.94525005095302816, 347.1164381743726040 ) ) ;
#1982 = CARTESIAN_POINT ( 'NONE',  ( -5.256043445053196983, 15.67320271430003942, 357.1111399789767233 ) ) ;
#1983 = ADVANCED_FACE ( 'NONE', ( #8151 ), #603, .T. ) ;
#1984 = CARTESIAN_POINT ( 'NONE',  ( 142.0225693574012951, 86.58243366078562531, 276.7418354560471130 ) ) ;
#1985 = CARTESIAN_POINT ( 'NONE',  ( 115.5886033795690366, 14.00579224057583794, 302.7783265879713781 ) ) ;
#1986 = AXIS2_PLACEMENT_3D ( 'NONE', #1616, #4037, #4643 ) ;
#1987 = DIRECTION ( 'NONE',  ( -1.000000000000000000, 0.000000000000000000, -8.947009472043195012E-15 ) ) ;
#1988 = AXIS2_PLACEMENT_3D ( 'NONE', #6868, #9803, #8221 ) ;
#1989 = CARTESIAN_POINT ( 'NONE',  ( -1.122406672432198113E-13, 38.29091974489356431, 357.7992227507938878 ) ) ;
#1990 = CARTESIAN_POINT ( 'NONE',  ( -143.4040466960718732, 89.10563749711525361, 244.0740061846849187 ) ) ;
#1991 = CARTESIAN_POINT ( 'NONE',  ( -33.96094247566357183, 13.76311389464967405, 356.1417557790100545 ) ) ;
#1992 = CARTESIAN_POINT ( 'NONE',  ( 14.99276930165332722, 14.42865724209726608, 356.5689605540121079 ) ) ;
#1993 = CARTESIAN_POINT ( 'NONE',  ( 111.7844301505944031, 11.99999999999995737, 357.2000000000000455 ) ) ;
#1994 = CIRCLE ( 'NONE', #388, 0.6499999999917127624 ) ;
#1995 = CARTESIAN_POINT ( 'NONE',  ( 147.9999999999984084, 140.9999999999999716, 244.5153120237364419 ) ) ;
#1996 = EDGE_CURVE ( 'NONE', #6996, #7618, #6990, .T. ) ;
#1997 = EDGE_CURVE ( 'NONE', #7656, #7085, #1362, .T. ) ;
#1998 = FACE_OUTER_BOUND ( 'NONE', #7469, .T. ) ;
#1999 = CARTESIAN_POINT ( 'NONE',  ( -139.7385649565651988, 61.76061124892765974, 250.9060491887661328 ) ) ;
#2000 = AXIS2_PLACEMENT_3D ( 'NONE', #5584, #2409, #8654 ) ;
#2001 = CARTESIAN_POINT ( 'NONE',  ( 80.96202531642488509, 140.9999999999999716, 345.5459802793566837 ) ) ;
#2002 = CARTESIAN_POINT ( 'NONE',  ( 141.4529712308194291, 15.99999999999995914, 244.0756479145594824 ) ) ;
#2003 = ORIENTED_EDGE ( 'NONE', *, *, #6913, .T. ) ;
#2004 = VECTOR ( 'NONE', #980, 1000.000000000000000 ) ;
#2005 = CARTESIAN_POINT ( 'NONE',  ( 143.0625008803268372, 89.46339350495344434, 245.0399396526163969 ) ) ;
#2006 = CARTESIAN_POINT ( 'NONE',  ( 147.8961038961023462, 61.30335177635497956, 261.8260259576897511 ) ) ;
#2007 = VECTOR ( 'NONE', #3383, 1000.000000000000114 ) ;
#2008 = CIRCLE ( 'NONE', #7640, 2.000000000000000000 ) ;
#2009 = EDGE_CURVE ( 'NONE', #4383, #7756, #2104, .T. ) ;
#2010 = CARTESIAN_POINT ( 'NONE',  ( -79.99999999996914823, 40.85670848614545037, 342.5533658933004517 ) ) ;
#2011 = CARTESIAN_POINT ( 'NONE',  ( 78.85340196320407813, 39.17767360164388180, 335.7154810613128006 ) ) ;
#2012 = VERTEX_POINT ( 'NONE', #2950 ) ;
#2013 = VECTOR ( 'NONE', #389, 1000.000000000000000 ) ;
#2014 = CARTESIAN_POINT ( 'NONE',  ( -145.9999999999968736, 138.9999999999999432, 244.5153120237364419 ) ) ;
#2015 = ORIENTED_EDGE ( 'NONE', *, *, #1054, .T. ) ;
#2016 = CARTESIAN_POINT ( 'NONE',  ( -21.23807970796789490, 14.56117714621020731, 355.8942021633082504 ) ) ;
#2017 = CARTESIAN_POINT ( 'NONE',  ( 113.6848775212756522, 13.99999999999995737, 305.3919987068232444 ) ) ;
#2018 = ORIENTED_EDGE ( 'NONE', *, *, #3097, .T. ) ;
#2019 = EDGE_CURVE ( 'NONE', #7921, #4341, #7594, .T. ) ;
#2020 = ORIENTED_EDGE ( 'NONE', *, *, #8497, .F. ) ;
#2021 = DIRECTION ( 'NONE',  ( -0.000000000000000000, 1.000000000000000000, 0.000000000000000000 ) ) ;
#2022 = CARTESIAN_POINT ( 'NONE',  ( 83.54538743905609977, -4.227168906573831819, 357.2000000000000455 ) ) ;
#2023 = DIRECTION ( 'NONE',  ( -0.000000000000000000, -1.000000000000000000, 0.000000000000000000 ) ) ;
#2024 = ORIENTED_EDGE ( 'NONE', *, *, #3508, .T. ) ;
#2025 = CARTESIAN_POINT ( 'NONE',  ( 122.1815265030713107, 14.04730461016043286, 306.6769527474412484 ) ) ;
#2026 = ORIENTED_EDGE ( 'NONE', *, *, #1798, .F. ) ;
#2027 = CARTESIAN_POINT ( 'NONE',  ( 141.1801949676050185, 87.56269771312707917, 245.2642132214636490 ) ) ;
#2028 = CYLINDRICAL_SURFACE ( 'NONE', #1715, 2.000000000000001776 ) ;
#2029 = CARTESIAN_POINT ( 'NONE',  ( 63.16894221695826417, 38.99999999999995737, 352.6481567667962622 ) ) ;
#2030 = CARTESIAN_POINT ( 'NONE',  ( 91.12958119721230332, 140.8802241381871454, 337.1906497365276323 ) ) ;
#2031 = EDGE_CURVE ( 'NONE', #6577, #6646, #5767, .T. ) ;
#2032 = B_SPLINE_CURVE_WITH_KNOTS ( 'NONE', 3,
 ( #9638, #2728, #4536, #4441, #3784, #4396, #8352, #6812, #1270, #3586, #1419, #6858, #8977, #3013 ),
 .UNSPECIFIED., .F., .F.,
 ( 4, 2, 2, 2, 2, 2, 4 ),
 ( 0.000000000000000000, 0.1250000000000000000, 0.2500000000000000000, 0.3750000000000000000, 0.5000000000000000000, 0.7500000000000000000, 1.000000000000000000 ),
 .UNSPECIFIED. ) ;
#2033 = CARTESIAN_POINT ( 'NONE',  ( 140.3907313203374372, 93.40952540089971023, 248.4690729021967854 ) ) ;
#2034 = EDGE_LOOP ( 'NONE', ( #6234, #1053, #3981 ) ) ;
#2035 = CARTESIAN_POINT ( 'NONE',  ( 77.99999999996879296, 15.99999999999995914, 349.3669342390838892 ) ) ;
#2036 = CARTESIAN_POINT ( 'NONE',  ( -122.3240216452302036, 13.99999999999995737, 306.0269527474412143 ) ) ;
#2037 = CARTESIAN_POINT ( 'NONE',  ( -31.69634803446556859, 13.67530998607834647, 356.2900796282091278 ) ) ;
#2038 = CARTESIAN_POINT ( 'NONE',  ( 29.07495438816942013, 14.51442792627651812, 354.8657751636816329 ) ) ;
#2039 = CIRCLE ( 'NONE', #8960, 2.000000000000001776 ) ;
#2040 = CARTESIAN_POINT ( 'NONE',  ( -120.3718029565016963, 14.13691780012129229, 309.4198639075217443 ) ) ;
#2041 = FACE_BOUND ( 'NONE', #9371, .T. ) ;
#2042 = FACE_OUTER_BOUND ( 'NONE', #8041, .T. ) ;
#2043 = VECTOR ( 'NONE', #6579, 1000.000000000000000 ) ;
#2044 = CARTESIAN_POINT ( 'NONE',  ( -131.9998964063243250, 87.60321068543795775, 272.2087698662674597 ) ) ;
#2045 = DIRECTION ( 'NONE',  ( 0.000000000000000000, 5.023759186428828499E-12, -1.000000000000000000 ) ) ;
#2046 = CARTESIAN_POINT ( 'NONE',  ( 33.89684310663438538, 14.01797040589271859, 354.9435528521453875 ) ) ;
#2047 = ORIENTED_EDGE ( 'NONE', *, *, #8771, .F. ) ;
#2048 = CYLINDRICAL_SURFACE ( 'NONE', #861, 2.000000000000001776 ) ;
#2049 = CARTESIAN_POINT ( 'NONE',  ( -145.9999999999968736, 98.37148522368045178, 244.5153120237268922 ) ) ;
#2050 = CARTESIAN_POINT ( 'NONE',  ( -74.48561462885763262, 12.91281810558971266, 360.2801680916047644 ) ) ;
#2051 = ADVANCED_FACE ( 'NONE', ( #8342 ), #8197, .T. ) ;
#2052 = EDGE_CURVE ( 'NONE', #9842, #8761, #1453, .T. ) ;
#2053 = AXIS2_PLACEMENT_3D ( 'NONE', #5234, #7551, #4384 ) ;
#2054 = CARTESIAN_POINT ( 'NONE',  ( -143.9328583564251858, 92.52083118739960810, 272.3611949726638386 ) ) ;
#2055 = ORIENTED_EDGE ( 'NONE', *, *, #6831, .T. ) ;
#2056 = CARTESIAN_POINT ( 'NONE',  ( -80.23983960548464722, 40.80818289103570606, 346.0071039762327132 ) ) ;
#2057 = ORIENTED_EDGE ( 'NONE', *, *, #7207, .F. ) ;
#2058 = CARTESIAN_POINT ( 'NONE',  ( -145.9999999999968736, 15.99999999999995914, 244.5153120237364419 ) ) ;
#2059 = CARTESIAN_POINT ( 'NONE',  ( 94.00471681665344192, 140.8514601159054962, 335.1396633360769783 ) ) ;
#2060 = CARTESIAN_POINT ( 'NONE',  ( -11.31765975372650956, 13.71090266881896191, 357.0036314914597710 ) ) ;
#2061 = CARTESIAN_POINT ( 'NONE',  ( -143.1481324695158719, 86.33106151926034499, 274.2054493800701493 ) ) ;
#2062 = CARTESIAN_POINT ( 'NONE',  ( 128.8708683818563259, 91.24255325430910091, 278.6628638455633791 ) ) ;
#2063 = ORIENTED_EDGE ( 'NONE', *, *, #6799, .F. ) ;
#2064 = EDGE_CURVE ( 'NONE', #3160, #1161, #6857, .T. ) ;
#2065 = ORIENTED_EDGE ( 'NONE', *, *, #3620, .T. ) ;
#2066 = CARTESIAN_POINT ( 'NONE',  ( -15.45347430335493399, 15.99999999999995914, 356.3810705270928452 ) ) ;
#2067 = CARTESIAN_POINT ( 'NONE',  ( 11.27004537985519583, 14.40598421814891239, 356.8522563694955920 ) ) ;
#2068 = ORIENTED_EDGE ( 'NONE', *, *, #244, .F. ) ;
#2069 = CARTESIAN_POINT ( 'NONE',  ( 1.009719629430382282E-25, 13.99999999999995737, 212.1999999999999602 ) ) ;
#2070 = ORIENTED_EDGE ( 'NONE', *, *, #8627, .T. ) ;
#2071 = CARTESIAN_POINT ( 'NONE',  ( 33.59538806883414708, 15.99999999999995914, 353.2544217687074593 ) ) ;
#2072 = CARTESIAN_POINT ( 'NONE',  ( -443277.8234813394956, 13.99999999999995737, 190945.7011587378220 ) ) ;
#2073 = CARTESIAN_POINT ( 'NONE',  ( -433192.9686763964128, 13.99999999999995737, 63277.41982382826973 ) ) ;
#2074 = B_SPLINE_CURVE_WITH_KNOTS ( 'NONE', 3,
 ( #1387, #625, #2841, #8228 ),
 .UNSPECIFIED., .F., .F.,
 ( 4, 4 ),
 ( 0.000000000000000000, 0.002914656965084204236 ),
 .UNSPECIFIED. ) ;
#2075 = EDGE_CURVE ( 'NONE', #2309, #5832, #5933, .T. ) ;
#2076 = CARTESIAN_POINT ( 'NONE',  ( 143.4040466960721005, 15.99999999999995914, 244.5153120237258690 ) ) ;
#2077 = DIRECTION ( 'NONE',  ( -0.000000000000000000, 1.000000000000000000, -0.000000000000000000 ) ) ;
#2078 = DIRECTION ( 'NONE',  ( -0.000000000000000000, 1.000000000000000000, 0.000000000000000000 ) ) ;
#2079 = DIRECTION ( 'NONE',  ( 0.000000000000000000, 0.000000000000000000, 1.000000000000000000 ) ) ;
#2080 = LINE ( 'NONE', #6099, #1505 ) ;
#2081 = CARTESIAN_POINT ( 'NONE',  ( -5.623946089960212724, 15.99999999999995914, 357.0977246745366074 ) ) ;
#2082 = VERTEX_POINT ( 'NONE', #8250 ) ;
#2083 = CARTESIAN_POINT ( 'NONE',  ( 32.59816389104877743, 13.89433285860265954, 355.8460468039967850 ) ) ;
#2084 = CARTESIAN_POINT ( 'NONE',  ( 0.000000000000000000, 15.99999999999995914, 212.1999999999999602 ) ) ;
#2085 = EDGE_CURVE ( 'NONE', #9731, #2879, #1206, .T. ) ;
#2086 = DIRECTION ( 'NONE',  ( 0.000000000000000000, 0.000000000000000000, 1.000000000000000000 ) ) ;
#2087 = FILL_AREA_STYLE ('',( #1942 ) ) ;
#2088 = LINE ( 'NONE', #7632, #5802 ) ;
#2089 = CARTESIAN_POINT ( 'NONE',  ( 86.12827063230537306, 140.8876550398222776, 330.5091708579985834 ) ) ;
#2090 = DIRECTION ( 'NONE',  ( 0.000000000000000000, -0.7637941823953592335, 0.6454598724467730531 ) ) ;
#2091 = EDGE_LOOP ( 'NONE', ( #8035, #144, #5083, #946 ) ) ;
#2092 = ORIENTED_EDGE ( 'NONE', *, *, #338, .F. ) ;
#2093 = CARTESIAN_POINT ( 'NONE',  ( -120.1989405618189579, 140.8216218060275082, 309.7884371696254675 ) ) ;
#2094 = FACE_OUTER_BOUND ( 'NONE', #2685, .T. ) ;
#2095 = AXIS2_PLACEMENT_3D ( 'NONE', #7438, #8232, #3660 ) ;
#2096 = CARTESIAN_POINT ( 'NONE',  ( 76.95500492078963362, 13.29091974489350214, 356.7275883647907335 ) ) ;
#2097 = EDGE_CURVE ( 'NONE', #976, #2213, #1231, .T. ) ;
#2098 = CARTESIAN_POINT ( 'NONE',  ( -93.87172936769897547, 13.99999999999995737, 334.4896633360762053 ) ) ;
#2099 = VERTEX_POINT ( 'NONE', #5294 ) ;
#2100 = CARTESIAN_POINT ( 'NONE',  ( -80.26689475883758007, 40.59920602585955152, 345.9835211047850976 ) ) ;
#2101 = EDGE_CURVE ( 'NONE', #2410, #8920, #3288, .T. ) ;
#2102 = AXIS2_PLACEMENT_3D ( 'NONE', #5848, #8160, #3532 ) ;
#2103 = ORIENTED_EDGE ( 'NONE', *, *, #6026, .T. ) ;
#2104 = LINE ( 'NONE', #4333, #8591 ) ;
#2105 = VERTEX_POINT ( 'NONE', #7380 ) ;
#2106 = CARTESIAN_POINT ( 'NONE',  ( -33.74600268391873925, 14.23688123896374513, 354.3063708205484090 ) ) ;
#2107 = CARTESIAN_POINT ( 'NONE',  ( -143.2481665412393284, 86.39722629357511607, 273.9739515363112901 ) ) ;
#2108 = CARTESIAN_POINT ( 'NONE',  ( 132.3757698985333491, 89.97422520020263903, 271.3747880754171433 ) ) ;
#2109 = ORIENTED_EDGE ( 'NONE', *, *, #6937, .F. ) ;
#2110 = TOROIDAL_SURFACE ( 'NONE', #2909, 146.9999999999999716, 2.000000000000000000 ) ;
#2111 = EDGE_CURVE ( 'NONE', #3310, #123, #2008, .T. ) ;
#2112 = CARTESIAN_POINT ( 'NONE',  ( 115.3020163894792631, 13.99999999999995737, 308.1255099156416577 ) ) ;
#2113 = CARTESIAN_POINT ( 'NONE',  ( 89.88761138879748103, 140.9999999999999716, 337.2448612251479858 ) ) ;
#2114 = ORIENTED_EDGE ( 'NONE', *, *, #7250, .F. ) ;
#2115 = CYLINDRICAL_SURFACE ( 'NONE', #1360, 0.6499999999999839240 ) ;
#2116 = AXIS2_PLACEMENT_3D ( 'NONE', #8479, #6371, #1684 ) ;
#2117 = ORIENTED_EDGE ( 'NONE', *, *, #4464, .T. ) ;
#2118 = CARTESIAN_POINT ( 'NONE',  ( -135.7054022982014772, 57.00000000000000711, 263.2787997811547029 ) ) ;
#2119 = CARTESIAN_POINT ( 'NONE',  ( 88.20662123449289993, 140.9942077594197940, 329.6084769047563441 ) ) ;
#2120 = FACE_OUTER_BOUND ( 'NONE', #652, .T. ) ;
#2121 = CIRCLE ( 'NONE', #212, 156.0000000000000000 ) ;
#2122 = CARTESIAN_POINT ( 'NONE',  ( -121.3196234073046469, 14.00544029758377462, 307.2999866196931862 ) ) ;
#2123 = FACE_OUTER_BOUND ( 'NONE', #3195, .T. ) ;
#2124 = EDGE_CURVE ( 'NONE', #2802, #3878, #8269, .T. ) ;
#2125 = CARTESIAN_POINT ( 'NONE',  ( 93.79558617457702496, 140.9999999999999716, 333.8441385773401748 ) ) ;
#2126 = ORIENTED_EDGE ( 'NONE', *, *, #3721, .F. ) ;
#2127 = CARTESIAN_POINT ( 'NONE',  ( 80.88435374146580159, 138.9999999999999432, 332.5441785871897196 ) ) ;
#2128 = PLANE ( 'NONE',  #5184 ) ;
#2129 = ORIENTED_EDGE ( 'NONE', *, *, #2266, .F. ) ;
#2130 = CARTESIAN_POINT ( 'NONE',  ( 27.54413030444235133, 13.91764676319895244, 355.9593405888526831 ) ) ;
#2131 = AXIS2_PLACEMENT_3D ( 'NONE', #533, #6686, #5918 ) ;
#2132 = DIRECTION ( 'NONE',  ( 4.382459307730909397E-15, 0.000000000000000000, 1.000000000000000000 ) ) ;
#2133 = MECHANICAL_DESIGN_GEOMETRIC_PRESENTATION_REPRESENTATION (  '', ( #686 ), #9213 ) ;
#2134 = CARTESIAN_POINT ( 'NONE',  ( -30.87936594042013638, 14.75140472347296239, 354.3318347401111055 ) ) ;
#2135 = AXIS2_PLACEMENT_3D ( 'NONE', #3495, #7230, #2687 ) ;
#2136 = EDGE_CURVE ( 'NONE', #2955, #9664, #5148, .T. ) ;
#2137 = VECTOR ( 'NONE', #3379, 1000.000000000000000 ) ;
#2138 = DIRECTION ( 'NONE',  ( -0.000000000000000000, 1.000000000000000000, 0.000000000000000000 ) ) ;
#2139 = CARTESIAN_POINT ( 'NONE',  ( 33.59389733753386764, 15.60196397545450431, 353.2773005486107536 ) ) ;
#2140 = CARTESIAN_POINT ( 'NONE',  ( 85.47511270431327546, 140.9069234150499312, 331.0474728712504771 ) ) ;
#2141 = DIRECTION ( 'NONE',  ( 0.1171433740337897156, 0.000000000000000000, -0.9931150134400242857 ) ) ;
#2142 = ORIENTED_EDGE ( 'NONE', *, *, #1871, .F. ) ;
#2143 = ORIENTED_EDGE ( 'NONE', *, *, #361, .F. ) ;
#2144 = CARTESIAN_POINT ( 'NONE',  ( -119.8453384977127882, 140.8849773362390465, 309.9857586946546348 ) ) ;
#2145 = DIRECTION ( 'NONE',  ( -1.082467449009526617E-12, 1.000000000000000000, 5.167655226779821690E-24 ) ) ;
#2146 = VERTEX_POINT ( 'NONE', #7566 ) ;
#2147 = AXIS2_PLACEMENT_3D ( 'NONE', #2675, #7952, #8867 ) ;
#2148 = EDGE_CURVE ( 'NONE', #4185, #2146, #7798, .T. ) ;
#2149 = FACE_OUTER_BOUND ( 'NONE', #9120, .T. ) ;
#2150 = DIRECTION ( 'NONE',  ( 0.000000000000000000, 1.000000000000000000, 0.000000000000000000 ) ) ;
#2151 = ORIENTED_EDGE ( 'NONE', *, *, #6404, .F. ) ;
#2152 = DIRECTION ( 'NONE',  ( 0.7071067811867262076, -0.4564090527908073458, -0.5400840458024523949 ) ) ;
#2153 = CIRCLE ( 'NONE', #6344, 2.000000000000013767 ) ;
#2154 = ORIENTED_EDGE ( 'NONE', *, *, #8348, .T. ) ;
#2155 = CARTESIAN_POINT ( 'NONE',  ( -88.85246434428634643, 14.05856521890668986, 328.6950307278241326 ) ) ;
#2156 =( BOUNDED_CURVE ( )  B_SPLINE_CURVE ( 3, ( #4293, #7416, #510, #3584 ),
 .UNSPECIFIED., .F., .T. ) 
 B_SPLINE_CURVE_WITH_KNOTS ( ( 4, 4 ),
 ( 6.083248576146750963, 6.283185307179586232 ),
 .UNSPECIFIED. ) 
 CURVE ( )  GEOMETRIC_REPRESENTATION_ITEM ( )  RATIONAL_B_SPLINE_CURVE ( ( 1.000000000000000000, 0.9966715486391564127, 0.9966715486391564127, 1.000000000000000000 ) ) 
 REPRESENTATION_ITEM ( '' )  );
#2157 = CARTESIAN_POINT ( 'NONE',  ( 80.28594847308247040, 38.86535475626498481, 332.9443624403908757 ) ) ;
#2158 = ORIENTED_EDGE ( 'NONE', *, *, #2902, .T. ) ;
#2159 = CARTESIAN_POINT ( 'NONE',  ( -141.2262337787215358, 88.25281212049169710, 278.4658519225710052 ) ) ;
#2160 = CARTESIAN_POINT ( 'NONE',  ( 131.3858802430195567, 93.38197036130573281, 273.5417478730882408 ) ) ;
#2161 = ORIENTED_EDGE ( 'NONE', *, *, #3930, .F. ) ;
#2162 = AXIS2_PLACEMENT_3D ( 'NONE', #6074, #2854, #2297 ) ;
#2163 = AXIS2_PLACEMENT_3D ( 'NONE', #5016, #5873, #8897 ) ;
#2164 = EDGE_LOOP ( 'NONE', ( #7093, #3038, #8045, #3999 ) ) ;
#2165 = CARTESIAN_POINT ( 'NONE',  ( -33.59538806883449524, 15.82650200505983307, 353.2544217687072887 ) ) ;
#2166 = CARTESIAN_POINT ( 'NONE',  ( 86.12827063227955193, 14.11234496018294848, 330.5091708579985834 ) ) ;
#2167 = ORIENTED_EDGE ( 'NONE', *, *, #3311, .T. ) ;
#2168 = DIRECTION ( 'NONE',  ( -0.000000000000000000, 1.000000000000000000, -0.000000000000000000 ) ) ;
#2169 = VERTEX_POINT ( 'NONE', #1326 ) ;
#2170 = CARTESIAN_POINT ( 'NONE',  ( -135.9879429722329860, 53.80150228410624180, 262.5219020488753472 ) ) ;
#2171 = CARTESIAN_POINT ( 'NONE',  ( 14.19115530493847110, 11.99999999999996092, 357.1999999999999886 ) ) ;
#2172 = CARTESIAN_POINT ( 'NONE',  ( -81.99999999996916245, 138.9999999999999432, 334.2040982918403529 ) ) ;
#2173 = CARTESIAN_POINT ( 'NONE',  ( -113.9824199850091162, 13.99999999999995737, 305.4640986442904023 ) ) ;
#2174 = ADVANCED_FACE ( 'NONE', ( #2921 ), #2784, .T. ) ;
#2175 = DIRECTION ( 'NONE',  ( -0.000000000000000000, -1.000000000000000000, -0.000000000000000000 ) ) ;
#2176 = CARTESIAN_POINT ( 'NONE',  ( 135.7054022982014772, 57.00000000000000711, 263.2787997811547029 ) ) ;
#2177 = CARTESIAN_POINT ( 'NONE',  ( -93.79558617448527968, 140.9999999999999716, 333.8441385773510319 ) ) ;
#2178 = EDGE_LOOP ( 'NONE', ( #2998, #1253, #7520, #2990, #498 ) ) ;
#2179 = DIRECTION ( 'NONE',  ( 0.8401823493729826398, -0.5423039920580481343, 0.000000000000000000 ) ) ;
#2180 = CARTESIAN_POINT ( 'NONE',  ( 31.44925730927695895, 14.44258421682292237, 354.5160107927509898 ) ) ;
#2181 = CARTESIAN_POINT ( 'NONE',  ( -77.26689023737806394, 3.499999999999952927, 359.1999999999999886 ) ) ;
#2182 = EDGE_CURVE ( 'NONE', #7097, #2829, #1082, .T. ) ;
#2183 = CARTESIAN_POINT ( 'NONE',  ( -113.3164993548437280, 140.8899657415908564, 304.8037375786793177 ) ) ;
#2184 = CARTESIAN_POINT ( 'NONE',  ( -74.95895186864990478, 16.91281810557945775, 356.2801680916022633 ) ) ;
#2185 = DIRECTION ( 'NONE',  ( 0.8401823493726733316, -0.5423039920585273066, 0.000000000000000000 ) ) ;
#2186 = DIRECTION ( 'NONE',  ( 0.000000000000000000, -0.000000000000000000, 1.000000000000000000 ) ) ;
#2187 = DIRECTION ( 'NONE',  ( 0.000000000000000000, 0.000000000000000000, 1.000000000000000000 ) ) ;
#2188 = LINE ( 'NONE', #8916, #2932 ) ;
#2189 = EDGE_LOOP ( 'NONE', ( #1736, #4397, #6694, #5547, #608, #8149, #1724, #3056 ) ) ;
#2190 = FACE_OUTER_BOUND ( 'NONE', #529, .T. ) ;
#2191 = DIRECTION ( 'NONE',  ( 1.460819769243638766E-15, 0.000000000000000000, -1.000000000000000000 ) ) ;
#2192 = CARTESIAN_POINT ( 'NONE',  ( 145.9999999999984936, 15.99999999999995914, 261.1897948556680831 ) ) ;
#2193 = EDGE_CURVE ( 'NONE', #6190, #1309, #3353, .T. ) ;
#2194 = CARTESIAN_POINT ( 'NONE',  ( 86.54584657642888601, 140.9999999999999716, 334.6992852076993472 ) ) ;
#2195 = AXIS2_PLACEMENT_3D ( 'NONE', #2968, #7611, #4358 ) ;
#2196 = CARTESIAN_POINT ( 'NONE',  ( 86.64923987557818919, 14.00510225282130605, 330.7704665390616583 ) ) ;
#2197 = ORIENTED_EDGE ( 'NONE', *, *, #8209, .F. ) ;
#2198 = DIRECTION ( 'NONE',  ( 0.000000000000000000, 0.000000000000000000, -1.000000000000000000 ) ) ;
#2199 = ADVANCED_FACE ( 'NONE', ( #6866 ), #15, .T. ) ;
#2200 = VERTEX_POINT ( 'NONE', #2373 ) ;
#2201 = CARTESIAN_POINT ( 'NONE',  ( -88.98531161943931522, 14.00510225282130605, 329.0274823074498727 ) ) ;
#2202 = CARTESIAN_POINT ( 'NONE',  ( 145.9999999999984084, 138.9999999999999432, 244.5153120237258690 ) ) ;
#2203 = CARTESIAN_POINT ( 'NONE',  ( -141.0459297997913097, 89.46319958311161713, 278.8486986734203583 ) ) ;
#2204 = VECTOR ( 'NONE', #4477, 1000.000000000000000 ) ;
#2205 = LINE ( 'NONE', #9158, #74 ) ;
#2206 = ORIENTED_EDGE ( 'NONE', *, *, #3145, .F. ) ;
#2207 = AXIS2_PLACEMENT_3D ( 'NONE', #1081, #4907, #279 ) ;
#2208 = ORIENTED_EDGE ( 'NONE', *, *, #1054, .F. ) ;
#2209 = DIRECTION ( 'NONE',  ( -0.000000000000000000, 1.000000000000000000, -0.000000000000000000 ) ) ;
#2210 = CARTESIAN_POINT ( 'NONE',  ( -22.45601718566427962, 15.99999999999995914, 355.4786105161898604 ) ) ;
#2211 = ADVANCED_FACE ( 'NONE', ( #3886 ), #9172, .T. ) ;
#2212 = CARTESIAN_POINT ( 'NONE',  ( 116.5930016322708553, 13.99999999999995737, 301.5052926970773228 ) ) ;
#2213 = VERTEX_POINT ( 'NONE', #8464 ) ;
#2214 = CARTESIAN_POINT ( 'NONE',  ( 86.12827063230193403, 13.99999999999995737, 331.1591708579985607 ) ) ;
#2215 = VERTEX_POINT ( 'NONE', #2324 ) ;
#2216 = CARTESIAN_POINT ( 'NONE',  ( -139.9670968741789068, 53.37190329110499221, 250.0711734734759091 ) ) ;
#2217 = CARTESIAN_POINT ( 'NONE',  ( -33.98469586364717543, 13.47229851621693442, 356.5561286085292068 ) ) ;
#2218 = DIRECTION ( 'NONE',  ( 0.000000000000000000, 0.000000000000000000, 1.000000000000000000 ) ) ;
#2219 = CARTESIAN_POINT ( 'NONE',  ( -74.95895186865554649, 16.91281810558157517, 356.2801680916066402 ) ) ;
#2220 = DIRECTION ( 'NONE',  ( -0.000000000000000000, 1.000000000000000000, 0.000000000000000000 ) ) ;
#2221 = CARTESIAN_POINT ( 'NONE',  ( 140.5279376878986568, 90.24725240160648809, 247.9340768643279489 ) ) ;
#2222 = EDGE_LOOP ( 'NONE', ( #1069, #6007, #2292 ) ) ;
#2223 = DIRECTION ( 'NONE',  ( 0.8014911435018831076, 0.000000000000000000, 0.5980066445183062074 ) ) ;
#2224 = EDGE_CURVE ( 'NONE', #7409, #691, #3125, .T. ) ;
#2225 = CARTESIAN_POINT ( 'NONE',  ( -79.77856105201853154, 20.45407985815768370, 346.8159259204396108 ) ) ;
#2226 = DIRECTION ( 'NONE',  ( 1.000000000000000000, -0.000000000000000000, -0.000000000000000000 ) ) ;
#2227 = DIRECTION ( 'NONE',  ( 0.000000000000000000, -1.000000000000000000, 0.000000000000000000 ) ) ;
#2228 = CARTESIAN_POINT ( 'NONE',  ( 27.98976196838443542, 15.83114737668692484, 354.5026929908461852 ) ) ;
#2229 = CARTESIAN_POINT ( 'NONE',  ( -15.47581898324876803, 14.59615995501073726, 356.4825579594581768 ) ) ;
#2230 = FACE_OUTER_BOUND ( 'NONE', #6705, .T. ) ;
#2231 = CARTESIAN_POINT ( 'NONE',  ( 59.99999999996843059, 3.499999999999940936, 387.1999999999999886 ) ) ;
#2232 = CARTESIAN_POINT ( 'NONE',  ( 90.49371913728549544, 13.99999999999995737, 337.0100562055619093 ) ) ;
#2233 = CARTESIAN_POINT ( 'NONE',  ( -86.62198976941226647, 13.99999999999995737, 335.3448099664433357 ) ) ;
#2234 = EDGE_CURVE ( 'NONE', #9131, #7109, #6966, .T. ) ;
#2235 = EDGE_LOOP ( 'NONE', ( #4724, #6292, #7675 ) ) ;
#2236 = CARTESIAN_POINT ( 'NONE',  ( 145.9999999999984652, 138.9999999999999432, 261.1897948556681399 ) ) ;
#2237 = ORIENTED_EDGE ( 'NONE', *, *, #1470, .F. ) ;
#2238 = CARTESIAN_POINT ( 'NONE',  ( 14.57202937603791604, 13.70197982892299571, 356.8897851764331222 ) ) ;
#2239 = CARTESIAN_POINT ( 'NONE',  ( 81.99999999996879296, 138.9999999999999432, 342.5533658944221997 ) ) ;
#2240 = CARTESIAN_POINT ( 'NONE',  ( 76.84039515645687857, 13.00749858162899564, 357.1171524110761766 ) ) ;
#2241 = CARTESIAN_POINT ( 'NONE',  ( -79.99999999987039700, 140.9999999999999716, 291567.4688076507300 ) ) ;
#2242 = VERTEX_POINT ( 'NONE', #9316 ) ;
#2243 = DIRECTION ( 'NONE',  ( -0.000000000000000000, 1.000000000000000000, -0.000000000000000000 ) ) ;
#2244 = EDGE_CURVE ( 'NONE', #9895, #8706, #807, .T. ) ;
#2245 = ORIENTED_EDGE ( 'NONE', *, *, #1407, .T. ) ;
#2246 = CARTESIAN_POINT ( 'NONE',  ( -147.4006655782689279, 56.99999999999995737, 263.2787997811549872 ) ) ;
#2247 = DIRECTION ( 'NONE',  ( 1.687538997430237941E-14, 0.000000000000000000, 1.000000000000000000 ) ) ;
#2248 = VECTOR ( 'NONE', #1528, 1000.000000000000000 ) ;
#2249 = CARTESIAN_POINT ( 'NONE',  ( -145.9999999999968736, 15.99999999999995914, 242.5153120237268922 ) ) ;
#2250 = CARTESIAN_POINT ( 'NONE',  ( 128.9751842438110145, 91.70674550005601589, 278.4602055333562589 ) ) ;
#2251 = VERTEX_POINT ( 'NONE', #714 ) ;
#2252 = AXIS2_PLACEMENT_3D ( 'NONE', #5304, #9918, #2185 ) ;
#2253 = ORIENTED_EDGE ( 'NONE', *, *, #2902, .F. ) ;
#2254 = CARTESIAN_POINT ( 'NONE',  ( 93.77187505025504777, 14.09740844499467194, 335.1396633360764099 ) ) ;
#2255 = B_SPLINE_CURVE_WITH_KNOTS ( 'NONE', 3,
 ( #3544, #2738, #5714, #7333, #6623, #7235, #4201, #4307, #329, #1087, #5762, #5807, #9699, #380, #7383, #8885, #5658, #8127, #7283, #7971, #1031, #1984, #8679, #2645, #5007, #3449, #429, #4154, #4912, #283, #1836, #9600, #3342, #4964 ),
 .UNSPECIFIED., .F., .F.,
 ( 4, 2, 2, 2, 2, 2, 2, 2, 2, 2, 2, 2, 2, 2, 2, 2, 4 ),
 ( 0.000000000000000000, 0.0007677442407245849056, 0.001535488481449169811, 0.002303232722173754500, 0.003070976962898339623, 0.003838721203622924745, 0.004606465444347509000, 0.005374209685072094123, 0.006141953925796679245, 0.006909698166521264368, 0.007677442407245849490, 0.008445186647970434612, 0.009212930888695018000, 0.009980675129419603123, 0.01074841937014418825, 0.01151616361086877337, 0.01228390785159335849 ),
 .UNSPECIFIED. ) ;
#2256 = EDGE_CURVE ( 'NONE', #4272, #6391, #8931, .T. ) ;
#2257 = CARTESIAN_POINT ( 'NONE',  ( -19.67457221605326012, 14.80431909534389945, 355.9727262019839600 ) ) ;
#2258 = CARTESIAN_POINT ( 'NONE',  ( -79.80716288465370667, 38.24115473759906081, 333.2614195910512080 ) ) ;
#2259 = ORIENTED_EDGE ( 'NONE', *, *, #8383, .F. ) ;
#2260 = CARTESIAN_POINT ( 'NONE',  ( -77.99999999996883560, 15.99999999999995914, 212.1999999999999886 ) ) ;
#2261 = EDGE_LOOP ( 'NONE', ( #9251, #4966, #8317, #2349, #7177 ) ) ;
#2262 = CARTESIAN_POINT ( 'NONE',  ( -143.3343409481349227, 89.15127618944849530, 244.2757429568245016 ) ) ;
#2263 = CARTESIAN_POINT ( 'NONE',  ( -113.9824199850091162, 13.99999999999995737, 305.4640986442904023 ) ) ;
#2264 = CARTESIAN_POINT ( 'NONE',  ( 91.79337874642524753, 140.9945597024179449, 336.0403573035210911 ) ) ;
#2265 = VECTOR ( 'NONE', #3180, 999.9999999999998863 ) ;
#2266 = EDGE_CURVE ( 'NONE', #7723, #4913, #8650, .T. ) ;
#2267 = CARTESIAN_POINT ( 'NONE',  ( 143.4040466960721005, 15.99999999999995914, 244.5153120237258406 ) ) ;
#2268 = AXIS2_PLACEMENT_3D ( 'NONE', #7008, #9943, #8544 ) ;
#2269 = CARTESIAN_POINT ( 'NONE',  ( 86.62198976941226647, 13.99999999999995737, 335.9948099664350707 ) ) ;
#2270 = EDGE_LOOP ( 'NONE', ( #2470, #9686, #3858, #1149 ) ) ;
#2271 = CYLINDRICAL_SURFACE ( 'NONE', #8081, 0.6499999999999839240 ) ;
#2272 = ORIENTED_EDGE ( 'NONE', *, *, #306, .F. ) ;
#2273 = CARTESIAN_POINT ( 'NONE',  ( -60.58578643755161153, -143468.0975925076636, 121630.0366565176955 ) ) ;
#2274 = CARTESIAN_POINT ( 'NONE',  ( 30.84503161615909406, 14.18221125762404711, 355.0100032701434429 ) ) ;
#2275 = CARTESIAN_POINT ( 'NONE',  ( 120.3005038368496855, 140.9571143984527168, 309.0271120523733543 ) ) ;
#2276 = CIRCLE ( 'NONE', #7117, 154.0000000000000000 ) ;
#2277 = AXIS2_PLACEMENT_3D ( 'NONE', #9189, #4661, #6020 ) ;
#2278 = EDGE_CURVE ( 'NONE', #5775, #1912, #4095, .T. ) ;
#2279 = DIRECTION ( 'NONE',  ( 0.9800791454830150018, -5.512460560168019820E-15, 0.1986073225973388479 ) ) ;
#2280 = CARTESIAN_POINT ( 'NONE',  ( 89.89660670089290306, 13.99999999999995737, 336.7532357657497641 ) ) ;
#2281 = CARTESIAN_POINT ( 'NONE',  ( 90.94930580250886010, 3.499999999999952927, 341.2862532334790444 ) ) ;
#2282 = DIRECTION ( 'NONE',  ( 1.000000000000000000, -0.000000000000000000, -0.000000000000000000 ) ) ;
#2283 = CARTESIAN_POINT ( 'NONE',  ( 85.86813856439449921, 140.8410263508299352, 330.5492704946724984 ) ) ;
#2284 = AXIS2_PLACEMENT_3D ( 'NONE', #4718, #6179, #7873 ) ;
#2285 = DIRECTION ( 'NONE',  ( 0.000000000000000000, 1.000000000000000000, 0.000000000000000000 ) ) ;
#2286 = AXIS2_PLACEMENT_3D ( 'NONE', #5011, #8072, #6628 ) ;
#2287 = LINE ( 'NONE', #9143, #6958 ) ;
#2288 = ORIENTED_EDGE ( 'NONE', *, *, #2353, .F. ) ;
#2289 = CARTESIAN_POINT ( 'NONE',  ( 142.3788797357516387, 91.69618507961489229, 246.8479367567585427 ) ) ;
#2290 = ORIENTED_EDGE ( 'NONE', *, *, #8094, .T. ) ;
#2291 = DIRECTION ( 'NONE',  ( 0.000000000000000000, 0.000000000000000000, 1.000000000000000000 ) ) ;
#2292 = ORIENTED_EDGE ( 'NONE', *, *, #5235, .F. ) ;
#2293 = EDGE_CURVE ( 'NONE', #2542, #8933, #9493, .T. ) ;
#2294 = EDGE_CURVE ( 'NONE', #1873, #4424, #7222, .T. ) ;
#2295 = DIRECTION ( 'NONE',  ( -0.000000000000000000, 1.000000000000000000, -0.000000000000000000 ) ) ;
#2296 = VECTOR ( 'NONE', #5297, 1000.000000000000000 ) ;
#2297 = DIRECTION ( 'NONE',  ( 0.000000000000000000, 0.000000000000000000, 1.000000000000000000 ) ) ;
#2298 = ORIENTED_EDGE ( 'NONE', *, *, #5402, .T. ) ;
#2299 = CARTESIAN_POINT ( 'NONE',  ( -33.66408990811194712, 14.58577828736140525, 353.8402225233362515 ) ) ;
#2300 = EDGE_LOOP ( 'NONE', ( #8055, #2741, #7650 ) ) ;
#2301 = AXIS2_PLACEMENT_3D ( 'NONE', #4618, #140, #781 ) ;
#2302 = CARTESIAN_POINT ( 'NONE',  ( 63.98931808990577963, 36.99999999999995026, 354.4721588027286998 ) ) ;
#2303 = DIRECTION ( 'NONE',  ( 0.7947073130990230938, 0.000000000000000000, 0.6069928224509177905 ) ) ;
#2304 = CARTESIAN_POINT ( 'NONE',  ( -12.38307768960461175, 13.20356643114632611, 357.1356394887544070 ) ) ;
#2305 = EDGE_LOOP ( 'NONE', ( #5383, #1019, #8453, #4993 ) ) ;
#2306 = TOROIDAL_SURFACE ( 'NONE', #7788, 154.0000000000000000, 2.000000000000000000 ) ;
#2307 = ADVANCED_FACE ( 'NONE', ( #4894 ), #8663, .T. ) ;
#2308 = AXIS2_PLACEMENT_3D ( 'NONE', #2239, #5311, #1741 ) ;
#2309 = VERTEX_POINT ( 'NONE', #313 ) ;
#2310 = DIRECTION ( 'NONE',  ( 0.000000000000000000, 0.000000000000000000, 1.000000000000000000 ) ) ;
#2311 = CARTESIAN_POINT ( 'NONE',  ( -122.8306257997529656, 140.9815392411012738, 305.5936127267244160 ) ) ;
#2312 = CARTESIAN_POINT ( 'NONE',  ( 147.8961038961023462, 140.9999999999999716, 261.8260259576897511 ) ) ;
#2313 = LINE ( 'NONE', #9266, #3610 ) ;
#2314 = EDGE_LOOP ( 'NONE', ( #8976, #6607, #7638, #2713, #7819 ) ) ;
#2315 = AXIS2_PLACEMENT_3D ( 'NONE', #8210, #1317, #4486 ) ;
#2316 = CYLINDRICAL_SURFACE ( 'NONE', #8439, 2.000000000000001776 ) ;
#2317 = ORIENTED_EDGE ( 'NONE', *, *, #7250, .T. ) ;
#2318 = CARTESIAN_POINT ( 'NONE',  ( -138.0849992647252975, 49.90131722189760666, 256.4446633313121993 ) ) ;
#2319 = CARTESIAN_POINT ( 'NONE',  ( -92.78089779402701254, 140.9999999999999716, 330.0472037877264597 ) ) ;
#2320 = VECTOR ( 'NONE', #7043, 1000.000000000000000 ) ;
#2321 = CARTESIAN_POINT ( 'NONE',  ( 0.000000000000000000, 36.99999999999995026, 212.1999999999999602 ) ) ;
#2322 = EDGE_CURVE ( 'NONE', #6143, #7402, #9014, .T. ) ;
#2323 = CIRCLE ( 'NONE', #5379, 0.6499999999999839240 ) ;
#2324 = CARTESIAN_POINT ( 'NONE',  ( 147.9999999999984084, 15.99999999999995914, 244.5153120237258690 ) ) ;
#2325 = VERTEX_POINT ( 'NONE', #7503 ) ;
#2326 = DIRECTION ( 'NONE',  ( 0.000000000000000000, 2.983724378680105678E-13, 1.000000000000000000 ) ) ;
#2327 = LINE ( 'NONE', #3022, #9026 ) ;
#2328 = ORIENTED_EDGE ( 'NONE', *, *, #9461, .T. ) ;
#2329 = LINE ( 'NONE', #3074, #7603 ) ;
#2330 = ORIENTED_EDGE ( 'NONE', *, *, #2244, .T. ) ;
#2331 = CARTESIAN_POINT ( 'NONE',  ( -400000.0000000000000, 140.9999999999999716, 242.5153120237268922 ) ) ;
#2332 = EDGE_CURVE ( 'NONE', #6999, #9935, #3939, .T. ) ;
#2333 = CARTESIAN_POINT ( 'NONE',  ( 0.000000000000000000, 36.99999999999995026, 212.1999999999999602 ) ) ;
#2334 = SPHERICAL_SURFACE ( 'NONE', #3903, 2.000000000000000000 ) ;
#2335 = CARTESIAN_POINT ( 'NONE',  ( -140.9822923027867319, 88.05684324103469862, 246.0979224389244564 ) ) ;
#2336 = CARTESIAN_POINT ( 'NONE',  ( -145.9999999999968736, 138.9999999999999432, 244.5153120237268922 ) ) ;
#2337 =( GEOMETRIC_REPRESENTATION_CONTEXT ( 3 ) GLOBAL_UNCERTAINTY_ASSIGNED_CONTEXT ( ( #8909 ) ) GLOBAL_UNIT_ASSIGNED_CONTEXT ( ( #5147, #8170, #662 ) ) REPRESENTATION_CONTEXT ( 'NONE', 'WORKASPACE' ) );
#2338 = LINE ( 'NONE', #7825, #7103 ) ;
#2339 = DIRECTION ( 'NONE',  ( -0.2146664121540325931, -0.2155089323882440622, 0.9526144191401861860 ) ) ;
#2340 = CARTESIAN_POINT ( 'NONE',  ( 85.59280523293612930, 140.9999999999999716, 331.5509313713636743 ) ) ;
#2341 = CARTESIAN_POINT ( 'NONE',  ( -145.9999999999968736, 87.15493271257520291, 242.5153120237268922 ) ) ;
#2342 = ORIENTED_EDGE ( 'NONE', *, *, #1434, .T. ) ;
#2343 = LINE ( 'NONE', #7637, #8075 ) ;
#2344 = ORIENTED_EDGE ( 'NONE', *, *, #3669, .T. ) ;
#2345 = CARTESIAN_POINT ( 'NONE',  ( 142.7547577188989578, 95.44823893945273596, 245.8727352920440126 ) ) ;
#2346 = CARTESIAN_POINT ( 'NONE',  ( 81.99999999996879296, 138.9999999999999432, 342.5533658944221997 ) ) ;
#2347 = CARTESIAN_POINT ( 'NONE',  ( 74.11163311730636849, 26.91834953154306476, 349.6313454220951371 ) ) ;
#2348 = CARTESIAN_POINT ( 'NONE',  ( -129.0397598983351202, 88.01914721824040555, 278.3344553440958862 ) ) ;
#2349 = ORIENTED_EDGE ( 'NONE', *, *, #6937, .T. ) ;
#2350 = CARTESIAN_POINT ( 'NONE',  ( -145.9999999999969020, 13.99999999999995737, 242.5153120237268922 ) ) ;
#2351 = ORIENTED_EDGE ( 'NONE', *, *, #4811, .F. ) ;
#2352 = CARTESIAN_POINT ( 'NONE',  ( -77.89379618139273020, 37.08751871838459380, 334.5022895708690385 ) ) ;
#2353 = EDGE_CURVE ( 'NONE', #4474, #7199, #4901, .T. ) ;
#2354 = CARTESIAN_POINT ( 'NONE',  ( 80.42128396313877658, 39.09924046148634602, 332.8541984287295463 ) ) ;
#2355 = CARTESIAN_POINT ( 'NONE',  ( -1.128537123047973045, 12.59517807037842907, 357.1939109760779161 ) ) ;
#2356 = ORIENTED_EDGE ( 'NONE', *, *, #4081, .T. ) ;
#2357 = VECTOR ( 'NONE', #1626, 1000.000000000000000 ) ;
#2358 = ORIENTED_EDGE ( 'NONE', *, *, #5031, .T. ) ;
#2359 = DIRECTION ( 'NONE',  ( 1.000000000000000000, -0.000000000000000000, -0.000000000000000000 ) ) ;
#2360 = CARTESIAN_POINT ( 'NONE',  ( 114.2230427633705858, 140.9999999999999716, 305.4179203716955726 ) ) ;
#2361 = CIRCLE ( 'NONE', #7364, 2.000000000000001776 ) ;
#2362 = FACE_OUTER_BOUND ( 'NONE', #261, .T. ) ;
#2363 = ORIENTED_EDGE ( 'NONE', *, *, #5977, .F. ) ;
#2364 = ADVANCED_FACE ( 'NONE', ( #4470 ), #1499, .F. ) ;
#2365 = CARTESIAN_POINT ( 'NONE',  ( 93.87172936769897547, 140.9999999999999716, 333.8396633360762280 ) ) ;
#2366 = ORIENTED_EDGE ( 'NONE', *, *, #2332, .F. ) ;
#2367 = CARTESIAN_POINT ( 'NONE',  ( -142.3201082466753462, 92.97906938642398700, 246.9965588654892485 ) ) ;
#2368 = CARTESIAN_POINT ( 'NONE',  ( 115.5426391678579847, 140.9999999999999716, 308.7293316430789218 ) ) ;
#2369 = DIRECTION ( 'NONE',  ( -0.000000000000000000, 1.000000000000000000, -0.000000000000000000 ) ) ;
#2370 = CARTESIAN_POINT ( 'NONE',  ( 76.91452354952487269, 13.56761663697530551, 356.5467603713415201 ) ) ;
#2371 = B_SPLINE_CURVE_WITH_KNOTS ( 'NONE', 3,
 ( #17, #3127, #3071, #7021, #7720, #1721, #4649, #763, #168, #121, #2421, #5442 ),
 .UNSPECIFIED., .F., .F.,
 ( 4, 2, 2, 2, 2, 4 ),
 ( 0.000000000000000000, 0.5000000000000000000, 0.6250000000000000000, 0.7500000000000000000, 0.8750000000000000000, 1.000000000000000000 ),
 .UNSPECIFIED. ) ;
#2372 = VECTOR ( 'NONE', #3552, 1000.000000000000000 ) ;
#2373 = CARTESIAN_POINT ( 'NONE',  ( 86.62198976941226647, 140.9999999999999716, 335.9948099664350707 ) ) ;
#2374 = ORIENTED_EDGE ( 'NONE', *, *, #5592, .F. ) ;
#2375 = DIRECTION ( 'NONE',  ( -0.000000000000000000, -0.2206529195257631304, -0.9753523922689466552 ) ) ;
#2376 = CARTESIAN_POINT ( 'NONE',  ( 141.4529712308194291, 87.15493271257496133, 244.0756479145594824 ) ) ;
#2377 = VERTEX_POINT ( 'NONE', #8246 ) ;
#2378 = DIRECTION ( 'NONE',  ( 0.000000000000000000, -1.000000000000000000, 0.000000000000000000 ) ) ;
#2379 = EDGE_CURVE ( 'NONE', #7215, #8923, #4745, .T. ) ;
#2380 = ORIENTED_EDGE ( 'NONE', *, *, #3357, .F. ) ;
#2381 = CARTESIAN_POINT ( 'NONE',  ( -80.94546949866234797, 19.15536287477393174, 345.5560379737252106 ) ) ;
#2382 = CARTESIAN_POINT ( 'NONE',  ( 33.80764926033567264, 14.00098842812744238, 355.2795980628164898 ) ) ;
#2383 = CARTESIAN_POINT ( 'NONE',  ( 122.6179306687165536, 14.15058566170487353, 306.6257950019577265 ) ) ;
#2384 = DIRECTION ( 'NONE',  ( 0.1438852690976085424, 0.000000000000000000, -0.9895943761646530668 ) ) ;
#2385 = B_SPLINE_CURVE_WITH_KNOTS ( 'NONE', 3,
 ( #9242, #4709, #4611, #6222, #7778, #7730, #1586, #5354, #774, #4659 ),
 .UNSPECIFIED., .F., .F.,
 ( 4, 2, 2, 2, 4 ),
 ( 0.0004379305214247193774, 0.0008743622807268585902, 0.001310794040028997803, 0.001747225799331137124, 0.002183657558633276229 ),
 .UNSPECIFIED. ) ;
#2386 = CARTESIAN_POINT ( 'NONE',  ( 79.79175678081324463, 40.05734367708167554, 333.2757642041325425 ) ) ;
#2387 = DIRECTION ( 'NONE',  ( 0.000000000000000000, 1.000000000000000000, -0.000000000000000000 ) ) ;
#2388 = CARTESIAN_POINT ( 'NONE',  ( -141.0878352171415884, 95.64368334700328944, 245.6756917523385937 ) ) ;
#2389 = DIRECTION ( 'NONE',  ( 0.6953702961151456696, 0.5874160790823405032, 0.4140078517567805649 ) ) ;
#2390 = ADVANCED_FACE ( 'NONE', ( #9003 ), #2995, .F. ) ;
#2391 = ORIENTED_EDGE ( 'NONE', *, *, #8079, .T. ) ;
#2392 = CARTESIAN_POINT ( 'NONE',  ( 147.7491795119507003, 53.31904253306311148, 262.2621228622752483 ) ) ;
#2393 = EDGE_LOOP ( 'NONE', ( #1457, #1622, #8255, #2151 ) ) ;
#2394 = CARTESIAN_POINT ( 'NONE',  ( -33.95625631401102140, 13.97244004678922380, 355.5746523668010468 ) ) ;
#2395 = CARTESIAN_POINT ( 'NONE',  ( 15.95344644047441740, 13.67143649643711534, 356.8485105637956281 ) ) ;
#2396 = DIRECTION ( 'NONE',  ( -0.6453183595588621868, -0.7639137482833117110, 0.000000000000000000 ) ) ;
#2397 = EDGE_CURVE ( 'NONE', #4941, #4027, #9240, .T. ) ;
#2398 = CARTESIAN_POINT ( 'NONE',  ( -1.184617445362766514E-13, 34.82568710166408721, 360.7275883647906767 ) ) ;
#2399 = ORIENTED_EDGE ( 'NONE', *, *, #9580, .F. ) ;
#2400 = DIRECTION ( 'NONE',  ( 0.000000000000000000, 1.000000000000000000, -0.000000000000000000 ) ) ;
#2401 = EDGE_LOOP ( 'NONE', ( #4815, #5901 ) ) ;
#2402 = CARTESIAN_POINT ( 'NONE',  ( -81.99999999996917666, 138.9999999999999432, 334.2040982918403529 ) ) ;
#2403 = CARTESIAN_POINT ( 'NONE',  ( 9.769087458721157802, 14.61077852193415083, 356.9229066752104700 ) ) ;
#2404 = CARTESIAN_POINT ( 'NONE',  ( -77.99999999996877875, 15.99999999999995914, 349.3669342391178247 ) ) ;
#2405 = EDGE_LOOP ( 'NONE', ( #707, #4576, #1420, #3603, #920, #9467 ) ) ;
#2406 = B_SPLINE_CURVE_WITH_KNOTS ( 'NONE', 3,
 ( #2939, #5826, #8904, #5078, #2005, #1247, #7398, #4665, #3039, #3758, #9248, #1591, #6119, #2289, #6178, #734, #3963, #6988, #3810, #6227, #5362, #9193, #7040, #9975, #6068, #5459, #2345, #7736, #7691, #6837, #8434, #8527, #8335, #1547 ),
 .UNSPECIFIED., .F., .F.,
 ( 4, 2, 2, 2, 2, 2, 2, 2, 2, 2, 2, 2, 2, 2, 2, 2, 4 ),
 ( 0.000000000000000000, 0.0006505432218894232396, 0.001301086443778846479, 0.001951629665668269719, 0.002602172887557692958, 0.003252716109447116415, 0.003903259331336539437, 0.004553802553225962460, 0.005204345775115385916, 0.005854888997004809373, 0.006505432218894232829, 0.007155975440783655418, 0.007806518662673078875, 0.008457061884562501464, 0.009107605106451924920, 0.009758148328341348376, 0.01040869155023077183 ),
 .UNSPECIFIED. ) ;
#2407 = ADVANCED_FACE ( 'NONE', ( #9874 ), #9106, .T. ) ;
#2408 = ADVANCED_FACE ( 'NONE', ( #7697 ), #6125, .T. ) ;
#2409 = DIRECTION ( 'NONE',  ( -0.000000000000000000, 0.000000000000000000, 1.000000000000000000 ) ) ;
#2410 = VERTEX_POINT ( 'NONE', #6793 ) ;
#2411 = DIRECTION ( 'NONE',  ( -0.9931150134400243967, 0.000000000000000000, -0.1171433740337897295 ) ) ;
#2412 = ORIENTED_EDGE ( 'NONE', *, *, #192, .T. ) ;
#2413 = CARTESIAN_POINT ( 'NONE',  ( -142.9349244994204469, 89.67874351973091507, 245.3892135952630724 ) ) ;
#2414 = CARTESIAN_POINT ( 'NONE',  ( -9.797802292610558794, 34.82568710193221762, 360.7275883645640988 ) ) ;
#2415 = CARTESIAN_POINT ( 'NONE',  ( 72.14714180662635101, 13.10565210894713495, 356.8706908155527913 ) ) ;
#2416 = CIRCLE ( 'NONE', #8043, 2.000000000000004441 ) ;
#2417 = EDGE_CURVE ( 'NONE', #2864, #5175, #8150, .T. ) ;
#2418 = EDGE_CURVE ( 'NONE', #6270, #2611, #1678, .T. ) ;
#2419 = CARTESIAN_POINT ( 'NONE',  ( 147.9999999999984084, 87.15493271257436447, 242.5153120237258975 ) ) ;
#2420 = DIRECTION ( 'NONE',  ( -0.000000000000000000, -1.000000000000000000, 2.983724378680105173E-13 ) ) ;
#2421 = CARTESIAN_POINT ( 'NONE',  ( 1.414529833966339023, 13.96462494741997773, 357.1965467634295237 ) ) ;
#2422 = DIRECTION ( 'NONE',  ( -0.6069928224509194559, -0.000000000000000000, 0.7947073130990218726 ) ) ;
#2423 = ORIENTED_EDGE ( 'NONE', *, *, #3872, .T. ) ;
#2424 = CIRCLE ( 'NONE', #5006, 0.6499999999999839240 ) ;
#2425 = ORIENTED_EDGE ( 'NONE', *, *, #9856, .F. ) ;
#2426 = CARTESIAN_POINT ( 'NONE',  ( -80.07543809243311728, 19.06392973078623143, 346.0841209898002830 ) ) ;
#2427 = CARTESIAN_POINT ( 'NONE',  ( -62.59075953677938031, 38.99999999999995737, 352.9082042414403872 ) ) ;
#2428 = CARTESIAN_POINT ( 'NONE',  ( -141.3826645014566452, 98.29992900123876609, 244.3876445771074088 ) ) ;
#2429 = EDGE_CURVE ( 'NONE', #6756, #984, #6745, .T. ) ;
#2430 = DIRECTION ( 'NONE',  ( 0.000000000000000000, 0.000000000000000000, 1.000000000000000000 ) ) ;
#2431 = AXIS2_PLACEMENT_3D ( 'NONE', #1707, #6392, #350 ) ;
#2432 = DIRECTION ( 'NONE',  ( 0.000000000000000000, 0.000000000000000000, -1.000000000000000000 ) ) ;
#2433 = DIRECTION ( 'NONE',  ( -1.000000000000000000, -0.000000000000000000, -0.000000000000000000 ) ) ;
#2434 = CARTESIAN_POINT ( 'NONE',  ( -143.0593677707788345, 96.05844565591888795, 245.0486008460259768 ) ) ;
#2435 = CARTESIAN_POINT ( 'NONE',  ( -86.12827063230193403, 13.99999999999995737, 331.1591708579985607 ) ) ;
#2436 = VERTEX_POINT ( 'NONE', #4518 ) ;
#2437 = CARTESIAN_POINT ( 'NONE',  ( -141.1711473680922495, 89.61280154898616956, 245.3186704172746886 ) ) ;
#2438 = CARTESIAN_POINT ( 'NONE',  ( -147.4006655782689279, 56.99999999999995737, 263.2787997811549872 ) ) ;
#2439 = CARTESIAN_POINT ( 'NONE',  ( 31.23300743697051374, 13.47161550941648755, 356.5567956924140276 ) ) ;
#2440 = CARTESIAN_POINT ( 'NONE',  ( -119.7134399979682371, 14.08437241643335014, 309.9857586946546917 ) ) ;
#2441 = AXIS2_PLACEMENT_3D ( 'NONE', #3558, #6585, #5019 ) ;
#2442 = CARTESIAN_POINT ( 'NONE',  ( -119.7134399979684787, 140.9156275835665042, 309.9857586946546917 ) ) ;
#2443 = EDGE_CURVE ( 'NONE', #6204, #3378, #2895, .T. ) ;
#2444 = CARTESIAN_POINT ( 'NONE',  ( 116.1903880661201924, 140.9948977471765090, 302.0155889995834855 ) ) ;
#2445 = CIRCLE ( 'NONE', #3247, 0.6499999999999839240 ) ;
#2446 = CARTESIAN_POINT ( 'NONE',  ( -128.9751842438110145, 88.24170490034926218, 278.4602055333562589 ) ) ;
#2447 = ORIENTED_EDGE ( 'NONE', *, *, #8037, .F. ) ;
#2448 = CARTESIAN_POINT ( 'NONE',  ( -79.80528247757814597, 22.04695951781894081, 346.2414745094739601 ) ) ;
#2449 = ORIENTED_EDGE ( 'NONE', *, *, #3245, .T. ) ;
#2450 = LINE ( 'NONE', #7747, #6823 ) ;
#2451 = CARTESIAN_POINT ( 'NONE',  ( 8.430804504701475466, 14.55933035899119687, 356.9983235414002252 ) ) ;
#2452 = CARTESIAN_POINT ( 'NONE',  ( 72.12657779604995767, 13.29091974489353589, 356.7275883647906767 ) ) ;
#2453 = ORIENTED_EDGE ( 'NONE', *, *, #935, .T. ) ;
#2454 = AXIS2_PLACEMENT_3D ( 'NONE', #3175, #6261, #4754 ) ;
#2455 = VECTOR ( 'NONE', #6532, 1000.000000000000000 ) ;
#2456 = ORIENTED_EDGE ( 'NONE', *, *, #3872, .F. ) ;
#2457 = CARTESIAN_POINT ( 'NONE',  ( 146.0000000000150067, 140.9999999999999716, 244.5153120237258690 ) ) ;
#2458 = VECTOR ( 'NONE', #5101, 1000.000000000000000 ) ;
#2459 = CIRCLE ( 'NONE', #6979, 1.999999999999997335 ) ;
#2460 = CARTESIAN_POINT ( 'NONE',  ( 129.5415099459463306, 86.94381960128481523, 277.3463511474150778 ) ) ;
#2461 = CARTESIAN_POINT ( 'NONE',  ( -33.66408990811194712, 14.58577828736140525, 353.8402225233362515 ) ) ;
#2462 = ORIENTED_EDGE ( 'NONE', *, *, #6890, .T. ) ;
#2463 = PLANE ( 'NONE',  #4893 ) ;
#2464 = VERTEX_POINT ( 'NONE', #598 ) ;
#2465 = CARTESIAN_POINT ( 'NONE',  ( -7.054222968591767895, 14.23735817717542140, 357.0775320800827330 ) ) ;
#2466 = CARTESIAN_POINT ( 'NONE',  ( -91.08776997568185152, 14.01577878145843847, 336.7193010512149272 ) ) ;
#2467 = CARTESIAN_POINT ( 'NONE',  ( 76.38655466338177291, 14.16086308689821038, 356.7366703125385925 ) ) ;
#2468 = CIRCLE ( 'NONE', #1664, 147.0000000000000000 ) ;
#2469 = CARTESIAN_POINT ( 'NONE',  ( -144.3410698873659612, 90.23394767418835727, 271.3747880754171433 ) ) ;
#2470 = ORIENTED_EDGE ( 'NONE', *, *, #3941, .T. ) ;
#2471 = CARTESIAN_POINT ( 'NONE',  ( 137.0013926390883796, 63.18494241850251569, 259.6950654848171212 ) ) ;
#2472 = DIRECTION ( 'NONE',  ( 0.000000000000000000, -2.775557561562888511E-14, 1.000000000000000000 ) ) ;
#2473 = CARTESIAN_POINT ( 'NONE',  ( -60.58578643758793447, 6.412818105579221495, 383.9715207874552902 ) ) ;
#2474 = ORIENTED_EDGE ( 'NONE', *, *, #244, .T. ) ;
#2475 = CIRCLE ( 'NONE', #6671, 2.000000000000001776 ) ;
#2476 = ORIENTED_EDGE ( 'NONE', *, *, #8383, .T. ) ;
#2477 = CARTESIAN_POINT ( 'NONE',  ( -145.9999999999968452, 15.99999999999995914, 212.1999999999997613 ) ) ;
#2478 = EDGE_CURVE ( 'NONE', #7309, #984, #9015, .T. ) ;
#2479 = DIRECTION ( 'NONE',  ( 0.9260149948777824935, 0.3774867272653441574, 0.000000000000000000 ) ) ;
#2480 = FACE_OUTER_BOUND ( 'NONE', #7370, .T. ) ;
#2481 =( BOUNDED_SURFACE ( )  B_SPLINE_SURFACE ( 3, 2, ( 
 ( #2556, #1800, #7349 ),
 ( #1152, #4875, #4220 ),
 ( #9617, #2709, #7937 ),
 ( #3362, #1203, #1050 ),
 ( #6440, #6742, #545 ),
 ( #5123, #1294, #8957 ),
 ( #7541, #9821, #684 ),
 ( #2850, #635, #3759 ),
 ( #1345, #1444, #4371 ),
 ( #2893, #9867, #6838 ),
 ( #4513, #2940, #2806 ),
 ( #5268, #3706, #8141 ),
 ( #8287, #9926, #5882 ),
 ( #5971, #4419, #1249 ),
 ( #9052, #4325, #3621 ),
 ( #9001, #6789, #9102 ) ),
 .UNSPECIFIED., .F., .F., .T. ) 
 B_SPLINE_SURFACE_WITH_KNOTS ( ( 4, 2, 2, 2, 2, 2, 2, 4 ),
 ( 3, 3 ),
 ( 0.002388312786318607522, 0.003237925073194945335, 0.004087537360071283148, 0.004937149646947620527, 0.005786761933823958773, 0.006636374220700297019, 0.007485986507576634398, 0.009185211081329310023 ),
 ( 0.000000000000000000, 1.000000000000000000 ),
 .UNSPECIFIED. ) 
 GEOMETRIC_REPRESENTATION_ITEM ( )  RATIONAL_B_SPLINE_SURFACE ( (
 ( 1.000000000000000000, 0.4834937784153346407, 1.000000000000000000),
 ( 1.000000000000000000, 0.4834977578512122953, 1.000000000000000000),
 ( 1.000000000000000000, 0.4857171711354534294, 1.000000000000000000),
 ( 1.000000000000000000, 0.4941430132893674942, 1.000000000000000000),
 ( 1.000000000000000000, 0.5004320156545927212, 1.000000000000000000),
 ( 1.000000000000000000, 0.5157582870286212540, 1.000000000000000000),
 ( 1.000000000000000000, 0.5249231150394324530, 1.000000000000000000),
 ( 1.000000000000000000, 0.5450569398162601331, 1.000000000000000000),
 ( 1.000000000000000000, 0.5558935654021941453, 1.000000000000000000),
 ( 1.000000000000000000, 0.5786102277175368958, 1.000000000000000000),
 ( 1.000000000000000000, 0.5904749451776399871, 1.000000000000000000),
 ( 1.000000000000000000, 0.6141679743491456067, 1.000000000000000000),
 ( 1.000000000000000000, 0.6261030576075254928, 1.000000000000000000),
 ( 1.000000000000000000, 0.6620384066120502675, 1.000000000000000000),
 ( 1.000000000000000000, 0.6849976650757857444, 1.000000000000000000),
 ( 1.000000000000000000, 0.7071067811865487940, 1.000000000000000000) ) ) 
 REPRESENTATION_ITEM ( '' )  SURFACE ( )  );
#2482 = EDGE_CURVE ( 'NONE', #5143, #2917, #7100, .T. ) ;
#2483 = CARTESIAN_POINT ( 'NONE',  ( -140.6508297235227758, 96.10942571935699164, 247.4474968509229313 ) ) ;
#2484 = AXIS2_PLACEMENT_3D ( 'NONE', #9930, #640, #3045 ) ;
#2485 = CARTESIAN_POINT ( 'NONE',  ( 78.75979857691385178, 39.03590390965422330, 333.9478491555776714 ) ) ;
#2486 = DIRECTION ( 'NONE',  ( 0.1171433740337686907, 0.000000000000000000, 0.9931150134400268392 ) ) ;
#2487 = AXIS2_PLACEMENT_3D ( 'NONE', #160, #8404, #3829 ) ;
#2488 = CARTESIAN_POINT ( 'NONE',  ( 83.06493506490345169, 40.99999999999995026, 344.2462667501939109 ) ) ;
#2489 = CARTESIAN_POINT ( 'NONE',  ( 147.4557136461678795, 55.45630460725594446, 263.1197112448795679 ) ) ;
#2490 = VERTEX_POINT ( 'NONE', #6942 ) ;
#2491 = CARTESIAN_POINT ( 'NONE',  ( -141.2159194239723945, 89.49276181156407972, 245.1252583912880993 ) ) ;
#2492 = CARTESIAN_POINT ( 'NONE',  ( -27.54413030444265686, 13.91764676319869132, 355.9593405888537632 ) ) ;
#2493 = CARTESIAN_POINT ( 'NONE',  ( 21.42531749527347529, 13.71851969915696046, 356.5679281284992612 ) ) ;
#2494 = EDGE_CURVE ( 'NONE', #8186, #7402, #9497, .T. ) ;
#2495 = PLANE ( 'NONE',  #3611 ) ;
#2496 = CIRCLE ( 'NONE', #8129, 2.000000000000001776 ) ;
#2497 = CARTESIAN_POINT ( 'NONE',  ( -117.2362379767264429, 140.9999999999999716, 301.5988181219526609 ) ) ;
#2498 = CARTESIAN_POINT ( 'NONE',  ( -128.7613009995550044, 89.97422520020253955, 278.8747880754185644 ) ) ;
#2499 = ORIENTED_EDGE ( 'NONE', *, *, #1742, .T. ) ;
#2500 = CARTESIAN_POINT ( 'NONE',  ( -80.81433567373261440, 20.11703968676176402, 345.6355776465196641 ) ) ;
#2501 = CARTESIAN_POINT ( 'NONE',  ( -122.9327137032442181, 140.8286688531208029, 306.2990259588029858 ) ) ;
#2502 = ORIENTED_EDGE ( 'NONE', *, *, #9706, .F. ) ;
#2503 = CARTESIAN_POINT ( 'NONE',  ( 121.9214080791018944, 140.9938369952569133, 306.5372490499650553 ) ) ;
#2504 = EDGE_CURVE ( 'NONE', #4929, #9411, #3388, .T. ) ;
#2505 = CARTESIAN_POINT ( 'NONE',  ( 30.56916478550111904, 15.00302297046915356, 354.2032252719466783 ) ) ;
#2506 = CARTESIAN_POINT ( 'NONE',  ( -15.57530174369935239, 13.61697294132153324, 356.8864981440138422 ) ) ;
#2507 = CARTESIAN_POINT ( 'NONE',  ( -73.76908558722092835, 16.38414450026978741, 358.2847707903127343 ) ) ;
#2508 = ORIENTED_EDGE ( 'NONE', *, *, #6290, .T. ) ;
#2509 = EDGE_CURVE ( 'NONE', #1852, #7373, #3869, .T. ) ;
#2510 = ORIENTED_EDGE ( 'NONE', *, *, #3689, .T. ) ;
#2511 = CARTESIAN_POINT ( 'NONE',  ( -63.16894221695844180, 38.99999999999995737, 352.6481567667961485 ) ) ;
#2512 = FACE_OUTER_BOUND ( 'NONE', #7316, .T. ) ;
#2513 = ORIENTED_EDGE ( 'NONE', *, *, #2418, .F. ) ;
#2514 = ADVANCED_FACE ( 'NONE', ( #7876 ), #3916, .T. ) ;
#2515 = CARTESIAN_POINT ( 'NONE',  ( 142.3200811410709150, 92.97480064037983993, 246.9966272377589860 ) ) ;
#2516 = EDGE_LOOP ( 'NONE', ( #5625, #4000, #6089, #1658, #6085, #9144, #5177, #6813, #318, #6247, #4647, #4087 ) ) ;
#2517 = CARTESIAN_POINT ( 'NONE',  ( 60.58578643759556570, 6.412818105580901040, 383.9715207874667726 ) ) ;
#2518 = DIRECTION ( 'NONE',  ( 1.000000000000000000, -0.000000000000000000, -0.000000000000000000 ) ) ;
#2519 = CIRCLE ( 'NONE', #7979, 2.000000000000001776 ) ;
#2520 = CARTESIAN_POINT ( 'NONE',  ( -78.48409668459488842, 39.04375936028600336, 336.1892177028197466 ) ) ;
#2521 = AXIS2_PLACEMENT_3D ( 'NONE', #8177, #8407, #481 ) ;
#2522 = DIRECTION ( 'NONE',  ( -0.000000000000000000, 1.000000000000000000, -0.000000000000000000 ) ) ;
#2523 = ORIENTED_EDGE ( 'NONE', *, *, #1066, .F. ) ;
#2524 = CARTESIAN_POINT ( 'NONE',  ( 136.7363315920077298, 62.67510501753055507, 260.4515487342966935 ) ) ;
#2525 = CARTESIAN_POINT ( 'NONE',  ( 28.05098676510616684, 12.42918344524387209, 357.1711733553617023 ) ) ;
#2526 = DIRECTION ( 'NONE',  ( 0.000000000000000000, -0.000000000000000000, 1.000000000000000000 ) ) ;
#2527 = ORIENTED_EDGE ( 'NONE', *, *, #6898, .T. ) ;
#2528 = ORIENTED_EDGE ( 'NONE', *, *, #1030, .T. ) ;
#2529 = DIRECTION ( 'NONE',  ( -1.387778780781444413E-14, 0.000000000000000000, 1.000000000000000000 ) ) ;
#2530 = CARTESIAN_POINT ( 'NONE',  ( -62.98870989764836992, 39.00000000001121947, 354.6523256367118506 ) ) ;
#2531 = CIRCLE ( 'NONE', #8157, 0.6499999999999839240 ) ;
#2532 = CARTESIAN_POINT ( 'NONE',  ( -140.3907313203374372, 92.11689253535600130, 248.4690729021967854 ) ) ;
#2533 = B_SPLINE_CURVE_WITH_KNOTS ( 'NONE', 3,
 ( #5881, #5122, #9000, #3561 ),
 .UNSPECIFIED., .F., .F.,
 ( 4, 4 ),
 ( 0.000000000000000000, 0.002914656965084180817 ),
 .UNSPECIFIED. ) ;
#2534 = DIRECTION ( 'NONE',  ( 0.000000000000000000, 1.000000000000000000, 0.000000000000000000 ) ) ;
#2535 = CARTESIAN_POINT ( 'NONE',  ( 83.06493506490345169, 138.9999999999999432, 344.2462667501939109 ) ) ;
#2536 = CARTESIAN_POINT ( 'NONE',  ( -9.537257932639528590, 14.82660989450163669, 356.9328223987955084 ) ) ;
#2537 = ADVANCED_FACE ( 'NONE', ( #143 ), #4017, .F. ) ;
#2538 = VECTOR ( 'NONE', #4917, 1000.000000000000000 ) ;
#2539 = B_SPLINE_CURVE_WITH_KNOTS ( 'NONE', 3,
 ( #8017, #4196, #712, #5102 ),
 .UNSPECIFIED., .F., .F.,
 ( 4, 4 ),
 ( 0.000000000000000000, 0.002914656965084403729 ),
 .UNSPECIFIED. ) ;
#2540 = DIRECTION ( 'NONE',  ( -0.000000000000000000, 1.000000000000000000, -0.000000000000000000 ) ) ;
#2541 = CARTESIAN_POINT ( 'NONE',  ( -17.79521203807608742, 97.63845931875647466, 359.1999999999999886 ) ) ;
#2542 = VERTEX_POINT ( 'NONE', #3194 ) ;
#2543 = CARTESIAN_POINT ( 'NONE',  ( -141.3144281237582049, 87.32229470553927797, 244.6857287707275361 ) ) ;
#2544 = CARTESIAN_POINT ( 'NONE',  ( -33.27960840118235097, 14.02577255723413963, 355.0261403837502598 ) ) ;
#2545 = CARTESIAN_POINT ( 'NONE',  ( 8.665561932184640881, 14.16160065264493717, 357.0194269521302886 ) ) ;
#2546 = DIRECTION ( 'NONE',  ( -1.000000000000000000, -0.000000000000000000, -8.947009472043195012E-15 ) ) ;
#2547 = CARTESIAN_POINT ( 'NONE',  ( 81.56623868945567324, 37.88323857646761184, 345.1774421121361343 ) ) ;
#2548 = ADVANCED_FACE ( 'NONE', ( #7092 ), #1194, .T. ) ;
#2549 = CARTESIAN_POINT ( 'NONE',  ( -130.8514257908981335, 86.24411809890679592, 274.6737475987366679 ) ) ;
#2550 = ORIENTED_EDGE ( 'NONE', *, *, #534, .T. ) ;
#2551 = CARTESIAN_POINT ( 'NONE',  ( 147.9610609580569189, 61.55739168118415705, 261.6324401083653584 ) ) ;
#2552 = ORIENTED_EDGE ( 'NONE', *, *, #4464, .F. ) ;
#2553 = DIRECTION ( 'NONE',  ( 1.000000000000000000, -0.000000000000000000, -0.000000000000000000 ) ) ;
#2554 = CARTESIAN_POINT ( 'NONE',  ( -129.1846695674979344, 92.33239785249335796, 278.0509417328022437 ) ) ;
#2555 = CARTESIAN_POINT ( 'NONE',  ( 12.86786878857367000, 15.53331771622403323, 356.6582576954099864 ) ) ;
#2556 = CARTESIAN_POINT ( 'NONE',  ( 79.99999999996879296, 40.99999999999995737, 342.5533658944221997 ) ) ;
#2557 = CARTESIAN_POINT ( 'NONE',  ( -74.31662478479508138, 13.17463119619643308, 360.2801680915978295 ) ) ;
#2558 = ORIENTED_EDGE ( 'NONE', *, *, #1388, .F. ) ;
#2559 = EDGE_CURVE ( 'NONE', #3720, #3783, #5502, .T. ) ;
#2560 = DIRECTION ( 'NONE',  ( 0.000000000000000000, 0.000000000000000000, -1.000000000000000000 ) ) ;
#2561 = CARTESIAN_POINT ( 'NONE',  ( 86.12827063230193403, 13.99999999999995737, 331.1591708579985607 ) ) ;
#2562 = EDGE_LOOP ( 'NONE', ( #8973, #730 ) ) ;
#2563 = CARTESIAN_POINT ( 'NONE',  ( 142.7489404465798657, 95.43315694299332108, 245.8881734282533102 ) ) ;
#2564 = ORIENTED_EDGE ( 'NONE', *, *, #9966, .F. ) ;
#2565 = CARTESIAN_POINT ( 'NONE',  ( -22.47938186068944333, 14.86719030145958520, 355.6004344311303385 ) ) ;
#2566 = VERTEX_POINT ( 'NONE', #7047 ) ;
#2567 = CARTESIAN_POINT ( 'NONE',  ( 85.52489912971709884, 14.01385889410197194, 331.4336417066160152 ) ) ;
#2568 = CARTESIAN_POINT ( 'NONE',  ( -79.59893994432236752, 39.73421380090790933, 333.4022860108340751 ) ) ;
#2569 = EDGE_CURVE ( 'NONE', #7785, #2602, #4429, .T. ) ;
#2570 = CARTESIAN_POINT ( 'NONE',  ( -141.0335869043194066, 90.23124207039442979, 278.8747880754170865 ) ) ;
#2571 = ORIENTED_EDGE ( 'NONE', *, *, #7783, .T. ) ;
#2572 = DIRECTION ( 'NONE',  ( 0.000000000000000000, 0.000000000000000000, 1.000000000000000000 ) ) ;
#2573 = DIRECTION ( 'NONE',  ( -0.000000000000000000, 1.000000000000000000, -0.000000000000000000 ) ) ;
#2574 = CARTESIAN_POINT ( 'NONE',  ( 77.99999999996879296, 13.99999999999995737, 347.2555441290919589 ) ) ;
#2575 = ORIENTED_EDGE ( 'NONE', *, *, #9318, .T. ) ;
#2576 = FACE_OUTER_BOUND ( 'NONE', #9948, .T. ) ;
#2577 = EDGE_LOOP ( 'NONE', ( #7487, #8237, #795, #9514 ) ) ;
#2578 = CARTESIAN_POINT ( 'NONE',  ( 139.1059833818954132, 50.57474361306567090, 253.1233698870452145 ) ) ;
#2579 = DIRECTION ( 'NONE',  ( 0.5189873417719462756, 0.000000000000000000, -0.8547819248676760129 ) ) ;
#2580 = CYLINDRICAL_SURFACE ( 'NONE', #5512, 2.000000000000001776 ) ;
#2581 = AXIS2_PLACEMENT_3D ( 'NONE', #8271, #5152, #9030 ) ;
#2582 = EDGE_CURVE ( 'NONE', #9459, #8911, #3709, .T. ) ;
#2583 = FACE_OUTER_BOUND ( 'NONE', #1821, .T. ) ;
#2584 = CARTESIAN_POINT ( 'NONE',  ( 89.77523176335235178, 140.9514614821088401, 328.0403632143441541 ) ) ;
#2585 = CARTESIAN_POINT ( 'NONE',  ( -79.49294515734236199, 21.05194200999235932, 346.8461715488592176 ) ) ;
#2586 = CARTESIAN_POINT ( 'NONE',  ( -1.414529833966644334, 14.04598973437246556, 357.1965721856436176 ) ) ;
#2587 = AXIS2_PLACEMENT_3D ( 'NONE', #1888, #8783, #6525 ) ;
#2588 = LINE ( 'NONE', #1932, #6285 ) ;
#2589 = DIRECTION ( 'NONE',  ( 0.000000000000000000, 0.000000000000000000, 1.000000000000000000 ) ) ;
#2590 = CARTESIAN_POINT ( 'NONE',  ( 89.89660670089851635, 140.9999999999999716, 336.7532357657367470 ) ) ;
#2591 = DIRECTION ( 'NONE',  ( 0.000000000000000000, 0.000000000000000000, -1.000000000000000000 ) ) ;
#2592 = ORIENTED_EDGE ( 'NONE', *, *, #1414, .T. ) ;
#2593 = CARTESIAN_POINT ( 'NONE',  ( -142.3200811410709150, 92.55161729587365471, 246.9966272377590144 ) ) ;
#2594 = CARTESIAN_POINT ( 'NONE',  ( -26.97479852941710732, 13.88924760087743415, 356.0472837544370464 ) ) ;
#2595 = CARTESIAN_POINT ( 'NONE',  ( 13.53868709997477993, 13.97545717593544623, 356.8227192367877478 ) ) ;
#2596 = ADVANCED_FACE ( 'NONE', ( #5772 ), #1196, .F. ) ;
#2597 = CARTESIAN_POINT ( 'NONE',  ( 147.9999999999983515, 13.99999999999995737, 244.5153120237258975 ) ) ;
#2598 = VECTOR ( 'NONE', #1911, 1000.000000000000000 ) ;
#2599 = B_SPLINE_CURVE_WITH_KNOTS ( 'NONE', 3,
 ( #8797, #8993, #9611, #5072, #5163, #8135 ),
 .UNSPECIFIED., .F., .F.,
 ( 4, 2, 4 ),
 ( 0.000000000000000000, 0.0003062792794328491057, 0.0006125585588656982114 ),
 .UNSPECIFIED. ) ;
#2600 = CARTESIAN_POINT ( 'NONE',  ( -147.9999999999969020, 15.99999999999995914, 261.5153120237323492 ) ) ;
#2601 = DIRECTION ( 'NONE',  ( 0.000000000000000000, 1.000000000000000000, 0.000000000000000000 ) ) ;
#2602 = VERTEX_POINT ( 'NONE', #4213 ) ;
#2603 = CARTESIAN_POINT ( 'NONE',  ( -443277.8234813394956, 140.9999999999999716, 190945.7011587378220 ) ) ;
#2604 = DIRECTION ( 'NONE',  ( 0.000000000000000000, 0.000000000000000000, -1.000000000000000000 ) ) ;
#2605 = AXIS2_PLACEMENT_3D ( 'NONE', #9096, #1392, #2186 ) ;
#2606 = LINE ( 'NONE', #9502, #862 ) ;
#2607 = ORIENTED_EDGE ( 'NONE', *, *, #4545, .T. ) ;
#2608 = CARTESIAN_POINT ( 'NONE',  ( -128.7756331511384644, 90.49613765425738166, 278.8471292942441551 ) ) ;
#2609 = CARTESIAN_POINT ( 'NONE',  ( 27.53772493334118110, 15.09184509047427269, 354.7262690079010099 ) ) ;
#2610 = CARTESIAN_POINT ( 'NONE',  ( -9.457498694758179170, 12.31832202501689899, 357.1999999999999886 ) ) ;
#2611 = VERTEX_POINT ( 'NONE', #5820 ) ;
#2612 = EDGE_CURVE ( 'NONE', #5940, #2242, #9979, .T. ) ;
#2613 = AXIS2_PLACEMENT_3D ( 'NONE', #185, #1186, #4110 ) ;
#2614 = AXIS2_PLACEMENT_3D ( 'NONE', #5220, #5410, #2187 ) ;
#2615 = VERTEX_POINT ( 'NONE', #9713 ) ;
#2616 = CARTESIAN_POINT ( 'NONE',  ( -77.99999999996914823, 38.99999999999995737, 357.2000000000000455 ) ) ;
#2617 = CARTESIAN_POINT ( 'NONE',  ( -33.74600268391873925, 14.23688123896374513, 354.3063708205484090 ) ) ;
#2618 = VERTEX_POINT ( 'NONE', #3405 ) ;
#2619 = AXIS2_PLACEMENT_3D ( 'NONE', #6274, #9336, #4666 ) ;
#2620 = CARTESIAN_POINT ( 'NONE',  ( 142.5482863414872554, 90.74421532441965610, 246.4136876554061359 ) ) ;
#2621 = AXIS2_PLACEMENT_3D ( 'NONE', #676, #9917, #9187 ) ;
#2622 = VERTEX_POINT ( 'NONE', #5964 ) ;
#2623 = DIRECTION ( 'NONE',  ( -0.000000000000000000, 1.000000000000000000, -0.000000000000000000 ) ) ;
#2624 = CARTESIAN_POINT ( 'NONE',  ( -2.891254027681942724E-13, 15.99999999999995914, 244.5153120237245616 ) ) ;
#2625 = CARTESIAN_POINT ( 'NONE',  ( -80.28252544242299393, 38.85974972818378603, 332.9466399972330350 ) ) ;
#2626 = EDGE_CURVE ( 'NONE', #3310, #4681, #4354, .T. ) ;
#2627 = CARTESIAN_POINT ( 'NONE',  ( 122.7155159032475922, 140.9999999999999716, 305.4862030600054368 ) ) ;
#2628 = VERTEX_POINT ( 'NONE', #4363 ) ;
#2629 = CARTESIAN_POINT ( 'NONE',  ( -94.37817959882499963, 140.9999999999999716, 334.0596460880488507 ) ) ;
#2630 = CARTESIAN_POINT ( 'NONE',  ( 22.69321356044873284, 13.47278084400836029, 356.7103686460886252 ) ) ;
#2631 = VERTEX_POINT ( 'NONE', #3700 ) ;
#2632 = DIRECTION ( 'NONE',  ( -0.6069928224523989391, -0.000000000000000000, -0.7947073130978917765 ) ) ;
#2633 = ORIENTED_EDGE ( 'NONE', *, *, #6278, .T. ) ;
#2634 = DIRECTION ( 'NONE',  ( -0.6069928224514555826, 0.000000000000000000, -0.7947073130986123113 ) ) ;
#2635 = CARTESIAN_POINT ( 'NONE',  ( -90.49371913728364802, 14.12320228097660468, 337.6600562055618866 ) ) ;
#2636 = AXIS2_PLACEMENT_3D ( 'NONE', #7126, #9535, #126 ) ;
#2637 = FACE_OUTER_BOUND ( 'NONE', #3225, .T. ) ;
#2638 = ADVANCED_FACE ( 'NONE', ( #6689 ), #1437, .T. ) ;
#2639 = PLANE ( 'NONE',  #1892 ) ;
#2640 = AXIS2_PLACEMENT_3D ( 'NONE', #5795, #6661, #4394 ) ;
#2641 = CARTESIAN_POINT ( 'NONE',  ( -145.9999999999968736, 92.76320896812782735, 248.9965577364811793 ) ) ;
#2642 = TOROIDAL_SURFACE ( 'NONE', #5372, 5.749999999999976907, 2.000000000000000000 ) ;
#2643 = B_SPLINE_CURVE_WITH_KNOTS ( 'NONE', 3,
 ( #8992, #2134, #5301, #2982, #6109, #2229, #3656, #9760, #8368, #5258, #1433, #1389, #6687, #6736 ),
 .UNSPECIFIED., .F., .F.,
 ( 4, 2, 2, 2, 2, 2, 4 ),
 ( 0.000000000000000000, 0.2500000000000000000, 0.5000000000000000000, 0.6250000000000000000, 0.7500000000000000000, 0.8750000000000000000, 1.000000000000000000 ),
 .UNSPECIFIED. ) ;
#2644 = ADVANCED_FACE ( 'NONE', ( #1340 ), #726, .T. ) ;
#2645 = CARTESIAN_POINT ( 'NONE',  ( 141.7419896719105168, 86.95055772442705688, 277.3556358584596069 ) ) ;
#2646 = CARTESIAN_POINT ( 'NONE',  ( 147.4006655782690416, 56.61149753807294616, 263.2787997811547029 ) ) ;
#2647 = EDGE_LOOP ( 'NONE', ( #9255, #4111, #6974 ) ) ;
#2648 = CARTESIAN_POINT ( 'NONE',  ( -140.8141308643677974, 91.60173147289062001, 246.8214780037683056 ) ) ;
#2649 = CARTESIAN_POINT ( 'NONE',  ( -30.43256145206914809, 14.02224419256078036, 355.4823669472012284 ) ) ;
#2650 = VECTOR ( 'NONE', #855, 1000.000000000000000 ) ;
#2651 = CARTESIAN_POINT ( 'NONE',  ( 24.43814172112466210, 13.72118046484701637, 356.4296738760804146 ) ) ;
#2652 = DIRECTION ( 'NONE',  ( -1.000000000000000000, -0.000000000000000000, -0.000000000000000000 ) ) ;
#2653 = VECTOR ( 'NONE', #2522, 1000.000000000000000 ) ;
#2654 = CARTESIAN_POINT ( 'NONE',  ( 115.5426391678579847, 13.99999999999995737, 309.3793316430788991 ) ) ;
#2655 = AXIS2_PLACEMENT_3D ( 'NONE', #81, #2279, #5353 ) ;
#2656 = DIRECTION ( 'NONE',  ( -7.975740119433594601E-16, 0.000000000000000000, 1.000000000000000000 ) ) ;
#2657 = CARTESIAN_POINT ( 'NONE',  ( -148.0000000000245848, 57.00000000000000711, 256.1787997811547370 ) ) ;
#2658 = VERTEX_POINT ( 'NONE', #9095 ) ;
#2659 = CARTESIAN_POINT ( 'NONE',  ( 86.52582888303676611, 140.9801291368304135, 330.6050623275208409 ) ) ;
#2660 = LINE ( 'NONE', #5727, #9209 ) ;
#2661 = ORIENTED_EDGE ( 'NONE', *, *, #6644, .F. ) ;
#2662 = DIRECTION ( 'NONE',  ( 0.000000000000000000, -1.000000000000000000, -0.000000000000000000 ) ) ;
#2663 = DIRECTION ( 'NONE',  ( -0.8401823493729838610, 0.5423039920580461359, 0.000000000000000000 ) ) ;
#2664 = CARTESIAN_POINT ( 'NONE',  ( -119.1887568811446556, 13.99999999999995737, 309.7194351559082293 ) ) ;
#2665 = VERTEX_POINT ( 'NONE', #5921 ) ;
#2666 = B_SPLINE_CURVE_WITH_KNOTS ( 'NONE', 3,
 ( #1722, #224, #169, #4794, #6461, #9529, #6361, #4899, #4952, #7960 ),
 .UNSPECIFIED., .F., .F.,
 ( 4, 2, 2, 2, 4 ),
 ( 0.000000000000000000, 0.0004065402646365634705, 0.0008130805292731269410, 0.001219620793909690411, 0.001626161058546253882 ),
 .UNSPECIFIED. ) ;
#2667 = DIRECTION ( 'NONE',  ( -3.378674827220644093E-16, -0.000000000000000000, 1.000000000000000000 ) ) ;
#2668 = EDGE_CURVE ( 'NONE', #9420, #4591, #7578, .T. ) ;
#2669 = ORIENTED_EDGE ( 'NONE', *, *, #9042, .T. ) ;
#2670 = CARTESIAN_POINT ( 'NONE',  ( 142.3774637639466221, 91.70880002778626761, 246.8515270772057875 ) ) ;
#2671 = ORIENTED_EDGE ( 'NONE', *, *, #9409, .F. ) ;
#2672 = CARTESIAN_POINT ( 'NONE',  ( -11.84466548470532921, 13.76535608836440083, 356.9718271546304891 ) ) ;
#2673 = ORIENTED_EDGE ( 'NONE', *, *, #5339, .T. ) ;
#2674 = CARTESIAN_POINT ( 'NONE',  ( 113.6972130102973324, 14.13991826068982327, 304.2119000890847360 ) ) ;
#2675 = CARTESIAN_POINT ( 'NONE',  ( 79.92405063288096301, 15.99999999999995914, 343.8364164296212380 ) ) ;
#2676 = VERTEX_POINT ( 'NONE', #8281 ) ;
#2677 = ADVANCED_FACE ( 'NONE', ( #539 ), #5262, .T. ) ;
#2678 = CARTESIAN_POINT ( 'NONE',  ( -147.9999999999969020, 52.20045919827156666, 261.4210267122982145 ) ) ;
#2679 = TOROIDAL_SURFACE ( 'NONE', #4769, 146.9999999999999716, 2.000000000000000000 ) ;
#2680 = CARTESIAN_POINT ( 'NONE',  ( 22.43581482977270269, 12.24395490037262668, 357.1999999999999886 ) ) ;
#2681 = DIRECTION ( 'NONE',  ( -0.000000000000000000, 1.000000000000000000, -0.000000000000000000 ) ) ;
#2682 = EDGE_LOOP ( 'NONE', ( #4245, #5738, #2996, #8718, #5377, #4825 ) ) ;
#2683 = VECTOR ( 'NONE', #277, 1000.000000000000000 ) ;
#2684 = LINE ( 'NONE', #1075, #3773 ) ;
#2685 = EDGE_LOOP ( 'NONE', ( #9946, #3765, #7159 ) ) ;
#2686 = DIRECTION ( 'NONE',  ( 0.9186345175356985804, 0.000000000000000000, 0.3951083689216849382 ) ) ;
#2687 = DIRECTION ( 'NONE',  ( 0.000000000000000000, 0.000000000000000000, 1.000000000000000000 ) ) ;
#2688 = CARTESIAN_POINT ( 'NONE',  ( 122.3240216452302178, 140.9197476080657623, 306.6769527474412484 ) ) ;
#2689 = DIRECTION ( 'NONE',  ( 0.000000000000000000, 0.000000000000000000, -1.000000000000000000 ) ) ;
#2690 = CARTESIAN_POINT ( 'NONE',  ( -86.12827063230193403, 13.99999999999995737, 330.5091708579985834 ) ) ;
#2691 = CARTESIAN_POINT ( 'NONE',  ( -8.430804504701718827, 14.55933035899110273, 356.9983235414031242 ) ) ;
#2692 = EDGE_CURVE ( 'NONE', #2802, #6399, #2088, .T. ) ;
#2693 = CARTESIAN_POINT ( 'NONE',  ( 59.17157287522113052, 38.99999999999995737, 356.2716343860032566 ) ) ;
#2694 = CARTESIAN_POINT ( 'NONE',  ( 116.1903880661201924, 14.00510225282338261, 302.0155889995834855 ) ) ;
#2695 = LINE ( 'NONE', #6372, #1486 ) ;
#2696 = VECTOR ( 'NONE', #6353, 1000.000000000000000 ) ;
#2697 = CARTESIAN_POINT ( 'NONE',  ( -93.87172936769897547, 140.9999999999999716, 334.4896633360762053 ) ) ;
#2698 = CARTESIAN_POINT ( 'NONE',  ( -30.84503161615962696, 14.18221125762392987, 355.0100032701434429 ) ) ;
#2699 = CARTESIAN_POINT ( 'NONE',  ( 27.42754941856166084, 14.18780268444410275, 355.4880180296067920 ) ) ;
#2700 = CARTESIAN_POINT ( 'NONE',  ( -89.09044345605053650, 140.8369223811517941, 328.1307717916552633 ) ) ;
#2701 = CARTESIAN_POINT ( 'NONE',  ( 83.03349431244137691, 40.42780925328995778, 344.2660591520540834 ) ) ;
#2702 = VECTOR ( 'NONE', #1275, 1000.000000000000000 ) ;
#2703 = EDGE_CURVE ( 'NONE', #8499, #7963, #5164, .T. ) ;
#2704 = CARTESIAN_POINT ( 'NONE',  ( -137.4266481210465543, 63.74216301600080214, 258.4505646007576161 ) ) ;
#2705 = FACE_OUTER_BOUND ( 'NONE', #5251, .T. ) ;
#2706 = CARTESIAN_POINT ( 'NONE',  ( 79.92373355644693333, 19.76747987357514802, 346.9188702242653903 ) ) ;
#2707 = EDGE_LOOP ( 'NONE', ( #2910, #6954, #5594, #5645, #4900, #4621 ) ) ;
#2708 = CARTESIAN_POINT ( 'NONE',  ( -132.1884093775571785, 91.71249769705359256, 271.7922561054541575 ) ) ;
#2709 = CARTESIAN_POINT ( 'NONE',  ( 80.02043135134080387, 41.03872876994513774, 346.1604236864714039 ) ) ;
#2710 = CYLINDRICAL_SURFACE ( 'NONE', #8321, 2.000000000000001776 ) ;
#2711 = ORIENTED_EDGE ( 'NONE', *, *, #9788, .F. ) ;
#2712 = EDGE_CURVE ( 'NONE', #3433, #9973, #3613, .T. ) ;
#2713 = ORIENTED_EDGE ( 'NONE', *, *, #4426, .F. ) ;
#2714 = CARTESIAN_POINT ( 'NONE',  ( -78.94711631386107342, 39.23399043714607615, 343.8547539948003191 ) ) ;
#2715 = ORIENTED_EDGE ( 'NONE', *, *, #548, .T. ) ;
#2716 = CARTESIAN_POINT ( 'NONE',  ( 142.3562397196448899, 91.91369092750251468, 246.9052631253393599 ) ) ;
#2717 = ORIENTED_EDGE ( 'NONE', *, *, #306, .T. ) ;
#2718 = CARTESIAN_POINT ( 'NONE',  ( -19.47746664094001545, 14.22371858912993758, 356.2719908893433285 ) ) ;
#2719 = ORIENTED_EDGE ( 'NONE', *, *, #7844, .F. ) ;
#2720 = CARTESIAN_POINT ( 'NONE',  ( 86.12827063230193403, 13.99999999999995737, 331.8091708579985379 ) ) ;
#2721 = ADVANCED_FACE ( 'NONE', ( #8994 ), #8328, .F. ) ;
#2722 = EDGE_CURVE ( 'NONE', #6043, #248, #947, .T. ) ;
#2723 = ORIENTED_EDGE ( 'NONE', *, *, #8530, .T. ) ;
#2724 = CARTESIAN_POINT ( 'NONE',  ( -86.12827063230537306, 14.11234496017763007, 330.5091708579985834 ) ) ;
#2725 = CARTESIAN_POINT ( 'NONE',  ( 11.35292424395074207, 11.99999999999995914, 357.1999999999999886 ) ) ;
#2726 = CARTESIAN_POINT ( 'NONE',  ( -81.99999999996914823, 138.9999999999999432, 342.5533658944219155 ) ) ;
#2727 = EDGE_LOOP ( 'NONE', ( #3666, #8420, #7886, #7019, #4619, #6157, #6492, #7397, #1449, #7706, #6495, #6202, #9357, #3908 ) ) ;
#2728 = CARTESIAN_POINT ( 'NONE',  ( 1.406131330131003443, 15.99999999999995914, 357.1999999999999886 ) ) ;
#2729 = ORIENTED_EDGE ( 'NONE', *, *, #1479, .T. ) ;
#2730 = DIRECTION ( 'NONE',  ( -1.460819769243638766E-15, 0.000000000000000000, 1.000000000000000000 ) ) ;
#2731 = PLANE ( 'NONE',  #9545 ) ;
#2732 = DIRECTION ( 'NONE',  ( -1.000000000000000000, -0.000000000000000000, 0.000000000000000000 ) ) ;
#2733 = EDGE_CURVE ( 'NONE', #780, #2242, #9188, .T. ) ;
#2734 = ADVANCED_FACE ( 'NONE', ( #587 ), #2984, .F. ) ;
#2735 = DIRECTION ( 'NONE',  ( -0.000000000000000000, -1.000000000000000000, 0.000000000000000000 ) ) ;
#2736 = CARTESIAN_POINT ( 'NONE',  ( 90.10339329911376183, 140.9999999999999716, 328.8955984283120415 ) ) ;
#2737 = CARTESIAN_POINT ( 'NONE',  ( -1.110284922687805123E-13, 15.99999999999995914, 357.1999999999999886 ) ) ;
#2738 = CARTESIAN_POINT ( 'NONE',  ( 144.3410698873659612, 89.71450272621694921, 271.3747880754171433 ) ) ;
#2739 = CARTESIAN_POINT ( 'NONE',  ( -142.4332416162215793, 94.21780232665715005, 246.7094669646244256 ) ) ;
#2740 = DIRECTION ( 'NONE',  ( 0.000000000000000000, 0.000000000000000000, 1.000000000000000000 ) ) ;
#2741 = ORIENTED_EDGE ( 'NONE', *, *, #400, .F. ) ;
#2742 = CARTESIAN_POINT ( 'NONE',  ( -91.15156280009713896, 14.08953886141753387, 337.0712706610273131 ) ) ;
#2743 = CARTESIAN_POINT ( 'NONE',  ( 23.79220446743214623, 14.60909375635753449, 355.5552416819764971 ) ) ;
#2744 = ADVANCED_FACE ( 'NONE', ( #2934 ), #6878, .F. ) ;
#2745 = FACE_OUTER_BOUND ( 'NONE', #4130, .T. ) ;
#2746 = AXIS2_PLACEMENT_3D ( 'NONE', #5217, #2845, #4461 ) ;
#2747 = CARTESIAN_POINT ( 'NONE',  ( -138.3008862683587950, 64.10256252294931301, 255.7670936544486153 ) ) ;
#2748 = CARTESIAN_POINT ( 'NONE',  ( 86.64923987557818919, 140.9948977471786122, 330.7704665390616583 ) ) ;
#2749 = ORIENTED_EDGE ( 'NONE', *, *, #3475, .T. ) ;
#2750 = CARTESIAN_POINT ( 'NONE',  ( -77.99999999992782307, -143481.1634047835832, 121614.5754453245609 ) ) ;
#2751 = AXIS2_PLACEMENT_3D ( 'NONE', #5104, #5907, #9697 ) ;
#2752 = CARTESIAN_POINT ( 'NONE',  ( 78.22167560769881334, 38.99999999999994316, 344.7251109578812134 ) ) ;
#2753 = CARTESIAN_POINT ( 'NONE',  ( 122.3240216452302036, 13.99999999999995737, 306.0269527474412143 ) ) ;
#2754 = ORIENTED_EDGE ( 'NONE', *, *, #4528, .T. ) ;
#2755 = EDGE_CURVE ( 'NONE', #7618, #2251, #1459, .T. ) ;
#2756 = AXIS2_PLACEMENT_3D ( 'NONE', #2947, #2243, #6076 ) ;
#2757 = ORIENTED_EDGE ( 'NONE', *, *, #5555, .F. ) ;
#2758 = CARTESIAN_POINT ( 'NONE',  ( -80.02094041246478184, 41.03892176552519544, 346.1600770703213357 ) ) ;
#2759 = EDGE_CURVE ( 'NONE', #6999, #7738, #6370, .T. ) ;
#2760 = ORIENTED_EDGE ( 'NONE', *, *, #849, .F. ) ;
#2761 = CARTESIAN_POINT ( 'NONE',  ( 74.69312277275528800, 26.42083682500224739, 349.2851395452894394 ) ) ;
#2762 = CARTESIAN_POINT ( 'NONE',  ( -91.12906653857397998, 140.8800187478890678, 337.1916584651066842 ) ) ;
#2763 = CARTESIAN_POINT ( 'NONE',  ( 142.9298661414369462, 95.83823846766681243, 245.4029566179330573 ) ) ;
#2764 = EDGE_LOOP ( 'NONE', ( #8162, #4497, #3371, #6549 ) ) ;
#2765 = CARTESIAN_POINT ( 'NONE',  ( -31.44925730927743146, 14.44258421682287974, 354.5160107927509898 ) ) ;
#2766 = CARTESIAN_POINT ( 'NONE',  ( 120.2235141975216806, 14.01693317808198636, 308.9102466804657183 ) ) ;
#2767 = ORIENTED_EDGE ( 'NONE', *, *, #1595, .F. ) ;
#2768 = AXIS2_PLACEMENT_3D ( 'NONE', #8023, #8071, #1136 ) ;
#2769 = AXIS2_PLACEMENT_3D ( 'NONE', #7917, #2540, #4804 ) ;
#2770 = EDGE_LOOP ( 'NONE', ( #9976, #655, #6867, #3110, #9572, #9728, #1047, #5047, #5641, #158, #4740, #5439, #9192, #9053, #2063 ) ) ;
#2771 = AXIS2_PLACEMENT_3D ( 'NONE', #5160, #1335, #5212 ) ;
#2772 = AXIS2_PLACEMENT_3D ( 'NONE', #296, #1101, #2604 ) ;
#2773 = CARTESIAN_POINT ( 'NONE',  ( 1.009719629430382282E-25, 13.99999999999995737, 212.1999999999999602 ) ) ;
#2774 = CARTESIAN_POINT ( 'NONE',  ( 143.4040466960721005, 87.15493271257496133, 244.5153120237258406 ) ) ;
#2775 = CARTESIAN_POINT ( 'NONE',  ( -34.01094904172810374, 13.10720159466190715, 356.8743104722590260 ) ) ;
#2776 = VERTEX_POINT ( 'NONE', #9330 ) ;
#2777 = CARTESIAN_POINT ( 'NONE',  ( 93.87172936769897547, 13.99999999999995737, 334.4896633360762053 ) ) ;
#2778 = VERTEX_POINT ( 'NONE', #7780 ) ;
#2779 = CARTESIAN_POINT ( 'NONE',  ( -136.3695908376132309, 52.25373273461100609, 261.4793808548030256 ) ) ;
#2780 = CARTESIAN_POINT ( 'NONE',  ( 59.17157287522110920, 37.00000000000000711, 356.2716343860032566 ) ) ;
#2781 = CARTESIAN_POINT ( 'NONE',  ( 143.4040466960726690, 96.42078043914094110, 244.0740061846825313 ) ) ;
#2782 = CARTESIAN_POINT ( 'NONE',  ( 1.009719629430382282E-25, 15.99999999999995914, 244.5153120237268922 ) ) ;
#2783 = AXIS2_PLACEMENT_3D ( 'NONE', #3344, #7237, #9488 ) ;
#2784 = PLANE ( 'NONE',  #1847 ) ;
#2785 = CARTESIAN_POINT ( 'NONE',  ( 77.99999999994456346, 15.99999999999997691, 349.3669342391156079 ) ) ;
#2786 = CARTESIAN_POINT ( 'NONE',  ( -140.7714594100349359, 93.00011245793481862, 246.9964729045973684 ) ) ;
#2787 = VECTOR ( 'NONE', #5244, 1000.000000000000000 ) ;
#2788 = ADVANCED_FACE ( 'NONE', ( #5606 ), #7826, .F. ) ;
#2789 = VERTEX_POINT ( 'NONE', #3901 ) ;
#2790 = DIRECTION ( 'NONE',  ( 0.4101879364737649469, 0.000000000000000000, -0.9120010179662052519 ) ) ;
#2791 = CARTESIAN_POINT ( 'NONE',  ( -155083.2021446296130, 140.9999999999999716, 389166.7397409625119 ) ) ;
#2792 = CARTESIAN_POINT ( 'NONE',  ( -33.97163762108268514, 13.62983932224347683, 356.3581519397306465 ) ) ;
#2793 = B_SPLINE_CURVE_WITH_KNOTS ( 'NONE', 3,
 ( #8344, #6751, #2203, #6081, #7510, #2159, #9938, #605, #8254, #647, #1455, #5321, #8299, #9157, #4525, #5936, #3771, #6035, #2952, #2061, #2107, #5277, #5134, #3677, #8200, #3718, #1409, #6709, #6801, #9884, #9832, #2906, #1307, #5984 ),
 .UNSPECIFIED., .F., .F.,
 ( 4, 2, 2, 2, 2, 2, 2, 2, 2, 2, 2, 2, 2, 2, 2, 2, 4 ),
 ( 0.01228390785159335849, 0.01305081233129214667, 0.01381771681099093485, 0.01458462129068972130, 0.01535152577038851121, 0.01611843025008729766, 0.01688533472978608757, 0.01765223920948487402, 0.01841914368918366046, 0.01918604816888245038, 0.01995295264858124029, 0.02071985712828002674, 0.02148676160797881318, 0.02225366608767759963, 0.02302057056737638954, 0.02378747504707517946, 0.02455437952677396590 ),
 .UNSPECIFIED. ) ;
#2794 = CARTESIAN_POINT ( 'NONE',  ( 25.60183362656770711, 14.16076203837630487, 355.7427882107037931 ) ) ;
#2795 = CARTESIAN_POINT ( 'NONE',  ( 90.94930580250884589, 5.499999999999952927, 341.2862532334790444 ) ) ;
#2796 = AXIS2_PLACEMENT_3D ( 'NONE', #3059, #6142, #9216 ) ;
#2797 = CARTESIAN_POINT ( 'NONE',  ( -93.79558617447969482, 13.99999999999995737, 333.8441385772625836 ) ) ;
#2798 = CARTESIAN_POINT ( 'NONE',  ( -140.2317871479269513, 57.00000000000000711, 249.0787997811547143 ) ) ;
#2799 = VECTOR ( 'NONE', #1221, 1000.000000000000000 ) ;
#2800 = FACE_OUTER_BOUND ( 'NONE', #4989, .T. ) ;
#2801 = ADVANCED_FACE ( 'NONE', ( #7731 ), #929, .T. ) ;
#2802 = VERTEX_POINT ( 'NONE', #1542 ) ;
#2803 = CIRCLE ( 'NONE', #6014, 1.999999999999995559 ) ;
#2804 = CARTESIAN_POINT ( 'NONE',  ( -128.7613009995558002, 90.23363495272846535, 278.8747880754170865 ) ) ;
#2805 = CARTESIAN_POINT ( 'NONE',  ( 19.35444421699781259, 15.78123941846324918, 355.9318595836855934 ) ) ;
#2806 = CARTESIAN_POINT ( 'NONE',  ( 81.36711630464495215, 37.73463289801218679, 345.2994241653345284 ) ) ;
#2807 = DIRECTION ( 'NONE',  ( 0.000000000000000000, 0.9753523922700266802, -0.2206529195209886163 ) ) ;
#2808 =( BOUNDED_CURVE ( )  B_SPLINE_CURVE ( 3, ( #7906, #5704, #8060, #6517 ),
 .UNSPECIFIED., .F., .T. ) 
 B_SPLINE_CURVE_WITH_KNOTS ( ( 4, 4 ),
 ( -2.664535259100375697E-15, 0.7016252196536859609 ),
 .UNSPECIFIED. ) 
 CURVE ( )  GEOMETRIC_REPRESENTATION_ITEM ( )  RATIONAL_B_SPLINE_CURVE ( ( 1.000000000000000000, 0.9593958403999378604, 0.9593958403999378604, 1.000000000000000000 ) ) 
 REPRESENTATION_ITEM ( '' )  );
#2809 = AXIS2_PLACEMENT_3D ( 'NONE', #7227, #1973, #4843 ) ;
#2810 = CARTESIAN_POINT ( 'NONE',  ( -142.0225693574012951, 93.36601673961963854, 276.7418354560471130 ) ) ;
#2811 = ORIENTED_EDGE ( 'NONE', *, *, #2085, .T. ) ;
#2812 = CARTESIAN_POINT ( 'NONE',  ( -83.06493506669232829, 40.71341697212717747, 344.2462667490685817 ) ) ;
#2813 = EDGE_CURVE ( 'NONE', #3359, #691, #8859, .T. ) ;
#2814 = CARTESIAN_POINT ( 'NONE',  ( 79.88982377637620402, 40.32462264785434058, 334.3519539044012276 ) ) ;
#2815 = ORIENTED_EDGE ( 'NONE', *, *, #7142, .F. ) ;
#2816 = AXIS2_PLACEMENT_3D ( 'NONE', #1711, #7849, #5332 ) ;
#2817 = CARTESIAN_POINT ( 'NONE',  ( -88.85109959843721583, 14.07920414790271124, 328.6041981160306023 ) ) ;
#2818 = CARTESIAN_POINT ( 'NONE',  ( 89.77560813563792408, 14.04845453049298243, 328.0405393317778930 ) ) ;
#2819 = CARTESIAN_POINT ( 'NONE',  ( -6.531845397217819205, 13.90064974517420637, 357.1187034255831350 ) ) ;
#2820 = DIRECTION ( 'NONE',  ( 0.000000000000000000, -1.000000000000000000, 0.000000000000000000 ) ) ;
#2821 = DIRECTION ( 'NONE',  ( 1.000000000000000000, 0.000000000000000000, -4.382459307730909397E-15 ) ) ;
#2822 = EDGE_CURVE ( 'NONE', #3526, #4885, #9836, .T. ) ;
#2823 = ORIENTED_EDGE ( 'NONE', *, *, #1435, .F. ) ;
#2824 = EDGE_CURVE ( 'NONE', #7893, #511, #2416, .T. ) ;
#2825 = CARTESIAN_POINT ( 'NONE',  ( -15.04739857023673899, 15.74599867406855580, 356.4249272512598168 ) ) ;
#2826 = CARTESIAN_POINT ( 'NONE',  ( 33.66408990811153501, 14.58577828736142656, 353.8402225233363083 ) ) ;
#2827 = VERTEX_POINT ( 'NONE', #1732 ) ;
#2828 = CARTESIAN_POINT ( 'NONE',  ( 90.09199548601698382, 140.9999999999999716, 328.3569298378167787 ) ) ;
#2829 = VERTEX_POINT ( 'NONE', #5408 ) ;
#2830 = FACE_OUTER_BOUND ( 'NONE', #3421, .T. ) ;
#2831 = CARTESIAN_POINT ( 'NONE',  ( 91.15156280009820478, 140.9104611385846511, 337.0712706610182750 ) ) ;
#2832 = CARTESIAN_POINT ( 'NONE',  ( -74.10639068635796889, 16.70852252307984287, 357.5690307271319739 ) ) ;
#2833 = SHAPE_DEFINITION_REPRESENTATION ( #6693, #4422 ) ;
#2834 = CIRCLE ( 'NONE', #6379, 154.0000000000000000 ) ;
#2835 = CARTESIAN_POINT ( 'NONE',  ( -5.656329897518390659, 13.84996826539874171, 357.1410364958220498 ) ) ;
#2836 = DIRECTION ( 'NONE',  ( 1.082467449009526617E-12, 1.000000000000000000, -5.167655226779821690E-24 ) ) ;
#2837 = ORIENTED_EDGE ( 'NONE', *, *, #5949, .F. ) ;
#2838 = CARTESIAN_POINT ( 'NONE',  ( 33.95360466907621344, 13.89538208481939385, 355.8429141936594533 ) ) ;
#2839 = CARTESIAN_POINT ( 'NONE',  ( 116.0598518628685838, 14.16307761884849548, 301.1222230321158690 ) ) ;
#2840 = CARTESIAN_POINT ( 'NONE',  ( 19.67457221605274142, 14.80431909534385682, 355.9727262019823684 ) ) ;
#2841 = CARTESIAN_POINT ( 'NONE',  ( -91.79337874642523332, 140.9945597024179449, 336.0403573035210911 ) ) ;
#2842 = ADVANCED_FACE ( 'NONE', ( #8478 ), #4660, .T. ) ;
#2843 = EDGE_CURVE ( 'NONE', #4466, #5330, #3952, .T. ) ;
#2844 = CARTESIAN_POINT ( 'NONE',  ( 1.009719629430382282E-25, 140.9999999999999716, 212.1999999999999602 ) ) ;
#2845 = DIRECTION ( 'NONE',  ( -3.378674827220644093E-16, 0.000000000000000000, 1.000000000000000000 ) ) ;
#2846 = DIRECTION ( 'NONE',  ( 0.000000000000000000, 0.000000000000000000, 1.000000000000000000 ) ) ;
#2847 = CARTESIAN_POINT ( 'NONE',  ( 33.68347715692230082, 14.47265117374582211, 353.9606352208007252 ) ) ;
#2848 = ORIENTED_EDGE ( 'NONE', *, *, #9632, .F. ) ;
#2849 = DIRECTION ( 'NONE',  ( 2.180799023016986143E-16, -0.7637941823953526832, 0.6454598724467808246 ) ) ;
#2850 = CARTESIAN_POINT ( 'NONE',  ( 79.54244674091151523, 39.71982980699313970, 343.1246891761840629 ) ) ;
#2851 = CIRCLE ( 'NONE', #3985, 0.6499999999999839240 ) ;
#2852 = EDGE_CURVE ( 'NONE', #7109, #9131, #2255, .T. ) ;
#2853 = CARTESIAN_POINT ( 'NONE',  ( 76.68186259458465770, 12.98116867007548692, 357.3469623091709195 ) ) ;
#2854 = DIRECTION ( 'NONE',  ( 0.000000000000000000, 1.000000000000000000, 0.000000000000000000 ) ) ;
#2855 = ORIENTED_EDGE ( 'NONE', *, *, #6456, .F. ) ;
#2856 = CARTESIAN_POINT ( 'NONE',  ( -79.99999999996914823, 40.99999999999997158, 346.1742927248210435 ) ) ;
#2857 = ORIENTED_EDGE ( 'NONE', *, *, #879, .T. ) ;
#2858 = CARTESIAN_POINT ( 'NONE',  ( -90.61239525617203583, 140.8512327718325139, 337.6600562055620003 ) ) ;
#2859 =( BOUNDED_SURFACE ( )  B_SPLINE_SURFACE ( 3, 2, ( 
 ( #6964, #4595, #6207 ),
 ( #1523, #5539, #805 ),
 ( #7066, #1663, #3940 ),
 ( #7667, #2467, #3066 ),
 ( #6151, #6914, #9314 ),
 ( #759, #1571, #3121 ),
 ( #9274, #3165, #4693 ),
 ( #2415, #2370, #6301 ),
 ( #6095, #8555, #116 ),
 ( #3834, #164, #13 ) ),
 .UNSPECIFIED., .F., .F., .T. ) 
 B_SPLINE_SURFACE_WITH_KNOTS ( ( 4, 2, 2, 2, 4 ),
 ( 3, 3 ),
 ( 5.581560087525906155, 5.756966392439326619, 5.932372697352747082, 6.107779002266168433, 6.283185307179588897 ),
 ( 0.000000000000000000, 1.000000000000000000 ),
 .UNSPECIFIED. ) 
 GEOMETRIC_REPRESENTATION_ITEM ( )  RATIONAL_B_SPLINE_SURFACE ( (
 ( 1.000000000000000000, 0.4795393384269531767, 1.000000000000000000),
 ( 1.000000000000000000, 0.4656292138321703189, 1.000000000000000000),
 ( 1.000000000000000000, 0.4525478099280927924, 1.000000000000000000),
 ( 1.000000000000000000, 0.4289917800269368864, 1.000000000000000000),
 ( 1.000000000000000000, 0.4185205252467979475, 1.000000000000000000),
 ( 1.000000000000000000, 0.4011872686779154318, 1.000000000000000000),
 ( 1.000000000000000000, 0.3943354648583231037, 1.000000000000000000),
 ( 1.000000000000000000, 0.3850787583050520602, 1.000000000000000000),
 ( 1.000000000000000000, 0.3826736703433737397, 1.000000000000000000),
 ( 1.000000000000000000, 0.3826834323655300407, 1.000000000000000000) ) ) 
 REPRESENTATION_ITEM ( '' )  SURFACE ( )  );
#2860 = VERTEX_POINT ( 'NONE', #1134 ) ;
#2861 = CARTESIAN_POINT ( 'NONE',  ( -13.53868709997506770, 13.97545717593528991, 356.8227192367920679 ) ) ;
#2862 = DIRECTION ( 'NONE',  ( 0.000000000000000000, 0.000000000000000000, -1.000000000000000000 ) ) ;
#2863 = DIRECTION ( 'NONE',  ( 0.000000000000000000, 0.000000000000000000, 1.000000000000000000 ) ) ;
#2864 = VERTEX_POINT ( 'NONE', #8069 ) ;
#2865 = ADVANCED_FACE ( 'NONE', ( #8786 ), #9544, .F. ) ;
#2866 = ORIENTED_EDGE ( 'NONE', *, *, #7981, .F. ) ;
#2867 = CARTESIAN_POINT ( 'NONE',  ( -28.08177872287287613, 14.84073311552412022, 354.7799887001940533 ) ) ;
#2868 = CARTESIAN_POINT ( 'NONE',  ( 28.08177872287248533, 14.84073311552413443, 354.7799887001940533 ) ) ;
#2869 = VERTEX_POINT ( 'NONE', #6421 ) ;
#2870 = CYLINDRICAL_SURFACE ( 'NONE', #8755, 1.999999999999997335 ) ;
#2871 = ORIENTED_EDGE ( 'NONE', *, *, #8411, .F. ) ;
#2872 = DIRECTION ( 'NONE',  ( -0.9186345175357106818, -0.000000000000000000, 0.3951083689216569605 ) ) ;
#2873 = CARTESIAN_POINT ( 'NONE',  ( 91.01468838057871835, 14.00616300474526454, 336.6213518866477443 ) ) ;
#2874 = CARTESIAN_POINT ( 'NONE',  ( 91.01468838057871835, 140.9938369952546395, 336.6213518866477443 ) ) ;
#2875 = ADVANCED_FACE ( 'NONE', ( #1889 ), #8837, .T. ) ;
#2876 = CARTESIAN_POINT ( 'NONE',  ( -120.1160535641386389, 14.00616300474721143, 308.8254623921638995 ) ) ;
#2877 = DIRECTION ( 'NONE',  ( -0.000000000000000000, 1.000000000000000000, -0.000000000000000000 ) ) ;
#2878 = CARTESIAN_POINT ( 'NONE',  ( 141.3826629717635797, 98.29992744436000862, 244.3876513653496829 ) ) ;
#2879 = VERTEX_POINT ( 'NONE', #2693 ) ;
#2880 = CARTESIAN_POINT ( 'NONE',  ( -155076.4207621814276, 13.99999999999995737, 389169.4421198634664 ) ) ;
#2881 = CARTESIAN_POINT ( 'NONE',  ( 61.79012312521331296, 38.99999999999995737, 353.4197719334578096 ) ) ;
#2882 = CARTESIAN_POINT ( 'NONE',  ( -63.98931808990597148, 36.99999999999995026, 354.4721588027285861 ) ) ;
#2883 = EDGE_CURVE ( 'NONE', #4155, #4040, #2588, .T. ) ;
#2884 = DIRECTION ( 'NONE',  ( 0.000000000000000000, 0.000000000000000000, -1.000000000000000000 ) ) ;
#2885 = CARTESIAN_POINT ( 'NONE',  ( 21.23807970796726252, 14.56117714621032277, 355.8942021633061472 ) ) ;
#2886 = CARTESIAN_POINT ( 'NONE',  ( 119.9784223681121773, 140.8529040366033769, 309.9443228885567692 ) ) ;
#2887 = CARTESIAN_POINT ( 'NONE',  ( 145.9999999999984084, 98.37148522368069337, 244.5153120237258690 ) ) ;
#2888 = CARTESIAN_POINT ( 'NONE',  ( -59.02897227965595306, 38.99999999999995737, 356.4583346762794918 ) ) ;
#2889 = DIRECTION ( 'NONE',  ( -2.775557561562888827E-14, 0.000000000000000000, -1.000000000000000000 ) ) ;
#2890 = CARTESIAN_POINT ( 'NONE',  ( 80.96202531641974076, 18.49847829689160150, 345.5459802793598101 ) ) ;
#2891 = ORIENTED_EDGE ( 'NONE', *, *, #7313, .F. ) ;
#2892 = CARTESIAN_POINT ( 'NONE',  ( -120.2852799108614619, 140.8245643970821561, 309.6725597716053926 ) ) ;
#2893 = CARTESIAN_POINT ( 'NONE',  ( 79.26495915118033508, 39.44542146789131465, 343.4668357639155829 ) ) ;
#2894 = ORIENTED_EDGE ( 'NONE', *, *, #3657, .T. ) ;
#2895 = CIRCLE ( 'NONE', #4826, 2.000000000000001776 ) ;
#2896 = FACE_OUTER_BOUND ( 'NONE', #2261, .T. ) ;
#2897 = DIRECTION ( 'NONE',  ( 1.000000000000000000, 0.000000000000000000, 2.775557561562888827E-14 ) ) ;
#2898 = ORIENTED_EDGE ( 'NONE', *, *, #7336, .F. ) ;
#2899 = CARTESIAN_POINT ( 'NONE',  ( -69.41538490995564814, 31.41061967876590444, 352.0316931582401594 ) ) ;
#2900 = AXIS2_PLACEMENT_3D ( 'NONE', #7281, #3447, #8727 ) ;
#2901 = EDGE_LOOP ( 'NONE', ( #9302, #3106, #2474 ) ) ;
#2902 = EDGE_CURVE ( 'NONE', #9247, #2975, #6928, .T. ) ;
#2903 = CARTESIAN_POINT ( 'NONE',  ( 43.40830163129921715, 36.99999999999995737, 490.5746663688710214 ) ) ;
#2904 = EDGE_CURVE ( 'NONE', #8547, #3587, #7570, .T. ) ;
#2905 = LINE ( 'NONE', #3923, #9767 ) ;
#2906 = CARTESIAN_POINT ( 'NONE',  ( -144.3299872065136640, 89.45597238302397614, 271.4018417722841718 ) ) ;
#2907 = CARTESIAN_POINT ( 'NONE',  ( 129.7446111183711821, 93.26372743015039646, 276.9409163583134728 ) ) ;
#2908 = ORIENTED_EDGE ( 'NONE', *, *, #8509, .T. ) ;
#2909 = AXIS2_PLACEMENT_3D ( 'NONE', #3047, #7547, #9933 ) ;
#2910 = ORIENTED_EDGE ( 'NONE', *, *, #3508, .F. ) ;
#2911 = CARTESIAN_POINT ( 'NONE',  ( -14.05084443284968110, 15.99999999999995914, 356.5244956219503365 ) ) ;
#2912 = CARTESIAN_POINT ( 'NONE',  ( -1.522939453766362151E-13, 14.00530734089621987, 357.1965594745366843 ) ) ;
#2913 = ORIENTED_EDGE ( 'NONE', *, *, #9928, .T. ) ;
#2914 = EDGE_CURVE ( 'NONE', #2215, #2325, #1277, .T. ) ;
#2915 = DIRECTION ( 'NONE',  ( -0.000000000000000000, 1.000000000000000000, 0.000000000000000000 ) ) ;
#2916 = AXIS2_PLACEMENT_3D ( 'NONE', #5118, #1290, #4365 ) ;
#2917 = VERTEX_POINT ( 'NONE', #5954 ) ;
#2918 = CARTESIAN_POINT ( 'NONE',  ( 120.7178382359358864, 14.00544029757982933, 308.0627248224357686 ) ) ;
#2919 = DIRECTION ( 'NONE',  ( -1.000000000000000000, -0.000000000000000000, 4.382459307730909397E-15 ) ) ;
#2920 = CIRCLE ( 'NONE', #7600, 2.000000000000010214 ) ;
#2921 = FACE_OUTER_BOUND ( 'NONE', #7048, .T. ) ;
#2922 = CARTESIAN_POINT ( 'NONE',  ( -15.57530174369935239, 13.61697294132153324, 356.8864981440138422 ) ) ;
#2923 = DIRECTION ( 'NONE',  ( -0.000000000000000000, 1.000000000000000000, -0.000000000000000000 ) ) ;
#2924 = LINE ( 'NONE', #3598, #806 ) ;
#2925 = ORIENTED_EDGE ( 'NONE', *, *, #9261, .T. ) ;
#2926 = DIRECTION ( 'NONE',  ( 0.000000000000000000, 0.000000000000000000, 1.000000000000000000 ) ) ;
#2927 = ADVANCED_FACE ( 'NONE', ( #9086 ), #4402, .T. ) ;
#2928 = CARTESIAN_POINT ( 'NONE',  ( 90.09199548601698382, 13.99999999999995737, 328.3569298378167787 ) ) ;
#2929 = CARTESIAN_POINT ( 'NONE',  ( 1.009719629430382282E-25, 140.9999999999999716, 212.1999999999999602 ) ) ;
#2930 = CARTESIAN_POINT ( 'NONE',  ( 120.2846395937398540, 140.8244448449725894, 309.6737623836738749 ) ) ;
#2931 = CARTESIAN_POINT ( 'NONE',  ( -116.6979071127434224, 14.04853851789748376, 300.8576587965864633 ) ) ;
#2932 = VECTOR ( 'NONE', #8284, 1000.000000000000000 ) ;
#2933 = LINE ( 'NONE', #1436, #9872 ) ;
#2934 = FACE_OUTER_BOUND ( 'NONE', #9440, .T. ) ;
#2935 = DIRECTION ( 'NONE',  ( -2.664535259100374908E-15, 0.000000000000000000, 1.000000000000000000 ) ) ;
#2936 = CARTESIAN_POINT ( 'NONE',  ( 79.41421356233485085, 21.13414141226071052, 346.8797868603102188 ) ) ;
#2937 = DIRECTION ( 'NONE',  ( 0.000000000000000000, 0.000000000000000000, 1.000000000000000000 ) ) ;
#2938 = ORIENTED_EDGE ( 'NONE', *, *, #7371, .T. ) ;
#2939 = CARTESIAN_POINT ( 'NONE',  ( 143.4040466960726690, 89.10563749711471360, 244.0740061846825313 ) ) ;
#2940 = CARTESIAN_POINT ( 'NONE',  ( 80.16080901816793869, 40.07959166411181684, 346.0365909570826375 ) ) ;
#2941 = ORIENTED_EDGE ( 'NONE', *, *, #3153, .T. ) ;
#2942 = AXIS2_PLACEMENT_3D ( 'NONE', #7814, #912, #9170 ) ;
#2943 = CARTESIAN_POINT ( 'NONE',  ( 72.38356066479266815, 13.74952502776890384, 356.1718067791969702 ) ) ;
#2944 = EDGE_CURVE ( 'NONE', #4876, #4289, #4548, .T. ) ;
#2945 = AXIS2_PLACEMENT_3D ( 'NONE', #2726, #2023, #464 ) ;
#2946 = VERTEX_POINT ( 'NONE', #6673 ) ;
#2947 = CARTESIAN_POINT ( 'NONE',  ( -93.87172936769897547, 13.99999999999995737, 334.4896633360762053 ) ) ;
#2948 = AXIS2_PLACEMENT_3D ( 'NONE', #6180, #141, #8436 ) ;
#2949 = ORIENTED_EDGE ( 'NONE', *, *, #2712, .T. ) ;
#2950 = CARTESIAN_POINT ( 'NONE',  ( -143.4040466960718732, 15.99999999999995914, 242.5153120237268922 ) ) ;
#2951 = DIRECTION ( 'NONE',  ( 0.000000000000000000, -1.000000000000000000, -0.000000000000000000 ) ) ;
#2952 = CARTESIAN_POINT ( 'NONE',  ( -142.9469361786405557, 86.24473897843418513, 274.6678879063009049 ) ) ;
#2953 = CARTESIAN_POINT ( 'NONE',  ( 93.35076012442273452, 14.00616300474302278, 334.8783676550131077 ) ) ;
#2954 = AXIS2_PLACEMENT_3D ( 'NONE', #5620, #8692, #4166 ) ;
#2955 = VERTEX_POINT ( 'NONE', #2177 ) ;
#2956 = AXIS2_PLACEMENT_3D ( 'NONE', #9904, #2078, #8939 ) ;
#2957 = EDGE_CURVE ( 'NONE', #867, #621, #7883, .T. ) ;
#2958 = B_SPLINE_CURVE_WITH_KNOTS ( 'NONE', 3,
 ( #2448, #5517, #8590, #7931, #6489, #1697, #3250, #2500, #5571, #8639, #1045, #6433 ),
 .UNSPECIFIED., .F., .F.,
 ( 4, 2, 2, 2, 2, 4 ),
 ( 0.000000000000000000, 0.0004907464775136516875, 0.0009814929550273033751, 0.001962985910054587668, 0.002944478865081871961, 0.003925971820109156254 ),
 .UNSPECIFIED. ) ;
#2959 = VECTOR ( 'NONE', #9609, 999.9999999999998863 ) ;
#2960 = ORIENTED_EDGE ( 'NONE', *, *, #7806, .F. ) ;
#2961 = CARTESIAN_POINT ( 'NONE',  ( -79.41421356234891960, 21.13414141223076470, 346.8797868603006691 ) ) ;
#2962 = CARTESIAN_POINT ( 'NONE',  ( -63.98931808990597148, 36.99999999999995026, 354.4721588027285861 ) ) ;
#2963 = CARTESIAN_POINT ( 'NONE',  ( 120.1160535641414242, 140.9938369952524226, 308.8254623921660595 ) ) ;
#2964 = ORIENTED_EDGE ( 'NONE', *, *, #338, .T. ) ;
#2965 = DIRECTION ( 'NONE',  ( 0.000000000000000000, -0.000000000000000000, -1.000000000000000000 ) ) ;
#2966 = ORIENTED_EDGE ( 'NONE', *, *, #6208, .T. ) ;
#2967 = CARTESIAN_POINT ( 'NONE',  ( -142.8728531947224951, 95.72426168520289025, 245.5569398516688580 ) ) ;
#2968 = CARTESIAN_POINT ( 'NONE',  ( 93.87172936769897547, 13.99999999999995737, 334.4896633360762053 ) ) ;
#2969 = CARTESIAN_POINT ( 'NONE',  ( -86.62198976941226647, 13.99999999999995737, 335.9948099664350707 ) ) ;
#2970 = DIRECTION ( 'NONE',  ( -1.000000000000000000, 0.000000000000000000, 0.000000000000000000 ) ) ;
#2971 = EDGE_CURVE ( 'NONE', #6412, #5798, #2924, .T. ) ;
#2972 = DIRECTION ( 'NONE',  ( 0.000000000000000000, 1.000000000000000000, -0.000000000000000000 ) ) ;
#2973 = DIRECTION ( 'NONE',  ( -0.000000000000000000, 1.000000000000000000, 0.000000000000000000 ) ) ;
#2974 = CARTESIAN_POINT ( 'NONE',  ( 140.4395127756010311, 91.15819140416400046, 248.2798455724566224 ) ) ;
#2975 = VERTEX_POINT ( 'NONE', #2125 ) ;
#2976 = DIRECTION ( 'NONE',  ( 8.312794896880851518E-12, 0.000000000000000000, -1.000000000000000000 ) ) ;
#2977 = DIRECTION ( 'NONE',  ( 0.000000000000000000, 0.000000000000000000, 1.000000000000000000 ) ) ;
#2978 = CARTESIAN_POINT ( 'NONE',  ( -122.1815265030884916, 140.9526953898355259, 306.6769527474412484 ) ) ;
#2979 = CARTESIAN_POINT ( 'NONE',  ( 119.7134399979682229, 140.9156275835665610, 309.9857586946546917 ) ) ;
#2980 = CARTESIAN_POINT ( 'NONE',  ( -86.62198976941226647, 13.99999999999995737, 335.9948099664350707 ) ) ;
#2981 = EDGE_CURVE ( 'NONE', #9322, #796, #7549, .T. ) ;
#2982 = CARTESIAN_POINT ( 'NONE',  ( -22.47938186068944333, 14.86719030145958520, 355.6004344311303385 ) ) ;
#2983 = B_SPLINE_CURVE_WITH_KNOTS ( 'NONE', 3,
 ( #1513, #3931, #5475, #1655, #903, #4738, #7009, #3058, #1564, #3984, #7058, #3157, #6242, #6294, #9308, #3208, #9355, #753, #5, #6141, #6905, #9215, #5381, #2460, #8455, #4635, #5228, #6124, #5928, #550, #1551, #4469, #1348, #5269 ),
 .UNSPECIFIED., .F., .F.,
 ( 4, 2, 2, 2, 2, 2, 2, 2, 2, 2, 2, 2, 2, 2, 2, 2, 4 ),
 ( 0.000000000000000000, 0.0007742619482450324546, 0.001548523896490064909, 0.002322785844735097364, 0.003097047792980129818, 0.003871309741225162273, 0.004645571689470194728, 0.005419833637715226748, 0.006194095585960259637, 0.006968357534205292525, 0.007742619482450324546, 0.008516881430695356567, 0.009291143378940389455, 0.01006540532718542234, 0.01083966727543045350, 0.01161392922367548639, 0.01238819117192051927 ),
 .UNSPECIFIED. ) ;
#2984 = CYLINDRICAL_SURFACE ( 'NONE', #9171, 3.749999999999975575 ) ;
#2985 = CARTESIAN_POINT ( 'NONE',  ( -81.99999999996879296, 18.49847829683389477, 347.2555441290919589 ) ) ;
#2986 = LINE ( 'NONE', #9097, #8714 ) ;
#2987 = ORIENTED_EDGE ( 'NONE', *, *, #7891, .F. ) ;
#2988 = DIRECTION ( 'NONE',  ( 1.000000000000000000, 0.000000000000000000, 0.000000000000000000 ) ) ;
#2989 = VECTOR ( 'NONE', #2623, 1000.000000000000000 ) ;
#2990 = ORIENTED_EDGE ( 'NONE', *, *, #2111, .F. ) ;
#2991 = CARTESIAN_POINT ( 'NONE',  ( 11.31765975372622890, 13.71090266881897257, 357.0036314914559625 ) ) ;
#2992 = ORIENTED_EDGE ( 'NONE', *, *, #4115, .T. ) ;
#2993 = EDGE_CURVE ( 'NONE', #7893, #2827, #4781, .T. ) ;
#2994 = CARTESIAN_POINT ( 'NONE',  ( 73.58008399208310379, 15.91056930661054558, 358.9324261281138888 ) ) ;
#2995 = CYLINDRICAL_SURFACE ( 'NONE', #2484, 0.6499999999999839240 ) ;
#2996 = ORIENTED_EDGE ( 'NONE', *, *, #7118, .T. ) ;
#2997 = CARTESIAN_POINT ( 'NONE',  ( -72.97320807161780465, 15.25596385609160954, 360.2801680916013538 ) ) ;
#2998 = ORIENTED_EDGE ( 'NONE', *, *, #400, .T. ) ;
#2999 = CARTESIAN_POINT ( 'NONE',  ( 77.99999999996877875, 38.99999999999995737, 344.9855413816009673 ) ) ;
#3000 = CARTESIAN_POINT ( 'NONE',  ( 88.98531161940533707, 140.9948977471745479, 329.0274823074042843 ) ) ;
#3001 = ORIENTED_EDGE ( 'NONE', *, *, #1447, .F. ) ;
#3002 = CARTESIAN_POINT ( 'NONE',  ( 79.01298701295537796, 36.99999999999995026, 346.7100289320113689 ) ) ;
#3003 = AXIS2_PLACEMENT_3D ( 'NONE', #6601, #2820, #1869 ) ;
#3004 = EDGE_CURVE ( 'NONE', #5175, #6987, #6100, .T. ) ;
#3005 = CARTESIAN_POINT ( 'NONE',  ( 131.9262550500153566, 92.53102818359654691, 272.3706052005690594 ) ) ;
#3006 = ORIENTED_EDGE ( 'NONE', *, *, #4350, .T. ) ;
#3007 = B_SPLINE_CURVE_WITH_KNOTS ( 'NONE', 3,
 ( #5024, #4925, #9616, #6538, #4075, #2708, #5729, #6493, #8088, #7153, #4168, #9567, #9453, #7098, #3254, #1905, #5575, #8036, #7203, #8643, #1749, #4819, #298, #7880, #253, #3307, #2554, #5622, #3360, #6438, #9504, #2608, #2804, #4368 ),
 .UNSPECIFIED., .F., .F.,
 ( 4, 2, 2, 2, 2, 2, 2, 2, 2, 2, 2, 2, 2, 2, 2, 2, 4 ),
 ( 0.000000000000000000, 0.0007742619482450324546, 0.001548523896490064909, 0.002322785844735097364, 0.003097047792980129818, 0.003871309741225162273, 0.004645571689470194728, 0.005419833637715226748, 0.006194095585960259637, 0.006968357534205292525, 0.007742619482450324546, 0.008516881430695356567, 0.009291143378940389455, 0.01006540532718542234, 0.01083966727543045350, 0.01161392922367548639, 0.01238819117192051927 ),
 .UNSPECIFIED. ) ;
#3008 = VECTOR ( 'NONE', #3622, 1000.000000000000000 ) ;
#3009 = VERTEX_POINT ( 'NONE', #961 ) ;
#3010 = CARTESIAN_POINT ( 'NONE',  ( 62.04353224533678457, 38.99999999999995737, 353.2286350571832827 ) ) ;
#3011 = CARTESIAN_POINT ( 'NONE',  ( -1.522939453766362151E-13, 14.00530734089621987, 357.1965594745366843 ) ) ;
#3012 = ORIENTED_EDGE ( 'NONE', *, *, #4678, .F. ) ;
#3013 = CARTESIAN_POINT ( 'NONE',  ( 33.59538806883415418, 15.99999999999995914, 353.2544217687074593 ) ) ;
#3014 = EDGE_LOOP ( 'NONE', ( #6870, #226, #8630 ) ) ;
#3015 = CARTESIAN_POINT ( 'NONE',  ( -142.4358330285784859, 94.23375864891720255, 246.7028497471020216 ) ) ;
#3016 = CARTESIAN_POINT ( 'NONE',  ( -31.23300743697081927, 13.47161550941648755, 356.5567956924140276 ) ) ;
#3017 = CARTESIAN_POINT ( 'NONE',  ( 93.35076012442273452, 140.9938369952568848, 334.8783676550131077 ) ) ;
#3018 = EDGE_CURVE ( 'NONE', #1343, #8564, #2371, .T. ) ;
#3019 = DIRECTION ( 'NONE',  ( -1.000000000000000000, 0.000000000000000000, -1.460819769243638766E-15 ) ) ;
#3020 = CARTESIAN_POINT ( 'NONE',  ( 141.9277955096158337, 93.25882242127613608, 276.9499018212181909 ) ) ;
#3021 = ORIENTED_EDGE ( 'NONE', *, *, #3500, .F. ) ;
#3022 = CARTESIAN_POINT ( 'NONE',  ( -80.96202531642488509, 140.9999999999999716, 345.5459802793566837 ) ) ;
#3023 = VERTEX_POINT ( 'NONE', #810 ) ;
#3024 = CARTESIAN_POINT ( 'NONE',  ( 115.5426391678579847, 13.99999999999995737, 308.7293316430789218 ) ) ;
#3025 = ORIENTED_EDGE ( 'NONE', *, *, #8016, .T. ) ;
#3026 = CARTESIAN_POINT ( 'NONE',  ( -79.99161596303582655, 19.01601676114804818, 347.1008378640801766 ) ) ;
#3027 = ADVANCED_FACE ( 'NONE', ( #8466 ), #866, .T. ) ;
#3028 = CARTESIAN_POINT ( 'NONE',  ( 33.85954752427836212, 14.03945360742171466, 354.8118807318416543 ) ) ;
#3029 = LINE ( 'NONE', #5350, #7448 ) ;
#3030 = EDGE_CURVE ( 'NONE', #8204, #6175, #6621, .T. ) ;
#3031 = FACE_OUTER_BOUND ( 'NONE', #1218, .T. ) ;
#3032 = CARTESIAN_POINT ( 'NONE',  ( -77.26689023737354489, 5.499999999999955591, 357.1999999999999318 ) ) ;
#3033 = CARTESIAN_POINT ( 'NONE',  ( 145.9999999999983800, 140.9999999999999716, 244.5153120237258690 ) ) ;
#3034 = DIRECTION ( 'NONE',  ( -0.8014911435019114183, 0.000000000000000000, 0.5980066445182682378 ) ) ;
#3035 = CARTESIAN_POINT ( 'NONE',  ( -86.12827063230537306, 14.11234496017763007, 330.5091708579985834 ) ) ;
#3036 = CARTESIAN_POINT ( 'NONE',  ( -17.79521203807608742, 97.63845931875647466, 357.1999999999999886 ) ) ;
#3037 = CARTESIAN_POINT ( 'NONE',  ( 33.98921100076194080, 13.41421356237304785, 356.6142135623730383 ) ) ;
#3038 = ORIENTED_EDGE ( 'NONE', *, *, #3431, .T. ) ;
#3039 = CARTESIAN_POINT ( 'NONE',  ( 142.6997859928238483, 90.22831015426683621, 246.0180028083834429 ) ) ;
#3040 = VERTEX_POINT ( 'NONE', #4793 ) ;
#3041 = EDGE_CURVE ( 'NONE', #9827, #123, #7070, .T. ) ;
#3042 = CYLINDRICAL_SURFACE ( 'NONE', #6829, 0.6499999999999839240 ) ;
#3043 = EDGE_LOOP ( 'NONE', ( #8594, #1137, #2898, #4859 ) ) ;
#3044 = CARTESIAN_POINT ( 'NONE',  ( 73.12256493800764190, 13.98419964799417947, 355.4897183330552934 ) ) ;
#3045 = DIRECTION ( 'NONE',  ( 0.000000000000000000, 0.000000000000000000, 1.000000000000000000 ) ) ;
#3046 = ORIENTED_EDGE ( 'NONE', *, *, #2813, .F. ) ;
#3047 = CARTESIAN_POINT ( 'NONE',  ( 1.009719629430382282E-25, 36.99999999999995026, 212.1999999999999602 ) ) ;
#3048 = EDGE_LOOP ( 'NONE', ( #4924, #3581, #2964, #6883, #3364, #2499 ) ) ;
#3049 = PLANE ( 'NONE',  #3442 ) ;
#3050 = EDGE_CURVE ( 'NONE', #4872, #5107, #2327, .T. ) ;
#3051 = CARTESIAN_POINT ( 'NONE',  ( 79.79950465270981397, 38.23315373610191159, 333.2664659198097183 ) ) ;
#3052 = AXIS2_PLACEMENT_3D ( 'NONE', #5978, #4423, #9057 ) ;
#3053 = CARTESIAN_POINT ( 'NONE',  ( -9.569083622216009388, 13.26091019583271802, 357.1626762055750532 ) ) ;
#3054 = ORIENTED_EDGE ( 'NONE', *, *, #7392, .F. ) ;
#3055 = AXIS2_PLACEMENT_3D ( 'NONE', #9185, #2432, #6167 ) ;
#3056 = ORIENTED_EDGE ( 'NONE', *, *, #7500, .T. ) ;
#3057 = FACE_OUTER_BOUND ( 'NONE', #6406, .T. ) ;
#3058 = CARTESIAN_POINT ( 'NONE',  ( 132.0000086166899962, 87.60317520215781428, 272.2085278110907893 ) ) ;
#3059 = CARTESIAN_POINT ( 'NONE',  ( 1.009719629430382282E-25, 36.99999999999995026, 212.1999999999999602 ) ) ;
#3060 = VERTEX_POINT ( 'NONE', #9174 ) ;
#3061 = DIRECTION ( 'NONE',  ( 0.000000000000000000, 1.000000000000000000, 0.000000000000000000 ) ) ;
#3062 = VERTEX_POINT ( 'NONE', #2269 ) ;
#3063 = CARTESIAN_POINT ( 'NONE',  ( -143.1290337310935854, 89.36968023301390929, 244.8555815049508908 ) ) ;
#3064 = FACE_OUTER_BOUND ( 'NONE', #2516, .T. ) ;
#3065 = CARTESIAN_POINT ( 'NONE',  ( 92.57206975859321574, 140.9945597024179733, 335.4593622381625551 ) ) ;
#3066 = CARTESIAN_POINT ( 'NONE',  ( 73.96447408510996979, 13.84113742125697222, 360.1779778351803998 ) ) ;
#3067 = AXIS2_PLACEMENT_3D ( 'NONE', #6944, #741, #9876 ) ;
#3068 = CARTESIAN_POINT ( 'NONE',  ( -148.0000000000245848, 96.42078043914040109, 244.0740061846849187 ) ) ;
#3069 = CIRCLE ( 'NONE', #7279, 0.6499999999999839240 ) ;
#3070 = CARTESIAN_POINT ( 'NONE',  ( 140.0563774057201272, 60.00034205219429140, 249.7395830859207422 ) ) ;
#3071 = CARTESIAN_POINT ( 'NONE',  ( 22.69321356044873284, 13.47278084400836029, 356.7103686460886252 ) ) ;
#3072 = FACE_OUTER_BOUND ( 'NONE', #2901, .T. ) ;
#3073 = ORIENTED_EDGE ( 'NONE', *, *, #1536, .F. ) ;
#3074 = CARTESIAN_POINT ( 'NONE',  ( -400000.0000000000000, 138.9999999999999432, 242.5153120237268922 ) ) ;
#3075 = CARTESIAN_POINT ( 'NONE',  ( -80.63926730040887492, 20.75054002854504276, 345.7414502085997015 ) ) ;
#3076 = CARTESIAN_POINT ( 'NONE',  ( 31.92260956046478881, 14.27963227861305029, 354.6461496512358735 ) ) ;
#3077 = CARTESIAN_POINT ( 'NONE',  ( -90.23711995381128759, 14.06201916654159945, 337.6213215934922118 ) ) ;
#3078 = CARTESIAN_POINT ( 'NONE',  ( -141.1762036325657732, 87.57079581996572415, 245.2812703629159898 ) ) ;
#3079 = VECTOR ( 'NONE', #5359, 1000.000000000000000 ) ;
#3080 = CIRCLE ( 'NONE', #6316, 2.000000000000001776 ) ;
#3081 = CARTESIAN_POINT ( 'NONE',  ( -33.59389733753419449, 15.60196397545447233, 353.2773005486105831 ) ) ;
#3082 = DIRECTION ( 'NONE',  ( 0.000000000000000000, -1.000000000000000000, 0.000000000000000000 ) ) ;
#3083 = EDGE_CURVE ( 'NONE', #3488, #8775, #3997, .T. ) ;
#3084 = FACE_OUTER_BOUND ( 'NONE', #5648, .T. ) ;
#3085 = CARTESIAN_POINT ( 'NONE',  ( -59.99999999997024247, 38.29091974489352879, 357.7992227507938878 ) ) ;
#3086 = CIRCLE ( 'NONE', #2131, 0.6499999999999839240 ) ;
#3087 = CARTESIAN_POINT ( 'NONE',  ( -143.4040466960718447, 98.37148522368045178, 244.5153120237268922 ) ) ;
#3088 = AXIS2_PLACEMENT_3D ( 'NONE', #4366, #1903, #1342 ) ;
#3089 = ORIENTED_EDGE ( 'NONE', *, *, #4879, .T. ) ;
#3090 = FACE_OUTER_BOUND ( 'NONE', #4028, .T. ) ;
#3091 = ORIENTED_EDGE ( 'NONE', *, *, #1778, .T. ) ;
#3092 = CARTESIAN_POINT ( 'NONE',  ( 15.57530174369902731, 13.61697294132154923, 356.8864981440106590 ) ) ;
#3093 = DIRECTION ( 'NONE',  ( 0.000000000000000000, -1.000000000000000000, 0.000000000000000000 ) ) ;
#3094 = VECTOR ( 'NONE', #3387, 1000.000000000000000 ) ;
#3095 = CARTESIAN_POINT ( 'NONE',  ( 116.9513620102634945, 140.9935898095370135, 300.9555076669535083 ) ) ;
#3096 = CIRCLE ( 'NONE', #9056, 154.0000000000000000 ) ;
#3097 = EDGE_CURVE ( 'NONE', #4885, #4522, #3714, .T. ) ;
#3098 = CARTESIAN_POINT ( 'NONE',  ( -131.6727596508808631, 86.92888603435223160, 272.9234258011093175 ) ) ;
#3099 = ORIENTED_EDGE ( 'NONE', *, *, #8662, .T. ) ;
#3100 = LINE ( 'NONE', #4472, #6464 ) ;
#3101 = ORIENTED_EDGE ( 'NONE', *, *, #729, .T. ) ;
#3102 = VECTOR ( 'NONE', #3283, 1000.000000000000000 ) ;
#3103 = CARTESIAN_POINT ( 'NONE',  ( 91.01468838057871835, 14.00616300474526454, 336.6213518866477443 ) ) ;
#3104 = CARTESIAN_POINT ( 'NONE',  ( 80.85294272505691993, 40.42303718350572694, 332.5653052902273998 ) ) ;
#3105 = DIRECTION ( 'NONE',  ( -0.000000000000000000, 1.000000000000000000, -0.000000000000000000 ) ) ;
#3106 = ORIENTED_EDGE ( 'NONE', *, *, #1997, .F. ) ;
#3107 = AXIS2_PLACEMENT_3D ( 'NONE', #3725, #1565, #3932 ) ;
#3108 = AXIS2_PLACEMENT_3D ( 'NONE', #2404, #1704, #1560 ) ;
#3109 = ADVANCED_FACE ( 'NONE', ( #7671 ), #9663, .T. ) ;
#3110 = ORIENTED_EDGE ( 'NONE', *, *, #7144, .T. ) ;
#3111 = CARTESIAN_POINT ( 'NONE',  ( 93.67290238332323327, 14.07250001591069832, 335.1167349941510452 ) ) ;
#3112 = CARTESIAN_POINT ( 'NONE',  ( -145.9999999999968736, 15.99999999999995914, 244.5153120237268922 ) ) ;
#3113 = CYLINDRICAL_SURFACE ( 'NONE', #4734, 0.6499999999999839240 ) ;
#3114 = ORIENTED_EDGE ( 'NONE', *, *, #18, .T. ) ;
#3115 = FACE_OUTER_BOUND ( 'NONE', #6542, .T. ) ;
#3116 = ORIENTED_EDGE ( 'NONE', *, *, #1671, .T. ) ;
#3117 = CARTESIAN_POINT ( 'NONE',  ( 143.1275080016838785, 89.37157119283092754, 244.8598492138133906 ) ) ;
#3118 = CARTESIAN_POINT ( 'NONE',  ( -140.1680709742788622, 55.10191817674632375, 249.3203698630836413 ) ) ;
#3119 = CARTESIAN_POINT ( 'NONE',  ( -27.61539944413192060, 42.13448939926682613, 354.5511357189292880 ) ) ;
#3120 = VECTOR ( 'NONE', #7507, 999.9999999999998863 ) ;
#3121 = CARTESIAN_POINT ( 'NONE',  ( 73.70404256642940766, 14.50709287617457832, 359.9561693844090655 ) ) ;
#3122 = ADVANCED_FACE ( 'NONE', ( #9588 ), #8824, .F. ) ;
#3123 = VECTOR ( 'NONE', #9496, 1000.000000000000000 ) ;
#3124 = EDGE_CURVE ( 'NONE', #811, #3378, #4995, .T. ) ;
#3125 = LINE ( 'NONE', #3068, #6998 ) ;
#3126 = CARTESIAN_POINT ( 'NONE',  ( 137.4280980389272599, 63.74373157193909378, 258.4462741423959642 ) ) ;
#3127 = CARTESIAN_POINT ( 'NONE',  ( 28.32385729396043317, 13.41460124285848110, 356.6138258818876352 ) ) ;
#3128 = ORIENTED_EDGE ( 'NONE', *, *, #5055, .F. ) ;
#3129 = DIRECTION ( 'NONE',  ( -0.3701888898133605110, 0.000000000000000000, 0.9289565037496382294 ) ) ;
#3130 = ORIENTED_EDGE ( 'NONE', *, *, #4985, .F. ) ;
#3131 = DIRECTION ( 'NONE',  ( 0.000000000000000000, 0.000000000000000000, -1.000000000000000000 ) ) ;
#3132 = CARTESIAN_POINT ( 'NONE',  ( 30.87936594041978822, 14.75140472347300857, 354.3318347401112192 ) ) ;
#3133 = LINE ( 'NONE', #872, #1180 ) ;
#3134 = CARTESIAN_POINT ( 'NONE',  ( -140.5271196790416184, 90.25381851470437766, 247.9372950574068852 ) ) ;
#3135 = DIRECTION ( 'NONE',  ( -0.000000000000000000, -1.000000000000000000, -0.000000000000000000 ) ) ;
#3136 = CARTESIAN_POINT ( 'NONE',  ( -59.17157287522525877, 2.209080255106299795, 385.6724116352092437 ) ) ;
#3137 = B_SPLINE_CURVE_WITH_KNOTS ( 'NONE', 3,
 ( #8039, #3564, #9571, #5732 ),
 .UNSPECIFIED., .F., .F.,
 ( 4, 4 ),
 ( 0.000000000000000000, 0.0004385668753621450628 ),
 .UNSPECIFIED. ) ;
#3138 = CARTESIAN_POINT ( 'NONE',  ( -141.1129818148009463, 97.81590522251165964, 245.5496947151529525 ) ) ;
#3139 = CARTESIAN_POINT ( 'NONE',  ( -86.12827063230193403, 13.99999999999995737, 331.1591708579985607 ) ) ;
#3140 = CARTESIAN_POINT ( 'NONE',  ( 119.2501418091628977, 140.9999999999999147, 309.8033799338948597 ) ) ;
#3141 = ORIENTED_EDGE ( 'NONE', *, *, #485, .T. ) ;
#3142 = CARTESIAN_POINT ( 'NONE',  ( 6.531845397217546534, 13.90064974517422236, 357.1187034255805202 ) ) ;
#3143 = CARTESIAN_POINT ( 'NONE',  ( -86.12827063227956614, 140.8876550398169627, 330.5091708579985834 ) ) ;
#3144 = EDGE_LOOP ( 'NONE', ( #3116, #154, #2047, #1574 ) ) ;
#3145 = EDGE_CURVE ( 'NONE', #5798, #4653, #8057, .T. ) ;
#3146 = CARTESIAN_POINT ( 'NONE',  ( -11.27004537985561150, 14.40598421814888752, 356.8522563694991732 ) ) ;
#3147 = VECTOR ( 'NONE', #672, 1000.000000000000000 ) ;
#3148 = ORIENTED_EDGE ( 'NONE', *, *, #6605, .T. ) ;
#3149 = DIRECTION ( 'NONE',  ( -1.000000000000000000, -8.312794896880851518E-12, -1.387778780781444256E-14 ) ) ;
#3150 = ORIENTED_EDGE ( 'NONE', *, *, #6016, .F. ) ;
#3151 = CARTESIAN_POINT ( 'NONE',  ( 6.618453553701991510, 15.68117500860374847, 357.0560741329922507 ) ) ;
#3152 = CARTESIAN_POINT ( 'NONE',  ( -60.20154134057128203, 36.99999999999636913, 354.9231448464127539 ) ) ;
#3153 = EDGE_CURVE ( 'NONE', #7738, #9973, #5472, .T. ) ;
#3154 = VERTEX_POINT ( 'NONE', #9684 ) ;
#3155 = ADVANCED_FACE ( 'NONE', ( #6609 ), #1266, .T. ) ;
#3156 = CARTESIAN_POINT ( 'NONE',  ( 79.92021343062950223, 21.94862653988462498, 346.1730472021257015 ) ) ;
#3157 = CARTESIAN_POINT ( 'NONE',  ( 131.4829092320875077, 86.67093147040651502, 273.3334219431686734 ) ) ;
#3158 = CIRCLE ( 'NONE', #3003, 2.000000000000001776 ) ;
#3159 = CARTESIAN_POINT ( 'NONE',  ( -79.43130928759623544, 37.88839011765453080, 333.5083577745426169 ) ) ;
#3160 = VERTEX_POINT ( 'NONE', #8928 ) ;
#3161 = DIRECTION ( 'NONE',  ( -0.000000000000000000, 1.000000000000000000, -0.000000000000000000 ) ) ;
#3162 = ORIENTED_EDGE ( 'NONE', *, *, #3004, .F. ) ;
#3163 = CARTESIAN_POINT ( 'NONE',  ( -137.7923924097957808, 49.99324392233474867, 257.3476556081024000 ) ) ;
#3164 = CARTESIAN_POINT ( 'NONE',  ( -86.12827063230193403, 140.9999999999999716, 331.8091708579985379 ) ) ;
#3165 = CARTESIAN_POINT ( 'NONE',  ( 76.77494470615667410, 13.84333869394315641, 356.4964998676277332 ) ) ;
#3166 = EDGE_CURVE ( 'NONE', #7323, #4155, #5162, .T. ) ;
#3167 = CARTESIAN_POINT ( 'NONE',  ( 143.1481324695158719, 93.61738888114491886, 274.2054493800701493 ) ) ;
#3168 = FACE_OUTER_BOUND ( 'NONE', #3521, .T. ) ;
#3169 = CARTESIAN_POINT ( 'NONE',  ( 1.036865041962379941, 13.38165997799498719, 357.1969398408256779 ) ) ;
#3170 = CARTESIAN_POINT ( 'NONE',  ( -116.1180257520284584, 14.01169847352557163, 301.9584965825366112 ) ) ;
#3171 = ORIENTED_EDGE ( 'NONE', *, *, #7056, .T. ) ;
#3172 = ORIENTED_EDGE ( 'NONE', *, *, #637, .T. ) ;
#3173 = FACE_OUTER_BOUND ( 'NONE', #407, .T. ) ;
#3174 = CARTESIAN_POINT ( 'NONE',  ( 77.99999999996877875, 36.99999999999995737, 344.9855413816009673 ) ) ;
#3175 = CARTESIAN_POINT ( 'NONE',  ( -59.17157287521093423, 5.499999999999952927, 382.8913526958625084 ) ) ;
#3176 =( BOUNDED_CURVE ( )  B_SPLINE_CURVE ( 3, ( #3422, #3522, #2761, #5835 ),
 .UNSPECIFIED., .F., .T. ) 
 B_SPLINE_CURVE_WITH_KNOTS ( ( 4, 4 ),
 ( 5.787320194803514894, 5.901673767132989745 ),
 .UNSPECIFIED. ) 
 CURVE ( )  GEOMETRIC_REPRESENTATION_ITEM ( )  RATIONAL_B_SPLINE_CURVE ( ( 1.000000000000000000, 0.9989105685525452305, 0.9989105685525452305, 1.000000000000000000 ) ) 
 REPRESENTATION_ITEM ( '' )  );
#3177 = ADVANCED_FACE ( 'NONE', ( #4757 ), #345, .T. ) ;
#3178 = CARTESIAN_POINT ( 'NONE',  ( 146.0000000000150067, 140.9999999999999716, 244.5153120237258690 ) ) ;
#3179 = CARTESIAN_POINT ( 'NONE',  ( 147.9999999999984652, 13.99999999999995737, 261.1897948556680831 ) ) ;
#3180 = DIRECTION ( 'NONE',  ( -0.1171433740337686907, 0.000000000000000000, -0.9931150134400268392 ) ) ;
#3181 = EDGE_CURVE ( 'NONE', #7756, #9787, #2338, .T. ) ;
#3182 = CARTESIAN_POINT ( 'NONE',  ( -2.838231060987894239, 11.99999999999995914, 357.1999999999999886 ) ) ;
#3183 = DIRECTION ( 'NONE',  ( 0.000000000000000000, 1.000000000000000000, -0.000000000000000000 ) ) ;
#3184 = DIRECTION ( 'NONE',  ( -0.1171433740337767399, 0.000000000000000000, -0.9931150134400259510 ) ) ;
#3185 = CARTESIAN_POINT ( 'NONE',  ( -148.0000000000245848, 57.00000000000000711, 256.1787997811547370 ) ) ;
#3186 = ORIENTED_EDGE ( 'NONE', *, *, #4210, .T. ) ;
#3187 = CARTESIAN_POINT ( 'NONE',  ( -142.6941388685682170, 90.24467549701812175, 246.0328815426342146 ) ) ;
#3188 = CARTESIAN_POINT ( 'NONE',  ( -33.95456784779089077, 13.87349721452829598, 355.9000335681969318 ) ) ;
#3189 = CARTESIAN_POINT ( 'NONE',  ( 19.84604883374885276, 13.53045768293363338, 356.7808204452572909 ) ) ;
#3190 = CARTESIAN_POINT ( 'NONE',  ( -2.891254027681943229E-13, 140.9999999999999716, 244.5153120237245616 ) ) ;
#3191 = CARTESIAN_POINT ( 'NONE',  ( -79.99999999996879296, 15.99999999999995914, 347.2555441290919589 ) ) ;
#3192 = B_SPLINE_CURVE_WITH_KNOTS ( 'NONE', 3,
 ( #9190, #9920, #8480, #6021 ),
 .UNSPECIFIED., .F., .F.,
 ( 4, 4 ),
 ( 0.000000000000000000, 0.002914656965084202501 ),
 .UNSPECIFIED. ) ;
#3193 = CARTESIAN_POINT ( 'NONE',  ( 116.0602371292173132, 140.9754425033246719, 301.8884407033838215 ) ) ;
#3194 = CARTESIAN_POINT ( 'NONE',  ( 122.3240216452302178, 140.9197476080657623, 306.6769527474412484 ) ) ;
#3195 = EDGE_LOOP ( 'NONE', ( #2669, #8970, #4471, #5811 ) ) ;
#3196 = DIRECTION ( 'NONE',  ( 0.000000000000000000, -1.000000000000000000, 0.000000000000000000 ) ) ;
#3197 = CARTESIAN_POINT ( 'NONE',  ( -93.67290238333215768, 140.9274999840870350, 335.1167349941531484 ) ) ;
#3198 = ORIENTED_EDGE ( 'NONE', *, *, #506, .T. ) ;
#3199 = DIRECTION ( 'NONE',  ( -1.000000000000000000, -1.040834085586041027E-14, 8.795781004952416830E-15 ) ) ;
#3200 = CARTESIAN_POINT ( 'NONE',  ( 30.87936594041978822, 14.75140472347300680, 354.3318347401112192 ) ) ;
#3201 = CARTESIAN_POINT ( 'NONE',  ( -86.12827063230193403, 13.99999999999995737, 331.8091708579985379 ) ) ;
#3202 = CARTESIAN_POINT ( 'NONE',  ( -73.91390344621063946, 13.94994837745853467, 360.1522346867738520 ) ) ;
#3203 = ORIENTED_EDGE ( 'NONE', *, *, #1042, .T. ) ;
#3204 = EDGE_CURVE ( 'NONE', #9593, #5077, #9846, .T. ) ;
#3205 = EDGE_LOOP ( 'NONE', ( #2987, #4983, #8669, #4085 ) ) ;
#3206 = CARTESIAN_POINT ( 'NONE',  ( -79.01298701295577587, 38.99999999999995737, 346.7100289320111415 ) ) ;
#3207 = EDGE_CURVE ( 'NONE', #5412, #8238, #3873, .T. ) ;
#3208 = CARTESIAN_POINT ( 'NONE',  ( 130.8482242612016080, 86.24330071023882738, 274.6804540163288380 ) ) ;
#3209 = CARTESIAN_POINT ( 'NONE',  ( -79.06971763954014421, 39.29243929880916397, 343.7061607107924033 ) ) ;
#3210 = EDGE_LOOP ( 'NONE', ( #7038, #5781, #7452, #3576 ) ) ;
#3211 = FACE_OUTER_BOUND ( 'NONE', #4132, .T. ) ;
#3212 = ORIENTED_EDGE ( 'NONE', *, *, #5558, .F. ) ;
#3213 = CARTESIAN_POINT ( 'NONE',  ( -1.522939453766362151E-13, 14.00530734089621987, 357.1965594745366843 ) ) ;
#3214 = CARTESIAN_POINT ( 'NONE',  ( -94.26941706898760742, 13.99999999999995737, 333.9755189086594100 ) ) ;
#3215 = FACE_OUTER_BOUND ( 'NONE', #4294, .T. ) ;
#3216 = AXIS2_PLACEMENT_3D ( 'NONE', #2785, #4855, #7916 ) ;
#3217 = CARTESIAN_POINT ( 'NONE',  ( 143.5294444541254109, 93.26878573884565071, 273.3174877359842867 ) ) ;
#3218 = ORIENTED_EDGE ( 'NONE', *, *, #7833, .F. ) ;
#3219 = EDGE_CURVE ( 'NONE', #4591, #7907, #6927, .T. ) ;
#3220 = CARTESIAN_POINT ( 'NONE',  ( 137.5738367933188329, 63.87430859596490507, 258.0110934344205020 ) ) ;
#3221 = CARTESIAN_POINT ( 'NONE',  ( 2.247291263265447814, 13.64134616210112938, 357.1939535059662489 ) ) ;
#3222 = CARTESIAN_POINT ( 'NONE',  ( -148.0000000000245848, 89.97422520020263903, 271.3747880754171433 ) ) ;
#3223 = VERTEX_POINT ( 'NONE', #1539 ) ;
#3224 = VECTOR ( 'NONE', #473, 1000.000000000000000 ) ;
#3225 = EDGE_LOOP ( 'NONE', ( #257, #8576, #6256, #6452 ) ) ;
#3226 = CARTESIAN_POINT ( 'NONE',  ( 135.7239158829313510, 56.04140193376458967, 263.2296865212225612 ) ) ;
#3227 = CARTESIAN_POINT ( 'NONE',  ( 114.3850335511374539, 14.00510225282134513, 304.3038023417666977 ) ) ;
#3228 = DIRECTION ( 'NONE',  ( -0.000000000000000000, 1.000000000000000000, 0.000000000000000000 ) ) ;
#3229 = CARTESIAN_POINT ( 'NONE',  ( -144.3410698873659612, 89.97422520020263903, 271.3747880754171433 ) ) ;
#3230 = CARTESIAN_POINT ( 'NONE',  ( 79.44580446580968669, 39.61210985181278943, 334.9420028363267647 ) ) ;
#3231 = AXIS2_PLACEMENT_3D ( 'NONE', #4725, #4019, #295 ) ;
#3232 = DIRECTION ( 'NONE',  ( 0.000000000000000000, 1.000000000000000000, -2.914335439641033394E-13 ) ) ;
#3233 = ADVANCED_FACE ( 'NONE', ( #7080 ), #9506, .T. ) ;
#3234 = B_SPLINE_CURVE_WITH_KNOTS ( 'NONE', 3,
 ( #7997, #8546, #5531, #7108, #8606, #7889 ),
 .UNSPECIFIED., .F., .F.,
 ( 4, 2, 4 ),
 ( 0.000000000000000000, 0.001485471816549372315, 0.002970943633098761978 ),
 .UNSPECIFIED. ) ;
#3235 = CARTESIAN_POINT ( 'NONE',  ( -141.2159915368605141, 96.03385123479152696, 245.1249469864290518 ) ) ;
#3236 = DIRECTION ( 'NONE',  ( 0.000000000000000000, 0.000000000000000000, -1.000000000000000000 ) ) ;
#3237 = ORIENTED_EDGE ( 'NONE', *, *, #4198, .T. ) ;
#3238 = CARTESIAN_POINT ( 'NONE',  ( -142.3271927863321764, 92.34018823615538452, 246.9787101452988622 ) ) ;
#3239 = CARTESIAN_POINT ( 'NONE',  ( -25.60183362656823292, 14.16076203837602421, 355.7427882107055552 ) ) ;
#3240 = CARTESIAN_POINT ( 'NONE',  ( 7.054222968591413512, 14.23735817717544094, 357.0775320800798909 ) ) ;
#3241 = AXIS2_PLACEMENT_3D ( 'NONE', #8823, #9527, #2572 ) ;
#3242 = CYLINDRICAL_SURFACE ( 'NONE', #2284, 0.6499999999999839240 ) ;
#3243 = AXIS2_PLACEMENT_3D ( 'NONE', #7732, #4462, #3753 ) ;
#3244 = CARTESIAN_POINT ( 'NONE',  ( -147.9999999999968736, 87.15493271257736296, 244.5153120237364419 ) ) ;
#3245 = EDGE_CURVE ( 'NONE', #5063, #9151, #1730, .T. ) ;
#3246 = DIRECTION ( 'NONE',  ( -0.000000000000000000, 1.000000000000000000, 0.000000000000000000 ) ) ;
#3247 = AXIS2_PLACEMENT_3D ( 'NONE', #7497, #3512, #4271 ) ;
#3248 = CARTESIAN_POINT ( 'NONE',  ( -114.3850335512113645, 140.9948977471852913, 304.3038023418249622 ) ) ;
#3249 = ORIENTED_EDGE ( 'NONE', *, *, #6953, .F. ) ;
#3250 = CARTESIAN_POINT ( 'NONE',  ( -80.64122139756001673, 20.74473163343039062, 345.7402697457092700 ) ) ;
#3251 = DIRECTION ( 'NONE',  ( 0.1171433740337767260, 0.000000000000000000, 0.9931150134400259510 ) ) ;
#3252 = CARTESIAN_POINT ( 'NONE',  ( -93.77187505025968051, 140.9025915550042214, 335.1396633360763531 ) ) ;
#3253 = EDGE_LOOP ( 'NONE', ( #49, #3796, #7998, #5043 ) ) ;
#3254 = CARTESIAN_POINT ( 'NONE',  ( -131.0670076063065608, 93.62099631571112468, 274.2201938365614069 ) ) ;
#3255 = CARTESIAN_POINT ( 'NONE',  ( 2.238786878152743576, 14.37207790375039984, 357.1882321154891997 ) ) ;
#3256 = CARTESIAN_POINT ( 'NONE',  ( -1.587676647730349474E-13, 13.38173052416927256, 357.1969402916283798 ) ) ;
#3257 = ORIENTED_EDGE ( 'NONE', *, *, #2193, .T. ) ;
#3258 = CIRCLE ( 'NONE', #9054, 0.6499999999999839240 ) ;
#3259 = VECTOR ( 'NONE', #6583, 1000.000000000000000 ) ;
#3260 = ADVANCED_FACE ( 'NONE', ( #7682 ), #179, .F. ) ;
#3261 = DIRECTION ( 'NONE',  ( -0.000000000000000000, 1.000000000000000000, 0.000000000000000000 ) ) ;
#3262 = ORIENTED_EDGE ( 'NONE', *, *, #1205, .F. ) ;
#3263 = DIRECTION ( 'NONE',  ( -0.000000000000000000, 1.000000000000000000, -0.000000000000000000 ) ) ;
#3264 = AXIS2_PLACEMENT_3D ( 'NONE', #2321, #860, #5482 ) ;
#3265 = CARTESIAN_POINT ( 'NONE',  ( 113.9824199850091162, 13.99999999999995737, 305.4640986442904023 ) ) ;
#3266 = ORIENTED_EDGE ( 'NONE', *, *, #6048, .F. ) ;
#3267 = CARTESIAN_POINT ( 'NONE',  ( 33.96766885589405405, 13.67729450463940388, 356.2872691410692028 ) ) ;
#3268 = CARTESIAN_POINT ( 'NONE',  ( 142.5471189859039782, 94.77755201851262257, 246.4167108657904919 ) ) ;
#3269 = ORIENTED_EDGE ( 'NONE', *, *, #1067, .F. ) ;
#3270 = CARTESIAN_POINT ( 'NONE',  ( -2.828329416802969565, 13.92542005435767827, 357.1837664308916942 ) ) ;
#3271 = CARTESIAN_POINT ( 'NONE',  ( -19.32591749942792703, 34.69729213693551628, 356.2309508872698416 ) ) ;
#3272 = CARTESIAN_POINT ( 'NONE',  ( -78.09473955188526872, 38.83938219106335765, 334.3743567589934855 ) ) ;
#3273 = EDGE_CURVE ( 'NONE', #6195, #9793, #2385, .T. ) ;
#3274 = AXIS2_PLACEMENT_3D ( 'NONE', #5597, #6309, #4099 ) ;
#3275 = CARTESIAN_POINT ( 'NONE',  ( -141.9254246038886151, 93.25587450911866938, 276.9550953306232941 ) ) ;
#3276 = VERTEX_POINT ( 'NONE', #822 ) ;
#3277 = CARTESIAN_POINT ( 'NONE',  ( 139.7409931115645065, 61.76924477100721589, 250.8985180964638459 ) ) ;
#3278 = CARTESIAN_POINT ( 'NONE',  ( 8.226175222223051975, 13.28701605644659622, 357.1738853764644546 ) ) ;
#3279 = DIRECTION ( 'NONE',  ( 0.000000000000000000, 0.000000000000000000, 1.000000000000000000 ) ) ;
#3280 = EDGE_LOOP ( 'NONE', ( #5741, #9260, #6554, #3150, #5085, #3723 ) ) ;
#3281 = CIRCLE ( 'NONE', #4892, 145.0000000000000000 ) ;
#3282 = FACE_OUTER_BOUND ( 'NONE', #6727, .T. ) ;
#3283 = DIRECTION ( 'NONE',  ( -0.000000000000000000, -0.000000000000000000, -1.000000000000000000 ) ) ;
#3284 = LINE ( 'NONE', #8622, #847 ) ;
#3285 = DIRECTION ( 'NONE',  ( -0.000000000000000000, 1.000000000000000000, 0.000000000000000000 ) ) ;
#3286 = VECTOR ( 'NONE', #8719, 1000.000000000000000 ) ;
#3287 = ADVANCED_FACE ( 'NONE', ( #3955 ), #5553, .F. ) ;
#3288 = CIRCLE ( 'NONE', #6189, 0.6499999999999839240 ) ;
#3289 = CARTESIAN_POINT ( 'NONE',  ( -73.07140106647158007, 11.99999999999995737, 357.1999999999999318 ) ) ;
#3290 = CARTESIAN_POINT ( 'NONE',  ( -79.66550238444035870, 20.74592024083004915, 346.8109245064921424 ) ) ;
#3291 = FACE_OUTER_BOUND ( 'NONE', #4167, .T. ) ;
#3292 = ORIENTED_EDGE ( 'NONE', *, *, #4945, .T. ) ;
#3293 = DIRECTION ( 'NONE',  ( -2.180799023016986143E-16, 0.7637941823953526832, -0.6454598724467808246 ) ) ;
#3294 = ORIENTED_EDGE ( 'NONE', *, *, #6077, .F. ) ;
#3295 = CARTESIAN_POINT ( 'NONE',  ( -142.3772285761043008, 91.71092474352150248, 246.8521232831531051 ) ) ;
#3296 = CARTESIAN_POINT ( 'NONE',  ( 13.85927155986697912, 13.90037566459741569, 356.8344662502544793 ) ) ;
#3297 = CARTESIAN_POINT ( 'NONE',  ( -145.9999999999968736, 98.37148522368045178, 244.5153120237268922 ) ) ;
#3298 = ADVANCED_FACE ( 'NONE', ( #8428 ), #9288, .F. ) ;
#3299 = CARTESIAN_POINT ( 'NONE',  ( 80.92514469887478867, 37.46449989660570878, 345.5686060547500347 ) ) ;
#3300 = CARTESIAN_POINT ( 'NONE',  ( -130.1781538616323246, 86.33649036105849461, 276.0648026826107184 ) ) ;
#3301 = EDGE_LOOP ( 'NONE', ( #4479, #2949, #2729, #3828, #8998, #7957 ) ) ;
#3302 = LINE ( 'NONE', #249, #1155 ) ;
#3303 = DIRECTION ( 'NONE',  ( -0.6069928224514554715, 0.000000000000000000, -0.7947073130986122003 ) ) ;
#3304 = DIRECTION ( 'NONE',  ( 0.1171433740337767260, 0.000000000000000000, 0.9931150134400259510 ) ) ;
#3305 = ORIENTED_EDGE ( 'NONE', *, *, #4159, .T. ) ;
#3306 = B_SPLINE_CURVE_WITH_KNOTS ( 'NONE', 3,
 ( #1441, #7260, #9098, #3756, #8332, #3474 ),
 .UNSPECIFIED., .F., .F.,
 ( 4, 2, 4 ),
 ( 0.001572331798094295241, 0.001878441091272179276, 0.002184550384450063311 ),
 .UNSPECIFIED. ) ;
#3307 = CARTESIAN_POINT ( 'NONE',  ( -129.2670112159734686, 92.51981004403846498, 277.8892623731803155 ) ) ;
#3308 = CARTESIAN_POINT ( 'NONE',  ( 1.414529833966339911, 14.04598973437246379, 357.1965721856430491 ) ) ;
#3309 = CARTESIAN_POINT ( 'NONE',  ( 78.43909594218959569, 39.03581061315352230, 344.4666934127893114 ) ) ;
#3310 = VERTEX_POINT ( 'NONE', #3032 ) ;
#3311 = EDGE_CURVE ( 'NONE', #4180, #6190, #6110, .T. ) ;
#3312 = ORIENTED_EDGE ( 'NONE', *, *, #1374, .F. ) ;
#3313 = CARTESIAN_POINT ( 'NONE',  ( -115.9510684890685468, 140.9206206627365248, 301.6406902242426895 ) ) ;
#3314 = EDGE_CURVE ( 'NONE', #3406, #9153, #7887, .T. ) ;
#3315 = CARTESIAN_POINT ( 'NONE',  ( -79.62901104073824854, 39.80304848950436281, 343.0175801940956148 ) ) ;
#3316 = VERTEX_POINT ( 'NONE', #2535 ) ;
#3317 = CARTESIAN_POINT ( 'NONE',  ( 33.96094247566320945, 13.76311389464967228, 356.1417557790099977 ) ) ;
#3318 = CARTESIAN_POINT ( 'NONE',  ( 142.5934104379786049, 94.95485966717582471, 246.2966853422047393 ) ) ;
#3319 = ORIENTED_EDGE ( 'NONE', *, *, #4589, .F. ) ;
#3320 = DIRECTION ( 'NONE',  ( 0.000000000000000000, -1.000000000000000000, -0.000000000000000000 ) ) ;
#3321 = CARTESIAN_POINT ( 'NONE',  ( -1.587676647730349474E-13, 13.38173052416927256, 357.1969402916283798 ) ) ;
#3322 = AXIS2_PLACEMENT_3D ( 'NONE', #7473, #9077, #2730 ) ;
#3323 = TOROIDAL_SURFACE ( 'NONE', #7362, 4.000000000000000000, 2.000000000000000000 ) ;
#3324 = CARTESIAN_POINT ( 'NONE',  ( -79.99999999996913402, 40.99999999999995737, 333.1385603154922705 ) ) ;
#3325 = AXIS2_PLACEMENT_3D ( 'NONE', #5387, #9704, #709 ) ;
#3326 = CARTESIAN_POINT ( 'NONE',  ( -142.2224137173691645, 93.54316759969910322, 276.3002633950811173 ) ) ;
#3327 = ORIENTED_EDGE ( 'NONE', *, *, #8820, .F. ) ;
#3328 = DIRECTION ( 'NONE',  ( 0.000000000000000000, 0.000000000000000000, -1.000000000000000000 ) ) ;
#3329 = CARTESIAN_POINT ( 'NONE',  ( 28.32385729396043317, 13.41460124285848110, 356.6138258818876352 ) ) ;
#3330 = EDGE_CURVE ( 'NONE', #9459, #6306, #9434, .T. ) ;
#3331 = CARTESIAN_POINT ( 'NONE',  ( -122.3240216452302036, 13.99999999999995737, 306.0269527474412143 ) ) ;
#3332 = ORIENTED_EDGE ( 'NONE', *, *, #6257, .F. ) ;
#3333 = DIRECTION ( 'NONE',  ( 0.000000000000000000, -1.000000000000000000, -0.000000000000000000 ) ) ;
#3334 = CARTESIAN_POINT ( 'NONE',  ( 94.26941706898760742, 140.9999999999999716, 333.9755189086594100 ) ) ;
#3335 = CARTESIAN_POINT ( 'NONE',  ( -79.49347224446887594, 21.54700387729259958, 346.4271193169765866 ) ) ;
#3336 = DIRECTION ( 'NONE',  ( -6.938893903907222067E-15, 0.000000000000000000, -1.000000000000000000 ) ) ;
#3337 = AXIS2_PLACEMENT_3D ( 'NONE', #3496, #4151, #9596 ) ;
#3338 = CARTESIAN_POINT ( 'NONE',  ( -83.03237185286990041, 40.42043721853472249, 344.2667651019880282 ) ) ;
#3339 = CYLINDRICAL_SURFACE ( 'NONE', #1055, 0.6499999999999839240 ) ;
#3340 = DIRECTION ( 'NONE',  ( -0.000000000000000000, 1.000000000000000000, 0.000000000000000000 ) ) ;
#3341 = CARTESIAN_POINT ( 'NONE',  ( -12.33476223025468599, 14.93502353230545587, 356.7267453265607742 ) ) ;
#3342 = CARTESIAN_POINT ( 'NONE',  ( 141.0335869043194066, 89.71720833001084827, 278.8747880754170865 ) ) ;
#3343 = CARTESIAN_POINT ( 'NONE',  ( -143.1275080016877155, 96.15484674342383187, 244.8598492138152665 ) ) ;
#3344 = CARTESIAN_POINT ( 'NONE',  ( 81.99999999996879296, 138.9999999999999432, 342.5533658944221997 ) ) ;
#3345 = EDGE_CURVE ( 'NONE', #8377, #1332, #3562, .T. ) ;
#3346 = DIRECTION ( 'NONE',  ( 0.000000000000000000, 0.000000000000000000, 1.000000000000000000 ) ) ;
#3347 = ORIENTED_EDGE ( 'NONE', *, *, #4184, .T. ) ;
#3348 = CARTESIAN_POINT ( 'NONE',  ( -22.84306379109172624, 14.04551602441052616, 356.1207036607318059 ) ) ;
#3349 = EDGE_CURVE ( 'NONE', #6593, #147, #8370, .T. ) ;
#3350 = CARTESIAN_POINT ( 'NONE',  ( 12.70191395495914577, 13.93468649222184830, 356.8799207010684427 ) ) ;
#3351 = CARTESIAN_POINT ( 'NONE',  ( -120.3005038368483639, 14.04288560154660459, 309.0271120523707964 ) ) ;
#3352 = DIRECTION ( 'NONE',  ( 0.000000000000000000, 0.000000000000000000, -1.000000000000000000 ) ) ;
#3353 = B_SPLINE_CURVE_WITH_KNOTS ( 'NONE', 3,
 ( #6766, #1377, #4447, #7479, #1424, #6001, #4492, #6818, #6209, #4695 ),
 .UNSPECIFIED., .F., .F.,
 ( 4, 2, 2, 2, 4 ),
 ( 0.0004379305213315880913, 0.0008743622806328483956, 0.001310794039934108646, 0.001747225799235368896, 0.002183657558536629146 ),
 .UNSPECIFIED. ) ;
#3354 = CARTESIAN_POINT ( 'NONE',  ( -132.1882262543298907, 88.23526176415634836, 271.7926619967446982 ) ) ;
#3355 = VERTEX_POINT ( 'NONE', #8883 ) ;
#3356 = CARTESIAN_POINT ( 'NONE',  ( -75.13415293247697946, 15.99999999999995914, 356.4139856449027661 ) ) ;
#3357 = EDGE_CURVE ( 'NONE', #9793, #6577, #8369, .T. ) ;
#3358 = CARTESIAN_POINT ( 'NONE',  ( -93.49159763959698921, 140.9695220457274729, 335.0265533651937631 ) ) ;
#3359 = VERTEX_POINT ( 'NONE', #427 ) ;
#3360 = CARTESIAN_POINT ( 'NONE',  ( -128.9762502871573133, 91.71123053590260099, 278.4581332923905279 ) ) ;
#3361 = CARTESIAN_POINT ( 'NONE',  ( 10.04598302882185656, 15.48957136783356603, 356.8794221116040717 ) ) ;
#3362 = CARTESIAN_POINT ( 'NONE',  ( 79.92544586989576771, 40.44105133037565025, 342.6470636644904744 ) ) ;
#3363 = CARTESIAN_POINT ( 'NONE',  ( -76.85437617781585118, 13.71396007740882084, 356.5018379989580808 ) ) ;
#3364 = ORIENTED_EDGE ( 'NONE', *, *, #2293, .T. ) ;
#3365 = LINE ( 'NONE', #7944, #9344 ) ;
#3366 = ADVANCED_FACE ( 'NONE', ( #234 ), #3393, .T. ) ;
#3367 = CARTESIAN_POINT ( 'NONE',  ( -79.89462270629995544, 40.33895457856645805, 342.6857414358149185 ) ) ;
#3368 = ORIENTED_EDGE ( 'NONE', *, *, #4811, .T. ) ;
#3369 = CARTESIAN_POINT ( 'NONE',  ( -113.9824199850091162, 140.9999999999999716, 305.4640986442904023 ) ) ;
#3370 = CARTESIAN_POINT ( 'NONE',  ( 140.8816260565346283, 90.95145451406233406, 246.5426858554523903 ) ) ;
#3371 = ORIENTED_EDGE ( 'NONE', *, *, #3330, .T. ) ;
#3372 = CARTESIAN_POINT ( 'NONE',  ( -28.08177872287287613, 14.84073311552412022, 354.7799887001940533 ) ) ;
#3373 = ORIENTED_EDGE ( 'NONE', *, *, #5558, .T. ) ;
#3374 = DIRECTION ( 'NONE',  ( 0.6069928224514556936, 6.397115089948704568E-19, 0.7947073130986123113 ) ) ;
#3375 = CARTESIAN_POINT ( 'NONE',  ( -80.64488875627263553, 39.60020966427197919, 332.7048554569293515 ) ) ;
#3376 = EDGE_CURVE ( 'NONE', #2, #2676, #5613, .T. ) ;
#3377 = CARTESIAN_POINT ( 'NONE',  ( -142.3237929599654592, 93.60941919484807272, 276.0748878949702885 ) ) ;
#3378 = VERTEX_POINT ( 'NONE', #1027 ) ;
#3379 = DIRECTION ( 'NONE',  ( -0.9186345175356984694, 0.000000000000000000, -0.3951083689216852157 ) ) ;
#3380 = CARTESIAN_POINT ( 'NONE',  ( 5.656329897518102889, 13.84996826539874881, 357.1410364958196055 ) ) ;
#3381 = CARTESIAN_POINT ( 'NONE',  ( -115.5426391678579847, 13.99999999999995737, 308.7293316430789218 ) ) ;
#3382 = ORIENTED_EDGE ( 'NONE', *, *, #7954, .T. ) ;
#3383 = DIRECTION ( 'NONE',  ( 0.9186345175357107928, 0.000000000000000000, -0.3951083689216566275 ) ) ;
#3384 = ORIENTED_EDGE ( 'NONE', *, *, #5638, .T. ) ;
#3385 = CARTESIAN_POINT ( 'NONE',  ( 139.4509433357234514, 51.29135265301581370, 251.9316038297488376 ) ) ;
#3386 = CARTESIAN_POINT ( 'NONE',  ( -79.41421356235333917, 21.13414141223742604, 346.8797868602980543 ) ) ;
#3387 = DIRECTION ( 'NONE',  ( -1.000000000000000000, 0.000000000000000000, 0.000000000000000000 ) ) ;
#3388 = CIRCLE ( 'NONE', #1296, 1.999999999999986899 ) ;
#3389 = CARTESIAN_POINT ( 'NONE',  ( -82.44611606522965985, 38.85861165756771385, 344.6336563312194130 ) ) ;
#3390 = CARTESIAN_POINT ( 'NONE',  ( 79.99999999996879296, 15.99999999999995914, 347.2555441290919589 ) ) ;
#3391 = CARTESIAN_POINT ( 'NONE',  ( -79.99999999996879296, 18.49847829683389477, 347.2555441290919589 ) ) ;
#3392 = CARTESIAN_POINT ( 'NONE',  ( -1.192428599601216750E-13, 15.65872649004238681, 357.1999999999999886 ) ) ;
#3393 = TOROIDAL_SURFACE ( 'NONE', #7740, 4.000000000000000000, 2.000000000000000000 ) ;
#3394 = CARTESIAN_POINT ( 'NONE',  ( 114.9868182377109207, 140.9942077594240857, 303.5410647533963697 ) ) ;
#3395 = CARTESIAN_POINT ( 'NONE',  ( -9.933808713457210615, 11.99999999999995914, 357.1999999999999886 ) ) ;
#3396 = SPHERICAL_SURFACE ( 'NONE', #6144, 2.000000000000000000 ) ;
#3397 = ORIENTED_EDGE ( 'NONE', *, *, #3417, .F. ) ;
#3398 = CARTESIAN_POINT ( 'NONE',  ( -22.93307595926015452, 13.54201760136512789, 356.6721573793525977 ) ) ;
#3399 = CARTESIAN_POINT ( 'NONE',  ( 12.40744789892974254, 14.31550312339483177, 356.7924003296880642 ) ) ;
#3400 = CARTESIAN_POINT ( 'NONE',  ( -88.89215833354123220, 140.9752457711503553, 328.8698864309782834 ) ) ;
#3401 = AXIS2_PLACEMENT_3D ( 'NONE', #3, #105, #6086 ) ;
#3402 = ADVANCED_FACE ( 'NONE', ( #4107 ), #7185, .T. ) ;
#3403 = DIRECTION ( 'NONE',  ( 1.387778780781444413E-14, 5.204170427930416866E-14, -1.000000000000000000 ) ) ;
#3404 = LINE ( 'NONE', #3556, #2455 ) ;
#3405 = CARTESIAN_POINT ( 'NONE',  ( -122.3240216452302036, 140.9999999999999716, 305.3769527474412371 ) ) ;
#3406 = VERTEX_POINT ( 'NONE', #2736 ) ;
#3407 = FACE_OUTER_BOUND ( 'NONE', #7226, .T. ) ;
#3408 = CYLINDRICAL_SURFACE ( 'NONE', #7288, 0.6499999999999839240 ) ;
#3409 = AXIS2_PLACEMENT_3D ( 'NONE', #1100, #4119, #939 ) ;
#3410 = CARTESIAN_POINT ( 'NONE',  ( 141.3843407469976512, 98.30163503750792131, 244.3802059859631299 ) ) ;
#3411 = ORIENTED_EDGE ( 'NONE', *, *, #3980, .F. ) ;
#3412 = LINE ( 'NONE', #3464, #8972 ) ;
#3413 = CARTESIAN_POINT ( 'NONE',  ( 121.3196234072851212, 140.9945597024179733, 307.2999866196777816 ) ) ;
#3414 = CARTESIAN_POINT ( 'NONE',  ( -7.095577652469483354, 11.99999999999995914, 357.1999999999999886 ) ) ;
#3415 = ORIENTED_EDGE ( 'NONE', *, *, #9845, .F. ) ;
#3416 = AXIS2_PLACEMENT_3D ( 'NONE', #2035, #5810, #6010 ) ;
#3417 = EDGE_CURVE ( 'NONE', #4487, #1904, #281, .T. ) ;
#3418 = AXIS2_PLACEMENT_3D ( 'NONE', #8431, #7635, #825 ) ;
#3419 = ORIENTED_EDGE ( 'NONE', *, *, #5837, .F. ) ;
#3420 = CARTESIAN_POINT ( 'NONE',  ( -147.9999999999968736, 140.9999999999999716, 244.5153120237364419 ) ) ;
#3421 = EDGE_LOOP ( 'NONE', ( #4284, #9263, #9267, #6054 ) ) ;
#3422 = CARTESIAN_POINT ( 'NONE',  ( 63.98931808990577963, 36.99999999999995026, 354.4721588027286998 ) ) ;
#3423 = VECTOR ( 'NONE', #6228, 1000.000000000000000 ) ;
#3424 = CARTESIAN_POINT ( 'NONE',  ( 140.6088538743324534, 89.66741871418845733, 247.6143498219875028 ) ) ;
#3425 = VERTEX_POINT ( 'NONE', #1833 ) ;
#3426 = CARTESIAN_POINT ( 'NONE',  ( 141.3070061512922848, 89.29191708868083310, 244.7280938920453934 ) ) ;
#3427 = CARTESIAN_POINT ( 'NONE',  ( -5.096354550420551632, 14.01853332262708385, 357.1457977339969148 ) ) ;
#3428 = ORIENTED_EDGE ( 'NONE', *, *, #3658, .T. ) ;
#3429 = CARTESIAN_POINT ( 'NONE',  ( 81.99999999996879296, 138.9999999999999432, 344.5533658944221997 ) ) ;
#3430 = CARTESIAN_POINT ( 'NONE',  ( -79.97302752888380439, 40.60985774853432417, 333.1563695627716015 ) ) ;
#3431 = EDGE_CURVE ( 'NONE', #8693, #1745, #1930, .T. ) ;
#3432 = AXIS2_PLACEMENT_3D ( 'NONE', #1818, #6513, #3328 ) ;
#3433 = VERTEX_POINT ( 'NONE', #4910 ) ;
#3434 = CARTESIAN_POINT ( 'NONE',  ( 147.9999999999984652, 62.02990341489801551, 261.1897948556680831 ) ) ;
#3435 = CARTESIAN_POINT ( 'NONE',  ( 12.94658817481249358, 12.53474144698950710, 357.1989602967223618 ) ) ;
#3436 = FACE_OUTER_BOUND ( 'NONE', #2770, .T. ) ;
#3437 = ORIENTED_EDGE ( 'NONE', *, *, #5338, .T. ) ;
#3438 = CARTESIAN_POINT ( 'NONE',  ( 59.17157287522110209, 6.790919744893555432, 384.4189410606532533 ) ) ;
#3439 = EDGE_LOOP ( 'NONE', ( #8011, #4955, #4737, #3707 ) ) ;
#3440 = CARTESIAN_POINT ( 'NONE',  ( 93.45415342353243204, 13.99999999999995737, 330.9495489862880504 ) ) ;
#3441 = DIRECTION ( 'NONE',  ( -0.000000000000000000, 1.000000000000000000, 0.000000000000000000 ) ) ;
#3442 = AXIS2_PLACEMENT_3D ( 'NONE', #6131, #9936, #9206 ) ;
#3443 = DIRECTION ( 'NONE',  ( 0.000000000000000000, 0.000000000000000000, -1.000000000000000000 ) ) ;
#3444 = CARTESIAN_POINT ( 'NONE',  ( -122.3240216452302036, 13.99999999999995737, 305.3769527474412371 ) ) ;
#3445 = EDGE_CURVE ( 'NONE', #5631, #3526, #5057, .T. ) ;
#3446 = DIRECTION ( 'NONE',  ( -0.000000000000000000, -1.000000000000000000, -0.000000000000000000 ) ) ;
#3447 = DIRECTION ( 'NONE',  ( 1.000000000000000000, 0.000000000000000000, -0.000000000000000000 ) ) ;
#3448 = CIRCLE ( 'NONE', #5860, 154.0000000000000000 ) ;
#3449 = CARTESIAN_POINT ( 'NONE',  ( 141.4911984740654702, 87.43853692581593862, 277.8983921632777765 ) ) ;
#3450 = CARTESIAN_POINT ( 'NONE',  ( -140.8557308723088397, 94.36290058692355842, 246.6498589012103082 ) ) ;
#3451 = CARTESIAN_POINT ( 'NONE',  ( 113.9824199850091162, 13.99999999999995737, 304.8140986442904250 ) ) ;
#3452 = CARTESIAN_POINT ( 'NONE',  ( -30.52581255260489712, 14.22802713107504324, 354.9826700022480850 ) ) ;
#3453 = CARTESIAN_POINT ( 'NONE',  ( 16.94789238607696902, 13.87252166856567470, 356.6828487147146234 ) ) ;
#3454 = CARTESIAN_POINT ( 'NONE',  ( -119.7134399979684929, 13.99999999999995737, 309.9857586946546917 ) ) ;
#3455 = AXIS2_PLACEMENT_3D ( 'NONE', #4572, #8292, #6842 ) ;
#3456 = FACE_OUTER_BOUND ( 'NONE', #5634, .T. ) ;
#3457 = CIRCLE ( 'NONE', #84, 0.6499999999999839240 ) ;
#3458 = DIRECTION ( 'NONE',  ( 0.000000000000000000, -1.000000000000000000, -0.000000000000000000 ) ) ;
#3459 = CARTESIAN_POINT ( 'NONE',  ( -140.2190816524203285, 57.95377629246014095, 249.1272085001225491 ) ) ;
#3460 = CARTESIAN_POINT ( 'NONE',  ( 81.99999999996879296, 18.49847829689354128, 347.2555441290919589 ) ) ;
#3461 = CARTESIAN_POINT ( 'NONE',  ( 80.87041592321526196, 19.80609716715277102, 345.6015657911950143 ) ) ;
#3462 = ADVANCED_FACE ( 'NONE', ( #1085 ), #9598, .T. ) ;
#3463 = ORIENTED_EDGE ( 'NONE', *, *, #4210, .F. ) ;
#3464 = CARTESIAN_POINT ( 'NONE',  ( -121.9214080791437453, 13.99999999999995737, 306.5372490499980813 ) ) ;
#3465 = DIRECTION ( 'NONE',  ( -0.000000000000000000, -0.000000000000000000, 1.000000000000000000 ) ) ;
#3466 = EDGE_CURVE ( 'NONE', #8920, #9247, #5005, .T. ) ;
#3467 = CARTESIAN_POINT ( 'NONE',  ( 13.61816926614503309, 15.73393652299292000, 356.5665498062931533 ) ) ;
#3468 = DIRECTION ( 'NONE',  ( 0.5423039920580460249, 0.8401823493729840830, 0.000000000000000000 ) ) ;
#3469 = CYLINDRICAL_SURFACE ( 'NONE', #5116, 0.6499999999999839240 ) ;
#3470 = VECTOR ( 'NONE', #3446, 1000.000000000000000 ) ;
#3471 = ORIENTED_EDGE ( 'NONE', *, *, #8614, .T. ) ;
#3472 = CARTESIAN_POINT ( 'NONE',  ( -79.99999999888480318, 41.02032237065026976, 346.1742927254952065 ) ) ;
#3473 = ORIENTED_EDGE ( 'NONE', *, *, #5715, .T. ) ;
#3474 = CARTESIAN_POINT ( 'NONE',  ( -86.64923987557818919, 140.9948977471786122, 330.7704665390616583 ) ) ;
#3475 = EDGE_CURVE ( 'NONE', #2146, #4795, #6780, .T. ) ;
#3476 = EDGE_CURVE ( 'NONE', #7259, #1636, #2424, .T. ) ;
#3477 = CARTESIAN_POINT ( 'NONE',  ( 140.8557308723134440, 91.16351734933154205, 246.6498589012191758 ) ) ;
#3478 = ORIENTED_EDGE ( 'NONE', *, *, #9835, .T. ) ;
#3479 = CARTESIAN_POINT ( 'NONE',  ( -31.30708961482547892, 14.50225071487740358, 354.4753691839032967 ) ) ;
#3480 = ORIENTED_EDGE ( 'NONE', *, *, #9889, .T. ) ;
#3481 = DIRECTION ( 'NONE',  ( 0.000000000000000000, 0.9753523922698633664, -0.2206529195217109829 ) ) ;
#3482 = CARTESIAN_POINT ( 'NONE',  ( -80.85356544522538513, 40.42619374242946151, 332.5648873164370229 ) ) ;
#3483 = ORIENTED_EDGE ( 'NONE', *, *, #1147, .T. ) ;
#3484 = CARTESIAN_POINT ( 'NONE',  ( 73.53488328234185190, 13.99999999999995737, 355.2129027218920783 ) ) ;
#3485 = AXIS2_PLACEMENT_3D ( 'NONE', #2202, #5276, #8343 ) ;
#3486 = CARTESIAN_POINT ( 'NONE',  ( 21.66924595885175009, 13.25313225758555014, 356.9125305923779479 ) ) ;
#3487 = FACE_OUTER_BOUND ( 'NONE', #756, .T. ) ;
#3488 = VERTEX_POINT ( 'NONE', #5861 ) ;
#3489 = AXIS2_PLACEMENT_3D ( 'NONE', #7676, #7771, #870 ) ;
#3490 = EDGE_CURVE ( 'NONE', #6306, #7546, #9847, .T. ) ;
#3491 = CARTESIAN_POINT ( 'NONE',  ( 79.49345843113762555, 21.05140612854131632, 346.8459524010313544 ) ) ;
#3492 = ORIENTED_EDGE ( 'NONE', *, *, #6735, .T. ) ;
#3493 = CARTESIAN_POINT ( 'NONE',  ( -115.5426391678579847, 140.9999999999999716, 308.7293316430789218 ) ) ;
#3494 = CARTESIAN_POINT ( 'NONE',  ( 121.9214080791018944, 14.00616300474300502, 306.5372490499650553 ) ) ;
#3495 = CARTESIAN_POINT ( 'NONE',  ( -143.4040466960718447, 87.15493271257520291, 244.5153120237268922 ) ) ;
#3496 = CARTESIAN_POINT ( 'NONE',  ( 0.000000000000000000, 140.9999999999999716, 212.1999999999999602 ) ) ;
#3497 = LINE ( 'NONE', #7232, #7953 ) ;
#3498 = CARTESIAN_POINT ( 'NONE',  ( -2.294593924113825789, 15.41197509852727698, 357.1929548005799120 ) ) ;
#3499 = CARTESIAN_POINT ( 'NONE',  ( 93.87172936769897547, 140.9999999999999716, 334.4896633360762053 ) ) ;
#3500 = EDGE_CURVE ( 'NONE', #4601, #8564, #5973, .T. ) ;
#3501 = CARTESIAN_POINT ( 'NONE',  ( -61.96113701915771088, 37.76635708241700939, 355.6748901656860085 ) ) ;
#3502 = AXIS2_PLACEMENT_3D ( 'NONE', #7065, #858, #5481 ) ;
#3503 = CARTESIAN_POINT ( 'NONE',  ( -91.02301328374683465, 14.16414064654301619, 337.4060136391358924 ) ) ;
#3504 = CARTESIAN_POINT ( 'NONE',  ( 33.05973711480326926, 13.96010537094700865, 355.6259606244001930 ) ) ;
#3505 = CARTESIAN_POINT ( 'NONE',  ( -89.85660708831963461, 140.9693526988323242, 328.0838181946909913 ) ) ;
#3506 = B_SPLINE_CURVE_WITH_KNOTS ( 'NONE', 3,
 ( #6827, #2978, #1478, #3845 ),
 .UNSPECIFIED., .F., .F.,
 ( 4, 4 ),
 ( 0.001799648081411913065, 0.002238059222693539099 ),
 .UNSPECIFIED. ) ;
#3507 = CARTESIAN_POINT ( 'NONE',  ( -443274.9391902462812, 13.99999999999995737, 190952.4071907160396 ) ) ;
#3508 = EDGE_CURVE ( 'NONE', #1873, #3674, #664, .T. ) ;
#3509 = DIRECTION ( 'NONE',  ( 0.000000000000000000, 0.000000000000000000, 1.000000000000000000 ) ) ;
#3510 = CARTESIAN_POINT ( 'NONE',  ( -135.9890975912446720, 60.20461379132328972, 262.5187810834169682 ) ) ;
#3511 = CARTESIAN_POINT ( 'NONE',  ( 81.99999999996879296, 140.9999999999999716, 347.2555441290919589 ) ) ;
#3512 = DIRECTION ( 'NONE',  ( -0.000000000000000000, 1.000000000000000000, 0.000000000000000000 ) ) ;
#3513 = ORIENTED_EDGE ( 'NONE', *, *, #6004, .T. ) ;
#3514 = CARTESIAN_POINT ( 'NONE',  ( -143.4040466960718732, 87.15493271257520291, 244.5153120237268922 ) ) ;
#3515 = CARTESIAN_POINT ( 'NONE',  ( -34.05877273185289056, 11.99999999999995914, 357.1999999999999886 ) ) ;
#3516 = CARTESIAN_POINT ( 'NONE',  ( -119.3308917972710077, 14.00811390184370708, 309.8709628201942792 ) ) ;
#3517 = ORIENTED_EDGE ( 'NONE', *, *, #6755, .F. ) ;
#3518 =( BOUNDED_SURFACE ( )  B_SPLINE_SURFACE ( 3, 2, ( 
 ( #7556, #8258, #9791 ),
 ( #3639, #7516, #3681 ),
 ( #3010, #9071, #8401 ),
 ( #6087, #4532, #6757 ),
 ( #701, #3583, #653 ),
 ( #3724, #6660, #6904 ) ),
 .UNSPECIFIED., .F., .F., .T. ) 
 B_SPLINE_SURFACE_WITH_KNOTS ( ( 4, 2, 4 ),
 ( 3, 3 ),
 ( 0.003782114701107821154, 0.005663367755926834897, 0.007544620810745848206 ),
 ( 0.000000000000000000, 1.000000000000000000 ),
 .UNSPECIFIED. ) 
 GEOMETRIC_REPRESENTATION_ITEM ( )  RATIONAL_B_SPLINE_SURFACE ( (
 ( 1.000000000000000000, 0.7071067811865439090, 1.000000000000000000),
 ( 1.000000000000000000, 0.7350615166355931596, 1.000000000000000000),
 ( 1.000000000000000000, 0.7618331815309750121, 1.000000000000000000),
 ( 1.000000000000000000, 0.8106695801542390667, 1.000000000000000000),
 ( 1.000000000000000000, 0.8329699799099624657, 1.000000000000000000),
 ( 1.000000000000000000, 0.8533490062074398086, 1.000000000000000000) ) ) 
 REPRESENTATION_ITEM ( '' )  SURFACE ( )  );
#3519 = ORIENTED_EDGE ( 'NONE', *, *, #3273, .F. ) ;
#3520 = CARTESIAN_POINT ( 'NONE',  ( -79.80528247757814597, 22.04695951781894081, 346.2414745094739601 ) ) ;
#3521 = EDGE_LOOP ( 'NONE', ( #8988, #2811, #370 ) ) ;
#3522 = CARTESIAN_POINT ( 'NONE',  ( 69.41538490994288679, 31.41061967875799610, 352.0316931582461280 ) ) ;
#3523 = CARTESIAN_POINT ( 'NONE',  ( 141.3068438894090946, 96.23417954990637213, 244.7288044613624720 ) ) ;
#3524 = ORIENTED_EDGE ( 'NONE', *, *, #6560, .F. ) ;
#3525 = CARTESIAN_POINT ( 'NONE',  ( -15.08372292269322656, 13.74933860965068710, 356.8462825075661158 ) ) ;
#3526 = VERTEX_POINT ( 'NONE', #8126 ) ;
#3527 = LINE ( 'NONE', #5789, #1572 ) ;
#3528 = ORIENTED_EDGE ( 'NONE', *, *, #7683, .F. ) ;
#3529 = EDGE_CURVE ( 'NONE', #3359, #418, #1951, .T. ) ;
#3530 = ORIENTED_EDGE ( 'NONE', *, *, #4331, .T. ) ;
#3531 = DIRECTION ( 'NONE',  ( -1.000000000000000000, 0.000000000000000000, 0.000000000000000000 ) ) ;
#3532 = DIRECTION ( 'NONE',  ( -2.400857290751898999E-12, -1.000000000000000000, 0.000000000000000000 ) ) ;
#3533 = DIRECTION ( 'NONE',  ( 0.000000000000000000, 0.000000000000000000, 1.000000000000000000 ) ) ;
#3534 = ORIENTED_EDGE ( 'NONE', *, *, #3219, .T. ) ;
#3535 = CARTESIAN_POINT ( 'NONE',  ( -350244.6547929365188, 140.9999999999999716, -50633.02266581427830 ) ) ;
#3536 = ORIENTED_EDGE ( 'NONE', *, *, #4809, .F. ) ;
#3537 = CARTESIAN_POINT ( 'NONE',  ( -114.2689987919320487, 14.01567945575652807, 304.2122532398402086 ) ) ;
#3538 = LINE ( 'NONE', #1023, #3094 ) ;
#3539 = CARTESIAN_POINT ( 'NONE',  ( -82.81959760205771204, 39.60112732278260950, 344.4003527216017915 ) ) ;
#3540 = EDGE_CURVE ( 'NONE', #418, #5143, #9802, .T. ) ;
#3541 = DIRECTION ( 'NONE',  ( 0.000000000000000000, -1.000000000000000000, 0.000000000000000000 ) ) ;
#3542 = DIRECTION ( 'NONE',  ( 0.000000000000000000, 0.000000000000000000, 1.000000000000000000 ) ) ;
#3543 = CARTESIAN_POINT ( 'NONE',  ( 114.3850335511374539, 140.9948977471785838, 304.3038023417666977 ) ) ;
#3544 = CARTESIAN_POINT ( 'NONE',  ( 144.3410698873659612, 89.97422520020263903, 271.3747880754171433 ) ) ;
#3545 = LINE ( 'NONE', #6624, #9431 ) ;
#3546 = AXIS2_PLACEMENT_3D ( 'NONE', #83, #9243, #181 ) ;
#3547 = CARTESIAN_POINT ( 'NONE',  ( 1.009719629430382282E-25, 138.9999999999999432, 212.1999999999999602 ) ) ;
#3548 = ORIENTED_EDGE ( 'NONE', *, *, #9112, .T. ) ;
#3549 = CARTESIAN_POINT ( 'NONE',  ( -141.5432329502931452, 89.01539292627504096, 243.6750979887296751 ) ) ;
#3550 = CARTESIAN_POINT ( 'NONE',  ( -33.95818486062102437, 13.80147810226400829, 356.0671252156122932 ) ) ;
#3551 = CARTESIAN_POINT ( 'NONE',  ( 25.71839036681807045, 14.35093442972302924, 355.5116011668393980 ) ) ;
#3552 = DIRECTION ( 'NONE',  ( 1.000000000000000000, 0.000000000000000000, 8.947009472043195012E-15 ) ) ;
#3553 = ADVANCED_FACE ( 'NONE', ( #2123 ), #8940, .T. ) ;
#3554 = DIRECTION ( 'NONE',  ( -0.000000000000000000, -1.000000000000000000, -0.000000000000000000 ) ) ;
#3555 = VECTOR ( 'NONE', #7121, 1000.000000000000114 ) ;
#3556 = CARTESIAN_POINT ( 'NONE',  ( -147.9999999999969020, 140.9999999999999716, 261.1897948556726874 ) ) ;
#3557 = CARTESIAN_POINT ( 'NONE',  ( -132.3634217643471231, 89.45093965784805334, 271.4024327639141347 ) ) ;
#3558 = CARTESIAN_POINT ( 'NONE',  ( 145.9999999999984084, 98.37148522368069337, 244.5153120237258690 ) ) ;
#3559 = CARTESIAN_POINT ( 'NONE',  ( 79.95360806502873174, 19.51983064394154255, 346.9730935562828904 ) ) ;
#3560 = EDGE_LOOP ( 'NONE', ( #7455, #4390, #1518, #1403 ) ) ;
#3561 = CARTESIAN_POINT ( 'NONE',  ( -86.64923987557818919, 14.00510225282130605, 330.7704665390616583 ) ) ;
#3562 = CIRCLE ( 'NONE', #499, 2.000000000000007105 ) ;
#3563 = CARTESIAN_POINT ( 'NONE',  ( 122.3240216452302036, 140.9999999999999716, 306.0269527474412143 ) ) ;
#3564 = CARTESIAN_POINT ( 'NONE',  ( -122.0375513802886474, 14.01780339291007316, 306.6288837892989818 ) ) ;
#3565 = EDGE_CURVE ( 'NONE', #2490, #1861, #4521, .T. ) ;
#3566 = AXIS2_PLACEMENT_3D ( 'NONE', #5474, #5429, #6199 ) ;
#3567 = CARTESIAN_POINT ( 'NONE',  ( -141.4911984740654702, 92.50991347458932523, 277.8983921632777765 ) ) ;
#3568 = EDGE_CURVE ( 'NONE', #7758, #2946, #1897, .T. ) ;
#3569 = ORIENTED_EDGE ( 'NONE', *, *, #6723, .F. ) ;
#3570 = DIRECTION ( 'NONE',  ( -0.000000000000000000, 1.000000000000000000, -0.000000000000000000 ) ) ;
#3571 = ORIENTED_EDGE ( 'NONE', *, *, #3680, .T. ) ;
#3572 = CARTESIAN_POINT ( 'NONE',  ( -91.01468838058721644, 140.9938369952535311, 336.6213518866592267 ) ) ;
#3573 =( BOUNDED_SURFACE ( )  B_SPLINE_SURFACE ( 3, 2, ( 
 ( #6454, #3324, #6403 ),
 ( #4834, #9469, #1918 ),
 ( #8709, #3430, #3482 ),
 ( #6507, #1964, #9585 ),
 ( #9417, #5040, #3375 ),
 ( #4136, #2568, #9520 ),
 ( #1813, #5791, #2625 ),
 ( #4235, #8819, #4992 ),
 ( #8767, #9630, #1870 ),
 ( #4944, #8053, #1164 ),
 ( #7312, #411, #6557 ),
 ( #8107, #1216, #4287 ),
 ( #7363, #3272, #6355 ),
 ( #2520, #1504, #2352 ),
 ( #7801, #743, #9154 ),
 ( #4675, #6237, #1558 ) ),
 .UNSPECIFIED., .F., .F., .T. ) 
 B_SPLINE_SURFACE_WITH_KNOTS ( ( 4, 2, 2, 2, 2, 2, 2, 4 ),
 ( 3, 3 ),
 ( 0.002358064023333821847, 0.003216662273952752751, 0.004075260524571683654, 0.004933858775190614124, 0.005792457025809544593, 0.006651055276428475063, 0.007509653527047405533, 0.009226850028285266472 ),
 ( 0.000000000000000000, 1.000000000000000000 ),
 .UNSPECIFIED. ) 
 GEOMETRIC_REPRESENTATION_ITEM ( )  RATIONAL_B_SPLINE_SURFACE ( (
 ( 1.000000000000000000, 0.8825596663261605634, 1.000000000000000000),
 ( 1.000000000000000000, 0.8825534270604158404, 1.000000000000000000),
 ( 1.000000000000000000, 0.8812678351130261989, 1.000000000000000000),
 ( 1.000000000000000000, 0.8762540456867976557, 1.000000000000000000),
 ( 1.000000000000000000, 0.8724791559845089806, 1.000000000000000000),
 ( 1.000000000000000000, 0.8629548112769832580, 1.000000000000000000),
 ( 1.000000000000000000, 0.8571073960558156513, 1.000000000000000000),
 ( 1.000000000000000000, 0.8437645740891445145, 1.000000000000000000),
 ( 1.000000000000000000, 0.8363249420331928530, 1.000000000000000000),
 ( 1.000000000000000000, 0.8199741177948218773, 1.000000000000000000),
 ( 1.000000000000000000, 0.8111190621919058819, 1.000000000000000000),
 ( 1.000000000000000000, 0.7925291079555084606, 1.000000000000000000),
 ( 1.000000000000000000, 0.7826907060245597014, 1.000000000000000000),
 ( 1.000000000000000000, 0.7518347818105191038, 1.000000000000000000),
 ( 1.000000000000000000, 0.7301280919498281952, 1.000000000000000000),
 ( 1.000000000000000000, 0.7071067811865450192, 1.000000000000000000) ) ) 
 REPRESENTATION_ITEM ( '' )  SURFACE ( )  );
#3574 = CARTESIAN_POINT ( 'NONE',  ( 93.87172936769563591, 140.8806638096949939, 335.1396633360761825 ) ) ;
#3575 = CARTESIAN_POINT ( 'NONE',  ( -15.34834039164678288, 14.05565762511313466, 356.6816302617024235 ) ) ;
#3576 = ORIENTED_EDGE ( 'NONE', *, *, #7133, .F. ) ;
#3577 = CARTESIAN_POINT ( 'NONE',  ( 113.8394342282660858, 14.10682752460113676, 304.1640986442904477 ) ) ;
#3578 = ORIENTED_EDGE ( 'NONE', *, *, #5876, .F. ) ;
#3579 = CIRCLE ( 'NONE', #2768, 2.000000000000001776 ) ;
#3580 = VECTOR ( 'NONE', #7094, 1000.000000000000000 ) ;
#3581 = ORIENTED_EDGE ( 'NONE', *, *, #7599, .F. ) ;
#3582 = VECTOR ( 'NONE', #3303, 1000.000000000000114 ) ;
#3583 = CARTESIAN_POINT ( 'NONE',  ( 61.57465347916951259, 38.99999999998639311, 355.3193478170900335 ) ) ;
#3584 = CARTESIAN_POINT ( 'NONE',  ( -1.184617445362766262E-13, 34.82568710166408721, 360.7275883647906767 ) ) ;
#3585 = ORIENTED_EDGE ( 'NONE', *, *, #4159, .F. ) ;
#3586 = CARTESIAN_POINT ( 'NONE',  ( 19.65782694227076632, 15.99999999999995914, 355.8890173445405480 ) ) ;
#3587 = VERTEX_POINT ( 'NONE', #5282 ) ;
#3588 = CARTESIAN_POINT ( 'NONE',  ( -114.3850335512113645, 14.00510225281460741, 304.3038023418249622 ) ) ;
#3589 = CARTESIAN_POINT ( 'NONE',  ( 87.42793026047361593, 140.9942077594219541, 330.1894719416868611 ) ) ;
#3590 = LINE ( 'NONE', #1274, #2458 ) ;
#3591 = EDGE_CURVE ( 'NONE', #867, #9909, #190, .T. ) ;
#3592 = CARTESIAN_POINT ( 'NONE',  ( -73.16146431501418590, 13.98710782404979014, 355.4617961520079916 ) ) ;
#3593 = AXIS2_PLACEMENT_3D ( 'NONE', #7276, #1079, #1129 ) ;
#3594 = AXIS2_PLACEMENT_3D ( 'NONE', #5345, #8274, #2976 ) ;
#3595 = DIRECTION ( 'NONE',  ( 0.000000000000000000, 0.000000000000000000, 1.000000000000000000 ) ) ;
#3596 = CARTESIAN_POINT ( 'NONE',  ( -93.79558617448527968, 13.99999999999995737, 333.8441385773510319 ) ) ;
#3597 = CARTESIAN_POINT ( 'NONE',  ( 90.49371913728549544, 13.99999999999995737, 337.6600562055618866 ) ) ;
#3598 = CARTESIAN_POINT ( 'NONE',  ( 111.7844301505944031, 11.99999999999995737, 357.2000000000000455 ) ) ;
#3599 = ORIENTED_EDGE ( 'NONE', *, *, #8143, .F. ) ;
#3600 = CARTESIAN_POINT ( 'NONE',  ( 33.96005550223569713, 13.98126946408768667, 355.4861680395182475 ) ) ;
#3601 = CIRCLE ( 'NONE', #2301, 1.999999999999987343 ) ;
#3602 = DIRECTION ( 'NONE',  ( -0.9800791454830163341, 0.000000000000000000, 0.1986073225973317702 ) ) ;
#3603 = ORIENTED_EDGE ( 'NONE', *, *, #8449, .T. ) ;
#3604 = DIRECTION ( 'NONE',  ( -0.3701888898133480210, 0.000000000000000000, -0.9289565037496431144 ) ) ;
#3605 = CARTESIAN_POINT ( 'NONE',  ( -295023.7351874128217, 140.9999999999999716, 374391.6400312996120 ) ) ;
#3606 = CARTESIAN_POINT ( 'NONE',  ( -433192.9686763964128, 140.9999999999999716, 63277.41982382826973 ) ) ;
#3607 = CARTESIAN_POINT ( 'NONE',  ( 21.00895794958081808, 14.04923968159629410, 356.2686488401056977 ) ) ;
#3608 = LINE ( 'NONE', #3743, #6485 ) ;
#3609 = ADVANCED_FACE ( 'NONE', ( #700 ), #3779, .F. ) ;
#3610 = VECTOR ( 'NONE', #8456, 1000.000000000000000 ) ;
#3611 = AXIS2_PLACEMENT_3D ( 'NONE', #5563, #6798, #3675 ) ;
#3612 = CARTESIAN_POINT ( 'NONE',  ( 74.04474144416951731, 16.91281810558092857, 357.4771010423104940 ) ) ;
#3613 = LINE ( 'NONE', #2888, #9672 ) ;
#3614 = CARTESIAN_POINT ( 'NONE',  ( 77.99999999996883560, 15.99999999999995914, 212.1999999999999886 ) ) ;
#3615 = B_SPLINE_CURVE_WITH_KNOTS ( 'NONE', 3,
 ( #9196, #1494, #6121, #1593, #7643, #9250, #3911, #3860, #5364, #8380, #736, #6887, #41, #783 ),
 .UNSPECIFIED., .F., .F.,
 ( 4, 2, 2, 2, 2, 2, 4 ),
 ( 0.000000000000000000, 0.001045857910661942419, 0.002091715821323884839, 0.002614644776654785358, 0.003137573731985685878, 0.003660502687316586398, 0.004183431642647486917 ),
 .UNSPECIFIED. ) ;
#3616 = DIRECTION ( 'NONE',  ( 0.000000000000000000, 0.000000000000000000, -1.000000000000000000 ) ) ;
#3617 = ORIENTED_EDGE ( 'NONE', *, *, #9509, .T. ) ;
#3618 = AXIS2_PLACEMENT_3D ( 'NONE', #1010, #1297, #9723 ) ;
#3619 = DIRECTION ( 'NONE',  ( 0.000000000000000000, 0.000000000000000000, 1.000000000000000000 ) ) ;
#3620 = EDGE_CURVE ( 'NONE', #2200, #4981, #6633, .T. ) ;
#3621 = CARTESIAN_POINT ( 'NONE',  ( 79.51320862048956428, 36.99999999714667354, 346.4161920806366766 ) ) ;
#3622 = DIRECTION ( 'NONE',  ( 0.000000000000000000, -1.000000000000000000, 0.000000000000000000 ) ) ;
#3623 = VECTOR ( 'NONE', #1241, 1000.000000000000114 ) ;
#3624 = CARTESIAN_POINT ( 'NONE',  ( 120.7638024623814772, 13.99999999999995737, 302.1117197486524333 ) ) ;
#3625 = CARTESIAN_POINT ( 'NONE',  ( -141.7419896719105168, 92.99789267597824960, 277.3556358584596069 ) ) ;
#3626 = ORIENTED_EDGE ( 'NONE', *, *, #220, .F. ) ;
#3627 = CARTESIAN_POINT ( 'NONE',  ( -80.26261509555899920, 40.47434232705032287, 345.9828250243154457 ) ) ;
#3628 = CARTESIAN_POINT ( 'NONE',  ( 141.3155393443362868, 87.32065729255772624, 244.6808864852040131 ) ) ;
#3629 = ORIENTED_EDGE ( 'NONE', *, *, #1906, .F. ) ;
#3630 = DIRECTION ( 'NONE',  ( 0.7947073130986056499, 0.000000000000000000, -0.6069928224514641313 ) ) ;
#3631 = EDGE_CURVE ( 'NONE', #8761, #2676, #7378, .T. ) ;
#3632 = CARTESIAN_POINT ( 'NONE',  ( 94.36009741392570049, 140.8248227278356808, 334.9394720396536513 ) ) ;
#3633 = CARTESIAN_POINT ( 'NONE',  ( -18.44107946721441849, 13.94443544757758779, 356.5415951455174195 ) ) ;
#3634 = LINE ( 'NONE', #1358, #2204 ) ;
#3635 = CARTESIAN_POINT ( 'NONE',  ( 132.2800561414787239, 91.24781956152206419, 271.5885449504481244 ) ) ;
#3636 = ORIENTED_EDGE ( 'NONE', *, *, #6620, .T. ) ;
#3637 = EDGE_CURVE ( 'NONE', #7636, #808, #6788, .T. ) ;
#3638 = ORIENTED_EDGE ( 'NONE', *, *, #7345, .F. ) ;
#3639 = CARTESIAN_POINT ( 'NONE',  ( 62.59862378843879327, 38.99999999999995737, 352.9046671591686959 ) ) ;
#3640 = CARTESIAN_POINT ( 'NONE',  ( 19.67457221605274142, 14.80431909534385682, 355.9727262019823684 ) ) ;
#3641 = ORIENTED_EDGE ( 'NONE', *, *, #7313, .T. ) ;
#3642 = LINE ( 'NONE', #7559, #7633 ) ;
#3643 = ORIENTED_EDGE ( 'NONE', *, *, #9534, .T. ) ;
#3644 = FACE_OUTER_BOUND ( 'NONE', #3919, .T. ) ;
#3645 = CARTESIAN_POINT ( 'NONE',  ( 86.50807200494301696, 14.02799911271192812, 330.6222021315253414 ) ) ;
#3646 = DIRECTION ( 'NONE',  ( -4.827056628805047506E-15, 0.000000000000000000, -1.000000000000000000 ) ) ;
#3647 = CARTESIAN_POINT ( 'NONE',  ( -76.47742760528926453, 13.06759785282782538, 357.5415807331971223 ) ) ;
#3648 = CARTESIAN_POINT ( 'NONE',  ( 93.87172936769897547, 13.99999999999995737, 334.4896633360762053 ) ) ;
#3649 = CARTESIAN_POINT ( 'NONE',  ( -9.901195723501537316, 13.74418857121220405, 357.0423843911101471 ) ) ;
#3650 = CARTESIAN_POINT ( 'NONE',  ( 141.4529712308194291, 98.37148522368069337, 244.0756479145594824 ) ) ;
#3651 = VERTEX_POINT ( 'NONE', #9161 ) ;
#3652 = DIRECTION ( 'NONE',  ( 0.000000000000000000, 0.000000000000000000, 1.000000000000000000 ) ) ;
#3653 = DIRECTION ( 'NONE',  ( -0.000000000000000000, 1.000000000000000000, 0.000000000000000000 ) ) ;
#3654 = DIRECTION ( 'NONE',  ( -1.000000000000000000, 0.000000000000000000, 4.773959005888169085E-12 ) ) ;
#3655 = CARTESIAN_POINT ( 'NONE',  ( 24.98582287486609488, 13.91956601192140930, 356.1121858350291518 ) ) ;
#3656 = CARTESIAN_POINT ( 'NONE',  ( -14.07494652413651437, 14.53037242618517411, 356.6227796864537254 ) ) ;
#3657 = EDGE_CURVE ( 'NONE', #7305, #1515, #588, .T. ) ;
#3658 = EDGE_CURVE ( 'NONE', #4671, #6587, #8454, .T. ) ;
#3659 = AXIS2_PLACEMENT_3D ( 'NONE', #4744, #2518, #1006 ) ;
#3660 = DIRECTION ( 'NONE',  ( -1.387778780781445676E-14, -1.000000000000000000, 0.000000000000000000 ) ) ;
#3661 = CIRCLE ( 'NONE', #9620, 2.000000000000001776 ) ;
#3662 = CARTESIAN_POINT ( 'NONE',  ( -80.96202531642488509, 15.99999999999995914, 345.5459802793566269 ) ) ;
#3663 = ORIENTED_EDGE ( 'NONE', *, *, #7799, .F. ) ;
#3664 = DIRECTION ( 'NONE',  ( -1.000000000000000000, 0.000000000000000000, 0.000000000000000000 ) ) ;
#3665 = DIRECTION ( 'NONE',  ( 0.000000000000000000, 0.000000000000000000, 1.000000000000000000 ) ) ;
#3666 = ORIENTED_EDGE ( 'NONE', *, *, #5904, .F. ) ;
#3667 = CIRCLE ( 'NONE', #6240, 0.6499999999999839240 ) ;
#3668 = CARTESIAN_POINT ( 'NONE',  ( 73.54079135842437154, 15.49465759536806253, 359.3353448211855721 ) ) ;
#3669 = EDGE_CURVE ( 'NONE', #6587, #8775, #4694, .T. ) ;
#3670 = DIRECTION ( 'NONE',  ( -4.514530909468640738E-14, -0.7637941823953291465, 0.6454598724468090243 ) ) ;
#3671 = B_SPLINE_CURVE_WITH_KNOTS ( 'NONE', 3,
 ( #9683, #2678, #1170, #9634 ),
 .UNSPECIFIED., .F., .F.,
 ( 4, 4 ),
 ( 2.961022057850474893E-15, 0.0009713195658774156742 ),
 .UNSPECIFIED. ) ;
#3672 = ORIENTED_EDGE ( 'NONE', *, *, #3083, .F. ) ;
#3673 = CARTESIAN_POINT ( 'NONE',  ( -83.03312365917700788, 40.42632881298375480, 344.2662918690704714 ) ) ;
#3674 = VERTEX_POINT ( 'NONE', #7707 ) ;
#3675 = DIRECTION ( 'NONE',  ( -0.6194054863512685749, 0.000000000000000000, -0.7850712346519571616 ) ) ;
#3676 = CARTESIAN_POINT ( 'NONE',  ( -13.81103628229153735, 14.22511148943974568, 356.7218885306200491 ) ) ;
#3677 = CARTESIAN_POINT ( 'NONE',  ( -143.7018429856202886, 86.93782356649521148, 272.9110291051323429 ) ) ;
#3678 = DIRECTION ( 'NONE',  ( 0.000000000000000000, 0.000000000000000000, 1.000000000000000000 ) ) ;
#3679 = ORIENTED_EDGE ( 'NONE', *, *, #7107, .F. ) ;
#3680 = EDGE_CURVE ( 'NONE', #9593, #621, #8701, .T. ) ;
#3681 = CARTESIAN_POINT ( 'NONE',  ( 63.54873994640954038, 37.15805509122662187, 354.6703163003367649 ) ) ;
#3682 = CARTESIAN_POINT ( 'NONE',  ( 90.49371913728364802, 140.8767977190233012, 337.6600562055618866 ) ) ;
#3683 = ORIENTED_EDGE ( 'NONE', *, *, #4277, .T. ) ;
#3684 = CARTESIAN_POINT ( 'NONE',  ( -79.99999999996916245, 38.99999999999995026, 342.5533658944219724 ) ) ;
#3685 = ORIENTED_EDGE ( 'NONE', *, *, #2569, .T. ) ;
#3686 = CARTESIAN_POINT ( 'NONE',  ( 28.03791893497174215, 15.99999999999995914, 354.4916302566276727 ) ) ;
#3687 = CARTESIAN_POINT ( 'NONE',  ( 93.45415342353595634, 140.9999999999999716, 330.9495489862876525 ) ) ;
#3688 = CARTESIAN_POINT ( 'NONE',  ( 91.13092362303044069, 140.9627206687596583, 336.8354826176222332 ) ) ;
#3689 = EDGE_CURVE ( 'NONE', #4913, #7785, #56, .T. ) ;
#3690 = DIRECTION ( 'NONE',  ( 0.000000000000000000, 0.000000000000000000, -1.000000000000000000 ) ) ;
#3691 = CARTESIAN_POINT ( 'NONE',  ( 141.3125686209178014, 98.20136050336667211, 244.6938281937730437 ) ) ;
#3692 = EDGE_LOOP ( 'NONE', ( #9984, #8788, #1012 ) ) ;
#3693 = CYLINDRICAL_SURFACE ( 'NONE', #747, 156.0000000000000000 ) ;
#3694 = CARTESIAN_POINT ( 'NONE',  ( 147.8961038961023462, 140.9999999999999716, 261.8260259576897511 ) ) ;
#3695 = CARTESIAN_POINT ( 'NONE',  ( 116.0111767235947440, 14.15870042510307769, 301.2017216773480754 ) ) ;
#3696 = CARTESIAN_POINT ( 'NONE',  ( 19.47746664093953228, 14.22371858913027509, 356.2719908893396905 ) ) ;
#3697 = CARTESIAN_POINT ( 'NONE',  ( -116.1903880662150215, 140.9948977471851776, 302.0155889996583483 ) ) ;
#3698 = CARTESIAN_POINT ( 'NONE',  ( -116.7875969255100443, 14.03068002444812734, 300.8785404240751404 ) ) ;
#3699 = CARTESIAN_POINT ( 'NONE',  ( 77.99999999996879296, 38.99999999999995026, 336.7993579437905396 ) ) ;
#3700 = CARTESIAN_POINT ( 'NONE',  ( 116.1903880661201924, 140.9948977471765090, 302.0155889995834855 ) ) ;
#3701 = LINE ( 'NONE', #4509, #522 ) ;
#3702 = CARTESIAN_POINT ( 'NONE',  ( -145.9999999999969305, 15.99999999999995914, 261.1897948556726305 ) ) ;
#3703 = DIRECTION ( 'NONE',  ( 0.000000000000000000, 0.000000000000000000, -1.000000000000000000 ) ) ;
#3704 = ORIENTED_EDGE ( 'NONE', *, *, #2429, .F. ) ;
#3705 = SPHERICAL_SURFACE ( 'NONE', #8097, 2.000000000000000000 ) ;
#3706 = CARTESIAN_POINT ( 'NONE',  ( 80.02172795909866920, 39.81269930254372014, 346.1165744338034074 ) ) ;
#3707 = ORIENTED_EDGE ( 'NONE', *, *, #6418, .F. ) ;
#3708 = ADVANCED_FACE ( 'NONE', ( #4685 ), #997, .F. ) ;
#3709 = CIRCLE ( 'NONE', #337, 0.6499999999999839240 ) ;
#3710 = CARTESIAN_POINT ( 'NONE',  ( 76.93975041485062150, 13.14470911480380266, 356.8711186549061836 ) ) ;
#3711 = DIRECTION ( 'NONE',  ( -1.000000000000000000, 0.000000000000000000, 3.378674827220644093E-16 ) ) ;
#3712 = ORIENTED_EDGE ( 'NONE', *, *, #207, .F. ) ;
#3713 = FACE_OUTER_BOUND ( 'NONE', #789, .T. ) ;
#3714 = CIRCLE ( 'NONE', #981, 2.000000000000000000 ) ;
#3715 = ORIENTED_EDGE ( 'NONE', *, *, #9978, .T. ) ;
#3716 = CARTESIAN_POINT ( 'NONE',  ( -90.05194589926288984, 13.99999999999995559, 328.2737019416567819 ) ) ;
#3717 = LINE ( 'NONE', #645, #7029 ) ;
#3718 = CARTESIAN_POINT ( 'NONE',  ( -143.9333304356646295, 87.42883266996071256, 272.3600656223840701 ) ) ;
#3719 = CARTESIAN_POINT ( 'NONE',  ( 129.4473257621832829, 92.85899090645342824, 277.5332177168535281 ) ) ;
#3720 = VERTEX_POINT ( 'NONE', #6293 ) ;
#3721 = EDGE_CURVE ( 'NONE', #2665, #4929, #8758, .T. ) ;
#3722 = VECTOR ( 'NONE', #2359, 1000.000000000000000 ) ;
#3723 = ORIENTED_EDGE ( 'NONE', *, *, #2612, .T. ) ;
#3724 = CARTESIAN_POINT ( 'NONE',  ( 60.20154134058262940, 38.99999999999995737, 354.9231448464082064 ) ) ;
#3725 = CARTESIAN_POINT ( 'NONE',  ( -433194.0190388342598, 140.9999999999999716, 63270.19578480727068 ) ) ;
#3726 = ORIENTED_EDGE ( 'NONE', *, *, #8121, .T. ) ;
#3727 = DIRECTION ( 'NONE',  ( 0.000000000000000000, 0.000000000000000000, 1.000000000000000000 ) ) ;
#3728 = AXIS2_PLACEMENT_3D ( 'NONE', #4214, #5074, #5726 ) ;
#3729 = ORIENTED_EDGE ( 'NONE', *, *, #3540, .T. ) ;
#3730 = CARTESIAN_POINT ( 'NONE',  ( -140.0563774057200987, 53.99965794780577255, 249.7395830859206285 ) ) ;
#3731 = CARTESIAN_POINT ( 'NONE',  ( 93.35076012442273452, 14.00616300474302278, 334.8783676550131077 ) ) ;
#3732 = CARTESIAN_POINT ( 'NONE',  ( -79.99999999996916245, 40.99999999999995737, 334.2040982918403529 ) ) ;
#3733 = EDGE_CURVE ( 'NONE', #7036, #9895, #155, .T. ) ;
#3734 = DIRECTION ( 'NONE',  ( 1.000000000000000000, 0.000000000000000000, 0.000000000000000000 ) ) ;
#3735 = CIRCLE ( 'NONE', #9360, 2.000000000000002220 ) ;
#3736 = DIRECTION ( 'NONE',  ( -2.262079412673756451E-12, -1.000000000000000000, 0.000000000000000000 ) ) ;
#3737 = CARTESIAN_POINT ( 'NONE',  ( -7.070530795397481860, 13.81372136950209750, 357.1110868932913149 ) ) ;
#3738 = ORIENTED_EDGE ( 'NONE', *, *, #2322, .T. ) ;
#3739 = DIRECTION ( 'NONE',  ( 1.000000000000000000, -1.387778780781444413E-14, -7.703719777548929063E-28 ) ) ;
#3740 = ORIENTED_EDGE ( 'NONE', *, *, #1414, .F. ) ;
#3741 = DIRECTION ( 'NONE',  ( -1.000000000000000000, 0.000000000000000000, 0.000000000000000000 ) ) ;
#3742 = DIRECTION ( 'NONE',  ( 0.000000000000000000, -1.000000000000000000, -0.000000000000000000 ) ) ;
#3743 = CARTESIAN_POINT ( 'NONE',  ( 145.9999999999984936, 13.99999999999995737, 261.5153120237858957 ) ) ;
#3744 = ADVANCED_FACE ( 'NONE', ( #7888 ), #8702, .T. ) ;
#3745 = AXIS2_PLACEMENT_3D ( 'NONE', #4309, #8888, #1987 ) ;
#3746 = DIRECTION ( 'NONE',  ( 0.6069928224538471140, 5.884677767009279228E-12, 0.7947073130967856613 ) ) ;
#3747 = VECTOR ( 'NONE', #7613, 1000.000000000000000 ) ;
#3748 = AXIS2_PLACEMENT_3D ( 'NONE', #7719, #6155, #6970 ) ;
#3749 = LINE ( 'NONE', #2281, #54 ) ;
#3750 = EDGE_CURVE ( 'NONE', #1955, #6996, #1111, .T. ) ;
#3751 = CARTESIAN_POINT ( 'NONE',  ( -396513.1187901523663, 140.9999999999999716, 296240.8356234785169 ) ) ;
#3752 = B_SPLINE_CURVE_WITH_KNOTS ( 'NONE', 3,
 ( #9796, #1975, #6719, #1272, #616, #4246 ),
 .UNSPECIFIED., .F., .F.,
 ( 4, 2, 4 ),
 ( 0.000000000000000000, 0.001896886816368481901, 0.003793773632736963802 ),
 .UNSPECIFIED. ) ;
#3753 = DIRECTION ( 'NONE',  ( -0.9755377326263396931, 0.000000000000000000, 0.2198320545831759232 ) ) ;
#3754 = CYLINDRICAL_SURFACE ( 'NONE', #4068, 2.000000000000001776 ) ;
#3755 = ORIENTED_EDGE ( 'NONE', *, *, #9568, .T. ) ;
#3756 = CARTESIAN_POINT ( 'NONE',  ( -86.50807200494301696, 140.9720008872879760, 330.6222021315253414 ) ) ;
#3757 = ORIENTED_EDGE ( 'NONE', *, *, #5977, .T. ) ;
#3758 = CARTESIAN_POINT ( 'NONE',  ( 142.5983797862965901, 90.55366685823580042, 246.2837510868787945 ) ) ;
#3759 = CARTESIAN_POINT ( 'NONE',  ( 82.13794404825985396, 38.43965961281138988, 344.8250098149221685 ) ) ;
#3760 = VECTOR ( 'NONE', #7347, 1000.000000000000000 ) ;
#3761 = CARTESIAN_POINT ( 'NONE',  ( 77.26689023736271622, 4.905437080727349297, 357.2904202203034743 ) ) ;
#3762 = VECTOR ( 'NONE', #2681, 1000.000000000000000 ) ;
#3763 = EDGE_CURVE ( 'NONE', #6786, #4941, #197, .T. ) ;
#3764 = DIRECTION ( 'NONE',  ( -1.000000000000000000, -0.000000000000000000, -7.975740119433573893E-16 ) ) ;
#3765 = ORIENTED_EDGE ( 'NONE', *, *, #58, .T. ) ;
#3766 = CARTESIAN_POINT ( 'NONE',  ( -86.62198976941226647, 140.9999999999999716, 335.9948099664350707 ) ) ;
#3767 = VECTOR ( 'NONE', #890, 1000.000000000000114 ) ;
#3768 = ADVANCED_FACE ( 'NONE', ( #9575 ), #209, .T. ) ;
#3769 = ORIENTED_EDGE ( 'NONE', *, *, #1595, .T. ) ;
#3770 = CARTESIAN_POINT ( 'NONE',  ( -88.88464173738604757, 14.11798163247318882, 328.4289612720631339 ) ) ;
#3771 = CARTESIAN_POINT ( 'NONE',  ( -142.6372934176871468, 86.22497474089551872, 275.3717393522322254 ) ) ;
#3772 = DIRECTION ( 'NONE',  ( 1.000000000000000000, -0.000000000000000000, 7.975740119433573893E-16 ) ) ;
#3773 = VECTOR ( 'NONE', #6463, 1000.000000000000000 ) ;
#3774 = VERTEX_POINT ( 'NONE', #6499 ) ;
#3775 = AXIS2_PLACEMENT_3D ( 'NONE', #8337, #3670, #5174 ) ;
#3777 = EDGE_CURVE ( 'NONE', #8260, #8547, #3365, .T. ) ;
#3776 = AXIS2_PLACEMENT_3D ( 'NONE', #5667, #1899, #3403 ) ;
#3778 = ORIENTED_EDGE ( 'NONE', *, *, #8348, .F. ) ;
#3779 = CYLINDRICAL_SURFACE ( 'NONE', #3566, 0.6499999999999839240 ) ;
#3780 = EDGE_CURVE ( 'NONE', #3276, #951, #9195, .T. ) ;
#3781 = CARTESIAN_POINT ( 'NONE',  ( -33.60948035020218327, 15.09706126387901115, 353.4521013536530063 ) ) ;
#3782 = CARTESIAN_POINT ( 'NONE',  ( -76.93877551017364169, 36.99999999999995026, 335.1041285840108799 ) ) ;
#3783 = VERTEX_POINT ( 'NONE', #5683 ) ;
#3784 = CARTESIAN_POINT ( 'NONE',  ( 7.029497079970400186, 15.99999999999995914, 357.0363449273443734 ) ) ;
#3785 = ORIENTED_EDGE ( 'NONE', *, *, #4835, .T. ) ;
#3786 = CARTESIAN_POINT ( 'NONE',  ( -138.3029097344548006, 49.89766861264324405, 255.7606953565335175 ) ) ;
#3787 = CARTESIAN_POINT ( 'NONE',  ( 93.87172936769897547, 14.11933619030565801, 335.1396633360761825 ) ) ;
#3788 = CARTESIAN_POINT ( 'NONE',  ( -81.99999999996914823, 138.9999999999999432, 342.5533658944219155 ) ) ;
#3789 = CARTESIAN_POINT ( 'NONE',  ( 218.0295143127822826, 38.99999999999995737, 357.2000000000000455 ) ) ;
#3790 = CARTESIAN_POINT ( 'NONE',  ( -76.28276085943764429, 13.28592993180486381, 357.6119428166289254 ) ) ;
#3791 = PRODUCT ( 'front wall', 'front wall', '', ( #521 ) ) ;
#3792 = DIRECTION ( 'NONE',  ( 0.000000000000000000, -1.387778780781444413E-14, -1.000000000000000000 ) ) ;
#3793 = EDGE_CURVE ( 'NONE', #184, #5896, #7794, .T. ) ;
#3794 = DIRECTION ( 'NONE',  ( 0.000000000000000000, 0.000000000000000000, 1.000000000000000000 ) ) ;
#3795 = CARTESIAN_POINT ( 'NONE',  ( 140.6063347868026483, 89.68347116478705061, 247.6243438609831742 ) ) ;
#3796 = ORIENTED_EDGE ( 'NONE', *, *, #1324, .T. ) ;
#3797 = CARTESIAN_POINT ( 'NONE',  ( -145.9999999999969020, 15.99999999999995914, 261.1897948556727442 ) ) ;
#3798 = CARTESIAN_POINT ( 'NONE',  ( -91.01468838058721644, 14.00616300474638543, 336.6213518866592267 ) ) ;
#3799 = CARTESIAN_POINT ( 'NONE',  ( 30.95691622914945640, 14.68850016172396700, 354.3639871071522975 ) ) ;
#3800 = CARTESIAN_POINT ( 'NONE',  ( -120.1160535641386389, 13.99999999999995737, 308.8254623921638995 ) ) ;
#3801 = FACE_OUTER_BOUND ( 'NONE', #4953, .T. ) ;
#3802 = ADVANCED_FACE ( 'NONE', ( #1756 ), #4851, .T. ) ;
#3803 = CARTESIAN_POINT ( 'NONE',  ( 33.66408990811153501, 14.58577828736142656, 353.8402225233363083 ) ) ;
#3804 = CARTESIAN_POINT ( 'NONE',  ( 116.1858755123690941, 13.99999999999995737, 308.8228570679643212 ) ) ;
#3805 = DIRECTION ( 'NONE',  ( -0.9480519480519208342, 0.000000000000000000, 0.3181155510108837348 ) ) ;
#3806 = VERTEX_POINT ( 'NONE', #2511 ) ;
#3807 = DIRECTION ( 'NONE',  ( 0.000000000000000000, 0.000000000000000000, 1.000000000000000000 ) ) ;
#3808 = VECTOR ( 'NONE', #8174, 999.9999999999998863 ) ;
#3809 = ORIENTED_EDGE ( 'NONE', *, *, #5390, .F. ) ;
#3810 = CARTESIAN_POINT ( 'NONE',  ( 142.3274541956714359, 93.19343691406210439, 246.9780519405132395 ) ) ;
#3811 = CARTESIAN_POINT ( 'NONE',  ( 89.99501502683268939, 14.00636641019729822, 328.2007737032269006 ) ) ;
#3812 = CARTESIAN_POINT ( 'NONE',  ( -119.5131290454518052, 140.9611644122332450, 309.9624966904783605 ) ) ;
#3813 = ADVANCED_FACE ( 'NONE', ( #8810 ), #5894, .T. ) ;
#3814 = B_SPLINE_CURVE_WITH_KNOTS ( 'NONE', 3,
 ( #7634, #1543, #2283, #824, #9045, #2140, #1588, #6834, #2340, #6063 ),
 .UNSPECIFIED., .F., .F.,
 ( 4, 2, 2, 2, 4 ),
 ( 0.0006114683874161341067, 0.001004515680196076208, 0.001397562972976018093, 0.001790610265755960195, 0.002183657558535902297 ),
 .UNSPECIFIED. ) ;
#3815 = CARTESIAN_POINT ( 'NONE',  ( 72.77102541505328759, 13.92173902684008624, 355.7726290844240680 ) ) ;
#3816 = DIRECTION ( 'NONE',  ( -0.000000000000000000, 1.000000000000000000, 0.000000000000000000 ) ) ;
#3817 = ORIENTED_EDGE ( 'NONE', *, *, #474, .T. ) ;
#3818 = CARTESIAN_POINT ( 'NONE',  ( 145.9999999999984936, 140.9999999999999716, 261.1897948556680831 ) ) ;
#3819 = VERTEX_POINT ( 'NONE', #6747 ) ;
#3820 = DIRECTION ( 'NONE',  ( -1.040834085586084257E-14, 1.000000000000000000, 0.000000000000000000 ) ) ;
#3821 = DIRECTION ( 'NONE',  ( 1.000000000000000000, -0.000000000000000000, -0.000000000000000000 ) ) ;
#3822 = CARTESIAN_POINT ( 'NONE',  ( 145.9999999999984936, 138.9999999999999432, 261.1897948556680831 ) ) ;
#3823 = ORIENTED_EDGE ( 'NONE', *, *, #8109, .F. ) ;
#3824 = CIRCLE ( 'NONE', #4150, 2.000000000000001776 ) ;
#3825 = EDGE_LOOP ( 'NONE', ( #5240, #7360, #8610 ) ) ;
#3826 = FACE_OUTER_BOUND ( 'NONE', #2300, .T. ) ;
#3827 = CARTESIAN_POINT ( 'NONE',  ( -79.22872697163346345, 37.73294753657881984, 333.6408167168607406 ) ) ;
#3828 = ORIENTED_EDGE ( 'NONE', *, *, #9081, .T. ) ;
#3829 = DIRECTION ( 'NONE',  ( -0.6194054863512725717, 0.000000000000000000, 0.7850712346519540530 ) ) ;
#3830 = ORIENTED_EDGE ( 'NONE', *, *, #4896, .T. ) ;
#3831 = CARTESIAN_POINT ( 'NONE',  ( -142.5519025920704337, 90.72940252219385115, 246.4043300454127063 ) ) ;
#3832 = CARTESIAN_POINT ( 'NONE',  ( -31.15653414736151205, 13.41440740261576536, 356.6140197221303652 ) ) ;
#3833 = CARTESIAN_POINT ( 'NONE',  ( 34.05877273185254950, 13.99999999999995737, 355.1999999999999886 ) ) ;
#3834 = CARTESIAN_POINT ( 'NONE',  ( 72.12657779604991504, 13.29091974489352523, 356.7275883647906767 ) ) ;
#3835 = EDGE_CURVE ( 'NONE', #2665, #7770, #30, .T. ) ;
#3836 =( BOUNDED_SURFACE ( )  B_SPLINE_SURFACE ( 3, 2, ( 
 ( #3699, #5919, #1287 ),
 ( #9813, #4360, #7436 ),
 ( #5161, #8229, #7492 ),
 ( #4708, #4052, #4658 ),
 ( #7079, #1538, #3849 ),
 ( #6221, #7729, #4006 ),
 ( #9287, #2485, #1679 ),
 ( #3230, #820, #6926 ),
 ( #130, #5499, #8520 ),
 ( #3899, #9380, #9182 ),
 ( #8572, #876, #7824 ),
 ( #178, #2386, #926 ),
 ( #6981, #9327, #4756 ),
 ( #6318, #6264, #5552 ),
 ( #3954, #4802, #8625 ),
 ( #1729, #7865, #970 ) ),
 .UNSPECIFIED., .F., .F., .F. ) 
 B_SPLINE_SURFACE_WITH_KNOTS ( ( 4, 2, 2, 2, 2, 2, 2, 4 ),
 ( 3, 3 ),
 ( 0.002035895895422498540, 0.003744020972178255680, 0.004598083510556134033, 0.005452146048934012820, 0.006306208587311891607, 0.007160271125689770394, 0.008014333664067650048, 0.008868396202445527968 ),
 ( 0.000000000000000000, 1.000000000000000000 ),
 .UNSPECIFIED. ) 
 GEOMETRIC_REPRESENTATION_ITEM ( )  RATIONAL_B_SPLINE_SURFACE ( (
 ( 1.000000000000000000, 0.7071067811865379138, 1.000000000000000000),
 ( 1.000000000000000000, 0.7301352455969485344, 1.000000000000000000),
 ( 1.000000000000000000, 0.7517728646304665530, 1.000000000000000000),
 ( 1.000000000000000000, 0.7824935649487593237, 1.000000000000000000),
 ( 1.000000000000000000, 0.7924616550283797300, 1.000000000000000000),
 ( 1.000000000000000000, 0.8110355503416789569, 1.000000000000000000),
 ( 1.000000000000000000, 0.8197504038059647558, 1.000000000000000000),
 ( 1.000000000000000000, 0.8360238898834685406, 1.000000000000000000),
 ( 1.000000000000000000, 0.8436484665946478723, 1.000000000000000000),
 ( 1.000000000000000000, 0.8569972747647159883, 1.000000000000000000),
 ( 1.000000000000000000, 0.8627962965098281423, 1.000000000000000000),
 ( 1.000000000000000000, 0.8724748186023492114, 1.000000000000000000),
 ( 1.000000000000000000, 0.8761961816243440948, 1.000000000000000000),
 ( 1.000000000000000000, 0.8812312942435410745, 1.000000000000000000),
 ( 1.000000000000000000, 0.8825683764449741009, 1.000000000000000000),
 ( 1.000000000000000000, 0.8825596663261605634, 1.000000000000000000) ) ) 
 REPRESENTATION_ITEM ( '' )  SURFACE ( )  );
#3837 = EDGE_CURVE ( 'NONE', #8442, #4699, #6991, .T. ) ;
#3838 = DIRECTION ( 'NONE',  ( 1.000000000000000000, 0.000000000000000000, 0.000000000000000000 ) ) ;
#3839 = CARTESIAN_POINT ( 'NONE',  ( -1.551851511699309020E-13, 13.67984819308627031, 357.1964577856830374 ) ) ;
#3840 = CARTESIAN_POINT ( 'NONE',  ( 60.20154134058272888, 36.99999999999995737, 354.9231448464083769 ) ) ;
#3841 = ORIENTED_EDGE ( 'NONE', *, *, #5846, .T. ) ;
#3842 = DIRECTION ( 'NONE',  ( 0.000000000000000000, 0.000000000000000000, -1.000000000000000000 ) ) ;
#3843 = VERTEX_POINT ( 'NONE', #6647 ) ;
#3844 = FACE_OUTER_BOUND ( 'NONE', #742, .T. ) ;
#3845 = CARTESIAN_POINT ( 'NONE',  ( -121.9214080791437453, 140.9938369952527353, 306.5372490499980813 ) ) ;
#3846 = CARTESIAN_POINT ( 'NONE',  ( -61.61575490294980995, 37.91281810558668042, 356.0033129380215655 ) ) ;
#3847 = CARTESIAN_POINT ( 'NONE',  ( -140.8048473248464063, 96.84916141297408387, 246.8273669032448367 ) ) ;
#3848 = ADVANCED_FACE ( 'NONE', ( #5886 ), #5931, .F. ) ;
#3849 = CARTESIAN_POINT ( 'NONE',  ( 78.79672295506955493, 37.46238189532041218, 333.9215645319361556 ) ) ;
#3850 = DIRECTION ( 'NONE',  ( -1.000000000000000000, 0.000000000000000000, -8.947009472043195012E-15 ) ) ;
#3851 = DIRECTION ( 'NONE',  ( 0.000000000000000000, 0.000000000000000000, 1.000000000000000000 ) ) ;
#3852 = CARTESIAN_POINT ( 'NONE',  ( -86.54584657644193157, 140.9999999999999716, 334.6992852075914016 ) ) ;
#3853 = FACE_OUTER_BOUND ( 'NONE', #9837, .T. ) ;
#3854 = ORIENTED_EDGE ( 'NONE', *, *, #5390, .T. ) ;
#3855 = CARTESIAN_POINT ( 'NONE',  ( 90.10339329910814854, 13.99999999999995737, 328.8955984283251155 ) ) ;
#3856 = ORIENTED_EDGE ( 'NONE', *, *, #2582, .F. ) ;
#3857 = CARTESIAN_POINT ( 'NONE',  ( -1.522939453766362151E-13, 14.00530734089621987, 357.1965594745366843 ) ) ;
#3858 = ORIENTED_EDGE ( 'NONE', *, *, #8845, .F. ) ;
#3859 = B_SPLINE_CURVE_WITH_KNOTS ( 'NONE', 3,
 ( #5549, #174, #4905, #3227 ),
 .UNSPECIFIED., .F., .F.,
 ( 4, 4 ),
 ( 0.001745438625059192537, 0.002184550384450881233 ),
 .UNSPECIFIED. ) ;
#3860 = CARTESIAN_POINT ( 'NONE',  ( -79.61090336463773554, 39.80727773646997747, 334.7237137696388913 ) ) ;
#3861 = ADVANCED_FACE ( 'NONE', ( #4425 ), #5980, .F. ) ;
#3862 = CARTESIAN_POINT ( 'NONE',  ( 117.0255849497389704, 140.9999999999999716, 301.0114278111556132 ) ) ;
#3863 = DIRECTION ( 'NONE',  ( 0.000000000000000000, 0.000000000000000000, 1.000000000000000000 ) ) ;
#3864 = ORIENTED_EDGE ( 'NONE', *, *, #5815, .F. ) ;
#3865 = DIRECTION ( 'NONE',  ( 0.000000000000000000, -1.000000000000000000, -0.000000000000000000 ) ) ;
#3866 = VERTEX_POINT ( 'NONE', #4227 ) ;
#3867 = DIRECTION ( 'NONE',  ( -0.9186345175356984694, 0.000000000000000000, -0.3951083689216852157 ) ) ;
#3868 = CARTESIAN_POINT ( 'NONE',  ( 79.22610976708307362, 37.73109669997887750, 333.6425234884750353 ) ) ;
#3869 = CIRCLE ( 'NONE', #8687, 0.6499999999999839240 ) ;
#3870 = CARTESIAN_POINT ( 'NONE',  ( -1.551851511699309020E-13, 13.67984819308627031, 357.1964577856830374 ) ) ;
#3871 = ORIENTED_EDGE ( 'NONE', *, *, #3314, .T. ) ;
#3872 = EDGE_CURVE ( 'NONE', #4522, #2251, #5422, .T. ) ;
#3873 = CIRCLE ( 'NONE', #3055, 2.000000000000001776 ) ;
#3874 = ORIENTED_EDGE ( 'NONE', *, *, #6676, .F. ) ;
#3875 = CARTESIAN_POINT ( 'NONE',  ( 145.9999999999984652, 15.99999999999995914, 261.1897948556680831 ) ) ;
#3876 = ADVANCED_FACE ( 'NONE', ( #6844 ), #6031, .F. ) ;
#3877 = DIRECTION ( 'NONE',  ( 0.000000000000000000, 0.6454598724445600455, 0.7637941823972294042 ) ) ;
#3878 = VERTEX_POINT ( 'NONE', #3766 ) ;
#3879 = B_SPLINE_CURVE_WITH_KNOTS ( 'NONE', 3,
 ( #6300, #5589, #2567, #7113, #6402, #9363, #8612, #65, #7813, #4788 ),
 .UNSPECIFIED., .F., .F.,
 ( 4, 2, 2, 2, 4 ),
 ( 0.000000000000000000, 0.0003930829495235723466, 0.0007861658990471446931, 0.001179248848570717094, 0.001572331798094289386 ),
 .UNSPECIFIED. ) ;
#3880 = DIRECTION ( 'NONE',  ( -0.000000000000000000, -1.000000000000000000, -0.000000000000000000 ) ) ;
#3881 = ORIENTED_EDGE ( 'NONE', *, *, #4516, .T. ) ;
#3882 = CARTESIAN_POINT ( 'NONE',  ( -143.2648023284121166, 89.21376043482617035, 244.4739166379388280 ) ) ;
#3883 = CARTESIAN_POINT ( 'NONE',  ( -1.634976541268320878E-13, 12.59513744369301946, 357.1939106405137636 ) ) ;
#3884 = LINE ( 'NONE', #1716, #6500 ) ;
#3885 = AXIS2_PLACEMENT_3D ( 'NONE', #4626, #1501, #97 ) ;
#3886 = FACE_OUTER_BOUND ( 'NONE', #5752, .T. ) ;
#3887 = VECTOR ( 'NONE', #4164, 1000.000000000000000 ) ;
#3888 = CARTESIAN_POINT ( 'NONE',  ( -145.9999999999968736, 87.15493271257736296, 244.5153120237364419 ) ) ;
#3889 = CARTESIAN_POINT ( 'NONE',  ( -145.9999999999969020, 15.99999999999995914, 261.1897948556726874 ) ) ;
#3890 = EDGE_CURVE ( 'NONE', #2869, #5433, #165, .T. ) ;
#3891 = ORIENTED_EDGE ( 'NONE', *, *, #7941, .F. ) ;
#3892 = DIRECTION ( 'NONE',  ( -0.9289565037496382294, 0.000000000000000000, -0.3701888898133605110 ) ) ;
#3893 = EDGE_CURVE ( 'NONE', #4671, #3488, #8220, .T. ) ;
#3894 = CYLINDRICAL_SURFACE ( 'NONE', #1561, 2.000000000000001776 ) ;
#3895 = CARTESIAN_POINT ( 'NONE',  ( 32.43675503355238732, 14.14954927760452286, 354.7862808397832737 ) ) ;
#3896 = CARTESIAN_POINT ( 'NONE',  ( 122.9683425122089346, 14.07872869752704403, 305.8558330135987262 ) ) ;
#3897 = CARTESIAN_POINT ( 'NONE',  ( -350243.6044305261457, 140.9999999999999716, -50640.24670471889112 ) ) ;
#3898 = AXIS2_PLACEMENT_3D ( 'NONE', #1735, #9602, #237 ) ;
#3899 = CARTESIAN_POINT ( 'NONE',  ( 79.69362594144149625, 39.92782349919672669, 334.6138521182999739 ) ) ;
#3900 = CARTESIAN_POINT ( 'NONE',  ( 86.62198976941226647, 13.99999999999995737, 335.3448099664433357 ) ) ;
#3901 = CARTESIAN_POINT ( 'NONE',  ( 146.0000000000150351, 15.99999999999995914, 242.5153120237258690 ) ) ;
#3902 = DIRECTION ( 'NONE',  ( 0.000000000000000000, 0.000000000000000000, -1.000000000000000000 ) ) ;
#3903 = AXIS2_PLACEMENT_3D ( 'NONE', #7127, #8568, #817 ) ;
#3904 = CARTESIAN_POINT ( 'NONE',  ( -141.0335869043180992, 89.97422520020255376, 278.8747880754198150 ) ) ;
#3905 = EDGE_CURVE ( 'NONE', #1396, #1161, #8490, .T. ) ;
#3906 = AXIS2_PLACEMENT_3D ( 'NONE', #2887, #2138, #5216 ) ;
#3907 = LINE ( 'NONE', #1635, #5331 ) ;
#3908 = ORIENTED_EDGE ( 'NONE', *, *, #5981, .F. ) ;
#3909 = CARTESIAN_POINT ( 'NONE',  ( -147.5732048353280845, 54.35327672705775370, 262.7783194019250459 ) ) ;
#3910 = CARTESIAN_POINT ( 'NONE',  ( 2.671607543803138807, 14.00872720273871330, 357.1880364949300315 ) ) ;
#3911 = CARTESIAN_POINT ( 'NONE',  ( -79.43927088744119658, 39.60497478134043092, 334.9505755776354476 ) ) ;
#3912 = CIRCLE ( 'NONE', #1338, 2.000000000000001776 ) ;
#3913 = CARTESIAN_POINT ( 'NONE',  ( 79.80528247754544680, 22.04695951780322360, 346.2414745094934005 ) ) ;
#3914 = VECTOR ( 'NONE', #809, 999.9999999999998863 ) ;
#3915 = CARTESIAN_POINT ( 'NONE',  ( -4.748528740342727872, 15.42830650254547997, 357.1371942582104566 ) ) ;
#3916 = SPHERICAL_SURFACE ( 'NONE', #180, 2.000000000000000000 ) ;
#3917 = EDGE_LOOP ( 'NONE', ( #9463, #9122, #963, #9574, #682, #6972, #3569 ) ) ;
#3918 = EDGE_CURVE ( 'NONE', #9842, #7738, #5015, .T. ) ;
#3919 = EDGE_LOOP ( 'NONE', ( #5467, #1167, #1881, #9840 ) ) ;
#3920 = B_SPLINE_CURVE_WITH_KNOTS ( 'NONE', 3,
 ( #7878, #4870, #986, #4165 ),
 .UNSPECIFIED., .F., .F.,
 ( 4, 4 ),
 ( 0.000000000000000000, 0.002914656965084115332 ),
 .UNSPECIFIED. ) ;
#3921 = CIRCLE ( 'NONE', #7779, 2.000000000000000000 ) ;
#3922 = CARTESIAN_POINT ( 'NONE',  ( -147.4119637109168082, 57.78147294627456176, 263.2462284116458591 ) ) ;
#3923 = CARTESIAN_POINT ( 'NONE',  ( -148.0000000000245848, 89.97422520020263903, 278.8747880754170865 ) ) ;
#3924 = CARTESIAN_POINT ( 'NONE',  ( -4.779641295063520090, 12.58455659592631903, 357.1996446289453502 ) ) ;
#3925 = CARTESIAN_POINT ( 'NONE',  ( -73.53670131049396730, 15.35277727089878752, 359.4605985954239600 ) ) ;
#3926 = ORIENTED_EDGE ( 'NONE', *, *, #4124, .F. ) ;
#3927 = AXIS2_PLACEMENT_3D ( 'NONE', #8010, #8667, #6409 ) ;
#3928 = CIRCLE ( 'NONE', #9566, 1.999999999999986899 ) ;
#3929 = VERTEX_POINT ( 'NONE', #2299 ) ;
#3930 = EDGE_CURVE ( 'NONE', #8855, #9301, #9688, .T. ) ;
#3931 = CARTESIAN_POINT ( 'NONE',  ( 132.3757698985333491, 89.71227380227054482, 271.3747880754170865 ) ) ;
#3932 = DIRECTION ( 'NONE',  ( -0.9895943761646588399, 0.000000000000000000, 0.1438852690975688797 ) ) ;
#3933 = ORIENTED_EDGE ( 'NONE', *, *, #278, .T. ) ;
#3934 = VECTOR ( 'NONE', #5646, 1000.000000000000000 ) ;
#3935 = CARTESIAN_POINT ( 'NONE',  ( -39462.73711032802385, 140.9999999999999716, 334094.8204922341974 ) ) ;
#3936 = ORIENTED_EDGE ( 'NONE', *, *, #1587, .F. ) ;
#3937 = CARTESIAN_POINT ( 'NONE',  ( -142.9343203334608461, 95.84654951422272973, 245.3908552589655585 ) ) ;
#3938 = FACE_OUTER_BOUND ( 'NONE', #9405, .T. ) ;
#3939 = CIRCLE ( 'NONE', #9573, 2.000000000000001776 ) ;
#3940 = CARTESIAN_POINT ( 'NONE',  ( 74.19940972752857533, 13.38056456944505612, 360.2596040810996101 ) ) ;
#3941 = EDGE_CURVE ( 'NONE', #7756, #8152, #5483, .T. ) ;
#3942 = AXIS2_PLACEMENT_3D ( 'NONE', #2336, #3135, #5405 ) ;
#3943 = CARTESIAN_POINT ( 'NONE',  ( 144.1715414942743223, 91.70154267542150706, 271.7867308378799862 ) ) ;
#3944 = CARTESIAN_POINT ( 'NONE',  ( 59.17157287522110920, 36.99999999999995737, 356.2716343860033135 ) ) ;
#3945 = CARTESIAN_POINT ( 'NONE',  ( 88.98531161940533707, 13.99999999999995737, 329.0274823074042843 ) ) ;
#3946 = CARTESIAN_POINT ( 'NONE',  ( -115.9511951986429068, 14.07920414788611652, 301.6414644944393899 ) ) ;
#3947 = ORIENTED_EDGE ( 'NONE', *, *, #7412, .T. ) ;
#3948 = CARTESIAN_POINT ( 'NONE',  ( -117.2362379767809557, 13.99999999999995737, 301.5988181219696571 ) ) ;
#3949 = AXIS2_PLACEMENT_3D ( 'NONE', #575, #2077, #8314 ) ;
#3950 = CARTESIAN_POINT ( 'NONE',  ( 33.76057974012902463, 14.19851763148908930, 354.3796149655969430 ) ) ;
#3951 = CARTESIAN_POINT ( 'NONE',  ( -63.54268761250790476, 37.16022633420977428, 354.6730384402308687 ) ) ;
#3952 = B_SPLINE_CURVE_WITH_KNOTS ( 'NONE', 3,
 ( #7033, #133, #3182, #4008, #5554, #3395, #9486, #9649, #4257, #6527, #6475, #7187 ),
 .UNSPECIFIED., .F., .F.,
 ( 4, 2, 2, 2, 2, 4 ),
 ( 0.000000000000000000, 0.1250000000000000000, 0.2500000000000000000, 0.3750000000000000000, 0.5000000000000000000, 1.000000000000000000 ),
 .UNSPECIFIED. ) ;
#3953 = DIRECTION ( 'NONE',  ( -1.000000000000000000, 3.053113317719177962E-13, 0.000000000000000000 ) ) ;
#3954 = CARTESIAN_POINT ( 'NONE',  ( 79.99999999996879296, 40.85532710961531677, 334.2040982906760860 ) ) ;
#3955 = FACE_OUTER_BOUND ( 'NONE', #1550, .T. ) ;
#3956 = CARTESIAN_POINT ( 'NONE',  ( 1.009719629430382282E-25, 140.9999999999999716, 212.1999999999999602 ) ) ;
#3957 = CARTESIAN_POINT ( 'NONE',  ( -140.6536585062216886, 96.12543290587746014, 247.4362138328426681 ) ) ;
#3958 = PLANE ( 'NONE',  #5992 ) ;
#3959 = DIRECTION ( 'NONE',  ( -0.000000000000000000, 1.000000000000000000, -0.000000000000000000 ) ) ;
#3960 = ORIENTED_EDGE ( 'NONE', *, *, #6735, .F. ) ;
#3961 = CARTESIAN_POINT ( 'NONE',  ( -140.8806727701198724, 90.95860958218908365, 246.5466425551211671 ) ) ;
#3962 = CARTESIAN_POINT ( 'NONE',  ( -33.95441804729134105, 13.87782183306573280, 355.8883487289953109 ) ) ;
#3963 = CARTESIAN_POINT ( 'NONE',  ( 142.3201082466753462, 92.54734854983152559, 246.9965588654892201 ) ) ;
#3964 = CARTESIAN_POINT ( 'NONE',  ( -143.4040466960718732, 87.15493271257520291, 242.5153120237268922 ) ) ;
#3965 = CARTESIAN_POINT ( 'NONE',  ( -119.3306198777806912, 140.9919454264948513, 309.8708976940618527 ) ) ;
#3966 = EDGE_CURVE ( 'NONE', #5412, #4383, #5324, .T. ) ;
#3967 = ADVANCED_FACE ( 'NONE', ( #7699 ), #7649, .T. ) ;
#3968 = CARTESIAN_POINT ( 'NONE',  ( 115.9503478345716871, 140.8639273146914093, 301.3722349770552000 ) ) ;
#3969 = AXIS2_PLACEMENT_3D ( 'NONE', #4308, #8985, #8943 ) ;
#3970 = CARTESIAN_POINT ( 'NONE',  ( 27.61539944413166481, 42.13448939926667691, 354.5511357189293449 ) ) ;
#3971 = VECTOR ( 'NONE', #1371, 1000.000000000000114 ) ;
#3972 = ORIENTED_EDGE ( 'NONE', *, *, #3490, .F. ) ;
#3973 = DIRECTION ( 'NONE',  ( -1.000000000000000000, 0.000000000000000000, 0.000000000000000000 ) ) ;
#3974 = ORIENTED_EDGE ( 'NONE', *, *, #4066, .F. ) ;
#3975 = CARTESIAN_POINT ( 'NONE',  ( -147.8961038961008114, 61.30335177634889021, 261.8260259576944122 ) ) ;
#3976 = CARTESIAN_POINT ( 'NONE',  ( 4.429467861268288509, 14.67667861731788115, 357.1480398426359670 ) ) ;
#3977 = DIRECTION ( 'NONE',  ( 0.000000000000000000, 0.000000000000000000, 1.000000000000000000 ) ) ;
#3978 = ORIENTED_EDGE ( 'NONE', *, *, #5846, .F. ) ;
#3979 = AXIS2_PLACEMENT_3D ( 'NONE', #5536, #9583, #6400 ) ;
#3980 = EDGE_CURVE ( 'NONE', #8817, #8693, #507, .T. ) ;
#3981 = ORIENTED_EDGE ( 'NONE', *, *, #9226, .T. ) ;
#3982 = CARTESIAN_POINT ( 'NONE',  ( -117.0255663709047980, 141.0000000000000000, 301.0114062090112270 ) ) ;
#3983 = B_SPLINE_CURVE_WITH_KNOTS ( 'NONE', 3,
 ( #1971, #1366, #569, #1315 ),
 .UNSPECIFIED., .F., .F.,
 ( 4, 4 ),
 ( 0.000000000000000000, 0.0006114683874161311794 ),
 .UNSPECIFIED. ) ;
#3984 = CARTESIAN_POINT ( 'NONE',  ( 131.7622165562613361, 87.07891756340291067, 272.7289749305679720 ) ) ;
#3985 = AXIS2_PLACEMENT_3D ( 'NONE', #375, #4302, #5803 ) ;
#3986 = FACE_OUTER_BOUND ( 'NONE', #119, .T. ) ;
#3987 = ORIENTED_EDGE ( 'NONE', *, *, #8636, .F. ) ;
#3988 = LINE ( 'NONE', #7061, #115 ) ;
#3989 = ORIENTED_EDGE ( 'NONE', *, *, #5939, .F. ) ;
#3990 = DIRECTION ( 'NONE',  ( -0.5423039920580482454, -0.8401823493729825287, -4.100558063812802765E-16 ) ) ;
#3991 = LINE ( 'NONE', #8554, #9445 ) ;
#3992 = FACE_OUTER_BOUND ( 'NONE', #4139, .T. ) ;
#3993 = EDGE_CURVE ( 'NONE', #2917, #6401, #1788, .T. ) ;
#3994 = B_SPLINE_CURVE_WITH_KNOTS ( 'NONE', 3,
 ( #7339, #8028, #3400, #6483, #9553, #7289, #6530, #9607, #2700, #5768, #8844, #1939, #3505, #4557, #9758, #6733 ),
 .UNSPECIFIED., .F., .F.,
 ( 4, 2, 2, 2, 2, 2, 2, 4 ),
 ( 0.000000000000000000, 0.0002729571948169900639, 0.0005459143896339801278, 0.0008188715844509701376, 0.001091828779267960256, 0.001637743168901971500, 0.001910700363718977231, 0.002183657558535982961 ),
 .UNSPECIFIED. ) ;
#3995 = CARTESIAN_POINT ( 'NONE',  ( 144.0004244270991478, 92.33335295795947673, 272.1991819671999906 ) ) ;
#3996 = CARTESIAN_POINT ( 'NONE',  ( 138.0849992647252975, 64.09868277810241466, 256.4446633313121424 ) ) ;
#3997 = LINE ( 'NONE', #8416, #1300 ) ;
#3998 = LINE ( 'NONE', #4043, #8425 ) ;
#3999 = ORIENTED_EDGE ( 'NONE', *, *, #661, .F. ) ;
#4000 = ORIENTED_EDGE ( 'NONE', *, *, #5245, .T. ) ;
#4001 = CARTESIAN_POINT ( 'NONE',  ( 140.1283349423248126, 54.66345825864331687, 249.4700299097791572 ) ) ;
#4002 = EDGE_CURVE ( 'NONE', #5896, #7877, #7584, .T. ) ;
#4003 = DIRECTION ( 'NONE',  ( 0.8622437752051991255, 0.000000000000000000, -0.5064935064933074882 ) ) ;
#4004 = CARTESIAN_POINT ( 'NONE',  ( -61.93825517119755375, 37.77606024329670475, 355.6966484447609673 ) ) ;
#4005 = CARTESIAN_POINT ( 'NONE',  ( -141.4529712308191733, 98.37148522368045178, 244.0756479145605340 ) ) ;
#4006 = CARTESIAN_POINT ( 'NONE',  ( 79.21705537117527740, 37.72465886500565091, 333.6484292153688216 ) ) ;
#4007 = DIRECTION ( 'NONE',  ( -0.000000000000000000, 1.000000000000000000, 0.000000000000000000 ) ) ;
#4008 = CARTESIAN_POINT ( 'NONE',  ( -5.676462121975621500, 11.99999999999995914, 357.1999999999999886 ) ) ;
#4009 = CARTESIAN_POINT ( 'NONE',  ( -141.5432329502931168, 96.51102500998059952, 243.6750979887296467 ) ) ;
#4010 = DIRECTION ( 'NONE',  ( -0.3181155510108005235, -0.000000000000000000, 0.9480519480519487008 ) ) ;
#4011 = EDGE_CURVE ( 'NONE', #3160, #6503, #3100, .T. ) ;
#4012 = ORIENTED_EDGE ( 'NONE', *, *, #591, .T. ) ;
#4013 = CARTESIAN_POINT ( 'NONE',  ( -142.3556468248292219, 91.92012116394407428, 246.9067641646432492 ) ) ;
#4014 = CARTESIAN_POINT ( 'NONE',  ( 28.65538005216072648, 13.53812317282736011, 356.5218618684895659 ) ) ;
#4015 = CARTESIAN_POINT ( 'NONE',  ( -148.0000000000245848, 98.37148522368129022, 244.5153120237232258 ) ) ;
#4016 = CARTESIAN_POINT ( 'NONE',  ( 79.41421356231900575, -9.031095809633427507, 372.3715366252673107 ) ) ;
#4017 = CYLINDRICAL_SURFACE ( 'NONE', #5957, 0.6499999999999839240 ) ;
#4018 = ORIENTED_EDGE ( 'NONE', *, *, #7392, .T. ) ;
#4019 = DIRECTION ( 'NONE',  ( 1.000000000000000000, 0.000000000000000000, 0.000000000000000000 ) ) ;
#4020 = CARTESIAN_POINT ( 'NONE',  ( 28484.68104630933522, 140.9999999999999716, 241025.3457098586659 ) ) ;
#4021 = CARTESIAN_POINT ( 'NONE',  ( -143.4040466960718732, 140.9999999999999716, 244.5153120237268922 ) ) ;
#4022 = ORIENTED_EDGE ( 'NONE', *, *, #1541, .T. ) ;
#4023 = LINE ( 'NONE', #8694, #4091 ) ;
#4024 = ADVANCED_FACE ( 'NONE', ( #8389 ), #2110, .T. ) ;
#4025 = CARTESIAN_POINT ( 'NONE',  ( 18.50012014521828974, 15.02435867428427585, 356.0510154413008763 ) ) ;
#4026 = CARTESIAN_POINT ( 'NONE',  ( -21.66924595885243576, 13.25313225758529434, 356.9125305923787437 ) ) ;
#4027 = VERTEX_POINT ( 'NONE', #642 ) ;
#4028 = EDGE_LOOP ( 'NONE', ( #6351, #7750, #5525, #4163 ) ) ;
#4029 = DIRECTION ( 'NONE',  ( 0.000000000000000000, 0.000000000000000000, 1.000000000000000000 ) ) ;
#4030 = CARTESIAN_POINT ( 'NONE',  ( -33.70633101977459489, 14.37015411730390824, 354.0933773918508791 ) ) ;
#4031 = VERTEX_POINT ( 'NONE', #6188 ) ;
#4032 = ADVANCED_FACE ( 'NONE', ( #3713 ), #1450, .T. ) ;
#4033 = DIRECTION ( 'NONE',  ( -0.000000000000000000, -1.000000000000000000, -0.000000000000000000 ) ) ;
#4034 = ORIENTED_EDGE ( 'NONE', *, *, #9147, .T. ) ;
#4035 = CARTESIAN_POINT ( 'NONE',  ( -14.07494652413651437, 14.53037242618517411, 356.6227796864537254 ) ) ;
#4036 = SPHERICAL_SURFACE ( 'NONE', #3502, 2.000000000000000000 ) ;
#4037 = DIRECTION ( 'NONE',  ( 0.000000000000000000, 1.000000000000000000, -0.000000000000000000 ) ) ;
#4038 = AXIS2_PLACEMENT_3D ( 'NONE', #2098, #2150, #5515 ) ;
#4039 = CARTESIAN_POINT ( 'NONE',  ( -143.7016353837386760, 93.01111135796777774, 272.9115259476492952 ) ) ;
#4040 = VERTEX_POINT ( 'NONE', #8339 ) ;
#4041 = CARTESIAN_POINT ( 'NONE',  ( 139.8239098035192853, 61.41343895104897399, 250.5972766802643150 ) ) ;
#4042 = DIRECTION ( 'NONE',  ( 0.000000000000000000, -0.000000000000000000, 1.000000000000000000 ) ) ;
#4043 = CARTESIAN_POINT ( 'NONE',  ( 111.7844301505943889, 3.499999999999952927, 382.8913526958626221 ) ) ;
#4044 = ORIENTED_EDGE ( 'NONE', *, *, #6874, .F. ) ;
#4045 = ADVANCED_FACE ( 'NONE', ( #4869 ), #1645, .T. ) ;
#4046 = AXIS2_PLACEMENT_3D ( 'NONE', #4349, #7426, #2079 ) ;
#4047 = ORIENTED_EDGE ( 'NONE', *, *, #9730, .F. ) ;
#4048 = CARTESIAN_POINT ( 'NONE',  ( -122.3240216452302036, 140.9197476080657623, 306.6769527474412484 ) ) ;
#4049 = LINE ( 'NONE', #8671, #7792 ) ;
#4050 = CARTESIAN_POINT ( 'NONE',  ( -62.03125765187528629, 38.99999999998942712, 355.0531220267293975 ) ) ;
#4051 = FACE_OUTER_BOUND ( 'NONE', #8806, .T. ) ;
#4052 = CARTESIAN_POINT ( 'NONE',  ( 78.09140001516080076, 38.83900173305592318, 334.3764841472202534 ) ) ;
#4053 = AXIS2_PLACEMENT_3D ( 'NONE', #5581, #4083, #1057 ) ;
#4054 = DIRECTION ( 'NONE',  ( -2.775557561562881569E-14, -0.6454598724467744963, -0.7637941823953582343 ) ) ;
#4055 = CARTESIAN_POINT ( 'NONE',  ( -141.1801949676045638, 97.96372022312965555, 245.2642132214655248 ) ) ;
#4056 = FACE_OUTER_BOUND ( 'NONE', #8003, .T. ) ;
#4057 = EDGE_CURVE ( 'NONE', #5092, #1860, #9028, .T. ) ;
#4058 = ORIENTED_EDGE ( 'NONE', *, *, #2944, .T. ) ;
#4059 = CARTESIAN_POINT ( 'NONE',  ( -140.6533640373759226, 89.40267789648004282, 247.4373871389058479 ) ) ;
#4060 = CARTESIAN_POINT ( 'NONE',  ( -33.80794842757429564, 14.10461534974446884, 354.5988111884395266 ) ) ;
#4061 = CARTESIAN_POINT ( 'NONE',  ( 13.81103628229110569, 14.22511148943989667, 356.7218885306158427 ) ) ;
#4062 = CIRCLE ( 'NONE', #9358, 3.749999999999975575 ) ;
#4063 = AXIS2_PLACEMENT_3D ( 'NONE', #2603, #8745, #9560 ) ;
#4064 = FACE_OUTER_BOUND ( 'NONE', #1319, .T. ) ;
#4065 = CARTESIAN_POINT ( 'NONE',  ( 115.9511951986234237, 140.9207958520918851, 301.6414644943440067 ) ) ;
#4066 = EDGE_CURVE ( 'NONE', #3223, #546, #4208, .T. ) ;
#4067 = CIRCLE ( 'NONE', #9870, 2.000000000000001776 ) ;
#4068 = AXIS2_PLACEMENT_3D ( 'NONE', #4463, #6173, #5358 ) ;
#4069 = CARTESIAN_POINT ( 'NONE',  ( -130.5157303317889443, 86.22511815838466021, 275.3720763605591628 ) ) ;
#4070 = ORIENTED_EDGE ( 'NONE', *, *, #5462, .F. ) ;
#4071 = DIRECTION ( 'NONE',  ( 6.723658537628116325E-14, -1.000000000000000000, -2.983724378680096590E-13 ) ) ;
#4072 = CARTESIAN_POINT ( 'NONE',  ( 119.7134399979684645, 14.08437241643339810, 309.9857586946546917 ) ) ;
#4073 = CARTESIAN_POINT ( 'NONE',  ( 143.3344692494628987, 96.37522575004449266, 244.2753716372037331 ) ) ;
#4074 = ORIENTED_EDGE ( 'NONE', *, *, #4389, .T. ) ;
#4075 = CARTESIAN_POINT ( 'NONE',  ( -132.2803753483366904, 91.24596352951532197, 271.5878342694011849 ) ) ;
#4076 = CARTESIAN_POINT ( 'NONE',  ( 13.79404384096375757, 14.99699947865011040, 356.5948263874869326 ) ) ;
#4077 = CARTESIAN_POINT ( 'NONE',  ( -6.064287173566371258, 12.57863359596674258, 357.2013756507046196 ) ) ;
#4078 = CARTESIAN_POINT ( 'NONE',  ( -72.75313718257929452, 12.26179615213256469, 357.1871078240251904 ) ) ;
#4079 = ORIENTED_EDGE ( 'NONE', *, *, #2759, .T. ) ;
#4080 = CIRCLE ( 'NONE', #9540, 2.000000000000000888 ) ;
#4081 = EDGE_CURVE ( 'NONE', #4933, #2879, #3302, .T. ) ;
#4082 = ORIENTED_EDGE ( 'NONE', *, *, #5746, .F. ) ;
#4083 = DIRECTION ( 'NONE',  ( -0.000000000000000000, 1.000000000000000000, -0.000000000000000000 ) ) ;
#4084 = CARTESIAN_POINT ( 'NONE',  ( -33.71887832374131477, 14.32269948187116704, 354.1632520336754624 ) ) ;
#4085 = ORIENTED_EDGE ( 'NONE', *, *, #361, .T. ) ;
#4086 = CARTESIAN_POINT ( 'NONE',  ( 140.4188353034338661, 94.05594360113182972, 248.3601140652156971 ) ) ;
#4087 = ORIENTED_EDGE ( 'NONE', *, *, #4225, .T. ) ;
#4088 = CARTESIAN_POINT ( 'NONE',  ( 145.9999999999984084, 138.9999999999999432, 244.5153120237258690 ) ) ;
#4089 = ORIENTED_EDGE ( 'NONE', *, *, #8860, .T. ) ;
#4090 = DIRECTION ( 'NONE',  ( -0.000000000000000000, 1.000000000000000000, 0.000000000000000000 ) ) ;
#4091 = VECTOR ( 'NONE', #3465, 1000.000000000000000 ) ;
#4092 = ADVANCED_FACE ( 'NONE', ( #895 ), #7838, .T. ) ;
#4093 = EDGE_CURVE ( 'NONE', #5840, #5986, #5607, .T. ) ;
#4094 = AXIS2_PLACEMENT_3D ( 'NONE', #1223, #2632, #275 ) ;
#4095 = LINE ( 'NONE', #7170, #2653 ) ;
#4096 = EDGE_LOOP ( 'NONE', ( #8655, #5423, #5477, #3099 ) ) ;
#4097 = CARTESIAN_POINT ( 'NONE',  ( 136.1168047565063546, 60.81340474931628393, 262.1723442356166061 ) ) ;
#4098 = CARTESIAN_POINT ( 'NONE',  ( 12.38307768960421740, 13.20356643114657302, 357.1356394887524175 ) ) ;
#4099 = DIRECTION ( 'NONE',  ( 0.000000000000000000, 0.000000000000000000, 1.000000000000000000 ) ) ;
#4100 = ORIENTED_EDGE ( 'NONE', *, *, #9042, .F. ) ;
#4101 = CIRCLE ( 'NONE', #4575, 1.999999999999986677 ) ;
#4102 = DIRECTION ( 'NONE',  ( -0.7947073130986069822, 0.000000000000000000, 0.6069928224514624659 ) ) ;
#4103 = CARTESIAN_POINT ( 'NONE',  ( 77.26689023736273043, 5.499999999999952927, 359.2000000000001023 ) ) ;
#4104 = DIRECTION ( 'NONE',  ( 0.000000000000000000, 1.000000000000000000, 0.000000000000000000 ) ) ;
#4105 = AXIS2_PLACEMENT_3D ( 'NONE', #512, #6717, #706 ) ;
#4106 = ADVANCED_FACE ( 'NONE', ( #3407 ), #9398, .T. ) ;
#4107 = FACE_OUTER_BOUND ( 'NONE', #8001, .T. ) ;
#4108 = DIRECTION ( 'NONE',  ( -0.7850712346519892471, 0.000000000000000000, 0.6194054863512281628 ) ) ;
#4109 = LINE ( 'NONE', #1032, #1481 ) ;
#4110 = DIRECTION ( 'NONE',  ( 0.000000000000000000, 0.000000000000000000, -1.000000000000000000 ) ) ;
#4111 = ORIENTED_EDGE ( 'NONE', *, *, #8845, .T. ) ;
#4112 = CARTESIAN_POINT ( 'NONE',  ( -20.32245182757852930, 13.94382503373254778, 356.4142303894721522 ) ) ;
#4113 = CARTESIAN_POINT ( 'NONE',  ( 14.63825527062560106, 13.93994878910282864, 356.7763462661214362 ) ) ;
#4114 = FACE_OUTER_BOUND ( 'NONE', #2178, .T. ) ;
#4115 = EDGE_CURVE ( 'NONE', #4031, #1610, #7147, .T. ) ;
#4116 = PLANE ( 'NONE',  #9578 ) ;
#4117 = CARTESIAN_POINT ( 'NONE',  ( -128.8300142592182738, 88.95158216246919380, 278.7419492120318409 ) ) ;
#4118 = ORIENTED_EDGE ( 'NONE', *, *, #7955, .F. ) ;
#4119 = DIRECTION ( 'NONE',  ( -0.000000000000000000, 1.000000000000000000, 0.000000000000000000 ) ) ;
#4120 = DIRECTION ( 'NONE',  ( 0.000000000000000000, 0.000000000000000000, 1.000000000000000000 ) ) ;
#4121 = EDGE_LOOP ( 'NONE', ( #6877, #7102, #8513, #732 ) ) ;
#4122 = CARTESIAN_POINT ( 'NONE',  ( 120.7178382359805369, 140.9945597024158701, 308.0627248224710115 ) ) ;
#4123 = CARTESIAN_POINT ( 'NONE',  ( 6.026822923442462177, 15.44025149445946887, 357.0934509693997825 ) ) ;
#4124 = EDGE_CURVE ( 'NONE', #993, #8, #9343, .T. ) ;
#4125 = CARTESIAN_POINT ( 'NONE',  ( -14.41011563560463138, 12.52352199803412702, 357.1963504230795365 ) ) ;
#4126 = VERTEX_POINT ( 'NONE', #3356 ) ;
#4127 = AXIS2_PLACEMENT_3D ( 'NONE', #3493, #6762, #9640 ) ;
#4128 = CARTESIAN_POINT ( 'NONE',  ( -116.0111767235620306, 140.8412995749018535, 301.2017216774093527 ) ) ;
#4129 = DIRECTION ( 'NONE',  ( 0.1171433740337897156, 0.000000000000000000, -0.9931150134400242857 ) ) ;
#4130 = EDGE_LOOP ( 'NONE', ( #5029, #2966, #6748, #641, #2015, #7601, #8559, #4337, #3025, #4332 ) ) ;
#4131 = CARTESIAN_POINT ( 'NONE',  ( 142.3556468248247029, 93.60629677231058565, 246.9067641646433913 ) ) ;
#4132 = EDGE_LOOP ( 'NONE', ( #6381, #2167, #3257, #4376, #308, #3411 ) ) ;
#4133 = CARTESIAN_POINT ( 'NONE',  ( -9.866016694686965849, 14.34738353893816054, 356.9415113255491292 ) ) ;
#4134 = CARTESIAN_POINT ( 'NONE',  ( -81.99999999996916245, 138.9999999999999432, 342.5533658944219724 ) ) ;
#4135 = CIRCLE ( 'NONE', #1879, 0.6499999999999839240 ) ;
#4136 = CARTESIAN_POINT ( 'NONE',  ( -79.76465929542459321, 40.04866988474303469, 334.5192094014324766 ) ) ;
#4137 = CIRCLE ( 'NONE', #5419, 2.000000000000000000 ) ;
#4138 = CARTESIAN_POINT ( 'NONE',  ( 122.9679436572650246, 140.9214648640219991, 305.8550030637939585 ) ) ;
#4139 = EDGE_LOOP ( 'NONE', ( #1696, #3128, #9582 ) ) ;
#4140 = CARTESIAN_POINT ( 'NONE',  ( 73.07140106646667732, 11.99999999999995737, 357.2000000000000455 ) ) ;
#4141 = CARTESIAN_POINT ( 'NONE',  ( 21.53859742198631366, 13.01870647007562809, 357.0399229566110080 ) ) ;
#4142 = DIRECTION ( 'NONE',  ( 1.000000000000000000, 1.040834085586083310E-14, 0.000000000000000000 ) ) ;
#4143 = ORIENTED_EDGE ( 'NONE', *, *, #8047, .F. ) ;
#4144 = LINE ( 'NONE', #1880, #3286 ) ;
#4145 = ORIENTED_EDGE ( 'NONE', *, *, #4288, .T. ) ;
#4146 = CARTESIAN_POINT ( 'NONE',  ( 140.0319152850484272, 53.78422739241788975, 249.8310984986876235 ) ) ;
#4147 = CARTESIAN_POINT ( 'NONE',  ( -74.11163311709486834, 26.91834953116800833, 349.6313454222229211 ) ) ;
#4148 = CARTESIAN_POINT ( 'NONE',  ( -81.99999999996879296, 15.99999999999995914, 347.2555441290919589 ) ) ;
#4149 = EDGE_CURVE ( 'NONE', #7893, #9787, #1802, .T. ) ;
#4150 = AXIS2_PLACEMENT_3D ( 'NONE', #8077, #5067, #8133 ) ;
#4151 = DIRECTION ( 'NONE',  ( -0.000000000000000000, 1.000000000000000000, 0.000000000000000000 ) ) ;
#4152 = DIRECTION ( 'NONE',  ( -0.000000000000000000, 1.000000000000000000, 0.000000000000000000 ) ) ;
#4153 = DIRECTION ( 'NONE',  ( -0.000000000000000000, 1.000000000000000000, -0.000000000000000000 ) ) ;
#4154 = CARTESIAN_POINT ( 'NONE',  ( 141.2846605730038618, 88.03066730621246450, 278.3412798995015578 ) ) ;
#4155 = VERTEX_POINT ( 'NONE', #4772 ) ;
#4156 = CARTESIAN_POINT ( 'NONE',  ( -140.9231331850957929, 88.24194795551885306, 246.3427991628989275 ) ) ;
#4157 = CARTESIAN_POINT ( 'NONE',  ( -26.83658098979205420, 14.23830340477108081, 355.4945456279012888 ) ) ;
#4158 = CARTESIAN_POINT ( 'NONE',  ( 11.18193060199092770, 13.84602911952327631, 356.9748134405504061 ) ) ;
#4159 = EDGE_CURVE ( 'NONE', #8442, #5107, #2958, .T. ) ;
#4160 = DIRECTION ( 'NONE',  ( -0.000000000000000000, 1.000000000000000000, -0.000000000000000000 ) ) ;
#4161 = DIRECTION ( 'NONE',  ( -0.000000000000000000, 1.000000000000000000, 0.000000000000000000 ) ) ;
#4162 = CARTESIAN_POINT ( 'NONE',  ( -139.6943161088186400, 61.93137245627966792, 251.0655128055486216 ) ) ;
#4163 = ORIENTED_EDGE ( 'NONE', *, *, #7491, .F. ) ;
#4164 = DIRECTION ( 'NONE',  ( 1.000000000000000000, -0.000000000000000000, -0.000000000000000000 ) ) ;
#4165 = CARTESIAN_POINT ( 'NONE',  ( -116.1903880662150215, 140.9948977471851776, 302.0155889996583483 ) ) ;
#4166 = DIRECTION ( 'NONE',  ( 2.775557561562888827E-13, -1.000000000000000000, 0.000000000000000000 ) ) ;
#4167 = EDGE_LOOP ( 'NONE', ( #3397, #8543, #4312, #1967, #7943, #1316 ) ) ;
#4168 = CARTESIAN_POINT ( 'NONE',  ( -131.6721369773315189, 93.02065122005700459, 272.9247811230119396 ) ) ;
#4169 = ADVANCED_FACE ( 'NONE', ( #9500 ), #1746, .F. ) ;
#4170 = CARTESIAN_POINT ( 'NONE',  ( 33.59538806883414708, 15.82650200505984728, 353.2544217687074593 ) ) ;
#4171 = CARTESIAN_POINT ( 'NONE',  ( 79.97795591650439917, 40.66121706835315308, 342.5811254946667646 ) ) ;
#4172 = CARTESIAN_POINT ( 'NONE',  ( -76.14634019279429822, 13.98474981624798907, 357.1999999999958391 ) ) ;
#4173 = ORIENTED_EDGE ( 'NONE', *, *, #6734, .F. ) ;
#4174 = CARTESIAN_POINT ( 'NONE',  ( 142.6946104534024187, 90.24328140677157251, 246.0316403486588399 ) ) ;
#4175 = CARTESIAN_POINT ( 'NONE',  ( -116.7877566172875134, 140.9693526988299084, 300.8785716004825304 ) ) ;
#4176 = CYLINDRICAL_SURFACE ( 'NONE', #8580, 0.6499999999999839240 ) ;
#4177 = ORIENTED_EDGE ( 'NONE', *, *, #2353, .T. ) ;
#4178 = CARTESIAN_POINT ( 'NONE',  ( -85.52489912971709884, 140.9861411058979286, 331.4336417066158447 ) ) ;
#4179 = EDGE_CURVE ( 'NONE', #5023, #88, #4922, .T. ) ;
#4180 = VERTEX_POINT ( 'NONE', #7248 ) ;
#4181 = CARTESIAN_POINT ( 'NONE',  ( -19.96730862450472799, 14.74717424951075095, 355.9538909542059173 ) ) ;
#4182 = LINE ( 'NONE', #1064, #8807 ) ;
#4183 = CARTESIAN_POINT ( 'NONE',  ( -90.49371913728549544, 140.8767977190229317, 337.6600562055618866 ) ) ;
#4184 = EDGE_CURVE ( 'NONE', #6498, #9372, #341, .T. ) ;
#4185 = VERTEX_POINT ( 'NONE', #9764 ) ;
#4186 = CARTESIAN_POINT ( 'NONE',  ( 1.009719629430382282E-25, 140.9999999999999716, 212.1999999999999602 ) ) ;
#4187 = CARTESIAN_POINT ( 'NONE',  ( 6.669795924123294917, 12.32976123338268337, 357.1999999999999886 ) ) ;
#4188 = CARTESIAN_POINT ( 'NONE',  ( 87.21910220580845419, 13.99999999999995737, 335.6016304062260929 ) ) ;
#4189 = VERTEX_POINT ( 'NONE', #8084 ) ;
#4190 = CARTESIAN_POINT ( 'NONE',  ( 79.99999999996879296, 18.49847829689354128, 347.2555441290919589 ) ) ;
#4191 = ORIENTED_EDGE ( 'NONE', *, *, #913, .T. ) ;
#4192 = DIRECTION ( 'NONE',  ( -1.000000000000000000, 1.387778780781425007E-14, -1.387778780781444256E-14 ) ) ;
#4193 = CARTESIAN_POINT ( 'NONE',  ( 131.4847071750128009, 93.27531682248739742, 273.3295497627997861 ) ) ;
#4194 = DIRECTION ( 'NONE',  ( -1.000000000000000000, 0.000000000000000000, 0.000000000000000000 ) ) ;
#4195 = AXIS2_PLACEMENT_3D ( 'NONE', #7082, #2433, #9290 ) ;
#4196 = CARTESIAN_POINT ( 'NONE',  ( -121.3196234073046469, 140.9945597024161543, 307.2999866196931862 ) ) ;
#4197 = CARTESIAN_POINT ( 'NONE',  ( 88.91996283420355951, 140.8639273146883681, 328.3439230580872845 ) ) ;
#4198 = EDGE_CURVE ( 'NONE', #5126, #7758, #1638, .T. ) ;
#4199 = ADVANCED_FACE ( 'NONE', ( #589 ), #9613, .F. ) ;
#4200 = AXIS2_PLACEMENT_3D ( 'NONE', #2774, #463, #3232 ) ;
#4201 = CARTESIAN_POINT ( 'NONE',  ( 144.1208781619184833, 88.02838390115873324, 271.9092701565281800 ) ) ;
#4202 = CARTESIAN_POINT ( 'NONE',  ( -119.1887568811446556, 140.9999999999999716, 309.7194351559082293 ) ) ;
#4203 = ORIENTED_EDGE ( 'NONE', *, *, #4545, .F. ) ;
#4204 = CARTESIAN_POINT ( 'NONE',  ( -141.3843407469959175, 87.22478289874344171, 244.3802059859709743 ) ) ;
#4205 = CARTESIAN_POINT ( 'NONE',  ( -33.89684310663468381, 14.01797040589271504, 354.9435528521453875 ) ) ;
#4206 = CARTESIAN_POINT ( 'NONE',  ( 11.79087118600002171, 14.36130983248218840, 356.8236809815483639 ) ) ;
#4207 = DIRECTION ( 'NONE',  ( 0.6069928224509152370, 0.000000000000000000, -0.7947073130990250922 ) ) ;
#4208 = CIRCLE ( 'NONE', #9849, 0.6499999999999839240 ) ;
#4209 = CARTESIAN_POINT ( 'NONE',  ( 81.99999999996879296, 138.9999999999999432, 334.2040982918406371 ) ) ;
#4210 = EDGE_CURVE ( 'NONE', #8351, #7963, #8862, .T. ) ;
#4211 = ADVANCED_FACE ( 'NONE', ( #8952 ), #6535, .T. ) ;
#4212 = CARTESIAN_POINT ( 'NONE',  ( 1.009719629430382282E-25, 15.99999999999995914, 212.1999999999999602 ) ) ;
#4213 = CARTESIAN_POINT ( 'NONE',  ( -132.3757698985333491, 89.97422520020263903, 271.3747880754171433 ) ) ;
#4214 = CARTESIAN_POINT ( 'NONE',  ( -145.9999999999969305, 138.9999999999999432, 261.1897948556726874 ) ) ;
#4215 = CARTESIAN_POINT ( 'NONE',  ( 114.3850335511374539, 140.9948977471785838, 304.3038023417666977 ) ) ;
#4216 = CIRCLE ( 'NONE', #2441, 2.000000000000003997 ) ;
#4217 = CYLINDRICAL_SURFACE ( 'NONE', #5857, 2.000000000000001776 ) ;
#4218 = ORIENTED_EDGE ( 'NONE', *, *, #4339, .T. ) ;
#4219 = CARTESIAN_POINT ( 'NONE',  ( -86.54584657645362711, 13.99999999999995737, 334.6992852076964482 ) ) ;
#4220 = CARTESIAN_POINT ( 'NONE',  ( 83.06493506109828218, 40.71273148124661390, 344.2462667525876441 ) ) ;
#4221 = CARTESIAN_POINT ( 'NONE',  ( 140.2317871479269513, 57.00000000000000711, 249.0787997811547143 ) ) ;
#4222 = ORIENTED_EDGE ( 'NONE', *, *, #1754, .F. ) ;
#4223 = AXIS2_PLACEMENT_3D ( 'NONE', #5958, #9034, #2790 ) ;
#4224 = CIRCLE ( 'NONE', #5498, 1.999999999999998446 ) ;
#4225 = EDGE_CURVE ( 'NONE', #7758, #867, #6637, .T. ) ;
#4226 = ORIENTED_EDGE ( 'NONE', *, *, #998, .F. ) ;
#4227 = CARTESIAN_POINT ( 'NONE',  ( 28.79806177661366107, 36.99999999999995026, 354.3114760950371647 ) ) ;
#4228 = VERTEX_POINT ( 'NONE', #1198 ) ;
#4229 = CARTESIAN_POINT ( 'NONE',  ( 141.0866566420273216, 95.63947404409958608, 245.6807184940985280 ) ) ;
#4230 = AXIS2_PLACEMENT_3D ( 'NONE', #8181, #538, #8231 ) ;
#4231 = ORIENTED_EDGE ( 'NONE', *, *, #7006, .F. ) ;
#4232 = CARTESIAN_POINT ( 'NONE',  ( -7.070530795397481860, 13.81372136950209573, 357.1110868932913149 ) ) ;
#4233 = EDGE_LOOP ( 'NONE', ( #9297, #9879, #479, #5334 ) ) ;
#4234 = DIRECTION ( 'NONE',  ( 0.000000000000000000, 0.000000000000000000, 1.000000000000000000 ) ) ;
#4235 = CARTESIAN_POINT ( 'NONE',  ( -79.53694654222822180, 39.71323318213760700, 334.8216122589676615 ) ) ;
#4236 = CIRCLE ( 'NONE', #9880, 2.000000000000001776 ) ;
#4237 = EDGE_CURVE ( 'NONE', #8152, #2615, #4216, .T. ) ;
#4238 = VECTOR ( 'NONE', #9577, 1000.000000000000000 ) ;
#4239 = ORIENTED_EDGE ( 'NONE', *, *, #2019, .F. ) ;
#4240 = DIRECTION ( 'NONE',  ( -4.382459307730909397E-15, -0.000000000000000000, -1.000000000000000000 ) ) ;
#4241 = CARTESIAN_POINT ( 'NONE',  ( 27.69401042862544671, 13.18927620382824450, 356.8392783042419865 ) ) ;
#4242 = CARTESIAN_POINT ( 'NONE',  ( 90.02128825932111056, 140.9862849113835068, 337.4751342430859609 ) ) ;
#4243 = ORIENTED_EDGE ( 'NONE', *, *, #5227, .F. ) ;
#4244 = DIRECTION ( 'NONE',  ( -0.000000000000000000, 1.000000000000000000, -0.000000000000000000 ) ) ;
#4245 = ORIENTED_EDGE ( 'NONE', *, *, #7670, .F. ) ;
#4246 = CARTESIAN_POINT ( 'NONE',  ( -63.16894221695844180, 38.99999999999995737, 352.6481567667961485 ) ) ;
#4247 = CARTESIAN_POINT ( 'NONE',  ( -90.09199548601698382, 13.99999999999995737, 328.3569298378167787 ) ) ;
#4248 = VECTOR ( 'NONE', #1702, 1000.000000000000000 ) ;
#4249 = DIRECTION ( 'NONE',  ( 1.000000000000000000, 1.186550857568135043E-12, 0.000000000000000000 ) ) ;
#4250 = EDGE_CURVE ( 'NONE', #4598, #5798, #205, .T. ) ;
#4251 = DIRECTION ( 'NONE',  ( -1.040834085586084257E-14, 1.000000000000000000, 2.775557561562891351E-14 ) ) ;
#4252 = VECTOR ( 'NONE', #8717, 1000.000000000000000 ) ;
#4253 = CARTESIAN_POINT ( 'NONE',  ( 29.19527642180833382, 38.29091974489356431, 357.7992227507939447 ) ) ;
#4254 = CARTESIAN_POINT ( 'NONE',  ( -116.1903880662150215, 14.00510225281473708, 302.0155889996583483 ) ) ;
#4255 = AXIS2_PLACEMENT_3D ( 'NONE', #3563, #595, #5828 ) ;
#4256 = CARTESIAN_POINT ( 'NONE',  ( -1.408810568206502965E-13, 14.62662817220120814, 357.1973292566195255 ) ) ;
#4257 = CARTESIAN_POINT ( 'NONE',  ( -15.61027083543266514, 11.99999999999995914, 357.1999999999999886 ) ) ;
#4258 = DIRECTION ( 'NONE',  ( -0.000000000000000000, 1.000000000000000000, 0.000000000000000000 ) ) ;
#4259 = CARTESIAN_POINT ( 'NONE',  ( 111.7844301505944173, 36.99999999999995737, 356.2716343860033135 ) ) ;
#4260 = CARTESIAN_POINT ( 'NONE',  ( 145.9999999999984652, 140.9999999999999716, 261.1897948556681399 ) ) ;
#4261 = CARTESIAN_POINT ( 'NONE',  ( -29.25468774631661262, 14.06611552979688007, 355.4796258074488264 ) ) ;
#4262 = CIRCLE ( 'NONE', #9395, 0.6499999999999839240 ) ;
#4263 = CARTESIAN_POINT ( 'NONE',  ( 33.96005550223569713, 13.98126946408768667, 355.4861680395182475 ) ) ;
#4264 = SPHERICAL_SURFACE ( 'NONE', #1516, 2.000000000000000000 ) ;
#4265 = AXIS2_PLACEMENT_3D ( 'NONE', #4475, #644, #1303 ) ;
#4266 = CARTESIAN_POINT ( 'NONE',  ( -113.6848775212756522, 140.9999999999999716, 305.3919987068232444 ) ) ;
#4267 = AXIS2_PLACEMENT_3D ( 'NONE', #3112, #156, #59 ) ;
#4268 = PRESENTATION_STYLE_ASSIGNMENT (( #5771 ) ) ;
#4269 = CARTESIAN_POINT ( 'NONE',  ( -140.0319152850483988, 60.21577260758212446, 249.8310984986875951 ) ) ;
#4270 = CARTESIAN_POINT ( 'NONE',  ( 73.07140106646666311, 11.99999999999995204, 359.2000000000001023 ) ) ;
#4271 = DIRECTION ( 'NONE',  ( 0.000000000000000000, 0.000000000000000000, 1.000000000000000000 ) ) ;
#4272 = VERTEX_POINT ( 'NONE', #7496 ) ;
#4273 = CARTESIAN_POINT ( 'NONE',  ( 119.2501420851234997, 13.99999999999996270, 309.8033803112750206 ) ) ;
#4274 = CARTESIAN_POINT ( 'NONE',  ( -1.652655455993694473E-13, 12.34251940653939883, 357.1999999999999886 ) ) ;
#4275 = CARTESIAN_POINT ( 'NONE',  ( 147.4880066386399733, 58.91613693643629546, 263.0262243005848291 ) ) ;
#4276 = ADVANCED_FACE ( 'NONE', ( #2705 ), #5165, .T. ) ;
#4277 = EDGE_CURVE ( 'NONE', #3009, #5840, #8066, .T. ) ;
#4278 = CARTESIAN_POINT ( 'NONE',  ( -79.92475869025730617, 40.43873530699301710, 342.6479261920215436 ) ) ;
#4279 = CARTESIAN_POINT ( 'NONE',  ( 141.4490522833131649, 89.08352008363645780, 244.0992070783082966 ) ) ;
#4280 = ORIENTED_EDGE ( 'NONE', *, *, #5069, .F. ) ;
#4281 = CARTESIAN_POINT ( 'NONE',  ( -85.47518017375307409, 140.9068769776662577, 331.0472604678759581 ) ) ;
#4282 =( BOUNDED_CURVE ( )  B_SPLINE_CURVE ( 3, ( #2452, #8598, #7803, #4679 ),
 .UNSPECIFIED., .F., .T. ) 
 B_SPLINE_CURVE_WITH_KNOTS ( ( 4, 4 ),
 ( -2.220446049250313081E-14, 0.7016252196536807428 ),
 .UNSPECIFIED. ) 
 CURVE ( )  GEOMETRIC_REPRESENTATION_ITEM ( )  RATIONAL_B_SPLINE_CURVE ( ( 1.000000000000000000, 0.9593958403999361950, 0.9593958403999361950, 1.000000000000000000 ) ) 
 REPRESENTATION_ITEM ( '' )  );
#4283 = CARTESIAN_POINT ( 'NONE',  ( 140.8806727701108628, 94.56780835406701158, 246.5466425551209113 ) ) ;
#4284 = ORIENTED_EDGE ( 'NONE', *, *, #8914, .T. ) ;
#4285 = CARTESIAN_POINT ( 'NONE',  ( -11.18193060199117461, 13.84602911952321413, 356.9748134405543851 ) ) ;
#4286 = DIRECTION ( 'NONE',  ( -1.460819769243638766E-15, 0.000000000000000000, 1.000000000000000000 ) ) ;
#4287 = CARTESIAN_POINT ( 'NONE',  ( -78.79823853869112327, 37.46317862926920839, 333.9205838801735240 ) ) ;
#4288 = EDGE_CURVE ( 'NONE', #4474, #993, #7901, .T. ) ;
#4289 = VERTEX_POINT ( 'NONE', #7343 ) ;
#4290 = PLANE ( 'NONE',  #6000 ) ;
#4291 = CIRCLE ( 'NONE', #9941, 0.6499999999917127624 ) ;
#4292 = CARTESIAN_POINT ( 'NONE',  ( 33.98921100076194790, 13.41421356237304963, 356.6142135623729814 ) ) ;
#4293 = CARTESIAN_POINT ( 'NONE',  ( -29.19527642180863936, 38.29091974489352879, 357.7992227507938878 ) ) ;
#4294 = EDGE_LOOP ( 'NONE', ( #9927, #1500, #6730, #6674 ) ) ;
#4295 = CIRCLE ( 'NONE', #5569, 2.000000000000010214 ) ;
#4296 = CARTESIAN_POINT ( 'NONE',  ( -443277.8234813394956, 140.9999999999999716, 190945.7011587378220 ) ) ;
#4297 = ORIENTED_EDGE ( 'NONE', *, *, #7491, .T. ) ;
#4298 = CARTESIAN_POINT ( 'NONE',  ( -135.7991361631846985, 55.11875161881120988, 263.0291279604845727 ) ) ;
#4299 = CARTESIAN_POINT ( 'NONE',  ( 86.64923987557818919, 14.00510225282130605, 330.7704665390616583 ) ) ;
#4300 = CARTESIAN_POINT ( 'NONE',  ( -148.0000000000245848, 92.76320896812782735, 243.2465577364812077 ) ) ;
#4301 = EDGE_CURVE ( 'NONE', #6564, #9247, #3069, .T. ) ;
#4302 = DIRECTION ( 'NONE',  ( -0.000000000000000000, 1.000000000000000000, 0.000000000000000000 ) ) ;
#4303 = CIRCLE ( 'NONE', #2521, 7.099999999999995204 ) ;
#4304 = CARTESIAN_POINT ( 'NONE',  ( -83.06493506490384959, 140.9999999999999716, 344.2462667501936835 ) ) ;
#4305 = DIRECTION ( 'NONE',  ( -0.000000000000000000, 1.000000000000000000, -0.000000000000000000 ) ) ;
#4306 = ADVANCED_FACE ( 'NONE', ( #2800 ), #7294, .F. ) ;
#4307 = CARTESIAN_POINT ( 'NONE',  ( 144.0008544064812668, 87.61611949359804896, 272.1981532631729124 ) ) ;
#4308 = CARTESIAN_POINT ( 'NONE',  ( -231833.6779650998942, 140.9999999999999716, -99422.44752819823043 ) ) ;
#4309 = CARTESIAN_POINT ( 'NONE',  ( -399999.9999999973807, 140.9999999999999716, 242.5153120201457568 ) ) ;
#4310 = CARTESIAN_POINT ( 'NONE',  ( 117.0255663709081517, 13.99999999999995559, 301.0114062090150924 ) ) ;
#4311 = AXIS2_PLACEMENT_3D ( 'NONE', #9100, #8999, #6176 ) ;
#4312 = ORIENTED_EDGE ( 'NONE', *, *, #4970, .F. ) ;
#4313 = CARTESIAN_POINT ( 'NONE',  ( 121.0044252407799661, 140.9999999999999716, 302.7155414760817962 ) ) ;
#4314 = CARTESIAN_POINT ( 'NONE',  ( 15.84447942186894487, 14.54350648593825568, 356.4592617229072289 ) ) ;
#4315 = EDGE_CURVE ( 'NONE', #6566, #4040, #9040, .T. ) ;
#4316 = LINE ( 'NONE', #483, #1097 ) ;
#4317 = DIRECTION ( 'NONE',  ( 0.9931150134400342777, -0.000000000000000000, 0.1171433740337050888 ) ) ;
#4318 = DIRECTION ( 'NONE',  ( -0.7947073131052393435, 2.081668171172161887E-14, -0.6069928224427793007 ) ) ;
#4319 = ADVANCED_FACE ( 'NONE', ( #1944 ), #8995, .T. ) ;
#4320 = DIRECTION ( 'NONE',  ( 1.000000000000000000, -0.000000000000000000, -0.000000000000000000 ) ) ;
#4321 = CARTESIAN_POINT ( 'NONE',  ( 93.87172936769897547, 140.9999999999999716, 334.4896633360762053 ) ) ;
#4322 = CARTESIAN_POINT ( 'NONE',  ( 79.77878921601966056, 20.45286395403446988, 346.8161293399421083 ) ) ;
#4323 = EDGE_LOOP ( 'NONE', ( #3473, #1557, #1706, #8812 ) ) ;
#4324 = CARTESIAN_POINT ( 'NONE',  ( -120.3746434484511099, 140.8968739845670939, 309.2809493332026705 ) ) ;
#4325 = CARTESIAN_POINT ( 'NONE',  ( 79.33941994833021738, 39.12891610829812095, 346.5182778668834089 ) ) ;
#4326 = LINE ( 'NONE', #5124, #3008 ) ;
#4327 = ORIENTED_EDGE ( 'NONE', *, *, #8662, .F. ) ;
#4328 = CARTESIAN_POINT ( 'NONE',  ( 89.93578092465320140, 13.99999999999995737, 337.3692023869114109 ) ) ;
#4329 = ORIENTED_EDGE ( 'NONE', *, *, #6913, .F. ) ;
#4330 = CARTESIAN_POINT ( 'NONE',  ( -80.20809190661778132, 40.21378780150411814, 346.0102827980840061 ) ) ;
#4331 = EDGE_CURVE ( 'NONE', #4949, #3774, #8542, .T. ) ;
#4332 = ORIENTED_EDGE ( 'NONE', *, *, #3669, .F. ) ;
#4333 = CARTESIAN_POINT ( 'NONE',  ( 146.0000000000150067, 140.9999999999999716, 242.5153120237258690 ) ) ;
#4334 = ORIENTED_EDGE ( 'NONE', *, *, #4339, .F. ) ;
#4335 = CARTESIAN_POINT ( 'NONE',  ( -28.82672822820352465, 14.57964362506110412, 354.8460342525225428 ) ) ;
#4336 = CARTESIAN_POINT ( 'NONE',  ( 120.1160535641414242, 14.00616300474748854, 308.8254623921660595 ) ) ;
#4337 = ORIENTED_EDGE ( 'NONE', *, *, #2478, .F. ) ;
#4338 = ORIENTED_EDGE ( 'NONE', *, *, #3941, .F. ) ;
#4339 = EDGE_CURVE ( 'NONE', #9178, #9639, #392, .T. ) ;
#4340 = CARTESIAN_POINT ( 'NONE',  ( -85.99925477905740934, 14.13892933089823600, 330.5091708579979013 ) ) ;
#4341 = VERTEX_POINT ( 'NONE', #3804 ) ;
#4342 = CARTESIAN_POINT ( 'NONE',  ( 143.4040466960482263, 140.9999999999999716, 242.5153120237258406 ) ) ;
#4343 = ORIENTED_EDGE ( 'NONE', *, *, #5674, .T. ) ;
#4344 = CARTESIAN_POINT ( 'NONE',  ( -137.4280980389273452, 50.25626842806095596, 258.4462741423959073 ) ) ;
#4345 = CARTESIAN_POINT ( 'NONE',  ( 122.3240216452302036, 140.9999999999999716, 305.3769527474412371 ) ) ;
#4346 = DIRECTION ( 'NONE',  ( -0.000000000000000000, -0.000000000000000000, 1.000000000000000000 ) ) ;
#4347 = CYLINDRICAL_SURFACE ( 'NONE', #3949, 0.6499999999999839240 ) ;
#4348 = DIRECTION ( 'NONE',  ( 0.7947073130990243151, 0.000000000000000000, 0.6069928224509160142 ) ) ;
#4349 = CARTESIAN_POINT ( 'NONE',  ( -115.5426391678579847, 13.99999999999995737, 308.7293316430789218 ) ) ;
#4350 = EDGE_CURVE ( 'NONE', #1302, #2611, #5263, .T. ) ;
#4351 = CARTESIAN_POINT ( 'NONE',  ( -30.82163489686953639, 15.99999999999995914, 353.9150555372263511 ) ) ;
#4352 = ORIENTED_EDGE ( 'NONE', *, *, #9693, .T. ) ;
#4353 = CARTESIAN_POINT ( 'NONE',  ( 34.01727831771047050, 13.99999999999995914, 355.2098828588875108 ) ) ;
#4354 = CIRCLE ( 'NONE', #2252, 1.999999999999995559 ) ;
#4355 = ORIENTED_EDGE ( 'NONE', *, *, #945, .T. ) ;
#4356 = DIRECTION ( 'NONE',  ( -0.000000000000000000, 1.000000000000000000, -0.000000000000000000 ) ) ;
#4357 = DIRECTION ( 'NONE',  ( 0.000000000000000000, 0.000000000000000000, 1.000000000000000000 ) ) ;
#4358 = DIRECTION ( 'NONE',  ( 0.000000000000000000, 0.000000000000000000, -1.000000000000000000 ) ) ;
#4359 = CARTESIAN_POINT ( 'NONE',  ( 20.26009002027809913, 14.17465775277672968, 356.2341125453967834 ) ) ;
#4360 = CARTESIAN_POINT ( 'NONE',  ( 77.23729509880224953, 38.87371977334790074, 334.9172534006087290 ) ) ;
#4361 = AXIS2_PLACEMENT_3D ( 'NONE', #4749, #5488, #4042 ) ;
#4362 = EDGE_CURVE ( 'NONE', #9060, #2628, #5486, .T. ) ;
#4363 = CARTESIAN_POINT ( 'NONE',  ( 75.13415293245809323, 15.99999999999995914, 356.4139856449018566 ) ) ;
#4364 = B_SPLINE_CURVE_WITH_KNOTS ( 'NONE', 3,
 ( #2118, #6614, #7374, #5050, #4298, #5195, #1224, #4443, #2170, #5099, #9690, #6567, #2779, #5853, #8165, #8934, #5243, #1176, #421, #4344, #7759, #3163, #5289, #8461, #2318, #3786, #5434, #1421, #6962, #6814, #4641, #8406, #857, #4488, #4691, #9123, #1519, #6044, #2216, #6860, #3730, #64, #3118, #9950, #9220, #8506 ),
 .UNSPECIFIED., .F., .F.,
 ( 4, 2, 2, 2, 2, 2, 2, 2, 2, 2, 2, 2, 2, 2, 2, 2, 2, 2, 2, 2, 2, 2, 4 ),
 ( 0.02276470009502988903, 0.02418663825926473457, 0.02489760734138215387, 0.02560857642349957664, 0.02631954550561699940, 0.02703051458773442217, 0.02845245275196929893, 0.02916342183408669048, 0.02987439091620408549, 0.03129632908043886858, 0.03271826724467365166, 0.03342923632679113688, 0.03414020540890862210, 0.03556214357314340518, 0.03627311265526071693, 0.03698408173737803561, 0.03840601990161283952, 0.03982795806584762954, 0.04124989623008242651, 0.04196086531219982152, 0.04267183439431724429, 0.04409377255855206207, 0.04551571072278687985 ),
 .UNSPECIFIED. ) ;
#4365 = DIRECTION ( 'NONE',  ( 0.000000000000000000, 0.000000000000000000, 1.000000000000000000 ) ) ;
#4366 = CARTESIAN_POINT ( 'NONE',  ( 115.5426391678579847, 140.9999999999999716, 308.7293316430789218 ) ) ;
#4367 = ORIENTED_EDGE ( 'NONE', *, *, #4704, .F. ) ;
#4368 = CARTESIAN_POINT ( 'NONE',  ( -128.7613009995550044, 89.97422520020253955, 278.8747880754185644 ) ) ;
#4369 = CARTESIAN_POINT ( 'NONE',  ( 7.029497079970400186, 15.99999999999995914, 357.0363449273443734 ) ) ;
#4370 = AXIS2_PLACEMENT_3D ( 'NONE', #9460, #1862, #5737 ) ;
#4371 = CARTESIAN_POINT ( 'NONE',  ( 81.96122988200563952, 38.24379702435442141, 344.9343512977623618 ) ) ;
#4372 = CARTESIAN_POINT ( 'NONE',  ( -119.6126646948350754, 14.06095450059865648, 309.9857586946546348 ) ) ;
#4373 = EDGE_CURVE ( 'NONE', #1309, #9153, #6639, .T. ) ;
#4374 = CIRCLE ( 'NONE', #831, 0.6499999999999839240 ) ;
#4375 = CARTESIAN_POINT ( 'NONE',  ( -93.87172936769560749, 14.11933619030491727, 335.1396633360761825 ) ) ;
#4376 = ORIENTED_EDGE ( 'NONE', *, *, #8340, .T. ) ;
#4377 = CARTESIAN_POINT ( 'NONE',  ( -80.70105096071590367, 37.35523339485846606, 345.7043633257311512 ) ) ;
#4378 = CARTESIAN_POINT ( 'NONE',  ( 141.3839593040548266, 87.22517112172457132, 244.3818986962653241 ) ) ;
#4379 = VERTEX_POINT ( 'NONE', #3852 ) ;
#4380 = CARTESIAN_POINT ( 'NONE',  ( 119.1887568811446556, 140.9999999999999716, 309.7194351559082293 ) ) ;
#4381 = CARTESIAN_POINT ( 'NONE',  ( 89.09044345607487969, 14.16307761884833383, 328.1307717916360502 ) ) ;
#4382 = CARTESIAN_POINT ( 'NONE',  ( -12.66920925379958796, 14.17800949310861114, 356.8082232782570031 ) ) ;
#4383 = VERTEX_POINT ( 'NONE', #5409 ) ;
#4384 = DIRECTION ( 'NONE',  ( 0.000000000000000000, 0.000000000000000000, -1.000000000000000000 ) ) ;
#4385 = CARTESIAN_POINT ( 'NONE',  ( 132.1882262543298907, 91.71318863624894391, 271.7926619967446982 ) ) ;
#4386 = ORIENTED_EDGE ( 'NONE', *, *, #8068, .T. ) ;
#4387 = CIRCLE ( 'NONE', #5496, 7.099999999999995204 ) ;
#4388 = AXIS2_PLACEMENT_3D ( 'NONE', #2233, #8374, #631 ) ;
#4389 = EDGE_CURVE ( 'NONE', #7483, #9465, #3701, .T. ) ;
#4390 = ORIENTED_EDGE ( 'NONE', *, *, #9226, .F. ) ;
#4391 = AXIS2_PLACEMENT_3D ( 'NONE', #3297, #6376, #9390 ) ;
#4392 = AXIS2_PLACEMENT_3D ( 'NONE', #4259, #4405, #1890 ) ;
#4393 = CARTESIAN_POINT ( 'NONE',  ( -27.50802505520487173, 15.31665215427340243, 354.6757385686490238 ) ) ;
#4394 = DIRECTION ( 'NONE',  ( 0.000000000000000000, 0.000000000000000000, 1.000000000000000000 ) ) ;
#4395 = ORIENTED_EDGE ( 'NONE', *, *, #3565, .F. ) ;
#4396 = CARTESIAN_POINT ( 'NONE',  ( 9.839436160638301843, 15.99999999999995914, 356.8726170951184145 ) ) ;
#4397 = ORIENTED_EDGE ( 'NONE', *, *, #7211, .T. ) ;
#4398 = DIRECTION ( 'NONE',  ( 0.000000000000000000, -1.000000000000000000, 0.000000000000000000 ) ) ;
#4399 = EDGE_CURVE ( 'NONE', #2, #5107, #7588, .T. ) ;
#4400 = DIRECTION ( 'NONE',  ( 0.000000000000000000, 0.000000000000000000, -1.000000000000000000 ) ) ;
#4401 = CARTESIAN_POINT ( 'NONE',  ( 80.87065700651244526, 19.80437767539954308, 345.6014195919080976 ) ) ;
#4402 = SPHERICAL_SURFACE ( 'NONE', #5156, 2.000000000000000000 ) ;
#4403 = EDGE_LOOP ( 'NONE', ( #8361, #5792, #1465, #9875 ) ) ;
#4404 = FACE_BOUND ( 'NONE', #4936, .T. ) ;
#4405 = DIRECTION ( 'NONE',  ( 1.000000000000000000, 0.000000000000000000, 7.975740119433573893E-16 ) ) ;
#4406 = CARTESIAN_POINT ( 'NONE',  ( -83.06493506490382117, 138.9999999999999432, 344.2462667501936266 ) ) ;
#4407 = EDGE_LOOP ( 'NONE', ( #9345, #2941, #4997 ) ) ;
#4408 = CARTESIAN_POINT ( 'NONE',  ( 19.21883357619464050, 14.13324393845267757, 356.3515343876867405 ) ) ;
#4409 = CIRCLE ( 'NONE', #2796, 144.9999999999999716 ) ;
#4410 = EDGE_CURVE ( 'NONE', #6711, #4272, #5823, .T. ) ;
#4411 = CIRCLE ( 'NONE', #7628, 144.9999999999999716 ) ;
#4412 = LINE ( 'NONE', #9967, #1533 ) ;
#4413 = DIRECTION ( 'NONE',  ( 0.000000000000000000, -1.387778780781444413E-14, 1.000000000000000000 ) ) ;
#4414 = DIRECTION ( 'NONE',  ( 0.000000000000000000, 0.000000000000000000, 1.000000000000000000 ) ) ;
#4415 = DIRECTION ( 'NONE',  ( 1.847648214839669132E-16, -0.7637941823953527942, 0.6454598724467808246 ) ) ;
#4416 = ORIENTED_EDGE ( 'NONE', *, *, #5367, .T. ) ;
#4417 = AXIS2_PLACEMENT_3D ( 'NONE', #9082, #2972, #3690 ) ;
#4418 = DIRECTION ( 'NONE',  ( 0.000000000000000000, 0.000000000000000000, -1.000000000000000000 ) ) ;
#4419 = CARTESIAN_POINT ( 'NONE',  ( 79.61466663804459643, 39.32693585567642458, 346.3555012031335423 ) ) ;
#4420 = ADVANCED_FACE ( 'NONE', ( #6930 ), #6172, .T. ) ;
#4421 = CARTESIAN_POINT ( 'NONE',  ( 72.29079152860660429, 13.67464516022376486, 356.2958146860769943 ) ) ;
#4422 = ADVANCED_BREP_SHAPE_REPRESENTATION ( 'front wall', ( #5355, #6846 ), #2337 ) ;
#4423 = DIRECTION ( 'NONE',  ( -0.000000000000000000, 1.000000000000000000, 0.000000000000000000 ) ) ;
#4424 = VERTEX_POINT ( 'NONE', #1485 ) ;
#4425 = FACE_OUTER_BOUND ( 'NONE', #2189, .T. ) ;
#4426 = EDGE_CURVE ( 'NONE', #4511, #1719, #675, .T. ) ;
#4427 = CARTESIAN_POINT ( 'NONE',  ( 141.4529712308199976, 87.15493271257436447, 244.0756479145569529 ) ) ;
#4428 = VERTEX_POINT ( 'NONE', #5965 ) ;
#4429 = B_SPLINE_CURVE_WITH_KNOTS ( 'NONE', 3,
 ( #2498, #7928, #9341, #4117, #6332, #2446, #2348, #9396, #5567, #1695, #4770, #1790, #1744, #4814, #3300, #7145, #4069, #9446, #2549, #5616, #1043, #8688, #45, #3098, #6186, #9254, #2044, #293, #3354, #8951, #1144, #3557, #8031, #5670 ),
 .UNSPECIFIED., .F., .F.,
 ( 4, 2, 2, 2, 2, 2, 2, 2, 2, 2, 2, 2, 2, 2, 2, 2, 4 ),
 ( 0.01238819117192051927, 0.01316135267260021627, 0.01393451417327991326, 0.01470767567395960852, 0.01548083717463930552, 0.01625399867531900078, 0.01702716017599869777, 0.01780032167667839477, 0.01857348317735809176, 0.01934664467803778876, 0.02011980617871748575, 0.02089296767939718275, 0.02166612918007687627, 0.02243929068075657673, 0.02321245218143627026, 0.02398561368211596725, 0.02475877518279566425 ),
 .UNSPECIFIED. ) ;
#4430 = CARTESIAN_POINT ( 'NONE',  ( -91.08779833999275866, 140.9842174864817252, 336.7193390670867643 ) ) ;
#4431 = ORIENTED_EDGE ( 'NONE', *, *, #8729, .T. ) ;
#4432 = CARTESIAN_POINT ( 'NONE',  ( -19.25804175232267212, 13.97849050493349843, 356.4603824669272285 ) ) ;
#4433 = CARTESIAN_POINT ( 'NONE',  ( 93.35076012442273452, 140.9938369952568848, 334.8783676550131077 ) ) ;
#4434 = LINE ( 'NONE', #6710, #1352 ) ;
#4435 = ORIENTED_EDGE ( 'NONE', *, *, #7783, .F. ) ;
#4436 = ORIENTED_EDGE ( 'NONE', *, *, #8982, .T. ) ;
#4437 = CARTESIAN_POINT ( 'NONE',  ( -22.25139440725387274, 15.80347230295005723, 355.5122437708181451 ) ) ;
#4438 = EDGE_CURVE ( 'NONE', #5535, #6786, #1965, .T. ) ;
#4439 = CARTESIAN_POINT ( 'NONE',  ( -83.06493506490383538, 40.99999999999995737, 344.2462667501936266 ) ) ;
#4440 = EDGE_LOOP ( 'NONE', ( #9530, #7123, #6147, #1154, #1689, #2754, #9626, #9425, #6335, #2399, #7354, #6718, #2237 ) ) ;
#4441 = CARTESIAN_POINT ( 'NONE',  ( 5.623946089959843242, 15.99999999999995914, 357.0977246745366642 ) ) ;
#4442 = ORIENTED_EDGE ( 'NONE', *, *, #6429, .F. ) ;
#4443 = CARTESIAN_POINT ( 'NONE',  ( -135.9500604944079498, 54.01283315702546872, 262.6241074602655203 ) ) ;
#4444 = DIRECTION ( 'NONE',  ( 0.000000000000000000, 0.000000000000000000, 1.000000000000000000 ) ) ;
#4445 = CARTESIAN_POINT ( 'NONE',  ( 115.5426391678579847, 13.99999999999995737, 309.3793316430788991 ) ) ;
#4446 = TOROIDAL_SURFACE ( 'NONE', #1875, 146.9999999999999716, 2.000000000000000000 ) ;
#4447 = CARTESIAN_POINT ( 'NONE',  ( 113.6980222182365452, 140.8602329045183978, 304.2114916580524095 ) ) ;
#4448 = CARTESIAN_POINT ( 'NONE',  ( 80.52657341028587723, 21.04736501574377527, 345.8095135370907656 ) ) ;
#4449 = CARTESIAN_POINT ( 'NONE',  ( 135.7767507524015400, 58.64862126598320202, 263.0888645438942035 ) ) ;
#4450 = CARTESIAN_POINT ( 'NONE',  ( -4.663555684052147711E-14, 15.99999999999995914, 357.1999999999999886 ) ) ;
#4451 = ORIENTED_EDGE ( 'NONE', *, *, #8959, .F. ) ;
#4452 = CARTESIAN_POINT ( 'NONE',  ( -81.99999999996916245, 138.9999999999999432, 344.5533658944219155 ) ) ;
#4453 = CARTESIAN_POINT ( 'NONE',  ( 62.05361464402749050, 38.99999999999996447, 353.2441589267275504 ) ) ;
#4454 = EDGE_CURVE ( 'NONE', #7963, #9559, #3814, .T. ) ;
#4455 = DIRECTION ( 'NONE',  ( 0.6069928224509179016, 8.423717590840269374E-15, -0.7947073130990232048 ) ) ;
#4456 = CARTESIAN_POINT ( 'NONE',  ( 25.19116296679119671, 14.41307384824404991, 355.5220676518305822 ) ) ;
#4457 = CARTESIAN_POINT ( 'NONE',  ( 120.1160535641414242, 140.9938369952524226, 308.8254623921660595 ) ) ;
#4458 = CARTESIAN_POINT ( 'NONE',  ( -116.9513620102549396, 14.00641019046366686, 300.9555076669470282 ) ) ;
#4459 = DIRECTION ( 'NONE',  ( 0.000000000000000000, 0.000000000000000000, -1.000000000000000000 ) ) ;
#4460 = CYLINDRICAL_SURFACE ( 'NONE', #8733, 0.6499999999999839240 ) ;
#4461 = DIRECTION ( 'NONE',  ( 1.000000000000000000, 0.000000000000000000, 0.000000000000000000 ) ) ;
#4462 = DIRECTION ( 'NONE',  ( -0.2198320545831759232, 3.050782606861198355E-15, -0.9755377326263395821 ) ) ;
#4463 = CARTESIAN_POINT ( 'NONE',  ( -146.0000000004224603, 138.9999999999999432, 291567.4688076514285 ) ) ;
#4464 = EDGE_CURVE ( 'NONE', #5887, #1124, #7752, .T. ) ;
#4465 = CARTESIAN_POINT ( 'NONE',  ( -1.140530837077990836E-13, 13.99999999999995737, 355.1999999999999318 ) ) ;
#4466 = VERTEX_POINT ( 'NONE', #4613 ) ;
#4467 = CARTESIAN_POINT ( 'NONE',  ( -88.20662123452687808, 140.9942077594241141, 329.6084769048019325 ) ) ;
#4468 = ORIENTED_EDGE ( 'NONE', *, *, #2136, .T. ) ;
#4469 = CARTESIAN_POINT ( 'NONE',  ( 128.7756331511384644, 89.45231274614788219, 278.8471292942441551 ) ) ;
#4470 = FACE_OUTER_BOUND ( 'NONE', #564, .T. ) ;
#4471 = ORIENTED_EDGE ( 'NONE', *, *, #1524, .T. ) ;
#4472 = CARTESIAN_POINT ( 'NONE',  ( -91.01468838058721644, 13.99999999999995737, 336.6213518866592267 ) ) ;
#4473 = EDGE_CURVE ( 'NONE', #9151, #4424, #4374, .T. ) ;
#4474 = VERTEX_POINT ( 'NONE', #9141 ) ;
#4475 = CARTESIAN_POINT ( 'NONE',  ( 146.0000000012751116, 138.9999999999999432, 291567.4688076491002 ) ) ;
#4476 = CARTESIAN_POINT ( 'NONE',  ( 77.89766776877814891, 37.08850102501771318, 334.4998224840091439 ) ) ;
#4477 = DIRECTION ( 'NONE',  ( -0.000000000000000000, -1.000000000000000000, -0.000000000000000000 ) ) ;
#4478 = FACE_OUTER_BOUND ( 'NONE', #8208, .T. ) ;
#4479 = ORIENTED_EDGE ( 'NONE', *, *, #7104, .F. ) ;
#4480 = ADVANCED_FACE ( 'NONE', ( #630 ), #5305, .T. ) ;
#4481 = VERTEX_POINT ( 'NONE', #9970 ) ;
#4482 = ADVANCED_FACE ( 'NONE', ( #9817 ), #5357, .T. ) ;
#4483 = CARTESIAN_POINT ( 'NONE',  ( -22.47938186068944333, 14.86719030145958520, 355.6004344311303385 ) ) ;
#4484 = FACE_OUTER_BOUND ( 'NONE', #3253, .T. ) ;
#4485 = ORIENTED_EDGE ( 'NONE', *, *, #7586, .T. ) ;
#4486 = DIRECTION ( 'NONE',  ( -1.000000000000000000, 0.000000000000000000, 0.000000000000000000 ) ) ;
#4487 = VERTEX_POINT ( 'NONE', #3035 ) ;
#4488 = CARTESIAN_POINT ( 'NONE',  ( -139.4492103903031364, 51.28726902928342923, 251.9376421973494757 ) ) ;
#4489 = CARTESIAN_POINT ( 'NONE',  ( 147.9999999999983800, 92.76320896812782735, 243.2465577364812077 ) ) ;
#4490 = FACE_OUTER_BOUND ( 'NONE', #314, .T. ) ;
#4491 = EDGE_CURVE ( 'NONE', #4664, #5192, #4109, .T. ) ;
#4492 = CARTESIAN_POINT ( 'NONE',  ( 113.3309244610450293, 140.9265730386161692, 304.9514098024044984 ) ) ;
#4493 = CARTESIAN_POINT ( 'NONE',  ( -121.0044252407073628, 13.99999999999995737, 302.7155414761107295 ) ) ;
#4494 = FACE_OUTER_BOUND ( 'NONE', #7984, .T. ) ;
#4495 = CARTESIAN_POINT ( 'NONE',  ( 135.7991361631846985, 58.88124838118881144, 263.0291279604845727 ) ) ;
#4496 = CARTESIAN_POINT ( 'NONE',  ( -9.839436160638728168, 15.99999999999995914, 356.8726170951183008 ) ) ;
#4497 = ORIENTED_EDGE ( 'NONE', *, *, #7554, .T. ) ;
#4498 = CARTESIAN_POINT ( 'NONE',  ( -115.3020163895064343, 140.9999999999999716, 308.1255099155555399 ) ) ;
#4499 = ORIENTED_EDGE ( 'NONE', *, *, #2993, .T. ) ;
#4500 = CARTESIAN_POINT ( 'NONE',  ( -79.62381154066164868, 20.84800588856181847, 346.8107741839582445 ) ) ;
#4501 = CARTESIAN_POINT ( 'NONE',  ( 33.78921431426547883, 13.99836774519019933, 355.1647836804415306 ) ) ;
#4502 = LINE ( 'NONE', #6012, #5668 ) ;
#4503 = CARTESIAN_POINT ( 'NONE',  ( -116.0599250460710579, 14.16308254592886406, 301.1221079371243832 ) ) ;
#4504 = EDGE_CURVE ( 'NONE', #4929, #3806, #8882, .T. ) ;
#4505 = ADVANCED_FACE ( 'NONE', ( #3291 ), #7782, .F. ) ;
#4506 = CARTESIAN_POINT ( 'NONE',  ( -113.6972130102973324, 140.8600817393101181, 304.2119000890847360 ) ) ;
#4507 = DIRECTION ( 'NONE',  ( 0.000000000000000000, 0.000000000000000000, -1.000000000000000000 ) ) ;
#4508 = CARTESIAN_POINT ( 'NONE',  ( 33.62776714840921954, 14.81811705778738819, 353.6100418503813216 ) ) ;
#4509 = CARTESIAN_POINT ( 'NONE',  ( 86.12827063230193403, 13.99999999999995737, 331.8091708579985379 ) ) ;
#4510 = CARTESIAN_POINT ( 'NONE',  ( -143.4040466960718732, 138.9999999999999432, 242.5153120237268922 ) ) ;
#4511 = VERTEX_POINT ( 'NONE', #2488 ) ;
#4512 = CARTESIAN_POINT ( 'NONE',  ( 28.47413207041850569, 13.48535777873669339, 356.5828042550625128 ) ) ;
#4513 = CARTESIAN_POINT ( 'NONE',  ( 79.16197407368278505, 39.36731644863368018, 343.5930212914861954 ) ) ;
#4514 = VECTOR ( 'NONE', #5909, 1000.000000000000000 ) ;
#4515 = EDGE_CURVE ( 'NONE', #2618, #4760, #8386, .T. ) ;
#4516 = EDGE_CURVE ( 'NONE', #4591, #3062, #1488, .T. ) ;
#4517 = CARTESIAN_POINT ( 'NONE',  ( 73.79777422716641411, 16.41186816112076130, 358.2237816499952601 ) ) ;
#4518 = CARTESIAN_POINT ( 'NONE',  ( -79.99999999996916245, 40.99999999999995737, 342.5533658944219724 ) ) ;
#4519 = ORIENTED_EDGE ( 'NONE', *, *, #2712, .F. ) ;
#4520 = CARTESIAN_POINT ( 'NONE',  ( 77.26689023736271622, 5.499999999999952927, 359.2000000000001023 ) ) ;
#4521 = CIRCLE ( 'NONE', #4046, 0.6499999999999839240 ) ;
#4522 = VERTEX_POINT ( 'NONE', #9437 ) ;
#4523 = CARTESIAN_POINT ( 'NONE',  ( 1.009719629430382282E-25, 13.99999999999995737, 212.1999999999999602 ) ) ;
#4524 = CARTESIAN_POINT ( 'NONE',  ( 79.92405063288096301, 13.99999999999995737, 343.8364164296212380 ) ) ;
#4525 = CARTESIAN_POINT ( 'NONE',  ( -142.3264788883060419, 86.33745400751328702, 276.0689044045047922 ) ) ;
#4526 = CARTESIAN_POINT ( 'NONE',  ( -93.35076012443974491, 140.9938369952546680, 334.8783676550358450 ) ) ;
#4527 = ORIENTED_EDGE ( 'NONE', *, *, #9409, .T. ) ;
#4528 = EDGE_CURVE ( 'NONE', #3276, #5092, #7034, .T. ) ;
#4529 = AXIS2_PLACEMENT_3D ( 'NONE', #9005, #3570, #1351 ) ;
#4530 = ORIENTED_EDGE ( 'NONE', *, *, #6648, .T. ) ;
#4531 = CARTESIAN_POINT ( 'NONE',  ( -67.73734684891431357, 31.58011199623648935, 353.3401815404971558 ) ) ;
#4532 = CARTESIAN_POINT ( 'NONE',  ( 62.02566209874827763, 38.99999999999995737, 355.0560789100882744 ) ) ;
#4533 = PLANE ( 'NONE',  #5056 ) ;
#4534 = ORIENTED_EDGE ( 'NONE', *, *, #5325, .T. ) ;
#4535 = AXIS2_PLACEMENT_3D ( 'NONE', #577, #2220, #3794 ) ;
#4536 = CARTESIAN_POINT ( 'NONE',  ( 2.812263215040144093, 15.99999999999995914, 357.1795522108644718 ) ) ;
#4537 = AXIS2_PLACEMENT_3D ( 'NONE', #3460, #7395, #5821 ) ;
#4538 = ORIENTED_EDGE ( 'NONE', *, *, #2052, .F. ) ;
#4539 = CARTESIAN_POINT ( 'NONE',  ( -142.4713823854986856, 94.43102772531247524, 246.6119351201432437 ) ) ;
#4540 = CARTESIAN_POINT ( 'NONE',  ( -33.96005550223605951, 13.98126946408768134, 355.4861680395182475 ) ) ;
#4541 = CARTESIAN_POINT ( 'NONE',  ( -1.665334536937734811E-13, 11.99999999999995914, 357.1999999999999886 ) ) ;
#4542 = CARTESIAN_POINT ( 'NONE',  ( 111.7844301505943889, 6.790919744893550991, 384.4189410606533102 ) ) ;
#4543 = CARTESIAN_POINT ( 'NONE',  ( -74.24937367962364476, 16.78488470070701055, 357.3172983637173274 ) ) ;
#4544 =( BOUNDED_SURFACE ( )  B_SPLINE_SURFACE ( 3, 2, ( 
 ( #5399, #7622, #25 ),
 ( #8471, #9323, #5446 ),
 ( #2381, #2426, #3026 ),
 ( #124, #6105, #6872 ),
 ( #9133, #1532, #5347 ),
 ( #3075, #5492, #9963 ),
 ( #8515, #6826, #2225 ),
 ( #8565, #4551, #4500 ),
 ( #6920, #9911, #1581 ),
 ( #5298, #4605, #6259 ) ),
 .UNSPECIFIED., .F., .F., .T. ) 
 B_SPLINE_SURFACE_WITH_KNOTS ( ( 4, 2, 2, 2, 4 ),
 ( 3, 3 ),
 ( 0.003297437552898355856, 0.004273345348101515936, 0.005249253143304676017, 0.006225160938507836098, 0.007201068733710995311 ),
 ( 0.000000000000000000, 1.000000000000000000 ),
 .UNSPECIFIED. ) 
 GEOMETRIC_REPRESENTATION_ITEM ( )  RATIONAL_B_SPLINE_SURFACE ( (
 ( 1.000000000000000000, 0.8714893406611325943, 1.000000000000000000),
 ( 1.000000000000000000, 0.8814579305414635968, 1.000000000000000000),
 ( 1.000000000000000000, 0.8908795919497974891, 1.000000000000000000),
 ( 1.000000000000000000, 0.9085594677835638899, 1.000000000000000000),
 ( 1.000000000000000000, 0.9168252258476802252, 1.000000000000000000),
 ( 1.000000000000000000, 0.9319558045248382827, 1.000000000000000000),
 ( 1.000000000000000000, 0.9386335431862360412, 1.000000000000000000),
 ( 1.000000000000000000, 0.9494588277560251921, 1.000000000000000000),
 ( 1.000000000000000000, 0.9534472345811085825, 1.000000000000000000),
 ( 1.000000000000000000, 0.9554575328215387797, 1.000000000000000000) ) ) 
 REPRESENTATION_ITEM ( '' )  SURFACE ( )  );
#4545 = EDGE_CURVE ( 'NONE', #2776, #2082, #6153, .T. ) ;
#4546 = AXIS2_PLACEMENT_3D ( 'NONE', #2435, #7689, #3807 ) ;
#4547 = CARTESIAN_POINT ( 'NONE',  ( 141.1321072152029785, 91.23326514900915640, 278.6660857230411352 ) ) ;
#4548 = LINE ( 'NONE', #7617, #4514 ) ;
#4549 = ORIENTED_EDGE ( 'NONE', *, *, #9461, .F. ) ;
#4550 = CARTESIAN_POINT ( 'NONE',  ( 59.17157287522110209, 3.499999999999938272, 387.1999999999999886 ) ) ;
#4551 = CARTESIAN_POINT ( 'NONE',  ( -79.77773433934966363, 21.18446066091620139, 346.2588884519749399 ) ) ;
#4552 = ADVANCED_FACE ( 'NONE', ( #7188 ), #1775, .T. ) ;
#4553 = LINE ( 'NONE', #6217, #4569 ) ;
#4554 = AXIS2_PLACEMENT_3D ( 'NONE', #8991, #5961, #7531 ) ;
#4555 = CARTESIAN_POINT ( 'NONE',  ( 120.2235027540966428, 140.9830679688279247, 308.9102376518324604 ) ) ;
#4556 = CIRCLE ( 'NONE', #5839, 2.000000000000001776 ) ;
#4557 = CARTESIAN_POINT ( 'NONE',  ( -89.99501502683136778, 140.9936335898025277, 328.2007737032246837 ) ) ;
#4558 = FACE_BOUND ( 'NONE', #9628, .T. ) ;
#4559 = CIRCLE ( 'NONE', #5682, 156.0000000000000000 ) ;
#4560 = CARTESIAN_POINT ( 'NONE',  ( -143.4040466960718732, 138.9999999999999432, 244.5153120237268922 ) ) ;
#4561 = DIRECTION ( 'NONE',  ( 1.000000000000000000, 0.000000000000000000, -0.000000000000000000 ) ) ;
#4562 = DIRECTION ( 'NONE',  ( -0.5423039920575080108, 0.8401823493733311388, -4.132321798414286669E-16 ) ) ;
#4563 = CARTESIAN_POINT ( 'NONE',  ( 79.96325165315836614, 20.70946092175946518, 346.1489331291799658 ) ) ;
#4564 = ORIENTED_EDGE ( 'NONE', *, *, #1013, .F. ) ;
#4565 = DIRECTION ( 'NONE',  ( 0.000000000000000000, -1.000000000000000000, 0.000000000000000000 ) ) ;
#4566 = ORIENTED_EDGE ( 'NONE', *, *, #9955, .T. ) ;
#4567 = CARTESIAN_POINT ( 'NONE',  ( 3.944369965868381289, 14.05433426908650851, 357.1686120586392690 ) ) ;
#4568 = CARTESIAN_POINT ( 'NONE',  ( -88.98531161943931522, 13.99999999999995737, 329.0274823074498727 ) ) ;
#4569 = VECTOR ( 'NONE', #7623, 1000.000000000000000 ) ;
#4570 = CARTESIAN_POINT ( 'NONE',  ( 72.18940881071053184, 13.54594886949239196, 356.4709399402776739 ) ) ;
#4571 = AXIS2_PLACEMENT_3D ( 'NONE', #8825, #7818, #2526 ) ;
#4572 = CARTESIAN_POINT ( 'NONE',  ( -119.7134399979684929, 13.99999999999995737, 309.3357586946546576 ) ) ;
#4573 = EDGE_LOOP ( 'NONE', ( #8658, #3428, #2344, #3672 ) ) ;
#4574 = DIRECTION ( 'NONE',  ( 8.326672684688665975E-12, 0.000000000000000000, -1.000000000000000000 ) ) ;
#4575 = AXIS2_PLACEMENT_3D ( 'NONE', #3152, #6339, #6241 ) ;
#4576 = ORIENTED_EDGE ( 'NONE', *, *, #9093, .T. ) ;
#4577 = LINE ( 'NONE', #7000, #4248 ) ;
#4578 = EDGE_CURVE ( 'NONE', #6996, #2251, #7912, .T. ) ;
#4579 = CARTESIAN_POINT ( 'NONE',  ( 80.64757528922177698, 39.60703385997381787, 332.7030585202232373 ) ) ;
#4580 = CARTESIAN_POINT ( 'NONE',  ( -34.00727154922265782, 13.18187374699750158, 356.8465533777486485 ) ) ;
#4581 = AXIS2_PLACEMENT_3D ( 'NONE', #7372, #3333, #8012 ) ;
#4582 = VECTOR ( 'NONE', #3541, 1000.000000000000000 ) ;
#4583 = AXIS2_PLACEMENT_3D ( 'NONE', #6200, #9265, #107 ) ;
#4584 = ORIENTED_EDGE ( 'NONE', *, *, #7207, .T. ) ;
#4585 = CARTESIAN_POINT ( 'NONE',  ( 1.009719629430382282E-25, 140.9999999999999716, 212.1999999999999602 ) ) ;
#4586 = DIRECTION ( 'NONE',  ( 0.000000000000000000, 1.000000000000000000, 0.000000000000000000 ) ) ;
#4587 = DIRECTION ( 'NONE',  ( -0.000000000000000000, 1.000000000000000000, -0.000000000000000000 ) ) ;
#4588 = ORIENTED_EDGE ( 'NONE', *, *, #4237, .T. ) ;
#4589 = EDGE_CURVE ( 'NONE', #2955, #7636, #5988, .T. ) ;
#4590 = CARTESIAN_POINT ( 'NONE',  ( -93.35076012443974491, 14.00616300474525744, 334.8783676550358450 ) ) ;
#4591 = VERTEX_POINT ( 'NONE', #6731 ) ;
#4592 = CARTESIAN_POINT ( 'NONE',  ( -143.0625008803262119, 96.06302443130128665, 245.0399396526181590 ) ) ;
#4593 = CARTESIAN_POINT ( 'NONE',  ( -31.56416791301865743, 13.62795136012543296, 356.3605827242949999 ) ) ;
#4594 = DIRECTION ( 'NONE',  ( -2.775557561562888827E-14, 0.000000000000000000, 1.000000000000000000 ) ) ;
#4595 = CARTESIAN_POINT ( 'NONE',  ( 76.14634019277029608, 13.98474981624169899, 357.1999999999999318 ) ) ;
#4596 = VECTOR ( 'NONE', #2534, 1000.000000000000000 ) ;
#4597 = CARTESIAN_POINT ( 'NONE',  ( 142.0249231730878989, 93.36848942498838255, 276.7366567175014325 ) ) ;
#4598 = VERTEX_POINT ( 'NONE', #7387 ) ;
#4599 = CARTESIAN_POINT ( 'NONE',  ( 122.5750880969538201, 13.99999999999995737, 305.4273982154603004 ) ) ;
#4600 = CARTESIAN_POINT ( 'NONE',  ( -1.634976541268320878E-13, 12.59513744369301946, 357.1939106405137636 ) ) ;
#4601 = VERTEX_POINT ( 'NONE', #9654 ) ;
#4602 = CARTESIAN_POINT ( 'NONE',  ( -117401.6891479317856, 140.9999999999999716, -87190.93696051629377 ) ) ;
#4603 = ADVANCED_FACE ( 'NONE', ( #480 ), #5812, .F. ) ;
#4604 = ORIENTED_EDGE ( 'NONE', *, *, #4373, .F. ) ;
#4605 = CARTESIAN_POINT ( 'NONE',  ( -79.49347224445040183, 21.54700387725723587, 346.4271193169874437 ) ) ;
#4606 = CARTESIAN_POINT ( 'NONE',  ( 33.66408990811154922, 14.58577828736143900, 353.8402225233362515 ) ) ;
#4607 = CARTESIAN_POINT ( 'NONE',  ( -62.31784129964037078, 37.62452711708085218, 355.4097780280002326 ) ) ;
#4608 = DIRECTION ( 'NONE',  ( 0.000000000000000000, 0.000000000000000000, 1.000000000000000000 ) ) ;
#4609 = VECTOR ( 'NONE', #2369, 1000.000000000000000 ) ;
#4610 = DIRECTION ( 'NONE',  ( -0.000000000000000000, 1.000000000000000000, 0.000000000000000000 ) ) ;
#4611 = CARTESIAN_POINT ( 'NONE',  ( -113.6980222182392311, 14.13976709548127175, 304.2114916580497948 ) ) ;
#4612 = DIRECTION ( 'NONE',  ( 1.000000000000000000, 0.000000000000000000, 0.000000000000000000 ) ) ;
#4613 = CARTESIAN_POINT ( 'NONE',  ( -1.665334536937734811E-13, 11.99999999999995914, 357.1999999999999886 ) ) ;
#4614 = FACE_OUTER_BOUND ( 'NONE', #6591, .T. ) ;
#4615 = ADVANCED_FACE ( 'NONE', ( #8226 ), #385, .F. ) ;
#4616 = CARTESIAN_POINT ( 'NONE',  ( 33.59538806883415418, 15.99999999999995914, 353.2544217687074593 ) ) ;
#4617 = ORIENTED_EDGE ( 'NONE', *, *, #8583, .T. ) ;
#4618 = CARTESIAN_POINT ( 'NONE',  ( 77.99999999996879296, 36.99999999999995026, 336.7993579437905396 ) ) ;
#4619 = ORIENTED_EDGE ( 'NONE', *, *, #1458, .T. ) ;
#4620 = DIRECTION ( 'NONE',  ( -0.9540844266321774070, 0.2287852459140187755, -0.1933396444343767062 ) ) ;
#4621 = ORIENTED_EDGE ( 'NONE', *, *, #8458, .T. ) ;
#4622 = CARTESIAN_POINT ( 'NONE',  ( 76.88216491924416118, 13.04201746931984829, 357.0332943232415914 ) ) ;
#4623 = CIRCLE ( 'NONE', #3979, 0.6499999999917127624 ) ;
#4624 = CARTESIAN_POINT ( 'NONE',  ( 120.7638024623814772, 140.9999999999999716, 302.1117197486524333 ) ) ;
#4625 = ORIENTED_EDGE ( 'NONE', *, *, #9137, .T. ) ;
#4626 = CARTESIAN_POINT ( 'NONE',  ( -90.49371913728549544, 13.99999999999995737, 337.0100562055619093 ) ) ;
#4627 = ORIENTED_EDGE ( 'NONE', *, *, #3893, .T. ) ;
#4628 = PLANE ( 'NONE',  #7152 ) ;
#4629 = CARTESIAN_POINT ( 'NONE',  ( -147.9999999999968736, 15.99999999999995914, 244.5153120237364419 ) ) ;
#4630 = AXIS2_PLACEMENT_3D ( 'NONE', #6315, #4656, #7776 ) ;
#4631 = CARTESIAN_POINT ( 'NONE',  ( -1.522939453766362151E-13, 14.00530734089621987, 357.1965594745366843 ) ) ;
#4632 = EDGE_LOOP ( 'NONE', ( #2671, #4074, #615, #5032 ) ) ;
#4633 = EDGE_CURVE ( 'NONE', #9940, #7546, #8891, .T. ) ;
#4634 = ORIENTED_EDGE ( 'NONE', *, *, #1013, .T. ) ;
#4635 = CARTESIAN_POINT ( 'NONE',  ( 129.2670112159734686, 87.42864035636682729, 277.8892623731803155 ) ) ;
#4636 = CARTESIAN_POINT ( 'NONE',  ( -80.73657659967446421, 39.87949779053521837, 332.6433900298737285 ) ) ;
#4637 = ORIENTED_EDGE ( 'NONE', *, *, #4704, .T. ) ;
#4638 = CARTESIAN_POINT ( 'NONE',  ( -93.41254368038612199, 14.01429223177630057, 334.9611743819417029 ) ) ;
#4639 = ORIENTED_EDGE ( 'NONE', *, *, #2332, .T. ) ;
#4640 = CARTESIAN_POINT ( 'NONE',  ( 141.3545030455683502, 89.20911480940979743, 244.5191303149497912 ) ) ;
#4641 = CARTESIAN_POINT ( 'NONE',  ( -138.9166369349852630, 50.32083298329039422, 253.7598069509041636 ) ) ;
#4642 = CARTESIAN_POINT ( 'NONE',  ( -31.33249761427128632, 13.52610412179450528, 356.4939407563974214 ) ) ;
#4643 = DIRECTION ( 'NONE',  ( 0.000000000000000000, 0.000000000000000000, -1.000000000000000000 ) ) ;
#4644 = EDGE_CURVE ( 'NONE', #964, #8801, #364, .T. ) ;
#4645 = CARTESIAN_POINT ( 'NONE',  ( 141.4174035719541962, 92.32505363585985947, 278.0569859442991287 ) ) ;
#4646 = CARTESIAN_POINT ( 'NONE',  ( 142.7505802543075220, 90.08903953786175123, 245.8838191033296425 ) ) ;
#4647 = ORIENTED_EDGE ( 'NONE', *, *, #3568, .F. ) ;
#4648 = LINE ( 'NONE', #7765, #3914 ) ;
#4649 = CARTESIAN_POINT ( 'NONE',  ( 9.901195723501263757, 13.74418857121221471, 357.0423843911065660 ) ) ;
#4650 = CARTESIAN_POINT ( 'NONE',  ( -148.0000000000245564, 15.99999999999995914, 242.5153120237268922 ) ) ;
#4651 = ORIENTED_EDGE ( 'NONE', *, *, #117, .F. ) ;
#4652 = DIRECTION ( 'NONE',  ( -0.000000000000000000, 1.000000000000000000, -0.000000000000000000 ) ) ;
#4653 = VERTEX_POINT ( 'NONE', #1935 ) ;
#4654 = LINE ( 'NONE', #3948, #3147 ) ;
#4655 = CARTESIAN_POINT ( 'NONE',  ( -61.04731084822122966, 38.99999999999995737, 353.9799139595575639 ) ) ;
#4656 = DIRECTION ( 'NONE',  ( -0.000000000000000000, 1.000000000000000000, -0.000000000000000000 ) ) ;
#4657 = EDGE_CURVE ( 'NONE', #2105, #6796, #5340, .T. ) ;
#4658 = CARTESIAN_POINT ( 'NONE',  ( 78.57321016831764382, 37.35101966646074345, 334.0660057711854733 ) ) ;
#4659 = CARTESIAN_POINT ( 'NONE',  ( -113.6848775212756379, 13.99999999999995737, 305.3919987068232444 ) ) ;
#4660 = CYLINDRICAL_SURFACE ( 'NONE', #8363, 2.000000000000012434 ) ;
#4661 = DIRECTION ( 'NONE',  ( -0.000000000000000000, 1.000000000000000000, 0.000000000000000000 ) ) ;
#4662 = CARTESIAN_POINT ( 'NONE',  ( 79.62554243411068455, 20.84422680953114337, 346.8106384687282571 ) ) ;
#4663 = DIRECTION ( 'NONE',  ( 0.000000000000000000, -2.775557561562888827E-14, 1.000000000000000000 ) ) ;
#4664 = VERTEX_POINT ( 'NONE', #5869 ) ;
#4665 = CARTESIAN_POINT ( 'NONE',  ( 142.7557802344262825, 90.07561331112086123, 245.8700150538229252 ) ) ;
#4666 = DIRECTION ( 'NONE',  ( -1.000000000000000000, 0.000000000000000000, -8.947009472043195012E-15 ) ) ;
#4667 = LINE ( 'NONE', #1639, #3767 ) ;
#4668 = ADVANCED_FACE ( 'NONE', ( #1188 ), #9923, .T. ) ;
#4669 = CARTESIAN_POINT ( 'NONE',  ( 86.12827063230193403, 140.9999999999999716, 331.8091708579985379 ) ) ;
#4670 = CARTESIAN_POINT ( 'NONE',  ( 119.7134399979684929, 13.99999999999995737, 309.3357586946546576 ) ) ;
#4671 = VERTEX_POINT ( 'NONE', #9944 ) ;
#4672 = CARTESIAN_POINT ( 'NONE',  ( -74.95895186864990478, 16.91281810557945775, 356.2801680916022633 ) ) ;
#4673 = B_SPLINE_CURVE_WITH_KNOTS ( 'NONE', 3,
 ( #4190, #9592, #1018, #7176, #1924, #4998, #6411, #5797, #3491, #1823 ),
 .UNSPECIFIED., .F., .F.,
 ( 4, 2, 2, 2, 4 ),
 ( 0.000000000000000000, 0.001404820674438368635, 0.002107231011657554470, 0.002458436180267153676, 0.002809641348876752882 ),
 .UNSPECIFIED. ) ;
#4674 = ORIENTED_EDGE ( 'NONE', *, *, #8796, .T. ) ;
#4675 = CARTESIAN_POINT ( 'NONE',  ( -77.99999999996911981, 38.99999999999995737, 336.7993579437904259 ) ) ;
#4676 = FACE_OUTER_BOUND ( 'NONE', #2727, .T. ) ;
#4677 = AXIS2_PLACEMENT_3D ( 'NONE', #3751, #9044, #3034 ) ;
#4678 = EDGE_CURVE ( 'NONE', #7656, #4474, #611, .T. ) ;
#4679 = CARTESIAN_POINT ( 'NONE',  ( 73.07140106646667732, 11.99999999999995737, 357.2000000000000455 ) ) ;
#4680 = CARTESIAN_POINT ( 'NONE',  ( -73.80974529385972005, 14.20168074134247860, 360.0758725090084909 ) ) ;
#4681 = VERTEX_POINT ( 'NONE', #9017 ) ;
#4682 = B_SPLINE_SURFACE_WITH_KNOTS ( 'NONE', 3, 3, ( 
 ( #3857, #5415, #6935, #6885, #9925, #9146, #2991, #38, #3092, #3189, #8484, #6273, #829, #888 ),
 ( #5310, #3910, #90, #3142, #1637, #1443, #9295, #2238, #2395, #4717, #9335, #4512, #2439, #8379 ),
 ( #1493, #4567, #7583, #7641, #683, #4158, #7242, #7286, #9443, #1895, #6375, #4014, #5612, #5508 ),
 ( #4968, #242, #6326, #6480, #1093, #3350, #3296, #7088, #8026, #2493, #188, #5562, #9389, #8738 ),
 ( #3240, #978, #2545, #7141, #8684, #2595, #4113, #3453, #1845, #1787, #2651, #4862, #8581, #7978 ),
 ( #9492, #8632, #9552, #1739, #7831, #1139, #6426, #4916, #7923, #933, #5663, #334, #1037, #7192 ),
 ( #7872, #4206, #3399, #4061, #5720, #288, #4808, #8791, #387, #6529, #9605, #1691, #4764, #1285 ),
 ( #5013, #8227, #1992, #8132, #5814, #8178, #4408, #3607, #7530, #3655, #9705, #1334, #624, #1237 ),
 ( #8277, #4314, #5066, #9756, #6732, #3696, #4359, #1386, #9811, #9656, #2130, #7490, #2083, #6776 ),
 ( #2840, #6685, #7389, #2885, #5766, #583, #1189, #8990, #2794, #5211, #8843, #9037, #3504, #5871 ),
 ( #6580, #482, #8074, #2743, #5960, #4456, #3551, #5917, #2699, #8893, #7433, #1937, #5159, #4263 ),
 ( #7338, #6630, #8946, #532, #2038, #435, #5113, #7772, #2274, #7725, #1627, #9236, #2382, #5348 ),
 ( #3132, #3799, #1534, #9281, #2180, #26, #3076, #5255, #3895, #1582, #871, #4501, #8424, #9180 ),
 ( #4606, #674, #8322, #5447, #1430, #6106, #3950, #7677, #9135, #3028, #768, #6011, #9091, #8365 ) ),
 .UNSPECIFIED., .F., .F., .F.,
 ( 4, 2, 2, 2, 2, 2, 4 ),
 ( 4, 2, 2, 2, 2, 2, 4 ),
 ( 0.000000000000000000, 0.1250000000000000000, 0.2500000000000000000, 0.3750000000000000000, 0.5000000000000000000, 0.7500000000000000000, 1.000000000000000000 ),
 ( 0.000000000000000000, 0.1250000000000000000, 0.2500000000000000000, 0.3750000000000000000, 0.5000000000000000000, 0.7500000000000000000, 1.000000000000000000 ),
 .UNSPECIFIED. ) ;
#4683 = AXIS2_PLACEMENT_3D ( 'NONE', #31, #2387, #8573 ) ;
#4684 = ORIENTED_EDGE ( 'NONE', *, *, #8700, .F. ) ;
#4685 = FACE_OUTER_BOUND ( 'NONE', #8405, .T. ) ;
#4686 = DIRECTION ( 'NONE',  ( 0.000000000000000000, 0.000000000000000000, -1.000000000000000000 ) ) ;
#4687 = CARTESIAN_POINT ( 'NONE',  ( -78.80734431008011143, 37.46805526564000388, 333.9146894388524629 ) ) ;
#4688 = ORIENTED_EDGE ( 'NONE', *, *, #4438, .F. ) ;
#4689 = LINE ( 'NONE', #7062, #7489 ) ;
#4690 = VERTEX_POINT ( 'NONE', #2112 ) ;
#4691 = CARTESIAN_POINT ( 'NONE',  ( -139.5541356325119580, 51.58163084592966641, 251.5670380716036902 ) ) ;
#4692 = CARTESIAN_POINT ( 'NONE',  ( -1.156482317316856942E-13, 38.99999999999977973, 357.1999999999999886 ) ) ;
#4693 = CARTESIAN_POINT ( 'NONE',  ( 73.64298161477483973, 14.71965299313274755, 359.8564853647093855 ) ) ;
#4694 = CIRCLE ( 'NONE', #6945, 0.6499999999999839240 ) ;
#4695 = CARTESIAN_POINT ( 'NONE',  ( 113.6848775212756379, 140.9999999999999716, 305.3919987068232444 ) ) ;
#4696 = ORIENTED_EDGE ( 'NONE', *, *, #1938, .F. ) ;
#4697 = CARTESIAN_POINT ( 'NONE',  ( 1.414529833966339023, 13.96462494741997773, 357.1965467634295237 ) ) ;
#4698 = ORIENTED_EDGE ( 'NONE', *, *, #4301, .F. ) ;
#4699 = VERTEX_POINT ( 'NONE', #2962 ) ;
#4700 = FACE_OUTER_BOUND ( 'NONE', #1910, .T. ) ;
#4701 = ADVANCED_FACE ( 'NONE', ( #6714 ), #3518, .T. ) ;
#4702 = DIRECTION ( 'NONE',  ( 0.000000000000000000, -1.000000000000000000, 0.000000000000000000 ) ) ;
#4703 = CARTESIAN_POINT ( 'NONE',  ( -63.11824040299826777, 37.31741060744718652, 354.8999269322986834 ) ) ;
#4704 = EDGE_CURVE ( 'NONE', #4760, #6537, #669, .T. ) ;
#4705 = CARTESIAN_POINT ( 'NONE',  ( -140.3837801606121900, 93.08733633763853277, 248.4959263253728921 ) ) ;
#4706 = TOROIDAL_SURFACE ( 'NONE', #363, 146.9999999999999716, 2.000000000000000000 ) ;
#4707 = AXIS2_PLACEMENT_3D ( 'NONE', #7432, #8176, #3654 ) ;
#4708 = CARTESIAN_POINT ( 'NONE',  ( 78.82848929240506664, 39.17550983271804910, 335.7469161956472021 ) ) ;
#4709 = CARTESIAN_POINT ( 'NONE',  ( -113.8385492846540643, 14.10702216121210562, 304.1640986442905046 ) ) ;
#4710 = CARTESIAN_POINT ( 'NONE',  ( -141.0473404397400259, 95.48793635534354962, 245.8477158540742096 ) ) ;
#4711 = VECTOR ( 'NONE', #2227, 1000.000000000000000 ) ;
#4712 = FACE_OUTER_BOUND ( 'NONE', #6932, .T. ) ;
#4713 = AXIS2_PLACEMENT_3D ( 'NONE', #7722, #3892, #3129 ) ;
#4714 = ORIENTED_EDGE ( 'NONE', *, *, #3835, .F. ) ;
#4715 = CARTESIAN_POINT ( 'NONE',  ( 119.7134399979682229, 140.9156275835665610, 309.9857586946546917 ) ) ;
#4716 = ORIENTED_EDGE ( 'NONE', *, *, #2009, .F. ) ;
#4717 = CARTESIAN_POINT ( 'NONE',  ( 20.15089521465305467, 13.58493515467349155, 356.7355019409919237 ) ) ;
#4718 = CARTESIAN_POINT ( 'NONE',  ( -120.7638024623814772, 13.99999999999995737, 302.1117197486524333 ) ) ;
#4719 = ADVANCED_FACE ( 'NONE', ( #3057 ), #1698, .T. ) ;
#4720 = CARTESIAN_POINT ( 'NONE',  ( 74.51429003134934703, 12.86839179229269270, 360.2801680916042528 ) ) ;
#4721 = CARTESIAN_POINT ( 'NONE',  ( 62.12338168795739080, 38.93962640653275997, 355.2967695220697806 ) ) ;
#4722 = AXIS2_PLACEMENT_3D ( 'NONE', #9228, #2420, #2326 ) ;
#4723 = CARTESIAN_POINT ( 'NONE',  ( -113.9824199850092725, 140.9246211041343884, 304.1640986442904477 ) ) ;
#4724 = ORIENTED_EDGE ( 'NONE', *, *, #7533, .T. ) ;
#4725 = CARTESIAN_POINT ( 'NONE',  ( 77.99999999996879296, 15.99999999999995914, 349.3669342390839461 ) ) ;
#4726 = EDGE_LOOP ( 'NONE', ( #1701, #2018, #3130 ) ) ;
#4727 = AXIS2_PLACEMENT_3D ( 'NONE', #2929, #3742, #9854 ) ;
#4728 = LINE ( 'NONE', #8595, #1827 ) ;
#4729 = EDGE_CURVE ( 'NONE', #6566, #2975, #5518, .T. ) ;
#4730 = CARTESIAN_POINT ( 'NONE',  ( 1.096848303419157178, 14.34813120131294539, 357.1967145599506921 ) ) ;
#4731 = CARTESIAN_POINT ( 'NONE',  ( -1.102402867995062374, 13.66231426846371377, 357.1965002782569059 ) ) ;
#4732 = CARTESIAN_POINT ( 'NONE',  ( -73.59552185075243358, 14.91742080442850060, 359.7514944862010680 ) ) ;
#4733 = ORIENTED_EDGE ( 'NONE', *, *, #7183, .F. ) ;
#4734 = AXIS2_PLACEMENT_3D ( 'NONE', #2212, #5284, #8502 ) ;
#4735 = CIRCLE ( 'NONE', #3108, 2.000000000000000000 ) ;
#4736 = EDGE_CURVE ( 'NONE', #6822, #4272, #3080, .T. ) ;
#4737 = ORIENTED_EDGE ( 'NONE', *, *, #4960, .F. ) ;
#4738 = CARTESIAN_POINT ( 'NONE',  ( 132.1884093775571785, 88.23595270335169971, 271.7922561054541575 ) ) ;
#4739 = CARTESIAN_POINT ( 'NONE',  ( -79.99999999996916245, 40.99999999999995737, 342.5533658944219724 ) ) ;
#4740 = ORIENTED_EDGE ( 'NONE', *, *, #232, .T. ) ;
#4741 = CARTESIAN_POINT ( 'NONE',  ( -33.59538806883445972, 15.99999999999995914, 353.2544217687074024 ) ) ;
#4742 = ORIENTED_EDGE ( 'NONE', *, *, #6077, .T. ) ;
#4743 = CARTESIAN_POINT ( 'NONE',  ( -33.68347715692270583, 14.47265117374578125, 353.9606352208007252 ) ) ;
#4744 = CARTESIAN_POINT ( 'NONE',  ( -148.0000000000245848, 57.00000000000000711, 256.1787997811547370 ) ) ;
#4745 = CIRCLE ( 'NONE', #3775, 2.000000000000006217 ) ;
#4746 = CARTESIAN_POINT ( 'NONE',  ( 81.99999999996877875, 140.9999999999999716, 334.2040982918406371 ) ) ;
#4747 = CARTESIAN_POINT ( 'NONE',  ( 141.2262337787215358, 91.69563827991355254, 278.4658519225710052 ) ) ;
#4748 = CARTESIAN_POINT ( 'NONE',  ( 136.2616317505327004, 61.39230312635704223, 261.7766740995967325 ) ) ;
#4749 = CARTESIAN_POINT ( 'NONE',  ( 1.009719629430382282E-25, 140.9999999999999716, 212.1999999999999602 ) ) ;
#4750 = VERTEX_POINT ( 'NONE', #4817 ) ;
#4751 = ORIENTED_EDGE ( 'NONE', *, *, #6620, .F. ) ;
#4752 = CARTESIAN_POINT ( 'NONE',  ( 137.5714627030930899, 50.12755476665167009, 258.0182283214709287 ) ) ;
#4753 = DIRECTION ( 'NONE',  ( 0.3627116120171917091, -0.8897700694735102278, 0.2770370191454479825 ) ) ;
#4754 = DIRECTION ( 'NONE',  ( -9.374445664178657460E-12, 0.000000000000000000, 1.000000000000000000 ) ) ;
#4755 = CARTESIAN_POINT ( 'NONE',  ( -140.9201146066824322, 88.25191898080861108, 246.3552528723095065 ) ) ;
#4756 = CARTESIAN_POINT ( 'NONE',  ( 80.73308128338160827, 39.86705034804128189, 332.6457337305631654 ) ) ;
#4757 = FACE_OUTER_BOUND ( 'NONE', #9061, .T. ) ;
#4758 = EDGE_CURVE ( 'NONE', #3783, #184, #3920, .T. ) ;
#4759 = DIRECTION ( 'NONE',  ( -3.378674827220644093E-16, 0.000000000000000000, -1.000000000000000000 ) ) ;
#4760 = VERTEX_POINT ( 'NONE', #9449 ) ;
#4761 = CARTESIAN_POINT ( 'NONE',  ( -147.9999999999969020, 52.31687742148481846, 261.1897948556726874 ) ) ;
#4762 = VERTEX_POINT ( 'NONE', #4072 ) ;
#4763 = CARTESIAN_POINT ( 'NONE',  ( -141.3068438894041776, 89.29223838634791832, 244.7288044613687248 ) ) ;
#4764 = CARTESIAN_POINT ( 'NONE',  ( 32.13158062462712650, 13.79974389592744188, 356.0705013248772275 ) ) ;
#4765 = DIRECTION ( 'NONE',  ( 0.000000000000000000, 0.000000000000000000, -1.000000000000000000 ) ) ;
#4766 = CYLINDRICAL_SURFACE ( 'NONE', #5058, 2.000000000000001776 ) ;
#4767 = DIRECTION ( 'NONE',  ( 0.000000000000000000, 0.000000000000000000, 1.000000000000000000 ) ) ;
#4768 = EDGE_CURVE ( 'NONE', #4126, #951, #7148, .T. ) ;
#4769 = AXIS2_PLACEMENT_3D ( 'NONE', #5425, #9064, #6192 ) ;
#4770 = CARTESIAN_POINT ( 'NONE',  ( -129.5435861767415417, 86.94072645484183681, 277.3422262871069393 ) ) ;
#4771 = ORIENTED_EDGE ( 'NONE', *, *, #7067, .T. ) ;
#4772 = CARTESIAN_POINT ( 'NONE',  ( 92.78089779401017267, 13.99999999999995737, 330.0472037877655680 ) ) ;
#4773 = DIRECTION ( 'NONE',  ( 1.000000000000000000, 0.000000000000000000, 0.000000000000000000 ) ) ;
#4774 = VERTEX_POINT ( 'NONE', #7932 ) ;
#4775 = DIRECTION ( 'NONE',  ( 0.8299598523254472227, -5.759003359788784157E-15, 0.5578231292514875816 ) ) ;
#4776 = CARTESIAN_POINT ( 'NONE',  ( -2.247291263265763117, 13.64134616210113116, 357.1939535059670447 ) ) ;
#4777 = EDGE_LOOP ( 'NONE', ( #1796, #2055, #7296, #5996 ) ) ;
#4778 = ADVANCED_FACE ( 'NONE', ( #5619 ), #3408, .F. ) ;
#4779 = ORIENTED_EDGE ( 'NONE', *, *, #1822, .T. ) ;
#4780 = CARTESIAN_POINT ( 'NONE',  ( -78.24732279860991468, 38.99999999999995737, 344.6949799529205052 ) ) ;
#4781 = B_SPLINE_CURVE_WITH_KNOTS ( 'NONE', 3,
 ( #3650, #2878, #3691, #1329, #716, #7567, #1380, #6821, #620, #9751, #6006, #6769, #8360, #9850, #8316, #2033, #1426, #667, #8172, #9908, #2974, #9130, #2221, #3795, #9959, #8941, #5106, #525, #1668, #7857, #1577, #8512, #9320, #2376 ),
 .UNSPECIFIED., .F., .F.,
 ( 4, 2, 2, 2, 2, 2, 2, 2, 2, 2, 2, 2, 2, 2, 2, 2, 4 ),
 ( 0.000000000000000000, 0.0009813870752597162253, 0.001962774150519432451, 0.002944161225779148676, 0.003925548301038864901, 0.004906935376298581127, 0.005888322451558297352, 0.006869709526818013577, 0.007851096602077729802, 0.008832483677337445160, 0.009813870752597162253, 0.01079525782785687935, 0.01177664490311659470, 0.01275803197837631006, 0.01373941905363602715, 0.01472080612889574425, 0.01570219320415545960 ),
 .UNSPECIFIED. ) ;
#4782 = AXIS2_PLACEMENT_3D ( 'NONE', #2624, #7310, #1262 ) ;
#4783 = CARTESIAN_POINT ( 'NONE',  ( -61.61575490294473667, 37.91281810557798337, 356.0033129380176433 ) ) ;
#4784 = ORIENTED_EDGE ( 'NONE', *, *, #6268, .T. ) ;
#4785 = CARTESIAN_POINT ( 'NONE',  ( 120.1205661178693447, 13.99999999999995737, 302.0181943237741393 ) ) ;
#4786 = ORIENTED_EDGE ( 'NONE', *, *, #9210, .T. ) ;
#4787 = DIRECTION ( 'NONE',  ( 0.000000000000000000, -1.000000000000000000, -0.000000000000000000 ) ) ;
#4788 = CARTESIAN_POINT ( 'NONE',  ( 86.12827063227955193, 14.11234496018294848, 330.5091708579985834 ) ) ;
#4789 = CYLINDRICAL_SURFACE ( 'NONE', #2942, 0.6499999999999839240 ) ;
#4790 = ADVANCED_FACE ( 'NONE', ( #9501 ), #7201, .F. ) ;
#4791 = CARTESIAN_POINT ( 'NONE',  ( 122.9325892324254568, 140.8285990263489680, 306.2994620065121580 ) ) ;
#4792 = CARTESIAN_POINT ( 'NONE',  ( 140.2317871479269797, 57.48088640800357041, 249.0787997811548564 ) ) ;
#4793 = CARTESIAN_POINT ( 'NONE',  ( 122.3240216452302036, 14.08025239193414890, 306.6769527474412484 ) ) ;
#4794 = CARTESIAN_POINT ( 'NONE',  ( 94.53318629060532885, 14.06564532556989278, 334.4340821784035711 ) ) ;
#4795 = VERTEX_POINT ( 'NONE', #7249 ) ;
#4796 = ORIENTED_EDGE ( 'NONE', *, *, #5790, .F. ) ;
#4797 = CARTESIAN_POINT ( 'NONE',  ( 136.0721785173975036, 53.38431603104579182, 262.2936785126768200 ) ) ;
#4798 = CARTESIAN_POINT ( 'NONE',  ( -67.76966001214435664, 32.08879839709241821, 352.8679995967041805 ) ) ;
#4799 = CARTESIAN_POINT ( 'NONE',  ( -62.04951331114876467, 38.99999999999995737, 353.2248550159951606 ) ) ;
#4800 = EDGE_CURVE ( 'NONE', #1612, #7373, #5673, .T. ) ;
#4801 = DIRECTION ( 'NONE',  ( -3.058543282223746462E-13, -1.000000000000000000, -4.244581467171748224E-27 ) ) ;
#4802 = CARTESIAN_POINT ( 'NONE',  ( 80.00000000143455736, 40.80350552849049706, 333.1385603145046161 ) ) ;
#4803 = CARTESIAN_POINT ( 'NONE',  ( 0.000000000000000000, 138.9999999999999432, 212.1999999999999602 ) ) ;
#4804 = DIRECTION ( 'NONE',  ( 0.000000000000000000, 0.000000000000000000, 1.000000000000000000 ) ) ;
#4805 = CARTESIAN_POINT ( 'NONE',  ( 147.4119637109168366, 56.21852705372415926, 263.2462284116457454 ) ) ;
#4806 = ORIENTED_EDGE ( 'NONE', *, *, #3204, .T. ) ;
#4807 = CARTESIAN_POINT ( 'NONE',  ( -27.42754941856220796, 14.18780268444388248, 355.4880180296078152 ) ) ;
#4808 = CARTESIAN_POINT ( 'NONE',  ( 17.25743945117924483, 14.05412705710166676, 356.5522271116161619 ) ) ;
#4809 = EDGE_CURVE ( 'NONE', #811, #5192, #2920, .T. ) ;
#4810 = LINE ( 'NONE', #8633, #2004 ) ;
#4811 = EDGE_CURVE ( 'NONE', #7150, #6537, #2660, .T. ) ;
#4812 = CARTESIAN_POINT ( 'NONE',  ( 79.99449120544959158, 37.08744917577519118, 346.1297660376073395 ) ) ;
#4813 = B_SPLINE_CURVE_WITH_KNOTS ( 'NONE', 3,
 ( #198, #3252, #3197, #3358, #9562, #251 ),
 .UNSPECIFIED., .F., .F.,
 ( 4, 2, 4 ),
 ( 0.001626161058546259086, 0.001932110140632415556, 0.002238059222718572026 ),
 .UNSPECIFIED. ) ;
#4814 = CARTESIAN_POINT ( 'NONE',  ( -130.0679322514897933, 86.40169202570947959, 276.2889456892135058 ) ) ;
#4815 = ORIENTED_EDGE ( 'NONE', *, *, #9406, .F. ) ;
#4816 = DIRECTION ( 'NONE',  ( -0.000000000000000000, -0.000000000000000000, -1.000000000000000000 ) ) ;
#4817 = CARTESIAN_POINT ( 'NONE',  ( -59.17157287522968545, 5.499999999999952927, 384.8913526958625084 ) ) ;
#4818 = ORIENTED_EDGE ( 'NONE', *, *, #9134, .T. ) ;
#4819 = CARTESIAN_POINT ( 'NONE',  ( -129.8471585452612374, 93.36914150409457136, 276.7350719850609266 ) ) ;
#4820 = CARTESIAN_POINT ( 'NONE',  ( 30.69402350413871616, 15.66664706233018833, 353.9620215384906032 ) ) ;
#4821 = CARTESIAN_POINT ( 'NONE',  ( -5.296757611846166114, 12.33438067771758995, 357.1999999999999886 ) ) ;
#4822 = EDGE_CURVE ( 'NONE', #9559, #811, #8236, .T. ) ;
#4823 = ORIENTED_EDGE ( 'NONE', *, *, #968, .F. ) ;
#4824 = ADVANCED_FACE ( 'NONE', ( #5879 ), #7344, .T. ) ;
#4825 = ORIENTED_EDGE ( 'NONE', *, *, #5875, .T. ) ;
#4826 = AXIS2_PLACEMENT_3D ( 'NONE', #786, #8441, #1554 ) ;
#4827 = CARTESIAN_POINT ( 'NONE',  ( -34.01611804082776302, 13.99999999999995737, 355.1999999999999318 ) ) ;
#4828 = EDGE_LOOP ( 'NONE', ( #3704, #111, #9834, #4786 ) ) ;
#4829 = CARTESIAN_POINT ( 'NONE',  ( 142.3201364069180954, 92.54916090857911115, 246.9964878329475084 ) ) ;
#4830 = ORIENTED_EDGE ( 'NONE', *, *, #8397, .F. ) ;
#4831 = CARTESIAN_POINT ( 'NONE',  ( -11.14133840808958098, 14.26269786764290792, 356.8802819086488398 ) ) ;
#4832 = ORIENTED_EDGE ( 'NONE', *, *, #9907, .T. ) ;
#4833 = CARTESIAN_POINT ( 'NONE',  ( -1.665334536937734811E-13, 11.99999999999995914, 357.1999999999999886 ) ) ;
#4834 = CARTESIAN_POINT ( 'NONE',  ( -79.99999999996914823, 40.85488244476054831, 334.2040982944504321 ) ) ;
#4835 = EDGE_CURVE ( 'NONE', #2309, #6190, #7527, .T. ) ;
#4836 = AXIS2_PLACEMENT_3D ( 'NONE', #5406, #3082, #8521 ) ;
#4837 = CARTESIAN_POINT ( 'NONE',  ( -94.36009741392562944, 14.17517727216420020, 334.9394720396536513 ) ) ;
#4838 = ORIENTED_EDGE ( 'NONE', *, *, #1095, .T. ) ;
#4839 = CARTESIAN_POINT ( 'NONE',  ( 139.1070976375258965, 63.42358861046977836, 253.1196000879241694 ) ) ;
#4840 = CARTESIAN_POINT ( 'NONE',  ( 14.15471276382510979, 13.64729485387364250, 356.9256883679080943 ) ) ;
#4841 = CARTESIAN_POINT ( 'NONE',  ( -89.89660670089850214, 13.99999999999995737, 336.7532357657367470 ) ) ;
#4842 = ORIENTED_EDGE ( 'NONE', *, *, #9200, .F. ) ;
#4843 = DIRECTION ( 'NONE',  ( 0.3701888898134161332, 0.000000000000000000, 0.9289565037496160249 ) ) ;
#4844 = ORIENTED_EDGE ( 'NONE', *, *, #6387, .F. ) ;
#4845 = DIRECTION ( 'NONE',  ( 1.000000000000000000, 0.000000000000000000, 0.000000000000000000 ) ) ;
#4846 = LINE ( 'NONE', #9012, #8426 ) ;
#4847 = DIRECTION ( 'NONE',  ( -0.000000000000000000, 1.000000000000000000, 0.000000000000000000 ) ) ;
#4848 = EDGE_CURVE ( 'NONE', #248, #6754, #9954, .T. ) ;
#4849 = FACE_OUTER_BOUND ( 'NONE', #1017, .T. ) ;
#4850 = DIRECTION ( 'NONE',  ( 0.000000000000000000, 0.000000000000000000, -1.000000000000000000 ) ) ;
#4851 = TOROIDAL_SURFACE ( 'NONE', #7115, 154.0000000000000000, 2.000000000000000000 ) ;
#4852 = CARTESIAN_POINT ( 'NONE',  ( 1.009719629430382282E-25, 13.99999999999995737, 212.1999999999999602 ) ) ;
#4853 = CARTESIAN_POINT ( 'NONE',  ( -2.584662421513625130, 15.66197845501935504, 357.1831029124805355 ) ) ;
#4854 = EDGE_CURVE ( 'NONE', #1745, #9372, #2445, .T. ) ;
#4855 = DIRECTION ( 'NONE',  ( -0.6069928224427785235, -1.997504101841834466E-11, 0.7947073131052398987 ) ) ;
#4856 = CARTESIAN_POINT ( 'NONE',  ( -142.7505802543116715, 95.43737839839610615, 245.8838191033269993 ) ) ;
#4857 = DIRECTION ( 'NONE',  ( 0.000000000000000000, 0.000000000000000000, 1.000000000000000000 ) ) ;
#4858 = CARTESIAN_POINT ( 'NONE',  ( -79.99999999992782307, -143481.1634047836124, 121614.5754453245318 ) ) ;
#4859 = ORIENTED_EDGE ( 'NONE', *, *, #5526, .F. ) ;
#4860 = CARTESIAN_POINT ( 'NONE',  ( -141.4482842500914899, 89.08428675585990675, 244.1026434263795295 ) ) ;
#4861 = CARTESIAN_POINT ( 'NONE',  ( -28.65538005216103556, 13.53812317282732103, 356.5218618684896796 ) ) ;
#4862 = CARTESIAN_POINT ( 'NONE',  ( 29.31826257784418743, 13.68089061905102355, 356.3226399152144381 ) ) ;
#4863 = AXIS2_PLACEMENT_3D ( 'NONE', #3451, #8840, #3236 ) ;
#4864 = LINE ( 'NONE', #1038, #3423 ) ;
#4865 = LINE ( 'NONE', #5722, #7169 ) ;
#4866 = VECTOR ( 'NONE', #4415, 1000.000000000000000 ) ;
#4867 = DIRECTION ( 'NONE',  ( 0.8622437752051960169, -0.000000000000000000, 0.5064935064933127062 ) ) ;
#4868 = VERTEX_POINT ( 'NONE', #2002 ) ;
#4869 = FACE_OUTER_BOUND ( 'NONE', #5532, .T. ) ;
#4870 = CARTESIAN_POINT ( 'NONE',  ( -114.9868182377848456, 140.9942077594312764, 303.5410647534546342 ) ) ;
#4871 = CARTESIAN_POINT ( 'NONE',  ( -113.9824199850091162, 13.99999999999995737, 304.8140986442904250 ) ) ;
#4872 = VERTEX_POINT ( 'NONE', #3662 ) ;
#4873 = DIRECTION ( 'NONE',  ( 0.000000000000000000, 0.000000000000000000, 1.000000000000000000 ) ) ;
#4874 = CARTESIAN_POINT ( 'NONE',  ( 1.029528765706337889, 14.62673342759348394, 357.1973307756698546 ) ) ;
#4875 = CARTESIAN_POINT ( 'NONE',  ( 80.00000000242077647, 41.02024718805578374, 346.1742927231380236 ) ) ;
#4876 = VERTEX_POINT ( 'NONE', #5075 ) ;
#4877 = AXIS2_PLACEMENT_3D ( 'NONE', #923, #3228, #6314 ) ;
#4878 = VECTOR ( 'NONE', #8950, 1000.000000000000000 ) ;
#4879 = EDGE_CURVE ( 'NONE', #1687, #9197, #1002, .T. ) ;
#4880 = EDGE_LOOP ( 'NONE', ( #5296, #8664, #4203, #4082 ) ) ;
#4881 = CARTESIAN_POINT ( 'NONE',  ( -116.6983162430042427, 140.9515454695014398, 300.8577315006494359 ) ) ;
#4882 = ADVANCED_FACE ( 'NONE', ( #9818 ), #5166, .T. ) ;
#4883 = VECTOR ( 'NONE', #2877, 1000.000000000000000 ) ;
#4884 = CARTESIAN_POINT ( 'NONE',  ( -78.22162805690496157, 38.99999999999997158, 344.7251668218239047 ) ) ;
#4885 = VERTEX_POINT ( 'NONE', #4975 ) ;
#4886 = CARTESIAN_POINT ( 'NONE',  ( 142.4332416162216646, 91.30861560959925782, 246.7094669646246814 ) ) ;
#4887 = EDGE_LOOP ( 'NONE', ( #1594, #1805, #7417, #7267 ) ) ;
#4888 = CARTESIAN_POINT ( 'NONE',  ( -14.99276930165381927, 14.42865724209715239, 356.5689605540158595 ) ) ;
#4889 = CARTESIAN_POINT ( 'NONE',  ( -145.9999999999968736, 92.76320896812782735, 243.2465577364812077 ) ) ;
#4890 = CIRCLE ( 'NONE', #1197, 3.749999999999975575 ) ;
#4891 = DIRECTION ( 'NONE',  ( 0.000000000000000000, 0.000000000000000000, -1.000000000000000000 ) ) ;
#4892 = AXIS2_PLACEMENT_3D ( 'NONE', #9374, #8721, #5600 ) ;
#4893 = AXIS2_PLACEMENT_3D ( 'NONE', #3935, #2411, #800 ) ;
#4894 = FACE_OUTER_BOUND ( 'NONE', #6091, .T. ) ;
#4895 = ORIENTED_EDGE ( 'NONE', *, *, #9799, .T. ) ;
#4896 = EDGE_CURVE ( 'NONE', #7738, #1332, #5822, .T. ) ;
#4897 = CARTESIAN_POINT ( 'NONE',  ( 145.9999999999982379, 140.9999999999999716, 212.1999999999993349 ) ) ;
#4898 = CARTESIAN_POINT ( 'NONE',  ( 9.933808713456878436, 11.99999999999995914, 357.1999999999999886 ) ) ;
#4899 = CARTESIAN_POINT ( 'NONE',  ( 94.14062209894026978, 14.17123779995111654, 335.0967532891002065 ) ) ;
#4900 = ORIENTED_EDGE ( 'NONE', *, *, #6183, .T. ) ;
#4901 = CIRCLE ( 'NONE', #875, 2.000000000000001776 ) ;
#4902 = FACE_OUTER_BOUND ( 'NONE', #4403, .T. ) ;
#4903 = EDGE_LOOP ( 'NONE', ( #4639, #8828, #1099, #6909 ) ) ;
#4904 = CYLINDRICAL_SURFACE ( 'NONE', #6545, 2.000000000000020428 ) ;
#4905 = CARTESIAN_POINT ( 'NONE',  ( 114.2686704099904205, 14.01570938957234524, 304.2119941530899609 ) ) ;
#4906 = FACE_OUTER_BOUND ( 'NONE', #1646, .T. ) ;
#4907 = DIRECTION ( 'NONE',  ( -1.000000000000000000, 0.000000000000000000, -7.975740119433571921E-16 ) ) ;
#4908 = AXIS2_PLACEMENT_3D ( 'NONE', #6297, #3880, #9165 ) ;
#4909 = CARTESIAN_POINT ( 'NONE',  ( 143.4040466960721574, 87.15493271257436447, 242.5153120237258406 ) ) ;
#4910 = CARTESIAN_POINT ( 'NONE',  ( -60.20154134057683137, 38.99999999999995737, 354.9231448464169603 ) ) ;
#4911 = ADVANCED_FACE ( 'NONE', ( #6691 ), #8006, .F. ) ;
#4912 = CARTESIAN_POINT ( 'NONE',  ( 141.2270648005879252, 88.24894113040572563, 278.4640831794985729 ) ) ;
#4913 = VERTEX_POINT ( 'NONE', #3904 ) ;
#4914 = CARTESIAN_POINT ( 'NONE',  ( -140.8067779914181585, 88.66928873966685387, 246.8195244487527020 ) ) ;
#4915 = CARTESIAN_POINT ( 'NONE',  ( -29.83978902646551390, 13.76249831589856498, 356.1788188537407791 ) ) ;
#4916 = CARTESIAN_POINT ( 'NONE',  ( 18.44107946721411295, 13.94443544757789688, 356.5415951455134973 ) ) ;
#4917 = DIRECTION ( 'NONE',  ( 1.000000000000000000, -0.000000000000000000, 7.975740119433571921E-16 ) ) ;
#4918 = CARTESIAN_POINT ( 'NONE',  ( -113.5536550829685467, 141.0000000000000000, 305.3244364237879722 ) ) ;
#4919 = ADVANCED_FACE ( 'NONE', ( #679 ), #3754, .T. ) ;
#4920 = CARTESIAN_POINT ( 'NONE',  ( -138.7175131229163867, 63.88248145011473156, 254.4197207114002879 ) ) ;
#4921 = ORIENTED_EDGE ( 'NONE', *, *, #9093, .F. ) ;
#4922 = LINE ( 'NONE', #7985, #3887 ) ;
#4923 = CARTESIAN_POINT ( 'NONE',  ( 81.99999999996877875, 138.9999999999999432, 334.2040982918406371 ) ) ;
#4924 = ORIENTED_EDGE ( 'NONE', *, *, #3658, .F. ) ;
#4925 = CARTESIAN_POINT ( 'NONE',  ( -132.3757698985333491, 90.23617659813469061, 271.3747880754170865 ) ) ;
#4926 = CARTESIAN_POINT ( 'NONE',  ( 8.199071907357025069, 14.78059806387793174, 357.0066895640686653 ) ) ;
#4927 = CARTESIAN_POINT ( 'NONE',  ( 79.07094964117236202, 39.29277842629300466, 343.7046752138501233 ) ) ;
#4928 = CARTESIAN_POINT ( 'NONE',  ( -119.2501418091628977, 13.99999999999995737, 309.8033799338948597 ) ) ;
#4929 = VERTEX_POINT ( 'NONE', #9142 ) ;
#4930 =( BOUNDED_SURFACE ( )  B_SPLINE_SURFACE ( 3, 2, ( 
 ( #9428, #9324, #1021 ),
 ( #5493, #4798, #8779 ),
 ( #1826, #322, #4147 ),
 ( #3386, #3335, #228 ) ),
 .UNSPECIFIED., .F., .F., .T. ) 
 B_SPLINE_SURFACE_WITH_KNOTS ( ( 4, 4 ),
 ( 3, 3 ),
 ( 5.774243019084395634, 5.901673767133914339 ),
 ( 0.000000000000000000, 1.000000000000000000 ),
 .UNSPECIFIED. ) 
 GEOMETRIC_REPRESENTATION_ITEM ( )  RATIONAL_B_SPLINE_SURFACE ( (
 ( 1.000000000000000000, 0.9426030289306152055, 1.000000000000000000),
 ( 1.000000000000000000, 0.9474873253289713970, 1.000000000000000000),
 ( 1.000000000000000000, 0.9517756172976064022, 1.000000000000000000),
 ( 1.000000000000000000, 0.9554575328230283660, 1.000000000000000000) ) ) 
 REPRESENTATION_ITEM ( '' )  SURFACE ( )  );
#4931 = EDGE_CURVE ( 'NONE', #6503, #1063, #3192, .T. ) ;
#4932 = AXIS2_PLACEMENT_3D ( 'NONE', #9831, #9937, #6132 ) ;
#4933 = VERTEX_POINT ( 'NONE', #6835 ) ;
#4934 = CARTESIAN_POINT ( 'NONE',  ( -117.0858108445261507, 140.9999999999999716, 301.0814541897230470 ) ) ;
#4935 = CARTESIAN_POINT ( 'NONE',  ( -90.09199548601698382, 140.9999999999999716, 328.3569298378167787 ) ) ;
#4936 = EDGE_LOOP ( 'NONE', ( #1059, #5273 ) ) ;
#4937 = CYLINDRICAL_SURFACE ( 'NONE', #4546, 0.6499999999999839240 ) ;
#4938 = CARTESIAN_POINT ( 'NONE',  ( 142.3275169181982278, 92.33315377463824802, 246.9778924245466385 ) ) ;
#4939 = VERTEX_POINT ( 'NONE', #1439 ) ;
#4940 = CARTESIAN_POINT ( 'NONE',  ( -65456.67839381815429, -101282.6061912704172, 360.2801680915348470 ) ) ;
#4941 = VERTEX_POINT ( 'NONE', #86 ) ;
#4942 = CARTESIAN_POINT ( 'NONE',  ( 120.1989405618180911, 14.17837819397233723, 309.7884371696262633 ) ) ;
#4943 = AXIS2_PLACEMENT_3D ( 'NONE', #2477, #6413, #4845 ) ;
#4944 = CARTESIAN_POINT ( 'NONE',  ( -79.25843398406988172, 39.44014060676086331, 335.1881544760411771 ) ) ;
#4945 = EDGE_CURVE ( 'NONE', #2955, #1636, #2986, .T. ) ;
#4946 = ADVANCED_FACE ( 'NONE', ( #3853 ), #9971, .F. ) ;
#4947 = CIRCLE ( 'NONE', #5583, 2.000000000000001776 ) ;
#4948 = CARTESIAN_POINT ( 'NONE',  ( -141.2846605730038618, 91.91778309419278514, 278.3412798995015578 ) ) ;
#4949 = VERTEX_POINT ( 'NONE', #6985 ) ;
#4950 = CARTESIAN_POINT ( 'NONE',  ( -433194.0190388342598, 140.9999999999999716, 63270.19578480727068 ) ) ;
#4951 = CARTESIAN_POINT ( 'NONE',  ( 5.296757611845833935, 12.33438067771758817, 357.1999999999999886 ) ) ;
#4952 = CARTESIAN_POINT ( 'NONE',  ( 94.00441419342294580, 14.14847342882856651, 335.1396633360761825 ) ) ;
#4953 = EDGE_LOOP ( 'NONE', ( #9205, #2003, #1757, #7961 ) ) ;
#4954 = CYLINDRICAL_SURFACE ( 'NONE', #5065, 0.6499999999999839240 ) ;
#4955 = ORIENTED_EDGE ( 'NONE', *, *, #4081, .F. ) ;
#4956 = CARTESIAN_POINT ( 'NONE',  ( 135.8474097585784932, 54.66414599738793356, 262.9002984489760024 ) ) ;
#4957 = CARTESIAN_POINT ( 'NONE',  ( 147.9999999999984652, 51.97009658510199870, 261.1897948556680831 ) ) ;
#4958 = FACE_OUTER_BOUND ( 'NONE', #4440, .T. ) ;
#4959 = LINE ( 'NONE', #2173, #2702 ) ;
#4960 = EDGE_CURVE ( 'NONE', #7414, #4933, #44, .T. ) ;
#4961 = CARTESIAN_POINT ( 'NONE',  ( 89.85646090696430122, 140.9693199755558908, 328.0837467493261101 ) ) ;
#4962 = CARTESIAN_POINT ( 'NONE',  ( -79.70983355465249076, 20.63556827202511812, 346.8116190115670747 ) ) ;
#4963 = CARTESIAN_POINT ( 'NONE',  ( -2.238786878153032678, 14.37207790375039274, 357.1882321154902797 ) ) ;
#4964 = CARTESIAN_POINT ( 'NONE',  ( 141.0335869043180992, 89.97422520020272430, 278.8747880754198150 ) ) ;
#4965 = DIRECTION ( 'NONE',  ( -1.000000000000000000, 0.000000000000000000, 0.000000000000000000 ) ) ;
#4966 = ORIENTED_EDGE ( 'NONE', *, *, #7544, .F. ) ;
#4967 = CARTESIAN_POINT ( 'NONE',  ( -21.94288376137534868, 14.08556493332051929, 356.1584118651296080 ) ) ;
#4968 = CARTESIAN_POINT ( 'NONE',  ( 5.646457927664871868, 14.18593349462341280, 357.1242978785640503 ) ) ;
#4969 = CARTESIAN_POINT ( 'NONE',  ( -77.26689023737706918, 5.499999999999952927, 359.1999999999999318 ) ) ;
#4970 = EDGE_CURVE ( 'NONE', #1612, #3819, #5665, .T. ) ;
#4971 = CARTESIAN_POINT ( 'NONE',  ( -39455.48737069794151, 140.9999999999999716, 334095.6756388372742 ) ) ;
#4972 =( NAMED_UNIT ( * ) PLANE_ANGLE_UNIT ( ) SI_UNIT ( $, .RADIAN. ) );
#4973 = CARTESIAN_POINT ( 'NONE',  ( -139.1059833818954701, 63.42525638693434331, 253.1233698870452713 ) ) ;
#4974 = DIRECTION ( 'NONE',  ( 0.000000000000000000, -0.7637941823953527942, 0.6454598724467808246 ) ) ;
#4975 = CARTESIAN_POINT ( 'NONE',  ( -147.9999999999969020, 15.99999999999995914, 261.1897948556726874 ) ) ;
#4976 = DIRECTION ( 'NONE',  ( 0.000000000000000000, 1.000000000000000000, -0.000000000000000000 ) ) ;
#4977 = ORIENTED_EDGE ( 'NONE', *, *, #4373, .T. ) ;
#4978 = CARTESIAN_POINT ( 'NONE',  ( 120.1160535641414242, 140.9938369952524226, 308.8254623921660595 ) ) ;
#4979 = CARTESIAN_POINT ( 'NONE',  ( 79.89597233895885608, 40.34244971879095232, 342.6840494291941468 ) ) ;
#4980 = DIRECTION ( 'NONE',  ( 0.3701888898133480210, 0.000000000000000000, 0.9289565037496431144 ) ) ;
#4981 = VERTEX_POINT ( 'NONE', #728 ) ;
#4982 = EDGE_CURVE ( 'NONE', #3774, #1955, #6960, .T. ) ;
#4983 = ORIENTED_EDGE ( 'NONE', *, *, #8833, .F. ) ;
#4984 = CARTESIAN_POINT ( 'NONE',  ( -116.1180648988329409, 140.9883050949196956, 301.9585274685815648 ) ) ;
#4985 = EDGE_CURVE ( 'NONE', #3526, #4522, #4224, .T. ) ;
#4986 = ORIENTED_EDGE ( 'NONE', *, *, #8902, .F. ) ;
#4987 = CARTESIAN_POINT ( 'NONE',  ( 0.000000000000000000, 15.99999999999995914, 212.1999999999999602 ) ) ;
#4988 = CARTESIAN_POINT ( 'NONE',  ( 140.6533640373761784, 96.12374003977470238, 247.4373871389047395 ) ) ;
#4989 = EDGE_LOOP ( 'NONE', ( #4796, #2449, #6759, #8398 ) ) ;
#4990 = CARTESIAN_POINT ( 'NONE',  ( -5.656329897518389771, 13.84996826539874171, 357.1410364958220498 ) ) ;
#4991 = CARTESIAN_POINT ( 'NONE',  ( 143.4040466960721290, 87.15493271257496133, 244.5153120237258406 ) ) ;
#4992 = CARTESIAN_POINT ( 'NONE',  ( -79.97084692171803511, 38.42646636310249164, 333.1532910038326918 ) ) ;
#4993 = ORIENTED_EDGE ( 'NONE', *, *, #5008, .F. ) ;
#4994 = CARTESIAN_POINT ( 'NONE',  ( -94.00441419342297422, 140.8515265711714051, 335.1396633360761825 ) ) ;
#4995 = LINE ( 'NONE', #5643, #6455 ) ;
#4996 = LINE ( 'NONE', #8058, #6177 ) ;
#4997 = ORIENTED_EDGE ( 'NONE', *, *, #6574, .F. ) ;
#4998 = CARTESIAN_POINT ( 'NONE',  ( 79.70986846734979281, 20.63541368855242197, 346.8116404710130496 ) ) ;
#4999 = EDGE_LOOP ( 'NONE', ( #3663, #258, #2068, #8110 ) ) ;
#5000 = CARTESIAN_POINT ( 'NONE',  ( 91.13077383538109189, 14.03717628181653510, 336.8349660179854368 ) ) ;
#5001 = CARTESIAN_POINT ( 'NONE',  ( 143.4040466960721290, 15.99999999999995914, 244.5153120237258406 ) ) ;
#5002 = AXIS2_PLACEMENT_3D ( 'NONE', #2231, #8429, #629 ) ;
#5003 = CARTESIAN_POINT ( 'NONE',  ( 79.99999999987039700, 140.9999999999999716, 291567.4688076509628 ) ) ;
#5004 = CARTESIAN_POINT ( 'NONE',  ( -29.19527642180863936, 38.99999999999995737, 356.2716343860031998 ) ) ;
#5005 = LINE ( 'NONE', #5712, #1151 ) ;
#5006 = AXIS2_PLACEMENT_3D ( 'NONE', #6767, #2973, #6672 ) ;
#5007 = CARTESIAN_POINT ( 'NONE',  ( 141.6549020520086799, 87.09903193797413223, 277.5446761649566838 ) ) ;
#5008 = EDGE_CURVE ( 'NONE', #3310, #9795, #6880, .T. ) ;
#5009 = ADVANCED_FACE ( 'NONE', ( #4614 ), #7688, .F. ) ;
#5010 = CARTESIAN_POINT ( 'NONE',  ( 147.4006655782689563, 57.00000000000005684, 263.2787997811549872 ) ) ;
#5011 = CARTESIAN_POINT ( 'NONE',  ( 77.99999999996879296, 15.99999999999996980, 349.3669342391428927 ) ) ;
#5012 = CARTESIAN_POINT ( 'NONE',  ( -17.52668360442559958, 13.80318938732339440, 356.6967693874834140 ) ) ;
#5013 = CARTESIAN_POINT ( 'NONE',  ( 14.07494652413605252, 14.53037242618519365, 356.6227796864502011 ) ) ;
#5014 = CARTESIAN_POINT ( 'NONE',  ( -119.9784223681127457, 14.14709596339664799, 309.9443228885567123 ) ) ;
#5015 = CIRCLE ( 'NONE', #1310, 1.999999999999990896 ) ;
#5016 = CARTESIAN_POINT ( 'NONE',  ( 148.0000000012751116, 140.9999999999999716, 291567.4688076491002 ) ) ;
#5017 = CYLINDRICAL_SURFACE ( 'NONE', #4230, 1.999999999999997335 ) ;
#5018 = CARTESIAN_POINT ( 'NONE',  ( -136.1169734556139872, 60.81401264716373589, 262.1718813338572431 ) ) ;
#5019 = DIRECTION ( 'NONE',  ( 0.000000000000000000, 0.9753523922698730253, 0.2206529195216684336 ) ) ;
#5020 = CARTESIAN_POINT ( 'NONE',  ( 81.99999999996879296, 140.9999999999999716, 334.2040982918406371 ) ) ;
#5021 = EDGE_CURVE ( 'NONE', #691, #418, #3735, .T. ) ;
#5022 = AXIS2_PLACEMENT_3D ( 'NONE', #2985, #9244, #2889 ) ;
#5023 = VERTEX_POINT ( 'NONE', #2341 ) ;
#5024 = CARTESIAN_POINT ( 'NONE',  ( -132.3757698985333491, 89.97422520020263903, 271.3747880754171433 ) ) ;
#5025 = CARTESIAN_POINT ( 'NONE',  ( -10.87216315311527026, 12.31150226098601408, 357.1999999999999886 ) ) ;
#5026 = CARTESIAN_POINT ( 'NONE',  ( 119.0702036534676012, 13.99999999999995737, 309.2422332696989429 ) ) ;
#5027 = AXIS2_PLACEMENT_3D ( 'NONE', #7973, #975, #2591 ) ;
#5028 = CIRCLE ( 'NONE', #8895, 2.000000000000001776 ) ;
#5029 = ORIENTED_EDGE ( 'NONE', *, *, #1742, .F. ) ;
#5030 = CARTESIAN_POINT ( 'NONE',  ( -82.13540460804641441, 38.43672513181122241, 344.8265821557249069 ) ) ;
#5031 = EDGE_CURVE ( 'NONE', #2776, #5023, #5028, .T. ) ;
#5032 = ORIENTED_EDGE ( 'NONE', *, *, #6268, .F. ) ;
#5033 = DIRECTION ( 'NONE',  ( -1.000000000000000000, 0.000000000000000000, -7.975740119433571921E-16 ) ) ;
#5034 = CARTESIAN_POINT ( 'NONE',  ( 140.9231331850960203, 97.28446998073849272, 246.3427991628980749 ) ) ;
#5035 = COLOUR_RGB ( '',0.7921568627450980005, 0.8196078431372548767, 0.9333333333333333481 ) ;
#5036 = VERTEX_POINT ( 'NONE', #8283 ) ;
#5037 = CARTESIAN_POINT ( 'NONE',  ( -23.53519042734081879, 14.31692852650839498, 355.8057346465990349 ) ) ;
#5038 = ORIENTED_EDGE ( 'NONE', *, *, #5758, .F. ) ;
#5039 = CARTESIAN_POINT ( 'NONE',  ( 113.5536550829685467, 13.99999999999995381, 305.3244364237879722 ) ) ;
#5040 = CARTESIAN_POINT ( 'NONE',  ( -79.79187404041960008, 40.05808720376265342, 333.2756853484513613 ) ) ;
#5041 = ADVANCED_FACE ( 'NONE', ( #4056 ), #1734, .F. ) ;
#5042 = VECTOR ( 'NONE', #956, 1000.000000000000114 ) ;
#5043 = ORIENTED_EDGE ( 'NONE', *, *, #5462, .T. ) ;
#5044 = CARTESIAN_POINT ( 'NONE',  ( -85.59280523293612930, 13.99999999999996270, 331.5509313713636743 ) ) ;
#5045 = CARTESIAN_POINT ( 'NONE',  ( 5.665253747740770507, 13.33100444062256251, 357.1895176325934358 ) ) ;
#5046 = CARTESIAN_POINT ( 'NONE',  ( 89.93579669122914311, 141.0000000000000000, 337.3692430855466569 ) ) ;
#5047 = ORIENTED_EDGE ( 'NONE', *, *, #7042, .T. ) ;
#5048 = CARTESIAN_POINT ( 'NONE',  ( 93.87172936769897547, 13.99999999999995737, 333.8396633360762280 ) ) ;
#5049 = ORIENTED_EDGE ( 'NONE', *, *, #1898, .F. ) ;
#5050 = CARTESIAN_POINT ( 'NONE',  ( -135.7767507524015684, 55.35137873401679798, 263.0888645438942035 ) ) ;
#5051 = CARTESIAN_POINT ( 'NONE',  ( -145.9999999999969020, 138.9999999999999432, 261.1897948556727442 ) ) ;
#5052 = AXIS2_PLACEMENT_3D ( 'NONE', #2333, #4702, #9913 ) ;
#5053 = DIRECTION ( 'NONE',  ( 0.000000000000000000, 0.000000000000000000, -1.000000000000000000 ) ) ;
#5054 = CARTESIAN_POINT ( 'NONE',  ( -76.93877551017364169, 36.99999999999995026, 335.1041285840108799 ) ) ;
#5055 = EDGE_CURVE ( 'NONE', #3316, #7571, #214, .T. ) ;
#5056 = AXIS2_PLACEMENT_3D ( 'NONE', #7557, #6040, #7708 ) ;
#5057 = LINE ( 'NONE', #6572, #7576 ) ;
#5058 = AXIS2_PLACEMENT_3D ( 'NONE', #4015, #7090, #6069 ) ;
#5059 = CARTESIAN_POINT ( 'NONE',  ( -6.618453553702416947, 15.68117500860375557, 357.0560741329924781 ) ) ;
#5060 = DIRECTION ( 'NONE',  ( 0.000000000000000000, 0.000000000000000000, 1.000000000000000000 ) ) ;
#5061 = CARTESIAN_POINT ( 'NONE',  ( -19.31115103402510869, 34.69370236331337054, 356.2339432253594396 ) ) ;
#5062 = CARTESIAN_POINT ( 'NONE',  ( 115.9382922280576054, 14.11802991490336368, 301.4632659587081207 ) ) ;
#5063 = VERTEX_POINT ( 'NONE', #2590 ) ;
#5064 = CARTESIAN_POINT ( 'NONE',  ( -33.95360466907657582, 13.89538208481938852, 355.8429141936594533 ) ) ;
#5065 = AXIS2_PLACEMENT_3D ( 'NONE', #2777, #4244, #5851 ) ;
#5066 = CARTESIAN_POINT ( 'NONE',  ( 16.31196690790047299, 14.48881831791526587, 356.4335469254918962 ) ) ;
#5067 = DIRECTION ( 'NONE',  ( 0.000000000000000000, -1.000000000000000000, 0.000000000000000000 ) ) ;
#5068 = AXIS2_PLACEMENT_3D ( 'NONE', #618, #6051, #4348 ) ;
#5069 = EDGE_CURVE ( 'NONE', #2676, #8442, #4080, .T. ) ;
#5070 = CARTESIAN_POINT ( 'NONE',  ( 82.91186178033902365, 39.87478169372005965, 344.3424546987305916 ) ) ;
#5071 = AXIS2_PLACEMENT_3D ( 'NONE', #4971, #4317, #7925 ) ;
#5072 = CARTESIAN_POINT ( 'NONE',  ( 93.67189329920346097, 140.9277337519823163, 335.1162314316063089 ) ) ;
#5073 = CARTESIAN_POINT ( 'NONE',  ( -136.6070289867145391, 62.39537887194624233, 260.8173213837580420 ) ) ;
#5074 = DIRECTION ( 'NONE',  ( 0.3181155510108546469, -3.072846764699423975E-14, 0.9480519480519306041 ) ) ;
#5075 = CARTESIAN_POINT ( 'NONE',  ( 121.9214080791018944, 140.9938369952569133, 306.5372490499650553 ) ) ;
#5076 = B_SPLINE_SURFACE_WITH_KNOTS ( 'NONE', 3, 3, ( 
 ( #7882, #3308, #6338, #8538, #8597, #7204, #7001, #943, #6388, #8644, #5623, #9347, #3200, #1648 ),
 ( #5576, #4730, #3255, #990, #7841, #2451, #2403, #7802, #898, #4025, #7099, #2609, #2505, #1858 ),
 ( #6439, #4874, #9304, #3976, #9454, #4926, #7052, #1105, #4076, #9402, #150, #7154, #254, #6284 ),
 ( #8751, #201, #1799, #300, #4123, #7936, #3361, #2555, #1750, #7989, #5522, #1703, #4820, #8695 ),
 ( #9505, #1049, #100, #5678, #3151, #6239, #544, #3467, #1248, #2805, #8852, #2228, #9569, #4170 ),
 ( #8089, #5777, #492, #8956, #4369, #1950, #5299, #7444, #5730, #8803, #573, #3686, #6666, #2071 ) ),
 .UNSPECIFIED., .F., .F., .F.,
 ( 4, 2, 4 ),
 ( 4, 2, 2, 2, 2, 2, 4 ),
 ( 0.000000000000000000, 0.5000000000000000000, 1.000000000000000000 ),
 ( 0.000000000000000000, 0.1250000000000000000, 0.2500000000000000000, 0.3750000000000000000, 0.5000000000000000000, 0.7500000000000000000, 1.000000000000000000 ),
 .UNSPECIFIED. ) ;
#5077 = VERTEX_POINT ( 'NONE', #1634 ) ;
#5078 = CARTESIAN_POINT ( 'NONE',  ( 143.1296887355814818, 89.36881509560191716, 244.8537575656271770 ) ) ;
#5079 = B_SPLINE_CURVE_WITH_KNOTS ( 'NONE', 3,
 ( #7076, #27, #7726, #3077, #5494, #7027 ),
 .UNSPECIFIED., .F., .F.,
 ( 4, 2, 4 ),
 ( 0.000000000000000000, 0.0003943815686173143299, 0.0007887631372346286598 ),
 .UNSPECIFIED. ) ;
#5080 = CARTESIAN_POINT ( 'NONE',  ( -90.49371913728549544, 140.9999999999999716, 337.0100562055619093 ) ) ;
#5081 = CARTESIAN_POINT ( 'NONE',  ( -116.5930016322708553, 140.9999999999999716, 301.5052926970773228 ) ) ;
#5082 = ADVANCED_FACE ( 'NONE', ( #4712 ), #3958, .F. ) ;
#5083 = ORIENTED_EDGE ( 'NONE', *, *, #637, .F. ) ;
#5084 = CARTESIAN_POINT ( 'NONE',  ( -77.99999999996914823, 36.99999999999995737, 336.7993579437904259 ) ) ;
#5085 = ORIENTED_EDGE ( 'NONE', *, *, #8856, .T. ) ;
#5086 = CARTESIAN_POINT ( 'NONE',  ( -91.02359531028277218, 140.8360927950287476, 337.4048687462512248 ) ) ;
#5087 = CARTESIAN_POINT ( 'NONE',  ( 88.88475746077155293, 14.11802991490713843, 328.4287320136907056 ) ) ;
#5088 = CARTESIAN_POINT ( 'NONE',  ( -10.49357548686323405, 14.00482684387926291, 356.9641284052930246 ) ) ;
#5089 = CARTESIAN_POINT ( 'NONE',  ( 147.8961038961023462, 52.69664822364501333, 261.8260259576897511 ) ) ;
#5090 = ORIENTED_EDGE ( 'NONE', *, *, #1683, .T. ) ;
#5091 = ADVANCED_FACE ( 'NONE', ( #1685 ), #5109, .T. ) ;
#5092 = VERTEX_POINT ( 'NONE', #383 ) ;
#5093 = CARTESIAN_POINT ( 'NONE',  ( -1.252403610354695934E-13, 15.40764810138386309, 357.2049224680258135 ) ) ;
#5094 = CIRCLE ( 'NONE', #5246, 2.000000000000001776 ) ;
#5095 = CARTESIAN_POINT ( 'NONE',  ( 22.47938186068897082, 14.86719030145955500, 355.6004344311295426 ) ) ;
#5096 = ORIENTED_EDGE ( 'NONE', *, *, #8109, .T. ) ;
#5097 = DIRECTION ( 'NONE',  ( -0.000000000000000000, 1.000000000000000000, -0.000000000000000000 ) ) ;
#5098 = ORIENTED_EDGE ( 'NONE', *, *, #7056, .F. ) ;
#5099 = CARTESIAN_POINT ( 'NONE',  ( -136.0712195842032770, 53.38866754735669673, 262.2962838991418266 ) ) ;
#5100 = CARTESIAN_POINT ( 'NONE',  ( 91.02359531028662332, 14.16390720497038558, 337.4048687462464500 ) ) ;
#5101 = DIRECTION ( 'NONE',  ( 0.000000000000000000, -1.000000000000000000, 0.000000000000000000 ) ) ;
#5102 = CARTESIAN_POINT ( 'NONE',  ( -120.1160535641386389, 140.9938369952527069, 308.8254623921638995 ) ) ;
#5103 = ADVANCED_FACE ( 'NONE', ( #431 ), #9651, .T. ) ;
#5104 = CARTESIAN_POINT ( 'NONE',  ( -143.4040466960718732, 98.37148522368045178, 244.5153120237268922 ) ) ;
#5105 = DIRECTION ( 'NONE',  ( 0.000000000000000000, 0.000000000000000000, -1.000000000000000000 ) ) ;
#5106 = CARTESIAN_POINT ( 'NONE',  ( 140.8048473248466053, 88.67725652328111607, 246.8273669032443536 ) ) ;
#5107 = VERTEX_POINT ( 'NONE', #7485 ) ;
#5108 = CARTESIAN_POINT ( 'NONE',  ( 34.05877273185254950, 13.99999999999995737, 355.1999999999999886 ) ) ;
#5109 = CYLINDRICAL_SURFACE ( 'NONE', #4392, 2.000000000000001776 ) ;
#5110 = CIRCLE ( 'NONE', #3337, 154.0000000000000000 ) ;
#5111 = EDGE_CURVE ( 'NONE', #4933, #3866, #1815, .T. ) ;
#5112 = CARTESIAN_POINT ( 'NONE',  ( -33.80764926033605633, 14.00098842812744593, 355.2795980628164898 ) ) ;
#5113 = CARTESIAN_POINT ( 'NONE',  ( 29.91212370090041262, 14.33230284096822515, 354.9320728661742805 ) ) ;
#5114 = CYLINDRICAL_SURFACE ( 'NONE', #7470, 1.999999999999997335 ) ;
#5115 = FACE_BOUND ( 'NONE', #2401, .T. ) ;
#5116 = AXIS2_PLACEMENT_3D ( 'NONE', #2753, #6541, #8091 ) ;
#5117 = CARTESIAN_POINT ( 'NONE',  ( -140.1815822452063003, 58.65037527723383448, 249.2692108898391439 ) ) ;
#5118 = CARTESIAN_POINT ( 'NONE',  ( 93.37801023041400583, 140.9999999999999716, 330.3040242275516221 ) ) ;
#5119 = CARTESIAN_POINT ( 'NONE',  ( 33.97511499979529503, 13.99890960921303140, 355.1375334024581889 ) ) ;
#5120 = ADVANCED_FACE ( 'NONE', ( #8022 ), #8468, .T. ) ;
#5121 = ORIENTED_EDGE ( 'NONE', *, *, #9718, .T. ) ;
#5122 = CARTESIAN_POINT ( 'NONE',  ( -88.20662123452689229, 14.00579224057578820, 329.6084769048019325 ) ) ;
#5123 = CARTESIAN_POINT ( 'NONE',  ( 79.76831477456300945, 40.05558714870045378, 342.8437738219939206 ) ) ;
#5124 = CARTESIAN_POINT ( 'NONE',  ( -116.1903880662150215, 13.99999999999995737, 302.0155889996583483 ) ) ;
#5125 = CARTESIAN_POINT ( 'NONE',  ( -143.1459721127951070, 93.61866796219061371, 274.2104385233695893 ) ) ;
#5126 = VERTEX_POINT ( 'NONE', #1580 ) ;
#5127 = CARTESIAN_POINT ( 'NONE',  ( -81.95429806422963281, 38.23669799115491230, 344.9386303620894978 ) ) ;
#5128 = CARTESIAN_POINT ( 'NONE',  ( 79.99999999996879296, 40.99999999999995026, 334.2040982918406371 ) ) ;
#5129 = ORIENTED_EDGE ( 'NONE', *, *, #3966, .T. ) ;
#5130 = CARTESIAN_POINT ( 'NONE',  ( -88.93019159621161407, 14.01169847353607878, 328.9536065222030174 ) ) ;
#5131 = ADVANCED_FACE ( 'NONE', ( #5396 ), #2271, .F. ) ;
#5132 = CARTESIAN_POINT ( 'NONE',  ( 88.85117760226242467, 14.07937933728931412, 328.6034174335587750 ) ) ;
#5133 = CARTESIAN_POINT ( 'NONE',  ( -13.85927155986722603, 13.90037566459725582, 356.8344662502588562 ) ) ;
#5134 = CARTESIAN_POINT ( 'NONE',  ( -143.5294444541254109, 86.67966466155962735, 273.3174877359842867 ) ) ;
#5135 = CARTESIAN_POINT ( 'NONE',  ( 128.7613009995550044, 89.97422520020273851, 278.8747880754185644 ) ) ;
#5136 = ORIENTED_EDGE ( 'NONE', *, *, #3631, .F. ) ;
#5137 = EDGE_LOOP ( 'NONE', ( #8578, #2571, #1625, #194, #9621, #3517, #6803, #7271, #5934, #7239 ) ) ;
#5138 = CARTESIAN_POINT ( 'NONE',  ( -27.53772493334125571, 15.09184509047419631, 354.7262690079010099 ) ) ;
#5139 = CARTESIAN_POINT ( 'NONE',  ( 147.9610609580568905, 52.44260831881586427, 261.6324401083653584 ) ) ;
#5140 = ORIENTED_EDGE ( 'NONE', *, *, #4982, .T. ) ;
#5141 = EDGE_CURVE ( 'NONE', #3355, #9731, #6008, .T. ) ;
#5142 = CARTESIAN_POINT ( 'NONE',  ( 79.99999999996879296, 138.9999999999999432, 334.2040982918406371 ) ) ;
#5143 = VERTEX_POINT ( 'NONE', #8362 ) ;
#5144 = CARTESIAN_POINT ( 'NONE',  ( -148.0000000000245848, 51.97009658510659591, 261.1897948556726874 ) ) ;
#5145 = DIRECTION ( 'NONE',  ( 0.7947073130999400270, -4.163336342344316832E-14, -0.6069928224497170843 ) ) ;
#5146 = CARTESIAN_POINT ( 'NONE',  ( 147.4006655782689563, 57.00000000000005684, 263.2787997811549872 ) ) ;
#5147 =( LENGTH_UNIT ( ) NAMED_UNIT ( * ) SI_UNIT ( .MILLI., .METRE. ) );
#5148 = LINE ( 'NONE', #3596, #4582 ) ;
#5149 = CARTESIAN_POINT ( 'NONE',  ( -22.69321356044924798, 13.47278084400833187, 356.7103686460893073 ) ) ;
#5150 = CARTESIAN_POINT ( 'NONE',  ( 119.7134399979684929, 13.99999999999995737, 309.9857586946546917 ) ) ;
#5151 = B_SPLINE_CURVE_WITH_KNOTS ( 'NONE', 3,
 ( #9299, #8586, #7875, #5513 ),
 .UNSPECIFIED., .F., .F.,
 ( 4, 4 ),
 ( 0.000000000000000000, 0.0009713195658803849787 ),
 .UNSPECIFIED. ) ;
#5152 = DIRECTION ( 'NONE',  ( -0.000000000000000000, 1.000000000000000000, 0.000000000000000000 ) ) ;
#5153 = ORIENTED_EDGE ( 'NONE', *, *, #772, .T. ) ;
#5154 = LINE ( 'NONE', #2880, #7194 ) ;
#5155 = EDGE_CURVE ( 'NONE', #3866, #4939, #1080, .T. ) ;
#5156 = AXIS2_PLACEMENT_3D ( 'NONE', #5295, #2836, #6726 ) ;
#5157 = CARTESIAN_POINT ( 'NONE',  ( 115.9510684890498027, 14.07937933728454638, 301.6406902241506032 ) ) ;
#5158 = DIRECTION ( 'NONE',  ( 0.7850712346519809204, -0.000000000000000000, 0.6194054863512384879 ) ) ;
#5159 = CARTESIAN_POINT ( 'NONE',  ( 33.35261000712932855, 13.98104111360096802, 355.4876839066920411 ) ) ;
#5160 = CARTESIAN_POINT ( 'NONE',  ( 0.000000000000000000, 140.9999999999999716, 212.1999999999999602 ) ) ;
#5161 = CARTESIAN_POINT ( 'NONE',  ( 78.48342709019230767, 39.04374496519554327, 336.1900596632361271 ) ) ;
#5162 = CIRCLE ( 'NONE', #4683, 0.6499999999999839240 ) ;
#5163 = CARTESIAN_POINT ( 'NONE',  ( 93.77146716665509985, 140.9026811251696074, 335.1396633360756709 ) ) ;
#5164 = LINE ( 'NONE', #7495, #6111 ) ;
#5165 = SPHERICAL_SURFACE ( 'NONE', #5976, 2.000000000000000000 ) ;
#5166 = SPHERICAL_SURFACE ( 'NONE', #6482, 2.000000000000000000 ) ;
#5167 = EDGE_LOOP ( 'NONE', ( #3874, #7137, #813, #2109 ) ) ;
#5168 = FACE_OUTER_BOUND ( 'NONE', #305, .T. ) ;
#5169 = AXIS2_PLACEMENT_3D ( 'NONE', #1404, #3865, #840 ) ;
#5170 = SPHERICAL_SURFACE ( 'NONE', #1522, 2.000000000000000000 ) ;
#5171 = ORIENTED_EDGE ( 'NONE', *, *, #5778, .F. ) ;
#5172 = CARTESIAN_POINT ( 'NONE',  ( 73.54079135842346204, 15.60530235154828560, 359.2418422103302191 ) ) ;
#5173 = AXIS2_PLACEMENT_3D ( 'NONE', #33, #7535, #8430 ) ;
#5174 = DIRECTION ( 'NONE',  ( 0.000000000000000000, -0.6454598724468069149, -0.7637941823953308118 ) ) ;
#5175 = VERTEX_POINT ( 'NONE', #9088 ) ;
#5176 = CARTESIAN_POINT ( 'NONE',  ( -63.98931808990597148, 36.99999999999995026, 354.4721588027285861 ) ) ;
#5177 = ORIENTED_EDGE ( 'NONE', *, *, #9610, .T. ) ;
#5178 = DIRECTION ( 'NONE',  ( 0.000000000000000000, -1.000000000000000000, 0.000000000000000000 ) ) ;
#5179 = VERTEX_POINT ( 'NONE', #7620 ) ;
#5180 = CARTESIAN_POINT ( 'NONE',  ( -17.25743945117959655, 14.05412705710135235, 356.5522271116203683 ) ) ;
#5181 = CARTESIAN_POINT ( 'NONE',  ( 59.17157287522110209, 2.209080255106377066, 385.6724116352092437 ) ) ;
#5182 = CARTESIAN_POINT ( 'NONE',  ( 135.7054022982014772, 57.00000000000000711, 263.2787997811547029 ) ) ;
#5183 = EDGE_LOOP ( 'NONE', ( #1116, #3054, #4844, #9070 ) ) ;
#5184 = AXIS2_PLACEMENT_3D ( 'NONE', #9702, #5210, #3604 ) ;
#5185 = AXIS2_PLACEMENT_3D ( 'NONE', #4585, #7659, #752 ) ;
#5186 = PRODUCT_RELATED_PRODUCT_CATEGORY ( 'part', '', ( #3791 ) ) ;
#5187 = EDGE_CURVE ( 'NONE', #8923, #4428, #1383, .T. ) ;
#5188 = VERTEX_POINT ( 'NONE', #4498 ) ;
#5189 = CIRCLE ( 'NONE', #2771, 154.0000000000000000 ) ;
#5190 = AXIS2_PLACEMENT_3D ( 'NONE', #9701, #3602, #6677 ) ;
#5191 = CARTESIAN_POINT ( 'NONE',  ( -21.40217723613667289, 15.29310084978261131, 355.6610518035936366 ) ) ;
#5192 = VERTEX_POINT ( 'NONE', #2127 ) ;
#5193 = DIRECTION ( 'NONE',  ( 0.000000000000000000, 0.000000000000000000, 1.000000000000000000 ) ) ;
#5194 = EDGE_LOOP ( 'NONE', ( #9716, #1044, #2719, #5955, #9087, #4352 ) ) ;
#5195 = CARTESIAN_POINT ( 'NONE',  ( -135.8516774495311097, 54.66642477929180188, 262.8885328850526548 ) ) ;
#5196 = CARTESIAN_POINT ( 'NONE',  ( 90.94009299950228353, 14.17647709896946395, 337.4980850958374958 ) ) ;
#5197 = LINE ( 'NONE', #2073, #5999 ) ;
#5198 = CARTESIAN_POINT ( 'NONE',  ( -72.35487202484632974, 13.73566319734400132, 356.2023013493539452 ) ) ;
#5199 = AXIS2_PLACEMENT_3D ( 'NONE', #4489, #2919, #3646 ) ;
#5200 = CIRCLE ( 'NONE', #1988, 154.0000000000000000 ) ;
#5201 = B_SPLINE_CURVE_WITH_KNOTS ( 'NONE', 3,
 ( #6226, #886, #7087, #9294, #2394, #187, #5458, #8526, #3962, #3188, #9145, #6272, #5309, #9334, #8378, #1491, #733, #9974, #6367 ),
 .UNSPECIFIED., .F., .F.,
 ( 4, 2, 2, 2, 2, 2, 1, 2, 2, 4 ),
 ( 0.000000000000000000, 0.2499999999985685339, 0.4999999999971370679, 0.5624999999967226216, 0.5703124999967283948, 0.5781249999967341680, 0.5937499999968589570, 0.6249999999971073139, 0.7499999999980976328, 1.000000000000000000 ),
 .UNSPECIFIED. ) ;
#5202 = ADVANCED_FACE ( 'NONE', ( #6918 ), #9961, .T. ) ;
#5203 = CARTESIAN_POINT ( 'NONE',  ( -121.9214080791437453, 14.00616300474720077, 306.5372490499980813 ) ) ;
#5204 = CARTESIAN_POINT ( 'NONE',  ( -1.414529833966644778, 13.96462494741997418, 357.1965467634302627 ) ) ;
#5205 = CARTESIAN_POINT ( 'NONE',  ( -33.59538806883445972, 15.99999999999995914, 353.2544217687074024 ) ) ;
#5206 = ORIENTED_EDGE ( 'NONE', *, *, #3568, .T. ) ;
#5207 = CARTESIAN_POINT ( 'NONE',  ( 78.68110379973715851, 6.412818105580915251, 360.2801680916042528 ) ) ;
#5208 = AXIS2_PLACEMENT_3D ( 'NONE', #7026, #4753, #2479 ) ;
#5209 = CARTESIAN_POINT ( 'NONE',  ( 60.58770130726215797, 38.99999999999995737, 354.4175636629155406 ) ) ;
#5210 = DIRECTION ( 'NONE',  ( 0.9289565037496432254, 0.000000000000000000, -0.3701888898133480765 ) ) ;
#5211 = CARTESIAN_POINT ( 'NONE',  ( 27.84474943766741006, 14.04300476413575183, 355.6935520056360360 ) ) ;
#5212 = DIRECTION ( 'NONE',  ( 0.000000000000000000, 0.000000000000000000, 1.000000000000000000 ) ) ;
#5213 = AXIS2_PLACEMENT_3D ( 'NONE', #1123, #9424, #7270 ) ;
#5214 = ADVANCED_FACE ( 'NONE', ( #7528 ), #6102, .F. ) ;
#5215 = CARTESIAN_POINT ( 'NONE',  ( 0.000000000000000000, 13.99999999999995737, 212.1999999999999602 ) ) ;
#5216 = DIRECTION ( 'NONE',  ( 0.000000000000000000, 0.000000000000000000, -1.000000000000000000 ) ) ;
#5217 = CARTESIAN_POINT ( 'NONE',  ( 81.99999999987039700, 138.9999999999999432, 291567.4688076509628 ) ) ;
#5218 = CIRCLE ( 'NONE', #4094, 2.000000000000019096 ) ;
#5219 = DIRECTION ( 'NONE',  ( 0.000000000000000000, 0.000000000000000000, -1.000000000000000000 ) ) ;
#5220 = CARTESIAN_POINT ( 'NONE',  ( -147.9999999999968736, 92.76320896812782735, 243.2465577364812077 ) ) ;
#5221 = CARTESIAN_POINT ( 'NONE',  ( -117.0858108445261507, 140.9999999999999716, 301.0814541897230470 ) ) ;
#5222 = ORIENTED_EDGE ( 'NONE', *, *, #3004, .T. ) ;
#5223 = CARTESIAN_POINT ( 'NONE',  ( -86.64923987557818919, 140.9948977471786122, 330.7704665390616583 ) ) ;
#5224 = LINE ( 'NONE', #1399, #554 ) ;
#5225 = EDGE_LOOP ( 'NONE', ( #1210, #7946, #9400, #6659 ) ) ;
#5226 = VECTOR ( 'NONE', #1631, 1000.000000000000000 ) ;
#5227 = EDGE_CURVE ( 'NONE', #6602, #368, #9315, .T. ) ;
#5228 = CARTESIAN_POINT ( 'NONE',  ( 129.1846695674979344, 87.61605254791190589, 278.0509417328022437 ) ) ;
#5229 = DIRECTION ( 'NONE',  ( 3.378674827220644093E-16, 0.000000000000000000, 1.000000000000000000 ) ) ;
#5230 = DIRECTION ( 'NONE',  ( -2.180799023016986143E-16, 0.7637941823953527942, -0.6454598724467808246 ) ) ;
#5231 = ORIENTED_EDGE ( 'NONE', *, *, #2193, .F. ) ;
#5232 = DIRECTION ( 'NONE',  ( 0.000000000000000000, 4.773959005888168277E-12, 1.000000000000000000 ) ) ;
#5233 = CARTESIAN_POINT ( 'NONE',  ( 79.42530592232833442, 37.88359903981770316, 333.5122866500951773 ) ) ;
#5234 = CARTESIAN_POINT ( 'NONE',  ( -148.0000000000245848, 57.00000000000000711, 256.1787997811547370 ) ) ;
#5235 = EDGE_CURVE ( 'NONE', #2789, #609, #1651, .T. ) ;
#5236 = CARTESIAN_POINT ( 'NONE',  ( -122.3240216452302036, 13.99999999999995737, 306.0269527474412143 ) ) ;
#5237 = ORIENTED_EDGE ( 'NONE', *, *, #4848, .T. ) ;
#5238 = CARTESIAN_POINT ( 'NONE',  ( -30.56916478550124339, 15.00302297046913402, 354.2032252719465646 ) ) ;
#5239 = LINE ( 'NONE', #7010, #6343 ) ;
#5240 = ORIENTED_EDGE ( 'NONE', *, *, #7449, .T. ) ;
#5241 = CARTESIAN_POINT ( 'NONE',  ( 115.4284676586760980, 15.99999999999995914, 300.3635920803380941 ) ) ;
#5242 = ORIENTED_EDGE ( 'NONE', *, *, #6548, .F. ) ;
#5243 = CARTESIAN_POINT ( 'NONE',  ( -136.8015406140874859, 51.19023226993221698, 260.2664039972450496 ) ) ;
#5244 = DIRECTION ( 'NONE',  ( -0.000000000000000000, 1.000000000000000000, -0.000000000000000000 ) ) ;
#5245 = EDGE_CURVE ( 'NONE', #621, #7553, #8419, .T. ) ;
#5246 = AXIS2_PLACEMENT_3D ( 'NONE', #1521, #6150, #4594 ) ;
#5247 = DIRECTION ( 'NONE',  ( 1.000000000000000000, -0.000000000000000000, 3.378674827220644093E-16 ) ) ;
#5248 = DIRECTION ( 'NONE',  ( 0.000000000000000000, 0.000000000000000000, -1.000000000000000000 ) ) ;
#5249 = CARTESIAN_POINT ( 'NONE',  ( 135.8819280206299709, 59.55470534371047364, 262.8074223705762051 ) ) ;
#5250 = CARTESIAN_POINT ( 'NONE',  ( -14.05084443284968110, 15.99999999999995914, 356.5244956219503365 ) ) ;
#5251 = EDGE_LOOP ( 'NONE', ( #5610, #7796, #646, #2552 ) ) ;
#5252 = DIRECTION ( 'NONE',  ( -0.6069928224509152370, 2.469608044379535240E-17, 0.7947073130990250922 ) ) ;
#5253 = CARTESIAN_POINT ( 'NONE',  ( 116.2510702214208038, 14.15012321487312441, 300.9225860044924730 ) ) ;
#5254 = ADVANCED_FACE ( 'NONE', ( #7569 ), #6772, .F. ) ;
#5255 = CARTESIAN_POINT ( 'NONE',  ( 32.26247843619256628, 14.18876941806995085, 354.7385895579188855 ) ) ;
#5256 = CARTESIAN_POINT ( 'NONE',  ( -113.6848775212756522, 140.9999999999999716, 305.3919987068232444 ) ) ;
#5257 = EDGE_CURVE ( 'NONE', #5192, #8051, #6486, .T. ) ;
#5258 = CARTESIAN_POINT ( 'NONE',  ( -7.054222968591767895, 14.23735817717541963, 357.0775320800827330 ) ) ;
#5259 = CARTESIAN_POINT ( 'NONE',  ( 140.9243064891829533, 88.23818398169392196, 246.3379496020621673 ) ) ;
#5260 = CARTESIAN_POINT ( 'NONE',  ( -86.62198976941226647, 13.99999999999995737, 335.3448099664433357 ) ) ;
#5261 = CIRCLE ( 'NONE', #5747, 1.999999999999986233 ) ;
#5262 = SPHERICAL_SURFACE ( 'NONE', #6444, 2.000000000000000000 ) ;
#5263 = LINE ( 'NONE', #777, #5333 ) ;
#5264 = DIRECTION ( 'NONE',  ( 0.3181155510108795714, 0.000000000000000000, 0.9480519480519222775 ) ) ;
#5265 = EDGE_LOOP ( 'NONE', ( #6770, #8505, #3534, #4784 ) ) ;
#5266 = CARTESIAN_POINT ( 'NONE',  ( -90.49371913728549544, 140.8767977190229317, 337.6600562055618866 ) ) ;
#5267 = EDGE_CURVE ( 'NONE', #1958, #5982, #2329, .T. ) ;
#5268 = CARTESIAN_POINT ( 'NONE',  ( 78.94813799642230379, 39.23453301742377874, 343.8535140904511422 ) ) ;
#5269 = CARTESIAN_POINT ( 'NONE',  ( 128.7613009995550044, 89.97422520020273851, 278.8747880754185644 ) ) ;
#5270 = CARTESIAN_POINT ( 'NONE',  ( 87.42793026049061211, 14.00579224057579530, 330.1894719417095985 ) ) ;
#5271 = ORIENTED_EDGE ( 'NONE', *, *, #3314, .F. ) ;
#5272 = B_SPLINE_CURVE_WITH_KNOTS ( 'NONE', 3,
 ( #4266, #4918, #6875, #585, #2183, #8325, #6830, #4506, #9094, #6060 ),
 .UNSPECIFIED., .F., .F.,
 ( 4, 2, 2, 2, 4 ),
 ( 1.387778780781445676E-17, 0.0004363596562648100604, 0.0008727193125296062431, 0.001309078968794402317, 0.001745438625059198608 ),
 .UNSPECIFIED. ) ;
#5273 = ORIENTED_EDGE ( 'NONE', *, *, #7625, .T. ) ;
#5274 = CARTESIAN_POINT ( 'NONE',  ( -89.77523176334152311, 14.04853851789351538, 328.0403632143388108 ) ) ;
#5275 = EDGE_CURVE ( 'NONE', #8260, #9909, #4556, .T. ) ;
#5276 = DIRECTION ( 'NONE',  ( -0.000000000000000000, 1.000000000000000000, 0.000000000000000000 ) ) ;
#5277 = CARTESIAN_POINT ( 'NONE',  ( -143.4387144210988083, 86.57177948542522472, 273.5302006442148581 ) ) ;
#5278 = DIRECTION ( 'NONE',  ( -0.000000000000000000, 1.000000000000000000, -0.000000000000000000 ) ) ;
#5279 = ORIENTED_EDGE ( 'NONE', *, *, #3780, .F. ) ;
#5280 = ADVANCED_FACE ( 'NONE', ( #6973 ), #75, .F. ) ;
#5281 = EDGE_LOOP ( 'NONE', ( #8822, #1126, #8086, #6712, #4818, #3617 ) ) ;
#5282 = CARTESIAN_POINT ( 'NONE',  ( 79.58941462615501905, 15.99999999999995914, 350.5809198840012186 ) ) ;
#5283 = CARTESIAN_POINT ( 'NONE',  ( -14.31932587245865562, 15.55815094137161481, 356.5223821012617691 ) ) ;
#5284 = DIRECTION ( 'NONE',  ( -0.000000000000000000, 1.000000000000000000, -0.000000000000000000 ) ) ;
#5285 = EDGE_LOOP ( 'NONE', ( #6159, #7690, #6104, #394 ) ) ;
#5286 = CARTESIAN_POINT ( 'NONE',  ( -142.3774637639465368, 93.81761790846744020, 246.8515270772064127 ) ) ;
#5287 = DIRECTION ( 'NONE',  ( 0.000000000000000000, 1.000000000000000000, -0.000000000000000000 ) ) ;
#5288 = ORIENTED_EDGE ( 'NONE', *, *, #1158, .T. ) ;
#5289 = CARTESIAN_POINT ( 'NONE',  ( -137.8653583550299118, 49.95959832766224196, 257.1243712962391896 ) ) ;
#5290 = CARTESIAN_POINT ( 'NONE',  ( -90.61194719300887357, 14.14867070739159338, 337.6600562055627393 ) ) ;
#5291 = CARTESIAN_POINT ( 'NONE',  ( 1.419115530493697541, 11.99999999999995914, 357.1999999999999886 ) ) ;
#5292 = CARTESIAN_POINT ( 'NONE',  ( 90.73290327204544781, 140.8313659743360517, 337.6264327218322592 ) ) ;
#5293 = CARTESIAN_POINT ( 'NONE',  ( -74.57567787738989296, 16.88703375368175585, 356.8037603956224189 ) ) ;
#5294 = CARTESIAN_POINT ( 'NONE',  ( -93.87172936769897547, 140.8806638096942550, 335.1396633360761825 ) ) ;
#5295 = CARTESIAN_POINT ( 'NONE',  ( -145.9999999999968736, 87.15493271257520291, 244.5153120237268922 ) ) ;
#5296 = ORIENTED_EDGE ( 'NONE', *, *, #4982, .F. ) ;
#5297 = DIRECTION ( 'NONE',  ( 1.570092458682270908E-16, 0.7637941823953527942, -0.6454598724467808246 ) ) ;
#5298 = CARTESIAN_POINT ( 'NONE',  ( -79.80528247756082294, 22.04695951779665819, 346.2414745094842488 ) ) ;
#5299 = CARTESIAN_POINT ( 'NONE',  ( 11.24382536149117406, 15.99999999999995914, 356.7702689059631211 ) ) ;
#5300 =( BOUNDED_CURVE ( )  B_SPLINE_CURVE ( 3, ( #8273, #1331, #5061, #9806 ),
 .UNSPECIFIED., .F., .T. ) 
 B_SPLINE_CURVE_WITH_KNOTS ( ( 4, 4 ),
 ( 0.000000000000000000, 0.1999367310328352132 ),
 .UNSPECIFIED. ) 
 CURVE ( )  GEOMETRIC_REPRESENTATION_ITEM ( )  RATIONAL_B_SPLINE_CURVE ( ( 1.000000000000000000, 0.9966715486391564127, 0.9966715486391564127, 1.000000000000000000 ) ) 
 REPRESENTATION_ITEM ( '' )  );
#5301 = CARTESIAN_POINT ( 'NONE',  ( -28.08177872287287613, 14.84073311552412022, 354.7799887001940533 ) ) ;
#5302 = EDGE_CURVE ( 'NONE', #2, #1860, #9279, .T. ) ;
#5303 = FACE_OUTER_BOUND ( 'NONE', #6853, .T. ) ;
#5304 = CARTESIAN_POINT ( 'NONE',  ( -77.26689023737753814, 5.500000000000427214, 359.2000000000022624 ) ) ;
#5305 = CYLINDRICAL_SURFACE ( 'NONE', #6472, 1.999999999999999334 ) ;
#5306 = CARTESIAN_POINT ( 'NONE',  ( 80.22259011846097110, 21.60217108882346437, 345.9922538928847189 ) ) ;
#5307 = CARTESIAN_POINT ( 'NONE',  ( 119.1887568811446556, 140.9999999999999716, 309.7194351559082293 ) ) ;
#5308 = VERTEX_POINT ( 'NONE', #8514 ) ;
#5309 = CARTESIAN_POINT ( 'NONE',  ( -33.95507698944459207, 13.86101269324730545, 355.9328171859087888 ) ) ;
#5310 = CARTESIAN_POINT ( 'NONE',  ( 1.414529833966339911, 14.04598973437246379, 357.1965721856430491 ) ) ;
#5311 = DIRECTION ( 'NONE',  ( -0.8464504278858607789, 0.000000000000000000, 0.5324675324673266985 ) ) ;
#5312 = VECTOR ( 'NONE', #6833, 1000.000000000000000 ) ;
#5313 = CARTESIAN_POINT ( 'NONE',  ( 72.43740749138373758, 13.78359331344901229, 356.1077671128159068 ) ) ;
#5314 = EDGE_CURVE ( 'NONE', #4774, #1187, #6276, .T. ) ;
#5315 = DIRECTION ( 'NONE',  ( -1.000000000000000000, 0.000000000000000000, -7.975740119433571921E-16 ) ) ;
#5316 = ORIENTED_EDGE ( 'NONE', *, *, #1435, .T. ) ;
#5317 = DIRECTION ( 'NONE',  ( 0.000000000000000000, 0.6454598724460116621, 0.7637941823960027188 ) ) ;
#5318 = ORIENTED_EDGE ( 'NONE', *, *, #2064, .F. ) ;
#5319 = CARTESIAN_POINT ( 'NONE',  ( 59.17157287522110209, 5.499999999999989342, 382.8913526958625653 ) ) ;
#5320 = CARTESIAN_POINT ( 'NONE',  ( 77.42624193394433973, 36.99999999999995026, 334.7989714653742226 ) ) ;
#5321 = CARTESIAN_POINT ( 'NONE',  ( -141.9277955096158337, 86.68962797912911356, 276.9499018212181909 ) ) ;
#5322 = CARTESIAN_POINT ( 'NONE',  ( 132.1307461240718624, 91.93761098951232213, 271.9201058341249109 ) ) ;
#5323 = VERTEX_POINT ( 'NONE', #1623 ) ;
#5324 = CIRCLE ( 'NONE', #987, 2.000000000000001776 ) ;
#5325 = EDGE_CURVE ( 'NONE', #7939, #3009, #7245, .T. ) ;
#5326 = ORIENTED_EDGE ( 'NONE', *, *, #7345, .T. ) ;
#5327 = CARTESIAN_POINT ( 'NONE',  ( 122.3240216452302036, 140.9999999999999716, 306.0269527474412143 ) ) ;
#5328 = CARTESIAN_POINT ( 'NONE',  ( -30.83096261121085391, 15.83658956593694889, 353.9128339253182389 ) ) ;
#5329 = CYLINDRICAL_SURFACE ( 'NONE', #1349, 0.6499999999999839240 ) ;
#5330 = VERTEX_POINT ( 'NONE', #9712 ) ;
#5331 = VECTOR ( 'NONE', #4565, 1000.000000000000000 ) ;
#5332 = DIRECTION ( 'NONE',  ( 0.000000000000000000, -0.000000000000000000, 1.000000000000000000 ) ) ;
#5333 = VECTOR ( 'NONE', #6783, 1000.000000000000000 ) ;
#5334 = ORIENTED_EDGE ( 'NONE', *, *, #2883, .T. ) ;
#5335 = CARTESIAN_POINT ( 'NONE',  ( -143.4040466960718732, 89.10563749711525361, 244.0740061846849187 ) ) ;
#5336 = CARTESIAN_POINT ( 'NONE',  ( -33.78921431426572752, 13.99836774519019933, 355.1647836804415874 ) ) ;
#5337 = CARTESIAN_POINT ( 'NONE',  ( 34.05877273185253529, 11.99999999999995914, 357.2000000000000455 ) ) ;
#5338 = EDGE_CURVE ( 'NONE', #894, #2658, #1900, .T. ) ;
#5339 = EDGE_CURVE ( 'NONE', #4481, #7199, #3404, .T. ) ;
#5340 = CIRCLE ( 'NONE', #2286, 2.000000000000013767 ) ;
#5341 = CARTESIAN_POINT ( 'NONE',  ( 141.2846083691161141, 91.91783567417918732, 278.3413945172466128 ) ) ;
#5342 = CARTESIAN_POINT ( 'NONE',  ( 140.8083954888656137, 88.66281584210999256, 246.8129386550941717 ) ) ;
#5343 = CARTESIAN_POINT ( 'NONE',  ( -1.522939453766362151E-13, 14.00530734089621987, 357.1965594745366843 ) ) ;
#5344 = EDGE_LOOP ( 'NONE', ( #2272, #2558, #6441, #2363, #7768, #2374, #6611, #467, #1723, #6649, #9211, #6022, #1256, #6919, #6432, #7558 ) ) ;
#5345 = CARTESIAN_POINT ( 'NONE',  ( 145.9999999999984084, 15.99999999999995914, 244.5153120237258690 ) ) ;
#5346 = ORIENTED_EDGE ( 'NONE', *, *, #6644, .T. ) ;
#5347 = CARTESIAN_POINT ( 'NONE',  ( -79.92474187254936169, 19.76100929112507743, 346.9201137882895978 ) ) ;
#5348 = CARTESIAN_POINT ( 'NONE',  ( 33.99139813135113997, 14.00099683960170616, 355.2792663913160141 ) ) ;
#5349 = AXIS2_PLACEMENT_3D ( 'NONE', #1322, #711, #659 ) ;
#5350 = CARTESIAN_POINT ( 'NONE',  ( 121.0044252407799661, 13.99999999999995737, 302.7155414760817962 ) ) ;
#5351 = AXIS2_PLACEMENT_3D ( 'NONE', #9659, #9556, #4318 ) ;
#5352 = EDGE_CURVE ( 'NONE', #3587, #6796, #1498, .T. ) ;
#5353 = DIRECTION ( 'NONE',  ( 0.1986073225973404854, 0.000000000000000000, -0.9800791454830145577 ) ) ;
#5354 = CARTESIAN_POINT ( 'NONE',  ( -113.4501391940168560, 14.01735767430349178, 305.2140710576236415 ) ) ;
#5355 = MANIFOLD_SOLID_BREP ( 'Fillet1', #7762 ) ;
#5356 = DIRECTION ( 'NONE',  ( 1.000000000000000000, -0.000000000000000000, -0.000000000000000000 ) ) ;
#5357 = SPHERICAL_SURFACE ( 'NONE', #2116, 2.000000000000000000 ) ;
#5358 = DIRECTION ( 'NONE',  ( -1.000000000000000000, 0.000000000000000000, 0.000000000000000000 ) ) ;
#5359 = DIRECTION ( 'NONE',  ( 0.000000000000000000, -1.000000000000000000, 0.000000000000000000 ) ) ;
#5360 = ORIENTED_EDGE ( 'NONE', *, *, #5451, .T. ) ;
#5361 = AXIS2_PLACEMENT_3D ( 'NONE', #3840, #2422, #19 ) ;
#5362 = CARTESIAN_POINT ( 'NONE',  ( 142.3789313172759421, 93.83056171913625576, 246.8478051115997971 ) ) ;
#5363 = CARTESIAN_POINT ( 'NONE',  ( 94.45727549528750444, 140.9850537202133864, 334.1777094913454675 ) ) ;
#5364 = CARTESIAN_POINT ( 'NONE',  ( -79.69189803385168602, 39.92333019556252793, 334.6161177222535343 ) ) ;
#5365 = DIRECTION ( 'NONE',  ( -4.382459307730909397E-15, 0.000000000000000000, -1.000000000000000000 ) ) ;
#5366 = CIRCLE ( 'NONE', #7619, 147.0000000000000000 ) ;
#5367 = EDGE_CURVE ( 'NONE', #5982, #3359, #7437, .T. ) ;
#5368 = CARTESIAN_POINT ( 'NONE',  ( 76.50030470110877445, 13.06273283672875252, 357.5157401027744299 ) ) ;
#5369 = CARTESIAN_POINT ( 'NONE',  ( -350243.6044305261457, 140.9999999999999716, -50640.24670471889112 ) ) ;
#5370 = EDGE_LOOP ( 'NONE', ( #2575, #6137, #3073, #4334 ) ) ;
#5371 = CARTESIAN_POINT ( 'NONE',  ( 146.0000000000150067, 138.9999999999999432, 244.5153120237258690 ) ) ;
#5372 = AXIS2_PLACEMENT_3D ( 'NONE', #563, #2821, #7462 ) ;
#5373 = EDGE_LOOP ( 'NONE', ( #9006, #3629, #7447, #2206 ) ) ;
#5374 = FACE_OUTER_BOUND ( 'NONE', #7165, .T. ) ;
#5375 = DIRECTION ( 'NONE',  ( -0.1171433740337050750, -0.000000000000000000, 0.9931150134400341667 ) ) ;
#5376 = CARTESIAN_POINT ( 'NONE',  ( -21.53859742198694249, 13.01870647007533854, 357.0399229566115764 ) ) ;
#5377 = ORIENTED_EDGE ( 'NONE', *, *, #6165, .F. ) ;
#5378 = ADVANCED_FACE ( 'NONE', ( #1998 ), #439, .F. ) ;
#5379 = AXIS2_PLACEMENT_3D ( 'NONE', #191, #1694, #4767 ) ;
#5380 = ORIENTED_EDGE ( 'NONE', *, *, #1083, .T. ) ;
#5381 = CARTESIAN_POINT ( 'NONE',  ( 129.7415538064773841, 86.68817871803533137, 276.9470391815639800 ) ) ;
#5382 = DIRECTION ( 'NONE',  ( -0.6069928224514554715, -0.000000000000000000, -0.7947073130986122003 ) ) ;
#5383 = ORIENTED_EDGE ( 'NONE', *, *, #2626, .T. ) ;
#5384 = CYLINDRICAL_SURFACE ( 'NONE', #6019, 0.6499999999999839240 ) ;
#5385 = ORIENTED_EDGE ( 'NONE', *, *, #4945, .F. ) ;
#5386 = CARTESIAN_POINT ( 'NONE',  ( 79.99999999996879296, 140.9999999999999716, 347.2555441290978706 ) ) ;
#5387 = CARTESIAN_POINT ( 'NONE',  ( 0.000000000000000000, 140.9999999999999716, 212.1999999999999602 ) ) ;
#5388 = DIRECTION ( 'NONE',  ( -0.000000000000000000, 1.000000000000000000, 0.000000000000000000 ) ) ;
#5389 = LINE ( 'NONE', #7761, #229 ) ;
#5390 = EDGE_CURVE ( 'NONE', #9322, #5535, #6967, .T. ) ;
#5391 = VECTOR ( 'NONE', #1832, 1000.000000000000000 ) ;
#5392 = DIRECTION ( 'NONE',  ( 0.8464504278858528963, -0.000000000000000000, 0.5324675324673392440 ) ) ;
#5393 = CARTESIAN_POINT ( 'NONE',  ( 138.4440564448435680, 64.06120909014170195, 255.3098680993414860 ) ) ;
#5394 = CARTESIAN_POINT ( 'NONE',  ( -1.652655455993694473E-13, 12.34251940653939883, 357.1999999999999886 ) ) ;
#5395 = ORIENTED_EDGE ( 'NONE', *, *, #784, .F. ) ;
#5396 = FACE_OUTER_BOUND ( 'NONE', #9234, .T. ) ;
#5397 = ORIENTED_EDGE ( 'NONE', *, *, #4315, .F. ) ;
#5398 = B_SPLINE_CURVE_WITH_KNOTS ( 'NONE', 3,
 ( #4590, #4638, #1659, #7110, #7710, #6090 ),
 .UNSPECIFIED., .F., .F.,
 ( 4, 2, 4 ),
 ( 0.000000000000000000, 0.0003062792794186726744, 0.0006125585588373453488 ),
 .UNSPECIFIED. ) ;
#5399 = CARTESIAN_POINT ( 'NONE',  ( -80.96202531642521194, 18.49847829686219924, 345.5459802793564563 ) ) ;
#5400 = DIRECTION ( 'NONE',  ( 0.000000000000000000, -1.000000000000000000, -2.775557561562888827E-14 ) ) ;
#5401 = CARTESIAN_POINT ( 'NONE',  ( 81.99999999996879296, 13.99999999999995737, 347.2555441290919589 ) ) ;
#5402 = EDGE_CURVE ( 'NONE', #7582, #2860, #2599, .T. ) ;
#5403 = CARTESIAN_POINT ( 'NONE',  ( -140.7498283939768839, 96.61181142492910112, 247.0500752257048589 ) ) ;
#5404 = VECTOR ( 'NONE', #2872, 999.9999999999998863 ) ;
#5405 = DIRECTION ( 'NONE',  ( 0.000000000000000000, 0.000000000000000000, 1.000000000000000000 ) ) ;
#5406 = CARTESIAN_POINT ( 'NONE',  ( 1.009719629430382282E-25, 36.99999999999995026, 212.1999999999999602 ) ) ;
#5407 = ADVANCED_FACE ( 'NONE', ( #2042 ), #5017, .T. ) ;
#5408 = CARTESIAN_POINT ( 'NONE',  ( -121.9214080791437453, 14.00616300474720077, 306.5372490499980813 ) ) ;
#5409 = CARTESIAN_POINT ( 'NONE',  ( 146.0000000000150351, 138.9999999999999432, 242.5153120237258690 ) ) ;
#5410 = DIRECTION ( 'NONE',  ( 1.000000000000000000, -0.000000000000000000, 1.460819769243638766E-15 ) ) ;
#5411 = CARTESIAN_POINT ( 'NONE',  ( -93.87172936769560749, 14.11933619030491727, 335.1396633360761825 ) ) ;
#5412 = VERTEX_POINT ( 'NONE', #3033 ) ;
#5413 = CARTESIAN_POINT ( 'NONE',  ( -147.4006655782690416, 56.61184794169222556, 263.2787997811546461 ) ) ;
#5414 = CIRCLE ( 'NONE', #437, 2.000000000000009770 ) ;
#5415 = CARTESIAN_POINT ( 'NONE',  ( 1.414529833966339023, 13.96462494741997773, 357.1965467634295237 ) ) ;
#5416 = FACE_OUTER_BOUND ( 'NONE', #5743, .T. ) ;
#5417 = DIRECTION ( 'NONE',  ( 0.000000000000000000, 0.000000000000000000, 1.000000000000000000 ) ) ;
#5418 = CARTESIAN_POINT ( 'NONE',  ( 61.50562173696701507, 38.02680830095178521, 356.0511753986972963 ) ) ;
#5419 = AXIS2_PLACEMENT_3D ( 'NONE', #7967, #1024, #4251 ) ;
#5420 = DIRECTION ( 'NONE',  ( 1.000000000000000000, 6.628590809723659348E-13, 7.843832458173111434E-13 ) ) ;
#5421 = ORIENTED_EDGE ( 'NONE', *, *, #601, .T. ) ;
#5422 = LINE ( 'NONE', #2350, #5817 ) ;
#5423 = ORIENTED_EDGE ( 'NONE', *, *, #7869, .T. ) ;
#5424 = CARTESIAN_POINT ( 'NONE',  ( -147.5733294486083196, 59.64764270280537772, 262.7779560219805717 ) ) ;
#5425 = CARTESIAN_POINT ( 'NONE',  ( 1.009719629430382282E-25, 138.9999999999999432, 212.1999999999999602 ) ) ;
#5426 = VECTOR ( 'NONE', #1239, 1000.000000000000000 ) ;
#5427 = CARTESIAN_POINT ( 'NONE',  ( -2.311762264151507207, 12.59283554179701348, 357.1959207430904826 ) ) ;
#5428 = ORIENTED_EDGE ( 'NONE', *, *, #1337, .F. ) ;
#5429 = DIRECTION ( 'NONE',  ( -0.000000000000000000, 1.000000000000000000, -0.000000000000000000 ) ) ;
#5430 = EDGE_CURVE ( 'NONE', #1719, #6204, #1390, .T. ) ;
#5431 = CARTESIAN_POINT ( 'NONE',  ( 77.99999999996880717, 13.99999999999995737, 349.3669342390838892 ) ) ;
#5432 = ORIENTED_EDGE ( 'NONE', *, *, #9928, .F. ) ;
#5433 = VERTEX_POINT ( 'NONE', #2184 ) ;
#5434 = CARTESIAN_POINT ( 'NONE',  ( -138.4440564448435396, 49.93879090985831937, 255.3098680993414860 ) ) ;
#5435 = DIRECTION ( 'NONE',  ( -0.000000000000000000, 1.000000000000000000, 0.000000000000000000 ) ) ;
#5436 = CARTESIAN_POINT ( 'NONE',  ( 15.61027083543232941, 11.99999999999995914, 357.1999999999999886 ) ) ;
#5437 = LINE ( 'NONE', #9223, #5042 ) ;
#5438 = CARTESIAN_POINT ( 'NONE',  ( 142.6372934176871468, 93.72347565950977355, 275.3717393522322254 ) ) ;
#5439 = ORIENTED_EDGE ( 'NONE', *, *, #591, .F. ) ;
#5440 = ADVANCED_FACE ( 'NONE', ( #2230 ), #4460, .F. ) ;
#5441 = CARTESIAN_POINT ( 'NONE',  ( 135.9500604944078930, 59.98716684297456680, 262.6241074602655203 ) ) ;
#5442 = CARTESIAN_POINT ( 'NONE',  ( -1.522939453766362151E-13, 14.00530734089621987, 357.1965594745366843 ) ) ;
#5443 = VERTEX_POINT ( 'NONE', #8477 ) ;
#5444 = DIRECTION ( 'NONE',  ( -1.000000000000000000, 0.000000000000000000, 0.000000000000000000 ) ) ;
#5445 = VERTEX_POINT ( 'NONE', #775 ) ;
#5446 = CARTESIAN_POINT ( 'NONE',  ( -79.99999999996725819, 18.75963153869080458, 347.1742319873214342 ) ) ;
#5447 = CARTESIAN_POINT ( 'NONE',  ( 33.70633101977417567, 14.37015411730394554, 354.0933773918509928 ) ) ;
#5448 = CARTESIAN_POINT ( 'NONE',  ( 122.4702548753074751, 14.11406449583925315, 306.6769527474413053 ) ) ;
#5449 = CARTESIAN_POINT ( 'NONE',  ( -140.4188532739705408, 94.05565979163378643, 248.3600438366661933 ) ) ;
#5450 = CARTESIAN_POINT ( 'NONE',  ( -143.4040466960482263, 140.9999999999999716, 242.5153120237268922 ) ) ;
#5451 = EDGE_CURVE ( 'NONE', #6602, #976, #3096, .T. ) ;
#5452 = DIRECTION ( 'NONE',  ( -0.000000000000000000, 1.000000000000000000, -0.000000000000000000 ) ) ;
#5453 = DIRECTION ( 'NONE',  ( 0.000000000000000000, 0.000000000000000000, -1.000000000000000000 ) ) ;
#5454 = DIRECTION ( 'NONE',  ( -0.6453183595577640652, 0.7639137482842395244, 0.000000000000000000 ) ) ;
#5455 = EDGE_LOOP ( 'NONE', ( #4355, #1405, #9231, #3757, #953, #3585, #6038, #3841, #1061, #4566, #2550, #5945 ) ) ;
#5456 = DIRECTION ( 'NONE',  ( -0.000000000000000000, 1.000000000000000000, -0.000000000000000000 ) ) ;
#5457 = ORIENTED_EDGE ( 'NONE', *, *, #1807, .F. ) ;
#5458 = CARTESIAN_POINT ( 'NONE',  ( -33.95381247231851773, 13.89866476528041872, 355.8304688469766006 ) ) ;
#5459 = CARTESIAN_POINT ( 'NONE',  ( 142.6998759564820602, 95.29833583263406638, 246.0177642588451192 ) ) ;
#5460 = FACE_OUTER_BOUND ( 'NONE', #8293, .T. ) ;
#5461 = CARTESIAN_POINT ( 'NONE',  ( 113.9824199850091162, 13.99999999999995737, 304.8140986442904250 ) ) ;
#5462 = EDGE_CURVE ( 'NONE', #2169, #5188, #2933, .T. ) ;
#5463 = CARTESIAN_POINT ( 'NONE',  ( 79.49347224443512516, 21.54700387727704225, 346.4271193169965954 ) ) ;
#5464 = CARTESIAN_POINT ( 'NONE',  ( -59.17157287522321241, 36.99999999999995737, 356.2716343860031998 ) ) ;
#5465 = ORIENTED_EDGE ( 'NONE', *, *, #4644, .T. ) ;
#5466 = CARTESIAN_POINT ( 'NONE',  ( 45444.56944914969790, 140.9999999999999716, 114057.9406734451331 ) ) ;
#5467 = ORIENTED_EDGE ( 'NONE', *, *, #3529, .F. ) ;
#5468 = DIRECTION ( 'NONE',  ( 0.5980066445182735668, 0.000000000000000000, -0.8014911435019074215 ) ) ;
#5469 = CARTESIAN_POINT ( 'NONE',  ( -5.656329897518390659, 13.84996826539874171, 357.1410364958220498 ) ) ;
#5470 = CARTESIAN_POINT ( 'NONE',  ( -76.96963140758018085, 13.23761861859190958, 356.7534817950842694 ) ) ;
#5471 = ORIENTED_EDGE ( 'NONE', *, *, #7054, .T. ) ;
#5472 = CIRCLE ( 'NONE', #2102, 2.000000000000001776 ) ;
#5473 = EDGE_LOOP ( 'NONE', ( #5428, #4823, #7057, #5171 ) ) ;
#5474 = CARTESIAN_POINT ( 'NONE',  ( 113.9824199850091162, 13.99999999999995737, 304.8140986442904250 ) ) ;
#5475 = CARTESIAN_POINT ( 'NONE',  ( 132.3636451138320638, 89.45548607344788650, 271.4019324897044498 ) ) ;
#5476 = CARTESIAN_POINT ( 'NONE',  ( -33.97511499979553662, 13.99890960921302963, 355.1375334024582457 ) ) ;
#5477 = ORIENTED_EDGE ( 'NONE', *, *, #2504, .F. ) ;
#5478 = FACE_OUTER_BOUND ( 'NONE', #3560, .T. ) ;
#5479 = ORIENTED_EDGE ( 'NONE', *, *, #8860, .F. ) ;
#5480 = CARTESIAN_POINT ( 'NONE',  ( -14.48383966299909531, 14.48034046877169878, 356.5971247800633250 ) ) ;
#5481 = DIRECTION ( 'NONE',  ( -0.9800791454830171112, 0.000000000000000000, -0.1986073225973277734 ) ) ;
#5482 = DIRECTION ( 'NONE',  ( 0.000000000000000000, 0.000000000000000000, -1.000000000000000000 ) ) ;
#5483 = CIRCLE ( 'NONE', #7427, 2.000000000000001776 ) ;
#5484 = ADVANCED_FACE ( 'NONE', ( #6017 ), #8371, .F. ) ;
#5485 = DIRECTION ( 'NONE',  ( -0.000000000000000000, -1.000000000000000000, -0.000000000000000000 ) ) ;
#5486 = CIRCLE ( 'NONE', #995, 1.999999999999986233 ) ;
#5487 = CARTESIAN_POINT ( 'NONE',  ( 138.3029097344548290, 64.10233138735679859, 255.7606953565336312 ) ) ;
#5488 = DIRECTION ( 'NONE',  ( -0.000000000000000000, 1.000000000000000000, 0.000000000000000000 ) ) ;
#5489 = LINE ( 'NONE', #4650, #7311 ) ;
#5490 = ORIENTED_EDGE ( 'NONE', *, *, #2294, .F. ) ;
#5491 = ORIENTED_EDGE ( 'NONE', *, *, #8959, .T. ) ;
#5492 = CARTESIAN_POINT ( 'NONE',  ( -80.02172670904671747, 20.44947529515292217, 346.1143102514271845 ) ) ;
#5493 = CARTESIAN_POINT ( 'NONE',  ( -67.66202709952263206, 31.65150561209528846, 353.3784615325159280 ) ) ;
#5494 = CARTESIAN_POINT ( 'NONE',  ( -90.36503055104110160, 14.09548047020115469, 337.6600562055619434 ) ) ;
#5495 = CARTESIAN_POINT ( 'NONE',  ( -140.4938792894385244, 94.97915760144688591, 248.0675603768250994 ) ) ;
#5496 = AXIS2_PLACEMENT_3D ( 'NONE', #3185, #2988, #6933 ) ;
#5497 = ADVANCED_FACE ( 'NONE', ( #8327 ), #7630, .F. ) ;
#5498 = AXIS2_PLACEMENT_3D ( 'NONE', #3702, #5264, #3805 ) ;
#5499 = CARTESIAN_POINT ( 'NONE',  ( 79.21596480943956919, 39.32596523601345240, 333.6523172489009994 ) ) ;
#5500 = CARTESIAN_POINT ( 'NONE',  ( 89.50628086271555617, 140.9999999999999716, 328.6387779885129703 ) ) ;
#5501 = CARTESIAN_POINT ( 'NONE',  ( -142.5482863414870280, 94.78220261183874129, 246.4136876554046012 ) ) ;
#5502 = B_SPLINE_CURVE_WITH_KNOTS ( 'NONE', 3,
 ( #4723, #9300, #193, #3248 ),
 .UNSPECIFIED., .F., .F.,
 ( 4, 4 ),
 ( 0.001745438625059198608, 0.002184550384547511836 ),
 .UNSPECIFIED. ) ;
#5503 = AXIS2_PLACEMENT_3D ( 'NONE', #8899, #5920, #2656 ) ;
#5504 = ORIENTED_EDGE ( 'NONE', *, *, #4657, .T. ) ;
#5505 = DIRECTION ( 'NONE',  ( 1.000000000000000000, -0.000000000000000000, -0.000000000000000000 ) ) ;
#5506 = ORIENTED_EDGE ( 'NONE', *, *, #1337, .T. ) ;
#5507 = CARTESIAN_POINT ( 'NONE',  ( -140.9852421122277519, 88.04816373574286104, 246.0856477760215739 ) ) ;
#5508 = CARTESIAN_POINT ( 'NONE',  ( 33.98015112495873780, 13.52734132803224298, 356.4925816734606769 ) ) ;
#5509 = CARTESIAN_POINT ( 'NONE',  ( -34.05877273185287635, 13.99999999999995737, 355.1999999999999318 ) ) ;
#5510 = CARTESIAN_POINT ( 'NONE',  ( -86.20441382542384190, 140.9999999999999716, 331.8046956167345911 ) ) ;
#5511 = ADVANCED_FACE ( 'NONE', ( #1483 ), #7577, .F. ) ;
#5512 = AXIS2_PLACEMENT_3D ( 'NONE', #8015, #9692, #4194 ) ;
#5513 = CARTESIAN_POINT ( 'NONE',  ( -148.0000000000245848, 62.02990341489342541, 261.1897948556726874 ) ) ;
#5514 = AXIS2_PLACEMENT_3D ( 'NONE', #666, #1527, #8415 ) ;
#5515 = DIRECTION ( 'NONE',  ( 0.000000000000000000, 0.000000000000000000, 1.000000000000000000 ) ) ;
#5516 = EDGE_LOOP ( 'NONE', ( #8346, #8307, #7202, #1620 ) ) ;
#5517 = CARTESIAN_POINT ( 'NONE',  ( -79.92031446080983415, 21.94854010017331092, 346.1729870510260412 ) ) ;
#5518 = LINE ( 'NONE', #4020, #1325 ) ;
#5519 = ORIENTED_EDGE ( 'NONE', *, *, #3763, .T. ) ;
#5520 = VECTOR ( 'NONE', #200, 1000.000000000000000 ) ;
#5521 = CARTESIAN_POINT ( 'NONE',  ( -117397.3236994457984, 140.9999999999999716, -87196.78784587062546 ) ) ;
#5522 = CARTESIAN_POINT ( 'NONE',  ( 21.77669464267968635, 15.67799853933056475, 355.5957954611771470 ) ) ;
#5523 = CARTESIAN_POINT ( 'NONE',  ( -9.901195723501537316, 13.74418857121220405, 357.0423843911101471 ) ) ;
#5524 = CARTESIAN_POINT ( 'NONE',  ( -76.17809027659860988, 14.09433443115438145, 357.0658243834130872 ) ) ;
#5525 = ORIENTED_EDGE ( 'NONE', *, *, #2852, .F. ) ;
#5526 = EDGE_CURVE ( 'NONE', #9164, #4228, #3749, .T. ) ;
#5527 = AXIS2_PLACEMENT_3D ( 'NONE', #7002, #845, #101 ) ;
#5528 = CARTESIAN_POINT ( 'NONE',  ( -116.0596200872779491, 140.9752457711638272, 301.8874729169735929 ) ) ;
#5529 = SPHERICAL_SURFACE ( 'NONE', #4267, 2.000000000000000000 ) ;
#5530 = ADVANCED_FACE ( 'NONE', ( #6061 ), #6832, .T. ) ;
#5531 = CARTESIAN_POINT ( 'NONE',  ( 62.34087432789322492, 37.61548790217434401, 355.3935653520414348 ) ) ;
#5532 = EDGE_LOOP ( 'NONE', ( #8601, #5504, #9865, #7870 ) ) ;
#5533 = AXIS2_PLACEMENT_3D ( 'NONE', #571, #6664, #6042 ) ;
#5534 = CARTESIAN_POINT ( 'NONE',  ( -86.62198976941226647, 13.99999999999995737, 335.3448099664433357 ) ) ;
#5535 = VERTEX_POINT ( 'NONE', #7684 ) ;
#5536 = CARTESIAN_POINT ( 'NONE',  ( 86.62198976941226647, 13.99999999999995737, 335.3448099664433357 ) ) ;
#5537 = CARTESIAN_POINT ( 'NONE',  ( -1.522939453766362151E-13, 14.00530734089621987, 357.1965594745366843 ) ) ;
#5538 = VECTOR ( 'NONE', #5178, 1000.000000000000000 ) ;
#5539 = CARTESIAN_POINT ( 'NONE',  ( 76.17460433136746190, 14.08230277902057459, 357.0805559618117400 ) ) ;
#5540 = CARTESIAN_POINT ( 'NONE',  ( -143.4369305162843773, 93.37864160573228389, 273.5343741764195897 ) ) ;
#5541 = CARTESIAN_POINT ( 'NONE',  ( 140.1304895565185404, 59.34979089220269088, 249.4623469170077215 ) ) ;
#5542 = DIRECTION ( 'NONE',  ( 0.000000000000000000, 1.000000000000000000, 0.000000000000000000 ) ) ;
#5543 = ADVANCED_FACE ( 'NONE', ( #5303 ), #6737, .T. ) ;
#5544 = FACE_OUTER_BOUND ( 'NONE', #750, .T. ) ;
#5545 = ORIENTED_EDGE ( 'NONE', *, *, #8168, .T. ) ;
#5546 = ADVANCED_FACE ( 'NONE', ( #3084 ), #1276, .T. ) ;
#5547 = ORIENTED_EDGE ( 'NONE', *, *, #6431, .T. ) ;
#5548 = CARTESIAN_POINT ( 'NONE',  ( 137.2116243443482801, 50.51715416153127336, 259.0830430934697688 ) ) ;
#5549 = CARTESIAN_POINT ( 'NONE',  ( 113.9824199850092725, 14.07537889586553348, 304.1640986442904477 ) ) ;
#5550 = DIRECTION ( 'NONE',  ( 0.000000000000000000, -1.000000000000000000, -0.000000000000000000 ) ) ;
#5551 = CARTESIAN_POINT ( 'NONE',  ( -59.17157287522526588, 38.29091974489352879, 357.7992227507938878 ) ) ;
#5552 = CARTESIAN_POINT ( 'NONE',  ( 80.85269574154344241, 40.42038866430763022, 332.5654717048382736 ) ) ;
#5553 = CYLINDRICAL_SURFACE ( 'NONE', #812, 0.6499999999917127624 ) ;
#5554 = CARTESIAN_POINT ( 'NONE',  ( -7.095577652469483354, 11.99999999999995914, 357.1999999999999886 ) ) ;
#5555 = EDGE_CURVE ( 'NONE', #2631, #2309, #7280, .T. ) ;
#5556 = CARTESIAN_POINT ( 'NONE',  ( -140.5298015402697160, 95.29452074789134031, 247.9267524443501429 ) ) ;
#5557 = CARTESIAN_POINT ( 'NONE',  ( 115.5426391678579847, 13.99999999999995737, 308.7293316430789218 ) ) ;
#5558 = EDGE_CURVE ( 'NONE', #8911, #3023, #7926, .T. ) ;
#5559 = ORIENTED_EDGE ( 'NONE', *, *, #255, .F. ) ;
#5560 = CARTESIAN_POINT ( 'NONE',  ( -141.1786662136092616, 87.56578831427543719, 245.2707480389604768 ) ) ;
#5561 = CARTESIAN_POINT ( 'NONE',  ( -28.33253478728324737, 13.42904922302458282, 356.6380584930593614 ) ) ;
#5562 = CARTESIAN_POINT ( 'NONE',  ( 29.07744497527805194, 13.63589322756154942, 356.3917835362437359 ) ) ;
#5563 = CARTESIAN_POINT ( 'NONE',  ( -11901.05901019808152, 140.9999999999999716, -14634.82556474713238 ) ) ;
#5564 =( BOUNDED_SURFACE ( )  B_SPLINE_SURFACE ( 3, 2, ( 
 ( #9127, #7522, #2219 ),
 ( #8216, #517, #1323 ),
 ( #3592, #6669, #5293 ),
 ( #8357, #1471, #4543 ),
 ( #7615, #3790, #2832 ),
 ( #5905, #3647, #9800 ),
 ( #5198, #8648, #2507 ),
 ( #8698, #1605, #9457 ),
 ( #7885, #8599, #7938 ),
 ( #1051, #5470, #6340 ),
 ( #8541, #152, #3925 ),
 ( #9404, #3363, #4732 ),
 ( #5578, #7804, #1752 ),
 ( #992, #8495, #4680 ),
 ( #7749, #7003, #3202 ),
 ( #4078, #6287, #102 ),
 ( #9349, #5524, #2557 ),
 ( #398, #4172, #2050 ) ),
 .UNSPECIFIED., .F., .F., .T. ) 
 B_SPLINE_SURFACE_WITH_KNOTS ( ( 4, 2, 2, 2, 2, 2, 2, 2, 4 ),
 ( 3, 3 ),
 ( 2.272421546449037599, 2.468771087298088140, 2.665120628147139126, 2.861470168996190111, 3.057819709845240652, 3.254169250694291193, 3.450518791543342179, 3.646868332392393164, 3.843217873241443705 ),
 ( 0.000000000000000000, 1.000000000000000000 ),
 .UNSPECIFIED. ) 
 GEOMETRIC_REPRESENTATION_ITEM ( )  RATIONAL_B_SPLINE_SURFACE ( (
 ( 1.000000000000000000, 0.5213400748115065708, 1.000000000000000000),
 ( 1.000000000000000000, 0.5043934079557880201, 1.000000000000000000),
 ( 1.000000000000000000, 0.4880073114991831384, 1.000000000000000000),
 ( 1.000000000000000000, 0.4575037130463266433, 1.000000000000000000),
 ( 1.000000000000000000, 0.4433853133226029475, 1.000000000000000000),
 ( 1.000000000000000000, 0.4187652550359112769, 1.000000000000000000),
 ( 1.000000000000000000, 0.4082756667003399897, 1.000000000000000000),
 ( 1.000000000000000000, 0.3922930344716562545, 1.000000000000000000),
 ( 1.000000000000000000, 0.3868191736164532379, 1.000000000000000000),
 ( 1.000000000000000000, 0.3817808167285384746, 1.000000000000000000),
 ( 1.000000000000000000, 0.3822256651593466392, 1.000000000000000000),
 ( 1.000000000000000000, 0.3889672342043821729, 1.000000000000000000),
 ( 1.000000000000000000, 0.3952518792302612272, 1.000000000000000000),
 ( 1.000000000000000000, 0.4126679452108063528, 1.000000000000000000),
 ( 1.000000000000000000, 0.4237804940618334903, 1.000000000000000000),
 ( 1.000000000000000000, 0.4494348615242842460, 1.000000000000000000),
 ( 1.000000000000000000, 0.4639691303411478951, 1.000000000000000000),
 ( 1.000000000000000000, 0.4795393384262790493, 1.000000000000000000) ) ) 
 REPRESENTATION_ITEM ( '' )  SURFACE ( )  );
#5565 = CARTESIAN_POINT ( 'NONE',  ( 79.51010998011638264, 36.99999999999995026, 346.4180122633659380 ) ) ;
#5566 = AXIS2_PLACEMENT_3D ( 'NONE', #9746, #5799, #7420 ) ;
#5567 = CARTESIAN_POINT ( 'NONE',  ( -129.2677760964681113, 87.42699064635259276, 277.8877579712688544 ) ) ;
#5568 = B_SPLINE_CURVE_WITH_KNOTS ( 'NONE', 3,
 ( #1273, #2119, #3589, #8264 ),
 .UNSPECIFIED., .F., .F.,
 ( 4, 4 ),
 ( 0.000000000000000000, 0.002914656965084200767 ),
 .UNSPECIFIED. ) ;
#5569 = AXIS2_PLACEMENT_3D ( 'NONE', #2780, #8829, #1321 ) ;
#5570 = ORIENTED_EDGE ( 'NONE', *, *, #5895, .T. ) ;
#5571 = CARTESIAN_POINT ( 'NONE',  ( -80.87157392926701505, 19.79812589527295685, 345.6008635773169431 ) ) ;
#5572 = DIRECTION ( 'NONE',  ( -1.000000000000000000, 0.000000000000000000, 0.000000000000000000 ) ) ;
#5573 = ADVANCED_FACE ( 'NONE', ( #5862 ), #7428, .T. ) ;
#5574 = ORIENTED_EDGE ( 'NONE', *, *, #2031, .T. ) ;
#5575 = CARTESIAN_POINT ( 'NONE',  ( -130.7370597968686923, 93.72555992733882135, 274.9127493565169971 ) ) ;
#5576 = CARTESIAN_POINT ( 'NONE',  ( -1.470897749487057685E-13, 14.33076648870617298, 357.1966611633901039 ) ) ;
#5577 = CARTESIAN_POINT ( 'NONE',  ( -4.631951092289053662, 13.59493649195596632, 357.1792932938274703 ) ) ;
#5578 = CARTESIAN_POINT ( 'NONE',  ( -72.23633896778764552, 12.88630241158507594, 356.9976659213419907 ) ) ;
#5579 = ORIENTED_EDGE ( 'NONE', *, *, #1257, .T. ) ;
#5580 = EDGE_LOOP ( 'NONE', ( #8139, #2508, #5587, #8247 ) ) ;
#5581 = CARTESIAN_POINT ( 'NONE',  ( 93.37801023041400583, 13.99999999999995737, 330.3040242275516221 ) ) ;
#5582 = EDGE_CURVE ( 'NONE', #1440, #2631, #2080, .T. ) ;
#5583 = AXIS2_PLACEMENT_3D ( 'NONE', #1728, #4801, #3953 ) ;
#5584 = CARTESIAN_POINT ( 'NONE',  ( 145.9999999999984652, 15.99999999999995914, 261.1897948556680831 ) ) ;
#5585 = ORIENTED_EDGE ( 'NONE', *, *, #4768, .F. ) ;
#5586 = CARTESIAN_POINT ( 'NONE',  ( 141.0469982483001559, 95.48651246108178725, 245.8491653565380375 ) ) ;
#5587 = ORIENTED_EDGE ( 'NONE', *, *, #6304, .F. ) ;
#5588 = CARTESIAN_POINT ( 'NONE',  ( -7.823200081368053560, 14.19985427695800340, 357.0503451829212054 ) ) ;
#5589 = CARTESIAN_POINT ( 'NONE',  ( 85.59286691824770799, 13.99999999999995559, 331.5509873876328015 ) ) ;
#5590 = CARTESIAN_POINT ( 'NONE',  ( -90.23614448242136632, 140.9381961789553088, 337.6206282067369671 ) ) ;
#5591 = CIRCLE ( 'NONE', #1255, 1.999999999999989564 ) ;
#5592 = EDGE_CURVE ( 'NONE', #3023, #4522, #5200, .T. ) ;
#5593 = CARTESIAN_POINT ( 'NONE',  ( 122.8512007253690825, 140.8192627458350330, 306.4362068253224152 ) ) ;
#5594 = ORIENTED_EDGE ( 'NONE', *, *, #4473, .F. ) ;
#5595 = CARTESIAN_POINT ( 'NONE',  ( 140.1680709742788622, 58.89808182325368335, 249.3203698630835845 ) ) ;
#5596 = CARTESIAN_POINT ( 'NONE',  ( 8.726978915220739097, 12.56382439798194461, 357.2026015879863508 ) ) ;
#5597 = CARTESIAN_POINT ( 'NONE',  ( 113.9824199850091162, 140.9999999999999716, 304.8140986442904250 ) ) ;
#5598 = ORIENTED_EDGE ( 'NONE', *, *, #2379, .F. ) ;
#5599 = CYLINDRICAL_SURFACE ( 'NONE', #4943, 2.000000000000001776 ) ;
#5600 = DIRECTION ( 'NONE',  ( -1.776356839400250070E-15, 0.000000000000000000, 1.000000000000000000 ) ) ;
#5601 = CARTESIAN_POINT ( 'NONE',  ( -60.58220834781639041, 38.99999999999995737, 354.4247553499396872 ) ) ;
#5602 = DIRECTION ( 'NONE',  ( -1.000000000000000000, -0.000000000000000000, 6.938893903907221278E-15 ) ) ;
#5603 = CARTESIAN_POINT ( 'NONE',  ( -73.54473830627975417, 13.99999999999995737, 355.1999999999999318 ) ) ;
#5604 = DIRECTION ( 'NONE',  ( -0.000000000000000000, 1.000000000000000000, 0.000000000000000000 ) ) ;
#5605 = CARTESIAN_POINT ( 'NONE',  ( -10.04598302882215854, 15.48957136783350030, 356.8794221116044696 ) ) ;
#5606 = FACE_OUTER_BOUND ( 'NONE', #4632, .T. ) ;
#5607 = B_SPLINE_CURVE_WITH_KNOTS ( 'NONE', 3,
 ( #9448, #5672, #2551, #7200 ),
 .UNSPECIFIED., .F., .F.,
 ( 4, 4 ),
 ( 0.000000000000000000, 0.0009713195658762552526 ),
 .UNSPECIFIED. ) ;
#5608 = CARTESIAN_POINT ( 'NONE',  ( -143.2647191973134397, 96.31269919102855681, 244.4741714164251789 ) ) ;
#5609 = DIRECTION ( 'NONE',  ( -0.5423039920580481343, -0.8401823493729825287, -4.488551505594602982E-16 ) ) ;
#5610 = ORIENTED_EDGE ( 'NONE', *, *, #8366, .F. ) ;
#5611 = CARTESIAN_POINT ( 'NONE',  ( -142.5934104379783207, 90.57155826908159213, 246.2966853422060751 ) ) ;
#5612 = CARTESIAN_POINT ( 'NONE',  ( 31.33249761427098079, 13.52610412179450883, 356.4939407563975351 ) ) ;
#5613 = B_SPLINE_CURVE_WITH_KNOTS ( 'NONE', 3,
 ( #3391, #1981, #6473, #9484, #9542, #4962, #3290, #6369, #2585, #8835 ),
 .UNSPECIFIED., .F., .F.,
 ( 4, 2, 2, 2, 4 ),
 ( 0.000000000000000000, 0.001396812206813207932, 0.002095218310219835317, 0.002444421361923142938, 0.002793624413626450559 ),
 .UNSPECIFIED. ) ;
#5614 = EDGE_CURVE ( 'NONE', #6893, #211, #204, .T. ) ;
#5615 = CARTESIAN_POINT ( 'NONE',  ( 81.95242444055372744, 38.23467098679979870, 344.9397888085824206 ) ) ;
#5616 = CARTESIAN_POINT ( 'NONE',  ( -131.0699237948415998, 86.32900158560070736, 274.2140294365394766 ) ) ;
#5617 = EDGE_LOOP ( 'NONE', ( #4143, #9031, #3726, #1222, #3384, #9766, #9703, #9805, #4549, #414 ) ) ;
#5618 = CARTESIAN_POINT ( 'NONE',  ( -120.1205661178785391, 13.99999999999995737, 302.0181943237108726 ) ) ;
#5619 = FACE_OUTER_BOUND ( 'NONE', #6078, .T. ) ;
#5620 = CARTESIAN_POINT ( 'NONE',  ( 143.4040466960721290, 98.37148522368129022, 244.5153120237258406 ) ) ;
#5621 = VERTEX_POINT ( 'NONE', #4599 ) ;
#5622 = CARTESIAN_POINT ( 'NONE',  ( -129.0396621294973727, 91.92875487484720054, 278.3346427817198219 ) ) ;
#5623 = CARTESIAN_POINT ( 'NONE',  ( 22.47938186068897082, 14.86719030145955500, 355.6004344311295426 ) ) ;
#5624 = CARTESIAN_POINT ( 'NONE',  ( -8.726978915221083710, 12.56382439798189488, 357.2026015879870329 ) ) ;
#5625 = ORIENTED_EDGE ( 'NONE', *, *, #2957, .T. ) ;
#5626 = ADVANCED_FACE ( 'NONE', ( #9085 ), #6820, .T. ) ;
#5627 = ORIENTED_EDGE ( 'NONE', *, *, #8481, .T. ) ;
#5628 = CARTESIAN_POINT ( 'NONE',  ( -115.9504125949665507, 140.8639012649165068, 301.3720451173144284 ) ) ;
#5629 = VECTOR ( 'NONE', #578, 1000.000000000000000 ) ;
#5630 = CARTESIAN_POINT ( 'NONE',  ( -78.43840790051937972, 39.03580891027917232, 344.4675036591677326 ) ) ;
#5631 = VERTEX_POINT ( 'NONE', #1328 ) ;
#5632 = CARTESIAN_POINT ( 'NONE',  ( 33.97163762108233698, 13.62983932224347683, 356.3581519397305897 ) ) ;
#5633 = CARTESIAN_POINT ( 'NONE',  ( 140.3838080204279493, 92.43500194348597176, 248.4958185704011839 ) ) ;
#5634 = EDGE_LOOP ( 'NONE', ( #6288, #5121, #1344, #4627, #5049, #5465, #6101, #905, #2749, #6075 ) ) ;
#5635 = CARTESIAN_POINT ( 'NONE',  ( -28.39804603347562661, 14.71099941019183710, 354.8101504664695653 ) ) ;
#5636 = CARTESIAN_POINT ( 'NONE',  ( 59.17157287522111631, 5.499999999999952927, 382.8913526958626221 ) ) ;
#5637 = SPHERICAL_SURFACE ( 'NONE', #1346, 2.000000000000000000 ) ;
#5638 = EDGE_CURVE ( 'NONE', #4474, #4760, #8570, .T. ) ;
#5639 = AXIS2_PLACEMENT_3D ( 'NONE', #6319, #9381, #2486 ) ;
#5640 = CARTESIAN_POINT ( 'NONE',  ( -143.5280638281782615, 93.27067791665149343, 273.3207353406963875 ) ) ;
#5641 = ORIENTED_EDGE ( 'NONE', *, *, #2494, .T. ) ;
#5642 = FACE_OUTER_BOUND ( 'NONE', #1003, .T. ) ;
#5643 = CARTESIAN_POINT ( 'NONE',  ( 81.99999999996879296, 140.9999999999999716, 346.1253523423124534 ) ) ;
#5644 = SPHERICAL_SURFACE ( 'NONE', #3927, 2.000000000000000000 ) ;
#5645 = ORIENTED_EDGE ( 'NONE', *, *, #3245, .F. ) ;
#5646 = DIRECTION ( 'NONE',  ( 1.000000000000000000, -0.000000000000000000, -0.000000000000000000 ) ) ;
#5647 = AXIS2_PLACEMENT_3D ( 'NONE', #9059, #2152, #5230 ) ;
#5648 = EDGE_LOOP ( 'NONE', ( #5421, #5864, #6501, #2523 ) ) ;
#5649 = CARTESIAN_POINT ( 'NONE',  ( 137.8632785715945772, 49.94986764178262462, 257.1325474269808069 ) ) ;
#5650 = DIRECTION ( 'NONE',  ( -0.000000000000000000, 1.000000000000000000, -0.000000000000000000 ) ) ;
#5651 = DIRECTION ( 'NONE',  ( -0.9120010179662104699, -6.328278303922897074E-15, 0.4101879364737534561 ) ) ;
#5652 = CARTESIAN_POINT ( 'NONE',  ( -83.06493506490383538, 40.99999999999995737, 344.2462667501936266 ) ) ;
#5653 = EDGE_CURVE ( 'NONE', #4762, #5972, #6725, .T. ) ;
#5654 = B_SPLINE_CURVE_WITH_KNOTS ( 'NONE', 3,
 ( #5223, #445, #4467, #9866 ),
 .UNSPECIFIED., .F., .F.,
 ( 4, 4 ),
 ( 0.000000000000000000, 0.002914656965084182552 ),
 .UNSPECIFIED. ) ;
#5655 = CARTESIAN_POINT ( 'NONE',  ( 89.32709961901696261, 140.8499132246215311, 327.9873189261294897 ) ) ;
#5656 = AXIS2_PLACEMENT_3D ( 'NONE', #6114, #678, #5219 ) ;
#5657 = DIRECTION ( 'NONE',  ( -0.000000000000000000, 1.000000000000000000, -0.000000000000000000 ) ) ;
#5658 = CARTESIAN_POINT ( 'NONE',  ( 142.8420152004910051, 86.22310869666308975, 274.9074565988562995 ) ) ;
#5659 = CARTESIAN_POINT ( 'NONE',  ( -140.9739587518710380, 95.15022130297580816, 246.1573523828592158 ) ) ;
#5660 = ORIENTED_EDGE ( 'NONE', *, *, #8080, .F. ) ;
#5661 = CARTESIAN_POINT ( 'NONE',  ( -140.3907683946513600, 92.11457717902497677, 248.4689303225454751 ) ) ;
#5662 = CARTESIAN_POINT ( 'NONE',  ( -29.07744497527833971, 13.63589322756148903, 356.3917835362438495 ) ) ;
#5663 = CARTESIAN_POINT ( 'NONE',  ( 25.38064732522076383, 13.79445085038645047, 356.2876693391623917 ) ) ;
#5664 = AXIS2_PLACEMENT_3D ( 'NONE', #2236, #4010, #36 ) ;
#5665 = CIRCLE ( 'NONE', #8076, 0.6499999999999839240 ) ;
#5666 = DIRECTION ( 'NONE',  ( 0.000000000000000000, 0.000000000000000000, 1.000000000000000000 ) ) ;
#5667 = CARTESIAN_POINT ( 'NONE',  ( 59.17157287522113052, 36.99999999999995737, 356.2716343860032566 ) ) ;
#5668 = VECTOR ( 'NONE', #9092, 1000.000000000000000 ) ;
#5669 = AXIS2_PLACEMENT_3D ( 'NONE', #5260, #1540, #7494 ) ;
#5670 = CARTESIAN_POINT ( 'NONE',  ( -132.3757698985333491, 89.97422520020263903, 271.3747880754171433 ) ) ;
#5671 = ORIENTED_EDGE ( 'NONE', *, *, #7554, .F. ) ;
#5672 = CARTESIAN_POINT ( 'NONE',  ( 147.9999999999984652, 61.79954080173283160, 261.4210267122942923 ) ) ;
#5673 = LINE ( 'NONE', #8746, #1968 ) ;
#5674 = EDGE_CURVE ( 'NONE', #1579, #7939, #9078, .T. ) ;
#5675 = ORIENTED_EDGE ( 'NONE', *, *, #8700, .T. ) ;
#5676 = DIRECTION ( 'NONE',  ( 0.7947073130986229694, -3.469446951953618133E-15, -0.6069928224514415938 ) ) ;
#5677 = EDGE_CURVE ( 'NONE', #4750, #1332, #549, .T. ) ;
#5678 = CARTESIAN_POINT ( 'NONE',  ( 5.256043445052817731, 15.67320271430003231, 357.1111399789767233 ) ) ;
#5679 = CARTESIAN_POINT ( 'NONE',  ( -2.838231060987894239, 11.99999999999995914, 357.1999999999999886 ) ) ;
#5680 = CARTESIAN_POINT ( 'NONE',  ( 45451.35083163177478, 140.9999999999999716, 114055.2382945854479 ) ) ;
#5681 = ORIENTED_EDGE ( 'NONE', *, *, #474, .F. ) ;
#5682 = AXIS2_PLACEMENT_3D ( 'NONE', #9642, #5800, #7910 ) ;
#5683 = CARTESIAN_POINT ( 'NONE',  ( -114.3850335512113645, 140.9948977471852913, 304.3038023418249622 ) ) ;
#5684 = CIRCLE ( 'NONE', #2636, 154.0000000000000000 ) ;
#5685 = CARTESIAN_POINT ( 'NONE',  ( -77.99999999996914823, 38.99999999999995737, 344.9855413816007399 ) ) ;
#5686 = EDGE_LOOP ( 'NONE', ( #8460, #841, #4714, #9321 ) ) ;
#5687 = CARTESIAN_POINT ( 'NONE',  ( -143.4040466960718732, 15.99999999999995914, 244.5153120237268922 ) ) ;
#5688 = ADVANCED_FACE ( 'NONE', ( #3168 ), #960, .T. ) ;
#5689 = CARTESIAN_POINT ( 'NONE',  ( 142.4327893519035797, 94.21498946765348137, 246.7106215900930977 ) ) ;
#5690 = ORIENTED_EDGE ( 'NONE', *, *, #5155, .F. ) ;
#5691 = CARTESIAN_POINT ( 'NONE',  ( 1.009719629430382282E-25, 140.9999999999999716, 212.1999999999999602 ) ) ;
#5692 = ORIENTED_EDGE ( 'NONE', *, *, #192, .F. ) ;
#5693 = CARTESIAN_POINT ( 'NONE',  ( -74.94909684472099798, 16.91281810557944709, 356.2930708135082796 ) ) ;
#5694 = VECTOR ( 'NONE', #1016, 1000.000000000000000 ) ;
#5695 = CARTESIAN_POINT ( 'NONE',  ( -90.36473099348280869, 140.9045840598260213, 337.6600562055620571 ) ) ;
#5696 = CIRCLE ( 'NONE', #8108, 1.999999999999999778 ) ;
#5697 = CIRCLE ( 'NONE', #874, 147.0000000000000000 ) ;
#5698 = CARTESIAN_POINT ( 'NONE',  ( -148.0000000000245848, 89.10563749711471360, 244.0740061846825313 ) ) ;
#5699 = CARTESIAN_POINT ( 'NONE',  ( 34.00727154922233808, 13.18187374699749626, 356.8465533777486485 ) ) ;
#5700 = CARTESIAN_POINT ( 'NONE',  ( 59.17157287522110209, 5.499999999999952927, 382.8913526958626221 ) ) ;
#5701 = ORIENTED_EDGE ( 'NONE', *, *, #5939, .T. ) ;
#5702 = AXIS2_PLACEMENT_3D ( 'NONE', #2903, #7457, #3630 ) ;
#5703 = EDGE_CURVE ( 'NONE', #6754, #9208, #7465, .T. ) ;
#5704 = CARTESIAN_POINT ( 'NONE',  ( 73.54079135842437154, 14.76506982711130966, 359.9518978647828362 ) ) ;
#5705 = ORIENTED_EDGE ( 'NONE', *, *, #5245, .F. ) ;
#5706 = LINE ( 'NONE', #8670, #8794 ) ;
#5707 = CARTESIAN_POINT ( 'NONE',  ( -1.522939453766362151E-13, 14.00530734089621987, 357.1965594745366843 ) ) ;
#5708 = PLANE ( 'NONE',  #8256 ) ;
#5709 = CARTESIAN_POINT ( 'NONE',  ( -79.51117420826692239, 36.99999999999997868, 346.4173871215404574 ) ) ;
#5710 = AXIS2_PLACEMENT_3D ( 'NONE', #6841, #8291, #7587 ) ;
#5711 = CARTESIAN_POINT ( 'NONE',  ( 89.51886835384230778, 140.8935587074993521, 327.9649227587675568 ) ) ;
#5712 = CARTESIAN_POINT ( 'NONE',  ( 93.87172936769897547, 13.99999999999995737, 333.8396633360762280 ) ) ;
#5713 = CARTESIAN_POINT ( 'NONE',  ( -1.096848303419448500, 14.34813120131294717, 357.1967145599510900 ) ) ;
#5714 = CARTESIAN_POINT ( 'NONE',  ( 144.3301361214170697, 89.45977417803290166, 271.4014777961210712 ) ) ;
#5715 = EDGE_CURVE ( 'NONE', #8706, #2325, #8880, .T. ) ;
#5716 = CARTESIAN_POINT ( 'NONE',  ( 113.9824199850091162, 140.9246211041343315, 304.1640986442904477 ) ) ;
#5717 = ORIENTED_EDGE ( 'NONE', *, *, #6071, .F. ) ;
#5718 = CARTESIAN_POINT ( 'NONE',  ( -140.8553952358232664, 91.16656921229173349, 246.6512463243280422 ) ) ;
#5719 = CARTESIAN_POINT ( 'NONE',  ( -29.29926811011350907, 14.00048720757255794, 355.6707118683596605 ) ) ;
#5720 = CARTESIAN_POINT ( 'NONE',  ( 14.59803278792293035, 14.18055338763041284, 356.6826459720296043 ) ) ;
#5721 = CARTESIAN_POINT ( 'NONE',  ( 141.7955636009082809, 15.99999999999995914, 242.5153120237258406 ) ) ;
#5722 = CARTESIAN_POINT ( 'NONE',  ( 147.9999999999984652, 61.68312257839222923, 261.1897948556680831 ) ) ;
#5723 = EDGE_CURVE ( 'NONE', #7215, #6810, #4648, .T. ) ;
#5724 = CARTESIAN_POINT ( 'NONE',  ( 73.54079135842437154, 15.49465759536807674, 359.3353448211855721 ) ) ;
#5725 = CARTESIAN_POINT ( 'NONE',  ( -139.8222763917942189, 61.40122148476552866, 250.6025494536507949 ) ) ;
#5726 = DIRECTION ( 'NONE',  ( -0.9480519480519306041, 0.000000000000000000, 0.3181155510108546469 ) ) ;
#5727 = CARTESIAN_POINT ( 'NONE',  ( -122.3240216452302036, 13.99999999999995737, 306.6769527474412484 ) ) ;
#5728 = EDGE_LOOP ( 'NONE', ( #7590, #6936, #5979, #8341 ) ) ;
#5729 = CARTESIAN_POINT ( 'NONE',  ( -132.1323378735814913, 91.93226226927686184, 271.9165887582536811 ) ) ;
#5730 = CARTESIAN_POINT ( 'NONE',  ( 15.45347430335457162, 15.99999999999995914, 356.3810705270927883 ) ) ;
#5731 = CARTESIAN_POINT ( 'NONE',  ( -1.285747030165610205, 12.34251940653940061, 357.1999999999999886 ) ) ;
#5732 = CARTESIAN_POINT ( 'NONE',  ( -122.3240216452302036, 14.08025239193414180, 306.6769527474412484 ) ) ;
#5733 = ORIENTED_EDGE ( 'NONE', *, *, #2509, .T. ) ;
#5734 = VECTOR ( 'NONE', #9883, 999.9999999999998863 ) ;
#5735 = CIRCLE ( 'NONE', #7668, 2.000000000000001776 ) ;
#5736 = EDGE_LOOP ( 'NONE', ( #6902, #3978, #1475, #9878 ) ) ;
#5737 = DIRECTION ( 'NONE',  ( -0.7947073131035418125, 0.000000000000000000, 0.6069928224450016341 ) ) ;
#5738 = ORIENTED_EDGE ( 'NONE', *, *, #2733, .T. ) ;
#5739 = CARTESIAN_POINT ( 'NONE',  ( 119.7134399979682229, 140.9156275835665610, 309.9857586946546917 ) ) ;
#5740 = CARTESIAN_POINT ( 'NONE',  ( 140.7769965314054730, 92.28698600059631474, 246.9738336528040179 ) ) ;
#5741 = ORIENTED_EDGE ( 'NONE', *, *, #2733, .F. ) ;
#5742 = CARTESIAN_POINT ( 'NONE',  ( -19.21883357619504906, 14.13324393845231519, 356.3515343876903785 ) ) ;
#5743 = EDGE_LOOP ( 'NONE', ( #5545, #1306, #2330, #6856 ) ) ;
#5744 = CARTESIAN_POINT ( 'NONE',  ( 73.54473830626007214, 13.99999999999995737, 355.1999999999999886 ) ) ;
#5745 = FACE_OUTER_BOUND ( 'NONE', #1644, .T. ) ;
#5746 = EDGE_CURVE ( 'NONE', #1955, #2776, #2459, .T. ) ;
#5747 = AXIS2_PLACEMENT_3D ( 'NONE', #5636, #163, #7015 ) ;
#5748 = EDGE_LOOP ( 'NONE', ( #8619, #7419, #8202, #6598 ) ) ;
#5749 = CARTESIAN_POINT ( 'NONE',  ( -1.470897749487057685E-13, 14.33076648870617298, 357.1966611633901039 ) ) ;
#5750 = CARTESIAN_POINT ( 'NONE',  ( 9.800232258711998767, 13.48684012587560233, 357.1125983625195772 ) ) ;
#5751 = PLANE ( 'NONE',  #4571 ) ;
#5752 = EDGE_LOOP ( 'NONE', ( #3198, #8826, #6600 ) ) ;
#5753 = PLANE ( 'NONE',  #2809 ) ;
#5754 = ORIENTED_EDGE ( 'NONE', *, *, #7716, .F. ) ;
#5755 = CARTESIAN_POINT ( 'NONE',  ( 139.8222763917942757, 52.59877851523448555, 250.6025494536507949 ) ) ;
#5756 = DIRECTION ( 'NONE',  ( 1.000000000000000000, -0.000000000000000000, -0.000000000000000000 ) ) ;
#5757 = DIRECTION ( 'NONE',  ( 0.000000000000000000, 0.000000000000000000, 1.000000000000000000 ) ) ;
#5758 = EDGE_CURVE ( 'NONE', #8547, #9060, #1667, .T. ) ;
#5759 = CARTESIAN_POINT ( 'NONE',  ( 88.89250386875153254, 140.9754425033203518, 328.8709809431254030 ) ) ;
#5760 = CARTESIAN_POINT ( 'NONE',  ( 113.9824199850091162, 13.99999999999995737, 305.4640986442904023 ) ) ;
#5761 = CARTESIAN_POINT ( 'NONE',  ( -8.675572683766977988, 15.47087117500851683, 356.9645654497057876 ) ) ;
#5762 = CARTESIAN_POINT ( 'NONE',  ( 143.7016353837386760, 86.93733904243750032, 272.9115259476492952 ) ) ;
#5763 = DIRECTION ( 'NONE',  ( 0.000000000000000000, 0.000000000000000000, 1.000000000000000000 ) ) ;
#5764 = DIRECTION ( 'NONE',  ( 0.000000000000000000, 0.000000000000000000, 1.000000000000000000 ) ) ;
#5765 = CARTESIAN_POINT ( 'NONE',  ( -21.93607245818458296, 13.75643320324201113, 356.5039994203286824 ) ) ;
#5766 = CARTESIAN_POINT ( 'NONE',  ( 21.75552862266435383, 14.49801048933311698, 355.8727261656076166 ) ) ;
#5767 = B_SPLINE_CURVE_WITH_KNOTS ( 'NONE', 3,
 ( #5983, #3716, #693, #1355, #5274, #6033, #9729, #9110, #8297, #9062, #3770, #2817, #2155, #1406, #5130, #2201 ),
 .UNSPECIFIED., .F., .F.,
 ( 4, 2, 2, 2, 2, 2, 2, 4 ),
 ( 0.000000000000000000, 0.0002730687980562493487, 0.0005461375961124986973, 0.001092275192224997395, 0.001365343990281289461, 0.001638412788337581527, 0.001911481586393873593, 0.002184550384450165660 ),
 .UNSPECIFIED. ) ;
#5768 = CARTESIAN_POINT ( 'NONE',  ( -89.32681607189455519, 140.8498767851249340, 327.9874281837492163 ) ) ;
#5769 = EDGE_CURVE ( 'NONE', #7402, #6843, #851, .T. ) ;
#5770 = CARTESIAN_POINT ( 'NONE',  ( 82.82027324791879153, 39.60362541744137133, 344.3999271625352776 ) ) ;
#5771 = SURFACE_STYLE_USAGE ( .BOTH. , #8030 ) ;
#5772 = FACE_OUTER_BOUND ( 'NONE', #3280, .T. ) ;
#5773 = CARTESIAN_POINT ( 'NONE',  ( -77.99999999996879296, 15.99999999999995914, 349.3669342391278292 ) ) ;
#5774 = CARTESIAN_POINT ( 'NONE',  ( 33.70633101977417567, 14.37015411730394554, 354.0933773918509928 ) ) ;
#5775 = VERTEX_POINT ( 'NONE', #8772 ) ;
#5776 = CARTESIAN_POINT ( 'NONE',  ( -122.9905398090788538, 14.11857541677820294, 306.0077344820609255 ) ) ;
#5777 = CARTESIAN_POINT ( 'NONE',  ( 1.406131330131003443, 15.99999999999995914, 357.1999999999999886 ) ) ;
#5778 = EDGE_CURVE ( 'NONE', #6252, #5412, #7223, .T. ) ;
#5779 = CARTESIAN_POINT ( 'NONE',  ( -11.35292424395107602, 11.99999999999995914, 357.1999999999999886 ) ) ;
#5780 = CARTESIAN_POINT ( 'NONE',  ( 147.4116331275060645, 57.77278380504370148, 263.2471824097777358 ) ) ;
#5781 = ORIENTED_EDGE ( 'NONE', *, *, #4225, .F. ) ;
#5782 = B_SPLINE_CURVE_WITH_KNOTS ( 'NONE', 3,
 ( #1907, #2752, #3309, #7205, #4927, #301, #7991, #8804, #7254, #991, #4979, #4171, #1952, #346 ),
 .UNSPECIFIED., .F., .F.,
 ( 4, 2, 2, 2, 2, 2, 4 ),
 ( 0.000000000000000000, 0.001018734196570075844, 0.002037468393140151688, 0.002546835491425189502, 0.003056202589710227749, 0.003565569687995265562, 0.004074936786280303376 ),
 .UNSPECIFIED. ) ;
#5783 = CARTESIAN_POINT ( 'NONE',  ( -79.54119329980865416, 39.71836256610081506, 343.1262413587545552 ) ) ;
#5784 = ORIENTED_EDGE ( 'NONE', *, *, #3980, .T. ) ;
#5785 = CARTESIAN_POINT ( 'NONE',  ( 140.6077024011473497, 95.85186831184580569, 247.6189223411924729 ) ) ;
#5786 = CARTESIAN_POINT ( 'NONE',  ( -79.99999999996879296, 18.49847829683389477, 347.2555441290919589 ) ) ;
#5787 = CARTESIAN_POINT ( 'NONE',  ( -31.75701728209734398, 14.33127499869069155, 354.6014010264171930 ) ) ;
#5788 = ORIENTED_EDGE ( 'NONE', *, *, #7881, .T. ) ;
#5789 = CARTESIAN_POINT ( 'NONE',  ( 58411.98339430335909, 6.412818105587803075, 76939.37155983108096 ) ) ;
#5790 = EDGE_CURVE ( 'NONE', #5063, #4981, #315, .T. ) ;
#5791 = CARTESIAN_POINT ( 'NONE',  ( -79.48105625997106927, 39.58577563360096008, 333.4794644000695030 ) ) ;
#5792 = ORIENTED_EDGE ( 'NONE', *, *, #2244, .F. ) ;
#5793 = CARTESIAN_POINT ( 'NONE',  ( -85.56707076141105972, 14.14410917394044276, 330.8068266739255137 ) ) ;
#5794 = CARTESIAN_POINT ( 'NONE',  ( 28.37901395240497493, 12.20169894599641403, 357.1999999999999886 ) ) ;
#5795 = CARTESIAN_POINT ( 'NONE',  ( 143.4040466960721290, 138.9999999999999432, 244.5153120237258406 ) ) ;
#5796 = ORIENTED_EDGE ( 'NONE', *, *, #3890, .T. ) ;
#5797 = CARTESIAN_POINT ( 'NONE',  ( 79.55669058190726162, 20.95464125591113103, 346.8283097014393661 ) ) ;
#5798 = VERTEX_POINT ( 'NONE', #4140 ) ;
#5799 = DIRECTION ( 'NONE',  ( -2.983724378704867075E-13, -1.000000000000000000, -4.140749380466913604E-27 ) ) ;
#5800 = DIRECTION ( 'NONE',  ( 0.000000000000000000, -1.000000000000000000, -0.000000000000000000 ) ) ;
#5801 = ADVANCED_FACE ( 'NONE', ( #5642 ), #270, .T. ) ;
#5802 = VECTOR ( 'NONE', #9816, 1000.000000000000000 ) ;
#5803 = DIRECTION ( 'NONE',  ( 0.000000000000000000, 0.000000000000000000, 1.000000000000000000 ) ) ;
#5804 = CARTESIAN_POINT ( 'NONE',  ( 19.57751173794240529, 35.98462210820689222, 359.7482066691206910 ) ) ;
#5805 = CARTESIAN_POINT ( 'NONE',  ( -9.866016694686965849, 14.34738353893816054, 356.9415113255491292 ) ) ;
#5806 = VECTOR ( 'NONE', #8677, 1000.000000000000114 ) ;
#5807 = CARTESIAN_POINT ( 'NONE',  ( 143.5280638281782615, 86.67777248375378463, 273.3207353406963875 ) ) ;
#5808 = CARTESIAN_POINT ( 'NONE',  ( 0.000000000000000000, 140.9999999999999716, 212.1999999999999602 ) ) ;
#5809 = CARTESIAN_POINT ( 'NONE',  ( -140.7769965314054446, 93.23943193566380216, 246.9738336528130560 ) ) ;
#5810 = DIRECTION ( 'NONE',  ( -2.950417687941350921E-11, 0.000000000000000000, 1.000000000000000000 ) ) ;
#5811 = ORIENTED_EDGE ( 'NONE', *, *, #1066, .T. ) ;
#5812 = PLANE ( 'NONE',  #9863 ) ;
#5813 = CARTESIAN_POINT ( 'NONE',  ( -34.05877273185292609, 13.99999999999995737, 355.1999999999999318 ) ) ;
#5814 = CARTESIAN_POINT ( 'NONE',  ( 16.86909830062559479, 14.27586711379779594, 356.4697094616793152 ) ) ;
#5815 = EDGE_CURVE ( 'NONE', #796, #8564, #900, .T. ) ;
#5816 = CARTESIAN_POINT ( 'NONE',  ( -120.2846395937406925, 14.17555515502722763, 309.6737623836726243 ) ) ;
#5817 = VECTOR ( 'NONE', #8294, 1000.000000000000000 ) ;
#5818 = LINE ( 'NONE', #9709, #3123 ) ;
#5819 =( NAMED_UNIT ( * ) SI_UNIT ( $, .STERADIAN. ) SOLID_ANGLE_UNIT ( ) );
#5820 = CARTESIAN_POINT ( 'NONE',  ( -119.0702036534553372, 140.9999999999999716, 309.2422332697833554 ) ) ;
#5821 = DIRECTION ( 'NONE',  ( 0.000000000000000000, 0.000000000000000000, -1.000000000000000000 ) ) ;
#5822 = LINE ( 'NONE', #8138, #4866 ) ;
#5823 = CIRCLE ( 'NONE', #2277, 154.0000000000000000 ) ;
#5824 = ORIENTED_EDGE ( 'NONE', *, *, #3918, .F. ) ;
#5825 = DIRECTION ( 'NONE',  ( -0.000000000000000000, 1.000000000000000000, -0.000000000000000000 ) ) ;
#5826 = CARTESIAN_POINT ( 'NONE',  ( 143.3343474408655140, 89.15127193843980535, 244.2757241660854675 ) ) ;
#5827 = EDGE_CURVE ( 'NONE', #3154, #1753, #462, .T. ) ;
#5828 = DIRECTION ( 'NONE',  ( 0.000000000000000000, 0.000000000000000000, 1.000000000000000000 ) ) ;
#5829 = CARTESIAN_POINT ( 'NONE',  ( 147.8182845868527124, 60.99900904100344690, 262.0579440374432352 ) ) ;
#5830 = AXIS2_PLACEMENT_3D ( 'NONE', #1545, #5505, #9972 ) ;
#5831 = AXIS2_PLACEMENT_3D ( 'NONE', #5557, #7136, #4857 ) ;
#5832 = VERTEX_POINT ( 'NONE', #6459 ) ;
#5833 = CARTESIAN_POINT ( 'NONE',  ( -74.69312277277840906, 26.42083682501306541, 349.2851395452775023 ) ) ;
#5834 = ORIENTED_EDGE ( 'NONE', *, *, #2914, .T. ) ;
#5835 = CARTESIAN_POINT ( 'NONE',  ( 79.80528247754544680, 22.04695951780322360, 346.2414745094934005 ) ) ;
#5836 = CARTESIAN_POINT ( 'NONE',  ( -90.94009299949833292, 140.8235229010303158, 337.4980850958406222 ) ) ;
#5837 = EDGE_CURVE ( 'NONE', #808, #2099, #9931, .T. ) ;
#5838 = CARTESIAN_POINT ( 'NONE',  ( 141.1127538829164791, 97.81535270908251789, 245.5506568184723335 ) ) ;
#5839 = AXIS2_PLACEMENT_3D ( 'NONE', #6728, #9807, #5444 ) ;
#5840 = VERTEX_POINT ( 'NONE', #3434 ) ;
#5841 = CARTESIAN_POINT ( 'NONE',  ( -29.91212370090095973, 14.33230284096810614, 354.9320728661745079 ) ) ;
#5842 = ORIENTED_EDGE ( 'NONE', *, *, #749, .F. ) ;
#5843 = CARTESIAN_POINT ( 'NONE',  ( 72.12657779604995767, 13.29091974489353589, 356.7275883647906767 ) ) ;
#5844 = ORIENTED_EDGE ( 'NONE', *, *, #6304, .T. ) ;
#5845 = CIRCLE ( 'NONE', #1986, 0.6499999999999839240 ) ;
#5846 = EDGE_CURVE ( 'NONE', #4699, #9411, #9882, .T. ) ;
#5847 = CARTESIAN_POINT ( 'NONE',  ( -1.522939453766362151E-13, 14.00530734089621987, 357.1965594745366843 ) ) ;
#5848 = CARTESIAN_POINT ( 'NONE',  ( -59.17157287522526588, 36.99999999999996447, 356.2716343860031998 ) ) ;
#5849 = CARTESIAN_POINT ( 'NONE',  ( -34.05732352912183813, 12.12186896312376128, 357.1983514365723522 ) ) ;
#5850 = ORIENTED_EDGE ( 'NONE', *, *, #5927, .F. ) ;
#5851 = DIRECTION ( 'NONE',  ( 0.000000000000000000, 0.000000000000000000, 1.000000000000000000 ) ) ;
#5852 = ORIENTED_EDGE ( 'NONE', *, *, #9824, .T. ) ;
#5853 = CARTESIAN_POINT ( 'NONE',  ( -136.5469545239902232, 51.76880962030997324, 260.9848324880394443 ) ) ;
#5854 = DIRECTION ( 'NONE',  ( 0.000000000000000000, -0.6454598724467772719, -0.7637941823953557918 ) ) ;
#5855 = AXIS2_PLACEMENT_3D ( 'NONE', #2402, #4775, #6896 ) ;
#5856 = FACE_OUTER_BOUND ( 'NONE', #502, .T. ) ;
#5857 = AXIS2_PLACEMENT_3D ( 'NONE', #4021, #7149, #1747 ) ;
#5858 = EDGE_CURVE ( 'NONE', #4031, #9517, #9587, .T. ) ;
#5859 = DIRECTION ( 'NONE',  ( 3.378674827220644093E-16, 0.000000000000000000, -1.000000000000000000 ) ) ;
#5860 = AXIS2_PLACEMENT_3D ( 'NONE', #5937, #7511, #1411 ) ;
#5861 = CARTESIAN_POINT ( 'NONE',  ( 122.0833988668779426, 13.99999999999995737, 305.4231310199934342 ) ) ;
#5862 = FACE_OUTER_BOUND ( 'NONE', #6657, .T. ) ;
#5863 = CARTESIAN_POINT ( 'NONE',  ( -19.65782694227117489, 15.99999999999995914, 355.8890173445403775 ) ) ;
#5864 = ORIENTED_EDGE ( 'NONE', *, *, #9859, .F. ) ;
#5865 = DIRECTION ( 'NONE',  ( 0.000000000000000000, 0.000000000000000000, -1.000000000000000000 ) ) ;
#5866 = CARTESIAN_POINT ( 'NONE',  ( -142.3201364069180954, 92.97725702767873202, 246.9964878329474800 ) ) ;
#5867 = ORIENTED_EDGE ( 'NONE', *, *, #1717, .F. ) ;
#5868 = CARTESIAN_POINT ( 'NONE',  ( 86.62198976941226647, 13.99999999999995737, 335.3448099664433357 ) ) ;
#5869 = CARTESIAN_POINT ( 'NONE',  ( 80.88435374146580159, 40.99999999999995026, 332.5441785871897196 ) ) ;
#5870 = CARTESIAN_POINT ( 'NONE',  ( -34.01727831771084709, 13.99999999999995737, 355.2098828588874539 ) ) ;
#5871 = CARTESIAN_POINT ( 'NONE',  ( 33.95459305947959194, 13.96054524897192017, 355.6236861552920345 ) ) ;
#5872 = LINE ( 'NONE', #1993, #2538 ) ;
#5873 = DIRECTION ( 'NONE',  ( 1.000000000000000000, 0.000000000000000000, -4.382459307730909397E-15 ) ) ;
#5875 = EDGE_CURVE ( 'NONE', #7050, #5631, #3671, .T. ) ;
#5874 = AXIS2_PLACEMENT_3D ( 'NONE', #5215, #9138, #5963 ) ;
#5876 = EDGE_CURVE ( 'NONE', #4487, #3819, #771, .T. ) ;
#5877 = CARTESIAN_POINT ( 'NONE',  ( -138.9162194555861731, 63.67964028328565718, 253.7611979622393505 ) ) ;
#5878 = DIRECTION ( 'NONE',  ( 1.000000000000000000, 0.000000000000000000, -4.382459307730909397E-15 ) ) ;
#5879 = FACE_OUTER_BOUND ( 'NONE', #5370, .T. ) ;
#5880 = ORIENTED_EDGE ( 'NONE', *, *, #6734, .T. ) ;
#5881 = CARTESIAN_POINT ( 'NONE',  ( -88.98531161943931522, 14.00510225282130605, 329.0274823074498727 ) ) ;
#5882 = CARTESIAN_POINT ( 'NONE',  ( 80.70756303102506024, 37.35804134949885480, 345.7004310052106462 ) ) ;
#5883 = ADVANCED_FACE ( 'NONE', ( #1219 ), #4290, .F. ) ;
#5884 = CARTESIAN_POINT ( 'NONE',  ( 90.36473099348265237, 14.09541594017392896, 337.6600562055619434 ) ) ;
#5885 = ORIENTED_EDGE ( 'NONE', *, *, #6713, .F. ) ;
#5886 = FACE_OUTER_BOUND ( 'NONE', #8252, .T. ) ;
#5887 = VERTEX_POINT ( 'NONE', #1211 ) ;
#5888 = DIRECTION ( 'NONE',  ( -0.000000000000000000, -1.000000000000000000, -0.000000000000000000 ) ) ;
#5889 = CARTESIAN_POINT ( 'NONE',  ( 94.53007131689540188, 140.8994246182639074, 334.5718945043718122 ) ) ;
#5890 = CARTESIAN_POINT ( 'NONE',  ( -7.466024364692420257, 13.94812981576530930, 357.0878156403966841 ) ) ;
#5891 = DIRECTION ( 'NONE',  ( 1.000000000000000000, -0.000000000000000000, -0.000000000000000000 ) ) ;
#5892 = CARTESIAN_POINT ( 'NONE',  ( 131.1786492482749509, 93.55425127022846254, 273.9836672653594292 ) ) ;
#5893 = ORIENTED_EDGE ( 'NONE', *, *, #9008, .T. ) ;
#5894 =( BOUNDED_SURFACE ( )  B_SPLINE_SURFACE ( 3, 2, ( 
 ( #9354, #3206, #8604 ),
 ( #4780, #6346, #8963 ),
 ( #9622, #7505, #8096 ),
 ( #1208, #1956, #4377 ),
 ( #2714, #6594, #8148 ),
 ( #1254, #8193, #9725 ),
 ( #7453, #4330, #8248 ),
 ( #1157, #3627, #5127 ),
 ( #5783, #2100, #5030 ),
 ( #600, #2056, #553 ),
 ( #6547, #1299, #6702 ),
 ( #7304, #404, #9671 ),
 ( #4278, #7403, #7353 ),
 ( #9776, #2758, #3673 ),
 ( #2010, #3472, #2812 ),
 ( #8858, #2856, #450 ) ),
 .UNSPECIFIED., .F., .F., .T. ) 
 B_SPLINE_SURFACE_WITH_KNOTS ( ( 4, 2, 2, 2, 2, 2, 2, 4 ),
 ( 3, 3 ),
 ( 0.003787184236675218349, 0.005485805001176284612, 0.006335115383426816876, 0.007184425765677350008, 0.008033736147927883139, 0.008883046530178415404, 0.009732356912428949403, 0.01058166729467948167 ),
 ( 0.000000000000000000, 1.000000000000000000 ),
 .UNSPECIFIED. ) 
 GEOMETRIC_REPRESENTATION_ITEM ( )  RATIONAL_B_SPLINE_SURFACE ( (
 ( 1.000000000000000000, 0.7071067811865475727, 1.000000000000000000),
 ( 1.000000000000000000, 0.6849599736879573575, 1.000000000000000000),
 ( 1.000000000000000000, 0.6620831715780047810, 1.000000000000000000),
 ( 1.000000000000000000, 0.6264395248837277830, 1.000000000000000000),
 ( 1.000000000000000000, 0.6142782733611065193, 1.000000000000000000),
 ( 1.000000000000000000, 0.5905970924130867772, 1.000000000000000000),
 ( 1.000000000000000000, 0.5789529636476978824, 1.000000000000000000),
 ( 1.000000000000000000, 0.5563112372047026577, 1.000000000000000000),
 ( 1.000000000000000000, 0.5452136484592482457, 1.000000000000000000),
 ( 1.000000000000000000, 0.5251151047385689274, 1.000000000000000000),
 ( 1.000000000000000000, 0.5160072479378796650, 1.000000000000000000),
 ( 1.000000000000000000, 0.5004388351957225201, 1.000000000000000000),
 ( 1.000000000000000000, 0.4942399298677482289, 1.000000000000000000),
 ( 1.000000000000000000, 0.4857760309976332791, 1.000000000000000000),
 ( 1.000000000000000000, 0.4834747811775995108, 1.000000000000000000),
 ( 1.000000000000000000, 0.4834937784153346407, 1.000000000000000000) ) ) 
 REPRESENTATION_ITEM ( '' )  SURFACE ( )  );
#5895 = EDGE_CURVE ( 'NONE', #9060, #6754, #632, .T. ) ;
#5896 = VERTEX_POINT ( 'NONE', #5221 ) ;
#5897 = CARTESIAN_POINT ( 'NONE',  ( -19.65782694227117489, 15.99999999999995914, 355.8890173445403775 ) ) ;
#5898 = CARTESIAN_POINT ( 'NONE',  ( 90.36503055104108739, 140.9045195297987618, 337.6600562055619434 ) ) ;
#5899 = ORIENTED_EDGE ( 'NONE', *, *, #4835, .F. ) ;
#5900 = FACE_OUTER_BOUND ( 'NONE', #3301, .T. ) ;
#5901 = ORIENTED_EDGE ( 'NONE', *, *, #1563, .F. ) ;
#5902 = CARTESIAN_POINT ( 'NONE',  ( -443274.9391902462812, 140.9999999999999716, 190952.4071907160396 ) ) ;
#5903 = CYLINDRICAL_SURFACE ( 'NONE', #9710, 0.6499999999999839240 ) ;
#5904 = EDGE_CURVE ( 'NONE', #9743, #1904, #6437, .T. ) ;
#5905 = CARTESIAN_POINT ( 'NONE',  ( -72.45203011175649976, 13.79766592129617564, 356.0863024116961242 ) ) ;
#5906 = CARTESIAN_POINT ( 'NONE',  ( 77.99999999996879296, 38.99999999999995737, 333.1338662245002524 ) ) ;
#5907 = DIRECTION ( 'NONE',  ( 0.000000000000000000, -1.000000000000000000, 0.000000000000000000 ) ) ;
#5908 = DIRECTION ( 'NONE',  ( -1.000000000000000000, 0.000000000000000000, 0.000000000000000000 ) ) ;
#5909 = DIRECTION ( 'NONE',  ( 0.000000000000000000, -1.000000000000000000, 0.000000000000000000 ) ) ;
#5910 = ORIENTED_EDGE ( 'NONE', *, *, #2417, .T. ) ;
#5911 = CARTESIAN_POINT ( 'NONE',  ( 33.95451595732716044, 13.86761219734886730, 355.9177044229368789 ) ) ;
#5912 = CARTESIAN_POINT ( 'NONE',  ( -62.34415595749124606, 37.61419905042276213, 355.3912479685897665 ) ) ;
#5913 = AXIS2_PLACEMENT_3D ( 'NONE', #2368, #5435, #8660 ) ;
#5914 = ORIENTED_EDGE ( 'NONE', *, *, #3529, .T. ) ;
#5915 = DIRECTION ( 'NONE',  ( -0.000000000000000000, 1.000000000000000000, 0.000000000000000000 ) ) ;
#5916 = B_SPLINE_CURVE_WITH_KNOTS ( 'NONE', 3,
 ( #28, #7864, #8475, #3078, #1584, #2335, #4755, #9430, #6164, #6980, #8518, #3134, #1629, #8571, #129, #2532, #7822, #4705, #8623, #5449, #1537, #5495, #1676, #9238, #2483, #5403, #3847, #969, #9326, #925, #6219, #6925, #2428, #4005 ),
 .UNSPECIFIED., .F., .F.,
 ( 4, 2, 2, 2, 2, 2, 2, 2, 2, 2, 2, 2, 2, 2, 2, 2, 4 ),
 ( 0.000000000000000000, 0.0009813870752595824348, 0.001962774150519164870, 0.002944161225778747087, 0.003925548301038329739, 0.004906935376297912391, 0.005888322451557494175, 0.006869709526817076826, 0.007851096602076659478, 0.008832483677336241262, 0.009813870752595824781, 0.01079525782785540657, 0.01177664490311498835, 0.01275803197837457187, 0.01373941905363415365, 0.01472080612889373717, 0.01570219320415331896 ),
 .UNSPECIFIED. ) ;
#5917 = CARTESIAN_POINT ( 'NONE',  ( 26.83658098979148932, 14.23830340477128686, 355.4945456279000382 ) ) ;
#5918 = DIRECTION ( 'NONE',  ( 0.000000000000000000, 0.000000000000000000, 1.000000000000000000 ) ) ;
#5919 = CARTESIAN_POINT ( 'NONE',  ( 76.93877551017327221, 39.00000000000001421, 335.1041285840111073 ) ) ;
#5920 = DIRECTION ( 'NONE',  ( -1.000000000000000000, 0.000000000000000000, -7.975740119433571921E-16 ) ) ;
#5921 = CARTESIAN_POINT ( 'NONE',  ( -77.99999999996914823, 38.99999999999995737, 336.7993579437904259 ) ) ;
#5922 = DIRECTION ( 'NONE',  ( 0.9186345175356983583, 0.000000000000000000, 0.3951083689216852157 ) ) ;
#5923 = DIRECTION ( 'NONE',  ( 1.000000000000000000, 3.932027879734597219E-16, 4.652899657686007087E-16 ) ) ;
#5924 = ORIENTED_EDGE ( 'NONE', *, *, #1257, .F. ) ;
#5925 = ORIENTED_EDGE ( 'NONE', *, *, #1311, .T. ) ;
#5926 = DIRECTION ( 'NONE',  ( 0.000000000000000000, -0.6454598724445600455, -0.7637941823972294042 ) ) ;
#5927 = EDGE_CURVE ( 'NONE', #988, #2946, #3176, .T. ) ;
#5928 = CARTESIAN_POINT ( 'NONE',  ( 128.9762502871573133, 88.23721986450266286, 278.4581332923905279 ) ) ;
#5929 = DIRECTION ( 'NONE',  ( -0.000000000000000000, 1.000000000000000000, 0.000000000000000000 ) ) ;
#5930 = ORIENTED_EDGE ( 'NONE', *, *, #2182, .T. ) ;
#5931 = CYLINDRICAL_SURFACE ( 'NONE', #4529, 0.6499999999999839240 ) ;
#5932 = ORIENTED_EDGE ( 'NONE', *, *, #8902, .T. ) ;
#5933 = LINE ( 'NONE', #9007, #5538 ) ;
#5934 = ORIENTED_EDGE ( 'NONE', *, *, #7754, .F. ) ;
#5935 = CARTESIAN_POINT ( 'NONE',  ( -33.71887832374131477, 14.32269948187116704, 354.1632520336754624 ) ) ;
#5936 = CARTESIAN_POINT ( 'NONE',  ( -142.5321434609318203, 86.24818464547423957, 275.6086084298300989 ) ) ;
#5937 = CARTESIAN_POINT ( 'NONE',  ( 0.000000000000000000, 13.99999999999995737, 212.1999999999999602 ) ) ;
#5938 = ORIENTED_EDGE ( 'NONE', *, *, #8938, .F. ) ;
#5939 = EDGE_CURVE ( 'NONE', #9076, #1958, #2188, .T. ) ;
#5940 = VERTEX_POINT ( 'NONE', #7581 ) ;
#5941 = CARTESIAN_POINT ( 'NONE',  ( -28.03791893497208676, 15.99999999999995914, 354.4916302566275590 ) ) ;
#5942 = CARTESIAN_POINT ( 'NONE',  ( 1.414529833966339911, 14.04598973437246379, 357.1965721856430491 ) ) ;
#5943 = ORIENTED_EDGE ( 'NONE', *, *, #6703, .F. ) ;
#5944 = DIRECTION ( 'NONE',  ( 0.000000000000000000, 0.000000000000000000, -1.000000000000000000 ) ) ;
#5945 = ORIENTED_EDGE ( 'NONE', *, *, #4124, .T. ) ;
#5946 = CARTESIAN_POINT ( 'NONE',  ( -114.1267847556320731, 14.04362696352465356, 304.1640986442904477 ) ) ;
#5947 = DIRECTION ( 'NONE',  ( -0.6069928224497136426, 0.000000000000000000, -0.7947073130999428026 ) ) ;
#5948 = PLANE ( 'NONE',  #8732 ) ;
#5949 = EDGE_CURVE ( 'NONE', #9049, #7921, #1394, .T. ) ;
#5950 =( BOUNDED_CURVE ( )  B_SPLINE_CURVE ( 3, ( #7501, #7585, #6642, #7445 ),
 .UNSPECIFIED., .F., .T. ) 
 B_SPLINE_CURVE_WITH_KNOTS ( ( 4, 4 ),
 ( 0.3815115400465963758, 0.5081822637535887699 ),
 .UNSPECIFIED. ) 
 CURVE ( )  GEOMETRIC_REPRESENTATION_ITEM ( )  RATIONAL_B_SPLINE_CURVE ( ( 1.000000000000000000, 0.9986633242274705058, 0.9986633242274705058, 1.000000000000000000 ) ) 
 REPRESENTATION_ITEM ( '' )  );
#5951 = FACE_OUTER_BOUND ( 'NONE', #3048, .T. ) ;
#5952 = CARTESIAN_POINT ( 'NONE',  ( 80.21366393007735951, 21.59506644372080331, 345.9975347688044280 ) ) ;
#5953 = DIRECTION ( 'NONE',  ( 0.000000000000000000, -1.000000000000000000, 0.000000000000000000 ) ) ;
#5954 = CARTESIAN_POINT ( 'NONE',  ( -80.88435374146619949, 138.9999999999999432, 332.5441785871894353 ) ) ;
#5955 = ORIENTED_EDGE ( 'NONE', *, *, #7891, .T. ) ;
#5956 = DIRECTION ( 'NONE',  ( -0.000000000000000000, 1.000000000000000000, 0.000000000000000000 ) ) ;
#5957 = AXIS2_PLACEMENT_3D ( 'NONE', #4670, #983, #95 ) ;
#5958 = CARTESIAN_POINT ( 'NONE',  ( -63.16894221695844180, 36.99999999999995737, 352.6481567667961485 ) ) ;
#5959 = ORIENTED_EDGE ( 'NONE', *, *, #6303, .T. ) ;
#5960 = CARTESIAN_POINT ( 'NONE',  ( 24.22806896410619260, 14.54212639653435701, 355.5438985188440029 ) ) ;
#5961 = DIRECTION ( 'NONE',  ( -1.000000000000000000, -8.526002639847583945E-12, -1.387778780781444256E-14 ) ) ;
#5962 = EDGE_CURVE ( 'NONE', #2012, #6786, #8093, .T. ) ;
#5963 = DIRECTION ( 'NONE',  ( 1.776356839400250465E-15, 0.000000000000000000, 1.000000000000000000 ) ) ;
#5964 = CARTESIAN_POINT ( 'NONE',  ( 90.10339329910814854, 13.99999999999995737, 328.8955984283251155 ) ) ;
#5965 = CARTESIAN_POINT ( 'NONE',  ( 59.17157287522110920, 38.29091974489357142, 357.7992227507939447 ) ) ;
#5966 = CARTESIAN_POINT ( 'NONE',  ( 80.07556426240613234, 19.06462882672620296, 346.0840444305562755 ) ) ;
#5967 = ORIENTED_EDGE ( 'NONE', *, *, #8832, .T. ) ;
#5968 = ORIENTED_EDGE ( 'NONE', *, *, #601, .F. ) ;
#5969 = DIRECTION ( 'NONE',  ( -1.000000000000000000, 0.000000000000000000, -7.975740119433573893E-16 ) ) ;
#5970 = VECTOR ( 'NONE', #9983, 1000.000000000000000 ) ;
#5971 = CARTESIAN_POINT ( 'NONE',  ( 78.48715027565398827, 39.04424520165498080, 344.4095131331806101 ) ) ;
#5972 = VERTEX_POINT ( 'NONE', #5739 ) ;
#5973 = B_SPLINE_CURVE_WITH_KNOTS ( 'NONE', 3,
 ( #6052, #9084, #5149, #2922, #9129, #9750, #3649, #3737, #2835, #524, #5204, #1425 ),
 .UNSPECIFIED., .F., .F.,
 ( 4, 2, 2, 2, 2, 4 ),
 ( 0.000000000000000000, 0.5000000000000000000, 0.6250000000000000000, 0.7500000000000000000, 0.8750000000000000000, 1.000000000000000000 ),
 .UNSPECIFIED. ) ;
#5974 = PRODUCT_DEFINITION_CONTEXT ( 'detailed design', #9230, 'design' ) ;
#5975 = CARTESIAN_POINT ( 'NONE',  ( 74.03459657040767183, 16.66298024913111320, 357.7015138339617124 ) ) ;
#5976 = AXIS2_PLACEMENT_3D ( 'NONE', #5773, #9714, #2045 ) ;
#5977 = EDGE_CURVE ( 'NONE', #3526, #4872, #2121, .T. ) ;
#5978 = CARTESIAN_POINT ( 'NONE',  ( 1.009719629430382282E-25, 138.9999999999999432, 212.1999999999999602 ) ) ;
#5979 = ORIENTED_EDGE ( 'NONE', *, *, #8447, .F. ) ;
#5980 = PLANE ( 'NONE',  #5647 ) ;
#5981 = EDGE_CURVE ( 'NONE', #1904, #1912, #3306, .T. ) ;
#5982 = VERTEX_POINT ( 'NONE', #4510 ) ;
#5983 = CARTESIAN_POINT ( 'NONE',  ( -90.09199548601698382, 13.99999999999995737, 328.3569298378167787 ) ) ;
#5984 = CARTESIAN_POINT ( 'NONE',  ( -144.3410698873659612, 89.97422520020263903, 271.3747880754171433 ) ) ;
#5985 = CARTESIAN_POINT ( 'NONE',  ( 130.4015287316203455, 93.70031824593185377, 275.6074606727632386 ) ) ;
#5986 = VERTEX_POINT ( 'NONE', #7999 ) ;
#5987 = CIRCLE ( 'NONE', #4863, 0.6499999999999839240 ) ;
#5988 = CIRCLE ( 'NONE', #7441, 0.6499999999999839240 ) ;
#5989 = EDGE_CURVE ( 'NONE', #4774, #6796, #681, .T. ) ;
#5990 = ORIENTED_EDGE ( 'NONE', *, *, #793, .F. ) ;
#5991 = ADVANCED_FACE ( 'NONE', ( #1865 ), #4937, .F. ) ;
#5992 = AXIS2_PLACEMENT_3D ( 'NONE', #7035, #135, #3184 ) ;
#5993 = CARTESIAN_POINT ( 'NONE',  ( 147.8961038961023462, 52.69664822364501333, 261.8260259576897511 ) ) ;
#5994 = ORIENTED_EDGE ( 'NONE', *, *, #9365, .T. ) ;
#5995 = FACE_OUTER_BOUND ( 'NONE', #5194, .T. ) ;
#5996 = ORIENTED_EDGE ( 'NONE', *, *, #5555, .T. ) ;
#5997 = CARTESIAN_POINT ( 'NONE',  ( -113.9824199850091162, 14.07537889586557256, 304.1640986442904477 ) ) ;
#5998 = FACE_OUTER_BOUND ( 'NONE', #8375, .T. ) ;
#5999 = VECTOR ( 'NONE', #6764, 1000.000000000000000 ) ;
#6000 = AXIS2_PLACEMENT_3D ( 'NONE', #2773, #2021, #9474 ) ;
#6001 = CARTESIAN_POINT ( 'NONE',  ( 113.3164786807389106, 140.8899772512373261, 304.8038090092298376 ) ) ;
#6002 = CARTESIAN_POINT ( 'NONE',  ( -79.99999999996916245, 0.000000000000000000, 0.000000000000000000 ) ) ;
#6003 = CARTESIAN_POINT ( 'NONE',  ( 143.4040466960721290, 140.9999999999999716, 244.5153120237258406 ) ) ;
#6004 = EDGE_CURVE ( 'NONE', #1972, #5972, #9565, .T. ) ;
#6005 = CARTESIAN_POINT ( 'NONE',  ( 81.99999999996877875, 138.9999999999999432, 334.2040982918406371 ) ) ;
#6006 = CARTESIAN_POINT ( 'NONE',  ( 140.6056814691050647, 95.83891938483210993, 247.6269383649844826 ) ) ;
#6007 = ORIENTED_EDGE ( 'NONE', *, *, #9184, .T. ) ;
#6008 = LINE ( 'NONE', #1476, #7920 ) ;
#6009 = B_SPLINE_CURVE_WITH_KNOTS ( 'NONE', 3,
 ( #1172, #9742, #2775, #612, #7319, #9636, #6563, #5849, #8161, #7517 ),
 .UNSPECIFIED., .F., .F.,
 ( 4, 2, 2, 2, 4 ),
 ( 0.000000000000000000, 0.2500000000000000000, 0.5000000000000000000, 0.7500000000000000000, 1.000000000000000000 ),
 .UNSPECIFIED. ) ;
#6010 = DIRECTION ( 'NONE',  ( 1.000000000000000000, 0.000000000000000000, 2.950417687941350921E-11 ) ) ;
#6011 = CARTESIAN_POINT ( 'NONE',  ( 33.97511499979529503, 13.99890960921303140, 355.1375334024581889 ) ) ;
#6012 = CARTESIAN_POINT ( 'NONE',  ( 141.4529712308194291, 140.9999999999999716, 244.0756479145594824 ) ) ;
#6013 = VECTOR ( 'NONE', #1462, 1000.000000000000000 ) ;
#6014 = AXIS2_PLACEMENT_3D ( 'NONE', #9977, #7737, #2396 ) ;
#6015 = CARTESIAN_POINT ( 'NONE',  ( -59.17157287521447984, 5.499999999997606359, 382.8913526958504008 ) ) ;
#6016 = EDGE_CURVE ( 'NONE', #9160, #4481, #4387, .T. ) ;
#6017 = FACE_OUTER_BOUND ( 'NONE', #5748, .T. ) ;
#6018 = DIRECTION ( 'NONE',  ( 0.000000000000000000, 0.000000000000000000, -1.000000000000000000 ) ) ;
#6019 = AXIS2_PLACEMENT_3D ( 'NONE', #7810, #952, #110 ) ;
#6020 = DIRECTION ( 'NONE',  ( 0.000000000000000000, 0.000000000000000000, 1.000000000000000000 ) ) ;
#6021 = CARTESIAN_POINT ( 'NONE',  ( -93.35076012443974491, 14.00616300474525744, 334.8783676550358450 ) ) ;
#6022 = ORIENTED_EDGE ( 'NONE', *, *, #5769, .F. ) ;
#6023 = AXIS2_PLACEMENT_3D ( 'NONE', #2058, #5888, #1258 ) ;
#6024 = CARTESIAN_POINT ( 'NONE',  ( -119.9791691429852136, 140.8527359093095015, 309.9440486096538621 ) ) ;
#6025 = CARTESIAN_POINT ( 'NONE',  ( 115.5426391678579847, 140.9999999999999716, 309.3793316430788991 ) ) ;
#6026 = EDGE_CURVE ( 'NONE', #7305, #2860, #826, .T. ) ;
#6027 = AXIS2_PLACEMENT_3D ( 'NONE', #4209, #3352, #6484 ) ;
#6028 = CARTESIAN_POINT ( 'NONE',  ( 72.25186943172023746, 13.63383375002540276, 356.3557826422627386 ) ) ;
#6029 = CARTESIAN_POINT ( 'NONE',  ( -119.7134399979684929, 140.9999999999999716, 309.3357586946546576 ) ) ;
#6030 = ORIENTED_EDGE ( 'NONE', *, *, #278, .F. ) ;
#6031 = CYLINDRICAL_SURFACE ( 'NONE', #2756, 0.6499999999999839240 ) ;
#6032 = ORIENTED_EDGE ( 'NONE', *, *, #9859, .T. ) ;
#6033 = CARTESIAN_POINT ( 'NONE',  ( -89.51886835382292418, 14.10644129250497869, 327.9649227587659652 ) ) ;
#6034 = DIRECTION ( 'NONE',  ( 0.000000000000000000, -1.000000000000000000, -0.000000000000000000 ) ) ;
#6035 = CARTESIAN_POINT ( 'NONE',  ( -142.8447822607929822, 86.22351189566397522, 274.9011507643710388 ) ) ;
#6036 = DIRECTION ( 'NONE',  ( 0.000000000000000000, 0.000000000000000000, -1.000000000000000000 ) ) ;
#6037 = ORIENTED_EDGE ( 'NONE', *, *, #738, .T. ) ;
#6038 = ORIENTED_EDGE ( 'NONE', *, *, #3837, .T. ) ;
#6039 = CARTESIAN_POINT ( 'NONE',  ( -27.73457704118246525, 15.69029042804110929, 354.5669857768583597 ) ) ;
#6040 = DIRECTION ( 'NONE',  ( 0.9289565037496161359, -0.000000000000000000, 0.3701888898134161887 ) ) ;
#6041 = ORIENTED_EDGE ( 'NONE', *, *, #6103, .F. ) ;
#6042 = DIRECTION ( 'NONE',  ( 0.000000000000000000, 0.000000000000000000, -1.000000000000000000 ) ) ;
#6043 = VERTEX_POINT ( 'NONE', #4616 ) ;
#6044 = CARTESIAN_POINT ( 'NONE',  ( -139.9330873187590214, 53.16853776493586281, 250.1967133544654587 ) ) ;
#6045 = CARTESIAN_POINT ( 'NONE',  ( 93.45415342353243204, 13.99999999999995737, 330.9495489862880504 ) ) ;
#6046 = FACE_OUTER_BOUND ( 'NONE', #453, .T. ) ;
#6047 = ADVANCED_FACE ( 'NONE', ( #3090 ), #9292, .F. ) ;
#6048 = EDGE_CURVE ( 'NONE', #3406, #2622, #8577, .T. ) ;
#6049 = EDGE_CURVE ( 'NONE', #7618, #5023, #6269, .T. ) ;
#6050 = B_SPLINE_CURVE_WITH_KNOTS ( 'NONE', 3,
 ( #8175, #3501, #5912, #6626, #9652, #2882 ),
 .UNSPECIFIED., .F., .F.,
 ( 4, 2, 4 ),
 ( 0.000000000000000000, 0.001493000117846491216, 0.002986000235692999778 ),
 .UNSPECIFIED. ) ;
#6051 = DIRECTION ( 'NONE',  ( -0.6069928224509204551, -2.105929397710065371E-15, 0.7947073130990209844 ) ) ;
#6052 = CARTESIAN_POINT ( 'NONE',  ( -33.98921100076227475, 13.41421356237304607, 356.6142135623730383 ) ) ;
#6053 = CARTESIAN_POINT ( 'NONE',  ( -22.45601718566427962, 15.99999999999995914, 355.4786105161898604 ) ) ;
#6054 = ORIENTED_EDGE ( 'NONE', *, *, #1385, .T. ) ;
#6055 = CARTESIAN_POINT ( 'NONE',  ( 62.87996971913409539, 38.99999999999995026, 352.7781270521852548 ) ) ;
#6056 = DIRECTION ( 'NONE',  ( -1.000000000000000000, 4.930380657631323784E-32, -7.975740119433573893E-16 ) ) ;
#6057 = DIRECTION ( 'NONE',  ( 0.000000000000000000, 0.000000000000000000, -1.000000000000000000 ) ) ;
#6058 = FACE_OUTER_BOUND ( 'NONE', #5344, .T. ) ;
#6059 = EDGE_CURVE ( 'NONE', #8186, #7636, #1489, .T. ) ;
#6060 = CARTESIAN_POINT ( 'NONE',  ( -113.9824199850092725, 140.9246211041343884, 304.1640986442904477 ) ) ;
#6061 = FACE_OUTER_BOUND ( 'NONE', #636, .T. ) ;
#6062 = DIRECTION ( 'NONE',  ( 0.000000000000000000, 0.000000000000000000, -1.000000000000000000 ) ) ;
#6063 = CARTESIAN_POINT ( 'NONE',  ( 85.69129513981420132, 140.9999999999999716, 331.6403697970716848 ) ) ;
#6064 = CARTESIAN_POINT ( 'NONE',  ( 79.49347224445259030, 21.54700387731416455, 346.4271193169862499 ) ) ;
#6065 = DIRECTION ( 'NONE',  ( -0.000000000000000000, 1.000000000000000000, -0.000000000000000000 ) ) ;
#6066 = ORIENTED_EDGE ( 'NONE', *, *, #2101, .F. ) ;
#6067 = CARTESIAN_POINT ( 'NONE',  ( -147.4880066386397175, 55.08386306356662487, 263.0262243005856249 ) ) ;
#6068 = CARTESIAN_POINT ( 'NONE',  ( 142.5986389046165357, 94.97364283071246405, 246.2830748116632833 ) ) ;
#6069 = DIRECTION ( 'NONE',  ( 0.000000000000000000, 0.000000000000000000, -1.000000000000000000 ) ) ;
#6070 = ORIENTED_EDGE ( 'NONE', *, *, #3181, .T. ) ;
#6071 = EDGE_CURVE ( 'NONE', #2676, #1124, #2343, .T. ) ;
#6072 = AXIS2_PLACEMENT_3D ( 'NONE', #8906, #1953, #2807 ) ;
#6073 = CARTESIAN_POINT ( 'NONE',  ( 76.23177927006584298, 13.36499125488207085, 357.6118782414345674 ) ) ;
#6074 = CARTESIAN_POINT ( 'NONE',  ( -116.5930016322708553, 13.99999999999995737, 301.5052926970773228 ) ) ;
#6075 = ORIENTED_EDGE ( 'NONE', *, *, #8143, .T. ) ;
#6076 = DIRECTION ( 'NONE',  ( 0.000000000000000000, 0.000000000000000000, 1.000000000000000000 ) ) ;
#6077 = EDGE_CURVE ( 'NONE', #2251, #6786, #2287, .T. ) ;
#6078 = EDGE_LOOP ( 'NONE', ( #2717, #7606, #9678, #864, #490, #2161 ) ) ;
#6079 = CARTESIAN_POINT ( 'NONE',  ( 120.1205661179756135, 140.9999999999999716, 302.0181943237929545 ) ) ;
#6080 = CARTESIAN_POINT ( 'NONE',  ( -29.19527642180863936, 38.29091974489352879, 357.7992227507938878 ) ) ;
#6081 = CARTESIAN_POINT ( 'NONE',  ( -141.0953318915878754, 88.95953494511695681, 278.7440505706608747 ) ) ;
#6082 = CARTESIAN_POINT ( 'NONE',  ( 129.2677760964681113, 92.52145975405269951, 277.8877579712688544 ) ) ;
#6083 = ORIENTED_EDGE ( 'NONE', *, *, #8145, .F. ) ;
#6084 = EDGE_CURVE ( 'NONE', #6756, #4185, #3907, .T. ) ;
#6085 = ORIENTED_EDGE ( 'NONE', *, *, #9393, .T. ) ;
#6086 = DIRECTION ( 'NONE',  ( 0.000000000000000000, 0.000000000000000000, 1.000000000000000000 ) ) ;
#6087 = CARTESIAN_POINT ( 'NONE',  ( 61.04157244717639941, 38.99999999999995737, 353.9849718987005076 ) ) ;
#6088 = CARTESIAN_POINT ( 'NONE',  ( 77.99999999992782307, -143481.1634047836706, 121614.5754453246482 ) ) ;
#6089 = ORIENTED_EDGE ( 'NONE', *, *, #6152, .T. ) ;
#6090 = CARTESIAN_POINT ( 'NONE',  ( -93.87172936769560749, 14.11933619030491727, 335.1396633360761825 ) ) ;
#6091 = EDGE_LOOP ( 'NONE', ( #6298, #5705, #8770, #2425 ) ) ;
#6092 = CARTESIAN_POINT ( 'NONE',  ( -142.3201091418839894, 92.54730932459632697, 246.9965566073706214 ) ) ;
#6093 = FACE_OUTER_BOUND ( 'NONE', #405, .T. ) ;
#6094 = DIRECTION ( 'NONE',  ( -6.938893903907222067E-15, 0.000000000000000000, 1.000000000000000000 ) ) ;
#6095 = CARTESIAN_POINT ( 'NONE',  ( 72.12657779605478936, 13.20160288982392949, 356.8030673972438649 ) ) ;
#6096 = CARTESIAN_POINT ( 'NONE',  ( 81.99999999996879296, 140.9999999999999716, 342.5533658944221997 ) ) ;
#6097 = ORIENTED_EDGE ( 'NONE', *, *, #7739, .T. ) ;
#6098 = CARTESIAN_POINT ( 'NONE',  ( 86.62198976941226647, 140.9999999999999716, 335.3448099664433357 ) ) ;
#6099 = CARTESIAN_POINT ( 'NONE',  ( 116.1903880661201924, 13.99999999999995737, 302.0155889995834855 ) ) ;
#6100 = LINE ( 'NONE', #3945, #2248 ) ;
#6101 = ORIENTED_EDGE ( 'NONE', *, *, #6811, .F. ) ;
#6102 = PLANE ( 'NONE',  #848 ) ;
#6103 = EDGE_CURVE ( 'NONE', #1343, #6412, #7627, .T. ) ;
#6104 = ORIENTED_EDGE ( 'NONE', *, *, #1650, .F. ) ;
#6105 = CARTESIAN_POINT ( 'NONE',  ( -80.09697033885976225, 19.62557157088246740, 346.0704316034034491 ) ) ;
#6106 = CARTESIAN_POINT ( 'NONE',  ( 33.74600268391832003, 14.23688123896377533, 354.3063708205487501 ) ) ;
#6107 = DIRECTION ( 'NONE',  ( -0.000000000000000000, 1.000000000000000000, 0.000000000000000000 ) ) ;
#6108 = CARTESIAN_POINT ( 'NONE',  ( -117.0858108445261507, 13.99999999999995737, 301.0814541897230470 ) ) ;
#6109 = CARTESIAN_POINT ( 'NONE',  ( -19.67457221605326012, 14.80431909534389945, 355.9727262019839600 ) ) ;
#6110 = LINE ( 'NONE', #6265, #23 ) ;
#6111 = VECTOR ( 'NONE', #6782, 1000.000000000000000 ) ;
#6112 = DIRECTION ( 'NONE',  ( -0.000000000000000000, 1.000000000000000000, -0.000000000000000000 ) ) ;
#6113 = CARTESIAN_POINT ( 'NONE',  ( 33.59538806883414708, 15.82650200505984728, 353.2544217687074593 ) ) ;
#6114 = CARTESIAN_POINT ( 'NONE',  ( 81.99999999996879296, 40.99999999999995026, 342.5533658944221997 ) ) ;
#6115 = DIRECTION ( 'NONE',  ( 0.5423039920580481343, 0.8401823493729825287, 4.325275706386358977E-16 ) ) ;
#6116 = EDGE_CURVE ( 'NONE', #4885, #7050, #1688, .T. ) ;
#6117 = DIRECTION ( 'NONE',  ( 1.000000000000000000, 0.000000000000000000, 0.000000000000000000 ) ) ;
#6118 = ORIENTED_EDGE ( 'NONE', *, *, #4410, .T. ) ;
#6119 = CARTESIAN_POINT ( 'NONE',  ( 142.4358330285785996, 91.29265928733775581, 246.7028497471017374 ) ) ;
#6120 = ORIENTED_EDGE ( 'NONE', *, *, #6128, .T. ) ;
#6121 = CARTESIAN_POINT ( 'NONE',  ( -78.43406721304201312, 39.03501818117533162, 336.2526820770210065 ) ) ;
#6122 = ORIENTED_EDGE ( 'NONE', *, *, #6604, .T. ) ;
#6123 = AXIS2_PLACEMENT_3D ( 'NONE', #7866, #131, #82 ) ;
#6124 = CARTESIAN_POINT ( 'NONE',  ( 129.0396621294973727, 88.01969552555806331, 278.3346427817198219 ) ) ;
#6125 = PLANE ( 'NONE',  #402 ) ;
#6126 = ORIENTED_EDGE ( 'NONE', *, *, #9580, .T. ) ;
#6127 = CARTESIAN_POINT ( 'NONE',  ( -74.48561462885179196, 12.91281810558593079, 360.2801680916099372 ) ) ;
#6128 = EDGE_CURVE ( 'NONE', #6458, #6252, #9695, .T. ) ;
#6129 = AXIS2_PLACEMENT_3D ( 'NONE', #8443, #2400, #1600 ) ;
#6130 = ORIENTED_EDGE ( 'NONE', *, *, #9539, .T. ) ;
#6131 = CARTESIAN_POINT ( 'NONE',  ( -443274.9391902462812, 140.9999999999999716, 190952.4071907160396 ) ) ;
#6132 = DIRECTION ( 'NONE',  ( 0.000000000000000000, 0.000000000000000000, -1.000000000000000000 ) ) ;
#6133 = DIRECTION ( 'NONE',  ( 0.000000000000000000, 1.000000000000000000, 0.000000000000000000 ) ) ;
#6134 = ORIENTED_EDGE ( 'NONE', *, *, #8509, .F. ) ;
#6135 = B_SPLINE_CURVE_WITH_KNOTS ( 'NONE', 3,
 ( #3975, #8537, #7840, #7651, #5424, #8492, #1602, #3922, #9985, #2246 ),
 .UNSPECIFIED., .F., .F.,
 ( 4, 2, 2, 2, 4 ),
 ( 0.0004973025898761180338, 0.001656595411009645444, 0.002815888232143172638, 0.003975181053276700266, 0.005134473874410227894 ),
 .UNSPECIFIED. ) ;
#6136 = AXIS2_PLACEMENT_3D ( 'NONE', #1853, #6334, #145 ) ;
#6137 = ORIENTED_EDGE ( 'NONE', *, *, #4491, .F. ) ;
#6138 = CARTESIAN_POINT ( 'NONE',  ( -73.67810727257695191, 25.97973387536694290, 350.2949356748885634 ) ) ;
#6139 = ADVANCED_FACE ( 'NONE', ( #931 ), #779, .T. ) ;
#6140 = CARTESIAN_POINT ( 'NONE',  ( -81.99999999996916245, 138.9999999999999432, 334.2040982918403529 ) ) ;
#6141 = CARTESIAN_POINT ( 'NONE',  ( 130.1747955520809796, 86.33829687042997136, 276.0716450936646993 ) ) ;
#6142 = DIRECTION ( 'NONE',  ( -0.000000000000000000, 1.000000000000000000, -0.000000000000000000 ) ) ;
#6143 = VERTEX_POINT ( 'NONE', #5411 ) ;
#6144 = AXIS2_PLACEMENT_3D ( 'NONE', #9547, #1891, #4965 ) ;
#6145 = DIRECTION ( 'NONE',  ( -1.000000000000000000, 0.000000000000000000, 0.000000000000000000 ) ) ;
#6146 = AXIS2_PLACEMENT_3D ( 'NONE', #3614, #8184, #488 ) ;
#6147 = ORIENTED_EDGE ( 'NONE', *, *, #849, .T. ) ;
#6148 = CARTESIAN_POINT ( 'NONE',  ( -142.3789313172759137, 91.69585621711989631, 246.8478051115999676 ) ) ;
#6149 = CYLINDRICAL_SURFACE ( 'NONE', #3325, 156.0000000000000000 ) ;
#6150 = DIRECTION ( 'NONE',  ( -1.000000000000000000, 0.000000000000000000, -2.775557561562850646E-14 ) ) ;
#6151 = CARTESIAN_POINT ( 'NONE',  ( 72.45057650324427811, 12.57750676532303657, 357.1183743959977619 ) ) ;
#6152 = EDGE_CURVE ( 'NONE', #7553, #602, #1026, .T. ) ;
#6153 = CIRCLE ( 'NONE', #9048, 3.749999999999975575 ) ;
#6154 = CARTESIAN_POINT ( 'NONE',  ( 142.5321434609318203, 93.70026575493101006, 275.6086084298300989 ) ) ;
#6155 = DIRECTION ( 'NONE',  ( -0.000000000000000000, 1.000000000000000000, 0.000000000000000000 ) ) ;
#6156 = DIRECTION ( 'NONE',  ( 0.000000000000000000, 1.000000000000000000, 0.000000000000000000 ) ) ;
#6157 = ORIENTED_EDGE ( 'NONE', *, *, #4002, .F. ) ;
#6158 = CARTESIAN_POINT ( 'NONE',  ( 61.04011215730324125, 38.99999999999996447, 353.9863782059900359 ) ) ;
#6159 = ORIENTED_EDGE ( 'NONE', *, *, #4093, .F. ) ;
#6160 = DIRECTION ( 'NONE',  ( -0.000000000000000000, -1.000000000000000000, -0.000000000000000000 ) ) ;
#6161 = CYLINDRICAL_SURFACE ( 'NONE', #7924, 2.000000000000001776 ) ;
#6162 = FACE_OUTER_BOUND ( 'NONE', #1606, .T. ) ;
#6163 = AXIS2_PLACEMENT_3D ( 'NONE', #4212, #3458, #3509 ) ;
#6164 = CARTESIAN_POINT ( 'NONE',  ( -140.7500124745936603, 88.91378972455538587, 247.0493311053448622 ) ) ;
#6165 = EDGE_CURVE ( 'NONE', #7050, #9160, #994, .T. ) ;
#6166 = CARTESIAN_POINT ( 'NONE',  ( -33.59538806883449524, 15.82650200505983307, 353.2544217687072887 ) ) ;
#6167 = DIRECTION ( 'NONE',  ( -1.000000000000000000, 0.000000000000000000, 0.000000000000000000 ) ) ;
#6168 = AXIS2_PLACEMENT_3D ( 'NONE', #8516, #6873, #5400 ) ;
#6169 = AXIS2_PLACEMENT_3D ( 'NONE', #9319, #1767, #7020 ) ;
#6170 = CARTESIAN_POINT ( 'NONE',  ( 0.000000000000000000, 38.99999999999995737, 212.1999999999999602 ) ) ;
#6171 = CARTESIAN_POINT ( 'NONE',  ( 86.12827063230193403, 13.99999999999995737, 331.1591708579985607 ) ) ;
#6172 = PLANE ( 'NONE',  #2605 ) ;
#6173 = DIRECTION ( 'NONE',  ( 1.460819769243638766E-15, 0.000000000000000000, -1.000000000000000000 ) ) ;
#6174 = CARTESIAN_POINT ( 'NONE',  ( -81.99999999996916245, 138.9999999999999432, 342.5533658944219155 ) ) ;
#6175 = VERTEX_POINT ( 'NONE', #285 ) ;
#6176 = DIRECTION ( 'NONE',  ( -1.000000000000000000, 1.082467449009526617E-12, 0.000000000000000000 ) ) ;
#6177 = VECTOR ( 'NONE', #417, 1000.000000000000000 ) ;
#6178 = CARTESIAN_POINT ( 'NONE',  ( 142.3571441144672747, 91.90320263593980599, 246.9029739386593008 ) ) ;
#6179 = DIRECTION ( 'NONE',  ( -0.000000000000000000, 1.000000000000000000, -0.000000000000000000 ) ) ;
#6180 = CARTESIAN_POINT ( 'NONE',  ( -143.4040466960718732, 15.99999999999995914, 244.5153120237268922 ) ) ;
#6181 = EDGE_LOOP ( 'NONE', ( #8296, #2358, #7764 ) ) ;
#6182 = AXIS2_PLACEMENT_3D ( 'NONE', #6275, #4620, #934 ) ;
#6183 = EDGE_CURVE ( 'NONE', #5063, #9590, #8234, .T. ) ;
#6184 = CARTESIAN_POINT ( 'NONE',  ( -122.0833988668251067, 13.99999999999995737, 305.4231310200145231 ) ) ;
#6185 = VECTOR ( 'NONE', #3161, 1000.000000000000000 ) ;
#6186 = CARTESIAN_POINT ( 'NONE',  ( -131.7629226601451080, 87.08018374370512049, 272.7274376938348723 ) ) ;
#6187 = ORIENTED_EDGE ( 'NONE', *, *, #3733, .F. ) ;
#6188 = CARTESIAN_POINT ( 'NONE',  ( -120.1205661178795481, 140.9999999999999716, 302.0181943237038809 ) ) ;
#6189 = AXIS2_PLACEMENT_3D ( 'NONE', #3648, #523, #4400 ) ;
#6190 = VERTEX_POINT ( 'NONE', #5716 ) ;
#6191 = DIRECTION ( 'NONE',  ( 0.9186345175356985804, 0.000000000000000000, 0.3951083689216849382 ) ) ;
#6192 = DIRECTION ( 'NONE',  ( 0.000000000000000000, 0.000000000000000000, 1.000000000000000000 ) ) ;
#6193 = LINE ( 'NONE', #1649, #395 ) ;
#6194 = AXIS2_PLACEMENT_3D ( 'NONE', #852, #8545, #8605 ) ;
#6195 = VERTEX_POINT ( 'NONE', #8734 ) ;
#6196 = ADVANCED_FACE ( 'NONE', ( #9489 ), #7189, .F. ) ;
#6197 = AXIS2_PLACEMENT_3D ( 'NONE', #1887, #7278, #4850 ) ;
#6198 = ORIENTED_EDGE ( 'NONE', *, *, #5989, .T. ) ;
#6199 = DIRECTION ( 'NONE',  ( 0.000000000000000000, 0.000000000000000000, 1.000000000000000000 ) ) ;
#6200 = CARTESIAN_POINT ( 'NONE',  ( -89.50628086271555617, 140.9999999999999716, 328.6387779885129703 ) ) ;
#6201 = CARTESIAN_POINT ( 'NONE',  ( -80.28930938364149483, 38.87071506444889479, 332.9421276097123155 ) ) ;
#6202 = ORIENTED_EDGE ( 'NONE', *, *, #8194, .F. ) ;
#6203 = FACE_OUTER_BOUND ( 'NONE', #3014, .T. ) ;
#6204 = VERTEX_POINT ( 'NONE', #384 ) ;
#6205 = CARTESIAN_POINT ( 'NONE',  ( -143.3343474408647467, 96.37514599781520985, 244.2757241660877412 ) ) ;
#6206 = CARTESIAN_POINT ( 'NONE',  ( -9.231344669661185165, 39.00000000350026852, 357.1999999991842856 ) ) ;
#6207 = CARTESIAN_POINT ( 'NONE',  ( 74.48561462884113382, 12.91281810558094634, 360.2801680916041960 ) ) ;
#6208 = EDGE_CURVE ( 'NONE', #8933, #6252, #2276, .T. ) ;
#6209 = CARTESIAN_POINT ( 'NONE',  ( 113.5535392351735027, 141.0000000000000000, 305.3243767774224011 ) ) ;
#6210 = ORIENTED_EDGE ( 'NONE', *, *, #5815, .T. ) ;
#6211 = CARTESIAN_POINT ( 'NONE',  ( 137.8653583550299402, 64.04040167233776515, 257.1243712962392465 ) ) ;
#6212 = CARTESIAN_POINT ( 'NONE',  ( 1.285747030165280247, 12.34251940653939883, 357.1999999999999886 ) ) ;
#6213 = VERTEX_POINT ( 'NONE', #1089 ) ;
#6214 = CARTESIAN_POINT ( 'NONE',  ( -79.99999999996879296, 140.9999999999999716, 347.2555441290978706 ) ) ;
#6215 = DIRECTION ( 'NONE',  ( -0.000000000000000000, 1.000000000000000000, 0.000000000000000000 ) ) ;
#6216 = EDGE_CURVE ( 'NONE', #5887, #2, #8681, .T. ) ;
#6217 = CARTESIAN_POINT ( 'NONE',  ( -114.2230427634406453, 13.99999999999995737, 305.4179203717066571 ) ) ;
#6218 = CARTESIAN_POINT ( 'NONE',  ( 122.9327137032442181, 14.17133114687909590, 306.2990259588029858 ) ) ;
#6219 = CARTESIAN_POINT ( 'NONE',  ( -141.1768443246425591, 97.95696385096657366, 245.2785386233106806 ) ) ;
#6220 = CIRCLE ( 'NONE', #5566, 2.000000000000001776 ) ;
#6221 = CARTESIAN_POINT ( 'NONE',  ( 79.15485220548340806, 39.36232943236265669, 335.3235799632416843 ) ) ;
#6222 = CARTESIAN_POINT ( 'NONE',  ( -113.4667821482245955, 14.16718677693875428, 304.3920383513395791 ) ) ;
#6223 = CARTESIAN_POINT ( 'NONE',  ( -140.9243064891825270, 97.28823395455779632, 246.3379496020640147 ) ) ;
#6224 = CARTESIAN_POINT ( 'NONE',  ( 119.3308917972710077, 140.9918860981562716, 309.8709628201942792 ) ) ;
#6225 = ORIENTED_EDGE ( 'NONE', *, *, #1447, .T. ) ;
#6226 = CARTESIAN_POINT ( 'NONE',  ( -34.05877273185287635, 13.99999999999995737, 355.1999999999999318 ) ) ;
#6227 = CARTESIAN_POINT ( 'NONE',  ( 142.3567442031872190, 93.61898907076508181, 246.9039865459207022 ) ) ;
#6228 = DIRECTION ( 'NONE',  ( -1.000000000000000000, 0.000000000000000000, -7.975740119433573893E-16 ) ) ;
#6229 = SPHERICAL_SURFACE ( 'NONE', #2948, 2.000000000000000000 ) ;
#6230 = CARTESIAN_POINT ( 'NONE',  ( 76.14635183502504390, 13.99999999999995914, 357.1870972781080127 ) ) ;
#6231 = AXIS2_PLACEMENT_3D ( 'NONE', #2782, #2732, #324 ) ;
#6232 = CARTESIAN_POINT ( 'NONE',  ( -4.429467861268591378, 14.67667861731787227, 357.1480398426372176 ) ) ;
#6233 = CARTESIAN_POINT ( 'NONE',  ( -1.156482317316856942E-13, 38.99999999999977973, 357.1999999999999886 ) ) ;
#6234 = ORIENTED_EDGE ( 'NONE', *, *, #6216, .T. ) ;
#6235 = CARTESIAN_POINT ( 'NONE',  ( 145.9999999999983800, 98.37148522368129022, 244.5153120237232258 ) ) ;
#6236 = ORIENTED_EDGE ( 'NONE', *, *, #9966, .T. ) ;
#6237 = CARTESIAN_POINT ( 'NONE',  ( -76.93877551017361327, 38.99999999999997158, 335.1041285840109936 ) ) ;
#6238 = ADVANCED_FACE ( 'NONE', ( #7868 ), #6423, .T. ) ;
#6239 = CARTESIAN_POINT ( 'NONE',  ( 9.383593341983784697, 15.70005632591072953, 356.9033990991324004 ) ) ;
#6240 = AXIS2_PLACEMENT_3D ( 'NONE', #1190, #1896, #5666 ) ;
#6241 = DIRECTION ( 'NONE',  ( -0.7947073130986204159, 0.000000000000000000, 0.6069928224514449244 ) ) ;
#6242 = CARTESIAN_POINT ( 'NONE',  ( 131.3835800921558530, 86.56414549742748932, 273.5466777609749442 ) ) ;
#6243 = CARTESIAN_POINT ( 'NONE',  ( 93.87172936769897547, 13.99999999999995737, 334.4896633360762053 ) ) ;
#6244 = ORIENTED_EDGE ( 'NONE', *, *, #2852, .T. ) ;
#6245 = ADVANCED_FACE ( 'NONE', ( #331 ), #3396, .T. ) ;
#6246 = DIRECTION ( 'NONE',  ( 0.000000000000000000, 0.000000000000000000, 1.000000000000000000 ) ) ;
#6247 = ORIENTED_EDGE ( 'NONE', *, *, #5927, .T. ) ;
#6248 = CARTESIAN_POINT ( 'NONE',  ( -142.5986389046162799, 90.55277510554411435, 246.2830748116639370 ) ) ;
#6249 = CARTESIAN_POINT ( 'NONE',  ( -1.551851511699309020E-13, 13.67984819308627031, 357.1964577856830374 ) ) ;
#6250 = CARTESIAN_POINT ( 'NONE',  ( -90.10339329913622919, 13.99999999999995737, 328.8955984282598024 ) ) ;
#6251 = CARTESIAN_POINT ( 'NONE',  ( 144.2546266351837119, 91.23847125456691742, 271.5853059529456459 ) ) ;
#6252 = VERTEX_POINT ( 'NONE', #4260 ) ;
#6253 = CARTESIAN_POINT ( 'NONE',  ( 140.0286899048240059, 60.21266621021222676, 249.8427946781654327 ) ) ;
#6254 = CARTESIAN_POINT ( 'NONE',  ( 1.128537123047644641, 12.59517807037843085, 357.1939109760778024 ) ) ;
#6255 = CARTESIAN_POINT ( 'NONE',  ( -116.1903880662150215, 14.00510225281473708, 302.0155889996583483 ) ) ;
#6256 = ORIENTED_EDGE ( 'NONE', *, *, #2136, .F. ) ;
#6257 = EDGE_CURVE ( 'NONE', #2436, #8438, #3579, .T. ) ;
#6258 = ORIENTED_EDGE ( 'NONE', *, *, #7515, .F. ) ;
#6259 = CARTESIAN_POINT ( 'NONE',  ( -79.41421356234171469, 21.13414141219428544, 346.8797868603181200 ) ) ;
#6260 = DIRECTION ( 'NONE',  ( 0.000000000000000000, 0.000000000000000000, -1.000000000000000000 ) ) ;
#6261 = DIRECTION ( 'NONE',  ( -1.000000000000000000, -0.000000000000000000, -9.375481869179546269E-12 ) ) ;
#6262 = B_SPLINE_CURVE_WITH_KNOTS ( 'NONE', 3,
 ( #3782, #6855, #9163, #9945, #4687, #3827, #3159, #2258, #1609, #6201, #8402, #6906, #4636, #9072, #7, #8306 ),
 .UNSPECIFIED., .F., .F.,
 ( 4, 2, 2, 2, 2, 2, 2, 4 ),
 ( 0.000000000000000000, 0.001721275960920199072, 0.002581913941380298717, 0.003442551921840398144, 0.004303189902300498006, 0.005163827882760597433, 0.006024465863220696861, 0.006885103843680796289 ),
 .UNSPECIFIED. ) ;
#6263 = DIRECTION ( 'NONE',  ( 0.000000000000000000, 0.000000000000000000, -1.000000000000000000 ) ) ;
#6264 = CARTESIAN_POINT ( 'NONE',  ( 79.97227007960657374, 40.60593454571654348, 333.1568692452465257 ) ) ;
#6265 = CARTESIAN_POINT ( 'NONE',  ( 113.9824199850091162, 13.99999999999995737, 304.1640986442904477 ) ) ;
#6266 = DIRECTION ( 'NONE',  ( 0.000000000000000000, 0.6454598724467769388, 0.7637941823953561249 ) ) ;
#6267 = CARTESIAN_POINT ( 'NONE',  ( -140.9406212577686688, 94.96748695847485067, 246.2969267387181276 ) ) ;
#6268 = EDGE_CURVE ( 'NONE', #7907, #3843, #2695, .T. ) ;
#6269 = LINE ( 'NONE', #6882, #43 ) ;
#6270 = VERTEX_POINT ( 'NONE', #4202 ) ;
#6271 = CARTESIAN_POINT ( 'NONE',  ( -142.4668526002871545, 91.11901764323593511, 246.6235510256443888 ) ) ;
#6272 = CARTESIAN_POINT ( 'NONE',  ( -33.95474442691014616, 13.86892577092185874, 355.9121580487173446 ) ) ;
#6273 = CARTESIAN_POINT ( 'NONE',  ( 28.33253478728288144, 13.42904922302459170, 356.6380584930592477 ) ) ;
#6274 = CARTESIAN_POINT ( 'NONE',  ( -399999.9999999973807, 140.9999999999999716, 242.5153120201457568 ) ) ;
#6275 = CARTESIAN_POINT ( 'NONE',  ( -29.19527642180863936, 36.99999999999995026, 356.2716343860031429 ) ) ;
#6276 =( BOUNDED_CURVE ( )  B_SPLINE_CURVE ( 3, ( #1195, #3612, #8082, #5724 ),
 .UNSPECIFIED., .F., .T. ) 
 B_SPLINE_CURVE_WITH_KNOTS ( ( 4, 4 ),
 ( 5.414014200038375080, 6.283185307179586232 ),
 .UNSPECIFIED. ) 
 CURVE ( )  GEOMETRIC_REPRESENTATION_ITEM ( )  RATIONAL_B_SPLINE_CURVE ( ( 1.000000000000000000, 0.9380297442972302946, 0.9380297442972302946, 1.000000000000000000 ) ) 
 REPRESENTATION_ITEM ( '' )  );
#6277 = CARTESIAN_POINT ( 'NONE',  ( 73.73432483045152708, 26.43337104561546269, 349.8379773011738507 ) ) ;
#6278 = EDGE_CURVE ( 'NONE', #8693, #4189, #5987, .T. ) ;
#6279 = CARTESIAN_POINT ( 'NONE',  ( 9.664509824577416808, 33.53476735677052289, 357.1999999999999886 ) ) ;
#6280 = ORIENTED_EDGE ( 'NONE', *, *, #117, .T. ) ;
#6281 = DIRECTION ( 'NONE',  ( 0.000000000000000000, 2.983724378680105678E-13, -1.000000000000000000 ) ) ;
#6282 = ORIENTED_EDGE ( 'NONE', *, *, #4473, .T. ) ;
#6283 = LINE ( 'NONE', #50, #8913 ) ;
#6284 = CARTESIAN_POINT ( 'NONE',  ( 33.60948035020175695, 15.09706126387906266, 353.4521013536529495 ) ) ;
#6285 = VECTOR ( 'NONE', #1184, 1000.000000000000000 ) ;
#6286 = CARTESIAN_POINT ( 'NONE',  ( -2.828329416802969565, 13.92542005435767827, 357.1837664308916942 ) ) ;
#6287 = CARTESIAN_POINT ( 'NONE',  ( -76.24717139598276106, 14.15064736208233498, 356.9277913124421389 ) ) ;
#6288 = ORIENTED_EDGE ( 'NONE', *, *, #149, .T. ) ;
#6289 = ADVANCED_FACE ( 'NONE', ( #6322 ), #9385, .T. ) ;
#6290 = EDGE_CURVE ( 'NONE', #3806, #4699, #9525, .T. ) ;
#6291 = VECTOR ( 'NONE', #6819, 1000.000000000000000 ) ;
#6292 = ORIENTED_EDGE ( 'NONE', *, *, #4438, .T. ) ;
#6293 = CARTESIAN_POINT ( 'NONE',  ( -113.9824199850092725, 140.9246211041343884, 304.1640986442904477 ) ) ;
#6294 = CARTESIAN_POINT ( 'NONE',  ( 131.1755816810594411, 86.39208227954203778, 273.9901833690153126 ) ) ;
#6295 = CARTESIAN_POINT ( 'NONE',  ( -39462.73711032802385, 13.99999999999995737, 334094.8204922341974 ) ) ;
#6296 = ORIENTED_EDGE ( 'NONE', *, *, #5141, .T. ) ;
#6297 = CARTESIAN_POINT ( 'NONE',  ( 81.99999999996877875, 138.9999999999999432, 334.2040982918406371 ) ) ;
#6298 = ORIENTED_EDGE ( 'NONE', *, *, #8449, .F. ) ;
#6299 = DIRECTION ( 'NONE',  ( 0.000000000000000000, 0.000000000000000000, 1.000000000000000000 ) ) ;
#6300 = CARTESIAN_POINT ( 'NONE',  ( 85.69129513981418711, 13.99999999999995737, 331.6403697970716848 ) ) ;
#6301 = CARTESIAN_POINT ( 'NONE',  ( 73.56135536900190175, 15.12412232347560526, 359.6215497227070728 ) ) ;
#6302 = AXIS2_PLACEMENT_3D ( 'NONE', #3875, #751, #6955 ) ;
#6303 = EDGE_CURVE ( 'NONE', #6810, #9164, #7287, .T. ) ;
#6304 = EDGE_CURVE ( 'NONE', #8761, #4699, #6050, .T. ) ;
#6305 = DIRECTION ( 'NONE',  ( 0.5324675324673315835, 0.000000000000000000, -0.8464504278858574482 ) ) ;
#6306 = VERTEX_POINT ( 'NONE', #7529 ) ;
#6307 = CARTESIAN_POINT ( 'NONE',  ( 138.7175113903371653, 63.88245847144012401, 254.4197225918187257 ) ) ;
#6308 = CARTESIAN_POINT ( 'NONE',  ( 2.133042925424966985, 13.37434157233440679, 357.1976317213336074 ) ) ;
#6309 = DIRECTION ( 'NONE',  ( -0.000000000000000000, 1.000000000000000000, 0.000000000000000000 ) ) ;
#6310 = ORIENTED_EDGE ( 'NONE', *, *, #1541, .F. ) ;
#6311 = ORIENTED_EDGE ( 'NONE', *, *, #1109, .T. ) ;
#6312 = CARTESIAN_POINT ( 'NONE',  ( 140.1062986653294331, 54.43821961575481083, 249.5528351327677683 ) ) ;
#6313 = CARTESIAN_POINT ( 'NONE',  ( -79.92405063288096301, 15.99999999999995914, 343.8364164296212380 ) ) ;
#6314 = DIRECTION ( 'NONE',  ( 0.000000000000000000, 0.000000000000000000, 1.000000000000000000 ) ) ;
#6315 = CARTESIAN_POINT ( 'NONE',  ( -93.37801023041400583, 13.99999999999995737, 330.3040242275516221 ) ) ;
#6316 = AXIS2_PLACEMENT_3D ( 'NONE', #6434, #5572, #1046 ) ;
#6317 = ADVANCED_FACE ( 'NONE', ( #7486 ), #7335, .F. ) ;
#6318 = CARTESIAN_POINT ( 'NONE',  ( 79.98395266955932925, 40.71019433202928184, 334.2256851077176520 ) ) ;
#6319 = CARTESIAN_POINT ( 'NONE',  ( 28477.43130670966275, 140.9999999999999716, 241026.2008564928256 ) ) ;
#6320 = CARTESIAN_POINT ( 'NONE',  ( -142.8680900268815890, 95.71431221989121241, 245.5697708683892984 ) ) ;
#6321 = ORIENTED_EDGE ( 'NONE', *, *, #8295, .T. ) ;
#6322 = FACE_OUTER_BOUND ( 'NONE', #2305, .T. ) ;
#6323 = ORIENTED_EDGE ( 'NONE', *, *, #2703, .F. ) ;
#6324 = CARTESIAN_POINT ( 'NONE',  ( -140.7979993009613224, 91.83164118302951806, 246.8877045016127454 ) ) ;
#6325 = CARTESIAN_POINT ( 'NONE',  ( -15.95344644047470872, 13.67143649643702652, 356.8485105637992092 ) ) ;
#6326 = CARTESIAN_POINT ( 'NONE',  ( 7.455887089211056917, 14.11329422008664203, 357.0706654994157816 ) ) ;
#6327 = DIRECTION ( 'NONE',  ( 0.000000000000000000, -1.000000000000000000, 0.000000000000000000 ) ) ;
#6328 = CIRCLE ( 'NONE', #5199, 5.749999999999976907 ) ;
#6329 = ADVANCED_FACE ( 'NONE', ( #7431 ), #2128, .F. ) ;
#6330 = CARTESIAN_POINT ( 'NONE',  ( 79.41421356231901996, 21.13414141222225240, 346.8797868603186316 ) ) ;
#6331 = AXIS2_PLACEMENT_3D ( 'NONE', #328, #6622, #9698 ) ;
#6332 = CARTESIAN_POINT ( 'NONE',  ( -128.8708683818563259, 88.70589714609617715, 278.6628638455633791 ) ) ;
#6333 = ORIENTED_EDGE ( 'NONE', *, *, #2234, .F. ) ;
#6334 = DIRECTION ( 'NONE',  ( -0.6069928224514555826, 0.000000000000000000, -0.7947073130986123113 ) ) ;
#6335 = ORIENTED_EDGE ( 'NONE', *, *, #3930, .T. ) ;
#6336 = CIRCLE ( 'NONE', #6168, 2.000000000000001776 ) ;
#6337 = CARTESIAN_POINT ( 'NONE',  ( -122.3240216452302036, 14.08025239193414180, 306.6769527474412484 ) ) ;
#6338 = CARTESIAN_POINT ( 'NONE',  ( 2.826611360352335733, 14.09024927322193044, 357.1838179313455726 ) ) ;
#6339 = DIRECTION ( 'NONE',  ( -0.6069928224514515858, -8.369040173368865972E-15, -0.7947073130986153089 ) ) ;
#6340 = CARTESIAN_POINT ( 'NONE',  ( -73.53291290235250699, 15.55612510982174079, 359.2937153368577015 ) ) ;
#6341 = ORIENTED_EDGE ( 'NONE', *, *, #2417, .F. ) ;
#6342 =( BOUNDED_SURFACE ( )  B_SPLINE_SURFACE ( 3, 2, ( 
 ( #597, #2096, #3668 ),
 ( #9929, #8440, #5172 ),
 ( #639, #3710, #6791 ),
 ( #9105, #4622, #2994 ),
 ( #4570, #2240, #6699 ),
 ( #6028, #9871, #1445 ),
 ( #4421, #2853, #9198 ),
 ( #2943, #9772, #4517 ),
 ( #5313, #5368, #6744 ),
 ( #9055, #8384, #5975 ),
 ( #3815, #6073, #8244 ),
 ( #3044, #1497, #7645 ),
 ( #737, #6891, #42 ),
 ( #6992, #6230, #833 ) ),
 .UNSPECIFIED., .F., .F., .F. ) 
 B_SPLINE_SURFACE_WITH_KNOTS ( ( 4, 2, 2, 2, 2, 2, 4 ),
 ( 3, 3 ),
 ( 3.035766082959415571E-15, 0.1086463883926539059, 0.2172927767853047865, 0.3259391651779556254, 0.4345855535706065198, 0.6518783303559082531, 0.8691711071412100420 ),
 ( 0.000000000000000000, 1.000000000000000000 ),
 .UNSPECIFIED. ) 
 GEOMETRIC_REPRESENTATION_ITEM ( )  RATIONAL_B_SPLINE_SURFACE ( (
 ( 1.000000000000000000, 0.3826834323655298187, 1.000000000000000000),
 ( 1.000000000000000000, 0.3826819260905643394, 1.000000000000000000),
 ( 1.000000000000000000, 0.3835962681123307183, 1.000000000000000000),
 ( 1.000000000000000000, 0.3871987406656867137, 1.000000000000000000),
 ( 1.000000000000000000, 0.3898877377531020372, 1.000000000000000000),
 ( 1.000000000000000000, 0.3969045716044778960, 1.000000000000000000),
 ( 1.000000000000000000, 0.4012314151116443406, 1.000000000000000000),
 ( 1.000000000000000000, 0.4113226943950503700, 1.000000000000000000),
 ( 1.000000000000000000, 0.4170861449904785245, 1.000000000000000000),
 ( 1.000000000000000000, 0.4361826619630034818, 1.000000000000000000),
 ( 1.000000000000000000, 0.4513134977719869823, 1.000000000000000000),
 ( 1.000000000000000000, 0.4845161200116028799, 1.000000000000000000),
 ( 1.000000000000000000, 0.5025874015155367136, 1.000000000000000000),
 ( 1.000000000000000000, 0.5213400748117859029, 1.000000000000000000) ) ) 
 REPRESENTATION_ITEM ( '' )  SURFACE ( )  );
#6343 = VECTOR ( 'NONE', #853, 1000.000000000000000 ) ;
#6344 = AXIS2_PLACEMENT_3D ( 'NONE', #8621, #1078, #1726 ) ;
#6345 = ORIENTED_EDGE ( 'NONE', *, *, #4896, .F. ) ;
#6346 = CARTESIAN_POINT ( 'NONE',  ( -79.34003419120801937, 39.12915869416875836, 346.5179170522922050 ) ) ;
#6347 = CYLINDRICAL_SURFACE ( 'NONE', #9722, 0.6499999999999839240 ) ;
#6348 = ORIENTED_EDGE ( 'NONE', *, *, #2722, .F. ) ;
#6349 = CIRCLE ( 'NONE', #5533, 146.9999999999999716 ) ;
#6350 = CARTESIAN_POINT ( 'NONE',  ( 142.8669005392661973, 95.71185745483178664, 245.5729772501036905 ) ) ;
#6351 = ORIENTED_EDGE ( 'NONE', *, *, #9406, .T. ) ;
#6352 = CARTESIAN_POINT ( 'NONE',  ( -114.2230427634406453, 13.99999999999995737, 305.4179203717066571 ) ) ;
#6353 = DIRECTION ( 'NONE',  ( -3.378674827220644093E-16, 0.000000000000000000, 1.000000000000000000 ) ) ;
#6354 = VECTOR ( 'NONE', #663, 1000.000000000000000 ) ;
#6355 = CARTESIAN_POINT ( 'NONE',  ( -78.57760439113656048, 37.35296476146292832, 334.0631751908929914 ) ) ;
#6356 = VECTOR ( 'NONE', #7391, 1000.000000000000000 ) ;
#6357 = CARTESIAN_POINT ( 'NONE',  ( -142.8420152004910051, 93.72534170374218832, 274.9074565988562995 ) ) ;
#6358 = ORIENTED_EDGE ( 'NONE', *, *, #4288, .F. ) ;
#6359 = CARTESIAN_POINT ( 'NONE',  ( 139.5541356325120717, 62.41836915407036201, 251.5670380716038608 ) ) ;
#6360 = CARTESIAN_POINT ( 'NONE',  ( 21.92180447787186282, 12.46781375107244472, 357.1802292850351819 ) ) ;
#6361 = CARTESIAN_POINT ( 'NONE',  ( 94.36080012195638744, 14.17511012418450811, 334.9387416246932503 ) ) ;
#6362 = ORIENTED_EDGE ( 'NONE', *, *, #6948, .T. ) ;
#6363 = VERTEX_POINT ( 'NONE', #2928 ) ;
#6364 = CARTESIAN_POINT ( 'NONE',  ( 136.9328697870739120, 50.94348349475069426, 259.8909808750391903 ) ) ;
#6365 = FACE_OUTER_BOUND ( 'NONE', #5580, .T. ) ;
#6366 = EDGE_CURVE ( 'NONE', #1440, #2146, #7030, .T. ) ;
#6367 = CARTESIAN_POINT ( 'NONE',  ( -33.98921100076227475, 13.41421356237304607, 356.6142135623730383 ) ) ;
#6368 = DIRECTION ( 'NONE',  ( 0.000000000000000000, 1.000000000000000000, 0.000000000000000000 ) ) ;
#6369 = CARTESIAN_POINT ( 'NONE',  ( -79.55760434565719663, 20.95300939623852443, 346.8281265845365624 ) ) ;
#6370 = LINE ( 'NONE', #3085, #7413 ) ;
#6371 = DIRECTION ( 'NONE',  ( -0.000000000000000000, 1.000000000000000000, 0.000000000000000000 ) ) ;
#6372 = CARTESIAN_POINT ( 'NONE',  ( 86.20441382539566177, 13.99999999999995737, 331.8046956167379449 ) ) ;
#6373 = ORIENTED_EDGE ( 'NONE', *, *, #3018, .T. ) ;
#6374 = CARTESIAN_POINT ( 'NONE',  ( -24.98582287486647502, 13.91956601192105047, 356.1121858350310276 ) ) ;
#6375 = CARTESIAN_POINT ( 'NONE',  ( 23.25549909703808993, 13.59140635375367978, 356.6167328900443749 ) ) ;
#6376 = DIRECTION ( 'NONE',  ( -1.000000000000000000, 0.000000000000000000, -0.000000000000000000 ) ) ;
#6377 = ADVANCED_FACE ( 'NONE', ( #8986 ), #582, .F. ) ;
#6378 = CARTESIAN_POINT ( 'NONE',  ( 68.20185905320992958, 32.56432247495376231, 352.6578869623558603 ) ) ;
#6379 = AXIS2_PLACEMENT_3D ( 'NONE', #1603, #6034, #2247 ) ;
#6380 = VECTOR ( 'NONE', #9747, 1000.000000000000114 ) ;
#6381 = ORIENTED_EDGE ( 'NONE', *, *, #7515, .T. ) ;
#6382 = CARTESIAN_POINT ( 'NONE',  ( -93.37801023041400583, 13.99999999999995737, 330.3040242275516221 ) ) ;
#6383 = CARTESIAN_POINT ( 'NONE',  ( -117.0178822848630347, 15.99999999999995914, 301.5775777253574006 ) ) ;
#6384 = DIRECTION ( 'NONE',  ( 0.000000000000000000, 0.000000000000000000, 1.000000000000000000 ) ) ;
#6385 = ORIENTED_EDGE ( 'NONE', *, *, #3376, .F. ) ;
#6386 = DIRECTION ( 'NONE',  ( 7.993605777301125513E-15, 0.000000000000000000, 1.000000000000000000 ) ) ;
#6387 = EDGE_CURVE ( 'NONE', #8547, #2105, #9046, .T. ) ;
#6388 = CARTESIAN_POINT ( 'NONE',  ( 15.47581898324829730, 14.59615995501075147, 356.4825579594548230 ) ) ;
#6389 = CARTESIAN_POINT ( 'NONE',  ( -14.19115530493879973, 11.99999999999996092, 357.1999999999999886 ) ) ;
#6390 = ORIENTED_EDGE ( 'NONE', *, *, #4454, .T. ) ;
#6391 = VERTEX_POINT ( 'NONE', #4406 ) ;
#6392 = DIRECTION ( 'NONE',  ( 0.000000000000000000, -1.000000000000000000, 0.000000000000000000 ) ) ;
#6393 = AXIS2_PLACEMENT_3D ( 'NONE', #8052, #1163, #4234 ) ;
#6394 = CARTESIAN_POINT ( 'NONE',  ( -79.45035134745586447, 39.60123613661769326, 343.2392143414027714 ) ) ;
#6395 = ORIENTED_EDGE ( 'NONE', *, *, #6797, .T. ) ;
#6396 = CARTESIAN_POINT ( 'NONE',  ( 33.98921100076194080, 13.41421356237304785, 356.6142135623730383 ) ) ;
#6397 = ADVANCED_FACE ( 'NONE', ( #478 ), #4706, .T. ) ;
#6398 = CARTESIAN_POINT ( 'NONE',  ( 140.7527220132995467, 96.62496029072303827, 247.0383913700752601 ) ) ;
#6399 = VERTEX_POINT ( 'NONE', #6729 ) ;
#6400 = DIRECTION ( 'NONE',  ( 0.000000000000000000, 0.000000000000000000, -1.000000000000000000 ) ) ;
#6401 = VERTEX_POINT ( 'NONE', #1429 ) ;
#6402 = CARTESIAN_POINT ( 'NONE',  ( 85.47518017375305988, 14.09312302233366054, 331.0472604678759581 ) ) ;
#6403 = CARTESIAN_POINT ( 'NONE',  ( -80.88435374146617107, 40.99999999999995026, 332.5441785871894922 ) ) ;
#6404 = EDGE_CURVE ( 'NONE', #2082, #7409, #4062, .T. ) ;
#6405 = CARTESIAN_POINT ( 'NONE',  ( -143.7838670579366465, 92.85908141288746265, 272.7164165252307839 ) ) ;
#6406 = EDGE_LOOP ( 'NONE', ( #7711, #2453, #5968 ) ) ;
#6407 = CARTESIAN_POINT ( 'NONE',  ( -85.52491479694994325, 14.01393329045125213, 331.4333246276152636 ) ) ;
#6408 = CARTESIAN_POINT ( 'NONE',  ( 27.70858817598295687, 12.92265989740943510, 356.9938518584180542 ) ) ;
#6409 = DIRECTION ( 'NONE',  ( 0.000000000000000000, 0.000000000000000000, 1.000000000000000000 ) ) ;
#6410 = ORIENTED_EDGE ( 'NONE', *, *, #6723, .T. ) ;
#6411 = CARTESIAN_POINT ( 'NONE',  ( 79.66565419095293521, 20.74574995904935548, 346.8108631286160062 ) ) ;
#6412 = VERTEX_POINT ( 'NONE', #6576 ) ;
#6413 = DIRECTION ( 'NONE',  ( -1.460819769243638766E-15, -0.000000000000000000, 1.000000000000000000 ) ) ;
#6414 = FACE_OUTER_BOUND ( 'NONE', #8049, .T. ) ;
#6415 = CARTESIAN_POINT ( 'NONE',  ( -141.4529712308191733, 98.37148522368045178, 244.0756479145605340 ) ) ;
#6416 = CARTESIAN_POINT ( 'NONE',  ( -81.35499439768845775, 37.72622408141080541, 345.3068329622752231 ) ) ;
#6417 = DIRECTION ( 'NONE',  ( -0.000000000000000000, 1.000000000000000000, -0.000000000000000000 ) ) ;
#6418 = EDGE_CURVE ( 'NONE', #4428, #7414, #8890, .T. ) ;
#6419 = CARTESIAN_POINT ( 'NONE',  ( 81.99999999996879296, 15.99999999999995914, 347.2555441290919589 ) ) ;
#6420 = ADVANCED_FACE ( 'NONE', ( #3844 ), #8421, .T. ) ;
#6421 = CARTESIAN_POINT ( 'NONE',  ( -74.48561462885179196, 12.91281810558593079, 360.2801680916099372 ) ) ;
#6422 = CARTESIAN_POINT ( 'NONE',  ( -140.7531871820247318, 96.62709789534832794, 247.0365140988668600 ) ) ;
#6423 = CYLINDRICAL_SURFACE ( 'NONE', #5027, 2.000000000000001776 ) ;
#6424 = ORIENTED_EDGE ( 'NONE', *, *, #9706, .T. ) ;
#6425 = CARTESIAN_POINT ( 'NONE',  ( -22.67729213047714509, 13.48707436318350616, 356.7214588546237337 ) ) ;
#6426 = CARTESIAN_POINT ( 'NONE',  ( 16.33733114789237462, 14.01680962436483391, 356.6352011121325631 ) ) ;
#6427 = DIRECTION ( 'NONE',  ( 0.3627116120168859537, 0.8897700694734318461, -0.2770370191460994613 ) ) ;
#6428 = CARTESIAN_POINT ( 'NONE',  ( 89.88761138879748103, 140.9999999999999716, 337.2448612251479858 ) ) ;
#6429 = EDGE_CURVE ( 'NONE', #9049, #1972, #4135, .T. ) ;
#6430 = DIRECTION ( 'NONE',  ( 0.000000000000000000, 0.000000000000000000, -1.000000000000000000 ) ) ;
#6431 = EDGE_CURVE ( 'NONE', #8377, #9842, #9235, .T. ) ;
#6432 = ORIENTED_EDGE ( 'NONE', *, *, #4931, .F. ) ;
#6433 = CARTESIAN_POINT ( 'NONE',  ( -80.96202531642488509, 18.49847829683389477, 345.5459802793566269 ) ) ;
#6434 = CARTESIAN_POINT ( 'NONE',  ( -81.99999999996916245, 138.9999999999999432, 342.5533658944219155 ) ) ;
#6435 = CARTESIAN_POINT ( 'NONE',  ( 141.3144281237579776, 98.20412323071769833, 244.6857287707286730 ) ) ;
#6436 = ORIENTED_EDGE ( 'NONE', *, *, #8948, .F. ) ;
#6437 = B_SPLINE_CURVE_WITH_KNOTS ( 'NONE', 3,
 ( #8046, #1913, #4178, #8813, #4281, #353, #8100, #6596, #6550, #7306 ),
 .UNSPECIFIED., .F., .F.,
 ( 4, 2, 2, 2, 4 ),
 ( 0.000000000000000000, 0.0003930829495235738102, 0.0007861658990471476205, 0.001179248848570721431, 0.001572331798094295241 ),
 .UNSPECIFIED. ) ;
#6438 = CARTESIAN_POINT ( 'NONE',  ( -128.8704303556057198, 91.24086128261293993, 278.6637160072215806 ) ) ;
#6439 = CARTESIAN_POINT ( 'NONE',  ( -1.408810568206502965E-13, 14.62662817220120814, 357.1973292566195255 ) ) ;
#6440 = CARTESIAN_POINT ( 'NONE',  ( 79.88078883576419287, 40.30610798326014077, 342.7031111268788095 ) ) ;
#6441 = ORIENTED_EDGE ( 'NONE', *, *, #1385, .F. ) ;
#6442 = ADVANCED_FACE ( 'NONE', ( #4700 ), #4544, .F. ) ;
#6443 = CARTESIAN_POINT ( 'NONE',  ( -116.4313047986721728, 140.8936875026123232, 300.8510291298377979 ) ) ;
#6444 = AXIS2_PLACEMENT_3D ( 'NONE', #9969, #4561, #4413 ) ;
#6445 = EDGE_LOOP ( 'NONE', ( #3960, #746, #1173 ) ) ;
#6446 = DIRECTION ( 'NONE',  ( 0.000000000000000000, 0.000000000000000000, 1.000000000000000000 ) ) ;
#6447 = ORIENTED_EDGE ( 'NONE', *, *, #4758, .T. ) ;
#6448 = CARTESIAN_POINT ( 'NONE',  ( 33.95818486062067620, 13.80147810226400651, 356.0671252156120659 ) ) ;
#6449 = CARTESIAN_POINT ( 'NONE',  ( 140.4949282723449926, 94.98927240086641177, 248.0634539816303743 ) ) ;
#6450 = ORIENTED_EDGE ( 'NONE', *, *, #8481, .F. ) ;
#6451 = CARTESIAN_POINT ( 'NONE',  ( -30.95691622914985430, 14.68850016172392259, 354.3639871071524112 ) ) ;
#6452 = ORIENTED_EDGE ( 'NONE', *, *, #4589, .T. ) ;
#6453 = CARTESIAN_POINT ( 'NONE',  ( 113.9824199850092725, 14.07537889586553348, 304.1640986442904477 ) ) ;
#6454 = CARTESIAN_POINT ( 'NONE',  ( -79.99999999996914823, 40.99999999999995026, 334.2040982918404097 ) ) ;
#6455 = VECTOR ( 'NONE', #8716, 1000.000000000000000 ) ;
#6456 = EDGE_CURVE ( 'NONE', #4027, #9517, #4654, .T. ) ;
#6457 = CARTESIAN_POINT ( 'NONE',  ( -141.0955764937385197, 90.99010460470809392, 278.7435316675739614 ) ) ;
#6458 = VERTEX_POINT ( 'NONE', #7724 ) ;
#6459 = CARTESIAN_POINT ( 'NONE',  ( 114.3850335511374539, 14.00510225282134513, 304.3038023417666977 ) ) ;
#6460 = CARTESIAN_POINT ( 'NONE',  ( 8.455849394826044474, 13.51553029085948054, 357.1338476923918961 ) ) ;
#6461 = CARTESIAN_POINT ( 'NONE',  ( 94.53019833624075829, 14.10043285194892881, 334.5712880628158246 ) ) ;
#6462 = ORIENTED_EDGE ( 'NONE', *, *, #1617, .F. ) ;
#6463 = DIRECTION ( 'NONE',  ( -4.382459307730909397E-15, -0.000000000000000000, -1.000000000000000000 ) ) ;
#6464 = VECTOR ( 'NONE', #7744, 1000.000000000000000 ) ;
#6465 = ORIENTED_EDGE ( 'NONE', *, *, #1458, .F. ) ;
#6466 = CARTESIAN_POINT ( 'NONE',  ( 138.7175131229163583, 50.11751854988526844, 254.4197207114001742 ) ) ;
#6467 = CARTESIAN_POINT ( 'NONE',  ( 145.9999999999984652, 138.9999999999999432, 261.1897948556681399 ) ) ;
#6468 = DIRECTION ( 'NONE',  ( 0.9895943761646356363, 0.000000000000000000, -0.1438852690977279192 ) ) ;
#6469 = EDGE_CURVE ( 'NONE', #4653, #6810, #7514, .T. ) ;
#6470 = CARTESIAN_POINT ( 'NONE',  ( -80.69249904127208595, 37.35146907326271304, 345.7095300544930865 ) ) ;
#6471 = DIRECTION ( 'NONE',  ( 0.000000000000000000, 0.000000000000000000, -1.000000000000000000 ) ) ;
#6472 = AXIS2_PLACEMENT_3D ( 'NONE', #8373, #4562, #727 ) ;
#6473 = CARTESIAN_POINT ( 'NONE',  ( -79.97838654471287612, 19.39418256704312427, 346.9932954655373578 ) ) ;
#6474 = CARTESIAN_POINT ( 'NONE',  ( 111.7844301505944031, 3.499999999999952927, 357.2000000000000455 ) ) ;
#6475 = CARTESIAN_POINT ( 'NONE',  ( -28.38231060987743248, 11.99999999999995914, 357.1999999999999886 ) ) ;
#6476 = CARTESIAN_POINT ( 'NONE',  ( -113.9824199850091162, 13.99999999999995737, 304.8140986442904250 ) ) ;
#6477 = ORIENTED_EDGE ( 'NONE', *, *, #5267, .T. ) ;
#6478 = CARTESIAN_POINT ( 'NONE',  ( -140.7714180726205200, 92.52902515921773841, 246.9966420798435820 ) ) ;
#6479 = CARTESIAN_POINT ( 'NONE',  ( -27.84474943766792165, 14.04300476413551024, 355.6935520056369455 ) ) ;
#6480 = CARTESIAN_POINT ( 'NONE',  ( 9.442598045898717984, 14.04074449174995998, 357.0028471780007067 ) ) ;
#6481 = AXIS2_PLACEMENT_3D ( 'NONE', #8320, #4356, #8130 ) ;
#6482 = AXIS2_PLACEMENT_3D ( 'NONE', #8996, #5923, #2090 ) ;
#6483 = CARTESIAN_POINT ( 'NONE',  ( -88.85250715990699177, 140.9413736574329903, 328.6947917237413890 ) ) ;
#6484 = DIRECTION ( 'NONE',  ( -1.000000000000000000, 0.000000000000000000, 0.000000000000000000 ) ) ;
#6485 = VECTOR ( 'NONE', #2132, 1000.000000000000000 ) ;
#6486 = CIRCLE ( 'NONE', #6652, 145.0000000000000000 ) ;
#6487 = CARTESIAN_POINT ( 'NONE',  ( -140.1283349423247557, 59.33654174135669024, 249.4700299097792140 ) ) ;
#6488 = ORIENTED_EDGE ( 'NONE', *, *, #901, .F. ) ;
#6489 = CARTESIAN_POINT ( 'NONE',  ( -80.29876798868224341, 21.46350397081422656, 345.9464607297870202 ) ) ;
#6490 = DIRECTION ( 'NONE',  ( 0.5578231292514874706, 0.000000000000000000, 0.8299598523254472227 ) ) ;
#6491 = LINE ( 'NONE', #8116, #3934 ) ;
#6492 = ORIENTED_EDGE ( 'NONE', *, *, #3793, .F. ) ;
#6493 = CARTESIAN_POINT ( 'NONE',  ( -132.0000086166899962, 92.34527519824746378, 272.2085278110907893 ) ) ;
#6494 = CARTESIAN_POINT ( 'NONE',  ( -73.07140106647158007, 11.99999999999995914, 359.1999999999999318 ) ) ;
#6495 = ORIENTED_EDGE ( 'NONE', *, *, #7168, .F. ) ;
#6496 = ADVANCED_FACE ( 'NONE', ( #7025 ), #3894, .T. ) ;
#6497 = VECTOR ( 'NONE', #4240, 1000.000000000000000 ) ;
#6498 = VERTEX_POINT ( 'NONE', #8364 ) ;
#6499 = CARTESIAN_POINT ( 'NONE',  ( -147.9999999999968736, 92.76320896812782735, 248.9965577364811793 ) ) ;
#6500 = VECTOR ( 'NONE', #66, 1000.000000000000000 ) ;
#6501 = ORIENTED_EDGE ( 'NONE', *, *, #7564, .F. ) ;
#6502 = CARTESIAN_POINT ( 'NONE',  ( 142.5937089684756245, 90.57045422624079833, 246.2959095877881452 ) ) ;
#6503 = VERTEX_POINT ( 'NONE', #3798 ) ;
#6504 = CARTESIAN_POINT ( 'NONE',  ( -16.31196690790100234, 14.48881831791514863, 356.4335469254955342 ) ) ;
#6505 = FACE_OUTER_BOUND ( 'NONE', #8192, .T. ) ;
#6506 = CIRCLE ( 'NONE', #1665, 0.6499999999999839240 ) ;
#6507 = CARTESIAN_POINT ( 'NONE',  ( -79.92401648989797991, 40.43582663188423965, 334.3061209935792135 ) ) ;
#6508 = B_SPLINE_CURVE_WITH_KNOTS ( 'NONE', 3,
 ( #6337, #7988, #1104, #9401, #1797, #5776, #1048, #8802, #7297, #1150 ),
 .UNSPECIFIED., .F., .F.,
 ( 4, 2, 2, 2, 4 ),
 ( 0.0004385668753621450628, 0.0008883126106323444276, 0.001338058345902543847, 0.001787804081172743049, 0.002237549816442942468 ),
 .UNSPECIFIED. ) ;
#6509 = ADVANCED_FACE ( 'NONE', ( #1477 ), #720, .T. ) ;
#6510 = AXIS2_PLACEMENT_3D ( 'NONE', #5236, #648, #3678 ) ;
#6511 = VECTOR ( 'NONE', #8504, 1000.000000000000000 ) ;
#6512 = EDGE_LOOP ( 'NONE', ( #7654, #5924, #7162, #8903 ) ) ;
#6513 = DIRECTION ( 'NONE',  ( 0.000000000000000000, -1.000000000000000000, 0.000000000000000000 ) ) ;
#6514 = CARTESIAN_POINT ( 'NONE',  ( 34.05877273185253529, 12.17349558903453044, 357.1999999999999886 ) ) ;
#6515 = DIRECTION ( 'NONE',  ( -0.000000000000000000, 0.000000000000000000, 1.000000000000000000 ) ) ;
#6516 = EDGE_LOOP ( 'NONE', ( #9067, #703, #3536, #7366, #7850, #3463, #7879, #9109, #4604, #5231, #5899, #2757, #1909, #2208 ) ) ;
#6517 = CARTESIAN_POINT ( 'NONE',  ( 74.48561462884110540, 12.91281810558092324, 360.2801680916042528 ) ) ;
#6518 = ORIENTED_EDGE ( 'NONE', *, *, #1508, .T. ) ;
#6519 = CARTESIAN_POINT ( 'NONE',  ( 140.2317871479269513, 56.51882423875181161, 249.0787997811547996 ) ) ;
#6520 = CARTESIAN_POINT ( 'NONE',  ( 111.7844301505944173, 36.99999999999995737, 356.2716343860033135 ) ) ;
#6521 = ADVANCED_FACE ( 'NONE', ( #3173 ), #5599, .T. ) ;
#6522 = DIRECTION ( 'NONE',  ( 1.000000000000000000, -0.000000000000000000, 3.378674827220644093E-16 ) ) ;
#6523 = CIRCLE ( 'NONE', #4583, 0.6499999999999839240 ) ;
#6524 = LINE ( 'NONE', #8834, #5391 ) ;
#6525 = DIRECTION ( 'NONE',  ( 0.000000000000000000, 1.000000000000000000, 2.914335439641033394E-13 ) ) ;
#6526 = EDGE_CURVE ( 'NONE', #3406, #4040, #5706, .T. ) ;
#6527 = CARTESIAN_POINT ( 'NONE',  ( -22.70584848790198151, 11.99999999999995914, 357.1999999999999886 ) ) ;
#6528 = CARTESIAN_POINT ( 'NONE',  ( -31.90668695715798009, 13.96031064406107802, 355.6365849626079125 ) ) ;
#6529 = CARTESIAN_POINT ( 'NONE',  ( 23.67660544364462538, 13.85784547472897899, 356.2849174899699278 ) ) ;
#6530 = CARTESIAN_POINT ( 'NONE',  ( -88.92007452727752082, 140.8639012649064739, 328.3437564288469730 ) ) ;
#6531 = FACE_OUTER_BOUND ( 'NONE', #1418, .T. ) ;
#6532 = DIRECTION ( 'NONE',  ( 0.000000000000000000, 1.000000000000000000, 0.000000000000000000 ) ) ;
#6533 = EDGE_CURVE ( 'NONE', #7939, #1579, #7264, .T. ) ;
#6534 = CARTESIAN_POINT ( 'NONE',  ( -137.8632785715946341, 64.05013235821736828, 257.1325474269808637 ) ) ;
#6535 = CYLINDRICAL_SURFACE ( 'NONE', #6146, 2.000000000000001776 ) ;
#6536 = CARTESIAN_POINT ( 'NONE',  ( 33.67317059803713875, 14.52769359475495392, 353.8977676915750976 ) ) ;
#6537 = VERTEX_POINT ( 'NONE', #4048 ) ;
#6538 = CARTESIAN_POINT ( 'NONE',  ( -132.3162811786640987, 90.99673607400937669, 271.5077152939202847 ) ) ;
#6539 = ADVANCED_FACE ( 'NONE', ( #3282 ), #4904, .T. ) ;
#6540 = CARTESIAN_POINT ( 'NONE',  ( -28.38231060987743248, 11.99999999999995914, 357.1999999999999886 ) ) ;
#6541 = DIRECTION ( 'NONE',  ( -0.000000000000000000, 1.000000000000000000, -0.000000000000000000 ) ) ;
#6542 = EDGE_LOOP ( 'NONE', ( #4742, #5519, #7568, #7213, #3480, #941, #1005, #3373, #8699, #2423 ) ) ;
#6543 = CIRCLE ( 'NONE', #1395, 2.000000000000001776 ) ;
#6544 = B_SPLINE_CURVE_WITH_KNOTS ( 'NONE', 3,
 ( #3731, #1615, #6912, #859 ),
 .UNSPECIFIED., .F., .F.,
 ( 4, 4 ),
 ( 0.000000000000000000, 0.002914656965084144822 ),
 .UNSPECIFIED. ) ;
#6545 = AXIS2_PLACEMENT_3D ( 'NONE', #9427, #2634, #4102 ) ;
#6546 = ORIENTED_EDGE ( 'NONE', *, *, #1524, .F. ) ;
#6547 = CARTESIAN_POINT ( 'NONE',  ( -79.76647070554652430, 40.05187178210827881, 342.8460777528323433 ) ) ;
#6548 = EDGE_CURVE ( 'NONE', #7036, #4795, #5735, .T. ) ;
#6549 = ORIENTED_EDGE ( 'NONE', *, *, #3490, .T. ) ;
#6550 = CARTESIAN_POINT ( 'NONE',  ( -85.99958490033021974, 140.8611386922644328, 330.5091708580026193 ) ) ;
#6551 = CARTESIAN_POINT ( 'NONE',  ( 142.4681436305579325, 91.11235345941739183, 246.6202387151814435 ) ) ;
#6552 = ORIENTED_EDGE ( 'NONE', *, *, #2482, .T. ) ;
#6553 = CARTESIAN_POINT ( 'NONE',  ( -16.86909830062606375, 14.27586711379756146, 356.4697094616831237 ) ) ;
#6554 = ORIENTED_EDGE ( 'NONE', *, *, #9450, .T. ) ;
#6555 = FACE_OUTER_BOUND ( 'NONE', #2393, .T. ) ;
#6556 = CIRCLE ( 'NONE', #2195, 0.6499999999999839240 ) ;
#6557 = CARTESIAN_POINT ( 'NONE',  ( -79.21895625129120333, 37.72599513373457825, 333.6471897879355311 ) ) ;
#6558 = AXIS2_PLACEMENT_3D ( 'NONE', #4134, #7263, #358 ) ;
#6559 = ORIENTED_EDGE ( 'NONE', *, *, #8447, .T. ) ;
#6560 = EDGE_CURVE ( 'NONE', #6566, #7323, #371, .T. ) ;
#6561 = DIRECTION ( 'NONE',  ( -0.000000000000000000, 1.000000000000000000, 0.000000000000000000 ) ) ;
#6562 = CARTESIAN_POINT ( 'NONE',  ( 7.070530795397201196, 13.81372136950210283, 357.1110868932884159 ) ) ;
#6563 = CARTESIAN_POINT ( 'NONE',  ( -34.05152671819762134, 12.30261718791436820, 357.1790612284118538 ) ) ;
#6564 = VERTEX_POINT ( 'NONE', #3334 ) ;
#6565 = DIRECTION ( 'NONE',  ( 0.000000000000000000, 0.000000000000000000, -1.000000000000000000 ) ) ;
#6566 = VERTEX_POINT ( 'NONE', #3687 ) ;
#6567 = CARTESIAN_POINT ( 'NONE',  ( -136.2616317505327004, 52.60769687364295777, 261.7766740995967325 ) ) ;
#6568 = CARTESIAN_POINT ( 'NONE',  ( 90.61239525617340007, 14.14876722816771881, 337.6600562055619434 ) ) ;
#6569 = DIRECTION ( 'NONE',  ( 0.000000000000000000, -0.000000000000000000, 1.000000000000000000 ) ) ;
#6570 = CARTESIAN_POINT ( 'NONE',  ( 122.1798020695033387, 140.9530941140347409, 306.6769527474412484 ) ) ;
#6571 = CARTESIAN_POINT ( 'NONE',  ( -122.0833988667987171, 140.9999999999999716, 305.4231310200249823 ) ) ;
#6572 = CARTESIAN_POINT ( 'NONE',  ( -147.8961038961008114, 140.9999999999999716, 261.8260259576944122 ) ) ;
#6573 = CARTESIAN_POINT ( 'NONE',  ( -4.617994530568219957, 14.43337151432544374, 357.1443481639275888 ) ) ;
#6574 = EDGE_CURVE ( 'NONE', #9842, #9973, #5414, .T. ) ;
#6575 = DIRECTION ( 'NONE',  ( -0.000000000000000000, 1.000000000000000000, 0.000000000000000000 ) ) ;
#6576 = CARTESIAN_POINT ( 'NONE',  ( 34.05877273185253529, 11.99999999999995914, 357.2000000000000455 ) ) ;
#6577 = VERTEX_POINT ( 'NONE', #4247 ) ;
#6578 = CARTESIAN_POINT ( 'NONE',  ( -143.2635926495227636, 89.21478662266000015, 244.4773729877519770 ) ) ;
#6579 = DIRECTION ( 'NONE',  ( -0.9895943761646356363, -0.000000000000000000, 0.1438852690977278914 ) ) ;
#6580 = CARTESIAN_POINT ( 'NONE',  ( 22.47938186068897082, 14.86719030145955500, 355.6004344311295426 ) ) ;
#6581 = CARTESIAN_POINT ( 'NONE',  ( 83.06493506490339485, 40.71056159310192868, 344.2462667501937972 ) ) ;
#6582 = EDGE_CURVE ( 'NONE', #3223, #907, #6763, .T. ) ;
#6583 = DIRECTION ( 'NONE',  ( -0.000000000000000000, 1.000000000000000000, -0.000000000000000000 ) ) ;
#6584 = CARTESIAN_POINT ( 'NONE',  ( -135.9506104669225977, 59.99053284349612625, 262.6226265073890431 ) ) ;
#6585 = DIRECTION ( 'NONE',  ( -0.000000000000000000, -0.2206529195216684336, 0.9753523922698731363 ) ) ;
#6586 = CARTESIAN_POINT ( 'NONE',  ( 33.80794842757390484, 14.10461534974449016, 354.5988111884395266 ) ) ;
#6587 = VERTEX_POINT ( 'NONE', #4345 ) ;
#6588 = DIRECTION ( 'NONE',  ( -0.3701888898134161887, 0.000000000000000000, -0.9289565037496160249 ) ) ;
#6589 = CARTESIAN_POINT ( 'NONE',  ( -15.61027083543266514, 11.99999999999995914, 357.1999999999999886 ) ) ;
#6590 = CARTESIAN_POINT ( 'NONE',  ( 147.6253370994961926, 59.99801395198502263, 262.6261428365015149 ) ) ;
#6591 = EDGE_LOOP ( 'NONE', ( #8099, #3269, #457, #5733 ) ) ;
#6592 = EDGE_CURVE ( 'NONE', #37, #1187, #911, .T. ) ;
#6593 = VERTEX_POINT ( 'NONE', #8935 ) ;
#6594 = CARTESIAN_POINT ( 'NONE',  ( -80.02095269881876050, 39.81148338777137496, 346.1170257434745849 ) ) ;
#6595 = EDGE_LOOP ( 'NONE', ( #1313, #3856, #5671, #7800 ) ) ;
#6596 = CARTESIAN_POINT ( 'NONE',  ( -85.86771718779868934, 140.8409782944375479, 330.5494370262691746 ) ) ;
#6597 = CARTESIAN_POINT ( 'NONE',  ( 143.0591366950199017, 96.05808532077078610, 245.0492369591262332 ) ) ;
#6598 = ORIENTED_EDGE ( 'NONE', *, *, #1095, .F. ) ;
#6599 = CARTESIAN_POINT ( 'NONE',  ( -16.27165215486864369, 13.83463451718897375, 356.7428406607444913 ) ) ;
#6600 = ORIENTED_EDGE ( 'NONE', *, *, #7905, .F. ) ;
#6601 = CARTESIAN_POINT ( 'NONE',  ( -143.4040466960718732, 15.99999999999995914, 244.5153120237268922 ) ) ;
#6602 = VERTEX_POINT ( 'NONE', #2029 ) ;
#6603 = B_SPLINE_SURFACE_WITH_KNOTS ( 'NONE', 3, 3, ( 
 ( #4631, #9305, #6286, #5469, #9403, #5523, #8494, #9348, #2506, #52, #8540, #7101 ),
 ( #3870, #4731, #4776, #5577, #899, #202, #7842, #7704, #944, #4026, #7053, #4580 ),
 ( #3256, #7653, #6950, #745, #6899, #9987, #3053, #2304, #1604, #5376, #794, #9259 ),
 ( #7748, #2355, #5427, #3924, #4077, #5624, #7298, #397, #4125, #9570, #8853, #8697 ),
 ( #4274, #5731, #1751, #4821, #446, #2610, #5025, #9507, #7155, #8752, #8647, #256 ),
 ( #7884, #9667, #5679, #9456, #3414, #1859, #5779, #6389, #6589, #1106, #6540, #3515 ) ),
 .UNSPECIFIED., .F., .F., .F.,
 ( 4, 2, 4 ),
 ( 4, 2, 2, 2, 2, 4 ),
 ( 0.000000000000000000, 0.5000000000000000000, 1.000000000000000000 ),
 ( 0.000000000000000000, 0.1250000000000000000, 0.2500000000000000000, 0.3750000000000000000, 0.5000000000000000000, 1.000000000000000000 ),
 .UNSPECIFIED. ) ;
#6604 = EDGE_CURVE ( 'NONE', #8499, #2864, #177, .T. ) ;
#6605 = EDGE_CURVE ( 'NONE', #9731, #4428, #4295, .T. ) ;
#6606 =( BOUNDED_CURVE ( )  B_SPLINE_CURVE ( 3, ( #1230, #7969, #5804, #4253 ),
 .UNSPECIFIED., .F., .T. ) 
 B_SPLINE_CURVE_WITH_KNOTS ( ( 4, 4 ),
 ( 3.354000447368247255E-31, 0.1999367310328347136 ),
 .UNSPECIFIED. ) 
 CURVE ( )  GEOMETRIC_REPRESENTATION_ITEM ( )  RATIONAL_B_SPLINE_CURVE ( ( 1.000000000000000000, 0.9966715486391564127, 0.9966715486391564127, 1.000000000000000000 ) ) 
 REPRESENTATION_ITEM ( '' )  );
#6607 = ORIENTED_EDGE ( 'NONE', *, *, #1886, .T. ) ;
#6608 = CARTESIAN_POINT ( 'NONE',  ( -85.46593308343616968, 14.06073347592796630, 331.1816991693160617 ) ) ;
#6609 = FACE_OUTER_BOUND ( 'NONE', #3825, .T. ) ;
#6610 = CARTESIAN_POINT ( 'NONE',  ( 14.07494652413605252, 14.53037242618519365, 356.6227796864502011 ) ) ;
#6611 = ORIENTED_EDGE ( 'NONE', *, *, #1030, .F. ) ;
#6612 = DIRECTION ( 'NONE',  ( 0.000000000000000000, 0.000000000000000000, -1.000000000000000000 ) ) ;
#6613 = ORIENTED_EDGE ( 'NONE', *, *, #1822, .F. ) ;
#6614 = CARTESIAN_POINT ( 'NONE',  ( -135.7054022982014487, 56.52453316843864428, 263.2787997811547029 ) ) ;
#6615 = CARTESIAN_POINT ( 'NONE',  ( 72.12657779604991504, 14.58183948978708244, 358.2551767295814216 ) ) ;
#6616 = DIRECTION ( 'NONE',  ( 0.000000000000000000, 1.082467449009526617E-12, -1.000000000000000000 ) ) ;
#6617 = AXIS2_PLACEMENT_3D ( 'NONE', #8021, #1232, #8730 ) ;
#6618 = DIRECTION ( 'NONE',  ( 1.000000000000000000, -0.000000000000000000, 0.000000000000000000 ) ) ;
#6619 = EDGE_CURVE ( 'NONE', #9940, #2618, #1240, .T. ) ;
#6620 = EDGE_CURVE ( 'NONE', #4289, #7705, #410, .T. ) ;
#6621 = CIRCLE ( 'NONE', #9338, 0.6499999999917127624 ) ;
#6622 = DIRECTION ( 'NONE',  ( 0.000000000000000000, 1.000000000000000000, 0.000000000000000000 ) ) ;
#6623 = CARTESIAN_POINT ( 'NONE',  ( 144.2549731555676544, 88.71217175464916238, 271.5844646685085308 ) ) ;
#6624 = CARTESIAN_POINT ( 'NONE',  ( 116.1858755123690941, 13.99999999999995737, 308.8228570679643212 ) ) ;
#6625 = CARTESIAN_POINT ( 'NONE',  ( -142.3562397196539280, 93.61272700875204578, 246.9052631253395589 ) ) ;
#6626 = CARTESIAN_POINT ( 'NONE',  ( -63.14147424611054049, 37.30874155250137392, 354.8870084122031017 ) ) ;
#6627 = EDGE_LOOP ( 'NONE', ( #4431, #7007, #3021, #3528 ) ) ;
#6628 = DIRECTION ( 'NONE',  ( 0.000000000000000000, -0.6454598724562695677, -0.7637941823873343195 ) ) ;
#6629 = CARTESIAN_POINT ( 'NONE',  ( -33.96766885589440221, 13.67729450463941099, 356.2872691410692028 ) ) ;
#6630 = CARTESIAN_POINT ( 'NONE',  ( 28.21759210859890388, 14.77713576463418654, 354.7940091792457338 ) ) ;
#6631 = LINE ( 'NONE', #2597, #2372 ) ;
#6632 = ADVANCED_FACE ( 'NONE', ( #8877 ), #7325, .T. ) ;
#6633 = CIRCLE ( 'NONE', #2268, 0.6499999999917127624 ) ;
#6634 = LINE ( 'NONE', #1940, #3623 ) ;
#6635 = B_SPLINE_CURVE_WITH_KNOTS ( 'NONE', 3,
 ( #1204, #9618, #5780, #7992, #4275, #7350, #6590, #9668, #5829, #2006 ),
 .UNSPECIFIED., .F., .F.,
 ( 4, 2, 2, 2, 4 ),
 ( 0.005134473874332027427, 0.006292721089740642253, 0.007450968305149257079, 0.008609215520557871038, 0.009767462735966486731 ),
 .UNSPECIFIED. ) ;
#6636 = CARTESIAN_POINT ( 'NONE',  ( -135.7054022982014487, 57.47575292380303580, 263.2787997811548166 ) ) ;
#6637 = LINE ( 'NONE', #2001, #1165 ) ;
#6638 = CARTESIAN_POINT ( 'NONE',  ( 80.63809171325520708, 20.75339759381577309, 345.7421597193472849 ) ) ;
#6639 = CIRCLE ( 'NONE', #6952, 147.0000000000000000 ) ;
#6640 = ORIENTED_EDGE ( 'NONE', *, *, #7881, .F. ) ;
#6641 = CARTESIAN_POINT ( 'NONE',  ( -120.2999567190653636, 140.9574688044365303, 309.0256100127186301 ) ) ;
#6642 = CARTESIAN_POINT ( 'NONE',  ( 67.73734684890882818, 31.58011199622397314, 353.3401815404994863 ) ) ;
#6643 = FACE_OUTER_BOUND ( 'NONE', #9932, .T. ) ;
#6644 = EDGE_CURVE ( 'NONE', #894, #1873, #650, .T. ) ;
#6645 = CARTESIAN_POINT ( 'NONE',  ( -142.6340441330338251, 93.72301763521673479, 275.3790778176643244 ) ) ;
#6646 = VERTEX_POINT ( 'NONE', #9024 ) ;
#6647 = CARTESIAN_POINT ( 'NONE',  ( 86.20441382538501784, 140.9999999999999716, 331.8046956166540440 ) ) ;
#6648 = EDGE_CURVE ( 'NONE', #6987, #8351, #5568, .T. ) ;
#6649 = ORIENTED_EDGE ( 'NONE', *, *, #8079, .F. ) ;
#6650 = AXIS2_PLACEMENT_3D ( 'NONE', #4103, #7376, #3336 ) ;
#6651 = FACE_OUTER_BOUND ( 'NONE', #1282, .T. ) ;
#6652 = AXIS2_PLACEMENT_3D ( 'NONE', #21, #5956, #2926 ) ;
#6653 = CARTESIAN_POINT ( 'NONE',  ( 89.51942958687976670, 14.10631249737639337, 327.9649576916527280 ) ) ;
#6654 = CARTESIAN_POINT ( 'NONE',  ( 143.0593677707748839, 89.46797228033648253, 245.0486008460253231 ) ) ;
#6655 = CARTESIAN_POINT ( 'NONE',  ( -14.63825527062587106, 13.93994878910263324, 356.7763462661259268 ) ) ;
#6656 = CARTESIAN_POINT ( 'NONE',  ( 130.7405981988195549, 93.72506638529172562, 274.9053672213102573 ) ) ;
#6657 = EDGE_LOOP ( 'NONE', ( #1759, #1367, #8875, #460 ) ) ;
#6658 = AXIS2_PLACEMENT_3D ( 'NONE', #9303, #9258, #8391 ) ;
#6659 = ORIENTED_EDGE ( 'NONE', *, *, #289, .F. ) ;
#6660 = CARTESIAN_POINT ( 'NONE',  ( 61.17256906089571089, 38.99999999999996447, 355.6648101701264864 ) ) ;
#6661 = DIRECTION ( 'NONE',  ( -0.000000000000000000, -1.000000000000000000, -0.000000000000000000 ) ) ;
#6662 = ORIENTED_EDGE ( 'NONE', *, *, #5875, .F. ) ;
#6663 = CIRCLE ( 'NONE', #5361, 1.999999999999991784 ) ;
#6664 = DIRECTION ( 'NONE',  ( 0.000000000000000000, -1.000000000000000000, 0.000000000000000000 ) ) ;
#6665 = EDGE_LOOP ( 'NONE', ( #1672, #5852, #9280, #6210 ) ) ;
#6666 = CARTESIAN_POINT ( 'NONE',  ( 30.82163489686919533, 15.99999999999995914, 353.9150555372264080 ) ) ;
#6667 = CARTESIAN_POINT ( 'NONE',  ( 117.0178822848741476, 15.99999999999995914, 301.5775777252399052 ) ) ;
#6668 = DIRECTION ( 'NONE',  ( 0.9895943761646588399, 0.000000000000000000, -0.1438852690975689075 ) ) ;
#6669 = CARTESIAN_POINT ( 'NONE',  ( -76.12242639158223767, 13.71770249721127222, 357.4569830121968721 ) ) ;
#6670 = CIRCLE ( 'NONE', #4581, 4.000000000000003553 ) ;
#6671 = AXIS2_PLACEMENT_3D ( 'NONE', #2346, #8584, #5417 ) ;
#6672 = DIRECTION ( 'NONE',  ( 0.000000000000000000, 0.000000000000000000, 1.000000000000000000 ) ) ;
#6673 = CARTESIAN_POINT ( 'NONE',  ( 79.80528247754544680, 22.04695951780322360, 346.2414745094934005 ) ) ;
#6674 = ORIENTED_EDGE ( 'NONE', *, *, #4250, .T. ) ;
#6675 = CARTESIAN_POINT ( 'NONE',  ( 33.95459305947959194, 13.96054524897192017, 355.6236861552920345 ) ) ;
#6676 = EDGE_CURVE ( 'NONE', #3587, #2628, #469, .T. ) ;
#6677 = DIRECTION ( 'NONE',  ( 0.1986073225973338241, 0.000000000000000000, 0.9800791454830158900 ) ) ;
#6678 = ADVANCED_FACE ( 'NONE', ( #2830 ), #3323, .T. ) ;
#6679 = ORIENTED_EDGE ( 'NONE', *, *, #3476, .F. ) ;
#6680 = CARTESIAN_POINT ( 'NONE',  ( 116.1903880661201924, 14.00510225282338261, 302.0155889995834855 ) ) ;
#6681 = ORIENTED_EDGE ( 'NONE', *, *, #5837, .T. ) ;
#6682 = DIRECTION ( 'NONE',  ( 0.3701888898133605665, 0.000000000000000000, -0.9289565037496381184 ) ) ;
#6683 = CARTESIAN_POINT ( 'NONE',  ( -33.95459305947996853, 13.96054524897191307, 355.6236861552921482 ) ) ;
#6684 = AXIS2_PLACEMENT_3D ( 'NONE', #3624, #685, #9980 ) ;
#6685 = CARTESIAN_POINT ( 'NONE',  ( 19.96730862450414179, 14.74717424951076161, 355.9538909542041552 ) ) ;
#6686 = DIRECTION ( 'NONE',  ( 0.000000000000000000, 1.000000000000000000, 0.000000000000000000 ) ) ;
#6687 = CARTESIAN_POINT ( 'NONE',  ( -1.414529833966644334, 14.04598973437246556, 357.1965721856436176 ) ) ;
#6688 = CARTESIAN_POINT ( 'NONE',  ( -148.0000000000245848, 57.00000000000000711, 249.0787997811547143 ) ) ;
#6689 = FACE_OUTER_BOUND ( 'NONE', #7005, .T. ) ;
#6690 = DIRECTION ( 'NONE',  ( -0.000000000000000000, -1.000000000000000000, -0.000000000000000000 ) ) ;
#6691 = FACE_OUTER_BOUND ( 'NONE', #9219, .T. ) ;
#6692 = EDGE_CURVE ( 'NONE', #1753, #9895, #3661, .T. ) ;
#6693 = PRODUCT_DEFINITION_SHAPE ( 'NONE', 'NONE',  #1495 ) ;
#6694 = ORIENTED_EDGE ( 'NONE', *, *, #7474, .T. ) ;
#6695 = CARTESIAN_POINT ( 'NONE',  ( -120.3718417775673970, 140.8632649839883300, 309.4190830490395570 ) ) ;
#6696 = DIRECTION ( 'NONE',  ( 4.773959005888169085E-12, 0.000000000000000000, 1.000000000000000000 ) ) ;
#6697 = CARTESIAN_POINT ( 'NONE',  ( -92.78089779403823911, 13.99999999999995737, 330.0472037877003118 ) ) ;
#6698 = AXIS2_PLACEMENT_3D ( 'NONE', #325, #4152, #1980 ) ;
#6699 = CARTESIAN_POINT ( 'NONE',  ( 73.60362237308494571, 16.00471584456573027, 358.8220479721591119 ) ) ;
#6700 = CARTESIAN_POINT ( 'NONE',  ( -141.4163460607821605, 92.32202181315325618, 278.0592536154962886 ) ) ;
#6701 = ORIENTED_EDGE ( 'NONE', *, *, #7695, .F. ) ;
#6702 = CARTESIAN_POINT ( 'NONE',  ( -82.59181078246039931, 39.10374356318985178, 344.5427800613940121 ) ) ;
#6703 = EDGE_CURVE ( 'NONE', #8204, #3878, #804, .T. ) ;
#6704 = CARTESIAN_POINT ( 'NONE',  ( 78.43350144000065427, 39.03499493270635412, 336.2533937895143481 ) ) ;
#6705 = EDGE_LOOP ( 'NONE', ( #9982, #4625, #1110, #1599 ) ) ;
#6706 = CARTESIAN_POINT ( 'NONE',  ( -61.56933431531642498, 37.91281810557943999, 356.0640892422915726 ) ) ;
#6707 = CARTESIAN_POINT ( 'NONE',  ( 89.32681607191629780, 14.15012321487082758, 327.9874281837450098 ) ) ;
#6708 = CARTESIAN_POINT ( 'NONE',  ( -10.48499652015491890, 14.08583775382978409, 356.9487228472094671 ) ) ;
#6709 = CARTESIAN_POINT ( 'NONE',  ( -144.1194849405086700, 88.02315043632702896, 271.9126295887256788 ) ) ;
#6710 = CARTESIAN_POINT ( 'NONE',  ( -79.99999999996916245, 0.000000000000000000, 334.2040982918403529 ) ) ;
#6711 = VERTEX_POINT ( 'NONE', #710 ) ;
#6712 = ORIENTED_EDGE ( 'NONE', *, *, #6084, .F. ) ;
#6713 = EDGE_CURVE ( 'NONE', #1515, #894, #6544, .T. ) ;
#6714 = FACE_OUTER_BOUND ( 'NONE', #8144, .T. ) ;
#6715 = CARTESIAN_POINT ( 'NONE',  ( 7.054222968591413512, 14.23735817717544094, 357.0775320800798909 ) ) ;
#6716 = ORIENTED_EDGE ( 'NONE', *, *, #8219, .T. ) ;
#6717 = DIRECTION ( 'NONE',  ( -0.000000000000000000, 1.000000000000000000, 0.000000000000000000 ) ) ;
#6718 = ORIENTED_EDGE ( 'NONE', *, *, #3030, .T. ) ;
#6719 = CARTESIAN_POINT ( 'NONE',  ( -61.05006548874759176, 38.99999999999996447, 353.9775714534497411 ) ) ;
#6720 = CARTESIAN_POINT ( 'NONE',  ( 121.3196234072627959, 14.00544029757982756, 307.2999866196601033 ) ) ;
#6721 = DIRECTION ( 'NONE',  ( 1.000000000000000000, 0.000000000000000000, 0.000000000000000000 ) ) ;
#6722 = AXIS2_PLACEMENT_3D ( 'NONE', #1130, #4104, #5757 ) ;
#6723 = EDGE_CURVE ( 'NONE', #6412, #4466, #1492, .T. ) ;
#6724 = CARTESIAN_POINT ( 'NONE',  ( 80.29973913795132034, 21.46181630172531740, 345.9458772358312331 ) ) ;
#6725 = LINE ( 'NONE', #5150, #4883 ) ;
#6726 = DIRECTION ( 'NONE',  ( 4.773959005888169085E-12, 0.000000000000000000, 1.000000000000000000 ) ) ;
#6727 = EDGE_LOOP ( 'NONE', ( #3769, #7255, #5279, #7811 ) ) ;
#6728 = CARTESIAN_POINT ( 'NONE',  ( 77.99999999996879296, 15.99999999999995914, 347.2555441290919589 ) ) ;
#6729 = CARTESIAN_POINT ( 'NONE',  ( -87.21910220580285511, 13.99999999999995737, 335.6016304062391100 ) ) ;
#6730 = ORIENTED_EDGE ( 'NONE', *, *, #8926, .T. ) ;
#6731 = CARTESIAN_POINT ( 'NONE',  ( 86.54584657642536172, 13.99999999999995737, 334.6992852076997451 ) ) ;
#6732 = CARTESIAN_POINT ( 'NONE',  ( 18.05638226972035199, 14.32648777252373051, 356.3425532425035271 ) ) ;
#6733 = CARTESIAN_POINT ( 'NONE',  ( -90.09199548601698382, 140.9999999999999716, 328.3569298378167787 ) ) ;
#6734 = EDGE_CURVE ( 'NONE', #2658, #7582, #887, .T. ) ;
#6735 = EDGE_CURVE ( 'NONE', #6822, #6391, #2519, .T. ) ;
#6736 = CARTESIAN_POINT ( 'NONE',  ( -1.522939453766362151E-13, 14.00530734089621987, 357.1965594745366843 ) ) ;
#6737 = SPHERICAL_SURFACE ( 'NONE', #3906, 2.000000000000000000 ) ;
#6738 = CARTESIAN_POINT ( 'NONE',  ( 147.9999999999984368, 57.00000000000000711, 256.1787997811547370 ) ) ;
#6739 = CARTESIAN_POINT ( 'NONE',  ( 80.04492503914507040, 18.77793438400565051, 346.1028046824069406 ) ) ;
#6740 = ORIENTED_EDGE ( 'NONE', *, *, #9351, .F. ) ;
#6741 = CARTESIAN_POINT ( 'NONE',  ( -120.1160535641386389, 140.9938369952527069, 308.8254623921638995 ) ) ;
#6742 = CARTESIAN_POINT ( 'NONE',  ( 80.13022288142030902, 41.00484099821592565, 346.0851326888762287 ) ) ;
#6743 = EDGE_CURVE ( 'NONE', #9004, #5036, #5094, .T. ) ;
#6744 = CARTESIAN_POINT ( 'NONE',  ( 73.85162105375658825, 16.48000473248090358, 358.0957023172323943 ) ) ;
#6745 = LINE ( 'NONE', #5369, #8115 ) ;
#6746 = ORIENTED_EDGE ( 'NONE', *, *, #7290, .F. ) ;
#6747 = CARTESIAN_POINT ( 'NONE',  ( -85.69129513981420132, 13.99999999999995737, 331.6403697970716848 ) ) ;
#6748 = ORIENTED_EDGE ( 'NONE', *, *, #5778, .T. ) ;
#6749 = DIRECTION ( 'NONE',  ( 0.000000000000000000, -0.000000000000000000, 1.000000000000000000 ) ) ;
#6750 = CARTESIAN_POINT ( 'NONE',  ( -9.901195723501539092, 13.74418857121220583, 357.0423843911101471 ) ) ;
#6751 = CARTESIAN_POINT ( 'NONE',  ( -141.0335869043193782, 89.71748945585902391, 278.8747880754170296 ) ) ;
#6752 = B_SPLINE_CURVE_WITH_KNOTS ( 'NONE', 3,
 ( #2826, #6758, #2868, #5095, #3640, #9839, #6610, #2067, #7468, #6715, #9792, #8975, #5942, #2912 ),
 .UNSPECIFIED., .F., .F.,
 ( 4, 2, 2, 2, 2, 2, 4 ),
 ( 0.000000000000000000, 0.2500000000000000000, 0.5000000000000000000, 0.6250000000000000000, 0.7500000000000000000, 0.8750000000000000000, 1.000000000000000000 ),
 .UNSPECIFIED. ) ;
#6753 = CARTESIAN_POINT ( 'NONE',  ( 128.7750623154478262, 90.48960328606231940, 278.8482325693604480 ) ) ;
#6754 = VERTEX_POINT ( 'NONE', #3833 ) ;
#6755 = EDGE_CURVE ( 'NONE', #9420, #2200, #4291, .T. ) ;
#6756 = VERTEX_POINT ( 'NONE', #6768 ) ;
#6757 = CARTESIAN_POINT ( 'NONE',  ( 62.31319511772030495, 37.62635567845283191, 355.4130882536986746 ) ) ;
#6758 = CARTESIAN_POINT ( 'NONE',  ( 30.87936594041978822, 14.75140472347300857, 354.3318347401112192 ) ) ;
#6759 = ORIENTED_EDGE ( 'NONE', *, *, #998, .T. ) ;
#6760 = DIRECTION ( 'NONE',  ( 0.7947073130990256473, 0.000000000000000000, 0.6069928224509143488 ) ) ;
#6761 = ORIENTED_EDGE ( 'NONE', *, *, #2224, .T. ) ;
#6762 = DIRECTION ( 'NONE',  ( -0.000000000000000000, 1.000000000000000000, 0.000000000000000000 ) ) ;
#6763 = LINE ( 'NONE', #2072, #3971 ) ;
#6764 = DIRECTION ( 'NONE',  ( -0.9895943761646356363, -0.000000000000000000, 0.1438852690977278914 ) ) ;
#6765 = ADVANCED_FACE ( 'NONE', ( #9173 ), #9848, .T. ) ;
#6766 = CARTESIAN_POINT ( 'NONE',  ( 113.9824199850091162, 140.9246211041343315, 304.1640986442904477 ) ) ;
#6767 = CARTESIAN_POINT ( 'NONE',  ( -93.37801023041400583, 140.9999999999999716, 330.3040242275516221 ) ) ;
#6768 = CARTESIAN_POINT ( 'NONE',  ( 117.2362379767727703, 140.9999999999999716, 301.5988181220258753 ) ) ;
#6769 = CARTESIAN_POINT ( 'NONE',  ( 140.5271196790415900, 95.27259942155163230, 247.9372950574067147 ) ) ;
#6770 = ORIENTED_EDGE ( 'NONE', *, *, #6993, .F. ) ;
#6771 = PLANE ( 'NONE',  #3969 ) ;
#6772 = CYLINDRICAL_SURFACE ( 'NONE', #1009, 7.099999999999995204 ) ;
#6773 = AXIS2_PLACEMENT_3D ( 'NONE', #4624, #5929, #3863 ) ;
#6774 = CARTESIAN_POINT ( 'NONE',  ( 116.9517187327123366, 14.00636641019734085, 300.9557193362277303 ) ) ;
#6775 = ADVANCED_FACE ( 'NONE', ( #4494 ), #4446, .T. ) ;
#6776 = CARTESIAN_POINT ( 'NONE',  ( 33.95360466907621344, 13.89538208481939385, 355.8429141936594533 ) ) ;
#6777 = LINE ( 'NONE', #9914, #4711 ) ;
#6778 = CARTESIAN_POINT ( 'NONE',  ( -116.2513158288834347, 14.15008677539099047, 300.9224070823793795 ) ) ;
#6779 = DIRECTION ( 'NONE',  ( -0.000000000000000000, -1.000000000000000000, -0.000000000000000000 ) ) ;
#6780 = CIRCLE ( 'NONE', #8215, 147.0000000000000000 ) ;
#6781 = DIRECTION ( 'NONE',  ( 0.000000000000000000, 0.000000000000000000, 1.000000000000000000 ) ) ;
#6782 = DIRECTION ( 'NONE',  ( -0.000000000000000000, 1.000000000000000000, -0.000000000000000000 ) ) ;
#6783 = DIRECTION ( 'NONE',  ( -0.000000000000000000, 1.000000000000000000, -0.000000000000000000 ) ) ;
#6784 = DIRECTION ( 'NONE',  ( 0.000000000000000000, 0.000000000000000000, 1.000000000000000000 ) ) ;
#6785 = CARTESIAN_POINT ( 'NONE',  ( 119.0702036534665780, 13.99999999999995737, 309.2422332697059915 ) ) ;
#6786 = VERTEX_POINT ( 'NONE', #665 ) ;
#6787 = LINE ( 'NONE', #9820, #1028 ) ;
#6788 = CIRCLE ( 'NONE', #3401, 0.6499999999999839240 ) ;
#6789 = CARTESIAN_POINT ( 'NONE',  ( 79.01298701295537796, 38.99999999999994316, 346.7100289320113689 ) ) ;
#6790 = ORIENTED_EDGE ( 'NONE', *, *, #4931, .T. ) ;
#6791 = CARTESIAN_POINT ( 'NONE',  ( 73.54866844877733456, 15.71086227234730082, 359.1423235374726914 ) ) ;
#6792 = VECTOR ( 'NONE', #3196, 1000.000000000000000 ) ;
#6793 = CARTESIAN_POINT ( 'NONE',  ( 94.26941706898760742, 13.99999999999995737, 333.9755189086594100 ) ) ;
#6794 = ORIENTED_EDGE ( 'NONE', *, *, #2234, .T. ) ;
#6795 = CARTESIAN_POINT ( 'NONE',  ( -73.16927077591770967, 16.91281810558072607, 358.6233138421105195 ) ) ;
#6796 = VERTEX_POINT ( 'NONE', #9753 ) ;
#6797 = EDGE_CURVE ( 'NONE', #4939, #2377, #5300, .T. ) ;
#6798 = DIRECTION ( 'NONE',  ( 0.7850712346519571616, 0.000000000000000000, -0.6194054863512685749 ) ) ;
#6799 = EDGE_CURVE ( 'NONE', #7156, #2169, #5154, .T. ) ;
#6800 = LINE ( 'NONE', #8493, #5734 ) ;
#6801 = CARTESIAN_POINT ( 'NONE',  ( -144.1715414942743223, 88.24690772498377100, 271.7867308378799862 ) ) ;
#6802 = CARTESIAN_POINT ( 'NONE',  ( 131.0699237948415998, 93.61944881480457070, 274.2140294365394766 ) ) ;
#6803 = ORIENTED_EDGE ( 'NONE', *, *, #6993, .T. ) ;
#6804 = AXIS2_PLACEMENT_3D ( 'NONE', #528, #4455, #1283 ) ;
#6805 = ORIENTED_EDGE ( 'NONE', *, *, #4399, .F. ) ;
#6806 = CARTESIAN_POINT ( 'NONE',  ( 93.41247076357723245, 14.01428263768047877, 334.9610766536430333 ) ) ;
#6807 = CIRCLE ( 'NONE', #2454, 2.000000000000001776 ) ;
#6808 = CARTESIAN_POINT ( 'NONE',  ( -33.59538806883449524, 15.99999999999995914, 353.2544217687072887 ) ) ;
#6809 = FACE_OUTER_BOUND ( 'NONE', #5281, .T. ) ;
#6810 = VERTEX_POINT ( 'NONE', #5207 ) ;
#6811 = EDGE_CURVE ( 'NONE', #4185, #8801, #477, .T. ) ;
#6812 = CARTESIAN_POINT ( 'NONE',  ( 14.05084443284930451, 15.99999999999995914, 356.5244956219502797 ) ) ;
#6813 = ORIENTED_EDGE ( 'NONE', *, *, #9522, .F. ) ;
#6814 = CARTESIAN_POINT ( 'NONE',  ( -138.8508041226779426, 50.24539846107111885, 253.9792668263118287 ) ) ;
#6815 = CARTESIAN_POINT ( 'NONE',  ( 114.2230427633878378, 13.99999999999995737, 305.4179203717276891 ) ) ;
#6816 = CIRCLE ( 'NONE', #5349, 2.000000000000001776 ) ;
#6817 = APPLICATION_PROTOCOL_DEFINITION ( 'draft international standard', 'automotive_design', 1998, #8324 ) ;
#6818 = CARTESIAN_POINT ( 'NONE',  ( 113.4501391940168844, 140.9826423256967587, 305.2140710576248352 ) ) ;
#6819 = DIRECTION ( 'NONE',  ( -0.000000000000000000, 1.000000000000000000, -0.000000000000000000 ) ) ;
#6820 = SPHERICAL_SURFACE ( 'NONE', #9225, 2.000000000000000000 ) ;
#6821 = CARTESIAN_POINT ( 'NONE',  ( 140.8039139335980678, 96.84543704509675877, 246.8311683388218114 ) ) ;
#6822 = VERTEX_POINT ( 'NONE', #4452 ) ;
#6823 = VECTOR ( 'NONE', #6191, 1000.000000000000000 ) ;
#6824 = CARTESIAN_POINT ( 'NONE',  ( 60.20154134058272888, 38.99999999999995737, 354.9231448464083769 ) ) ;
#6825 = ADVANCED_FACE ( 'NONE', ( #622, #4404 ), #3693, .T. ) ;
#6826 = CARTESIAN_POINT ( 'NONE',  ( -79.96307690160148240, 20.71085732388267431, 346.1490365612763753 ) ) ;
#6827 = CARTESIAN_POINT ( 'NONE',  ( -122.3240216452302036, 140.9197476080657623, 306.6769527474412484 ) ) ;
#6828 = CIRCLE ( 'NONE', #5213, 2.000000000000004441 ) ;
#6829 = AXIS2_PLACEMENT_3D ( 'NONE', #5461, #7832, #2291 ) ;
#6830 = CARTESIAN_POINT ( 'NONE',  ( -113.4663578453762227, 140.8328184182558971, 304.3925942121031767 ) ) ;
#6831 = EDGE_CURVE ( 'NONE', #5832, #1440, #1007, .T. ) ;
#6832 = SPHERICAL_SURFACE ( 'NONE', #8245, 2.000000000000000000 ) ;
#6833 = DIRECTION ( 'NONE',  ( 1.000000000000000000, -0.000000000000000000, -0.000000000000000000 ) ) ;
#6834 = CARTESIAN_POINT ( 'NONE',  ( 85.52491479694994325, 140.9860667095486804, 331.4333246276152636 ) ) ;
#6835 = CARTESIAN_POINT ( 'NONE',  ( 29.19527642180831961, 38.99999999999995737, 356.2716343860032566 ) ) ;
#6836 = ORIENTED_EDGE ( 'NONE', *, *, #5257, .T. ) ;
#6837 = CARTESIAN_POINT ( 'NONE',  ( 143.0629825377700399, 96.06373240759501186, 245.0386085887325009 ) ) ;
#6838 = CARTESIAN_POINT ( 'NONE',  ( 81.57576139758234035, 37.89084293546810756, 345.1715998648338655 ) ) ;
#6839 = ORIENTED_EDGE ( 'NONE', *, *, #3750, .F. ) ;
#6840 = VECTOR ( 'NONE', #7045, 1000.000000000000000 ) ;
#6841 = CARTESIAN_POINT ( 'NONE',  ( 86.12827063230193403, 13.99999999999995737, 331.1591708579985607 ) ) ;
#6842 = DIRECTION ( 'NONE',  ( 0.000000000000000000, 0.000000000000000000, 1.000000000000000000 ) ) ;
#6843 = VERTEX_POINT ( 'NONE', #1233 ) ;
#6844 = FACE_OUTER_BOUND ( 'NONE', #8525, .T. ) ;
#6845 = ORIENTED_EDGE ( 'NONE', *, *, #255, .T. ) ;
#6846 = AXIS2_PLACEMENT_3D ( 'NONE', #8217, #3595, #3734 ) ;
#6847 = FACE_OUTER_BOUND ( 'NONE', #7721, .T. ) ;
#6848 = CARTESIAN_POINT ( 'NONE',  ( 80.73474958236167254, 39.87328610009075192, 332.6446149679773612 ) ) ;
#6849 = CARTESIAN_POINT ( 'NONE',  ( -93.87172936769897547, 140.9999999999999716, 333.8396633360762280 ) ) ;
#6850 = CARTESIAN_POINT ( 'NONE',  ( 129.5435861767415417, 93.00772394556344125, 277.3422262871069393 ) ) ;
#6851 = ORIENTED_EDGE ( 'NONE', *, *, #7927, .T. ) ;
#6852 = ADVANCED_FACE ( 'NONE', ( #7484 ), #6771, .F. ) ;
#6853 = EDGE_LOOP ( 'NONE', ( #4338, #3171, #9962 ) ) ;
#6854 = CARTESIAN_POINT ( 'NONE',  ( -13.79404384096395297, 14.99699947864995053, 356.5948263874889790 ) ) ;
#6855 = CARTESIAN_POINT ( 'NONE',  ( -77.42512447030041756, 36.99999999999994316, 334.7996710048074078 ) ) ;
#6856 = ORIENTED_EDGE ( 'NONE', *, *, #957, .T. ) ;
#6857 = B_SPLINE_CURVE_WITH_KNOTS ( 'NONE', 3,
 ( #3572, #4430, #9674, #558, #2762, #5086, #5836, #8917, #2858, #501 ),
 .UNSPECIFIED., .F., .F.,
 ( 4, 2, 2, 2, 4 ),
 ( 0.000000000000000000, 0.0003624275965562482119, 0.0007248551931124964237, 0.001087282789668744636, 0.001449710386224992847 ),
 .UNSPECIFIED. ) ;
#6858 = CARTESIAN_POINT ( 'NONE',  ( 28.03791893497174215, 15.99999999999995914, 354.4916302566276727 ) ) ;
#6859 = EDGE_LOOP ( 'NONE', ( #4177, #8668, #6358 ) ) ;
#6860 = CARTESIAN_POINT ( 'NONE',  ( -140.0286899048240628, 53.78733378978778745, 249.8427946781654612 ) ) ;
#6861 = CARTESIAN_POINT ( 'NONE',  ( -32.59816389104908296, 13.89433285860264888, 355.8460468039967850 ) ) ;
#6862 = CARTESIAN_POINT ( 'NONE',  ( 91.01468838057871835, 140.9938369952546395, 336.6213518866477443 ) ) ;
#6863 = LINE ( 'NONE', #4542, #3747 ) ;
#6864 = EDGE_CURVE ( 'NONE', #5143, #5982, #6543, .T. ) ;
#6865 = AXIS2_PLACEMENT_3D ( 'NONE', #8298, #2951, #8392 ) ;
#6866 = FACE_OUTER_BOUND ( 'NONE', #2314, .T. ) ;
#6867 = ORIENTED_EDGE ( 'NONE', *, *, #3357, .T. ) ;
#6868 = CARTESIAN_POINT ( 'NONE',  ( 0.000000000000000000, 13.99999999999995737, 212.1999999999999602 ) ) ;
#6869 = DIRECTION ( 'NONE',  ( 1.000000000000000000, -0.000000000000000000, 7.975740119433571921E-16 ) ) ;
#6870 = ORIENTED_EDGE ( 'NONE', *, *, #1996, .T. ) ;
#6871 = CARTESIAN_POINT ( 'NONE',  ( 9.679739423404670973, 33.53476735677052289, 357.1999999999999318 ) ) ;
#6872 = CARTESIAN_POINT ( 'NONE',  ( -79.95390565784198600, 19.51664160777089307, 346.9738585410327119 ) ) ;
#6873 = DIRECTION ( 'NONE',  ( 0.000000000000000000, -2.775557561562888511E-14, 1.000000000000000000 ) ) ;
#6874 = EDGE_CURVE ( 'NONE', #4341, #9197, #3545, .T. ) ;
#6875 = CARTESIAN_POINT ( 'NONE',  ( -113.4498046996356493, 140.9825623538767445, 305.2136398851434933 ) ) ;
#6876 = DIRECTION ( 'NONE',  ( 0.000000000000000000, 0.000000000000000000, 1.000000000000000000 ) ) ;
#6877 = ORIENTED_EDGE ( 'NONE', *, *, #4184, .F. ) ;
#6878 = PLANE ( 'NONE',  #5002 ) ;
#6879 = DIRECTION ( 'NONE',  ( 0.7947073130990230938, 0.000000000000000000, 0.6069928224509177905 ) ) ;
#6880 = LINE ( 'NONE', #3036, #1169 ) ;
#6881 = ORIENTED_EDGE ( 'NONE', *, *, #3993, .T. ) ;
#6882 = CARTESIAN_POINT ( 'NONE',  ( -146.0000000000150067, 140.9999999999999716, 242.5153120237268922 ) ) ;
#6883 = ORIENTED_EDGE ( 'NONE', *, *, #9873, .T. ) ;
#6884 = CARTESIAN_POINT ( 'NONE',  ( -147.6253370994953968, 54.00198604802014302, 262.6261428365039023 ) ) ;
#6885 = CARTESIAN_POINT ( 'NONE',  ( 5.656329897518102001, 13.84996826539874881, 357.1410364958196055 ) ) ;
#6886 = CARTESIAN_POINT ( 'NONE',  ( 94.13988638110770069, 140.8288551672810627, 335.0970536838337352 ) ) ;
#6887 = CARTESIAN_POINT ( 'NONE',  ( -79.97660027511102498, 40.65198263642786713, 334.2355829315713436 ) ) ;
#6888 = ORIENTED_EDGE ( 'NONE', *, *, #5111, .T. ) ;
#6889 = AXIS2_PLACEMENT_3D ( 'NONE', #8288, #5365, #8437 ) ;
#6890 = EDGE_CURVE ( 'NONE', #6754, #1343, #6901, .T. ) ;
#6891 = CARTESIAN_POINT ( 'NONE',  ( 76.11103827616905448, 13.85080918071236411, 357.3594084177741479 ) ) ;
#6892 = DIRECTION ( 'NONE',  ( 0.000000000000000000, 0.000000000000000000, 1.000000000000000000 ) ) ;
#6893 = VERTEX_POINT ( 'NONE', #3369 ) ;
#6894 = DIRECTION ( 'NONE',  ( -0.000000000000000000, -1.000000000000000000, -0.000000000000000000 ) ) ;
#6895 = ORIENTED_EDGE ( 'NONE', *, *, #4516, .F. ) ;
#6896 = DIRECTION ( 'NONE',  ( 0.5578231292514874706, 0.000000000000000000, -0.8299598523254472227 ) ) ;
#6897 = FACE_OUTER_BOUND ( 'NONE', #352, .T. ) ;
#6898 = EDGE_CURVE ( 'NONE', #9731, #7215, #3988, .T. ) ;
#6899 = CARTESIAN_POINT ( 'NONE',  ( -5.665253747741094692, 13.33100444062251455, 357.1895176325947432 ) ) ;
#6900 = ORIENTED_EDGE ( 'NONE', *, *, #9845, .T. ) ;
#6901 = B_SPLINE_CURVE_WITH_KNOTS ( 'NONE', 3,
 ( #5108, #4353, #527, #3600, #6675, #2838, #5911, #6448, #3317, #3267, #5632, #8608, #8548, #6396 ),
 .UNSPECIFIED., .F., .F.,
 ( 4, 2, 2, 2, 2, 2, 4 ),
 ( 0.000000000000000000, 0.2500000000000000000, 0.5000000000000000000, 0.6250000000000000000, 0.7500000000000000000, 0.8750000000000000000, 1.000000000000000000 ),
 .UNSPECIFIED. ) ;
#6902 = ORIENTED_EDGE ( 'NONE', *, *, #2504, .T. ) ;
#6903 = CARTESIAN_POINT ( 'NONE',  ( 93.49159763958087410, 14.03047795426886601, 335.0265533651833607 ) ) ;
#6904 = CARTESIAN_POINT ( 'NONE',  ( 61.61575490295708590, 37.91281810558086107, 356.0033129380123569 ) ) ;
#6905 = CARTESIAN_POINT ( 'NONE',  ( 130.0646329329308912, 86.40385107028764367, 276.2956422732244732 ) ) ;
#6906 = CARTESIAN_POINT ( 'NONE',  ( -80.64816827369892849, 39.60939087493411392, 332.7026591394479738 ) ) ;
#6907 = EDGE_LOOP ( 'NONE', ( #3478, #3989, #8117, #4842 ) ) ;
#6908 = CARTESIAN_POINT ( 'NONE',  ( -147.9999999999968736, 140.9999999999999716, 244.5153120237364419 ) ) ;
#6909 = ORIENTED_EDGE ( 'NONE', *, *, #2759, .F. ) ;
#6910 = CARTESIAN_POINT ( 'NONE',  ( -89.50628086271555617, 13.99999999999995737, 328.6387779885129703 ) ) ;
#6911 = CARTESIAN_POINT ( 'NONE',  ( 59.17157287522112341, 5.499999999999952927, 384.8913526958625653 ) ) ;
#6912 = CARTESIAN_POINT ( 'NONE',  ( 91.79337874642523332, 14.00544029758195208, 336.0403573035210911 ) ) ;
#6913 = EDGE_CURVE ( 'NONE', #4664, #5443, #8334, .T. ) ;
#6914 = CARTESIAN_POINT ( 'NONE',  ( 76.48403949957267400, 14.12306274449643873, 356.6409819272097366 ) ) ;
#6915 = CARTESIAN_POINT ( 'NONE',  ( 141.7436112118937501, 93.00055142466180769, 277.3521112834287123 ) ) ;
#6916 = CARTESIAN_POINT ( 'NONE',  ( -1.665334536937734811E-13, 11.99999999999995914, 357.1999999999999886 ) ) ;
#6917 = ORIENTED_EDGE ( 'NONE', *, *, #6874, .T. ) ;
#6918 = FACE_OUTER_BOUND ( 'NONE', #8394, .T. ) ;
#6919 = ORIENTED_EDGE ( 'NONE', *, *, #9307, .F. ) ;
#6920 = CARTESIAN_POINT ( 'NONE',  ( -80.03081095102557185, 21.85400116107330248, 346.1071999232231633 ) ) ;
#6921 = EDGE_CURVE ( 'NONE', #6458, #3316, #9273, .T. ) ;
#6922 = FACE_OUTER_BOUND ( 'NONE', #2577, .T. ) ;
#6923 = DIRECTION ( 'NONE',  ( -1.000000000000000000, 0.000000000000000000, 0.000000000000000000 ) ) ;
#6924 = ADVANCED_FACE ( 'NONE', ( #9207 ), #51, .T. ) ;
#6925 = CARTESIAN_POINT ( 'NONE',  ( -141.3133242101688438, 98.20253303166296632, 244.6905446490195857 ) ) ;
#6926 = CARTESIAN_POINT ( 'NONE',  ( 79.79104282257726766, 38.22421970485140719, 333.2720436139866251 ) ) ;
#6927 = LINE ( 'NONE', #927, #2265 ) ;
#6928 = CIRCLE ( 'NONE', #1941, 0.6499999999999839240 ) ;
#6929 = DIRECTION ( 'NONE',  ( 0.000000000000000000, 0.000000000000000000, -1.000000000000000000 ) ) ;
#6930 = FACE_OUTER_BOUND ( 'NONE', #1755, .T. ) ;
#6931 = DIRECTION ( 'NONE',  ( -0.000000000000000000, 1.000000000000000000, -0.000000000000000000 ) ) ;
#6932 = EDGE_LOOP ( 'NONE', ( #5967, #7743, #542, #7055 ) ) ;
#6933 = DIRECTION ( 'NONE',  ( 0.000000000000000000, 0.000000000000000000, -1.000000000000000000 ) ) ;
#6934 = ORIENTED_EDGE ( 'NONE', *, *, #7424, .F. ) ;
#6935 = CARTESIAN_POINT ( 'NONE',  ( 2.828329416802669805, 13.92542005435768537, 357.1837664308903300 ) ) ;
#6936 = ORIENTED_EDGE ( 'NONE', *, *, #2843, .T. ) ;
#6937 = EDGE_CURVE ( 'NONE', #2628, #4774, #271, .T. ) ;
#6938 = DIRECTION ( 'NONE',  ( -0.2198320545831729533, -1.658908825876592991E-14, 0.9755377326263403592 ) ) ;
#6939 = CARTESIAN_POINT ( 'NONE',  ( -114.2230427634406453, 140.9999999999999716, 305.4179203717066571 ) ) ;
#6940 = VECTOR ( 'NONE', #5657, 1000.000000000000000 ) ;
#6941 = CARTESIAN_POINT ( 'NONE',  ( 82.59022820733525805, 39.10122228750826423, 344.5437667867277582 ) ) ;
#6942 = CARTESIAN_POINT ( 'NONE',  ( -116.1858755123588764, 13.99999999999995737, 308.8228570680346365 ) ) ;
#6943 = EDGE_LOOP ( 'NONE', ( #2857, #9312, #8483, #3933 ) ) ;
#6944 = CARTESIAN_POINT ( 'NONE',  ( 1.009719629430382282E-25, 140.9999999999999716, 212.1999999999999602 ) ) ;
#6945 = AXIS2_PLACEMENT_3D ( 'NONE', #5327, #9212, #1511 ) ;
#6946 = EDGE_LOOP ( 'NONE', ( #2020, #4079, #3830, #3172, #740, #8864, #5432 ) ) ;
#6947 = LINE ( 'NONE', #1947, #1191 ) ;
#6948 = EDGE_CURVE ( 'NONE', #1852, #4379, #3717, .T. ) ;
#6949 = CARTESIAN_POINT ( 'NONE',  ( -93.87172936769897547, 13.99999999999995737, 334.4896633360762053 ) ) ;
#6950 = CARTESIAN_POINT ( 'NONE',  ( -2.133042925425287617, 13.37434157233440679, 357.1976317213341190 ) ) ;
#6951 = ORIENTED_EDGE ( 'NONE', *, *, #9907, .F. ) ;
#6952 = AXIS2_PLACEMENT_3D ( 'NONE', #9861, #8282, #2935 ) ;
#6953 = EDGE_CURVE ( 'NONE', #1159, #9131, #2905, .T. ) ;
#6954 = ORIENTED_EDGE ( 'NONE', *, *, #2294, .T. ) ;
#6955 = DIRECTION ( 'NONE',  ( 0.000000000000000000, 0.000000000000000000, -1.000000000000000000 ) ) ;
#6956 = LINE ( 'NONE', #7660, #7929 ) ;
#6957 = ORIENTED_EDGE ( 'NONE', *, *, #8458, .F. ) ;
#6958 = VECTOR ( 'NONE', #6117, 1000.000000000000000 ) ;
#6959 = CYLINDRICAL_SURFACE ( 'NONE', #8600, 2.000000000000001776 ) ;
#6960 = CIRCLE ( 'NONE', #2614, 5.749999999999976907 ) ;
#6961 = ORIENTED_EDGE ( 'NONE', *, *, #9307, .T. ) ;
#6962 = CARTESIAN_POINT ( 'NONE',  ( -138.7175113903371653, 50.11754152855990441, 254.4197225918186689 ) ) ;
#6963 = CARTESIAN_POINT ( 'NONE',  ( -145.9999999999968736, 96.42078043914040109, 244.0740061846849187 ) ) ;
#6964 = CARTESIAN_POINT ( 'NONE',  ( 73.07140106646669153, 11.99999999999996803, 357.2000000000000455 ) ) ;
#6965 = CIRCLE ( 'NONE', #8725, 4.000000000000003553 ) ;
#6966 = B_SPLINE_CURVE_WITH_KNOTS ( 'NONE', 3,
 ( #9958, #7763, #1573, #7816, #4547, #4747, #5341, #4645, #8413, #1526, #6915, #3020, #4597, #7018, #118, #6154, #5438, #1666, #8510, #3167, #863, #7718, #3217, #916, #1619, #8359, #3995, #7669, #3943, #6251, #9227, #7068, #762, #7616 ),
 .UNSPECIFIED., .F., .F.,
 ( 4, 2, 2, 2, 2, 2, 2, 2, 2, 2, 2, 2, 2, 2, 2, 2, 4 ),
 ( 0.01228390785159335849, 0.01305081233129214667, 0.01381771681099093485, 0.01458462129068972130, 0.01535152577038851121, 0.01611843025008729766, 0.01688533472978608757, 0.01765223920948487402, 0.01841914368918366046, 0.01918604816888245038, 0.01995295264858124029, 0.02071985712828002674, 0.02148676160797881318, 0.02225366608767759963, 0.02302057056737638954, 0.02378747504707517946, 0.02455437952677396590 ),
 .UNSPECIFIED. ) ;
#6967 = CIRCLE ( 'NONE', #6163, 145.0000000000000000 ) ;
#6968 = DIRECTION ( 'NONE',  ( 1.000000000000000000, -0.000000000000000000, 8.947009472043195012E-15 ) ) ;
#6969 = ORIENTED_EDGE ( 'NONE', *, *, #424, .T. ) ;
#6970 = DIRECTION ( 'NONE',  ( 0.000000000000000000, 0.000000000000000000, 1.000000000000000000 ) ) ;
#6971 = CARTESIAN_POINT ( 'NONE',  ( -8.577530858997429064, 3.499999999999952927, 449.1317656007761911 ) ) ;
#6972 = ORIENTED_EDGE ( 'NONE', *, *, #2843, .F. ) ;
#6973 = FACE_OUTER_BOUND ( 'NONE', #2764, .T. ) ;
#6974 = ORIENTED_EDGE ( 'NONE', *, *, #2824, .F. ) ;
#6975 = DIRECTION ( 'NONE',  ( -1.000000000000000000, 0.000000000000000000, -7.975740119433573893E-16 ) ) ;
#6976 = CARTESIAN_POINT ( 'NONE',  ( 113.6848775212756379, 140.9999999999999716, 305.3919987068232444 ) ) ;
#6977 = AXIS2_PLACEMENT_3D ( 'NONE', #3789, #4398, #1469 ) ;
#6978 = CARTESIAN_POINT ( 'NONE',  ( 122.9904786899761859, 14.11858744666490928, 306.0078514035479316 ) ) ;
#6979 = AXIS2_PLACEMENT_3D ( 'NONE', #3888, #2375, #8560 ) ;
#6980 = CARTESIAN_POINT ( 'NONE',  ( -140.6510706212698949, 89.41565288127878830, 247.4465349102401603 ) ) ;
#6981 = CARTESIAN_POINT ( 'NONE',  ( 79.92332051200938281, 40.43352517414512448, 334.3070541957583259 ) ) ;
#6982 = DIRECTION ( 'NONE',  ( -0.000000000000000000, 1.000000000000000000, -0.000000000000000000 ) ) ;
#6983 = ADVANCED_FACE ( 'NONE', ( #4676 ), #2679, .T. ) ;
#6984 = DIRECTION ( 'NONE',  ( 0.000000000000000000, 1.000000000000000000, 0.000000000000000000 ) ) ;
#6985 = CARTESIAN_POINT ( 'NONE',  ( -147.9999999999968736, 98.37148522367829173, 244.5153120237364419 ) ) ;
#6986 = CARTESIAN_POINT ( 'NONE',  ( 34.05877273185253529, 11.99999999999995914, 357.2000000000000455 ) ) ;
#6987 = VERTEX_POINT ( 'NONE', #3000 ) ;
#6988 = CARTESIAN_POINT ( 'NONE',  ( 142.3201091418840178, 92.97910861165937035, 246.9965566073705361 ) ) ;
#6989 = LINE ( 'NONE', #4568, #1670 ) ;
#6990 = CIRCLE ( 'NONE', #6023, 2.000000000000001776 ) ;
#6991 =( BOUNDED_CURVE ( )  B_SPLINE_CURVE ( 3, ( #3520, #5833, #2899, #5176 ),
 .UNSPECIFIED., .F., .T. ) 
 B_SPLINE_CURVE_WITH_KNOTS ( ( 4, 4 ),
 ( 0.3815115400456724482, 0.4958651123753787804 ),
 .UNSPECIFIED. ) 
 CURVE ( )  GEOMETRIC_REPRESENTATION_ITEM ( )  RATIONAL_B_SPLINE_CURVE ( ( 1.000000000000000000, 0.9989105685525407896, 0.9989105685525407896, 1.000000000000000000 ) ) 
 REPRESENTATION_ITEM ( '' )  );
#6992 = CARTESIAN_POINT ( 'NONE',  ( 73.54473830626007214, 13.99999999999995914, 355.1999999999999886 ) ) ;
#6993 = EDGE_CURVE ( 'NONE', #9420, #3843, #6800, .T. ) ;
#6994 = CARTESIAN_POINT ( 'NONE',  ( -8.199071907357303957, 14.78059806387785891, 357.0066895640704274 ) ) ;
#6995 = DIRECTION ( 'NONE',  ( 0.000000000000000000, -0.7637941823953592335, 0.6454598724467730531 ) ) ;
#6996 = VERTEX_POINT ( 'NONE', #4629 ) ;
#6997 = DIRECTION ( 'NONE',  ( 0.000000000000000000, 0.000000000000000000, -1.000000000000000000 ) ) ;
#6998 = VECTOR ( 'NONE', #8558, 1000.000000000000000 ) ;
#6999 = VERTEX_POINT ( 'NONE', #6080 ) ;
#7000 = CARTESIAN_POINT ( 'NONE',  ( 79.99999999992782307, -143481.1634047836706, 121614.5754453246482 ) ) ;
#7001 = CARTESIAN_POINT ( 'NONE',  ( 11.27004537985519583, 14.40598421814891417, 356.8522563694955920 ) ) ;
#7002 = CARTESIAN_POINT ( 'NONE',  ( -73.54473830627645725, 15.99999999999784173, 355.1999999999974307 ) ) ;
#7003 = CARTESIAN_POINT ( 'NONE',  ( -76.42979710821471429, 14.15179547700672913, 356.6877177709129114 ) ) ;
#7004 = CIRCLE ( 'NONE', #2655, 1.999999999999989342 ) ;
#7005 = EDGE_LOOP ( 'NONE', ( #199, #7063, #104, #1841 ) ) ;
#7006 = EDGE_CURVE ( 'NONE', #4424, #7023, #2834, .T. ) ;
#7007 = ORIENTED_EDGE ( 'NONE', *, *, #9738, .T. ) ;
#7008 = CARTESIAN_POINT ( 'NONE',  ( 86.62198976941226647, 140.9999999999999716, 335.3448099664433357 ) ) ;
#7009 = CARTESIAN_POINT ( 'NONE',  ( 132.1323378735814913, 88.01618813112841622, 271.9165887582536811 ) ) ;
#7010 = CARTESIAN_POINT ( 'NONE',  ( -93.45415342344423948, 13.99999999999995737, 330.9495489862984527 ) ) ;
#7011 = EDGE_LOOP ( 'NONE', ( #8682, #5153, #5938, #9107 ) ) ;
#7012 = CARTESIAN_POINT ( 'NONE',  ( -79.99999999996879296, 15.99999999999995914, 352.1416959726408891 ) ) ;
#7013 = ORIENTED_EDGE ( 'NONE', *, *, #4515, .T. ) ;
#7014 = CARTESIAN_POINT ( 'NONE',  ( -142.7557802344259130, 95.45080462513377029, 245.8700150538240052 ) ) ;
#7015 = DIRECTION ( 'NONE',  ( 0.7947073130990230938, 0.000000000000000000, 0.6069928224509177905 ) ) ;
#7016 = CARTESIAN_POINT ( 'NONE',  ( -94.26941706898760742, 140.9999999999999716, 333.9755189086594100 ) ) ;
#7017 = ADVANCED_FACE ( 'NONE', ( #1454 ), #792, .T. ) ;
#7018 = CARTESIAN_POINT ( 'NONE',  ( 142.2249745539448611, 93.54504187164224049, 276.2945822649924708 ) ) ;
#7019 = ORIENTED_EDGE ( 'NONE', *, *, #2482, .F. ) ;
#7020 = DIRECTION ( 'NONE',  ( -9.374445664178657460E-12, 0.000000000000000000, 1.000000000000000000 ) ) ;
#7021 = CARTESIAN_POINT ( 'NONE',  ( 15.57530174369902731, 13.61697294132155100, 356.8864981440106590 ) ) ;
#7022 = CARTESIAN_POINT ( 'NONE',  ( -115.9503478345545062, 14.13607268529460903, 301.3722349771352924 ) ) ;
#7023 = VERTEX_POINT ( 'NONE', #4524 ) ;
#7024 = EDGE_LOOP ( 'NONE', ( #9829, #5506, #1652 ) ) ;
#7025 = FACE_OUTER_BOUND ( 'NONE', #2091, .T. ) ;
#7026 = CARTESIAN_POINT ( 'NONE',  ( 77.26689023736271622, 5.499999999999952927, 359.2000000000001023 ) ) ;
#7027 = CARTESIAN_POINT ( 'NONE',  ( -90.49371913728364802, 14.12320228097660468, 337.6600562055618866 ) ) ;
#7028 = CYLINDRICAL_SURFACE ( 'NONE', #1251, 2.000000000000001776 ) ;
#7029 = VECTOR ( 'NONE', #5375, 1000.000000000000227 ) ;
#7030 = B_SPLINE_CURVE_WITH_KNOTS ( 'NONE', 3,
 ( #6680, #9089, #1235, #8944, #5157, #5062, #9755, #3695, #2839, #5253, #623, #1333, #432, #6774, #4310, #8225 ),
 .UNSPECIFIED., .F., .F.,
 ( 4, 2, 2, 2, 2, 2, 2, 4 ),
 ( 0.000000000000000000, 0.0002729571948133924101, 0.0005459143896267848201, 0.0008188715844401772302, 0.001091828779253569640, 0.001637743168880472638, 0.001910700363693925655, 0.002183657558507378672 ),
 .UNSPECIFIED. ) ;
#7031 = LINE ( 'NONE', #3179, #3470 ) ;
#7032 = DIRECTION ( 'NONE',  ( 0.000000000000000000, -1.000000000000000000, 0.000000000000000000 ) ) ;
#7033 = CARTESIAN_POINT ( 'NONE',  ( -1.665334536937734811E-13, 11.99999999999995914, 357.1999999999999886 ) ) ;
#7034 = LINE ( 'NONE', #930, #9526 ) ;
#7035 = CARTESIAN_POINT ( 'NONE',  ( 28484.68104630933522, 140.9999999999999716, 241025.3457098586659 ) ) ;
#7036 = VERTEX_POINT ( 'NONE', #7652 ) ;
#7037 = CARTESIAN_POINT ( 'NONE',  ( 119.6126646948350754, 140.9390454994013169, 309.9857586946546348 ) ) ;
#7038 = ORIENTED_EDGE ( 'NONE', *, *, #3591, .F. ) ;
#7039 = CARTESIAN_POINT ( 'NONE',  ( -140.9737398545914857, 90.37735490291350970, 246.1582704156607235 ) ) ;
#7040 = CARTESIAN_POINT ( 'NONE',  ( 142.4704339797504531, 94.42625755424778333, 246.6143706788492125 ) ) ;
#7041 = LINE ( 'NONE', #3190, #8556 ) ;
#7042 = EDGE_CURVE ( 'NONE', #9664, #8186, #1071, .T. ) ;
#7043 = DIRECTION ( 'NONE',  ( -0.5423039920575081219, 0.8401823493733311388, -4.450189305715185603E-16 ) ) ;
#7044 = ADVANCED_FACE ( 'NONE', ( #6897 ), #5076, .T. ) ;
#7045 = DIRECTION ( 'NONE',  ( 2.335413407764591734E-16, 0.7637941823953527942, -0.6454598724467808246 ) ) ;
#7046 = CIRCLE ( 'NONE', #9128, 0.6499999999999839240 ) ;
#7047 = CARTESIAN_POINT ( 'NONE',  ( -143.4040466960718732, 89.10563749711525361, 244.0740061846849187 ) ) ;
#7048 = EDGE_LOOP ( 'NONE', ( #4018, #1507, #1562 ) ) ;
#7049 = DIRECTION ( 'NONE',  ( 1.000000000000000000, -0.000000000000000000, 7.975740119433573893E-16 ) ) ;
#7050 = VERTEX_POINT ( 'NONE', #5144 ) ;
#7051 = DIRECTION ( 'NONE',  ( 0.000000000000000000, -1.000000000000000000, 0.000000000000000000 ) ) ;
#7052 = CARTESIAN_POINT ( 'NONE',  ( 9.537257932639281677, 14.82660989450175038, 356.9328223987935189 ) ) ;
#7053 = CARTESIAN_POINT ( 'NONE',  ( -27.69401042862591922, 13.18927620382824983, 356.8392783042419865 ) ) ;
#7054 = EDGE_CURVE ( 'NONE', #172, #5188, #592, .T. ) ;
#7055 = ORIENTED_EDGE ( 'NONE', *, *, #6560, .T. ) ;
#7056 = EDGE_CURVE ( 'NONE', #7756, #2615, #6220, .T. ) ;
#7057 = ORIENTED_EDGE ( 'NONE', *, *, #3207, .F. ) ;
#7058 = CARTESIAN_POINT ( 'NONE',  ( 131.6721369773315189, 86.92779918034824505, 272.9247811230119396 ) ) ;
#7059 = CARTESIAN_POINT ( 'NONE',  ( -33.79155261195721494, 14.13238468687941918, 354.5258351495423312 ) ) ;
#7060 = ORIENTED_EDGE ( 'NONE', *, *, #7329, .T. ) ;
#7061 = CARTESIAN_POINT ( 'NONE',  ( 60.58578643759556570, 3.121898360687354046, 386.7525797268134511 ) ) ;
#7062 = CARTESIAN_POINT ( 'NONE',  ( -148.0000000000245848, 89.10563749711525361, 244.0740061846849187 ) ) ;
#7063 = ORIENTED_EDGE ( 'NONE', *, *, #4179, .F. ) ;
#7064 = CARTESIAN_POINT ( 'NONE',  ( -10.45855064252124933, 14.30555252029193802, 356.9122915154887323 ) ) ;
#7065 = CARTESIAN_POINT ( 'NONE',  ( -29.19527642180861804, 36.99999999999995737, 356.2716343860031998 ) ) ;
#7066 = CARTESIAN_POINT ( 'NONE',  ( 72.78519616515337987, 12.23387323193175291, 357.1897179947486052 ) ) ;
#7067 = EDGE_CURVE ( 'NONE', #2802, #8869, #1370, .T. ) ;
#7068 = CARTESIAN_POINT ( 'NONE',  ( 144.3299872065136640, 90.49247801738128771, 271.4018417722841718 ) ) ;
#7069 = CARTESIAN_POINT ( 'NONE',  ( 138.6498863433112092, 63.93523635619945367, 254.6412934545860196 ) ) ;
#7070 = LINE ( 'NONE', #6971, #3555 ) ;
#7071 = DIRECTION ( 'NONE',  ( -1.000000000000000000, 0.000000000000000000, -7.975740119433573893E-16 ) ) ;
#7072 = VERTEX_POINT ( 'NONE', #8979 ) ;
#7073 = ORIENTED_EDGE ( 'NONE', *, *, #5430, .T. ) ;
#7074 = CARTESIAN_POINT ( 'NONE',  ( 139.7385649565651988, 52.23938875107234026, 250.9060491887661897 ) ) ;
#7075 = CARTESIAN_POINT ( 'NONE',  ( 116.1903880661201924, 14.00510225282338261, 302.0155889995834855 ) ) ;
#7076 = CARTESIAN_POINT ( 'NONE',  ( -89.88761138879748103, 13.99999999999995737, 337.2448612251479858 ) ) ;
#7077 = ADVANCED_FACE ( 'NONE', ( #8118 ), #7513, .T. ) ;
#7078 = FACE_OUTER_BOUND ( 'NONE', #8417, .T. ) ;
#7079 = CARTESIAN_POINT ( 'NONE',  ( 78.94178715296155247, 39.23119094779978866, 335.6004826633364360 ) ) ;
#7080 = FACE_OUTER_BOUND ( 'NONE', #7829, .T. ) ;
#7081 = ADVANCED_FACE ( 'NONE', ( #3644 ), #2028, .T. ) ;
#7082 = CARTESIAN_POINT ( 'NONE',  ( -143.4040466960718732, 98.37148522368045178, 244.5153120237268922 ) ) ;
#7083 = CARTESIAN_POINT ( 'NONE',  ( -141.3155393443353489, 98.20576064369434732, 244.6808864852081342 ) ) ;
#7084 = CARTESIAN_POINT ( 'NONE',  ( 147.8961038961023462, 52.69664822364501333, 261.8260259576897511 ) ) ;
#7085 = VERTEX_POINT ( 'NONE', #8876 ) ;
#7086 = CARTESIAN_POINT ( 'NONE',  ( -142.4327893519034660, 91.31142846860485918, 246.7106215900940924 ) ) ;
#7087 = CARTESIAN_POINT ( 'NONE',  ( -34.00076018954835178, 14.00127182715626617, 355.2577526225172733 ) ) ;
#7088 = CARTESIAN_POINT ( 'NONE',  ( 16.27165215486840211, 13.83463451718917270, 356.7428406607404554 ) ) ;
#7089 = CYLINDRICAL_SURFACE ( 'NONE', #9538, 2.000000000000001776 ) ;
#7090 = DIRECTION ( 'NONE',  ( 1.000000000000000000, -0.000000000000000000, -0.000000000000000000 ) ) ;
#7091 = CARTESIAN_POINT ( 'NONE',  ( 116.0112279833163740, 140.8412785472293933, 301.2015696621641609 ) ) ;
#7092 = FACE_OUTER_BOUND ( 'NONE', #7247, .T. ) ;
#7093 = ORIENTED_EDGE ( 'NONE', *, *, #6278, .F. ) ;
#7094 = DIRECTION ( 'NONE',  ( -0.000000000000000000, -1.000000000000000000, -0.000000000000000000 ) ) ;
#7095 = CARTESIAN_POINT ( 'NONE',  ( -122.5750880969538201, 140.9999999999999716, 305.4273982154603004 ) ) ;
#7096 = CARTESIAN_POINT ( 'NONE',  ( 143.1259581614642684, 96.15283113338165322, 244.8641698350382114 ) ) ;
#7097 = VERTEX_POINT ( 'NONE', #1320 ) ;
#7098 = CARTESIAN_POINT ( 'NONE',  ( -131.1755816810594411, 93.55636812086321186, 273.9901833690153126 ) ) ;
#7099 = CARTESIAN_POINT ( 'NONE',  ( 21.50318150805002659, 15.10251707703362456, 355.6498967193886074 ) ) ;
#7100 = CIRCLE ( 'NONE', #3052, 145.0000000000000000 ) ;
#7101 = CARTESIAN_POINT ( 'NONE',  ( -33.98921100076228186, 13.41421356237304963, 356.6142135623729814 ) ) ;
#7102 = ORIENTED_EDGE ( 'NONE', *, *, #9563, .T. ) ;
#7103 = VECTOR ( 'NONE', #3850, 1000.000000000000000 ) ;
#7104 = EDGE_CURVE ( 'NONE', #3433, #3806, #3752, .T. ) ;
#7105 = EDGE_LOOP ( 'NONE', ( #7146, #6790, #1076, #9778 ) ) ;
#7106 = DIRECTION ( 'NONE',  ( 0.000000000000000000, -1.000000000000000000, 0.000000000000000000 ) ) ;
#7107 = EDGE_CURVE ( 'NONE', #147, #6195, #8675, .T. ) ;
#7108 = CARTESIAN_POINT ( 'NONE',  ( 63.13817456272744977, 37.30997430190307540, 354.8888551677503074 ) ) ;
#7109 = VERTEX_POINT ( 'NONE', #9023 ) ;
#7110 = CARTESIAN_POINT ( 'NONE',  ( -93.67189329921281171, 14.07226624801993253, 335.1162314316085258 ) ) ;
#7111 = ORIENTED_EDGE ( 'NONE', *, *, #8926, .F. ) ;
#7112 = CARTESIAN_POINT ( 'NONE',  ( -8.665561932185008587, 14.16160065264489809, 357.0194269521339834 ) ) ;
#7113 = CARTESIAN_POINT ( 'NONE',  ( 85.46574869419976039, 14.06096690471501098, 331.1805273185087231 ) ) ;
#7114 = DIRECTION ( 'NONE',  ( -0.000000000000000000, 1.000000000000000000, -0.000000000000000000 ) ) ;
#7115 = AXIS2_PLACEMENT_3D ( 'NONE', #7996, #7846, #7256 ) ;
#7116 = ORIENTED_EDGE ( 'NONE', *, *, #1192, .T. ) ;
#7117 = AXIS2_PLACEMENT_3D ( 'NONE', #1033, #1934, #3346 ) ;
#7118 = EDGE_CURVE ( 'NONE', #2242, #5940, #4364, .T. ) ;
#7119 = AXIS2_PLACEMENT_3D ( 'NONE', #8680, #7867, #1837 ) ;
#7120 = CARTESIAN_POINT ( 'NONE',  ( 136.0712195842032770, 60.61133245264332459, 262.2962838991416561 ) ) ;
#7121 = DIRECTION ( 'NONE',  ( -0.6069928224514554715, -0.000000000000000000, -0.7947073130986122003 ) ) ;
#7122 = DIRECTION ( 'NONE',  ( -0.000000000000000000, -1.265654248072677164E-11, -1.000000000000000000 ) ) ;
#7123 = ORIENTED_EDGE ( 'NONE', *, *, #4970, .T. ) ;
#7124 = ORIENTED_EDGE ( 'NONE', *, *, #183, .F. ) ;
#7125 = CARTESIAN_POINT ( 'NONE',  ( 140.2190816524203285, 56.04622370753988037, 249.1272085001226060 ) ) ;
#7126 = CARTESIAN_POINT ( 'NONE',  ( 0.000000000000000000, 13.99999999999995737, 212.1999999999999602 ) ) ;
#7127 = CARTESIAN_POINT ( 'NONE',  ( 145.9999999999984084, 87.15493271257496133, 244.5153120237258690 ) ) ;
#7128 = DIRECTION ( 'NONE',  ( 0.000000000000000000, -1.000000000000000000, 0.000000000000000000 ) ) ;
#7129 = AXIS2_PLACEMENT_3D ( 'NONE', #2541, #5609, #2179 ) ;
#7130 = CARTESIAN_POINT ( 'NONE',  ( 143.4040466960721574, 98.37148522368129022, 242.5153120237258406 ) ) ;
#7131 = CARTESIAN_POINT ( 'NONE',  ( -115.5886033796415262, 14.00579224056877692, 302.7783265880286763 ) ) ;
#7132 = B_SPLINE_CURVE_WITH_KNOTS ( 'NONE', 3,
 ( #4183, #5695, #5590, #7265, #359, #1763 ),
 .UNSPECIFIED., .F., .F.,
 ( 4, 2, 4 ),
 ( 0.001449710386224992847, 0.001843630101339481910, 0.002237549816453970972 ),
 .UNSPECIFIED. ) ;
#7133 = EDGE_CURVE ( 'NONE', #9909, #5126, #11, .T. ) ;
#7134 = DIRECTION ( 'NONE',  ( -0.000000000000000000, 1.000000000000000000, 0.000000000000000000 ) ) ;
#7135 = CARTESIAN_POINT ( 'NONE',  ( -142.9299669171241760, 95.83844241946381715, 245.4026846847396257 ) ) ;
#7136 = DIRECTION ( 'NONE',  ( -0.000000000000000000, 1.000000000000000000, -0.000000000000000000 ) ) ;
#7137 = ORIENTED_EDGE ( 'NONE', *, *, #5352, .T. ) ;
#7138 = CARTESIAN_POINT ( 'NONE',  ( -140.4949282723449073, 90.53714553539258247, 248.0634539816307722 ) ) ;
#7139 = CARTESIAN_POINT ( 'NONE',  ( -25.68012524539791741, 13.94925856000040909, 356.0172195191495348 ) ) ;
#7140 = B_SPLINE_CURVE_WITH_KNOTS ( 'NONE', 3,
 ( #7561, #6205, #9899, #7712, #4592, #3937, #2967, #7014, #8354, #7664, #1466, #4539, #3015, #7610, #708, #9270, #2367, #6092, #1569, #1613, #6148, #757, #112, #3831, #6248, #9313, #802, #8310, #2413, #9167, #3063, #3882, #2262, #5335 ),
 .UNSPECIFIED., .F., .F.,
 ( 4, 2, 2, 2, 2, 2, 2, 2, 2, 2, 2, 2, 2, 2, 2, 2, 4 ),
 ( 0.000000000000000000, 0.0006505432218891230240, 0.001301086443778246048, 0.001951629665667369180, 0.002602172887556492096, 0.003252716109445615011, 0.003903259331334738361, 0.004553802553223860843, 0.005204345775112984192, 0.005854888997002107541, 0.006505432218891230023, 0.007155975440780353372, 0.007806518662669476721, 0.008457061884558600071, 0.009107605106447721685, 0.009758148328336845034, 0.01040869155022596838 ),
 .UNSPECIFIED. ) ;
#7141 = CARTESIAN_POINT ( 'NONE',  ( 10.48499652015458672, 14.08583775382984804, 356.9487228472054881 ) ) ;
#7142 = EDGE_CURVE ( 'NONE', #691, #2566, #7140, .T. ) ;
#7143 = CARTESIAN_POINT ( 'NONE',  ( 116.7875969255293427, 140.9693199755551518, 300.8785404240818480 ) ) ;
#7144 = EDGE_CURVE ( 'NONE', #6577, #907, #8302, .T. ) ;
#7145 = CARTESIAN_POINT ( 'NONE',  ( -130.4015287316203455, 86.24813215447341008, 275.6074606727632386 ) ) ;
#7146 = ORIENTED_EDGE ( 'NONE', *, *, #4011, .T. ) ;
#7147 = LINE ( 'NONE', #5618, #6792 ) ;
#7148 = LINE ( 'NONE', #6383, #3582 ) ;
#7149 = DIRECTION ( 'NONE',  ( -0.000000000000000000, -1.000000000000000000, -0.000000000000000000 ) ) ;
#7150 = VERTEX_POINT ( 'NONE', #9518 ) ;
#7151 = CARTESIAN_POINT ( 'NONE',  ( -148.0000000000245848, 96.42078043914094110, 244.0740061846825313 ) ) ;
#7152 = AXIS2_PLACEMENT_3D ( 'NONE', #5521, #5468, #942 ) ;
#7153 = CARTESIAN_POINT ( 'NONE',  ( -131.7622165562613361, 92.86953283700235318, 272.7289749305679720 ) ) ;
#7154 = CARTESIAN_POINT ( 'NONE',  ( 27.50802505520470476, 15.31665215427343085, 354.6757385686490807 ) ) ;
#7155 = CARTESIAN_POINT ( 'NONE',  ( -15.17455675735322806, 12.28796129429231776, 357.1999999999999886 ) ) ;
#7156 = VERTEX_POINT ( 'NONE', #6352 ) ;
#7157 = CIRCLE ( 'NONE', #2945, 2.000000000000001776 ) ;
#7158 = AXIS2_PLACEMENT_3D ( 'NONE', #8188, #6938, #9337 ) ;
#7159 = ORIENTED_EDGE ( 'NONE', *, *, #206, .F. ) ;
#7160 = DIRECTION ( 'NONE',  ( 0.000000000000000000, 0.000000000000000000, 1.000000000000000000 ) ) ;
#7161 = CARTESIAN_POINT ( 'NONE',  ( 77.99999999996879296, 38.99999999999995737, 336.7993579437905964 ) ) ;
#7162 = ORIENTED_EDGE ( 'NONE', *, *, #7449, .F. ) ;
#7163 = ORIENTED_EDGE ( 'NONE', *, *, #5069, .T. ) ;
#7164 = CARTESIAN_POINT ( 'NONE',  ( -20.34396443417479716, 14.68576835605843200, 355.9347805884327727 ) ) ;
#7165 = EDGE_LOOP ( 'NONE', ( #4779, #7899, #274, #1292 ) ) ;
#7166 = CARTESIAN_POINT ( 'NONE',  ( -28.79806177661400568, 37.00000000000000711, 354.3114760950371647 ) ) ;
#7167 = CYLINDRICAL_SURFACE ( 'NONE', #9224, 2.000000000000001776 ) ;
#7168 = EDGE_CURVE ( 'NONE', #8748, #211, #7352, .T. ) ;
#7169 = VECTOR ( 'NONE', #3554, 1000.000000000000000 ) ;
#7170 = CARTESIAN_POINT ( 'NONE',  ( -86.64923987557818919, 13.99999999999995737, 330.7704665390616583 ) ) ;
#7171 = ORIENTED_EDGE ( 'NONE', *, *, #289, .T. ) ;
#7172 = CARTESIAN_POINT ( 'NONE',  ( 138.0114797914161215, 64.08637311311497342, 256.6734484440627853 ) ) ;
#7173 = CARTESIAN_POINT ( 'NONE',  ( 12.60359383442097680, 13.42776579328817199, 357.0652430139025455 ) ) ;
#7174 = SPHERICAL_SURFACE ( 'NONE', #551, 2.000000000000000000 ) ;
#7175 = ORIENTED_EDGE ( 'NONE', *, *, #6431, .F. ) ;
#7176 = CARTESIAN_POINT ( 'NONE',  ( 79.86936241684480819, 20.07972917139429825, 346.8631952567290568 ) ) ;
#7177 = ORIENTED_EDGE ( 'NONE', *, *, #5314, .T. ) ;
#7178 = CARTESIAN_POINT ( 'NONE',  ( 140.2317871479269513, 57.00000000000000711, 249.0787997811547143 ) ) ;
#7179 = AXIS2_PLACEMENT_3D ( 'NONE', #1779, #6368, #7379 ) ;
#7180 = CARTESIAN_POINT ( 'NONE',  ( -79.99999999996916245, 40.99999999999995737, -0.000000000000000000 ) ) ;
#7181 = DIRECTION ( 'NONE',  ( 0.000000000000000000, -1.000000000000000000, -0.000000000000000000 ) ) ;
#7182 = DIRECTION ( 'NONE',  ( 0.5980066445182962154, -0.000000000000000000, 0.8014911435018905461 ) ) ;
#7183 = EDGE_CURVE ( 'NONE', #1063, #1510, #8707, .T. ) ;
#7184 = DIRECTION ( 'NONE',  ( 0.000000000000000000, 0.000000000000000000, 1.000000000000000000 ) ) ;
#7185 = SPHERICAL_SURFACE ( 'NONE', #2900, 2.000000000000000000 ) ;
#7186 = CARTESIAN_POINT ( 'NONE',  ( -14.07494652413651437, 14.53037242618517411, 356.6227796864537254 ) ) ;
#7187 = CARTESIAN_POINT ( 'NONE',  ( -34.05877273185288345, 11.99999999999995914, 357.1999999999999886 ) ) ;
#7188 = FACE_OUTER_BOUND ( 'NONE', #1974, .T. ) ;
#7189 = CYLINDRICAL_SURFACE ( 'NONE', #520, 0.6499999999999839240 ) ;
#7190 = EDGE_LOOP ( 'NONE', ( #5385, #4468, #9490, #2908 ) ) ;
#7191 = CARTESIAN_POINT ( 'NONE',  ( -18.15797081291362858, 13.84058633454946552, 356.6358360710634656 ) ) ;
#7192 = CARTESIAN_POINT ( 'NONE',  ( 33.96094247566320945, 13.76311389464967228, 356.1417557790099977 ) ) ;
#7193 = DIRECTION ( 'NONE',  ( 0.000000000000000000, 0.000000000000000000, 1.000000000000000000 ) ) ;
#7194 = VECTOR ( 'NONE', #9650, 1000.000000000000114 ) ;
#7195 = CARTESIAN_POINT ( 'NONE',  ( -116.5930016322708553, 13.99999999999995737, 301.5052926970773228 ) ) ;
#7196 = EDGE_CURVE ( 'NONE', #4383, #8238, #2039, .T. ) ;
#7197 = PLANE ( 'NONE',  #8276 ) ;
#7198 = CARTESIAN_POINT ( 'NONE',  ( -136.0721785173975036, 60.61568396895422950, 262.2936785126767631 ) ) ;
#7199 = VERTEX_POINT ( 'NONE', #1117 ) ;
#7200 = CARTESIAN_POINT ( 'NONE',  ( 147.8961038961023462, 61.30335177635497956, 261.8260259576897511 ) ) ;
#7201 = CYLINDRICAL_SURFACE ( 'NONE', #2772, 3.749999999999975575 ) ;
#7202 = ORIENTED_EDGE ( 'NONE', *, *, #1898, .T. ) ;
#7203 = CARTESIAN_POINT ( 'NONE',  ( -130.3976429688061671, 93.69924399770130208, 275.6154488447168660 ) ) ;
#7204 = CARTESIAN_POINT ( 'NONE',  ( 9.866016694686575050, 14.34738353893819074, 356.9415113255456617 ) ) ;
#7205 = CARTESIAN_POINT ( 'NONE',  ( 78.86541657997885579, 39.18288708746022309, 343.9544746295952677 ) ) ;
#7206 = ORIENTED_EDGE ( 'NONE', *, *, #2478, .T. ) ;
#7207 = EDGE_CURVE ( 'NONE', #3062, #7072, #4623, .T. ) ;
#7208 = CIRCLE ( 'NONE', #6558, 2.000000000000001776 ) ;
#7209 = CARTESIAN_POINT ( 'NONE',  ( -116.1903880662150215, 140.9948977471851776, 302.0155889996583483 ) ) ;
#7210 = VECTOR ( 'NONE', #3374, 999.9999999999998863 ) ;
#7211 = EDGE_CURVE ( 'NONE', #2869, #4681, #1868, .T. ) ;
#7212 = DIRECTION ( 'NONE',  ( 0.000000000000000000, 0.000000000000000000, 1.000000000000000000 ) ) ;
#7213 = ORIENTED_EDGE ( 'NONE', *, *, #705, .F. ) ;
#7214 = CARTESIAN_POINT ( 'NONE',  ( 140.3910881165537319, 92.10379100486257187, 248.4676935421593384 ) ) ;
#7215 = VERTEX_POINT ( 'NONE', #2517 ) ;
#7216 = DIRECTION ( 'NONE',  ( 8.881784197001250351E-16, 0.000000000000000000, 1.000000000000000000 ) ) ;
#7217 = ORIENTED_EDGE ( 'NONE', *, *, #5155, .T. ) ;
#7218 = CARTESIAN_POINT ( 'NONE',  ( 120.2999567190666568, 14.04253119556404350, 309.0256100127212449 ) ) ;
#7219 = CARTESIAN_POINT ( 'NONE',  ( 1.009719629430382282E-25, 13.99999999999995737, 212.1999999999999602 ) ) ;
#7220 = CARTESIAN_POINT ( 'NONE',  ( -141.0335869043180992, 89.97422520020255376, 278.8747880754198150 ) ) ;
#7221 = ORIENTED_EDGE ( 'NONE', *, *, #5858, .F. ) ;
#7222 = B_SPLINE_CURVE_WITH_KNOTS ( 'NONE', 3,
 ( #8712, #5884, #1816, #9419, #4328, #1872 ),
 .UNSPECIFIED., .F., .F.,
 ( 4, 2, 4 ),
 ( 0.001449710386239299979, 0.001843630101353741337, 0.002237549816468182694 ),
 .UNSPECIFIED. ) ;
#7223 = LINE ( 'NONE', #4897, #6497 ) ;
#7224 = CARTESIAN_POINT ( 'NONE',  ( 15.57530174369902731, 13.61697294132155100, 356.8864981440106590 ) ) ;
#7225 = FACE_OUTER_BOUND ( 'NONE', #8301, .T. ) ;
#7226 = EDGE_LOOP ( 'NONE', ( #5585, #3203, #9175, #3936 ) ) ;
#7227 = CARTESIAN_POINT ( 'NONE',  ( 45444.56944914969790, 140.9999999999999716, 114057.9406734451331 ) ) ;
#7228 = EDGE_LOOP ( 'NONE', ( #5346, #2024, #561, #9114 ) ) ;
#7229 = CARTESIAN_POINT ( 'NONE',  ( 138.6490397527643665, 50.06411138389479731, 254.6440658042759537 ) ) ;
#7230 = DIRECTION ( 'NONE',  ( -0.000000000000000000, -1.000000000000000000, -0.000000000000000000 ) ) ;
#7231 = CARTESIAN_POINT ( 'NONE',  ( -83.06493506490386380, 40.70946466650846673, 344.2462667501937972 ) ) ;
#7232 = CARTESIAN_POINT ( 'NONE',  ( -81.99999999996916245, 140.9999999999999716, 212.1999999999999602 ) ) ;
#7233 = DIRECTION ( 'NONE',  ( 0.000000000000000000, 0.000000000000000000, 1.000000000000000000 ) ) ;
#7234 = CARTESIAN_POINT ( 'NONE',  ( -81.99999999996916245, 138.9999999999999432, 212.1999999999999602 ) ) ;
#7235 = CARTESIAN_POINT ( 'NONE',  ( 144.1716955386534096, 88.24750655725809168, 271.7863585864140532 ) ) ;
#7236 = CARTESIAN_POINT ( 'NONE',  ( -140.3837535064999997, 92.43876840400550066, 248.4960294169773647 ) ) ;
#7237 = DIRECTION ( 'NONE',  ( -0.000000000000000000, -1.000000000000000000, 0.000000000000000000 ) ) ;
#7238 = ADVANCED_FACE ( 'NONE', ( #8659 ), #8203, .T. ) ;
#7239 = ORIENTED_EDGE ( 'NONE', *, *, #4822, .T. ) ;
#7240 = CARTESIAN_POINT ( 'NONE',  ( -140.4188353034330135, 91.47047433512452130, 248.3601140652189656 ) ) ;
#7241 = CARTESIAN_POINT ( 'NONE',  ( -32.26247843619302813, 14.18876941806993308, 354.7385895579189423 ) ) ;
#7242 = CARTESIAN_POINT ( 'NONE',  ( 12.46247904306191145, 13.81305319070587778, 356.9321791111951825 ) ) ;
#7243 = DIRECTION ( 'NONE',  ( 0.000000000000000000, 0.000000000000000000, 1.000000000000000000 ) ) ;
#7244 = CARTESIAN_POINT ( 'NONE',  ( 147.9999999999984652, 15.99999999999995914, 261.1897948556680831 ) ) ;
#7245 = LINE ( 'NONE', #6688, #8557 ) ;
#7246 = CARTESIAN_POINT ( 'NONE',  ( -139.4509433357234514, 62.70864734698422183, 251.9316038297489513 ) ) ;
#7247 = EDGE_LOOP ( 'NONE', ( #6934, #2913, #3141, #7217 ) ) ;
#7248 = CARTESIAN_POINT ( 'NONE',  ( 113.9824199850092725, 14.07537889586553348, 304.1640986442904477 ) ) ;
#7249 = CARTESIAN_POINT ( 'NONE',  ( 143.4040466960721005, 13.99999999999995737, 244.5153120237258690 ) ) ;
#7250 = EDGE_CURVE ( 'NONE', #8920, #3425, #6556, .T. ) ;
#7251 = CARTESIAN_POINT ( 'NONE',  ( -89.88761138879748103, 13.99999999999995737, 337.2448612251479858 ) ) ;
#7252 = ORIENTED_EDGE ( 'NONE', *, *, #4389, .F. ) ;
#7253 = DIRECTION ( 'NONE',  ( -0.000000000000000000, 1.000000000000000000, -0.000000000000000000 ) ) ;
#7254 = CARTESIAN_POINT ( 'NONE',  ( 79.70146456776721777, 39.93863179662009344, 342.9271549491771793 ) ) ;
#7255 = ORIENTED_EDGE ( 'NONE', *, *, #4768, .T. ) ;
#7256 = DIRECTION ( 'NONE',  ( 0.000000000000000000, 0.000000000000000000, -1.000000000000000000 ) ) ;
#7257 = ADVANCED_FACE ( 'NONE', ( #6093 ), #8629, .T. ) ;
#7258 = DIRECTION ( 'NONE',  ( 1.000000000000000000, 0.000000000000000000, -4.382459307730909397E-15 ) ) ;
#7259 = VERTEX_POINT ( 'NONE', #2319 ) ;
#7260 = CARTESIAN_POINT ( 'NONE',  ( -86.22848331893224838, 140.9083043720171418, 330.5091708579946612 ) ) ;
#7261 = ORIENTED_EDGE ( 'NONE', *, *, #6165, .T. ) ;
#7262 = CARTESIAN_POINT ( 'NONE',  ( -2.671607543803441231, 14.00872720273871685, 357.1880364949312252 ) ) ;
#7263 = DIRECTION ( 'NONE',  ( 0.000000000000000000, 0.000000000000000000, 1.000000000000000000 ) ) ;
#7264 = B_SPLINE_CURVE_WITH_KNOTS ( 'NONE', 3,
 ( #7178, #6519, #7125, #1127, #9533, #4001, #6312, #4146, #9594, #1725, #5755, #7074, #8620, #321, #3385, #227, #2578, #1882, #9479, #6466, #7229, #1772, #1673, #8778, #5649, #4752, #8014, #5548, #8720, #1077, #6364, #7274, #173, #7820, #921, #7908, #4797, #1825, #1020, #4956, #9373, #3226, #7861, #965 ),
 .UNSPECIFIED., .F., .F.,
 ( 4, 2, 2, 2, 2, 2, 2, 2, 2, 2, 2, 2, 2, 2, 2, 2, 2, 2, 2, 2, 2, 4 ),
 ( 0.000000000000000000, 0.001422793755939312120, 0.002134190633908970239, 0.002845587511878628576, 0.004268381267817953489, 0.004979778145787622234, 0.005691175023757290979, 0.007113968779696742961, 0.008536762535636194943, 0.009248159413605848075, 0.009959556291575499473, 0.01138235004751480400, 0.01280514380345410853, 0.01422793755939341306, 0.01493933443736312171, 0.01565073131533283035, 0.01707352507127225111, 0.01849631882721166840, 0.01920771570518136837, 0.01991911258315106487, 0.02134190633909047521, 0.02276470009502988209 ),
 .UNSPECIFIED. ) ;
#7265 = CARTESIAN_POINT ( 'NONE',  ( -90.02248937299567899, 140.9860190630209047, 337.4759804276138766 ) ) ;
#7266 = VECTOR ( 'NONE', #4153, 1000.000000000000000 ) ;
#7267 = ORIENTED_EDGE ( 'NONE', *, *, #5302, .F. ) ;
#7268 = CARTESIAN_POINT ( 'NONE',  ( -4.663555684052147711E-14, 15.99999999999995914, 357.1999999999999886 ) ) ;
#7269 = CARTESIAN_POINT ( 'NONE',  ( 14.41011563560424591, 12.52352199803423893, 357.1963504230790818 ) ) ;
#7270 = DIRECTION ( 'NONE',  ( 0.000000000000000000, 0.9753523922701712312, -0.2206529195203499882 ) ) ;
#7271 = ORIENTED_EDGE ( 'NONE', *, *, #7769, .F. ) ;
#7272 = CARTESIAN_POINT ( 'NONE',  ( 1.009719629430382282E-25, 38.99999999999995737, 212.1999999999999602 ) ) ;
#7273 = ORIENTED_EDGE ( 'NONE', *, *, #9365, .F. ) ;
#7274 = CARTESIAN_POINT ( 'NONE',  ( 136.7335445112951220, 51.31830600042592749, 260.4607474575993251 ) ) ;
#7275 = CARTESIAN_POINT ( 'NONE',  ( 132.3634217643471231, 90.49751074255723893, 271.4024327639141347 ) ) ;
#7276 = CARTESIAN_POINT ( 'NONE',  ( 29.19527642180833382, 37.00000000000000000, 356.2716343860032566 ) ) ;
#7277 = CARTESIAN_POINT ( 'NONE',  ( -143.4040466960718732, 138.9999999999999432, 244.5153120237268922 ) ) ;
#7278 = DIRECTION ( 'NONE',  ( 1.000000000000000000, 0.000000000000000000, 8.947009472043195012E-15 ) ) ;
#7279 = AXIS2_PLACEMENT_3D ( 'NONE', #4321, #8233, #2846 ) ;
#7280 = B_SPLINE_CURVE_WITH_KNOTS ( 'NONE', 3,
 ( #7382, #475, #3394, #3543 ),
 .UNSPECIFIED., .F., .F.,
 ( 4, 4 ),
 ( 0.000000000000000000, 0.002914656965084217247 ),
 .UNSPECIFIED. ) ;
#7281 = CARTESIAN_POINT ( 'NONE',  ( -81.99999999996916245, 138.9999999999999432, 342.5533658944219155 ) ) ;
#7282 = CARTESIAN_POINT ( 'NONE',  ( -1.252403610354695934E-13, 15.40764810138386309, 357.2049224680258135 ) ) ;
#7283 = CARTESIAN_POINT ( 'NONE',  ( 142.5291598074490764, 86.24907954813188837, 275.6153132191965938 ) ) ;
#7284 = VERTEX_POINT ( 'NONE', #2263 ) ;
#7285 = CARTESIAN_POINT ( 'NONE',  ( -31.00309142134527463, 13.89114855240246271, 355.8734982274458503 ) ) ;
#7286 = CARTESIAN_POINT ( 'NONE',  ( 15.08372292269297432, 13.74933860965080257, 356.8462825075622504 ) ) ;
#7287 = CIRCLE ( 'NONE', #6804, 1.999999999999997335 ) ;
#7288 = AXIS2_PLACEMENT_3D ( 'NONE', #8691, #1793, #4120 ) ;
#7289 = CARTESIAN_POINT ( 'NONE',  ( -88.88475746075864947, 140.8819700851008747, 328.4287320137281654 ) ) ;
#7290 = EDGE_CURVE ( 'NONE', #1364, #3009, #4303, .T. ) ;
#7291 = LINE ( 'NONE', #2600, #2013 ) ;
#7292 = PRESENTATION_LAYER_ASSIGNMENT (  '', '', ( #686 ) ) ;
#7293 = CARTESIAN_POINT ( 'NONE',  ( -139.5543510002970322, 62.41766811675827853, 251.5662707388078729 ) ) ;
#7294 = PLANE ( 'NONE',  #9201 ) ;
#7295 = CARTESIAN_POINT ( 'NONE',  ( 33.71887832374090266, 14.32269948187120256, 354.1632520336756329 ) ) ;
#7296 = ORIENTED_EDGE ( 'NONE', *, *, #5582, .T. ) ;
#7297 = CARTESIAN_POINT ( 'NONE',  ( -122.7155159032475638, 13.99999999999996092, 305.4862030600054368 ) ) ;
#7298 = CARTESIAN_POINT ( 'NONE',  ( -10.10502247018859556, 12.55488148888979438, 357.2021150052755161 ) ) ;
#7299 = CARTESIAN_POINT ( 'NONE',  ( -119.5121282142980306, 14.03865337915273059, 309.9620654466594942 ) ) ;
#7300 = VERTEX_POINT ( 'NONE', #6911 ) ;
#7301 = CIRCLE ( 'NONE', #57, 2.000000000000001776 ) ;
#7302 = VECTOR ( 'NONE', #5033, 1000.000000000000000 ) ;
#7303 = ADVANCED_FACE ( 'NONE', ( #1520, #3064 ), #6149, .T. ) ;
#7304 = CARTESIAN_POINT ( 'NONE',  ( -79.88075554540958478, 40.30564818030011764, 342.7031550281210457 ) ) ;
#7305 = VERTEX_POINT ( 'NONE', #3787 ) ;
#7306 = CARTESIAN_POINT ( 'NONE',  ( -86.12827063227956614, 140.8876550398169627, 330.5091708579985834 ) ) ;
#7307 = ORIENTED_EDGE ( 'NONE', *, *, #6366, .F. ) ;
#7308 = CARTESIAN_POINT ( 'NONE',  ( -16.18540587319764512, 14.32640773619099406, 356.5052583524393413 ) ) ;
#7309 = VERTEX_POINT ( 'NONE', #4313 ) ;
#7310 = DIRECTION ( 'NONE',  ( -1.000000000000000000, 0.000000000000000000, -8.947009472043195012E-15 ) ) ;
#7311 = VECTOR ( 'NONE', #8562, 1000.000000000000000 ) ;
#7312 = CARTESIAN_POINT ( 'NONE',  ( -79.15581575518699253, 39.36299756651609272, 335.3223234402464641 ) ) ;
#7313 = EDGE_CURVE ( 'NONE', #5179, #2611, #8462, .T. ) ;
#7314 =( BOUNDED_SURFACE ( )  B_SPLINE_SURFACE ( 3, 2, ( 
 ( #4427, #1301, #8098 ),
 ( #4378, #556, #1209 ),
 ( #3628, #4279, #7974 ),
 ( #2027, #4640, #3117 ),
 ( #9949, #3426, #6654 ),
 ( #791, #9814, #537 ),
 ( #5259, #878, #1681 ),
 ( #5342, #8414, #4646 ),
 ( #1011, #9262, #4174 ),
 ( #8657, #354, #6502 ),
 ( #3424, #1808, #2620 ),
 ( #262, #3370, #6551 ),
 ( #7357, #3477, #4886 ),
 ( #9625, #9581, #2670 ),
 ( #1758, #7948, #2716 ),
 ( #7214, #5740, #4938 ),
 ( #5633, #9464, #4829 ),
 ( #1866, #7892, #2515 ),
 ( #1060, #1960, #1001 ),
 ( #4086, #307, #4131 ),
 ( #8763, #8814, #1213 ),
 ( #6449, #9516, #5689 ),
 ( #8000, #4283, #1914 ),
 ( #5785, #1115, #3268 ),
 ( #4988, #8048, #3318 ),
 ( #6398, #5586, #8863 ),
 ( #1160, #4229, #2563 ),
 ( #5034, #8101, #6350 ),
 ( #9413, #8705, #2763 ),
 ( #5838, #3523, #6597 ),
 ( #9675, #454, #7096 ),
 ( #6435, #9451, #8593 ),
 ( #3410, #146, #4073 ),
 ( #1795, #8747, #8641 ) ),
 .UNSPECIFIED., .F., .F., .T. ) 
 B_SPLINE_SURFACE_WITH_KNOTS ( ( 4, 2, 2, 2, 2, 2, 2, 2, 2, 2, 2, 2, 2, 2, 2, 2, 4 ),
 ( 3, 3 ),
 ( 0.008400488903487522002, 0.009376445247880831058, 0.01035240159227414011, 0.01132835793666744917, 0.01230431428106075649, 0.01328027062545406381, 0.01425622696984737287, 0.01523218331424068192, 0.01620813965863399098, 0.01718409600302730003, 0.01816005234742060909, 0.01913600869181391467, 0.02011196503620722373, 0.02108792138060053278, 0.02206387772499383837, 0.02303983406938714742, 0.02401579041378045648 ),
 ( 0.000000000000000000, 1.000000000000000000 ),
 .UNSPECIFIED. ) 
 GEOMETRIC_REPRESENTATION_ITEM ( )  RATIONAL_B_SPLINE_SURFACE ( (
 ( 1.000000000000000000, 0.7240533767091790196, 1.000000000000000000),
 ( 1.000000000000000000, 0.7283125778104839743, 1.000000000000000000),
 ( 1.000000000000000000, 0.7325514800445995789, 1.000000000000000000),
 ( 1.000000000000000000, 0.7409563096342732802, 1.000000000000000000),
 ( 1.000000000000000000, 0.7451405118474727640, 1.000000000000000000),
 ( 1.000000000000000000, 0.7530967026210222404, 1.000000000000000000),
 ( 1.000000000000000000, 0.7569063993317485251, 1.000000000000000000),
 ( 1.000000000000000000, 0.7641449696546104287, 1.000000000000000000),
 ( 1.000000000000000000, 0.7675946476571292587, 1.000000000000000000),
 ( 1.000000000000000000, 0.7738137958440375330, 1.000000000000000000),
 ( 1.000000000000000000, 0.7766135426298398370, 1.000000000000000000),
 ( 1.000000000000000000, 0.7815523396678490942, 1.000000000000000000),
 ( 1.000000000000000000, 0.7837026275339824544, 1.000000000000000000),
 ( 1.000000000000000000, 0.7871382798705954809, 1.000000000000000000),
 ( 1.000000000000000000, 0.7884451473773600449, 1.000000000000000000),
 ( 1.000000000000000000, 0.7902135655530552194, 1.000000000000000000),
 ( 1.000000000000000000, 0.7906678582028920932, 1.000000000000000000),
 ( 1.000000000000000000, 0.7906712602485170827, 1.000000000000000000),
 ( 1.000000000000000000, 0.7902335187220324020, 1.000000000000000000),
 ( 1.000000000000000000, 0.7884816540146020181, 1.000000000000000000),
 ( 1.000000000000000000, 0.7871527627419430129, 1.000000000000000000),
 ( 1.000000000000000000, 0.7837304884256843795, 1.000000000000000000),
 ( 1.000000000000000000, 0.7816318892493465675, 1.000000000000000000),
 ( 1.000000000000000000, 0.7766854908454379203, 1.000000000000000000),
 ( 1.000000000000000000, 0.7738321969598928041, 1.000000000000000000),
 ( 1.000000000000000000, 0.7676237132568547450, 1.000000000000000000),
 ( 1.000000000000000000, 0.7642460147805160142, 1.000000000000000000),
 ( 1.000000000000000000, 0.7569796388298271062, 1.000000000000000000),
 ( 1.000000000000000000, 0.7531029079789127723, 1.000000000000000000),
 ( 1.000000000000000000, 0.7451547103462494714, 1.000000000000000000),
 ( 1.000000000000000000, 0.7410513790444063220, 1.000000000000000000),
 ( 1.000000000000000000, 0.7326203545493589209, 1.000000000000000000),
 ( 1.000000000000000000, 0.7282890997767695884, 1.000000000000000000),
 ( 1.000000000000000000, 0.7240533767091789086, 1.000000000000000000) ) ) 
 REPRESENTATION_ITEM ( '' )  SURFACE ( )  );
#7315 = AXIS2_PLACEMENT_3D ( 'NONE', #5534, #3061, #6246 ) ;
#7316 = EDGE_LOOP ( 'NONE', ( #3571, #4386, #1361 ) ) ;
#7317 = CARTESIAN_POINT ( 'NONE',  ( -85.86813856439449921, 14.15897364916999202, 330.5492704946724984 ) ) ;
#7318 = CARTESIAN_POINT ( 'NONE',  ( 2.838231060987561172, 11.99999999999995914, 357.1999999999999886 ) ) ;
#7319 = CARTESIAN_POINT ( 'NONE',  ( -34.03558548815602336, 12.66465604493843600, 357.0908641071715692 ) ) ;
#7320 = ORIENTED_EDGE ( 'NONE', *, *, #694, .F. ) ;
#7321 = AXIS2_PLACEMENT_3D ( 'NONE', #6029, #3816, #6892 ) ;
#7322 = DIRECTION ( 'NONE',  ( 1.000000000000000000, -0.000000000000000000, -0.000000000000000000 ) ) ;
#7323 = VERTEX_POINT ( 'NONE', #6045 ) ;
#7324 = CARTESIAN_POINT ( 'NONE',  ( -143.4040466960718732, 140.9999999999999716, 244.5153120237268922 ) ) ;
#7325 = SPHERICAL_SURFACE ( 'NONE', #748, 2.000000000000000000 ) ;
#7326 = CARTESIAN_POINT ( 'NONE',  ( -433192.9686763964128, 140.9999999999999716, 63277.41982382826973 ) ) ;
#7327 = DIRECTION ( 'NONE',  ( 3.378674827220644093E-16, 0.000000000000000000, -1.000000000000000000 ) ) ;
#7328 = AXIS2_PLACEMENT_3D ( 'NONE', #6015, #3746, #7575 ) ;
#7329 = EDGE_CURVE ( 'NONE', #1396, #6503, #1597, .T. ) ;
#7330 = CARTESIAN_POINT ( 'NONE',  ( 88.93019159618570768, 140.9883015264573203, 328.9536065221547574 ) ) ;
#7331 = CARTESIAN_POINT ( 'NONE',  ( 1.009719629430382282E-25, 13.99999999999995737, 212.1999999999999602 ) ) ;
#7332 = CARTESIAN_POINT ( 'NONE',  ( -1.275691506623272575, 15.65872649004238681, 357.1999999999999886 ) ) ;
#7333 = CARTESIAN_POINT ( 'NONE',  ( 144.2873916484388701, 88.95981421466551353, 271.5055796477985268 ) ) ;
#7334 = CARTESIAN_POINT ( 'NONE',  ( -142.4681436305577620, 94.41406447683385750, 246.6202387151838593 ) ) ;
#7335 = CYLINDRICAL_SURFACE ( 'NONE', #6481, 0.6499999999999839240 ) ;
#7336 = EDGE_CURVE ( 'NONE', #4228, #7215, #5261, .T. ) ;
#7337 = CARTESIAN_POINT ( 'NONE',  ( -24.00803082088655671, 13.68100050651400501, 356.4955045702836287 ) ) ;
#7338 = CARTESIAN_POINT ( 'NONE',  ( 28.08177872287248533, 14.84073311552413443, 354.7799887001940533 ) ) ;
#7339 = CARTESIAN_POINT ( 'NONE',  ( -88.98531161943931522, 140.9948977471786122, 329.0274823074498727 ) ) ;
#7340 = CARTESIAN_POINT ( 'NONE',  ( 83.06493506490345169, 40.99999999999995026, 344.2462667501939109 ) ) ;
#7341 = B_SPLINE_CURVE_WITH_KNOTS ( 'NONE', 3,
 ( #904, #4827, #5476, #1657, #8760, #950, #7059, #304, #2617, #4084, #4030, #157, #1863, #2461 ),
 .UNSPECIFIED., .F., .F.,
 ( 4, 2, 2, 2, 2, 2, 4 ),
 ( 0.000000000000000000, 0.2500000000000000000, 0.5000000000000000000, 0.6250000000000000000, 0.7500000000000000000, 0.8750000000000000000, 1.000000000000000000 ),
 .UNSPECIFIED. ) ;
#7342 = CARTESIAN_POINT ( 'NONE',  ( -139.2255029736594452, 63.21498207343934439, 252.7145068073005234 ) ) ;
#7343 = CARTESIAN_POINT ( 'NONE',  ( 121.9214080791018944, 14.00616300474300502, 306.5372490499650553 ) ) ;
#7344 = CYLINDRICAL_SURFACE ( 'NONE', #8551, 2.000000000000001776 ) ;
#7345 = EDGE_CURVE ( 'NONE', #6498, #1687, #7835, .T. ) ;
#7346 = EDGE_LOOP ( 'NONE', ( #6969, #1961, #9166, #3415 ) ) ;
#7347 = DIRECTION ( 'NONE',  ( -0.000000000000000000, 1.000000000000000000, -0.000000000000000000 ) ) ;
#7348 = ADVANCED_FACE ( 'NONE', ( #1812 ), #106, .T. ) ;
#7349 = CARTESIAN_POINT ( 'NONE',  ( 83.06493506490345169, 40.99999999999995737, 344.2462667501939109 ) ) ;
#7350 = CARTESIAN_POINT ( 'NONE',  ( 147.5732048353287382, 59.64672327294692167, 262.7783194019233406 ) ) ;
#7351 = ORIENTED_EDGE ( 'NONE', *, *, #6921, .F. ) ;
#7352 = CIRCLE ( 'NONE', #9606, 147.0000000000000000 ) ;
#7353 = CARTESIAN_POINT ( 'NONE',  ( -82.91249812680196385, 39.87747061376769153, 344.3420551036639381 ) ) ;
#7354 = ORIENTED_EDGE ( 'NONE', *, *, #9252, .T. ) ;
#7355 = ADVANCED_FACE ( 'NONE', ( #8708 ), #4036, .T. ) ;
#7356 = ADVANCED_FACE ( 'NONE', ( #3938 ), #9468, .F. ) ;
#7357 = CARTESIAN_POINT ( 'NONE',  ( 140.4953743834067268, 90.53283248516649451, 248.0617076426447909 ) ) ;
#7358 = CARTESIAN_POINT ( 'NONE',  ( 88.93022141519857371, 14.01169490509724724, 328.9536464877220396 ) ) ;
#7359 = CARTESIAN_POINT ( 'NONE',  ( -22.90408548662579591, 14.37592491523484384, 355.8284772509055642 ) ) ;
#7360 = ORIENTED_EDGE ( 'NONE', *, *, #6692, .T. ) ;
#7361 = CARTESIAN_POINT ( 'NONE',  ( 120.3718417775670275, 14.13673501601201998, 309.4190830490416033 ) ) ;
#7362 = AXIS2_PLACEMENT_3D ( 'NONE', #9272, #5388, #9169 ) ;
#7363 = CARTESIAN_POINT ( 'NONE',  ( -78.83071670881541593, 39.17648238018457363, 335.7440465728669778 ) ) ;
#7364 = AXIS2_PLACEMENT_3D ( 'NONE', #176, #5602, #7727 ) ;
#7365 = B_SPLINE_CURVE_WITH_KNOTS ( 'NONE', 3,
 ( #2017, #5039, #7951, #504, #8766, #8105, #458, #2674, #3577, #6453 ),
 .UNSPECIFIED., .F., .F.,
 ( 4, 2, 2, 2, 4 ),
 ( 1.387778780781445676E-17, 0.0004363596562648085425, 0.0008727193125296032073, 0.001309078968794397980, 0.001745438625059192537 ),
 .UNSPECIFIED. ) ;
#7366 = ORIENTED_EDGE ( 'NONE', *, *, #4822, .F. ) ;
#7367 = DIRECTION ( 'NONE',  ( -0.6069928224509151260, -0.000000000000000000, 0.7947073130990249812 ) ) ;
#7368 = DIRECTION ( 'NONE',  ( 0.5423039920575080108, -0.8401823493733311388, 4.325275706382051797E-16 ) ) ;
#7369 = CARTESIAN_POINT ( 'NONE',  ( 0.000000000000000000, 15.99999999999995914, 212.1999999999999602 ) ) ;
#7370 = EDGE_LOOP ( 'NONE', ( #2891, #2412, #4012, #3006 ) ) ;
#7371 = EDGE_CURVE ( 'NONE', #9639, #1719, #113, .T. ) ;
#7372 = CARTESIAN_POINT ( 'NONE',  ( -81.99999999996879296, 13.99999999999995737, 347.2555441290919589 ) ) ;
#7373 = VERTEX_POINT ( 'NONE', #3164 ) ;
#7374 = CARTESIAN_POINT ( 'NONE',  ( -135.7232272028666671, 56.05292964884507967, 263.2315188430192734 ) ) ;
#7375 = CARTESIAN_POINT ( 'NONE',  ( -122.3240216452302036, 140.9999999999999716, 306.0269527474412143 ) ) ;
#7376 = DIRECTION ( 'NONE',  ( -1.000000000000000000, -0.000000000000000000, 6.938893903907221278E-15 ) ) ;
#7377 = CARTESIAN_POINT ( 'NONE',  ( -396508.7533416368533, 140.9999999999999716, 296246.6865088398336 ) ) ;
#7378 =( BOUNDED_CURVE ( )  B_SPLINE_CURVE ( 3, ( #9891, #4531, #6138, #2961 ),
 .UNSPECIFIED., .F., .T. ) 
 B_SPLINE_CURVE_WITH_KNOTS ( ( 4, 4 ),
 ( 5.775003043426611526, 5.901673767133892134 ),
 .UNSPECIFIED. ) 
 CURVE ( )  GEOMETRIC_REPRESENTATION_ITEM ( )  RATIONAL_B_SPLINE_CURVE ( ( 1.000000000000000000, 0.9986633242274645106, 0.9986633242274645106, 1.000000000000000000 ) ) 
 REPRESENTATION_ITEM ( '' )  );
#7379 = DIRECTION ( 'NONE',  ( 0.000000000000000000, 0.000000000000000000, 1.000000000000000000 ) ) ;
#7380 = CARTESIAN_POINT ( 'NONE',  ( 79.99999999996879296, 15.99999999999995914, 349.3669342391428927 ) ) ;
#7381 = DIRECTION ( 'NONE',  ( 1.000000000000000000, -0.000000000000000000, 0.000000000000000000 ) ) ;
#7382 = CARTESIAN_POINT ( 'NONE',  ( 116.1903880661201924, 140.9948977471765090, 302.0155889995834855 ) ) ;
#7383 = CARTESIAN_POINT ( 'NONE',  ( 143.1459721127951070, 86.32978243821466435, 274.2104385233695893 ) ) ;
#7384 = DIRECTION ( 'NONE',  ( 0.000000000000000000, 1.000000000000000000, 0.000000000000000000 ) ) ;
#7385 = EDGE_CURVE ( 'NONE', #4466, #8564, #1472, .T. ) ;
#7386 = DIRECTION ( 'NONE',  ( 0.000000000000000000, 0.000000000000000000, 1.000000000000000000 ) ) ;
#7387 = CARTESIAN_POINT ( 'NONE',  ( 74.48561462884110540, 12.91281810558092324, 360.2801680916042528 ) ) ;
#7388 = CARTESIAN_POINT ( 'NONE',  ( -33.97511499979553662, 13.99890960921302963, 355.1375334024582457 ) ) ;
#7389 = CARTESIAN_POINT ( 'NONE',  ( 20.34396443417418254, 14.68576835605847286, 355.9347805884307263 ) ) ;
#7390 = CARTESIAN_POINT ( 'NONE',  ( -119.8464356125603985, 14.11527760859921798, 309.9857586946546917 ) ) ;
#7391 = DIRECTION ( 'NONE',  ( -0.000000000000000000, 1.000000000000000000, -0.000000000000000000 ) ) ;
#7392 = EDGE_CURVE ( 'NONE', #2105, #9909, #3991, .T. ) ;
#7393 = SURFACE_STYLE_FILL_AREA ( #2087 ) ;
#7394 = CARTESIAN_POINT ( 'NONE',  ( -138.6490397527643665, 63.93588861610521690, 254.6440658042760106 ) ) ;
#7395 = DIRECTION ( 'NONE',  ( -0.000000000000000000, -1.000000000000000000, 0.000000000000000000 ) ) ;
#7396 = DIRECTION ( 'NONE',  ( -0.000000000000000000, -1.000000000000000000, -0.000000000000000000 ) ) ;
#7397 = ORIENTED_EDGE ( 'NONE', *, *, #4758, .F. ) ;
#7398 = CARTESIAN_POINT ( 'NONE',  ( 142.8728531947230067, 89.80215625105175548, 245.5569398516675790 ) ) ;
#7399 = CARTESIAN_POINT ( 'NONE',  ( 141.4529712308194291, 138.9999999999999432, 244.0756479145594824 ) ) ;
#7400 = UNCERTAINTY_MEASURE_WITH_UNIT (LENGTH_MEASURE( 1.000000000000000082E-05 ), #486, 'distance_accuracy_value', 'NONE');
#7401 = CARTESIAN_POINT ( 'NONE',  ( -94.00471681665278822, 14.14853988409431196, 335.1396633360769783 ) ) ;
#7402 = VERTEX_POINT ( 'NONE', #3214 ) ;
#7403 = CARTESIAN_POINT ( 'NONE',  ( -80.08671176910655731, 41.03102801372420316, 346.1150502597467948 ) ) ;
#7404 = CARTESIAN_POINT ( 'NONE',  ( 79.05888284736195715, 39.28600007085245238, 335.4491355227144140 ) ) ;
#7405 = EDGE_LOOP ( 'NONE', ( #3249, #8964, #4297, #6333 ) ) ;
#7406 = CARTESIAN_POINT ( 'NONE',  ( -350244.6547929365188, 13.99999999999995737, -50633.02266581427830 ) ) ;
#7407 = ORIENTED_EDGE ( 'NONE', *, *, #4854, .F. ) ;
#7408 = CARTESIAN_POINT ( 'NONE',  ( -18.38581422050200587, 14.17933847658829016, 356.3928266393277795 ) ) ;
#7409 = VERTEX_POINT ( 'NONE', #6963 ) ;
#7410 = LINE ( 'NONE', #5693, #7210 ) ;
#7411 = ORIENTED_EDGE ( 'NONE', *, *, #3376, .T. ) ;
#7412 = EDGE_CURVE ( 'NONE', #9208, #8499, #3879, .T. ) ;
#7413 = VECTOR ( 'NONE', #1682, 1000.000000000000000 ) ;
#7414 = VERTEX_POINT ( 'NONE', #7852 ) ;
#7415 = CARTESIAN_POINT ( 'NONE',  ( -33.62776714840955350, 14.81811705778733490, 353.6100418503812648 ) ) ;
#7416 = CARTESIAN_POINT ( 'NONE',  ( -19.57751173794273214, 35.98462210820689933, 359.7482066691206342 ) ) ;
#7417 = ORIENTED_EDGE ( 'NONE', *, *, #412, .T. ) ;
#7418 = LINE ( 'NONE', #3684, #713 ) ;
#7419 = ORIENTED_EDGE ( 'NONE', *, *, #6703, .T. ) ;
#7420 = DIRECTION ( 'NONE',  ( 1.000000000000000000, -2.983724378680105678E-13, 0.000000000000000000 ) ) ;
#7421 = CARTESIAN_POINT ( 'NONE',  ( 86.12827063227955193, 14.11234496018294848, 330.5091708579985834 ) ) ;
#7422 = CARTESIAN_POINT ( 'NONE',  ( -93.87172936769897547, 13.99999999999995737, 334.4896633360762053 ) ) ;
#7423 = VECTOR ( 'NONE', #7368, 1000.000000000000000 ) ;
#7424 = EDGE_CURVE ( 'NONE', #9669, #4939, #9784, .T. ) ;
#7425 = DIRECTION ( 'NONE',  ( -1.000000000000000000, 2.262079412673756047E-12, 0.000000000000000000 ) ) ;
#7426 = DIRECTION ( 'NONE',  ( 0.000000000000000000, 1.000000000000000000, 0.000000000000000000 ) ) ;
#7427 = AXIS2_PLACEMENT_3D ( 'NONE', #6235, #1556, #4574 ) ;
#7428 = PLANE ( 'NONE',  #8908 ) ;
#7429 = CARTESIAN_POINT ( 'NONE',  ( -2.812263215040415432, 15.99999999999995914, 357.1795522108644718 ) ) ;
#7430 = CARTESIAN_POINT ( 'NONE',  ( -140.7984417989250119, 93.70184828957090417, 246.8858879945499893 ) ) ;
#7431 = FACE_OUTER_BOUND ( 'NONE', #5516, .T. ) ;
#7432 = CARTESIAN_POINT ( 'NONE',  ( -145.9999999999969020, 15.99999999999995914, 244.5153120237268922 ) ) ;
#7433 = CARTESIAN_POINT ( 'NONE',  ( 30.43256145206879992, 14.02224419256092425, 355.4823669472008305 ) ) ;
#7434 = LINE ( 'NONE', #3800, #8243 ) ;
#7435 = ADVANCED_FACE ( 'NONE', ( #7895 ), #9629, .T. ) ;
#7436 = CARTESIAN_POINT ( 'NONE',  ( 77.42318865764615055, 37.00000000393983157, 334.8008828359879772 ) ) ;
#7437 = LINE ( 'NONE', #1339, #4878 ) ;
#7438 = CARTESIAN_POINT ( 'NONE',  ( -145.9999999999968736, 15.99999999999995914, 244.5153120237268922 ) ) ;
#7439 = DIRECTION ( 'NONE',  ( -6.091823903520580061E-16, 0.6454598724467808246, 0.7637941823953527942 ) ) ;
#7440 = CARTESIAN_POINT ( 'NONE',  ( 114.2689987918699330, 140.9843205442319345, 304.2122532398184944 ) ) ;
#7441 = AXIS2_PLACEMENT_3D ( 'NONE', #2697, #5915, #4357 ) ;
#7442 = ORIENTED_EDGE ( 'NONE', *, *, #1671, .F. ) ;
#7443 = CARTESIAN_POINT ( 'NONE',  ( 73.54079135842437154, 15.49465759536807674, 359.3353448211855721 ) ) ;
#7444 = CARTESIAN_POINT ( 'NONE',  ( 14.05084443284930451, 15.99999999999995914, 356.5244956219502797 ) ) ;
#7445 = CARTESIAN_POINT ( 'NONE',  ( 61.61575490295718538, 37.91281810558092502, 356.0033129380125274 ) ) ;
#7446 = DIRECTION ( 'NONE',  ( 0.000000000000000000, 1.000000000000000000, 0.000000000000000000 ) ) ;
#7447 = ORIENTED_EDGE ( 'NONE', *, *, #6469, .F. ) ;
#7448 = VECTOR ( 'NONE', #9757, 1000.000000000000000 ) ;
#7449 = EDGE_CURVE ( 'NONE', #2827, #1753, #1410, .T. ) ;
#7450 = AXIS2_PLACEMENT_3D ( 'NONE', #6140, #4773, #8592 ) ;
#7451 = CARTESIAN_POINT ( 'NONE',  ( -144.1208781619184833, 91.92006649924655903, 271.9092701565281800 ) ) ;
#7452 = ORIENTED_EDGE ( 'NONE', *, *, #4198, .F. ) ;
#7453 = CARTESIAN_POINT ( 'NONE',  ( -79.26200921298153901, 39.44307408745390831, 343.4704540999146047 ) ) ;
#7454 = CARTESIAN_POINT ( 'NONE',  ( 79.99999999996879296, 40.82235446681497137, 334.2040982918406939 ) ) ;
#7455 = ORIENTED_EDGE ( 'NONE', *, *, #8366, .T. ) ;
#7456 = AXIS2_PLACEMENT_3D ( 'NONE', #8878, #4847, #6569 ) ;
#7457 = DIRECTION ( 'NONE',  ( 0.6069928224514555826, 0.000000000000000000, 0.7947073130986123113 ) ) ;
#7458 = ORIENTED_EDGE ( 'NONE', *, *, #3835, .T. ) ;
#7459 = CARTESIAN_POINT ( 'NONE',  ( -13.51427730100927249, 14.13620236103744432, 356.7681629425604228 ) ) ;
#7460 = ORIENTED_EDGE ( 'NONE', *, *, #7142, .T. ) ;
#7461 = CARTESIAN_POINT ( 'NONE',  ( 122.3240216452302036, 13.99999999999995737, 306.0269527474412143 ) ) ;
#7462 = DIRECTION ( 'NONE',  ( -4.382459307730909397E-15, 0.000000000000000000, -1.000000000000000000 ) ) ;
#7463 = ORIENTED_EDGE ( 'NONE', *, *, #6208, .F. ) ;
#7464 = AXIS2_PLACEMENT_3D ( 'NONE', #6467, #7863, #7821 ) ;
#7465 = CIRCLE ( 'NONE', #3748, 147.0000000000000000 ) ;
#7466 = ORIENTED_EDGE ( 'NONE', *, *, #9657, .T. ) ;
#7467 = CARTESIAN_POINT ( 'NONE',  ( -18.50012014521845671, 15.02435867428419769, 356.0510154413023542 ) ) ;
#7468 = CARTESIAN_POINT ( 'NONE',  ( 9.866016694686575050, 14.34738353893818896, 356.9415113255456617 ) ) ;
#7469 = EDGE_LOOP ( 'NONE', ( #9016, #1271, #508, #6041, #1590, #1463 ) ) ;
#7470 = AXIS2_PLACEMENT_3D ( 'NONE', #2795, #4207, #8180 ) ;
#7471 = CARTESIAN_POINT ( 'NONE',  ( 119.0702036534676012, 140.9999999999999716, 309.2422332696989429 ) ) ;
#7472 = EDGE_LOOP ( 'NONE', ( #4058, #3636, #1548, #5380 ) ) ;
#7473 = CARTESIAN_POINT ( 'NONE',  ( -145.9999999999968736, 92.76320896812782735, 243.2465577364812077 ) ) ;
#7474 = EDGE_CURVE ( 'NONE', #4681, #8377, #3527, .T. ) ;
#7475 = AXIS2_PLACEMENT_3D ( 'NONE', #5080, #9719, #3665 ) ;
#7476 = CYLINDRICAL_SURFACE ( 'NONE', #382, 2.000000000000001776 ) ;
#7477 = EDGE_CURVE ( 'NONE', #7705, #4762, #9785, .T. ) ;
#7478 = AXIS2_PLACEMENT_3D ( 'NONE', #9947, #1368, #2965 ) ;
#7479 = CARTESIAN_POINT ( 'NONE',  ( 113.4667821482288588, 140.8328132230616063, 304.3920383513359980 ) ) ;
#7480 = CARTESIAN_POINT ( 'NONE',  ( 80.81191780064139607, 20.12773765179120034, 345.6370418304435361 ) ) ;
#7481 = DIRECTION ( 'NONE',  ( 0.000000000000000000, -0.000000000000000000, 1.000000000000000000 ) ) ;
#7482 = CARTESIAN_POINT ( 'NONE',  ( -28.03791893497208676, 15.99999999999995914, 354.4916302566275590 ) ) ;
#7483 = VERTEX_POINT ( 'NONE', #2720 ) ;
#7484 = FACE_OUTER_BOUND ( 'NONE', #4233, .T. ) ;
#7485 = CARTESIAN_POINT ( 'NONE',  ( -80.96202531642488509, 18.49847829683389477, 345.5459802793566269 ) ) ;
#7486 = FACE_OUTER_BOUND ( 'NONE', #697, .T. ) ;
#7487 = ORIENTED_EDGE ( 'NONE', *, *, #2813, .T. ) ;
#7488 = CARTESIAN_POINT ( 'NONE',  ( 120.7638024623814772, 13.99999999999995737, 302.1117197486524333 ) ) ;
#7489 = VECTOR ( 'NONE', #6145, 1000.000000000000000 ) ;
#7490 = CARTESIAN_POINT ( 'NONE',  ( 31.00309142134504015, 13.89114855240254265, 355.8734982274456229 ) ) ;
#7491 = EDGE_CURVE ( 'NONE', #2464, #7109, #311, .T. ) ;
#7492 = CARTESIAN_POINT ( 'NONE',  ( 77.89247521278154807, 37.08748992834189551, 334.5031200760437287 ) ) ;
#7493 = CIRCLE ( 'NONE', #6698, 154.0000000000000000 ) ;
#7494 = DIRECTION ( 'NONE',  ( 0.000000000000000000, 0.000000000000000000, 1.000000000000000000 ) ) ;
#7495 = CARTESIAN_POINT ( 'NONE',  ( 86.12827063230193403, 13.99999999999995737, 330.5091708579985834 ) ) ;
#7496 = CARTESIAN_POINT ( 'NONE',  ( -81.99999999996916245, 140.9999999999999716, 342.5533658944219724 ) ) ;
#7497 = CARTESIAN_POINT ( 'NONE',  ( 113.9824199850091162, 140.9999999999999716, 304.8140986442904250 ) ) ;
#7498 = EDGE_LOOP ( 'NONE', ( #9771, #1214, #9823, #3712 ) ) ;
#7499 = CARTESIAN_POINT ( 'NONE',  ( 119.6135803619344244, 14.06116728105373959, 309.9857586946548054 ) ) ;
#7500 = EDGE_CURVE ( 'NONE', #1124, #5433, #7410, .T. ) ;
#7501 = CARTESIAN_POINT ( 'NONE',  ( 79.41421356231901996, 21.13414141222228437, 346.8797868603186316 ) ) ;
#7502 = CYLINDRICAL_SURFACE ( 'NONE', #6684, 0.6499999999999839240 ) ;
#7503 = CARTESIAN_POINT ( 'NONE',  ( 147.9999999999984084, 87.15493271257496133, 244.5153120237258690 ) ) ;
#7504 = ORIENTED_EDGE ( 'NONE', *, *, #7054, .F. ) ;
#7505 = CARTESIAN_POINT ( 'NONE',  ( -79.61367788156985625, 39.32658496350309463, 346.3560894478641217 ) ) ;
#7506 = ORIENTED_EDGE ( 'NONE', *, *, #8422, .T. ) ;
#7507 = DIRECTION ( 'NONE',  ( -0.6069928224514556936, -6.397115089948704568E-19, -0.7947073130986123113 ) ) ;
#7508 = ADVANCED_FACE ( 'NONE', ( #6555 ), #760, .T. ) ;
#7509 = CARTESIAN_POINT ( 'NONE',  ( -14.59803278792333892, 14.18055338763022100, 356.6826459720339813 ) ) ;
#7510 = CARTESIAN_POINT ( 'NONE',  ( -141.1321072152029785, 88.71518525139612166, 278.6660857230411352 ) ) ;
#7511 = DIRECTION ( 'NONE',  ( 0.000000000000000000, -1.000000000000000000, -0.000000000000000000 ) ) ;
#7512 = ORIENTED_EDGE ( 'NONE', *, *, #3905, .F. ) ;
#7513 = TOROIDAL_SURFACE ( 'NONE', #3322, 5.749999999999976907, 2.000000000000000000 ) ;
#7514 = CIRCLE ( 'NONE', #3489, 1.999999999999998890 ) ;
#7515 = EDGE_CURVE ( 'NONE', #8817, #4180, #7365, .T. ) ;
#7516 = CARTESIAN_POINT ( 'NONE',  ( 63.50290634891700137, 38.99999999999995737, 354.5241395871448731 ) ) ;
#7517 = CARTESIAN_POINT ( 'NONE',  ( -34.05877273185288345, 11.99999999999995914, 357.1999999999999886 ) ) ;
#7518 = ORIENTED_EDGE ( 'NONE', *, *, #7412, .F. ) ;
#7519 = LINE ( 'NONE', #4342, #246 ) ;
#7520 = ORIENTED_EDGE ( 'NONE', *, *, #8469, .F. ) ;
#7521 = PLANE ( 'NONE',  #6977 ) ;
#7522 = CARTESIAN_POINT ( 'NONE',  ( -76.14635183504803706, 13.99999999999902123, 357.1870972781114233 ) ) ;
#7523 = AXIS2_PLACEMENT_3D ( 'NONE', #4889, #8818, #4286 ) ;
#7524 = CARTESIAN_POINT ( 'NONE',  ( 135.8516774495311097, 59.33357522070822654, 262.8885328850525980 ) ) ;
#7525 = CARTESIAN_POINT ( 'NONE',  ( -11.24382536149158263, 15.99999999999995914, 356.7702689059630643 ) ) ;
#7526 = ORIENTED_EDGE ( 'NONE', *, *, #9184, .F. ) ;
#7527 = B_SPLINE_CURVE_WITH_KNOTS ( 'NONE', 3,
 ( #4215, #7440, #1199, #443 ),
 .UNSPECIFIED., .F., .F.,
 ( 4, 4 ),
 ( 0.000000000000000000, 0.0004379305213315880913 ),
 .UNSPECIFIED. ) ;
#7528 = FACE_OUTER_BOUND ( 'NONE', #7105, .T. ) ;
#7529 = CARTESIAN_POINT ( 'NONE',  ( -121.0044252407337666, 13.99999999999995737, 302.7155414761002703 ) ) ;
#7530 = CARTESIAN_POINT ( 'NONE',  ( 21.96607319299888417, 14.01131206057922363, 356.2271762606269476 ) ) ;
#7531 = DIRECTION ( 'NONE',  ( -8.520961713998068370E-12, 1.000000000000000000, 0.000000000000000000 ) ) ;
#7532 = SPHERICAL_SURFACE ( 'NONE', #9090, 2.000000000000000000 ) ;
#7533 = EDGE_CURVE ( 'NONE', #2012, #5535, #3158, .T. ) ;
#7534 = CARTESIAN_POINT ( 'NONE',  ( -148.0000000000245848, 92.76320896812782735, 243.2465577364812077 ) ) ;
#7535 = DIRECTION ( 'NONE',  ( 4.464706747921550796E-12, 0.7637941823982279388, -0.6454598724433785462 ) ) ;
#7536 = CARTESIAN_POINT ( 'NONE',  ( 79.77988759141707931, 21.17988565601601536, 346.2576120878212009 ) ) ;
#7537 = DIRECTION ( 'NONE',  ( -1.000000000000000000, -0.000000000000000000, -0.000000000000000000 ) ) ;
#7538 = ORIENTED_EDGE ( 'NONE', *, *, #7683, .T. ) ;
#7539 = CARTESIAN_POINT ( 'NONE',  ( -145.9999999999968736, 140.9999999999999716, 244.5153120237268922 ) ) ;
#7540 = CARTESIAN_POINT ( 'NONE',  ( 119.1887568811446556, 13.99999999999995737, 309.7194351559082293 ) ) ;
#7541 = CARTESIAN_POINT ( 'NONE',  ( 79.69952227233201825, 39.93717277159016277, 342.9296054252699264 ) ) ;
#7542 = ORIENTED_EDGE ( 'NONE', *, *, #2668, .F. ) ;
#7543 = DIRECTION ( 'NONE',  ( 0.000000000000000000, 0.000000000000000000, 1.000000000000000000 ) ) ;
#7544 = EDGE_CURVE ( 'NONE', #9060, #37, #8382, .T. ) ;
#7545 = CARTESIAN_POINT ( 'NONE',  ( -94.53274016371955213, 14.06537936430263969, 334.4327054892026467 ) ) ;
#7546 = VERTEX_POINT ( 'NONE', #8921 ) ;
#7547 = DIRECTION ( 'NONE',  ( 0.000000000000000000, -1.000000000000000000, 0.000000000000000000 ) ) ;
#7548 = ORIENTED_EDGE ( 'NONE', *, *, #9563, .F. ) ;
#7549 = B_SPLINE_CURVE_WITH_KNOTS ( 'NONE', 3,
 ( #5205, #4351, #7482, #6053, #5863, #9804, #5250, #7525, #4496, #8222, #2081, #7429, #8983, #4450 ),
 .UNSPECIFIED., .F., .F.,
 ( 4, 2, 2, 2, 2, 2, 4 ),
 ( 0.000000000000000000, 0.2500000000000000000, 0.5000000000000000000, 0.6250000000000000000, 0.7500000000000000000, 0.8750000000000000000, 1.000000000000000000 ),
 .UNSPECIFIED. ) ;
#7550 = DIRECTION ( 'NONE',  ( -0.9895943761646331938, 0.000000000000000000, -0.1438852690977445448 ) ) ;
#7551 = DIRECTION ( 'NONE',  ( 1.000000000000000000, -0.000000000000000000, -0.000000000000000000 ) ) ;
#7552 = CARTESIAN_POINT ( 'NONE',  ( 130.8514257908981335, 93.70433230149848214, 274.6737475987366679 ) ) ;
#7553 = VERTEX_POINT ( 'NONE', #5089 ) ;
#7554 = EDGE_CURVE ( 'NONE', #9940, #9459, #4182, .T. ) ;
#7555 = ORIENTED_EDGE ( 'NONE', *, *, #4277, .F. ) ;
#7556 = CARTESIAN_POINT ( 'NONE',  ( 63.16894221695830680, 38.99999999999995737, 352.6481567667962622 ) ) ;
#7557 = CARTESIAN_POINT ( 'NONE',  ( -155076.4207621814276, 140.9999999999999716, 389169.4421198634664 ) ) ;
#7558 = ORIENTED_EDGE ( 'NONE', *, *, #7329, .F. ) ;
#7559 = CARTESIAN_POINT ( 'NONE',  ( -148.0000000000245848, 57.00000000000000711, 263.2787997811547029 ) ) ;
#7560 = ORIENTED_EDGE ( 'NONE', *, *, #4848, .F. ) ;
#7561 = CARTESIAN_POINT ( 'NONE',  ( -143.4040466960718732, 96.42078043914040109, 244.0740061846849187 ) ) ;
#7562 = CARTESIAN_POINT ( 'NONE',  ( 28.38231060987709498, 11.99999999999995737, 357.1999999999999886 ) ) ;
#7563 = CARTESIAN_POINT ( 'NONE',  ( -148.0000000004224603, 140.9999999999999716, 291567.4688076514285 ) ) ;
#7564 = EDGE_CURVE ( 'NONE', #5308, #4272, #7208, .T. ) ;
#7565 = DIRECTION ( 'NONE',  ( -0.9755377326263365845, 0.000000000000000000, -0.2198320545831891071 ) ) ;
#7566 = CARTESIAN_POINT ( 'NONE',  ( 117.0858108445261507, 13.99999999999995737, 301.0814541897230470 ) ) ;
#7567 = CARTESIAN_POINT ( 'NONE',  ( 140.9822923027868455, 97.46957469522139661, 246.0979224389238027 ) ) ;
#7568 = ORIENTED_EDGE ( 'NONE', *, *, #2397, .T. ) ;
#7569 = FACE_OUTER_BOUND ( 'NONE', #2682, .T. ) ;
#7570 = CIRCLE ( 'NONE', #3216, 2.000000000000006217 ) ;
#7571 = VERTEX_POINT ( 'NONE', #3429 ) ;
#7572 = CARTESIAN_POINT ( 'NONE',  ( 119.7134399979684929, 140.9999999999999716, 309.3357586946546576 ) ) ;
#7573 = FACE_OUTER_BOUND ( 'NONE', #699, .T. ) ;
#7574 = ADVANCED_FACE ( 'NONE', ( #6505 ), #1917, .F. ) ;
#7575 = DIRECTION ( 'NONE',  ( 0.7947073130967819976, 0.000000000000000000, -0.6069928224538519990 ) ) ;
#7576 = VECTOR ( 'NONE', #9646, 1000.000000000000000 ) ;
#7577 = CYLINDRICAL_SURFACE ( 'NONE', #2621, 0.6499999999999839240 ) ;
#7578 = LINE ( 'NONE', #677, #495 ) ;
#7579 = DIRECTION ( 'NONE',  ( -0.000000000000000000, 1.000000000000000000, -0.000000000000000000 ) ) ;
#7580 = CARTESIAN_POINT ( 'NONE',  ( 79.80528247756558358, 22.04695951783896390, 346.2414745094814634 ) ) ;
#7581 = CARTESIAN_POINT ( 'NONE',  ( -140.2317871479269513, 57.00000000000000711, 249.0787997811547143 ) ) ;
#7582 = VERTEX_POINT ( 'NONE', #4433 ) ;
#7583 = CARTESIAN_POINT ( 'NONE',  ( 5.096354550420246987, 14.01853332262709095, 357.1457977339944705 ) ) ;
#7584 = CIRCLE ( 'NONE', #3067, 147.0000000000000000 ) ;
#7585 = CARTESIAN_POINT ( 'NONE',  ( 73.67810727255813674, 25.97973387535324363, 350.2949356748982837 ) ) ;
#7586 = EDGE_CURVE ( 'NONE', #2917, #8764, #3634, .T. ) ;
#7587 = DIRECTION ( 'NONE',  ( 0.000000000000000000, 0.000000000000000000, -1.000000000000000000 ) ) ;
#7588 = CIRCLE ( 'NONE', #5022, 2.000000000000001776 ) ;
#7589 = DIRECTION ( 'NONE',  ( 0.9895943761646530668, 0.000000000000000000, 0.1438852690976085424 ) ) ;
#7590 = ORIENTED_EDGE ( 'NONE', *, *, #7385, .F. ) ;
#7591 = DIRECTION ( 'NONE',  ( -0.3627116120171923752, 0.8897700694735100058, -0.2770370191454471498 ) ) ;
#7592 = ORIENTED_EDGE ( 'NONE', *, *, #6429, .T. ) ;
#7593 = ORIENTED_EDGE ( 'NONE', *, *, #8938, .T. ) ;
#7594 = LINE ( 'NONE', #7406, #8756 ) ;
#7595 = CYLINDRICAL_SURFACE ( 'NONE', #2053, 7.099999999999995204 ) ;
#7596 = CARTESIAN_POINT ( 'NONE',  ( 128.8300142592182738, 90.99686823793607005, 278.7419492120318409 ) ) ;
#7597 = VERTEX_POINT ( 'NONE', #3002 ) ;
#7598 = VECTOR ( 'NONE', #6056, 1000.000000000000000 ) ;
#7599 = EDGE_CURVE ( 'NONE', #5621, #4671, #7046, .T. ) ;
#7600 = AXIS2_PLACEMENT_3D ( 'NONE', #4923, #7986, #6490 ) ;
#7601 = ORIENTED_EDGE ( 'NONE', *, *, #9134, .F. ) ;
#7602 = CARTESIAN_POINT ( 'NONE',  ( 79.80528247754544680, 22.04695951780322360, 346.2414745094934005 ) ) ;
#7603 = VECTOR ( 'NONE', #9233, 1000.000000000000000 ) ;
#7604 = CARTESIAN_POINT ( 'NONE',  ( -30.87936594042013638, 14.75140472347296239, 354.3318347401111055 ) ) ;
#7605 = DIRECTION ( 'NONE',  ( 1.903243266860165513E-16, 0.7637941823953527942, -0.6454598724467808246 ) ) ;
#7606 = ORIENTED_EDGE ( 'NONE', *, *, #3905, .T. ) ;
#7607 = B_SPLINE_CURVE_WITH_KNOTS ( 'NONE', 3,
 ( #9482, #9643, #6570, #2688 ),
 .UNSPECIFIED., .F., .F.,
 ( 4, 4 ),
 ( 0.000000000000000000, 0.0004385668754149450580 ),
 .UNSPECIFIED. ) ;
#7608 = CARTESIAN_POINT ( 'NONE',  ( 141.0335869043180992, 89.97422520020272430, 278.8747880754198150 ) ) ;
#7609 = ORIENTED_EDGE ( 'NONE', *, *, #9568, .F. ) ;
#7610 = CARTESIAN_POINT ( 'NONE',  ( -142.3788797357515818, 93.83023285664020818, 246.8479367567587417 ) ) ;
#7611 = DIRECTION ( 'NONE',  ( 0.000000000000000000, 1.000000000000000000, -0.000000000000000000 ) ) ;
#7612 = CARTESIAN_POINT ( 'NONE',  ( 22.70584848790164756, 11.99999999999995914, 357.1999999999999886 ) ) ;
#7613 = DIRECTION ( 'NONE',  ( 1.000000000000000000, -4.930380657631323784E-32, 7.975740119433573893E-16 ) ) ;
#7614 = ADVANCED_FACE ( 'NONE', ( #9783 ), #9111, .T. ) ;
#7615 = CARTESIAN_POINT ( 'NONE',  ( -72.69217712398257447, 13.89785220874913563, 355.8444313177633376 ) ) ;
#7616 = CARTESIAN_POINT ( 'NONE',  ( 144.3410698873659612, 89.97422520020263903, 271.3747880754171433 ) ) ;
#7617 = CARTESIAN_POINT ( 'NONE',  ( 121.9214080791018944, 13.99999999999995737, 306.5372490499650553 ) ) ;
#7618 = VERTEX_POINT ( 'NONE', #2249 ) ;
#7619 = AXIS2_PLACEMENT_3D ( 'NONE', #7219, #4090, #1119 ) ;
#7620 = CARTESIAN_POINT ( 'NONE',  ( -116.1858755123578391, 140.9999999999999716, 308.8228570680416851 ) ) ;
#7621 = ORIENTED_EDGE ( 'NONE', *, *, #8279, .T. ) ;
#7622 = CARTESIAN_POINT ( 'NONE',  ( -79.99999999996911981, 18.49847829685284850, 346.1300812613491757 ) ) ;
#7623 = DIRECTION ( 'NONE',  ( 0.000000000000000000, -1.000000000000000000, 0.000000000000000000 ) ) ;
#7624 = DIRECTION ( 'NONE',  ( 4.895141939902453585E-12, -0.2206529195209886440, 0.9753523922700266802 ) ) ;
#7625 = EDGE_CURVE ( 'NONE', #4913, #7723, #2793, .T. ) ;
#7626 = CIRCLE ( 'NONE', #3274, 0.6499999999999839240 ) ;
#7627 = B_SPLINE_CURVE_WITH_KNOTS ( 'NONE', 3,
 ( #3037, #136, #9191, #8432, #9332, #6986 ),
 .UNSPECIFIED., .F., .F.,
 ( 4, 2, 4 ),
 ( 0.000000000000000000, 0.5000000000000000000, 1.000000000000000000 ),
 .UNSPECIFIED. ) ;
#7628 = AXIS2_PLACEMENT_3D ( 'NONE', #922, #5650, #6260 ) ;
#7629 = FACE_OUTER_BOUND ( 'NONE', #3692, .T. ) ;
#7630 = CYLINDRICAL_SURFACE ( 'NONE', #1336, 3.749999999999975575 ) ;
#7631 = ADVANCED_FACE ( 'NONE', ( #9065 ), #7595, .F. ) ;
#7632 = CARTESIAN_POINT ( 'NONE',  ( -87.21910220580285511, 13.99999999999995737, 335.6016304062391100 ) ) ;
#7633 = VECTOR ( 'NONE', #9897, 1000.000000000000000 ) ;
#7634 = CARTESIAN_POINT ( 'NONE',  ( 86.12827063230537306, 140.8876550398222776, 330.5091708579985834 ) ) ;
#7635 = DIRECTION ( 'NONE',  ( -1.000000000000000000, -6.938893903907366428E-15, 5.863854003301987243E-15 ) ) ;
#7636 = VERTEX_POINT ( 'NONE', #6849 ) ;
#7637 = CARTESIAN_POINT ( 'NONE',  ( -79.41421356230209483, -143480.2505866779829, 121615.6556134161510 ) ) ;
#7638 = ORIENTED_EDGE ( 'NONE', *, *, #5430, .F. ) ;
#7639 = CARTESIAN_POINT ( 'NONE',  ( -147.4116331275060361, 56.22721619495816014, 263.2471824097779063 ) ) ;
#7640 = AXIS2_PLACEMENT_3D ( 'NONE', #8315, #7425, #3736 ) ;
#7641 = CARTESIAN_POINT ( 'NONE',  ( 7.466024364692136928, 13.94812981576532707, 357.0878156403936146 ) ) ;
#7642 = ORIENTED_EDGE ( 'NONE', *, *, #6103, .T. ) ;
#7643 = CARTESIAN_POINT ( 'NONE',  ( -79.06003379558475785, 39.28634581335148823, 335.4476544242129421 ) ) ;
#7644 = CIRCLE ( 'NONE', #5874, 154.0000000000000000 ) ;
#7645 = CARTESIAN_POINT ( 'NONE',  ( 74.53677850038037889, 16.88121740157131612, 356.8596047577048580 ) ) ;
#7646 = EDGE_CURVE ( 'NONE', #2829, #55, #3412, .T. ) ;
#7647 = DIRECTION ( 'NONE',  ( -2.775557561562888511E-14, 0.000000000000000000, 1.000000000000000000 ) ) ;
#7648 = EDGE_LOOP ( 'NONE', ( #1074, #4838, #7809, #6518 ) ) ;
#7649 = CYLINDRICAL_SURFACE ( 'NONE', #9511, 2.000000000000001776 ) ;
#7650 = ORIENTED_EDGE ( 'NONE', *, *, #6469, .T. ) ;
#7651 = CARTESIAN_POINT ( 'NONE',  ( -147.6266388639615741, 60.00618431065083769, 262.6223332429354400 ) ) ;
#7652 = CARTESIAN_POINT ( 'NONE',  ( 143.4040466960721574, 15.99999999999995914, 242.5153120237258406 ) ) ;
#7653 = CARTESIAN_POINT ( 'NONE',  ( -1.036865041962698575, 13.38165997799498719, 357.1969398408259622 ) ) ;
#7654 = ORIENTED_EDGE ( 'NONE', *, *, #2824, .T. ) ;
#7655 = EDGE_CURVE ( 'NONE', #511, #8152, #8087, .T. ) ;
#7656 = VERTEX_POINT ( 'NONE', #7539 ) ;
#7657 = CARTESIAN_POINT ( 'NONE',  ( 122.3240216452302036, 13.99999999999995737, 305.3769527474412371 ) ) ;
#7658 = EDGE_CURVE ( 'NONE', #1955, #5023, #8635, .T. ) ;
#7659 = DIRECTION ( 'NONE',  ( 0.000000000000000000, -1.000000000000000000, -0.000000000000000000 ) ) ;
#7660 = CARTESIAN_POINT ( 'NONE',  ( -141.4529712308191733, 140.9999999999999716, 244.0756479145605340 ) ) ;
#7661 = ORIENTED_EDGE ( 'NONE', *, *, #5021, .T. ) ;
#7662 = DIRECTION ( 'NONE',  ( 0.000000000000000000, 0.000000000000000000, -1.000000000000000000 ) ) ;
#7663 = ORIENTED_EDGE ( 'NONE', *, *, #6, .F. ) ;
#7664 = CARTESIAN_POINT ( 'NONE',  ( -142.5983797862962774, 94.97275107801894478, 246.2837510868793913 ) ) ;
#7665 = CARTESIAN_POINT ( 'NONE',  ( -32.13158062462738229, 13.79974389592743478, 356.0705013248772843 ) ) ;
#7666 = CARTESIAN_POINT ( 'NONE',  ( 7.095577652469151175, 11.99999999999995914, 357.1999999999999886 ) ) ;
#7667 = CARTESIAN_POINT ( 'NONE',  ( 72.55026052273626647, 12.46415965783824298, 357.1489048717872379 ) ) ;
#7668 = AXIS2_PLACEMENT_3D ( 'NONE', #7964, #4192, #2529 ) ;
#7669 = CARTESIAN_POINT ( 'NONE',  ( 144.1194849405086700, 91.92529996407826332, 271.9126295887256788 ) ) ;
#7670 = EDGE_CURVE ( 'NONE', #780, #5631, #9286, .T. ) ;
#7671 = FACE_OUTER_BOUND ( 'NONE', #9293, .T. ) ;
#7672 = CARTESIAN_POINT ( 'NONE',  ( -115.9382397842804266, 14.11798163245992299, 301.4635173567533002 ) ) ;
#7673 = ORIENTED_EDGE ( 'NONE', *, *, #8205, .F. ) ;
#7674 = DIRECTION ( 'NONE',  ( 0.000000000000000000, 5.551115123125777653E-14, -1.000000000000000000 ) ) ;
#7675 = ORIENTED_EDGE ( 'NONE', *, *, #5962, .F. ) ;
#7676 = CARTESIAN_POINT ( 'NONE',  ( 77.26689023736271622, 5.499999999999953815, 359.2000000000001023 ) ) ;
#7677 = CARTESIAN_POINT ( 'NONE',  ( 33.79155261195681703, 14.13238468687944760, 354.5258351495425586 ) ) ;
#7678 = DIRECTION ( 'NONE',  ( 3.378674827220644093E-16, 0.000000000000000000, -1.000000000000000000 ) ) ;
#7679 = AXIS2_PLACEMENT_3D ( 'NONE', #12, #531, #1236 ) ;
#7680 = CARTESIAN_POINT ( 'NONE',  ( 146.0000000000150351, 98.37148522368129022, 242.5153120237258690 ) ) ;
#7681 = CARTESIAN_POINT ( 'NONE',  ( -113.6848775212756379, 13.99999999999995737, 305.3919987068232444 ) ) ;
#7682 = FACE_OUTER_BOUND ( 'NONE', #5265, .T. ) ;
#7683 = EDGE_CURVE ( 'NONE', #98, #4601, #5201, .T. ) ;
#7684 = CARTESIAN_POINT ( 'NONE',  ( -141.4529712308191733, 15.99999999999995914, 244.0756479145605340 ) ) ;
#7685 = VECTOR ( 'NONE', #2553, 1000.000000000000000 ) ;
#7686 = DIRECTION ( 'NONE',  ( 0.000000000000000000, 0.000000000000000000, 1.000000000000000000 ) ) ;
#7687 = DIRECTION ( 'NONE',  ( 0.000000000000000000, 1.000000000000000000, -0.000000000000000000 ) ) ;
#7688 = CYLINDRICAL_SURFACE ( 'NONE', #8396, 0.6499999999999839240 ) ;
#7689 = DIRECTION ( 'NONE',  ( -0.000000000000000000, 1.000000000000000000, -0.000000000000000000 ) ) ;
#7690 = ORIENTED_EDGE ( 'NONE', *, *, #9657, .F. ) ;
#7691 = CARTESIAN_POINT ( 'NONE',  ( 142.9349244994209300, 95.84767441652574860, 245.3892135952617082 ) ) ;
#7692 = CARTESIAN_POINT ( 'NONE',  ( 88.89215833352328389, 14.02475422885788348, 328.8698864309297960 ) ) ;
#7693 = CARTESIAN_POINT ( 'NONE',  ( -119.6135803619344244, 140.9388327189461734, 309.9857586946548054 ) ) ;
#7694 = ORIENTED_EDGE ( 'NONE', *, *, #7799, .T. ) ;
#7695 = EDGE_CURVE ( 'NONE', #9257, #418, #5916, .T. ) ;
#7696 = ADVANCED_FACE ( 'NONE', ( #7078 ), #79, .F. ) ;
#7697 = FACE_OUTER_BOUND ( 'NONE', #3917, .T. ) ;
#7698 = EDGE_LOOP ( 'NONE', ( #8857, #5930, #671, #5788 ) ) ;
#7699 = FACE_OUTER_BOUND ( 'NONE', #5285, .T. ) ;
#7700 = ORIENTED_EDGE ( 'NONE', *, *, #4657, .F. ) ;
#7701 = ORIENTED_EDGE ( 'NONE', *, *, #8614, .F. ) ;
#7702 = LINE ( 'NONE', #790, #8418 ) ;
#7703 = DIRECTION ( 'NONE',  ( 0.000000000000000000, 1.000000000000000000, 0.000000000000000000 ) ) ;
#7704 = CARTESIAN_POINT ( 'NONE',  ( -12.60359383442136938, 13.42776579328794462, 357.0652430139055582 ) ) ;
#7705 = VERTEX_POINT ( 'NONE', #9285 ) ;
#7706 = ORIENTED_EDGE ( 'NONE', *, *, #9693, .F. ) ;
#7707 = CARTESIAN_POINT ( 'NONE',  ( 90.49371913728364802, 140.8767977190233012, 337.6600562055618866 ) ) ;
#7708 = DIRECTION ( 'NONE',  ( 0.3701888898134161332, 0.000000000000000000, -0.9289565037496160249 ) ) ;
#7709 = ORIENTED_EDGE ( 'NONE', *, *, #534, .F. ) ;
#7710 = CARTESIAN_POINT ( 'NONE',  ( -93.77146716666022996, 14.09731887483147084, 335.1396633360756709 ) ) ;
#7711 = ORIENTED_EDGE ( 'NONE', *, *, #3993, .F. ) ;
#7712 = CARTESIAN_POINT ( 'NONE',  ( -143.1296887355808281, 96.15760284065278540, 244.8537575656291096 ) ) ;
#7713 = CARTESIAN_POINT ( 'NONE',  ( -29.19527642180868199, 38.29091974489357142, 357.7992227507938878 ) ) ;
#7714 = CARTESIAN_POINT ( 'NONE',  ( -86.62198976941226647, 140.9999999999999716, 335.3448099664433357 ) ) ;
#7715 = B_SPLINE_CURVE_WITH_KNOTS ( 'NONE', 3,
 ( #9325, #9237, #1675, #3896, #6978, #6218, #1628, #2383, #5448, #127 ),
 .UNSPECIFIED., .F., .F.,
 ( 4, 2, 2, 2, 4 ),
 ( 0.000000000000000000, 0.0004499120203529785914, 0.0008998240407059571828, 0.001349736061058935720, 0.001799648081411914366 ),
 .UNSPECIFIED. ) ;
#7716 = EDGE_CURVE ( 'NONE', #9407, #9164, #2361, .T. ) ;
#7717 = B_SPLINE_CURVE_WITH_KNOTS ( 'NONE', 3,
 ( #5652, #7231, #3338, #8724, #3539, #9694, #3389, #8674, #1777, #7911, #6416, #1830, #6470, #9537, #5709, #8781 ),
 .UNSPECIFIED., .F., .F.,
 ( 4, 2, 2, 2, 2, 2, 2, 4 ),
 ( 0.000000000000000000, 0.0008706511340400922404, 0.001741302268080184481, 0.002611953402120276938, 0.003482604536160368962, 0.004353255670200461419, 0.005223906804240553876, 0.006965209072320731852 ),
 .UNSPECIFIED. ) ;
#7718 = CARTESIAN_POINT ( 'NONE',  ( 143.4387144210988083, 93.37667091498003913, 273.5302006442148581 ) ) ;
#7719 = CARTESIAN_POINT ( 'NONE',  ( 1.009719629430382282E-25, 13.99999999999995737, 212.1999999999999602 ) ) ;
#7720 = CARTESIAN_POINT ( 'NONE',  ( 14.15471276382510979, 13.64729485387364250, 356.9256883679080943 ) ) ;
#7721 = EDGE_LOOP ( 'NONE', ( #6126, #799, #8388, #362 ) ) ;
#7722 = CARTESIAN_POINT ( 'NONE',  ( -155083.2021446296130, 140.9999999999999716, 389166.7397409625119 ) ) ;
#7723 = VERTEX_POINT ( 'NONE', #3229 ) ;
#7724 = CARTESIAN_POINT ( 'NONE',  ( 147.8961038961023462, 138.9999999999999432, 261.8260259576897511 ) ) ;
#7725 = CARTESIAN_POINT ( 'NONE',  ( 31.80758001477612851, 14.07318511451198084, 355.0990446601375083 ) ) ;
#7726 = CARTESIAN_POINT ( 'NONE',  ( -90.02128825932112477, 14.01371508861642745, 337.4751342430859609 ) ) ;
#7727 = DIRECTION ( 'NONE',  ( -6.938893903907222067E-15, 0.000000000000000000, -1.000000000000000000 ) ) ;
#7728 = ADVANCED_FACE ( 'NONE', ( #873 ), #819, .F. ) ;
#7729 = CARTESIAN_POINT ( 'NONE',  ( 78.59811682814998335, 38.96725544909578787, 334.0520137351038557 ) ) ;
#7730 = CARTESIAN_POINT ( 'NONE',  ( -113.3164786807395359, 14.11002274876270413, 304.8038090092285870 ) ) ;
#7731 = FACE_OUTER_BOUND ( 'NONE', #5617, .T. ) ;
#7732 = CARTESIAN_POINT ( 'NONE',  ( -143.4040466960718447, 15.99999999999995914, 244.5153120237268922 ) ) ;
#7733 = CARTESIAN_POINT ( 'NONE',  ( -145.9999999999968736, 87.15493271257520291, 244.5153120237268922 ) ) ;
#7734 = CARTESIAN_POINT ( 'NONE',  ( -93.87172936769897547, 13.99999999999995737, 333.8396633360762280 ) ) ;
#7735 = ORIENTED_EDGE ( 'NONE', *, *, #6456, .T. ) ;
#7736 = CARTESIAN_POINT ( 'NONE',  ( 142.8724412216576241, 95.72347456881790606, 245.5580555352311478 ) ) ;
#7737 = DIRECTION ( 'NONE',  ( -0.6953702961144937467, 0.5874160790835047941, 0.4140078517562233995 ) ) ;
#7738 = VERTEX_POINT ( 'NONE', #5551 ) ;
#7739 = EDGE_CURVE ( 'NONE', #2827, #9895, #4947, .T. ) ;
#7740 = AXIS2_PLACEMENT_3D ( 'NONE', #6419, #5604, #7914 ) ;
#7741 = CARTESIAN_POINT ( 'NONE',  ( 116.4307536479291940, 140.8935587074970783, 300.8511406450543291 ) ) ;
#7742 = CARTESIAN_POINT ( 'NONE',  ( 9.231344670718081957, 39.00000000350026141, 357.1999999991843424 ) ) ;
#7743 = ORIENTED_EDGE ( 'NONE', *, *, #793, .T. ) ;
#7744 = DIRECTION ( 'NONE',  ( 0.000000000000000000, -1.000000000000000000, 0.000000000000000000 ) ) ;
#7745 = AXIS2_PLACEMENT_3D ( 'NONE', #4520, #7591, #689 ) ;
#7746 = ORIENTED_EDGE ( 'NONE', *, *, #8820, .T. ) ;
#7747 = CARTESIAN_POINT ( 'NONE',  ( -231833.6779650998942, 13.99999999999995737, -99422.44752819823043 ) ) ;
#7748 = CARTESIAN_POINT ( 'NONE',  ( -1.634976541268320878E-13, 12.59513744369301946, 357.1939106405137636 ) ) ;
#7749 = CARTESIAN_POINT ( 'NONE',  ( -72.49968988383527346, 12.51856513593861031, 357.1360332975861525 ) ) ;
#7750 = ORIENTED_EDGE ( 'NONE', *, *, #6953, .T. ) ;
#7751 = ADVANCED_FACE ( 'NONE', ( #4051 ), #7028, .T. ) ;
#7752 = CIRCLE ( 'NONE', #5173, 1.999999999999988010 ) ;
#7753 = ORIENTED_EDGE ( 'NONE', *, *, #3166, .F. ) ;
#7754 = EDGE_CURVE ( 'NONE', #9559, #9465, #2531, .T. ) ;
#7755 = CYLINDRICAL_SURFACE ( 'NONE', #241, 0.6499999999999839240 ) ;
#7756 = VERTEX_POINT ( 'NONE', #7680 ) ;
#7757 = FACE_OUTER_BOUND ( 'NONE', #4777, .T. ) ;
#7758 = VERTEX_POINT ( 'NONE', #770 ) ;
#7759 = CARTESIAN_POINT ( 'NONE',  ( -137.5738367933188329, 50.12569140403513046, 258.0110934344205589 ) ) ;
#7760 = CARTESIAN_POINT ( 'NONE',  ( -1.156482317316858204E-13, 33.53476735677052289, 357.1999999999999886 ) ) ;
#7761 = CARTESIAN_POINT ( 'NONE',  ( 111.7844301505944031, 5.499999999999952927, 357.2000000000000455 ) ) ;
#7762 = CLOSED_SHELL ( 'NONE', ( #6539, #6139, #7077, #1217, #7348, #719, #4032, #5407, #9762, #1135, #5254, #6047, #7631, #9249, #3609, #5041, #7990, #9989, #6317, #8673, #2788, #3287, #8651, #9916, #3122, #4778, #5484, #5991, #4505, #2390, #3876, #3298, #6196, #9155, #5511, #8319, #1496, #4420, #4092, #5801, #9548, #3861, #4319, #8358, #461, #5883, #1966, #9104, #2174, #9892, #5103, #2801, #9644, #9329, #9761, #6509, #581, #6825, #2407, #7303, #9666, #92, #3027, #6329, #7728, #9275, #8889, #1398, #4603, #5082, #6852, #2721, #3260, #4306, #7854, #5214, #973, #9601, #948, #4169, #9186, #374, #8539, #1959, #8498, #5280, #2865, #4615, #2364, #48, #8182, #9423, #8268, #7696, #555, #8569, #5009, #4946, #7574, #815, #8987, #6377, #8710, #3848, #3708, #2537, #5440, #5131, #1839, #8602, #9436, #2408, #5573, #610, #7815, #3553, #2734, #7356, #4790, #2596, #5497, #518, #2744, #4668, #7044, #1269, #3109, #1656, #3967, #2051, #1372, #7017, #3177, #7751, #9877, #818, #5543, #2677, #6397, #2644, #2199, #1281, #9470, #4199, #8381, #2307, #1553, #1927, #6765, #5626, #1686, #4701, #4911, #3366, #8723, #327, #3462, #4824, #440, #627, #8519, #4211, #8054, #3768, #9020, #8785, #7081, #6924, #5530, #9773, #5688, #4045, #4482, #3155, #6245, #8230, #6238, #4919, #6983, #3233, #496, #7614, #8156, #4480, #9069, #7435, #830, #4552, #1312, #3744, #6632, #4719, #4882, #8242, #9379, #9438, #2211, #1166, #1699, #9471, #5546, #8027, #4024, #2548, #6496, #924, #35, #5378, #6775, #7257, #8808, #2638, #7508, #3402, #892, #7355, #519, #8179, #7238, #1849, #2927, #2875, #651, #5091, #2842, #6289, #7862, #7767, #5202, #3813, #2514, #7919, #9339, #3802, #1983, #4106, #6521, #6420, #299, #4276, #5120, #1347, #1226, #9289, #219, #6442, #6678, #9283 ) ) ;
#7763 = CARTESIAN_POINT ( 'NONE',  ( 141.0335869043193782, 90.23096094454625415, 278.8747880754170296 ) ) ;
#7764 = ORIENTED_EDGE ( 'NONE', *, *, #7658, .F. ) ;
#7765 = CARTESIAN_POINT ( 'NONE',  ( 58.81260003357788690, 6.412818105580915251, 386.2930708134961719 ) ) ;
#7766 = CARTESIAN_POINT ( 'NONE',  ( 2.828329416802669805, 13.92542005435768537, 357.1837664308903300 ) ) ;
#7767 = ADVANCED_FACE ( 'NONE', ( #1978 ), #1179, .T. ) ;
#7768 = ORIENTED_EDGE ( 'NONE', *, *, #4985, .T. ) ;
#7769 = EDGE_CURVE ( 'NONE', #9465, #3843, #2851, .T. ) ;
#7770 = VERTEX_POINT ( 'NONE', #5054 ) ;
#7771 = DIRECTION ( 'NONE',  ( 0.5423039920575077888, -0.8401823493733314718, 0.000000000000000000 ) ) ;
#7772 = CARTESIAN_POINT ( 'NONE',  ( 30.52581255260437842, 14.22802713107516226, 354.9826700022478008 ) ) ;
#7773 = AXIS2_PLACEMENT_3D ( 'NONE', #516, #574, #9125 ) ;
#7774 = CARTESIAN_POINT ( 'NONE',  ( -63.98931808990486303, 37.00000000000337508, 354.4721588027290977 ) ) ;
#7775 = VECTOR ( 'NONE', #3531, 1000.000000000000000 ) ;
#7776 = DIRECTION ( 'NONE',  ( 0.000000000000000000, 0.000000000000000000, 1.000000000000000000 ) ) ;
#7777 = CARTESIAN_POINT ( 'NONE',  ( -33.59538806883445972, 15.99999999999995914, 353.2544217687074024 ) ) ;
#7778 = CARTESIAN_POINT ( 'NONE',  ( -113.3841622132047604, 14.15872189199229503, 304.5214019825437504 ) ) ;
#7779 = AXIS2_PLACEMENT_3D ( 'NONE', #5319, #3199, #3820 ) ;
#7780 = CARTESIAN_POINT ( 'NONE',  ( -73.54473830627975417, 13.99999999999995737, 355.1999999999999318 ) ) ;
#7781 = EDGE_CURVE ( 'NONE', #8911, #2618, #8879, .T. ) ;
#7782 = CYLINDRICAL_SURFACE ( 'NONE', #2769, 0.6499999999999839240 ) ;
#7783 = EDGE_CURVE ( 'NONE', #3378, #9590, #5110, .T. ) ;
#7784 = CARTESIAN_POINT ( 'NONE',  ( 147.5733294486089449, 54.35235729718996822, 262.7779560219788664 ) ) ;
#7785 = VERTEX_POINT ( 'NONE', #8122 ) ;
#7786 = CARTESIAN_POINT ( 'NONE',  ( -140.6077024011460708, 89.67454962441351540, 247.6189223411975036 ) ) ;
#7787 = CARTESIAN_POINT ( 'NONE',  ( -147.8182845868514903, 53.00099095900216639, 262.0579440374469868 ) ) ;
#7788 = AXIS2_PLACEMENT_3D ( 'NONE', #7369, #8929, #3533 ) ;
#7789 = FACE_OUTER_BOUND ( 'NONE', #596, .T. ) ;
#7790 = DIRECTION ( 'NONE',  ( -1.000000000000000000, 0.000000000000000000, -7.975740119433571921E-16 ) ) ;
#7791 = FACE_OUTER_BOUND ( 'NONE', #2235, .T. ) ;
#7792 = VECTOR ( 'NONE', #1773, 1000.000000000000227 ) ;
#7793 = CARTESIAN_POINT ( 'NONE',  ( 117.0858108445261507, 140.9999999999999716, 301.0814541897230470 ) ) ;
#7794 = B_SPLINE_CURVE_WITH_KNOTS ( 'NONE', 3,
 ( #7209, #4984, #5528, #9408, #3313, #8653, #5628, #4128, #1803, #8042, #6443, #4881, #4175, #9512, #3982, #4934 ),
 .UNSPECIFIED., .F., .F.,
 ( 4, 2, 2, 2, 2, 2, 2, 4 ),
 ( 0.000000000000000000, 0.0002729571948289120052, 0.0005459143896578240104, 0.0008188715844867360157, 0.001091828779315648021, 0.001637743168973594329, 0.001910700363802558810, 0.002183657558631522857 ),
 .UNSPECIFIED. ) ;
#7795 = CARTESIAN_POINT ( 'NONE',  ( 28.79806177661363975, 36.99999999999997868, 354.3114760950372215 ) ) ;
#7796 = ORIENTED_EDGE ( 'NONE', *, *, #3780, .T. ) ;
#7797 = DIRECTION ( 'NONE',  ( 0.000000000000000000, 0.000000000000000000, 1.000000000000000000 ) ) ;
#7798 = CIRCLE ( 'NONE', #4417, 0.6499999999999839240 ) ;
#7799 = EDGE_CURVE ( 'NONE', #5982, #7877, #292, .T. ) ;
#7800 = ORIENTED_EDGE ( 'NONE', *, *, #6619, .T. ) ;
#7801 = CARTESIAN_POINT ( 'NONE',  ( -78.24546576347130156, 38.99999999999995737, 336.4920316483832607 ) ) ;
#7802 = CARTESIAN_POINT ( 'NONE',  ( 12.55235392492846813, 14.72952968553214781, 356.7130810347233023 ) ) ;
#7803 = CARTESIAN_POINT ( 'NONE',  ( 72.45484802287059267, 12.47760757090911810, 357.2000000000000455 ) ) ;
#7804 = CARTESIAN_POINT ( 'NONE',  ( -76.75871719517863312, 13.87092234911236233, 356.4944356576808104 ) ) ;
#7805 = CIRCLE ( 'NONE', #4908, 2.000000000000001776 ) ;
#7806 = EDGE_CURVE ( 'NONE', #7300, #8923, #4137, .T. ) ;
#7807 = SPHERICAL_SURFACE ( 'NONE', #6194, 2.000000000000000000 ) ;
#7808 = SPHERICAL_SURFACE ( 'NONE', #2000, 2.000000000000000000 ) ;
#7809 = ORIENTED_EDGE ( 'NONE', *, *, #6948, .F. ) ;
#7810 = CARTESIAN_POINT ( 'NONE',  ( 113.9824199850091162, 13.99999999999995737, 304.8140986442904250 ) ) ;
#7811 = ORIENTED_EDGE ( 'NONE', *, *, #8596, .F. ) ;
#7812 = DIRECTION ( 'NONE',  ( 0.000000000000000000, 0.000000000000000000, 1.000000000000000000 ) ) ;
#7813 = CARTESIAN_POINT ( 'NONE',  ( 85.99958490033021974, 14.13886130773552807, 330.5091708580026193 ) ) ;
#7814 = CARTESIAN_POINT ( 'NONE',  ( 90.49371913728549544, 13.99999999999995737, 337.0100562055619093 ) ) ;
#7815 = ADVANCED_FACE ( 'NONE', ( #1228 ), #2639, .F. ) ;
#7816 = CARTESIAN_POINT ( 'NONE',  ( 141.0953318915878754, 90.98891545528829283, 278.7440505706608747 ) ) ;
#7817 = DIRECTION ( 'NONE',  ( -0.000000000000000000, 1.000000000000000000, -0.000000000000000000 ) ) ;
#7818 = DIRECTION ( 'NONE',  ( -0.000000000000000000, 1.000000000000000000, 0.000000000000000000 ) ) ;
#7819 = ORIENTED_EDGE ( 'NONE', *, *, #9610, .F. ) ;
#7820 = CARTESIAN_POINT ( 'NONE',  ( 136.3689859171787759, 52.25532796436273486, 261.4810712853217751 ) ) ;
#7821 = DIRECTION ( 'NONE',  ( 0.000000000000000000, 0.000000000000000000, 1.000000000000000000 ) ) ;
#7822 = CARTESIAN_POINT ( 'NONE',  ( -140.3837812090740442, 92.43900867565163537, 248.4959222701783403 ) ) ;
#7823 = AXIS2_PLACEMENT_3D ( 'NONE', #8450, #1408, #2303 ) ;
#7824 = CARTESIAN_POINT ( 'NONE',  ( 80.41634012664614772, 39.08978829075341821, 332.8574950260036189 ) ) ;
#7825 = CARTESIAN_POINT ( 'NONE',  ( 141.7955636009248792, 98.37148522368129022, 242.5153120237258406 ) ) ;
#7826 = CYLINDRICAL_SURFACE ( 'NONE', #1618, 0.6499999999999839240 ) ;
#7827 = CARTESIAN_POINT ( 'NONE',  ( -140.6088538743322545, 95.85899922207032375, 247.6143498219882702 ) ) ;
#7828 = DIRECTION ( 'NONE',  ( 0.000000000000000000, 1.000000000000000000, 0.000000000000000000 ) ) ;
#7829 = EDGE_LOOP ( 'NONE', ( #514, #9886, #1120, #5479 ) ) ;
#7830 = CARTESIAN_POINT ( 'NONE',  ( -143.0591366950147858, 89.46833261548518124, 245.0492369591269153 ) ) ;
#7831 = CARTESIAN_POINT ( 'NONE',  ( 13.51427730100889946, 14.13620236103759531, 356.7681629425558754 ) ) ;
#7832 = DIRECTION ( 'NONE',  ( -0.000000000000000000, 1.000000000000000000, -0.000000000000000000 ) ) ;
#7833 = EDGE_CURVE ( 'NONE', #4876, #2542, #7607, .T. ) ;
#7834 = CARTESIAN_POINT ( 'NONE',  ( 67.66202709965682516, 31.65150561223341441, 353.3784615322081208 ) ) ;
#7835 = CIRCLE ( 'NONE', #5913, 0.6499999999999839240 ) ;
#7836 = DIRECTION ( 'NONE',  ( 0.000000000000000000, 0.000000000000000000, 1.000000000000000000 ) ) ;
#7837 = EDGE_LOOP ( 'NONE', ( #6881, #6546, #613, #9988 ) ) ;
#7838 = PLANE ( 'NONE',  #3409 ) ;
#7839 = ORIENTED_EDGE ( 'NONE', *, *, #2722, .T. ) ;
#7840 = CARTESIAN_POINT ( 'NONE',  ( -147.7491795119496771, 60.68095746693180104, 262.2621228622784315 ) ) ;
#7841 = CARTESIAN_POINT ( 'NONE',  ( 5.855269455602543083, 14.47065235937676064, 357.1090473335369779 ) ) ;
#7842 = CARTESIAN_POINT ( 'NONE',  ( -9.800232258712345157, 13.48684012587543002, 357.1125983625225331 ) ) ;
#7843 = ORIENTED_EDGE ( 'NONE', *, *, #9137, .F. ) ;
#7844 = EDGE_CURVE ( 'NONE', #7284, #9793, #1090, .T. ) ;
#7845 = ORIENTED_EDGE ( 'NONE', *, *, #7646, .F. ) ;
#7846 = DIRECTION ( 'NONE',  ( 0.000000000000000000, -1.000000000000000000, 0.000000000000000000 ) ) ;
#7847 = CARTESIAN_POINT ( 'NONE',  ( -80.88435374146619949, 40.99999999999995737, 332.5441785871894353 ) ) ;
#7848 = EDGE_LOOP ( 'NONE', ( #1354, #7904, #9361 ) ) ;
#7849 = DIRECTION ( 'NONE',  ( -0.000000000000000000, 1.000000000000000000, 0.000000000000000000 ) ) ;
#7850 = ORIENTED_EDGE ( 'NONE', *, *, #4454, .F. ) ;
#7851 = CARTESIAN_POINT ( 'NONE',  ( -7.455887089211397090, 14.11329422008661716, 357.0706654994189080 ) ) ;
#7852 = CARTESIAN_POINT ( 'NONE',  ( 29.19527642180833382, 38.29091974489356431, 357.7992227507939447 ) ) ;
#7853 = CARTESIAN_POINT ( 'NONE',  ( -147.4006655782689279, 56.99999999999995737, 263.2787997811549872 ) ) ;
#7854 = ADVANCED_FACE ( 'NONE', ( #4849 ), #8831, .F. ) ;
#7855 = CARTESIAN_POINT ( 'NONE',  ( 122.8308900433873845, 140.9814045698091149, 305.5941864384025735 ) ) ;
#7856 = CARTESIAN_POINT ( 'NONE',  ( 139.4492103903031364, 62.71273097071662761, 251.9376421973494757 ) ) ;
#7857 = CARTESIAN_POINT ( 'NONE',  ( 141.1095033770964164, 87.71863940007111182, 245.5644121575224403 ) ) ;
#7858 = CYLINDRICAL_SURFACE ( 'NONE', #9896, 0.6499999999999839240 ) ;
#7859 = ORIENTED_EDGE ( 'NONE', *, *, #4179, .T. ) ;
#7860 = EDGE_LOOP ( 'NONE', ( #5129, #3987, #9689, #8962 ) ) ;
#7861 = CARTESIAN_POINT ( 'NONE',  ( 135.7054022982014487, 56.52424707619699262, 263.2787997811547598 ) ) ;
#7862 = ADVANCED_FACE ( 'NONE', ( #2583 ), #471, .F. ) ;
#7863 = DIRECTION ( 'NONE',  ( 1.000000000000000000, 0.000000000000000000, 0.000000000000000000 ) ) ;
#7864 = CARTESIAN_POINT ( 'NONE',  ( -141.3826629717633523, 87.22649049189591608, 244.3876513653506777 ) ) ;
#7865 = CARTESIAN_POINT ( 'NONE',  ( 79.99999999996880717, 40.99999999999995737, 333.1385603154924979 ) ) ;
#7866 = CARTESIAN_POINT ( 'NONE',  ( 145.9999999999984936, 15.99999999999995914, 261.1897948556680831 ) ) ;
#7867 = DIRECTION ( 'NONE',  ( -0.000000000000000000, 1.000000000000000000, -0.000000000000000000 ) ) ;
#7868 = FACE_OUTER_BOUND ( 'NONE', #9013, .T. ) ;
#7869 = EDGE_CURVE ( 'NONE', #8438, #9411, #7717, .T. ) ;
#7870 = ORIENTED_EDGE ( 'NONE', *, *, #2904, .F. ) ;
#7871 = CARTESIAN_POINT ( 'NONE',  ( -21.42531749527380569, 13.71851969915674196, 356.5679281285013076 ) ) ;
#7872 = CARTESIAN_POINT ( 'NONE',  ( 11.27004537985519583, 14.40598421814891239, 356.8522563694955920 ) ) ;
#7873 = DIRECTION ( 'NONE',  ( 0.000000000000000000, 0.000000000000000000, 1.000000000000000000 ) ) ;
#7874 = CARTESIAN_POINT ( 'NONE',  ( 146.0000000000150067, 15.99999999999995914, 244.5153120237258690 ) ) ;
#7875 = CARTESIAN_POINT ( 'NONE',  ( -147.9999999999969305, 61.79954080172704778, 261.4210267122996356 ) ) ;
#7876 = FACE_OUTER_BOUND ( 'NONE', #4407, .T. ) ;
#7877 = VERTEX_POINT ( 'NONE', #1885 ) ;
#7878 = CARTESIAN_POINT ( 'NONE',  ( -114.3850335512113645, 140.9948977471852913, 304.3038023418249622 ) ) ;
#7879 = ORIENTED_EDGE ( 'NONE', *, *, #6648, .F. ) ;
#7880 = CARTESIAN_POINT ( 'NONE',  ( -129.5415099459463306, 93.00463079912043440, 277.3463511474150778 ) ) ;
#7881 = EDGE_CURVE ( 'NONE', #55, #8390, #2539, .T. ) ;
#7882 = CARTESIAN_POINT ( 'NONE',  ( -1.522939453766362151E-13, 14.00530734089621987, 357.1965594745366843 ) ) ;
#7883 = CIRCLE ( 'NONE', #2581, 156.0000000000000000 ) ;
#7884 = CARTESIAN_POINT ( 'NONE',  ( -1.665334536937734811E-13, 11.99999999999995914, 357.1999999999999886 ) ) ;
#7885 = CARTESIAN_POINT ( 'NONE',  ( -72.16251146341554090, 13.50677362262636549, 356.5216535021195341 ) ) ;
#7886 = ORIENTED_EDGE ( 'NONE', *, *, #935, .F. ) ;
#7887 = CIRCLE ( 'NONE', #1782, 0.6499999999999839240 ) ;
#7888 = FACE_OUTER_BOUND ( 'NONE', #6907, .T. ) ;
#7889 = CARTESIAN_POINT ( 'NONE',  ( 63.98931808990577963, 36.99999999999995026, 354.4721588027286998 ) ) ;
#7890 = ORIENTED_EDGE ( 'NONE', *, *, #4879, .F. ) ;
#7891 = EDGE_CURVE ( 'NONE', #7284, #6893, #4959, .T. ) ;
#7892 = CARTESIAN_POINT ( 'NONE',  ( 140.7714180726205200, 92.99739277703579887, 246.9966420798435820 ) ) ;
#7893 = VERTEX_POINT ( 'NONE', #8267 ) ;
#7894 = CARTESIAN_POINT ( 'NONE',  ( -12.40744789893019018, 14.31550312339473585, 356.7924003296919295 ) ) ;
#7895 = FACE_OUTER_BOUND ( 'NONE', #717, .T. ) ;
#7896 = DIRECTION ( 'NONE',  ( 0.000000000000000000, 0.000000000000000000, 1.000000000000000000 ) ) ;
#7897 = VECTOR ( 'NONE', #2209, 1000.000000000000000 ) ;
#7898 = CARTESIAN_POINT ( 'NONE',  ( -94.53007131689538767, 14.10057538173600200, 334.5718945043715848 ) ) ;
#7899 = ORIENTED_EDGE ( 'NONE', *, *, #1112, .T. ) ;
#7900 = VECTOR ( 'NONE', #3293, 1000.000000000000227 ) ;
#7901 = CIRCLE ( 'NONE', #3728, 2.000000000000007105 ) ;
#7902 = CARTESIAN_POINT ( 'NONE',  ( 137.1402158381526988, 63.39690664211290994, 259.2931120495931054 ) ) ;
#7903 = CARTESIAN_POINT ( 'NONE',  ( 5.676462121975289321, 11.99999999999995914, 357.1999999999999886 ) ) ;
#7904 = ORIENTED_EDGE ( 'NONE', *, *, #3207, .T. ) ;
#7905 = EDGE_CURVE ( 'NONE', #4868, #4795, #8811, .T. ) ;
#7906 = CARTESIAN_POINT ( 'NONE',  ( 73.54079135842437154, 15.49465759536807674, 359.3353448211855721 ) ) ;
#7907 = VERTEX_POINT ( 'NONE', #8169 ) ;
#7908 = CARTESIAN_POINT ( 'NONE',  ( 136.1169734556139304, 53.18598735283629964, 262.1718813338571863 ) ) ;
#7909 = FACE_OUTER_BOUND ( 'NONE', #7024, .T. ) ;
#7910 = DIRECTION ( 'NONE',  ( 0.000000000000000000, 0.000000000000000000, 1.000000000000000000 ) ) ;
#7911 = CARTESIAN_POINT ( 'NONE',  ( -81.55980925783907765, 37.87823026431085083, 345.1813843842694496 ) ) ;
#7912 = CIRCLE ( 'NONE', #4707, 2.000000000000001776 ) ;
#7913 = CARTESIAN_POINT ( 'NONE',  ( 93.87172936769897547, 13.99999999999995737, 334.4896633360762053 ) ) ;
#7914 = DIRECTION ( 'NONE',  ( 0.000000000000000000, 0.000000000000000000, 1.000000000000000000 ) ) ;
#7915 = CARTESIAN_POINT ( 'NONE',  ( -10.78626665201910839, 15.71096534891399443, 356.8057857302295588 ) ) ;
#7916 = DIRECTION ( 'NONE',  ( -0.7947073131052393435, 1.734723475976801770E-15, -0.6069928224427793007 ) ) ;
#7917 = CARTESIAN_POINT ( 'NONE',  ( -86.12827063230193403, 13.99999999999995737, 331.1591708579985607 ) ) ;
#7918 = AXIS2_PLACEMENT_3D ( 'NONE', #1884, #423, #6616 ) ;
#7919 = ADVANCED_FACE ( 'NONE', ( #4490 ), #5564, .T. ) ;
#7920 = VECTOR ( 'NONE', #5252, 999.9999999999998863 ) ;
#7921 = VERTEX_POINT ( 'NONE', #5026 ) ;
#7922 = CARTESIAN_POINT ( 'NONE',  ( -32.43675503355285628, 14.14954927760450687, 354.7862808397832737 ) ) ;
#7923 = CARTESIAN_POINT ( 'NONE',  ( 19.55584762785941066, 13.91089071825026124, 356.4945434346138313 ) ) ;
#7924 = AXIS2_PLACEMENT_3D ( 'NONE', #722, #2226, #6057 ) ;
#7925 = DIRECTION ( 'NONE',  ( 0.1171433740337050750, 0.000000000000000000, -0.9931150134400341667 ) ) ;
#7926 = CIRCLE ( 'NONE', #6331, 0.6499999999999839240 ) ;
#7927 = EDGE_CURVE ( 'NONE', #2829, #7150, #3137, .T. ) ;
#7928 = CARTESIAN_POINT ( 'NONE',  ( -128.7613009995557150, 89.71518414309225875, 278.8747880754170865 ) ) ;
#7929 = VECTOR ( 'NONE', #702, 1000.000000000000000 ) ;
#7930 = ORIENTED_EDGE ( 'NONE', *, *, #5962, .T. ) ;
#7931 = CARTESIAN_POINT ( 'NONE',  ( -80.21313442345069689, 21.59578983019099141, 345.9978519798270895 ) ) ;
#7932 = CARTESIAN_POINT ( 'NONE',  ( 74.95895186863451443, 16.91281810558094278, 356.2801680916041960 ) ) ;
#7933 = ORIENTED_EDGE ( 'NONE', *, *, #5235, .T. ) ;
#7934 = CIRCLE ( 'NONE', #7158, 2.000000000000013767 ) ;
#7935 = DIRECTION ( 'NONE',  ( -0.6069928224514459236, 5.620383070351132509E-15, -0.7947073130986196388 ) ) ;
#7936 = CARTESIAN_POINT ( 'NONE',  ( 8.675572683766640480, 15.47087117500855769, 356.9645654497055602 ) ) ;
#7937 = CARTESIAN_POINT ( 'NONE',  ( 83.03395133718120746, 40.43182914289440788, 344.2657713060630726 ) ) ;
#7938 = CARTESIAN_POINT ( 'NONE',  ( -73.57672502578945739, 15.92636535083824789, 358.9234750958397626 ) ) ;
#7939 = VERTEX_POINT ( 'NONE', #4221 ) ;
#7940 = AXIS2_PLACEMENT_3D ( 'NONE', #7962, #7322, #6565 ) ;
#7941 = EDGE_CURVE ( 'NONE', #184, #6593, #4326, .T. ) ;
#7942 = AXIS2_PLACEMENT_3D ( 'NONE', #166, #5392, #6305 ) ;
#7943 = ORIENTED_EDGE ( 'NONE', *, *, #1575, .T. ) ;
#7944 = CARTESIAN_POINT ( 'NONE',  ( 77.99999999996879296, 13.99999999999995737, 352.1416959726479945 ) ) ;
#7945 = CARTESIAN_POINT ( 'NONE',  ( -79.99999999996914823, 40.82703987607953167, 342.5533658944219724 ) ) ;
#7946 = ORIENTED_EDGE ( 'NONE', *, *, #3124, .F. ) ;
#7947 = AXIS2_PLACEMENT_3D ( 'NONE', #8634, #3246, #936 ) ;
#7948 = CARTESIAN_POINT ( 'NONE',  ( 140.7984417989250403, 91.82456964667993304, 246.8858879945590559 ) ) ;
#7949 = ORIENTED_EDGE ( 'NONE', *, *, #3041, .F. ) ;
#7950 = CARTESIAN_POINT ( 'NONE',  ( -30.87936594042013638, 14.75140472347296416, 354.3318347401111055 ) ) ;
#7951 = CARTESIAN_POINT ( 'NONE',  ( 113.4498046996356635, 14.01743764612321996, 305.2136398851434933 ) ) ;
#7952 = DIRECTION ( 'NONE',  ( -0.8547819248676729043, 0.000000000000000000, 0.5189873417719513826 ) ) ;
#7954 = EDGE_CURVE ( 'NONE', #6843, #96, #8423, .T. ) ;
#7953 = VECTOR ( 'NONE', #2689, 1000.000000000000000 ) ;
#7955 = EDGE_CURVE ( 'NONE', #7199, #993, #452, .T. ) ;
#7956 = CARTESIAN_POINT ( 'NONE',  ( -141.6549020520086799, 92.84941846243113162, 277.5446761649566838 ) ) ;
#7957 = ORIENTED_EDGE ( 'NONE', *, *, #4504, .T. ) ;
#7958 = CARTESIAN_POINT ( 'NONE',  ( -94.53318629060532885, 140.9343546744299545, 334.4340821784035711 ) ) ;
#7959 = CARTESIAN_POINT ( 'NONE',  ( 10.10502247018824740, 12.55488148888987254, 357.2021150052748908 ) ) ;
#7960 = CARTESIAN_POINT ( 'NONE',  ( 93.87172936769897547, 14.11933619030565801, 335.1396633360761825 ) ) ;
#7961 = ORIENTED_EDGE ( 'NONE', *, *, #8771, .T. ) ;
#7962 = CARTESIAN_POINT ( 'NONE',  ( -148.0000000000245848, 87.15493271257436447, 244.5153120237232258 ) ) ;
#7963 = VERTEX_POINT ( 'NONE', #447 ) ;
#7964 = CARTESIAN_POINT ( 'NONE',  ( 143.4040466960721290, 15.99999999999995914, 244.5153120237258406 ) ) ;
#7965 = CARTESIAN_POINT ( 'NONE',  ( -350244.6547929365188, 140.9999999999999716, -50633.02266581427830 ) ) ;
#7966 = SPHERICAL_SURFACE ( 'NONE', #1814, 2.000000000000000000 ) ;
#7967 = CARTESIAN_POINT ( 'NONE',  ( 59.17157287522110209, 5.499999999999989342, 382.8913526958625653 ) ) ;
#7968 = EDGE_CURVE ( 'NONE', #2566, #9257, #9455, .T. ) ;
#7969 = CARTESIAN_POINT ( 'NONE',  ( 9.813253070624060825, 34.82568710166408010, 360.7275883647905630 ) ) ;
#7970 = CARTESIAN_POINT ( 'NONE',  ( -114.9868182377820887, 14.00579224056891192, 303.5410647534524742 ) ) ;
#7971 = CARTESIAN_POINT ( 'NONE',  ( 142.3237929599654592, 86.33903120555717692, 276.0748878949702885 ) ) ;
#7972 = CARTESIAN_POINT ( 'NONE',  ( -141.3839593040542866, 98.30124681453098390, 244.3818986962677684 ) ) ;
#7973 = CARTESIAN_POINT ( 'NONE',  ( -145.9999999999969305, 140.9999999999999716, 261.1897948556726874 ) ) ;
#7974 = CARTESIAN_POINT ( 'NONE',  ( 143.2647191973186978, 89.21371874522634471, 244.4741714164230473 ) ) ;
#7975 = ORIENTED_EDGE ( 'NONE', *, *, #913, .F. ) ;
#7976 = CARTESIAN_POINT ( 'NONE',  ( -141.0866566420270942, 89.88694389215459069, 245.6807184940949753 ) ) ;
#7977 = CARTESIAN_POINT ( 'NONE',  ( -30.12050011763750490, 13.79911275648873747, 356.1041485325083613 ) ) ;
#7978 = CARTESIAN_POINT ( 'NONE',  ( 33.96766885589405405, 13.67729450463940388, 356.2872691410692028 ) ) ;
#7979 = AXIS2_PLACEMENT_3D ( 'NONE', #3788, #8408, #6094 ) ;
#7980 = LINE ( 'NONE', #5721, #132 ) ;
#7981 = EDGE_CURVE ( 'NONE', #7259, #3223, #8189, .T. ) ;
#7982 = CARTESIAN_POINT ( 'NONE',  ( 79.99999999996879296, 40.99999999999995026, 334.2040982918406371 ) ) ;
#7983 = CARTESIAN_POINT ( 'NONE',  ( -138.4421085594225360, 64.06212941675238426, 255.3161496781252140 ) ) ;
#7984 = EDGE_LOOP ( 'NONE', ( #7518, #9058, #7560, #6348, #3001, #302, #9397, #7307, #557, #2823, #6258, #343, #1034, #6341, #8915 ) ) ;
#7985 = CARTESIAN_POINT ( 'NONE',  ( -141.7955636009082809, 87.15493271257520291, 242.5153120237268922 ) ) ;
#7986 = DIRECTION ( 'NONE',  ( -0.8299598523254472227, 0.000000000000000000, 0.5578231292514875816 ) ) ;
#7987 = ORIENTED_EDGE ( 'NONE', *, *, #1147, .F. ) ;
#7988 = CARTESIAN_POINT ( 'NONE',  ( -122.4719173089534650, 14.11444888438858491, 306.6769527474413053 ) ) ;
#7989 = CARTESIAN_POINT ( 'NONE',  ( 18.77849765432789653, 15.64205915025718774, 356.0198320566936445 ) ) ;
#7990 = ADVANCED_FACE ( 'NONE', ( #1908 ), #3469, .F. ) ;
#7991 = CARTESIAN_POINT ( 'NONE',  ( 79.45086462430555230, 39.61698363173471193, 343.2379733640751169 ) ) ;
#7992 = CARTESIAN_POINT ( 'NONE',  ( 147.4550565649478813, 58.53511154849224596, 263.1216133554660814 ) ) ;
#7993 = ORIENTED_EDGE ( 'NONE', *, *, #879, .F. ) ;
#7994 = VECTOR ( 'NONE', #425, 1000.000000000000000 ) ;
#7995 = ORIENTED_EDGE ( 'NONE', *, *, #7625, .F. ) ;
#7996 = CARTESIAN_POINT ( 'NONE',  ( 0.000000000000000000, 36.99999999999995026, 212.1999999999999602 ) ) ;
#7997 = CARTESIAN_POINT ( 'NONE',  ( 61.61575490295718538, 37.91281810558092502, 356.0033129380125274 ) ) ;
#7998 = ORIENTED_EDGE ( 'NONE', *, *, #6799, .T. ) ;
#7999 = CARTESIAN_POINT ( 'NONE',  ( 147.8961038961023462, 61.30335177635497956, 261.8260259576897511 ) ) ;
#8000 = CARTESIAN_POINT ( 'NONE',  ( 140.5285280750277366, 95.28430233316862541, 247.9317622208473892 ) ) ;
#8001 = EDGE_LOOP ( 'NONE', ( #572, #2259, #1103 ) ) ;
#8002 = CARTESIAN_POINT ( 'NONE',  ( -6.520165573459991037, 14.14990507535019226, 357.0997740779922083 ) ) ;
#8003 = EDGE_LOOP ( 'NONE', ( #9099, #1801, #3089, #4044 ) ) ;
#8004 = CARTESIAN_POINT ( 'NONE',  ( 72.63052788179501817, 13.99999999999996447, 355.7984664753531092 ) ) ;
#8005 = CARTESIAN_POINT ( 'NONE',  ( 143.4040466960721290, 140.9999999999999716, 244.5153120237258406 ) ) ;
#8006 =( BOUNDED_SURFACE ( )  B_SPLINE_SURFACE ( 3, 2, ( 
 ( #590, #9614, #2890 ),
 ( #9765, #6739, #541 ),
 ( #489, #5966, #8033 ),
 ( #3559, #1146, #3461 ),
 ( #2706, #8849, #1945 ),
 ( #8085, #1245, #6638 ),
 ( #4322, #4563, #9862 ),
 ( #4662, #7536, #5306 ),
 ( #1487, #8330, #778 ),
 ( #2936, #6064, #7580 ) ),
 .UNSPECIFIED., .F., .F., .T. ) 
 B_SPLINE_SURFACE_WITH_KNOTS ( ( 4, 2, 2, 2, 4 ),
 ( 3, 3 ),
 ( 0.003712759674873014181, 0.004679687413171151021, 0.005646615151469288295, 0.006613542889767424701, 0.007580470628065561975 ),
 ( 0.000000000000000000, 1.000000000000000000 ),
 .UNSPECIFIED. ) 
 GEOMETRIC_REPRESENTATION_ITEM ( )  RATIONAL_B_SPLINE_SURFACE ( (
 ( 1.000000000000000000, 0.8714893406611253779, 1.000000000000000000),
 ( 1.000000000000000000, 0.8813895104102279499, 1.000000000000000000),
 ( 1.000000000000000000, 0.8909050239753733003, 1.000000000000000000),
 ( 1.000000000000000000, 0.9086701766540312697, 1.000000000000000000),
 ( 1.000000000000000000, 0.9170379677575326571, 1.000000000000000000),
 ( 1.000000000000000000, 0.9320174634117004420, 1.000000000000000000),
 ( 1.000000000000000000, 0.9385950603679429349, 1.000000000000000000),
 ( 1.000000000000000000, 0.9493599815980484635, 1.000000000000000000),
 ( 1.000000000000000000, 0.9534550093668942017, 1.000000000000000000),
 ( 1.000000000000000000, 0.9554575328228925857, 1.000000000000000000) ) ) 
 REPRESENTATION_ITEM ( '' )  SURFACE ( )  );
#8007 = ORIENTED_EDGE ( 'NONE', *, *, #6526, .T. ) ;
#8008 = CARTESIAN_POINT ( 'NONE',  ( -94.36080012195637323, 140.8248898758153871, 334.9387416246932503 ) ) ;
#8009 = CARTESIAN_POINT ( 'NONE',  ( 9.569083622215659446, 13.26091019583289921, 357.1626762055731774 ) ) ;
#8010 = CARTESIAN_POINT ( 'NONE',  ( -145.9999999999968736, 138.9999999999999432, 244.5153120237268922 ) ) ;
#8011 = ORIENTED_EDGE ( 'NONE', *, *, #9591, .T. ) ;
#8012 = DIRECTION ( 'NONE',  ( 2.081668171172166620E-14, 0.000000000000000000, 1.000000000000000000 ) ) ;
#8013 = ORIENTED_EDGE ( 'NONE', *, *, #2418, .T. ) ;
#8014 = CARTESIAN_POINT ( 'NONE',  ( 137.4266481210465258, 50.25783698399919786, 258.4505646007575592 ) ) ;
#8015 = CARTESIAN_POINT ( 'NONE',  ( 77.99999999987039700, 40.99999999999995026, 291567.4688076509628 ) ) ;
#8016 = EDGE_CURVE ( 'NONE', #7309, #8775, #1295, .T. ) ;
#8017 = CARTESIAN_POINT ( 'NONE',  ( -121.9214080791437453, 140.9938369952527353, 306.5372490499980813 ) ) ;
#8018 = CARTESIAN_POINT ( 'NONE',  ( 89.09054393444850461, 140.8369174540706297, 328.1306795595754693 ) ) ;
#8019 = DIRECTION ( 'NONE',  ( 4.214535464159797412E-12, 0.7637941823953563469, -0.6454598724467769388 ) ) ;
#8020 = CARTESIAN_POINT ( 'NONE',  ( -5.623946089960212724, 15.99999999999995914, 357.0977246745366074 ) ) ;
#8021 = CARTESIAN_POINT ( 'NONE',  ( -81.99999999996916245, 140.9999999999999716, 342.5533658944219724 ) ) ;
#8022 = FACE_OUTER_BOUND ( 'NONE', #4726, .T. ) ;
#8023 = CARTESIAN_POINT ( 'NONE',  ( -81.99999999996916245, 40.99999999999995737, 342.5533658944219724 ) ) ;
#8024 = EDGE_LOOP ( 'NONE', ( #3046, #5914, #856 ) ) ;
#8025 = CARTESIAN_POINT ( 'NONE',  ( -33.79155261195721494, 14.13238468687941918, 354.5258351495423312 ) ) ;
#8026 = CARTESIAN_POINT ( 'NONE',  ( 17.52668360442535800, 13.80318938732361467, 356.6967693874794918 ) ) ;
#8027 = ADVANCED_FACE ( 'NONE', ( #1153 ), #2710, .T. ) ;
#8028 = CARTESIAN_POINT ( 'NONE',  ( -88.93022141522445168, 140.9883050949091796, 328.9536464877701292 ) ) ;
#8029 = DIRECTION ( 'NONE',  ( 0.000000000000000000, -0.000000000000000000, 1.000000000000000000 ) ) ;
#8030 = SURFACE_SIDE_STYLE ('',( #7393 ) ) ;
#8031 = CARTESIAN_POINT ( 'NONE',  ( -132.3757698985333491, 89.71264611009060275, 271.3747880754172002 ) ) ;
#8032 = CARTESIAN_POINT ( 'NONE',  ( 86.32898214256323399, 140.9290126641938627, 330.5091708579996066 ) ) ;
#8033 = CARTESIAN_POINT ( 'NONE',  ( 80.94548281255286781, 19.15620204892136513, 345.5560300075667897 ) ) ;
#8034 = DIRECTION ( 'NONE',  ( 0.000000000000000000, 0.000000000000000000, -1.000000000000000000 ) ) ;
#8035 = ORIENTED_EDGE ( 'NONE', *, *, #22, .F. ) ;
#8036 = CARTESIAN_POINT ( 'NONE',  ( -130.5110908175093130, 93.72275643532384493, 275.3816659309263173 ) ) ;
#8037 = EDGE_CURVE ( 'NONE', #602, #5986, #6635, .T. ) ;
#8038 = B_SPLINE_CURVE_WITH_KNOTS ( 'NONE', 3,
 ( #773, #8427, #29, #3081, #6166, #7777 ),
 .UNSPECIFIED., .F., .F.,
 ( 4, 2, 4 ),
 ( 0.000000000000000000, 0.5000000000000000000, 1.000000000000000000 ),
 .UNSPECIFIED. ) ;
#8039 = CARTESIAN_POINT ( 'NONE',  ( -121.9214080791437453, 14.00616300474720077, 306.5372490499980813 ) ) ;
#8040 = ORIENTED_EDGE ( 'NONE', *, *, #2019, .T. ) ;
#8041 = EDGE_LOOP ( 'NONE', ( #444, #8744, #526, #5038 ) ) ;
#8042 = CARTESIAN_POINT ( 'NONE',  ( -116.2510702213784270, 140.8498767851178286, 300.9225860045127092 ) ) ;
#8043 = AXIS2_PLACEMENT_3D ( 'NONE', #823, #2339, #9383 ) ;
#8044 = CARTESIAN_POINT ( 'NONE',  ( 79.61810666393546398, 39.78807291942079871, 334.7144549750343572 ) ) ;
#8045 = ORIENTED_EDGE ( 'NONE', *, *, #4854, .T. ) ;
#8046 = CARTESIAN_POINT ( 'NONE',  ( -85.69129513981418711, 140.9999999999999716, 331.6403697970716848 ) ) ;
#8047 = EDGE_CURVE ( 'NONE', #5896, #9517, #8646, .T. ) ;
#8048 = CARTESIAN_POINT ( 'NONE',  ( 140.9737398545871940, 95.14906303334302606, 246.1582704156554087 ) ) ;
#8049 = EDGE_LOOP ( 'NONE', ( #6436, #9890, #8040, #6917 ) ) ;
#8050 = CARTESIAN_POINT ( 'NONE',  ( -9.442598045899030623, 14.04074449174991202, 357.0028471780044583 ) ) ;
#8051 = VERTEX_POINT ( 'NONE', #7399 ) ;
#8052 = CARTESIAN_POINT ( 'NONE',  ( -90.49371913728549544, 13.99999999999995737, 337.0100562055619093 ) ) ;
#8053 = CARTESIAN_POINT ( 'NONE',  ( -78.76393904802061741, 39.03777199093114803, 333.9451795343636036 ) ) ;
#8054 = ADVANCED_FACE ( 'NONE', ( #6643 ), #9720, .T. ) ;
#8055 = ORIENTED_EDGE ( 'NONE', *, *, #1407, .F. ) ;
#8056 = DIRECTION ( 'NONE',  ( 0.9895943761646588399, 0.000000000000000000, -0.1438852690975689075 ) ) ;
#8057 = LINE ( 'NONE', #2022, #7423 ) ;
#8058 = CARTESIAN_POINT ( 'NONE',  ( -114.3850335512113645, 13.99999999999995737, 304.3038023418249622 ) ) ;
#8059 = VERTEX_POINT ( 'NONE', #6939 ) ;
#8060 = CARTESIAN_POINT ( 'NONE',  ( 73.86906158524507759, 13.86803324739920562, 360.2801680916041960 ) ) ;
#8061 = ORIENTED_EDGE ( 'NONE', *, *, #1042, .F. ) ;
#8062 = CARTESIAN_POINT ( 'NONE',  ( 91.15161251049819668, 14.08938983967371783, 337.0706497005425035 ) ) ;
#8063 = DIRECTION ( 'NONE',  ( -0.000000000000000000, 0.000000000000000000, 1.000000000000000000 ) ) ;
#8064 = DIRECTION ( 'NONE',  ( 0.8014911435018905461, 0.000000000000000000, -0.5980066445182962154 ) ) ;
#8065 = CARTESIAN_POINT ( 'NONE',  ( 88.88464173739939156, 140.8820183675184410, 328.4289612720247078 ) ) ;
#8066 = CIRCLE ( 'NONE', #8711, 7.099999999999995204 ) ;
#8067 = DIRECTION ( 'NONE',  ( -0.000000000000000000, 1.000000000000000000, -0.000000000000000000 ) ) ;
#8068 = EDGE_CURVE ( 'NONE', #621, #5077, #5591, .T. ) ;
#8069 = CARTESIAN_POINT ( 'NONE',  ( 86.64923987557818919, 14.00510225282130605, 330.7704665390616583 ) ) ;
#8070 = CARTESIAN_POINT ( 'NONE',  ( -140.3910881165509466, 93.42262693139730345, 248.4676935421700250 ) ) ;
#8071 = DIRECTION ( 'NONE',  ( 0.000000000000000000, -1.000000000000000000, 0.000000000000000000 ) ) ;
#8072 = DIRECTION ( 'NONE',  ( 0.000000000000000000, -0.7637941823873302116, 0.6454598724562741197 ) ) ;
#8073 = CARTESIAN_POINT ( 'NONE',  ( -15.57530174369935594, 13.61697294132153147, 356.8864981440138422 ) ) ;
#8074 = CARTESIAN_POINT ( 'NONE',  ( 23.03955713943269501, 14.74127119263708785, 355.5777334376733165 ) ) ;
#8075 = VECTOR ( 'NONE', #8482, 1000.000000000000000 ) ;
#8076 = AXIS2_PLACEMENT_3D ( 'NONE', #1393, #2285, #1544 ) ;
#8077 = CARTESIAN_POINT ( 'NONE',  ( -81.99999999996917666, 40.99999999999995737, 334.2040982918403529 ) ) ;
#8078 = CARTESIAN_POINT ( 'NONE',  ( 147.9999999999984652, 138.9999999999999432, 261.1897948556680831 ) ) ;
#8079 = EDGE_CURVE ( 'NONE', #96, #7097, #9036, .T. ) ;
#8080 = EDGE_CURVE ( 'NONE', #9795, #5330, #5872, .T. ) ;
#8081 = AXIS2_PLACEMENT_3D ( 'NONE', #3024, #4652, #3652 ) ;
#8082 = CARTESIAN_POINT ( 'NONE',  ( 73.54079135842438575, 16.40886801983485199, 358.5627726314953065 ) ) ;
#8083 = DIRECTION ( 'NONE',  ( 0.000000000000000000, 0.000000000000000000, 1.000000000000000000 ) ) ;
#8084 = CARTESIAN_POINT ( 'NONE',  ( 114.2230427633878378, 13.99999999999995737, 305.4179203717276891 ) ) ;
#8085 = CARTESIAN_POINT ( 'NONE',  ( 79.83595670246312181, 20.23469904381319751, 346.8404454111250175 ) ) ;
#8086 = ORIENTED_EDGE ( 'NONE', *, *, #2148, .F. ) ;
#8087 = LINE ( 'NONE', #7151, #7685 ) ;
#8088 = CARTESIAN_POINT ( 'NONE',  ( -131.9255874512278695, 92.53259673248867045, 272.3720690487941738 ) ) ;
#8089 = CARTESIAN_POINT ( 'NONE',  ( -1.110284922687805123E-13, 15.99999999999995914, 357.1999999999999886 ) ) ;
#8090 = FACE_OUTER_BOUND ( 'NONE', #1200, .T. ) ;
#8091 = DIRECTION ( 'NONE',  ( 0.000000000000000000, 0.000000000000000000, 1.000000000000000000 ) ) ;
#8092 = CIRCLE ( 'NONE', #2135, 2.000000000000001776 ) ;
#8093 = CIRCLE ( 'NONE', #1168, 2.000000000000001776 ) ;
#8094 = EDGE_CURVE ( 'NONE', #8764, #643, #3824, .T. ) ;
#8095 = ORIENTED_EDGE ( 'NONE', *, *, #7477, .T. ) ;
#8096 = CARTESIAN_POINT ( 'NONE',  ( -79.99882889060677371, 37.08873151967431170, 346.1271667318582672 ) ) ;
#8097 = AXIS2_PLACEMENT_3D ( 'NONE', #3514, #594, #3664 ) ;
#8098 = CARTESIAN_POINT ( 'NONE',  ( 143.4040466960726690, 89.10563749711469939, 244.0740061846825597 ) ) ;
#8099 = ORIENTED_EDGE ( 'NONE', *, *, #4800, .F. ) ;
#8100 = CARTESIAN_POINT ( 'NONE',  ( -85.65186782518988196, 140.8382913190934005, 330.6979726268942841 ) ) ;
#8101 = CARTESIAN_POINT ( 'NONE',  ( 141.1711473680925337, 95.91361638727266836, 245.3186704172689758 ) ) ;
#8102 = CARTESIAN_POINT ( 'NONE',  ( 94.26941706898760742, 140.9999999999999716, 333.9755189086594100 ) ) ;
#8103 = CARTESIAN_POINT ( 'NONE',  ( -16.33733114789268726, 14.01680962436456745, 356.6352011121372243 ) ) ;
#8104 = ORIENTED_EDGE ( 'NONE', *, *, #8759, .F. ) ;
#8105 = CARTESIAN_POINT ( 'NONE',  ( 113.3841343224661813, 14.15870518952869439, 304.5215035258144667 ) ) ;
#8106 = AXIS2_PLACEMENT_3D ( 'NONE', #919, #7122, #962 ) ;
#8107 = CARTESIAN_POINT ( 'NONE',  ( -78.94255539694560753, 39.23158931498575441, 335.5994884853537314 ) ) ;
#8108 = AXIS2_PLACEMENT_3D ( 'NONE', #6494, #3468, #2663 ) ;
#8109 = EDGE_CURVE ( 'NONE', #96, #8353, #436, .T. ) ;
#8110 = ORIENTED_EDGE ( 'NONE', *, *, #8121, .F. ) ;
#8111 = CARTESIAN_POINT ( 'NONE',  ( -85.69129513981420132, 13.99999999999995737, 331.6403697970716848 ) ) ;
#8112 = CARTESIAN_POINT ( 'NONE',  ( 13.73069218441246697, 12.29632189562371281, 357.1999999999999886 ) ) ;
#8113 = LINE ( 'NONE', #1922, #2799 ) ;
#8114 = ORIENTED_EDGE ( 'NONE', *, *, #2064, .T. ) ;
#8115 = VECTOR ( 'NONE', #7589, 999.9999999999998863 ) ;
#8116 = CARTESIAN_POINT ( 'NONE',  ( -148.0000000000245848, 57.00000000000000711, 249.0787997811547143 ) ) ;
#8117 = ORIENTED_EDGE ( 'NONE', *, *, #451, .F. ) ;
#8118 = FACE_OUTER_BOUND ( 'NONE', #4880, .T. ) ;
#8119 = CARTESIAN_POINT ( 'NONE',  ( 86.22848331893224838, 14.09169562798280495, 330.5091708579946612 ) ) ;
#8120 = CARTESIAN_POINT ( 'NONE',  ( -59.17157287521330744, 5.499999999999952927, 382.8913526958625084 ) ) ;
#8121 = EDGE_CURVE ( 'NONE', #7877, #7656, #4316, .T. ) ;
#8122 = CARTESIAN_POINT ( 'NONE',  ( -128.7613009995550044, 89.97422520020253955, 278.8747880754185644 ) ) ;
#8123 = CIRCLE ( 'NONE', #6027, 2.000000000000001776 ) ;
#8124 = FACE_OUTER_BOUND ( 'NONE', #1893, .T. ) ;
#8125 = DIRECTION ( 'NONE',  ( -0.000000000000000000, 1.000000000000000000, 0.000000000000000000 ) ) ;
#8126 = CARTESIAN_POINT ( 'NONE',  ( -147.8961038961008114, 15.99999999999995914, 261.8260259576944122 ) ) ;
#8127 = CARTESIAN_POINT ( 'NONE',  ( 142.6340441330338251, 86.22543276518852906, 275.3790778176643244 ) ) ;
#8128 = DIRECTION ( 'NONE',  ( -0.000000000000000000, -1.000000000000000000, -0.000000000000000000 ) ) ;
#8129 = AXIS2_PLACEMENT_3D ( 'NONE', #2641, #2735, #6471 ) ;
#8130 = DIRECTION ( 'NONE',  ( 0.000000000000000000, 0.000000000000000000, 1.000000000000000000 ) ) ;
#8131 = CARTESIAN_POINT ( 'NONE',  ( -31.98005439026992036, 13.76120625397934205, 356.1450389285003553 ) ) ;
#8132 = CARTESIAN_POINT ( 'NONE',  ( 16.18540587319715840, 14.32640773619119479, 356.5052583524355896 ) ) ;
#8133 = DIRECTION ( 'NONE',  ( 0.000000000000000000, 0.000000000000000000, -1.000000000000000000 ) ) ;
#8134 = CARTESIAN_POINT ( 'NONE',  ( 83.06493506490345169, 140.9999999999999716, 344.2462667501938540 ) ) ;
#8135 = CARTESIAN_POINT ( 'NONE',  ( 93.87172936769563591, 140.8806638096949939, 335.1396633360761825 ) ) ;
#8136 = CARTESIAN_POINT ( 'NONE',  ( -136.9328697870739404, 63.05651650524929153, 259.8909808750393040 ) ) ;
#8137 = CARTESIAN_POINT ( 'NONE',  ( -231836.5622561928467, 140.9999999999999716, -99415.74149622027471 ) ) ;
#8138 = CARTESIAN_POINT ( 'NONE',  ( -59.17157287522525877, 3.499999999999861444, 387.1999999999999886 ) ) ;
#8139 = ORIENTED_EDGE ( 'NONE', *, *, #7104, .T. ) ;
#8140 = LINE ( 'NONE', #8286, #3760 ) ;
#8141 = CARTESIAN_POINT ( 'NONE',  ( 80.93388996731950158, 37.46906603410280923, 345.5632999877967677 ) ) ;
#8142 = DIRECTION ( 'NONE',  ( -0.000000000000000000, 1.000000000000000000, 0.000000000000000000 ) ) ;
#8143 = EDGE_CURVE ( 'NONE', #4795, #609, #6631, .T. ) ;
#8144 = EDGE_LOOP ( 'NONE', ( #3817, #8978, #2197, #1263 ) ) ;
#8145 = EDGE_CURVE ( 'NONE', #1861, #2169, #3667, .T. ) ;
#8146 = CARTESIAN_POINT ( 'NONE',  ( 122.4719173089514754, 140.8855511156118041, 306.6769527474411348 ) ) ;
#8147 = ORIENTED_EDGE ( 'NONE', *, *, #5674, .F. ) ;
#8148 = CARTESIAN_POINT ( 'NONE',  ( -80.93182006466197720, 37.46798087407619704, 345.5645559948109167 ) ) ;
#8149 = ORIENTED_EDGE ( 'NONE', *, *, #3631, .T. ) ;
#8150 = B_SPLINE_CURVE_WITH_KNOTS ( 'NONE', 3,
 ( #2196, #5270, #8387, #1448 ),
 .UNSPECIFIED., .F., .F.,
 ( 4, 4 ),
 ( 0.000000000000000000, 0.002914656965084195996 ),
 .UNSPECIFIED. ) ;
#8151 = FACE_OUTER_BOUND ( 'NONE', #1705, .T. ) ;
#8152 = VERTEX_POINT ( 'NONE', #1846 ) ;
#8153 = CARTESIAN_POINT ( 'NONE',  ( -17.41792518895357489, 14.38029683252065993, 356.3751978452195317 ) ) ;
#8154 = DIRECTION ( 'NONE',  ( 0.000000000000000000, -1.000000000000000000, 0.000000000000000000 ) ) ;
#8155 = ORIENTED_EDGE ( 'NONE', *, *, #103, .F. ) ;
#8156 = ADVANCED_FACE ( 'NONE', ( #9708 ), #5114, .T. ) ;
#8157 = AXIS2_PLACEMENT_3D ( 'NONE', #231, #3285, #4608 ) ;
#8158 = ORIENTED_EDGE ( 'NONE', *, *, #3689, .F. ) ;
#8159 = CARTESIAN_POINT ( 'NONE',  ( -231836.5622561928467, 140.9999999999999716, -99415.74149622027471 ) ) ;
#8160 = DIRECTION ( 'NONE',  ( -1.000000000000000000, 2.400857290751850935E-12, -2.028893485142405043E-12 ) ) ;
#8161 = CARTESIAN_POINT ( 'NONE',  ( -34.05877273185289766, 12.05087498226798637, 357.1999999999999886 ) ) ;
#8162 = ORIENTED_EDGE ( 'NONE', *, *, #4633, .F. ) ;
#8163 = CARTESIAN_POINT ( 'NONE',  ( -148.0000000000245848, 57.00000000000000711, 249.0787997811547143 ) ) ;
#8164 = ORIENTED_EDGE ( 'NONE', *, *, #3657, .F. ) ;
#8165 = CARTESIAN_POINT ( 'NONE',  ( -136.6090003527885983, 51.61417954816626974, 260.8108769218321186 ) ) ;
#8166 = CARTESIAN_POINT ( 'NONE',  ( 90.49371913728549544, 14.12320228097699548, 337.6600562055618866 ) ) ;
#8167 = LINE ( 'NONE', #617, #9375 ) ;
#8168 = EDGE_CURVE ( 'NONE', #2789, #7036, #7980, .T. ) ;
#8169 = CARTESIAN_POINT ( 'NONE',  ( 86.20441382539918607, 13.99999999999995737, 331.8046956167374901 ) ) ;
#8170 =( NAMED_UNIT ( * ) PLANE_ANGLE_UNIT ( ) SI_UNIT ( $, .RADIAN. ) );
#8171 = DIRECTION ( 'NONE',  ( 0.000000000000000000, 0.000000000000000000, -1.000000000000000000 ) ) ;
#8172 = CARTESIAN_POINT ( 'NONE',  ( 140.3909298400943442, 92.11018044561096474, 248.4683049463330349 ) ) ;
#8173 = EDGE_LOOP ( 'NONE', ( #8861, #1330, #1452, #6681, #4564, #3738 ) ) ;
#8174 = DIRECTION ( 'NONE',  ( 0.9895943761646530668, 0.000000000000000000, 0.1438852690976085424 ) ) ;
#8175 = CARTESIAN_POINT ( 'NONE',  ( -61.61575490294473667, 37.91281810557798337, 356.0033129380176433 ) ) ;
#8176 = DIRECTION ( 'NONE',  ( 4.773959005888235324E-12, 0.000000000000000000, 1.000000000000000000 ) ) ;
#8177 = CARTESIAN_POINT ( 'NONE',  ( 147.9999999999984368, 57.00000000000000711, 256.1787997811547370 ) ) ;
#8178 = CARTESIAN_POINT ( 'NONE',  ( 18.38581422050156533, 14.17933847658861168, 356.3928266393239710 ) ) ;
#8179 = ADVANCED_FACE ( 'NONE', ( #1286 ), #4264, .T. ) ;
#8180 = DIRECTION ( 'NONE',  ( -0.7947073130990256473, 0.000000000000000000, -0.6069928224509143488 ) ) ;
#8181 = CARTESIAN_POINT ( 'NONE',  ( 115.4284676586760980, 15.99999999999995914, 300.3635920803380941 ) ) ;
#8182 = ADVANCED_FACE ( 'NONE', ( #1094 ), #8739, .F. ) ;
#8183 = CARTESIAN_POINT ( 'NONE',  ( -137.0009194152534349, 63.17227625886901166, 259.6951957287202504 ) ) ;
#8184 = DIRECTION ( 'NONE',  ( 3.378674827220644093E-16, 0.000000000000000000, -1.000000000000000000 ) ) ;
#8185 = CARTESIAN_POINT ( 'NONE',  ( 33.79155261195681703, 14.13238468687944760, 354.5258351495425586 ) ) ;
#8186 = VERTEX_POINT ( 'NONE', #335 ) ;
#8187 = CARTESIAN_POINT ( 'NONE',  ( -119.7134399979684787, 140.9156275835665042, 309.9857586946546917 ) ) ;
#8188 = CARTESIAN_POINT ( 'NONE',  ( 143.4040466960721290, 138.9999999999999432, 244.5153120237258406 ) ) ;
#8189 = LINE ( 'NONE', #6697, #9789 ) ;
#8190 = ORIENTED_EDGE ( 'NONE', *, *, #9955, .F. ) ;
#8191 = CARTESIAN_POINT ( 'NONE',  ( -141.2270648005879252, 91.69950926999958085, 278.4640831794985729 ) ) ;
#8192 = EDGE_LOOP ( 'NONE', ( #7512, #7060, #1400, #8114 ) ) ;
#8193 = CARTESIAN_POINT ( 'NONE',  ( -80.16022083971128609, 40.07818304406511345, 346.0369235773131891 ) ) ;
#8194 = EDGE_CURVE ( 'NONE', #63, #8748, #3994, .T. ) ;
#8195 = CARTESIAN_POINT ( 'NONE',  ( 122.0833988668779426, 140.9999999999999716, 305.4231310199934342 ) ) ;
#8196 = ORIENTED_EDGE ( 'NONE', *, *, #4809, .T. ) ;
#8197 = CYLINDRICAL_SURFACE ( 'NONE', #4265, 2.000000000000001776 ) ;
#8198 = CARTESIAN_POINT ( 'NONE',  ( 88.92007452729473016, 14.13609873509987302, 328.3437564288132648 ) ) ;
#8199 = CARTESIAN_POINT ( 'NONE',  ( -25.71839036681867796, 14.35093442972283739, 355.5116011668404212 ) ) ;
#8200 = CARTESIAN_POINT ( 'NONE',  ( -143.7843201693136166, 87.09025683848226151, 272.7153400340779967 ) ) ;
#8201 = CARTESIAN_POINT ( 'NONE',  ( 131.9998964063243250, 92.34523971496734873, 272.2087698662674597 ) ) ;
#8202 = ORIENTED_EDGE ( 'NONE', *, *, #784, .T. ) ;
#8203 = B_SPLINE_SURFACE_WITH_KNOTS ( 'NONE', 3, 3, ( 
 ( #3213, #9362, #954, #908, #2465, #4133, #309, #4035, #9466, #8765, #2565, #3372, #7950, #356 ),
 ( #1661, #7262, #9415, #8002, #5588, #7064, #1760, #5480, #162, #4181, #216, #8611, #6451, #1062 ),
 ( #3270, #1713, #3427, #7851, #7112, #4831, #7894, #4888, #6504, #7164, #264, #5635, #8553, #4743 ),
 ( #4990, #2819, #5890, #8050, #6708, #4382, #3676, #7308, #8153, #2016, #1261, #4335, #3479, #1162 ),
 ( #4232, #8919, #604, #5088, #1962, #7459, #7509, #6553, #9677, #1215, #560, #9627, #2765, #5935 ),
 ( #6750, #9781, #4285, #408, #2861, #3575, #8967, #7408, #2718, #7359, #8253, #9010, #5787, #2106 ),
 ( #2060, #2672, #8865, #5133, #6655, #8103, #5180, #5742, #1305, #5037, #8199, #5841, #1357, #8816 ),
 ( #456, #503, #3525, #6599, #9732, #3633, #4432, #1916, #4967, #8683, #4157, #3452, #7241, #8025 ),
 ( #8073, #6325, #9388, #5012, #7191, #9604, #4112, #1738, #3348, #3239, #4807, #2698, #7922, #4060 ),
 ( #8790, #333, #1035, #7871, #5765, #240, #977, #6374, #7139, #6479, #4261, #9442, #1786, #287 ),
 ( #6425, #3398, #1843, #7337, #9551, #9491, #386, #2594, #2492, #5719, #2649, #1894, #2544, #4205 ),
 ( #5561, #8842, #4861, #5662, #8737, #4915, #7977, #1138, #7285, #6528, #1936, #8945, #5336, #7388 ),
 ( #3832, #3016, #4642, #4593, #2037, #8131, #7665, #1467, #6861, #9900, #8892, #5112, #758, #434 ),
 ( #9951, #2217, #9168, #2792, #6629, #1991, #3550, #9124, #5064, #6683, #4540, #1284, #5870, #5813 ) ),
 .UNSPECIFIED., .F., .F., .F.,
 ( 4, 2, 2, 2, 2, 2, 4 ),
 ( 4, 2, 2, 2, 2, 2, 4 ),
 ( 0.000000000000000000, 0.1250000000000000000, 0.2500000000000000000, 0.3750000000000000000, 0.5000000000000000000, 0.7500000000000000000, 1.000000000000000000 ),
 ( 0.000000000000000000, 0.1250000000000000000, 0.2500000000000000000, 0.3750000000000000000, 0.5000000000000000000, 0.7500000000000000000, 1.000000000000000000 ),
 .UNSPECIFIED. ) ;
#8204 = VERTEX_POINT ( 'NONE', #2980 ) ;
#8205 = EDGE_CURVE ( 'NONE', #4941, #6593, #9888, .T. ) ;
#8206 = CARTESIAN_POINT ( 'NONE',  ( -15.47581898324876803, 14.59615995501073726, 356.4825579594581768 ) ) ;
#8207 = CARTESIAN_POINT ( 'NONE',  ( -120.1160535641386389, 140.9938369952527069, 308.8254623921638995 ) ) ;
#8208 = EDGE_LOOP ( 'NONE', ( #6851, #3368, #5925, #7845 ) ) ;
#8209 = EDGE_CURVE ( 'NONE', #3355, #368, #6663, .T. ) ;
#8210 = CARTESIAN_POINT ( 'NONE',  ( 145.9999999999984084, 15.99999999999995914, 244.5153120237258690 ) ) ;
#8211 = ORIENTED_EDGE ( 'NONE', *, *, #4115, .F. ) ;
#8212 = DIRECTION ( 'NONE',  ( -0.000000000000000000, -1.000000000000000000, -0.000000000000000000 ) ) ;
#8213 = DIRECTION ( 'NONE',  ( 0.000000000000000000, 0.000000000000000000, 1.000000000000000000 ) ) ;
#8214 = FACE_OUTER_BOUND ( 'NONE', #399, .T. ) ;
#8215 = AXIS2_PLACEMENT_3D ( 'NONE', #7331, #8125, #3542 ) ;
#8216 = CARTESIAN_POINT ( 'NONE',  ( -73.34476125262244750, 13.99999999999989875, 355.3309103016595145 ) ) ;
#8217 = CARTESIAN_POINT ( 'NONE',  ( 0.000000000000000000, 0.000000000000000000, 0.000000000000000000 ) ) ;
#8218 = CARTESIAN_POINT ( 'NONE',  ( 80.96202531642488509, 18.49847829689354128, 345.5459802793566269 ) ) ;
#8219 = EDGE_CURVE ( 'NONE', #2012, #7618, #5489, .T. ) ;
#8220 = CIRCLE ( 'NONE', #349, 0.6499999999999839240 ) ;
#8221 = DIRECTION ( 'NONE',  ( 0.000000000000000000, 0.000000000000000000, 1.000000000000000000 ) ) ;
#8222 = CARTESIAN_POINT ( 'NONE',  ( -7.029497079970821183, 15.99999999999995914, 357.0363449273443734 ) ) ;
#8223 = EDGE_LOOP ( 'NONE', ( #24, #5932, #1546 ) ) ;
#8224 = CARTESIAN_POINT ( 'NONE',  ( -143.4040466960718447, 138.9999999999999432, 244.5153120237268922 ) ) ;
#8225 = CARTESIAN_POINT ( 'NONE',  ( 117.0858108445261507, 13.99999999999995737, 301.0814541897230470 ) ) ;
#8226 = FACE_OUTER_BOUND ( 'NONE', #6595, .T. ) ;
#8227 = CARTESIAN_POINT ( 'NONE',  ( 14.48383966299860504, 14.48034046877177694, 356.5971247800598576 ) ) ;
#8228 = CARTESIAN_POINT ( 'NONE',  ( -91.01468838058721644, 140.9938369952535311, 336.6213518866592267 ) ) ;
#8229 = CARTESIAN_POINT ( 'NONE',  ( 77.57169911304026755, 38.81018165039927226, 334.7068116776351872 ) ) ;
#8230 = ADVANCED_FACE ( 'NONE', ( #3072 ), #5644, .T. ) ;
#8231 = DIRECTION ( 'NONE',  ( 0.7947073130990256473, 0.000000000000000000, 0.6069928224509143488 ) ) ;
#8232 = DIRECTION ( 'NONE',  ( -1.000000000000000000, 1.387778780781444256E-14, 0.000000000000000000 ) ) ;
#8233 = DIRECTION ( 'NONE',  ( -0.000000000000000000, 1.000000000000000000, 0.000000000000000000 ) ) ;
#8234 = CIRCLE ( 'NONE', #3898, 0.6499999999999839240 ) ;
#8235 = CARTESIAN_POINT ( 'NONE',  ( 33.74600268391832003, 14.23688123896377533, 354.3063708205487501 ) ) ;
#8236 = CIRCLE ( 'NONE', #5185, 147.0000000000000000 ) ;
#8237 = ORIENTED_EDGE ( 'NONE', *, *, #2224, .F. ) ;
#8238 = VERTEX_POINT ( 'NONE', #8618 ) ;
#8239 = CYLINDRICAL_SURFACE ( 'NONE', #1509, 3.749999999999975575 ) ;
#8240 = DIRECTION ( 'NONE',  ( 0.3181155510108296114, 0.000000000000000000, -0.9480519480519389308 ) ) ;
#8241 = ORIENTED_EDGE ( 'NONE', *, *, #8729, .F. ) ;
#8242 = ADVANCED_FACE ( 'NONE', ( #1073 ), #7174, .T. ) ;
#8243 = VECTOR ( 'NONE', #8278, 1000.000000000000000 ) ;
#8244 = CARTESIAN_POINT ( 'NONE',  ( 74.18523897742946360, 16.75629615925925009, 357.4254262604621317 ) ) ;
#8245 = AXIS2_PLACEMENT_3D ( 'NONE', #4560, #4612, #3851 ) ;
#8246 = CARTESIAN_POINT ( 'NONE',  ( -28.79806177661396305, 36.99999999999995026, 354.3114760950371078 ) ) ;
#8247 = ORIENTED_EDGE ( 'NONE', *, *, #1617, .T. ) ;
#8248 = CARTESIAN_POINT ( 'NONE',  ( -81.56978490021433004, 37.88614817372300791, 345.1752651922033124 ) ) ;
#8249 = ORIENTED_EDGE ( 'NONE', *, *, #626, .T. ) ;
#8250 = CARTESIAN_POINT ( 'NONE',  ( -145.9999999999968736, 92.76320896812782735, 246.9965577364811793 ) ) ;
#8251 = AXIS2_PLACEMENT_3D ( 'NONE', #7234, #5105, #9648 ) ;
#8252 = EDGE_LOOP ( 'NONE', ( #3162, #3114, #8155, #3266, #3871, #3715 ) ) ;
#8253 = CARTESIAN_POINT ( 'NONE',  ( -25.19116296679182199, 14.41307384824388294, 355.5220676518318328 ) ) ;
#8254 = CARTESIAN_POINT ( 'NONE',  ( -141.4917556596782902, 87.43725662272187549, 277.8971915875756622 ) ) ;
#8255 = ORIENTED_EDGE ( 'NONE', *, *, #206, .T. ) ;
#8256 = AXIS2_PLACEMENT_3D ( 'NONE', #7965, #1883, #9480 ) ;
#8257 = ORIENTED_EDGE ( 'NONE', *, *, #9788, .T. ) ;
#8258 = CARTESIAN_POINT ( 'NONE',  ( 63.98931808990582226, 38.99999999999995737, 354.4721588027286998 ) ) ;
#8259 = CARTESIAN_POINT ( 'NONE',  ( 90.23711995381130180, 140.9379808334583117, 337.6213215934922118 ) ) ;
#8260 = VERTEX_POINT ( 'NONE', #2574 ) ;
#8261 = AXIS2_PLACEMENT_3D ( 'NONE', #1102, #4976, #8034 ) ;
#8262 = FACE_OUTER_BOUND ( 'NONE', #5167, .T. ) ;
#8263 = EDGE_LOOP ( 'NONE', ( #9473, #6070, #3548, #9350 ) ) ;
#8264 = CARTESIAN_POINT ( 'NONE',  ( 86.64923987557818919, 140.9948977471786122, 330.7704665390616583 ) ) ;
#8265 = CIRCLE ( 'NONE', #8924, 2.000000000000001776 ) ;
#8266 = CARTESIAN_POINT ( 'NONE',  ( 147.8961038961023462, 15.99999999999995914, 261.8260259576897511 ) ) ;
#8267 = CARTESIAN_POINT ( 'NONE',  ( 141.4529712308194291, 98.37148522368069337, 244.0756479145594824 ) ) ;
#8268 = ADVANCED_FACE ( 'NONE', ( #7225 ), #1769, .F. ) ;
#8269 = CIRCLE ( 'NONE', #2956, 0.6499999999917127624 ) ;
#8270 = CARTESIAN_POINT ( 'NONE',  ( -141.4529712308191733, 140.9999999999999716, 244.0756479145605340 ) ) ;
#8271 = CARTESIAN_POINT ( 'NONE',  ( 0.000000000000000000, 15.99999999999995914, 212.1999999999999602 ) ) ;
#8272 = ORIENTED_EDGE ( 'NONE', *, *, #3445, .F. ) ;
#8273 = CARTESIAN_POINT ( 'NONE',  ( -1.156482317316857952E-13, 33.53476735677050868, 357.1999999999999886 ) ) ;
#8274 = DIRECTION ( 'NONE',  ( -1.000000000000000000, -0.000000000000000000, -8.312794896880851518E-12 ) ) ;
#8275 = DIRECTION ( 'NONE',  ( 0.000000000000000000, 0.000000000000000000, 1.000000000000000000 ) ) ;
#8276 = AXIS2_PLACEMENT_3D ( 'NONE', #438, #4161, #336 ) ;
#8277 = CARTESIAN_POINT ( 'NONE',  ( 15.47581898324829552, 14.59615995501074970, 356.4825579594548230 ) ) ;
#8278 = DIRECTION ( 'NONE',  ( 0.000000000000000000, -1.000000000000000000, 0.000000000000000000 ) ) ;
#8279 = EDGE_CURVE ( 'NONE', #7723, #2602, #273, .T. ) ;
#8280 = CYLINDRICAL_SURFACE ( 'NONE', #1363, 144.9999999999999716 ) ;
#8281 = CARTESIAN_POINT ( 'NONE',  ( -79.41421356234891960, 21.13414141223076470, 346.8797868603006691 ) ) ;
#8282 = DIRECTION ( 'NONE',  ( 0.000000000000000000, -1.000000000000000000, -0.000000000000000000 ) ) ;
#8283 = CARTESIAN_POINT ( 'NONE',  ( 143.4040466960721574, 138.9999999999999432, 242.5153120237258406 ) ) ;
#8284 = DIRECTION ( 'NONE',  ( -0.000000000000000000, 1.000000000000000000, -0.000000000000000000 ) ) ;
#8285 = ORIENTED_EDGE ( 'NONE', *, *, #2256, .F. ) ;
#8286 = CARTESIAN_POINT ( 'NONE',  ( -115.5426391678579847, 13.99999999999995737, 309.3793316430788991 ) ) ;
#8287 = CARTESIAN_POINT ( 'NONE',  ( 78.83642534218643050, 39.17902067488846996, 343.9888870180261620 ) ) ;
#8288 = CARTESIAN_POINT ( 'NONE',  ( 145.9999999999982663, 15.99999999999995914, 212.1999999999993349 ) ) ;
#8289 = ORIENTED_EDGE ( 'NONE', *, *, #9522, .T. ) ;
#8290 = EDGE_CURVE ( 'NONE', #9301, #8869, #1820, .T. ) ;
#8291 = DIRECTION ( 'NONE',  ( 0.000000000000000000, 1.000000000000000000, -0.000000000000000000 ) ) ;
#8292 = DIRECTION ( 'NONE',  ( -0.000000000000000000, 1.000000000000000000, -0.000000000000000000 ) ) ;
#8293 = EDGE_LOOP ( 'NONE', ( #2328, #3972, #1810, #8211 ) ) ;
#8294 = DIRECTION ( 'NONE',  ( 1.460819769243638766E-15, 0.000000000000000000, -1.000000000000000000 ) ) ;
#8295 = EDGE_CURVE ( 'NONE', #2410, #7305, #2666, .T. ) ;
#8296 = ORIENTED_EDGE ( 'NONE', *, *, #5746, .T. ) ;
#8297 = CARTESIAN_POINT ( 'NONE',  ( -89.02293997599583975, 14.15872145276901506, 328.1948299647761473 ) ) ;
#8298 = CARTESIAN_POINT ( 'NONE',  ( 0.000000000000000000, 138.9999999999999432, 212.1999999999999602 ) ) ;
#8299 = CARTESIAN_POINT ( 'NONE',  ( -142.0249231730878989, 86.57996097541689551, 276.7366567175014325 ) ) ;
#8300 = CARTESIAN_POINT ( 'NONE',  ( 129.8507323472699113, 93.37251200777933491, 276.7278797777423733 ) ) ;
#8301 = EDGE_LOOP ( 'NONE', ( #1712, #4395, #5692, #8257 ) ) ;
#8302 = CIRCLE ( 'NONE', #8792, 0.6499999999999839240 ) ;
#8303 = AXIS2_PLACEMENT_3D ( 'NONE', #2331, #77, #3741 ) ;
#8304 = ORIENTED_EDGE ( 'NONE', *, *, #8047, .T. ) ;
#8305 = CARTESIAN_POINT ( 'NONE',  ( -18.77849765432810969, 15.64205915025711846, 356.0198320566937582 ) ) ;
#8306 = CARTESIAN_POINT ( 'NONE',  ( -80.88435374146619949, 40.99999999999995737, 332.5441785871894353 ) ) ;
#8307 = ORIENTED_EDGE ( 'NONE', *, *, #220, .T. ) ;
#8308 = CARTESIAN_POINT ( 'NONE',  ( 77.26689023736273043, 3.499999999999952927, 359.2000000000001023 ) ) ;
#8309 = ORIENTED_EDGE ( 'NONE', *, *, #3466, .F. ) ;
#8310 = CARTESIAN_POINT ( 'NONE',  ( -142.8724412216571409, 89.80294336743877182, 245.5580555352324552 ) ) ;
#8311 = CARTESIAN_POINT ( 'NONE',  ( 9.933808713456878436, 11.99999999999995914, 357.1999999999999886 ) ) ;
#8312 = CARTESIAN_POINT ( 'NONE',  ( 90.93860546323857363, 140.8235308035986293, 337.4991423095459595 ) ) ;
#8313 = AXIS2_PLACEMENT_3D ( 'NONE', #4991, #1963, #3481 ) ;
#8314 = DIRECTION ( 'NONE',  ( 0.000000000000000000, 0.000000000000000000, 1.000000000000000000 ) ) ;
#8315 = CARTESIAN_POINT ( 'NONE',  ( -77.26689023737354489, 5.499999999999952927, 359.1999999999999318 ) ) ;
#8316 = CARTESIAN_POINT ( 'NONE',  ( 140.4184978586590091, 94.04964460255065717, 248.3614234919175487 ) ) ;
#8317 = ORIENTED_EDGE ( 'NONE', *, *, #4362, .T. ) ;
#8318 = CARTESIAN_POINT ( 'NONE',  ( -145.9999999999968736, 140.9999999999999716, 244.5153120237364419 ) ) ;
#8319 = ADVANCED_FACE ( 'NONE', ( #9370 ), #7858, .F. ) ;
#8320 = CARTESIAN_POINT ( 'NONE',  ( 119.7134399979684929, 13.99999999999995737, 309.3357586946546576 ) ) ;
#8321 = AXIS2_PLACEMENT_3D ( 'NONE', #494, #8958, #8753 ) ;
#8322 = CARTESIAN_POINT ( 'NONE',  ( 33.68347715692230082, 14.47265117374582211, 353.9606352208007252 ) ) ;
#8323 = CARTESIAN_POINT ( 'NONE',  ( 120.3743826293554804, 140.8969957637768289, 309.2804275214460290 ) ) ;
#8324 = APPLICATION_CONTEXT ( 'automotive_design' ) ;
#8325 = CARTESIAN_POINT ( 'NONE',  ( -113.3841343224661955, 140.8412948104712825, 304.5215035258143530 ) ) ;
#8326 =( BOUNDED_SURFACE ( )  B_SPLINE_SURFACE ( 3, 2, ( 
 ( #6330, #5463, #3913 ),
 ( #8531, #6277, #2347 ),
 ( #7834, #1641, #6378 ),
 ( #5418, #8487, #4721 ) ),
 .UNSPECIFIED., .F., .F., .F. ) 
 B_SPLINE_SURFACE_WITH_KNOTS ( ( 4, 4 ),
 ( 3, 3 ),
 ( 0.3815115400465967088, 0.5089422880958305306 ),
 ( 0.000000000000000000, 1.000000000000000000 ),
 .UNSPECIFIED. ) 
 GEOMETRIC_REPRESENTATION_ITEM ( )  RATIONAL_B_SPLINE_SURFACE ( (
 ( 1.000000000000000000, 0.9554575328229912845, 1.000000000000000000),
 ( 1.000000000000000000, 0.9517756172975654350, 1.000000000000000000),
 ( 1.000000000000000000, 0.9474873253289390895, 1.000000000000000000),
 ( 1.000000000000000000, 0.9426030289305855625, 1.000000000000000000) ) ) 
 REPRESENTATION_ITEM ( '' )  SURFACE ( )  );
#8327 = FACE_OUTER_BOUND ( 'NONE', #1791, .T. ) ;
#8328 = PLANE ( 'NONE',  #4677 ) ;
#8329 = DIRECTION ( 'NONE',  ( -0.000000000000000000, -1.000000000000000000, -0.000000000000000000 ) ) ;
#8330 = CARTESIAN_POINT ( 'NONE',  ( 79.65313261253604082, 21.39132416091884892, 346.3327762507735770 ) ) ;
#8331 = EDGE_CURVE ( 'NONE', #7072, #4981, #1877, .T. ) ;
#8332 = CARTESIAN_POINT ( 'NONE',  ( -86.58745049696634055, 140.9875034037933119, 330.6876520081968351 ) ) ;
#8333 = EDGE_LOOP ( 'NONE', ( #6083, #7116, #5471, #4070 ) ) ;
#8334 = B_SPLINE_CURVE_WITH_KNOTS ( 'NONE', 3,
 ( #8656, #9515, #3104, #6848, #4579, #2354, #2157, #9986, #3051, #5233, #3868, #1559, #844, #4476, #5320, #9156 ),
 .UNSPECIFIED., .F., .F.,
 ( 4, 2, 2, 2, 2, 2, 2, 4 ),
 ( 0.000000000000000000, 0.0008663057827484790373, 0.001732611565496958075, 0.002598917348245437329, 0.003465223130993916149, 0.004331528913742395404, 0.005197834696490874658, 0.006930446261987712603 ),
 .UNSPECIFIED. ) ;
#8335 = CARTESIAN_POINT ( 'NONE',  ( 143.3343409481357185, 96.37514174680782730, 244.2757429568221994 ) ) ;
#8336 = CARTESIAN_POINT ( 'NONE',  ( 113.9824199850091162, 140.9999999999999716, 305.4640986442904023 ) ) ;
#8337 = CARTESIAN_POINT ( 'NONE',  ( 59.17157287522111631, 5.499999999999930722, 382.8913526958626221 ) ) ;
#8338 = ORIENTED_EDGE ( 'NONE', *, *, #6049, .F. ) ;
#8339 = CARTESIAN_POINT ( 'NONE',  ( 92.78089779397191705, 140.9999999999999716, 330.0472037877568710 ) ) ;
#8340 = EDGE_CURVE ( 'NONE', #1309, #1745, #7626, .T. ) ;
#8341 = ORIENTED_EDGE ( 'NONE', *, *, #3500, .T. ) ;
#8342 = FACE_OUTER_BOUND ( 'NONE', #5473, .T. ) ;
#8343 = DIRECTION ( 'NONE',  ( 0.000000000000000000, 0.000000000000000000, -1.000000000000000000 ) ) ;
#8344 = CARTESIAN_POINT ( 'NONE',  ( -141.0335869043180992, 89.97422520020255376, 278.8747880754198150 ) ) ;
#8345 = CARTESIAN_POINT ( 'NONE',  ( 129.1860156175002032, 92.33586582102994100, 278.0483043605162266 ) ) ;
#8346 = ORIENTED_EDGE ( 'NONE', *, *, #8016, .F. ) ;
#8347 = ORIENTED_EDGE ( 'NONE', *, *, #9495, .F. ) ;
#8348 = EDGE_CURVE ( 'NONE', #3154, #2325, #6828, .T. ) ;
#8349 = CARTESIAN_POINT ( 'NONE',  ( -30.56254149797707598, 15.25466624111407299, 354.1043202375985288 ) ) ;
#8350 = DIRECTION ( 'NONE',  ( 0.000000000000000000, 0.000000000000000000, 1.000000000000000000 ) ) ;
#8351 = VERTEX_POINT ( 'NONE', #367 ) ;
#8352 = CARTESIAN_POINT ( 'NONE',  ( 11.24382536149117406, 15.99999999999995914, 356.7702689059631211 ) ) ;
#8353 = VERTEX_POINT ( 'NONE', #9476 ) ;
#8354 = CARTESIAN_POINT ( 'NONE',  ( -142.6997859928234789, 95.29810778198779531, 246.0180028083843808 ) ) ;
#8355 = CARTESIAN_POINT ( 'NONE',  ( -90.93860546323496408, 14.17646919640139203, 337.4991423095490291 ) ) ;
#8356 = CARTESIAN_POINT ( 'NONE',  ( 145.9999999999984084, 13.99999999999995737, 244.5153120237258690 ) ) ;
#8357 = CARTESIAN_POINT ( 'NONE',  ( -72.83516011725244255, 13.93603329756293441, 355.7185651360568386 ) ) ;
#8358 = ADVANCED_FACE ( 'NONE', ( #3436 ), #5751, .F. ) ;
#8359 = CARTESIAN_POINT ( 'NONE',  ( 143.9333304356646295, 92.51961773044455128, 272.3600656223840701 ) ) ;
#8360 = CARTESIAN_POINT ( 'NONE',  ( 140.4938200413144216, 94.97851654801128518, 248.0677918762725938 ) ) ;
#8361 = ORIENTED_EDGE ( 'NONE', *, *, #125, .T. ) ;
#8362 = CARTESIAN_POINT ( 'NONE',  ( -141.4529712308191733, 138.9999999999999432, 244.0756479145605340 ) ) ;
#8363 = AXIS2_PLACEMENT_3D ( 'NONE', #3136, #8522, #6266 ) ;
#8364 = CARTESIAN_POINT ( 'NONE',  ( 115.3020163894726551, 140.9999999999999716, 308.1255099156442725 ) ) ;
#8365 = CARTESIAN_POINT ( 'NONE',  ( 34.05877273185254950, 13.99999999999995737, 355.1999999999999318 ) ) ;
#8366 = EDGE_CURVE ( 'NONE', #3276, #5887, #9074, .T. ) ;
#8367 = EDGE_CURVE ( 'NONE', #4228, #9827, #3998, .T. ) ;
#8368 = CARTESIAN_POINT ( 'NONE',  ( -9.866016694686965849, 14.34738353893816054, 356.9415113255491292 ) ) ;
#8369 = CIRCLE ( 'NONE', #9183, 147.0000000000000000 ) ;
#8370 = B_SPLINE_CURVE_WITH_KNOTS ( 'NONE', 3,
 ( #4254, #7131, #7970, #378 ),
 .UNSPECIFIED., .F., .F.,
 ( 4, 4 ),
 ( 0.000000000000000000, 0.002914656965084135281 ),
 .UNSPECIFIED. ) ;
#8371 = CYLINDRICAL_SURFACE ( 'NONE', #5669, 0.6499999999917127624 ) ;
#8372 = CARTESIAN_POINT ( 'NONE',  ( -148.0000000000245848, 87.15493271257520291, 244.5153120237268922 ) ) ;
#8373 = CARTESIAN_POINT ( 'NONE',  ( 83.54538743905609977, -4.227168906573831819, 359.2000000000001023 ) ) ;
#8374 = DIRECTION ( 'NONE',  ( -0.000000000000000000, 1.000000000000000000, -0.000000000000000000 ) ) ;
#8375 = EDGE_LOOP ( 'NONE', ( #1710, #3312, #4327, #2126 ) ) ;
#8376 = CARTESIAN_POINT ( 'NONE',  ( 119.5121282142980590, 140.9613466208471948, 309.9620654466594942 ) ) ;
#8377 = VERTEX_POINT ( 'NONE', #2473 ) ;
#8378 = CARTESIAN_POINT ( 'NONE',  ( -33.95723489306584497, 13.82169241058660525, 356.0279529455448255 ) ) ;
#8379 = CARTESIAN_POINT ( 'NONE',  ( 33.98469586364684147, 13.47229851621693797, 356.5561286085292068 ) ) ;
#8380 = CARTESIAN_POINT ( 'NONE',  ( -79.83148910535651055, 40.18306396719791707, 334.4300541206408184 ) ) ;
#8381 = ADVANCED_FACE ( 'NONE', ( #5544 ), #2306, .T. ) ;
#8382 =( BOUNDED_CURVE ( )  B_SPLINE_CURVE ( 3, ( #5744, #8004, #9679, #5843 ),
 .UNSPECIFIED., .F., .T. ) 
 B_SPLINE_CURVE_WITH_KNOTS ( ( 4, 4 ),
 ( 5.414014200038373303, 6.283185307179564028 ),
 .UNSPECIFIED. ) 
 CURVE ( )  GEOMETRIC_REPRESENTATION_ITEM ( )  RATIONAL_B_SPLINE_CURVE ( ( 1.000000000000000000, 0.9380297442972299615, 0.9380297442972299615, 1.000000000000000000 ) ) 
 REPRESENTATION_ITEM ( '' )  );
#8383 = EDGE_CURVE ( 'NONE', #5308, #6822, #7157, .T. ) ;
#8384 = CARTESIAN_POINT ( 'NONE',  ( 76.33008359037150115, 13.21505086261996986, 357.6098831832539418 ) ) ;
#8385 = AXIS2_PLACEMENT_3D ( 'NONE', #5868, #9853, #7386 ) ;
#8386 = CIRCLE ( 'NONE', #360, 0.6499999999999839240 ) ;
#8387 = CARTESIAN_POINT ( 'NONE',  ( 88.20662123449291414, 14.00579224058013850, 329.6084769047563441 ) ) ;
#8388 = ORIENTED_EDGE ( 'NONE', *, *, #7067, .F. ) ;
#8389 = FACE_OUTER_BOUND ( 'NONE', #5686, .T. ) ;
#8390 = VERTEX_POINT ( 'NONE', #8207 ) ;
#8391 = DIRECTION ( 'NONE',  ( 0.7947073130986059830, 0.000000000000000000, -0.6069928224514636872 ) ) ;
#8392 = DIRECTION ( 'NONE',  ( 3.552713678800500929E-15, 0.000000000000000000, 1.000000000000000000 ) ) ;
#8393 = CARTESIAN_POINT ( 'NONE',  ( 132.3153012073380808, 91.00493320438030764, 271.5099024846914517 ) ) ;
#8394 = EDGE_LOOP ( 'NONE', ( #1601, #8338, #8713, #6839 ) ) ;
#8395 = AXIS2_PLACEMENT_3D ( 'NONE', #2084, #6107, #9181 ) ;
#8396 = AXIS2_PLACEMENT_3D ( 'NONE', #3139, #6931, #34 ) ;
#8397 = EDGE_CURVE ( 'NONE', #5775, #4487, #3983, .T. ) ;
#8398 = ORIENTED_EDGE ( 'NONE', *, *, #8331, .T. ) ;
#8399 = CIRCLE ( 'NONE', #4554, 2.000000000000001776 ) ;
#8400 = AXIS2_PLACEMENT_3D ( 'NONE', #8318, #718, #1428 ) ;
#8401 = CARTESIAN_POINT ( 'NONE',  ( 63.11352621309888633, 37.31917419256232904, 354.9025833021291874 ) ) ;
#8402 = CARTESIAN_POINT ( 'NONE',  ( -80.42562185545693865, 39.10797069374350343, 332.8513044054803913 ) ) ;
#8403 = EDGE_LOOP ( 'NONE', ( #9019, #5579, #1915, #5675 ) ) ;
#8404 = DIRECTION ( 'NONE',  ( -0.7850712346519540530, 0.000000000000000000, -0.6194054863512725717 ) ) ;
#8405 = EDGE_LOOP ( 'NONE', ( #8850, #9050, #7753, #3524 ) ) ;
#8406 = CARTESIAN_POINT ( 'NONE',  ( -139.1070976375259249, 50.57641138953023585, 253.1196000879242831 ) ) ;
#8407 = DIRECTION ( 'NONE',  ( 1.000000000000000000, 0.000000000000000000, -4.382459307730909397E-15 ) ) ;
#8408 = DIRECTION ( 'NONE',  ( -0.000000000000000000, -1.000000000000000000, 0.000000000000000000 ) ) ;
#8409 = DIRECTION ( 'NONE',  ( -0.000000000000000000, 1.000000000000000000, 0.000000000000000000 ) ) ;
#8410 = CIRCLE ( 'NONE', #3593, 2.000000000000000888 ) ;
#8411 = EDGE_CURVE ( 'NONE', #8051, #5036, #8922, .T. ) ;
#8412 = B_SPLINE_CURVE_WITH_KNOTS ( 'NONE', 3,
 ( #5685, #4884, #5630, #1113, #3209, #6394, #3315, #1709, #3367, #9309, #7945, #4739 ),
 .UNSPECIFIED., .F., .F.,
 ( 4, 2, 2, 2, 2, 4 ),
 ( 0.000000000000000000, 0.001015134240490969371, 0.002030268480981938743, 0.003045402721472907897, 0.003552969841718434975, 0.004060536961963961619 ),
 .UNSPECIFIED. ) ;
#8413 = CARTESIAN_POINT ( 'NONE',  ( 141.4917556596782902, 92.51119377768338836, 277.8971915875756622 ) ) ;
#8414 = CARTESIAN_POINT ( 'NONE',  ( 141.0878352171509107, 89.88273458925117154, 245.6756917523415211 ) ) ;
#8415 = DIRECTION ( 'NONE',  ( 0.000000000000000000, 0.000000000000000000, 1.000000000000000000 ) ) ;
#8416 = CARTESIAN_POINT ( 'NONE',  ( 122.0833988668779426, 13.99999999999995737, 305.4231310199934342 ) ) ;
#8417 = EDGE_LOOP ( 'NONE', ( #8777, #6134, #3974, #2866 ) ) ;
#8418 = VECTOR ( 'NONE', #3867, 1000.000000000000000 ) ;
#8419 = LINE ( 'NONE', #3694, #9366 ) ;
#8420 = ORIENTED_EDGE ( 'NONE', *, *, #1288, .F. ) ;
#8421 = CYLINDRICAL_SURFACE ( 'NONE', #9608, 2.000000000000001776 ) ;
#8422 = EDGE_CURVE ( 'NONE', #248, #8564, #6752, .T. ) ;
#8423 = B_SPLINE_CURVE_WITH_KNOTS ( 'NONE', 3,
 ( #2664, #4928, #3516, #7299, #4372, #1107 ),
 .UNSPECIFIED., .F., .F.,
 ( 4, 2, 4 ),
 ( 0.000000000000000000, 0.0003074722973928211301, 0.0006149445947856422602 ),
 .UNSPECIFIED. ) ;
#8424 = CARTESIAN_POINT ( 'NONE',  ( 33.96981562121597165, 13.99999999999995914, 355.2097889366492609 ) ) ;
#8425 = VECTOR ( 'NONE', #7071, 1000.000000000000000 ) ;
#8426 = VECTOR ( 'NONE', #3772, 1000.000000000000000 ) ;
#8427 = CARTESIAN_POINT ( 'NONE',  ( -33.62776714840955350, 14.81811705778733490, 353.6100418503812648 ) ) ;
#8428 = FACE_OUTER_BOUND ( 'NONE', #8333, .T. ) ;
#8429 = DIRECTION ( 'NONE',  ( -0.7071067811872244757, -0.4564090527904856587, -0.5400840458020716994 ) ) ;
#8430 = DIRECTION ( 'NONE',  ( 2.081668171172181135E-14, -0.6454598724433828760, -0.7637941823982242751 ) ) ;
#8431 = CARTESIAN_POINT ( 'NONE',  ( 29.19527642180833382, 37.00000000000000000, 356.2716343860032566 ) ) ;
#8432 = CARTESIAN_POINT ( 'NONE',  ( 34.05192214765793324, 12.39803087335089238, 357.1780902999711316 ) ) ;
#8433 = ORIENTED_EDGE ( 'NONE', *, *, #8194, .T. ) ;
#8434 = CARTESIAN_POINT ( 'NONE',  ( 143.1290337310942107, 96.15673770324265490, 244.8555815049490718 ) ) ;
#8435 = CARTESIAN_POINT ( 'NONE',  ( 90.09199548601698382, 13.99999999999995737, 328.3569298378167787 ) ) ;
#8436 = DIRECTION ( 'NONE',  ( 0.000000000000000000, 0.000000000000000000, -1.000000000000000000 ) ) ;
#8437 = DIRECTION ( 'NONE',  ( -1.000000000000000000, 0.000000000000000000, 0.000000000000000000 ) ) ;
#8438 = VERTEX_POINT ( 'NONE', #4439 ) ;
#8439 = AXIS2_PLACEMENT_3D ( 'NONE', #9311, #4033, #7662 ) ;
#8440 = CARTESIAN_POINT ( 'NONE',  ( 76.95500492078862464, 13.21264082680514385, 356.7937395632210382 ) ) ;
#8441 = DIRECTION ( 'NONE',  ( -0.000000000000000000, 0.000000000000000000, -1.000000000000000000 ) ) ;
#8442 = VERTEX_POINT ( 'NONE', #9685 ) ;
#8443 = CARTESIAN_POINT ( 'NONE',  ( 113.9824199850091162, 13.99999999999995737, 304.8140986442904250 ) ) ;
#8444 = EDGE_LOOP ( 'NONE', ( #1246, #6345, #5824, #7175 ) ) ;
#8445 = ORIENTED_EDGE ( 'NONE', *, *, #843, .F. ) ;
#8447 = EDGE_CURVE ( 'NONE', #4601, #5330, #6009, .T. ) ;
#8446 = CIRCLE ( 'NONE', #7179, 0.6499999999999839240 ) ;
#8448 = CARTESIAN_POINT ( 'NONE',  ( -147.8961038961008114, 138.9999999999999432, 261.8260259576944122 ) ) ;
#8449 = EDGE_CURVE ( 'NONE', #7553, #1364, #9623, .T. ) ;
#8450 = CARTESIAN_POINT ( 'NONE',  ( 73.54473830626007214, 15.99999999999995914, 355.1999999999999886 ) ) ;
#8451 = CARTESIAN_POINT ( 'NONE',  ( -93.45415342343699194, 140.9999999999999716, 330.9495489862683826 ) ) ;
#8452 = ORIENTED_EDGE ( 'NONE', *, *, #1708, .T. ) ;
#8453 = ORIENTED_EDGE ( 'NONE', *, *, #1683, .F. ) ;
#8454 = LINE ( 'NONE', #7657, #7897 ) ;
#8455 = CARTESIAN_POINT ( 'NONE',  ( 129.4463281701274298, 87.09112508546498077, 277.5351934497389834 ) ) ;
#8456 = DIRECTION ( 'NONE',  ( 1.000000000000000000, 0.000000000000000000, 8.947009472043195012E-15 ) ) ;
#8457 = ORIENTED_EDGE ( 'NONE', *, *, #232, .F. ) ;
#8458 = EDGE_CURVE ( 'NONE', #9590, #3674, #8645, .T. ) ;
#8459 = DIRECTION ( 'NONE',  ( 1.000000000000000000, 0.000000000000000000, 0.000000000000000000 ) ) ;
#8460 = ORIENTED_EDGE ( 'NONE', *, *, #9799, .F. ) ;
#8461 = CARTESIAN_POINT ( 'NONE',  ( -138.0114797914161500, 49.91362688688506921, 256.6734484440628989 ) ) ;
#8462 = LINE ( 'NONE', #3606, #2043 ) ;
#8463 = DIRECTION ( 'NONE',  ( -1.000000000000000000, 0.000000000000000000, -7.975740119433571921E-16 ) ) ;
#8464 = CARTESIAN_POINT ( 'NONE',  ( 77.99999999996879296, 38.99999999999995737, 336.7993579437905964 ) ) ;
#8465 = CARTESIAN_POINT ( 'NONE',  ( 138.8508041226779710, 63.75460153892888115, 253.9792668263119424 ) ) ;
#8466 = FACE_OUTER_BOUND ( 'NONE', #5137, .T. ) ;
#8467 = ORIENTED_EDGE ( 'NONE', *, *, #3349, .F. ) ;
#8468 = SPHERICAL_SURFACE ( 'NONE', #8898, 2.000000000000000000 ) ;
#8469 = EDGE_CURVE ( 'NONE', #123, #9164, #8113, .T. ) ;
#8470 = ORIENTED_EDGE ( 'NONE', *, *, #5402, .F. ) ;
#8471 = CARTESIAN_POINT ( 'NONE',  ( -80.96202531817925774, 18.82837583575030038, 345.5459802782914949 ) ) ;
#8472 = FACE_OUTER_BOUND ( 'NONE', #1761, .T. ) ;
#8473 = CARTESIAN_POINT ( 'NONE',  ( -145.9999999999968736, 138.9999999999999432, 244.5153120237268922 ) ) ;
#8474 = AXIS2_PLACEMENT_3D ( 'NONE', #7277, #6618, #1928 ) ;
#8475 = CARTESIAN_POINT ( 'NONE',  ( -141.3125686209176024, 87.32505743288936628, 244.6938281937739532 ) ) ;
#8476 = CARTESIAN_POINT ( 'NONE',  ( -60.58578643759800997, 37.91281810558266585, 357.3518024776062134 ) ) ;
#8477 = CARTESIAN_POINT ( 'NONE',  ( 76.93877551017328642, 36.99999999999995026, 335.1041285840111073 ) ) ;
#8478 = FACE_OUTER_BOUND ( 'NONE', #8444, .T. ) ;
#8479 = CARTESIAN_POINT ( 'NONE',  ( 145.9999999999984084, 15.99999999999995914, 244.5153120237258690 ) ) ;
#8480 = CARTESIAN_POINT ( 'NONE',  ( -92.57206975859322995, 14.00544029758195030, 335.4593622381626119 ) ) ;
#8481 = EDGE_CURVE ( 'NONE', #147, #3783, #4996, .T. ) ;
#8482 = DIRECTION ( 'NONE',  ( 1.827922934579468451E-16, -0.7637941823953526832, 0.6454598724467808246 ) ) ;
#8483 = ORIENTED_EDGE ( 'NONE', *, *, #5275, .F. ) ;
#8484 = CARTESIAN_POINT ( 'NONE',  ( 22.67729213047671877, 13.48707436318352748, 356.7214588546227105 ) ) ;
#8485 = PLANE ( 'NONE',  #2619 ) ;
#8486 = CARTESIAN_POINT ( 'NONE',  ( 90.49371913728549544, 14.12320228097699548, 337.6600562055618866 ) ) ;
#8487 = CARTESIAN_POINT ( 'NONE',  ( 61.67579140289450379, 38.42594175680613944, 355.4910843358259740 ) ) ;
#8488 = CARTESIAN_POINT ( 'NONE',  ( -1.156482317316858204E-13, 33.53476735677052289, 357.1999999999999886 ) ) ;
#8489 = ORIENTED_EDGE ( 'NONE', *, *, #9824, .F. ) ;
#8490 = LINE ( 'NONE', #9108, #5970 ) ;
#8491 = ORIENTED_EDGE ( 'NONE', *, *, #6864, .T. ) ;
#8492 = CARTESIAN_POINT ( 'NONE',  ( -147.4880796370990197, 58.91691170921581744, 263.0260126792337587 ) ) ;
#8493 = CARTESIAN_POINT ( 'NONE',  ( 28477.43130670966275, 140.9999999999999716, 241026.2008564928256 ) ) ;
#8494 = CARTESIAN_POINT ( 'NONE',  ( -11.31765975372650601, 13.71090266881896191, 357.0036314914597710 ) ) ;
#8495 = CARTESIAN_POINT ( 'NONE',  ( -76.54417296432947637, 14.08942589289241099, 356.5906775027290223 ) ) ;
#8496 = EDGE_LOOP ( 'NONE', ( #3212, #688, #7013, #4637, #2351, #2528 ) ) ;
#8497 = EDGE_CURVE ( 'NONE', #6999, #9669, #2156, .T. ) ;
#8498 = ADVANCED_FACE ( 'NONE', ( #3487 ), #1417, .F. ) ;
#8499 = VERTEX_POINT ( 'NONE', #2166 ) ;
#8500 = CARTESIAN_POINT ( 'NONE',  ( 93.87172936769897547, 14.11933619030565801, 335.1396633360761825 ) ) ;
#8501 = DIRECTION ( 'NONE',  ( -1.000000000000000000, -0.000000000000000000, -0.000000000000000000 ) ) ;
#8502 = DIRECTION ( 'NONE',  ( 0.000000000000000000, 0.000000000000000000, 1.000000000000000000 ) ) ;
#8503 = ORIENTED_EDGE ( 'NONE', *, *, #5314, .F. ) ;
#8504 = DIRECTION ( 'NONE',  ( 0.000000000000000000, -1.000000000000000000, 0.000000000000000000 ) ) ;
#8505 = ORIENTED_EDGE ( 'NONE', *, *, #2668, .T. ) ;
#8506 = CARTESIAN_POINT ( 'NONE',  ( -140.2317871479269513, 57.00000000000000711, 249.0787997811547143 ) ) ;
#8507 = CARTESIAN_POINT ( 'NONE',  ( -91.13092362303336813, 14.03727933124254790, 336.8354826176336587 ) ) ;
#8508 = CARTESIAN_POINT ( 'NONE',  ( -4.663555684052147711E-14, 15.99999999999995914, 357.1999999999999886 ) ) ;
#8509 = EDGE_CURVE ( 'NONE', #546, #1636, #5239, .T. ) ;
#8510 = CARTESIAN_POINT ( 'NONE',  ( 142.9469361786405557, 93.70371142197109293, 274.6678879063009049 ) ) ;
#8511 = DIRECTION ( 'NONE',  ( 1.000000000000000000, 0.000000000000000000, -0.000000000000000000 ) ) ;
#8512 = CARTESIAN_POINT ( 'NONE',  ( 141.3133242101690996, 87.32388490459237573, 244.6905446490185341 ) ) ;
#8513 = ORIENTED_EDGE ( 'NONE', *, *, #1205, .T. ) ;
#8514 = CARTESIAN_POINT ( 'NONE',  ( -79.99999999996916245, 138.9999999999999432, 342.5533658944219724 ) ) ;
#8515 = CARTESIAN_POINT ( 'NONE',  ( -80.52475347448439891, 21.05208842857896911, 345.8106128217933133 ) ) ;
#8516 = CARTESIAN_POINT ( 'NONE',  ( 145.9999999999984652, 138.9999999999999432, 261.1897948556680831 ) ) ;
#8517 = CARTESIAN_POINT ( 'NONE',  ( -60.20154134057422368, 38.99999999999995737, 354.9231448464237815 ) ) ;
#8518 = CARTESIAN_POINT ( 'NONE',  ( -140.6056814691050079, 89.68749855142392846, 247.6269383649847384 ) ) ;
#8519 = ADVANCED_FACE ( 'NONE', ( #1514 ), #9894, .T. ) ;
#8520 = CARTESIAN_POINT ( 'NONE',  ( 79.96814567691099285, 38.42323174326379842, 333.1550770514614328 ) ) ;
#8521 = DIRECTION ( 'NONE',  ( 0.000000000000000000, 0.000000000000000000, -1.000000000000000000 ) ) ;
#8522 = DIRECTION ( 'NONE',  ( -1.847648214839668885E-16, 0.7637941823953527942, -0.6454598724467808246 ) ) ;
#8523 = CARTESIAN_POINT ( 'NONE',  ( -141.3070061513008966, 96.23450084757604372, 244.7280938920474966 ) ) ;
#8524 = CARTESIAN_POINT ( 'NONE',  ( 147.6266388639623699, 53.99381568934433773, 262.6223332429331663 ) ) ;
#8525 = EDGE_LOOP ( 'NONE', ( #6961, #4634, #7746, #4733 ) ) ;
#8526 = CARTESIAN_POINT ( 'NONE',  ( -33.95435069585869314, 13.87994261652748840, 355.8825346534928258 ) ) ;
#8527 = CARTESIAN_POINT ( 'NONE',  ( 143.2648023284128556, 96.31265750143025173, 244.4739166379366964 ) ) ;
#8528 = CARTESIAN_POINT ( 'NONE',  ( -119.2501420851234997, 141.0000000000000000, 309.8033803112750206 ) ) ;
#8529 = AXIS2_PLACEMENT_3D ( 'NONE', #1921, #2573, #8871 ) ;
#8530 = EDGE_CURVE ( 'NONE', #6195, #3720, #754, .T. ) ;
#8531 = CARTESIAN_POINT ( 'NONE',  ( 73.64756716154722938, 26.00553272302103380, 350.3131185707700865 ) ) ;
#8532 = DIRECTION ( 'NONE',  ( -0.5064935064933127062, 0.000000000000000000, 0.8622437752051960169 ) ) ;
#8533 = ORIENTED_EDGE ( 'NONE', *, *, #2031, .F. ) ;
#8534 = DIRECTION ( 'NONE',  ( -0.3701888898134161887, 0.000000000000000000, -0.9289565037496160249 ) ) ;
#8535 = VECTOR ( 'NONE', #3263, 1000.000000000000000 ) ;
#8536 = ORIENTED_EDGE ( 'NONE', *, *, #3219, .F. ) ;
#8537 = CARTESIAN_POINT ( 'NONE',  ( -147.8187359700293086, 61.00077435082071275, 262.0565988196489116 ) ) ;
#8538 = CARTESIAN_POINT ( 'NONE',  ( 5.646457927664870979, 14.18593349462341280, 357.1242978785640503 ) ) ;
#8539 = ADVANCED_FACE ( 'NONE', ( #4484 ), #4533, .F. ) ;
#8540 = CARTESIAN_POINT ( 'NONE',  ( -28.32385729396074581, 13.41460124285848110, 356.6138258818876352 ) ) ;
#8541 = CARTESIAN_POINT ( 'NONE',  ( -72.12248774811972396, 13.21997958266162421, 356.7902152519076822 ) ) ;
#8542 = CIRCLE ( 'NONE', #9857, 5.749999999999976907 ) ;
#8543 = ORIENTED_EDGE ( 'NONE', *, *, #5876, .T. ) ;
#8544 = DIRECTION ( 'NONE',  ( 0.000000000000000000, 0.000000000000000000, 1.000000000000000000 ) ) ;
#8545 = DIRECTION ( 'NONE',  ( -0.3627116120171923752, 0.8897700694735100058, -0.2770370191454471498 ) ) ;
#8546 = CARTESIAN_POINT ( 'NONE',  ( 61.96175359330892007, 37.76609562104516016, 355.6743038672562989 ) ) ;
#8547 = VERTEX_POINT ( 'NONE', #5431 ) ;
#8548 = CARTESIAN_POINT ( 'NONE',  ( 33.98469586364684147, 13.47229851621693797, 356.5561286085292068 ) ) ;
#8549 = VECTOR ( 'NONE', #6065, 1000.000000000000000 ) ;
#8550 = DIRECTION ( 'NONE',  ( 3.378674827220644093E-16, 0.000000000000000000, 1.000000000000000000 ) ) ;
#8551 = AXIS2_PLACEMENT_3D ( 'NONE', #5020, #7396, #3616 ) ;
#8552 = ORIENTED_EDGE ( 'NONE', *, *, #3417, .T. ) ;
#8553 = CARTESIAN_POINT ( 'NONE',  ( -31.06091907476168856, 14.62520868732792678, 354.3993573411039506 ) ) ;
#8554 = CARTESIAN_POINT ( 'NONE',  ( 79.99999999996879296, 15.99999999999995914, 346.1253523422556100 ) ) ;
#8555 = CARTESIAN_POINT ( 'NONE',  ( 76.95500492074239673, 13.41766011395311686, 356.6204838276594273 ) ) ;
#8556 = VECTOR ( 'NONE', #2546, 1000.000000000000000 ) ;
#8557 = VECTOR ( 'NONE', #1143, 1000.000000000000000 ) ;
#8558 = DIRECTION ( 'NONE',  ( 1.000000000000000000, -0.000000000000000000, -0.000000000000000000 ) ) ;
#8559 = ORIENTED_EDGE ( 'NONE', *, *, #2429, .T. ) ;
#8560 = DIRECTION ( 'NONE',  ( 0.000000000000000000, 0.9753523922689466552, -0.2206529195257631304 ) ) ;
#8561 = CARTESIAN_POINT ( 'NONE',  ( -86.62198976941226647, 13.99999999999995737, 335.3448099664433357 ) ) ;
#8562 = DIRECTION ( 'NONE',  ( -1.000000000000000000, -0.000000000000000000, -0.000000000000000000 ) ) ;
#8563 = VERTEX_POINT ( 'NONE', #2963 ) ;
#8564 = VERTEX_POINT ( 'NONE', #3011 ) ;
#8565 = CARTESIAN_POINT ( 'NONE',  ( -80.21917215163671244, 21.60759151048410232, 345.9943055591220968 ) ) ;
#8566 = SPHERICAL_SURFACE ( 'NONE', #7464, 2.000000000000000000 ) ;
#8567 = CIRCLE ( 'NONE', #4877, 0.6499999999999839240 ) ;
#8568 = DIRECTION ( 'NONE',  ( -0.000000000000000000, 1.000000000000000000, 0.000000000000000000 ) ) ;
#8569 = ADVANCED_FACE ( 'NONE', ( #9119 ), #5329, .F. ) ;
#8570 = CIRCLE ( 'NONE', #4535, 154.0000000000000000 ) ;
#8571 = CARTESIAN_POINT ( 'NONE',  ( -140.4395470491026288, 91.15783100863129107, 248.2797115914709707 ) ) ;
#8572 = CARTESIAN_POINT ( 'NONE',  ( 79.76276551122791147, 40.04489414592178065, 334.5217363366243717 ) ) ;
#8573 = DIRECTION ( 'NONE',  ( 0.000000000000000000, 0.000000000000000000, -1.000000000000000000 ) ) ;
#8574 = CIRCLE ( 'NONE', #2147, 2.000000000000012434 ) ;
#8575 = CARTESIAN_POINT ( 'NONE',  ( -140.9853415168040556, 97.47856692707217974, 246.0852364850588287 ) ) ;
#8576 = ORIENTED_EDGE ( 'NONE', *, *, #7042, .F. ) ;
#8577 = LINE ( 'NONE', #3855, #3079 ) ;
#8578 = ORIENTED_EDGE ( 'NONE', *, *, #3124, .T. ) ;
#8579 = CARTESIAN_POINT ( 'NONE',  ( -141.1127538829156265, 87.71106522717019516, 245.5506568184758578 ) ) ;
#8580 = AXIS2_PLACEMENT_3D ( 'NONE', #2561, #9410, #6446 ) ;
#8581 = CARTESIAN_POINT ( 'NONE',  ( 31.69634803446529858, 13.67530998607834825, 356.2900796282090710 ) ) ;
#8582 = CARTESIAN_POINT ( 'NONE',  ( 89.50628086271555617, 13.99999999999995737, 328.6387779885129703 ) ) ;
#8583 = EDGE_CURVE ( 'NONE', #5535, #9257, #6956, .T. ) ;
#8584 = DIRECTION ( 'NONE',  ( -0.000000000000000000, -1.000000000000000000, 0.000000000000000000 ) ) ;
#8585 = CIRCLE ( 'NONE', #6182, 1.999999999999996669 ) ;
#8586 = CARTESIAN_POINT ( 'NONE',  ( -147.9610609580555263, 61.55739168117933957, 261.6324401083694511 ) ) ;
#8587 = AXIS2_PLACEMENT_3D ( 'NONE', #7272, #1125, #369 ) ;
#8588 = CARTESIAN_POINT ( 'NONE',  ( 9.797802292615436670, 34.82568710193222472, 360.7275883645640988 ) ) ;
#8589 = ORIENTED_EDGE ( 'NONE', *, *, #8068, .F. ) ;
#8590 = CARTESIAN_POINT ( 'NONE',  ( -80.02414358794300142, 21.83781283316256960, 346.1109725581386556 ) ) ;
#8591 = VECTOR ( 'NONE', #9830, 1000.000000000000000 ) ;
#8592 = DIRECTION ( 'NONE',  ( 0.000000000000000000, 0.000000000000000000, 1.000000000000000000 ) ) ;
#8593 = CARTESIAN_POINT ( 'NONE',  ( 143.2635926495235026, 96.31163131359799934, 244.4773729877459516 ) ) ;
#8594 = ORIENTED_EDGE ( 'NONE', *, *, #6303, .F. ) ;
#8595 = CARTESIAN_POINT ( 'NONE',  ( 146.0000000000150067, 140.9999999999999716, 242.5153120237258690 ) ) ;
#8596 = EDGE_CURVE ( 'NONE', #2778, #3276, #60, .T. ) ;
#8597 = CARTESIAN_POINT ( 'NONE',  ( 7.054222968591414400, 14.23735817717543917, 357.0775320800798909 ) ) ;
#8598 = CARTESIAN_POINT ( 'NONE',  ( 72.12657779604988662, 12.92612586076517900, 357.0358648865893656 ) ) ;
#8599 = CARTESIAN_POINT ( 'NONE',  ( -76.88789694991434942, 13.02562640216766354, 357.0396412496525045 ) ) ;
#8600 = AXIS2_PLACEMENT_3D ( 'NONE', #2260, #8550, #8459 ) ;
#8601 = ORIENTED_EDGE ( 'NONE', *, *, #6387, .T. ) ;
#8602 = ADVANCED_FACE ( 'NONE', ( #6809 ), #3113, .F. ) ;
#8603 = ORIENTED_EDGE ( 'NONE', *, *, #424, .F. ) ;
#8604 = CARTESIAN_POINT ( 'NONE',  ( -79.01298701295576166, 36.99999999999995737, 346.7100289320111415 ) ) ;
#8605 = DIRECTION ( 'NONE',  ( 0.6069928224509231196, 0.000000000000000000, -0.7947073130990188750 ) ) ;
#8606 = CARTESIAN_POINT ( 'NONE',  ( 63.55762378375837329, 37.15486806127507435, 354.6663206437111171 ) ) ;
#8607 = ORIENTED_EDGE ( 'NONE', *, *, #3763, .F. ) ;
#8608 = CARTESIAN_POINT ( 'NONE',  ( 33.98015112495873780, 13.52734132803224298, 356.4925816734606769 ) ) ;
#8609 = PLANE ( 'NONE',  #2487 ) ;
#8610 = ORIENTED_EDGE ( 'NONE', *, *, #7739, .F. ) ;
#8611 = CARTESIAN_POINT ( 'NONE',  ( -28.21759210859935152, 14.77713576463414036, 354.7940091792456769 ) ) ;
#8612 = CARTESIAN_POINT ( 'NONE',  ( 85.65186782518986774, 14.16170868090649648, 330.6979726268943409 ) ) ;
#8613 = DIRECTION ( 'NONE',  ( 0.000000000000000000, 0.000000000000000000, 1.000000000000000000 ) ) ;
#8614 = EDGE_CURVE ( 'NONE', #7770, #8764, #6262, .T. ) ;
#8615 = CARTESIAN_POINT ( 'NONE',  ( -144.2549731555676544, 91.23627864575612989, 271.5844646685085308 ) ) ;
#8616 = CARTESIAN_POINT ( 'NONE',  ( 140.2317871479269513, 57.00000000000000711, 249.0787997811547143 ) ) ;
#8617 = CARTESIAN_POINT ( 'NONE',  ( 2.604733164866826378, 12.34075976429594412, 357.1999999999999886 ) ) ;
#8618 = CARTESIAN_POINT ( 'NONE',  ( 147.9999999999984084, 138.9999999999999432, 244.5153120237258690 ) ) ;
#8619 = ORIENTED_EDGE ( 'NONE', *, *, #3030, .F. ) ;
#8620 = CARTESIAN_POINT ( 'NONE',  ( 139.6943161088186400, 52.06862754372035340, 251.0655128055486216 ) ) ;
#8621 = CARTESIAN_POINT ( 'NONE',  ( -143.4040466960718732, 138.9999999999999432, 244.5153120237268922 ) ) ;
#8622 = CARTESIAN_POINT ( 'NONE',  ( 79.99999999996879296, 138.9999999999999432, 333.1338662245002524 ) ) ;
#8623 = CARTESIAN_POINT ( 'NONE',  ( -140.3909298400943158, 93.41623749064461890, 248.4683049463330633 ) ) ;
#8624 = AXIS2_PLACEMENT_3D ( 'NONE', #6615, #9843, #5854 ) ;
#8625 = CARTESIAN_POINT ( 'NONE',  ( 80.88435374316016180, 40.71065421904422266, 332.5441785860509185 ) ) ;
#8626 = DIRECTION ( 'NONE',  ( 0.000000000000000000, 0.000000000000000000, 1.000000000000000000 ) ) ;
#8627 = EDGE_CURVE ( 'NONE', #7770, #2377, #4409, .T. ) ;
#8628 = CARTESIAN_POINT ( 'NONE',  ( -143.4040466960718447, 96.42078043914041530, 244.0740061846849187 ) ) ;
#8629 = TOROIDAL_SURFACE ( 'NONE', #7679, 146.9999999999999716, 2.000000000000000000 ) ;
#8630 = ORIENTED_EDGE ( 'NONE', *, *, #4578, .F. ) ;
#8631 = CARTESIAN_POINT ( 'NONE',  ( -141.3534301350289013, 89.21079559593799502, 244.5238699806448892 ) ) ;
#8632 = CARTESIAN_POINT ( 'NONE',  ( 10.45855064252083899, 14.30555252029198954, 356.9122915154848670 ) ) ;
#8633 = CARTESIAN_POINT ( 'NONE',  ( -1.140530837077990836E-13, 13.99999999999995737, 355.1999999999999318 ) ) ;
#8634 = CARTESIAN_POINT ( 'NONE',  ( 0.000000000000000000, 138.9999999999999432, 212.1999999999999602 ) ) ;
#8635 = CIRCLE ( 'NONE', #4311, 2.000000000000001776 ) ;
#8636 = EDGE_CURVE ( 'NONE', #5036, #4383, #2313, .T. ) ;
#8637 = CARTESIAN_POINT ( 'NONE',  ( -77.99999999996914823, 36.99999999999995026, 344.9855413816007399 ) ) ;
#8638 = ORIENTED_EDGE ( 'NONE', *, *, #2957, .F. ) ;
#8639 = CARTESIAN_POINT ( 'NONE',  ( -80.94557814638743309, 19.15328748653403323, 345.5559719379599528 ) ) ;
#8640 = CARTESIAN_POINT ( 'NONE',  ( -122.9904786899761859, 140.8814125533350250, 306.0078514035479316 ) ) ;
#8641 = CARTESIAN_POINT ( 'NONE',  ( 143.4040466960726974, 96.42078043914094110, 244.0740061846825313 ) ) ;
#8642 = ORIENTED_EDGE ( 'NONE', *, *, #207, .T. ) ;
#8643 = CARTESIAN_POINT ( 'NONE',  ( -130.1747955520809796, 93.61015352997533512, 276.0716450936646993 ) ) ;
#8644 = CARTESIAN_POINT ( 'NONE',  ( 19.67457221605273787, 14.80431909534385682, 355.9727262019823684 ) ) ;
#8645 = B_SPLINE_CURVE_WITH_KNOTS ( 'NONE', 3,
 ( #2113, #5046, #4242, #8259, #5898, #3682 ),
 .UNSPECIFIED., .F., .F.,
 ( 4, 2, 4 ),
 ( 0.000000000000000000, 0.0003943815686173160646, 0.0007887631372346321293 ),
 .UNSPECIFIED. ) ;
#8646 = CIRCLE ( 'NONE', #9964, 0.6499999999999839240 ) ;
#8647 = CARTESIAN_POINT ( 'NONE',  ( -28.37901395240531244, 12.20169894599641047, 357.1999999999999886 ) ) ;
#8648 = CARTESIAN_POINT ( 'NONE',  ( -76.59383630641737284, 12.99681702501134417, 357.4489870493490002 ) ) ;
#8649 = ORIENTED_EDGE ( 'NONE', *, *, #8209, .T. ) ;
#8650 = B_SPLINE_CURVE_WITH_KNOTS ( 'NONE', 3,
 ( #9367, #2469, #70, #552, #8615, #1718, #7451, #9472, #2054, #6405, #4039, #5640, #5540, #958, #5125, #268, #6357, #6645, #1252, #3377, #3326, #2810, #3275, #3625, #7956, #3567, #6700, #4948, #8191, #1068, #6457, #8961, #2570, #7220 ),
 .UNSPECIFIED., .F., .F.,
 ( 4, 2, 2, 2, 2, 2, 2, 2, 2, 2, 2, 2, 2, 2, 2, 2, 4 ),
 ( 0.000000000000000000, 0.0007677442407245849056, 0.001535488481449169811, 0.002303232722173754500, 0.003070976962898339623, 0.003838721203622924745, 0.004606465444347509000, 0.005374209685072094123, 0.006141953925796679245, 0.006909698166521264368, 0.007677442407245849490, 0.008445186647970434612, 0.009212930888695018000, 0.009980675129419603123, 0.01074841937014418825, 0.01151616361086877337, 0.01228390785159335849 ),
 .UNSPECIFIED. ) ;
#8651 = ADVANCED_FACE ( 'NONE', ( #2362 ), #7755, .F. ) ;
#8652 = ORIENTED_EDGE ( 'NONE', *, *, #1575, .F. ) ;
#8653 = CARTESIAN_POINT ( 'NONE',  ( -115.9382922280515800, 140.8819700851136645, 301.4632659587918511 ) ) ;
#8654 = DIRECTION ( 'NONE',  ( 1.000000000000000000, 1.387778780781444413E-14, 0.000000000000000000 ) ) ;
#8655 = ORIENTED_EDGE ( 'NONE', *, *, #6257, .T. ) ;
#8656 = CARTESIAN_POINT ( 'NONE',  ( 80.88435374146580159, 40.99999999999995026, 332.5441785871897196 ) ) ;
#8657 = CARTESIAN_POINT ( 'NONE',  ( 140.6536585062219729, 89.40098503037913247, 247.4362138328416449 ) ) ;
#8658 = ORIENTED_EDGE ( 'NONE', *, *, #3893, .F. ) ;
#8659 = FACE_OUTER_BOUND ( 'NONE', #6627, .T. ) ;
#8660 = DIRECTION ( 'NONE',  ( 0.000000000000000000, 0.000000000000000000, 1.000000000000000000 ) ) ;
#8661 = CARTESIAN_POINT ( 'NONE',  ( 81.99999999996879296, 138.9999999999999432, 342.5533658944221997 ) ) ;
#8662 = EDGE_CURVE ( 'NONE', #4929, #2436, #8412, .T. ) ;
#8663 = CYLINDRICAL_SURFACE ( 'NONE', #3618, 2.000000000000001776 ) ;
#8664 = ORIENTED_EDGE ( 'NONE', *, *, #9956, .T. ) ;
#8665 = CARTESIAN_POINT ( 'NONE',  ( 136.3695908376132593, 61.74626726538900812, 261.4793808548030825 ) ) ;
#8666 = CARTESIAN_POINT ( 'NONE',  ( 9.901195723501263757, 13.74418857121221471, 357.0423843911065660 ) ) ;
#8667 = DIRECTION ( 'NONE',  ( 1.000000000000000000, 0.000000000000000000, 0.000000000000000000 ) ) ;
#8668 = ORIENTED_EDGE ( 'NONE', *, *, #7955, .T. ) ;
#8669 = ORIENTED_EDGE ( 'NONE', *, *, #1324, .F. ) ;
#8670 = CARTESIAN_POINT ( 'NONE',  ( -231833.6779650998942, 140.9999999999999716, -99422.44752819823043 ) ) ;
#8671 = CARTESIAN_POINT ( 'NONE',  ( -39455.48737069794151, 13.99999999999995737, 334095.6756388372742 ) ) ;
#8672 = CARTESIAN_POINT ( 'NONE',  ( -61.17256906088613277, 38.99999999999995737, 355.6648101701362066 ) ) ;
#8673 = ADVANCED_FACE ( 'NONE', ( #9462 ), #4176, .F. ) ;
#8674 = CARTESIAN_POINT ( 'NONE',  ( -82.12649941210152349, 38.42616008631803481, 344.8320982183835213 ) ) ;
#8675 = B_SPLINE_CURVE_WITH_KNOTS ( 'NONE', 3,
 ( #3588, #3537, #5946, #5997 ),
 .UNSPECIFIED., .F., .F.,
 ( 4, 4 ),
 ( 0.000000000000000000, 0.0004379305214247193774 ),
 .UNSPECIFIED. ) ;
#8676 = CARTESIAN_POINT ( 'NONE',  ( -71.55899450924496819, 13.17157287525570197, 357.1999999999972033 ) ) ;
#8677 = DIRECTION ( 'NONE',  ( 0.3701888898133605665, 0.000000000000000000, -0.9289565037496381184 ) ) ;
#8678 = CARTESIAN_POINT ( 'NONE',  ( -1.029528765706618776, 14.62673342759348394, 357.1973307756701956 ) ) ;
#8679 = CARTESIAN_POINT ( 'NONE',  ( 141.9254246038886151, 86.69257589128660868, 276.9550953306232941 ) ) ;
#8680 = CARTESIAN_POINT ( 'NONE',  ( 0.000000000000000000, 38.99999999999995737, 212.1999999999999602 ) ) ;
#8681 = LINE ( 'NONE', #4858, #7900 ) ;
#8682 = ORIENTED_EDGE ( 'NONE', *, *, #6582, .T. ) ;
#8683 = CARTESIAN_POINT ( 'NONE',  ( -24.88406077886660128, 14.20935359800503228, 355.7628462296028147 ) ) ;
#8684 = CARTESIAN_POINT ( 'NONE',  ( 11.46205580678946667, 14.04835227021416344, 356.9089268516754032 ) ) ;
#8685 = EDGE_CURVE ( 'NONE', #9664, #546, #1058, .T. ) ;
#8686 = CARTESIAN_POINT ( 'NONE',  ( 82.12976611043504249, 38.42993802424300753, 344.8300756322643679 ) ) ;
#8687 = AXIS2_PLACEMENT_3D ( 'NONE', #937, #247, #7836 ) ;
#8688 = CARTESIAN_POINT ( 'NONE',  ( -131.3858802430195567, 86.56648003909951683, 273.5417478730882408 ) ) ;
#8689 = ORIENTED_EDGE ( 'NONE', *, *, #9200, .T. ) ;
#8690 = CARTESIAN_POINT ( 'NONE',  ( 143.4040466960721290, 98.37148522368069337, 244.5153120237258406 ) ) ;
#8691 = CARTESIAN_POINT ( 'NONE',  ( -90.49371913728549544, 13.99999999999995737, 337.0100562055619093 ) ) ;
#8692 = DIRECTION ( 'NONE',  ( -1.000000000000000000, -2.814301619962171047E-13, -1.387778780781444256E-14 ) ) ;
#8693 = VERTEX_POINT ( 'NONE', #3265 ) ;
#8694 = CARTESIAN_POINT ( 'NONE',  ( -79.99999999996916245, 138.9999999999999432, 0.000000000000000000 ) ) ;
#8695 = CARTESIAN_POINT ( 'NONE',  ( 33.59389733753386764, 15.60196397545450431, 353.2773005486107536 ) ) ;
#8696 = VECTOR ( 'NONE', #7032, 1000.000000000000000 ) ;
#8697 = CARTESIAN_POINT ( 'NONE',  ( -34.05192214765827430, 12.39803087335089593, 357.1780902999711316 ) ) ;
#8698 = CARTESIAN_POINT ( 'NONE',  ( -72.21011091295659412, 13.59021525186714818, 356.4199795827226467 ) ) ;
#8699 = ORIENTED_EDGE ( 'NONE', *, *, #5592, .T. ) ;
#8700 = EDGE_CURVE ( 'NONE', #8152, #3154, #4890, .T. ) ;
#8701 = CIRCLE ( 'NONE', #6302, 2.000000000000001776 ) ;
#8702 = CYLINDRICAL_SURFACE ( 'NONE', #2431, 2.000000000000001776 ) ;
#8703 = DIRECTION ( 'NONE',  ( -0.000000000000000000, 1.000000000000000000, -0.000000000000000000 ) ) ;
#8704 = ORIENTED_EDGE ( 'NONE', *, *, #5614, .F. ) ;
#8705 = CARTESIAN_POINT ( 'NONE',  ( 141.2159194239683018, 96.03365612469467294, 245.1252583912909699 ) ) ;
#8706 = VERTEX_POINT ( 'NONE', #999 ) ;
#8707 = LINE ( 'NONE', #1811, #2989 ) ;
#8708 = FACE_OUTER_BOUND ( 'NONE', #8809, .T. ) ;
#8709 = CARTESIAN_POINT ( 'NONE',  ( -79.98439351878137415, 40.71309687121748766, 334.2250926587925619 ) ) ;
#8710 = ADVANCED_FACE ( 'NONE', ( #3986 ), #6347, .F. ) ;
#8711 = AXIS2_PLACEMENT_3D ( 'NONE', #6738, #5878, #8901 ) ;
#8712 = CARTESIAN_POINT ( 'NONE',  ( 90.49371913728549544, 14.12320228097699548, 337.6600562055618866 ) ) ;
#8713 = ORIENTED_EDGE ( 'NONE', *, *, #1996, .F. ) ;
#8714 = VECTOR ( 'NONE', #2141, 1000.000000000000114 ) ;
#8715 = CARTESIAN_POINT ( 'NONE',  ( -94.45672752870133593, 140.9853876980976111, 334.1759888589938896 ) ) ;
#8716 = DIRECTION ( 'NONE',  ( -3.378674827220644093E-16, -0.000000000000000000, 1.000000000000000000 ) ) ;
#8717 = DIRECTION ( 'NONE',  ( 1.000000000000000000, -0.000000000000000000, -0.000000000000000000 ) ) ;
#8718 = ORIENTED_EDGE ( 'NONE', *, *, #8856, .F. ) ;
#8719 = DIRECTION ( 'NONE',  ( -0.000000000000000000, 1.000000000000000000, -0.000000000000000000 ) ) ;
#8720 = CARTESIAN_POINT ( 'NONE',  ( 137.1401228111589035, 50.61473418283107151, 259.2917429415652464 ) ) ;
#8721 = DIRECTION ( 'NONE',  ( 0.000000000000000000, -1.000000000000000000, -0.000000000000000000 ) ) ;
#8722 = FACE_OUTER_BOUND ( 'NONE', #3439, .T. ) ;
#8723 = ADVANCED_FACE ( 'NONE', ( #2512 ), #7808, .T. ) ;
#8724 = CARTESIAN_POINT ( 'NONE',  ( -82.91000571858462820, 39.86866738577930391, 344.3436194894068194 ) ) ;
#8725 = AXIS2_PLACEMENT_3D ( 'NONE', #5401, #5550, #175 ) ;
#8726 = CARTESIAN_POINT ( 'NONE',  ( 89.02293997601957187, 140.8412785472283701, 328.1948299647507383 ) ) ;
#8727 = DIRECTION ( 'NONE',  ( 0.000000000000000000, -2.775557561562888827E-14, 1.000000000000000000 ) ) ;
#8728 = CARTESIAN_POINT ( 'NONE',  ( -5.646457927665212040, 14.18593349462339681, 357.1242978785663240 ) ) ;
#8729 = EDGE_CURVE ( 'NONE', #98, #3929, #7341, .T. ) ;
#8730 = DIRECTION ( 'NONE',  ( 0.000000000000000000, 0.000000000000000000, -1.000000000000000000 ) ) ;
#8731 = CARTESIAN_POINT ( 'NONE',  ( -142.5937089684753403, 94.95596371001531111, 246.2959095877877189 ) ) ;
#8732 = AXIS2_PLACEMENT_3D ( 'NONE', #7563, #3019, #9844 ) ;
#8733 = AXIS2_PLACEMENT_3D ( 'NONE', #9858, #9815, #6781 ) ;
#8734 = CARTESIAN_POINT ( 'NONE',  ( -113.9824199850091162, 14.07537889586557256, 304.1640986442904477 ) ) ;
#8735 = EDGE_LOOP ( 'NONE', ( #2871, #9503, #1867 ) ) ;
#8736 = CARTESIAN_POINT ( 'NONE',  ( -140.4401234253498103, 91.14970649053149998, 248.2774712807923549 ) ) ;
#8737 = CARTESIAN_POINT ( 'NONE',  ( -29.31826257784445744, 13.68089061905095427, 356.3226399152145518 ) ) ;
#8738 = CARTESIAN_POINT ( 'NONE',  ( 33.97163762108233698, 13.62983932224347683, 356.3581519397305897 ) ) ;
#8739 = CYLINDRICAL_SURFACE ( 'NONE', #704, 0.6499999999999839240 ) ;
#8740 = CIRCLE ( 'NONE', #67, 2.000000000000012434 ) ;
#8741 = DIRECTION ( 'NONE',  ( -0.000000000000000000, 1.000000000000000000, 0.000000000000000000 ) ) ;
#8742 = CARTESIAN_POINT ( 'NONE',  ( -140.2317871479269229, 57.48117576124820260, 249.0787997811546290 ) ) ;
#8743 = VECTOR ( 'NONE', #5382, 1000.000000000000114 ) ;
#8744 = ORIENTED_EDGE ( 'NONE', *, *, #6676, .T. ) ;
#8745 = DIRECTION ( 'NONE',  ( -0.3951083689216566830, 0.000000000000000000, -0.9186345175357107928 ) ) ;
#8746 = CARTESIAN_POINT ( 'NONE',  ( -86.12827063230193403, 13.99999999999995737, 331.8091708579985379 ) ) ;
#8747 = CARTESIAN_POINT ( 'NONE',  ( 141.5432329502936852, 96.51102500998091216, 243.6750979887271171 ) ) ;
#8748 = VERTEX_POINT ( 'NONE', #4935 ) ;
#8749 = CIRCLE ( 'NONE', #9392, 2.000000000000001776 ) ;
#8750 = CARTESIAN_POINT ( 'NONE',  ( 1.009719629430382282E-25, 140.9999999999999716, 212.1999999999999602 ) ) ;
#8751 = CARTESIAN_POINT ( 'NONE',  ( -1.252403610354695934E-13, 15.40764810138386309, 357.2049224680258135 ) ) ;
#8752 = CARTESIAN_POINT ( 'NONE',  ( -22.43581482977302954, 12.24395490037263201, 357.1999999999999886 ) ) ;
#8753 = DIRECTION ( 'NONE',  ( 0.000000000000000000, 0.000000000000000000, -1.000000000000000000 ) ) ;
#8754 = ORIENTED_EDGE ( 'NONE', *, *, #4491, .T. ) ;
#8755 = AXIS2_PLACEMENT_3D ( 'NONE', #5241, #614, #6760 ) ;
#8756 = VECTOR ( 'NONE', #7550, 1000.000000000000227 ) ;
#8757 = ORIENTED_EDGE ( 'NONE', *, *, #149, .F. ) ;
#8758 = LINE ( 'NONE', #2616, #821 ) ;
#8759 = EDGE_CURVE ( 'NONE', #3355, #988, #3234, .T. ) ;
#8760 = CARTESIAN_POINT ( 'NONE',  ( -33.85954752427878844, 14.03945360742170756, 354.8118807318416543 ) ) ;
#8761 = VERTEX_POINT ( 'NONE', #4783 ) ;
#8762 = DIRECTION ( 'NONE',  ( 0.6069928224509152370, -2.469608044379535240E-17, -0.7947073130990250922 ) ) ;
#8763 = CARTESIAN_POINT ( 'NONE',  ( 140.4401234253498956, 94.37671144572264836, 248.2774712807920707 ) ) ;
#8764 = VERTEX_POINT ( 'NONE', #7847 ) ;
#8765 = CARTESIAN_POINT ( 'NONE',  ( -19.67457221605326012, 14.80431909534389945, 355.9727262019839600 ) ) ;
#8766 = CARTESIAN_POINT ( 'NONE',  ( 113.3164993548437423, 14.11003425840906367, 304.8037375786793177 ) ) ;
#8767 = CARTESIAN_POINT ( 'NONE',  ( -79.44933523483672388, 39.61571505968341000, 334.9373508155561581 ) ) ;
#8768 = AXIS2_PLACEMENT_3D ( 'NONE', #1929, #472, #426 ) ;
#8769 = CARTESIAN_POINT ( 'NONE',  ( 122.5750880969538201, 140.9999999999999716, 305.4273982154603004 ) ) ;
#8770 = ORIENTED_EDGE ( 'NONE', *, *, #3680, .F. ) ;
#8771 = EDGE_CURVE ( 'NONE', #2213, #9639, #9377, .T. ) ;
#8772 = CARTESIAN_POINT ( 'NONE',  ( -86.64923987557818919, 14.00510225282130605, 330.7704665390616583 ) ) ;
#8773 = CARTESIAN_POINT ( 'NONE',  ( 15.17455675735289411, 12.28796129429230888, 357.1999999999999886 ) ) ;
#8774 = DIRECTION ( 'NONE',  ( -0.000000000000000000, 1.000000000000000000, -0.000000000000000000 ) ) ;
#8775 = VERTEX_POINT ( 'NONE', #8195 ) ;
#8776 = CARTESIAN_POINT ( 'NONE',  ( -122.3240216452302036, 13.99999999999995737, 305.3769527474412371 ) ) ;
#8777 = ORIENTED_EDGE ( 'NONE', *, *, #3476, .T. ) ;
#8778 = CARTESIAN_POINT ( 'NONE',  ( 138.0117288589178202, 49.90281149575436359, 256.6745937528556283 ) ) ;
#8779 = CARTESIAN_POINT ( 'NONE',  ( -68.20185905338433940, 32.56432247523260060, 352.6578869622803154 ) ) ;
#8780 = FACE_OUTER_BOUND ( 'NONE', #3144, .T. ) ;
#8781 = CARTESIAN_POINT ( 'NONE',  ( -79.01298701295576166, 36.99999999999995026, 346.7100289320111415 ) ) ;
#8782 = FACE_OUTER_BOUND ( 'NONE', #1268, .T. ) ;
#8783 = DIRECTION ( 'NONE',  ( 1.000000000000000000, -8.088905766426376234E-27, 2.775557561562888827E-14 ) ) ;
#8784 = CARTESIAN_POINT ( 'NONE',  ( -2.812263215040415432, 15.99999999999995914, 357.1795522108644718 ) ) ;
#8785 = ADVANCED_FACE ( 'NONE', ( #9777 ), #7314, .T. ) ;
#8786 = FACE_OUTER_BOUND ( 'NONE', #7698, .T. ) ;
#8787 = DIRECTION ( 'NONE',  ( 0.000000000000000000, 0.000000000000000000, 1.000000000000000000 ) ) ;
#8788 = ORIENTED_EDGE ( 'NONE', *, *, #638, .T. ) ;
#8789 = CARTESIAN_POINT ( 'NONE',  ( -141.4966089985370559, 89.04015566719699848, 243.8859963335612520 ) ) ;
#8790 = CARTESIAN_POINT ( 'NONE',  ( -19.84604883374928974, 13.53045768293361384, 356.7808204452590530 ) ) ;
#8791 = CARTESIAN_POINT ( 'NONE',  ( 19.25804175232233817, 13.97849050493385192, 356.4603824669234200 ) ) ;
#8792 = AXIS2_PLACEMENT_3D ( 'NONE', #6910, #1004, #6299 ) ;
#8793 = DIRECTION ( 'NONE',  ( -1.000000000000000000, -0.000000000000000000, -8.947009472043195012E-15 ) ) ;
#8794 = VECTOR ( 'NONE', #2686, 1000.000000000000000 ) ;
#8795 = LINE ( 'NONE', #3507, #2959 ) ;
#8796 = EDGE_CURVE ( 'NONE', #567, #4341, #391, .T. ) ;
#8797 = CARTESIAN_POINT ( 'NONE',  ( 93.35076012442273452, 140.9938369952568848, 334.8783676550131077 ) ) ;
#8798 = CARTESIAN_POINT ( 'NONE',  ( -138.8512083273002986, 63.75418910261588934, 253.9779273062196410 ) ) ;
#8799 = DIRECTION ( 'NONE',  ( -0.000000000000000000, -1.000000000000000000, -0.000000000000000000 ) ) ;
#8800 = DIRECTION ( 'NONE',  ( -0.000000000000000000, 1.000000000000000000, -0.000000000000000000 ) ) ;
#8801 = VERTEX_POINT ( 'NONE', #940 ) ;
#8802 = CARTESIAN_POINT ( 'NONE',  ( -122.8308900433865034, 14.01859543019048893, 305.5941864384011524 ) ) ;
#8803 = CARTESIAN_POINT ( 'NONE',  ( 19.65782694227076632, 15.99999999999995914, 355.8890173445405480 ) ) ;
#8804 = CARTESIAN_POINT ( 'NONE',  ( 79.62145579688166208, 39.82160128492127882, 343.0267158287923053 ) ) ;
#8805 = DIRECTION ( 'NONE',  ( 0.000000000000000000, 0.000000000000000000, 1.000000000000000000 ) ) ;
#8806 = EDGE_LOOP ( 'NONE', ( #9414, #938, #5098, #4716 ) ) ;
#8807 = VECTOR ( 'NONE', #8154, 1000.000000000000000 ) ;
#8808 = ADVANCED_FACE ( 'NONE', ( #1148 ), #4217, .T. ) ;
#8809 = EDGE_LOOP ( 'NONE', ( #1856, #4895, #2366 ) ) ;
#8810 = FACE_OUTER_BOUND ( 'NONE', #4096, .T. ) ;
#8811 = CIRCLE ( 'NONE', #1413, 1.999999999999992895 ) ;
#8812 = ORIENTED_EDGE ( 'NONE', *, *, #957, .F. ) ;
#8813 = CARTESIAN_POINT ( 'NONE',  ( -85.46574869419976039, 140.9390330952849126, 331.1805273185087799 ) ) ;
#8814 = CARTESIAN_POINT ( 'NONE',  ( 140.8141308643678542, 93.92468646336354254, 246.8214780037679645 ) ) ;
#8815 = ORIENTED_EDGE ( 'NONE', *, *, #7336, .T. ) ;
#8816 = CARTESIAN_POINT ( 'NONE',  ( -33.76057974012942964, 14.19851763148905910, 354.3796149655968293 ) ) ;
#8817 = VERTEX_POINT ( 'NONE', #1700 ) ;
#8818 = DIRECTION ( 'NONE',  ( -1.000000000000000000, 0.000000000000000000, -1.460819769243638766E-15 ) ) ;
#8819 = CARTESIAN_POINT ( 'NONE',  ( -79.21822726135098947, 39.32781196864795703, 333.6508455246607241 ) ) ;
#8820 = EDGE_CURVE ( 'NONE', #2099, #1510, #4813, .T. ) ;
#8821 = B_SPLINE_CURVE_WITH_KNOTS ( 'NONE', 3,
 ( #9676, #7358, #7692, #455, #5132, #5087, #8198, #1260, #4381, #6707, #6653, #2818, #9009, #3811, #1356, #8435 ),
 .UNSPECIFIED., .F., .F.,
 ( 4, 2, 2, 2, 2, 2, 2, 4 ),
 ( 0.000000000000000000, 0.0002729571948096909981, 0.0005459143896193819961, 0.0008188715844290730484, 0.001091828779238763992, 0.001637743168858146314, 0.001910700363667880083, 0.002183657558477613420 ),
 .UNSPECIFIED. ) ;
#8822 = ORIENTED_EDGE ( 'NONE', *, *, #5582, .F. ) ;
#8823 = CARTESIAN_POINT ( 'NONE',  ( 0.000000000000000000, 13.99999999999995737, 212.1999999999999602 ) ) ;
#8824 = CYLINDRICAL_SURFACE ( 'NONE', #8529, 0.6499999999999839240 ) ;
#8825 = CARTESIAN_POINT ( 'NONE',  ( 1.009719629430382282E-25, 13.99999999999995737, 212.1999999999999602 ) ) ;
#8826 = ORIENTED_EDGE ( 'NONE', *, *, #6548, .T. ) ;
#8827 = CARTESIAN_POINT ( 'NONE',  ( 115.5426391678579847, 13.99999999999995737, 308.7293316430789218 ) ) ;
#8828 = ORIENTED_EDGE ( 'NONE', *, *, #1479, .F. ) ;
#8829 = DIRECTION ( 'NONE',  ( -2.358337042259725628E-14, -0.7637941823953553477, 0.6454598724467778270 ) ) ;
#8830 = DIRECTION ( 'NONE',  ( 0.000000000000000000, 0.000000000000000000, -1.000000000000000000 ) ) ;
#8831 = PLANE ( 'NONE',  #606 ) ;
#8832 = EDGE_CURVE ( 'NONE', #7323, #3425, #2606, .T. ) ;
#8833 = EDGE_CURVE ( 'NONE', #7156, #7284, #6506, .T. ) ;
#8834 = CARTESIAN_POINT ( 'NONE',  ( 122.3240216452302036, 13.99999999999995737, 306.6769527474412484 ) ) ;
#8835 = CARTESIAN_POINT ( 'NONE',  ( -79.41421356234891960, 21.13414141223076470, 346.8797868603006691 ) ) ;
#8836 = CARTESIAN_POINT ( 'NONE',  ( -9.383593341984196812, 15.70005632591073308, 356.9033990991324572 ) ) ;
#8837 = CYLINDRICAL_SURFACE ( 'NONE', #6617, 2.000000000000001776 ) ;
#8838 = DIRECTION ( 'NONE',  ( -0.000000000000000000, 1.000000000000000000, -0.000000000000000000 ) ) ;
#8839 = CARTESIAN_POINT ( 'NONE',  ( -140.8143064849449502, 93.92701808924667262, 246.8207562452195702 ) ) ;
#8840 = DIRECTION ( 'NONE',  ( 0.000000000000000000, 1.000000000000000000, -0.000000000000000000 ) ) ;
#8841 = DIRECTION ( 'NONE',  ( 0.000000000000000000, 1.000000000000000000, -0.000000000000000000 ) ) ;
#8842 = CARTESIAN_POINT ( 'NONE',  ( -28.47413207041885030, 13.48535777873666852, 356.5828042550626265 ) ) ;
#8843 = CARTESIAN_POINT ( 'NONE',  ( 29.29926811011315024, 14.00048720757274445, 355.6707118683588078 ) ) ;
#8844 = CARTESIAN_POINT ( 'NONE',  ( -89.51942958686133522, 140.8936875026192865, 327.9649576916510227 ) ) ;
#8845 = EDGE_CURVE ( 'NONE', #9787, #511, #401, .T. ) ;
#8846 = CARTESIAN_POINT ( 'NONE',  ( 85.69129513981420132, 140.9999999999999716, 331.6403697970716848 ) ) ;
#8847 = CARTESIAN_POINT ( 'NONE',  ( -136.7335445112951504, 62.68169399957410093, 260.4607474575992683 ) ) ;
#8848 = DIRECTION ( 'NONE',  ( -0.5423039920575078998, 0.8401823493733312498, -8.480217734338405221E-16 ) ) ;
#8849 = CARTESIAN_POINT ( 'NONE',  ( 80.08875050805936269, 19.91163362225323752, 346.0749597788827714 ) ) ;
#8850 = ORIENTED_EDGE ( 'NONE', *, *, #4315, .T. ) ;
#8851 = CARTESIAN_POINT ( 'NONE',  ( -93.35076012443974491, 14.00616300474525744, 334.8783676550358450 ) ) ;
#8852 = CARTESIAN_POINT ( 'NONE',  ( 22.25139440725361339, 15.80347230295006966, 355.5122437708181451 ) ) ;
#8853 = CARTESIAN_POINT ( 'NONE',  ( -28.05098676510658251, 12.42918344524388630, 357.1711733553615886 ) ) ;
#8854 = CARTESIAN_POINT ( 'NONE',  ( -145.9999999999969020, 138.9999999999999432, 261.1897948556726874 ) ) ;
#8855 = VERTEX_POINT ( 'NONE', #7251 ) ;
#8856 = EDGE_CURVE ( 'NONE', #9160, #5940, #6491, .T. ) ;
#8857 = ORIENTED_EDGE ( 'NONE', *, *, #171, .T. ) ;
#8858 = CARTESIAN_POINT ( 'NONE',  ( -79.99999999996914823, 40.99999999999996447, 342.5533658944219724 ) ) ;
#8859 = CIRCLE ( 'NONE', #4195, 2.000000000000001776 ) ;
#8860 = EDGE_CURVE ( 'NONE', #2213, #4933, #9239, .T. ) ;
#8861 = ORIENTED_EDGE ( 'NONE', *, *, #2494, .F. ) ;
#8862 = B_SPLINE_CURVE_WITH_KNOTS ( 'NONE', 3,
 ( #2748, #2659, #8032, #2089 ),
 .UNSPECIFIED., .F., .F.,
 ( 4, 4 ),
 ( 0.000000000000000000, 0.0006114683874161341067 ),
 .UNSPECIFIED. ) ;
#8863 = CARTESIAN_POINT ( 'NONE',  ( 142.6941388685685581, 95.28174243923768927, 246.0328815426340157 ) ) ;
#8864 = ORIENTED_EDGE ( 'NONE', *, *, #6418, .T. ) ;
#8865 = CARTESIAN_POINT ( 'NONE',  ( -12.46247904306215304, 13.81305319070579074, 356.9321791111992184 ) ) ;
#8866 = CARTESIAN_POINT ( 'NONE',  ( 119.8453384977124898, 14.11502266376076697, 309.9857586946546348 ) ) ;
#8867 = DIRECTION ( 'NONE',  ( 0.5189873417719462756, 0.000000000000000000, 0.8547819248676760129 ) ) ;
#8868 = AXIS2_PLACEMENT_3D ( 'NONE', #6002, #7381, #8171 ) ;
#8869 = VERTEX_POINT ( 'NONE', #8873 ) ;
#8870 = CARTESIAN_POINT ( 'NONE',  ( -1.192428599601216750E-13, 15.65872649004238681, 357.1999999999999886 ) ) ;
#8871 = DIRECTION ( 'NONE',  ( 0.000000000000000000, 0.000000000000000000, 1.000000000000000000 ) ) ;
#8872 = ORIENTED_EDGE ( 'NONE', *, *, #9318, .F. ) ;
#8873 = CARTESIAN_POINT ( 'NONE',  ( -89.89660670067678438, 140.9999999999999716, 336.7532357656841668 ) ) ;
#8874 = AXIS2_PLACEMENT_3D ( 'NONE', #949, #259, #4029 ) ;
#8875 = ORIENTED_EDGE ( 'NONE', *, *, #8469, .T. ) ;
#8876 = CARTESIAN_POINT ( 'NONE',  ( -147.9999999999968736, 138.9999999999999432, 244.5153120237364419 ) ) ;
#8877 = FACE_OUTER_BOUND ( 'NONE', #6859, .T. ) ;
#8878 = CARTESIAN_POINT ( 'NONE',  ( 1.009719629430382282E-25, 13.99999999999995737, 212.1999999999999602 ) ) ;
#8879 = LINE ( 'NONE', #3444, #7994 ) ;
#8880 = CIRCLE ( 'NONE', #4722, 2.000000000000001776 ) ;
#8881 = CYLINDRICAL_SURFACE ( 'NONE', #6197, 2.000000000000001776 ) ;
#8882 = CIRCLE ( 'NONE', #7119, 154.0000000000000000 ) ;
#8883 = CARTESIAN_POINT ( 'NONE',  ( 61.61575490295718538, 37.91281810558092502, 356.0033129380125274 ) ) ;
#8884 = B_SPLINE_CURVE_WITH_KNOTS ( 'NONE', 3,
 ( #7793, #3862, #3095, #7143, #891, #7741, #1743, #9394, #7091, #3968, #9253, #4065, #142, #3193, #9340, #2444 ),
 .UNSPECIFIED., .F., .F.,
 ( 4, 2, 2, 2, 2, 2, 2, 4 ),
 ( 0.000000000000000000, 0.0002730687980526910513, 0.0005461375961053821027, 0.001092275192210787190, 0.001365343990263503992, 0.001638412788316220793, 0.001911481586368937594, 0.002184550384421654612 ),
 .UNSPECIFIED. ) ;
#8885 = CARTESIAN_POINT ( 'NONE',  ( 142.9443858061668209, 86.24400526705728964, 274.6737255530312041 ) ) ;
#8886 = CARTESIAN_POINT ( 'NONE',  ( 114.9868182377109633, 14.00579224057583083, 303.5410647533963697 ) ) ;
#8887 = CARTESIAN_POINT ( 'NONE',  ( -140.3838080204279493, 93.09141599277181456, 248.4958185704011839 ) ) ;
#8888 = DIRECTION ( 'NONE',  ( 8.947009472043195012E-15, 0.000000000000000000, -1.000000000000000000 ) ) ;
#8889 = ADVANCED_FACE ( 'NONE', ( #1771 ), #5753, .F. ) ;
#8890 = LINE ( 'NONE', #1989, #7598 ) ;
#8891 = LINE ( 'NONE', #2791, #1642 ) ;
#8892 = CARTESIAN_POINT ( 'NONE',  ( -33.35261000712966961, 13.98104111360096447, 355.4876839066919274 ) ) ;
#8893 = CARTESIAN_POINT ( 'NONE',  ( 29.25468774631610103, 14.06611552979706303, 355.4796258074484285 ) ) ;
#8894 = VECTOR ( 'NONE', #8762, 999.9999999999998863 ) ;
#8895 = AXIS2_PLACEMENT_3D ( 'NONE', #7733, #9047, #6784 ) ;
#8896 = CARTESIAN_POINT ( 'NONE',  ( -120.1980531126538523, 14.17831449327945670, 309.7893181325033538 ) ) ;
#8897 = DIRECTION ( 'NONE',  ( -4.382459307730909397E-15, 0.000000000000000000, -1.000000000000000000 ) ) ;
#8898 = AXIS2_PLACEMENT_3D ( 'NONE', #3797, #3739, #7674 ) ;
#8899 = CARTESIAN_POINT ( 'NONE',  ( -1.140530837077991088E-13, 11.99999999999995737, 355.1999999999999318 ) ) ;
#8900 = CARTESIAN_POINT ( 'NONE',  ( -137.2116243443483086, 63.48284583846871953, 259.0830430934698256 ) ) ;
#8901 = DIRECTION ( 'NONE',  ( -3.909236002201258302E-15, 0.000000000000000000, -1.000000000000000000 ) ) ;
#8902 = EDGE_CURVE ( 'NONE', #123, #4681, #5218, .T. ) ;
#8903 = ORIENTED_EDGE ( 'NONE', *, *, #2993, .F. ) ;
#8904 = CARTESIAN_POINT ( 'NONE',  ( 143.2654849792909317, 89.21309049571955541, 244.4719800655229847 ) ) ;
#8905 = CARTESIAN_POINT ( 'NONE',  ( 143.4040466960726690, 89.10563749711471360, 244.0740061846825313 ) ) ;
#8906 = CARTESIAN_POINT ( 'NONE',  ( -143.4040466960718732, 87.15493271257520291, 244.5153120237268922 ) ) ;
#8907 = CIRCLE ( 'NONE', #3264, 156.0000000000000000 ) ;
#8908 = AXIS2_PLACEMENT_3D ( 'NONE', #6474, #5953, #16 ) ;
#8909 = UNCERTAINTY_MEASURE_WITH_UNIT (LENGTH_MEASURE( 1.000000000000000082E-05 ), #5147, 'distance_accuracy_value', 'NONE');
#8910 = B_SPLINE_CURVE_WITH_KNOTS ( 'NONE', 3,
 ( #6741, #491, #6641, #4324, #6695, #2892, #2093, #6024, #2144, #8187 ),
 .UNSPECIFIED., .F., .F.,
 ( 4, 2, 2, 2, 4 ),
 ( 0.000000000000000000, 0.0004057803915322678780, 0.0008115607830645357561, 0.001217341174596803634, 0.001623121566129071512 ),
 .UNSPECIFIED. ) ;
#8911 = VERTEX_POINT ( 'NONE', #8776 ) ;
#8912 = DIRECTION ( 'NONE',  ( -0.8476146798897346013, 0.000000000000000000, -0.5306122448977436123 ) ) ;
#8913 = VECTOR ( 'NONE', #9346, 1000.000000000000000 ) ;
#8914 = EDGE_CURVE ( 'NONE', #465, #5092, #6670, .T. ) ;
#8915 = ORIENTED_EDGE ( 'NONE', *, *, #6604, .F. ) ;
#8916 = CARTESIAN_POINT ( 'NONE',  ( -146.0000000000150067, 140.9999999999999716, 242.5153120237268922 ) ) ;
#8917 = CARTESIAN_POINT ( 'NONE',  ( -90.73246484126646294, 140.8313341622674102, 337.6268400505548470 ) ) ;
#8918 = ORIENTED_EDGE ( 'NONE', *, *, #9856, .T. ) ;
#8919 = CARTESIAN_POINT ( 'NONE',  ( -7.842305037599146544, 13.86582555736461764, 357.0860036006853875 ) ) ;
#8920 = VERTEX_POINT ( 'NONE', #5048 ) ;
#8921 = CARTESIAN_POINT ( 'NONE',  ( -121.0044252406987653, 140.9999999999999716, 302.7155414760613894 ) ) ;
#8922 = CIRCLE ( 'NONE', #2640, 2.000000000000001776 ) ;
#8923 = VERTEX_POINT ( 'NONE', #3438 ) ;
#8924 = AXIS2_PLACEMENT_3D ( 'NONE', #9734, #1308, #6036 ) ;
#8925 = ORIENTED_EDGE ( 'NONE', *, *, #6, .T. ) ;
#8926 = EDGE_CURVE ( 'NONE', #1187, #4598, #2808, .T. ) ;
#8927 = CARTESIAN_POINT ( 'NONE',  ( -94.14062209894025557, 140.8287622000488000, 335.0967532891002065 ) ) ;
#8928 = CARTESIAN_POINT ( 'NONE',  ( -91.01468838058721644, 140.9938369952535311, 336.6213518866592267 ) ) ;
#8929 = DIRECTION ( 'NONE',  ( -0.000000000000000000, 1.000000000000000000, 0.000000000000000000 ) ) ;
#8930 = ORIENTED_EDGE ( 'NONE', *, *, #4960, .T. ) ;
#8931 = CIRCLE ( 'NONE', #7942, 2.000000000000015987 ) ;
#8932 = DIRECTION ( 'NONE',  ( -0.000000000000000000, -1.000000000000000000, -0.000000000000000000 ) ) ;
#8933 = VERTEX_POINT ( 'NONE', #319 ) ;
#8934 = CARTESIAN_POINT ( 'NONE',  ( -136.7363315920077582, 51.32489498246946624, 260.4515487342967504 ) ) ;
#8935 = CARTESIAN_POINT ( 'NONE',  ( -116.1903880662150215, 14.00510225281473708, 302.0155889996583483 ) ) ;
#8936 = CARTESIAN_POINT ( 'NONE',  ( 91.02301328375070000, 140.8358593534577210, 337.4060136391311175 ) ) ;
#8937 = CIRCLE ( 'NONE', #7328, 2.000000000000011990 ) ;
#8938 = EDGE_CURVE ( 'NONE', #7259, #5445, #9478, .T. ) ;
#8939 = DIRECTION ( 'NONE',  ( 0.000000000000000000, 0.000000000000000000, 1.000000000000000000 ) ) ;
#8940 = PLANE ( 'NONE',  #8868 ) ;
#8941 = CARTESIAN_POINT ( 'NONE',  ( 140.7498283939769692, 88.91460651132609883, 247.0500752257044326 ) ) ;
#8942 = ORIENTED_EDGE ( 'NONE', *, *, #1311, .F. ) ;
#8943 = DIRECTION ( 'NONE',  ( -0.9186345175356984694, 0.000000000000000000, -0.3951083689216849382 ) ) ;
#8944 = CARTESIAN_POINT ( 'NONE',  ( 115.9760021496359883, 14.05862634257217003, 301.7286068960132184 ) ) ;
#8945 = CARTESIAN_POINT ( 'NONE',  ( -33.42270814577187821, 14.00015542515822808, 355.2501708852825573 ) ) ;
#8946 = CARTESIAN_POINT ( 'NONE',  ( 28.39804603347514345, 14.71099941019190105, 354.8101504664694517 ) ) ;
#8947 = CARTESIAN_POINT ( 'NONE',  ( -120.2235027540945396, 14.01693203117151931, 308.9102376518299593 ) ) ;
#8948 = EDGE_CURVE ( 'NONE', #9049, #9197, #466, .T. ) ;
#8949 = CARTESIAN_POINT ( 'NONE',  ( -1.184617445362766262E-13, 34.82568710166408721, 360.7275883647906767 ) ) ;
#8950 = DIRECTION ( 'NONE',  ( 0.000000000000000000, -1.000000000000000000, 0.000000000000000000 ) ) ;
#8951 = CARTESIAN_POINT ( 'NONE',  ( -132.2800561414787239, 88.70063083888318545, 271.5885449504481244 ) ) ;
#8952 = FACE_OUTER_BOUND ( 'NONE', #5183, .T. ) ;
#8953 = CARTESIAN_POINT ( 'NONE',  ( 33.66408990811153501, 14.58577828736142656, 353.8402225233363083 ) ) ;
#8954 = ORIENTED_EDGE ( 'NONE', *, *, #3837, .F. ) ;
#8955 = CARTESIAN_POINT ( 'NONE',  ( 128.7613009995550044, 89.97422520020273851, 278.8747880754185644 ) ) ;
#8956 = CARTESIAN_POINT ( 'NONE',  ( 5.623946089959843242, 15.99999999999995914, 357.0977246745366642 ) ) ;
#8957 = CARTESIAN_POINT ( 'NONE',  ( 82.59554681728126013, 39.11117429687039504, 344.5404462093788993 ) ) ;
#8958 = DIRECTION ( 'NONE',  ( -0.000000000000000000, -1.000000000000000000, -0.000000000000000000 ) ) ;
#8959 = EDGE_CURVE ( 'NONE', #9593, #2215, #2684, .T. ) ;
#8960 = AXIS2_PLACEMENT_3D ( 'NONE', #4088, #4787, #7812 ) ;
#8961 = CARTESIAN_POINT ( 'NONE',  ( -141.0464342965640299, 90.49167910244322854, 278.8476307539801837 ) ) ;
#8962 = ORIENTED_EDGE ( 'NONE', *, *, #68, .F. ) ;
#8963 = CARTESIAN_POINT ( 'NONE',  ( -79.51405659396864678, 37.00000000424930136, 346.4156939696927111 ) ) ;
#8964 = ORIENTED_EDGE ( 'NONE', *, *, #1563, .T. ) ;
#8965 = DIRECTION ( 'NONE',  ( 0.000000000000000000, 1.000000000000000000, -4.773959005888169085E-12 ) ) ;
#8966 = ORIENTED_EDGE ( 'NONE', *, *, #8168, .F. ) ;
#8967 = CARTESIAN_POINT ( 'NONE',  ( -16.32123653476175207, 14.09511685410564752, 356.5977934752815486 ) ) ;
#8968 = CARTESIAN_POINT ( 'NONE',  ( 119.9791691429846310, 14.14726409069029955, 309.9440486096540894 ) ) ;
#8969 = DIRECTION ( 'NONE',  ( 0.000000000000000000, -1.000000000000000000, 0.000000000000000000 ) ) ;
#8970 = ORIENTED_EDGE ( 'NONE', *, *, #1374, .T. ) ;
#8971 = EDGE_CURVE ( 'NONE', #7705, #8563, #4144, .T. ) ;
#8972 = VECTOR ( 'NONE', #5825, 1000.000000000000000 ) ;
#8973 = ORIENTED_EDGE ( 'NONE', *, *, #2612, .F. ) ;
#8974 = CARTESIAN_POINT ( 'NONE',  ( -21.50318150805012252, 15.10251707703356594, 355.6498967193892895 ) ) ;
#8975 = CARTESIAN_POINT ( 'NONE',  ( 2.826611360352335289, 14.09024927322193044, 357.1838179313455726 ) ) ;
#8976 = ORIENTED_EDGE ( 'NONE', *, *, #5055, .T. ) ;
#8977 = CARTESIAN_POINT ( 'NONE',  ( 30.82163489686919533, 15.99999999999995914, 353.9150555372264080 ) ) ;
#8978 = ORIENTED_EDGE ( 'NONE', *, *, #5227, .T. ) ;
#8979 = CARTESIAN_POINT ( 'NONE',  ( 87.21910220580845419, 13.99999999999995737, 335.6016304062260929 ) ) ;
#8980 = CARTESIAN_POINT ( 'NONE',  ( 143.4040466960726690, 87.15493271257436447, 244.5153120237232258 ) ) ;
#8981 = DIRECTION ( 'NONE',  ( -0.000000000000000000, 1.000000000000000000, -0.000000000000000000 ) ) ;
#8982 = EDGE_CURVE ( 'NONE', #4690, #567, #4262, .T. ) ;
#8983 = CARTESIAN_POINT ( 'NONE',  ( -1.406131330131225488, 15.99999999999995914, 357.1999999999999886 ) ) ;
#8984 = ORIENTED_EDGE ( 'NONE', *, *, #705, .T. ) ;
#8985 = DIRECTION ( 'NONE',  ( 0.3951083689216849937, 0.000000000000000000, -0.9186345175356985804 ) ) ;
#8986 = FACE_OUTER_BOUND ( 'NONE', #735, .T. ) ;
#8987 = ADVANCED_FACE ( 'NONE', ( #2576 ), #4954, .F. ) ;
#8988 = ORIENTED_EDGE ( 'NONE', *, *, #6605, .F. ) ;
#8989 = DIRECTION ( 'NONE',  ( 0.6194054863512384879, 0.000000000000000000, -0.7850712346519809204 ) ) ;
#8990 = CARTESIAN_POINT ( 'NONE',  ( 24.88406077886604706, 14.20935359800530762, 355.7628462296009388 ) ) ;
#8991 = CARTESIAN_POINT ( 'NONE',  ( 146.0000000000150067, 87.15493271257436447, 244.5153120237258690 ) ) ;
#8992 = CARTESIAN_POINT ( 'NONE',  ( -33.66408990811194712, 14.58577828736140525, 353.8402225233362515 ) ) ;
#8993 = CARTESIAN_POINT ( 'NONE',  ( 93.41254368036842948, 140.9857077682269733, 334.9611743819256162 ) ) ;
#8994 = FACE_OUTER_BOUND ( 'NONE', #9754, .T. ) ;
#8995 = PLANE ( 'NONE',  #40 ) ;
#8996 = CARTESIAN_POINT ( 'NONE',  ( 29.19527642180809579, 36.99999999999995026, 356.2716343860032566 ) ) ;
#8997 = ORIENTED_EDGE ( 'NONE', *, *, #8497, .T. ) ;
#8998 = ORIENTED_EDGE ( 'NONE', *, *, #3721, .T. ) ;
#8999 = DIRECTION ( 'NONE',  ( -1.082467449009526617E-12, -1.000000000000000000, -0.000000000000000000 ) ) ;
#9000 = CARTESIAN_POINT ( 'NONE',  ( -87.42793026049911020, 14.00579224057470462, 330.1894719417209672 ) ) ;
#9001 = CARTESIAN_POINT ( 'NONE',  ( 77.99999999996877875, 38.99999999999995026, 344.9855413816009673 ) ) ;
#9002 = CYLINDRICAL_SURFACE ( 'NONE', #1041, 0.6499999999999839240 ) ;
#9003 = FACE_OUTER_BOUND ( 'NONE', #8173, .T. ) ;
#9004 = VERTEX_POINT ( 'NONE', #419 ) ;
#9005 = CARTESIAN_POINT ( 'NONE',  ( 89.50628086271555617, 13.99999999999995737, 328.6387779885129703 ) ) ;
#9006 = ORIENTED_EDGE ( 'NONE', *, *, #4250, .F. ) ;
#9007 = CARTESIAN_POINT ( 'NONE',  ( 114.3850335511374539, 13.99999999999995737, 304.3038023417666977 ) ) ;
#9008 = EDGE_CURVE ( 'NONE', #5126, #5323, #4673, .T. ) ;
#9009 = CARTESIAN_POINT ( 'NONE',  ( 89.85660708832702426, 14.03064730116616765, 328.0838181946962209 ) ) ;
#9010 = CARTESIAN_POINT ( 'NONE',  ( -29.61765242537355647, 14.39076528138046740, 354.9087914392378593 ) ) ;
#9011 = DIRECTION ( 'NONE',  ( -1.570092458682270908E-16, -0.7637941823953527942, 0.6454598724467808246 ) ) ;
#9012 = CARTESIAN_POINT ( 'NONE',  ( -1.110223024625156540E-13, 38.99999999999995737, 356.2716343860031998 ) ) ;
#9013 = EDGE_LOOP ( 'NONE', ( #294, #3926, #4118, #9637 ) ) ;
#9014 = B_SPLINE_CURVE_WITH_KNOTS ( 'NONE', 3,
 ( #4375, #7401, #1765, #4837, #497, #7898, #7545, #1350, #9202, #9826 ),
 .UNSPECIFIED., .F., .F.,
 ( 4, 2, 2, 2, 4 ),
 ( 0.0006125585588373453488, 0.001018806373244980417, 0.001425054187652615486, 0.001831302002060250554, 0.002237549816467885623 ),
 .UNSPECIFIED. ) ;
#9015 = CIRCLE ( 'NONE', #6773, 0.6499999999999839240 ) ;
#9016 = ORIENTED_EDGE ( 'NONE', *, *, #7544, .T. ) ;
#9017 = CARTESIAN_POINT ( 'NONE',  ( -78.68110379975098567, 6.412818105582043238, 360.2801680916070950 ) ) ;
#9018 = CARTESIAN_POINT ( 'NONE',  ( 147.9999999999984652, 51.97009658510199870, 261.1897948556680831 ) ) ;
#9019 = ORIENTED_EDGE ( 'NONE', *, *, #5827, .T. ) ;
#9020 = ADVANCED_FACE ( 'NONE', ( #4902 ), #1174, .T. ) ;
#9021 = CARTESIAN_POINT ( 'NONE',  ( 89.89660670089290306, 13.99999999999995737, 336.7532357657497641 ) ) ;
#9022 = ORIENTED_EDGE ( 'NONE', *, *, #6797, .F. ) ;
#9023 = CARTESIAN_POINT ( 'NONE',  ( 144.3410698873659612, 89.97422520020263903, 271.3747880754171433 ) ) ;
#9024 = CARTESIAN_POINT ( 'NONE',  ( -88.98531161943931522, 14.00510225282130605, 329.0274823074498727 ) ) ;
#9025 = CARTESIAN_POINT ( 'NONE',  ( 90.49371913728364802, 140.8767977190233012, 337.6600562055618866 ) ) ;
#9026 = VECTOR ( 'NONE', #6156, 1000.000000000000000 ) ;
#9027 = CARTESIAN_POINT ( 'NONE',  ( -120.7178382359777515, 14.00544029758377462, 308.0627248224687946 ) ) ;
#9028 = CIRCLE ( 'NONE', #1632, 2.000000000000001776 ) ;
#9029 = CARTESIAN_POINT ( 'NONE',  ( 135.7054022982014487, 57.47546683156139125, 263.2787997811547029 ) ) ;
#9030 = DIRECTION ( 'NONE',  ( 0.000000000000000000, 0.000000000000000000, 1.000000000000000000 ) ) ;
#9031 = ORIENTED_EDGE ( 'NONE', *, *, #4002, .T. ) ;
#9032 = CARTESIAN_POINT ( 'NONE',  ( 19.31115103402482092, 34.69370236331335633, 356.2339432253594964 ) ) ;
#9033 = EDGE_CURVE ( 'NONE', #796, #6043, #2032, .T. ) ;
#9034 = DIRECTION ( 'NONE',  ( 0.9120010179662053629, -0.000000000000000000, 0.4101879364737650580 ) ) ;
#9035 = ORIENTED_EDGE ( 'NONE', *, *, #6116, .F. ) ;
#9036 = B_SPLINE_CURVE_WITH_KNOTS ( 'NONE', 3,
 ( #9822, #7390, #5014, #8896, #5816, #2040, #290, #3351, #8947, #1140 ),
 .UNSPECIFIED., .F., .F.,
 ( 4, 2, 2, 2, 4 ),
 ( 0.0006149445947856422602, 0.001020723251762709494, 0.001426501908739776512, 0.001832280565716843529, 0.002238059222693910763 ),
 .UNSPECIFIED. ) ;
#9037 = CARTESIAN_POINT ( 'NONE',  ( 31.90668695715775982, 13.96031064406113131, 355.6365849626076283 ) ) ;
#9038 = CARTESIAN_POINT ( 'NONE',  ( -114.3850335512113645, 14.00510225281460741, 304.3038023418249622 ) ) ;
#9039 = CARTESIAN_POINT ( 'NONE',  ( -117.0255849497355172, 13.99999999999995381, 301.0114278111515773 ) ) ;
#9040 = CIRCLE ( 'NONE', #2916, 0.6499999999999839240 ) ;
#9041 = CARTESIAN_POINT ( 'NONE',  ( -85.69129513981418711, 140.9999999999999716, 331.6403697970716848 ) ) ;
#9042 = EDGE_CURVE ( 'NONE', #5308, #2436, #7418, .T. ) ;
#9043 = DIRECTION ( 'NONE',  ( 1.000000000000000000, -0.000000000000000000, -0.000000000000000000 ) ) ;
#9044 = DIRECTION ( 'NONE',  ( -0.5980066445182682378, 0.000000000000000000, -0.8014911435019114183 ) ) ;
#9045 = CARTESIAN_POINT ( 'NONE',  ( 85.56707076141105972, 140.8558908260595217, 330.8068266739255137 ) ) ;
#9046 = CIRCLE ( 'NONE', #3416, 2.000000000000001776 ) ;
#9047 = DIRECTION ( 'NONE',  ( -1.000000000000000000, 0.000000000000000000, 0.000000000000000000 ) ) ;
#9048 = AXIS2_PLACEMENT_3D ( 'NONE', #134, #1088, #974 ) ;
#9049 = VERTEX_POINT ( 'NONE', #7471 ) ;
#9050 = ORIENTED_EDGE ( 'NONE', *, *, #2883, .F. ) ;
#9051 = FACE_OUTER_BOUND ( 'NONE', #433, .T. ) ;
#9052 = CARTESIAN_POINT ( 'NONE',  ( 78.24690355809748610, 38.99999999999995026, 344.6954724881952075 ) ) ;
#9053 = ORIENTED_EDGE ( 'NONE', *, *, #8145, .T. ) ;
#9054 = AXIS2_PLACEMENT_3D ( 'NONE', #8582, #1692, #4765 ) ;
#9055 = CARTESIAN_POINT ( 'NONE',  ( 72.62038300803001789, 13.87508107177691485, 355.9106728711753362 ) ) ;
#9056 = AXIS2_PLACEMENT_3D ( 'NONE', #6170, #9968, #6929 ) ;
#9057 = DIRECTION ( 'NONE',  ( 0.000000000000000000, 0.000000000000000000, 1.000000000000000000 ) ) ;
#9058 = ORIENTED_EDGE ( 'NONE', *, *, #5703, .F. ) ;
#9059 = CARTESIAN_POINT ( 'NONE',  ( -79.99999999992782307, -143480.6286883172870, 121615.2081931429566 ) ) ;
#9060 = VERTEX_POINT ( 'NONE', #656 ) ;
#9061 = EDGE_LOOP ( 'NONE', ( #6957, #4435, #4696, #7351, #6120, #7463, #559, #3218, #1946, #4651, #9452, #839, #7663, #8470, #4173, #1490 ) ) ;
#9062 = CARTESIAN_POINT ( 'NONE',  ( -88.91996283418593805, 14.13607268530499539, 328.3439230581216748 ) ) ;
#9063 = VECTOR ( 'NONE', #8056, 1000.000000000000000 ) ;
#9064 = DIRECTION ( 'NONE',  ( -0.000000000000000000, 1.000000000000000000, 0.000000000000000000 ) ) ;
#9065 = FACE_OUTER_BOUND ( 'NONE', #2405, .T. ) ;
#9066 = CARTESIAN_POINT ( 'NONE',  ( 128.7613009995557150, 90.23326625731301931, 278.8747880754170865 ) ) ;
#9067 = ORIENTED_EDGE ( 'NONE', *, *, #1764, .T. ) ;
#9068 = AXIS2_PLACEMENT_3D ( 'NONE', #396, #7935, #5676 ) ;
#9069 = ADVANCED_FACE ( 'NONE', ( #8262 ), #2870, .T. ) ;
#9070 = ORIENTED_EDGE ( 'NONE', *, *, #3777, .F. ) ;
#9071 = CARTESIAN_POINT ( 'NONE',  ( 62.98310312777605446, 38.99999999999996447, 354.6540263315939683 ) ) ;
#9072 = CARTESIAN_POINT ( 'NONE',  ( -80.85404329639752063, 40.43050003380125190, 332.5645657390400061 ) ) ;
#9073 = ORIENTED_EDGE ( 'NONE', *, *, #22, .T. ) ;
#9074 = CIRCLE ( 'NONE', #8106, 2.000000000000000000 ) ;
#9075 = CARTESIAN_POINT ( 'NONE',  ( 121.9214080791018944, 14.00616300474300502, 306.5372490499650553 ) ) ;
#9076 = VERTEX_POINT ( 'NONE', #9841 ) ;
#9077 = DIRECTION ( 'NONE',  ( -1.000000000000000000, 0.000000000000000000, -1.460819769243638766E-15 ) ) ;
#9078 = B_SPLINE_CURVE_WITH_KNOTS ( 'NONE', 3,
 ( #2176, #9029, #1379, #4449, #4495, #7524, #5249, #5441, #167, #7120, #4097, #4748, #8665, #222, #71, #2524, #1720, #2471, #7902, #3126, #3220, #1014, #6211, #7172, #3996, #5487, #5393, #7069, #6307, #8465, #865, #4839, #120, #7856, #6359, #3277, #4041, #9421, #9368, #6253, #3070, #5541, #5595, #917, #4792, #8616 ),
 .UNSPECIFIED., .F., .F.,
 ( 4, 2, 2, 2, 2, 2, 2, 2, 2, 2, 2, 2, 2, 2, 2, 2, 2, 2, 2, 2, 2, 2, 4 ),
 ( 0.02276470009502988209, 0.02418663825926463395, 0.02489760734138200815, 0.02560857642349938582, 0.02631954550561676001, 0.02703051458773413768, 0.02845245275196901444, 0.02916342183408641986, 0.02987439091620381140, 0.03129632908043861877, 0.03271826724467342962, 0.03342923632679092177, 0.03414020540890841393, 0.03556214357314321783, 0.03627311265526055040, 0.03698408173737787602, 0.03840601990161269380, 0.03982795806584751852, 0.04124989623008233630, 0.04196086531219973825, 0.04267183439431717490, 0.04409377255855201350, 0.04551571072278685903 ),
 .UNSPECIFIED. ) ;
#9079 = AXIS2_PLACEMENT_3D ( 'NONE', #9786, #3441, #2863 ) ;
#9080 = CARTESIAN_POINT ( 'NONE',  ( -77.99999999996914823, 40.99999999999995737, 357.2000000000000455 ) ) ;
#9081 = EDGE_CURVE ( 'NONE', #9935, #2665, #6349, .T. ) ;
#9082 = CARTESIAN_POINT ( 'NONE',  ( 116.5930016322708553, 13.99999999999995737, 301.5052926970773228 ) ) ;
#9083 = AXIS2_PLACEMENT_3D ( 'NONE', #2241, #3711, #5229 ) ;
#9084 = CARTESIAN_POINT ( 'NONE',  ( -28.32385729396074581, 13.41460124285848110, 356.6138258818876352 ) ) ;
#9085 = FACE_OUTER_BOUND ( 'NONE', #46, .T. ) ;
#9086 = FACE_OUTER_BOUND ( 'NONE', #6181, .T. ) ;
#9087 = ORIENTED_EDGE ( 'NONE', *, *, #5614, .T. ) ;
#9088 = CARTESIAN_POINT ( 'NONE',  ( 88.98531161940533707, 14.00510225282537036, 329.0274823074042843 ) ) ;
#9089 = CARTESIAN_POINT ( 'NONE',  ( 116.1180648987531896, 14.01169490509406756, 301.9585274684966976 ) ) ;
#9090 = AXIS2_PLACEMENT_3D ( 'NONE', #628, #724, #2086 ) ;
#9091 = CARTESIAN_POINT ( 'NONE',  ( 34.01611804082740065, 13.99999999999995559, 355.1999999999999318 ) ) ;
#9092 = DIRECTION ( 'NONE',  ( -0.000000000000000000, -1.000000000000000000, -0.000000000000000000 ) ) ;
#9093 = EDGE_CURVE ( 'NONE', #1579, #602, #3642, .T. ) ;
#9094 = CARTESIAN_POINT ( 'NONE',  ( -113.8394342282660858, 140.8931724753987851, 304.1640986442904477 ) ) ;
#9095 = CARTESIAN_POINT ( 'NONE',  ( 91.01468838057871835, 140.9938369952546395, 336.6213518866477443 ) ) ;
#9096 = CARTESIAN_POINT ( 'NONE',  ( 1.009719629430382282E-25, 140.9999999999999716, 212.1999999999999602 ) ) ;
#9097 = CARTESIAN_POINT ( 'NONE',  ( -39462.73711032802385, 140.9999999999999716, 334094.8204922341974 ) ) ;
#9098 = CARTESIAN_POINT ( 'NONE',  ( -86.32831419755464708, 140.9322650574849831, 330.5326191299893708 ) ) ;
#9099 = ORIENTED_EDGE ( 'NONE', *, *, #8796, .F. ) ;
#9100 = CARTESIAN_POINT ( 'NONE',  ( -145.9999999999968736, 87.15493271257520291, 244.5153120237268922 ) ) ;
#9101 = DIRECTION ( 'NONE',  ( 1.000000000000000000, -0.000000000000000000, -0.000000000000000000 ) ) ;
#9102 = CARTESIAN_POINT ( 'NONE',  ( 79.01298701295536375, 36.99999999999995026, 346.7100289320113689 ) ) ;
#9103 = ORIENTED_EDGE ( 'NONE', *, *, #103, .T. ) ;
#9104 = ADVANCED_FACE ( 'NONE', ( #5900 ), #9744, .F. ) ;
#9105 = CARTESIAN_POINT ( 'NONE',  ( 72.16587042970999732, 13.49887560051480762, 356.5261290182542098 ) ) ;
#9106 = PLANE ( 'NONE',  #9083 ) ;
#9107 = ORIENTED_EDGE ( 'NONE', *, *, #7981, .T. ) ;
#9108 = CARTESIAN_POINT ( 'NONE',  ( -90.49371913728549544, 13.99999999999995737, 337.6600562055618866 ) ) ;
#9109 = ORIENTED_EDGE ( 'NONE', *, *, #9978, .F. ) ;
#9110 = CARTESIAN_POINT ( 'NONE',  ( -89.09054393442387720, 14.16308254592905236, 328.1306795595954213 ) ) ;
#9111 = CYLINDRICAL_SURFACE ( 'NONE', #448, 2.000000000000012434 ) ;
#9112 = EDGE_CURVE ( 'NONE', #9787, #5036, #7519, .T. ) ;
#9113 = CARTESIAN_POINT ( 'NONE',  ( 131.7629226601451080, 92.86826665670017178, 272.7274376938348723 ) ) ;
#9114 = ORIENTED_EDGE ( 'NONE', *, *, #5338, .F. ) ;
#9115 = B_SPLINE_CURVE_WITH_KNOTS ( 'NONE', 3,
 ( #1084, #1131, #9483, #4961, #2584, #5711, #5655, #8018, #8726, #4197, #8065, #1182, #9597, #5759, #7330, #1376 ),
 .UNSPECIFIED., .F., .F.,
 ( 4, 2, 2, 2, 2, 2, 2, 4 ),
 ( 0.000000000000000000, 0.0002730687980489825378, 0.0005461375960979650756, 0.001092275192195940776, 0.001365343990244911225, 0.001638412788293881674, 0.001911481586342852123, 0.002184550384391822572 ),
 .UNSPECIFIED. ) ;
#9116 = ORIENTED_EDGE ( 'NONE', *, *, #9033, .F. ) ;
#9117 = CARTESIAN_POINT ( 'NONE',  ( 93.35076012442273452, 14.00616300474302278, 334.8783676550131077 ) ) ;
#9118 = CARTESIAN_POINT ( 'NONE',  ( -27.98976196838475161, 15.83114737668691419, 354.5026929908461284 ) ) ;
#9119 = FACE_OUTER_BOUND ( 'NONE', #355, .T. ) ;
#9120 = EDGE_LOOP ( 'NONE', ( #7206, #215, #1000, #3626 ) ) ;
#9121 = CARTESIAN_POINT ( 'NONE',  ( 122.3240216452302036, 14.08025239193414890, 306.6769527474412484 ) ) ;
#9122 = ORIENTED_EDGE ( 'NONE', *, *, #3145, .T. ) ;
#9123 = CARTESIAN_POINT ( 'NONE',  ( -139.7409931115645350, 52.23075522899281253, 250.8985180964638459 ) ) ;
#9124 = CARTESIAN_POINT ( 'NONE',  ( -33.95451595732752281, 13.86761219734886197, 355.9177044229370495 ) ) ;
#9125 = DIRECTION ( 'NONE',  ( -0.7947073130990256473, 0.000000000000000000, -0.6069928224509143488 ) ) ;
#9126 = EDGE_CURVE ( 'NONE', #6363, #8817, #5697, .T. ) ;
#9127 = CARTESIAN_POINT ( 'NONE',  ( -73.54473830628209896, 13.99999999999995914, 355.2000000000007844 ) ) ;
#9128 = AXIS2_PLACEMENT_3D ( 'NONE', #7461, #695, #2862 ) ;
#9129 = CARTESIAN_POINT ( 'NONE',  ( -14.15471276382541177, 13.64729485387362651, 356.9256883679116186 ) ) ;
#9130 = CARTESIAN_POINT ( 'NONE',  ( 140.4938792894385529, 90.54726033480844194, 248.0675603768249857 ) ) ;
#9131 = VERTEX_POINT ( 'NONE', #7608 ) ;
#9132 = CARTESIAN_POINT ( 'NONE',  ( 62.59901814883264848, 38.99999999999995737, 352.9231497234018207 ) ) ;
#9133 = CARTESIAN_POINT ( 'NONE',  ( -80.81341433571104460, 20.12163633847623601, 345.6361361025093402 ) ) ;
#9134 = EDGE_CURVE ( 'NONE', #6756, #3060, #1525, .T. ) ;
#9135 = CARTESIAN_POINT ( 'NONE',  ( 33.80794842757390484, 14.10461534974449016, 354.5988111884395266 ) ) ;
#9136 = CARTESIAN_POINT ( 'NONE',  ( 120.3718029565014120, 140.8630821998781926, 309.4198639075236770 ) ) ;
#9137 = EDGE_CURVE ( 'NONE', #3040, #4289, #9737, .T. ) ;
#9138 = DIRECTION ( 'NONE',  ( 0.000000000000000000, -1.000000000000000000, -0.000000000000000000 ) ) ;
#9139 = DIRECTION ( 'NONE',  ( -0.6069928224509151260, -0.000000000000000000, 0.7947073130990249812 ) ) ;
#9140 = DIRECTION ( 'NONE',  ( 0.6069928224514554715, -0.000000000000000000, 0.7947073130986122003 ) ) ;
#9141 = CARTESIAN_POINT ( 'NONE',  ( -145.9999999999969020, 140.9999999999999716, 261.1897948556727442 ) ) ;
#9142 = CARTESIAN_POINT ( 'NONE',  ( -77.99999999996914823, 38.99999999999995737, 344.9855413816007399 ) ) ;
#9143 = CARTESIAN_POINT ( 'NONE',  ( -141.7955636009082809, 13.99999999999995737, 244.5153120237268922 ) ) ;
#9144 = ORIENTED_EDGE ( 'NONE', *, *, #6921, .T. ) ;
#9145 = CARTESIAN_POINT ( 'NONE',  ( -33.95459636935408554, 13.87276344761462354, 355.9019759434414709 ) ) ;
#9146 = CARTESIAN_POINT ( 'NONE',  ( 9.901195723501263757, 13.74418857121221471, 357.0423843911065660 ) ) ;
#9147 = EDGE_CURVE ( 'NONE', #9208, #7483, #80, .T. ) ;
#9148 = CARTESIAN_POINT ( 'NONE',  ( -86.64923987557818919, 140.9948977471786122, 330.7704665390616583 ) ) ;
#9149 = FACE_OUTER_BOUND ( 'NONE', #3205, .T. ) ;
#9150 = DIRECTION ( 'NONE',  ( 0.000000000000000000, -4.163336342344333240E-14, -1.000000000000000000 ) ) ;
#9151 = VERTEX_POINT ( 'NONE', #9021 ) ;
#9152 = DIRECTION ( 'NONE',  ( 0.000000000000000000, 1.000000000000000000, -0.000000000000000000 ) ) ;
#9153 = VERTEX_POINT ( 'NONE', #2828 ) ;
#9154 = CARTESIAN_POINT ( 'NONE',  ( -77.42302882036578637, 36.99999999760465386, 334.8009828951542772 ) ) ;
#9155 = ADVANCED_FACE ( 'NONE', ( #5995 ), #2115, .F. ) ;
#9156 = CARTESIAN_POINT ( 'NONE',  ( 76.93877551017328642, 36.99999999999995026, 335.1041285840111073 ) ) ;
#9157 = CARTESIAN_POINT ( 'NONE',  ( -142.2249745539448611, 86.40340852876306599, 276.2945822649924708 ) ) ;
#9158 = CARTESIAN_POINT ( 'NONE',  ( -86.20441382542384190, 13.99999999999995737, 331.8046956167345911 ) ) ;
#9159 = ORIENTED_EDGE ( 'NONE', *, *, #4410, .F. ) ;
#9160 = VERTEX_POINT ( 'NONE', #8163 ) ;
#9161 = CARTESIAN_POINT ( 'NONE',  ( 119.1887568811446556, 13.99999999999995737, 309.7194351559082293 ) ) ;
#9162 = CARTESIAN_POINT ( 'NONE',  ( -21.77669464267981780, 15.67799853933050969, 355.5957954611770901 ) ) ;
#9163 = CARTESIAN_POINT ( 'NONE',  ( -77.89940343505921305, 37.08860706753613812, 334.4987287051910698 ) ) ;
#9164 = VERTEX_POINT ( 'NONE', #8308 ) ;
#9165 = DIRECTION ( 'NONE',  ( 0.000000000000000000, 0.000000000000000000, 1.000000000000000000 ) ) ;
#9166 = ORIENTED_EDGE ( 'NONE', *, *, #7533, .F. ) ;
#9167 = CARTESIAN_POINT ( 'NONE',  ( -143.0629825377694146, 89.46268552866158075, 245.0386085887341778 ) ) ;
#9168 = CARTESIAN_POINT ( 'NONE',  ( -33.98015112495907175, 13.52734132803224476, 356.4925816734606769 ) ) ;
#9169 = DIRECTION ( 'NONE',  ( 0.000000000000000000, 0.000000000000000000, 1.000000000000000000 ) ) ;
#9170 = DIRECTION ( 'NONE',  ( 0.000000000000000000, 0.000000000000000000, 1.000000000000000000 ) ) ;
#9171 = AXIS2_PLACEMENT_3D ( 'NONE', #7534, #2282, #6062 ) ;
#9172 = SPHERICAL_SURFACE ( 'NONE', #9399, 2.000000000000000000 ) ;
#9173 = FACE_OUTER_BOUND ( 'NONE', #7498, .T. ) ;
#9174 = CARTESIAN_POINT ( 'NONE',  ( 117.0858108445261507, 140.9999999999999716, 301.0814541897230470 ) ) ;
#9175 = ORIENTED_EDGE ( 'NONE', *, *, #7500, .F. ) ;
#9176 = CARTESIAN_POINT ( 'NONE',  ( 28.79806177661366107, 36.99999999999995026, 354.3114760950371647 ) ) ;
#9177 = AXIS2_PLACEMENT_3D ( 'NONE', #4803, #4007, #877 ) ;
#9178 = VERTEX_POINT ( 'NONE', #5142 ) ;
#9179 = CARTESIAN_POINT ( 'NONE',  ( 111.7844301505943889, 5.499999999999952927, 382.8913526958626221 ) ) ;
#9180 = CARTESIAN_POINT ( 'NONE',  ( 34.01727831771047050, 13.99999999999995914, 355.2098828588875108 ) ) ;
#9181 = DIRECTION ( 'NONE',  ( 0.000000000000000000, 0.000000000000000000, 1.000000000000000000 ) ) ;
#9182 = CARTESIAN_POINT ( 'NONE',  ( 80.27994233281066272, 38.85564699884791651, 332.9483575315590542 ) ) ;
#9183 = AXIS2_PLACEMENT_3D ( 'NONE', #4852, #326, #1780 ) ;
#9184 = EDGE_CURVE ( 'NONE', #2215, #609, #1036, .T. ) ;
#9185 = CARTESIAN_POINT ( 'NONE',  ( 145.9999999999983800, 138.9999999999999432, 244.5153120237258690 ) ) ;
#9186 = ADVANCED_FACE ( 'NONE', ( #9268 ), #2463, .F. ) ;
#9187 = DIRECTION ( 'NONE',  ( 0.000000000000000000, 0.000000000000000000, 1.000000000000000000 ) ) ;
#9188 = LINE ( 'NONE', #9763, #5312 ) ;
#9189 = CARTESIAN_POINT ( 'NONE',  ( 0.000000000000000000, 140.9999999999999716, 212.1999999999999602 ) ) ;
#9190 = CARTESIAN_POINT ( 'NONE',  ( -91.01468838058721644, 14.00616300474638543, 336.6213518866592267 ) ) ;
#9191 = CARTESIAN_POINT ( 'NONE',  ( 34.02627472910938877, 12.90293008655958928, 357.0044353880830386 ) ) ;
#9192 = ORIENTED_EDGE ( 'NONE', *, *, #3565, .T. ) ;
#9193 = CARTESIAN_POINT ( 'NONE',  ( 142.4357227273487752, 94.23301370740942673, 246.7031309789091722 ) ) ;
#9194 = CARTESIAN_POINT ( 'NONE',  ( 94.44490903984107888, 140.8438951200234897, 334.8237907826503488 ) ) ;
#9195 = CIRCLE ( 'NONE', #4370, 2.000000000000000000 ) ;
#9196 = CARTESIAN_POINT ( 'NONE',  ( -77.99999999996914823, 38.99999999999995737, 336.7993579437904259 ) ) ;
#9197 = VERTEX_POINT ( 'NONE', #213 ) ;
#9198 = CARTESIAN_POINT ( 'NONE',  ( 73.70500509098175712, 16.26210842602661089, 358.4717974637609927 ) ) ;
#9199 = VECTOR ( 'NONE', #7828, 1000.000000000000000 ) ;
#9200 = EDGE_CURVE ( 'NONE', #7085, #4949, #62, .T. ) ;
#9201 = AXIS2_PLACEMENT_3D ( 'NONE', #8137, #1902, #5922 ) ;
#9202 = CARTESIAN_POINT ( 'NONE',  ( -94.37819318259698775, 13.99999999999995737, 334.0596565950168610 ) ) ;
#9203 = EDGE_LOOP ( 'NONE', ( #4145, #7709, #8285, #9159, #8445, #5318, #7124, #3327, #3419, #6951, #9934, #1427, #6640, #8942, #4367, #1175 ) ) ;
#9204 = CARTESIAN_POINT ( 'NONE',  ( 122.3240216452302036, 13.99999999999995737, 306.0269527474412143 ) ) ;
#9205 = ORIENTED_EDGE ( 'NONE', *, *, #1536, .T. ) ;
#9206 = DIRECTION ( 'NONE',  ( 0.9186345175357106818, 0.000000000000000000, -0.3951083689216570161 ) ) ;
#9207 = FACE_OUTER_BOUND ( 'NONE', #4999, .T. ) ;
#9208 = VERTEX_POINT ( 'NONE', #9218 ) ;
#9209 = VECTOR ( 'NONE', #8800, 1000.000000000000000 ) ;
#9210 = EDGE_CURVE ( 'NONE', #8801, #984, #906, .T. ) ;
#9211 = ORIENTED_EDGE ( 'NONE', *, *, #7954, .F. ) ;
#9212 = DIRECTION ( 'NONE',  ( -0.000000000000000000, 1.000000000000000000, 0.000000000000000000 ) ) ;
#9213 =( GEOMETRIC_REPRESENTATION_CONTEXT ( 3 ) GLOBAL_UNCERTAINTY_ASSIGNED_CONTEXT ( ( #7400 ) ) GLOBAL_UNIT_ASSIGNED_CONTEXT ( ( #486, #4972, #5819 ) ) REPRESENTATION_CONTEXT ( 'NONE', 'WORKASPACE' ) );
#9214 = CARTESIAN_POINT ( 'NONE',  ( -122.9683425122089346, 140.9212713024728316, 305.8558330135987262 ) ) ;
#9215 = CARTESIAN_POINT ( 'NONE',  ( 129.8471585452612374, 86.57930889631072091, 276.7350719850609266 ) ) ;
#9216 = DIRECTION ( 'NONE',  ( 3.552713678800500929E-15, 0.000000000000000000, -1.000000000000000000 ) ) ;
#9217 = ORIENTED_EDGE ( 'NONE', *, *, #9252, .F. ) ;
#9218 = CARTESIAN_POINT ( 'NONE',  ( 85.69129513981418711, 13.99999999999995737, 331.6403697970716848 ) ) ;
#9219 = EDGE_LOOP ( 'NONE', ( #5206, #109, #1824, #3237 ) ) ;
#9220 = CARTESIAN_POINT ( 'NONE',  ( -140.2317871479268661, 56.51911359199645091, 249.0787997811546290 ) ) ;
#9221 = CARTESIAN_POINT ( 'NONE',  ( -90.49371913728364802, 14.12320228097660468, 337.6600562055618866 ) ) ;
#9222 = DIRECTION ( 'NONE',  ( -1.000000000000000000, 5.965158233112230378E-14, 2.636779683488183945E-13 ) ) ;
#9223 = CARTESIAN_POINT ( 'NONE',  ( -155076.4207621814276, 140.9999999999999716, 389169.4421198634664 ) ) ;
#9224 = AXIS2_PLACEMENT_3D ( 'NONE', #8005, #312, #4891 ) ;
#9225 = AXIS2_PLACEMENT_3D ( 'NONE', #6005, #7481, #5908 ) ;
#9226 = EDGE_CURVE ( 'NONE', #1860, #5887, #9, .T. ) ;
#9227 = CARTESIAN_POINT ( 'NONE',  ( 144.2865043325722354, 90.99690476389038452, 271.5077393242195853 ) ) ;
#9228 = CARTESIAN_POINT ( 'NONE',  ( 145.9999999999984084, 87.15493271257496133, 244.5153120237258690 ) ) ;
#9229 = DIRECTION ( 'NONE',  ( 0.000000000000000000, -1.000000000000000000, -2.775557561562891351E-14 ) ) ;
#9230 = APPLICATION_CONTEXT ( 'automotive_design' ) ;
#9231 = ORIENTED_EDGE ( 'NONE', *, *, #3445, .T. ) ;
#9232 = AXIS2_PLACEMENT_3D ( 'NONE', #4523, #9881, #6749 ) ;
#9233 = DIRECTION ( 'NONE',  ( 1.000000000000000000, 0.000000000000000000, 0.000000000000000000 ) ) ;
#9234 = EDGE_LOOP ( 'NONE', ( #2848, #186, #7548, #5326 ) ) ;
#9235 = LINE ( 'NONE', #2273, #2357 ) ;
#9236 = CARTESIAN_POINT ( 'NONE',  ( 33.42270814577163662, 14.00015542515824940, 355.2501708852826141 ) ) ;
#9237 = CARTESIAN_POINT ( 'NONE',  ( 122.7154492375724004, 13.99999999999995559, 305.4861751434213488 ) ) ;
#9238 = CARTESIAN_POINT ( 'NONE',  ( -140.6063347868025630, 95.84294677146820618, 247.6243438609834016 ) ) ;
#9239 = CIRCLE ( 'NONE', #8587, 146.9999999999999716 ) ;
#9240 = CIRCLE ( 'NONE', #2162, 0.6499999999999839240 ) ;
#9241 = CARTESIAN_POINT ( 'NONE',  ( -59.17157287521093423, 3.499999999999952927, 382.8913526958625084 ) ) ;
#9242 = CARTESIAN_POINT ( 'NONE',  ( -113.9824199850091162, 14.07537889586557256, 304.1640986442904477 ) ) ;
#9243 = DIRECTION ( 'NONE',  ( 0.000000000000000000, -1.000000000000000000, 0.000000000000000000 ) ) ;
#9244 = DIRECTION ( 'NONE',  ( -0.000000000000000000, 1.000000000000000000, -0.000000000000000000 ) ) ;
#9245 = DIRECTION ( 'NONE',  ( 0.000000000000000000, 0.9753523922700266802, 0.2206529195209886163 ) ) ;
#9246 = DIRECTION ( 'NONE',  ( 1.000000000000000000, 0.000000000000000000, -0.000000000000000000 ) ) ;
#9247 = VERTEX_POINT ( 'NONE', #2365 ) ;
#9248 = CARTESIAN_POINT ( 'NONE',  ( 142.5525424915822441, 90.72695341120146395, 246.4026704797411469 ) ) ;
#9249 = ADVANCED_FACE ( 'NONE', ( #3211 ), #5384, .F. ) ;
#9250 = CARTESIAN_POINT ( 'NONE',  ( -79.34729971376881963, 39.51680949941967924, 335.0716159704773531 ) ) ;
#9251 = ORIENTED_EDGE ( 'NONE', *, *, #6592, .F. ) ;
#9252 = EDGE_CURVE ( 'NONE', #6399, #8204, #1677, .T. ) ;
#9253 = CARTESIAN_POINT ( 'NONE',  ( 115.9382397842867078, 140.8820183675223348, 301.4635173566668982 ) ) ;
#9254 = CARTESIAN_POINT ( 'NONE',  ( -131.9262550500153566, 87.41742221680870273, 272.3706052005690594 ) ) ;
#9255 = ORIENTED_EDGE ( 'NONE', *, *, #4149, .T. ) ;
#9256 = DIRECTION ( 'NONE',  ( -8.312794896880851518E-12, 1.000000000000000000, 0.000000000000000000 ) ) ;
#9257 = VERTEX_POINT ( 'NONE', #1611 ) ;
#9258 = DIRECTION ( 'NONE',  ( 0.6069928224514555826, 0.000000000000000000, 0.7947073130986123113 ) ) ;
#9259 = CARTESIAN_POINT ( 'NONE',  ( -34.02627472910972273, 12.90293008655959284, 357.0044353880829249 ) ) ;
#9260 = ORIENTED_EDGE ( 'NONE', *, *, #945, .F. ) ;
#9261 = EDGE_CURVE ( 'NONE', #2566, #2776, #4689, .T. ) ;
#9262 = CARTESIAN_POINT ( 'NONE',  ( 141.0473404397357626, 90.03848158090643494, 245.8477158540777054 ) ) ;
#9263 = ORIENTED_EDGE ( 'NONE', *, *, #4057, .T. ) ;
#9264 = CARTESIAN_POINT ( 'NONE',  ( -148.0000000000245848, 89.97422520020263903, 278.8747880754170865 ) ) ;
#9265 = DIRECTION ( 'NONE',  ( -0.000000000000000000, 1.000000000000000000, 0.000000000000000000 ) ) ;
#9266 = CARTESIAN_POINT ( 'NONE',  ( -399999.9999999973807, 138.9999999999999432, 242.5153120201457568 ) ) ;
#9267 = ORIENTED_EDGE ( 'NONE', *, *, #412, .F. ) ;
#9268 = FACE_OUTER_BOUND ( 'NONE', #7190, .T. ) ;
#9269 = ORIENTED_EDGE ( 'NONE', *, *, #2101, .T. ) ;
#9270 = CARTESIAN_POINT ( 'NONE',  ( -142.3276934226316541, 93.19846254390930085, 246.9774483352154277 ) ) ;
#9271 = CARTESIAN_POINT ( 'NONE',  ( -1.184617445362766514E-13, 34.82568710166408721, 360.7275883647906767 ) ) ;
#9272 = CARTESIAN_POINT ( 'NONE',  ( -81.99999999996879296, 15.99999999999995914, 347.2555441290919589 ) ) ;
#9273 = CIRCLE ( 'NONE', #6865, 156.0000000000000000 ) ;
#9274 = CARTESIAN_POINT ( 'NONE',  ( 72.22876805240149167, 12.90341744377603561, 356.9881586365513044 ) ) ;
#9275 = ADVANCED_FACE ( 'NONE', ( #7757 ), #8609, .F. ) ;
#9276 = DIRECTION ( 'NONE',  ( 0.000000000000000000, 0.000000000000000000, -1.000000000000000000 ) ) ;
#9277 = CARTESIAN_POINT ( 'NONE',  ( 1.419115530493697541, 11.99999999999995914, 357.1999999999999886 ) ) ;
#9278 = ORIENTED_EDGE ( 'NONE', *, *, #6404, .T. ) ;
#9279 = LINE ( 'NONE', #6214, #9711 ) ;
#9280 = ORIENTED_EDGE ( 'NONE', *, *, #2981, .T. ) ;
#9281 = CARTESIAN_POINT ( 'NONE',  ( 31.30708961482500641, 14.50225071487744621, 354.4753691839032967 ) ) ;
#9282 = CARTESIAN_POINT ( 'NONE',  ( -61.56823173237147273, 38.99999999999996447, 355.3248652409059218 ) ) ;
#9283 = ADVANCED_FACE ( 'NONE', ( #1517 ), #2316, .F. ) ;
#9284 = VECTOR ( 'NONE', #5891, 1000.000000000000000 ) ;
#9285 = CARTESIAN_POINT ( 'NONE',  ( 120.1160535641414242, 14.00616300474748854, 308.8254623921660595 ) ) ;
#9286 = B_SPLINE_CURVE_WITH_KNOTS ( 'NONE', 3,
 ( #2438, #5413, #7639, #828, #6067, #3909, #6884, #139, #7787, #89 ),
 .UNSPECIFIED., .F., .F.,
 ( 4, 2, 2, 2, 4 ),
 ( 0.005134473874410227894, 0.006292721089816855594, 0.007450968305223484162, 0.008609215520630111862, 0.009767462736036739562 ),
 .UNSPECIFIED. ) ;
#9287 = CARTESIAN_POINT ( 'NONE',  ( 79.25583845647639691, 39.43812312007723619, 335.1915506694065812 ) ) ;
#9288 = CYLINDRICAL_SURFACE ( 'NONE', #1624, 0.6499999999999839240 ) ;
#9289 = ADVANCED_FACE ( 'NONE', ( #5478 ), #6959, .T. ) ;
#9290 = DIRECTION ( 'NONE',  ( 0.000000000000000000, 0.000000000000000000, -1.000000000000000000 ) ) ;
#9291 = DIRECTION ( 'NONE',  ( -0.000000000000000000, 1.000000000000000000, 0.000000000000000000 ) ) ;
#9292 = CYLINDRICAL_SURFACE ( 'NONE', #5830, 3.749999999999975575 ) ;
#9293 = EDGE_LOOP ( 'NONE', ( #1412, #7642, #6410, #203 ) ) ;
#9294 = CARTESIAN_POINT ( 'NONE',  ( -33.96593761338169770, 13.98757027171258471, 355.4408084437501429 ) ) ;
#9295 = CARTESIAN_POINT ( 'NONE',  ( 11.84466548470507874, 13.76535608836445412, 356.9718271546266806 ) ) ;
#9296 = LINE ( 'NONE', #4720, #2320 ) ;
#9297 = ORIENTED_EDGE ( 'NONE', *, *, #6526, .F. ) ;
#9298 = B_SPLINE_CURVE_WITH_KNOTS ( 'NONE', 3,
 ( #3574, #2059, #6886, #3632, #9194, #5889, #39, #5363, #9780, #8102 ),
 .UNSPECIFIED., .F., .F.,
 ( 4, 2, 2, 2, 4 ),
 ( 0.0006125585588656982114, 0.001018806373273305199, 0.001425054187680912295, 0.001831302002088519391, 0.002237549816496126488 ),
 .UNSPECIFIED. ) ;
#9299 = CARTESIAN_POINT ( 'NONE',  ( -147.8961038961008114, 61.30335177634889021, 261.8260259576944122 ) ) ;
#9300 = CARTESIAN_POINT ( 'NONE',  ( -114.1263075473075901, 140.9562680781369863, 304.1640986442905046 ) ) ;
#9301 = VERTEX_POINT ( 'NONE', #1567 ) ;
#9302 = ORIENTED_EDGE ( 'NONE', *, *, #9835, .F. ) ;
#9303 = CARTESIAN_POINT ( 'NONE',  ( -8.577530858997400642, 5.499999999999952927, 449.1317656007761911 ) ) ;
#9304 = CARTESIAN_POINT ( 'NONE',  ( 2.121648140060279797, 14.63718333483351230, 357.1896054180638771 ) ) ;
#9305 = CARTESIAN_POINT ( 'NONE',  ( -1.414529833966644778, 13.96462494741997418, 357.1965467634302627 ) ) ;
#9306 = ORIENTED_EDGE ( 'NONE', *, *, #2822, .F. ) ;
#9307 = EDGE_CURVE ( 'NONE', #1063, #6143, #5398, .T. ) ;
#9308 = CARTESIAN_POINT ( 'NONE',  ( 131.0670076063065608, 86.32745408469415338, 274.2201938365614069 ) ) ;
#9309 = CARTESIAN_POINT ( 'NONE',  ( -79.97666671970735308, 40.65450770251439394, 342.5827462564925554 ) ) ;
#9310 = ORIENTED_EDGE ( 'NONE', *, *, #8422, .F. ) ;
#9311 = CARTESIAN_POINT ( 'NONE',  ( -81.99999999996879296, 140.9999999999999716, 347.2555441290919589 ) ) ;
#9312 = ORIENTED_EDGE ( 'NONE', *, *, #3591, .T. ) ;
#9313 = CARTESIAN_POINT ( 'NONE',  ( -142.6998759564817476, 90.22808210362255465, 246.0177642588459435 ) ) ;
#9314 = CARTESIAN_POINT ( 'NONE',  ( 73.86479006561911831, 14.06783163622976573, 360.1169168835985488 ) ) ;
#9315 = B_SPLINE_CURVE_WITH_KNOTS ( 'NONE', 3,
 ( #9910, #6055, #9132, #4453, #2881, #6158, #5209, #6824 ),
 .UNSPECIFIED., .F., .F.,
 ( 4, 2, 2, 4 ),
 ( 0.000000000000000000, 0.0009484377857396766648, 0.001896875571479353330, 0.003793751142958807707 ),
 .UNSPECIFIED. ) ;
#9316 = CARTESIAN_POINT ( 'NONE',  ( -135.7054022982014772, 57.00000000000000711, 263.2787997811547029 ) ) ;
#9317 = ORIENTED_EDGE ( 'NONE', *, *, #5141, .F. ) ;
#9318 = EDGE_CURVE ( 'NONE', #9178, #5192, #7805, .T. ) ;
#9319 = CARTESIAN_POINT ( 'NONE',  ( -59.17157287521093423, 5.499999999999952927, 382.8913526958625084 ) ) ;
#9320 = CARTESIAN_POINT ( 'NONE',  ( 141.3826645014568442, 87.22648893501663281, 244.3876445771064141 ) ) ;
#9321 = ORIENTED_EDGE ( 'NONE', *, *, #9081, .F. ) ;
#9322 = VERTEX_POINT ( 'NONE', #4741 ) ;
#9323 = CARTESIAN_POINT ( 'NONE',  ( -80.04524054951447454, 18.77989704210702726, 346.1026131178633136 ) ) ;
#9324 = CARTESIAN_POINT ( 'NONE',  ( -61.67579140288926709, 38.42594175681675495, 355.4910843358279635 ) ) ;
#9325 = CARTESIAN_POINT ( 'NONE',  ( 122.5750880969538201, 13.99999999999995737, 305.4273982154603004 ) ) ;
#9326 = CARTESIAN_POINT ( 'NONE',  ( -140.9816648808064201, 97.46772224074496194, 246.1005325825983050 ) ) ;
#9327 = CARTESIAN_POINT ( 'NONE',  ( 79.86856778326503559, 40.23492833005678193, 333.2251973332407715 ) ) ;
#9328 = DIRECTION ( 'NONE',  ( -0.000000000000000000, 1.000000000000000000, -0.000000000000000000 ) ) ;
#9329 = ADVANCED_FACE ( 'NONE', ( #3115 ), #9359, .F. ) ;
#9330 = CARTESIAN_POINT ( 'NONE',  ( -145.9999999999968736, 89.10563749711525361, 244.0740061846849187 ) ) ;
#9331 = CARTESIAN_POINT ( 'NONE',  ( 86.62198976941226647, 13.99999999999995737, 335.3448099664433357 ) ) ;
#9332 = CARTESIAN_POINT ( 'NONE',  ( 34.05877273185253529, 12.17349558903453044, 357.1999999999999886 ) ) ;
#9333 = ORIENTED_EDGE ( 'NONE', *, *, #7941, .T. ) ;
#9334 = CARTESIAN_POINT ( 'NONE',  ( -33.95551889424595515, 13.85235471622088355, 355.9543449726223230 ) ) ;
#9335 = CARTESIAN_POINT ( 'NONE',  ( 22.93307595925977793, 13.54201760136519717, 356.6721573793515176 ) ) ;
#9336 = DIRECTION ( 'NONE',  ( 8.947009472043195012E-15, 0.000000000000000000, -1.000000000000000000 ) ) ;
#9337 = DIRECTION ( 'NONE',  ( -0.9755377326263403592, 0.000000000000000000, -0.2198320545831729256 ) ) ;
#9338 = AXIS2_PLACEMENT_3D ( 'NONE', #8561, #5542, #1621 ) ;
#9339 = ADVANCED_FACE ( 'NONE', ( #6203 ), #5529, .T. ) ;
#9340 = CARTESIAN_POINT ( 'NONE',  ( 116.1180257519486787, 140.9883015264604751, 301.9584965824516303 ) ) ;
#9341 = CARTESIAN_POINT ( 'NONE',  ( -128.7750623154478262, 89.45884711434295866, 278.8482325693604480 ) ) ;
#9342 = ORIENTED_EDGE ( 'NONE', *, *, #2981, .F. ) ;
#9343 = LINE ( 'NONE', #195, #3580 ) ;
#9344 = VECTOR ( 'NONE', #2667, 1000.000000000000000 ) ;
#9345 = ORIENTED_EDGE ( 'NONE', *, *, #3918, .T. ) ;
#9346 = DIRECTION ( 'NONE',  ( 4.382459307730909397E-15, 0.000000000000000000, 1.000000000000000000 ) ) ;
#9347 = CARTESIAN_POINT ( 'NONE',  ( 28.08177872287248533, 14.84073311552413266, 354.7799887001939965 ) ) ;
#9348 = CARTESIAN_POINT ( 'NONE',  ( -14.15471276382541177, 13.64729485387362651, 356.9256883679116186 ) ) ;
#9349 = CARTESIAN_POINT ( 'NONE',  ( -72.90240342698170650, 12.13091258397519923, 357.1999999999996476 ) ) ;
#9350 = ORIENTED_EDGE ( 'NONE', *, *, #8636, .T. ) ;
#9351 = EDGE_CURVE ( 'NONE', #2566, #88, #566, .T. ) ;
#9352 = AXIS2_PLACEMENT_3D ( 'NONE', #4270, #8848, #1145 ) ;
#9353 = EDGE_LOOP ( 'NONE', ( #5457, #5850, #8104, #5867 ) ) ;
#9354 = CARTESIAN_POINT ( 'NONE',  ( -77.99999999996914823, 38.99999999999995737, 344.9855413816007399 ) ) ;
#9355 = CARTESIAN_POINT ( 'NONE',  ( 130.7370597968686923, 86.22289047306644250, 274.9127493565169971 ) ) ;
#9356 = DIRECTION ( 'NONE',  ( -7.401486830834424794E-15, 0.000000000000000000, -1.000000000000000000 ) ) ;
#9357 = ORIENTED_EDGE ( 'NONE', *, *, #1229, .F. ) ;
#9358 = AXIS2_PLACEMENT_3D ( 'NONE', #9809, #1384, #2740 ) ;
#9359 = PLANE ( 'NONE',  #2816 ) ;
#9360 = AXIS2_PLACEMENT_3D ( 'NONE', #3087, #1589, #9245 ) ;
#9361 = ORIENTED_EDGE ( 'NONE', *, *, #7196, .F. ) ;
#9362 = CARTESIAN_POINT ( 'NONE',  ( -1.414529833966644334, 14.04598973437246556, 357.1965721856436176 ) ) ;
#9363 = CARTESIAN_POINT ( 'NONE',  ( 85.56704945700927567, 14.14408835155652433, 330.8069182854485462 ) ) ;
#9364 = LINE ( 'NONE', #6250, #1503 ) ;
#9365 = EDGE_CURVE ( 'NONE', #8748, #5445, #6523, .T. ) ;
#9366 = VECTOR ( 'NONE', #1530, 1000.000000000000000 ) ;
#9367 = CARTESIAN_POINT ( 'NONE',  ( -144.3410698873659612, 89.97422520020263903, 271.3747880754171433 ) ) ;
#9368 = CARTESIAN_POINT ( 'NONE',  ( 139.9670968741789352, 60.62809670889505043, 250.0711734734759091 ) ) ;
#9369 = CARTESIAN_POINT ( 'NONE',  ( 2.311762264151177249, 12.59283554179701525, 357.1959207430904826 ) ) ;
#9370 = FACE_OUTER_BOUND ( 'NONE', #8496, .T. ) ;
#9371 = EDGE_LOOP ( 'NONE', ( #208, #9615 ) ) ;
#9372 = VERTEX_POINT ( 'NONE', #2360 ) ;
#9373 = CARTESIAN_POINT ( 'NONE',  ( 135.7950403932300389, 55.11419171690564411, 263.0401146109280148 ) ) ;
#9374 = CARTESIAN_POINT ( 'NONE',  ( 1.009719629430382282E-25, 15.99999999999995914, 212.1999999999999602 ) ) ;
#9375 = VECTOR ( 'NONE', #6668, 1000.000000000000000 ) ;
#9376 = CARTESIAN_POINT ( 'NONE',  ( 60.20154134058272888, 38.99999999999995737, 354.9231448464083769 ) ) ;
#9377 = B_SPLINE_CURVE_WITH_KNOTS ( 'NONE', 3,
 ( #7161, #210, #6704, #2011, #7404, #1353, #8044, #9727, #2814, #1957, #7454, #5128 ),
 .UNSPECIFIED., .F., .F.,
 ( 4, 2, 2, 2, 2, 4 ),
 ( 0.000000000000000000, 0.001043155394960405130, 0.002086310789920810260, 0.003129466184881215390, 0.003651043882361364613, 0.004172621579841514702 ),
 .UNSPECIFIED. ) ;
#9378 = DIRECTION ( 'NONE',  ( -0.9895943761646529557, 0.000000000000000000, -0.1438852690976085147 ) ) ;
#9379 = ADVANCED_FACE ( 'NONE', ( #3826 ), #7807, .T. ) ;
#9380 = CARTESIAN_POINT ( 'NONE',  ( 79.47886139271130901, 39.58325957121256522, 333.4808990161162683 ) ) ;
#9381 = DIRECTION ( 'NONE',  ( -0.9931150134400268392, 0.000000000000000000, 0.1171433740337686907 ) ) ;
#9382 = CIRCLE ( 'NONE', #5855, 2.000000000000010214 ) ;
#9383 = DIRECTION ( 'NONE',  ( 0.000000000000000000, 0.9753523922701712312, 0.2206529195203499882 ) ) ;
#9384 = CARTESIAN_POINT ( 'NONE',  ( -140.8083954888652443, 96.86360209414645794, 246.8129386550957918 ) ) ;
#9385 = CYLINDRICAL_SURFACE ( 'NONE', #7129, 1.999999999999998446 ) ;
#9386 = EDGE_LOOP ( 'NONE', ( #9477, #5316, #9735, #3785 ) ) ;
#9387 = CARTESIAN_POINT ( 'NONE',  ( -141.0469982482953242, 90.03990547517493326, 245.8491653565343995 ) ) ;
#9388 = CARTESIAN_POINT ( 'NONE',  ( -16.42442356707692142, 13.71859084351653557, 356.8030816889430525 ) ) ;
#9389 = CARTESIAN_POINT ( 'NONE',  ( 31.56416791301838742, 13.62795136012544184, 356.3605827242949431 ) ) ;
#9390 = DIRECTION ( 'NONE',  ( 0.000000000000000000, 0.000000000000000000, 1.000000000000000000 ) ) ;
#9391 = CARTESIAN_POINT ( 'NONE',  ( -145.9999999999968736, 138.9999999999999432, 242.5153120237268922 ) ) ;
#9392 = AXIS2_PLACEMENT_3D ( 'NONE', #7874, #6327, #189 ) ;
#9393 = EDGE_CURVE ( 'NONE', #5986, #6458, #797, .T. ) ;
#9394 = CARTESIAN_POINT ( 'NONE',  ( 116.0599250461106777, 140.8369174540704591, 301.1221079370700977 ) ) ;
#9395 = AXIS2_PLACEMENT_3D ( 'NONE', #8827, #9531, #6612 ) ;
#9396 = CARTESIAN_POINT ( 'NONE',  ( -129.1860156175002032, 87.61258457937532285, 278.0483043605162266 ) ) ;
#9397 = ORIENTED_EDGE ( 'NONE', *, *, #3475, .F. ) ;
#9398 = CYLINDRICAL_SURFACE ( 'NONE', #6136, 2.000000000000020428 ) ;
#9399 = AXIS2_PLACEMENT_3D ( 'NONE', #2267, #3838, #3792 ) ;
#9400 = ORIENTED_EDGE ( 'NONE', *, *, #9539, .F. ) ;
#9401 = CARTESIAN_POINT ( 'NONE',  ( -122.8512007253710863, 14.18073725416511977, 306.4362068253208804 ) ) ;
#9402 = CARTESIAN_POINT ( 'NONE',  ( 18.35099754816018347, 15.20755536282886489, 356.0754431810302663 ) ) ;
#9403 = CARTESIAN_POINT ( 'NONE',  ( -7.070530795397481860, 13.81372136950209750, 357.1110868932913149 ) ) ;
#9404 = CARTESIAN_POINT ( 'NONE',  ( -72.18130828837979607, 13.00230134942036564, 356.9356631972998457 ) ) ;
#9405 = EDGE_LOOP ( 'NONE', ( #4921, #4343, #4534, #3683, #1278, #2447 ) ) ;
#9406 = EDGE_CURVE ( 'NONE', #2464, #1159, #2983, .T. ) ;
#9407 = VERTEX_POINT ( 'NONE', #3761 ) ;
#9408 = CARTESIAN_POINT ( 'NONE',  ( -115.9760021496691280, 140.9413736574491907, 301.7286068961068963 ) ) ;
#9409 = EDGE_CURVE ( 'NONE', #7483, #7907, #1212, .T. ) ;
#9410 = DIRECTION ( 'NONE',  ( -0.000000000000000000, 1.000000000000000000, -0.000000000000000000 ) ) ;
#9411 = VERTEX_POINT ( 'NONE', #9825 ) ;
#9412 = DIRECTION ( 'NONE',  ( -2.335413407764591734E-16, -0.7637941823953527942, 0.6454598724467808246 ) ) ;
#9413 = CARTESIAN_POINT ( 'NONE',  ( 140.9852421122280361, 97.47825420051873380, 246.0856477760203234 ) ) ;
#9414 = ORIENTED_EDGE ( 'NONE', *, *, #7196, .T. ) ;
#9415 = CARTESIAN_POINT ( 'NONE',  ( -3.944369965868695260, 14.05433426908650496, 357.1686120586409174 ) ) ;
#9416 = CARTESIAN_POINT ( 'NONE',  ( -1.172433797555725573E-13, 33.53476735677052289, 359.1999999999999886 ) ) ;
#9417 = CARTESIAN_POINT ( 'NONE',  ( -79.87861602535711825, 40.30010483185868253, 334.3669913943587062 ) ) ;
#9418 =( BOUNDED_CURVE ( )  B_SPLINE_CURVE ( 3, ( #5603, #377, #8676, #1025 ),
 .UNSPECIFIED., .F., .T. ) 
 B_SPLINE_CURVE_WITH_KNOTS ( ( 4, 4 ),
 ( 2.272421546449152174, 3.843217873241166593 ),
 .UNSPECIFIED. ) 
 CURVE ( )  GEOMETRIC_REPRESENTATION_ITEM ( )  RATIONAL_B_SPLINE_CURVE ( ( 1.000000000000000000, 0.8047378541250443940, 0.8047378541250443940, 1.000000000000000000 ) ) 
 REPRESENTATION_ITEM ( '' )  );
#9419 = CARTESIAN_POINT ( 'NONE',  ( 90.02248937299576426, 14.01398093697905978, 337.4759804276138766 ) ) ;
#9420 = VERTEX_POINT ( 'NONE', #2194 ) ;
#9421 = CARTESIAN_POINT ( 'NONE',  ( 139.9330873187589930, 60.83146223506417272, 250.1967133544654303 ) ) ;
#9422 = CARTESIAN_POINT ( 'NONE',  ( 34.05877273185253529, 11.99999999999995914, 357.1999999999999886 ) ) ;
#9423 = ADVANCED_FACE ( 'NONE', ( #9149 ), #9002, .F. ) ;
#9424 = DIRECTION ( 'NONE',  ( 1.351731435608077146E-12, -0.2206529195203499605, -0.9753523922701712312 ) ) ;
#9425 = ORIENTED_EDGE ( 'NONE', *, *, #1388, .T. ) ;
#9426 = ORIENTED_EDGE ( 'NONE', *, *, #694, .T. ) ;
#9427 = CARTESIAN_POINT ( 'NONE',  ( -115.4284676586658094, 15.99999999999995914, 300.3635920804545094 ) ) ;
#9428 = CARTESIAN_POINT ( 'NONE',  ( -61.50562173696208390, 38.02680830096207387, 356.0511753986990584 ) ) ;
#9429 = CARTESIAN_POINT ( 'NONE',  ( -63.98931808990345615, 38.99999999999995737, 354.4721588027259713 ) ) ;
#9430 = CARTESIAN_POINT ( 'NONE',  ( -140.8039139335980110, 88.68098089115935068, 246.8311683388223230 ) ) ;
#9431 = VECTOR ( 'NONE', #8838, 1000.000000000000000 ) ;
#9432 = AXIS2_PLACEMENT_3D ( 'NONE', #7375, #515, #4444 ) ;
#9433 = LINE ( 'NONE', #4304, #4596 ) ;
#9434 = LINE ( 'NONE', #1132, #5806 ) ;
#9435 = CARTESIAN_POINT ( 'NONE',  ( -9.769087458721379846, 14.61077852193401050, 356.9229066752135395 ) ) ;
#9436 = ADVANCED_FACE ( 'NONE', ( #2149 ), #7502, .F. ) ;
#9437 = CARTESIAN_POINT ( 'NONE',  ( -145.9999999999969305, 13.99999999999995737, 261.1897948556726305 ) ) ;
#9438 = ADVANCED_FACE ( 'NONE', ( #2896 ), #6342, .T. ) ;
#9439 = DIRECTION ( 'NONE',  ( -0.000000000000000000, 1.000000000000000000, -0.000000000000000000 ) ) ;
#9440 = EDGE_LOOP ( 'NONE', ( #9508, #9924, #7111, #8503, #6198, #332, #9524, #6296, #2527 ) ) ;
#9441 = CARTESIAN_POINT ( 'NONE',  ( -142.9298661414409253, 89.68817946859049073, 245.4029566179355015 ) ) ;
#9442 = CARTESIAN_POINT ( 'NONE',  ( -31.80758001477662589, 14.07318511451188847, 355.0990446601375083 ) ) ;
#9443 = CARTESIAN_POINT ( 'NONE',  ( 16.42442356707666562, 13.71859084351666347, 356.8030816889394146 ) ) ;
#9444 = CARTESIAN_POINT ( 'NONE',  ( 81.35770368883126480, 37.72810098927801903, 345.3051771194542425 ) ) ;
#9445 = VECTOR ( 'NONE', #1662, 1000.000000000000000 ) ;
#9446 = CARTESIAN_POINT ( 'NONE',  ( -130.7405981988195549, 86.22338401511353823, 274.9053672213102573 ) ) ;
#9447 = ORIENTED_EDGE ( 'NONE', *, *, #772, .F. ) ;
#9448 = CARTESIAN_POINT ( 'NONE',  ( 147.9999999999984652, 62.02990341489801551, 261.1897948556680831 ) ) ;
#9449 = CARTESIAN_POINT ( 'NONE',  ( -122.5750880969538201, 140.9999999999999716, 305.4273982154603004 ) ) ;
#9450 = EDGE_CURVE ( 'NONE', #8, #4481, #5151, .T. ) ;
#9451 = CARTESIAN_POINT ( 'NONE',  ( 141.4482842500920867, 96.44213118039186838, 244.1026434263817748 ) ) ;
#9452 = ORIENTED_EDGE ( 'NONE', *, *, #6004, .F. ) ;
#9453 = CARTESIAN_POINT ( 'NONE',  ( -131.3835800921558530, 93.38430490297780295, 273.5466777609749442 ) ) ;
#9454 = CARTESIAN_POINT ( 'NONE',  ( 5.645174055475342456, 14.70565792947590289, 357.1143003015274076 ) ) ;
#9455 = CIRCLE ( 'NONE', #6072, 2.000000000000002220 ) ;
#9456 = CARTESIAN_POINT ( 'NONE',  ( -5.676462121975621500, 11.99999999999995914, 357.1999999999999886 ) ) ;
#9457 = CARTESIAN_POINT ( 'NONE',  ( -73.62432447532890478, 16.09324860931583245, 358.7201272570504784 ) ) ;
#9458 = ORIENTED_EDGE ( 'NONE', *, *, #2703, .T. ) ;
#9459 = VERTEX_POINT ( 'NONE', #6184 ) ;
#9460 = CARTESIAN_POINT ( 'NONE',  ( -77.99999999996877875, 15.99999999999995914, 349.3669342391178247 ) ) ;
#9461 = EDGE_CURVE ( 'NONE', #4031, #7546, #2323, .T. ) ;
#9462 = FACE_OUTER_BOUND ( 'NONE', #690, .T. ) ;
#9463 = ORIENTED_EDGE ( 'NONE', *, *, #2971, .T. ) ;
#9464 = CARTESIAN_POINT ( 'NONE',  ( 140.7714594100349359, 92.52630547832301033, 246.9964729045973684 ) ) ;
#9465 = VERTEX_POINT ( 'NONE', #4669 ) ;
#9466 = CARTESIAN_POINT ( 'NONE',  ( -15.47581898324876803, 14.59615995501073726, 356.4825579594581768 ) ) ;
#9467 = ORIENTED_EDGE ( 'NONE', *, *, #5325, .F. ) ;
#9468 = CYLINDRICAL_SURFACE ( 'NONE', #3659, 7.099999999999995204 ) ;
#9469 = CARTESIAN_POINT ( 'NONE',  ( -79.99999999661181960, 40.80291130540263111, 333.1385603176996142 ) ) ;
#9470 = ADVANCED_FACE ( 'NONE', ( #93 ), #8326, .F. ) ;
#9471 = ADVANCED_FACE ( 'NONE', ( #785 ), #1850, .T. ) ;
#9472 = CARTESIAN_POINT ( 'NONE',  ( -144.0008544064812668, 92.33233090680724331, 272.1981532631729124 ) ) ;
#9473 = ORIENTED_EDGE ( 'NONE', *, *, #2009, .T. ) ;
#9474 = DIRECTION ( 'NONE',  ( 0.000000000000000000, -0.000000000000000000, 1.000000000000000000 ) ) ;
#9475 = CARTESIAN_POINT ( 'NONE',  ( 34.02627472910938877, 12.90293008655958928, 357.0044353880830386 ) ) ;
#9476 = CARTESIAN_POINT ( 'NONE',  ( -119.7134399979684787, 140.9156275835665042, 309.9857586946546917 ) ) ;
#9477 = ORIENTED_EDGE ( 'NONE', *, *, #3311, .F. ) ;
#9478 = LINE ( 'NONE', #4296, #2007 ) ;
#9479 = CARTESIAN_POINT ( 'NONE',  ( 138.8512083273002133, 50.24581089738411777, 253.9779273062196410 ) ) ;
#9480 = DIRECTION ( 'NONE',  ( 0.9895943761646331938, 0.000000000000000000, 0.1438852690977445448 ) ) ;
#9481 = DIRECTION ( 'NONE',  ( -2.775557561562888827E-14, 0.000000000000000000, 1.000000000000000000 ) ) ;
#9482 = CARTESIAN_POINT ( 'NONE',  ( 121.9214080791018944, 140.9938369952569133, 306.5372490499650553 ) ) ;
#9483 = CARTESIAN_POINT ( 'NONE',  ( 89.99472524344685098, 140.9935898095371840, 328.2004769198455278 ) ) ;
#9484 = CARTESIAN_POINT ( 'NONE',  ( -79.87027902816423364, 20.07501897094465804, 346.8639616660633465 ) ) ;
#9485 = CARTESIAN_POINT ( 'NONE',  ( -12.86786878857390981, 15.53331771622393553, 356.6582576954103843 ) ) ;
#9486 = CARTESIAN_POINT ( 'NONE',  ( -11.35292424395107602, 11.99999999999995914, 357.1999999999999886 ) ) ;
#9487 = CARTESIAN_POINT ( 'NONE',  ( -142.6946104534021060, 95.28313652948170898, 246.0316403486608579 ) ) ;
#9488 = DIRECTION ( 'NONE',  ( 0.000000000000000000, 0.000000000000000000, 1.000000000000000000 ) ) ;
#9489 = FACE_OUTER_BOUND ( 'NONE', #347, .T. ) ;
#9490 = ORIENTED_EDGE ( 'NONE', *, *, #8685, .T. ) ;
#9491 = CARTESIAN_POINT ( 'NONE',  ( -25.38064732522104450, 13.79445085038622310, 356.2876693391636991 ) ) ;
#9492 = CARTESIAN_POINT ( 'NONE',  ( 9.866016694686575050, 14.34738353893818896, 356.9415113255456617 ) ) ;
#9493 = B_SPLINE_CURVE_WITH_KNOTS ( 'NONE', 3,
 ( #221, #8146, #9774, #5593, #4791, #9523, #4138, #7855, #2627, #8769 ),
 .UNSPECIFIED., .F., .F.,
 ( 4, 2, 2, 2, 4 ),
 ( 0.0004385668754149450580, 0.0008883126106851806352, 0.001338058345955416267, 0.001787804081225651898, 0.002237549816495887529 ),
 .UNSPECIFIED. ) ;
#9494 = DIRECTION ( 'NONE',  ( 0.6069928224521496940, 0.000000000000000000, 0.7947073130980821798 ) ) ;
#9495 = EDGE_CURVE ( 'NONE', #6796, #5323, #1596, .T. ) ;
#9496 = DIRECTION ( 'NONE',  ( 0.000000000000000000, -1.000000000000000000, 0.000000000000000000 ) ) ;
#9497 = CIRCLE ( 'NONE', #4038, 0.6499999999999839240 ) ;
#9498 = CARTESIAN_POINT ( 'NONE',  ( -139.9709877424058675, 60.62819112870808880, 250.0576169803810274 ) ) ;
#9499 = ORIENTED_EDGE ( 'NONE', *, *, #2124, .F. ) ;
#9500 = FACE_OUTER_BOUND ( 'NONE', #7011, .T. ) ;
#9501 = FACE_OUTER_BOUND ( 'NONE', #7405, .T. ) ;
#9502 = CARTESIAN_POINT ( 'NONE',  ( 28484.68104630933522, 13.99999999999995737, 241025.3457098586659 ) ) ;
#9503 = ORIENTED_EDGE ( 'NONE', *, *, #1764, .F. ) ;
#9504 = CARTESIAN_POINT ( 'NONE',  ( -128.8302585365522646, 90.99783916696686958, 278.7414759533133974 ) ) ;
#9505 = CARTESIAN_POINT ( 'NONE',  ( -1.192428599601216750E-13, 15.65872649004238681, 357.1999999999999886 ) ) ;
#9506 = TOROIDAL_SURFACE ( 'NONE', #4836, 146.9999999999999716, 2.000000000000000000 ) ;
#9507 = CARTESIAN_POINT ( 'NONE',  ( -13.73069218441279382, 12.29632189562372169, 357.1999999999999886 ) ) ;
#9508 = ORIENTED_EDGE ( 'NONE', *, *, #5723, .T. ) ;
#9509 = EDGE_CURVE ( 'NONE', #3060, #2631, #8884, .T. ) ;
#9510 = B_SPLINE_CURVE_WITH_KNOTS ( 'NONE', 3,
 ( #9025, #9953, #5292, #8312, #8936, #2030, #2831, #3688, #1423, #2874 ),
 .UNSPECIFIED., .F., .F.,
 ( 4, 2, 2, 2, 4 ),
 ( 0.0007887631372346321293, 0.001151087158605673807, 0.001513411179976715485, 0.001875735201347757163, 0.002238059222718798841 ),
 .UNSPECIFIED. ) ;
#9511 = AXIS2_PLACEMENT_3D ( 'NONE', #3818, #6894, #2198 ) ;
#9512 = CARTESIAN_POINT ( 'NONE',  ( -116.9517187327082866, 140.9936335898023856, 300.9557193362239218 ) ) ;
#9513 = DIRECTION ( 'NONE',  ( -0.000000000000000000, 1.000000000000000000, -0.000000000000000000 ) ) ;
#9514 = ORIENTED_EDGE ( 'NONE', *, *, #548, .F. ) ;
#9515 = CARTESIAN_POINT ( 'NONE',  ( 80.88435374146580159, 40.71089020296774663, 332.5441785871896059 ) ) ;
#9516 = CARTESIAN_POINT ( 'NONE',  ( 140.8553952358233801, 94.35984872396717549, 246.6512463243276443 ) ) ;
#9517 = VERTEX_POINT ( 'NONE', #2497 ) ;
#9518 = CARTESIAN_POINT ( 'NONE',  ( -122.3240216452302036, 14.08025239193414180, 306.6769527474412484 ) ) ;
#9519 = CARTESIAN_POINT ( 'NONE',  ( 120.3746434484512235, 14.10312601543333422, 309.2809493332049442 ) ) ;
#9520 = CARTESIAN_POINT ( 'NONE',  ( -80.42007616233713918, 39.09733976893154050, 332.8550024708919182 ) ) ;
#9521 = VECTOR ( 'NONE', #8534, 1000.000000000000114 ) ;
#9522 = EDGE_CURVE ( 'NONE', #7597, #4511, #1, .T. ) ;
#9523 = CARTESIAN_POINT ( 'NONE',  ( 122.9905398090786122, 140.8814245832213885, 306.0077344820625171 ) ) ;
#9524 = ORIENTED_EDGE ( 'NONE', *, *, #1717, .T. ) ;
#9525 = CIRCLE ( 'NONE', #4223, 2.000000000000004885 ) ;
#9526 = VECTOR ( 'NONE', #4759, 1000.000000000000000 ) ;
#9527 = DIRECTION ( 'NONE',  ( 0.000000000000000000, -1.000000000000000000, -0.000000000000000000 ) ) ;
#9528 = CARTESIAN_POINT ( 'NONE',  ( 13.85417397927018257, 13.17228389477999961, 357.1199284472188538 ) ) ;
#9529 = CARTESIAN_POINT ( 'NONE',  ( 94.44501250635239842, 14.15609696178084853, 334.8237148612687406 ) ) ;
#9530 = ORIENTED_EDGE ( 'NONE', *, *, #1067, .T. ) ;
#9531 = DIRECTION ( 'NONE',  ( 0.000000000000000000, 1.000000000000000000, -0.000000000000000000 ) ) ;
#9532 = ORIENTED_EDGE ( 'NONE', *, *, #6755, .T. ) ;
#9533 = CARTESIAN_POINT ( 'NONE',  ( 140.1659805424807246, 55.11949163359644643, 249.3282006263314940 ) ) ;
#9534 = EDGE_CURVE ( 'NONE', #2615, #8238, #291, .T. ) ;
#9535 = DIRECTION ( 'NONE',  ( 0.000000000000000000, -1.000000000000000000, -0.000000000000000000 ) ) ;
#9536 = DIRECTION ( 'NONE',  ( 0.000000000000000000, -1.000000000000000000, -0.000000000000000000 ) ) ;
#9537 = CARTESIAN_POINT ( 'NONE',  ( -79.99325211127796820, 37.08767825637323057, 346.1304882551046944 ) ) ;
#9538 = AXIS2_PLACEMENT_3D ( 'NONE', #1740, #7790, #7193 ) ;
#9539 = EDGE_CURVE ( 'NONE', #9178, #811, #8123, .T. ) ;
#9540 = AXIS2_PLACEMENT_3D ( 'NONE', #330, #2389, #5454 ) ;
#9541 = FACE_OUTER_BOUND ( 'NONE', #7860, .T. ) ;
#9542 = CARTESIAN_POINT ( 'NONE',  ( -79.82138890038632439, 20.30347720169899972, 346.8301850600645935 ) ) ;
#9543 = CARTESIAN_POINT ( 'NONE',  ( -1.118950367308527927, 15.40762171796620450, 357.2049217157822341 ) ) ;
#9544 = PLANE ( 'NONE',  #1776 ) ;
#9545 = AXIS2_PLACEMENT_3D ( 'NONE', #7326, #9595, #6468 ) ;
#9546 = VECTOR ( 'NONE', #7367, 1000.000000000000114 ) ;
#9547 = CARTESIAN_POINT ( 'NONE',  ( -143.4040466960718732, 98.37148522368045178, 244.5153120237268922 ) ) ;
#9548 = ADVANCED_FACE ( 'NONE', ( #2745 ), #7197, .T. ) ;
#9549 = ORIENTED_EDGE ( 'NONE', *, *, #914, .F. ) ;
#9550 = CARTESIAN_POINT ( 'NONE',  ( -140.7767538912678162, 92.29476265649940103, 246.9748267964808690 ) ) ;
#9551 = CARTESIAN_POINT ( 'NONE',  ( -24.43814172112496053, 13.72118046484682985, 356.4296738760815515 ) ) ;
#9552 = CARTESIAN_POINT ( 'NONE',  ( 11.14133840808916531, 14.26269786764297187, 356.8802819086446334 ) ) ;
#9553 = CARTESIAN_POINT ( 'NONE',  ( -88.85117760225975303, 140.9206206627205802, 328.6034174336028855 ) ) ;
#9554 = CIRCLE ( 'NONE', #5208, 1.999999999999994893 ) ;
#9555 = DIRECTION ( 'NONE',  ( -0.000000000000000000, -1.000000000000000000, -0.000000000000000000 ) ) ;
#9556 = DIRECTION ( 'NONE',  ( -0.6069928224427785235, -1.997504101841834466E-11, 0.7947073131052398987 ) ) ;
#9557 = CARTESIAN_POINT ( 'NONE',  ( -138.0117288589178202, 64.09718850424563641, 256.6745937528555146 ) ) ;
#9558 = VECTOR ( 'NONE', #4129, 1000.000000000000114 ) ;
#9559 = VERTEX_POINT ( 'NONE', #8846 ) ;
#9560 = DIRECTION ( 'NONE',  ( -0.9186345175357107928, 0.000000000000000000, 0.3951083689216566830 ) ) ;
#9561 = CARTESIAN_POINT ( 'NONE',  ( -122.4702548753074751, 140.8859355041606989, 306.6769527474413053 ) ) ;
#9562 = CARTESIAN_POINT ( 'NONE',  ( -93.41247076359495338, 140.9857173623161088, 334.9610766536592337 ) ) ;
#9563 = EDGE_CURVE ( 'NONE', #6498, #4690, #5818, .T. ) ;
#9564 = ORIENTED_EDGE ( 'NONE', *, *, #9147, .F. ) ;
#9565 = B_SPLINE_CURVE_WITH_KNOTS ( 'NONE', 3,
 ( #5307, #3140, #6224, #8376, #7037, #4715 ),
 .UNSPECIFIED., .F., .F.,
 ( 4, 2, 4 ),
 ( 0.000000000000000000, 0.0003074722973928144623, 0.0006149445947856289245 ),
 .UNSPECIFIED. ) ;
#9566 = AXIS2_PLACEMENT_3D ( 'NONE', #3174, #4003, #966 ) ;
#9567 = CARTESIAN_POINT ( 'NONE',  ( -131.4829092320875077, 93.27751892999870620, 273.3334219431686734 ) ) ;
#9568 = EDGE_CURVE ( 'NONE', #2879, #368, #6634, .T. ) ;
#9569 = CARTESIAN_POINT ( 'NONE',  ( 30.83096261121054482, 15.83658956593696132, 353.9128339253183526 ) ) ;
#9570 = CARTESIAN_POINT ( 'NONE',  ( -21.92180447787232822, 12.46781375107233814, 357.1802292850353524 ) ) ;
#9571 = CARTESIAN_POINT ( 'NONE',  ( -122.1798020695187290, 14.04690588596876744, 306.6769527474412484 ) ) ;
#9572 = ORIENTED_EDGE ( 'NONE', *, *, #6582, .F. ) ;
#9573 = AXIS2_PLACEMENT_3D ( 'NONE', #9981, #3764, #9150 ) ;
#9574 = ORIENTED_EDGE ( 'NONE', *, *, #5008, .T. ) ;
#9575 = FACE_OUTER_BOUND ( 'NONE', #4323, .T. ) ;
#9576 = ORIENTED_EDGE ( 'NONE', *, *, #9579, .T. ) ;
#9577 = DIRECTION ( 'NONE',  ( 0.000000000000000000, -1.000000000000000000, 0.000000000000000000 ) ) ;
#9579 = EDGE_CURVE ( 'NONE', #6996, #4885, #7291, .T. ) ;
#9578 = AXIS2_PLACEMENT_3D ( 'NONE', #484, #8741, #8029 ) ;
#9580 = EDGE_CURVE ( 'NONE', #6399, #9301, #8795, .T. ) ;
#9581 = CARTESIAN_POINT ( 'NONE',  ( 140.8143064849404880, 91.59939984700861260, 246.8207562452104185 ) ) ;
#9582 = ORIENTED_EDGE ( 'NONE', *, *, #1938, .T. ) ;
#9583 = DIRECTION ( 'NONE',  ( 0.000000000000000000, 1.000000000000000000, -0.000000000000000000 ) ) ;
#9584 = CARTESIAN_POINT ( 'NONE',  ( -148.0000000000245848, 89.97422520020263903, 271.3747880754171433 ) ) ;
#9585 = CARTESIAN_POINT ( 'NONE',  ( -80.73445429984920452, 39.87165326377404995, 332.6448132250180834 ) ) ;
#9586 = EDGE_LOOP ( 'NONE', ( #263, #1156, #2288, #3012 ) ) ;
#9587 = LINE ( 'NONE', #4950, #9063 ) ;
#9588 = FACE_OUTER_BOUND ( 'NONE', #7228, .T. ) ;
#9589 = DIRECTION ( 'NONE',  ( -0.000000000000000000, 1.000000000000000000, -0.000000000000000000 ) ) ;
#9590 = VERTEX_POINT ( 'NONE', #6428 ) ;
#9591 = EDGE_CURVE ( 'NONE', #4428, #2879, #9749, .T. ) ;
#9592 = CARTESIAN_POINT ( 'NONE',  ( 79.99999999996379074, 18.94562749920794786, 347.1163206528584624 ) ) ;
#9593 = VERTEX_POINT ( 'NONE', #7244 ) ;
#9594 = CARTESIAN_POINT ( 'NONE',  ( 139.9709877424058675, 53.37180887129191831, 250.0576169803810274 ) ) ;
#9595 = DIRECTION ( 'NONE',  ( 0.1438852690977279192, -0.000000000000000000, 0.9895943761646356363 ) ) ;
#9596 = DIRECTION ( 'NONE',  ( 0.000000000000000000, 0.000000000000000000, 1.000000000000000000 ) ) ;
#9597 = CARTESIAN_POINT ( 'NONE',  ( 88.85246434428283635, 140.9414347810829895, 328.6950307277768388 ) ) ;
#9598 = SPHERICAL_SURFACE ( 'NONE', #2587, 2.000000000000000000 ) ;
#9599 = CARTESIAN_POINT ( 'NONE',  ( -7.029497079970821183, 15.99999999999995914, 357.0363449273443734 ) ) ;
#9600 = CARTESIAN_POINT ( 'NONE',  ( 141.0464342965640299, 89.45677129796204952, 278.8476307539801837 ) ) ;
#9601 = ADVANCED_FACE ( 'NONE', ( #1096 ), #1193, .F. ) ;
#9602 = DIRECTION ( 'NONE',  ( -0.000000000000000000, 1.000000000000000000, 0.000000000000000000 ) ) ;
#9603 = CARTESIAN_POINT ( 'NONE',  ( -141.4529712308192018, 87.15493271257520291, 244.0756479145605340 ) ) ;
#9604 = CARTESIAN_POINT ( 'NONE',  ( -19.55584762785971620, 13.91089071824993795, 356.4945434346175830 ) ) ;
#9605 = CARTESIAN_POINT ( 'NONE',  ( 25.89304988698810206, 13.82755575090514988, 356.2115204136902094 ) ) ;
#9606 = AXIS2_PLACEMENT_3D ( 'NONE', #5691, #3320, #7216 ) ;
#9607 = CARTESIAN_POINT ( 'NONE',  ( -89.02285111848279087, 140.8412995748982723, 328.1949635331753257 ) ) ;
#9608 = AXIS2_PLACEMENT_3D ( 'NONE', #814, #6160, #3131 ) ;
#9609 = DIRECTION ( 'NONE',  ( -0.9186345175357106818, -0.000000000000000000, 0.3951083689216569605 ) ) ;
#9610 = EDGE_CURVE ( 'NONE', #3316, #4511, #1040, .T. ) ;
#9611 = CARTESIAN_POINT ( 'NONE',  ( 93.49262380065243860, 140.9692843198029379, 335.0270654217088122 ) ) ;
#9612 = CARTESIAN_POINT ( 'NONE',  ( -140.1659805424806962, 58.88050836640358199, 249.3282006263315225 ) ) ;
#9613 = CYLINDRICAL_SURFACE ( 'NONE', #9696, 2.000000000000001776 ) ;
#9614 = CARTESIAN_POINT ( 'NONE',  ( 79.99999999996359179, 18.49847829689160505, 346.1300812613526432 ) ) ;
#9615 = ORIENTED_EDGE ( 'NONE', *, *, #2569, .F. ) ;
#9616 = CARTESIAN_POINT ( 'NONE',  ( -132.3636451138320638, 90.49296432695740577, 271.4019324897044498 ) ) ;
#9617 = CARTESIAN_POINT ( 'NONE',  ( 79.98470674973825112, 40.71591457145207471, 342.5726203919329009 ) ) ;
#9618 = CARTESIAN_POINT ( 'NONE',  ( 147.4006655782690132, 57.38815205830888289, 263.2787997811547029 ) ) ;
#9619 = ORIENTED_EDGE ( 'NONE', *, *, #6533, .F. ) ;
#9620 = AXIS2_PLACEMENT_3D ( 'NONE', #8980, #9222, #114 ) ;
#9621 = ORIENTED_EDGE ( 'NONE', *, *, #3620, .F. ) ;
#9622 = CARTESIAN_POINT ( 'NONE',  ( -78.48660143916289655, 39.04436576087521615, 344.4101517737022959 ) ) ;
#9623 = B_SPLINE_CURVE_WITH_KNOTS ( 'NONE', 3,
 ( #5993, #5139, #1267, #9018 ),
 .UNSPECIFIED., .F., .F.,
 ( 4, 4 ),
 ( 0.000000000000000000, 0.0009713195658762457116 ),
 .UNSPECIFIED. ) ;
#9624 = ORIENTED_EDGE ( 'NONE', *, *, #2397, .F. ) ;
#9625 = CARTESIAN_POINT ( 'NONE',  ( 140.4403554133579064, 91.14644859282161349, 248.2765695368872514 ) ) ;
#9626 = ORIENTED_EDGE ( 'NONE', *, *, #8914, .F. ) ;
#9627 = CARTESIAN_POINT ( 'NONE',  ( -29.07495438816996369, 14.51442792627641332, 354.8657751636817466 ) ) ;
#9628 = EDGE_LOOP ( 'NONE', ( #9619, #8147 ) ) ;
#9629 = CYLINDRICAL_SURFACE ( 'NONE', #4782, 2.000000000000001776 ) ;
#9630 = CARTESIAN_POINT ( 'NONE',  ( -79.07339664854420391, 39.21855918666739171, 333.7449663572577947 ) ) ;
#9631 = B_SPLINE_CURVE_WITH_KNOTS ( 'NONE', 3,
 ( #5135, #9066, #6753, #7596, #2062, #2250, #9833, #8345, #6082, #3719, #6850, #2907, #8300, #696, #1359, #5985, #9939, #6656, #7552, #6802, #5892, #2160, #4193, #9885, #9113, #3005, #8201, #5322, #4385, #3635, #8393, #7275, #372, #2108 ),
 .UNSPECIFIED., .F., .F.,
 ( 4, 2, 2, 2, 2, 2, 2, 2, 2, 2, 2, 2, 2, 2, 2, 2, 4 ),
 ( 0.01238819117192051927, 0.01316135267260021627, 0.01393451417327991326, 0.01470767567395960852, 0.01548083717463930552, 0.01625399867531900078, 0.01702716017599869777, 0.01780032167667839477, 0.01857348317735809176, 0.01934664467803778876, 0.02011980617871748575, 0.02089296767939718275, 0.02166612918007687627, 0.02243929068075657673, 0.02321245218143627026, 0.02398561368211596725, 0.02475877518279566425 ),
 .UNSPECIFIED. ) ;
#9632 = EDGE_CURVE ( 'NONE', #567, #1687, #1848, .T. ) ;
#9633 = ORIENTED_EDGE ( 'NONE', *, *, #3097, .F. ) ;
#9634 = CARTESIAN_POINT ( 'NONE',  ( -147.8961038961008114, 52.69664822365111689, 261.8260259576944122 ) ) ;
#9635 = CARTESIAN_POINT ( 'NONE',  ( 9.457498694757843438, 12.31832202501689189, 357.1999999999999886 ) ) ;
#9636 = CARTESIAN_POINT ( 'NONE',  ( -34.04717911000447117, 12.41252819685503184, 357.1613656509336465 ) ) ;
#9637 = ORIENTED_EDGE ( 'NONE', *, *, #5339, .F. ) ;
#9638 = CARTESIAN_POINT ( 'NONE',  ( -4.663555684052147711E-14, 15.99999999999995914, 357.1999999999999886 ) ) ;
#9639 = VERTEX_POINT ( 'NONE', #7982 ) ;
#9640 = DIRECTION ( 'NONE',  ( 0.000000000000000000, 0.000000000000000000, 1.000000000000000000 ) ) ;
#9641 = DIRECTION ( 'NONE',  ( 1.000000000000000000, 0.000000000000000000, 0.000000000000000000 ) ) ;
#9642 = CARTESIAN_POINT ( 'NONE',  ( 0.000000000000000000, 138.9999999999999432, 212.1999999999999602 ) ) ;
#9643 = CARTESIAN_POINT ( 'NONE',  ( 122.0375513802535039, 140.9821966070965971, 306.6288837892866468 ) ) ;
#9644 = ADVANCED_FACE ( 'NONE', ( #3456 ), #4116, .F. ) ;
#9645 = PLANE ( 'NONE',  #8768 ) ;
#9646 = DIRECTION ( 'NONE',  ( -0.000000000000000000, -1.000000000000000000, -0.000000000000000000 ) ) ;
#9647 = CARTESIAN_POINT ( 'NONE',  ( -5.645174055475650654, 14.70565792947587624, 357.1143003015288286 ) ) ;
#9648 = DIRECTION ( 'NONE',  ( -1.000000000000000000, 0.000000000000000000, 0.000000000000000000 ) ) ;
#9649 = CARTESIAN_POINT ( 'NONE',  ( -14.19115530493879973, 11.99999999999996092, 357.1999999999999886 ) ) ;
#9650 = DIRECTION ( 'NONE',  ( -0.3701888898134161887, -0.000000000000000000, 0.9289565037496160249 ) ) ;
#9651 = PLANE ( 'NONE',  #3745 ) ;
#9652 = CARTESIAN_POINT ( 'NONE',  ( -63.55782415073480962, 37.15479618067639933, 354.6662305252636429 ) ) ;
#9653 = ORIENTED_EDGE ( 'NONE', *, *, #1954, .F. ) ;
#9654 = CARTESIAN_POINT ( 'NONE',  ( -33.98921100076227475, 13.41421356237304607, 356.6142135623730383 ) ) ;
#9655 = CARTESIAN_POINT ( 'NONE',  ( -91.12958119720997274, 14.11977586181462563, 337.1906497365353630 ) ) ;
#9656 = CARTESIAN_POINT ( 'NONE',  ( 25.68012524539749108, 13.94925856000076791, 356.0172195191476590 ) ) ;
#9657 = EDGE_CURVE ( 'NONE', #9673, #5840, #4865, .T. ) ;
#9658 = DIRECTION ( 'NONE',  ( -0.000000000000000000, 1.000000000000000000, -0.000000000000000000 ) ) ;
#9659 = CARTESIAN_POINT ( 'NONE',  ( 77.99999999994456346, 15.99999999999997691, 349.3669342391156079 ) ) ;
#9660 = CARTESIAN_POINT ( 'NONE',  ( -135.8474097585785216, 59.33585400261205933, 262.9002984489760024 ) ) ;
#9661 = CARTESIAN_POINT ( 'NONE',  ( 111.7844301505943889, 3.499999999999952927, 387.2000000000000455 ) ) ;
#9662 = CARTESIAN_POINT ( 'NONE',  ( 34.01611804082740065, 13.99999999999995559, 355.1999999999999318 ) ) ;
#9663 = B_SPLINE_SURFACE_WITH_KNOTS ( 'NONE', 3, 3, ( 
 ( #5343, #3839, #918, #4600, #5394, #6916 ),
 ( #4697, #72, #3169, #6254, #6212, #9277 ),
 ( #7766, #3221, #6308, #9369, #8617, #7318 ),
 ( #3380, #1970, #1015, #1819, #4951, #7903 ),
 ( #6562, #316, #5045, #416, #4187, #223 ),
 ( #8666, #6460, #3278, #5596, #9635, #4898 ),
 ( #1171, #5750, #8009, #7959, #1768, #2725 ),
 ( #4840, #7173, #4098, #3435, #8112, #272 ),
 ( #7224, #1072, #9528, #7269, #8773, #1220 ),
 ( #2630, #3486, #4141, #6360, #2680, #366 ),
 ( #3329, #4241, #6408, #2525, #5794, #1122 ),
 ( #4292, #5699, #9475, #1876, #6514, #9422 ) ),
 .UNSPECIFIED., .F., .F., .F.,
 ( 4, 2, 2, 2, 2, 4 ),
 ( 4, 2, 4 ),
 ( 0.000000000000000000, 0.1250000000000000000, 0.2500000000000000000, 0.3750000000000000000, 0.5000000000000000000, 1.000000000000000000 ),
 ( 0.000000000000000000, 0.5000000000000000000, 1.000000000000000000 ),
 .UNSPECIFIED. ) ;
#9664 = VERTEX_POINT ( 'NONE', #2797 ) ;
#9665 = CARTESIAN_POINT ( 'NONE',  ( 119.7134399979684645, 14.08437241643339810, 309.9857586946546917 ) ) ;
#9666 = ADVANCED_FACE ( 'NONE', ( #6531 ), #1141, .T. ) ;
#9667 = CARTESIAN_POINT ( 'NONE',  ( -1.419115530494030608, 11.99999999999995914, 357.1999999999999886 ) ) ;
#9668 = CARTESIAN_POINT ( 'NONE',  ( 147.7476221921683361, 60.67336107294902092, 262.2667172048201110 ) ) ;
#9669 = VERTEX_POINT ( 'NONE', #8949 ) ;
#9670 = ORIENTED_EDGE ( 'NONE', *, *, #8331, .F. ) ;
#9671 = CARTESIAN_POINT ( 'NONE',  ( -82.82334889486382679, 39.61129636162702639, 344.3980011972341231 ) ) ;
#9672 = VECTOR ( 'NONE', #9140, 1000.000000000000114 ) ;
#9673 = VERTEX_POINT ( 'NONE', #8078 ) ;
#9674 = CARTESIAN_POINT ( 'NONE',  ( -91.13077383538400511, 140.9628237181810562, 336.8349660179970897 ) ) ;
#9675 = CARTESIAN_POINT ( 'NONE',  ( 141.1786662136109385, 97.96062962198142543, 245.2707480389532861 ) ) ;
#9676 = CARTESIAN_POINT ( 'NONE',  ( 88.98531161940533707, 14.00510225282537036, 329.0274823074042843 ) ) ;
#9677 = CARTESIAN_POINT ( 'NONE',  ( -18.05638226972086713, 14.32648777252347827, 356.3425532425072788 ) ) ;
#9678 = ORIENTED_EDGE ( 'NONE', *, *, #843, .T. ) ;
#9679 = CARTESIAN_POINT ( 'NONE',  ( 72.12657779604990083, 13.74802495712692618, 356.3413022699455723 ) ) ;
#9680 = EDGE_LOOP ( 'NONE', ( #8815, #1381, #2960, #7975 ) ) ;
#9681 = AXIS2_PLACEMENT_3D ( 'NONE', #902, #1461, #2310 ) ;
#9682 = ORIENTED_EDGE ( 'NONE', *, *, #4301, .T. ) ;
#9683 = CARTESIAN_POINT ( 'NONE',  ( -148.0000000000245848, 51.97009658510659591, 261.1897948556726874 ) ) ;
#9684 = CARTESIAN_POINT ( 'NONE',  ( 145.9999999999983800, 89.10563749711471360, 244.0740061846825313 ) ) ;
#9685 = CARTESIAN_POINT ( 'NONE',  ( -79.80528247757814597, 22.04695951781894081, 346.2414745094739601 ) ) ;
#9686 = ORIENTED_EDGE ( 'NONE', *, *, #7655, .F. ) ;
#9687 = DIRECTION ( 'NONE',  ( -0.9895943761646331938, 0.000000000000000000, -0.1438852690977445448 ) ) ;
#9688 = CIRCLE ( 'NONE', #3885, 0.6499999999999839240 ) ;
#9689 = ORIENTED_EDGE ( 'NONE', *, *, #6743, .F. ) ;
#9690 = CARTESIAN_POINT ( 'NONE',  ( -136.1168047565063830, 53.18659525068372318, 262.1723442356166629 ) ) ;
#9691 = CARTESIAN_POINT ( 'NONE',  ( 90.73246484126845246, 14.16866583773284027, 337.6268400505543923 ) ) ;
#9692 = DIRECTION ( 'NONE',  ( 3.378674827220644093E-16, 0.000000000000000000, -1.000000000000000000 ) ) ;
#9693 = EDGE_CURVE ( 'NONE', #211, #3720, #5272, .T. ) ;
#9694 = CARTESIAN_POINT ( 'NONE',  ( -82.58580475929134934, 39.09260688478430268, 344.5465294556034337 ) ) ;
#9695 = CIRCLE ( 'NONE', #5664, 1.999999999999998224 ) ;
#9696 = AXIS2_PLACEMENT_3D ( 'NONE', #3511, #8799, #1244 ) ;
#9697 = DIRECTION ( 'NONE',  ( 0.000000000000000000, 0.000000000000000000, -1.000000000000000000 ) ) ;
#9698 = DIRECTION ( 'NONE',  ( 0.000000000000000000, 0.000000000000000000, 1.000000000000000000 ) ) ;
#9699 = CARTESIAN_POINT ( 'NONE',  ( 143.4369305162843773, 86.56980879467300838, 273.5343741764195897 ) ) ;
#9700 = CARTESIAN_POINT ( 'NONE',  ( -142.3275169181891613, 93.19326416161787563, 246.9778924245464964 ) ) ;
#9701 = CARTESIAN_POINT ( 'NONE',  ( 29.19527642180833382, 36.99999999999995737, 356.2716343860032566 ) ) ;
#9702 = CARTESIAN_POINT ( 'NONE',  ( 45451.35083163177478, 140.9999999999999716, 114055.2382945854479 ) ) ;
#9703 = ORIENTED_EDGE ( 'NONE', *, *, #6619, .F. ) ;
#9704 = DIRECTION ( 'NONE',  ( -0.000000000000000000, -1.000000000000000000, -0.000000000000000000 ) ) ;
#9705 = CARTESIAN_POINT ( 'NONE',  ( 26.97479852941681955, 13.88924760087769883, 356.0472837544357390 ) ) ;
#9706 = EDGE_CURVE ( 'NONE', #8377, #9827, #8937, .T. ) ;
#9707 = VECTOR ( 'NONE', #1365, 1000.000000000000000 ) ;
#9708 = FACE_OUTER_BOUND ( 'NONE', #3043, .T. ) ;
#9709 = CARTESIAN_POINT ( 'NONE',  ( 115.3020163894792631, 13.99999999999995737, 308.1255099156416577 ) ) ;
#9710 = AXIS2_PLACEMENT_3D ( 'NONE', #7422, #8981, #9748 ) ;
#9711 = VECTOR ( 'NONE', #2378, 1000.000000000000000 ) ;
#9712 = CARTESIAN_POINT ( 'NONE',  ( -34.05877273185288345, 11.99999999999995914, 357.1999999999999886 ) ) ;
#9713 = CARTESIAN_POINT ( 'NONE',  ( 147.9999999999984084, 98.37148522368069337, 244.5153120237258690 ) ) ;
#9714 = DIRECTION ( 'NONE',  ( 1.000000000000000000, 0.000000000000000000, 0.000000000000000000 ) ) ;
#9715 = CARTESIAN_POINT ( 'NONE',  ( 33.76057974012902463, 14.19851763148908930, 354.3796149655969430 ) ) ;
#9716 = ORIENTED_EDGE ( 'NONE', *, *, #8530, .F. ) ;
#9717 = CARTESIAN_POINT ( 'NONE',  ( -79.41421356234202733, 16.91281810557580556, 350.4471023307043538 ) ) ;
#9718 = EDGE_CURVE ( 'NONE', #5077, #5621, #7644, .T. ) ;
#9719 = DIRECTION ( 'NONE',  ( -0.000000000000000000, 1.000000000000000000, 0.000000000000000000 ) ) ;
#9720 = CYLINDRICAL_SURFACE ( 'NONE', #6889, 2.000000000000001776 ) ;
#9721 = AXIS2_PLACEMENT_3D ( 'NONE', #4300, #5756, #8830 ) ;
#9722 = AXIS2_PLACEMENT_3D ( 'NONE', #351, #9513, #7212 ) ;
#9723 = DIRECTION ( 'NONE',  ( 0.000000000000000000, 0.000000000000000000, -1.000000000000000000 ) ) ;
#9724 = ORIENTED_EDGE ( 'NONE', *, *, #9730, .T. ) ;
#9725 = CARTESIAN_POINT ( 'NONE',  ( -81.36493541601518587, 37.73311412595221981, 345.3007572458532195 ) ) ;
#9726 = AXIS2_PLACEMENT_3D ( 'NONE', #1857, #344, #4873 ) ;
#9727 = CARTESIAN_POINT ( 'NONE',  ( 79.82886439860337191, 40.17719132384191028, 334.4335626417649223 ) ) ;
#9728 = ORIENTED_EDGE ( 'NONE', *, *, #4066, .T. ) ;
#9729 = CARTESIAN_POINT ( 'NONE',  ( -89.32709961899037410, 14.15008677538310344, 327.9873189261357993 ) ) ;
#9730 = EDGE_CURVE ( 'NONE', #2827, #4868, #4412, .T. ) ;
#9731 = VERTEX_POINT ( 'NONE', #9915 ) ;
#9732 = CARTESIAN_POINT ( 'NONE',  ( -16.94789238607722481, 13.87252166856543489, 356.6828487147187161 ) ) ;
#9733 = CARTESIAN_POINT ( 'NONE',  ( 120.2852799108606803, 14.17543560291788474, 309.6725597716066432 ) ) ;
#9734 = CARTESIAN_POINT ( 'NONE',  ( 81.99999999996879296, 40.99999999999995026, 334.2040982918406371 ) ) ;
#9735 = ORIENTED_EDGE ( 'NONE', *, *, #2075, .F. ) ;
#9736 = CIRCLE ( 'NONE', #4255, 0.6499999999999839240 ) ;
#9737 = B_SPLINE_CURVE_WITH_KNOTS ( 'NONE', 3,
 ( #9121, #2025, #9794, #9075 ),
 .UNSPECIFIED., .F., .F.,
 ( 4, 4 ),
 ( 0.001799648081411914366, 0.002238059222746417373 ),
 .UNSPECIFIED. ) ;
#9738 = EDGE_CURVE ( 'NONE', #3929, #8564, #2643, .T. ) ;
#9739 = AXIS2_PLACEMENT_3D ( 'NONE', #2214, #5287, #5944 ) ;
#9740 = EDGE_LOOP ( 'NONE', ( #4986, #7949, #2502, #310 ) ) ;
#9741 = CARTESIAN_POINT ( 'NONE',  ( -13.99730077549262397, 14.79640682535147533, 356.5789632283166952 ) ) ;
#9742 = CARTESIAN_POINT ( 'NONE',  ( -34.00080462261072256, 13.26506748490425736, 356.7633596398417808 ) ) ;
#9743 = VERTEX_POINT ( 'NONE', #9041 ) ;
#9744 = PLANE ( 'NONE',  #7478 ) ;
#9745 = ORIENTED_EDGE ( 'NONE', *, *, #2124, .T. ) ;
#9746 = CARTESIAN_POINT ( 'NONE',  ( 146.0000000000150067, 98.37148522368129022, 244.5153120237258690 ) ) ;
#9747 = DIRECTION ( 'NONE',  ( -0.6069928224509151260, 0.000000000000000000, 0.7947073130990249812 ) ) ;
#9748 = DIRECTION ( 'NONE',  ( 0.000000000000000000, 0.000000000000000000, 1.000000000000000000 ) ) ;
#9749 = CIRCLE ( 'NONE', #3776, 2.000000000000001776 ) ;
#9750 = CARTESIAN_POINT ( 'NONE',  ( -11.31765975372650601, 13.71090266881896191, 357.0036314914597710 ) ) ;
#9751 = CARTESIAN_POINT ( 'NONE',  ( 140.6510706212700086, 96.11076505497729272, 247.4465349102398477 ) ) ;
#9752 = EDGE_LOOP ( 'NONE', ( #8997, #9819, #6395, #2142 ) ) ;
#9753 = CARTESIAN_POINT ( 'NONE',  ( 79.41421356231900575, 16.91281810558094634, 350.4471023307198152 ) ) ;
#9754 = EDGE_LOOP ( 'NONE', ( #6845, #5910, #5222, #4530 ) ) ;
#9755 = CARTESIAN_POINT ( 'NONE',  ( 115.9504125949834901, 14.13609873509695625, 301.3720451172361550 ) ) ;
#9756 = CARTESIAN_POINT ( 'NONE',  ( 17.41792518895304553, 14.38029683252086954, 356.3751978452157800 ) ) ;
#9757 = DIRECTION ( 'NONE',  ( 0.000000000000000000, -1.000000000000000000, 0.000000000000000000 ) ) ;
#9758 = CARTESIAN_POINT ( 'NONE',  ( -90.05193354453581378, 141.0000000000000000, 328.2736762670361941 ) ) ;
#9759 = B_SPLINE_CURVE_WITH_KNOTS ( 'NONE', 3,
 ( #4978, #4122, #3413, #2503 ),
 .UNSPECIFIED., .F., .F.,
 ( 4, 4 ),
 ( 0.000000000000000000, 0.002914656965084373372 ),
 .UNSPECIFIED. ) ;
#9760 = CARTESIAN_POINT ( 'NONE',  ( -11.27004537985561150, 14.40598421814888752, 356.8522563694991732 ) ) ;
#9761 = ADVANCED_FACE ( 'NONE', ( #3031, #2041, #5115, #1482, #4558 ), #8280, .F. ) ;
#9762 = ADVANCED_FACE ( 'NONE', ( #7629 ), #7532, .T. ) ;
#9763 = CARTESIAN_POINT ( 'NONE',  ( -148.0000000000245848, 57.00000000000000711, 263.2787997811547029 ) ) ;
#9764 = CARTESIAN_POINT ( 'NONE',  ( 117.2362379767727703, 13.99999999999995737, 301.5988181220258753 ) ) ;
#9765 = CARTESIAN_POINT ( 'NONE',  ( 79.99999999996359179, 18.75780232166941275, 347.1748015229050566 ) ) ;
#9766 = ORIENTED_EDGE ( 'NONE', *, *, #4515, .F. ) ;
#9767 = VECTOR ( 'NONE', #3821, 1000.000000000000000 ) ;
#9768 = ORIENTED_EDGE ( 'NONE', *, *, #3345, .F. ) ;
#9769 = CARTESIAN_POINT ( 'NONE',  ( -148.0000000000245848, 89.97422520020263903, 275.1247880754171433 ) ) ;
#9770 = DIRECTION ( 'NONE',  ( 0.000000000000000000, -1.000000000000000000, 0.000000000000000000 ) ) ;
#9771 = ORIENTED_EDGE ( 'NONE', *, *, #8411, .T. ) ;
#9772 = CARTESIAN_POINT ( 'NONE',  ( 76.56180209666783298, 13.02438414240806530, 357.4676317863514896 ) ) ;
#9773 = ADVANCED_FACE ( 'NONE', ( #3801 ), #3836, .T. ) ;
#9774 = CARTESIAN_POINT ( 'NONE',  ( 122.6161921533662422, 140.8496929847092360, 306.6269886438457775 ) ) ;
#9775 = ORIENTED_EDGE ( 'NONE', *, *, #2097, .T. ) ;
#9776 = CARTESIAN_POINT ( 'NONE',  ( -79.98429821689376240, 40.71316440638267409, 342.5731342810623801 ) ) ;
#9777 = FACE_OUTER_BOUND ( 'NONE', #6512, .T. ) ;
#9778 = ORIENTED_EDGE ( 'NONE', *, *, #183, .T. ) ;
#9779 = PLANE ( 'NONE',  #9232 ) ;
#9780 = CARTESIAN_POINT ( 'NONE',  ( 94.37819318259698775, 140.9999999999999716, 334.0596565950169179 ) ) ;
#9781 = CARTESIAN_POINT ( 'NONE',  ( -10.49871568305264091, 13.79819422326082901, 357.0125594026694102 ) ) ;
#9782 = ORIENTED_EDGE ( 'NONE', *, *, #5451, .F. ) ;
#9783 = FACE_OUTER_BOUND ( 'NONE', #1878, .T. ) ;
#9784 = CIRCLE ( 'NONE', #128, 2.000000000000001776 ) ;
#9785 = B_SPLINE_CURVE_WITH_KNOTS ( 'NONE', 3,
 ( #4336, #2766, #7218, #9519, #7361, #9733, #4942, #8968, #8866, #409 ),
 .UNSPECIFIED., .F., .F.,
 ( 4, 2, 2, 2, 4 ),
 ( 0.000000000000000000, 0.0004057803915313924932, 0.0008115607830627849864, 0.001217341174594177480, 0.001623121566125569973 ),
 .UNSPECIFIED. ) ;
#9786 = CARTESIAN_POINT ( 'NONE',  ( -86.12827063230193403, 140.9999999999999716, 331.1591708579985607 ) ) ;
#9787 = VERTEX_POINT ( 'NONE', #7130 ) ;
#9788 = EDGE_CURVE ( 'NONE', #5179, #172, #3457, .T. ) ;
#9789 = VECTOR ( 'NONE', #9770, 1000.000000000000000 ) ;
#9790 = ORIENTED_EDGE ( 'NONE', *, *, #3637, .F. ) ;
#9791 = CARTESIAN_POINT ( 'NONE',  ( 63.98931808990580805, 36.99999999999993605, 354.4721588027286998 ) ) ;
#9792 = CARTESIAN_POINT ( 'NONE',  ( 5.646457927664871868, 14.18593349462341280, 357.1242978785640503 ) ) ;
#9793 = VERTEX_POINT ( 'NONE', #7681 ) ;
#9794 = CARTESIAN_POINT ( 'NONE',  ( 122.0374982706317297, 14.01779807002540146, 306.6288418868584245 ) ) ;
#9795 = VERTEX_POINT ( 'NONE', #3289 ) ;
#9796 = CARTESIAN_POINT ( 'NONE',  ( -60.20154134057683137, 38.99999999999995737, 354.9231448464169603 ) ) ;
#9797 = CARTESIAN_POINT ( 'NONE',  ( -59.17157287522046971, 36.99999999999995737, 356.2716343860031429 ) ) ;
#9798 = LINE ( 'NONE', #6815, #2787 ) ;
#9799 = EDGE_CURVE ( 'NONE', #2377, #9935, #7004, .T. ) ;
#9800 = CARTESIAN_POINT ( 'NONE',  ( -73.86624367412800041, 16.50814994817410408, 358.0527729149970355 ) ) ;
#9801 = CARTESIAN_POINT ( 'NONE',  ( 79.99999999987039700, 140.9999999999999716, 291567.4688076509628 ) ) ;
#9802 = LINE ( 'NONE', #8270, #3224 ) ;
#9803 = DIRECTION ( 'NONE',  ( 0.000000000000000000, -1.000000000000000000, -0.000000000000000000 ) ) ;
#9804 = CARTESIAN_POINT ( 'NONE',  ( -15.45347430335493399, 15.99999999999995914, 356.3810705270928452 ) ) ;
#9805 = ORIENTED_EDGE ( 'NONE', *, *, #4633, .T. ) ;
#9806 = CARTESIAN_POINT ( 'NONE',  ( -28.79806177661396305, 36.99999999999995026, 354.3114760950371078 ) ) ;
#9807 = DIRECTION ( 'NONE',  ( -0.000000000000000000, -0.000000000000000000, 1.000000000000000000 ) ) ;
#9808 = ORIENTED_EDGE ( 'NONE', *, *, #8205, .T. ) ;
#9809 = CARTESIAN_POINT ( 'NONE',  ( -145.9999999999968736, 92.76320896812782735, 243.2465577364812077 ) ) ;
#9810 = CARTESIAN_POINT ( 'NONE',  ( -143.3344692494615913, 89.15119218621104835, 244.2753716372026815 ) ) ;
#9811 = CARTESIAN_POINT ( 'NONE',  ( 22.84306379109131413, 14.04551602441094005, 356.1207036607287932 ) ) ;
#9812 = CARTESIAN_POINT ( 'NONE',  ( 119.8464356125601142, 140.8847223914007998, 309.9857586946547485 ) ) ;
#9813 = CARTESIAN_POINT ( 'NONE',  ( 78.24554729090759508, 38.99999999999995026, 336.4919295746832972 ) ) ;
#9814 = CARTESIAN_POINT ( 'NONE',  ( 141.2159915368699217, 89.49256670146097292, 245.1249469864271475 ) ) ;
#9815 = DIRECTION ( 'NONE',  ( -0.000000000000000000, 1.000000000000000000, -0.000000000000000000 ) ) ;
#9816 = DIRECTION ( 'NONE',  ( 0.000000000000000000, -1.000000000000000000, 0.000000000000000000 ) ) ;
#9817 = FACE_OUTER_BOUND ( 'NONE', #2222, .T. ) ;
#9818 = FACE_OUTER_BOUND ( 'NONE', #1091, .T. ) ;
#9819 = ORIENTED_EDGE ( 'NONE', *, *, #7424, .T. ) ;
#9820 = CARTESIAN_POINT ( 'NONE',  ( 45444.56944914969790, 13.99999999999995737, 114057.9406734451331 ) ) ;
#9821 = CARTESIAN_POINT ( 'NONE',  ( 80.23935450788351886, 40.81006771113853659, 346.0074745206351849 ) ) ;
#9822 = CARTESIAN_POINT ( 'NONE',  ( -119.7134399979682371, 14.08437241643335014, 309.9857586946546917 ) ) ;
#9823 = ORIENTED_EDGE ( 'NONE', *, *, #4149, .F. ) ;
#9824 = EDGE_CURVE ( 'NONE', #3929, #9322, #8038, .T. ) ;
#9825 = CARTESIAN_POINT ( 'NONE',  ( -79.01298701295576166, 36.99999999999995026, 346.7100289320111415 ) ) ;
#9826 = CARTESIAN_POINT ( 'NONE',  ( -94.26941706898760742, 13.99999999999995737, 333.9755189086594100 ) ) ;
#9827 = VERTEX_POINT ( 'NONE', #9241 ) ;
#9828 = DIRECTION ( 'NONE',  ( -0.5306122448977460548, 0.000000000000000000, 0.8476146798897329360 ) ) ;
#9829 = ORIENTED_EDGE ( 'NONE', *, *, #1650, .T. ) ;
#9830 = DIRECTION ( 'NONE',  ( 0.000000000000000000, -1.000000000000000000, 0.000000000000000000 ) ) ;
#9831 = CARTESIAN_POINT ( 'NONE',  ( -400000.0000000000000, 138.9999999999999432, 244.5153120237268922 ) ) ;
#9832 = CARTESIAN_POINT ( 'NONE',  ( -144.2865043325722354, 88.95154563651490776, 271.5077393242195853 ) ) ;
#9833 = CARTESIAN_POINT ( 'NONE',  ( 129.0397598983351202, 91.92930318216488672, 278.3344553440958862 ) ) ;
#9834 = ORIENTED_EDGE ( 'NONE', *, *, #6811, .T. ) ;
#9835 = EDGE_CURVE ( 'NONE', #7085, #1958, #406, .T. ) ;
#9836 = CIRCLE ( 'NONE', #3546, 2.000000000000001776 ) ;
#9837 = EDGE_LOOP ( 'NONE', ( #5943, #9217, #1207, #9745 ) ) ;
#9838 = CARTESIAN_POINT ( 'NONE',  ( -19.35444421699817497, 15.78123941846323142, 355.9318595836857639 ) ) ;
#9839 = CARTESIAN_POINT ( 'NONE',  ( 15.47581898324829552, 14.59615995501074970, 356.4825579594548230 ) ) ;
#9840 = ORIENTED_EDGE ( 'NONE', *, *, #3540, .F. ) ;
#9841 = CARTESIAN_POINT ( 'NONE',  ( -145.9999999999968736, 98.37148522368045178, 242.5153120237268922 ) ) ;
#9842 = VERTEX_POINT ( 'NONE', #8476 ) ;
#9843 = DIRECTION ( 'NONE',  ( -4.996003610813206404E-16, -0.7637941823953525722, 0.6454598724467812687 ) ) ;
#9844 = DIRECTION ( 'NONE',  ( -1.460819769243638766E-15, 0.000000000000000000, 1.000000000000000000 ) ) ;
#9845 = EDGE_CURVE ( 'NONE', #88, #2012, #1585, .T. ) ;
#9846 = CIRCLE ( 'NONE', #6123, 2.000000000000001776 ) ;
#9847 = LINE ( 'NONE', #4493, #660 ) ;
#9848 = CYLINDRICAL_SURFACE ( 'NONE', #1238, 2.000000000000001776 ) ;
#9849 = AXIS2_PLACEMENT_3D ( 'NONE', #6382, #985, #7797 ) ;
#9850 = CARTESIAN_POINT ( 'NONE',  ( 140.4395470491025719, 94.36858692762457679, 248.2797115914709138 ) ) ;
#9851 = ORIENTED_EDGE ( 'NONE', *, *, #7968, .T. ) ;
#9852 = CARTESIAN_POINT ( 'NONE',  ( -148.0000000000245848, 57.00000000000000711, 256.1787997811547370 ) ) ;
#9853 = DIRECTION ( 'NONE',  ( -0.000000000000000000, 1.000000000000000000, -0.000000000000000000 ) ) ;
#9854 = DIRECTION ( 'NONE',  ( 0.000000000000000000, 0.000000000000000000, 1.000000000000000000 ) ) ;
#9855 = DIRECTION ( 'NONE',  ( 0.000000000000000000, 0.9753523922700266802, 0.2206529195209886163 ) ) ;
#9856 = EDGE_CURVE ( 'NONE', #1364, #9593, #7031, .T. ) ;
#9857 = AXIS2_PLACEMENT_3D ( 'NONE', #540, #1341, #4414 ) ;
#9858 = CARTESIAN_POINT ( 'NONE',  ( 122.3240216452302036, 13.99999999999995737, 306.0269527474412143 ) ) ;
#9859 = EDGE_CURVE ( 'NONE', #4272, #225, #3497, .T. ) ;
#9860 = CARTESIAN_POINT ( 'NONE',  ( 33.59538806883415418, 15.99999999999995914, 353.2544217687074593 ) ) ;
#9861 = CARTESIAN_POINT ( 'NONE',  ( 1.009719629430382282E-25, 140.9999999999999716, 212.1999999999999602 ) ) ;
#9862 = CARTESIAN_POINT ( 'NONE',  ( 80.52520402618576156, 21.05046624299356139, 345.8103389846530149 ) ) ;
#9863 = AXIS2_PLACEMENT_3D ( 'NONE', #3605, #5158, #8989 ) ;
#9864 = DIRECTION ( 'NONE',  ( -0.000000000000000000, 1.000000000000000000, 0.000000000000000000 ) ) ;
#9865 = ORIENTED_EDGE ( 'NONE', *, *, #5352, .F. ) ;
#9866 = CARTESIAN_POINT ( 'NONE',  ( -88.98531161943931522, 140.9948977471786122, 329.0274823074498727 ) ) ;
#9867 = CARTESIAN_POINT ( 'NONE',  ( 80.20936667128235342, 40.21779123660268596, 346.0095841716322411 ) ) ;
#9868 = DIRECTION ( 'NONE',  ( -0.9480519480519389308, 0.000000000000000000, -0.3181155510108296669 ) ) ;
#9869 = ORIENTED_EDGE ( 'NONE', *, *, #7006, .T. ) ;
#9870 = AXIS2_PLACEMENT_3D ( 'NONE', #8473, #6923, #967 ) ;
#9871 = CARTESIAN_POINT ( 'NONE',  ( 76.73985595636797541, 12.97736213701518793, 357.2742511014687352 ) ) ;
#9872 = VECTOR ( 'NONE', #32, 1000.000000000000000 ) ;
#9873 = EDGE_CURVE ( 'NONE', #3040, #2542, #6524, .T. ) ;
#9874 = FACE_OUTER_BOUND ( 'NONE', #2034, .T. ) ;
#9875 = ORIENTED_EDGE ( 'NONE', *, *, #5827, .F. ) ;
#9876 = DIRECTION ( 'NONE',  ( 8.881784197001250351E-16, 0.000000000000000000, 1.000000000000000000 ) ) ;
#9877 = ADVANCED_FACE ( 'NONE', ( #9541 ), #8881, .T. ) ;
#9878 = ORIENTED_EDGE ( 'NONE', *, *, #4504, .F. ) ;
#9879 = ORIENTED_EDGE ( 'NONE', *, *, #6048, .T. ) ;
#9880 = AXIS2_PLACEMENT_3D ( 'NONE', #2172, #4346, #2970 ) ;
#9881 = DIRECTION ( 'NONE',  ( -0.000000000000000000, 1.000000000000000000, 0.000000000000000000 ) ) ;
#9882 = CIRCLE ( 'NONE', #3432, 156.0000000000000000 ) ;
#9883 = DIRECTION ( 'NONE',  ( -0.1171433740337686907, 0.000000000000000000, -0.9931150134400268392 ) ) ;
#9884 = CARTESIAN_POINT ( 'NONE',  ( -144.2546266351837119, 88.70997914583837485, 271.5853059529456459 ) ) ;
#9885 = CARTESIAN_POINT ( 'NONE',  ( 131.6727596508808631, 93.01956436605301803, 272.9234258011093175 ) ) ;
#9886 = ORIENTED_EDGE ( 'NONE', *, *, #1434, .F. ) ;
#9887 = CIRCLE ( 'NONE', #9068, 1.999999999999997780 ) ;
#9888 = B_SPLINE_CURVE_WITH_KNOTS ( 'NONE', 3,
 ( #6108, #9039, #4458, #3698, #2931, #1432, #6778, #4503, #1578, #7022, #7672, #3946, #122, #764, #3170, #6255 ),
 .UNSPECIFIED., .F., .F.,
 ( 4, 2, 2, 2, 2, 2, 2, 4 ),
 ( 0.000000000000000000, 0.0002730687980682065807, 0.0005461375961364131615, 0.001092275192272830226, 0.001365343990341038758, 0.001638412788409247291, 0.001911481586477455823, 0.002184550384545664355 ),
 .UNSPECIFIED. ) ;
#9889 = EDGE_CURVE ( 'NONE', #1610, #6306, #8446, .T. ) ;
#9890 = ORIENTED_EDGE ( 'NONE', *, *, #5949, .T. ) ;
#9891 = CARTESIAN_POINT ( 'NONE',  ( -61.61575490294473667, 37.91281810557798337, 356.0033129380176433 ) ) ;
#9892 = ADVANCED_FACE ( 'NONE', ( #8782 ), #9645, .T. ) ;
#9893 = CARTESIAN_POINT ( 'NONE',  ( -30.69402350413894354, 15.66664706233016702, 353.9620215384906601 ) ) ;
#9894 = CYLINDRICAL_SURFACE ( 'NONE', #69, 2.000000000000049294 ) ;
#9895 = VERTEX_POINT ( 'NONE', #4909 ) ;
#9896 = AXIS2_PLACEMENT_3D ( 'NONE', #3331, #8774, #317 ) ;
#9897 = DIRECTION ( 'NONE',  ( 1.000000000000000000, -0.000000000000000000, -0.000000000000000000 ) ) ;
#9898 = EDGE_LOOP ( 'NONE', ( #6244, #6794 ) ) ;
#9899 = CARTESIAN_POINT ( 'NONE',  ( -143.2654849792901359, 96.31332744053537454, 244.4719800655251163 ) ) ;
#9900 = CARTESIAN_POINT ( 'NONE',  ( -33.05973711480358901, 13.96010537094699977, 355.6259606244003066 ) ) ;
#9901 = CIRCLE ( 'NONE', #2308, 2.000000000000008438 ) ;
#9902 = CARTESIAN_POINT ( 'NONE',  ( -143.4040466960718732, 96.42078043914040109, 244.0740061846849187 ) ) ;
#9903 = APPLICATION_PROTOCOL_DEFINITION ( 'draft international standard', 'automotive_design', 1998, #9230 ) ;
#9904 = CARTESIAN_POINT ( 'NONE',  ( -86.62198976941226647, 140.9999999999999716, 335.3448099664433357 ) ) ;
#9905 = VECTOR ( 'NONE', #6968, 1000.000000000000000 ) ;
#9906 = CARTESIAN_POINT ( 'NONE',  ( 80.96202531642504141, 18.82732667868759791, 345.5459802793566269 ) ) ;
#9907 = EDGE_CURVE ( 'NONE', #6270, #808, #7493, .T. ) ;
#9908 = CARTESIAN_POINT ( 'NONE',  ( 140.4188532739705693, 91.47075814462164089, 248.3600438366662218 ) ) ;
#9909 = VERTEX_POINT ( 'NONE', #3390 ) ;
#9910 = CARTESIAN_POINT ( 'NONE',  ( 63.16894221695826417, 38.99999999999995737, 352.6481567667962622 ) ) ;
#9911 = CARTESIAN_POINT ( 'NONE',  ( -79.65247506764372076, 21.39196533184748006, 346.3331647930544932 ) ) ;
#9912 = AXIS2_PLACEMENT_3D ( 'NONE', #1608, #8501, #4686 ) ;
#9913 = DIRECTION ( 'NONE',  ( 0.000000000000000000, 0.000000000000000000, -1.000000000000000000 ) ) ;
#9914 = CARTESIAN_POINT ( 'NONE',  ( -116.1858755123588764, 13.99999999999995737, 308.8228570680346365 ) ) ;
#9915 = CARTESIAN_POINT ( 'NONE',  ( 60.58578643759558702, 37.91281810558092502, 357.3518024776074071 ) ) ;
#9916 = ADVANCED_FACE ( 'NONE', ( #8124 ), #3339, .F. ) ;
#9917 = DIRECTION ( 'NONE',  ( -0.000000000000000000, 1.000000000000000000, -0.000000000000000000 ) ) ;
#9918 = DIRECTION ( 'NONE',  ( 0.5423039920585258633, 0.8401823493726743308, 8.855232507961862854E-13 ) ) ;
#9919 = DIRECTION ( 'NONE',  ( -0.6069928224509213432, 0.000000000000000000, 0.7947073130990204293 ) ) ;
#9920 = CARTESIAN_POINT ( 'NONE',  ( -91.79337874643375983, 14.00544029758299835, 336.0403573035325167 ) ) ;
#9921 = ORIENTED_EDGE ( 'NONE', *, *, #9579, .F. ) ;
#9922 = CARTESIAN_POINT ( 'NONE',  ( 78.81260003358401889, 16.91281810558094634, 351.2347667861486116 ) ) ;
#9923 = B_SPLINE_SURFACE_WITH_KNOTS ( 'NONE', 3, 3, ( 
 ( #5707, #1931, #4256, #7282, #3392, #2737 ),
 ( #2586, #5713, #8678, #9543, #7332, #1086 ),
 ( #428, #4963, #836, #3498, #4853, #8784 ),
 ( #8728, #6573, #6232, #3915, #1982, #8020 ),
 ( #1133, #379, #9647, #1781, #5059, #9599 ),
 ( #5805, #2691, #6994, #5761, #8836, #94 ),
 ( #3146, #9435, #2536, #5605, #7915, #1029 ),
 ( #7186, #282, #3341, #9485, #1835, #2911 ),
 ( #8206, #9741, #6854, #5283, #2825, #2066 ),
 ( #2257, #7467, #1512, #8305, #9838, #5897 ),
 ( #4483, #8974, #5191, #9162, #4437, #2210 ),
 ( #2867, #5138, #4393, #6039, #9118, #5941 ),
 ( #7604, #5238, #8349, #9893, #5328, #509 ),
 ( #1416, #7415, #3781, #1314, #2165, #6808 ) ),
 .UNSPECIFIED., .F., .F., .F.,
 ( 4, 2, 2, 2, 2, 2, 4 ),
 ( 4, 2, 4 ),
 ( 0.000000000000000000, 0.1250000000000000000, 0.2500000000000000000, 0.3750000000000000000, 0.5000000000000000000, 0.7500000000000000000, 1.000000000000000000 ),
 ( 0.000000000000000000, 0.5000000000000000000, 1.000000000000000000 ),
 .UNSPECIFIED. ) ;
#9924 = ORIENTED_EDGE ( 'NONE', *, *, #1906, .T. ) ;
#9925 = CARTESIAN_POINT ( 'NONE',  ( 7.070530795397202084, 13.81372136950210283, 357.1110868932884159 ) ) ;
#9926 = CARTESIAN_POINT ( 'NONE',  ( 79.93279456852917519, 39.68264518089210924, 346.1685417865352292 ) ) ;
#9927 = ORIENTED_EDGE ( 'NONE', *, *, #1630, .F. ) ;
#9928 = EDGE_CURVE ( 'NONE', #9669, #7414, #6606, .T. ) ;
#9929 = CARTESIAN_POINT ( 'NONE',  ( 72.12657779605292774, 13.34624212298361812, 356.6808370593624318 ) ) ;
#9930 = CARTESIAN_POINT ( 'NONE',  ( -93.87172936769897547, 13.99999999999995737, 334.4896633360762053 ) ) ;
#9931 = B_SPLINE_CURVE_WITH_KNOTS ( 'NONE', 3,
 ( #1121, #2629, #8715, #7958, #1070, #365, #8008, #8927, #4994, #1265 ),
 .UNSPECIFIED., .F., .F.,
 ( 4, 2, 2, 2, 4 ),
 ( 0.000000000000000000, 0.0004065402646365647715, 0.0008130805292731295431, 0.001219620793909694315, 0.001626161058546259086 ),
 .UNSPECIFIED. ) ;
#9932 = EDGE_LOOP ( 'NONE', ( #4806, #8757, #7526, #4451 ) ) ;
#9933 = DIRECTION ( 'NONE',  ( 0.000000000000000000, 0.000000000000000000, -1.000000000000000000 ) ) ;
#9934 = ORIENTED_EDGE ( 'NONE', *, *, #1778, .F. ) ;
#9935 = VERTEX_POINT ( 'NONE', #5004 ) ;
#9936 = DIRECTION ( 'NONE',  ( 0.3951083689216570161, -0.000000000000000000, 0.9186345175357106818 ) ) ;
#9937 = DIRECTION ( 'NONE',  ( 1.000000000000000000, 0.000000000000000000, 0.000000000000000000 ) ) ;
#9938 = CARTESIAN_POINT ( 'NONE',  ( -141.2846083691161141, 88.03061472622611916, 278.3413945172466128 ) ) ;
#9939 = CARTESIAN_POINT ( 'NONE',  ( 130.5157303317889443, 93.72333224202061785, 275.3720763605591628 ) ) ;
#9940 = VERTEX_POINT ( 'NONE', #6571 ) ;
#9941 = AXIS2_PLACEMENT_3D ( 'NONE', #6098, #3261, #619 ) ;
#9942 = ORIENTED_EDGE ( 'NONE', *, *, #485, .F. ) ;
#9943 = DIRECTION ( 'NONE',  ( -0.000000000000000000, 1.000000000000000000, 0.000000000000000000 ) ) ;
#9944 = CARTESIAN_POINT ( 'NONE',  ( 122.3240216452302036, 13.99999999999995737, 305.3769527474412371 ) ) ;
#9945 = CARTESIAN_POINT ( 'NONE',  ( -78.58618366611743511, 37.35685292730686768, 334.0576454778537254 ) ) ;
#9946 = ORIENTED_EDGE ( 'NONE', *, *, #451, .T. ) ;
#9947 = CARTESIAN_POINT ( 'NONE',  ( 218.0295143127822826, 38.99999999999995737, 357.2000000000000455 ) ) ;
#9948 = EDGE_LOOP ( 'NONE', ( #1660, #2894, #7320, #2298 ) ) ;
#9949 = CARTESIAN_POINT ( 'NONE',  ( 141.1129818148002641, 87.71051271374471980, 245.5496947151557663 ) ) ;
#9950 = CARTESIAN_POINT ( 'NONE',  ( -140.2190856941901700, 56.04308075918248733, 249.1271984654667335 ) ) ;
#9951 = CARTESIAN_POINT ( 'NONE',  ( -33.98921100076228186, 13.41421356237304963, 356.6142135623729814 ) ) ;
#9952 = CARTESIAN_POINT ( 'NONE',  ( 11.35292424395074207, 11.99999999999995914, 357.1999999999999886 ) ) ;
#9953 = CARTESIAN_POINT ( 'NONE',  ( 90.61194719300999623, 140.8513292926080851, 337.6600562055627961 ) ) ;
#9954 = B_SPLINE_CURVE_WITH_KNOTS ( 'NONE', 3,
 ( #8953, #6536, #2847, #5774, #7295, #8235, #9715, #8185, #6586, #393, #2046, #5119, #9662, #1291 ),
 .UNSPECIFIED., .F., .F.,
 ( 4, 2, 2, 2, 2, 2, 4 ),
 ( 0.000000000000000000, 0.1250000000000000000, 0.2500000000000000000, 0.3750000000000000000, 0.5000000000000000000, 0.7500000000000000000, 1.000000000000000000 ),
 .UNSPECIFIED. ) ;
#9955 = EDGE_CURVE ( 'NONE', #8438, #6391, #9433, .T. ) ;
#9956 = EDGE_CURVE ( 'NONE', #3774, #2082, #2496, .T. ) ;
#9957 = AXIS2_PLACEMENT_3D ( 'NONE', #3897, #2384, #9378 ) ;
#9958 = CARTESIAN_POINT ( 'NONE',  ( 141.0335869043180992, 89.97422520020272430, 278.8747880754198150 ) ) ;
#9959 = CARTESIAN_POINT ( 'NONE',  ( 140.6508297235228895, 89.41699221689825094, 247.4474968509226471 ) ) ;
#9960 = ORIENTED_EDGE ( 'NONE', *, *, #1640, .F. ) ;
#9961 = CYLINDRICAL_SURFACE ( 'NONE', #8400, 2.000000000000001776 ) ;
#9962 = ORIENTED_EDGE ( 'NONE', *, *, #4237, .F. ) ;
#9963 = CARTESIAN_POINT ( 'NONE',  ( -79.83655203289107760, 20.23261387315746518, 346.8406408010197310 ) ) ;
#9964 = AXIS2_PLACEMENT_3D ( 'NONE', #5081, #8142, #1250 ) ;
#9965 = CARTESIAN_POINT ( 'NONE',  ( 33.98921100076194080, 13.41421356237304785, 356.6142135623730383 ) ) ;
#9966 = EDGE_CURVE ( 'NONE', #2778, #9795, #9418, .T. ) ;
#9967 = CARTESIAN_POINT ( 'NONE',  ( 141.4529712308194291, 140.9999999999999716, 244.0756479145594824 ) ) ;
#9968 = DIRECTION ( 'NONE',  ( -0.000000000000000000, 1.000000000000000000, -0.000000000000000000 ) ) ;
#9969 = CARTESIAN_POINT ( 'NONE',  ( 143.4040466960721005, 138.9999999999999432, 244.5153120237258406 ) ) ;
#9970 = CARTESIAN_POINT ( 'NONE',  ( -148.0000000000245848, 62.02990341489342541, 261.1897948556726874 ) ) ;
#9971 = CYLINDRICAL_SURFACE ( 'NONE', #4388, 0.6499999999917127624 ) ;
#9972 = DIRECTION ( 'NONE',  ( 0.000000000000000000, 0.000000000000000000, -1.000000000000000000 ) ) ;
#9973 = VERTEX_POINT ( 'NONE', #280 ) ;
#9974 = CARTESIAN_POINT ( 'NONE',  ( -33.97713486253972803, 13.56956696878929591, 356.4588601559567564 ) ) ;
#9975 = CARTESIAN_POINT ( 'NONE',  ( 142.5519025920706611, 94.79701541406265619, 246.4043300454121663 ) ) ;
#9976 = ORIENTED_EDGE ( 'NONE', *, *, #8833, .T. ) ;
#9977 = CARTESIAN_POINT ( 'NONE',  ( 80.82842712469347646, 22.04695951780322360, 347.9599549519227821 ) ) ;
#9978 = EDGE_CURVE ( 'NONE', #9153, #6987, #9115, .T. ) ;
#9979 = B_SPLINE_CURVE_WITH_KNOTS ( 'NONE', 3,
 ( #2798, #8742, #3459, #5117, #9612, #6487, #390, #4269, #9498, #1851, #5725, #1999, #4162, #7293, #7246, #7342, #4973, #5877, #8798, #4920, #7394, #7983, #2747, #9557, #6534, #339, #2704, #8900, #441, #8183, #8136, #8847, #5073, #1289, #1943, #5018, #7198, #3510, #6584, #9660, #1243, #487, #6636, #1098 ),
 .UNSPECIFIED., .F., .F.,
 ( 4, 2, 2, 2, 2, 2, 2, 2, 2, 2, 2, 2, 2, 2, 2, 2, 2, 2, 2, 2, 2, 4 ),
 ( 0.000000000000000000, 0.001422793755939314071, 0.002134190633908962867, 0.002845587511878611663, 0.004268381267817918795, 0.004979778145787577999, 0.005691175023757237203, 0.007113968779696670970, 0.008536762535636104737, 0.009248159413605749196, 0.009959556291575391920, 0.01138235004751468431, 0.01280514380345397669, 0.01422793755939326561, 0.01493933443736298293, 0.01565073131533269851, 0.01707352507127214702, 0.01849631882721160941, 0.01920771570518133367, 0.01991911258315105793, 0.02134190633909047174, 0.02276470009502988903 ),
 .UNSPECIFIED. ) ;
#9980 = DIRECTION ( 'NONE',  ( 0.000000000000000000, 0.000000000000000000, 1.000000000000000000 ) ) ;
#9981 = CARTESIAN_POINT ( 'NONE',  ( -29.19527642180860738, 36.99999999999995737, 356.2716343860031998 ) ) ;
#9982 = ORIENTED_EDGE ( 'NONE', *, *, #9873, .F. ) ;
#9983 = DIRECTION ( 'NONE',  ( -0.000000000000000000, 1.000000000000000000, -0.000000000000000000 ) ) ;
#9984 = ORIENTED_EDGE ( 'NONE', *, *, #1886, .F. ) ;
#9985 = CARTESIAN_POINT ( 'NONE',  ( -147.4006655782690700, 57.38850246192598092, 263.2787997811547029 ) ) ;
#9986 = CARTESIAN_POINT ( 'NONE',  ( 79.97596971881459638, 38.43276440273093897, 333.1499022359843138 ) ) ;
#9987 = CARTESIAN_POINT ( 'NONE',  ( -8.226175222223391259, 13.28701605644646833, 357.1738853764663304 ) ) ;
#9988 = ORIENTED_EDGE ( 'NONE', *, *, #7586, .F. ) ;
#9989 = ADVANCED_FACE ( 'NONE', ( #5951 ), #4347, .F. ) ;
ENDSEC;
END-ISO-10303-21;
