ISO-10303-21;
HEADER;
FILE_DESCRIPTION (( 'STEP AP214' ),
    '1' );
FILE_NAME ('spindexer divider.STEP',
    '2025-11-14T12:07:32',
    ( '' ),
    ( '' ),
    'SwSTEP 2.0',
    'SolidWorks 2025',
    '' );
FILE_SCHEMA (( 'AUTOMOTIVE_DESIGN' ));
ENDSEC;

DATA;
#1 = CARTESIAN_POINT ( 'NONE',  ( -2.499999999999974243, 82.49999999999994316, 241.8299091524471862 ) ) ;
#2 = VERTEX_POINT ( 'NONE', #1496 ) ;
#3 = DIRECTION ( 'NONE',  ( -0.000000000000000000, -1.000000000000000000, -0.000000000000000000 ) ) ;
#4 = ORIENTED_EDGE ( 'NONE', *, *, #184, .F. ) ;
#5 = CARTESIAN_POINT ( 'NONE',  ( 32.74999999999997158, 82.49999999999994316, 233.9949726619082924 ) ) ;
#6 = ORIENTED_EDGE ( 'NONE', *, *, #1612, .F. ) ;
#7 = DIRECTION ( 'NONE',  ( 0.000000000000000000, 0.000000000000000000, 1.000000000000000000 ) ) ;
#8 = DIRECTION ( 'NONE',  ( 0.000000000000000000, 1.000000000000000000, 0.000000000000000000 ) ) ;
#9 = CARTESIAN_POINT ( 'NONE',  ( 2.515349040166370287E-14, 84.49999999999994316, 152.9401816951054798 ) ) ;
#10 = AXIS2_PLACEMENT_3D ( 'NONE', #848, #1628, #318 ) ;
#11 = ADVANCED_FACE ( 'NONE', ( #146 ), #1976, .F. ) ;
#12 = DIRECTION ( 'NONE',  ( -0.8660254037844399289, 0.000000000000000000, 0.4999999999999978351 ) ) ;
#13 = EDGE_CURVE ( 'NONE', #2019, #2017, #399, .T. ) ;
#14 = EDGE_LOOP ( 'NONE', ( #1958, #340, #558, #76 ) ) ;
#15 = CIRCLE ( 'NONE', #147, 0.5999999999999894307 ) ;
#16 = AXIS2_PLACEMENT_3D ( 'NONE', #1341, #874, #176 ) ;
#17 = CARTESIAN_POINT ( 'NONE',  ( 2.107328482542165649, 84.49999999999994316, 215.8500000000000227 ) ) ;
#18 = VERTEX_POINT ( 'NONE', #967 ) ;
#19 = DIRECTION ( 'NONE',  ( -0.4999999999999992784, 0.000000000000000000, 0.8660254037844391517 ) ) ;
#20 = CIRCLE ( 'NONE', #1563, 63.49999999999988631 ) ;
#21 = EDGE_LOOP ( 'NONE', ( #778, #1600, #107, #395 ) ) ;
#22 = CARTESIAN_POINT ( 'NONE',  ( 4.214656965084468077, 13.99999999999995737, 212.2000000000000455 ) ) ;
#23 = CARTESIAN_POINT ( 'NONE',  ( -35.24999999999994316, 13.99999999999995737, 229.6648456429861085 ) ) ;
#24 = CIRCLE ( 'NONE', #1772, 2.099999999999990763 ) ;
#25 = AXIS2_PLACEMENT_3D ( 'NONE', #1673, #203, #855 ) ;
#26 = CYLINDRICAL_SURFACE ( 'NONE', #702, 2.000000000000003997 ) ;
#27 = DIRECTION ( 'NONE',  ( 0.000000000000000000, 0.000000000000000000, -1.000000000000000000 ) ) ;
#28 = EDGE_CURVE ( 'NONE', #406, #1091, #157, .T. ) ;
#29 = DIRECTION ( 'NONE',  ( 0.000000000000000000, 0.000000000000000000, 1.000000000000000000 ) ) ;
#30 = ORIENTED_EDGE ( 'NONE', *, *, #1693, .T. ) ;
#31 = EDGE_CURVE ( 'NONE', #333, #1725, #816, .T. ) ;
#32 = CARTESIAN_POINT ( 'NONE',  ( -2.407328482542165915, 84.49999999999994316, 215.3303847577292629 ) ) ;
#33 = ORIENTED_EDGE ( 'NONE', *, *, #1186, .F. ) ;
#34 = CARTESIAN_POINT ( 'NONE',  ( 51.32050807568872131, 84.49999999999994316, 241.8299091524472431 ) ) ;
#35 = CYLINDRICAL_SURFACE ( 'NONE', #600, 63.50000000000000000 ) ;
#36 = DIRECTION ( 'NONE',  ( -0.000000000000000000, -1.000000000000000000, -0.000000000000000000 ) ) ;
#37 = CARTESIAN_POINT ( 'NONE',  ( -52.57050807568874973, 15.99999999999995914, 239.6648456429860801 ) ) ;
#38 = CARTESIAN_POINT ( 'NONE',  ( -3.914656965084123641, 13.99999999999995737, 211.6803847577290867 ) ) ;
#39 = ORIENTED_EDGE ( 'NONE', *, *, #172, .F. ) ;
#40 = FACE_OUTER_BOUND ( 'NONE', #1352, .T. ) ;
#41 = EDGE_CURVE ( 'NONE', #443, #858, #712, .T. ) ;
#42 = VERTEX_POINT ( 'NONE', #999 ) ;
#43 = DIRECTION ( 'NONE',  ( 0.000000000000000000, 0.000000000000000000, 1.000000000000000000 ) ) ;
#44 = CARTESIAN_POINT ( 'NONE',  ( -67.99999999999991473, 15.99999999999995914, 172.9401816951054798 ) ) ;
#45 = PLANE ( 'NONE',  #1010 ) ;
#46 = DIRECTION ( 'NONE',  ( -0.000000000000000000, -1.000000000000000000, -0.000000000000000000 ) ) ;
#47 = AXIS2_PLACEMENT_3D ( 'NONE', #1909, #792, #1586 ) ;
#48 = DIRECTION ( 'NONE',  ( 0.8660254037844379305, -0.000000000000000000, 0.5000000000000014433 ) ) ;
#49 = ORIENTED_EDGE ( 'NONE', *, *, #761, .F. ) ;
#50 = CIRCLE ( 'NONE', #596, 2.000000000000001776 ) ;
#51 = CARTESIAN_POINT ( 'NONE',  ( -17.32050807568879947, 84.49999999999994316, 222.1999999999999318 ) ) ;
#52 = EDGE_LOOP ( 'NONE', ( #589, #549, #1865, #1982, #1919 ) ) ;
#53 = ADVANCED_FACE ( 'NONE', ( #182 ), #1338, .T. ) ;
#54 = ADVANCED_FACE ( 'NONE', ( #1987 ), #1873, .T. ) ;
#55 = DIRECTION ( 'NONE',  ( 0.000000000000000000, 0.000000000000000000, -1.000000000000000000 ) ) ;
#56 = CARTESIAN_POINT ( 'NONE',  ( 2.515349040166370287E-14, 82.49999999999994316, 152.9401816951054798 ) ) ;
#57 = DIRECTION ( 'NONE',  ( -0.000000000000000000, -1.000000000000000000, -0.000000000000000000 ) ) ;
#58 = DIRECTION ( 'NONE',  ( -0.000000000000000000, -1.000000000000000000, -0.000000000000000000 ) ) ;
#59 = CIRCLE ( 'NONE', #1740, 2.000000000000001776 ) ;
#60 = EDGE_LOOP ( 'NONE', ( #1480, #278, #451, #1097 ) ) ;
#61 = CARTESIAN_POINT ( 'NONE',  ( 17.32050807568877460, 84.49999999999994316, 222.1999999999999886 ) ) ;
#62 = ORIENTED_EDGE ( 'NONE', *, *, #1038, .T. ) ;
#63 = DIRECTION ( 'NONE',  ( 0.000000000000000000, 0.000000000000000000, 1.000000000000000000 ) ) ;
#64 = CYLINDRICAL_SURFACE ( 'NONE', #463, 2.099999999999990763 ) ;
#65 = CARTESIAN_POINT ( 'NONE',  ( 3.914656965084321261, 84.49999999999994316, 212.7196152422706348 ) ) ;
#66 = CARTESIAN_POINT ( 'NONE',  ( 4.214656965084468077, 84.49999999999994316, 212.8000000000000398 ) ) ;
#67 = EDGE_CURVE ( 'NONE', #1608, #961, #846, .T. ) ;
#68 = ORIENTED_EDGE ( 'NONE', *, *, #1612, .T. ) ;
#69 = CARTESIAN_POINT ( 'NONE',  ( 35.24999999999993605, 84.49999999999994316, 229.6648456429861653 ) ) ;
#70 = ORIENTED_EDGE ( 'NONE', *, *, #1541, .F. ) ;
#71 = DIRECTION ( 'NONE',  ( -0.000000000000000000, -1.000000000000000000, -0.000000000000000000 ) ) ;
#72 = CARTESIAN_POINT ( 'NONE',  ( 3.914656965084393203, 84.49999999999994316, 211.6803847577294562 ) ) ;
#73 = CARTESIAN_POINT ( 'NONE',  ( 2.515349040166370287E-14, 82.49999999999994316, 148.4401816951054798 ) ) ;
#74 = ADVANCED_FACE ( 'NONE', ( #352 ), #1008, .F. ) ;
#75 = EDGE_CURVE ( 'NONE', #1892, #2097, #366, .T. ) ;
#76 = ORIENTED_EDGE ( 'NONE', *, *, #1735, .F. ) ;
#77 = CARTESIAN_POINT ( 'NONE',  ( 9.504986767512764901E-17, 15.99999999999995914, 227.2196366097890632 ) ) ;
#78 = AXIS2_PLACEMENT_3D ( 'NONE', #1609, #1095, #1896 ) ;
#79 = ORIENTED_EDGE ( 'NONE', *, *, #172, .T. ) ;
#80 = AXIS2_PLACEMENT_3D ( 'NONE', #990, #1644, #175 ) ;
#81 = AXIS2_PLACEMENT_3D ( 'NONE', #1252, #1069, #1893 ) ;
#82 = LINE ( 'NONE', #1032, #217 ) ;
#83 = VECTOR ( 'NONE', #1361, 1000.000000000000000 ) ;
#84 = DIRECTION ( 'NONE',  ( 0.000000000000000000, 0.000000000000000000, 1.000000000000000000 ) ) ;
#85 = DIRECTION ( 'NONE',  ( -0.8660254037844398178, 0.000000000000000000, 0.4999999999999977796 ) ) ;
#86 = DIRECTION ( 'NONE',  ( 0.000000000000000000, 0.000000000000000000, 1.000000000000000000 ) ) ;
#87 = ORIENTED_EDGE ( 'NONE', *, *, #1749, .F. ) ;
#88 = CIRCLE ( 'NONE', #436, 0.5999999999999894307 ) ;
#89 = EDGE_CURVE ( 'NONE', #773, #309, #59, .T. ) ;
#90 = CARTESIAN_POINT ( 'NONE',  ( -4.499999999999990230, 84.49999999999994316, 172.9401816951054798 ) ) ;
#91 = ORIENTED_EDGE ( 'NONE', *, *, #1614, .F. ) ;
#92 = EDGE_CURVE ( 'NONE', #812, #688, #1301, .T. ) ;
#93 = CARTESIAN_POINT ( 'NONE',  ( -4.499999999999990230, 82.49999999999994316, 172.9401816951054798 ) ) ;
#94 = VERTEX_POINT ( 'NONE', #1138 ) ;
#95 = DIRECTION ( 'NONE',  ( 0.5000000000000014433, 0.000000000000000000, -0.8660254037844379305 ) ) ;
#96 = CARTESIAN_POINT ( 'NONE',  ( 4.500000000000022204, 15.99999999999995914, 152.9401816951054798 ) ) ;
#97 = FACE_OUTER_BOUND ( 'NONE', #1258, .T. ) ;
#98 = EDGE_LOOP ( 'NONE', ( #1676, #329, #849, #68, #685, #435 ) ) ;
#99 = FACE_OUTER_BOUND ( 'NONE', #642, .T. ) ;
#100 = ORIENTED_EDGE ( 'NONE', *, *, #275, .T. ) ;
#101 = ADVANCED_FACE ( 'NONE', ( #321 ), #1631, .F. ) ;
#102 = DIRECTION ( 'NONE',  ( -0.000000000000000000, -1.000000000000000000, -0.000000000000000000 ) ) ;
#103 = ORIENTED_EDGE ( 'NONE', *, *, #1064, .T. ) ;
#104 = ORIENTED_EDGE ( 'NONE', *, *, #1627, .T. ) ;
#105 = LINE ( 'NONE', #572, #1502 ) ;
#106 = DIRECTION ( 'NONE',  ( -0.8660254037844383745, 0.000000000000000000, 0.5000000000000006661 ) ) ;
#107 = ORIENTED_EDGE ( 'NONE', *, *, #394, .T. ) ;
#108 = VECTOR ( 'NONE', #1821, 1000.000000000000000 ) ;
#109 = LINE ( 'NONE', #1918, #1077 ) ;
#110 = AXIS2_PLACEMENT_3D ( 'NONE', #887, #57, #1074 ) ;
#111 = AXIS2_PLACEMENT_3D ( 'NONE', #437, #106, #1093 ) ;
#112 = EDGE_CURVE ( 'NONE', #547, #468, #1868, .T. ) ;
#113 = EDGE_CURVE ( 'NONE', #812, #1757, #1876, .T. ) ;
#114 = VERTEX_POINT ( 'NONE', #2020 ) ;
#115 = CARTESIAN_POINT ( 'NONE',  ( 3.914656965084321261, 13.99999999999995737, 212.7196152422706348 ) ) ;
#116 = AXIS2_PLACEMENT_3D ( 'NONE', #379, #1176, #1533 ) ;
#117 = CARTESIAN_POINT ( 'NONE',  ( 0.000000000000000000, 0.000000000000000000, 0.000000000000000000 ) ) ;
#118 = AXIS2_PLACEMENT_3D ( 'NONE', #1611, #430, #2087 ) ;
#119 = DIRECTION ( 'NONE',  ( 0.000000000000000000, 1.000000000000000000, 0.000000000000000000 ) ) ;
#120 = ORIENTED_EDGE ( 'NONE', *, *, #1734, .T. ) ;
#121 = DIRECTION ( 'NONE',  ( 1.000000000000000000, 0.000000000000000000, -0.000000000000000000 ) ) ;
#122 = FACE_OUTER_BOUND ( 'NONE', #2103, .T. ) ;
#123 = AXIS2_PLACEMENT_3D ( 'NONE', #477, #142, #651 ) ;
#124 = ORIENTED_EDGE ( 'NONE', *, *, #1416, .F. ) ;
#125 = VECTOR ( 'NONE', #48, 999.9999999999998863 ) ;
#126 = DIRECTION ( 'NONE',  ( 0.000000000000000000, 1.000000000000000000, 0.000000000000000000 ) ) ;
#127 = ORIENTED_EDGE ( 'NONE', *, *, #727, .T. ) ;
#128 = ORIENTED_EDGE ( 'NONE', *, *, #1130, .T. ) ;
#129 = FACE_OUTER_BOUND ( 'NONE', #1030, .T. ) ;
#130 = EDGE_CURVE ( 'NONE', #1085, #1478, #604, .T. ) ;
#131 = EDGE_CURVE ( 'NONE', #1171, #1892, #105, .T. ) ;
#132 = EDGE_LOOP ( 'NONE', ( #707, #168, #181, #1582, #1398, #2071, #351, #592, #237, #1800, #104, #2045, #565, #127 ) ) ;
#133 = DIRECTION ( 'NONE',  ( 0.000000000000000000, 1.000000000000000000, 0.000000000000000000 ) ) ;
#134 = CARTESIAN_POINT ( 'NONE',  ( 50.07050807568874262, 84.49999999999994316, 243.9949726619083492 ) ) ;
#135 = ORIENTED_EDGE ( 'NONE', *, *, #2133, .T. ) ;
#136 = FACE_OUTER_BOUND ( 'NONE', #1173, .T. ) ;
#137 = ORIENTED_EDGE ( 'NONE', *, *, #1037, .F. ) ;
#138 = FILL_AREA_STYLE ('',( #1920 ) ) ;
#139 = ORIENTED_EDGE ( 'NONE', *, *, #1076, .T. ) ;
#140 = EDGE_CURVE ( 'NONE', #965, #2019, #1671, .T. ) ;
#141 = EDGE_CURVE ( 'NONE', #1050, #819, #1942, .T. ) ;
#142 = DIRECTION ( 'NONE',  ( 0.000000000000000000, 1.000000000000000000, 0.000000000000000000 ) ) ;
#143 = ORIENTED_EDGE ( 'NONE', *, *, #447, .F. ) ;
#144 = CARTESIAN_POINT ( 'NONE',  ( -32.74999999999995737, 15.99999999999995914, 233.9949726619082924 ) ) ;
#145 = AXIS2_PLACEMENT_3D ( 'NONE', #1051, #1863, #245 ) ;
#146 = FACE_OUTER_BOUND ( 'NONE', #1657, .T. ) ;
#147 = AXIS2_PLACEMENT_3D ( 'NONE', #1013, #1827, #209 ) ;
#148 = VECTOR ( 'NONE', #273, 1000.000000000000000 ) ;
#149 = AXIS2_PLACEMENT_3D ( 'NONE', #958, #2055, #453 ) ;
#150 = DIRECTION ( 'NONE',  ( 0.000000000000000000, 0.000000000000000000, 1.000000000000000000 ) ) ;
#151 = EDGE_LOOP ( 'NONE', ( #1995, #1651, #1577, #1803, #423 ) ) ;
#152 = AXIS2_PLACEMENT_3D ( 'NONE', #603, #1550, #734 ) ;
#153 = CIRCLE ( 'NONE', #1364, 2.000000000000003997 ) ;
#154 = CARTESIAN_POINT ( 'NONE',  ( 51.32050807568872131, 84.49999999999994316, 241.8299091524472431 ) ) ;
#155 = ADVANCED_FACE ( 'NONE', ( #1518 ), #207, .F. ) ;
#156 = ORIENTED_EDGE ( 'NONE', *, *, #1223, .F. ) ;
#157 = CIRCLE ( 'NONE', #676, 0.5999999999999894307 ) ;
#158 = FACE_OUTER_BOUND ( 'NONE', #1241, .T. ) ;
#159 = ADVANCED_FACE ( 'NONE', ( #364 ), #1978, .T. ) ;
#160 = ORIENTED_EDGE ( 'NONE', *, *, #213, .F. ) ;
#161 = CIRCLE ( 'NONE', #2046, 65.50000000000000000 ) ;
#162 = CARTESIAN_POINT ( 'NONE',  ( 2.107328482542164316, 84.49999999999994316, 215.8500000000000227 ) ) ;
#163 = CARTESIAN_POINT ( 'NONE',  ( -50.07050807568873552, 15.99999999999995914, 243.9949726619082639 ) ) ;
#164 = DIRECTION ( 'NONE',  ( 0.000000000000000000, 0.000000000000000000, 1.000000000000000000 ) ) ;
#165 = CARTESIAN_POINT ( 'NONE',  ( 2.515349040166370287E-14, 84.49999999999994316, 148.4401816951054798 ) ) ;
#166 = ORIENTED_EDGE ( 'NONE', *, *, #1234, .T. ) ;
#167 = DIRECTION ( 'NONE',  ( 0.000000000000000000, 0.000000000000000000, 1.000000000000000000 ) ) ;
#168 = ORIENTED_EDGE ( 'NONE', *, *, #1758, .T. ) ;
#169 = DIRECTION ( 'NONE',  ( -0.4999999999999985567, 0.000000000000000000, 0.8660254037844395958 ) ) ;
#170 = ORIENTED_EDGE ( 'NONE', *, *, #799, .T. ) ;
#171 = EDGE_CURVE ( 'NONE', #1439, #1608, #1053, .T. ) ;
#172 = EDGE_CURVE ( 'NONE', #333, #302, #88, .T. ) ;
#173 = CARTESIAN_POINT ( 'NONE',  ( -2.107328482542135450, 84.49999999999994316, 208.5499999999999545 ) ) ;
#174 = DIRECTION ( 'NONE',  ( 5.551115123125777969E-15, 0.000000000000000000, 1.000000000000000000 ) ) ;
#175 = DIRECTION ( 'NONE',  ( 0.000000000000000000, 0.000000000000000000, -1.000000000000000000 ) ) ;
#176 = DIRECTION ( 'NONE',  ( -0.4999999999999933942, 0.000000000000000000, 0.8660254037844425934 ) ) ;
#177 = ORIENTED_EDGE ( 'NONE', *, *, #1914, .T. ) ;
#178 = CARTESIAN_POINT ( 'NONE',  ( 17.32050807568877460, 13.99999999999995737, 224.2999999999999829 ) ) ;
#179 = ORIENTED_EDGE ( 'NONE', *, *, #473, .T. ) ;
#180 = FACE_BOUND ( 'NONE', #1310, .T. ) ;
#181 = ORIENTED_EDGE ( 'NONE', *, *, #1459, .T. ) ;
#182 = FACE_OUTER_BOUND ( 'NONE', #98, .T. ) ;
#183 = CYLINDRICAL_SURFACE ( 'NONE', #1190, 2.000000000000009326 ) ;
#184 = EDGE_CURVE ( 'NONE', #688, #309, #575, .T. ) ;
#185 = DIRECTION ( 'NONE',  ( 0.000000000000000000, 1.000000000000000000, 0.000000000000000000 ) ) ;
#186 = CIRCLE ( 'NONE', #1727, 2.000000000000007550 ) ;
#187 = LINE ( 'NONE', #201, #566 ) ;
#188 = AXIS2_PLACEMENT_3D ( 'NONE', #9, #185, #670 ) ;
#189 = AXIS2_PLACEMENT_3D ( 'NONE', #1685, #383, #1397 ) ;
#190 = FACE_BOUND ( 'NONE', #1395, .T. ) ;
#191 = VECTOR ( 'NONE', #412, 1000.000000000000000 ) ;
#192 = ORIENTED_EDGE ( 'NONE', *, *, #1627, .F. ) ;
#193 = AXIS2_PLACEMENT_3D ( 'NONE', #1618, #269, #1601 ) ;
#194 = VECTOR ( 'NONE', #8, 1000.000000000000000 ) ;
#195 = DIRECTION ( 'NONE',  ( -1.387778780781444571E-14, 0.000000000000000000, 1.000000000000000000 ) ) ;
#196 = ORIENTED_EDGE ( 'NONE', *, *, #1541, .T. ) ;
#197 = DIRECTION ( 'NONE',  ( 0.000000000000000000, 0.000000000000000000, -1.000000000000000000 ) ) ;
#198 = DIRECTION ( 'NONE',  ( 0.000000000000000000, -1.000000000000000000, 0.000000000000000000 ) ) ;
#199 = AXIS2_PLACEMENT_3D ( 'NONE', #1100, #297, #1307 ) ;
#200 = DIRECTION ( 'NONE',  ( -0.000000000000000000, -1.000000000000000000, -0.000000000000000000 ) ) ;
#201 = CARTESIAN_POINT ( 'NONE',  ( 31.74999999999996447, 82.49999999999994316, 235.7270234694771887 ) ) ;
#202 = EDGE_CURVE ( 'NONE', #1135, #478, #24, .T. ) ;
#203 = DIRECTION ( 'NONE',  ( 0.000000000000000000, 1.000000000000000000, 0.000000000000000000 ) ) ;
#204 = ORIENTED_EDGE ( 'NONE', *, *, #1444, .F. ) ;
#205 = DIRECTION ( 'NONE',  ( 0.000000000000000000, -1.000000000000000000, 0.000000000000000000 ) ) ;
#206 = EDGE_LOOP ( 'NONE', ( #908, #1471, #945, #994 ) ) ;
#207 = CYLINDRICAL_SURFACE ( 'NONE', #1704, 0.5999999999999894307 ) ;
#208 = CARTESIAN_POINT ( 'NONE',  ( -31.74999999999995737, 15.99999999999995914, 235.7270234694771887 ) ) ;
#209 = DIRECTION ( 'NONE',  ( 0.000000000000000000, 0.000000000000000000, 1.000000000000000000 ) ) ;
#210 = CYLINDRICAL_SURFACE ( 'NONE', #1150, 0.5999999999999894307 ) ;
#211 = FACE_OUTER_BOUND ( 'NONE', #2034, .T. ) ;
#212 = ORIENTED_EDGE ( 'NONE', *, *, #1358, .T. ) ;
#213 = EDGE_CURVE ( 'NONE', #1892, #984, #559, .T. ) ;
#214 = EDGE_CURVE ( 'NONE', #480, #1329, #2082, .T. ) ;
#215 = DIRECTION ( 'NONE',  ( -0.000000000000000000, -1.000000000000000000, -0.000000000000000000 ) ) ;
#216 = ORIENTED_EDGE ( 'NONE', *, *, #761, .T. ) ;
#217 = VECTOR ( 'NONE', #744, 1000.000000000000000 ) ;
#218 = DIRECTION ( 'NONE',  ( 0.000000000000000000, 1.000000000000000000, 0.000000000000000000 ) ) ;
#219 = LINE ( 'NONE', #901, #523 ) ;
#220 = DIRECTION ( 'NONE',  ( 0.000000000000000000, 0.000000000000000000, 1.000000000000000000 ) ) ;
#221 = AXIS2_PLACEMENT_3D ( 'NONE', #1353, #721, #1537 ) ;
#222 = VECTOR ( 'NONE', #916, 1000.000000000000000 ) ;
#223 = ORIENTED_EDGE ( 'NONE', *, *, #31, .F. ) ;
#224 = VECTOR ( 'NONE', #215, 1000.000000000000000 ) ;
#225 = AXIS2_PLACEMENT_3D ( 'NONE', #1859, #1328, #1034 ) ;
#226 = CARTESIAN_POINT ( 'NONE',  ( -35.24999999999994316, 15.99999999999995914, 229.6648456429861085 ) ) ;
#227 = ORIENTED_EDGE ( 'NONE', *, *, #2115, .F. ) ;
#228 = AXIS2_PLACEMENT_3D ( 'NONE', #1088, #1931, #602 ) ;
#229 = EDGE_CURVE ( 'NONE', #246, #468, #713, .T. ) ;
#230 = CARTESIAN_POINT ( 'NONE',  ( 4.214656965084468077, 13.99999999999995737, 212.2000000000000455 ) ) ;
#231 = CARTESIAN_POINT ( 'NONE',  ( 17.32050807568877460, 13.99999999999995737, 222.1999999999999886 ) ) ;
#232 = DIRECTION ( 'NONE',  ( 0.000000000000000000, 1.000000000000000000, 0.000000000000000000 ) ) ;
#233 = AXIS2_PLACEMENT_3D ( 'NONE', #1226, #539, #55 ) ;
#234 = CARTESIAN_POINT ( 'NONE',  ( -49.07050807568873552, 84.49999999999994316, 245.7270234694771318 ) ) ;
#235 = VECTOR ( 'NONE', #513, 1000.000000000000000 ) ;
#236 = FACE_OUTER_BOUND ( 'NONE', #1748, .T. ) ;
#237 = ORIENTED_EDGE ( 'NONE', *, *, #382, .T. ) ;
#238 = CARTESIAN_POINT ( 'NONE',  ( 1.507328482542167780, 84.49999999999994316, 215.8500000000000227 ) ) ;
#239 = ORIENTED_EDGE ( 'NONE', *, *, #410, .F. ) ;
#240 = DIRECTION ( 'NONE',  ( 0.000000000000000000, 1.000000000000000000, 0.000000000000000000 ) ) ;
#241 = FACE_OUTER_BOUND ( 'NONE', #1435, .T. ) ;
#242 = EDGE_CURVE ( 'NONE', #1778, #2097, #529, .T. ) ;
#243 = DIRECTION ( 'NONE',  ( -1.000000000000000000, 0.000000000000000000, 0.000000000000000000 ) ) ;
#244 = VERTEX_POINT ( 'NONE', #550 ) ;
#245 = DIRECTION ( 'NONE',  ( -1.000000000000000000, 0.000000000000000000, 0.000000000000000000 ) ) ;
#246 = VERTEX_POINT ( 'NONE', #1206 ) ;
#247 = CARTESIAN_POINT ( 'NONE',  ( 2.107328482542165649, 84.49999999999994316, 215.8500000000000227 ) ) ;
#248 = DIRECTION ( 'NONE',  ( -0.8660254037844379305, 0.000000000000000000, -0.5000000000000014433 ) ) ;
#249 = DIRECTION ( 'NONE',  ( 0.5000000000000009992, 0.000000000000000000, 0.8660254037844380415 ) ) ;
#250 = EDGE_CURVE ( 'NONE', #2054, #978, #954, .T. ) ;
#251 = ADVANCED_FACE ( 'NONE', ( #1055 ), #1710, .F. ) ;
#252 = ORIENTED_EDGE ( 'NONE', *, *, #618, .F. ) ;
#253 = DIRECTION ( 'NONE',  ( 0.000000000000000000, 0.000000000000000000, -1.000000000000000000 ) ) ;
#254 = VECTOR ( 'NONE', #1888, 1000.000000000000000 ) ;
#255 = VERTEX_POINT ( 'NONE', #2102 ) ;
#256 = VECTOR ( 'NONE', #574, 1000.000000000000000 ) ;
#257 = VECTOR ( 'NONE', #1935, 1000.000000000000000 ) ;
#258 = DIRECTION ( 'NONE',  ( -0.000000000000000000, -1.000000000000000000, -0.000000000000000000 ) ) ;
#259 = AXIS2_PLACEMENT_3D ( 'NONE', #37, #12, #1521 ) ;
#260 = ORIENTED_EDGE ( 'NONE', *, *, #1065, .F. ) ;
#261 = FACE_OUTER_BOUND ( 'NONE', #1787, .T. ) ;
#262 = CARTESIAN_POINT ( 'NONE',  ( -36.24999999999995026, 82.49999999999994316, 227.9327948354172406 ) ) ;
#263 = ORIENTED_EDGE ( 'NONE', *, *, #542, .F. ) ;
#264 = AXIS2_PLACEMENT_3D ( 'NONE', #1530, #860, #376 ) ;
#265 = EDGE_CURVE ( 'NONE', #1040, #937, #1569, .T. ) ;
#266 = ORIENTED_EDGE ( 'NONE', *, *, #2116, .T. ) ;
#267 = DIRECTION ( 'NONE',  ( -0.4999999999999960032, 0.000000000000000000, -0.8660254037844410391 ) ) ;
#268 = ORIENTED_EDGE ( 'NONE', *, *, #1161, .T. ) ;
#269 = DIRECTION ( 'NONE',  ( -0.000000000000000000, -1.000000000000000000, -0.000000000000000000 ) ) ;
#270 = CARTESIAN_POINT ( 'NONE',  ( -53.57050807568874262, 15.99999999999995914, 237.9327948354171838 ) ) ;
#271 = ORIENTED_EDGE ( 'NONE', *, *, #1130, .F. ) ;
#272 = DIRECTION ( 'NONE',  ( -1.000000000000000000, 0.000000000000000000, 0.000000000000000000 ) ) ;
#273 = DIRECTION ( 'NONE',  ( -0.000000000000000000, -1.000000000000000000, -0.000000000000000000 ) ) ;
#274 = EDGE_CURVE ( 'NONE', #1347, #720, #641, .T. ) ;
#275 = EDGE_CURVE ( 'NONE', #94, #1781, #1122, .T. ) ;
#276 = EDGE_LOOP ( 'NONE', ( #179, #898, #2056, #771 ) ) ;
#277 = CARTESIAN_POINT ( 'NONE',  ( 2.571758278209433082E-16, 84.49999999999994316, 194.2999999999999829 ) ) ;
#278 = ORIENTED_EDGE ( 'NONE', *, *, #1236, .F. ) ;
#279 = ORIENTED_EDGE ( 'NONE', *, *, #341, .T. ) ;
#280 = DIRECTION ( 'NONE',  ( 0.000000000000000000, 1.000000000000000000, 0.000000000000000000 ) ) ;
#281 = EDGE_LOOP ( 'NONE', ( #1099, #137, #1116, #741 ) ) ;
#282 = FACE_OUTER_BOUND ( 'NONE', #1960, .T. ) ;
#283 = CARTESIAN_POINT ( 'NONE',  ( -51.32050807568874973, 82.49999999999994316, 244.3299091524471862 ) ) ;
#284 = ORIENTED_EDGE ( 'NONE', *, *, #1587, .T. ) ;
#285 = VECTOR ( 'NONE', #1640, 1000.000000000000000 ) ;
#286 = DIRECTION ( 'NONE',  ( -0.000000000000000000, -1.000000000000000000, -0.000000000000000000 ) ) ;
#287 = ORIENTED_EDGE ( 'NONE', *, *, #631, .F. ) ;
#288 = CIRCLE ( 'NONE', #837, 0.5999999999999894307 ) ;
#289 = VECTOR ( 'NONE', #1166, 1000.000000000000000 ) ;
#290 = EDGE_CURVE ( 'NONE', #1299, #933, #161, .T. ) ;
#291 = ORIENTED_EDGE ( 'NONE', *, *, #2049, .F. ) ;
#292 = CARTESIAN_POINT ( 'NONE',  ( 3.914656965084321261, 84.49999999999994316, 212.7196152422706348 ) ) ;
#293 = VECTOR ( 'NONE', #1392, 1000.000000000000000 ) ;
#294 = CIRCLE ( 'NONE', #193, 4.500000000000003553 ) ;
#295 = FACE_OUTER_BOUND ( 'NONE', #915, .T. ) ;
#296 = ORIENTED_EDGE ( 'NONE', *, *, #1223, .T. ) ;
#297 = DIRECTION ( 'NONE',  ( -0.000000000000000000, -1.000000000000000000, -0.000000000000000000 ) ) ;
#298 = FACE_OUTER_BOUND ( 'NONE', #963, .T. ) ;
#299 = VERTEX_POINT ( 'NONE', #1768 ) ;
#300 = VECTOR ( 'NONE', #1991, 999.9999999999998863 ) ;
#301 = CARTESIAN_POINT ( 'NONE',  ( -52.57050807568874262, 15.99999999999995914, 239.6648456429860801 ) ) ;
#302 = VERTEX_POINT ( 'NONE', #1296 ) ;
#303 = DIRECTION ( 'NONE',  ( 0.000000000000000000, 1.000000000000000000, 0.000000000000000000 ) ) ;
#304 = ADVANCED_FACE ( 'NONE', ( #796 ), #2126, .T. ) ;
#305 = EDGE_CURVE ( 'NONE', #2050, #939, #983, .T. ) ;
#306 = CARTESIAN_POINT ( 'NONE',  ( -2.499999999999972911, 15.99999999999995914, 172.9401816951054798 ) ) ;
#307 = ORIENTED_EDGE ( 'NONE', *, *, #2075, .T. ) ;
#308 = DIRECTION ( 'NONE',  ( 0.000000000000000000, 0.000000000000000000, -1.000000000000000000 ) ) ;
#309 = VERTEX_POINT ( 'NONE', #1755 ) ;
#310 = CARTESIAN_POINT ( 'NONE',  ( -2.107328482541877435, 84.49999999999994316, 208.5499999999997840 ) ) ;
#311 = DIRECTION ( 'NONE',  ( -0.000000000000000000, -1.000000000000000000, -0.000000000000000000 ) ) ;
#312 = EDGE_CURVE ( 'NONE', #1021, #1513, #1429, .T. ) ;
#313 = CARTESIAN_POINT ( 'NONE',  ( 2.515349040166370287E-14, 84.49999999999994316, 152.9401816951054798 ) ) ;
#314 = ORIENTED_EDGE ( 'NONE', *, *, #1758, .F. ) ;
#315 = ADVANCED_FACE ( 'NONE', ( #316 ), #1468, .F. ) ;
#316 = FACE_OUTER_BOUND ( 'NONE', #338, .T. ) ;
#317 = ORIENTED_EDGE ( 'NONE', *, *, #1955, .T. ) ;
#318 = DIRECTION ( 'NONE',  ( 0.000000000000000000, 0.000000000000000000, 1.000000000000000000 ) ) ;
#319 = ORIENTED_EDGE ( 'NONE', *, *, #775, .T. ) ;
#320 = AXIS2_PLACEMENT_3D ( 'NONE', #2096, #102, #1118 ) ;
#321 = FACE_OUTER_BOUND ( 'NONE', #1811, .T. ) ;
#322 = FACE_OUTER_BOUND ( 'NONE', #1641, .T. ) ;
#323 = AXIS2_PLACEMENT_3D ( 'NONE', #1066, #1208, #1402 ) ;
#324 = CIRCLE ( 'NONE', #633, 2.000000000000000000 ) ;
#325 = LINE ( 'NONE', #1667, #358 ) ;
#326 = ORIENTED_EDGE ( 'NONE', *, *, #184, .T. ) ;
#327 = AXIS2_PLACEMENT_3D ( 'NONE', #870, #1726, #700 ) ;
#328 = CARTESIAN_POINT ( 'NONE',  ( -17.32050807568879947, 84.49999999999994316, 222.1999999999999318 ) ) ;
#329 = ORIENTED_EDGE ( 'NONE', *, *, #1503, .T. ) ;
#330 = ADVANCED_FACE ( 'NONE', ( #282 ), #971, .T. ) ;
#331 = AXIS2_PLACEMENT_3D ( 'NONE', #1547, #71, #608 ) ;
#332 = DIRECTION ( 'NONE',  ( -1.000000000000000000, 0.000000000000000000, -0.000000000000000000 ) ) ;
#333 = VERTEX_POINT ( 'NONE', #780 ) ;
#334 = CIRCLE ( 'NONE', #1158, 2.500000000000002220 ) ;
#335 = CARTESIAN_POINT ( 'NONE',  ( -51.32050807568874973, 15.99999999999995914, 241.8299091524471862 ) ) ;
#336 = CARTESIAN_POINT ( 'NONE',  ( 68.00000000000001421, 84.49999999999994316, 172.9401816951054798 ) ) ;
#337 = FACE_OUTER_BOUND ( 'NONE', #2114, .T. ) ;
#338 = EDGE_LOOP ( 'NONE', ( #485, #1944, #489, #835 ) ) ;
#339 = CARTESIAN_POINT ( 'NONE',  ( -26.91025403784426118, 13.99999999999995737, 199.5501089332373397 ) ) ;
#340 = ORIENTED_EDGE ( 'NONE', *, *, #290, .F. ) ;
#341 = EDGE_CURVE ( 'NONE', #1316, #1534, #1400, .T. ) ;
#342 = EDGE_CURVE ( 'NONE', #858, #1021, #466, .T. ) ;
#343 = CARTESIAN_POINT ( 'NONE',  ( 2.500000000000002220, 13.99999999999995737, 241.8299091524471862 ) ) ;
#344 = VERTEX_POINT ( 'NONE', #1798 ) ;
#345 = DIRECTION ( 'NONE',  ( 0.000000000000000000, 0.000000000000000000, 1.000000000000000000 ) ) ;
#346 = DIRECTION ( 'NONE',  ( 0.4999999999999986122, 0.000000000000000000, -0.8660254037844393737 ) ) ;
#347 = CYLINDRICAL_SURFACE ( 'NONE', #259, 2.000000000000003997 ) ;
#348 = LINE ( 'NONE', #380, #886 ) ;
#349 = ORIENTED_EDGE ( 'NONE', *, *, #1015, .T. ) ;
#350 = CARTESIAN_POINT ( 'NONE',  ( 1.507328482542473091, 84.49999999999994316, 208.5499999999999545 ) ) ;
#351 = ORIENTED_EDGE ( 'NONE', *, *, #1201, .T. ) ;
#352 = FACE_OUTER_BOUND ( 'NONE', #1367, .T. ) ;
#353 = LINE ( 'NONE', #1000, #1629 ) ;
#354 = EDGE_CURVE ( 'NONE', #1767, #1224, #401, .T. ) ;
#355 = DIRECTION ( 'NONE',  ( 0.000000000000000000, 0.000000000000000000, -1.000000000000000000 ) ) ;
#356 = AXIS2_PLACEMENT_3D ( 'NONE', #899, #880, #1060 ) ;
#357 = CARTESIAN_POINT ( 'NONE',  ( 9.504986767512764901E-17, 84.49999999999994316, 290.7196366097889495 ) ) ;
#358 = VECTOR ( 'NONE', #36, 1000.000000000000000 ) ;
#359 = AXIS2_PLACEMENT_3D ( 'NONE', #61, #205, #2026 ) ;
#360 = CARTESIAN_POINT ( 'NONE',  ( -53.57050807568874262, 84.49999999999994316, 237.9327948354171838 ) ) ;
#361 = ORIENTED_EDGE ( 'NONE', *, *, #140, .T. ) ;
#362 = CARTESIAN_POINT ( 'NONE',  ( -31.74999999999995737, 84.49999999999994316, 235.7270234694771887 ) ) ;
#363 = VERTEX_POINT ( 'NONE', #982 ) ;
#364 = FACE_OUTER_BOUND ( 'NONE', #524, .T. ) ;
#365 = FACE_OUTER_BOUND ( 'NONE', #1913, .T. ) ;
#366 = CIRCLE ( 'NONE', #467, 2.000000000000000000 ) ;
#367 = FACE_OUTER_BOUND ( 'NONE', #276, .T. ) ;
#368 = ADVANCED_FACE ( 'NONE', ( #1272 ), #1925, .T. ) ;
#369 = DIRECTION ( 'NONE',  ( -0.000000000000000000, -1.000000000000000000, -0.000000000000000000 ) ) ;
#370 = ADVANCED_FACE ( 'NONE', ( #2113 ), #1637, .F. ) ;
#371 = LINE ( 'NONE', #1479, #679 ) ;
#372 = CIRCLE ( 'NONE', #2124, 63.49999999999991473 ) ;
#373 = VERTEX_POINT ( 'NONE', #957 ) ;
#374 = DIRECTION ( 'NONE',  ( 0.000000000000000000, -1.000000000000000000, 0.000000000000000000 ) ) ;
#375 = ORIENTED_EDGE ( 'NONE', *, *, #2059, .F. ) ;
#376 = DIRECTION ( 'NONE',  ( 0.000000000000000000, 0.000000000000000000, 1.000000000000000000 ) ) ;
#377 = DIRECTION ( 'NONE',  ( -0.000000000000000000, -1.000000000000000000, -0.000000000000000000 ) ) ;
#378 = CARTESIAN_POINT ( 'NONE',  ( -2.107328482541877435, 13.99999999999995737, 208.5499999999997840 ) ) ;
#379 = CARTESIAN_POINT ( 'NONE',  ( 35.24999999999994316, 15.99999999999995914, 229.6648456429861653 ) ) ;
#380 = CARTESIAN_POINT ( 'NONE',  ( -4.499999999999971578, 82.49999999999994316, 152.9401816951054798 ) ) ;
#381 = ORIENTED_EDGE ( 'NONE', *, *, #884, .F. ) ;
#382 = EDGE_CURVE ( 'NONE', #1757, #1608, #334, .T. ) ;
#383 = DIRECTION ( 'NONE',  ( -2.168404344971009854E-16, 0.000000000000000000, 1.000000000000000000 ) ) ;
#384 = VERTEX_POINT ( 'NONE', #1810 ) ;
#385 = DIRECTION ( 'NONE',  ( 0.000000000000000000, -1.000000000000000000, 0.000000000000000000 ) ) ;
#386 = CARTESIAN_POINT ( 'NONE',  ( -51.32050807568874973, 13.99999999999995737, 241.8299091524471862 ) ) ;
#387 = LINE ( 'NONE', #895, #564 ) ;
#388 = LINE ( 'NONE', #1090, #636 ) ;
#389 = DIRECTION ( 'NONE',  ( 0.000000000000000000, 1.000000000000000000, 0.000000000000000000 ) ) ;
#390 = AXIS2_PLACEMENT_3D ( 'NONE', #1024, #1989, #1001 ) ;
#391 = ORIENTED_EDGE ( 'NONE', *, *, #1064, .F. ) ;
#392 = AXIS2_PLACEMENT_3D ( 'NONE', #1221, #2018, #548 ) ;
#393 = DIRECTION ( 'NONE',  ( -0.000000000000000000, -1.000000000000000000, -0.000000000000000000 ) ) ;
#394 = EDGE_CURVE ( 'NONE', #438, #2017, #706, .T. ) ;
#395 = ORIENTED_EDGE ( 'NONE', *, *, #13, .F. ) ;
#396 = CIRCLE ( 'NONE', #1119, 2.500000000000002220 ) ;
#397 = CARTESIAN_POINT ( 'NONE',  ( -2.499999999999981348, 13.99999999999995737, 241.8299091524471862 ) ) ;
#398 = DIRECTION ( 'NONE',  ( -0.000000000000000000, -1.000000000000000000, -0.000000000000000000 ) ) ;
#399 = CIRCLE ( 'NONE', #1567, 0.5999999999999894307 ) ;
#400 = CARTESIAN_POINT ( 'NONE',  ( 2.107328482542469850, 13.99999999999995737, 207.9500000000000171 ) ) ;
#401 = CIRCLE ( 'NONE', #1599, 2.099999999999990763 ) ;
#402 = LINE ( 'NONE', #583, #1834 ) ;
#403 = AXIS2_PLACEMENT_3D ( 'NONE', #535, #830, #1490 ) ;
#404 = EDGE_LOOP ( 'NONE', ( #1936, #987, #955, #470 ) ) ;
#405 = CARTESIAN_POINT ( 'NONE',  ( 2.107328482542469850, 84.49999999999994316, 207.9500000000000171 ) ) ;
#406 = VERTEX_POINT ( 'NONE', #38 ) ;
#407 = ADVANCED_FACE ( 'NONE', ( #1970 ), #1819, .T. ) ;
#408 = CARTESIAN_POINT ( 'NONE',  ( 4.214656965084468077, 84.49999999999994316, 212.2000000000000455 ) ) ;
#409 = DIRECTION ( 'NONE',  ( -0.000000000000000000, -1.000000000000000000, -0.000000000000000000 ) ) ;
#410 = EDGE_CURVE ( 'NONE', #1605, #1751, #1228, .T. ) ;
#411 = CARTESIAN_POINT ( 'NONE',  ( -36.24999999999995026, 15.99999999999995914, 227.9327948354172406 ) ) ;
#412 = DIRECTION ( 'NONE',  ( 0.8660254037844395958, 0.000000000000000000, -0.4999999999999983347 ) ) ;
#413 = VERTEX_POINT ( 'NONE', #503 ) ;
#414 = CARTESIAN_POINT ( 'NONE',  ( -67.99999999999991473, 84.49999999999994316, 172.9401816951054798 ) ) ;
#415 = ORIENTED_EDGE ( 'NONE', *, *, #2048, .F. ) ;
#416 = CARTESIAN_POINT ( 'NONE',  ( 4.500000000000017764, 82.49999999999994316, 172.9401816951054798 ) ) ;
#417 = LINE ( 'NONE', #1559, #222 ) ;
#418 = EDGE_CURVE ( 'NONE', #1297, #1171, #348, .T. ) ;
#419 = ORIENTED_EDGE ( 'NONE', *, *, #1211, .F. ) ;
#420 = TOROIDAL_SURFACE ( 'NONE', #1623, 65.50000000000000000, 2.000000000000000000 ) ;
#421 = CARTESIAN_POINT ( 'NONE',  ( 50.07050807568874262, 13.99999999999995737, 243.9949726619083492 ) ) ;
#422 = AXIS2_PLACEMENT_3D ( 'NONE', #616, #649, #1466 ) ;
#423 = ORIENTED_EDGE ( 'NONE', *, *, #657, .F. ) ;
#424 = AXIS2_PLACEMENT_3D ( 'NONE', #357, #46, #27 ) ;
#425 = CYLINDRICAL_SURFACE ( 'NONE', #1763, 2.000000000000005773 ) ;
#426 = ORIENTED_EDGE ( 'NONE', *, *, #970, .T. ) ;
#427 = AXIS2_PLACEMENT_3D ( 'NONE', #1561, #1872, #1581 ) ;
#428 = CIRCLE ( 'NONE', #913, 2.000000000000003997 ) ;
#429 = ORIENTED_EDGE ( 'NONE', *, *, #727, .F. ) ;
#430 = DIRECTION ( 'NONE',  ( -0.000000000000000000, -1.000000000000000000, -0.000000000000000000 ) ) ;
#431 = DIRECTION ( 'NONE',  ( 0.000000000000000000, 0.000000000000000000, 1.000000000000000000 ) ) ;
#432 = CIRCLE ( 'NONE', #708, 0.5999999999999894307 ) ;
#433 = EDGE_CURVE ( 'NONE', #1785, #759, #844, .T. ) ;
#434 = EDGE_CURVE ( 'NONE', #2050, #978, #1035, .T. ) ;
#435 = ORIENTED_EDGE ( 'NONE', *, *, #41, .T. ) ;
#436 = AXIS2_PLACEMENT_3D ( 'NONE', #1387, #1997, #699 ) ;
#437 = CARTESIAN_POINT ( 'NONE',  ( 4.214656965084318863, 84.49999999999994316, 212.1999999999999602 ) ) ;
#438 = VERTEX_POINT ( 'NONE', #1843 ) ;
#439 = CYLINDRICAL_SURFACE ( 'NONE', #940, 63.49999999999988631 ) ;
#440 = EDGE_LOOP ( 'NONE', ( #2066, #39, #1295, #504 ) ) ;
#441 = DIRECTION ( 'NONE',  ( 0.000000000000000000, 1.000000000000000000, 0.000000000000000000 ) ) ;
#442 = DIRECTION ( 'NONE',  ( 1.000000000000000000, 0.000000000000000000, 0.000000000000000000 ) ) ;
#443 = VERTEX_POINT ( 'NONE', #546 ) ;
#444 = CARTESIAN_POINT ( 'NONE',  ( -51.32050807568874973, 82.49999999999994316, 241.8299091524471862 ) ) ;
#445 = DIRECTION ( 'NONE',  ( -0.4999999999999985567, 0.000000000000000000, 0.8660254037844395958 ) ) ;
#446 = ORIENTED_EDGE ( 'NONE', *, *, #1262, .F. ) ;
#447 = EDGE_CURVE ( 'NONE', #1290, #688, #820, .T. ) ;
#448 = DIRECTION ( 'NONE',  ( -0.000000000000000000, -1.000000000000000000, -0.000000000000000000 ) ) ;
#449 = EDGE_LOOP ( 'NONE', ( #1646, #1752, #1568, #1266 ) ) ;
#450 = CARTESIAN_POINT ( 'NONE',  ( 52.57050807568872841, 84.49999999999994316, 239.6648456429861653 ) ) ;
#451 = ORIENTED_EDGE ( 'NONE', *, *, #1455, .F. ) ;
#452 = CARTESIAN_POINT ( 'NONE',  ( 4.214656965084468077, 84.49999999999994316, 212.2000000000000455 ) ) ;
#453 = DIRECTION ( 'NONE',  ( 0.000000000000000000, 0.000000000000000000, 1.000000000000000000 ) ) ;
#454 = ORIENTED_EDGE ( 'NONE', *, *, #527, .T. ) ;
#455 = AXIS2_PLACEMENT_3D ( 'NONE', #1170, #1005, #195 ) ;
#456 = EDGE_CURVE ( 'NONE', #1761, #654, #1317, .T. ) ;
#457 = EDGE_CURVE ( 'NONE', #1085, #1513, #371, .T. ) ;
#458 = CARTESIAN_POINT ( 'NONE',  ( 2.107328482542469850, 84.49999999999994316, 207.9500000000000171 ) ) ;
#459 = CIRCLE ( 'NONE', #1454, 2.099999999999990763 ) ;
#460 = TOROIDAL_SURFACE ( 'NONE', #1082, 65.49999999999991473, 2.000000000000000000 ) ;
#461 = VERTEX_POINT ( 'NONE', #661 ) ;
#462 = DIRECTION ( 'NONE',  ( -0.000000000000000000, -1.000000000000000000, -0.000000000000000000 ) ) ;
#463 = AXIS2_PLACEMENT_3D ( 'NONE', #1380, #409, #540 ) ;
#464 = CARTESIAN_POINT ( 'NONE',  ( -50.07050807568873552, 82.49999999999994316, 243.9949726619082639 ) ) ;
#465 = ORIENTED_EDGE ( 'NONE', *, *, #250, .T. ) ;
#466 = LINE ( 'NONE', #619, #1330 ) ;
#467 = AXIS2_PLACEMENT_3D ( 'NONE', #646, #1642, #1961 ) ;
#468 = VERTEX_POINT ( 'NONE', #1504 ) ;
#469 = CARTESIAN_POINT ( 'NONE',  ( -3.914656965084338580, 84.49999999999994316, 212.7196152422705211 ) ) ;
#470 = ORIENTED_EDGE ( 'NONE', *, *, #1552, .T. ) ;
#471 = EDGE_CURVE ( 'NONE', #1451, #2086, #1027, .T. ) ;
#472 = CARTESIAN_POINT ( 'NONE',  ( -4.214656965084106588, 13.99999999999995737, 212.1999999999997328 ) ) ;
#473 = EDGE_CURVE ( 'NONE', #1347, #246, #1432, .T. ) ;
#474 = DIRECTION ( 'NONE',  ( 0.4999999999999960032, 0.000000000000000000, 0.8660254037844410391 ) ) ;
#475 = DIRECTION ( 'NONE',  ( 0.000000000000000000, 0.000000000000000000, -1.000000000000000000 ) ) ;
#476 = EDGE_LOOP ( 'NONE', ( #1907, #143, #1662, #1597 ) ) ;
#477 = CARTESIAN_POINT ( 'NONE',  ( 0.000000000000000000, 13.99999999999995737, 192.1999999999999886 ) ) ;
#478 = VERTEX_POINT ( 'NONE', #178 ) ;
#479 = CARTESIAN_POINT ( 'NONE',  ( 4.500000000000017764, 15.99999999999995914, 172.9401816951054798 ) ) ;
#480 = VERTEX_POINT ( 'NONE', #1351 ) ;
#481 = DIRECTION ( 'NONE',  ( -0.000000000000000000, -1.000000000000000000, -0.000000000000000000 ) ) ;
#482 = FACE_OUTER_BOUND ( 'NONE', #892, .T. ) ;
#483 = CARTESIAN_POINT ( 'NONE',  ( 2.500000000000022204, 15.99999999999995914, 152.9401816951054798 ) ) ;
#484 = EDGE_CURVE ( 'NONE', #1478, #1491, #779, .T. ) ;
#485 = ORIENTED_EDGE ( 'NONE', *, *, #1142, .F. ) ;
#486 = DIRECTION ( 'NONE',  ( 0.000000000000000000, 1.000000000000000000, 0.000000000000000000 ) ) ;
#487 = ORIENTED_EDGE ( 'NONE', *, *, #2048, .T. ) ;
#488 = LINE ( 'NONE', #814, #1111 ) ;
#489 = ORIENTED_EDGE ( 'NONE', *, *, #275, .F. ) ;
#490 = VECTOR ( 'NONE', #2030, 1000.000000000000227 ) ;
#491 = CARTESIAN_POINT ( 'NONE',  ( 2.515349040166370287E-14, 15.99999999999995914, 152.9401816951054798 ) ) ;
#492 = CARTESIAN_POINT ( 'NONE',  ( -4.214656965084106588, 13.99999999999995737, 211.5999999999997385 ) ) ;
#493 = CIRCLE ( 'NONE', #390, 2.000000000000000000 ) ;
#494 = AXIS2_PLACEMENT_3D ( 'NONE', #464, #1123, #1777 ) ;
#495 = CIRCLE ( 'NONE', #1083, 0.5999999999999894307 ) ;
#496 = LINE ( 'NONE', #852, #594 ) ;
#497 = CARTESIAN_POINT ( 'NONE',  ( -36.24999999999995026, 82.49999999999994316, 227.9327948354172406 ) ) ;
#498 = AXIS2_PLACEMENT_3D ( 'NONE', #1291, #280, #1245 ) ;
#499 = ORIENTED_EDGE ( 'NONE', *, *, #1861, .F. ) ;
#500 = EDGE_CURVE ( 'NONE', #1230, #246, #1334, .T. ) ;
#501 = ADVANCED_FACE ( 'NONE', ( #211 ), #864, .F. ) ;
#502 =( GEOMETRIC_REPRESENTATION_CONTEXT ( 3 ) GLOBAL_UNCERTAINTY_ASSIGNED_CONTEXT ( ( #743 ) ) GLOBAL_UNIT_ASSIGNED_CONTEXT ( ( #1945, #1450, #1580 ) ) REPRESENTATION_CONTEXT ( 'NONE', 'WORKASPACE' ) );
#503 = CARTESIAN_POINT ( 'NONE',  ( 2.500000000000021316, 84.49999999999994316, 152.9401816951054798 ) ) ;
#504 = ORIENTED_EDGE ( 'NONE', *, *, #1851, .F. ) ;
#505 = AXIS2_PLACEMENT_3D ( 'NONE', #1948, #1957, #1424 ) ;
#506 = CARTESIAN_POINT ( 'NONE',  ( 51.32050807568872131, 82.49999999999994316, 246.3299091524472431 ) ) ;
#507 = EDGE_LOOP ( 'NONE', ( #2038, #1879, #951, #1405 ) ) ;
#508 = VECTOR ( 'NONE', #2016, 1000.000000000000000 ) ;
#509 = DIRECTION ( 'NONE',  ( 0.000000000000000000, 1.000000000000000000, 0.000000000000000000 ) ) ;
#510 = DIRECTION ( 'NONE',  ( 0.000000000000000000, 1.000000000000000000, 0.000000000000000000 ) ) ;
#511 = CARTESIAN_POINT ( 'NONE',  ( 53.57050807568872131, 82.49999999999994316, 237.9327948354172690 ) ) ;
#512 = CARTESIAN_POINT ( 'NONE',  ( -2.107328482542106141, 84.49999999999994316, 215.8500000000000227 ) ) ;
#513 = DIRECTION ( 'NONE',  ( 2.168404344971009854E-16, 0.000000000000000000, -1.000000000000000000 ) ) ;
#514 = ORIENTED_EDGE ( 'NONE', *, *, #799, .F. ) ;
#515 = CARTESIAN_POINT ( 'NONE',  ( 2.407328482542163250, 84.49999999999994316, 215.3303847577293766 ) ) ;
#516 = ADVANCED_FACE ( 'NONE', ( #1003, #1656, #190, #1342, #522 ), #1829, .F. ) ;
#517 = ORIENTED_EDGE ( 'NONE', *, *, #140, .F. ) ;
#518 = DIRECTION ( 'NONE',  ( 0.000000000000000000, 0.000000000000000000, 1.000000000000000000 ) ) ;
#519 = CARTESIAN_POINT ( 'NONE',  ( -4.499999999999990230, 15.99999999999995914, 172.9401816951054798 ) ) ;
#520 = CARTESIAN_POINT ( 'NONE',  ( 2.500000000000017764, 15.99999999999995914, 172.9401816951054798 ) ) ;
#521 = DIRECTION ( 'NONE',  ( 0.000000000000000000, 0.000000000000000000, 1.000000000000000000 ) ) ;
#522 = FACE_BOUND ( 'NONE', #969, .T. ) ;
#523 = VECTOR ( 'NONE', #377, 1000.000000000000000 ) ;
#524 = EDGE_LOOP ( 'NONE', ( #1505, #1430, #929, #1210 ) ) ;
#525 = CARTESIAN_POINT ( 'NONE',  ( -32.74999999999995737, 84.49999999999994316, 233.9949726619082924 ) ) ;
#526 = ORIENTED_EDGE ( 'NONE', *, *, #1406, .T. ) ;
#527 = EDGE_CURVE ( 'NONE', #819, #114, #2002, .T. ) ;
#528 = ADVANCED_FACE ( 'NONE', ( #97 ), #555, .F. ) ;
#529 = LINE ( 'NONE', #397, #1225 ) ;
#530 = DIRECTION ( 'NONE',  ( 0.000000000000000000, 0.000000000000000000, -1.000000000000000000 ) ) ;
#531 = CYLINDRICAL_SURFACE ( 'NONE', #907, 2.000000000000000000 ) ;
#532 = TOROIDAL_SURFACE ( 'NONE', #78, 2.499999999999998668, 2.000000000000000000 ) ;
#533 = CARTESIAN_POINT ( 'NONE',  ( 4.214656965084468077, 84.49999999999994316, 212.2000000000000455 ) ) ;
#534 = CIRCLE ( 'NONE', #359, 2.099999999999990763 ) ;
#535 = CARTESIAN_POINT ( 'NONE',  ( 68.00000000000001421, 82.49999999999994316, 172.9401816951054798 ) ) ;
#536 = ORIENTED_EDGE ( 'NONE', *, *, #202, .T. ) ;
#537 = CARTESIAN_POINT ( 'NONE',  ( -1.507328482542112269, 84.49999999999994316, 215.8500000000000227 ) ) ;
#538 = ORIENTED_EDGE ( 'NONE', *, *, #1286, .T. ) ;
#539 = DIRECTION ( 'NONE',  ( 0.000000000000000000, -1.000000000000000000, 0.000000000000000000 ) ) ;
#540 = DIRECTION ( 'NONE',  ( 0.000000000000000000, 0.000000000000000000, -1.000000000000000000 ) ) ;
#541 = AXIS2_PLACEMENT_3D ( 'NONE', #408, #385, #1041 ) ;
#542 = EDGE_CURVE ( 'NONE', #1036, #1778, #1356, .T. ) ;
#543 = DIRECTION ( 'NONE',  ( -0.000000000000000000, -1.000000000000000000, -0.000000000000000000 ) ) ;
#544 = CARTESIAN_POINT ( 'NONE',  ( -4.499999999999971578, 15.99999999999995914, 152.9401816951054798 ) ) ;
#545 = ADVANCED_FACE ( 'NONE', ( #236 ), #889, .T. ) ;
#546 = CARTESIAN_POINT ( 'NONE',  ( -51.32050807568874973, 15.99999999999995914, 246.3299091524471862 ) ) ;
#547 = VERTEX_POINT ( 'NONE', #1619 ) ;
#548 = DIRECTION ( 'NONE',  ( -0.4999999999999985567, 0.000000000000000000, 0.8660254037844395958 ) ) ;
#549 = ORIENTED_EDGE ( 'NONE', *, *, #1201, .F. ) ;
#550 = CARTESIAN_POINT ( 'NONE',  ( -3.914656965084338580, 13.99999999999995737, 212.7196152422705211 ) ) ;
#551 = LINE ( 'NONE', #1207, #1895 ) ;
#552 = DIRECTION ( 'NONE',  ( 0.000000000000000000, 0.000000000000000000, -1.000000000000000000 ) ) ;
#553 = CARTESIAN_POINT ( 'NONE',  ( 4.214656965084468077, 13.99999999999995737, 211.6000000000000796 ) ) ;
#554 = EDGE_CURVE ( 'NONE', #1534, #1316, #2039, .T. ) ;
#555 = CYLINDRICAL_SURFACE ( 'NONE', #1184, 0.5999999999999894307 ) ;
#556 = ORIENTED_EDGE ( 'NONE', *, *, #1749, .T. ) ;
#557 = DIRECTION ( 'NONE',  ( 0.000000000000000000, 0.000000000000000000, -1.000000000000000000 ) ) ;
#558 = ORIENTED_EDGE ( 'NONE', *, *, #658, .F. ) ;
#559 = LINE ( 'NONE', #1031, #847 ) ;
#560 = LINE ( 'NONE', #1371, #254 ) ;
#561 = CARTESIAN_POINT ( 'NONE',  ( -4.214656965084270013, 13.99999999999995737, 212.1999999999999602 ) ) ;
#562 = LINE ( 'NONE', #270, #1971 ) ;
#563 = VECTOR ( 'NONE', #286, 1000.000000000000000 ) ;
#564 = VECTOR ( 'NONE', #1701, 1000.000000000000114 ) ;
#565 = ORIENTED_EDGE ( 'NONE', *, *, #1199, .T. ) ;
#566 = VECTOR ( 'NONE', #1645, 999.9999999999998863 ) ;
#567 = EDGE_CURVE ( 'NONE', #114, #833, #615, .T. ) ;
#568 = CARTESIAN_POINT ( 'NONE',  ( 9.504986767512764901E-17, 82.49999999999994316, 290.7196366097889495 ) ) ;
#569 = ORIENTED_EDGE ( 'NONE', *, *, #1248, .F. ) ;
#570 = AXIS2_PLACEMENT_3D ( 'NONE', #2061, #462, #1775 ) ;
#571 = AXIS2_PLACEMENT_3D ( 'NONE', #1009, #1953, #1484 ) ;
#572 = CARTESIAN_POINT ( 'NONE',  ( -4.499999999999971578, 84.49999999999994316, 152.9401816951054798 ) ) ;
#573 = CARTESIAN_POINT ( 'NONE',  ( -49.07050807568873552, 82.49999999999994316, 245.7270234694771318 ) ) ;
#574 = DIRECTION ( 'NONE',  ( 0.000000000000000000, 1.000000000000000000, 0.000000000000000000 ) ) ;
#575 = CIRCLE ( 'NONE', #264, 4.500000000000003553 ) ;
#576 = DIRECTION ( 'NONE',  ( -0.000000000000000000, -1.000000000000000000, -0.000000000000000000 ) ) ;
#577 = ORIENTED_EDGE ( 'NONE', *, *, #141, .T. ) ;
#578 = FACE_OUTER_BOUND ( 'NONE', #664, .T. ) ;
#579 = EDGE_LOOP ( 'NONE', ( #103, #1251 ) ) ;
#580 = ADVANCED_FACE ( 'NONE', ( #1270 ), #1304, .T. ) ;
#581 = CARTESIAN_POINT ( 'NONE',  ( -32.74999999999995737, 13.99999999999995737, 233.9949726619082924 ) ) ;
#582 = LINE ( 'NONE', #561, #1866 ) ;
#583 = CARTESIAN_POINT ( 'NONE',  ( 4.214656965084318863, 13.99999999999995737, 212.1999999999999602 ) ) ;
#584 = ORIENTED_EDGE ( 'NONE', *, *, #112, .T. ) ;
#585 = DIRECTION ( 'NONE',  ( 0.000000000000000000, 0.000000000000000000, 1.000000000000000000 ) ) ;
#586 = ORIENTED_EDGE ( 'NONE', *, *, #1332, .F. ) ;
#587 = CARTESIAN_POINT ( 'NONE',  ( 9.504986767512764901E-17, 84.49999999999994316, 290.7196366097889495 ) ) ;
#588 = ADVANCED_FACE ( 'NONE', ( #1921 ), #1108, .F. ) ;
#589 = ORIENTED_EDGE ( 'NONE', *, *, #1455, .T. ) ;
#590 = PRESENTATION_STYLE_ASSIGNMENT (( #1783 ) ) ;
#591 = DIRECTION ( 'NONE',  ( -0.000000000000000000, -1.000000000000000000, -0.000000000000000000 ) ) ;
#592 = ORIENTED_EDGE ( 'NONE', *, *, #1236, .T. ) ;
#593 = AXIS2_PLACEMENT_3D ( 'NONE', #1741, #1750, #267 ) ;
#594 = VECTOR ( 'NONE', #1510, 1000.000000000000000 ) ;
#595 = CYLINDRICAL_SURFACE ( 'NONE', #1624, 4.500000000000003553 ) ;
#596 = AXIS2_PLACEMENT_3D ( 'NONE', #283, #1240, #1114 ) ;
#597 = ORIENTED_EDGE ( 'NONE', *, *, #554, .F. ) ;
#598 = CIRCLE ( 'NONE', #116, 2.000000000000003997 ) ;
#599 = FACE_OUTER_BOUND ( 'NONE', #610, .T. ) ;
#600 = AXIS2_PLACEMENT_3D ( 'NONE', #336, #647, #530 ) ;
#601 = ORIENTED_EDGE ( 'NONE', *, *, #1416, .T. ) ;
#602 = DIRECTION ( 'NONE',  ( 0.000000000000000000, 0.000000000000000000, -1.000000000000000000 ) ) ;
#603 = CARTESIAN_POINT ( 'NONE',  ( 2.515349040166370287E-14, 13.99999999999995737, 152.9401816951054798 ) ) ;
#604 = CIRCLE ( 'NONE', #1908, 63.49999999999988631 ) ;
#605 = EDGE_CURVE ( 'NONE', #2017, #2, #15, .T. ) ;
#606 = EDGE_LOOP ( 'NONE', ( #87, #1163, #1630, #612 ) ) ;
#607 = AXIS2_PLACEMENT_3D ( 'NONE', #452, #1112, #1625 ) ;
#608 = DIRECTION ( 'NONE',  ( 0.000000000000000000, 0.000000000000000000, -1.000000000000000000 ) ) ;
#609 = LINE ( 'NONE', #1073, #257 ) ;
#610 = EDGE_LOOP ( 'NONE', ( #139, #1986, #2008, #192 ) ) ;
#611 = CARTESIAN_POINT ( 'NONE',  ( 32.74999999999997868, 84.49999999999994316, 233.9949726619082924 ) ) ;
#612 = ORIENTED_EDGE ( 'NONE', *, *, #1515, .F. ) ;
#613 = ORIENTED_EDGE ( 'NONE', *, *, #1396, .T. ) ;
#614 = CARTESIAN_POINT ( 'NONE',  ( 35.24999999999995026, 13.99999999999995737, 229.6648456429861653 ) ) ;
#615 = LINE ( 'NONE', #2122, #1659 ) ;
#616 = CARTESIAN_POINT ( 'NONE',  ( 0.000000000000000000, 13.99999999999995737, 192.1999999999999886 ) ) ;
#617 = EDGE_LOOP ( 'NONE', ( #868, #1428, #317, #586 ) ) ;
#618 = EDGE_CURVE ( 'NONE', #461, #1297, #493, .T. ) ;
#619 = CARTESIAN_POINT ( 'NONE',  ( -31.74999999999997158, 15.99999999999995914, 235.7270234694771887 ) ) ;
#620 = DIRECTION ( 'NONE',  ( -0.000000000000000000, -1.000000000000000000, -0.000000000000000000 ) ) ;
#621 = ORIENTED_EDGE ( 'NONE', *, *, #627, .F. ) ;
#622 = CARTESIAN_POINT ( 'NONE',  ( -17.32050807568879947, 84.49999999999994316, 224.2999999999999261 ) ) ;
#623 = ORIENTED_EDGE ( 'NONE', *, *, #618, .T. ) ;
#624 = CARTESIAN_POINT ( 'NONE',  ( -4.214656965084106588, 13.99999999999995737, 212.1999999999997328 ) ) ;
#625 = ORIENTED_EDGE ( 'NONE', *, *, #2049, .T. ) ;
#626 = DIRECTION ( 'NONE',  ( 0.000000000000000000, 0.000000000000000000, -1.000000000000000000 ) ) ;
#627 = EDGE_CURVE ( 'NONE', #333, #1739, #325, .T. ) ;
#628 = EDGE_LOOP ( 'NONE', ( #1830, #722 ) ) ;
#629 = VECTOR ( 'NONE', #960, 1000.000000000000000 ) ;
#630 = DIRECTION ( 'NONE',  ( 0.000000000000000000, 0.000000000000000000, -1.000000000000000000 ) ) ;
#631 = EDGE_CURVE ( 'NONE', #1068, #461, #496, .T. ) ;
#632 = AXIS2_PLACEMENT_3D ( 'NONE', #1375, #389, #1049 ) ;
#633 = AXIS2_PLACEMENT_3D ( 'NONE', #1922, #1109, #1766 ) ;
#634 = ORIENTED_EDGE ( 'NONE', *, *, #605, .T. ) ;
#635 = DIRECTION ( 'NONE',  ( 0.000000000000000000, 1.000000000000000000, 0.000000000000000000 ) ) ;
#636 = VECTOR ( 'NONE', #1261, 1000.000000000000000 ) ;
#637 = MECHANICAL_DESIGN_GEOMETRIC_PRESENTATION_REPRESENTATION (  '', ( #878 ), #502 ) ;
#638 = DIRECTION ( 'NONE',  ( 0.000000000000000000, 0.000000000000000000, 1.000000000000000000 ) ) ;
#639 = VERTEX_POINT ( 'NONE', #1839 ) ;
#640 = DIRECTION ( 'NONE',  ( -0.000000000000000000, -1.000000000000000000, -0.000000000000000000 ) ) ;
#641 = CIRCLE ( 'NONE', #811, 65.50000000000000000 ) ;
#642 = EDGE_LOOP ( 'NONE', ( #793, #675, #809, #1263 ) ) ;
#643 = DIRECTION ( 'NONE',  ( 0.4999999999999985567, 0.000000000000000000, 0.8660254037844395958 ) ) ;
#644 = ORIENTED_EDGE ( 'NONE', *, *, #1037, .T. ) ;
#645 = ADVANCED_FACE ( 'NONE', ( #367 ), #420, .T. ) ;
#646 = CARTESIAN_POINT ( 'NONE',  ( -2.499999999999972022, 15.99999999999995914, 152.9401816951054798 ) ) ;
#647 = DIRECTION ( 'NONE',  ( -0.000000000000000000, -1.000000000000000000, -0.000000000000000000 ) ) ;
#648 = DIRECTION ( 'NONE',  ( -1.000000000000000000, 0.000000000000000000, 0.000000000000000000 ) ) ;
#649 = DIRECTION ( 'NONE',  ( 0.000000000000000000, 1.000000000000000000, 0.000000000000000000 ) ) ;
#650 = ORIENTED_EDGE ( 'NONE', *, *, #2088, .T. ) ;
#651 = DIRECTION ( 'NONE',  ( 0.000000000000000000, 0.000000000000000000, 1.000000000000000000 ) ) ;
#652 = EDGE_LOOP ( 'NONE', ( #1900, #1376, #349, #597 ) ) ;
#653 = DIRECTION ( 'NONE',  ( 0.8660254037844390407, -0.000000000000000000, 0.4999999999999992228 ) ) ;
#654 = VERTEX_POINT ( 'NONE', #1476 ) ;
#655 = DIRECTION ( 'NONE',  ( 0.000000000000000000, 1.000000000000000000, 0.000000000000000000 ) ) ;
#656 = CARTESIAN_POINT ( 'NONE',  ( -4.214656965084106588, 84.49999999999994316, 212.1999999999997328 ) ) ;
#657 = EDGE_CURVE ( 'NONE', #2086, #1343, #1898, .T. ) ;
#658 = EDGE_CURVE ( 'NONE', #1451, #1299, #1146, .T. ) ;
#659 = DIRECTION ( 'NONE',  ( -1.000000000000000000, 0.000000000000000000, 0.000000000000000000 ) ) ;
#660 = ORIENTED_EDGE ( 'NONE', *, *, #1169, .T. ) ;
#661 = CARTESIAN_POINT ( 'NONE',  ( -2.499999999999971578, 84.49999999999994316, 172.9401816951054798 ) ) ;
#662 = ORIENTED_EDGE ( 'NONE', *, *, #141, .F. ) ;
#663 = FACE_BOUND ( 'NONE', #628, .T. ) ;
#664 = EDGE_LOOP ( 'NONE', ( #762, #1555, #49, #291 ) ) ;
#665 = CIRCLE ( 'NONE', #1620, 2.099999999999990763 ) ;
#666 = DIRECTION ( 'NONE',  ( 0.000000000000000000, 0.000000000000000000, 1.000000000000000000 ) ) ;
#667 = CARTESIAN_POINT ( 'NONE',  ( -35.24999999999995026, 84.49999999999994316, 229.6648456429861085 ) ) ;
#668 = AXIS2_PLACEMENT_3D ( 'NONE', #872, #95, #248 ) ;
#669 = TOROIDAL_SURFACE ( 'NONE', #2006, 2.500000000000005773, 2.000000000000000000 ) ;
#670 = DIRECTION ( 'NONE',  ( 0.000000000000000000, 0.000000000000000000, 1.000000000000000000 ) ) ;
#671 = DIRECTION ( 'NONE',  ( -1.000000000000000000, 0.000000000000000000, 0.000000000000000000 ) ) ;
#672 = ORIENTED_EDGE ( 'NONE', *, *, #1861, .T. ) ;
#673 = ADVANCED_FACE ( 'NONE', ( #337 ), #26, .T. ) ;
#674 = DIRECTION ( 'NONE',  ( 0.4999999999999978351, -0.000000000000000000, 0.8660254037844399289 ) ) ;
#675 = ORIENTED_EDGE ( 'NONE', *, *, #1943, .F. ) ;
#676 = AXIS2_PLACEMENT_3D ( 'NONE', #472, #805, #666 ) ;
#677 = CARTESIAN_POINT ( 'NONE',  ( -2.107328482542106141, 84.49999999999994316, 215.8500000000000227 ) ) ;
#678 = ORIENTED_EDGE ( 'NONE', *, *, #826, .T. ) ;
#679 = VECTOR ( 'NONE', #3, 1000.000000000000000 ) ;
#680 = DIRECTION ( 'NONE',  ( 0.000000000000000000, 1.000000000000000000, 0.000000000000000000 ) ) ;
#681 = CARTESIAN_POINT ( 'NONE',  ( 2.107328482542469850, 84.49999999999994316, 208.5500000000000114 ) ) ;
#682 = DIRECTION ( 'NONE',  ( 0.8660254037844395958, 0.000000000000000000, -0.4999999999999983347 ) ) ;
#683 = LINE ( 'NONE', #1014, #1457 ) ;
#684 = CARTESIAN_POINT ( 'NONE',  ( -36.24999999999995026, 84.49999999999994316, 227.9327948354172406 ) ) ;
#685 = ORIENTED_EDGE ( 'NONE', *, *, #884, .T. ) ;
#686 = ADVANCED_FACE ( 'NONE', ( #1654 ), #531, .T. ) ;
#687 = FACE_OUTER_BOUND ( 'NONE', #404, .T. ) ;
#688 = VERTEX_POINT ( 'NONE', #1313 ) ;
#689 = DIRECTION ( 'NONE',  ( -1.000000000000000000, 0.000000000000000000, 0.000000000000000000 ) ) ;
#690 = DIRECTION ( 'NONE',  ( 0.000000000000000000, 1.000000000000000000, 0.000000000000000000 ) ) ;
#691 = CARTESIAN_POINT ( 'NONE',  ( 68.00000000000001421, 82.49999999999994316, 172.9401816951054798 ) ) ;
#692 = DIRECTION ( 'NONE',  ( 0.000000000000000000, 0.000000000000000000, -1.000000000000000000 ) ) ;
#693 = DIRECTION ( 'NONE',  ( -0.4999999999999960032, 0.000000000000000000, 0.8660254037844410391 ) ) ;
#694 = ORIENTED_EDGE ( 'NONE', *, *, #1102, .F. ) ;
#695 = EDGE_CURVE ( 'NONE', #2025, #1036, #1340, .T. ) ;
#696 = DIRECTION ( 'NONE',  ( 0.000000000000000000, 0.000000000000000000, 1.000000000000000000 ) ) ;
#697 = ORIENTED_EDGE ( 'NONE', *, *, #1551, .T. ) ;
#698 = ADVANCED_FACE ( 'NONE', ( #1520 ), #45, .T. ) ;
#699 = DIRECTION ( 'NONE',  ( 0.000000000000000000, 0.000000000000000000, -1.000000000000000000 ) ) ;
#700 = DIRECTION ( 'NONE',  ( 0.000000000000000000, 0.000000000000000000, -1.000000000000000000 ) ) ;
#701 = AXIS2_PLACEMENT_3D ( 'NONE', #310, #1649, #966 ) ;
#702 = AXIS2_PLACEMENT_3D ( 'NONE', #1487, #682, #1349 ) ;
#703 = DIRECTION ( 'NONE',  ( 0.8660254037844394848, -0.000000000000000000, 0.4999999999999986677 ) ) ;
#704 = VECTOR ( 'NONE', #749, 1000.000000000000000 ) ;
#705 = LINE ( 'NONE', #828, #1187 ) ;
#706 = LINE ( 'NONE', #1191, #508 ) ;
#707 = ORIENTED_EDGE ( 'NONE', *, *, #631, .T. ) ;
#708 = AXIS2_PLACEMENT_3D ( 'NONE', #624, #441, #1753 ) ;
#709 = CIRCLE ( 'NONE', #1394, 63.49999999999991473 ) ;
#710 = CARTESIAN_POINT ( 'NONE',  ( 51.32050807568872131, 84.49999999999994316, 244.3299091524472431 ) ) ;
#711 = ORIENTED_EDGE ( 'NONE', *, *, #290, .T. ) ;
#712 = CIRCLE ( 'NONE', #981, 4.500000000000003553 ) ;
#713 = LINE ( 'NONE', #1835, #1465 ) ;
#714 = DIRECTION ( 'NONE',  ( 0.000000000000000000, 0.000000000000000000, 1.000000000000000000 ) ) ;
#715 = AXIS2_PLACEMENT_3D ( 'NONE', #1264, #1281, #1453 ) ;
#716 = ADVANCED_FACE ( 'NONE', ( #1792 ), #1153, .T. ) ;
#717 = CARTESIAN_POINT ( 'NONE',  ( -4.214656965084106588, 84.49999999999994316, 212.1999999999997328 ) ) ;
#718 = CARTESIAN_POINT ( 'NONE',  ( 9.504986767512764901E-17, 15.99999999999995914, 290.7196366097889495 ) ) ;
#719 = CARTESIAN_POINT ( 'NONE',  ( 2.107328482542469850, 84.49999999999994316, 208.5500000000000114 ) ) ;
#720 = VERTEX_POINT ( 'NONE', #827 ) ;
#721 = DIRECTION ( 'NONE',  ( -0.000000000000000000, -1.000000000000000000, -0.000000000000000000 ) ) ;
#722 = ORIENTED_EDGE ( 'NONE', *, *, #1668, .T. ) ;
#723 = CARTESIAN_POINT ( 'NONE',  ( -2.107328482542109249, 84.49999999999994316, 215.8499999999998806 ) ) ;
#724 = CARTESIAN_POINT ( 'NONE',  ( 0.000000000000000000, 84.49999999999994316, 190.0999999999999943 ) ) ;
#725 = DIRECTION ( 'NONE',  ( 0.000000000000000000, -1.000000000000000000, 0.000000000000000000 ) ) ;
#726 = DIRECTION ( 'NONE',  ( -0.000000000000000000, -1.000000000000000000, -0.000000000000000000 ) ) ;
#727 = EDGE_CURVE ( 'NONE', #413, #1068, #2109, .T. ) ;
#728 = ORIENTED_EDGE ( 'NONE', *, *, #41, .F. ) ;
#729 = DIRECTION ( 'NONE',  ( 0.000000000000000000, -1.000000000000000000, 0.000000000000000000 ) ) ;
#730 = VERTEX_POINT ( 'NONE', #1326 ) ;
#731 = DIRECTION ( 'NONE',  ( -0.000000000000000000, -1.000000000000000000, -0.000000000000000000 ) ) ;
#732 = DIRECTION ( 'NONE',  ( -0.8660254037844392627, 0.000000000000000000, -0.4999999999999990008 ) ) ;
#733 = CARTESIAN_POINT ( 'NONE',  ( -35.24999999999995737, 82.49999999999994316, 229.6648456429861085 ) ) ;
#734 = DIRECTION ( 'NONE',  ( 0.000000000000000000, 0.000000000000000000, 1.000000000000000000 ) ) ;
#735 = VECTOR ( 'NONE', #393, 1000.000000000000000 ) ;
#736 = TOROIDAL_SURFACE ( 'NONE', #803, 65.49999999999990052, 2.000000000000000000 ) ;
#737 = VERTEX_POINT ( 'NONE', #511 ) ;
#738 = CIRCLE ( 'NONE', #1218, 65.49999999999991473 ) ;
#739 = ADVANCED_FACE ( 'NONE', ( #261 ), #1689, .F. ) ;
#740 = DIRECTION ( 'NONE',  ( 0.000000000000000000, 1.000000000000000000, 0.000000000000000000 ) ) ;
#741 = ORIENTED_EDGE ( 'NONE', *, *, #934, .F. ) ;
#742 = VECTOR ( 'NONE', #1548, 1000.000000000000000 ) ;
#743 = UNCERTAINTY_MEASURE_WITH_UNIT (LENGTH_MEASURE( 1.000000000000000082E-05 ), #1945, 'distance_accuracy_value', 'NONE');
#744 = DIRECTION ( 'NONE',  ( 2.168404344971009854E-16, 0.000000000000000000, -1.000000000000000000 ) ) ;
#745 = DIRECTION ( 'NONE',  ( 0.000000000000000000, 0.000000000000000000, 1.000000000000000000 ) ) ;
#746 = AXIS2_PLACEMENT_3D ( 'NONE', #1856, #893, #63 ) ;
#747 = DIRECTION ( 'NONE',  ( -0.000000000000000000, -1.000000000000000000, -0.000000000000000000 ) ) ;
#748 = ORIENTED_EDGE ( 'NONE', *, *, #1880, .T. ) ;
#749 = DIRECTION ( 'NONE',  ( -0.000000000000000000, -1.000000000000000000, -0.000000000000000000 ) ) ;
#750 = EDGE_CURVE ( 'NONE', #1905, #443, #1216, .T. ) ;
#751 = EDGE_CURVE ( 'NONE', #1694, #1897, #459, .T. ) ;
#752 = ORIENTED_EDGE ( 'NONE', *, *, #1668, .F. ) ;
#753 = LINE ( 'NONE', #622, #629 ) ;
#754 = ORIENTED_EDGE ( 'NONE', *, *, #1797, .T. ) ;
#755 = CARTESIAN_POINT ( 'NONE',  ( -49.07050807568873552, 15.99999999999995914, 245.7270234694771318 ) ) ;
#756 = DIRECTION ( 'NONE',  ( 0.8660254037844398178, -0.000000000000000000, -0.4999999999999977796 ) ) ;
#757 = ORIENTED_EDGE ( 'NONE', *, *, #1823, .T. ) ;
#758 = CARTESIAN_POINT ( 'NONE',  ( 2.515349040166370287E-14, 84.49999999999994316, 152.9401816951054798 ) ) ;
#759 = VERTEX_POINT ( 'NONE', #411 ) ;
#760 = CARTESIAN_POINT ( 'NONE',  ( -49.07050807568873552, 82.49999999999994316, 245.7270234694771318 ) ) ;
#761 = EDGE_CURVE ( 'NONE', #1785, #1096, #1249, .T. ) ;
#762 = ORIENTED_EDGE ( 'NONE', *, *, #1359, .T. ) ;
#763 = DIRECTION ( 'NONE',  ( 0.000000000000000000, 1.000000000000000000, 0.000000000000000000 ) ) ;
#764 =( NAMED_UNIT ( * ) PLANE_ANGLE_UNIT ( ) SI_UNIT ( $, .RADIAN. ) );
#765 = ORIENTED_EDGE ( 'NONE', *, *, #1587, .F. ) ;
#766 = CIRCLE ( 'NONE', #47, 0.5999999999999894307 ) ;
#767 = DIRECTION ( 'NONE',  ( 0.000000000000000000, 0.000000000000000000, -1.000000000000000000 ) ) ;
#768 = TOROIDAL_SURFACE ( 'NONE', #1967, 2.500000000000005773, 2.000000000000000000 ) ;
#769 = FACE_OUTER_BOUND ( 'NONE', #1622, .T. ) ;
#770 = CIRCLE ( 'NONE', #422, 2.099999999999990763 ) ;
#771 = ORIENTED_EDGE ( 'NONE', *, *, #274, .F. ) ;
#772 = PRODUCT_DEFINITION_FORMATION_WITH_SPECIFIED_SOURCE ( 'ANY', '', #882, .NOT_KNOWN. ) ;
#773 = VERTEX_POINT ( 'NONE', #1542 ) ;
#774 = DIRECTION ( 'NONE',  ( 0.000000000000000000, 1.000000000000000000, 0.000000000000000000 ) ) ;
#775 = EDGE_CURVE ( 'NONE', #1447, #1061, #417, .T. ) ;
#776 = ADVANCED_FACE ( 'NONE', ( #1391 ), #768, .T. ) ;
#777 = AXIS2_PLACEMENT_3D ( 'NONE', #1606, #486, #1436 ) ;
#778 = ORIENTED_EDGE ( 'NONE', *, *, #1889, .F. ) ;
#779 = CIRCLE ( 'NONE', #1979, 2.000000000000007550 ) ;
#780 = CARTESIAN_POINT ( 'NONE',  ( -2.407328482541985615, 84.49999999999994316, 209.0696152422703449 ) ) ;
#781 = DIRECTION ( 'NONE',  ( 0.000000000000000000, 1.000000000000000000, 0.000000000000000000 ) ) ;
#782 = ORIENTED_EDGE ( 'NONE', *, *, #826, .F. ) ;
#783 = DIRECTION ( 'NONE',  ( 0.8660254037844410391, 0.000000000000000000, -0.4999999999999960032 ) ) ;
#784 = EDGE_LOOP ( 'NONE', ( #1894, #2101, #1192, #160 ) ) ;
#785 = EDGE_CURVE ( 'NONE', #1739, #406, #387, .T. ) ;
#786 = CARTESIAN_POINT ( 'NONE',  ( -67.99999999999991473, 82.49999999999994316, 172.9401816951054798 ) ) ;
#787 = ORIENTED_EDGE ( 'NONE', *, *, #1838, .F. ) ;
#788 = EDGE_CURVE ( 'NONE', #833, #1422, #2005, .T. ) ;
#789 = DIRECTION ( 'NONE',  ( 0.000000000000000000, 0.000000000000000000, 1.000000000000000000 ) ) ;
#790 = CARTESIAN_POINT ( 'NONE',  ( 35.24999999999995026, 15.99999999999995914, 229.6648456429861653 ) ) ;
#791 = ORIENTED_EDGE ( 'NONE', *, *, #1552, .F. ) ;
#792 = DIRECTION ( 'NONE',  ( 0.000000000000000000, -1.000000000000000000, 0.000000000000000000 ) ) ;
#793 = ORIENTED_EDGE ( 'NONE', *, *, #2076, .T. ) ;
#794 = DIRECTION ( 'NONE',  ( 0.000000000000000000, 1.000000000000000000, 0.000000000000000000 ) ) ;
#795 = VERTEX_POINT ( 'NONE', #73 ) ;
#796 = FACE_OUTER_BOUND ( 'NONE', #784, .T. ) ;
#797 = ORIENTED_EDGE ( 'NONE', *, *, #1234, .F. ) ;
#798 = CIRCLE ( 'NONE', #2000, 0.5999999999999894307 ) ;
#799 = EDGE_CURVE ( 'NONE', #1171, #795, #1044, .T. ) ;
#800 = CIRCLE ( 'NONE', #876, 4.500000000000003553 ) ;
#801 = AXIS2_PLACEMENT_3D ( 'NONE', #1973, #1506, #1812 ) ;
#802 = DIRECTION ( 'NONE',  ( -0.000000000000000000, -1.000000000000000000, -0.000000000000000000 ) ) ;
#803 = AXIS2_PLACEMENT_3D ( 'NONE', #1883, #1372, #84 ) ;
#804 = CIRCLE ( 'NONE', #149, 63.50000000000000000 ) ;
#805 = DIRECTION ( 'NONE',  ( 0.000000000000000000, 1.000000000000000000, 0.000000000000000000 ) ) ;
#806 = FACE_OUTER_BOUND ( 'NONE', #507, .T. ) ;
#807 = CIRCLE ( 'NONE', #2073, 2.000000000000007550 ) ;
#808 = CARTESIAN_POINT ( 'NONE',  ( -17.32050807568879947, 13.99999999999995737, 222.1999999999999318 ) ) ;
#809 = ORIENTED_EDGE ( 'NONE', *, *, #1927, .F. ) ;
#810 = DIRECTION ( 'NONE',  ( -0.000000000000000000, -1.000000000000000000, -0.000000000000000000 ) ) ;
#811 = AXIS2_PLACEMENT_3D ( 'NONE', #1779, #810, #167 ) ;
#812 = VERTEX_POINT ( 'NONE', #1719 ) ;
#813 = EDGE_CURVE ( 'NONE', #965, #978, #1712, .T. ) ;
#814 = CARTESIAN_POINT ( 'NONE',  ( 4.500000000000017764, 82.49999999999994316, 172.9401816951054798 ) ) ;
#815 = ORIENTED_EDGE ( 'NONE', *, *, #1434, .F. ) ;
#816 = LINE ( 'NONE', #173, #1633 ) ;
#817 = CYLINDRICAL_SURFACE ( 'NONE', #1802, 0.5999999999999894307 ) ;
#818 = CARTESIAN_POINT ( 'NONE',  ( -2.107328482542109249, 13.99999999999995737, 215.8499999999998806 ) ) ;
#819 = VERTEX_POINT ( 'NONE', #400 ) ;
#820 = LINE ( 'NONE', #1981, #125 ) ;
#821 = EDGE_LOOP ( 'NONE', ( #1956, #124, #1408, #1636 ) ) ;
#822 = CYLINDRICAL_SURFACE ( 'NONE', #701, 0.5999999999999894307 ) ;
#823 = ORIENTED_EDGE ( 'NONE', *, *, #130, .T. ) ;
#824 = CARTESIAN_POINT ( 'NONE',  ( -51.32050807568874973, 84.49999999999994316, 241.8299091524471862 ) ) ;
#825 = CARTESIAN_POINT ( 'NONE',  ( -3.914656965084123641, 84.49999999999994316, 211.6803847577290867 ) ) ;
#826 = EDGE_CURVE ( 'NONE', #1329, #1790, #1728, .T. ) ;
#827 = CARTESIAN_POINT ( 'NONE',  ( 2.500000000000016875, 84.49999999999994316, 172.9401816951054798 ) ) ;
#828 = CARTESIAN_POINT ( 'NONE',  ( -24.41025403784449566, 13.99999999999995737, 195.2199819143152979 ) ) ;
#829 = ORIENTED_EDGE ( 'NONE', *, *, #750, .T. ) ;
#830 = DIRECTION ( 'NONE',  ( 0.000000000000000000, 1.000000000000000000, 0.000000000000000000 ) ) ;
#831 = ORIENTED_EDGE ( 'NONE', *, *, #1551, .F. ) ;
#832 = FACE_OUTER_BOUND ( 'NONE', #1369, .T. ) ;
#833 = VERTEX_POINT ( 'NONE', #1549 ) ;
#834 = AXIS2_PLACEMENT_3D ( 'NONE', #677, #1985, #332 ) ;
#835 = ORIENTED_EDGE ( 'NONE', *, *, #867, .F. ) ;
#836 = LINE ( 'NONE', #1348, #1594 ) ;
#837 = AXIS2_PLACEMENT_3D ( 'NONE', #1198, #1033, #2022 ) ;
#838 = CIRCLE ( 'NONE', #1560, 0.5999999999999894307 ) ;
#839 = VECTOR ( 'NONE', #249, 1000.000000000000000 ) ;
#840 = CARTESIAN_POINT ( 'NONE',  ( 2.515349040166370287E-14, 15.99999999999995914, 152.9401816951054798 ) ) ;
#841 = LINE ( 'NONE', #1025, #1493 ) ;
#842 = ADVANCED_FACE ( 'NONE', ( #2031 ), #1237, .F. ) ;
#843 = AXIS2_PLACEMENT_3D ( 'NONE', #681, #198, #1837 ) ;
#844 = LINE ( 'NONE', #684, #1602 ) ;
#845 = ORIENTED_EDGE ( 'NONE', *, *, #1211, .T. ) ;
#846 = CIRCLE ( 'NONE', #1535, 2.500000000000002220 ) ;
#847 = VECTOR ( 'NONE', #1687, 1000.000000000000000 ) ;
#848 = CARTESIAN_POINT ( 'NONE',  ( 51.32050807568872131, 15.99999999999995914, 241.8299091524472431 ) ) ;
#849 = ORIENTED_EDGE ( 'NONE', *, *, #265, .T. ) ;
#850 = CARTESIAN_POINT ( 'NONE',  ( 51.32050807568872131, 15.99999999999995914, 244.3299091524472431 ) ) ;
#851 = DIRECTION ( 'NONE',  ( 0.000000000000000000, 0.000000000000000000, -1.000000000000000000 ) ) ;
#852 = CARTESIAN_POINT ( 'NONE',  ( -2.499999999999971578, 84.49999999999994316, 172.9401816951054798 ) ) ;
#853 = DIRECTION ( 'NONE',  ( 0.000000000000000000, 1.000000000000000000, 0.000000000000000000 ) ) ;
#854 = ADVANCED_FACE ( 'NONE', ( #1229 ), #736, .T. ) ;
#855 = DIRECTION ( 'NONE',  ( 0.000000000000000000, -0.000000000000000000, 1.000000000000000000 ) ) ;
#856 = ORIENTED_EDGE ( 'NONE', *, *, #31, .T. ) ;
#857 = EDGE_CURVE ( 'NONE', #244, #1833, #582, .T. ) ;
#858 = VERTEX_POINT ( 'NONE', #755 ) ;
#859 = APPLICATION_CONTEXT ( 'automotive_design' ) ;
#860 = DIRECTION ( 'NONE',  ( 0.000000000000000000, 1.000000000000000000, 0.000000000000000000 ) ) ;
#861 = DIRECTION ( 'NONE',  ( -0.8660254037844395958, 0.000000000000000000, 0.4999999999999983347 ) ) ;
#862 = DIRECTION ( 'NONE',  ( 0.000000000000000000, 0.000000000000000000, -1.000000000000000000 ) ) ;
#863 = LINE ( 'NONE', #1189, #1937 ) ;
#864 = PLANE ( 'NONE',  #1057 ) ;
#865 = ORIENTED_EDGE ( 'NONE', *, *, #1653, .T. ) ;
#866 = CARTESIAN_POINT ( 'NONE',  ( 4.500000000000017764, 84.49999999999994316, 172.9401816951054798 ) ) ;
#867 = EDGE_CURVE ( 'NONE', #1232, #94, #1409, .T. ) ;
#868 = ORIENTED_EDGE ( 'NONE', *, *, #962, .T. ) ;
#869 = DIRECTION ( 'NONE',  ( -0.4999999999999933942, 0.000000000000000000, 0.8660254037844425934 ) ) ;
#870 = CARTESIAN_POINT ( 'NONE',  ( 0.000000000000000000, 84.49999999999994316, 192.1999999999999886 ) ) ;
#871 = AXIS2_PLACEMENT_3D ( 'NONE', #144, #976, #643 ) ;
#872 = CARTESIAN_POINT ( 'NONE',  ( 49.07050807568874262, 84.49999999999994316, 245.7270234694772171 ) ) ;
#873 = VECTOR ( 'NONE', #1279, 1000.000000000000000 ) ;
#874 = DIRECTION ( 'NONE',  ( -0.8660254037844424824, -0.000000000000000000, -0.4999999999999932832 ) ) ;
#875 = CIRCLE ( 'NONE', #1012, 2.000000000000000000 ) ;
#876 = AXIS2_PLACEMENT_3D ( 'NONE', #1871, #635, #1269 ) ;
#877 = ORIENTED_EDGE ( 'NONE', *, *, #433, .F. ) ;
#878 = STYLED_ITEM ( 'NONE', ( #590 ), #930 ) ;
#879 = AXIS2_PLACEMENT_3D ( 'NONE', #386, #1197, #1848 ) ;
#880 = DIRECTION ( 'NONE',  ( 0.000000000000000000, 1.000000000000000000, 0.000000000000000000 ) ) ;
#881 = EDGE_LOOP ( 'NONE', ( #91, #1411, #1508, #499 ) ) ;
#882 = PRODUCT ( 'spindexer divider', 'spindexer divider', '', ( #1475 ) ) ;
#883 = EDGE_CURVE ( 'NONE', #302, #1061, #288, .T. ) ;
#884 = EDGE_CURVE ( 'NONE', #1774, #443, #800, .T. ) ;
#885 = LINE ( 'NONE', #573, #83 ) ;
#886 = VECTOR ( 'NONE', #1522, 1000.000000000000000 ) ;
#887 = CARTESIAN_POINT ( 'NONE',  ( 2.515349040166370287E-14, 82.49999999999994316, 152.9401816951054798 ) ) ;
#888 = CARTESIAN_POINT ( 'NONE',  ( 52.57050807568872841, 13.99999999999995737, 239.6648456429861653 ) ) ;
#889 = CYLINDRICAL_SURFACE ( 'NONE', #1558, 2.000000000000003997 ) ;
#890 = ORIENTED_EDGE ( 'NONE', *, *, #2035, .F. ) ;
#891 = DIRECTION ( 'NONE',  ( 0.000000000000000000, -1.000000000000000000, 0.000000000000000000 ) ) ;
#892 = EDGE_LOOP ( 'NONE', ( #2120, #1070, #1546, #1155 ) ) ;
#893 = DIRECTION ( 'NONE',  ( 0.000000000000000000, 1.000000000000000000, 0.000000000000000000 ) ) ;
#894 = CARTESIAN_POINT ( 'NONE',  ( -2.107328482541877435, 84.49999999999994316, 208.5499999999997840 ) ) ;
#895 = CARTESIAN_POINT ( 'NONE',  ( -2.107328482542135450, 13.99999999999995737, 208.5499999999999545 ) ) ;
#896 = ADVANCED_FACE ( 'NONE', ( #968 ), #1278, .F. ) ;
#897 = DIRECTION ( 'NONE',  ( 0.000000000000000000, 1.000000000000000000, 0.000000000000000000 ) ) ;
#898 = ORIENTED_EDGE ( 'NONE', *, *, #500, .F. ) ;
#899 = CARTESIAN_POINT ( 'NONE',  ( -51.32050807568874973, 84.49999999999994316, 241.8299091524471862 ) ) ;
#900 = ORIENTED_EDGE ( 'NONE', *, *, #131, .F. ) ;
#901 = CARTESIAN_POINT ( 'NONE',  ( 17.32050807568877460, 84.49999999999994316, 224.2999999999999829 ) ) ;
#902 = CARTESIAN_POINT ( 'NONE',  ( -51.32050807568874973, 15.99999999999995914, 244.3299091524471862 ) ) ;
#903 = CARTESIAN_POINT ( 'NONE',  ( 2.407328482542163250, 84.49999999999994316, 215.3303847577293766 ) ) ;
#904 = TOROIDAL_SURFACE ( 'NONE', #2037, 2.500000000000005773, 2.000000000000000000 ) ;
#905 = EDGE_CURVE ( 'NONE', #1343, #1892, #2077, .T. ) ;
#906 = ADVANCED_FACE ( 'NONE', ( #806 ), #952, .F. ) ;
#907 = AXIS2_PLACEMENT_3D ( 'NONE', #1, #1188, #659 ) ;
#908 = ORIENTED_EDGE ( 'NONE', *, *, #92, .F. ) ;
#909 = VECTOR ( 'NONE', #1194, 1000.000000000000114 ) ;
#910 =( GEOMETRIC_REPRESENTATION_CONTEXT ( 3 ) GLOBAL_UNCERTAINTY_ASSIGNED_CONTEXT ( ( #1233 ) ) GLOBAL_UNIT_ASSIGNED_CONTEXT ( ( #1902, #764, #1720 ) ) REPRESENTATION_CONTEXT ( 'NONE', 'WORKASPACE' ) );
#911 = DIRECTION ( 'NONE',  ( 0.000000000000000000, 0.000000000000000000, -1.000000000000000000 ) ) ;
#912 = ORIENTED_EDGE ( 'NONE', *, *, #434, .F. ) ;
#913 = AXIS2_PLACEMENT_3D ( 'NONE', #2131, #1463, #1302 ) ;
#914 = CARTESIAN_POINT ( 'NONE',  ( -51.32050807568874973, 82.49999999999994316, 241.8299091524471862 ) ) ;
#915 = EDGE_LOOP ( 'NONE', ( #623, #694, #216, #314 ) ) ;
#916 = DIRECTION ( 'NONE',  ( -1.000000000000000000, 0.000000000000000000, 0.000000000000000000 ) ) ;
#917 = VECTOR ( 'NONE', #1182, 1000.000000000000114 ) ;
#918 = LINE ( 'NONE', #1058, #1219 ) ;
#919 = ORIENTED_EDGE ( 'NONE', *, *, #1384, .F. ) ;
#920 = ADVANCED_FACE ( 'NONE', ( #129 ), #1743, .F. ) ;
#921 = PLANE ( 'NONE',  #111 ) ;
#922 = ORIENTED_EDGE ( 'NONE', *, *, #867, .T. ) ;
#923 = EDGE_CURVE ( 'NONE', #1439, #812, #294, .T. ) ;
#924 = DIRECTION ( 'NONE',  ( -0.000000000000000000, -1.000000000000000000, -0.000000000000000000 ) ) ;
#925 = EDGE_LOOP ( 'NONE', ( #1809, #829, #381, #446 ) ) ;
#926 = SURFACE_SIDE_STYLE ('',( #2107 ) ) ;
#927 = LINE ( 'NONE', #2062, #839 ) ;
#928 = DIRECTION ( 'NONE',  ( -1.000000000000000000, 0.000000000000000000, 0.000000000000000000 ) ) ;
#929 = ORIENTED_EDGE ( 'NONE', *, *, #382, .F. ) ;
#930 = MANIFOLD_SOLID_BREP ( 'Fillet1', #1975 ) ;
#931 = CARTESIAN_POINT ( 'NONE',  ( 36.24999999999995026, 15.99999999999995914, 227.9327948354172975 ) ) ;
#932 = LINE ( 'NONE', #2081, #148 ) ;
#933 = VERTEX_POINT ( 'NONE', #614 ) ;
#934 = EDGE_CURVE ( 'NONE', #309, #547, #950, .T. ) ;
#935 = DIRECTION ( 'NONE',  ( 0.000000000000000000, 0.000000000000000000, 1.000000000000000000 ) ) ;
#936 = EDGE_LOOP ( 'NONE', ( #1911, #1495, #1004, #650, #601, #711, #1674, #644, #487, #1271, #426, #1770, #660, #177 ) ) ;
#937 = VERTEX_POINT ( 'NONE', #1440 ) ;
#938 = DIRECTION ( 'NONE',  ( -2.168404344971009854E-16, 0.000000000000000000, 1.000000000000000000 ) ) ;
#939 = VERTEX_POINT ( 'NONE', #1129 ) ;
#940 = AXIS2_PLACEMENT_3D ( 'NONE', #587, #2105, #630 ) ;
#941 = CARTESIAN_POINT ( 'NONE',  ( 2.107328482542173198, 84.49999999999994316, 208.5499999999999545 ) ) ;
#942 = AXIS2_PLACEMENT_3D ( 'NONE', #1634, #200, #355 ) ;
#943 = DIRECTION ( 'NONE',  ( -0.000000000000000000, -1.000000000000000000, -0.000000000000000000 ) ) ;
#944 = AXIS2_PLACEMENT_3D ( 'NONE', #786, #794, #2111 ) ;
#945 = ORIENTED_EDGE ( 'NONE', *, *, #1332, .T. ) ;
#946 = AXIS2_PLACEMENT_3D ( 'NONE', #718, #369, #1511 ) ;
#947 = LINE ( 'NONE', #2068, #1319 ) ;
#948 = ADVANCED_FACE ( 'NONE', ( #1259 ), #2098, .F. ) ;
#949 = EDGE_CURVE ( 'NONE', #639, #244, #432, .T. ) ;
#950 = CIRCLE ( 'NONE', #1499, 4.500000000000003553 ) ;
#951 = ORIENTED_EDGE ( 'NONE', *, *, #28, .F. ) ;
#952 = CYLINDRICAL_SURFACE ( 'NONE', #118, 0.5999999999999894307 ) ;
#953 = AXIS2_PLACEMENT_3D ( 'NONE', #824, #1473, #988 ) ;
#954 = CIRCLE ( 'NONE', #541, 0.5999999999999894307 ) ;
#955 = ORIENTED_EDGE ( 'NONE', *, *, #788, .F. ) ;
#956 = AXIS2_PLACEMENT_3D ( 'NONE', #1690, #1852, #29 ) ;
#957 = CARTESIAN_POINT ( 'NONE',  ( 31.74999999999997158, 82.49999999999994316, 235.7270234694771887 ) ) ;
#958 = CARTESIAN_POINT ( 'NONE',  ( 68.00000000000001421, 15.99999999999995914, 172.9401816951054798 ) ) ;
#959 = ORIENTED_EDGE ( 'NONE', *, *, #657, .T. ) ;
#960 = DIRECTION ( 'NONE',  ( -0.000000000000000000, -1.000000000000000000, -0.000000000000000000 ) ) ;
#961 = VERTEX_POINT ( 'NONE', #450 ) ;
#962 = EDGE_CURVE ( 'NONE', #373, #1085, #20, .T. ) ;
#963 = EDGE_LOOP ( 'NONE', ( #415, #1385, #4, #1323 ) ) ;
#964 = CARTESIAN_POINT ( 'NONE',  ( 50.07050807568874973, 15.99999999999995914, 243.9949726619083492 ) ) ;
#965 = VERTEX_POINT ( 'NONE', #115 ) ;
#966 = DIRECTION ( 'NONE',  ( 0.000000000000000000, 0.000000000000000000, -1.000000000000000000 ) ) ;
#967 = CARTESIAN_POINT ( 'NONE',  ( -1.507328482542112269, 84.49999999999994316, 215.8500000000000227 ) ) ;
#968 = FACE_OUTER_BOUND ( 'NONE', #1588, .T. ) ;
#969 = EDGE_LOOP ( 'NONE', ( #1028, #754, #135, #1875, #1951, #361, #977, #634, #2027, #577, #454, #1822, #1815, #1928, #1714, #1794, #1110, #1855 ) ) ;
#970 = EDGE_CURVE ( 'NONE', #654, #1205, #1497, .T. ) ;
#971 = PLANE ( 'NONE',  #1257 ) ;
#972 = ORIENTED_EDGE ( 'NONE', *, *, #484, .T. ) ;
#973 = CIRCLE ( 'NONE', #455, 4.500000000000003553 ) ;
#974 = AXIS2_PLACEMENT_3D ( 'NONE', #520, #862, #1500 ) ;
#975 = AXIS2_PLACEMENT_3D ( 'NONE', #1412, #1926, #911 ) ;
#976 = DIRECTION ( 'NONE',  ( -0.8660254037844395958, 0.000000000000000000, 0.4999999999999986677 ) ) ;
#977 = ORIENTED_EDGE ( 'NONE', *, *, #13, .T. ) ;
#978 = VERTEX_POINT ( 'NONE', #292 ) ;
#979 = CARTESIAN_POINT ( 'NONE',  ( -4.214656965084106588, 13.99999999999995737, 212.1999999999997328 ) ) ;
#980 = ORIENTED_EDGE ( 'NONE', *, *, #1358, .F. ) ;
#981 = AXIS2_PLACEMENT_3D ( 'NONE', #335, #680, #345 ) ;
#982 = CARTESIAN_POINT ( 'NONE',  ( 2.407328482542163250, 13.99999999999995737, 215.3303847577293766 ) ) ;
#983 = CIRCLE ( 'NONE', #1260, 0.5999999999999894307 ) ;
#984 = VERTEX_POINT ( 'NONE', #519 ) ;
#985 = LINE ( 'NONE', #1458, #108 ) ;
#986 = EDGE_CURVE ( 'NONE', #1091, #639, #1700, .T. ) ;
#987 = ORIENTED_EDGE ( 'NONE', *, *, #2057, .T. ) ;
#988 = DIRECTION ( 'NONE',  ( 0.000000000000000000, 0.000000000000000000, -1.000000000000000000 ) ) ;
#989 = DIRECTION ( 'NONE',  ( -0.000000000000000000, -1.000000000000000000, -0.000000000000000000 ) ) ;
#990 = CARTESIAN_POINT ( 'NONE',  ( 51.32050807568872131, 84.49999999999994316, 241.8299091524472431 ) ) ;
#991 = DIRECTION ( 'NONE',  ( 0.000000000000000000, 0.000000000000000000, -1.000000000000000000 ) ) ;
#992 = ORIENTED_EDGE ( 'NONE', *, *, #1161, .F. ) ;
#993 = CARTESIAN_POINT ( 'NONE',  ( 4.500000000000022204, 15.99999999999995914, 152.9401816951054798 ) ) ;
#994 = ORIENTED_EDGE ( 'NONE', *, *, #447, .T. ) ;
#995 = LINE ( 'NONE', #1470, #1864 ) ;
#996 = ORIENTED_EDGE ( 'NONE', *, *, #1443, .F. ) ;
#997 = ADVANCED_FACE ( 'NONE', ( #482 ), #35, .F. ) ;
#998 = ADVANCED_FACE ( 'NONE', ( #1816 ), #183, .T. ) ;
#999 = CARTESIAN_POINT ( 'NONE',  ( 2.500000000000022204, 13.99999999999995737, 152.9401816951054798 ) ) ;
#1000 = CARTESIAN_POINT ( 'NONE',  ( -4.214656965084106588, 84.49999999999994316, 212.7999999999996987 ) ) ;
#1001 = DIRECTION ( 'NONE',  ( 1.000000000000000000, 0.000000000000000000, 0.000000000000000000 ) ) ;
#1002 = FACE_OUTER_BOUND ( 'NONE', #617, .T. ) ;
#1003 = FACE_OUTER_BOUND ( 'NONE', #936, .T. ) ;
#1004 = ORIENTED_EDGE ( 'NONE', *, *, #242, .T. ) ;
#1005 = DIRECTION ( 'NONE',  ( -0.000000000000000000, -1.000000000000000000, -0.000000000000000000 ) ) ;
#1006 = ORIENTED_EDGE ( 'NONE', *, *, #1015, .F. ) ;
#1007 = CIRCLE ( 'NONE', #1181, 4.500000000000003553 ) ;
#1008 = CYLINDRICAL_SURFACE ( 'NONE', #1089, 2.099999999999990763 ) ;
#1009 = CARTESIAN_POINT ( 'NONE',  ( 68.00000000000001421, 15.99999999999995914, 172.9401816951054798 ) ) ;
#1010 = AXIS2_PLACEMENT_3D ( 'NONE', #1140, #703, #346 ) ;
#1011 = ADVANCED_FACE ( 'NONE', ( #1139 ), #1460, .T. ) ;
#1012 = AXIS2_PLACEMENT_3D ( 'NONE', #1209, #991, #671 ) ;
#1013 = CARTESIAN_POINT ( 'NONE',  ( 4.214656965084468077, 13.99999999999995737, 212.2000000000000455 ) ) ;
#1014 = CARTESIAN_POINT ( 'NONE',  ( 2.107328482542165649, 13.99999999999995737, 215.8500000000000227 ) ) ;
#1015 = EDGE_CURVE ( 'NONE', #1767, #1316, #836, .T. ) ;
#1016 = AXIS2_PLACEMENT_3D ( 'NONE', #1857, #1388, #861 ) ;
#1017 = DIRECTION ( 'NONE',  ( 0.4999999999999990008, 0.000000000000000000, -0.8660254037844391517 ) ) ;
#1018 = ORIENTED_EDGE ( 'NONE', *, *, #750, .F. ) ;
#1019 = AXIS2_PLACEMENT_3D ( 'NONE', #1583, #272, #43 ) ;
#1020 = DIRECTION ( 'NONE',  ( 0.000000000000000000, 1.000000000000000000, 0.000000000000000000 ) ) ;
#1021 = VERTEX_POINT ( 'NONE', #208 ) ;
#1022 = DIRECTION ( 'NONE',  ( -0.8660254037844424824, 0.000000000000000000, -0.4999999999999932832 ) ) ;
#1023 = DIRECTION ( 'NONE',  ( 0.4999999999999960032, 0.000000000000000000, 0.8660254037844410391 ) ) ;
#1024 = CARTESIAN_POINT ( 'NONE',  ( -2.499999999999971578, 82.49999999999994316, 172.9401816951054798 ) ) ;
#1025 = CARTESIAN_POINT ( 'NONE',  ( 4.214656965084468077, 84.49999999999994316, 212.8000000000000398 ) ) ;
#1026 = ADVANCED_FACE ( 'NONE', ( #365 ), #1998, .F. ) ;
#1027 = LINE ( 'NONE', #993, #235 ) ;
#1028 = ORIENTED_EDGE ( 'NONE', *, *, #857, .T. ) ;
#1029 = LINE ( 'NONE', #866, #224 ) ;
#1030 = EDGE_LOOP ( 'NONE', ( #1616, #1467, #517, #1585 ) ) ;
#1031 = CARTESIAN_POINT ( 'NONE',  ( -4.499999999999972466, 15.99999999999995914, 172.9401816951054798 ) ) ;
#1032 = CARTESIAN_POINT ( 'NONE',  ( 2.500000000000021316, 84.49999999999994316, 152.9401816951054798 ) ) ;
#1033 = DIRECTION ( 'NONE',  ( 0.000000000000000000, -1.000000000000000000, 0.000000000000000000 ) ) ;
#1034 = DIRECTION ( 'NONE',  ( 0.000000000000000000, 0.000000000000000000, 1.000000000000000000 ) ) ;
#1035 = LINE ( 'NONE', #17, #1807 ) ;
#1036 = VERTEX_POINT ( 'NONE', #23 ) ;
#1037 = EDGE_CURVE ( 'NONE', #2079, #773, #396, .T. ) ;
#1038 = EDGE_CURVE ( 'NONE', #1544, #344, #1870, .T. ) ;
#1039 = DIRECTION ( 'NONE',  ( 0.000000000000000000, 1.000000000000000000, 0.000000000000000000 ) ) ;
#1040 = VERTEX_POINT ( 'NONE', #1791 ) ;
#1041 = DIRECTION ( 'NONE',  ( 0.000000000000000000, 0.000000000000000000, -1.000000000000000000 ) ) ;
#1042 = LINE ( 'NONE', #1519, #490 ) ;
#1043 = CIRCLE ( 'NONE', #871, 2.000000000000007550 ) ;
#1044 = CIRCLE ( 'NONE', #110, 4.500000000000003553 ) ;
#1045 = CARTESIAN_POINT ( 'NONE',  ( -51.32050807568874973, 15.99999999999995914, 241.8299091524471862 ) ) ;
#1046 = CIRCLE ( 'NONE', #392, 2.000000000000007550 ) ;
#1047 = DIRECTION ( 'NONE',  ( -0.4999999999999985567, 0.000000000000000000, 0.8660254037844395958 ) ) ;
#1048 = CIRCLE ( 'NONE', #946, 63.49999999999988631 ) ;
#1049 = DIRECTION ( 'NONE',  ( 0.000000000000000000, 0.000000000000000000, 1.000000000000000000 ) ) ;
#1050 = VERTEX_POINT ( 'NONE', #1339 ) ;
#1051 = CARTESIAN_POINT ( 'NONE',  ( 2.500000000000016875, 82.49999999999994316, 172.9401816951054798 ) ) ;
#1052 = ORIENTED_EDGE ( 'NONE', *, *, #1444, .T. ) ;
#1053 = CIRCLE ( 'NONE', #1019, 2.000000000000001776 ) ;
#1054 = EDGE_CURVE ( 'NONE', #1329, #639, #353, .T. ) ;
#1055 = FACE_OUTER_BOUND ( 'NONE', #1780, .T. ) ;
#1056 = CYLINDRICAL_SURFACE ( 'NONE', #1665, 0.5999999999999894307 ) ;
#1057 = AXIS2_PLACEMENT_3D ( 'NONE', #360, #674, #1333 ) ;
#1058 = CARTESIAN_POINT ( 'NONE',  ( -2.107328482541877435, 84.49999999999994316, 207.9499999999997897 ) ) ;
#1059 = ORIENTED_EDGE ( 'NONE', *, *, #1331, .F. ) ;
#1060 = DIRECTION ( 'NONE',  ( 0.000000000000000000, 0.000000000000000000, 1.000000000000000000 ) ) ;
#1061 = VERTEX_POINT ( 'NONE', #1988 ) ;
#1062 = DIRECTION ( 'NONE',  ( 0.000000000000000000, 1.000000000000000000, 0.000000000000000000 ) ) ;
#1063 = FACE_OUTER_BOUND ( 'NONE', #1253, .T. ) ;
#1064 = EDGE_CURVE ( 'NONE', #1232, #255, #1836, .T. ) ;
#1065 = EDGE_CURVE ( 'NONE', #1626, #858, #153, .T. ) ;
#1066 = CARTESIAN_POINT ( 'NONE',  ( -17.32050807568879947, 84.49999999999994316, 222.1999999999999318 ) ) ;
#1067 = CARTESIAN_POINT ( 'NONE',  ( 51.32050807568872131, 13.99999999999995737, 241.8299091524472431 ) ) ;
#1068 = VERTEX_POINT ( 'NONE', #1678 ) ;
#1069 = DIRECTION ( 'NONE',  ( 0.8660254037844399289, 0.000000000000000000, -0.4999999999999978351 ) ) ;
#1070 = ORIENTED_EDGE ( 'NONE', *, *, #500, .T. ) ;
#1071 = DIRECTION ( 'NONE',  ( -0.000000000000000000, -1.000000000000000000, -0.000000000000000000 ) ) ;
#1072 = ORIENTED_EDGE ( 'NONE', *, *, #1172, .F. ) ;
#1073 = CARTESIAN_POINT ( 'NONE',  ( -50.07050807568875683, 13.99999999999995737, 243.9949726619082639 ) ) ;
#1074 = DIRECTION ( 'NONE',  ( 0.000000000000000000, 0.000000000000000000, 1.000000000000000000 ) ) ;
#1075 = CARTESIAN_POINT ( 'NONE',  ( 4.214656965084468077, 84.49999999999994316, 212.2000000000000455 ) ) ;
#1076 = EDGE_CURVE ( 'NONE', #961, #737, #428, .T. ) ;
#1077 = VECTOR ( 'NONE', #448, 1000.000000000000000 ) ;
#1078 = AXIS2_PLACEMENT_3D ( 'NONE', #818, #119, #1154 ) ;
#1079 = DIRECTION ( 'NONE',  ( 0.000000000000000000, 0.000000000000000000, -1.000000000000000000 ) ) ;
#1080 = ADVANCED_FACE ( 'NONE', ( #322 ), #817, .F. ) ;
#1081 = ORIENTED_EDGE ( 'NONE', *, *, #1614, .T. ) ;
#1082 = AXIS2_PLACEMENT_3D ( 'NONE', #2094, #1446, #1607 ) ;
#1083 = AXIS2_PLACEMENT_3D ( 'NONE', #1075, #1713, #1418 ) ;
#1084 = CARTESIAN_POINT ( 'NONE',  ( -17.32050807568879947, 84.49999999999994316, 220.0999999999999375 ) ) ;
#1085 = VERTEX_POINT ( 'NONE', #1962 ) ;
#1086 = CARTESIAN_POINT ( 'NONE',  ( 2.515349040166370287E-14, 15.99999999999995914, 148.4401816951054798 ) ) ;
#1087 = EDGE_LOOP ( 'NONE', ( #1151, #1972, #621, #856 ) ) ;
#1088 = CARTESIAN_POINT ( 'NONE',  ( -67.99999999999991473, 84.49999999999994316, 172.9401816951054798 ) ) ;
#1089 = AXIS2_PLACEMENT_3D ( 'NONE', #1311, #311, #197 ) ;
#1090 = CARTESIAN_POINT ( 'NONE',  ( 2.407328482542269832, 84.49999999999994316, 209.0696152422707712 ) ) ;
#1091 = VERTEX_POINT ( 'NONE', #492 ) ;
#1092 = EDGE_CURVE ( 'NONE', #406, #1725, #1152, .T. ) ;
#1093 = DIRECTION ( 'NONE',  ( 0.5000000000000005551, 0.000000000000000000, 0.8660254037844382635 ) ) ;
#1094 = ORIENTED_EDGE ( 'NONE', *, *, #1639, .F. ) ;
#1095 = DIRECTION ( 'NONE',  ( 0.000000000000000000, 1.000000000000000000, 0.000000000000000000 ) ) ;
#1096 = VERTEX_POINT ( 'NONE', #667 ) ;
#1097 = ORIENTED_EDGE ( 'NONE', *, *, #1904, .F. ) ;
#1098 = DIRECTION ( 'NONE',  ( -1.000000000000000000, 0.000000000000000000, -2.168404344971009854E-16 ) ) ;
#1099 = ORIENTED_EDGE ( 'NONE', *, *, #89, .F. ) ;
#1100 = CARTESIAN_POINT ( 'NONE',  ( 9.504986767512764901E-17, 15.99999999999995914, 290.7196366097889495 ) ) ;
#1101 = DIRECTION ( 'NONE',  ( -0.4999999999999960032, 0.000000000000000000, -0.8660254037844410391 ) ) ;
#1102 = EDGE_CURVE ( 'NONE', #1785, #1297, #709, .T. ) ;
#1103 = ADVANCED_FACE ( 'NONE', ( #1711 ), #1056, .F. ) ;
#1104 = ORIENTED_EDGE ( 'NONE', *, *, #341, .F. ) ;
#1105 = LINE ( 'NONE', #458, #563 ) ;
#1106 = ORIENTED_EDGE ( 'NONE', *, *, #775, .F. ) ;
#1107 = DIRECTION ( 'NONE',  ( 0.000000000000000000, 0.000000000000000000, 1.000000000000000000 ) ) ;
#1108 = CYLINDRICAL_SURFACE ( 'NONE', #942, 2.099999999999990763 ) ;
#1109 = DIRECTION ( 'NONE',  ( 0.000000000000000000, 0.000000000000000000, -1.000000000000000000 ) ) ;
#1110 = ORIENTED_EDGE ( 'NONE', *, *, #986, .T. ) ;
#1111 = VECTOR ( 'NONE', #1336, 1000.000000000000000 ) ;
#1112 = DIRECTION ( 'NONE',  ( -0.000000000000000000, -1.000000000000000000, -0.000000000000000000 ) ) ;
#1113 = VECTOR ( 'NONE', #1175, 1000.000000000000114 ) ;
#1114 = DIRECTION ( 'NONE',  ( 0.000000000000000000, 0.000000000000000000, 1.000000000000000000 ) ) ;
#1115 = AXIS2_PLACEMENT_3D ( 'NONE', #1350, #58, #220 ) ;
#1116 = ORIENTED_EDGE ( 'NONE', *, *, #2076, .F. ) ;
#1117 = VECTOR ( 'NONE', #756, 1000.000000000000114 ) ;
#1118 = DIRECTION ( 'NONE',  ( 0.000000000000000000, 0.000000000000000000, -1.000000000000000000 ) ) ;
#1119 = AXIS2_PLACEMENT_3D ( 'NONE', #1632, #1183, #174 ) ;
#1120 = ADVANCED_FACE ( 'NONE', ( #241 ), #64, .F. ) ;
#1121 = ORIENTED_EDGE ( 'NONE', *, *, #1639, .T. ) ;
#1122 = CIRCLE ( 'NONE', #123, 2.099999999999990763 ) ;
#1123 = DIRECTION ( 'NONE',  ( -0.8660254037844410391, 0.000000000000000000, 0.4999999999999960032 ) ) ;
#1124 = ORIENTED_EDGE ( 'NONE', *, *, #1529, .T. ) ;
#1125 = DIRECTION ( 'NONE',  ( 0.000000000000000000, -1.000000000000000000, 0.000000000000000000 ) ) ;
#1126 = ORIENTED_EDGE ( 'NONE', *, *, #1984, .F. ) ;
#1127 = CARTESIAN_POINT ( 'NONE',  ( 35.24999999999995026, 84.49999999999994316, 229.6648456429861653 ) ) ;
#1128 = DIRECTION ( 'NONE',  ( 0.000000000000000000, 0.000000000000000000, 1.000000000000000000 ) ) ;
#1129 = CARTESIAN_POINT ( 'NONE',  ( 1.507328482542167780, 84.49999999999994316, 215.8500000000000227 ) ) ;
#1130 = EDGE_CURVE ( 'NONE', #730, #2, #2042, .T. ) ;
#1131 = ADVANCED_FACE ( 'NONE', ( #1063 ), #1718, .T. ) ;
#1132 = CARTESIAN_POINT ( 'NONE',  ( -2.407328482542165915, 13.99999999999995737, 215.3303847577292629 ) ) ;
#1133 = ORIENTED_EDGE ( 'NONE', *, *, #1514, .T. ) ;
#1134 = DIRECTION ( 'NONE',  ( 0.000000000000000000, -0.000000000000000000, 1.000000000000000000 ) ) ;
#1135 = VERTEX_POINT ( 'NONE', #1556 ) ;
#1136 = FACE_BOUND ( 'NONE', #1274, .T. ) ;
#1137 = EDGE_LOOP ( 'NONE', ( #2060, #1853, #128, #1729 ) ) ;
#1138 = CARTESIAN_POINT ( 'NONE',  ( 0.000000000000000000, 13.99999999999995737, 190.0999999999999943 ) ) ;
#1139 = FACE_OUTER_BOUND ( 'NONE', #14, .T. ) ;
#1140 = CARTESIAN_POINT ( 'NONE',  ( -2.107328482542135450, 84.49999999999994316, 208.5499999999999545 ) ) ;
#1141 = ORIENTED_EDGE ( 'NONE', *, *, #1275, .F. ) ;
#1142 = EDGE_CURVE ( 'NONE', #255, #1232, #1938, .T. ) ;
#1143 = DIRECTION ( 'NONE',  ( 0.8660254037844395958, 0.000000000000000000, -0.4999999999999983347 ) ) ;
#1144 = ORIENTED_EDGE ( 'NONE', *, *, #1838, .T. ) ;
#1145 = CIRCLE ( 'NONE', #221, 4.500000000000003553 ) ;
#1146 = CIRCLE ( 'NONE', #974, 2.000000000000000000 ) ;
#1147 = CIRCLE ( 'NONE', #494, 2.000000000000003997 ) ;
#1148 = FACE_BOUND ( 'NONE', #579, .T. ) ;
#1149 = EDGE_LOOP ( 'NONE', ( #1220, #1538, #1178, #1337, #1737 ) ) ;
#1150 = AXIS2_PLACEMENT_3D ( 'NONE', #533, #1655, #692 ) ;
#1151 = ORIENTED_EDGE ( 'NONE', *, *, #1092, .F. ) ;
#1152 = LINE ( 'NONE', #825, #194 ) ;
#1153 = CYLINDRICAL_SURFACE ( 'NONE', #80, 4.500000000000003553 ) ;
#1154 = DIRECTION ( 'NONE',  ( 0.000000000000000000, 0.000000000000000000, 1.000000000000000000 ) ) ;
#1155 = ORIENTED_EDGE ( 'NONE', *, *, #1735, .T. ) ;
#1156 = AXIS2_PLACEMENT_3D ( 'NONE', #444, #640, #2093 ) ;
#1157 = DIRECTION ( 'NONE',  ( -0.5000000000000009992, 0.000000000000000000, -0.8660254037844380415 ) ) ;
#1158 = AXIS2_PLACEMENT_3D ( 'NONE', #154, #133, #789 ) ;
#1159 = ORIENTED_EDGE ( 'NONE', *, *, #131, .T. ) ;
#1160 = ADVANCED_FACE ( 'NONE', ( #1227 ), #2011, .F. ) ;
#1161 = EDGE_CURVE ( 'NONE', #1478, #1306, #885, .T. ) ;
#1162 = LINE ( 'NONE', #515, #1354 ) ;
#1163 = ORIENTED_EDGE ( 'NONE', *, *, #1503, .F. ) ;
#1164 = ORIENTED_EDGE ( 'NONE', *, *, #92, .T. ) ;
#1165 = DIRECTION ( 'NONE',  ( -0.000000000000000000, -1.000000000000000000, -0.000000000000000000 ) ) ;
#1166 = DIRECTION ( 'NONE',  ( 1.000000000000000000, 0.000000000000000000, 0.000000000000000000 ) ) ;
#1167 = DIRECTION ( 'NONE',  ( 0.4999999999999985567, 0.000000000000000000, 0.8660254037844395958 ) ) ;
#1168 = ORIENTED_EDGE ( 'NONE', *, *, #67, .F. ) ;
#1169 = EDGE_CURVE ( 'NONE', #1626, #1905, #1288, .T. ) ;
#1170 = CARTESIAN_POINT ( 'NONE',  ( -51.32050807568874973, 82.49999999999994316, 241.8299091524471862 ) ) ;
#1171 = VERTEX_POINT ( 'NONE', #1540 ) ;
#1172 = EDGE_CURVE ( 'NONE', #984, #759, #372, .T. ) ;
#1173 = EDGE_LOOP ( 'NONE', ( #1386, #765, #1814, #1168 ) ) ;
#1174 = CARTESIAN_POINT ( 'NONE',  ( 0.000000000000000000, 84.49999999999994316, 192.1999999999999886 ) ) ;
#1175 = DIRECTION ( 'NONE',  ( 0.8660254037844398178, -0.000000000000000000, -0.4999999999999977796 ) ) ;
#1176 = DIRECTION ( 'NONE',  ( -0.8660254037844395958, -3.004629197474319640E-15, -0.4999999999999986677 ) ) ;
#1177 = DIRECTION ( 'NONE',  ( -0.8660254037844395958, 0.000000000000000000, 0.4999999999999986677 ) ) ;
#1178 = ORIENTED_EDGE ( 'NONE', *, *, #312, .F. ) ;
#1179 = CARTESIAN_POINT ( 'NONE',  ( -52.57050807568874973, 84.49999999999994316, 239.6648456429860801 ) ) ;
#1180 = ORIENTED_EDGE ( 'NONE', *, *, #1514, .F. ) ;
#1181 = AXIS2_PLACEMENT_3D ( 'NONE', #56, #1235, #714 ) ;
#1182 = DIRECTION ( 'NONE',  ( -0.8660254037844390407, 0.000000000000000000, -0.4999999999999992228 ) ) ;
#1183 = DIRECTION ( 'NONE',  ( -0.000000000000000000, -1.000000000000000000, -0.000000000000000000 ) ) ;
#1184 = AXIS2_PLACEMENT_3D ( 'NONE', #719, #747, #1079 ) ;
#1185 = AXIS2_PLACEMENT_3D ( 'NONE', #226, #1724, #1101 ) ;
#1186 = EDGE_CURVE ( 'NONE', #1897, #478, #219, .T. ) ;
#1187 = VECTOR ( 'NONE', #1828, 1000.000000000000114 ) ;
#1188 = DIRECTION ( 'NONE',  ( 4.336808689942020201E-17, 0.000000000000000000, -1.000000000000000000 ) ) ;
#1189 = CARTESIAN_POINT ( 'NONE',  ( -4.214656965084106588, 84.49999999999994316, 211.5999999999997385 ) ) ;
#1190 = AXIS2_PLACEMENT_3D ( 'NONE', #1325, #1826, #1652 ) ;
#1191 = CARTESIAN_POINT ( 'NONE',  ( 4.214656965084468077, 84.49999999999994316, 211.6000000000000796 ) ) ;
#1192 = ORIENTED_EDGE ( 'NONE', *, *, #1880, .F. ) ;
#1193 = AXIS2_PLACEMENT_3D ( 'NONE', #230, #240, #1697 ) ;
#1194 = DIRECTION ( 'NONE',  ( -0.8660254037844390407, 0.000000000000000000, -0.4999999999999992228 ) ) ;
#1195 = ORIENTED_EDGE ( 'NONE', *, *, #2059, .T. ) ;
#1196 = CARTESIAN_POINT ( 'NONE',  ( 9.504986767512764901E-17, 82.49999999999994316, 290.7196366097889495 ) ) ;
#1197 = DIRECTION ( 'NONE',  ( -0.000000000000000000, -1.000000000000000000, -0.000000000000000000 ) ) ;
#1198 = CARTESIAN_POINT ( 'NONE',  ( -2.107328482541877435, 84.49999999999994316, 208.5499999999997840 ) ) ;
#1199 = EDGE_CURVE ( 'NONE', #720, #413, #82, .T. ) ;
#1200 = CARTESIAN_POINT ( 'NONE',  ( 17.32050807568877460, 84.49999999999994316, 224.2999999999999829 ) ) ;
#1201 = EDGE_CURVE ( 'NONE', #1491, #1308, #2099, .T. ) ;
#1202 = CARTESIAN_POINT ( 'NONE',  ( -4.214656965084270013, 84.49999999999994316, 212.1999999999999602 ) ) ;
#1203 = ORIENTED_EDGE ( 'NONE', *, *, #567, .F. ) ;
#1204 = CARTESIAN_POINT ( 'NONE',  ( -50.07050807568872841, 13.99999999999995737, 243.9949726619082639 ) ) ;
#1205 = VERTEX_POINT ( 'NONE', #581 ) ;
#1206 = CARTESIAN_POINT ( 'NONE',  ( 36.24999999999994316, 82.49999999999994316, 227.9327948354172975 ) ) ;
#1207 = CARTESIAN_POINT ( 'NONE',  ( 50.07050807568876394, 84.49999999999994316, 243.9949726619083492 ) ) ;
#1208 = DIRECTION ( 'NONE',  ( -0.000000000000000000, -1.000000000000000000, -0.000000000000000000 ) ) ;
#1209 = CARTESIAN_POINT ( 'NONE',  ( 2.500000000000022204, 15.99999999999995914, 152.9401816951054798 ) ) ;
#1210 = ORIENTED_EDGE ( 'NONE', *, *, #113, .F. ) ;
#1211 = EDGE_CURVE ( 'NONE', #795, #1507, #1007, .T. ) ;
#1212 = DIRECTION ( 'NONE',  ( 0.000000000000000000, 0.000000000000000000, -1.000000000000000000 ) ) ;
#1213 = ORIENTED_EDGE ( 'NONE', *, *, #2013, .F. ) ;
#1214 = DIRECTION ( 'NONE',  ( -0.000000000000000000, -1.000000000000000000, -0.000000000000000000 ) ) ;
#1215 = DIRECTION ( 'NONE',  ( 0.000000000000000000, 0.000000000000000000, 1.000000000000000000 ) ) ;
#1216 = CIRCLE ( 'NONE', #1764, 2.000000000000001776 ) ;
#1217 = DIRECTION ( 'NONE',  ( 0.5000000000000009992, 0.000000000000000000, 0.8660254037844380415 ) ) ;
#1218 = AXIS2_PLACEMENT_3D ( 'NONE', #414, #943, #585 ) ;
#1219 = VECTOR ( 'NONE', #726, 1000.000000000000000 ) ;
#1220 = ORIENTED_EDGE ( 'NONE', *, *, #1670, .T. ) ;
#1221 = CARTESIAN_POINT ( 'NONE',  ( 32.74999999999997158, 15.99999999999995914, 233.9949726619082924 ) ) ;
#1222 = AXIS2_PLACEMENT_3D ( 'NONE', #491, #655, #1462 ) ;
#1223 = EDGE_CURVE ( 'NONE', #1507, #2086, #560, .T. ) ;
#1224 = VERTEX_POINT ( 'NONE', #2021 ) ;
#1225 = VECTOR ( 'NONE', #1370, 1000.000000000000000 ) ;
#1226 = CARTESIAN_POINT ( 'NONE',  ( -4.214656965084106588, 84.49999999999994316, 212.1999999999997328 ) ) ;
#1227 = FACE_OUTER_BOUND ( 'NONE', #1949, .T. ) ;
#1228 = CIRCLE ( 'NONE', #956, 2.500000000000002220 ) ;
#1229 = FACE_OUTER_BOUND ( 'NONE', #1149, .T. ) ;
#1230 = VERTEX_POINT ( 'NONE', #416 ) ;
#1231 = CYLINDRICAL_SURFACE ( 'NONE', #81, 2.000000000000003997 ) ;
#1232 = VERTEX_POINT ( 'NONE', #724 ) ;
#1233 = UNCERTAINTY_MEASURE_WITH_UNIT (LENGTH_MEASURE( 1.000000000000000082E-05 ), #1902, 'distance_accuracy_value', 'NONE');
#1234 = EDGE_CURVE ( 'NONE', #730, #344, #1042, .T. ) ;
#1235 = DIRECTION ( 'NONE',  ( -0.000000000000000000, -1.000000000000000000, -0.000000000000000000 ) ) ;
#1236 = EDGE_CURVE ( 'NONE', #1308, #1757, #551, .T. ) ;
#1237 = PLANE ( 'NONE',  #668 ) ;
#1238 = CARTESIAN_POINT ( 'NONE',  ( -32.74999999999996447, 84.49999999999994316, 233.9949726619082924 ) ) ;
#1239 = ORIENTED_EDGE ( 'NONE', *, *, #1796, .T. ) ;
#1240 = DIRECTION ( 'NONE',  ( -1.000000000000000000, 0.000000000000000000, 0.000000000000000000 ) ) ;
#1241 = EDGE_LOOP ( 'NONE', ( #831, #2112, #70, #1593 ) ) ;
#1242 = LINE ( 'NONE', #469, #1658 ) ;
#1243 = EDGE_LOOP ( 'NONE', ( #170, #1239, #1789, #900 ) ) ;
#1244 = ORIENTED_EDGE ( 'NONE', *, *, #1903, .F. ) ;
#1245 = DIRECTION ( 'NONE',  ( 0.000000000000000000, 0.000000000000000000, 1.000000000000000000 ) ) ;
#1246 = LINE ( 'NONE', #2074, #293 ) ;
#1247 = TOROIDAL_SURFACE ( 'NONE', #1525, 65.49999999999990052, 2.000000000000000000 ) ;
#1248 = EDGE_CURVE ( 'NONE', #478, #1135, #665, .T. ) ;
#1249 = CIRCLE ( 'NONE', #1527, 2.000000000000003997 ) ;
#1250 = CIRCLE ( 'NONE', #1185, 2.000000000000003997 ) ;
#1251 = ORIENTED_EDGE ( 'NONE', *, *, #1142, .T. ) ;
#1252 = CARTESIAN_POINT ( 'NONE',  ( -52.57050807568874973, 82.49999999999994316, 239.6648456429860801 ) ) ;
#1253 = EDGE_LOOP ( 'NONE', ( #1335, #1213, #996, #1947 ) ) ;
#1254 = AXIS2_PLACEMENT_3D ( 'NONE', #247, #732, #1688 ) ;
#1255 = DIRECTION ( 'NONE',  ( -0.000000000000000000, -1.000000000000000000, -0.000000000000000000 ) ) ;
#1256 = ORIENTED_EDGE ( 'NONE', *, *, #949, .F. ) ;
#1257 = AXIS2_PLACEMENT_3D ( 'NONE', #941, #1134, #121 ) ;
#1258 = EDGE_LOOP ( 'NONE', ( #1742, #1094, #30, #1526 ) ) ;
#1259 = FACE_OUTER_BOUND ( 'NONE', #1885, .T. ) ;
#1260 = AXIS2_PLACEMENT_3D ( 'NONE', #2080, #1595, #626 ) ;
#1261 = DIRECTION ( 'NONE',  ( 0.000000000000000000, 1.000000000000000000, 0.000000000000000000 ) ) ;
#1262 = EDGE_CURVE ( 'NONE', #2025, #1774, #1793, .T. ) ;
#1263 = ORIENTED_EDGE ( 'NONE', *, *, #112, .F. ) ;
#1264 = CARTESIAN_POINT ( 'NONE',  ( -2.499999999999972911, 15.99999999999995914, 172.9401816951054798 ) ) ;
#1265 = CARTESIAN_POINT ( 'NONE',  ( 17.32050807568877460, 84.49999999999994316, 220.0999999999999943 ) ) ;
#1266 = ORIENTED_EDGE ( 'NONE', *, *, #695, .F. ) ;
#1267 = FACE_OUTER_BOUND ( 'NONE', #606, .T. ) ;
#1268 = ORIENTED_EDGE ( 'NONE', *, *, #986, .F. ) ;
#1269 = DIRECTION ( 'NONE',  ( 0.000000000000000000, 0.000000000000000000, 1.000000000000000000 ) ) ;
#1270 = FACE_OUTER_BOUND ( 'NONE', #821, .T. ) ;
#1271 = ORIENTED_EDGE ( 'NONE', *, *, #456, .T. ) ;
#1272 = FACE_OUTER_BOUND ( 'NONE', #476, .T. ) ;
#1273 = DIRECTION ( 'NONE',  ( 0.000000000000000000, 0.000000000000000000, 1.000000000000000000 ) ) ;
#1274 = EDGE_LOOP ( 'NONE', ( #2127, #1081 ) ) ;
#1275 = EDGE_CURVE ( 'NONE', #255, #1781, #1760, .T. ) ;
#1276 = CARTESIAN_POINT ( 'NONE',  ( -24.41025403784449566, 82.49999999999994316, 195.2199819143152979 ) ) ;
#1277 = ORIENTED_EDGE ( 'NONE', *, *, #214, .T. ) ;
#1278 = CYLINDRICAL_SURFACE ( 'NONE', #228, 63.49999999999991473 ) ;
#1279 = DIRECTION ( 'NONE',  ( -0.000000000000000000, -1.000000000000000000, -0.000000000000000000 ) ) ;
#1280 = ORIENTED_EDGE ( 'NONE', *, *, #2132, .T. ) ;
#1281 = DIRECTION ( 'NONE',  ( -4.336808689942020201E-17, 0.000000000000000000, 1.000000000000000000 ) ) ;
#1282 = CIRCLE ( 'NONE', #2110, 2.099999999999990763 ) ;
#1283 = ORIENTED_EDGE ( 'NONE', *, *, #1565, .T. ) ;
#1284 = AXIS2_PLACEMENT_3D ( 'NONE', #117, #1954, #442 ) ;
#1285 = ADVANCED_FACE ( 'NONE', ( #136 ), #532, .T. ) ;
#1286 = EDGE_CURVE ( 'NONE', #1544, #819, #1105, .T. ) ;
#1287 = DIRECTION ( 'NONE',  ( 0.8660254037844391517, -0.000000000000000000, 0.4999999999999992784 ) ) ;
#1288 = CIRCLE ( 'NONE', #879, 2.500000000000002220 ) ;
#1289 = PRESENTATION_LAYER_ASSIGNMENT (  '', '', ( #878 ) ) ;
#1290 = VERTEX_POINT ( 'NONE', #1448 ) ;
#1291 = CARTESIAN_POINT ( 'NONE',  ( 2.515349040166370287E-14, 15.99999999999995914, 152.9401816951054798 ) ) ;
#1292 = APPLICATION_PROTOCOL_DEFINITION ( 'draft international standard', 'automotive_design', 1998, #859 ) ;
#1293 = AXIS2_PLACEMENT_3D ( 'NONE', #1379, #218, #2029 ) ;
#1294 = CYLINDRICAL_SURFACE ( 'NONE', #1357, 4.500000000000003553 ) ;
#1295 = ORIENTED_EDGE ( 'NONE', *, *, #627, .T. ) ;
#1296 = CARTESIAN_POINT ( 'NONE',  ( -2.107328482541877435, 84.49999999999994316, 207.9499999999997897 ) ) ;
#1297 = VERTEX_POINT ( 'NONE', #93 ) ;
#1298 = PLANE ( 'NONE',  #834 ) ;
#1299 = VERTEX_POINT ( 'NONE', #2084 ) ;
#1300 = ADVANCED_FACE ( 'NONE', ( #1578 ), #1407, .F. ) ;
#1301 = LINE ( 'NONE', #1952, #2119 ) ;
#1302 = DIRECTION ( 'NONE',  ( -0.4999999999999960032, 0.000000000000000000, 0.8660254037844410391 ) ) ;
#1303 = EDGE_CURVE ( 'NONE', #1224, #1534, #753, .T. ) ;
#1304 = CYLINDRICAL_SURFACE ( 'NONE', #1933, 2.000000000000000000 ) ;
#1305 = CARTESIAN_POINT ( 'NONE',  ( 17.32050807568877460, 84.49999999999994316, 220.0999999999999943 ) ) ;
#1306 = VERTEX_POINT ( 'NONE', #760 ) ;
#1307 = DIRECTION ( 'NONE',  ( 0.000000000000000000, 0.000000000000000000, 1.000000000000000000 ) ) ;
#1308 = VERTEX_POINT ( 'NONE', #611 ) ;
#1309 = CARTESIAN_POINT ( 'NONE',  ( 53.57050807568874262, 82.49999999999994316, 237.9327948354172690 ) ) ;
#1310 = EDGE_LOOP ( 'NONE', ( #1610, #1613, #1277, #678, #1283, #223, #79, #1923, #1106, #1121, #62, #797, #120, #307, #465, #912, #1638, #1244 ) ) ;
#1311 = CARTESIAN_POINT ( 'NONE',  ( 0.000000000000000000, 84.49999999999994316, 192.1999999999999886 ) ) ;
#1312 = DIRECTION ( 'NONE',  ( 0.000000000000000000, 0.000000000000000000, -1.000000000000000000 ) ) ;
#1313 = CARTESIAN_POINT ( 'NONE',  ( 49.07050807568874262, 15.99999999999995914, 245.7270234694772171 ) ) ;
#1314 = ADVANCED_FACE ( 'NONE', ( #599 ), #425, .T. ) ;
#1315 = FACE_OUTER_BOUND ( 'NONE', #1243, .T. ) ;
#1316 = VERTEX_POINT ( 'NONE', #2058 ) ;
#1317 = LINE ( 'NONE', #339, #300 ) ;
#1318 = VERTEX_POINT ( 'NONE', #1941 ) ;
#1319 = VECTOR ( 'NONE', #1255, 1000.000000000000000 ) ;
#1320 = AXIS2_PLACEMENT_3D ( 'NONE', #717, #1891, #1381 ) ;
#1321 = CIRCLE ( 'NONE', #16, 2.000000000000000444 ) ;
#1322 = CARTESIAN_POINT ( 'NONE',  ( -31.74999999999995737, 82.49999999999994316, 235.7270234694771887 ) ) ;
#1323 = ORIENTED_EDGE ( 'NONE', *, *, #1890, .F. ) ;
#1324 = ORIENTED_EDGE ( 'NONE', *, *, #342, .F. ) ;
#1325 = CARTESIAN_POINT ( 'NONE',  ( -26.91025403784426118, 82.49999999999994316, 199.5501089332373397 ) ) ;
#1326 = CARTESIAN_POINT ( 'NONE',  ( 3.914656965084402973, 84.49999999999994316, 211.6803847577294562 ) ) ;
#1327 = AXIS2_PLACEMENT_3D ( 'NONE', #2130, #1804, #1825 ) ;
#1328 = DIRECTION ( 'NONE',  ( 0.000000000000000000, 1.000000000000000000, 0.000000000000000000 ) ) ;
#1329 = VERTEX_POINT ( 'NONE', #1929 ) ;
#1330 = VECTOR ( 'NONE', #1143, 1000.000000000000000 ) ;
#1331 = EDGE_CURVE ( 'NONE', #18, #1489, #766, .T. ) ;
#1332 = EDGE_CURVE ( 'NONE', #373, #1290, #947, .T. ) ;
#1333 = DIRECTION ( 'NONE',  ( 0.8660254037844398178, 0.000000000000000000, -0.4999999999999977796 ) ) ;
#1334 = CIRCLE ( 'NONE', #403, 63.50000000000000000 ) ;
#1335 = ORIENTED_EDGE ( 'NONE', *, *, #813, .F. ) ;
#1336 = DIRECTION ( 'NONE',  ( -2.168404344971009854E-16, -0.000000000000000000, 1.000000000000000000 ) ) ;
#1337 = ORIENTED_EDGE ( 'NONE', *, *, #1406, .F. ) ;
#1338 = CYLINDRICAL_SURFACE ( 'NONE', #953, 4.500000000000003553 ) ;
#1339 = CARTESIAN_POINT ( 'NONE',  ( 2.407328482542269832, 13.99999999999995737, 209.0696152422707712 ) ) ;
#1340 = LINE ( 'NONE', #1963, #1113 ) ;
#1341 = CARTESIAN_POINT ( 'NONE',  ( 50.07050807568873552, 15.99999999999995914, 243.9949726619083492 ) ) ;
#1342 = FACE_BOUND ( 'NONE', #1579, .T. ) ;
#1343 = VERTEX_POINT ( 'NONE', #1086 ) ;
#1344 = DIRECTION ( 'NONE',  ( 0.8660254037844390407, 0.000000000000000000, 0.4999999999999992228 ) ) ;
#1345 = ADVANCED_FACE ( 'NONE', ( #1598 ), #439, .F. ) ;
#1346 = ORIENTED_EDGE ( 'NONE', *, *, #1862, .F. ) ;
#1347 = VERTEX_POINT ( 'NONE', #1127 ) ;
#1348 = CARTESIAN_POINT ( 'NONE',  ( -17.32050807568879947, 84.49999999999994316, 220.0999999999999375 ) ) ;
#1349 = DIRECTION ( 'NONE',  ( -0.4999999999999960032, 0.000000000000000000, -0.8660254037844410391 ) ) ;
#1350 = CARTESIAN_POINT ( 'NONE',  ( -51.32050807568874973, 13.99999999999995737, 241.8299091524471862 ) ) ;
#1351 = CARTESIAN_POINT ( 'NONE',  ( -3.914656965084341245, 84.49999999999994316, 212.7196152422705211 ) ) ;
#1352 = EDGE_LOOP ( 'NONE', ( #1124, #815, #787, #1686 ) ) ;
#1353 = CARTESIAN_POINT ( 'NONE',  ( 51.32050807568872131, 82.49999999999994316, 241.8299091524472431 ) ) ;
#1354 = VECTOR ( 'NONE', #802, 1000.000000000000000 ) ;
#1355 = ORIENTED_EDGE ( 'NONE', *, *, #2089, .T. ) ;
#1356 = CIRCLE ( 'NONE', #632, 65.49999999999991473 ) ;
#1357 = AXIS2_PLACEMENT_3D ( 'NONE', #313, #1621, #475 ) ;
#1358 = EDGE_CURVE ( 'NONE', #480, #244, #1242, .T. ) ;
#1359 = EDGE_CURVE ( 'NONE', #937, #1605, #1964, .T. ) ;
#1360 = DIRECTION ( 'NONE',  ( 0.000000000000000000, 1.000000000000000000, 0.000000000000000000 ) ) ;
#1361 = DIRECTION ( 'NONE',  ( -0.8660254037844395958, -0.000000000000000000, 0.4999999999999983347 ) ) ;
#1362 = AXIS2_PLACEMENT_3D ( 'NONE', #2015, #853, #521 ) ;
#1363 = DIRECTION ( 'NONE',  ( -0.000000000000000000, -1.000000000000000000, -0.000000000000000000 ) ) ;
#1364 = AXIS2_PLACEMENT_3D ( 'NONE', #163, #1509, #1023 ) ;
#1365 = AXIS2_PLACEMENT_3D ( 'NONE', #1912, #1098, #938 ) ;
#1366 = DIRECTION ( 'NONE',  ( 0.8660254037844380415, 0.000000000000000000, -0.5000000000000009992 ) ) ;
#1367 = EDGE_LOOP ( 'NONE', ( #1141, #391, #922, #2085 ) ) ;
#1368 = DIRECTION ( 'NONE',  ( 0.000000000000000000, 0.000000000000000000, -1.000000000000000000 ) ) ;
#1369 = EDGE_LOOP ( 'NONE', ( #1940, #613, #1992, #584 ) ) ;
#1370 = DIRECTION ( 'NONE',  ( 4.336808689942020201E-17, -0.000000000000000000, -1.000000000000000000 ) ) ;
#1371 = CARTESIAN_POINT ( 'NONE',  ( 4.500000000000022204, 84.49999999999994316, 152.9401816951054798 ) ) ;
#1372 = DIRECTION ( 'NONE',  ( 0.000000000000000000, 1.000000000000000000, 0.000000000000000000 ) ) ;
#1373 = FACE_OUTER_BOUND ( 'NONE', #1974, .T. ) ;
#1374 = ADVANCED_FACE ( 'NONE', ( #1267 ), #904, .T. ) ;
#1375 = CARTESIAN_POINT ( 'NONE',  ( -67.99999999999991473, 13.99999999999995737, 172.9401816951054798 ) ) ;
#1376 = ORIENTED_EDGE ( 'NONE', *, *, #354, .F. ) ;
#1377 = CARTESIAN_POINT ( 'NONE',  ( -4.214656965084106588, 84.49999999999994316, 212.1999999999997328 ) ) ;
#1378 = ORIENTED_EDGE ( 'NONE', *, *, #214, .F. ) ;
#1379 = CARTESIAN_POINT ( 'NONE',  ( 51.32050807568872131, 82.49999999999994316, 241.8299091524472431 ) ) ;
#1380 = CARTESIAN_POINT ( 'NONE',  ( 17.32050807568877460, 84.49999999999994316, 222.1999999999999886 ) ) ;
#1381 = DIRECTION ( 'NONE',  ( 0.000000000000000000, 0.000000000000000000, -1.000000000000000000 ) ) ;
#1382 = CARTESIAN_POINT ( 'NONE',  ( 52.57050807568872131, 15.99999999999995914, 239.6648456429861653 ) ) ;
#1383 = PRODUCT_RELATED_PRODUCT_CATEGORY ( 'part', '', ( #882 ) ) ;
#1384 = EDGE_CURVE ( 'NONE', #737, #547, #109, .T. ) ;
#1385 = ORIENTED_EDGE ( 'NONE', *, *, #89, .T. ) ;
#1386 = ORIENTED_EDGE ( 'NONE', *, *, #171, .F. ) ;
#1387 = CARTESIAN_POINT ( 'NONE',  ( -2.107328482541877435, 84.49999999999994316, 208.5499999999997840 ) ) ;
#1388 = DIRECTION ( 'NONE',  ( -0.4999999999999983347, 0.000000000000000000, -0.8660254037844395958 ) ) ;
#1389 = AXIS2_PLACEMENT_3D ( 'NONE', #1788, #19, #1344 ) ;
#1390 = VECTOR ( 'NONE', #543, 1000.000000000000000 ) ;
#1391 = FACE_OUTER_BOUND ( 'NONE', #925, .T. ) ;
#1392 = DIRECTION ( 'NONE',  ( 1.000000000000000000, 0.000000000000000000, 0.000000000000000000 ) ) ;
#1393 = CIRCLE ( 'NONE', #152, 2.500000000000002220 ) ;
#1394 = AXIS2_PLACEMENT_3D ( 'NONE', #1977, #510, #1215 ) ;
#1395 = EDGE_LOOP ( 'NONE', ( #279, #1438 ) ) ;
#1396 = EDGE_CURVE ( 'NONE', #246, #737, #1950, .T. ) ;
#1397 = DIRECTION ( 'NONE',  ( 1.000000000000000000, 0.000000000000000000, 0.000000000000000000 ) ) ;
#1398 = ORIENTED_EDGE ( 'NONE', *, *, #1515, .T. ) ;
#1399 = ADVANCED_FACE ( 'NONE', ( #158 ), #1298, .T. ) ;
#1400 = CIRCLE ( 'NONE', #777, 2.099999999999990763 ) ;
#1401 = CARTESIAN_POINT ( 'NONE',  ( 9.504986767512764901E-17, 84.49999999999994316, 290.7196366097889495 ) ) ;
#1402 = DIRECTION ( 'NONE',  ( 0.000000000000000000, 0.000000000000000000, -1.000000000000000000 ) ) ;
#1403 = EDGE_LOOP ( 'NONE', ( #748, #263, #1574, #1072 ) ) ;
#1404 = CARTESIAN_POINT ( 'NONE',  ( -3.914656965084123641, 84.49999999999994316, 211.6803847577290867 ) ) ;
#1405 = ORIENTED_EDGE ( 'NONE', *, *, #1092, .T. ) ;
#1406 = EDGE_CURVE ( 'NONE', #1205, #1021, #1043, .T. ) ;
#1407 = CYLINDRICAL_SURFACE ( 'NONE', #320, 2.099999999999990763 ) ;
#1408 = ORIENTED_EDGE ( 'NONE', *, *, #2024, .F. ) ;
#1409 = LINE ( 'NONE', #1849, #1390 ) ;
#1410 = LINE ( 'NONE', #234, #1699 ) ;
#1411 = ORIENTED_EDGE ( 'NONE', *, *, #1186, .T. ) ;
#1412 = CARTESIAN_POINT ( 'NONE',  ( 4.214656965084468077, 84.49999999999994316, 212.2000000000000455 ) ) ;
#1413 = ORIENTED_EDGE ( 'NONE', *, *, #1054, .F. ) ;
#1414 = DIRECTION ( 'NONE',  ( 0.4999999999999972800, 0.000000000000000000, -0.8660254037844402619 ) ) ;
#1415 = ADVANCED_FACE ( 'NONE', ( #1801 ), #2067, .T. ) ;
#1416 = EDGE_CURVE ( 'NONE', #42, #1299, #1661, .T. ) ;
#1417 = ORIENTED_EDGE ( 'NONE', *, *, #1797, .F. ) ;
#1418 = DIRECTION ( 'NONE',  ( 0.000000000000000000, 0.000000000000000000, -1.000000000000000000 ) ) ;
#1419 = VECTOR ( 'NONE', #924, 1000.000000000000000 ) ;
#1420 = AXIS2_PLACEMENT_3D ( 'NONE', #2063, #897, #86 ) ;
#1421 = CIRCLE ( 'NONE', #1795, 0.5999999999999894307 ) ;
#1422 = VERTEX_POINT ( 'NONE', #2128 ) ;
#1423 = CIRCLE ( 'NONE', #427, 2.000000000000000000 ) ;
#1424 = DIRECTION ( 'NONE',  ( 0.000000000000000000, 0.000000000000000000, -1.000000000000000000 ) ) ;
#1425 = CARTESIAN_POINT ( 'NONE',  ( -2.499999999999972911, 13.99999999999995737, 172.9401816951054798 ) ) ;
#1426 = ORIENTED_EDGE ( 'NONE', *, *, #1443, .T. ) ;
#1427 = DIRECTION ( 'NONE',  ( 0.000000000000000000, 1.000000000000000000, 0.000000000000000000 ) ) ;
#1428 = ORIENTED_EDGE ( 'NONE', *, *, #457, .T. ) ;
#1429 = CIRCLE ( 'NONE', #199, 63.49999999999988631 ) ;
#1430 = ORIENTED_EDGE ( 'NONE', *, *, #171, .T. ) ;
#1431 = DIRECTION ( 'NONE',  ( 0.000000000000000000, 0.000000000000000000, 1.000000000000000000 ) ) ;
#1432 = CIRCLE ( 'NONE', #1705, 2.000000000000003997 ) ;
#1433 = DIRECTION ( 'NONE',  ( 0.000000000000000000, 1.000000000000000000, 0.000000000000000000 ) ) ;
#1434 = EDGE_CURVE ( 'NONE', #1507, #1230, #488, .T. ) ;
#1435 = EDGE_LOOP ( 'NONE', ( #33, #1703, #672, #569 ) ) ;
#1436 = DIRECTION ( 'NONE',  ( 0.000000000000000000, 0.000000000000000000, 1.000000000000000000 ) ) ;
#1437 = LINE ( 'NONE', #90, #704 ) ;
#1438 = ORIENTED_EDGE ( 'NONE', *, *, #554, .T. ) ;
#1439 = VERTEX_POINT ( 'NONE', #506 ) ;
#1440 = CARTESIAN_POINT ( 'NONE',  ( -53.57050807568874262, 82.49999999999994316, 237.9327948354171838 ) ) ;
#1441 = DIRECTION ( 'NONE',  ( 0.000000000000000000, 1.000000000000000000, 0.000000000000000000 ) ) ;
#1442 = ORIENTED_EDGE ( 'NONE', *, *, #1693, .F. ) ;
#1443 = EDGE_CURVE ( 'NONE', #2050, #363, #1162, .T. ) ;
#1444 = EDGE_CURVE ( 'NONE', #1833, #1489, #985, .T. ) ;
#1445 = DIRECTION ( 'NONE',  ( 0.000000000000000000, 1.000000000000000000, 0.000000000000000000 ) ) ;
#1446 = DIRECTION ( 'NONE',  ( 0.000000000000000000, 1.000000000000000000, 0.000000000000000000 ) ) ;
#1447 = VERTEX_POINT ( 'NONE', #350 ) ;
#1448 = CARTESIAN_POINT ( 'NONE',  ( 31.74999999999997158, 15.99999999999995914, 235.7270234694771887 ) ) ;
#1449 = ORIENTED_EDGE ( 'NONE', *, *, #342, .T. ) ;
#1450 =( NAMED_UNIT ( * ) PLANE_ANGLE_UNIT ( ) SI_UNIT ( $, .RADIAN. ) );
#1451 = VERTEX_POINT ( 'NONE', #479 ) ;
#1452 = AXIS2_PLACEMENT_3D ( 'NONE', #301, #783, #1771 ) ;
#1453 = DIRECTION ( 'NONE',  ( 1.000000000000000000, 0.000000000000000000, 0.000000000000000000 ) ) ;
#1454 = AXIS2_PLACEMENT_3D ( 'NONE', #2044, #725, #552 ) ;
#1455 = EDGE_CURVE ( 'NONE', #373, #1308, #186, .T. ) ;
#1456 = ORIENTED_EDGE ( 'NONE', *, *, #418, .F. ) ;
#1457 = VECTOR ( 'NONE', #1980, 1000.000000000000114 ) ;
#1458 = CARTESIAN_POINT ( 'NONE',  ( -2.407328482542165915, 84.49999999999994316, 215.3303847577292629 ) ) ;
#1459 = EDGE_CURVE ( 'NONE', #1096, #1605, #995, .T. ) ;
#1460 = TOROIDAL_SURFACE ( 'NONE', #571, 65.50000000000000000, 2.000000000000000000 ) ;
#1461 = ORIENTED_EDGE ( 'NONE', *, *, #1824, .F. ) ;
#1462 = DIRECTION ( 'NONE',  ( 0.000000000000000000, 0.000000000000000000, 1.000000000000000000 ) ) ;
#1463 = DIRECTION ( 'NONE',  ( -0.8660254037844410391, 0.000000000000000000, -0.4999999999999960032 ) ) ;
#1464 = SHAPE_DEFINITION_REPRESENTATION ( #1874, #1672 ) ;
#1465 = VECTOR ( 'NONE', #1539, 1000.000000000000000 ) ;
#1466 = DIRECTION ( 'NONE',  ( 0.000000000000000000, 0.000000000000000000, 1.000000000000000000 ) ) ;
#1467 = ORIENTED_EDGE ( 'NONE', *, *, #1889, .T. ) ;
#1468 = CYLINDRICAL_SURFACE ( 'NONE', #505, 2.099999999999990763 ) ;
#1469 = ORIENTED_EDGE ( 'NONE', *, *, #1721, .T. ) ;
#1470 = CARTESIAN_POINT ( 'NONE',  ( -52.57050807568874262, 84.49999999999994316, 239.6648456429860801 ) ) ;
#1471 = ORIENTED_EDGE ( 'NONE', *, *, #1904, .T. ) ;
#1472 = ADVANCED_FACE ( 'NONE', ( #687 ), #822, .F. ) ;
#1473 = DIRECTION ( 'NONE',  ( -0.000000000000000000, -1.000000000000000000, -0.000000000000000000 ) ) ;
#1474 = DIRECTION ( 'NONE',  ( -0.000000000000000000, -1.000000000000000000, -0.000000000000000000 ) ) ;
#1475 = PRODUCT_CONTEXT ( 'NONE', #1924, 'mechanical' ) ;
#1476 = CARTESIAN_POINT ( 'NONE',  ( 32.74999999999997158, 13.99999999999995737, 233.9949726619082924 ) ) ;
#1477 = DIRECTION ( 'NONE',  ( -0.000000000000000000, -1.000000000000000000, -0.000000000000000000 ) ) ;
#1478 = VERTEX_POINT ( 'NONE', #1322 ) ;
#1479 = CARTESIAN_POINT ( 'NONE',  ( 9.504986767512764901E-17, 84.49999999999994316, 227.2196366097890632 ) ) ;
#1480 = ORIENTED_EDGE ( 'NONE', *, *, #113, .T. ) ;
#1481 = FACE_OUTER_BOUND ( 'NONE', #132, .T. ) ;
#1482 = ORIENTED_EDGE ( 'NONE', *, *, #1172, .T. ) ;
#1483 = DIRECTION ( 'NONE',  ( 0.000000000000000000, 1.000000000000000000, 0.000000000000000000 ) ) ;
#1484 = DIRECTION ( 'NONE',  ( 0.000000000000000000, 0.000000000000000000, 1.000000000000000000 ) ) ;
#1485 = ADVANCED_FACE ( 'NONE', ( #1481, #1148, #180, #663, #1136 ), #1617, .T. ) ;
#1486 = ADVANCED_FACE ( 'NONE', ( #832 ), #1494, .F. ) ;
#1487 = CARTESIAN_POINT ( 'NONE',  ( -32.74999999999996447, 15.99999999999995914, 233.9949726619082924 ) ) ;
#1488 = CYLINDRICAL_SURFACE ( 'NONE', #424, 63.49999999999988631 ) ;
#1489 = VERTEX_POINT ( 'NONE', #32 ) ;
#1490 = DIRECTION ( 'NONE',  ( 0.000000000000000000, 0.000000000000000000, 1.000000000000000000 ) ) ;
#1491 = VERTEX_POINT ( 'NONE', #525 ) ;
#1492 = CIRCLE ( 'NONE', #145, 2.000000000000000000 ) ;
#1493 = VECTOR ( 'NONE', #1999, 1000.000000000000000 ) ;
#1494 = PLANE ( 'NONE',  #1389 ) ;
#1495 = ORIENTED_EDGE ( 'NONE', *, *, #542, .T. ) ;
#1496 = CARTESIAN_POINT ( 'NONE',  ( 3.914656965084393203, 13.99999999999995737, 211.6803847577294562 ) ) ;
#1497 = CIRCLE ( 'NONE', #2010, 65.49999999999988631 ) ;
#1498 = CARTESIAN_POINT ( 'NONE',  ( 2.107328482542469850, 84.49999999999994316, 208.5500000000000114 ) ) ;
#1499 = AXIS2_PLACEMENT_3D ( 'NONE', #1901, #763, #2072 ) ;
#1500 = DIRECTION ( 'NONE',  ( -1.000000000000000000, 0.000000000000000000, 0.000000000000000000 ) ) ;
#1501 = FACE_OUTER_BOUND ( 'NONE', #449, .T. ) ;
#1502 = VECTOR ( 'NONE', #1677, 1000.000000000000000 ) ;
#1503 = EDGE_CURVE ( 'NONE', #1306, #1040, #973, .T. ) ;
#1504 = CARTESIAN_POINT ( 'NONE',  ( 36.24999999999994316, 15.99999999999995914, 227.9327948354172975 ) ) ;
#1505 = ORIENTED_EDGE ( 'NONE', *, *, #923, .F. ) ;
#1506 = DIRECTION ( 'NONE',  ( 0.000000000000000000, 1.000000000000000000, 0.000000000000000000 ) ) ;
#1507 = VERTEX_POINT ( 'NONE', #1994 ) ;
#1508 = ORIENTED_EDGE ( 'NONE', *, *, #202, .F. ) ;
#1509 = DIRECTION ( 'NONE',  ( -0.8660254037844410391, 0.000000000000000000, 0.4999999999999960032 ) ) ;
#1510 = DIRECTION ( 'NONE',  ( -4.336808689942020201E-17, 0.000000000000000000, 1.000000000000000000 ) ) ;
#1511 = DIRECTION ( 'NONE',  ( 0.000000000000000000, 0.000000000000000000, 1.000000000000000000 ) ) ;
#1512 = DIRECTION ( 'NONE',  ( -0.000000000000000000, -1.000000000000000000, -0.000000000000000000 ) ) ;
#1513 = VERTEX_POINT ( 'NONE', #77 ) ;
#1514 = EDGE_CURVE ( 'NONE', #1478, #1021, #2047, .T. ) ;
#1515 = EDGE_CURVE ( 'NONE', #1751, #1318, #1932, .T. ) ;
#1516 = LINE ( 'NONE', #537, #2004 ) ;
#1517 = ORIENTED_EDGE ( 'NONE', *, *, #1359, .F. ) ;
#1518 = FACE_OUTER_BOUND ( 'NONE', #1820, .T. ) ;
#1519 = CARTESIAN_POINT ( 'NONE',  ( 4.214656965084318863, 84.49999999999994316, 212.1999999999999602 ) ) ;
#1520 = FACE_OUTER_BOUND ( 'NONE', #1087, .T. ) ;
#1521 = DIRECTION ( 'NONE',  ( 0.4999999999999960032, 0.000000000000000000, 0.8660254037844410391 ) ) ;
#1522 = DIRECTION ( 'NONE',  ( 4.336808689942020201E-17, -0.000000000000000000, -1.000000000000000000 ) ) ;
#1523 = EDGE_LOOP ( 'NONE', ( #1355, #1456, #252, #287 ) ) ;
#1524 = CARTESIAN_POINT ( 'NONE',  ( -53.57050807568874262, 84.49999999999994316, 237.9327948354171838 ) ) ;
#1525 = AXIS2_PLACEMENT_3D ( 'NONE', #568, #740, #696 ) ;
#1526 = ORIENTED_EDGE ( 'NONE', *, *, #527, .F. ) ;
#1527 = AXIS2_PLACEMENT_3D ( 'NONE', #733, #2052, #1730 ) ;
#1528 = TOROIDAL_SURFACE ( 'NONE', #944, 65.49999999999991473, 2.000000000000000000 ) ;
#1529 = EDGE_CURVE ( 'NONE', #720, #1230, #1492, .T. ) ;
#1530 = CARTESIAN_POINT ( 'NONE',  ( 51.32050807568872131, 15.99999999999995914, 241.8299091524472431 ) ) ;
#1531 = DIRECTION ( 'NONE',  ( 0.000000000000000000, 0.000000000000000000, -1.000000000000000000 ) ) ;
#1532 = DIRECTION ( 'NONE',  ( 0.000000000000000000, 1.000000000000000000, 0.000000000000000000 ) ) ;
#1533 = DIRECTION ( 'NONE',  ( -0.4999999999999960032, 0.000000000000000000, 0.8660254037844410391 ) ) ;
#1534 = VERTEX_POINT ( 'NONE', #1706 ) ;
#1535 = AXIS2_PLACEMENT_3D ( 'NONE', #34, #1483, #518 ) ;
#1536 = AXIS2_PLACEMENT_3D ( 'NONE', #964, #1615, #1786 ) ;
#1537 = DIRECTION ( 'NONE',  ( 0.000000000000000000, 0.000000000000000000, 1.000000000000000000 ) ) ;
#1538 = ORIENTED_EDGE ( 'NONE', *, *, #1955, .F. ) ;
#1539 = DIRECTION ( 'NONE',  ( -0.000000000000000000, -1.000000000000000000, -0.000000000000000000 ) ) ;
#1540 = CARTESIAN_POINT ( 'NONE',  ( -4.499999999999971578, 82.49999999999994316, 152.9401816951054798 ) ) ;
#1541 = EDGE_CURVE ( 'NONE', #384, #939, #1715, .T. ) ;
#1542 = CARTESIAN_POINT ( 'NONE',  ( 51.32050807568872131, 13.99999999999995737, 244.3299091524472431 ) ) ;
#1543 = LINE ( 'NONE', #1238, #191 ) ;
#1544 = VERTEX_POINT ( 'NONE', #405 ) ;
#1545 = CYLINDRICAL_SURFACE ( 'NONE', #189, 2.000000000000000000 ) ;
#1546 = ORIENTED_EDGE ( 'NONE', *, *, #229, .T. ) ;
#1547 = CARTESIAN_POINT ( 'NONE',  ( -4.214656965084106588, 84.49999999999994316, 212.1999999999997328 ) ) ;
#1548 = DIRECTION ( 'NONE',  ( -0.000000000000000000, -1.000000000000000000, -0.000000000000000000 ) ) ;
#1549 = CARTESIAN_POINT ( 'NONE',  ( -1.507328482541880676, 13.99999999999995737, 208.5499999999999545 ) ) ;
#1550 = DIRECTION ( 'NONE',  ( -0.000000000000000000, -1.000000000000000000, -0.000000000000000000 ) ) ;
#1551 = EDGE_CURVE ( 'NONE', #18, #299, #1516, .T. ) ;
#1552 = EDGE_CURVE ( 'NONE', #833, #1061, #1878, .T. ) ;
#1553 = ORIENTED_EDGE ( 'NONE', *, *, #1303, .T. ) ;
#1554 = CARTESIAN_POINT ( 'NONE',  ( -1.507328482541880676, 84.49999999999994316, 208.5499999999999545 ) ) ;
#1555 = ORIENTED_EDGE ( 'NONE', *, *, #1459, .F. ) ;
#1556 = CARTESIAN_POINT ( 'NONE',  ( 17.32050807568877460, 13.99999999999995737, 220.0999999999999943 ) ) ;
#1557 = VECTOR ( 'NONE', #1039, 1000.000000000000000 ) ;
#1558 = AXIS2_PLACEMENT_3D ( 'NONE', #2033, #2090, #474 ) ;
#1559 = CARTESIAN_POINT ( 'NONE',  ( 2.107328482542173198, 84.49999999999994316, 208.5499999999999545 ) ) ;
#1560 = AXIS2_PLACEMENT_3D ( 'NONE', #1965, #1946, #1808 ) ;
#1561 = CARTESIAN_POINT ( 'NONE',  ( -2.499999999999972022, 82.49999999999994316, 152.9401816951054798 ) ) ;
#1562 = AXIS2_PLACEMENT_3D ( 'NONE', #1067, #576, #431 ) ;
#1563 = AXIS2_PLACEMENT_3D ( 'NONE', #1589, #303, #1107 ) ;
#1564 = ORIENTED_EDGE ( 'NONE', *, *, #2089, .F. ) ;
#1565 = EDGE_CURVE ( 'NONE', #1790, #1725, #798, .T. ) ;
#1566 = CARTESIAN_POINT ( 'NONE',  ( 51.32050807568872131, 15.99999999999995914, 241.8299091524472431 ) ) ;
#1567 = AXIS2_PLACEMENT_3D ( 'NONE', #22, #509, #1128 ) ;
#1568 = ORIENTED_EDGE ( 'NONE', *, *, #1684, .F. ) ;
#1569 = CIRCLE ( 'NONE', #1156, 4.500000000000003553 ) ;
#1570 = DIRECTION ( 'NONE',  ( 0.000000000000000000, 0.000000000000000000, 1.000000000000000000 ) ) ;
#1571 = EDGE_LOOP ( 'NONE', ( #100, #757 ) ) ;
#1572 = DIRECTION ( 'NONE',  ( 0.000000000000000000, 0.000000000000000000, 1.000000000000000000 ) ) ;
#1573 = DIRECTION ( 'NONE',  ( -0.8660254037844395958, -3.004629197474319640E-15, -0.4999999999999986677 ) ) ;
#1574 = ORIENTED_EDGE ( 'NONE', *, *, #1684, .T. ) ;
#1575 = CARTESIAN_POINT ( 'NONE',  ( -51.32050807568874973, 15.99999999999995914, 241.8299091524471862 ) ) ;
#1576 = ADVANCED_FACE ( 'NONE', ( #1854 ), #1247, .T. ) ;
#1577 = ORIENTED_EDGE ( 'NONE', *, *, #75, .F. ) ;
#1578 = FACE_OUTER_BOUND ( 'NONE', #881, .T. ) ;
#1579 = EDGE_LOOP ( 'NONE', ( #536, #1716 ) ) ;
#1580 =( NAMED_UNIT ( * ) SI_UNIT ( $, .STERADIAN. ) SOLID_ANGLE_UNIT ( ) );
#1581 = DIRECTION ( 'NONE',  ( 1.000000000000000000, 0.000000000000000000, 0.000000000000000000 ) ) ;
#1582 = ORIENTED_EDGE ( 'NONE', *, *, #410, .T. ) ;
#1583 = CARTESIAN_POINT ( 'NONE',  ( 51.32050807568872131, 82.49999999999994316, 244.3299091524472431 ) ) ;
#1584 = CARTESIAN_POINT ( 'NONE',  ( -53.57050807568874262, 15.99999999999995914, 237.9327948354171838 ) ) ;
#1585 = ORIENTED_EDGE ( 'NONE', *, *, #813, .T. ) ;
#1586 = DIRECTION ( 'NONE',  ( 0.000000000000000000, 0.000000000000000000, -1.000000000000000000 ) ) ;
#1587 = EDGE_CURVE ( 'NONE', #737, #1439, #1145, .T. ) ;
#1588 = EDGE_LOOP ( 'NONE', ( #877, #2125, #1469, #1482 ) ) ;
#1589 = CARTESIAN_POINT ( 'NONE',  ( 9.504986767512764901E-17, 82.49999999999994316, 290.7196366097889495 ) ) ;
#1590 = VECTOR ( 'NONE', #1832, 1000.000000000000000 ) ;
#1591 = AXIS2_PLACEMENT_3D ( 'NONE', #378, #232, #1572 ) ;
#1592 = CIRCLE ( 'NONE', #975, 0.5999999999999894307 ) ;
#1593 = ORIENTED_EDGE ( 'NONE', *, *, #2133, .F. ) ;
#1594 = VECTOR ( 'NONE', #1474, 1000.000000000000000 ) ;
#1595 = DIRECTION ( 'NONE',  ( 0.000000000000000000, -1.000000000000000000, 0.000000000000000000 ) ) ;
#1596 = DIRECTION ( 'NONE',  ( -0.8660254037844391517, 0.000000000000000000, -0.4999999999999992784 ) ) ;
#1597 = ORIENTED_EDGE ( 'NONE', *, *, #456, .F. ) ;
#1598 = FACE_OUTER_BOUND ( 'NONE', #1691, .T. ) ;
#1599 = AXIS2_PLACEMENT_3D ( 'NONE', #328, #1125, #308 ) ;
#1600 = ORIENTED_EDGE ( 'NONE', *, *, #2075, .F. ) ;
#1601 = DIRECTION ( 'NONE',  ( 0.000000000000000000, 0.000000000000000000, 1.000000000000000000 ) ) ;
#1602 = VECTOR ( 'NONE', #1512, 1000.000000000000000 ) ;
#1603 = ADVANCED_FACE ( 'NONE', ( #40 ), #1545, .T. ) ;
#1604 = DIRECTION ( 'NONE',  ( 0.000000000000000000, 0.000000000000000000, 1.000000000000000000 ) ) ;
#1605 = VERTEX_POINT ( 'NONE', #1179 ) ;
#1606 = CARTESIAN_POINT ( 'NONE',  ( -17.32050807568879947, 13.99999999999995737, 222.1999999999999318 ) ) ;
#1607 = DIRECTION ( 'NONE',  ( 0.000000000000000000, 0.000000000000000000, 1.000000000000000000 ) ) ;
#1608 = VERTEX_POINT ( 'NONE', #710 ) ;
#1609 = CARTESIAN_POINT ( 'NONE',  ( 51.32050807568872131, 82.49999999999994316, 241.8299091524472431 ) ) ;
#1610 = ORIENTED_EDGE ( 'NONE', *, *, #1331, .T. ) ;
#1611 = CARTESIAN_POINT ( 'NONE',  ( -4.214656965084106588, 84.49999999999994316, 212.1999999999997328 ) ) ;
#1612 = EDGE_CURVE ( 'NONE', #937, #1774, #1675, .T. ) ;
#1613 = ORIENTED_EDGE ( 'NONE', *, *, #2132, .F. ) ;
#1614 = EDGE_CURVE ( 'NONE', #1897, #1694, #534, .T. ) ;
#1615 = DIRECTION ( 'NONE',  ( 0.8660254037844378194, -0.000000000000000000, 0.5000000000000014433 ) ) ;
#1616 = ORIENTED_EDGE ( 'NONE', *, *, #250, .F. ) ;
#1617 = PLANE ( 'NONE',  #801 ) ;
#1618 = CARTESIAN_POINT ( 'NONE',  ( 51.32050807568872131, 82.49999999999994316, 241.8299091524472431 ) ) ;
#1619 = CARTESIAN_POINT ( 'NONE',  ( 53.57050807568872131, 15.99999999999995914, 237.9327948354172690 ) ) ;
#1620 = AXIS2_PLACEMENT_3D ( 'NONE', #231, #126, #1570 ) ;
#1621 = DIRECTION ( 'NONE',  ( -0.000000000000000000, -1.000000000000000000, -0.000000000000000000 ) ) ;
#1622 = EDGE_LOOP ( 'NONE', ( #375, #227, #271, #166 ) ) ;
#1623 = AXIS2_PLACEMENT_3D ( 'NONE', #691, #2014, #164 ) ;
#1624 = AXIS2_PLACEMENT_3D ( 'NONE', #758, #620, #253 ) ;
#1625 = DIRECTION ( 'NONE',  ( 0.000000000000000000, 0.000000000000000000, -1.000000000000000000 ) ) ;
#1626 = VERTEX_POINT ( 'NONE', #1204 ) ;
#1627 = EDGE_CURVE ( 'NONE', #961, #1347, #2007, .T. ) ;
#1628 = DIRECTION ( 'NONE',  ( 0.000000000000000000, 1.000000000000000000, 0.000000000000000000 ) ) ;
#1629 = VECTOR ( 'NONE', #2121, 1000.000000000000000 ) ;
#1630 = ORIENTED_EDGE ( 'NONE', *, *, #1862, .T. ) ;
#1631 = CYLINDRICAL_SURFACE ( 'NONE', #1806, 0.5999999999999894307 ) ;
#1632 = CARTESIAN_POINT ( 'NONE',  ( 51.32050807568872131, 13.99999999999995737, 241.8299091524472431 ) ) ;
#1633 = VECTOR ( 'NONE', #1664, 1000.000000000000114 ) ;
#1634 = CARTESIAN_POINT ( 'NONE',  ( -17.32050807568879947, 84.49999999999994316, 222.1999999999999318 ) ) ;
#1635 = LINE ( 'NONE', #165, #1867 ) ;
#1636 = ORIENTED_EDGE ( 'NONE', *, *, #471, .F. ) ;
#1637 = CYLINDRICAL_SURFACE ( 'NONE', #607, 0.5999999999999894307 ) ;
#1638 = ORIENTED_EDGE ( 'NONE', *, *, #305, .T. ) ;
#1639 = EDGE_CURVE ( 'NONE', #1447, #1544, #1731, .T. ) ;
#1640 = DIRECTION ( 'NONE',  ( -2.168404344971009854E-16, -0.000000000000000000, 1.000000000000000000 ) ) ;
#1641 = EDGE_LOOP ( 'NONE', ( #1413, #1378, #212, #1256 ) ) ;
#1642 = DIRECTION ( 'NONE',  ( 0.000000000000000000, 0.000000000000000000, 1.000000000000000000 ) ) ;
#1643 = DIRECTION ( 'NONE',  ( 0.000000000000000000, 0.000000000000000000, -1.000000000000000000 ) ) ;
#1644 = DIRECTION ( 'NONE',  ( -0.000000000000000000, -1.000000000000000000, -0.000000000000000000 ) ) ;
#1645 = DIRECTION ( 'NONE',  ( -0.8660254037844379305, -0.000000000000000000, -0.5000000000000014433 ) ) ;
#1646 = ORIENTED_EDGE ( 'NONE', *, *, #1262, .T. ) ;
#1647 = DIRECTION ( 'NONE',  ( -0.8660254037844410391, 0.000000000000000000, -0.4999999999999960032 ) ) ;
#1648 = EDGE_LOOP ( 'NONE', ( #2083, #556, #239, #1517 ) ) ;
#1649 = DIRECTION ( 'NONE',  ( -0.000000000000000000, -1.000000000000000000, -0.000000000000000000 ) ) ;
#1650 = ORIENTED_EDGE ( 'NONE', *, *, #1169, .F. ) ;
#1651 = ORIENTED_EDGE ( 'NONE', *, *, #2088, .F. ) ;
#1652 = DIRECTION ( 'NONE',  ( -0.4999999999999998890, 0.000000000000000000, 0.8660254037844388186 ) ) ;
#1653 = EDGE_CURVE ( 'NONE', #1230, #1451, #1029, .T. ) ;
#1654 = FACE_OUTER_BOUND ( 'NONE', #1523, .T. ) ;
#1655 = DIRECTION ( 'NONE',  ( -0.000000000000000000, -1.000000000000000000, -0.000000000000000000 ) ) ;
#1656 = FACE_BOUND ( 'NONE', #1571, .T. ) ;
#1657 = EDGE_LOOP ( 'NONE', ( #1844, #2092, #1159, #1707 ) ) ;
#1658 = VECTOR ( 'NONE', #258, 1000.000000000000000 ) ;
#1659 = VECTOR ( 'NONE', #648, 1000.000000000000000 ) ;
#1660 = AXIS2_PLACEMENT_3D ( 'NONE', #790, #1596, #445 ) ;
#1661 = LINE ( 'NONE', #343, #285 ) ;
#1662 = ORIENTED_EDGE ( 'NONE', *, *, #1670, .F. ) ;
#1663 = TOROIDAL_SURFACE ( 'NONE', #225, 2.499999999999996891, 2.000000000000000000 ) ;
#1664 = DIRECTION ( 'NONE',  ( -0.4999999999999986122, 0.000000000000000000, 0.8660254037844393737 ) ) ;
#1665 = AXIS2_PLACEMENT_3D ( 'NONE', #894, #1869, #1531 ) ;
#1666 = DIRECTION ( 'NONE',  ( 0.000000000000000000, -1.000000000000000000, 0.000000000000000000 ) ) ;
#1667 = CARTESIAN_POINT ( 'NONE',  ( -2.407328482541996273, 84.49999999999994316, 209.0696152422703449 ) ) ;
#1668 = EDGE_CURVE ( 'NONE', #1224, #1767, #1282, .T. ) ;
#1669 = CARTESIAN_POINT ( 'NONE',  ( 4.214656965084468077, 13.99999999999995737, 212.8000000000000398 ) ) ;
#1670 = EDGE_CURVE ( 'NONE', #654, #1290, #1046, .T. ) ;
#1671 = CIRCLE ( 'NONE', #1193, 0.5999999999999894307 ) ;
#1672 = ADVANCED_BREP_SHAPE_REPRESENTATION ( 'spindexer divider', ( #930, #1284 ), #910 ) ;
#1673 = CARTESIAN_POINT ( 'NONE',  ( -51.32050807568874973, 13.99999999999995737, 241.8299091524471862 ) ) ;
#1674 = ORIENTED_EDGE ( 'NONE', *, *, #1943, .T. ) ;
#1675 = LINE ( 'NONE', #1524, #1590 ) ;
#1676 = ORIENTED_EDGE ( 'NONE', *, *, #2104, .F. ) ;
#1677 = DIRECTION ( 'NONE',  ( -0.000000000000000000, -1.000000000000000000, -0.000000000000000000 ) ) ;
#1678 = CARTESIAN_POINT ( 'NONE',  ( -2.499999999999972022, 84.49999999999994316, 152.9401816951054798 ) ) ;
#1679 = DIRECTION ( 'NONE',  ( 0.000000000000000000, 1.000000000000000000, 0.000000000000000000 ) ) ;
#1680 = FACE_OUTER_BOUND ( 'NONE', #21, .T. ) ;
#1681 = ADVANCED_FACE ( 'NONE', ( #1692 ), #460, .T. ) ;
#1682 = CARTESIAN_POINT ( 'NONE',  ( 35.24999999999995026, 82.49999999999994316, 229.6648456429861653 ) ) ;
#1683 = ORIENTED_EDGE ( 'NONE', *, *, #923, .T. ) ;
#1684 = EDGE_CURVE ( 'NONE', #1036, #759, #1250, .T. ) ;
#1685 = CARTESIAN_POINT ( 'NONE',  ( 2.500000000000002220, 82.49999999999994316, 241.8299091524471862 ) ) ;
#1686 = ORIENTED_EDGE ( 'NONE', *, *, #1199, .F. ) ;
#1687 = DIRECTION ( 'NONE',  ( -4.336808689942020201E-17, 0.000000000000000000, 1.000000000000000000 ) ) ;
#1688 = DIRECTION ( 'NONE',  ( -0.4999999999999990008, 0.000000000000000000, 0.8660254037844392627 ) ) ;
#1689 = CYLINDRICAL_SURFACE ( 'NONE', #323, 2.099999999999990763 ) ;
#1690 = CARTESIAN_POINT ( 'NONE',  ( -51.32050807568874973, 84.49999999999994316, 241.8299091524471862 ) ) ;
#1691 = EDGE_LOOP ( 'NONE', ( #1782, #823, #1133, #2064 ) ) ;
#1692 = FACE_OUTER_BOUND ( 'NONE', #1403, .T. ) ;
#1693 = EDGE_CURVE ( 'NONE', #1447, #114, #932, .T. ) ;
#1694 = VERTEX_POINT ( 'NONE', #1265 ) ;
#1695 = AXIS2_PLACEMENT_3D ( 'NONE', #840, #1679, #1817 ) ;
#1696 = CIRCLE ( 'NONE', #1968, 2.000000000000000000 ) ;
#1697 = DIRECTION ( 'NONE',  ( 0.000000000000000000, 0.000000000000000000, 1.000000000000000000 ) ) ;
#1698 = DIRECTION ( 'NONE',  ( 0.8660254037844379305, -0.000000000000000000, 0.5000000000000014433 ) ) ;
#1699 = VECTOR ( 'NONE', #591, 1000.000000000000000 ) ;
#1700 = CIRCLE ( 'NONE', #2043, 0.5999999999999894307 ) ;
#1701 = DIRECTION ( 'NONE',  ( -0.4999999999999986122, 0.000000000000000000, 0.8660254037844393737 ) ) ;
#1702 = CARTESIAN_POINT ( 'NONE',  ( -52.57050807568874262, 13.99999999999995737, 239.6648456429860801 ) ) ;
#1703 = ORIENTED_EDGE ( 'NONE', *, *, #751, .F. ) ;
#1704 = AXIS2_PLACEMENT_3D ( 'NONE', #723, #731, #1717 ) ;
#1705 = AXIS2_PLACEMENT_3D ( 'NONE', #1682, #1647, #693 ) ;
#1706 = CARTESIAN_POINT ( 'NONE',  ( -17.32050807568879947, 13.99999999999995737, 224.2999999999999261 ) ) ;
#1707 = ORIENTED_EDGE ( 'NONE', *, *, #213, .T. ) ;
#1708 = ADVANCED_FACE ( 'NONE', ( #122 ), #595, .T. ) ;
#1709 = ADVANCED_FACE ( 'NONE', ( #99 ), #1886, .T. ) ;
#1710 = CYLINDRICAL_SURFACE ( 'NONE', #331, 0.5999999999999894307 ) ;
#1711 = FACE_OUTER_BOUND ( 'NONE', #440, .T. ) ;
#1712 = LINE ( 'NONE', #65, #256 ) ;
#1713 = DIRECTION ( 'NONE',  ( 0.000000000000000000, -1.000000000000000000, 0.000000000000000000 ) ) ;
#1714 = ORIENTED_EDGE ( 'NONE', *, *, #785, .T. ) ;
#1715 = LINE ( 'NONE', #238, #1557 ) ;
#1716 = ORIENTED_EDGE ( 'NONE', *, *, #1248, .T. ) ;
#1717 = DIRECTION ( 'NONE',  ( 0.000000000000000000, 0.000000000000000000, -1.000000000000000000 ) ) ;
#1718 = PLANE ( 'NONE',  #1254 ) ;
#1719 = CARTESIAN_POINT ( 'NONE',  ( 49.07050807568874262, 82.49999999999994316, 245.7270234694772171 ) ) ;
#1720 =( NAMED_UNIT ( * ) SI_UNIT ( $, .STERADIAN. ) SOLID_ANGLE_UNIT ( ) );
#1721 = EDGE_CURVE ( 'NONE', #1297, #984, #1437, .T. ) ;
#1722 = ADVANCED_FACE ( 'NONE', ( #298 ), #2070, .T. ) ;
#1723 = ORIENTED_EDGE ( 'NONE', *, *, #1065, .T. ) ;
#1724 = DIRECTION ( 'NONE',  ( 0.8660254037844395958, 0.000000000000000000, -0.4999999999999986677 ) ) ;
#1725 = VERTEX_POINT ( 'NONE', #1404 ) ;
#1726 = DIRECTION ( 'NONE',  ( 0.000000000000000000, -1.000000000000000000, 0.000000000000000000 ) ) ;
#1727 = AXIS2_PLACEMENT_3D ( 'NONE', #5, #1959, #169 ) ;
#1728 = CIRCLE ( 'NONE', #1320, 0.5999999999999894307 ) ;
#1729 = ORIENTED_EDGE ( 'NONE', *, *, #605, .F. ) ;
#1730 = DIRECTION ( 'NONE',  ( -0.4999999999999960032, 0.000000000000000000, -0.8660254037844410391 ) ) ;
#1731 = CIRCLE ( 'NONE', #2040, 0.5999999999999894307 ) ;
#1732 = LINE ( 'NONE', #262, #1117 ) ;
#1733 = TOROIDAL_SURFACE ( 'NONE', #1362, 2.500000000000005773, 2.000000000000000000 ) ;
#1734 = EDGE_CURVE ( 'NONE', #730, #438, #1592, .T. ) ;
#1735 = EDGE_CURVE ( 'NONE', #468, #1451, #804, .T. ) ;
#1736 = AXIS2_PLACEMENT_3D ( 'NONE', #1498, #989, #1643 ) ;
#1737 = ORIENTED_EDGE ( 'NONE', *, *, #970, .F. ) ;
#1738 = FACE_OUTER_BOUND ( 'NONE', #1887, .T. ) ;
#1739 = VERTEX_POINT ( 'NONE', #1756 ) ;
#1740 = AXIS2_PLACEMENT_3D ( 'NONE', #850, #689, #7 ) ;
#1741 = CARTESIAN_POINT ( 'NONE',  ( -52.57050807568874262, 82.49999999999994316, 239.6648456429860801 ) ) ;
#1742 = ORIENTED_EDGE ( 'NONE', *, *, #1286, .F. ) ;
#1743 = CYLINDRICAL_SURFACE ( 'NONE', #570, 0.5999999999999894307 ) ;
#1744 = CARTESIAN_POINT ( 'NONE',  ( -2.499999999999972022, 13.99999999999995737, 152.9401816951054798 ) ) ;
#1745 = DIRECTION ( 'NONE',  ( 2.168404344971009854E-16, 0.000000000000000000, -1.000000000000000000 ) ) ;
#1746 = ORIENTED_EDGE ( 'NONE', *, *, #934, .T. ) ;
#1747 = CARTESIAN_POINT ( 'NONE',  ( 2.571758278209436040E-16, 13.99999999999995737, 194.2999999999999829 ) ) ;
#1748 = EDGE_LOOP ( 'NONE', ( #972, #890, #1346, #992 ) ) ;
#1749 = EDGE_CURVE ( 'NONE', #1040, #1751, #50, .T. ) ;
#1750 = DIRECTION ( 'NONE',  ( 0.8660254037844410391, 3.004629197474324373E-15, -0.4999999999999960032 ) ) ;
#1751 = VERTEX_POINT ( 'NONE', #1769 ) ;
#1752 = ORIENTED_EDGE ( 'NONE', *, *, #2116, .F. ) ;
#1753 = DIRECTION ( 'NONE',  ( 0.000000000000000000, 0.000000000000000000, 1.000000000000000000 ) ) ;
#1754 = EDGE_LOOP ( 'NONE', ( #919, #284, #1683, #1164, #326, #1746 ) ) ;
#1755 = CARTESIAN_POINT ( 'NONE',  ( 51.32050807568872131, 15.99999999999995914, 246.3299091524472431 ) ) ;
#1756 = CARTESIAN_POINT ( 'NONE',  ( -2.407328482541996273, 13.99999999999995737, 209.0696152422703449 ) ) ;
#1757 = VERTEX_POINT ( 'NONE', #134 ) ;
#1758 = EDGE_CURVE ( 'NONE', #461, #1096, #738, .T. ) ;
#1759 = ADVANCED_FACE ( 'NONE', ( #578 ), #1231, .T. ) ;
#1760 = LINE ( 'NONE', #277, #1419 ) ;
#1761 = VERTEX_POINT ( 'NONE', #421 ) ;
#1762 = CARTESIAN_POINT ( 'NONE',  ( 9.504986767512764901E-17, 13.99999999999995737, 290.7196366097889495 ) ) ;
#1763 = AXIS2_PLACEMENT_3D ( 'NONE', #1276, #1287, #1414 ) ;
#1764 = AXIS2_PLACEMENT_3D ( 'NONE', #902, #243, #1858 ) ;
#1765 = CIRCLE ( 'NONE', #1115, 2.500000000000002220 ) ;
#1766 = DIRECTION ( 'NONE',  ( -1.000000000000000000, 0.000000000000000000, 0.000000000000000000 ) ) ;
#1767 = VERTEX_POINT ( 'NONE', #1084 ) ;
#1768 = CARTESIAN_POINT ( 'NONE',  ( -1.507328482542112269, 13.99999999999995737, 215.8500000000000227 ) ) ;
#1769 = CARTESIAN_POINT ( 'NONE',  ( -51.32050807568874973, 84.49999999999994316, 244.3299091524471862 ) ) ;
#1770 = ORIENTED_EDGE ( 'NONE', *, *, #1784, .T. ) ;
#1771 = DIRECTION ( 'NONE',  ( -0.4999999999999960032, 0.000000000000000000, -0.8660254037844410391 ) ) ;
#1772 = AXIS2_PLACEMENT_3D ( 'NONE', #2041, #1360, #2009 ) ;
#1773 = ADVANCED_FACE ( 'NONE', ( #1738 ), #669, .T. ) ;
#1774 = VERTEX_POINT ( 'NONE', #1584 ) ;
#1775 = DIRECTION ( 'NONE',  ( 0.000000000000000000, 0.000000000000000000, -1.000000000000000000 ) ) ;
#1776 = ADVANCED_FACE ( 'NONE', ( #769 ), #921, .T. ) ;
#1777 = DIRECTION ( 'NONE',  ( 0.4999999999999960032, 0.000000000000000000, 0.8660254037844410391 ) ) ;
#1778 = VERTEX_POINT ( 'NONE', #1425 ) ;
#1779 = CARTESIAN_POINT ( 'NONE',  ( 68.00000000000001421, 84.49999999999994316, 172.9401816951054798 ) ) ;
#1780 = EDGE_LOOP ( 'NONE', ( #782, #1860, #1268, #1126 ) ) ;
#1781 = VERTEX_POINT ( 'NONE', #1747 ) ;
#1782 = ORIENTED_EDGE ( 'NONE', *, *, #457, .F. ) ;
#1783 = SURFACE_STYLE_USAGE ( .BOTH. , #926 ) ;
#1784 = EDGE_CURVE ( 'NONE', #1205, #1626, #609, .T. ) ;
#1785 = VERTEX_POINT ( 'NONE', #497 ) ;
#1786 = DIRECTION ( 'NONE',  ( 0.4999999999999985567, 0.000000000000000000, -0.8660254037844395958 ) ) ;
#1787 = EDGE_LOOP ( 'NONE', ( #752, #1553, #1104, #1006 ) ) ;
#1788 = CARTESIAN_POINT ( 'NONE',  ( 36.24999999999995026, 84.49999999999994316, 227.9327948354172975 ) ) ;
#1789 = ORIENTED_EDGE ( 'NONE', *, *, #905, .T. ) ;
#1790 = VERTEX_POINT ( 'NONE', #2091 ) ;
#1791 = CARTESIAN_POINT ( 'NONE',  ( -51.32050807568874973, 82.49999999999994316, 246.3299091524471862 ) ) ;
#1792 = FACE_OUTER_BOUND ( 'NONE', #1754, .T. ) ;
#1793 = CIRCLE ( 'NONE', #1452, 2.000000000000003997 ) ;
#1794 = ORIENTED_EDGE ( 'NONE', *, *, #28, .T. ) ;
#1795 = AXIS2_PLACEMENT_3D ( 'NONE', #2123, #1441, #1604 ) ;
#1796 = EDGE_CURVE ( 'NONE', #795, #1343, #1635, .T. ) ;
#1797 = EDGE_CURVE ( 'NONE', #1833, #299, #1934, .T. ) ;
#1798 = CARTESIAN_POINT ( 'NONE',  ( 2.407328482542269832, 84.49999999999994316, 209.0696152422707712 ) ) ;
#1799 = CIRCLE ( 'NONE', #1562, 2.500000000000002220 ) ;
#1800 = ORIENTED_EDGE ( 'NONE', *, *, #67, .T. ) ;
#1801 = FACE_OUTER_BOUND ( 'NONE', #281, .T. ) ;
#1802 = AXIS2_PLACEMENT_3D ( 'NONE', #656, #1165, #1312 ) ;
#1803 = ORIENTED_EDGE ( 'NONE', *, *, #905, .F. ) ;
#1804 = DIRECTION ( 'NONE',  ( 1.000000000000000000, -0.000000000000000000, 4.336808689942020201E-17 ) ) ;
#1805 = DIRECTION ( 'NONE',  ( 0.000000000000000000, 0.000000000000000000, 1.000000000000000000 ) ) ;
#1806 = AXIS2_PLACEMENT_3D ( 'NONE', #162, #1214, #767 ) ;
#1807 = VECTOR ( 'NONE', #1017, 1000.000000000000114 ) ;
#1808 = DIRECTION ( 'NONE',  ( 0.000000000000000000, 0.000000000000000000, 1.000000000000000000 ) ) ;
#1809 = ORIENTED_EDGE ( 'NONE', *, *, #1914, .F. ) ;
#1810 = CARTESIAN_POINT ( 'NONE',  ( 1.507328482542167780, 13.99999999999995737, 215.8500000000000227 ) ) ;
#1811 = EDGE_LOOP ( 'NONE', ( #1426, #1461, #196, #2118 ) ) ;
#1812 = DIRECTION ( 'NONE',  ( 0.000000000000000000, -0.000000000000000000, 1.000000000000000000 ) ) ;
#1813 = ADVANCED_FACE ( 'NONE', ( #1315 ), #1294, .T. ) ;
#1814 = ORIENTED_EDGE ( 'NONE', *, *, #1076, .F. ) ;
#1815 = ORIENTED_EDGE ( 'NONE', *, *, #788, .T. ) ;
#1816 = FACE_OUTER_BOUND ( 'NONE', #60, .T. ) ;
#1817 = DIRECTION ( 'NONE',  ( 0.000000000000000000, 0.000000000000000000, 1.000000000000000000 ) ) ;
#1818 = FACE_OUTER_BOUND ( 'NONE', #1648, .T. ) ;
#1819 = PLANE ( 'NONE',  #1877 ) ;
#1820 = EDGE_LOOP ( 'NONE', ( #1052, #1059, #697, #1417 ) ) ;
#1821 = DIRECTION ( 'NONE',  ( 0.000000000000000000, 1.000000000000000000, 0.000000000000000000 ) ) ;
#1822 = ORIENTED_EDGE ( 'NONE', *, *, #567, .T. ) ;
#1823 = EDGE_CURVE ( 'NONE', #1781, #94, #770, .T. ) ;
#1824 = EDGE_CURVE ( 'NONE', #384, #363, #838, .T. ) ;
#1825 = DIRECTION ( 'NONE',  ( 4.336808689942020201E-17, 0.000000000000000000, -1.000000000000000000 ) ) ;
#1826 = DIRECTION ( 'NONE',  ( -0.8660254037844378194, 0.000000000000000000, -0.5000000000000014433 ) ) ;
#1827 = DIRECTION ( 'NONE',  ( 0.000000000000000000, 1.000000000000000000, 0.000000000000000000 ) ) ;
#1828 = DIRECTION ( 'NONE',  ( 0.8660254037844390407, -0.000000000000000000, 0.4999999999999992228 ) ) ;
#1829 = PLANE ( 'NONE',  #25 ) ;
#1830 = ORIENTED_EDGE ( 'NONE', *, *, #354, .T. ) ;
#1831 = VECTOR ( 'NONE', #653, 1000.000000000000114 ) ;
#1832 = DIRECTION ( 'NONE',  ( -0.000000000000000000, -1.000000000000000000, -0.000000000000000000 ) ) ;
#1833 = VERTEX_POINT ( 'NONE', #1132 ) ;
#1834 = VECTOR ( 'NONE', #2032, 1000.000000000000227 ) ;
#1835 = CARTESIAN_POINT ( 'NONE',  ( 36.24999999999994316, 84.49999999999994316, 227.9327948354172975 ) ) ;
#1836 = CIRCLE ( 'NONE', #2078, 2.099999999999990763 ) ;
#1837 = DIRECTION ( 'NONE',  ( 0.000000000000000000, 0.000000000000000000, -1.000000000000000000 ) ) ;
#1838 = EDGE_CURVE ( 'NONE', #413, #1507, #324, .T. ) ;
#1839 = CARTESIAN_POINT ( 'NONE',  ( -4.214656965084106588, 13.99999999999995737, 212.7999999999996987 ) ) ;
#1840 = DIRECTION ( 'NONE',  ( 1.000000000000000000, 0.000000000000000000, 0.000000000000000000 ) ) ;
#1841 = ADVANCED_FACE ( 'NONE', ( #295 ), #1528, .T. ) ;
#1842 = AXIS2_PLACEMENT_3D ( 'NONE', #1881, #1022, #869 ) ;
#1843 = CARTESIAN_POINT ( 'NONE',  ( 4.214656965084468077, 84.49999999999994316, 211.6000000000000796 ) ) ;
#1844 = ORIENTED_EDGE ( 'NONE', *, *, #1721, .F. ) ;
#1845 = CARTESIAN_POINT ( 'NONE',  ( 2.107328482542469850, 84.49999999999994316, 208.5500000000000114 ) ) ;
#1846 = ORIENTED_EDGE ( 'NONE', *, *, #1784, .F. ) ;
#1847 = DIRECTION ( 'NONE',  ( 0.000000000000000000, 0.000000000000000000, 1.000000000000000000 ) ) ;
#1848 = DIRECTION ( 'NONE',  ( -3.053113317719177962E-14, 0.000000000000000000, 1.000000000000000000 ) ) ;
#1849 = CARTESIAN_POINT ( 'NONE',  ( 0.000000000000000000, 84.49999999999994316, 190.0999999999999943 ) ) ;
#1850 = LINE ( 'NONE', #512, #289 ) ;
#1851 = EDGE_CURVE ( 'NONE', #1422, #1739, #1421, .T. ) ;
#1852 = DIRECTION ( 'NONE',  ( 0.000000000000000000, 1.000000000000000000, 0.000000000000000000 ) ) ;
#1853 = ORIENTED_EDGE ( 'NONE', *, *, #1734, .F. ) ;
#1854 = FACE_OUTER_BOUND ( 'NONE', #52, .T. ) ;
#1855 = ORIENTED_EDGE ( 'NONE', *, *, #949, .T. ) ;
#1856 = CARTESIAN_POINT ( 'NONE',  ( 2.107328482542469850, 13.99999999999995737, 208.5500000000000114 ) ) ;
#1857 = CARTESIAN_POINT ( 'NONE',  ( -31.74999999999997158, 84.49999999999994316, 235.7270234694771887 ) ) ;
#1858 = DIRECTION ( 'NONE',  ( 0.000000000000000000, 0.000000000000000000, 1.000000000000000000 ) ) ;
#1859 = CARTESIAN_POINT ( 'NONE',  ( 2.515349040166370287E-14, 82.49999999999994316, 152.9401816951054798 ) ) ;
#1860 = ORIENTED_EDGE ( 'NONE', *, *, #1054, .T. ) ;
#1861 = EDGE_CURVE ( 'NONE', #1694, #1135, #2100, .T. ) ;
#1862 = EDGE_CURVE ( 'NONE', #1306, #1318, #1147, .T. ) ;
#1863 = DIRECTION ( 'NONE',  ( 0.000000000000000000, 0.000000000000000000, -1.000000000000000000 ) ) ;
#1864 = VECTOR ( 'NONE', #2117, 1000.000000000000114 ) ;
#1865 = ORIENTED_EDGE ( 'NONE', *, *, #484, .F. ) ;
#1866 = VECTOR ( 'NONE', #1217, 1000.000000000000000 ) ;
#1867 = VECTOR ( 'NONE', #1477, 1000.000000000000000 ) ;
#1868 = LINE ( 'NONE', #931, #917 ) ;
#1869 = DIRECTION ( 'NONE',  ( -0.000000000000000000, -1.000000000000000000, -0.000000000000000000 ) ) ;
#1870 = CIRCLE ( 'NONE', #843, 0.5999999999999894307 ) ;
#1871 = CARTESIAN_POINT ( 'NONE',  ( -51.32050807568874973, 15.99999999999995914, 241.8299091524471862 ) ) ;
#1872 = DIRECTION ( 'NONE',  ( 0.000000000000000000, -0.000000000000000000, 1.000000000000000000 ) ) ;
#1873 = TOROIDAL_SURFACE ( 'NONE', #1222, 2.499999999999996891, 2.000000000000000000 ) ;
#1874 = PRODUCT_DEFINITION_SHAPE ( 'NONE', 'NONE',  #2023 ) ;
#1875 = ORIENTED_EDGE ( 'NONE', *, *, #1824, .T. ) ;
#1876 = CIRCLE ( 'NONE', #1842, 2.000000000000000444 ) ;
#1877 = AXIS2_PLACEMENT_3D ( 'NONE', #1202, #1366, #1157 ) ;
#1878 = LINE ( 'NONE', #1554, #2108 ) ;
#1879 = ORIENTED_EDGE ( 'NONE', *, *, #1984, .T. ) ;
#1880 = EDGE_CURVE ( 'NONE', #984, #1778, #1696, .T. ) ;
#1881 = CARTESIAN_POINT ( 'NONE',  ( 50.07050807568873552, 82.49999999999994316, 243.9949726619083492 ) ) ;
#1882 = DIRECTION ( 'NONE',  ( 0.000000000000000000, 0.000000000000000000, 1.000000000000000000 ) ) ;
#1883 = CARTESIAN_POINT ( 'NONE',  ( 9.504986767512764901E-17, 15.99999999999995914, 290.7196366097889495 ) ) ;
#1884 = APPLICATION_PROTOCOL_DEFINITION ( 'draft international standard', 'automotive_design', 1998, #1924 ) ;
#1885 = EDGE_LOOP ( 'NONE', ( #156, #1917, #865, #1966 ) ) ;
#1886 = CYLINDRICAL_SURFACE ( 'NONE', #1660, 2.000000000000007550 ) ;
#1887 = EDGE_LOOP ( 'NONE', ( #1018, #1650, #1723, #728 ) ) ;
#1888 = DIRECTION ( 'NONE',  ( -0.000000000000000000, -1.000000000000000000, -0.000000000000000000 ) ) ;
#1889 = EDGE_CURVE ( 'NONE', #2054, #2019, #841, .T. ) ;
#1890 = EDGE_CURVE ( 'NONE', #1761, #688, #1321, .T. ) ;
#1891 = DIRECTION ( 'NONE',  ( 0.000000000000000000, -1.000000000000000000, 0.000000000000000000 ) ) ;
#1892 = VERTEX_POINT ( 'NONE', #544 ) ;
#1893 = DIRECTION ( 'NONE',  ( -0.4999999999999960032, 0.000000000000000000, -0.8660254037844410391 ) ) ;
#1894 = ORIENTED_EDGE ( 'NONE', *, *, #75, .T. ) ;
#1895 = VECTOR ( 'NONE', #1698, 999.9999999999998863 ) ;
#1896 = DIRECTION ( 'NONE',  ( 0.000000000000000000, 0.000000000000000000, 1.000000000000000000 ) ) ;
#1897 = VERTEX_POINT ( 'NONE', #1200 ) ;
#1898 = CIRCLE ( 'NONE', #1695, 4.500000000000003553 ) ;
#1899 = AXIS2_PLACEMENT_3D ( 'NONE', #1566, #781, #1273 ) ;
#1900 = ORIENTED_EDGE ( 'NONE', *, *, #1303, .F. ) ;
#1901 = CARTESIAN_POINT ( 'NONE',  ( 51.32050807568872131, 15.99999999999995914, 241.8299091524472431 ) ) ;
#1902 =( LENGTH_UNIT ( ) NAMED_UNIT ( * ) SI_UNIT ( .MILLI., .METRE. ) );
#1903 = EDGE_CURVE ( 'NONE', #18, #939, #1850, .T. ) ;
#1904 = EDGE_CURVE ( 'NONE', #812, #373, #187, .T. ) ;
#1905 = VERTEX_POINT ( 'NONE', #1990 ) ;
#1906 = DIRECTION ( 'NONE',  ( 0.000000000000000000, 0.000000000000000000, 1.000000000000000000 ) ) ;
#1907 = ORIENTED_EDGE ( 'NONE', *, *, #1890, .T. ) ;
#1908 = AXIS2_PLACEMENT_3D ( 'NONE', #1196, #1062, #1847 ) ;
#1909 = CARTESIAN_POINT ( 'NONE',  ( -2.107328482542109249, 84.49999999999994316, 215.8499999999998806 ) ) ;
#1910 = ORIENTED_EDGE ( 'NONE', *, *, #433, .T. ) ;
#1911 = ORIENTED_EDGE ( 'NONE', *, *, #695, .T. ) ;
#1912 = CARTESIAN_POINT ( 'NONE',  ( 4.500000000000022204, 84.49999999999994316, 152.9401816951054798 ) ) ;
#1913 = EDGE_LOOP ( 'NONE', ( #2003, #538, #662, #1195 ) ) ;
#1914 = EDGE_CURVE ( 'NONE', #1905, #2025, #1765, .T. ) ;
#1915 = ADVANCED_FACE ( 'NONE', ( #1818 ), #1733, .T. ) ;
#1916 = CARTESIAN_POINT ( 'NONE',  ( 68.00000000000001421, 13.99999999999995737, 172.9401816951054798 ) ) ;
#1917 = ORIENTED_EDGE ( 'NONE', *, *, #1434, .T. ) ;
#1918 = CARTESIAN_POINT ( 'NONE',  ( 53.57050807568872131, 84.49999999999994316, 237.9327948354172690 ) ) ;
#1919 = ORIENTED_EDGE ( 'NONE', *, *, #962, .F. ) ;
#1920 = FILL_AREA_STYLE_COLOUR ( '', #2012 ) ;
#1921 = FACE_OUTER_BOUND ( 'NONE', #652, .T. ) ;
#1922 = CARTESIAN_POINT ( 'NONE',  ( 2.500000000000021316, 82.49999999999994316, 152.9401816951054798 ) ) ;
#1923 = ORIENTED_EDGE ( 'NONE', *, *, #883, .T. ) ;
#1924 = APPLICATION_CONTEXT ( 'automotive_design' ) ;
#1925 = CYLINDRICAL_SURFACE ( 'NONE', #1536, 2.000000000000007550 ) ;
#1926 = DIRECTION ( 'NONE',  ( 0.000000000000000000, -1.000000000000000000, 0.000000000000000000 ) ) ;
#1927 = EDGE_CURVE ( 'NONE', #468, #933, #598, .T. ) ;
#1928 = ORIENTED_EDGE ( 'NONE', *, *, #1851, .T. ) ;
#1929 = CARTESIAN_POINT ( 'NONE',  ( -4.214656965084106588, 84.49999999999994316, 212.7999999999996987 ) ) ;
#1930 = ORIENTED_EDGE ( 'NONE', *, *, #857, .F. ) ;
#1931 = DIRECTION ( 'NONE',  ( -0.000000000000000000, -1.000000000000000000, -0.000000000000000000 ) ) ;
#1932 = CIRCLE ( 'NONE', #356, 2.500000000000002220 ) ;
#1933 = AXIS2_PLACEMENT_3D ( 'NONE', #483, #1745, #928 ) ;
#1934 = CIRCLE ( 'NONE', #1078, 0.5999999999999894307 ) ;
#1935 = DIRECTION ( 'NONE',  ( -0.8660254037844395958, -0.000000000000000000, 0.4999999999999983347 ) ) ;
#1936 = ORIENTED_EDGE ( 'NONE', *, *, #883, .F. ) ;
#1937 = VECTOR ( 'NONE', #1363, 1000.000000000000000 ) ;
#1938 = CIRCLE ( 'NONE', #327, 2.099999999999990763 ) ;
#1939 = DIRECTION ( 'NONE',  ( 0.000000000000000000, 0.000000000000000000, 1.000000000000000000 ) ) ;
#1940 = ORIENTED_EDGE ( 'NONE', *, *, #229, .F. ) ;
#1941 = CARTESIAN_POINT ( 'NONE',  ( -50.07050807568872841, 84.49999999999994316, 243.9949726619082639 ) ) ;
#1942 = CIRCLE ( 'NONE', #746, 0.5999999999999894307 ) ;
#1943 = EDGE_CURVE ( 'NONE', #933, #2079, #705, .T. ) ;
#1944 = ORIENTED_EDGE ( 'NONE', *, *, #1275, .T. ) ;
#1945 =( LENGTH_UNIT ( ) NAMED_UNIT ( * ) SI_UNIT ( .MILLI., .METRE. ) );
#1946 = DIRECTION ( 'NONE',  ( 0.000000000000000000, 1.000000000000000000, 0.000000000000000000 ) ) ;
#1947 = ORIENTED_EDGE ( 'NONE', *, *, #434, .T. ) ;
#1948 = CARTESIAN_POINT ( 'NONE',  ( 0.000000000000000000, 84.49999999999994316, 192.1999999999999886 ) ) ;
#1949 = EDGE_LOOP ( 'NONE', ( #1180, #268, #2095, #1449 ) ) ;
#1950 = LINE ( 'NONE', #1309, #1831 ) ;
#1951 = ORIENTED_EDGE ( 'NONE', *, *, #2013, .T. ) ;
#1952 = CARTESIAN_POINT ( 'NONE',  ( 49.07050807568874262, 84.49999999999994316, 245.7270234694772171 ) ) ;
#1953 = DIRECTION ( 'NONE',  ( 0.000000000000000000, 1.000000000000000000, 0.000000000000000000 ) ) ;
#1954 = DIRECTION ( 'NONE',  ( 0.000000000000000000, 0.000000000000000000, 1.000000000000000000 ) ) ;
#1955 = EDGE_CURVE ( 'NONE', #1513, #1290, #1048, .T. ) ;
#1956 = ORIENTED_EDGE ( 'NONE', *, *, #658, .T. ) ;
#1957 = DIRECTION ( 'NONE',  ( -0.000000000000000000, -1.000000000000000000, -0.000000000000000000 ) ) ;
#1958 = ORIENTED_EDGE ( 'NONE', *, *, #1927, .T. ) ;
#1959 = DIRECTION ( 'NONE',  ( -0.8660254037844395958, 3.004629197474319640E-15, -0.4999999999999986677 ) ) ;
#1960 = EDGE_LOOP ( 'NONE', ( #791, #1203, #1442, #319 ) ) ;
#1961 = DIRECTION ( 'NONE',  ( 1.000000000000000000, 0.000000000000000000, 0.000000000000000000 ) ) ;
#1962 = CARTESIAN_POINT ( 'NONE',  ( 9.504986767512764901E-17, 82.49999999999994316, 227.2196366097890632 ) ) ;
#1963 = CARTESIAN_POINT ( 'NONE',  ( -52.57050807568874262, 13.99999999999995737, 239.6648456429860801 ) ) ;
#1964 = CIRCLE ( 'NONE', #593, 2.000000000000003997 ) ;
#1965 = CARTESIAN_POINT ( 'NONE',  ( 2.107328482542164316, 13.99999999999995737, 215.8500000000000227 ) ) ;
#1966 = ORIENTED_EDGE ( 'NONE', *, *, #471, .T. ) ;
#1967 = AXIS2_PLACEMENT_3D ( 'NONE', #1045, #1532, #745 ) ;
#1968 = AXIS2_PLACEMENT_3D ( 'NONE', #306, #638, #1840 ) ;
#1969 = ADVANCED_FACE ( 'NONE', ( #1501 ), #347, .T. ) ;
#1970 = FACE_OUTER_BOUND ( 'NONE', #2106, .T. ) ;
#1971 = VECTOR ( 'NONE', #85, 1000.000000000000114 ) ;
#1972 = ORIENTED_EDGE ( 'NONE', *, *, #785, .F. ) ;
#1973 = CARTESIAN_POINT ( 'NONE',  ( -51.32050807568874973, 84.49999999999994316, 241.8299091524471862 ) ) ;
#1974 = EDGE_LOOP ( 'NONE', ( #1144, #419, #514, #1564, #429 ) ) ;
#1975 = CLOSED_SHELL ( 'NONE', ( #776, #1722, #1915, #159, #315, #739, #1300, #920, #1983, #1026, #1472, #251, #906, #1813, #1996, #1485, #516, #53, #1160, #1345, #842, #716, #1486, #997, #948, #1708, #11, #896, #501, #1131, #1776, #330, #698, #407, #1399, #101, #155, #1080, #1103, #528, #370, #1120, #588, #74, #1285, #1314, #998, #645, #1576, #1603, #545, #1993, #1374, #686, #1759, #1841, #1415, #1709, #368, #1011, #854, #580, #673, #54, #1773, #304, #1969, #1681 ) ) ;
#1976 = PLANE ( 'NONE',  #1327 ) ;
#1977 = CARTESIAN_POINT ( 'NONE',  ( -67.99999999999991473, 82.49999999999994316, 172.9401816951054798 ) ) ;
#1978 = TOROIDAL_SURFACE ( 'NONE', #1293, 2.499999999999998668, 2.000000000000000000 ) ;
#1979 = AXIS2_PLACEMENT_3D ( 'NONE', #2001, #1177, #1167 ) ;
#1980 = DIRECTION ( 'NONE',  ( 0.4999999999999990008, 0.000000000000000000, -0.8660254037844391517 ) ) ;
#1981 = CARTESIAN_POINT ( 'NONE',  ( 49.07050807568874262, 15.99999999999995914, 245.7270234694772171 ) ) ;
#1982 = ORIENTED_EDGE ( 'NONE', *, *, #130, .F. ) ;
#1983 = ADVANCED_FACE ( 'NONE', ( #1680 ), #210, .F. ) ;
#1984 = EDGE_CURVE ( 'NONE', #1790, #1091, #863, .T. ) ;
#1985 = DIRECTION ( 'NONE',  ( 0.000000000000000000, 0.000000000000000000, -1.000000000000000000 ) ) ;
#1986 = ORIENTED_EDGE ( 'NONE', *, *, #1396, .F. ) ;
#1987 = FACE_OUTER_BOUND ( 'NONE', #151, .T. ) ;
#1988 = CARTESIAN_POINT ( 'NONE',  ( -1.507328482541880676, 84.49999999999994316, 208.5499999999999545 ) ) ;
#1989 = DIRECTION ( 'NONE',  ( 0.000000000000000000, -0.000000000000000000, 1.000000000000000000 ) ) ;
#1990 = CARTESIAN_POINT ( 'NONE',  ( -51.32050807568874973, 13.99999999999995737, 244.3299091524471862 ) ) ;
#1991 = DIRECTION ( 'NONE',  ( -0.8660254037844379305, 0.000000000000000000, -0.5000000000000014433 ) ) ;
#1992 = ORIENTED_EDGE ( 'NONE', *, *, #1384, .T. ) ;
#1993 = ADVANCED_FACE ( 'NONE', ( #1373 ), #1663, .T. ) ;
#1994 = CARTESIAN_POINT ( 'NONE',  ( 4.500000000000022204, 82.49999999999994316, 152.9401816951054798 ) ) ;
#1995 = ORIENTED_EDGE ( 'NONE', *, *, #2024, .T. ) ;
#1996 = ADVANCED_FACE ( 'NONE', ( #1002 ), #1488, .F. ) ;
#1997 = DIRECTION ( 'NONE',  ( 0.000000000000000000, -1.000000000000000000, 0.000000000000000000 ) ) ;
#1998 = CYLINDRICAL_SURFACE ( 'NONE', #1736, 0.5999999999999894307 ) ;
#1999 = DIRECTION ( 'NONE',  ( -0.000000000000000000, -1.000000000000000000, -0.000000000000000000 ) ) ;
#2000 = AXIS2_PLACEMENT_3D ( 'NONE', #1377, #891, #557 ) ;
#2001 = CARTESIAN_POINT ( 'NONE',  ( -32.74999999999995737, 82.49999999999994316, 233.9949726619082924 ) ) ;
#2002 = CIRCLE ( 'NONE', #1420, 0.5999999999999894307 ) ;
#2003 = ORIENTED_EDGE ( 'NONE', *, *, #1038, .F. ) ;
#2004 = VECTOR ( 'NONE', #2036, 1000.000000000000000 ) ;
#2005 = CIRCLE ( 'NONE', #1591, 0.5999999999999894307 ) ;
#2006 = AXIS2_PLACEMENT_3D ( 'NONE', #1575, #2065, #1906 ) ;
#2007 = LINE ( 'NONE', #69, #909 ) ;
#2008 = ORIENTED_EDGE ( 'NONE', *, *, #473, .F. ) ;
#2009 = DIRECTION ( 'NONE',  ( 0.000000000000000000, 0.000000000000000000, 1.000000000000000000 ) ) ;
#2010 = AXIS2_PLACEMENT_3D ( 'NONE', #1762, #774, #1431 ) ;
#2011 = PLANE ( 'NONE',  #1016 ) ;
#2012 = COLOUR_RGB ( '',0.7921568627450980005, 0.8196078431372548767, 0.9333333333333333481 ) ;
#2013 = EDGE_CURVE ( 'NONE', #363, #965, #683, .T. ) ;
#2014 = DIRECTION ( 'NONE',  ( 0.000000000000000000, 1.000000000000000000, 0.000000000000000000 ) ) ;
#2015 = CARTESIAN_POINT ( 'NONE',  ( -51.32050807568874973, 82.49999999999994316, 241.8299091524471862 ) ) ;
#2016 = DIRECTION ( 'NONE',  ( -0.000000000000000000, -1.000000000000000000, -0.000000000000000000 ) ) ;
#2017 = VERTEX_POINT ( 'NONE', #553 ) ;
#2018 = DIRECTION ( 'NONE',  ( -0.8660254037844395958, -0.000000000000000000, -0.4999999999999986677 ) ) ;
#2019 = VERTEX_POINT ( 'NONE', #1669 ) ;
#2020 = CARTESIAN_POINT ( 'NONE',  ( 1.507328482542473091, 13.99999999999995737, 208.5499999999999545 ) ) ;
#2021 = CARTESIAN_POINT ( 'NONE',  ( -17.32050807568879947, 84.49999999999994316, 224.2999999999999261 ) ) ;
#2022 = DIRECTION ( 'NONE',  ( 0.000000000000000000, 0.000000000000000000, -1.000000000000000000 ) ) ;
#2023 = PRODUCT_DEFINITION ( 'UNKNOWN', '', #772, #2028 ) ;
#2024 = EDGE_CURVE ( 'NONE', #2086, #42, #875, .T. ) ;
#2025 = VERTEX_POINT ( 'NONE', #1702 ) ;
#2026 = DIRECTION ( 'NONE',  ( 0.000000000000000000, 0.000000000000000000, -1.000000000000000000 ) ) ;
#2027 = ORIENTED_EDGE ( 'NONE', *, *, #2115, .T. ) ;
#2028 = PRODUCT_DEFINITION_CONTEXT ( 'detailed design', #859, 'design' ) ;
#2029 = DIRECTION ( 'NONE',  ( 0.000000000000000000, 0.000000000000000000, 1.000000000000000000 ) ) ;
#2030 = DIRECTION ( 'NONE',  ( -0.5000000000000005551, 0.000000000000000000, -0.8660254037844382635 ) ) ;
#2031 = FACE_OUTER_BOUND ( 'NONE', #206, .T. ) ;
#2032 = DIRECTION ( 'NONE',  ( -0.5000000000000005551, 0.000000000000000000, -0.8660254037844382635 ) ) ;
#2033 = CARTESIAN_POINT ( 'NONE',  ( -50.07050807568875683, 82.49999999999994316, 243.9949726619082639 ) ) ;
#2034 = EDGE_LOOP ( 'NONE', ( #6, #625, #1910, #266 ) ) ;
#2035 = EDGE_CURVE ( 'NONE', #1318, #1491, #1543, .T. ) ;
#2036 = DIRECTION ( 'NONE',  ( -0.000000000000000000, -1.000000000000000000, -0.000000000000000000 ) ) ;
#2037 = AXIS2_PLACEMENT_3D ( 'NONE', #914, #1427, #935 ) ;
#2038 = ORIENTED_EDGE ( 'NONE', *, *, #1565, .F. ) ;
#2039 = CIRCLE ( 'NONE', #2069, 2.099999999999990763 ) ;
#2040 = AXIS2_PLACEMENT_3D ( 'NONE', #1845, #374, #1212 ) ;
#2041 = CARTESIAN_POINT ( 'NONE',  ( 17.32050807568877460, 13.99999999999995737, 222.1999999999999886 ) ) ;
#2042 = LINE ( 'NONE', #72, #742 ) ;
#2043 = AXIS2_PLACEMENT_3D ( 'NONE', #979, #690, #1805 ) ;
#2044 = CARTESIAN_POINT ( 'NONE',  ( 17.32050807568877460, 84.49999999999994316, 222.1999999999999886 ) ) ;
#2045 = ORIENTED_EDGE ( 'NONE', *, *, #274, .T. ) ;
#2046 = AXIS2_PLACEMENT_3D ( 'NONE', #1916, #1445, #1939 ) ;
#2047 = LINE ( 'NONE', #362, #735 ) ;
#2048 = EDGE_CURVE ( 'NONE', #773, #1761, #1799, .T. ) ;
#2049 = EDGE_CURVE ( 'NONE', #937, #1785, #1732, .T. ) ;
#2050 = VERTEX_POINT ( 'NONE', #903 ) ;
#2051 = DIRECTION ( 'NONE',  ( 1.776356839400250859E-15, 0.000000000000000000, 1.000000000000000000 ) ) ;
#2052 = DIRECTION ( 'NONE',  ( 0.8660254037844410391, -3.004629197474324373E-15, -0.4999999999999960032 ) ) ;
#2053 = AXIS2_PLACEMENT_3D ( 'NONE', #1401, #398, #2051 ) ;
#2054 = VERTEX_POINT ( 'NONE', #66 ) ;
#2055 = DIRECTION ( 'NONE',  ( -0.000000000000000000, -1.000000000000000000, -0.000000000000000000 ) ) ;
#2056 = ORIENTED_EDGE ( 'NONE', *, *, #1529, .F. ) ;
#2057 = EDGE_CURVE ( 'NONE', #302, #1422, #918, .T. ) ;
#2058 = CARTESIAN_POINT ( 'NONE',  ( -17.32050807568879947, 13.99999999999995737, 220.0999999999999375 ) ) ;
#2059 = EDGE_CURVE ( 'NONE', #1050, #344, #388, .T. ) ;
#2060 = ORIENTED_EDGE ( 'NONE', *, *, #394, .F. ) ;
#2061 = CARTESIAN_POINT ( 'NONE',  ( 4.214656965084468077, 84.49999999999994316, 212.2000000000000455 ) ) ;
#2062 = CARTESIAN_POINT ( 'NONE',  ( -4.214656965084270013, 84.49999999999994316, 212.1999999999999602 ) ) ;
#2063 = CARTESIAN_POINT ( 'NONE',  ( 2.107328482542469850, 13.99999999999995737, 208.5500000000000114 ) ) ;
#2064 = ORIENTED_EDGE ( 'NONE', *, *, #312, .T. ) ;
#2065 = DIRECTION ( 'NONE',  ( 0.000000000000000000, 1.000000000000000000, 0.000000000000000000 ) ) ;
#2066 = ORIENTED_EDGE ( 'NONE', *, *, #2057, .F. ) ;
#2067 = TOROIDAL_SURFACE ( 'NONE', #10, 2.499999999999998668, 2.000000000000000000 ) ;
#2068 = CARTESIAN_POINT ( 'NONE',  ( 31.74999999999997158, 84.49999999999994316, 235.7270234694771887 ) ) ;
#2069 = AXIS2_PLACEMENT_3D ( 'NONE', #808, #1433, #150 ) ;
#2070 = TOROIDAL_SURFACE ( 'NONE', #1899, 2.499999999999998668, 2.000000000000000000 ) ;
#2071 = ORIENTED_EDGE ( 'NONE', *, *, #2035, .T. ) ;
#2072 = DIRECTION ( 'NONE',  ( 0.000000000000000000, 0.000000000000000000, 1.000000000000000000 ) ) ;
#2073 = AXIS2_PLACEMENT_3D ( 'NONE', #1382, #1573, #1047 ) ;
#2074 = CARTESIAN_POINT ( 'NONE',  ( -2.107328482542106141, 13.99999999999995737, 215.8500000000000227 ) ) ;
#2075 = EDGE_CURVE ( 'NONE', #438, #2054, #495, .T. ) ;
#2076 = EDGE_CURVE ( 'NONE', #547, #2079, #807, .T. ) ;
#2077 = CIRCLE ( 'NONE', #498, 4.500000000000003553 ) ;
#2078 = AXIS2_PLACEMENT_3D ( 'NONE', #1174, #1666, #851 ) ;
#2079 = VERTEX_POINT ( 'NONE', #888 ) ;
#2080 = CARTESIAN_POINT ( 'NONE',  ( 2.107328482542164316, 84.49999999999994316, 215.8500000000000227 ) ) ;
#2081 = CARTESIAN_POINT ( 'NONE',  ( 1.507328482542473091, 84.49999999999994316, 208.5499999999999545 ) ) ;
#2082 = CIRCLE ( 'NONE', #233, 0.5999999999999894307 ) ;
#2083 = ORIENTED_EDGE ( 'NONE', *, *, #265, .F. ) ;
#2084 = CARTESIAN_POINT ( 'NONE',  ( 2.500000000000017764, 13.99999999999995737, 172.9401816951054798 ) ) ;
#2085 = ORIENTED_EDGE ( 'NONE', *, *, #1823, .F. ) ;
#2086 = VERTEX_POINT ( 'NONE', #96 ) ;
#2087 = DIRECTION ( 'NONE',  ( 0.000000000000000000, 0.000000000000000000, -1.000000000000000000 ) ) ;
#2088 = EDGE_CURVE ( 'NONE', #2097, #42, #1393, .T. ) ;
#2089 = EDGE_CURVE ( 'NONE', #1068, #1171, #1423, .T. ) ;
#2090 = DIRECTION ( 'NONE',  ( -0.8660254037844395958, 0.000000000000000000, 0.4999999999999983347 ) ) ;
#2091 = CARTESIAN_POINT ( 'NONE',  ( -4.214656965084106588, 84.49999999999994316, 211.5999999999997385 ) ) ;
#2092 = ORIENTED_EDGE ( 'NONE', *, *, #418, .T. ) ;
#2093 = DIRECTION ( 'NONE',  ( 0.000000000000000000, 0.000000000000000000, 1.000000000000000000 ) ) ;
#2094 = CARTESIAN_POINT ( 'NONE',  ( -67.99999999999991473, 15.99999999999995914, 172.9401816951054798 ) ) ;
#2095 = ORIENTED_EDGE ( 'NONE', *, *, #2104, .T. ) ;
#2096 = CARTESIAN_POINT ( 'NONE',  ( 17.32050807568877460, 84.49999999999994316, 222.1999999999999886 ) ) ;
#2097 = VERTEX_POINT ( 'NONE', #1744 ) ;
#2098 = PLANE ( 'NONE',  #1365 ) ;
#2099 = CIRCLE ( 'NONE', #2053, 65.49999999999988631 ) ;
#2100 = LINE ( 'NONE', #1305, #873 ) ;
#2101 = ORIENTED_EDGE ( 'NONE', *, *, #242, .F. ) ;
#2102 = CARTESIAN_POINT ( 'NONE',  ( 2.571758278209436040E-16, 84.49999999999994316, 194.2999999999999829 ) ) ;
#2103 = EDGE_LOOP ( 'NONE', ( #2129, #845, #296, #959 ) ) ;
#2104 = EDGE_CURVE ( 'NONE', #1306, #858, #1410, .T. ) ;
#2105 = DIRECTION ( 'NONE',  ( -0.000000000000000000, -1.000000000000000000, -0.000000000000000000 ) ) ;
#2106 = EDGE_LOOP ( 'NONE', ( #204, #1930, #980, #1280 ) ) ;
#2107 = SURFACE_STYLE_FILL_AREA ( #138 ) ;
#2108 = VECTOR ( 'NONE', #1020, 1000.000000000000000 ) ;
#2109 = CIRCLE ( 'NONE', #188, 2.500000000000002220 ) ;
#2110 = AXIS2_PLACEMENT_3D ( 'NONE', #51, #729, #1368 ) ;
#2111 = DIRECTION ( 'NONE',  ( 0.000000000000000000, 0.000000000000000000, 1.000000000000000000 ) ) ;
#2112 = ORIENTED_EDGE ( 'NONE', *, *, #1903, .T. ) ;
#2113 = FACE_OUTER_BOUND ( 'NONE', #1137, .T. ) ;
#2114 = EDGE_LOOP ( 'NONE', ( #526, #1324, #260, #1846 ) ) ;
#2115 = EDGE_CURVE ( 'NONE', #2, #1050, #402, .T. ) ;
#2116 = EDGE_CURVE ( 'NONE', #759, #1774, #562, .T. ) ;
#2117 = DIRECTION ( 'NONE',  ( -0.8660254037844398178, 0.000000000000000000, 0.4999999999999977796 ) ) ;
#2118 = ORIENTED_EDGE ( 'NONE', *, *, #305, .F. ) ;
#2119 = VECTOR ( 'NONE', #481, 1000.000000000000000 ) ;
#2120 = ORIENTED_EDGE ( 'NONE', *, *, #1653, .F. ) ;
#2121 = DIRECTION ( 'NONE',  ( -0.000000000000000000, -1.000000000000000000, -0.000000000000000000 ) ) ;
#2122 = CARTESIAN_POINT ( 'NONE',  ( 2.107328482542173198, 13.99999999999995737, 208.5499999999999545 ) ) ;
#2123 = CARTESIAN_POINT ( 'NONE',  ( -2.107328482541877435, 13.99999999999995737, 208.5499999999997840 ) ) ;
#2124 = AXIS2_PLACEMENT_3D ( 'NONE', #44, #1071, #1882 ) ;
#2125 = ORIENTED_EDGE ( 'NONE', *, *, #1102, .T. ) ;
#2126 = CYLINDRICAL_SURFACE ( 'NONE', #715, 2.000000000000000000 ) ;
#2127 = ORIENTED_EDGE ( 'NONE', *, *, #751, .T. ) ;
#2128 = CARTESIAN_POINT ( 'NONE',  ( -2.107328482541877435, 13.99999999999995737, 207.9499999999997897 ) ) ;
#2129 = ORIENTED_EDGE ( 'NONE', *, *, #1796, .F. ) ;
#2130 = CARTESIAN_POINT ( 'NONE',  ( -4.499999999999972466, 84.49999999999994316, 172.9401816951054798 ) ) ;
#2131 = CARTESIAN_POINT ( 'NONE',  ( 52.57050807568872841, 82.49999999999994316, 239.6648456429861653 ) ) ;
#2132 = EDGE_CURVE ( 'NONE', #480, #1489, #927, .T. ) ;
#2133 = EDGE_CURVE ( 'NONE', #299, #384, #1246, .T. ) ;
ENDSEC;
END-ISO-10303-21;
